2026-10-01 23:42:39,153 | INFO | config_sha256 74e7f3eea9027be6fe652d2becfff90871175e34f44d4bf2b8e5bffc73f3ba95
2026-10-01 23:42:39,192 | INFO | git_sha unknown | notebook task3_gan/sneha/src/task3_gan_sneha.ipynb
2026-10-01 23:42:39,193 | INFO | device cuda | NVIDIA GeForce RTX 4090 | cpu x86_64
2026-10-01 23:42:39,194 | INFO | torch 2.1.2 | cuda 12.1 | python 3.10.13 | platform Linux-6.18.33.2-microsoft-standard-WSL2-x86_64-with-glibc2.31
2026-10-01 23:42:39,196 | DEBUG | config {"batch_size": 1, "beta1": 0.5, "ckpt_every": 5, "cudnn_benchmark": true, "data_dir": "task3_gan/data", "dataset_zip": "task3_gan/data/dataset.zip", "decay_start_epoch": 200, "device": "cuda", "diffaugment": "translation,cutout", "ema": true, "ema_decay": 0.999, "epochs": 400, "eval_script": "task3_gan/eval/Part3_Evaluation_Script.ipynb", "generator": "unet256", "grad_norm_every": 100, "image_size": 256, "iters_per_epoch": 2000, "jpeg_quality": 95, "lambda_cycle": 10.0, "lambda_identity_ratio": 0.5, "list_seed": 42, "load_size": 286, "log_every": 100, "logs_dir": "reproducibility/raw_logs/sneha", "lr": 0.0002, "manifests_dir": "reproducibility/manifests", "max_epochs": 400, "member": "sneha", "n_eval_photos": 300, "n_limit": null, "n_ref_photos": 300, "n_val_photos": 300, "ndf": 64, "ngf": 64, "out_dir": "task3_gan/sneha", "photo_subset": 2000, "pool_size": 50, "run_name": "main", "sample_every": 10, "seed": 42, "select_per_direction": true, "train_photos": "all", "train_until": "2026-10-02T09:30:00-07:00", "unet_dropout": 0.0, "val_every": 10}
2026-10-01 23:42:39,244 | DEBUG | packages ["Babel==2.14.0", "Brotli==1.0.9", "Jinja2==3.1.2", "MarkupSafe==2.1.1", "PySocks==1.7.1", "PyYAML==6.0.2", "Pygments==2.15.1", "Send2Trash==1.8.2", "anyio==4.1.0", "archspec==0.2.1", "argon2-cffi-bindings==21.2.0", "argon2-cffi==23.1.0", "arrow==1.3.0", "asttokens==2.0.5", "astunparse==1.6.3", "async-lru==2.0.4", "attrs==23.1.0", "backcall==0.2.0", "beautifulsoup4==4.12.2", "bleach==6.1.0", "boltons==23.0.0", "certifi==2023.11.17", "cffi==1.16.0", "chardet==4.0.0", "charset-normalizer==2.0.4", "click==8.1.7", "cloudpickle==3.1.2", "comm==0.2.0", "conda-build==3.28.1", "conda-content-trust==0.2.0", "conda-libmamba-solver==23.7.0", "conda-package-handling==2.2.0", "conda==23.9.0", "conda_index==0.3.0", "conda_package_streaming==0.9.0", "contourpy==1.3.2", "cryptography==41.0.7", "cycler==0.12.1", "debugpy==1.8.0", "decorator==5.1.1", "defusedxml==0.7.1", "distro==1.8.0", "dnspython==2.4.2", "exceptiongroup==1.0.4", "executing==0.8.3", "expecttest==0.1.6", "fastjsonschema==2.19.0", "filelock==3.13.1", "fonttools==4.65.0", "fqdn==1.5.1", "fsspec==2023.12.2", "gmpy2==2.1.2", "hypothesis==6.92.0", "idna==3.4", "ipykernel==6.27.1", "ipython==8.15.0", "isoduration==20.11.0", "jedi==0.18.1", "joblib==1.6.0", "json5==0.9.14", "jsonpatch==1.32", "jsonpointer==2.1", "jsonschema-specifications==2023.7.1", "jsonschema==4.19.2", "jupyter-events==0.9.0", "jupyter-lsp==2.2.1", "jupyter_client==8.6.0", "jupyter_core==5.5.0", "jupyter_server==2.12.1", "jupyter_server_terminals==0.5.0", "jupyterlab==4.0.9", "jupyterlab_pygments==0.3.0", "jupyterlab_server==2.25.2", "kiwisolver==1.5.1", "libarchive-c==2.9", "libmambapy==1.5.3", "lpips==0.1.4", "matplotlib-inline==0.1.6", "matplotlib==3.9.2", "menuinst==2.0.1", "mistune==3.0.2", "mkl-fft==1.3.8", "mkl-random==1.2.4", "mkl-service==2.4.0", "more-itertools==10.1.0", "mpmath==1.3.0", "nbclient==0.9.0", "nbconvert==7.12.0", "nbformat==5.9.2", "nest-asyncio==1.5.8", "networkx==3.1", "networkx==3.2.1", "nltk==3.9.1", "notebook==7.0.6", "notebook_shim==0.2.3", "numpy==1.26.2", "overrides==7.4.0", "packaging==23.1", "pandas==2.2.2", "pandocfilters==1.5.0", "parso==0.8.3", "patsy==1.0.3", "pexpect==4.8.0", "pickleshare==0.7.5", "pillow==10.4.0", "pip==23.3.1", "pkginfo==1.9.6", "platformdirs==3.10.0", "pluggy==1.0.0", "prometheus-client==0.19.0", "prompt-toolkit==3.0.36", "psutil==5.9.0", "ptyprocess==0.7.0", "pure-eval==0.2.2", "pyOpenSSL==23.2.0", "pycosat==0.6.6", "pycparser==2.21", "pyparsing==3.3.3", "python-dateutil==2.8.2", "python-etcd==0.4.5", "python-json-logger==2.0.7", "pytz==2023.3.post1", "pyzmq==25.1.2", "referencing==0.30.2", "regex==2026.9.29", "requests==2.31.0", "rfc3339-validator==0.1.4", "rfc3986-validator==0.1.1", "rpds-py==0.10.6", "ruamel.yaml.clib==0.2.6", "ruamel.yaml==0.17.21", "scikit-learn==1.5.2", "scipy==1.13.1", "setuptools==68.2.2", "six==1.16.0", "sniffio==1.3.0", "sortedcontainers==2.4.0", "soupsieve==2.5", "stack-data==0.2.0", "statsmodels==0.14.2", "sympy==1.12", "terminado==0.18.0", "threadpoolctl==3.7.0", "tinycss2==1.2.1", "tomli==2.0.1", "toolz==0.12.0", "torch==2.1.2", "torchaudio==2.1.2", "torchelastic==0.2.2", "torchvision==0.16.2", "tornado==6.4", "tqdm==4.66.5", "traitlets==5.7.1", "triton==2.1.0", "truststore==0.8.0", "types-dataclasses==0.6.6", "types-python-dateutil==2.8.19.14", "typing_extensions==4.7.1", "typing_extensions==4.9.0", "tzdata==2026.4", "uri-template==1.3.0", "urllib3==1.26.18", "wcwidth==0.2.5", "webcolors==1.13", "webencodings==0.5.1", "websocket-client==1.7.0", "wheel==0.41.2", "zstandard==0.19.0"]
2026-10-01 23:42:39,246 | INFO | log_path reproducibility/raw_logs/sneha/task3_train_main_20261001T234239Z.log
2026-10-01 23:42:39,256 | INFO | lists sha256 {"ref_photos_300.txt": "ab71be815e374d30673ce63db15f857cf3c7fc60455bdbc476e68a642197e1e3", "eval_photos_300.txt": "ef1fa0d1527f4bc70be204d4ec95a31dd429fac9d51ad1c124bf64d403d517a6", "val_photos_300.txt": "94a060f60749ba20b129d253f1ecdac017f212d8fa5e10ea6193b0ddcb76336c", "photo_subset_2000.txt": "e664d56d4d3255e25b6f3b5904ef3044e2b51e657eba3405d697faf9de487609", "photo_train_all_6138.txt": "18f4142b5a555719eb66433d6d0d8eafb9f3915bbc2654aade19520c4f34dd39"}
2026-10-01 23:42:39,257 | INFO | schedule 400 epochs x 2000 iterations, constant lr for 200, then linear decay | auto False | train_until 2026-10-02T09:30:00-07:00 (applies: True, 16.8 h left)
2026-10-01 23:43:20,588 | INFO | training data: 300 Monet, 6138 photos | 2000 iterations/epoch | 400 epochs | generator unet256 | ema True | diffaugment 'translation,cutout' | identity weight 5.0
2026-10-01 23:43:21,572 | INFO | params {"G_A2B": 54419459, "G_B2A": 54419459, "D_A": 2766529, "D_B": 2766529} | total 114371976
2026-10-01 23:43:28,559 | INFO | iter 1 epoch 1 G 17.244 (adv 4.936 cyc 8.200 idt 4.107) D_A 2.242 D_B 1.372 gnG nan gnD nan lr 2.00e-04 129 ms nan 0
2026-10-01 23:43:34,358 | INFO | iter 100 epoch 1 G 7.583 (adv 0.845 cyc 4.597 idt 2.141) D_A 0.490 D_B 0.339 gnG 17.54 gnD 14.24 lr 2.00e-04 84 ms nan 0
2026-10-01 23:43:41,091 | INFO | iter 200 epoch 1 G 5.955 (adv 0.686 cyc 3.677 idt 1.591) D_A 0.234 D_B 0.200 gnG 21.44 gnD 11.71 lr 2.00e-04 74 ms nan 0
2026-10-01 23:43:47,343 | INFO | iter 300 epoch 1 G 4.261 (adv 0.602 cyc 2.537 idt 1.122) D_A 0.263 D_B 0.308 gnG 17.49 gnD 23.32 lr 2.00e-04 57 ms nan 0
2026-10-01 23:43:53,277 | INFO | iter 400 epoch 1 G 4.142 (adv 0.722 cyc 2.447 idt 0.974) D_A 0.189 D_B 0.168 gnG 23.89 gnD 8.66 lr 2.00e-04 64 ms nan 0
2026-10-01 23:43:59,194 | INFO | iter 500 epoch 1 G 3.995 (adv 0.814 cyc 2.235 idt 0.946) D_A 0.220 D_B 0.226 gnG 22.28 gnD 22.94 lr 2.00e-04 74 ms nan 0
2026-10-01 23:44:05,087 | INFO | iter 600 epoch 1 G 2.595 (adv 0.589 cyc 1.397 idt 0.609) D_A 0.238 D_B 0.215 gnG 15.77 gnD 17.79 lr 2.00e-04 57 ms nan 0
2026-10-01 23:44:11,724 | INFO | iter 700 epoch 1 G 4.272 (adv 0.990 cyc 2.314 idt 0.968) D_A 0.380 D_B 0.337 gnG 9.66 gnD 32.43 lr 2.00e-04 82 ms nan 0
2026-10-01 23:44:17,958 | INFO | iter 800 epoch 1 G 3.199 (adv 0.757 cyc 1.740 idt 0.701) D_A 0.242 D_B 0.242 gnG 13.61 gnD 18.23 lr 2.00e-04 62 ms nan 0
2026-10-01 23:44:23,708 | INFO | iter 900 epoch 1 G 2.938 (adv 0.705 cyc 1.576 idt 0.658) D_A 0.265 D_B 0.250 gnG 14.09 gnD 14.67 lr 2.00e-04 55 ms nan 0
2026-10-01 23:44:29,320 | INFO | iter 1000 epoch 1 G 2.975 (adv 0.958 cyc 1.411 idt 0.607) D_A 0.222 D_B 0.197 gnG 11.55 gnD 13.60 lr 2.00e-04 58 ms nan 0
2026-10-01 23:44:34,850 | INFO | iter 1100 epoch 1 G 2.919 (adv 0.719 cyc 1.528 idt 0.672) D_A 0.199 D_B 0.242 gnG 8.45 gnD 9.95 lr 2.00e-04 53 ms nan 0
2026-10-01 23:44:40,569 | INFO | iter 1200 epoch 1 G 3.337 (adv 0.244 cyc 2.183 idt 0.910) D_A 0.240 D_B 0.213 gnG 17.61 gnD 11.51 lr 2.00e-04 55 ms nan 0
2026-10-01 23:44:46,173 | INFO | iter 1300 epoch 1 G 2.789 (adv 0.881 cyc 1.332 idt 0.576) D_A 0.148 D_B 0.372 gnG 20.52 gnD 12.78 lr 2.00e-04 54 ms nan 0
2026-10-01 23:44:51,763 | INFO | iter 1400 epoch 1 G 2.821 (adv 0.836 cyc 1.426 idt 0.558) D_A 0.216 D_B 0.248 gnG 12.29 gnD 13.42 lr 2.00e-04 54 ms nan 0
2026-10-01 23:44:57,329 | INFO | iter 1500 epoch 1 G 3.055 (adv 0.753 cyc 1.592 idt 0.711) D_A 0.320 D_B 0.253 gnG 13.07 gnD 11.41 lr 2.00e-04 56 ms nan 0
2026-10-01 23:45:02,955 | INFO | iter 1600 epoch 1 G 3.176 (adv 0.675 cyc 1.791 idt 0.710) D_A 0.254 D_B 0.201 gnG 13.66 gnD 10.99 lr 2.00e-04 60 ms nan 0
2026-10-01 23:45:08,519 | INFO | iter 1700 epoch 1 G 3.682 (adv 1.374 cyc 1.668 idt 0.640) D_A 0.249 D_B 0.210 gnG 18.46 gnD 16.88 lr 2.00e-04 55 ms nan 0
2026-10-01 23:45:14,086 | INFO | iter 1800 epoch 1 G 2.974 (adv 1.257 cyc 1.242 idt 0.475) D_A 0.127 D_B 0.143 gnG 17.42 gnD 8.22 lr 2.00e-04 54 ms nan 0
2026-10-01 23:45:19,840 | INFO | iter 1900 epoch 1 G 2.738 (adv 0.400 cyc 1.621 idt 0.717) D_A 0.303 D_B 0.290 gnG 9.98 gnD 13.62 lr 2.00e-04 62 ms nan 0
2026-10-01 23:45:25,461 | INFO | iter 2000 epoch 1 G 2.307 (adv 0.605 cyc 1.189 idt 0.513) D_A 0.336 D_B 0.279 gnG 15.28 gnD 31.61 lr 2.00e-04 54 ms nan 0
2026-10-01 23:45:25,463 | INFO | epoch 1/400 {"loss_g": 3.992, "loss_g_adv": 0.7715, "loss_cycle": 2.2588, "loss_identity": 0.9617, "loss_d_a": 0.2998, "loss_d_b": 0.2924}
2026-10-01 23:45:31,094 | INFO | iter 2100 epoch 2 G 3.732 (adv 1.341 cyc 1.683 idt 0.708) D_A 0.102 D_B 0.206 gnG 11.02 gnD 11.67 lr 2.00e-04 54 ms nan 0
2026-10-01 23:45:36,574 | INFO | iter 2200 epoch 2 G 3.268 (adv 1.080 cyc 1.623 idt 0.565) D_A 0.444 D_B 0.127 gnG 15.27 gnD 25.47 lr 2.00e-04 54 ms nan 0
2026-10-01 23:45:42,191 | INFO | iter 2300 epoch 2 G 2.825 (adv 0.890 cyc 1.386 idt 0.550) D_A 0.159 D_B 0.147 gnG 11.52 gnD 15.25 lr 2.00e-04 71 ms nan 0
2026-10-01 23:45:47,846 | INFO | iter 2400 epoch 2 G 2.168 (adv 0.608 cyc 1.112 idt 0.448) D_A 0.304 D_B 0.302 gnG 15.54 gnD 12.57 lr 2.00e-04 71 ms nan 0
2026-10-01 23:45:53,618 | INFO | iter 2500 epoch 2 G 2.019 (adv 0.611 cyc 1.016 idt 0.392) D_A 0.596 D_B 0.275 gnG 11.81 gnD 12.05 lr 2.00e-04 55 ms nan 0
2026-10-01 23:45:59,190 | INFO | iter 2600 epoch 2 G 2.242 (adv 0.564 cyc 1.202 idt 0.476) D_A 0.387 D_B 0.384 gnG 16.30 gnD 18.73 lr 2.00e-04 59 ms nan 0
2026-10-01 23:46:04,626 | INFO | iter 2700 epoch 2 G 2.203 (adv 0.732 cyc 1.050 idt 0.421) D_A 0.246 D_B 0.357 gnG 23.18 gnD 15.96 lr 2.00e-04 53 ms nan 0
2026-10-01 23:46:10,188 | INFO | iter 2800 epoch 2 G 3.436 (adv 1.655 cyc 1.316 idt 0.465) D_A 0.036 D_B 0.229 gnG 15.40 gnD 14.41 lr 2.00e-04 54 ms nan 0
2026-10-01 23:46:15,639 | INFO | iter 2900 epoch 2 G 2.831 (adv 0.761 cyc 1.499 idt 0.571) D_A 0.183 D_B 0.244 gnG 11.29 gnD 24.79 lr 2.00e-04 53 ms nan 0
2026-10-01 23:46:21,212 | INFO | iter 3000 epoch 2 G 2.603 (adv 0.684 cyc 1.385 idt 0.534) D_A 0.243 D_B 0.449 gnG 14.58 gnD 15.28 lr 2.00e-04 54 ms nan 0
2026-10-01 23:46:26,641 | INFO | iter 3100 epoch 2 G 2.717 (adv 0.938 cyc 1.282 idt 0.496) D_A 0.317 D_B 0.172 gnG 7.65 gnD 30.11 lr 2.00e-04 55 ms nan 0
2026-10-01 23:46:32,309 | INFO | iter 3200 epoch 2 G 2.490 (adv 0.361 cyc 1.535 idt 0.594) D_A 0.271 D_B 0.102 gnG 12.43 gnD 14.79 lr 2.00e-04 54 ms nan 0
2026-10-01 23:46:37,848 | INFO | iter 3300 epoch 2 G 3.520 (adv 1.029 cyc 1.834 idt 0.657) D_A 0.350 D_B 0.236 gnG 22.82 gnD 25.21 lr 2.00e-04 59 ms nan 0
2026-10-01 23:46:43,362 | INFO | iter 3400 epoch 2 G 1.798 (adv 0.557 cyc 0.857 idt 0.384) D_A 0.108 D_B 0.362 gnG 12.00 gnD 15.71 lr 2.00e-04 53 ms nan 0
2026-10-01 23:46:48,976 | INFO | iter 3500 epoch 2 G 2.491 (adv 0.926 cyc 1.105 idt 0.460) D_A 0.319 D_B 0.228 gnG 13.99 gnD 21.01 lr 2.00e-04 65 ms nan 0
2026-10-01 23:46:54,589 | INFO | iter 3600 epoch 2 G 2.306 (adv 1.133 cyc 0.841 idt 0.333) D_A 0.059 D_B 0.203 gnG 14.84 gnD 17.19 lr 2.00e-04 55 ms nan 0
2026-10-01 23:47:00,194 | INFO | iter 3700 epoch 2 G 2.497 (adv 1.122 cyc 1.039 idt 0.336) D_A 0.164 D_B 0.202 gnG 13.47 gnD 18.43 lr 2.00e-04 58 ms nan 0
2026-10-01 23:47:05,703 | INFO | iter 3800 epoch 2 G 2.897 (adv 1.358 cyc 1.069 idt 0.470) D_A 0.160 D_B 0.225 gnG 8.59 gnD 25.90 lr 2.00e-04 54 ms nan 0
2026-10-01 23:47:11,284 | INFO | iter 3900 epoch 2 G 2.196 (adv 0.725 cyc 1.048 idt 0.423) D_A 0.158 D_B 0.325 gnG 11.70 gnD 32.42 lr 2.00e-04 84 ms nan 0
2026-10-01 23:47:16,834 | INFO | iter 4000 epoch 2 G 2.277 (adv 0.658 cyc 1.135 idt 0.484) D_A 0.112 D_B 0.123 gnG 11.38 gnD 14.30 lr 2.00e-04 54 ms nan 0
2026-10-01 23:47:16,835 | INFO | epoch 2/400 {"loss_g": 2.4871, "loss_g_adv": 0.8062, "loss_cycle": 1.2066, "loss_identity": 0.4743, "loss_d_a": 0.2427, "loss_d_b": 0.2485}
2026-10-01 23:47:22,464 | INFO | iter 4100 epoch 3 G 2.874 (adv 0.961 cyc 1.391 idt 0.521) D_A 0.317 D_B 0.221 gnG 13.13 gnD 22.42 lr 2.00e-04 54 ms nan 0
2026-10-01 23:47:27,908 | INFO | iter 4200 epoch 3 G 2.558 (adv 0.905 cyc 1.201 idt 0.451) D_A 0.121 D_B 0.080 gnG 14.79 gnD 8.53 lr 2.00e-04 54 ms nan 0
2026-10-01 23:47:33,427 | INFO | iter 4300 epoch 3 G 2.215 (adv 0.858 cyc 0.987 idt 0.370) D_A 0.138 D_B 0.057 gnG 13.73 gnD 6.68 lr 2.00e-04 66 ms nan 0
2026-10-01 23:47:39,068 | INFO | iter 4400 epoch 3 G 1.571 (adv 0.382 cyc 0.877 idt 0.312) D_A 0.317 D_B 0.180 gnG 14.63 gnD 16.25 lr 2.00e-04 62 ms nan 0
2026-10-01 23:47:44,590 | INFO | iter 4500 epoch 3 G 2.811 (adv 0.959 cyc 1.290 idt 0.562) D_A 0.081 D_B 0.246 gnG 8.32 gnD 21.55 lr 2.00e-04 54 ms nan 0
2026-10-01 23:47:50,154 | INFO | iter 4600 epoch 3 G 2.239 (adv 0.742 cyc 1.084 idt 0.414) D_A 0.223 D_B 0.110 gnG 15.00 gnD 18.80 lr 2.00e-04 62 ms nan 0
2026-10-01 23:47:55,658 | INFO | iter 4700 epoch 3 G 2.134 (adv 0.666 cyc 1.016 idt 0.452) D_A 0.175 D_B 0.210 gnG 11.60 gnD 13.98 lr 2.00e-04 58 ms nan 0
2026-10-01 23:48:01,308 | INFO | iter 4800 epoch 3 G 2.895 (adv 1.690 cyc 0.860 idt 0.345) D_A 0.188 D_B 0.189 gnG 17.73 gnD 14.87 lr 2.00e-04 56 ms nan 0
2026-10-01 23:48:06,798 | INFO | iter 4900 epoch 3 G 2.187 (adv 0.993 cyc 0.873 idt 0.321) D_A 0.214 D_B 0.164 gnG 20.17 gnD 8.68 lr 2.00e-04 55 ms nan 0
2026-10-01 23:48:12,391 | INFO | iter 5000 epoch 3 G 2.510 (adv 1.410 cyc 0.786 idt 0.315) D_A 0.162 D_B 0.320 gnG 10.21 gnD 18.09 lr 2.00e-04 55 ms nan 0
2026-10-01 23:48:17,889 | INFO | iter 5100 epoch 3 G 2.803 (adv 1.364 cyc 1.103 idt 0.335) D_A 0.074 D_B 0.039 gnG 15.24 gnD 13.44 lr 2.00e-04 57 ms nan 0
2026-10-01 23:48:23,582 | INFO | iter 5200 epoch 3 G 1.537 (adv 0.272 cyc 0.873 idt 0.391) D_A 0.220 D_B 0.376 gnG 8.66 gnD 20.16 lr 2.00e-04 54 ms nan 0
2026-10-01 23:48:29,120 | INFO | iter 5300 epoch 3 G 2.331 (adv 1.314 cyc 0.682 idt 0.336) D_A 0.191 D_B 0.331 gnG 11.00 gnD 25.89 lr 2.00e-04 65 ms nan 0
2026-10-01 23:48:34,976 | INFO | iter 5400 epoch 3 G 2.540 (adv 0.555 cyc 1.446 idt 0.539) D_A 0.651 D_B 0.646 gnG 18.39 gnD 15.54 lr 2.00e-04 56 ms nan 0
2026-10-01 23:48:40,614 | INFO | iter 5500 epoch 3 G 2.299 (adv 1.049 cyc 0.899 idt 0.350) D_A 0.195 D_B 0.163 gnG 16.13 gnD 18.34 lr 2.00e-04 54 ms nan 0
2026-10-01 23:48:46,086 | INFO | iter 5600 epoch 3 G 2.060 (adv 0.642 cyc 0.986 idt 0.431) D_A 0.163 D_B 0.252 gnG 9.21 gnD 12.13 lr 2.00e-04 56 ms nan 0
2026-10-01 23:48:51,727 | INFO | iter 5700 epoch 3 G 2.164 (adv 0.735 cyc 1.032 idt 0.397) D_A 0.057 D_B 0.619 gnG 19.72 gnD 12.70 lr 2.00e-04 54 ms nan 0
2026-10-01 23:48:57,254 | INFO | iter 5800 epoch 3 G 1.776 (adv 0.624 cyc 0.815 idt 0.337) D_A 0.124 D_B 0.373 gnG 9.95 gnD 22.96 lr 2.00e-04 55 ms nan 0
2026-10-01 23:49:02,923 | INFO | iter 5900 epoch 3 G 1.695 (adv 0.795 cyc 0.630 idt 0.270) D_A 0.155 D_B 0.080 gnG 10.39 gnD 4.93 lr 2.00e-04 58 ms nan 0
2026-10-01 23:49:08,389 | INFO | iter 6000 epoch 3 G 1.771 (adv 0.518 cyc 0.843 idt 0.410) D_A 0.246 D_B 0.285 gnG 7.17 gnD 13.22 lr 2.00e-04 55 ms nan 0
2026-10-01 23:49:08,390 | INFO | epoch 3/400 {"loss_g": 2.2247, "loss_g_adv": 0.8681, "loss_cycle": 0.9663, "loss_identity": 0.3903, "loss_d_a": 0.2276, "loss_d_b": 0.2324}
2026-10-01 23:49:13,911 | INFO | iter 6100 epoch 4 G 2.013 (adv 0.822 cyc 0.825 idt 0.366) D_A 0.217 D_B 0.081 gnG 10.56 gnD 21.71 lr 2.00e-04 56 ms nan 0
2026-10-01 23:49:19,439 | INFO | iter 6200 epoch 4 G 3.222 (adv 1.045 cyc 1.530 idt 0.647) D_A 0.119 D_B 0.188 gnG 12.04 gnD 15.32 lr 2.00e-04 55 ms nan 0
2026-10-01 23:49:24,898 | INFO | iter 6300 epoch 4 G 1.784 (adv 0.398 cyc 0.972 idt 0.414) D_A 0.201 D_B 0.315 gnG 11.12 gnD 18.17 lr 2.00e-04 53 ms nan 0
2026-10-01 23:49:30,369 | INFO | iter 6400 epoch 4 G 2.215 (adv 0.644 cyc 1.094 idt 0.477) D_A 0.187 D_B 0.216 gnG 8.02 gnD 16.19 lr 2.00e-04 63 ms nan 0
2026-10-01 23:49:35,892 | INFO | iter 6500 epoch 4 G 1.952 (adv 1.054 cyc 0.627 idt 0.271) D_A 0.080 D_B 0.350 gnG 13.92 gnD 16.66 lr 2.00e-04 58 ms nan 0
2026-10-01 23:49:41,526 | INFO | iter 6600 epoch 4 G 1.929 (adv 0.328 cyc 1.122 idt 0.479) D_A 0.169 D_B 0.323 gnG 10.90 gnD 17.40 lr 2.00e-04 55 ms nan 0
2026-10-01 23:49:47,282 | INFO | iter 6700 epoch 4 G 1.684 (adv 0.583 cyc 0.755 idt 0.346) D_A 0.337 D_B 0.559 gnG 10.27 gnD 26.96 lr 2.00e-04 53 ms nan 0
2026-10-01 23:49:52,943 | INFO | iter 6800 epoch 4 G 3.463 (adv 2.429 cyc 0.700 idt 0.335) D_A 0.172 D_B 0.156 gnG 18.99 gnD 15.44 lr 2.00e-04 57 ms nan 0
2026-10-01 23:49:58,421 | INFO | iter 6900 epoch 4 G 1.974 (adv 0.860 cyc 0.794 idt 0.321) D_A 0.304 D_B 0.286 gnG 16.79 gnD 10.71 lr 2.00e-04 54 ms nan 0
2026-10-01 23:50:03,964 | INFO | iter 7000 epoch 4 G 1.730 (adv 0.858 cyc 0.642 idt 0.231) D_A 0.096 D_B 0.089 gnG 8.94 gnD 7.06 lr 2.00e-04 53 ms nan 0
2026-10-01 23:50:09,653 | INFO | iter 7100 epoch 4 G 1.988 (adv 0.627 cyc 0.945 idt 0.416) D_A 0.363 D_B 0.239 gnG 12.11 gnD 11.44 lr 2.00e-04 53 ms nan 0
2026-10-01 23:50:15,222 | INFO | iter 7200 epoch 4 G 1.846 (adv 0.910 cyc 0.654 idt 0.282) D_A 0.087 D_B 0.127 gnG 14.12 gnD 9.11 lr 2.00e-04 53 ms nan 0
2026-10-01 23:50:20,762 | INFO | iter 7300 epoch 4 G 2.066 (adv 0.741 cyc 0.925 idt 0.399) D_A 0.190 D_B 0.314 gnG 18.44 gnD 20.78 lr 2.00e-04 54 ms nan 0
2026-10-01 23:50:26,315 | INFO | iter 7400 epoch 4 G 1.717 (adv 0.635 cyc 0.767 idt 0.314) D_A 0.253 D_B 0.118 gnG 14.52 gnD 14.97 lr 2.00e-04 53 ms nan 0
2026-10-01 23:50:31,888 | INFO | iter 7500 epoch 4 G 1.941 (adv 0.496 cyc 1.019 idt 0.426) D_A 0.250 D_B 0.339 gnG 13.32 gnD 7.70 lr 2.00e-04 64 ms nan 0
2026-10-01 23:50:37,426 | INFO | iter 7600 epoch 4 G 2.005 (adv 0.749 cyc 0.880 idt 0.377) D_A 0.281 D_B 0.269 gnG 12.72 gnD 20.57 lr 2.00e-04 78 ms nan 0
2026-10-01 23:50:43,123 | INFO | iter 7700 epoch 4 G 1.335 (adv 0.501 cyc 0.566 idt 0.267) D_A 0.316 D_B 0.161 gnG 13.32 gnD 10.12 lr 2.00e-04 77 ms nan 0
2026-10-01 23:50:48,751 | INFO | iter 7800 epoch 4 G 1.705 (adv 0.436 cyc 0.790 idt 0.479) D_A 0.392 D_B 0.540 gnG 10.19 gnD 23.37 lr 2.00e-04 55 ms nan 0
2026-10-01 23:50:54,626 | INFO | iter 7900 epoch 4 G 2.592 (adv 1.275 cyc 0.935 idt 0.382) D_A 0.184 D_B 0.129 gnG 14.74 gnD 12.89 lr 2.00e-04 56 ms nan 0
2026-10-01 23:51:00,620 | INFO | iter 8000 epoch 4 G 2.220 (adv 1.093 cyc 0.794 idt 0.334) D_A 0.238 D_B 0.236 gnG 24.43 gnD 17.49 lr 2.00e-04 67 ms nan 0
2026-10-01 23:51:00,621 | INFO | epoch 4/400 {"loss_g": 2.0898, "loss_g_adv": 0.904, "loss_cycle": 0.828, "loss_identity": 0.3578, "loss_d_a": 0.2119, "loss_d_b": 0.2237}
2026-10-01 23:51:06,077 | INFO | iter 8100 epoch 5 G 1.984 (adv 0.729 cyc 0.899 idt 0.357) D_A 0.252 D_B 0.036 gnG 14.40 gnD 12.34 lr 2.00e-04 57 ms nan 0
2026-10-01 23:51:11,762 | INFO | iter 8200 epoch 5 G 1.702 (adv 0.614 cyc 0.738 idt 0.350) D_A 0.337 D_B 0.288 gnG 8.13 gnD 15.30 lr 2.00e-04 55 ms nan 0
2026-10-01 23:51:17,336 | INFO | iter 8300 epoch 5 G 2.640 (adv 1.050 cyc 1.075 idt 0.515) D_A 0.353 D_B 0.364 gnG 12.87 gnD 15.55 lr 2.00e-04 57 ms nan 0
2026-10-01 23:51:23,108 | INFO | iter 8400 epoch 5 G 1.885 (adv 0.649 cyc 0.814 idt 0.422) D_A 0.300 D_B 0.149 gnG 11.06 gnD 10.28 lr 2.00e-04 56 ms nan 0
2026-10-01 23:51:28,711 | INFO | iter 8500 epoch 5 G 1.803 (adv 0.712 cyc 0.807 idt 0.284) D_A 0.238 D_B 0.061 gnG 15.67 gnD 19.32 lr 2.00e-04 54 ms nan 0
2026-10-01 23:51:34,413 | INFO | iter 8600 epoch 5 G 1.315 (adv 0.435 cyc 0.605 idt 0.276) D_A 0.221 D_B 0.244 gnG 11.25 gnD 10.99 lr 2.00e-04 59 ms nan 0
2026-10-01 23:51:39,949 | INFO | iter 8700 epoch 5 G 1.976 (adv 0.881 cyc 0.755 idt 0.341) D_A 0.259 D_B 0.127 gnG 16.27 gnD 11.34 lr 2.00e-04 54 ms nan 0
2026-10-01 23:51:45,517 | INFO | iter 8800 epoch 5 G 1.756 (adv 0.637 cyc 0.752 idt 0.367) D_A 0.204 D_B 0.223 gnG 8.93 gnD 8.77 lr 2.00e-04 57 ms nan 0
2026-10-01 23:51:51,128 | INFO | iter 8900 epoch 5 G 1.741 (adv 0.481 cyc 0.872 idt 0.388) D_A 0.344 D_B 0.249 gnG 5.94 gnD 10.84 lr 2.00e-04 61 ms nan 0
2026-10-01 23:51:56,659 | INFO | iter 9000 epoch 5 G 2.259 (adv 0.399 cyc 1.269 idt 0.591) D_A 0.287 D_B 0.487 gnG 11.00 gnD 10.16 lr 2.00e-04 60 ms nan 0
2026-10-01 23:52:02,214 | INFO | iter 9100 epoch 5 G 2.051 (adv 0.943 cyc 0.779 idt 0.329) D_A 0.341 D_B 0.179 gnG 11.66 gnD 11.48 lr 2.00e-04 57 ms nan 0
2026-10-01 23:52:07,640 | INFO | iter 9200 epoch 5 G 1.809 (adv 1.133 cyc 0.487 idt 0.188) D_A 0.121 D_B 0.168 gnG 11.40 gnD 10.94 lr 2.00e-04 53 ms nan 0
2026-10-01 23:52:13,240 | INFO | iter 9300 epoch 5 G 2.311 (adv 0.749 cyc 1.077 idt 0.485) D_A 0.291 D_B 0.277 gnG 10.57 gnD 12.20 lr 2.00e-04 55 ms nan 0
2026-10-01 23:52:18,684 | INFO | iter 9400 epoch 5 G 1.763 (adv 0.621 cyc 0.710 idt 0.432) D_A 0.328 D_B 0.288 gnG 9.32 gnD 7.32 lr 2.00e-04 56 ms nan 0
2026-10-01 23:52:24,231 | INFO | iter 9500 epoch 5 G 1.671 (adv 0.476 cyc 0.810 idt 0.384) D_A 0.268 D_B 0.174 gnG 9.48 gnD 8.86 lr 2.00e-04 55 ms nan 0
2026-10-01 23:52:29,848 | INFO | iter 9600 epoch 5 G 2.179 (adv 1.109 cyc 0.739 idt 0.331) D_A 0.063 D_B 0.064 gnG 12.23 gnD 8.03 lr 2.00e-04 53 ms nan 0
2026-10-01 23:52:35,343 | INFO | iter 9700 epoch 5 G 2.033 (adv 0.991 cyc 0.693 idt 0.349) D_A 0.135 D_B 0.324 gnG 5.44 gnD 10.32 lr 2.00e-04 55 ms nan 0
2026-10-01 23:52:41,130 | INFO | iter 9800 epoch 5 G 2.525 (adv 1.276 cyc 0.828 idt 0.421) D_A 0.210 D_B 0.353 gnG 13.16 gnD 15.52 lr 2.00e-04 54 ms nan 0
2026-10-01 23:52:46,625 | INFO | iter 9900 epoch 5 G 2.219 (adv 0.487 cyc 1.084 idt 0.648) D_A 0.331 D_B 0.489 gnG 23.89 gnD 11.11 lr 2.00e-04 59 ms nan 0
2026-10-01 23:52:52,174 | INFO | iter 10000 epoch 5 G 1.472 (adv 0.485 cyc 0.697 idt 0.290) D_A 0.237 D_B 0.271 gnG 10.73 gnD 11.54 lr 2.00e-04 58 ms nan 0
2026-10-01 23:52:52,176 | INFO | epoch 5/400 {"loss_g": 2.0197, "loss_g_adv": 0.9026, "loss_cycle": 0.7734, "loss_identity": 0.3438, "loss_d_a": 0.2121, "loss_d_b": 0.2112}
2026-10-01 23:53:04,945 | INFO | iter 10100 epoch 6 G 2.597 (adv 1.018 cyc 1.110 idt 0.469) D_A 0.102 D_B 0.082 gnG 13.13 gnD 15.43 lr 2.00e-04 54 ms nan 0
2026-10-01 23:53:10,659 | INFO | iter 10200 epoch 6 G 1.819 (adv 0.742 cyc 0.726 idt 0.350) D_A 0.094 D_B 0.064 gnG 9.72 gnD 8.06 lr 2.00e-04 54 ms nan 0
2026-10-01 23:53:16,121 | INFO | iter 10300 epoch 6 G 1.888 (adv 1.153 cyc 0.532 idt 0.202) D_A 0.051 D_B 0.071 gnG 17.58 gnD 9.07 lr 2.00e-04 54 ms nan 0
2026-10-01 23:53:22,420 | INFO | iter 10400 epoch 6 G 1.952 (adv 1.133 cyc 0.594 idt 0.225) D_A 0.209 D_B 0.060 gnG 9.90 gnD 7.58 lr 2.00e-04 55 ms nan 0
2026-10-01 23:53:27,975 | INFO | iter 10500 epoch 6 G 1.355 (adv 0.377 cyc 0.642 idt 0.335) D_A 0.406 D_B 0.131 gnG 12.80 gnD 9.50 lr 2.00e-04 61 ms nan 0
2026-10-01 23:53:33,719 | INFO | iter 10600 epoch 6 G 2.576 (adv 1.280 cyc 1.002 idt 0.294) D_A 0.192 D_B 0.153 gnG 23.92 gnD 5.84 lr 2.00e-04 60 ms nan 0
2026-10-01 23:53:39,377 | INFO | iter 10700 epoch 6 G 2.465 (adv 1.282 cyc 0.853 idt 0.330) D_A 0.425 D_B 0.153 gnG 19.52 gnD 15.44 lr 2.00e-04 92 ms nan 0
2026-10-01 23:53:45,019 | INFO | iter 10800 epoch 6 G 1.951 (adv 0.938 cyc 0.707 idt 0.306) D_A 0.083 D_B 0.112 gnG 15.41 gnD 9.52 lr 2.00e-04 81 ms nan 0
2026-10-01 23:53:50,678 | INFO | iter 10900 epoch 6 G 1.878 (adv 1.063 cyc 0.579 idt 0.236) D_A 0.104 D_B 0.222 gnG 15.23 gnD 13.79 lr 2.00e-04 54 ms nan 0
2026-10-01 23:53:56,581 | INFO | iter 11000 epoch 6 G 1.650 (adv 0.767 cyc 0.578 idt 0.305) D_A 0.116 D_B 0.034 gnG 10.40 gnD 5.41 lr 2.00e-04 56 ms nan 0
2026-10-01 23:54:02,376 | INFO | iter 11100 epoch 6 G 1.731 (adv 0.577 cyc 0.774 idt 0.379) D_A 0.207 D_B 0.280 gnG 18.59 gnD 7.00 lr 2.00e-04 57 ms nan 0
2026-10-01 23:54:08,325 | INFO | iter 11200 epoch 6 G 1.781 (adv 0.588 cyc 0.849 idt 0.343) D_A 0.217 D_B 0.219 gnG 20.14 gnD 5.82 lr 2.00e-04 73 ms nan 0
2026-10-01 23:54:14,084 | INFO | iter 11300 epoch 6 G 1.648 (adv 0.683 cyc 0.665 idt 0.299) D_A 0.299 D_B 0.334 gnG 18.19 gnD 7.73 lr 2.00e-04 54 ms nan 0
2026-10-01 23:54:19,737 | INFO | iter 11400 epoch 6 G 1.796 (adv 0.812 cyc 0.699 idt 0.284) D_A 0.241 D_B 0.245 gnG 17.22 gnD 13.53 lr 2.00e-04 54 ms nan 0
2026-10-01 23:54:26,480 | INFO | iter 11500 epoch 6 G 1.987 (adv 1.113 cyc 0.569 idt 0.305) D_A 0.090 D_B 0.080 gnG 9.96 gnD 9.21 lr 2.00e-04 70 ms nan 0
2026-10-01 23:54:32,561 | INFO | iter 11600 epoch 6 G 1.817 (adv 0.632 cyc 0.802 idt 0.383) D_A 0.240 D_B 0.204 gnG 9.40 gnD 8.20 lr 2.00e-04 57 ms nan 0
2026-10-01 23:54:38,474 | INFO | iter 11700 epoch 6 G 1.961 (adv 1.062 cyc 0.582 idt 0.316) D_A 0.066 D_B 0.187 gnG 5.80 gnD 12.26 lr 2.00e-04 55 ms nan 0
2026-10-01 23:54:44,355 | INFO | iter 11800 epoch 6 G 1.905 (adv 0.834 cyc 0.704 idt 0.366) D_A 0.238 D_B 0.293 gnG 16.10 gnD 15.21 lr 2.00e-04 56 ms nan 0
2026-10-01 23:54:50,210 | INFO | iter 11900 epoch 6 G 1.392 (adv 0.581 cyc 0.598 idt 0.213) D_A 0.234 D_B 0.060 gnG 14.71 gnD 6.33 lr 2.00e-04 60 ms nan 0
2026-10-01 23:54:56,125 | INFO | iter 12000 epoch 6 G 1.650 (adv 0.594 cyc 0.738 idt 0.318) D_A 0.188 D_B 0.167 gnG 10.67 gnD 8.13 lr 2.00e-04 57 ms nan 0
2026-10-01 23:54:56,127 | INFO | epoch 6/400 {"loss_g": 1.9593, "loss_g_adv": 0.8847, "loss_cycle": 0.7447, "loss_identity": 0.3299, "loss_d_a": 0.216, "loss_d_b": 0.1982}
2026-10-01 23:55:01,988 | INFO | iter 12100 epoch 7 G 2.377 (adv 1.482 cyc 0.624 idt 0.270) D_A 0.109 D_B 0.332 gnG 9.88 gnD 17.97 lr 2.00e-04 59 ms nan 0
2026-10-01 23:55:07,808 | INFO | iter 12200 epoch 7 G 1.617 (adv 0.749 cyc 0.597 idt 0.271) D_A 0.126 D_B 0.216 gnG 14.28 gnD 4.69 lr 2.00e-04 57 ms nan 0
2026-10-01 23:55:13,547 | INFO | iter 12300 epoch 7 G 1.456 (adv 0.720 cyc 0.493 idt 0.243) D_A 0.256 D_B 0.270 gnG 7.07 gnD 12.87 lr 2.00e-04 61 ms nan 0
2026-10-01 23:55:19,139 | INFO | iter 12400 epoch 7 G 1.726 (adv 0.882 cyc 0.553 idt 0.291) D_A 0.293 D_B 0.328 gnG 14.10 gnD 15.69 lr 2.00e-04 54 ms nan 0
2026-10-01 23:55:24,880 | INFO | iter 12500 epoch 7 G 1.367 (adv 0.594 cyc 0.569 idt 0.205) D_A 0.167 D_B 0.092 gnG 9.27 gnD 6.88 lr 2.00e-04 53 ms nan 0
2026-10-01 23:55:30,545 | INFO | iter 12600 epoch 7 G 1.450 (adv 0.379 cyc 0.725 idt 0.346) D_A 0.033 D_B 0.271 gnG 9.72 gnD 9.15 lr 2.00e-04 59 ms nan 0
2026-10-01 23:55:36,372 | INFO | iter 12700 epoch 7 G 1.185 (adv 0.325 cyc 0.540 idt 0.320) D_A 0.270 D_B 0.324 gnG 12.76 gnD 15.16 lr 2.00e-04 58 ms nan 0
2026-10-01 23:55:42,400 | INFO | iter 12800 epoch 7 G 1.828 (adv 1.027 cyc 0.592 idt 0.209) D_A 0.273 D_B 0.018 gnG 10.32 gnD 12.62 lr 2.00e-04 67 ms nan 0
2026-10-01 23:55:48,203 | INFO | iter 12900 epoch 7 G 1.786 (adv 1.028 cyc 0.542 idt 0.216) D_A 0.219 D_B 0.183 gnG 10.38 gnD 11.13 lr 2.00e-04 57 ms nan 0
2026-10-01 23:55:54,025 | INFO | iter 13000 epoch 7 G 1.819 (adv 1.016 cyc 0.528 idt 0.275) D_A 0.122 D_B 0.217 gnG 13.59 gnD 8.75 lr 2.00e-04 57 ms nan 0
2026-10-01 23:55:59,741 | INFO | iter 13100 epoch 7 G 1.679 (adv 0.862 cyc 0.532 idt 0.285) D_A 0.375 D_B 0.243 gnG 28.22 gnD 10.90 lr 2.00e-04 58 ms nan 0
2026-10-01 23:56:05,894 | INFO | iter 13200 epoch 7 G 2.156 (adv 1.178 cyc 0.673 idt 0.305) D_A 0.146 D_B 0.151 gnG 8.54 gnD 6.11 lr 2.00e-04 64 ms nan 0
2026-10-01 23:56:12,136 | INFO | iter 13300 epoch 7 G 1.885 (adv 1.104 cyc 0.535 idt 0.246) D_A 0.065 D_B 0.200 gnG 12.90 gnD 4.37 lr 2.00e-04 71 ms nan 0
2026-10-01 23:56:18,039 | INFO | iter 13400 epoch 7 G 1.972 (adv 0.874 cyc 0.752 idt 0.347) D_A 0.259 D_B 0.122 gnG 10.81 gnD 7.25 lr 2.00e-04 57 ms nan 0
2026-10-01 23:56:24,043 | INFO | iter 13500 epoch 7 G 1.811 (adv 0.512 cyc 0.896 idt 0.403) D_A 0.198 D_B 0.158 gnG 16.42 gnD 6.63 lr 2.00e-04 73 ms nan 0
2026-10-01 23:56:29,743 | INFO | iter 13600 epoch 7 G 1.632 (adv 0.889 cyc 0.479 idt 0.264) D_A 0.142 D_B 0.274 gnG 15.35 gnD 9.33 lr 2.00e-04 53 ms nan 0
2026-10-01 23:56:35,403 | INFO | iter 13700 epoch 7 G 1.492 (adv 0.652 cyc 0.656 idt 0.185) D_A 0.268 D_B 0.138 gnG 17.42 gnD 14.31 lr 2.00e-04 57 ms nan 0
2026-10-01 23:56:41,027 | INFO | iter 13800 epoch 7 G 1.682 (adv 0.558 cyc 0.820 idt 0.304) D_A 0.276 D_B 0.494 gnG 29.32 gnD 5.88 lr 2.00e-04 56 ms nan 0
2026-10-01 23:56:46,519 | INFO | iter 13900 epoch 7 G 1.819 (adv 0.925 cyc 0.634 idt 0.260) D_A 0.208 D_B 0.102 gnG 16.99 gnD 5.87 lr 2.00e-04 56 ms nan 0
2026-10-01 23:56:52,327 | INFO | iter 14000 epoch 7 G 2.491 (adv 0.726 cyc 0.905 idt 0.860) D_A 0.173 D_B 0.171 gnG 19.70 gnD 5.36 lr 2.00e-04 57 ms nan 0
2026-10-01 23:56:52,329 | INFO | epoch 7/400 {"loss_g": 1.8976, "loss_g_adv": 0.8721, "loss_cycle": 0.7115, "loss_identity": 0.3139, "loss_d_a": 0.217, "loss_d_b": 0.1966}
2026-10-01 23:56:57,844 | INFO | iter 14100 epoch 8 G 1.885 (adv 0.695 cyc 0.845 idt 0.346) D_A 0.242 D_B 0.122 gnG 23.36 gnD 7.55 lr 2.00e-04 54 ms nan 0
2026-10-01 23:57:03,358 | INFO | iter 14200 epoch 8 G 1.922 (adv 0.623 cyc 0.952 idt 0.348) D_A 0.060 D_B 0.092 gnG 13.59 gnD 15.38 lr 2.00e-04 53 ms nan 0
2026-10-01 23:57:08,876 | INFO | iter 14300 epoch 8 G 1.369 (adv 0.680 cyc 0.444 idt 0.244) D_A 0.114 D_B 0.093 gnG 9.74 gnD 4.21 lr 2.00e-04 55 ms nan 0
2026-10-01 23:57:14,448 | INFO | iter 14400 epoch 8 G 2.848 (adv 1.896 cyc 0.696 idt 0.256) D_A 0.094 D_B 0.143 gnG 14.97 gnD 6.82 lr 2.00e-04 54 ms nan 0
2026-10-01 23:57:19,921 | INFO | iter 14500 epoch 8 G 2.076 (adv 1.094 cyc 0.687 idt 0.295) D_A 0.301 D_B 0.366 gnG 10.34 gnD 9.28 lr 2.00e-04 56 ms nan 0
2026-10-01 23:57:25,473 | INFO | iter 14600 epoch 8 G 3.612 (adv 2.608 cyc 0.722 idt 0.281) D_A 0.079 D_B 0.205 gnG 17.61 gnD 15.19 lr 2.00e-04 54 ms nan 0
2026-10-01 23:57:31,041 | INFO | iter 14700 epoch 8 G 1.476 (adv 0.767 cyc 0.513 idt 0.195) D_A 0.093 D_B 0.173 gnG 12.11 gnD 12.35 lr 2.00e-04 54 ms nan 0
2026-10-01 23:57:36,541 | INFO | iter 14800 epoch 8 G 1.961 (adv 1.051 cyc 0.681 idt 0.229) D_A 0.337 D_B 0.138 gnG 13.53 gnD 10.17 lr 2.00e-04 54 ms nan 0
2026-10-01 23:57:42,272 | INFO | iter 14900 epoch 8 G 1.887 (adv 0.733 cyc 0.822 idt 0.333) D_A 0.244 D_B 0.318 gnG 16.57 gnD 11.39 lr 2.00e-04 55 ms nan 0
2026-10-01 23:57:47,712 | INFO | iter 15000 epoch 8 G 1.909 (adv 0.869 cyc 0.724 idt 0.316) D_A 0.231 D_B 0.249 gnG 12.00 gnD 4.08 lr 2.00e-04 53 ms nan 0
2026-10-01 23:57:53,284 | INFO | iter 15100 epoch 8 G 2.135 (adv 0.582 cyc 1.057 idt 0.496) D_A 0.399 D_B 0.213 gnG 6.08 gnD 8.84 lr 2.00e-04 63 ms nan 0
2026-10-01 23:57:58,724 | INFO | iter 15200 epoch 8 G 1.309 (adv 0.526 cyc 0.507 idt 0.276) D_A 0.276 D_B 0.405 gnG 15.18 gnD 15.55 lr 2.00e-04 56 ms nan 0
2026-10-01 23:58:04,365 | INFO | iter 15300 epoch 8 G 1.357 (adv 0.319 cyc 0.714 idt 0.323) D_A 0.066 D_B 0.243 gnG 13.10 gnD 6.36 lr 2.00e-04 61 ms nan 0
2026-10-01 23:58:09,879 | INFO | iter 15400 epoch 8 G 2.197 (adv 1.048 cyc 0.746 idt 0.403) D_A 0.264 D_B 0.169 gnG 10.23 gnD 6.86 lr 2.00e-04 60 ms nan 0
2026-10-01 23:58:15,424 | INFO | iter 15500 epoch 8 G 1.285 (adv 0.365 cyc 0.591 idt 0.330) D_A 0.569 D_B 0.321 gnG 8.89 gnD 12.70 lr 2.00e-04 54 ms nan 0
2026-10-01 23:58:20,917 | INFO | iter 15600 epoch 8 G 2.093 (adv 1.141 cyc 0.672 idt 0.280) D_A 0.113 D_B 0.154 gnG 10.04 gnD 7.98 lr 2.00e-04 57 ms nan 0
2026-10-01 23:58:26,405 | INFO | iter 15700 epoch 8 G 1.993 (adv 0.871 cyc 0.752 idt 0.370) D_A 0.382 D_B 0.288 gnG 9.01 gnD 14.33 lr 2.00e-04 55 ms nan 0
2026-10-01 23:58:31,879 | INFO | iter 15800 epoch 8 G 1.590 (adv 0.685 cyc 0.626 idt 0.279) D_A 0.360 D_B 0.430 gnG 16.42 gnD 5.41 lr 2.00e-04 60 ms nan 0
2026-10-01 23:58:37,362 | INFO | iter 15900 epoch 8 G 1.752 (adv 0.545 cyc 0.757 idt 0.449) D_A 0.309 D_B 0.314 gnG 12.65 gnD 10.83 lr 2.00e-04 55 ms nan 0
2026-10-01 23:58:42,889 | INFO | iter 16000 epoch 8 G 1.986 (adv 0.996 cyc 0.709 idt 0.281) D_A 0.233 D_B 0.202 gnG 18.28 gnD 8.85 lr 2.00e-04 54 ms nan 0
2026-10-01 23:58:42,890 | INFO | epoch 8/400 {"loss_g": 1.8568, "loss_g_adv": 0.838, "loss_cycle": 0.7112, "loss_identity": 0.3075, "loss_d_a": 0.2279, "loss_d_b": 0.1933}
2026-10-01 23:58:48,333 | INFO | iter 16100 epoch 9 G 1.805 (adv 0.546 cyc 0.901 idt 0.358) D_A 0.172 D_B 0.329 gnG 11.30 gnD 10.27 lr 2.00e-04 53 ms nan 0
2026-10-01 23:58:53,958 | INFO | iter 16200 epoch 9 G 2.419 (adv 1.376 cyc 0.743 idt 0.300) D_A 0.207 D_B 0.124 gnG 12.59 gnD 11.98 lr 2.00e-04 54 ms nan 0
2026-10-01 23:58:59,430 | INFO | iter 16300 epoch 9 G 2.271 (adv 1.111 cyc 0.862 idt 0.297) D_A 0.151 D_B 0.135 gnG 18.93 gnD 5.04 lr 2.00e-04 67 ms nan 0
2026-10-01 23:59:05,104 | INFO | iter 16400 epoch 9 G 1.733 (adv 0.887 cyc 0.613 idt 0.233) D_A 0.114 D_B 0.172 gnG 17.41 gnD 6.73 lr 2.00e-04 53 ms nan 0
2026-10-01 23:59:10,607 | INFO | iter 16500 epoch 9 G 2.333 (adv 1.053 cyc 0.907 idt 0.374) D_A 0.156 D_B 0.090 gnG 18.80 gnD 5.98 lr 2.00e-04 62 ms nan 0
2026-10-01 23:59:16,036 | INFO | iter 16600 epoch 9 G 1.449 (adv 0.502 cyc 0.614 idt 0.333) D_A 0.377 D_B 0.363 gnG 27.18 gnD 7.24 lr 2.00e-04 55 ms nan 0
2026-10-01 23:59:21,637 | INFO | iter 16700 epoch 9 G 1.162 (adv 0.475 cyc 0.420 idt 0.266) D_A 0.392 D_B 0.337 gnG 8.92 gnD 16.95 lr 2.00e-04 60 ms nan 0
2026-10-01 23:59:27,078 | INFO | iter 16800 epoch 9 G 2.146 (adv 0.965 cyc 0.863 idt 0.318) D_A 0.187 D_B 0.093 gnG 11.24 gnD 10.22 lr 2.00e-04 55 ms nan 0
2026-10-01 23:59:32,600 | INFO | iter 16900 epoch 9 G 1.663 (adv 0.892 cyc 0.471 idt 0.300) D_A 0.195 D_B 0.295 gnG 10.74 gnD 9.59 lr 2.00e-04 58 ms nan 0
2026-10-01 23:59:38,219 | INFO | iter 17000 epoch 9 G 1.192 (adv 0.279 cyc 0.601 idt 0.313) D_A 0.498 D_B 0.306 gnG 14.06 gnD 9.48 lr 2.00e-04 75 ms nan 0
2026-10-01 23:59:44,222 | INFO | iter 17100 epoch 9 G 1.934 (adv 1.008 cyc 0.681 idt 0.245) D_A 0.243 D_B 0.416 gnG 16.03 gnD 10.35 lr 2.00e-04 58 ms nan 0
2026-10-01 23:59:49,743 | INFO | iter 17200 epoch 9 G 1.698 (adv 0.818 cyc 0.692 idt 0.187) D_A 0.060 D_B 0.171 gnG 16.44 gnD 7.58 lr 2.00e-04 88 ms nan 0
2026-10-01 23:59:55,327 | INFO | iter 17300 epoch 9 G 1.608 (adv 0.519 cyc 0.855 idt 0.234) D_A 0.161 D_B 0.258 gnG 20.79 gnD 14.23 lr 2.00e-04 75 ms nan 0
2026-10-02 00:00:00,980 | INFO | iter 17400 epoch 9 G 1.606 (adv 0.744 cyc 0.612 idt 0.251) D_A 0.220 D_B 0.186 gnG 11.03 gnD 10.83 lr 2.00e-04 54 ms nan 0
2026-10-02 00:00:06,441 | INFO | iter 17500 epoch 9 G 1.544 (adv 0.479 cyc 0.592 idt 0.473) D_A 0.148 D_B 0.134 gnG 18.52 gnD 8.15 lr 2.00e-04 55 ms nan 0
2026-10-02 00:00:12,112 | INFO | iter 17600 epoch 9 G 1.878 (adv 0.615 cyc 0.904 idt 0.359) D_A 0.251 D_B 0.244 gnG 10.70 gnD 3.49 lr 2.00e-04 58 ms nan 0
2026-10-02 00:00:17,580 | INFO | iter 17700 epoch 9 G 1.419 (adv 0.729 cyc 0.513 idt 0.177) D_A 0.137 D_B 0.241 gnG 23.47 gnD 8.01 lr 2.00e-04 56 ms nan 0
2026-10-02 00:00:23,224 | INFO | iter 17800 epoch 9 G 1.828 (adv 0.863 cyc 0.671 idt 0.294) D_A 0.203 D_B 0.467 gnG 11.97 gnD 7.81 lr 2.00e-04 55 ms nan 0
2026-10-02 00:00:28,675 | INFO | iter 17900 epoch 9 G 1.724 (adv 0.404 cyc 0.665 idt 0.655) D_A 0.277 D_B 0.444 gnG 20.21 gnD 8.54 lr 2.00e-04 58 ms nan 0
2026-10-02 00:00:34,238 | INFO | iter 18000 epoch 9 G 1.670 (adv 0.951 cyc 0.536 idt 0.184) D_A 0.165 D_B 0.135 gnG 19.69 gnD 9.32 lr 2.00e-04 56 ms nan 0
2026-10-02 00:00:34,240 | INFO | epoch 9/400 {"loss_g": 1.83, "loss_g_adv": 0.8222, "loss_cycle": 0.7086, "loss_identity": 0.2993, "loss_d_a": 0.2225, "loss_d_b": 0.1946}
2026-10-02 00:00:39,835 | INFO | iter 18100 epoch 10 G 1.696 (adv 0.799 cyc 0.628 idt 0.269) D_A 0.088 D_B 0.154 gnG 17.37 gnD 3.81 lr 2.00e-04 60 ms nan 0
2026-10-02 00:00:45,382 | INFO | iter 18200 epoch 10 G 1.457 (adv 0.315 cyc 0.846 idt 0.297) D_A 0.170 D_B 0.318 gnG 15.63 gnD 12.77 lr 2.00e-04 54 ms nan 0
2026-10-02 00:00:50,877 | INFO | iter 18300 epoch 10 G 1.711 (adv 0.982 cyc 0.524 idt 0.205) D_A 0.308 D_B 0.116 gnG 18.29 gnD 14.31 lr 2.00e-04 53 ms nan 0
2026-10-02 00:00:56,391 | INFO | iter 18400 epoch 10 G 1.698 (adv 0.923 cyc 0.571 idt 0.204) D_A 0.439 D_B 0.128 gnG 13.73 gnD 11.41 lr 2.00e-04 56 ms nan 0
2026-10-02 00:01:01,972 | INFO | iter 18500 epoch 10 G 1.153 (adv 0.531 cyc 0.420 idt 0.202) D_A 0.098 D_B 0.355 gnG 17.77 gnD 10.16 lr 2.00e-04 55 ms nan 0
2026-10-02 00:01:07,348 | INFO | iter 18600 epoch 10 G 2.194 (adv 1.311 cyc 0.678 idt 0.206) D_A 0.317 D_B 0.147 gnG 23.16 gnD 10.27 lr 2.00e-04 54 ms nan 0
2026-10-02 00:01:12,943 | INFO | iter 18700 epoch 10 G 1.678 (adv 0.816 cyc 0.587 idt 0.275) D_A 0.302 D_B 0.196 gnG 24.59 gnD 11.54 lr 2.00e-04 55 ms nan 0
2026-10-02 00:01:18,667 | INFO | iter 18800 epoch 10 G 1.596 (adv 0.667 cyc 0.685 idt 0.244) D_A 0.083 D_B 0.102 gnG 11.30 gnD 5.53 lr 2.00e-04 58 ms nan 0
2026-10-02 00:01:24,494 | INFO | iter 18900 epoch 10 G 2.253 (adv 1.009 cyc 0.984 idt 0.260) D_A 0.100 D_B 0.102 gnG 49.35 gnD 5.11 lr 2.00e-04 54 ms nan 0
2026-10-02 00:01:30,062 | INFO | iter 19000 epoch 10 G 1.096 (adv 0.370 cyc 0.559 idt 0.166) D_A 0.128 D_B 0.294 gnG 11.01 gnD 7.60 lr 2.00e-04 58 ms nan 0
2026-10-02 00:01:35,647 | INFO | iter 19100 epoch 10 G 1.668 (adv 0.498 cyc 0.776 idt 0.394) D_A 0.184 D_B 0.165 gnG 14.66 gnD 8.98 lr 2.00e-04 53 ms nan 0
2026-10-02 00:01:41,188 | INFO | iter 19200 epoch 10 G 2.042 (adv 0.986 cyc 0.717 idt 0.339) D_A 0.189 D_B 0.277 gnG 17.02 gnD 13.89 lr 2.00e-04 54 ms nan 0
2026-10-02 00:01:46,721 | INFO | iter 19300 epoch 10 G 1.306 (adv 0.686 cyc 0.443 idt 0.177) D_A 0.156 D_B 0.135 gnG 17.72 gnD 8.25 lr 2.00e-04 54 ms nan 0
2026-10-02 00:01:52,275 | INFO | iter 19400 epoch 10 G 1.698 (adv 1.038 cyc 0.528 idt 0.132) D_A 0.127 D_B 0.288 gnG 45.37 gnD 8.07 lr 2.00e-04 55 ms nan 0
2026-10-02 00:01:57,692 | INFO | iter 19500 epoch 10 G 1.404 (adv 0.339 cyc 0.830 idt 0.235) D_A 0.209 D_B 0.185 gnG 57.56 gnD 15.72 lr 2.00e-04 55 ms nan 0
2026-10-02 00:02:03,385 | INFO | iter 19600 epoch 10 G 1.371 (adv 0.465 cyc 0.660 idt 0.246) D_A 0.129 D_B 0.269 gnG 27.49 gnD 10.93 lr 2.00e-04 54 ms nan 0
2026-10-02 00:02:08,843 | INFO | iter 19700 epoch 10 G 1.338 (adv 0.474 cyc 0.652 idt 0.212) D_A 0.095 D_B 0.101 gnG 25.67 gnD 10.39 lr 2.00e-04 54 ms nan 0
2026-10-02 00:02:14,455 | INFO | iter 19800 epoch 10 G 1.324 (adv 0.361 cyc 0.654 idt 0.308) D_A 0.199 D_B 0.247 gnG 19.97 gnD 23.69 lr 2.00e-04 59 ms nan 0
2026-10-02 00:02:20,002 | INFO | iter 19900 epoch 10 G 1.479 (adv 0.472 cyc 0.660 idt 0.347) D_A 0.224 D_B 0.642 gnG 20.70 gnD 14.57 lr 2.00e-04 65 ms nan 0
2026-10-02 00:02:25,532 | INFO | iter 20000 epoch 10 G 2.042 (adv 1.229 cyc 0.609 idt 0.204) D_A 0.062 D_B 0.131 gnG 28.13 gnD 7.66 lr 2.00e-04 54 ms nan 0
2026-10-02 00:02:25,534 | INFO | epoch 10/400 {"loss_g": 1.8388, "loss_g_adv": 0.8547, "loss_cycle": 0.6932, "loss_identity": 0.2909, "loss_d_a": 0.2039, "loss_d_b": 0.2}
2026-10-02 00:02:49,896 | INFO | validation {"epoch": 10, "val_fid_a2b": 114.90560355833011, "val_fid_b2a": 132.35120725831445, "val_fid_mean": 123.62840540832228}
2026-10-02 00:02:52,103 | INFO | best validation FID: A2B 114.906 (epoch 10), B2A 132.351 (epoch 10), mean 123.628 -> task3_gan/sneha/checkpoints/generators_best.pt
2026-10-02 00:03:06,248 | INFO | iter 20100 epoch 11 G 2.348 (adv 0.927 cyc 0.844 idt 0.576) D_A 0.093 D_B 0.412 gnG 27.56 gnD 7.77 lr 2.00e-04 57 ms nan 0
2026-10-02 00:03:11,850 | INFO | iter 20200 epoch 11 G 2.261 (adv 1.402 cyc 0.629 idt 0.230) D_A 0.081 D_B 0.040 gnG 44.18 gnD 17.54 lr 2.00e-04 55 ms nan 0
2026-10-02 00:03:17,396 | INFO | iter 20300 epoch 11 G 2.437 (adv 1.294 cyc 0.834 idt 0.309) D_A 0.165 D_B 0.129 gnG 19.73 gnD 16.95 lr 2.00e-04 57 ms nan 0
2026-10-02 00:03:23,084 | INFO | iter 20400 epoch 11 G 2.267 (adv 1.389 cyc 0.649 idt 0.229) D_A 0.226 D_B 0.142 gnG 35.54 gnD 27.65 lr 2.00e-04 62 ms nan 0
2026-10-02 00:03:28,514 | INFO | iter 20500 epoch 11 G 1.480 (adv 0.551 cyc 0.669 idt 0.259) D_A 0.248 D_B 0.200 gnG 22.89 gnD 20.37 lr 2.00e-04 57 ms nan 0
2026-10-02 00:03:34,115 | INFO | iter 20600 epoch 11 G 1.670 (adv 0.823 cyc 0.629 idt 0.218) D_A 0.190 D_B 0.279 gnG 33.49 gnD 9.45 lr 2.00e-04 60 ms nan 0
2026-10-02 00:03:39,623 | INFO | iter 20700 epoch 11 G 1.753 (adv 0.686 cyc 0.786 idt 0.282) D_A 0.394 D_B 0.232 gnG 47.37 gnD 23.20 lr 2.00e-04 91 ms nan 0
2026-10-02 00:03:45,284 | INFO | iter 20800 epoch 11 G 2.052 (adv 0.561 cyc 1.045 idt 0.446) D_A 0.348 D_B 0.255 gnG 26.22 gnD 14.27 lr 2.00e-04 54 ms nan 0
2026-10-02 00:03:50,879 | INFO | iter 20900 epoch 11 G 2.716 (adv 1.394 cyc 0.707 idt 0.615) D_A 0.324 D_B 0.327 gnG 65.61 gnD 29.50 lr 2.00e-04 55 ms nan 0
2026-10-02 00:03:56,513 | INFO | iter 21000 epoch 11 G 1.591 (adv 0.529 cyc 0.576 idt 0.485) D_A 0.538 D_B 0.434 gnG 25.65 gnD 10.24 lr 2.00e-04 56 ms nan 0
2026-10-02 00:04:02,087 | INFO | iter 21100 epoch 11 G 1.990 (adv 0.915 cyc 0.751 idt 0.324) D_A 0.292 D_B 0.250 gnG 44.12 gnD 38.71 lr 2.00e-04 54 ms nan 0
2026-10-02 00:04:07,652 | INFO | iter 21200 epoch 11 G 1.758 (adv 0.615 cyc 0.750 idt 0.394) D_A 0.086 D_B 0.335 gnG 30.78 gnD 7.20 lr 2.00e-04 55 ms nan 0
2026-10-02 00:04:13,358 | INFO | iter 21300 epoch 11 G 1.660 (adv 0.740 cyc 0.703 idt 0.217) D_A 0.214 D_B 0.084 gnG 24.84 gnD 7.79 lr 2.00e-04 63 ms nan 0
2026-10-02 00:04:18,849 | INFO | iter 21400 epoch 11 G 1.411 (adv 0.660 cyc 0.579 idt 0.172) D_A 0.064 D_B 0.211 gnG 43.05 gnD 12.99 lr 2.00e-04 57 ms nan 0
2026-10-02 00:04:24,624 | INFO | iter 21500 epoch 11 G 2.441 (adv 1.421 cyc 0.741 idt 0.278) D_A 0.186 D_B 0.087 gnG 33.34 gnD 21.30 lr 2.00e-04 56 ms nan 0
2026-10-02 00:04:30,081 | INFO | iter 21600 epoch 11 G 1.771 (adv 0.962 cyc 0.621 idt 0.187) D_A 0.295 D_B 0.115 gnG 131.04 gnD 28.74 lr 2.00e-04 55 ms nan 0
2026-10-02 00:04:35,641 | INFO | iter 21700 epoch 11 G 2.160 (adv 0.947 cyc 0.876 idt 0.338) D_A 0.198 D_B 0.216 gnG 16.54 gnD 11.12 lr 2.00e-04 62 ms nan 0
2026-10-02 00:04:41,337 | INFO | iter 21800 epoch 11 G 1.445 (adv 0.754 cyc 0.467 idt 0.224) D_A 0.161 D_B 0.313 gnG 47.68 gnD 13.81 lr 2.00e-04 55 ms nan 0
2026-10-02 00:04:46,912 | INFO | iter 21900 epoch 11 G 2.884 (adv 1.832 cyc 0.754 idt 0.299) D_A 0.036 D_B 0.109 gnG 46.17 gnD 9.29 lr 2.00e-04 55 ms nan 0
2026-10-02 00:04:52,531 | INFO | iter 22000 epoch 11 G 1.845 (adv 0.662 cyc 0.818 idt 0.365) D_A 0.281 D_B 0.177 gnG 39.73 gnD 14.22 lr 2.00e-04 58 ms nan 0
2026-10-02 00:04:52,532 | INFO | epoch 11/400 {"loss_g": 1.8666, "loss_g_adv": 0.9184, "loss_cycle": 0.6699, "loss_identity": 0.2783, "loss_d_a": 0.1842, "loss_d_b": 0.2025}
2026-10-02 00:04:57,989 | INFO | iter 22100 epoch 12 G 1.908 (adv 1.187 cyc 0.523 idt 0.198) D_A 0.270 D_B 0.087 gnG 34.69 gnD 13.65 lr 2.00e-04 54 ms nan 0
2026-10-02 00:05:03,555 | INFO | iter 22200 epoch 12 G 2.352 (adv 1.385 cyc 0.730 idt 0.237) D_A 0.046 D_B 0.155 gnG 44.81 gnD 16.49 lr 2.00e-04 56 ms nan 0
2026-10-02 00:05:08,949 | INFO | iter 22300 epoch 12 G 1.915 (adv 1.040 cyc 0.500 idt 0.375) D_A 0.132 D_B 0.425 gnG 39.81 gnD 39.02 lr 2.00e-04 55 ms nan 0
2026-10-02 00:05:14,493 | INFO | iter 22400 epoch 12 G 1.748 (adv 0.966 cyc 0.575 idt 0.207) D_A 0.048 D_B 0.217 gnG 20.45 gnD 11.64 lr 2.00e-04 57 ms nan 0
2026-10-02 00:05:20,015 | INFO | iter 22500 epoch 12 G 1.542 (adv 0.588 cyc 0.653 idt 0.301) D_A 0.302 D_B 0.157 gnG 28.99 gnD 33.34 lr 2.00e-04 64 ms nan 0
2026-10-02 00:05:25,524 | INFO | iter 22600 epoch 12 G 2.633 (adv 1.687 cyc 0.632 idt 0.314) D_A 0.120 D_B 0.295 gnG 27.49 gnD 10.52 lr 2.00e-04 55 ms nan 0
2026-10-02 00:05:31,026 | INFO | iter 22700 epoch 12 G 1.935 (adv 1.340 cyc 0.451 idt 0.144) D_A 0.290 D_B 0.064 gnG 83.69 gnD 34.50 lr 2.00e-04 53 ms nan 0
2026-10-02 00:05:36,484 | INFO | iter 22800 epoch 12 G 1.776 (adv 0.854 cyc 0.642 idt 0.280) D_A 0.065 D_B 0.222 gnG 28.40 gnD 14.99 lr 2.00e-04 56 ms nan 0
2026-10-02 00:05:41,963 | INFO | iter 22900 epoch 12 G 1.991 (adv 0.824 cyc 0.751 idt 0.415) D_A 0.190 D_B 0.159 gnG 33.49 gnD 18.84 lr 2.00e-04 66 ms nan 0
2026-10-02 00:05:47,448 | INFO | iter 23000 epoch 12 G 1.451 (adv 0.796 cyc 0.529 idt 0.126) D_A 0.106 D_B 0.145 gnG 40.71 gnD 18.14 lr 2.00e-04 62 ms nan 0
2026-10-02 00:05:53,081 | INFO | iter 23100 epoch 12 G 1.710 (adv 0.949 cyc 0.534 idt 0.227) D_A 0.084 D_B 0.221 gnG 62.59 gnD 8.48 lr 2.00e-04 55 ms nan 0
2026-10-02 00:05:58,450 | INFO | iter 23200 epoch 12 G 2.173 (adv 1.467 cyc 0.543 idt 0.163) D_A 0.202 D_B 0.094 gnG 55.89 gnD 36.82 lr 2.00e-04 54 ms nan 0
2026-10-02 00:06:04,197 | INFO | iter 23300 epoch 12 G 1.800 (adv 0.842 cyc 0.594 idt 0.364) D_A 0.081 D_B 0.338 gnG 56.78 gnD 19.70 lr 2.00e-04 55 ms nan 0
2026-10-02 00:06:09,721 | INFO | iter 23400 epoch 12 G 2.437 (adv 1.302 cyc 0.838 idt 0.297) D_A 0.271 D_B 0.048 gnG 64.09 gnD 41.43 lr 2.00e-04 67 ms nan 0
2026-10-02 00:06:15,307 | INFO | iter 23500 epoch 12 G 1.723 (adv 0.649 cyc 0.743 idt 0.331) D_A 0.133 D_B 0.089 gnG 32.43 gnD 42.49 lr 2.00e-04 54 ms nan 0
2026-10-02 00:06:20,813 | INFO | iter 23600 epoch 12 G 2.185 (adv 1.405 cyc 0.563 idt 0.216) D_A 0.014 D_B 0.072 gnG 124.83 gnD 7.48 lr 2.00e-04 63 ms nan 0
2026-10-02 00:06:26,540 | INFO | iter 23700 epoch 12 G 1.496 (adv 0.742 cyc 0.559 idt 0.195) D_A 0.144 D_B 0.114 gnG 52.45 gnD 18.87 lr 2.00e-04 58 ms nan 0
2026-10-02 00:06:32,394 | INFO | iter 23800 epoch 12 G 1.319 (adv 0.292 cyc 0.755 idt 0.272) D_A 0.204 D_B 0.311 gnG 60.89 gnD 15.50 lr 2.00e-04 54 ms nan 0
2026-10-02 00:06:38,117 | INFO | iter 23900 epoch 12 G 1.746 (adv 0.808 cyc 0.661 idt 0.278) D_A 0.037 D_B 0.219 gnG 57.97 gnD 11.91 lr 2.00e-04 55 ms nan 0
2026-10-02 00:06:43,711 | INFO | iter 24000 epoch 12 G 1.933 (adv 1.090 cyc 0.489 idt 0.354) D_A 0.308 D_B 0.171 gnG 54.69 gnD 40.40 lr 2.00e-04 55 ms nan 0
2026-10-02 00:06:43,712 | INFO | epoch 12/400 {"loss_g": 1.864, "loss_g_adv": 0.9513, "loss_cycle": 0.6478, "loss_identity": 0.2649, "loss_d_a": 0.1631, "loss_d_b": 0.2036}
2026-10-02 00:06:49,070 | INFO | iter 24100 epoch 13 G 1.975 (adv 0.792 cyc 0.864 idt 0.320) D_A 0.076 D_B 0.265 gnG 52.94 gnD 14.57 lr 2.00e-04 54 ms nan 0
2026-10-02 00:06:54,606 | INFO | iter 24200 epoch 13 G 1.633 (adv 0.620 cyc 0.738 idt 0.275) D_A 0.387 D_B 0.147 gnG 40.82 gnD 35.27 lr 2.00e-04 64 ms nan 0
2026-10-02 00:07:00,077 | INFO | iter 24300 epoch 13 G 2.441 (adv 1.530 cyc 0.697 idt 0.215) D_A 0.073 D_B 0.080 gnG 92.78 gnD 17.19 lr 2.00e-04 70 ms nan 0
2026-10-02 00:07:05,564 | INFO | iter 24400 epoch 13 G 1.092 (adv 0.469 cyc 0.422 idt 0.201) D_A 0.051 D_B 0.171 gnG 41.84 gnD 20.47 lr 2.00e-04 55 ms nan 0
2026-10-02 00:07:11,166 | INFO | iter 24500 epoch 13 G 1.653 (adv 0.914 cyc 0.572 idt 0.166) D_A 0.014 D_B 0.318 gnG 41.66 gnD 7.86 lr 2.00e-04 62 ms nan 0
2026-10-02 00:07:16,613 | INFO | iter 24600 epoch 13 G 1.667 (adv 0.825 cyc 0.656 idt 0.186) D_A 0.104 D_B 0.105 gnG 27.18 gnD 26.67 lr 2.00e-04 59 ms nan 0
2026-10-02 00:07:22,138 | INFO | iter 24700 epoch 13 G 2.621 (adv 1.298 cyc 0.924 idt 0.399) D_A 0.285 D_B 0.068 gnG 70.14 gnD 39.41 lr 2.00e-04 56 ms nan 0
2026-10-02 00:07:27,723 | INFO | iter 24800 epoch 13 G 2.144 (adv 1.372 cyc 0.526 idt 0.245) D_A 0.157 D_B 0.220 gnG 72.92 gnD 42.43 lr 2.00e-04 54 ms nan 0
2026-10-02 00:07:33,341 | INFO | iter 24900 epoch 13 G 1.482 (adv 0.518 cyc 0.683 idt 0.281) D_A 0.072 D_B 0.269 gnG 33.14 gnD 8.32 lr 2.00e-04 62 ms nan 0
2026-10-02 00:07:38,801 | INFO | iter 25000 epoch 13 G 1.359 (adv 0.512 cyc 0.620 idt 0.227) D_A 0.202 D_B 0.244 gnG 55.87 gnD 32.60 lr 2.00e-04 55 ms nan 0
2026-10-02 00:07:44,301 | INFO | iter 25100 epoch 13 G 1.163 (adv 0.484 cyc 0.524 idt 0.155) D_A 0.232 D_B 0.302 gnG 57.91 gnD 38.00 lr 2.00e-04 54 ms nan 0
2026-10-02 00:07:49,957 | INFO | iter 25200 epoch 13 G 1.947 (adv 0.946 cyc 0.794 idt 0.207) D_A 0.134 D_B 0.100 gnG 58.40 gnD 36.83 lr 2.00e-04 62 ms nan 0
2026-10-02 00:07:55,497 | INFO | iter 25300 epoch 13 G 1.615 (adv 0.822 cyc 0.607 idt 0.187) D_A 0.065 D_B 0.144 gnG 85.20 gnD 9.72 lr 2.00e-04 54 ms nan 0
2026-10-02 00:08:01,177 | INFO | iter 25400 epoch 13 G 1.554 (adv 0.736 cyc 0.631 idt 0.188) D_A 0.145 D_B 0.072 gnG 27.10 gnD 17.99 lr 2.00e-04 55 ms nan 0
2026-10-02 00:08:06,652 | INFO | iter 25500 epoch 13 G 1.624 (adv 0.651 cyc 0.698 idt 0.275) D_A 0.213 D_B 0.132 gnG 36.99 gnD 50.10 lr 2.00e-04 54 ms nan 0
2026-10-02 00:08:12,287 | INFO | iter 25600 epoch 13 G 1.794 (adv 0.925 cyc 0.642 idt 0.228) D_A 0.160 D_B 0.222 gnG 45.38 gnD 13.25 lr 2.00e-04 53 ms nan 0
2026-10-02 00:08:17,708 | INFO | iter 25700 epoch 13 G 2.393 (adv 1.707 cyc 0.419 idt 0.266) D_A 0.305 D_B 0.455 gnG 26.95 gnD 29.17 lr 2.00e-04 54 ms nan 0
2026-10-02 00:08:23,240 | INFO | iter 25800 epoch 13 G 1.698 (adv 0.810 cyc 0.640 idt 0.248) D_A 0.136 D_B 0.219 gnG 93.16 gnD 30.55 lr 2.00e-04 56 ms nan 0
2026-10-02 00:08:28,711 | INFO | iter 25900 epoch 13 G 1.706 (adv 0.861 cyc 0.648 idt 0.198) D_A 0.132 D_B 0.290 gnG 56.26 gnD 28.70 lr 2.00e-04 55 ms nan 0
2026-10-02 00:08:34,320 | INFO | iter 26000 epoch 13 G 1.833 (adv 1.048 cyc 0.586 idt 0.199) D_A 0.137 D_B 0.141 gnG 40.25 gnD 73.25 lr 2.00e-04 55 ms nan 0
2026-10-02 00:08:34,322 | INFO | epoch 13/400 {"loss_g": 1.8754, "loss_g_adv": 0.9652, "loss_cycle": 0.6478, "loss_identity": 0.2624, "loss_d_a": 0.1593, "loss_d_b": 0.2033}
2026-10-02 00:08:39,824 | INFO | iter 26100 epoch 14 G 2.046 (adv 1.096 cyc 0.688 idt 0.262) D_A 0.087 D_B 0.332 gnG 105.14 gnD 33.53 lr 2.00e-04 63 ms nan 0
2026-10-02 00:08:45,555 | INFO | iter 26200 epoch 14 G 1.923 (adv 1.016 cyc 0.662 idt 0.244) D_A 0.025 D_B 0.168 gnG 66.43 gnD 13.89 lr 2.00e-04 55 ms nan 0
2026-10-02 00:08:51,112 | INFO | iter 26300 epoch 14 G 1.733 (adv 0.926 cyc 0.559 idt 0.248) D_A 0.463 D_B 0.277 gnG 92.17 gnD 76.92 lr 2.00e-04 60 ms nan 0
2026-10-02 00:08:56,639 | INFO | iter 26400 epoch 14 G 1.638 (adv 0.364 cyc 0.600 idt 0.674) D_A 0.149 D_B 0.525 gnG 61.53 gnD 23.19 lr 2.00e-04 54 ms nan 0
2026-10-02 00:09:02,183 | INFO | iter 26500 epoch 14 G 2.142 (adv 0.573 cyc 0.849 idt 0.719) D_A 0.349 D_B 0.328 gnG 57.76 gnD 22.45 lr 2.00e-04 54 ms nan 0
2026-10-02 00:09:07,622 | INFO | iter 26600 epoch 14 G 1.867 (adv 0.715 cyc 0.807 idt 0.345) D_A 0.159 D_B 0.081 gnG 76.70 gnD 14.71 lr 2.00e-04 64 ms nan 0
2026-10-02 00:09:13,191 | INFO | iter 26700 epoch 14 G 1.319 (adv 0.194 cyc 0.800 idt 0.325) D_A 0.453 D_B 0.167 gnG 12.95 gnD 17.20 lr 2.00e-04 57 ms nan 0
2026-10-02 00:09:18,812 | INFO | iter 26800 epoch 14 G 1.314 (adv 0.220 cyc 0.816 idt 0.279) D_A 0.203 D_B 0.324 gnG 30.95 gnD 25.26 lr 2.00e-04 54 ms nan 0
2026-10-02 00:09:24,530 | INFO | iter 26900 epoch 14 G 1.376 (adv 0.638 cyc 0.548 idt 0.189) D_A 0.141 D_B 0.097 gnG 85.77 gnD 31.67 lr 2.00e-04 54 ms nan 0
2026-10-02 00:09:30,206 | INFO | iter 27000 epoch 14 G 2.540 (adv 1.741 cyc 0.608 idt 0.191) D_A 0.027 D_B 0.153 gnG 43.83 gnD 12.28 lr 2.00e-04 62 ms nan 0
2026-10-02 00:09:35,935 | INFO | iter 27100 epoch 14 G 2.102 (adv 1.110 cyc 0.726 idt 0.266) D_A 0.122 D_B 0.361 gnG 73.71 gnD 19.01 lr 2.00e-04 54 ms nan 0
2026-10-02 00:09:41,616 | INFO | iter 27200 epoch 14 G 1.675 (adv 0.742 cyc 0.656 idt 0.277) D_A 0.249 D_B 0.312 gnG 80.85 gnD 20.35 lr 2.00e-04 56 ms nan 0
2026-10-02 00:09:47,141 | INFO | iter 27300 epoch 14 G 1.318 (adv 0.645 cyc 0.491 idt 0.182) D_A 0.172 D_B 0.240 gnG 65.18 gnD 45.82 lr 2.00e-04 54 ms nan 0
2026-10-02 00:09:52,734 | INFO | iter 27400 epoch 14 G 2.332 (adv 1.382 cyc 0.702 idt 0.249) D_A 0.156 D_B 0.250 gnG 69.12 gnD 22.62 lr 2.00e-04 56 ms nan 0
2026-10-02 00:09:58,167 | INFO | iter 27500 epoch 14 G 1.898 (adv 0.936 cyc 0.703 idt 0.259) D_A 0.020 D_B 0.109 gnG 85.79 gnD 8.33 lr 2.00e-04 55 ms nan 0
2026-10-02 00:10:03,640 | INFO | iter 27600 epoch 14 G 1.886 (adv 0.946 cyc 0.675 idt 0.265) D_A 0.032 D_B 0.034 gnG 174.35 gnD 32.08 lr 2.00e-04 54 ms nan 0
2026-10-02 00:10:09,163 | INFO | iter 27700 epoch 14 G 2.345 (adv 1.704 cyc 0.499 idt 0.142) D_A 0.048 D_B 0.073 gnG 65.79 gnD 7.34 lr 2.00e-04 55 ms nan 0
2026-10-02 00:10:14,725 | INFO | iter 27800 epoch 14 G 1.152 (adv 0.368 cyc 0.612 idt 0.172) D_A 0.107 D_B 0.234 gnG 31.05 gnD 14.86 lr 2.00e-04 61 ms nan 0
2026-10-02 00:10:20,233 | INFO | iter 27900 epoch 14 G 1.987 (adv 1.154 cyc 0.559 idt 0.274) D_A 0.346 D_B 0.231 gnG 75.14 gnD 74.37 lr 2.00e-04 64 ms nan 0
2026-10-02 00:10:25,704 | INFO | iter 28000 epoch 14 G 1.887 (adv 1.176 cyc 0.537 idt 0.174) D_A 0.061 D_B 0.147 gnG 100.31 gnD 14.83 lr 2.00e-04 63 ms nan 0
2026-10-02 00:10:25,705 | INFO | epoch 14/400 {"loss_g": 1.9062, "loss_g_adv": 1.0026, "loss_cycle": 0.6444, "loss_identity": 0.2592, "loss_d_a": 0.1516, "loss_d_b": 0.1985}
2026-10-02 00:10:31,313 | INFO | iter 28100 epoch 15 G 2.619 (adv 1.772 cyc 0.595 idt 0.252) D_A 0.236 D_B 0.119 gnG 47.24 gnD 61.33 lr 2.00e-04 58 ms nan 0
2026-10-02 00:10:36,740 | INFO | iter 28200 epoch 15 G 1.628 (adv 0.935 cyc 0.515 idt 0.178) D_A 0.041 D_B 0.050 gnG 90.58 gnD 5.44 lr 2.00e-04 54 ms nan 0
2026-10-02 00:10:42,343 | INFO | iter 28300 epoch 15 G 2.367 (adv 1.396 cyc 0.673 idt 0.297) D_A 0.022 D_B 0.357 gnG 52.56 gnD 9.24 lr 2.00e-04 54 ms nan 0
2026-10-02 00:10:47,788 | INFO | iter 28400 epoch 15 G 1.608 (adv 0.639 cyc 0.744 idt 0.225) D_A 0.022 D_B 0.064 gnG 50.74 gnD 20.64 lr 2.00e-04 55 ms nan 0
2026-10-02 00:10:53,363 | INFO | iter 28500 epoch 15 G 1.706 (adv 0.965 cyc 0.517 idt 0.225) D_A 0.242 D_B 0.209 gnG 33.81 gnD 27.92 lr 2.00e-04 56 ms nan 0
2026-10-02 00:10:58,778 | INFO | iter 28600 epoch 15 G 2.029 (adv 1.100 cyc 0.696 idt 0.233) D_A 0.113 D_B 0.107 gnG 133.07 gnD 34.35 lr 2.00e-04 56 ms nan 0
2026-10-02 00:11:04,532 | INFO | iter 28700 epoch 15 G 1.775 (adv 0.611 cyc 0.830 idt 0.335) D_A 0.056 D_B 0.289 gnG 43.70 gnD 9.63 lr 2.00e-04 54 ms nan 0
2026-10-02 00:11:09,917 | INFO | iter 28800 epoch 15 G 1.822 (adv 0.955 cyc 0.611 idt 0.255) D_A 0.092 D_B 0.251 gnG 47.56 gnD 9.71 lr 2.00e-04 56 ms nan 0
2026-10-02 00:11:15,673 | INFO | iter 28900 epoch 15 G 1.933 (adv 1.241 cyc 0.502 idt 0.190) D_A 0.091 D_B 0.073 gnG 130.14 gnD 12.32 lr 2.00e-04 57 ms nan 0
2026-10-02 00:11:21,214 | INFO | iter 29000 epoch 15 G 2.142 (adv 1.435 cyc 0.553 idt 0.154) D_A 0.053 D_B 0.159 gnG 65.58 gnD 23.64 lr 2.00e-04 65 ms nan 0
2026-10-02 00:11:26,739 | INFO | iter 29100 epoch 15 G 1.750 (adv 0.777 cyc 0.696 idt 0.277) D_A 0.275 D_B 0.187 gnG 179.23 gnD 145.77 lr 2.00e-04 56 ms nan 0
2026-10-02 00:11:32,428 | INFO | iter 29200 epoch 15 G 2.252 (adv 1.334 cyc 0.712 idt 0.206) D_A 0.090 D_B 0.194 gnG 164.37 gnD 29.90 lr 2.00e-04 54 ms nan 0
2026-10-02 00:11:37,981 | INFO | iter 29300 epoch 15 G 2.726 (adv 1.955 cyc 0.563 idt 0.209) D_A 0.056 D_B 0.258 gnG 72.03 gnD 35.17 lr 2.00e-04 61 ms nan 0
2026-10-02 00:11:43,719 | INFO | iter 29400 epoch 15 G 1.503 (adv 0.929 cyc 0.433 idt 0.141) D_A 0.090 D_B 0.069 gnG 90.74 gnD 18.91 lr 2.00e-04 54 ms nan 0
2026-10-02 00:11:49,497 | INFO | iter 29500 epoch 15 G 2.497 (adv 1.375 cyc 0.846 idt 0.276) D_A 0.023 D_B 0.021 gnG 61.25 gnD 9.79 lr 2.00e-04 65 ms nan 0
2026-10-02 00:11:55,060 | INFO | iter 29600 epoch 15 G 1.761 (adv 0.840 cyc 0.728 idt 0.193) D_A 0.045 D_B 0.150 gnG 64.72 gnD 15.45 lr 2.00e-04 56 ms nan 0
2026-10-02 00:12:00,600 | INFO | iter 29700 epoch 15 G 2.163 (adv 1.527 cyc 0.506 idt 0.129) D_A 0.082 D_B 0.175 gnG 57.95 gnD 20.20 lr 2.00e-04 59 ms nan 0
2026-10-02 00:12:06,124 | INFO | iter 29800 epoch 15 G 2.139 (adv 1.170 cyc 0.726 idt 0.244) D_A 0.027 D_B 0.248 gnG 40.91 gnD 12.79 lr 2.00e-04 56 ms nan 0
2026-10-02 00:12:11,746 | INFO | iter 29900 epoch 15 G 1.918 (adv 1.218 cyc 0.503 idt 0.197) D_A 0.083 D_B 0.150 gnG 70.51 gnD 41.08 lr 2.00e-04 58 ms nan 0
2026-10-02 00:12:17,290 | INFO | iter 30000 epoch 15 G 1.677 (adv 0.880 cyc 0.575 idt 0.223) D_A 0.055 D_B 0.053 gnG 69.93 gnD 7.55 lr 2.00e-04 59 ms nan 0
2026-10-02 00:12:17,291 | INFO | epoch 15/400 {"loss_g": 1.894, "loss_g_adv": 1.0188, "loss_cycle": 0.6293, "loss_identity": 0.2458, "loss_d_a": 0.1432, "loss_d_b": 0.2023}
2026-10-02 00:12:31,355 | INFO | iter 30100 epoch 16 G 1.312 (adv 0.439 cyc 0.632 idt 0.240) D_A 0.072 D_B 0.064 gnG 92.25 gnD 6.16 lr 2.00e-04 57 ms nan 0
2026-10-02 00:12:36,962 | INFO | iter 30200 epoch 16 G 2.731 (adv 1.834 cyc 0.663 idt 0.234) D_A 0.031 D_B 0.067 gnG 31.07 gnD 27.73 lr 2.00e-04 54 ms nan 0
2026-10-02 00:12:42,601 | INFO | iter 30300 epoch 16 G 1.582 (adv 0.924 cyc 0.498 idt 0.159) D_A 0.161 D_B 0.234 gnG 107.47 gnD 60.54 lr 2.00e-04 56 ms nan 0
2026-10-02 00:12:48,141 | INFO | iter 30400 epoch 16 G 1.760 (adv 0.494 cyc 0.833 idt 0.433) D_A 0.293 D_B 0.149 gnG 107.42 gnD 14.68 lr 2.00e-04 60 ms nan 0
2026-10-02 00:12:53,704 | INFO | iter 30500 epoch 16 G 1.515 (adv 0.919 cyc 0.478 idt 0.118) D_A 0.062 D_B 0.159 gnG 180.29 gnD 30.34 lr 2.00e-04 56 ms nan 0
2026-10-02 00:12:59,116 | INFO | iter 30600 epoch 16 G 2.210 (adv 0.901 cyc 0.948 idt 0.360) D_A 0.268 D_B 0.447 gnG 110.24 gnD 39.26 lr 2.00e-04 54 ms nan 0
2026-10-02 00:13:04,733 | INFO | iter 30700 epoch 16 G 1.340 (adv 0.587 cyc 0.569 idt 0.184) D_A 0.069 D_B 0.235 gnG 104.32 gnD 12.73 lr 2.00e-04 58 ms nan 0
2026-10-02 00:13:10,418 | INFO | iter 30800 epoch 16 G 1.123 (adv 0.355 cyc 0.585 idt 0.183) D_A 0.157 D_B 0.099 gnG 96.47 gnD 35.18 lr 2.00e-04 59 ms nan 0
2026-10-02 00:13:15,899 | INFO | iter 30900 epoch 16 G 1.647 (adv 1.007 cyc 0.477 idt 0.163) D_A 0.158 D_B 0.105 gnG 124.55 gnD 40.82 lr 2.00e-04 55 ms nan 0
2026-10-02 00:13:21,572 | INFO | iter 31000 epoch 16 G 1.947 (adv 0.550 cyc 1.018 idt 0.379) D_A 0.265 D_B 0.118 gnG 60.79 gnD 20.07 lr 2.00e-04 56 ms nan 0
2026-10-02 00:13:27,096 | INFO | iter 31100 epoch 16 G 2.477 (adv 1.785 cyc 0.516 idt 0.176) D_A 0.182 D_B 0.197 gnG 35.78 gnD 64.08 lr 2.00e-04 55 ms nan 0
2026-10-02 00:13:32,616 | INFO | iter 31200 epoch 16 G 2.333 (adv 1.495 cyc 0.617 idt 0.221) D_A 0.024 D_B 0.210 gnG 48.34 gnD 22.51 lr 2.00e-04 54 ms nan 0
2026-10-02 00:13:38,113 | INFO | iter 31300 epoch 16 G 1.597 (adv 0.874 cyc 0.540 idt 0.183) D_A 0.072 D_B 0.177 gnG 20.14 gnD 30.43 lr 2.00e-04 55 ms nan 0
2026-10-02 00:13:43,722 | INFO | iter 31400 epoch 16 G 2.122 (adv 1.278 cyc 0.607 idt 0.237) D_A 0.040 D_B 0.261 gnG 59.35 gnD 21.64 lr 2.00e-04 54 ms nan 0
2026-10-02 00:13:49,405 | INFO | iter 31500 epoch 16 G 1.257 (adv 0.314 cyc 0.689 idt 0.254) D_A 0.264 D_B 0.133 gnG 96.02 gnD 56.21 lr 2.00e-04 54 ms nan 0
2026-10-02 00:13:55,109 | INFO | iter 31600 epoch 16 G 3.055 (adv 2.154 cyc 0.703 idt 0.197) D_A 0.272 D_B 0.087 gnG 34.47 gnD 54.96 lr 2.00e-04 54 ms nan 0
2026-10-02 00:14:00,636 | INFO | iter 31700 epoch 16 G 1.573 (adv 0.614 cyc 0.702 idt 0.257) D_A 0.211 D_B 0.160 gnG 80.73 gnD 87.39 lr 2.00e-04 57 ms nan 0
2026-10-02 00:14:06,302 | INFO | iter 31800 epoch 16 G 1.788 (adv 0.926 cyc 0.653 idt 0.209) D_A 0.102 D_B 0.270 gnG 38.69 gnD 55.95 lr 2.00e-04 54 ms nan 0
2026-10-02 00:14:11,938 | INFO | iter 31900 epoch 16 G 2.181 (adv 0.930 cyc 0.832 idt 0.419) D_A 0.014 D_B 0.411 gnG 122.44 gnD 19.25 lr 2.00e-04 55 ms nan 0
2026-10-02 00:14:17,402 | INFO | iter 32000 epoch 16 G 2.500 (adv 1.309 cyc 0.861 idt 0.330) D_A 0.099 D_B 0.302 gnG 46.34 gnD 127.49 lr 2.00e-04 54 ms nan 0
2026-10-02 00:14:17,403 | INFO | epoch 16/400 {"loss_g": 1.9049, "loss_g_adv": 1.0386, "loss_cycle": 0.626, "loss_identity": 0.2404, "loss_d_a": 0.1271, "loss_d_b": 0.2041}
2026-10-02 00:14:22,989 | INFO | iter 32100 epoch 17 G 2.349 (adv 1.450 cyc 0.668 idt 0.231) D_A 0.091 D_B 0.137 gnG 92.79 gnD 33.33 lr 2.00e-04 54 ms nan 0
2026-10-02 00:14:28,433 | INFO | iter 32200 epoch 17 G 2.655 (adv 1.831 cyc 0.589 idt 0.235) D_A 0.052 D_B 0.128 gnG 41.34 gnD 7.36 lr 2.00e-04 55 ms nan 0
2026-10-02 00:14:34,052 | INFO | iter 32300 epoch 17 G 1.640 (adv 0.987 cyc 0.508 idt 0.145) D_A 0.087 D_B 0.349 gnG 112.77 gnD 43.15 lr 2.00e-04 60 ms nan 0
2026-10-02 00:14:39,458 | INFO | iter 32400 epoch 17 G 1.469 (adv 0.509 cyc 0.749 idt 0.211) D_A 0.252 D_B 0.176 gnG 52.36 gnD 80.92 lr 2.00e-04 54 ms nan 0
2026-10-02 00:14:45,218 | INFO | iter 32500 epoch 17 G 1.599 (adv 0.961 cyc 0.442 idt 0.195) D_A 0.236 D_B 0.304 gnG 131.70 gnD 54.50 lr 2.00e-04 61 ms nan 0
2026-10-02 00:14:50,841 | INFO | iter 32600 epoch 17 G 1.198 (adv 0.544 cyc 0.481 idt 0.173) D_A 0.091 D_B 0.290 gnG 102.97 gnD 21.29 lr 2.00e-04 72 ms nan 0
2026-10-02 00:14:56,342 | INFO | iter 32700 epoch 17 G 1.918 (adv 1.078 cyc 0.658 idt 0.182) D_A 0.593 D_B 0.105 gnG 80.38 gnD 76.60 lr 2.00e-04 53 ms nan 0
2026-10-02 00:15:02,021 | INFO | iter 32800 epoch 17 G 0.935 (adv 0.256 cyc 0.518 idt 0.161) D_A 0.178 D_B 0.167 gnG 22.36 gnD 42.94 lr 2.00e-04 57 ms nan 0
2026-10-02 00:15:07,449 | INFO | iter 32900 epoch 17 G 1.618 (adv 0.916 cyc 0.483 idt 0.219) D_A 0.120 D_B 0.122 gnG 88.79 gnD 65.96 lr 2.00e-04 55 ms nan 0
2026-10-02 00:15:13,054 | INFO | iter 33000 epoch 17 G 2.390 (adv 1.147 cyc 0.907 idt 0.335) D_A 0.065 D_B 0.252 gnG 56.31 gnD 47.77 lr 2.00e-04 55 ms nan 0
2026-10-02 00:15:18,472 | INFO | iter 33100 epoch 17 G 1.803 (adv 0.701 cyc 0.802 idt 0.301) D_A 0.082 D_B 0.274 gnG 128.42 gnD 89.35 lr 2.00e-04 54 ms nan 0
2026-10-02 00:15:24,039 | INFO | iter 33200 epoch 17 G 2.364 (adv 1.681 cyc 0.513 idt 0.170) D_A 0.064 D_B 0.250 gnG 16.59 gnD 25.19 lr 2.00e-04 57 ms nan 0
2026-10-02 00:15:29,603 | INFO | iter 33300 epoch 17 G 2.445 (adv 1.504 cyc 0.732 idt 0.208) D_A 0.066 D_B 0.229 gnG 62.91 gnD 54.56 lr 2.00e-04 55 ms nan 0
2026-10-02 00:15:35,219 | INFO | iter 33400 epoch 17 G 1.800 (adv 0.879 cyc 0.709 idt 0.212) D_A 0.033 D_B 0.160 gnG 163.74 gnD 10.76 lr 2.00e-04 55 ms nan 0
2026-10-02 00:15:40,993 | INFO | iter 33500 epoch 17 G 2.050 (adv 1.462 cyc 0.447 idt 0.141) D_A 0.065 D_B 0.058 gnG 90.53 gnD 47.95 lr 2.00e-04 55 ms nan 0
2026-10-02 00:15:46,697 | INFO | iter 33600 epoch 17 G 2.221 (adv 1.389 cyc 0.575 idt 0.257) D_A 0.202 D_B 0.260 gnG 130.15 gnD 72.32 lr 2.00e-04 54 ms nan 0
2026-10-02 00:15:52,220 | INFO | iter 33700 epoch 17 G 2.438 (adv 1.868 cyc 0.394 idt 0.176) D_A 0.130 D_B 0.183 gnG 57.24 gnD 72.52 lr 2.00e-04 58 ms nan 0
2026-10-02 00:15:57,608 | INFO | iter 33800 epoch 17 G 2.053 (adv 1.068 cyc 0.698 idt 0.287) D_A 0.089 D_B 0.220 gnG 19.27 gnD 41.73 lr 2.00e-04 54 ms nan 0
2026-10-02 00:16:03,451 | INFO | iter 33900 epoch 17 G 2.585 (adv 0.988 cyc 0.872 idt 0.724) D_A 0.108 D_B 0.144 gnG 107.74 gnD 71.29 lr 2.00e-04 54 ms nan 0
2026-10-02 00:16:08,958 | INFO | iter 34000 epoch 17 G 2.798 (adv 1.870 cyc 0.660 idt 0.269) D_A 0.116 D_B 0.124 gnG 53.78 gnD 94.96 lr 2.00e-04 53 ms nan 0
2026-10-02 00:16:08,960 | INFO | epoch 17/400 {"loss_g": 1.9598, "loss_g_adv": 1.1009, "loss_cycle": 0.6207, "loss_identity": 0.2382, "loss_d_a": 0.1132, "loss_d_b": 0.2002}
2026-10-02 00:16:14,619 | INFO | iter 34100 epoch 18 G 3.002 (adv 2.270 cyc 0.542 idt 0.189) D_A 0.025 D_B 0.134 gnG 19.75 gnD 7.87 lr 2.00e-04 60 ms nan 0
2026-10-02 00:16:20,410 | INFO | iter 34200 epoch 18 G 1.899 (adv 0.937 cyc 0.680 idt 0.282) D_A 0.184 D_B 0.176 gnG 121.02 gnD 91.35 lr 2.00e-04 76 ms nan 0
2026-10-02 00:16:26,017 | INFO | iter 34300 epoch 18 G 1.233 (adv 0.425 cyc 0.624 idt 0.184) D_A 0.075 D_B 0.334 gnG 187.63 gnD 20.43 lr 2.00e-04 57 ms nan 0
2026-10-02 00:16:31,827 | INFO | iter 34400 epoch 18 G 1.619 (adv 0.587 cyc 0.737 idt 0.294) D_A 0.194 D_B 0.200 gnG 220.37 gnD 91.18 lr 2.00e-04 61 ms nan 0
2026-10-02 00:16:37,338 | INFO | iter 34500 epoch 18 G 1.907 (adv 1.140 cyc 0.552 idt 0.215) D_A 0.330 D_B 0.318 gnG 123.42 gnD 44.38 lr 2.00e-04 53 ms nan 0
2026-10-02 00:16:43,047 | INFO | iter 34600 epoch 18 G 1.850 (adv 0.948 cyc 0.639 idt 0.262) D_A 0.245 D_B 0.152 gnG 25.26 gnD 24.83 lr 2.00e-04 66 ms nan 0
2026-10-02 00:16:48,719 | INFO | iter 34700 epoch 18 G 1.426 (adv 0.577 cyc 0.639 idt 0.210) D_A 0.253 D_B 0.201 gnG 116.45 gnD 50.16 lr 2.00e-04 55 ms nan 0
2026-10-02 00:16:54,442 | INFO | iter 34800 epoch 18 G 2.691 (adv 1.843 cyc 0.606 idt 0.242) D_A 0.107 D_B 0.026 gnG 21.11 gnD 60.16 lr 2.00e-04 55 ms nan 0
2026-10-02 00:17:00,120 | INFO | iter 34900 epoch 18 G 2.143 (adv 1.445 cyc 0.494 idt 0.204) D_A 0.238 D_B 0.201 gnG 114.03 gnD 71.22 lr 2.00e-04 69 ms nan 0
2026-10-02 00:17:05,728 | INFO | iter 35000 epoch 18 G 2.143 (adv 1.466 cyc 0.550 idt 0.127) D_A 0.022 D_B 0.180 gnG 16.87 gnD 13.66 lr 2.00e-04 54 ms nan 0
2026-10-02 00:17:11,259 | INFO | iter 35100 epoch 18 G 2.361 (adv 1.630 cyc 0.510 idt 0.221) D_A 0.019 D_B 0.046 gnG 34.14 gnD 5.08 lr 2.00e-04 58 ms nan 0
2026-10-02 00:17:16,768 | INFO | iter 35200 epoch 18 G 1.529 (adv 0.668 cyc 0.672 idt 0.189) D_A 0.047 D_B 0.208 gnG 58.03 gnD 38.95 lr 2.00e-04 55 ms nan 0
2026-10-02 00:17:22,275 | INFO | iter 35300 epoch 18 G 1.368 (adv 0.441 cyc 0.704 idt 0.224) D_A 0.184 D_B 0.478 gnG 33.98 gnD 49.73 lr 2.00e-04 69 ms nan 0
2026-10-02 00:17:27,861 | INFO | iter 35400 epoch 18 G 1.920 (adv 1.174 cyc 0.571 idt 0.175) D_A 0.017 D_B 0.140 gnG 246.15 gnD 8.23 lr 2.00e-04 55 ms nan 0
2026-10-02 00:17:33,500 | INFO | iter 35500 epoch 18 G 2.090 (adv 1.154 cyc 0.685 idt 0.251) D_A 0.016 D_B 0.293 gnG 89.17 gnD 6.99 lr 2.00e-04 58 ms nan 0
2026-10-02 00:17:39,140 | INFO | iter 35600 epoch 18 G 2.042 (adv 1.229 cyc 0.612 idt 0.200) D_A 0.016 D_B 0.418 gnG 56.67 gnD 12.67 lr 2.00e-04 54 ms nan 0
2026-10-02 00:17:44,776 | INFO | iter 35700 epoch 18 G 2.779 (adv 1.968 cyc 0.576 idt 0.235) D_A 0.043 D_B 0.113 gnG 22.99 gnD 42.29 lr 2.00e-04 55 ms nan 0
2026-10-02 00:17:50,325 | INFO | iter 35800 epoch 18 G 2.511 (adv 1.678 cyc 0.620 idt 0.214) D_A 0.013 D_B 0.371 gnG 24.09 gnD 18.78 lr 2.00e-04 69 ms nan 0
2026-10-02 00:17:55,873 | INFO | iter 35900 epoch 18 G 2.362 (adv 1.629 cyc 0.534 idt 0.199) D_A 0.069 D_B 0.190 gnG 50.32 gnD 34.56 lr 2.00e-04 59 ms nan 0
2026-10-02 00:18:01,424 | INFO | iter 36000 epoch 18 G 2.550 (adv 1.956 cyc 0.455 idt 0.139) D_A 0.030 D_B 0.236 gnG 48.16 gnD 20.17 lr 2.00e-04 61 ms nan 0
2026-10-02 00:18:01,425 | INFO | epoch 18/400 {"loss_g": 2.0063, "loss_g_adv": 1.1542, "loss_cycle": 0.6205, "loss_identity": 0.2317, "loss_d_a": 0.1031, "loss_d_b": 0.1953}
2026-10-02 00:18:06,836 | INFO | iter 36100 epoch 19 G 1.503 (adv 0.639 cyc 0.704 idt 0.161) D_A 0.083 D_B 0.311 gnG 135.40 gnD 35.20 lr 2.00e-04 56 ms nan 0
2026-10-02 00:18:12,432 | INFO | iter 36200 epoch 19 G 2.307 (adv 1.248 cyc 0.817 idt 0.242) D_A 0.115 D_B 0.260 gnG 95.98 gnD 81.00 lr 2.00e-04 63 ms nan 0
2026-10-02 00:18:17,925 | INFO | iter 36300 epoch 19 G 2.482 (adv 1.816 cyc 0.490 idt 0.176) D_A 0.059 D_B 0.128 gnG 29.15 gnD 35.89 lr 2.00e-04 53 ms nan 0
2026-10-02 00:18:23,607 | INFO | iter 36400 epoch 19 G 1.808 (adv 1.032 cyc 0.551 idt 0.225) D_A 0.053 D_B 0.248 gnG 122.36 gnD 31.53 lr 2.00e-04 60 ms nan 0
2026-10-02 00:18:29,154 | INFO | iter 36500 epoch 19 G 2.882 (adv 1.521 cyc 1.000 idt 0.361) D_A 0.144 D_B 0.095 gnG 23.65 gnD 97.31 lr 2.00e-04 55 ms nan 0
2026-10-02 00:18:34,695 | INFO | iter 36600 epoch 19 G 2.744 (adv 1.780 cyc 0.746 idt 0.217) D_A 0.111 D_B 0.184 gnG 16.83 gnD 126.67 lr 2.00e-04 55 ms nan 0
2026-10-02 00:18:40,165 | INFO | iter 36700 epoch 19 G 2.775 (adv 1.791 cyc 0.691 idt 0.294) D_A 0.103 D_B 0.091 gnG 52.27 gnD 24.57 lr 2.00e-04 58 ms nan 0
2026-10-02 00:18:45,787 | INFO | iter 36800 epoch 19 G 2.485 (adv 1.660 cyc 0.623 idt 0.202) D_A 0.011 D_B 0.134 gnG 42.28 gnD 7.74 lr 2.00e-04 59 ms nan 0
2026-10-02 00:18:51,235 | INFO | iter 36900 epoch 19 G 1.653 (adv 0.728 cyc 0.691 idt 0.234) D_A 0.029 D_B 0.106 gnG 98.57 gnD 15.29 lr 2.00e-04 57 ms nan 0
2026-10-02 00:18:56,860 | INFO | iter 37000 epoch 19 G 2.251 (adv 1.297 cyc 0.696 idt 0.259) D_A 0.006 D_B 0.153 gnG 105.25 gnD 5.14 lr 2.00e-04 53 ms nan 0
2026-10-02 00:19:02,407 | INFO | iter 37100 epoch 19 G 2.302 (adv 1.607 cyc 0.503 idt 0.192) D_A 0.017 D_B 0.054 gnG 16.94 gnD 8.17 lr 2.00e-04 64 ms nan 0
2026-10-02 00:19:07,892 | INFO | iter 37200 epoch 19 G 2.462 (adv 1.601 cyc 0.661 idt 0.200) D_A 0.112 D_B 0.331 gnG 21.46 gnD 78.94 lr 2.00e-04 55 ms nan 0
2026-10-02 00:19:13,448 | INFO | iter 37300 epoch 19 G 2.500 (adv 1.436 cyc 0.802 idt 0.262) D_A 0.014 D_B 0.135 gnG 98.36 gnD 15.71 lr 2.00e-04 62 ms nan 0
2026-10-02 00:19:18,933 | INFO | iter 37400 epoch 19 G 2.021 (adv 1.139 cyc 0.621 idt 0.262) D_A 0.043 D_B 0.173 gnG 47.76 gnD 61.21 lr 2.00e-04 54 ms nan 0
2026-10-02 00:19:24,488 | INFO | iter 37500 epoch 19 G 2.307 (adv 1.197 cyc 0.713 idt 0.397) D_A 0.038 D_B 0.301 gnG 38.20 gnD 29.86 lr 2.00e-04 54 ms nan 0
2026-10-02 00:19:29,906 | INFO | iter 37600 epoch 19 G 2.345 (adv 1.608 cyc 0.588 idt 0.150) D_A 0.256 D_B 0.170 gnG 60.97 gnD 61.84 lr 2.00e-04 54 ms nan 0
2026-10-02 00:19:35,500 | INFO | iter 37700 epoch 19 G 2.032 (adv 1.098 cyc 0.644 idt 0.289) D_A 0.034 D_B 0.156 gnG 50.08 gnD 13.90 lr 2.00e-04 55 ms nan 0
2026-10-02 00:19:41,194 | INFO | iter 37800 epoch 19 G 1.947 (adv 1.240 cyc 0.534 idt 0.172) D_A 0.052 D_B 0.150 gnG 14.62 gnD 26.91 lr 2.00e-04 58 ms nan 0
2026-10-02 00:19:46,751 | INFO | iter 37900 epoch 19 G 2.113 (adv 1.460 cyc 0.441 idt 0.212) D_A 0.009 D_B 0.309 gnG 22.60 gnD 21.76 lr 2.00e-04 54 ms nan 0
2026-10-02 00:19:52,299 | INFO | iter 38000 epoch 19 G 2.286 (adv 1.446 cyc 0.631 idt 0.210) D_A 0.011 D_B 0.178 gnG 114.27 gnD 17.87 lr 2.00e-04 55 ms nan 0
2026-10-02 00:19:52,300 | INFO | epoch 19/400 {"loss_g": 2.0667, "loss_g_adv": 1.2239, "loss_cycle": 0.614, "loss_identity": 0.2288, "loss_d_a": 0.0829, "loss_d_b": 0.1851}
2026-10-02 00:19:57,791 | INFO | iter 38100 epoch 20 G 2.270 (adv 1.440 cyc 0.605 idt 0.226) D_A 0.393 D_B 0.117 gnG 16.30 gnD 65.29 lr 2.00e-04 59 ms nan 0
2026-10-02 00:20:03,330 | INFO | iter 38200 epoch 20 G 1.648 (adv 0.905 cyc 0.581 idt 0.162) D_A 0.069 D_B 0.148 gnG 46.89 gnD 11.98 lr 2.00e-04 54 ms nan 0
2026-10-02 00:20:08,850 | INFO | iter 38300 epoch 20 G 2.768 (adv 1.866 cyc 0.688 idt 0.215) D_A 0.028 D_B 0.065 gnG 20.88 gnD 12.94 lr 2.00e-04 54 ms nan 0
2026-10-02 00:20:14,436 | INFO | iter 38400 epoch 20 G 1.756 (adv 0.874 cyc 0.660 idt 0.221) D_A 0.008 D_B 0.126 gnG 100.29 gnD 16.61 lr 2.00e-04 56 ms nan 0
2026-10-02 00:20:19,894 | INFO | iter 38500 epoch 20 G 2.026 (adv 1.317 cyc 0.504 idt 0.205) D_A 0.022 D_B 0.165 gnG 85.62 gnD 13.87 lr 2.00e-04 57 ms nan 0
2026-10-02 00:20:25,833 | INFO | iter 38600 epoch 20 G 2.405 (adv 1.397 cyc 0.692 idt 0.316) D_A 0.022 D_B 0.085 gnG 17.88 gnD 12.38 lr 2.00e-04 57 ms nan 0
2026-10-02 00:20:31,761 | INFO | iter 38700 epoch 20 G 2.295 (adv 1.142 cyc 0.690 idt 0.464) D_A 0.038 D_B 0.176 gnG 61.69 gnD 32.53 lr 2.00e-04 59 ms nan 0
2026-10-02 00:20:37,565 | INFO | iter 38800 epoch 20 G 2.188 (adv 1.355 cyc 0.614 idt 0.218) D_A 0.102 D_B 0.091 gnG 23.46 gnD 53.95 lr 2.00e-04 67 ms nan 0
2026-10-02 00:20:43,154 | INFO | iter 38900 epoch 20 G 1.751 (adv 0.646 cyc 0.847 idt 0.258) D_A 0.049 D_B 0.204 gnG 50.92 gnD 41.59 lr 2.00e-04 56 ms nan 0
2026-10-02 00:20:48,732 | INFO | iter 39000 epoch 20 G 1.236 (adv 0.247 cyc 0.746 idt 0.243) D_A 0.243 D_B 0.238 gnG 119.46 gnD 46.96 lr 2.00e-04 55 ms nan 0
2026-10-02 00:20:54,256 | INFO | iter 39100 epoch 20 G 2.009 (adv 1.183 cyc 0.637 idt 0.189) D_A 0.038 D_B 0.574 gnG 45.40 gnD 25.03 lr 2.00e-04 55 ms nan 0
2026-10-02 00:20:59,639 | INFO | iter 39200 epoch 20 G 1.648 (adv 0.888 cyc 0.567 idt 0.192) D_A 0.090 D_B 0.145 gnG 97.93 gnD 81.65 lr 2.00e-04 54 ms nan 0
2026-10-02 00:21:05,239 | INFO | iter 39300 epoch 20 G 1.855 (adv 0.989 cyc 0.654 idt 0.212) D_A 0.022 D_B 0.246 gnG 50.62 gnD 26.21 lr 2.00e-04 60 ms nan 0
2026-10-02 00:21:10,839 | INFO | iter 39400 epoch 20 G 1.604 (adv 1.011 cyc 0.442 idt 0.152) D_A 0.028 D_B 0.102 gnG 27.10 gnD 8.42 lr 2.00e-04 57 ms nan 0
2026-10-02 00:21:16,383 | INFO | iter 39500 epoch 20 G 2.805 (adv 1.908 cyc 0.660 idt 0.238) D_A 0.013 D_B 0.116 gnG 55.28 gnD 8.40 lr 2.00e-04 57 ms nan 0
2026-10-02 00:21:21,920 | INFO | iter 39600 epoch 20 G 1.956 (adv 1.165 cyc 0.563 idt 0.228) D_A 0.112 D_B 0.039 gnG 58.21 gnD 100.96 lr 2.00e-04 54 ms nan 0
2026-10-02 00:21:27,449 | INFO | iter 39700 epoch 20 G 2.053 (adv 1.074 cyc 0.680 idt 0.300) D_A 0.419 D_B 0.256 gnG 77.57 gnD 77.02 lr 2.00e-04 56 ms nan 0
2026-10-02 00:21:33,094 | INFO | iter 39800 epoch 20 G 2.752 (adv 1.800 cyc 0.677 idt 0.275) D_A 0.087 D_B 0.268 gnG 53.95 gnD 61.34 lr 2.00e-04 59 ms nan 0
2026-10-02 00:21:38,575 | INFO | iter 39900 epoch 20 G 1.599 (adv 0.899 cyc 0.498 idt 0.202) D_A 0.085 D_B 0.136 gnG 84.22 gnD 42.40 lr 2.00e-04 58 ms nan 0
2026-10-02 00:21:44,177 | INFO | iter 40000 epoch 20 G 2.802 (adv 1.673 cyc 0.837 idt 0.292) D_A 0.088 D_B 0.115 gnG 57.91 gnD 21.87 lr 2.00e-04 60 ms nan 0
2026-10-02 00:21:44,178 | INFO | epoch 20/400 {"loss_g": 2.0623, "loss_g_adv": 1.2416, "loss_cycle": 0.5958, "loss_identity": 0.2249, "loss_d_a": 0.0846, "loss_d_b": 0.1782}
2026-10-02 00:22:06,722 | INFO | validation {"epoch": 20, "val_fid_a2b": 108.01139216186033, "val_fid_b2a": 126.86383043366249, "val_fid_mean": 117.4376112977614}
2026-10-02 00:22:09,194 | INFO | best validation FID: A2B 108.011 (epoch 20), B2A 126.864 (epoch 20), mean 117.438 -> task3_gan/sneha/checkpoints/generators_best.pt
2026-10-02 00:22:23,721 | INFO | iter 40100 epoch 21 G 1.310 (adv 0.752 cyc 0.393 idt 0.166) D_A 0.077 D_B 0.118 gnG 140.56 gnD 32.30 lr 2.00e-04 55 ms nan 0
2026-10-02 00:22:29,311 | INFO | iter 40200 epoch 21 G 2.708 (adv 1.986 cyc 0.543 idt 0.179) D_A 0.081 D_B 0.224 gnG 44.01 gnD 45.63 lr 2.00e-04 57 ms nan 0
2026-10-02 00:22:34,893 | INFO | iter 40300 epoch 21 G 2.121 (adv 1.461 cyc 0.466 idt 0.193) D_A 0.012 D_B 0.269 gnG 59.83 gnD 17.45 lr 2.00e-04 54 ms nan 0
2026-10-02 00:22:40,510 | INFO | iter 40400 epoch 21 G 2.023 (adv 1.226 cyc 0.531 idt 0.266) D_A 0.145 D_B 0.207 gnG 82.94 gnD 25.35 lr 2.00e-04 63 ms nan 0
2026-10-02 00:22:46,157 | INFO | iter 40500 epoch 21 G 3.447 (adv 2.588 cyc 0.621 idt 0.238) D_A 0.084 D_B 0.228 gnG 65.42 gnD 47.01 lr 2.00e-04 59 ms nan 0
2026-10-02 00:22:51,786 | INFO | iter 40600 epoch 21 G 2.029 (adv 1.108 cyc 0.681 idt 0.241) D_A 0.038 D_B 0.229 gnG 15.14 gnD 47.66 lr 2.00e-04 53 ms nan 0
2026-10-02 00:22:57,325 | INFO | iter 40700 epoch 21 G 2.281 (adv 1.537 cyc 0.557 idt 0.188) D_A 0.012 D_B 0.113 gnG 60.09 gnD 12.49 lr 2.00e-04 55 ms nan 0
2026-10-02 00:23:03,002 | INFO | iter 40800 epoch 21 G 2.483 (adv 1.894 cyc 0.462 idt 0.127) D_A 0.034 D_B 0.028 gnG 55.18 gnD 13.86 lr 2.00e-04 55 ms nan 0
2026-10-02 00:23:08,457 | INFO | iter 40900 epoch 21 G 2.290 (adv 1.554 cyc 0.548 idt 0.188) D_A 0.315 D_B 0.387 gnG 51.07 gnD 83.05 lr 2.00e-04 53 ms nan 0
2026-10-02 00:23:14,080 | INFO | iter 41000 epoch 21 G 2.024 (adv 1.242 cyc 0.594 idt 0.189) D_A 0.012 D_B 0.080 gnG 126.86 gnD 6.79 lr 2.00e-04 57 ms nan 0
2026-10-02 00:23:19,643 | INFO | iter 41100 epoch 21 G 2.643 (adv 1.858 cyc 0.562 idt 0.223) D_A 0.024 D_B 0.057 gnG 54.63 gnD 12.03 lr 2.00e-04 57 ms nan 0
2026-10-02 00:23:25,204 | INFO | iter 41200 epoch 21 G 2.246 (adv 1.633 cyc 0.440 idt 0.174) D_A 0.019 D_B 0.114 gnG 34.59 gnD 14.11 lr 2.00e-04 56 ms nan 0
2026-10-02 00:23:30,785 | INFO | iter 41300 epoch 21 G 2.383 (adv 1.665 cyc 0.511 idt 0.208) D_A 0.025 D_B 0.063 gnG 89.26 gnD 8.57 lr 2.00e-04 63 ms nan 0
2026-10-02 00:23:36,364 | INFO | iter 41400 epoch 21 G 2.006 (adv 1.216 cyc 0.558 idt 0.231) D_A 0.013 D_B 0.104 gnG 13.90 gnD 32.39 lr 2.00e-04 61 ms nan 0
2026-10-02 00:23:41,953 | INFO | iter 41500 epoch 21 G 2.215 (adv 1.320 cyc 0.689 idt 0.207) D_A 0.009 D_B 0.184 gnG 42.77 gnD 7.45 lr 2.00e-04 56 ms nan 0
2026-10-02 00:23:47,563 | INFO | iter 41600 epoch 21 G 1.000 (adv 0.209 cyc 0.595 idt 0.197) D_A 0.293 D_B 0.099 gnG 34.06 gnD 89.48 lr 2.00e-04 59 ms nan 0
2026-10-02 00:23:53,190 | INFO | iter 41700 epoch 21 G 1.903 (adv 1.226 cyc 0.445 idt 0.232) D_A 0.643 D_B 0.144 gnG 86.38 gnD 30.80 lr 2.00e-04 55 ms nan 0
2026-10-02 00:23:58,649 | INFO | iter 41800 epoch 21 G 2.340 (adv 1.152 cyc 0.855 idt 0.333) D_A 0.083 D_B 0.176 gnG 68.18 gnD 26.80 lr 2.00e-04 55 ms nan 0
2026-10-02 00:24:04,265 | INFO | iter 41900 epoch 21 G 1.742 (adv 1.098 cyc 0.484 idt 0.161) D_A 0.094 D_B 0.169 gnG 137.82 gnD 101.03 lr 2.00e-04 55 ms nan 0
2026-10-02 00:24:09,997 | INFO | iter 42000 epoch 21 G 1.886 (adv 1.076 cyc 0.485 idt 0.325) D_A 0.021 D_B 0.269 gnG 86.74 gnD 16.31 lr 2.00e-04 59 ms nan 0
2026-10-02 00:24:09,999 | INFO | epoch 21/400 {"loss_g": 2.1443, "loss_g_adv": 1.3284, "loss_cycle": 0.5927, "loss_identity": 0.2232, "loss_d_a": 0.0638, "loss_d_b": 0.167}
2026-10-02 00:24:15,647 | INFO | iter 42100 epoch 22 G 1.885 (adv 0.889 cyc 0.729 idt 0.267) D_A 0.030 D_B 0.079 gnG 110.61 gnD 15.87 lr 2.00e-04 57 ms nan 0
2026-10-02 00:24:21,270 | INFO | iter 42200 epoch 22 G 2.474 (adv 1.021 cyc 1.026 idt 0.427) D_A 0.081 D_B 0.085 gnG 45.87 gnD 15.84 lr 2.00e-04 56 ms nan 0
2026-10-02 00:24:26,768 | INFO | iter 42300 epoch 22 G 1.450 (adv 0.808 cyc 0.478 idt 0.163) D_A 0.070 D_B 0.237 gnG 39.23 gnD 42.61 lr 2.00e-04 55 ms nan 0
2026-10-02 00:24:32,375 | INFO | iter 42400 epoch 22 G 2.152 (adv 1.186 cyc 0.693 idt 0.272) D_A 0.017 D_B 0.208 gnG 40.95 gnD 17.24 lr 2.00e-04 57 ms nan 0
2026-10-02 00:24:37,935 | INFO | iter 42500 epoch 22 G 2.397 (adv 1.408 cyc 0.696 idt 0.294) D_A 0.085 D_B 0.122 gnG 56.44 gnD 25.09 lr 2.00e-04 56 ms nan 0
2026-10-02 00:24:43,518 | INFO | iter 42600 epoch 22 G 2.872 (adv 1.537 cyc 1.100 idt 0.235) D_A 0.015 D_B 0.147 gnG 62.50 gnD 8.03 lr 2.00e-04 56 ms nan 0
2026-10-02 00:24:49,048 | INFO | iter 42700 epoch 22 G 1.362 (adv 0.361 cyc 0.690 idt 0.311) D_A 0.123 D_B 0.057 gnG 44.15 gnD 97.31 lr 2.00e-04 54 ms nan 0
2026-10-02 00:24:54,632 | INFO | iter 42800 epoch 22 G 2.501 (adv 1.551 cyc 0.668 idt 0.282) D_A 0.036 D_B 0.084 gnG 18.38 gnD 30.10 lr 2.00e-04 63 ms nan 0
2026-10-02 00:25:00,098 | INFO | iter 42900 epoch 22 G 2.062 (adv 1.288 cyc 0.574 idt 0.200) D_A 0.008 D_B 0.095 gnG 88.15 gnD 11.73 lr 2.00e-04 63 ms nan 0
2026-10-02 00:25:05,756 | INFO | iter 43000 epoch 22 G 2.246 (adv 1.245 cyc 0.752 idt 0.249) D_A 0.047 D_B 0.388 gnG 30.95 gnD 51.34 lr 2.00e-04 54 ms nan 0
2026-10-02 00:25:11,250 | INFO | iter 43100 epoch 22 G 1.562 (adv 0.887 cyc 0.504 idt 0.171) D_A 0.007 D_B 0.086 gnG 34.11 gnD 22.03 lr 2.00e-04 55 ms nan 0
2026-10-02 00:25:16,824 | INFO | iter 43200 epoch 22 G 2.041 (adv 1.354 cyc 0.531 idt 0.156) D_A 0.128 D_B 0.149 gnG 99.90 gnD 78.29 lr 2.00e-04 55 ms nan 0
2026-10-02 00:25:22,301 | INFO | iter 43300 epoch 22 G 1.631 (adv 0.939 cyc 0.526 idt 0.166) D_A 0.036 D_B 0.041 gnG 93.30 gnD 25.62 lr 2.00e-04 54 ms nan 0
2026-10-02 00:25:27,839 | INFO | iter 43400 epoch 22 G 1.519 (adv 0.745 cyc 0.559 idt 0.215) D_A 0.163 D_B 0.189 gnG 103.66 gnD 69.62 lr 2.00e-04 54 ms nan 0
2026-10-02 00:25:33,408 | INFO | iter 43500 epoch 22 G 2.180 (adv 1.571 cyc 0.440 idt 0.169) D_A 0.015 D_B 0.088 gnG 45.04 gnD 10.21 lr 2.00e-04 60 ms nan 0
2026-10-02 00:25:38,878 | INFO | iter 43600 epoch 22 G 1.924 (adv 1.190 cyc 0.532 idt 0.201) D_A 0.019 D_B 0.073 gnG 96.72 gnD 13.33 lr 2.00e-04 54 ms nan 0
2026-10-02 00:25:44,597 | INFO | iter 43700 epoch 22 G 2.410 (adv 1.620 cyc 0.603 idt 0.187) D_A 0.078 D_B 0.186 gnG 94.52 gnD 43.04 lr 2.00e-04 56 ms nan 0
2026-10-02 00:25:50,138 | INFO | iter 43800 epoch 22 G 1.291 (adv 0.709 cyc 0.426 idt 0.156) D_A 0.017 D_B 0.153 gnG 83.44 gnD 8.38 lr 2.00e-04 56 ms nan 0
2026-10-02 00:25:55,743 | INFO | iter 43900 epoch 22 G 1.985 (adv 1.145 cyc 0.622 idt 0.217) D_A 0.008 D_B 0.402 gnG 30.37 gnD 28.73 lr 2.00e-04 54 ms nan 0
2026-10-02 00:26:01,323 | INFO | iter 44000 epoch 22 G 1.501 (adv 0.693 cyc 0.642 idt 0.165) D_A 0.213 D_B 0.150 gnG 158.25 gnD 83.79 lr 2.00e-04 56 ms nan 0
2026-10-02 00:26:01,324 | INFO | epoch 22/400 {"loss_g": 2.1654, "loss_g_adv": 1.3624, "loss_cycle": 0.5848, "loss_identity": 0.2183, "loss_d_a": 0.0576, "loss_d_b": 0.1636}
2026-10-02 00:26:06,920 | INFO | iter 44100 epoch 23 G 2.229 (adv 1.424 cyc 0.605 idt 0.199) D_A 0.145 D_B 0.339 gnG 29.72 gnD 56.69 lr 2.00e-04 57 ms nan 0
2026-10-02 00:26:12,436 | INFO | iter 44200 epoch 23 G 2.226 (adv 1.741 cyc 0.368 idt 0.117) D_A 0.009 D_B 0.018 gnG 107.03 gnD 3.76 lr 2.00e-04 57 ms nan 0
2026-10-02 00:26:18,224 | INFO | iter 44300 epoch 23 G 3.251 (adv 2.440 cyc 0.599 idt 0.212) D_A 0.007 D_B 0.273 gnG 85.90 gnD 18.98 lr 2.00e-04 56 ms nan 0
2026-10-02 00:26:23,709 | INFO | iter 44400 epoch 23 G 2.572 (adv 1.750 cyc 0.631 idt 0.190) D_A 0.004 D_B 0.072 gnG 65.64 gnD 6.31 lr 2.00e-04 59 ms nan 0
2026-10-02 00:26:29,182 | INFO | iter 44500 epoch 23 G 2.301 (adv 1.539 cyc 0.540 idt 0.223) D_A 0.329 D_B 0.026 gnG 149.26 gnD 145.01 lr 2.00e-04 53 ms nan 0
2026-10-02 00:26:34,800 | INFO | iter 44600 epoch 23 G 1.903 (adv 1.104 cyc 0.612 idt 0.187) D_A 0.011 D_B 0.200 gnG 24.48 gnD 18.88 lr 2.00e-04 56 ms nan 0
2026-10-02 00:26:40,283 | INFO | iter 44700 epoch 23 G 1.097 (adv 0.478 cyc 0.440 idt 0.179) D_A 0.312 D_B 0.183 gnG 37.28 gnD 76.28 lr 2.00e-04 54 ms nan 0
2026-10-02 00:26:46,033 | INFO | iter 44800 epoch 23 G 2.563 (adv 1.831 cyc 0.569 idt 0.164) D_A 0.016 D_B 0.225 gnG 134.97 gnD 21.27 lr 2.00e-04 57 ms nan 0
2026-10-02 00:26:51,550 | INFO | iter 44900 epoch 23 G 1.756 (adv 1.139 cyc 0.458 idt 0.159) D_A 0.018 D_B 0.289 gnG 16.14 gnD 24.09 lr 2.00e-04 55 ms nan 0
2026-10-02 00:26:57,098 | INFO | iter 45000 epoch 23 G 1.957 (adv 1.208 cyc 0.571 idt 0.179) D_A 0.011 D_B 0.035 gnG 22.83 gnD 17.01 lr 2.00e-04 56 ms nan 0
2026-10-02 00:27:02,613 | INFO | iter 45100 epoch 23 G 2.709 (adv 1.965 cyc 0.563 idt 0.182) D_A 0.038 D_B 0.013 gnG 51.31 gnD 18.50 lr 2.00e-04 54 ms nan 0
2026-10-02 00:27:08,091 | INFO | iter 45200 epoch 23 G 2.392 (adv 1.365 cyc 0.720 idt 0.307) D_A 0.012 D_B 0.231 gnG 24.46 gnD 28.86 lr 2.00e-04 55 ms nan 0
2026-10-02 00:27:13,672 | INFO | iter 45300 epoch 23 G 1.747 (adv 1.011 cyc 0.553 idt 0.183) D_A 0.012 D_B 0.026 gnG 169.08 gnD 5.91 lr 2.00e-04 63 ms nan 0
2026-10-02 00:27:19,425 | INFO | iter 45400 epoch 23 G 1.780 (adv 1.282 cyc 0.381 idt 0.117) D_A 0.007 D_B 0.094 gnG 46.19 gnD 7.28 lr 2.00e-04 55 ms nan 0
2026-10-02 00:27:25,086 | INFO | iter 45500 epoch 23 G 2.791 (adv 1.725 cyc 0.772 idt 0.295) D_A 0.020 D_B 0.222 gnG 57.72 gnD 20.54 lr 2.00e-04 54 ms nan 0
2026-10-02 00:27:30,739 | INFO | iter 45600 epoch 23 G 2.212 (adv 1.528 cyc 0.477 idt 0.207) D_A 0.068 D_B 0.142 gnG 50.34 gnD 20.99 lr 2.00e-04 64 ms nan 0
2026-10-02 00:27:36,271 | INFO | iter 45700 epoch 23 G 1.779 (adv 1.027 cyc 0.562 idt 0.190) D_A 0.043 D_B 0.115 gnG 61.53 gnD 10.05 lr 2.00e-04 56 ms nan 0
2026-10-02 00:27:41,909 | INFO | iter 45800 epoch 23 G 2.831 (adv 2.076 cyc 0.562 idt 0.194) D_A 0.054 D_B 0.340 gnG 138.43 gnD 41.35 lr 2.00e-04 63 ms nan 0
2026-10-02 00:27:47,467 | INFO | iter 45900 epoch 23 G 2.223 (adv 1.392 cyc 0.625 idt 0.207) D_A 0.020 D_B 0.233 gnG 86.73 gnD 10.55 lr 2.00e-04 54 ms nan 0
2026-10-02 00:27:53,100 | INFO | iter 46000 epoch 23 G 2.327 (adv 1.041 cyc 0.553 idt 0.733) D_A 0.040 D_B 0.408 gnG 62.72 gnD 37.46 lr 2.00e-04 75 ms nan 0
2026-10-02 00:27:53,101 | INFO | epoch 23/400 {"loss_g": 2.2055, "loss_g_adv": 1.4129, "loss_cycle": 0.5793, "loss_identity": 0.2133, "loss_d_a": 0.0452, "loss_d_b": 0.1602}
2026-10-02 00:27:58,645 | INFO | iter 46100 epoch 24 G 1.759 (adv 1.140 cyc 0.430 idt 0.188) D_A 0.228 D_B 0.185 gnG 23.10 gnD 58.23 lr 2.00e-04 55 ms nan 0
2026-10-02 00:28:04,284 | INFO | iter 46200 epoch 24 G 2.100 (adv 1.324 cyc 0.562 idt 0.215) D_A 0.024 D_B 0.344 gnG 76.47 gnD 33.40 lr 2.00e-04 54 ms nan 0
2026-10-02 00:28:09,722 | INFO | iter 46300 epoch 24 G 2.039 (adv 1.377 cyc 0.505 idt 0.157) D_A 0.016 D_B 0.189 gnG 53.98 gnD 21.77 lr 2.00e-04 53 ms nan 0
2026-10-02 00:28:15,400 | INFO | iter 46400 epoch 24 G 2.259 (adv 1.757 cyc 0.369 idt 0.133) D_A 0.005 D_B 0.310 gnG 99.24 gnD 16.61 lr 2.00e-04 54 ms nan 0
2026-10-02 00:28:20,862 | INFO | iter 46500 epoch 24 G 1.798 (adv 1.053 cyc 0.556 idt 0.189) D_A 0.121 D_B 0.070 gnG 18.67 gnD 123.21 lr 2.00e-04 66 ms nan 0
2026-10-02 00:28:26,594 | INFO | iter 46600 epoch 24 G 2.268 (adv 1.592 cyc 0.485 idt 0.191) D_A 0.010 D_B 0.287 gnG 73.95 gnD 11.88 lr 2.00e-04 61 ms nan 0
2026-10-02 00:28:32,077 | INFO | iter 46700 epoch 24 G 2.062 (adv 1.243 cyc 0.624 idt 0.195) D_A 0.151 D_B 0.041 gnG 97.66 gnD 116.82 lr 2.00e-04 56 ms nan 0
2026-10-02 00:28:37,672 | INFO | iter 46800 epoch 24 G 1.997 (adv 1.247 cyc 0.560 idt 0.191) D_A 0.003 D_B 0.283 gnG 52.23 gnD 42.09 lr 2.00e-04 58 ms nan 0
2026-10-02 00:28:43,236 | INFO | iter 46900 epoch 24 G 3.760 (adv 2.877 cyc 0.655 idt 0.228) D_A 0.011 D_B 0.152 gnG 23.30 gnD 16.60 lr 2.00e-04 55 ms nan 0
2026-10-02 00:28:48,865 | INFO | iter 47000 epoch 24 G 1.843 (adv 1.024 cyc 0.640 idt 0.179) D_A 0.025 D_B 0.167 gnG 12.97 gnD 29.10 lr 2.00e-04 55 ms nan 0
2026-10-02 00:28:54,566 | INFO | iter 47100 epoch 24 G 2.211 (adv 1.565 cyc 0.490 idt 0.157) D_A 0.016 D_B 0.030 gnG 40.62 gnD 7.62 lr 2.00e-04 57 ms nan 0
2026-10-02 00:29:00,075 | INFO | iter 47200 epoch 24 G 2.211 (adv 1.490 cyc 0.550 idt 0.171) D_A 0.019 D_B 0.088 gnG 68.15 gnD 20.44 lr 2.00e-04 59 ms nan 0
2026-10-02 00:29:05,714 | INFO | iter 47300 epoch 24 G 2.804 (adv 2.030 cyc 0.593 idt 0.181) D_A 0.011 D_B 0.102 gnG 16.53 gnD 15.96 lr 2.00e-04 55 ms nan 0
2026-10-02 00:29:11,357 | INFO | iter 47400 epoch 24 G 2.220 (adv 1.344 cyc 0.591 idt 0.285) D_A 0.302 D_B 0.224 gnG 19.53 gnD 80.19 lr 2.00e-04 54 ms nan 0
2026-10-02 00:29:17,005 | INFO | iter 47500 epoch 24 G 2.901 (adv 2.085 cyc 0.613 idt 0.203) D_A 0.005 D_B 0.096 gnG 54.49 gnD 15.17 lr 2.00e-04 54 ms nan 0
2026-10-02 00:29:22,619 | INFO | iter 47600 epoch 24 G 3.002 (adv 2.014 cyc 0.702 idt 0.286) D_A 0.112 D_B 0.156 gnG 45.82 gnD 43.83 lr 2.00e-04 72 ms nan 0
2026-10-02 00:29:28,084 | INFO | iter 47700 epoch 24 G 2.100 (adv 1.200 cyc 0.695 idt 0.205) D_A 0.015 D_B 0.438 gnG 46.93 gnD 43.48 lr 2.00e-04 57 ms nan 0
2026-10-02 00:29:33,678 | INFO | iter 47800 epoch 24 G 2.497 (adv 1.785 cyc 0.551 idt 0.160) D_A 0.007 D_B 0.158 gnG 89.92 gnD 15.67 lr 2.00e-04 54 ms nan 0
2026-10-02 00:29:39,177 | INFO | iter 47900 epoch 24 G 2.061 (adv 1.258 cyc 0.580 idt 0.223) D_A 0.051 D_B 0.211 gnG 115.49 gnD 46.15 lr 2.00e-04 55 ms nan 0
2026-10-02 00:29:44,733 | INFO | iter 48000 epoch 24 G 2.543 (adv 1.904 cyc 0.493 idt 0.146) D_A 0.011 D_B 0.404 gnG 83.57 gnD 52.04 lr 2.00e-04 56 ms nan 0
2026-10-02 00:29:44,734 | INFO | epoch 24/400 {"loss_g": 2.2097, "loss_g_adv": 1.4248, "loss_cycle": 0.5744, "loss_identity": 0.2106, "loss_d_a": 0.0397, "loss_d_b": 0.1616}
2026-10-02 00:29:50,283 | INFO | iter 48100 epoch 25 G 1.469 (adv 0.698 cyc 0.538 idt 0.233) D_A 0.151 D_B 0.046 gnG 134.71 gnD 111.84 lr 2.00e-04 95 ms nan 0
2026-10-02 00:29:55,951 | INFO | iter 48200 epoch 25 G 2.029 (adv 1.395 cyc 0.500 idt 0.134) D_A 0.049 D_B 0.200 gnG 22.10 gnD 20.19 lr 2.00e-04 54 ms nan 0
2026-10-02 00:30:01,410 | INFO | iter 48300 epoch 25 G 2.281 (adv 1.404 cyc 0.632 idt 0.245) D_A 0.010 D_B 0.217 gnG 37.42 gnD 20.18 lr 2.00e-04 54 ms nan 0
2026-10-02 00:30:07,045 | INFO | iter 48400 epoch 25 G 1.937 (adv 1.268 cyc 0.476 idt 0.193) D_A 0.006 D_B 0.221 gnG 29.13 gnD 17.59 lr 2.00e-04 54 ms nan 0
2026-10-02 00:30:12,653 | INFO | iter 48500 epoch 25 G 1.687 (adv 1.086 cyc 0.419 idt 0.182) D_A 0.011 D_B 0.292 gnG 227.35 gnD 32.21 lr 2.00e-04 54 ms nan 0
2026-10-02 00:30:18,268 | INFO | iter 48600 epoch 25 G 2.642 (adv 1.908 cyc 0.514 idt 0.219) D_A 0.027 D_B 0.058 gnG 41.94 gnD 18.50 lr 2.00e-04 55 ms nan 0
2026-10-02 00:30:23,850 | INFO | iter 48700 epoch 25 G 2.284 (adv 1.720 cyc 0.439 idt 0.125) D_A 0.062 D_B 0.074 gnG 105.08 gnD 55.91 lr 2.00e-04 55 ms nan 0
2026-10-02 00:30:29,283 | INFO | iter 48800 epoch 25 G 2.792 (adv 1.989 cyc 0.604 idt 0.199) D_A 0.004 D_B 0.115 gnG 115.79 gnD 11.64 lr 2.00e-04 58 ms nan 0
2026-10-02 00:30:34,968 | INFO | iter 48900 epoch 25 G 1.971 (adv 1.234 cyc 0.553 idt 0.184) D_A 0.361 D_B 0.222 gnG 52.27 gnD 89.08 lr 2.00e-04 54 ms nan 0
2026-10-02 00:30:40,399 | INFO | iter 49000 epoch 25 G 2.461 (adv 1.768 cyc 0.520 idt 0.172) D_A 0.010 D_B 0.061 gnG 88.50 gnD 4.17 lr 2.00e-04 55 ms nan 0
2026-10-02 00:30:45,982 | INFO | iter 49100 epoch 25 G 2.710 (adv 1.999 cyc 0.508 idt 0.203) D_A 0.003 D_B 0.140 gnG 22.63 gnD 22.86 lr 2.00e-04 54 ms nan 0
2026-10-02 00:30:51,593 | INFO | iter 49200 epoch 25 G 2.117 (adv 1.391 cyc 0.525 idt 0.200) D_A 0.005 D_B 0.029 gnG 24.59 gnD 6.24 lr 2.00e-04 55 ms nan 0
2026-10-02 00:30:57,114 | INFO | iter 49300 epoch 25 G 2.528 (adv 1.967 cyc 0.420 idt 0.140) D_A 0.007 D_B 0.177 gnG 95.98 gnD 25.12 lr 2.00e-04 54 ms nan 0
2026-10-02 00:31:02,683 | INFO | iter 49400 epoch 25 G 2.302 (adv 1.657 cyc 0.484 idt 0.162) D_A 0.006 D_B 0.178 gnG 41.71 gnD 33.34 lr 2.00e-04 55 ms nan 0
2026-10-02 00:31:08,182 | INFO | iter 49500 epoch 25 G 0.975 (adv 0.218 cyc 0.524 idt 0.233) D_A 0.313 D_B 0.320 gnG 49.38 gnD 70.34 lr 2.00e-04 58 ms nan 0
2026-10-02 00:31:13,654 | INFO | iter 49600 epoch 25 G 2.115 (adv 1.535 cyc 0.431 idt 0.148) D_A 0.005 D_B 0.138 gnG 86.18 gnD 17.44 lr 2.00e-04 55 ms nan 0
2026-10-02 00:31:19,075 | INFO | iter 49700 epoch 25 G 1.829 (adv 1.018 cyc 0.558 idt 0.253) D_A 0.011 D_B 0.151 gnG 19.72 gnD 19.18 lr 2.00e-04 59 ms nan 0
2026-10-02 00:31:24,753 | INFO | iter 49800 epoch 25 G 2.418 (adv 1.644 cyc 0.573 idt 0.200) D_A 0.014 D_B 0.047 gnG 111.19 gnD 13.73 lr 2.00e-04 84 ms nan 0
2026-10-02 00:31:30,299 | INFO | iter 49900 epoch 25 G 1.796 (adv 1.154 cyc 0.498 idt 0.144) D_A 0.005 D_B 0.262 gnG 26.23 gnD 10.24 lr 2.00e-04 63 ms nan 0
2026-10-02 00:31:36,039 | INFO | iter 50000 epoch 25 G 2.186 (adv 1.507 cyc 0.518 idt 0.161) D_A 0.004 D_B 0.137 gnG 74.90 gnD 15.73 lr 2.00e-04 61 ms nan 0
2026-10-02 00:31:36,041 | INFO | epoch 25/400 {"loss_g": 2.2127, "loss_g_adv": 1.4368, "loss_cycle": 0.5665, "loss_identity": 0.2094, "loss_d_a": 0.0395, "loss_d_b": 0.1566}
2026-10-02 00:31:49,899 | INFO | iter 50100 epoch 26 G 2.182 (adv 1.410 cyc 0.604 idt 0.168) D_A 0.008 D_B 0.133 gnG 80.84 gnD 25.02 lr 2.00e-04 55 ms nan 0
2026-10-02 00:31:55,588 | INFO | iter 50200 epoch 26 G 1.745 (adv 0.944 cyc 0.546 idt 0.255) D_A 0.008 D_B 0.092 gnG 109.87 gnD 6.87 lr 2.00e-04 56 ms nan 0
2026-10-02 00:32:01,123 | INFO | iter 50300 epoch 26 G 2.534 (adv 1.694 cyc 0.626 idt 0.213) D_A 0.003 D_B 0.046 gnG 104.00 gnD 15.24 lr 2.00e-04 68 ms nan 0
2026-10-02 00:32:06,772 | INFO | iter 50400 epoch 26 G 3.685 (adv 2.483 cyc 0.895 idt 0.307) D_A 0.011 D_B 0.297 gnG 25.17 gnD 30.62 lr 2.00e-04 56 ms nan 0
2026-10-02 00:32:12,467 | INFO | iter 50500 epoch 26 G 2.574 (adv 1.768 cyc 0.621 idt 0.186) D_A 0.005 D_B 0.018 gnG 128.57 gnD 3.76 lr 2.00e-04 60 ms nan 0
2026-10-02 00:32:18,008 | INFO | iter 50600 epoch 26 G 2.826 (adv 2.229 cyc 0.438 idt 0.159) D_A 0.079 D_B 0.165 gnG 57.70 gnD 32.08 lr 2.00e-04 63 ms nan 0
2026-10-02 00:32:23,658 | INFO | iter 50700 epoch 26 G 2.319 (adv 1.733 cyc 0.447 idt 0.140) D_A 0.005 D_B 0.029 gnG 99.00 gnD 6.42 lr 2.00e-04 56 ms nan 0
2026-10-02 00:32:29,441 | INFO | iter 50800 epoch 26 G 2.165 (adv 1.347 cyc 0.605 idt 0.213) D_A 0.003 D_B 0.252 gnG 47.35 gnD 37.53 lr 2.00e-04 56 ms nan 0
2026-10-02 00:32:35,280 | INFO | iter 50900 epoch 26 G 2.242 (adv 1.616 cyc 0.426 idt 0.200) D_A 0.011 D_B 0.138 gnG 124.08 gnD 25.64 lr 2.00e-04 57 ms nan 0
2026-10-02 00:32:40,867 | INFO | iter 51000 epoch 26 G 2.194 (adv 1.069 cyc 0.863 idt 0.262) D_A 0.036 D_B 0.074 gnG 71.46 gnD 19.41 lr 2.00e-04 57 ms nan 0
2026-10-02 00:32:46,477 | INFO | iter 51100 epoch 26 G 2.830 (adv 1.945 cyc 0.672 idt 0.213) D_A 0.025 D_B 0.233 gnG 63.76 gnD 13.03 lr 2.00e-04 54 ms nan 0
2026-10-02 00:32:52,049 | INFO | iter 51200 epoch 26 G 1.592 (adv 1.073 cyc 0.388 idt 0.131) D_A 0.007 D_B 0.170 gnG 65.39 gnD 35.27 lr 2.00e-04 58 ms nan 0
2026-10-02 00:32:57,655 | INFO | iter 51300 epoch 26 G 2.777 (adv 2.007 cyc 0.566 idt 0.205) D_A 0.064 D_B 0.091 gnG 50.97 gnD 70.88 lr 2.00e-04 55 ms nan 0
2026-10-02 00:33:03,644 | INFO | iter 51400 epoch 26 G 2.035 (adv 1.345 cyc 0.500 idt 0.190) D_A 0.010 D_B 0.140 gnG 33.18 gnD 8.89 lr 2.00e-04 60 ms nan 0
2026-10-02 00:33:09,079 | INFO | iter 51500 epoch 26 G 1.698 (adv 1.218 cyc 0.371 idt 0.108) D_A 0.010 D_B 0.166 gnG 21.31 gnD 37.12 lr 2.00e-04 53 ms nan 0
2026-10-02 00:33:14,647 | INFO | iter 51600 epoch 26 G 2.394 (adv 1.784 cyc 0.461 idt 0.150) D_A 0.070 D_B 0.118 gnG 85.76 gnD 52.55 lr 2.00e-04 54 ms nan 0
2026-10-02 00:33:20,095 | INFO | iter 51700 epoch 26 G 2.800 (adv 1.322 cyc 0.670 idt 0.808) D_A 0.005 D_B 0.068 gnG 42.22 gnD 12.77 lr 2.00e-04 55 ms nan 0
2026-10-02 00:33:25,772 | INFO | iter 51800 epoch 26 G 2.090 (adv 1.561 cyc 0.370 idt 0.159) D_A 0.016 D_B 0.120 gnG 57.24 gnD 26.29 lr 2.00e-04 56 ms nan 0
2026-10-02 00:33:31,349 | INFO | iter 51900 epoch 26 G 2.303 (adv 1.614 cyc 0.513 idt 0.176) D_A 0.048 D_B 0.303 gnG 21.64 gnD 18.09 lr 2.00e-04 75 ms nan 0
2026-10-02 00:33:36,929 | INFO | iter 52000 epoch 26 G 1.580 (adv 0.854 cyc 0.566 idt 0.160) D_A 0.003 D_B 0.025 gnG 183.84 gnD 4.02 lr 2.00e-04 58 ms nan 0
2026-10-02 00:33:36,930 | INFO | epoch 26/400 {"loss_g": 2.2619, "loss_g_adv": 1.4892, "loss_cycle": 0.5663, "loss_identity": 0.2064, "loss_d_a": 0.0333, "loss_d_b": 0.148}
2026-10-02 00:33:42,587 | INFO | iter 52100 epoch 27 G 1.909 (adv 1.303 cyc 0.468 idt 0.138) D_A 0.003 D_B 0.128 gnG 45.07 gnD 12.18 lr 2.00e-04 56 ms nan 0
2026-10-02 00:33:48,095 | INFO | iter 52200 epoch 27 G 2.498 (adv 1.869 cyc 0.479 idt 0.150) D_A 0.002 D_B 0.113 gnG 49.84 gnD 13.29 lr 2.00e-04 55 ms nan 0
2026-10-02 00:33:53,676 | INFO | iter 52300 epoch 27 G 2.721 (adv 1.801 cyc 0.679 idt 0.242) D_A 0.008 D_B 0.271 gnG 70.13 gnD 41.62 lr 2.00e-04 60 ms nan 0
2026-10-02 00:33:59,162 | INFO | iter 52400 epoch 27 G 2.709 (adv 2.057 cyc 0.489 idt 0.162) D_A 0.005 D_B 0.136 gnG 46.61 gnD 25.43 lr 2.00e-04 55 ms nan 0
2026-10-02 00:34:04,856 | INFO | iter 52500 epoch 27 G 2.032 (adv 1.095 cyc 0.708 idt 0.229) D_A 0.009 D_B 0.041 gnG 118.65 gnD 6.32 lr 2.00e-04 55 ms nan 0
2026-10-02 00:34:10,368 | INFO | iter 52600 epoch 27 G 2.159 (adv 1.274 cyc 0.632 idt 0.253) D_A 0.005 D_B 0.100 gnG 118.12 gnD 10.15 lr 2.00e-04 54 ms nan 0
2026-10-02 00:34:15,908 | INFO | iter 52700 epoch 27 G 2.716 (adv 1.715 cyc 0.727 idt 0.274) D_A 0.016 D_B 0.169 gnG 90.43 gnD 43.23 lr 2.00e-04 55 ms nan 0
2026-10-02 00:34:21,489 | INFO | iter 52800 epoch 27 G 2.473 (adv 1.818 cyc 0.484 idt 0.172) D_A 0.003 D_B 0.057 gnG 96.67 gnD 11.62 lr 2.00e-04 57 ms nan 0
2026-10-02 00:34:27,090 | INFO | iter 52900 epoch 27 G 2.202 (adv 1.534 cyc 0.511 idt 0.157) D_A 0.070 D_B 0.260 gnG 145.72 gnD 77.43 lr 2.00e-04 58 ms nan 0
2026-10-02 00:34:32,625 | INFO | iter 53000 epoch 27 G 2.146 (adv 1.587 cyc 0.399 idt 0.160) D_A 0.003 D_B 0.044 gnG 78.20 gnD 5.88 lr 2.00e-04 55 ms nan 0
2026-10-02 00:34:38,136 | INFO | iter 53100 epoch 27 G 2.405 (adv 1.409 cyc 0.679 idt 0.318) D_A 0.031 D_B 0.335 gnG 141.93 gnD 50.73 lr 2.00e-04 59 ms nan 0
2026-10-02 00:34:43,822 | INFO | iter 53200 epoch 27 G 2.438 (adv 1.851 cyc 0.422 idt 0.164) D_A 0.005 D_B 0.054 gnG 47.98 gnD 33.08 lr 2.00e-04 55 ms nan 0
2026-10-02 00:34:49,317 | INFO | iter 53300 epoch 27 G 2.484 (adv 1.902 cyc 0.428 idt 0.154) D_A 0.004 D_B 0.060 gnG 74.70 gnD 16.37 lr 2.00e-04 57 ms nan 0
2026-10-02 00:34:54,853 | INFO | iter 53400 epoch 27 G 1.589 (adv 0.907 cyc 0.492 idt 0.190) D_A 0.157 D_B 0.078 gnG 166.10 gnD 109.07 lr 2.00e-04 54 ms nan 0
2026-10-02 00:35:00,292 | INFO | iter 53500 epoch 27 G 1.915 (adv 0.805 cyc 0.805 idt 0.304) D_A 0.253 D_B 0.149 gnG 89.78 gnD 50.02 lr 2.00e-04 55 ms nan 0
2026-10-02 00:35:05,904 | INFO | iter 53600 epoch 27 G 2.597 (adv 1.837 cyc 0.566 idt 0.194) D_A 0.003 D_B 0.093 gnG 93.85 gnD 23.35 lr 2.00e-04 63 ms nan 0
2026-10-02 00:35:11,521 | INFO | iter 53700 epoch 27 G 2.551 (adv 1.631 cyc 0.673 idt 0.247) D_A 0.029 D_B 0.119 gnG 64.62 gnD 17.52 lr 2.00e-04 59 ms nan 0
2026-10-02 00:35:17,071 | INFO | iter 53800 epoch 27 G 2.435 (adv 1.443 cyc 0.746 idt 0.245) D_A 0.012 D_B 0.032 gnG 108.41 gnD 20.10 lr 2.00e-04 54 ms nan 0
2026-10-02 00:35:22,650 | INFO | iter 53900 epoch 27 G 2.840 (adv 1.974 cyc 0.665 idt 0.201) D_A 0.008 D_B 0.042 gnG 85.33 gnD 8.56 lr 2.00e-04 54 ms nan 0
2026-10-02 00:35:28,174 | INFO | iter 54000 epoch 27 G 1.786 (adv 1.130 cyc 0.478 idt 0.177) D_A 0.003 D_B 0.099 gnG 32.33 gnD 16.98 lr 2.00e-04 57 ms nan 0
2026-10-02 00:35:28,176 | INFO | epoch 27/400 {"loss_g": 2.2807, "loss_g_adv": 1.5219, "loss_cycle": 0.5536, "loss_identity": 0.2052, "loss_d_a": 0.0254, "loss_d_b": 0.1386}
2026-10-02 00:35:33,923 | INFO | iter 54100 epoch 28 G 1.836 (adv 1.188 cyc 0.494 idt 0.154) D_A 0.002 D_B 0.130 gnG 38.25 gnD 13.16 lr 2.00e-04 59 ms nan 0
2026-10-02 00:35:39,397 | INFO | iter 54200 epoch 28 G 2.842 (adv 2.058 cyc 0.565 idt 0.219) D_A 0.043 D_B 0.025 gnG 43.20 gnD 59.46 lr 2.00e-04 55 ms nan 0
2026-10-02 00:35:45,046 | INFO | iter 54300 epoch 28 G 2.874 (adv 2.056 cyc 0.563 idt 0.255) D_A 0.013 D_B 0.051 gnG 98.82 gnD 7.47 lr 2.00e-04 55 ms nan 0
2026-10-02 00:35:50,870 | INFO | iter 54400 epoch 28 G 1.853 (adv 1.054 cyc 0.598 idt 0.201) D_A 0.007 D_B 0.174 gnG 12.57 gnD 22.31 lr 2.00e-04 57 ms nan 0
2026-10-02 00:35:56,545 | INFO | iter 54500 epoch 28 G 2.458 (adv 1.650 cyc 0.605 idt 0.204) D_A 0.006 D_B 0.026 gnG 50.39 gnD 6.08 lr 2.00e-04 55 ms nan 0
2026-10-02 00:36:02,130 | INFO | iter 54600 epoch 28 G 2.054 (adv 1.321 cyc 0.555 idt 0.177) D_A 0.005 D_B 0.231 gnG 103.35 gnD 24.65 lr 2.00e-04 55 ms nan 0
2026-10-02 00:36:07,833 | INFO | iter 54700 epoch 28 G 2.104 (adv 1.226 cyc 0.622 idt 0.256) D_A 0.010 D_B 0.209 gnG 49.66 gnD 12.10 lr 2.00e-04 74 ms nan 0
2026-10-02 00:36:13,329 | INFO | iter 54800 epoch 28 G 1.773 (adv 1.162 cyc 0.454 idt 0.157) D_A 0.107 D_B 0.165 gnG 16.59 gnD 74.14 lr 2.00e-04 62 ms nan 0
2026-10-02 00:36:18,793 | INFO | iter 54900 epoch 28 G 2.610 (adv 1.583 cyc 0.786 idt 0.240) D_A 0.004 D_B 0.114 gnG 110.62 gnD 7.74 lr 2.00e-04 54 ms nan 0
2026-10-02 00:36:24,378 | INFO | iter 55000 epoch 28 G 2.638 (adv 1.751 cyc 0.667 idt 0.220) D_A 0.004 D_B 0.108 gnG 98.21 gnD 23.56 lr 2.00e-04 55 ms nan 0
2026-10-02 00:36:29,800 | INFO | iter 55100 epoch 28 G 2.265 (adv 1.489 cyc 0.592 idt 0.184) D_A 0.015 D_B 0.245 gnG 92.85 gnD 29.62 lr 2.00e-04 55 ms nan 0
2026-10-02 00:36:35,628 | INFO | iter 55200 epoch 28 G 2.115 (adv 1.411 cyc 0.495 idt 0.209) D_A 0.014 D_B 0.119 gnG 75.07 gnD 12.76 lr 2.00e-04 57 ms nan 0
2026-10-02 00:36:41,111 | INFO | iter 55300 epoch 28 G 1.921 (adv 1.312 cyc 0.462 idt 0.147) D_A 0.008 D_B 0.312 gnG 54.96 gnD 30.26 lr 2.00e-04 60 ms nan 0
2026-10-02 00:36:46,686 | INFO | iter 55400 epoch 28 G 2.107 (adv 1.148 cyc 0.715 idt 0.244) D_A 0.002 D_B 0.100 gnG 32.12 gnD 10.13 lr 2.00e-04 57 ms nan 0
2026-10-02 00:36:52,274 | INFO | iter 55500 epoch 28 G 2.056 (adv 1.423 cyc 0.476 idt 0.157) D_A 0.034 D_B 0.031 gnG 100.41 gnD 34.31 lr 2.00e-04 65 ms nan 0
2026-10-02 00:36:57,804 | INFO | iter 55600 epoch 28 G 1.746 (adv 0.933 cyc 0.618 idt 0.195) D_A 0.012 D_B 0.122 gnG 114.08 gnD 7.57 lr 2.00e-04 56 ms nan 0
2026-10-02 00:37:03,408 | INFO | iter 55700 epoch 28 G 2.125 (adv 1.520 cyc 0.463 idt 0.143) D_A 0.003 D_B 0.021 gnG 116.98 gnD 3.43 lr 2.00e-04 64 ms nan 0
2026-10-02 00:37:08,981 | INFO | iter 55800 epoch 28 G 2.767 (adv 1.665 cyc 0.838 idt 0.264) D_A 0.008 D_B 0.113 gnG 27.02 gnD 22.56 lr 2.00e-04 56 ms nan 0
2026-10-02 00:37:14,670 | INFO | iter 55900 epoch 28 G 1.742 (adv 1.043 cyc 0.531 idt 0.168) D_A 0.003 D_B 0.207 gnG 45.05 gnD 63.45 lr 2.00e-04 57 ms nan 0
2026-10-02 00:37:20,177 | INFO | iter 56000 epoch 28 G 2.110 (adv 1.367 cyc 0.530 idt 0.214) D_A 0.011 D_B 0.274 gnG 106.79 gnD 53.08 lr 2.00e-04 55 ms nan 0
2026-10-02 00:37:20,178 | INFO | epoch 28/400 {"loss_g": 2.3066, "loss_g_adv": 1.5516, "loss_cycle": 0.5523, "loss_identity": 0.2027, "loss_d_a": 0.0231, "loss_d_b": 0.1365}
2026-10-02 00:37:25,752 | INFO | iter 56100 epoch 29 G 2.656 (adv 2.023 cyc 0.472 idt 0.161) D_A 0.095 D_B 0.189 gnG 26.07 gnD 50.28 lr 2.00e-04 55 ms nan 0
2026-10-02 00:37:31,227 | INFO | iter 56200 epoch 29 G 1.829 (adv 1.116 cyc 0.520 idt 0.192) D_A 0.032 D_B 0.363 gnG 48.89 gnD 128.44 lr 2.00e-04 67 ms nan 0
2026-10-02 00:37:37,072 | INFO | iter 56300 epoch 29 G 2.046 (adv 1.181 cyc 0.649 idt 0.216) D_A 0.005 D_B 0.075 gnG 81.79 gnD 12.12 lr 2.00e-04 58 ms nan 0
2026-10-02 00:37:42,869 | INFO | iter 56400 epoch 29 G 2.038 (adv 1.296 cyc 0.550 idt 0.191) D_A 0.004 D_B 0.156 gnG 100.85 gnD 21.50 lr 2.00e-04 60 ms nan 0
2026-10-02 00:37:48,413 | INFO | iter 56500 epoch 29 G 2.017 (adv 1.289 cyc 0.513 idt 0.216) D_A 0.004 D_B 0.041 gnG 48.74 gnD 5.78 lr 2.00e-04 54 ms nan 0
2026-10-02 00:37:54,041 | INFO | iter 56600 epoch 29 G 2.439 (adv 1.732 cyc 0.528 idt 0.179) D_A 0.002 D_B 0.133 gnG 95.10 gnD 21.63 lr 2.00e-04 57 ms nan 0
2026-10-02 00:37:59,570 | INFO | iter 56700 epoch 29 G 2.640 (adv 1.903 cyc 0.510 idt 0.227) D_A 0.005 D_B 0.295 gnG 62.43 gnD 19.81 lr 2.00e-04 54 ms nan 0
2026-10-02 00:38:05,157 | INFO | iter 56800 epoch 29 G 1.987 (adv 1.120 cyc 0.630 idt 0.236) D_A 0.005 D_B 0.255 gnG 193.86 gnD 39.30 lr 2.00e-04 54 ms nan 0
2026-10-02 00:38:10,664 | INFO | iter 56900 epoch 29 G 2.824 (adv 2.143 cyc 0.481 idt 0.200) D_A 0.089 D_B 0.038 gnG 48.49 gnD 153.45 lr 2.00e-04 55 ms nan 0
2026-10-02 00:38:16,292 | INFO | iter 57000 epoch 29 G 2.482 (adv 1.697 cyc 0.565 idt 0.221) D_A 0.182 D_B 0.071 gnG 98.99 gnD 42.03 lr 2.00e-04 59 ms nan 0
2026-10-02 00:38:21,871 | INFO | iter 57100 epoch 29 G 2.502 (adv 1.164 cyc 0.985 idt 0.353) D_A 0.004 D_B 0.104 gnG 44.36 gnD 19.90 lr 2.00e-04 54 ms nan 0
2026-10-02 00:38:27,478 | INFO | iter 57200 epoch 29 G 2.843 (adv 2.280 cyc 0.422 idt 0.141) D_A 0.002 D_B 0.080 gnG 28.27 gnD 20.46 lr 2.00e-04 55 ms nan 0
2026-10-02 00:38:33,041 | INFO | iter 57300 epoch 29 G 2.283 (adv 1.383 cyc 0.680 idt 0.220) D_A 0.005 D_B 0.315 gnG 56.35 gnD 27.94 lr 2.00e-04 55 ms nan 0
2026-10-02 00:38:38,722 | INFO | iter 57400 epoch 29 G 3.157 (adv 2.489 cyc 0.509 idt 0.159) D_A 0.003 D_B 0.090 gnG 86.04 gnD 7.72 lr 2.00e-04 58 ms nan 0
2026-10-02 00:38:44,388 | INFO | iter 57500 epoch 29 G 2.115 (adv 1.587 cyc 0.387 idt 0.141) D_A 0.003 D_B 0.132 gnG 80.51 gnD 37.73 lr 2.00e-04 55 ms nan 0
2026-10-02 00:38:49,917 | INFO | iter 57600 epoch 29 G 2.746 (adv 1.708 cyc 0.757 idt 0.282) D_A 0.019 D_B 0.035 gnG 58.80 gnD 5.30 lr 2.00e-04 54 ms nan 0
2026-10-02 00:38:55,616 | INFO | iter 57700 epoch 29 G 2.433 (adv 1.499 cyc 0.672 idt 0.262) D_A 0.005 D_B 0.160 gnG 114.47 gnD 19.51 lr 2.00e-04 61 ms nan 0
2026-10-02 00:39:01,067 | INFO | iter 57800 epoch 29 G 2.081 (adv 1.307 cyc 0.562 idt 0.212) D_A 0.005 D_B 0.094 gnG 138.49 gnD 12.12 lr 2.00e-04 56 ms nan 0
2026-10-02 00:39:06,654 | INFO | iter 57900 epoch 29 G 1.993 (adv 1.461 cyc 0.403 idt 0.129) D_A 0.005 D_B 0.014 gnG 88.12 gnD 1.78 lr 2.00e-04 54 ms nan 0
2026-10-02 00:39:12,356 | INFO | iter 58000 epoch 29 G 2.843 (adv 2.146 cyc 0.512 idt 0.185) D_A 0.007 D_B 0.061 gnG 207.22 gnD 12.96 lr 2.00e-04 59 ms nan 0
2026-10-02 00:39:12,357 | INFO | epoch 29/400 {"loss_g": 2.3114, "loss_g_adv": 1.5599, "loss_cycle": 0.5511, "loss_identity": 0.2004, "loss_d_a": 0.0207, "loss_d_b": 0.1325}
2026-10-02 00:39:17,832 | INFO | iter 58100 epoch 30 G 2.364 (adv 1.538 cyc 0.636 idt 0.191) D_A 0.013 D_B 0.026 gnG 222.22 gnD 7.71 lr 2.00e-04 57 ms nan 0
2026-10-02 00:39:23,403 | INFO | iter 58200 epoch 30 G 2.303 (adv 1.488 cyc 0.605 idt 0.210) D_A 0.008 D_B 0.063 gnG 50.53 gnD 16.26 lr 2.00e-04 64 ms nan 0
2026-10-02 00:39:28,906 | INFO | iter 58300 epoch 30 G 1.772 (adv 1.129 cyc 0.495 idt 0.148) D_A 0.003 D_B 0.092 gnG 58.69 gnD 25.13 lr 2.00e-04 57 ms nan 0
2026-10-02 00:39:34,539 | INFO | iter 58400 epoch 30 G 2.384 (adv 1.690 cyc 0.527 idt 0.167) D_A 0.021 D_B 0.098 gnG 96.90 gnD 13.04 lr 2.00e-04 61 ms nan 0
2026-10-02 00:39:40,086 | INFO | iter 58500 epoch 30 G 2.290 (adv 1.661 cyc 0.471 idt 0.159) D_A 0.003 D_B 0.129 gnG 112.10 gnD 17.50 lr 2.00e-04 58 ms nan 0
2026-10-02 00:39:45,648 | INFO | iter 58600 epoch 30 G 2.535 (adv 1.858 cyc 0.519 idt 0.158) D_A 0.013 D_B 0.088 gnG 107.16 gnD 27.01 lr 2.00e-04 58 ms nan 0
2026-10-02 00:39:51,126 | INFO | iter 58700 epoch 30 G 2.372 (adv 1.556 cyc 0.599 idt 0.217) D_A 0.021 D_B 0.035 gnG 105.22 gnD 6.36 lr 2.00e-04 57 ms nan 0
2026-10-02 00:39:56,768 | INFO | iter 58800 epoch 30 G 1.712 (adv 0.811 cyc 0.581 idt 0.321) D_A 0.014 D_B 0.142 gnG 55.60 gnD 36.72 lr 2.00e-04 58 ms nan 0
2026-10-02 00:40:02,355 | INFO | iter 58900 epoch 30 G 2.634 (adv 1.926 cyc 0.550 idt 0.159) D_A 0.004 D_B 0.018 gnG 71.68 gnD 7.41 lr 2.00e-04 54 ms nan 0
2026-10-02 00:40:08,011 | INFO | iter 59000 epoch 30 G 2.246 (adv 1.690 cyc 0.416 idt 0.139) D_A 0.002 D_B 0.131 gnG 104.74 gnD 21.32 lr 2.00e-04 55 ms nan 0
2026-10-02 00:40:13,598 | INFO | iter 59100 epoch 30 G 2.493 (adv 1.862 cyc 0.465 idt 0.166) D_A 0.007 D_B 0.112 gnG 16.74 gnD 14.37 lr 2.00e-04 58 ms nan 0
2026-10-02 00:40:19,033 | INFO | iter 59200 epoch 30 G 2.729 (adv 1.752 cyc 0.702 idt 0.275) D_A 0.009 D_B 0.029 gnG 47.69 gnD 12.94 lr 2.00e-04 54 ms nan 0
2026-10-02 00:40:24,671 | INFO | iter 59300 epoch 30 G 2.062 (adv 1.287 cyc 0.561 idt 0.214) D_A 0.187 D_B 0.096 gnG 56.60 gnD 98.42 lr 2.00e-04 57 ms nan 0
2026-10-02 00:40:30,174 | INFO | iter 59400 epoch 30 G 2.354 (adv 1.735 cyc 0.458 idt 0.161) D_A 0.003 D_B 0.052 gnG 52.82 gnD 6.17 lr 2.00e-04 55 ms nan 0
2026-10-02 00:40:35,812 | INFO | iter 59500 epoch 30 G 2.199 (adv 1.294 cyc 0.678 idt 0.228) D_A 0.003 D_B 0.013 gnG 45.52 gnD 6.94 lr 2.00e-04 54 ms nan 0
2026-10-02 00:40:41,325 | INFO | iter 59600 epoch 30 G 2.388 (adv 1.659 cyc 0.554 idt 0.175) D_A 0.007 D_B 0.042 gnG 120.71 gnD 25.94 lr 2.00e-04 64 ms nan 0
2026-10-02 00:40:47,092 | INFO | iter 59700 epoch 30 G 2.204 (adv 1.320 cyc 0.634 idt 0.250) D_A 0.165 D_B 0.477 gnG 151.43 gnD 165.45 lr 2.00e-04 56 ms nan 0
2026-10-02 00:40:52,753 | INFO | iter 59800 epoch 30 G 2.771 (adv 2.206 cyc 0.441 idt 0.124) D_A 0.002 D_B 0.013 gnG 48.24 gnD 1.87 lr 2.00e-04 57 ms nan 0
2026-10-02 00:40:58,262 | INFO | iter 59900 epoch 30 G 1.715 (adv 0.920 cyc 0.509 idt 0.285) D_A 0.127 D_B 0.212 gnG 103.85 gnD 34.21 lr 2.00e-04 56 ms nan 0
2026-10-02 00:41:03,950 | INFO | iter 60000 epoch 30 G 3.055 (adv 2.245 cyc 0.578 idt 0.231) D_A 0.005 D_B 0.064 gnG 56.27 gnD 14.11 lr 2.00e-04 57 ms nan 0
2026-10-02 00:41:03,951 | INFO | epoch 30/400 {"loss_g": 2.3091, "loss_g_adv": 1.5604, "loss_cycle": 0.5453, "loss_identity": 0.2034, "loss_d_a": 0.0244, "loss_d_b": 0.1249}
2026-10-02 00:41:27,295 | INFO | validation {"epoch": 30, "val_fid_a2b": 106.78721592857485, "val_fid_b2a": 130.13272096435378, "val_fid_mean": 118.45996844646432}
2026-10-02 00:41:31,022 | INFO | best validation FID: A2B 106.787 (epoch 30), B2A 126.864 (epoch 20), mean 116.826 -> task3_gan/sneha/checkpoints/generators_best.pt
2026-10-02 00:41:45,504 | INFO | iter 60100 epoch 31 G 2.662 (adv 1.599 cyc 0.770 idt 0.294) D_A 0.292 D_B 0.254 gnG 96.77 gnD 114.28 lr 2.00e-04 56 ms nan 0
2026-10-02 00:41:50,991 | INFO | iter 60200 epoch 31 G 1.912 (adv 1.219 cyc 0.481 idt 0.213) D_A 0.004 D_B 0.189 gnG 33.04 gnD 22.14 lr 2.00e-04 58 ms nan 0
2026-10-02 00:41:56,655 | INFO | iter 60300 epoch 31 G 2.738 (adv 2.006 cyc 0.542 idt 0.190) D_A 0.005 D_B 0.107 gnG 53.54 gnD 15.53 lr 2.00e-04 56 ms nan 0
2026-10-02 00:42:02,291 | INFO | iter 60400 epoch 31 G 2.781 (adv 1.929 cyc 0.679 idt 0.172) D_A 0.005 D_B 0.014 gnG 158.46 gnD 5.80 lr 2.00e-04 54 ms nan 0
2026-10-02 00:42:07,925 | INFO | iter 60500 epoch 31 G 2.215 (adv 1.589 cyc 0.449 idt 0.177) D_A 0.003 D_B 0.220 gnG 76.55 gnD 24.91 lr 2.00e-04 55 ms nan 0
2026-10-02 00:42:13,491 | INFO | iter 60600 epoch 31 G 2.840 (adv 1.893 cyc 0.706 idt 0.241) D_A 0.002 D_B 0.210 gnG 13.54 gnD 11.79 lr 2.00e-04 65 ms nan 0
2026-10-02 00:42:19,114 | INFO | iter 60700 epoch 31 G 1.808 (adv 1.115 cyc 0.526 idt 0.167) D_A 0.004 D_B 0.075 gnG 43.57 gnD 5.79 lr 2.00e-04 54 ms nan 0
2026-10-02 00:42:24,792 | INFO | iter 60800 epoch 31 G 2.913 (adv 2.234 cyc 0.510 idt 0.169) D_A 0.005 D_B 0.254 gnG 28.58 gnD 43.09 lr 2.00e-04 61 ms nan 0
2026-10-02 00:42:30,358 | INFO | iter 60900 epoch 31 G 2.272 (adv 1.576 cyc 0.523 idt 0.173) D_A 0.009 D_B 0.171 gnG 106.19 gnD 46.42 lr 2.00e-04 55 ms nan 0
2026-10-02 00:42:36,053 | INFO | iter 61000 epoch 31 G 2.924 (adv 2.059 cyc 0.670 idt 0.194) D_A 0.027 D_B 0.020 gnG 44.41 gnD 10.55 lr 2.00e-04 56 ms nan 0
2026-10-02 00:42:41,608 | INFO | iter 61100 epoch 31 G 2.241 (adv 1.563 cyc 0.508 idt 0.170) D_A 0.004 D_B 0.036 gnG 71.34 gnD 10.64 lr 2.00e-04 64 ms nan 0
2026-10-02 00:42:47,527 | INFO | iter 61200 epoch 31 G 2.340 (adv 1.826 cyc 0.392 idt 0.122) D_A 0.004 D_B 0.428 gnG 128.31 gnD 96.52 lr 2.00e-04 58 ms nan 0
2026-10-02 00:42:53,362 | INFO | iter 61300 epoch 31 G 2.683 (adv 1.566 cyc 0.815 idt 0.301) D_A 0.002 D_B 0.098 gnG 59.62 gnD 23.86 lr 2.00e-04 56 ms nan 0
2026-10-02 00:42:59,012 | INFO | iter 61400 epoch 31 G 1.926 (adv 1.445 cyc 0.358 idt 0.123) D_A 0.005 D_B 0.066 gnG 42.92 gnD 13.43 lr 2.00e-04 55 ms nan 0
2026-10-02 00:43:04,707 | INFO | iter 61500 epoch 31 G 2.858 (adv 1.973 cyc 0.536 idt 0.349) D_A 0.398 D_B 0.038 gnG 67.05 gnD 45.22 lr 2.00e-04 55 ms nan 0
2026-10-02 00:43:10,233 | INFO | iter 61600 epoch 31 G 2.339 (adv 1.526 cyc 0.567 idt 0.246) D_A 0.027 D_B 0.067 gnG 175.25 gnD 29.81 lr 2.00e-04 59 ms nan 0
2026-10-02 00:43:15,821 | INFO | iter 61700 epoch 31 G 1.551 (adv 0.790 cyc 0.551 idt 0.210) D_A 0.110 D_B 0.072 gnG 109.02 gnD 26.31 lr 2.00e-04 56 ms nan 0
2026-10-02 00:43:21,337 | INFO | iter 61800 epoch 31 G 2.980 (adv 2.259 cyc 0.512 idt 0.209) D_A 0.007 D_B 0.273 gnG 58.09 gnD 28.29 lr 2.00e-04 58 ms nan 0
2026-10-02 00:43:27,076 | INFO | iter 61900 epoch 31 G 2.807 (adv 1.766 cyc 0.795 idt 0.246) D_A 0.003 D_B 0.019 gnG 30.70 gnD 2.69 lr 2.00e-04 56 ms nan 0
2026-10-02 00:43:32,693 | INFO | iter 62000 epoch 31 G 2.963 (adv 1.975 cyc 0.733 idt 0.255) D_A 0.006 D_B 0.136 gnG 107.16 gnD 28.72 lr 2.00e-04 64 ms nan 0
2026-10-02 00:43:32,694 | INFO | epoch 31/400 {"loss_g": 2.2935, "loss_g_adv": 1.5649, "loss_cycle": 0.5341, "loss_identity": 0.1944, "loss_d_a": 0.0306, "loss_d_b": 0.1198}
2026-10-02 00:43:38,346 | INFO | iter 62100 epoch 32 G 3.481 (adv 2.836 cyc 0.481 idt 0.163) D_A 0.019 D_B 0.029 gnG 21.29 gnD 27.91 lr 2.00e-04 59 ms nan 0
2026-10-02 00:43:43,980 | INFO | iter 62200 epoch 32 G 2.443 (adv 1.641 cyc 0.599 idt 0.203) D_A 0.006 D_B 0.094 gnG 68.85 gnD 24.64 lr 2.00e-04 59 ms nan 0
2026-10-02 00:43:49,504 | INFO | iter 62300 epoch 32 G 3.089 (adv 2.128 cyc 0.737 idt 0.224) D_A 0.094 D_B 0.024 gnG 116.65 gnD 69.67 lr 2.00e-04 56 ms nan 0
2026-10-02 00:43:55,132 | INFO | iter 62400 epoch 32 G 1.555 (adv 1.008 cyc 0.422 idt 0.125) D_A 0.002 D_B 0.157 gnG 33.03 gnD 50.42 lr 2.00e-04 55 ms nan 0
2026-10-02 00:44:00,779 | INFO | iter 62500 epoch 32 G 3.194 (adv 2.113 cyc 0.785 idt 0.295) D_A 0.002 D_B 0.096 gnG 28.42 gnD 8.03 lr 2.00e-04 56 ms nan 0
2026-10-02 00:44:06,667 | INFO | iter 62600 epoch 32 G 2.409 (adv 1.624 cyc 0.591 idt 0.194) D_A 0.020 D_B 0.066 gnG 72.74 gnD 30.19 lr 2.00e-04 57 ms nan 0
2026-10-02 00:44:12,262 | INFO | iter 62700 epoch 32 G 2.029 (adv 1.443 cyc 0.444 idt 0.142) D_A 0.002 D_B 0.075 gnG 142.45 gnD 5.75 lr 2.00e-04 55 ms nan 0
2026-10-02 00:44:17,887 | INFO | iter 62800 epoch 32 G 2.649 (adv 1.770 cyc 0.645 idt 0.233) D_A 0.002 D_B 0.068 gnG 42.46 gnD 7.60 lr 2.00e-04 57 ms nan 0
2026-10-02 00:44:23,565 | INFO | iter 62900 epoch 32 G 2.649 (adv 2.059 cyc 0.442 idt 0.148) D_A 0.114 D_B 0.107 gnG 71.50 gnD 26.33 lr 2.00e-04 61 ms nan 0
2026-10-02 00:44:29,258 | INFO | iter 63000 epoch 32 G 2.468 (adv 1.623 cyc 0.647 idt 0.199) D_A 0.004 D_B 0.084 gnG 128.80 gnD 12.16 lr 2.00e-04 55 ms nan 0
2026-10-02 00:44:34,926 | INFO | iter 63100 epoch 32 G 2.833 (adv 1.969 cyc 0.654 idt 0.210) D_A 0.003 D_B 0.017 gnG 19.55 gnD 4.50 lr 2.00e-04 57 ms nan 0
2026-10-02 00:44:40,459 | INFO | iter 63200 epoch 32 G 2.816 (adv 2.294 cyc 0.409 idt 0.113) D_A 0.002 D_B 0.107 gnG 32.96 gnD 15.00 lr 2.00e-04 55 ms nan 0
2026-10-02 00:44:46,151 | INFO | iter 63300 epoch 32 G 1.972 (adv 1.191 cyc 0.562 idt 0.220) D_A 0.007 D_B 0.154 gnG 25.82 gnD 32.35 lr 2.00e-04 58 ms nan 0
2026-10-02 00:44:51,688 | INFO | iter 63400 epoch 32 G 2.037 (adv 1.092 cyc 0.704 idt 0.241) D_A 0.003 D_B 0.053 gnG 46.54 gnD 26.41 lr 2.00e-04 67 ms nan 0
2026-10-02 00:44:57,344 | INFO | iter 63500 epoch 32 G 2.198 (adv 1.511 cyc 0.511 idt 0.176) D_A 0.030 D_B 0.027 gnG 28.67 gnD 10.37 lr 2.00e-04 56 ms nan 0
2026-10-02 00:45:03,071 | INFO | iter 63600 epoch 32 G 2.261 (adv 1.634 cyc 0.458 idt 0.170) D_A 0.052 D_B 0.145 gnG 110.11 gnD 15.61 lr 2.00e-04 55 ms nan 0
2026-10-02 00:45:08,652 | INFO | iter 63700 epoch 32 G 2.405 (adv 1.757 cyc 0.494 idt 0.154) D_A 0.008 D_B 0.024 gnG 161.92 gnD 5.04 lr 2.00e-04 54 ms nan 0
2026-10-02 00:45:14,256 | INFO | iter 63800 epoch 32 G 3.196 (adv 2.132 cyc 0.755 idt 0.309) D_A 0.037 D_B 0.187 gnG 33.32 gnD 38.16 lr 2.00e-04 58 ms nan 0
2026-10-02 00:45:19,789 | INFO | iter 63900 epoch 32 G 2.636 (adv 1.760 cyc 0.658 idt 0.218) D_A 0.035 D_B 0.196 gnG 70.33 gnD 25.50 lr 2.00e-04 56 ms nan 0
2026-10-02 00:45:25,468 | INFO | iter 64000 epoch 32 G 1.450 (adv 0.931 cyc 0.383 idt 0.136) D_A 0.081 D_B 0.236 gnG 97.41 gnD 77.33 lr 2.00e-04 55 ms nan 0
2026-10-02 00:45:25,469 | INFO | epoch 32/400 {"loss_g": 2.3447, "loss_g_adv": 1.6045, "loss_cycle": 0.5409, "loss_identity": 0.1992, "loss_d_a": 0.025, "loss_d_b": 0.1191}
2026-10-02 00:45:30,987 | INFO | iter 64100 epoch 33 G 2.458 (adv 1.848 cyc 0.448 idt 0.163) D_A 0.002 D_B 0.165 gnG 89.03 gnD 16.07 lr 2.00e-04 58 ms nan 0
2026-10-02 00:45:36,772 | INFO | iter 64200 epoch 33 G 2.461 (adv 1.478 cyc 0.700 idt 0.283) D_A 0.003 D_B 0.224 gnG 80.72 gnD 16.12 lr 2.00e-04 56 ms nan 0
2026-10-02 00:45:42,407 | INFO | iter 64300 epoch 33 G 1.855 (adv 1.384 cyc 0.354 idt 0.117) D_A 0.008 D_B 0.014 gnG 76.02 gnD 4.34 lr 2.00e-04 54 ms nan 0
2026-10-02 00:45:48,159 | INFO | iter 64400 epoch 33 G 2.788 (adv 2.193 cyc 0.442 idt 0.154) D_A 0.002 D_B 0.016 gnG 24.15 gnD 2.37 lr 2.00e-04 60 ms nan 0
2026-10-02 00:45:53,939 | INFO | iter 64500 epoch 33 G 2.287 (adv 1.563 cyc 0.545 idt 0.179) D_A 0.002 D_B 0.058 gnG 37.78 gnD 10.40 lr 2.00e-04 55 ms nan 0
2026-10-02 00:45:59,530 | INFO | iter 64600 epoch 33 G 2.551 (adv 1.855 cyc 0.521 idt 0.175) D_A 0.001 D_B 0.081 gnG 128.46 gnD 4.30 lr 2.00e-04 58 ms nan 0
2026-10-02 00:46:05,269 | INFO | iter 64700 epoch 33 G 2.571 (adv 1.773 cyc 0.571 idt 0.227) D_A 0.003 D_B 0.322 gnG 28.55 gnD 98.68 lr 2.00e-04 58 ms nan 0
2026-10-02 00:46:10,919 | INFO | iter 64800 epoch 33 G 1.715 (adv 1.123 cyc 0.450 idt 0.142) D_A 0.005 D_B 0.227 gnG 28.23 gnD 43.76 lr 2.00e-04 55 ms nan 0
2026-10-02 00:46:16,567 | INFO | iter 64900 epoch 33 G 2.292 (adv 1.395 cyc 0.664 idt 0.233) D_A 0.007 D_B 0.064 gnG 91.74 gnD 5.19 lr 2.00e-04 56 ms nan 0
2026-10-02 00:46:22,231 | INFO | iter 65000 epoch 33 G 2.211 (adv 1.559 cyc 0.478 idt 0.174) D_A 0.003 D_B 0.031 gnG 53.32 gnD 3.48 lr 2.00e-04 56 ms nan 0
2026-10-02 00:46:27,878 | INFO | iter 65100 epoch 33 G 2.845 (adv 2.012 cyc 0.639 idt 0.195) D_A 0.004 D_B 0.615 gnG 98.16 gnD 36.48 lr 2.00e-04 62 ms nan 0
2026-10-02 00:46:33,748 | INFO | iter 65200 epoch 33 G 1.751 (adv 0.942 cyc 0.582 idt 0.227) D_A 0.015 D_B 0.311 gnG 28.69 gnD 27.69 lr 2.00e-04 64 ms nan 0
2026-10-02 00:46:39,307 | INFO | iter 65300 epoch 33 G 2.444 (adv 1.861 cyc 0.407 idt 0.176) D_A 0.002 D_B 0.152 gnG 21.23 gnD 23.68 lr 2.00e-04 56 ms nan 0
2026-10-02 00:46:44,973 | INFO | iter 65400 epoch 33 G 1.786 (adv 0.996 cyc 0.570 idt 0.221) D_A 0.170 D_B 0.026 gnG 121.69 gnD 19.71 lr 2.00e-04 55 ms nan 0
2026-10-02 00:46:50,477 | INFO | iter 65500 epoch 33 G 2.056 (adv 1.261 cyc 0.583 idt 0.211) D_A 0.028 D_B 0.127 gnG 52.01 gnD 24.89 lr 2.00e-04 56 ms nan 0
2026-10-02 00:46:56,130 | INFO | iter 65600 epoch 33 G 2.836 (adv 2.110 cyc 0.551 idt 0.175) D_A 0.023 D_B 0.255 gnG 63.39 gnD 39.09 lr 2.00e-04 61 ms nan 0
2026-10-02 00:47:01,678 | INFO | iter 65700 epoch 33 G 1.772 (adv 1.161 cyc 0.465 idt 0.146) D_A 0.021 D_B 0.106 gnG 97.37 gnD 25.06 lr 2.00e-04 61 ms nan 0
2026-10-02 00:47:07,477 | INFO | iter 65800 epoch 33 G 2.144 (adv 1.454 cyc 0.498 idt 0.192) D_A 0.040 D_B 0.023 gnG 80.61 gnD 16.70 lr 2.00e-04 62 ms nan 0
2026-10-02 00:47:13,073 | INFO | iter 65900 epoch 33 G 2.678 (adv 1.987 cyc 0.494 idt 0.198) D_A 0.006 D_B 0.212 gnG 93.16 gnD 46.19 lr 2.00e-04 56 ms nan 0
2026-10-02 00:47:18,640 | INFO | iter 66000 epoch 33 G 3.082 (adv 2.032 cyc 0.760 idt 0.291) D_A 0.005 D_B 0.035 gnG 50.70 gnD 6.67 lr 2.00e-04 54 ms nan 0
2026-10-02 00:47:18,641 | INFO | epoch 33/400 {"loss_g": 2.345, "loss_g_adv": 1.6109, "loss_cycle": 0.5372, "loss_identity": 0.197, "loss_d_a": 0.0212, "loss_d_b": 0.1109}
2026-10-02 00:47:24,293 | INFO | iter 66100 epoch 34 G 1.946 (adv 1.279 cyc 0.492 idt 0.174) D_A 0.020 D_B 0.239 gnG 113.08 gnD 28.13 lr 2.00e-04 57 ms nan 0
2026-10-02 00:47:29,912 | INFO | iter 66200 epoch 34 G 2.518 (adv 1.511 cyc 0.743 idt 0.265) D_A 0.061 D_B 0.071 gnG 102.65 gnD 68.45 lr 2.00e-04 55 ms nan 0
2026-10-02 00:47:35,612 | INFO | iter 66300 epoch 34 G 2.058 (adv 1.391 cyc 0.488 idt 0.179) D_A 0.003 D_B 0.092 gnG 122.74 gnD 16.48 lr 2.00e-04 54 ms nan 0
2026-10-02 00:47:41,305 | INFO | iter 66400 epoch 34 G 2.807 (adv 2.159 cyc 0.491 idt 0.158) D_A 0.003 D_B 0.264 gnG 41.22 gnD 38.63 lr 2.00e-04 57 ms nan 0
2026-10-02 00:47:47,011 | INFO | iter 66500 epoch 34 G 2.447 (adv 1.915 cyc 0.388 idt 0.143) D_A 0.003 D_B 0.061 gnG 59.18 gnD 16.62 lr 2.00e-04 67 ms nan 0
2026-10-02 00:47:52,508 | INFO | iter 66600 epoch 34 G 2.969 (adv 2.235 cyc 0.540 idt 0.195) D_A 0.008 D_B 0.029 gnG 32.54 gnD 9.32 lr 2.00e-04 57 ms nan 0
2026-10-02 00:47:58,408 | INFO | iter 66700 epoch 34 G 2.363 (adv 1.733 cyc 0.456 idt 0.174) D_A 0.002 D_B 0.179 gnG 81.62 gnD 8.39 lr 2.00e-04 56 ms nan 0
2026-10-02 00:48:04,138 | INFO | iter 66800 epoch 34 G 2.034 (adv 1.537 cyc 0.375 idt 0.122) D_A 0.002 D_B 0.155 gnG 84.88 gnD 28.13 lr 2.00e-04 55 ms nan 0
2026-10-02 00:48:09,687 | INFO | iter 66900 epoch 34 G 2.453 (adv 1.772 cyc 0.484 idt 0.198) D_A 0.003 D_B 0.285 gnG 113.45 gnD 49.10 lr 2.00e-04 55 ms nan 0
2026-10-02 00:48:15,268 | INFO | iter 67000 epoch 34 G 2.313 (adv 1.635 cyc 0.487 idt 0.191) D_A 0.017 D_B 0.100 gnG 139.95 gnD 31.36 lr 2.00e-04 55 ms nan 0
2026-10-02 00:48:20,851 | INFO | iter 67100 epoch 34 G 1.997 (adv 1.283 cyc 0.510 idt 0.204) D_A 0.001 D_B 0.198 gnG 194.96 gnD 96.92 lr 2.00e-04 58 ms nan 0
2026-10-02 00:48:26,490 | INFO | iter 67200 epoch 34 G 2.300 (adv 1.560 cyc 0.554 idt 0.186) D_A 0.002 D_B 0.122 gnG 55.70 gnD 40.80 lr 2.00e-04 54 ms nan 0
2026-10-02 00:48:32,152 | INFO | iter 67300 epoch 34 G 2.815 (adv 1.989 cyc 0.633 idt 0.193) D_A 0.003 D_B 0.016 gnG 25.43 gnD 1.66 lr 2.00e-04 57 ms nan 0
2026-10-02 00:48:37,847 | INFO | iter 67400 epoch 34 G 2.828 (adv 1.907 cyc 0.675 idt 0.246) D_A 0.003 D_B 0.188 gnG 51.50 gnD 32.30 lr 2.00e-04 62 ms nan 0
2026-10-02 00:48:43,403 | INFO | iter 67500 epoch 34 G 1.805 (adv 1.291 cyc 0.368 idt 0.146) D_A 0.380 D_B 0.050 gnG 89.46 gnD 128.77 lr 2.00e-04 54 ms nan 0
2026-10-02 00:48:49,048 | INFO | iter 67600 epoch 34 G 2.423 (adv 1.739 cyc 0.519 idt 0.165) D_A 0.004 D_B 0.113 gnG 68.51 gnD 9.38 lr 2.00e-04 57 ms nan 0
2026-10-02 00:48:54,658 | INFO | iter 67700 epoch 34 G 2.505 (adv 1.771 cyc 0.557 idt 0.178) D_A 0.002 D_B 0.098 gnG 29.17 gnD 7.82 lr 2.00e-04 56 ms nan 0
2026-10-02 00:49:00,248 | INFO | iter 67800 epoch 34 G 2.876 (adv 1.909 cyc 0.708 idt 0.259) D_A 0.040 D_B 0.081 gnG 51.32 gnD 16.87 lr 2.00e-04 57 ms nan 0
2026-10-02 00:49:06,154 | INFO | iter 67900 epoch 34 G 1.495 (adv 0.903 cyc 0.439 idt 0.153) D_A 0.008 D_B 0.011 gnG 12.40 gnD 2.02 lr 2.00e-04 57 ms nan 0
2026-10-02 00:49:11,664 | INFO | iter 68000 epoch 34 G 2.167 (adv 1.451 cyc 0.541 idt 0.175) D_A 0.002 D_B 0.225 gnG 149.24 gnD 46.21 lr 2.00e-04 61 ms nan 0
2026-10-02 00:49:11,665 | INFO | epoch 34/400 {"loss_g": 2.369, "loss_g_adv": 1.6374, "loss_cycle": 0.537, "loss_identity": 0.1945, "loss_d_a": 0.0161, "loss_d_b": 0.1115}
2026-10-02 00:49:17,298 | INFO | iter 68100 epoch 35 G 2.190 (adv 1.673 cyc 0.376 idt 0.142) D_A 0.316 D_B 0.365 gnG 60.50 gnD 144.64 lr 2.00e-04 56 ms nan 0
2026-10-02 00:49:22,801 | INFO | iter 68200 epoch 35 G 1.825 (adv 1.180 cyc 0.485 idt 0.161) D_A 0.017 D_B 0.164 gnG 144.38 gnD 24.89 lr 2.00e-04 66 ms nan 0
2026-10-02 00:49:28,364 | INFO | iter 68300 epoch 35 G 2.649 (adv 1.826 cyc 0.616 idt 0.207) D_A 0.002 D_B 0.056 gnG 141.36 gnD 10.86 lr 2.00e-04 55 ms nan 0
2026-10-02 00:49:34,068 | INFO | iter 68400 epoch 35 G 1.833 (adv 0.937 cyc 0.646 idt 0.249) D_A 0.006 D_B 0.180 gnG 125.02 gnD 29.10 lr 2.00e-04 55 ms nan 0
2026-10-02 00:49:39,641 | INFO | iter 68500 epoch 35 G 2.327 (adv 1.346 cyc 0.743 idt 0.239) D_A 0.004 D_B 0.031 gnG 15.50 gnD 14.27 lr 2.00e-04 56 ms nan 0
2026-10-02 00:49:45,448 | INFO | iter 68600 epoch 35 G 3.618 (adv 2.570 cyc 0.745 idt 0.303) D_A 0.004 D_B 0.128 gnG 83.18 gnD 35.03 lr 2.00e-04 55 ms nan 0
2026-10-02 00:49:50,956 | INFO | iter 68700 epoch 35 G 3.134 (adv 2.253 cyc 0.659 idt 0.222) D_A 0.003 D_B 0.075 gnG 158.09 gnD 18.27 lr 2.00e-04 58 ms nan 0
2026-10-02 00:49:56,552 | INFO | iter 68800 epoch 35 G 2.572 (adv 1.850 cyc 0.471 idt 0.251) D_A 0.002 D_B 0.120 gnG 51.90 gnD 26.10 lr 2.00e-04 54 ms nan 0
2026-10-02 00:50:02,123 | INFO | iter 68900 epoch 35 G 2.267 (adv 1.778 cyc 0.342 idt 0.147) D_A 0.018 D_B 0.393 gnG 139.33 gnD 23.56 lr 2.00e-04 59 ms nan 0
2026-10-02 00:50:07,738 | INFO | iter 69000 epoch 35 G 2.368 (adv 1.659 cyc 0.540 idt 0.169) D_A 0.014 D_B 0.036 gnG 115.25 gnD 11.43 lr 2.00e-04 55 ms nan 0
2026-10-02 00:50:13,328 | INFO | iter 69100 epoch 35 G 1.977 (adv 1.289 cyc 0.516 idt 0.172) D_A 0.004 D_B 0.067 gnG 48.13 gnD 7.79 lr 2.00e-04 61 ms nan 0
2026-10-02 00:50:18,851 | INFO | iter 69200 epoch 35 G 2.967 (adv 2.322 cyc 0.483 idt 0.162) D_A 0.004 D_B 0.028 gnG 23.50 gnD 9.76 lr 2.00e-04 59 ms nan 0
2026-10-02 00:50:24,476 | INFO | iter 69300 epoch 35 G 2.517 (adv 0.913 cyc 0.522 idt 1.082) D_A 0.012 D_B 0.669 gnG 35.18 gnD 67.80 lr 2.00e-04 55 ms nan 0
2026-10-02 00:50:30,054 | INFO | iter 69400 epoch 35 G 2.084 (adv 1.218 cyc 0.643 idt 0.224) D_A 0.014 D_B 0.137 gnG 86.48 gnD 15.48 lr 2.00e-04 58 ms nan 0
2026-10-02 00:50:35,700 | INFO | iter 69500 epoch 35 G 2.780 (adv 2.182 cyc 0.439 idt 0.159) D_A 0.003 D_B 0.076 gnG 71.08 gnD 14.91 lr 2.00e-04 61 ms nan 0
2026-10-02 00:50:41,165 | INFO | iter 69600 epoch 35 G 2.566 (adv 1.837 cyc 0.559 idt 0.169) D_A 0.002 D_B 0.193 gnG 61.43 gnD 17.67 lr 2.00e-04 55 ms nan 0
2026-10-02 00:50:46,802 | INFO | iter 69700 epoch 35 G 2.751 (adv 1.944 cyc 0.590 idt 0.217) D_A 0.012 D_B 0.079 gnG 27.10 gnD 12.58 lr 2.00e-04 55 ms nan 0
2026-10-02 00:50:52,326 | INFO | iter 69800 epoch 35 G 2.337 (adv 1.772 cyc 0.439 idt 0.127) D_A 0.007 D_B 0.020 gnG 108.14 gnD 3.93 lr 2.00e-04 57 ms nan 0
2026-10-02 00:50:57,956 | INFO | iter 69900 epoch 35 G 1.861 (adv 1.288 cyc 0.431 idt 0.142) D_A 0.026 D_B 0.074 gnG 130.70 gnD 16.33 lr 2.00e-04 57 ms nan 0
2026-10-02 00:51:03,697 | INFO | iter 70000 epoch 35 G 2.682 (adv 1.860 cyc 0.594 idt 0.229) D_A 0.002 D_B 0.215 gnG 17.32 gnD 37.07 lr 2.00e-04 57 ms nan 0
2026-10-02 00:51:03,699 | INFO | epoch 35/400 {"loss_g": 2.348, "loss_g_adv": 1.6167, "loss_cycle": 0.5346, "loss_identity": 0.1967, "loss_d_a": 0.021, "loss_d_b": 0.1104}
2026-10-02 00:51:17,746 | INFO | iter 70100 epoch 36 G 2.079 (adv 1.387 cyc 0.470 idt 0.222) D_A 0.003 D_B 0.271 gnG 55.60 gnD 17.17 lr 2.00e-04 55 ms nan 0
2026-10-02 00:51:23,369 | INFO | iter 70200 epoch 36 G 1.741 (adv 1.133 cyc 0.435 idt 0.172) D_A 0.002 D_B 0.255 gnG 27.80 gnD 29.23 lr 2.00e-04 56 ms nan 0
2026-10-02 00:51:28,989 | INFO | iter 70300 epoch 36 G 2.445 (adv 1.733 cyc 0.531 idt 0.181) D_A 0.085 D_B 0.075 gnG 92.29 gnD 49.51 lr 2.00e-04 56 ms nan 0
2026-10-02 00:51:34,751 | INFO | iter 70400 epoch 36 G 1.947 (adv 1.360 cyc 0.416 idt 0.171) D_A 0.003 D_B 0.045 gnG 104.25 gnD 14.93 lr 2.00e-04 56 ms nan 0
2026-10-02 00:51:40,320 | INFO | iter 70500 epoch 36 G 2.983 (adv 1.610 cyc 1.083 idt 0.291) D_A 0.011 D_B 0.052 gnG 130.79 gnD 13.29 lr 2.00e-04 77 ms nan 0
2026-10-02 00:51:46,108 | INFO | iter 70600 epoch 36 G 2.081 (adv 1.428 cyc 0.467 idt 0.187) D_A 0.003 D_B 0.132 gnG 91.68 gnD 16.77 lr 2.00e-04 59 ms nan 0
2026-10-02 00:51:51,645 | INFO | iter 70700 epoch 36 G 2.296 (adv 1.636 cyc 0.516 idt 0.143) D_A 0.002 D_B 0.075 gnG 40.24 gnD 18.64 lr 2.00e-04 60 ms nan 0
2026-10-02 00:51:57,463 | INFO | iter 70800 epoch 36 G 2.509 (adv 1.870 cyc 0.452 idt 0.187) D_A 0.002 D_B 0.020 gnG 100.26 gnD 12.44 lr 2.00e-04 57 ms nan 0
2026-10-02 00:52:03,081 | INFO | iter 70900 epoch 36 G 1.915 (adv 1.261 cyc 0.470 idt 0.184) D_A 0.005 D_B 0.035 gnG 123.96 gnD 11.67 lr 2.00e-04 56 ms nan 0
2026-10-02 00:52:08,619 | INFO | iter 71000 epoch 36 G 2.189 (adv 1.509 cyc 0.515 idt 0.165) D_A 0.003 D_B 0.033 gnG 151.61 gnD 3.34 lr 2.00e-04 57 ms nan 0
2026-10-02 00:52:14,307 | INFO | iter 71100 epoch 36 G 2.633 (adv 2.055 cyc 0.428 idt 0.150) D_A 0.004 D_B 0.078 gnG 69.04 gnD 7.77 lr 2.00e-04 55 ms nan 0
2026-10-02 00:52:19,919 | INFO | iter 71200 epoch 36 G 2.460 (adv 1.786 cyc 0.492 idt 0.183) D_A 0.005 D_B 0.028 gnG 98.63 gnD 6.78 lr 2.00e-04 59 ms nan 0
2026-10-02 00:52:25,477 | INFO | iter 71300 epoch 36 G 2.505 (adv 1.821 cyc 0.508 idt 0.176) D_A 0.002 D_B 0.308 gnG 35.78 gnD 33.38 lr 2.00e-04 57 ms nan 0
2026-10-02 00:52:30,996 | INFO | iter 71400 epoch 36 G 2.602 (adv 2.011 cyc 0.467 idt 0.125) D_A 0.002 D_B 0.237 gnG 67.11 gnD 100.96 lr 2.00e-04 56 ms nan 0
2026-10-02 00:52:36,662 | INFO | iter 71500 epoch 36 G 2.293 (adv 1.652 cyc 0.466 idt 0.175) D_A 0.002 D_B 0.121 gnG 189.88 gnD 6.86 lr 2.00e-04 55 ms nan 0
2026-10-02 00:52:42,322 | INFO | iter 71600 epoch 36 G 1.977 (adv 1.199 cyc 0.613 idt 0.165) D_A 0.002 D_B 0.031 gnG 66.09 gnD 3.59 lr 2.00e-04 60 ms nan 0
2026-10-02 00:52:47,894 | INFO | iter 71700 epoch 36 G 1.940 (adv 1.193 cyc 0.537 idt 0.210) D_A 0.003 D_B 0.015 gnG 12.18 gnD 1.68 lr 2.00e-04 54 ms nan 0
2026-10-02 00:52:53,577 | INFO | iter 71800 epoch 36 G 1.684 (adv 1.024 cyc 0.474 idt 0.186) D_A 0.157 D_B 0.070 gnG 195.35 gnD 40.22 lr 2.00e-04 76 ms nan 0
2026-10-02 00:52:59,206 | INFO | iter 71900 epoch 36 G 2.580 (adv 1.996 cyc 0.427 idt 0.157) D_A 0.005 D_B 0.093 gnG 111.41 gnD 32.88 lr 2.00e-04 68 ms nan 0
2026-10-02 00:53:05,106 | INFO | iter 72000 epoch 36 G 1.725 (adv 1.186 cyc 0.403 idt 0.136) D_A 0.007 D_B 0.259 gnG 111.39 gnD 24.70 lr 2.00e-04 59 ms nan 0
2026-10-02 00:53:05,107 | INFO | epoch 36/400 {"loss_g": 2.3382, "loss_g_adv": 1.6282, "loss_cycle": 0.522, "loss_identity": 0.1881, "loss_d_a": 0.0171, "loss_d_b": 0.1093}
2026-10-02 00:53:10,960 | INFO | iter 72100 epoch 37 G 2.018 (adv 1.323 cyc 0.339 idt 0.357) D_A 0.006 D_B 0.140 gnG 99.22 gnD 63.67 lr 2.00e-04 59 ms nan 0
2026-10-02 00:53:16,541 | INFO | iter 72200 epoch 37 G 2.294 (adv 1.673 cyc 0.445 idt 0.176) D_A 0.004 D_B 0.110 gnG 81.29 gnD 14.32 lr 2.00e-04 61 ms nan 0
2026-10-02 00:53:22,191 | INFO | iter 72300 epoch 37 G 2.844 (adv 1.950 cyc 0.663 idt 0.231) D_A 0.004 D_B 0.068 gnG 47.13 gnD 13.13 lr 2.00e-04 62 ms nan 0
2026-10-02 00:53:27,786 | INFO | iter 72400 epoch 37 G 1.952 (adv 1.188 cyc 0.584 idt 0.181) D_A 0.082 D_B 0.015 gnG 37.09 gnD 13.71 lr 2.00e-04 54 ms nan 0
2026-10-02 00:53:33,549 | INFO | iter 72500 epoch 37 G 2.266 (adv 1.542 cyc 0.549 idt 0.175) D_A 0.016 D_B 0.017 gnG 47.84 gnD 19.65 lr 2.00e-04 56 ms nan 0
2026-10-02 00:53:39,132 | INFO | iter 72600 epoch 37 G 2.842 (adv 2.130 cyc 0.552 idt 0.160) D_A 0.001 D_B 0.136 gnG 27.81 gnD 45.70 lr 2.00e-04 55 ms nan 0
2026-10-02 00:53:44,871 | INFO | iter 72700 epoch 37 G 2.284 (adv 1.767 cyc 0.392 idt 0.125) D_A 0.005 D_B 0.080 gnG 146.31 gnD 25.88 lr 2.00e-04 54 ms nan 0
2026-10-02 00:53:50,386 | INFO | iter 72800 epoch 37 G 2.681 (adv 1.998 cyc 0.527 idt 0.156) D_A 0.002 D_B 0.211 gnG 37.74 gnD 37.11 lr 2.00e-04 54 ms nan 0
2026-10-02 00:53:56,032 | INFO | iter 72900 epoch 37 G 2.275 (adv 1.541 cyc 0.543 idt 0.191) D_A 0.007 D_B 0.145 gnG 105.29 gnD 47.21 lr 2.00e-04 57 ms nan 0
2026-10-02 00:54:01,579 | INFO | iter 73000 epoch 37 G 2.816 (adv 1.562 cyc 0.895 idt 0.358) D_A 0.003 D_B 0.108 gnG 122.30 gnD 8.24 lr 2.00e-04 59 ms nan 0
2026-10-02 00:54:07,268 | INFO | iter 73100 epoch 37 G 2.551 (adv 1.574 cyc 0.718 idt 0.258) D_A 0.003 D_B 0.014 gnG 156.25 gnD 1.48 lr 2.00e-04 61 ms nan 0
2026-10-02 00:54:12,823 | INFO | iter 73200 epoch 37 G 2.525 (adv 1.668 cyc 0.617 idt 0.240) D_A 0.002 D_B 0.088 gnG 128.92 gnD 15.38 lr 2.00e-04 56 ms nan 0
2026-10-02 00:54:18,493 | INFO | iter 73300 epoch 37 G 2.665 (adv 1.987 cyc 0.489 idt 0.189) D_A 0.001 D_B 0.088 gnG 93.51 gnD 8.54 lr 2.00e-04 57 ms nan 0
2026-10-02 00:54:24,087 | INFO | iter 73400 epoch 37 G 1.734 (adv 1.094 cyc 0.476 idt 0.164) D_A 0.040 D_B 0.102 gnG 21.99 gnD 51.06 lr 2.00e-04 63 ms nan 0
2026-10-02 00:54:29,708 | INFO | iter 73500 epoch 37 G 2.008 (adv 1.421 cyc 0.453 idt 0.133) D_A 0.003 D_B 0.126 gnG 75.70 gnD 26.03 lr 2.00e-04 55 ms nan 0
2026-10-02 00:54:35,267 | INFO | iter 73600 epoch 37 G 3.011 (adv 2.227 cyc 0.575 idt 0.210) D_A 0.006 D_B 0.053 gnG 26.01 gnD 19.89 lr 2.00e-04 58 ms nan 0
2026-10-02 00:54:40,778 | INFO | iter 73700 epoch 37 G 2.460 (adv 1.854 cyc 0.451 idt 0.156) D_A 0.017 D_B 0.079 gnG 92.14 gnD 30.70 lr 2.00e-04 56 ms nan 0
2026-10-02 00:54:46,488 | INFO | iter 73800 epoch 37 G 1.858 (adv 1.182 cyc 0.500 idt 0.177) D_A 0.002 D_B 0.017 gnG 76.85 gnD 3.60 lr 2.00e-04 57 ms nan 0
2026-10-02 00:54:51,974 | INFO | iter 73900 epoch 37 G 1.919 (adv 1.218 cyc 0.521 idt 0.180) D_A 0.002 D_B 0.040 gnG 30.78 gnD 4.01 lr 2.00e-04 67 ms nan 0
2026-10-02 00:54:57,567 | INFO | iter 74000 epoch 37 G 2.294 (adv 1.498 cyc 0.595 idt 0.201) D_A 0.001 D_B 0.232 gnG 25.38 gnD 35.11 lr 2.00e-04 55 ms nan 0
2026-10-02 00:54:57,568 | INFO | epoch 37/400 {"loss_g": 2.3537, "loss_g_adv": 1.6446, "loss_cycle": 0.5211, "loss_identity": 0.1881, "loss_d_a": 0.0124, "loss_d_b": 0.1068}
2026-10-02 00:55:03,268 | INFO | iter 74100 epoch 38 G 2.785 (adv 2.152 cyc 0.500 idt 0.133) D_A 0.008 D_B 0.022 gnG 29.55 gnD 10.41 lr 2.00e-04 56 ms nan 0
2026-10-02 00:55:08,788 | INFO | iter 74200 epoch 38 G 2.308 (adv 1.837 cyc 0.363 idt 0.108) D_A 0.003 D_B 0.022 gnG 52.98 gnD 5.26 lr 2.00e-04 54 ms nan 0
2026-10-02 00:55:14,387 | INFO | iter 74300 epoch 38 G 1.937 (adv 1.303 cyc 0.470 idt 0.164) D_A 0.007 D_B 0.102 gnG 108.96 gnD 25.88 lr 2.00e-04 55 ms nan 0
2026-10-02 00:55:19,969 | INFO | iter 74400 epoch 38 G 1.721 (adv 1.014 cyc 0.493 idt 0.213) D_A 0.029 D_B 0.024 gnG 121.40 gnD 13.73 lr 2.00e-04 54 ms nan 0
2026-10-02 00:55:25,545 | INFO | iter 74500 epoch 38 G 2.287 (adv 1.531 cyc 0.584 idt 0.172) D_A 0.003 D_B 0.084 gnG 42.72 gnD 12.47 lr 2.00e-04 57 ms nan 0
2026-10-02 00:55:30,986 | INFO | iter 74600 epoch 38 G 2.091 (adv 1.549 cyc 0.393 idt 0.149) D_A 0.006 D_B 0.025 gnG 41.50 gnD 3.25 lr 2.00e-04 54 ms nan 0
2026-10-02 00:55:36,642 | INFO | iter 74700 epoch 38 G 1.862 (adv 1.348 cyc 0.389 idt 0.125) D_A 0.007 D_B 0.107 gnG 117.98 gnD 17.10 lr 2.00e-04 55 ms nan 0
2026-10-02 00:55:42,196 | INFO | iter 74800 epoch 38 G 1.927 (adv 1.338 cyc 0.445 idt 0.144) D_A 0.002 D_B 0.053 gnG 71.15 gnD 21.56 lr 2.00e-04 71 ms nan 0
2026-10-02 00:55:47,761 | INFO | iter 74900 epoch 38 G 2.047 (adv 1.292 cyc 0.564 idt 0.192) D_A 0.004 D_B 0.065 gnG 59.50 gnD 21.33 lr 2.00e-04 56 ms nan 0
2026-10-02 00:55:53,367 | INFO | iter 75000 epoch 38 G 2.772 (adv 1.954 cyc 0.608 idt 0.210) D_A 0.007 D_B 0.039 gnG 62.77 gnD 13.26 lr 2.00e-04 56 ms nan 0
2026-10-02 00:55:58,871 | INFO | iter 75100 epoch 38 G 2.289 (adv 1.765 cyc 0.381 idt 0.142) D_A 0.001 D_B 0.020 gnG 49.90 gnD 6.97 lr 2.00e-04 55 ms nan 0
2026-10-02 00:56:04,767 | INFO | iter 75200 epoch 38 G 2.324 (adv 1.696 cyc 0.451 idt 0.177) D_A 0.004 D_B 0.204 gnG 55.43 gnD 32.96 lr 2.00e-04 54 ms nan 0
2026-10-02 00:56:10,245 | INFO | iter 75300 epoch 38 G 2.751 (adv 2.062 cyc 0.509 idt 0.179) D_A 0.080 D_B 0.242 gnG 51.20 gnD 105.33 lr 2.00e-04 55 ms nan 0
2026-10-02 00:56:15,919 | INFO | iter 75400 epoch 38 G 2.095 (adv 1.498 cyc 0.447 idt 0.150) D_A 0.012 D_B 0.037 gnG 67.59 gnD 27.85 lr 2.00e-04 54 ms nan 0
2026-10-02 00:56:21,423 | INFO | iter 75500 epoch 38 G 1.988 (adv 1.421 cyc 0.413 idt 0.154) D_A 0.003 D_B 0.165 gnG 76.99 gnD 21.57 lr 2.00e-04 58 ms nan 0
2026-10-02 00:56:27,033 | INFO | iter 75600 epoch 38 G 1.564 (adv 1.053 cyc 0.403 idt 0.108) D_A 0.005 D_B 0.025 gnG 38.69 gnD 10.31 lr 2.00e-04 55 ms nan 0
2026-10-02 00:56:32,609 | INFO | iter 75700 epoch 38 G 2.931 (adv 2.264 cyc 0.487 idt 0.180) D_A 0.004 D_B 0.053 gnG 18.94 gnD 6.84 lr 2.00e-04 61 ms nan 0
2026-10-02 00:56:38,148 | INFO | iter 75800 epoch 38 G 2.576 (adv 1.883 cyc 0.508 idt 0.185) D_A 0.001 D_B 0.177 gnG 50.00 gnD 22.52 lr 2.00e-04 56 ms nan 0
2026-10-02 00:56:43,749 | INFO | iter 75900 epoch 38 G 2.018 (adv 1.330 cyc 0.515 idt 0.173) D_A 0.001 D_B 0.108 gnG 64.21 gnD 22.51 lr 2.00e-04 55 ms nan 0
2026-10-02 00:56:49,299 | INFO | iter 76000 epoch 38 G 2.630 (adv 1.844 cyc 0.586 idt 0.200) D_A 0.002 D_B 0.149 gnG 37.01 gnD 16.29 lr 2.00e-04 57 ms nan 0
2026-10-02 00:56:49,300 | INFO | epoch 38/400 {"loss_g": 2.35, "loss_g_adv": 1.6542, "loss_cycle": 0.511, "loss_identity": 0.1848, "loss_d_a": 0.0185, "loss_d_b": 0.0975}
2026-10-02 00:56:54,982 | INFO | iter 76100 epoch 39 G 2.630 (adv 1.917 cyc 0.539 idt 0.174) D_A 0.006 D_B 0.043 gnG 115.77 gnD 17.52 lr 2.00e-04 59 ms nan 0
2026-10-02 00:57:00,544 | INFO | iter 76200 epoch 39 G 2.049 (adv 1.430 cyc 0.345 idt 0.274) D_A 0.002 D_B 0.074 gnG 43.92 gnD 4.56 lr 2.00e-04 58 ms nan 0
2026-10-02 00:57:06,227 | INFO | iter 76300 epoch 39 G 3.122 (adv 2.277 cyc 0.655 idt 0.190) D_A 0.003 D_B 0.031 gnG 69.85 gnD 19.31 lr 2.00e-04 59 ms nan 0
2026-10-02 00:57:11,705 | INFO | iter 76400 epoch 39 G 3.196 (adv 2.411 cyc 0.573 idt 0.212) D_A 0.022 D_B 0.046 gnG 39.45 gnD 32.67 lr 2.00e-04 54 ms nan 0
2026-10-02 00:57:17,432 | INFO | iter 76500 epoch 39 G 2.961 (adv 2.448 cyc 0.394 idt 0.119) D_A 0.017 D_B 0.182 gnG 106.71 gnD 78.70 lr 2.00e-04 54 ms nan 0
2026-10-02 00:57:22,955 | INFO | iter 76600 epoch 39 G 2.515 (adv 2.007 cyc 0.405 idt 0.103) D_A 0.002 D_B 0.011 gnG 58.30 gnD 6.09 lr 2.00e-04 54 ms nan 0
2026-10-02 00:57:28,504 | INFO | iter 76700 epoch 39 G 2.192 (adv 1.456 cyc 0.546 idt 0.189) D_A 0.002 D_B 0.117 gnG 61.10 gnD 7.61 lr 2.00e-04 57 ms nan 0
2026-10-02 00:57:34,125 | INFO | iter 76800 epoch 39 G 2.476 (adv 1.795 cyc 0.503 idt 0.179) D_A 0.001 D_B 0.017 gnG 58.43 gnD 1.67 lr 2.00e-04 55 ms nan 0
2026-10-02 00:57:39,689 | INFO | iter 76900 epoch 39 G 2.511 (adv 1.772 cyc 0.554 idt 0.186) D_A 0.007 D_B 0.155 gnG 47.92 gnD 28.34 lr 2.00e-04 54 ms nan 0
2026-10-02 00:57:45,244 | INFO | iter 77000 epoch 39 G 2.177 (adv 1.345 cyc 0.629 idt 0.203) D_A 0.007 D_B 0.147 gnG 102.32 gnD 18.43 lr 2.00e-04 55 ms nan 0
2026-10-02 00:57:50,728 | INFO | iter 77100 epoch 39 G 2.308 (adv 1.385 cyc 0.677 idt 0.246) D_A 0.002 D_B 0.038 gnG 98.37 gnD 7.11 lr 2.00e-04 59 ms nan 0
2026-10-02 00:57:56,406 | INFO | iter 77200 epoch 39 G 2.190 (adv 1.576 cyc 0.489 idt 0.125) D_A 0.002 D_B 0.036 gnG 14.27 gnD 1.77 lr 2.00e-04 55 ms nan 0
2026-10-02 00:58:01,827 | INFO | iter 77300 epoch 39 G 1.730 (adv 1.156 cyc 0.426 idt 0.149) D_A 0.001 D_B 0.110 gnG 121.87 gnD 8.20 lr 2.00e-04 57 ms nan 0
2026-10-02 00:58:07,555 | INFO | iter 77400 epoch 39 G 2.216 (adv 1.444 cyc 0.535 idt 0.237) D_A 0.003 D_B 0.231 gnG 106.85 gnD 52.84 lr 2.00e-04 55 ms nan 0
2026-10-02 00:58:13,301 | INFO | iter 77500 epoch 39 G 1.900 (adv 1.270 cyc 0.467 idt 0.163) D_A 0.003 D_B 0.216 gnG 132.07 gnD 45.73 lr 2.00e-04 63 ms nan 0
2026-10-02 00:58:18,843 | INFO | iter 77600 epoch 39 G 2.012 (adv 1.207 cyc 0.576 idt 0.229) D_A 0.001 D_B 0.144 gnG 34.45 gnD 68.69 lr 2.00e-04 55 ms nan 0
2026-10-02 00:58:24,476 | INFO | iter 77700 epoch 39 G 2.318 (adv 1.714 cyc 0.451 idt 0.154) D_A 0.003 D_B 0.087 gnG 131.97 gnD 13.87 lr 2.00e-04 55 ms nan 0
2026-10-02 00:58:30,025 | INFO | iter 77800 epoch 39 G 2.125 (adv 1.162 cyc 0.588 idt 0.376) D_A 0.030 D_B 0.044 gnG 85.21 gnD 15.87 lr 2.00e-04 57 ms nan 0
2026-10-02 00:58:35,745 | INFO | iter 77900 epoch 39 G 2.799 (adv 2.242 cyc 0.421 idt 0.136) D_A 0.002 D_B 0.026 gnG 74.01 gnD 2.86 lr 2.00e-04 56 ms nan 0
2026-10-02 00:58:41,279 | INFO | iter 78000 epoch 39 G 2.873 (adv 2.347 cyc 0.416 idt 0.110) D_A 0.001 D_B 0.021 gnG 16.62 gnD 2.10 lr 2.00e-04 64 ms nan 0
2026-10-02 00:58:41,280 | INFO | epoch 39/400 {"loss_g": 2.373, "loss_g_adv": 1.666, "loss_cycle": 0.5211, "loss_identity": 0.186, "loss_d_a": 0.0133, "loss_d_b": 0.1017}
2026-10-02 00:58:46,965 | INFO | iter 78100 epoch 40 G 2.414 (adv 1.557 cyc 0.617 idt 0.240) D_A 0.002 D_B 0.137 gnG 98.29 gnD 11.87 lr 2.00e-04 54 ms nan 0
2026-10-02 00:58:52,595 | INFO | iter 78200 epoch 40 G 2.658 (adv 1.885 cyc 0.597 idt 0.176) D_A 0.002 D_B 0.073 gnG 130.35 gnD 10.10 lr 2.00e-04 59 ms nan 0
2026-10-02 00:58:58,290 | INFO | iter 78300 epoch 40 G 2.988 (adv 2.120 cyc 0.653 idt 0.215) D_A 0.007 D_B 0.014 gnG 61.45 gnD 3.17 lr 2.00e-04 54 ms nan 0
2026-10-02 00:59:04,040 | INFO | iter 78400 epoch 40 G 2.455 (adv 1.799 cyc 0.477 idt 0.179) D_A 0.004 D_B 0.076 gnG 123.51 gnD 8.15 lr 2.00e-04 59 ms nan 0
2026-10-02 00:59:09,658 | INFO | iter 78500 epoch 40 G 1.861 (adv 1.149 cyc 0.498 idt 0.214) D_A 0.001 D_B 0.030 gnG 58.60 gnD 6.84 lr 2.00e-04 58 ms nan 0
2026-10-02 00:59:15,305 | INFO | iter 78600 epoch 40 G 2.726 (adv 1.878 cyc 0.615 idt 0.234) D_A 0.001 D_B 0.071 gnG 55.20 gnD 14.05 lr 2.00e-04 54 ms nan 0
2026-10-02 00:59:20,768 | INFO | iter 78700 epoch 40 G 2.033 (adv 1.549 cyc 0.360 idt 0.125) D_A 0.003 D_B 0.065 gnG 80.83 gnD 9.04 lr 2.00e-04 58 ms nan 0
2026-10-02 00:59:26,485 | INFO | iter 78800 epoch 40 G 2.584 (adv 1.768 cyc 0.615 idt 0.202) D_A 0.003 D_B 0.098 gnG 54.87 gnD 46.91 lr 2.00e-04 69 ms nan 0
2026-10-02 00:59:32,028 | INFO | iter 78900 epoch 40 G 2.743 (adv 2.167 cyc 0.437 idt 0.139) D_A 0.002 D_B 0.078 gnG 30.18 gnD 12.37 lr 2.00e-04 56 ms nan 0
2026-10-02 00:59:37,761 | INFO | iter 79000 epoch 40 G 2.302 (adv 1.629 cyc 0.492 idt 0.181) D_A 0.002 D_B 0.063 gnG 139.05 gnD 3.17 lr 2.00e-04 55 ms nan 0
2026-10-02 00:59:43,370 | INFO | iter 79100 epoch 40 G 2.078 (adv 1.372 cyc 0.528 idt 0.178) D_A 0.002 D_B 0.195 gnG 64.41 gnD 36.86 lr 2.00e-04 60 ms nan 0
2026-10-02 00:59:48,924 | INFO | iter 79200 epoch 40 G 2.247 (adv 1.600 cyc 0.496 idt 0.152) D_A 0.002 D_B 0.033 gnG 203.79 gnD 9.80 lr 2.00e-04 54 ms nan 0
2026-10-02 00:59:54,573 | INFO | iter 79300 epoch 40 G 2.297 (adv 1.529 cyc 0.562 idt 0.206) D_A 0.002 D_B 0.209 gnG 96.92 gnD 48.26 lr 2.00e-04 57 ms nan 0
2026-10-02 01:00:00,144 | INFO | iter 79400 epoch 40 G 2.041 (adv 1.355 cyc 0.504 idt 0.182) D_A 0.424 D_B 0.017 gnG 62.13 gnD 99.78 lr 2.00e-04 66 ms nan 0
2026-10-02 01:00:05,958 | INFO | iter 79500 epoch 40 G 2.791 (adv 2.012 cyc 0.556 idt 0.222) D_A 0.001 D_B 0.252 gnG 88.81 gnD 85.65 lr 2.00e-04 57 ms nan 0
2026-10-02 01:00:11,490 | INFO | iter 79600 epoch 40 G 2.732 (adv 2.184 cyc 0.402 idt 0.146) D_A 0.003 D_B 0.012 gnG 18.04 gnD 2.38 lr 2.00e-04 55 ms nan 0
2026-10-02 01:00:17,142 | INFO | iter 79700 epoch 40 G 2.252 (adv 1.135 cyc 0.537 idt 0.581) D_A 0.007 D_B 0.025 gnG 59.07 gnD 7.50 lr 2.00e-04 56 ms nan 0
2026-10-02 01:00:22,787 | INFO | iter 79800 epoch 40 G 2.143 (adv 1.635 cyc 0.328 idt 0.181) D_A 0.001 D_B 0.092 gnG 161.73 gnD 13.37 lr 2.00e-04 54 ms nan 0
2026-10-02 01:00:28,555 | INFO | iter 79900 epoch 40 G 3.352 (adv 2.696 cyc 0.486 idt 0.170) D_A 0.003 D_B 0.061 gnG 34.11 gnD 6.38 lr 2.00e-04 61 ms nan 0
2026-10-02 01:00:34,393 | INFO | iter 80000 epoch 40 G 1.867 (adv 1.392 cyc 0.364 idt 0.112) D_A 0.001 D_B 0.089 gnG 78.64 gnD 69.89 lr 2.00e-04 62 ms nan 0
2026-10-02 01:00:34,395 | INFO | epoch 40/400 {"loss_g": 2.3705, "loss_g_adv": 1.667, "loss_cycle": 0.5157, "loss_identity": 0.1878, "loss_d_a": 0.0205, "loss_d_b": 0.0986}
2026-10-02 01:00:58,503 | INFO | validation {"epoch": 40, "val_fid_a2b": 108.50192451769311, "val_fid_b2a": 140.76534524326297, "val_fid_mean": 124.63363488047804}
2026-10-02 01:01:13,547 | INFO | iter 80100 epoch 41 G 2.181 (adv 1.483 cyc 0.484 idt 0.214) D_A 0.002 D_B 0.199 gnG 209.49 gnD 75.09 lr 2.00e-04 59 ms nan 0
2026-10-02 01:01:19,139 | INFO | iter 80200 epoch 41 G 2.745 (adv 1.931 cyc 0.587 idt 0.226) D_A 0.002 D_B 0.086 gnG 55.36 gnD 35.67 lr 2.00e-04 55 ms nan 0
2026-10-02 01:01:24,915 | INFO | iter 80300 epoch 41 G 2.687 (adv 2.154 cyc 0.412 idt 0.120) D_A 0.001 D_B 0.065 gnG 41.50 gnD 8.10 lr 2.00e-04 57 ms nan 0
2026-10-02 01:01:30,536 | INFO | iter 80400 epoch 41 G 2.407 (adv 1.799 cyc 0.458 idt 0.149) D_A 0.001 D_B 0.218 gnG 14.49 gnD 25.73 lr 2.00e-04 60 ms nan 0
2026-10-02 01:01:36,518 | INFO | iter 80500 epoch 41 G 2.601 (adv 1.790 cyc 0.598 idt 0.214) D_A 0.001 D_B 0.108 gnG 73.27 gnD 16.21 lr 2.00e-04 60 ms nan 0
2026-10-02 01:01:42,094 | INFO | iter 80600 epoch 41 G 2.700 (adv 2.060 cyc 0.461 idt 0.178) D_A 0.002 D_B 0.239 gnG 62.77 gnD 18.44 lr 2.00e-04 56 ms nan 0
2026-10-02 01:01:47,850 | INFO | iter 80700 epoch 41 G 1.347 (adv 0.814 cyc 0.397 idt 0.136) D_A 0.006 D_B 0.054 gnG 151.26 gnD 6.84 lr 2.00e-04 55 ms nan 0
2026-10-02 01:01:53,590 | INFO | iter 80800 epoch 41 G 1.924 (adv 1.364 cyc 0.422 idt 0.138) D_A 0.001 D_B 0.022 gnG 61.11 gnD 4.31 lr 2.00e-04 57 ms nan 0
2026-10-02 01:01:59,192 | INFO | iter 80900 epoch 41 G 2.734 (adv 1.982 cyc 0.558 idt 0.194) D_A 0.001 D_B 0.023 gnG 18.02 gnD 1.67 lr 2.00e-04 58 ms nan 0
2026-10-02 01:02:04,897 | INFO | iter 81000 epoch 41 G 2.592 (adv 1.865 cyc 0.516 idt 0.211) D_A 0.001 D_B 0.014 gnG 97.07 gnD 3.09 lr 2.00e-04 68 ms nan 0
2026-10-02 01:02:10,521 | INFO | iter 81100 epoch 41 G 2.282 (adv 1.636 cyc 0.503 idt 0.143) D_A 0.217 D_B 0.101 gnG 134.74 gnD 149.53 lr 2.00e-04 55 ms nan 0
2026-10-02 01:02:16,169 | INFO | iter 81200 epoch 41 G 2.147 (adv 1.404 cyc 0.550 idt 0.193) D_A 0.019 D_B 0.020 gnG 87.62 gnD 20.31 lr 2.00e-04 58 ms nan 0
2026-10-02 01:02:21,735 | INFO | iter 81300 epoch 41 G 2.230 (adv 1.678 cyc 0.408 idt 0.143) D_A 0.001 D_B 0.060 gnG 80.62 gnD 30.68 lr 2.00e-04 57 ms nan 0
2026-10-02 01:02:27,471 | INFO | iter 81400 epoch 41 G 2.358 (adv 1.681 cyc 0.499 idt 0.178) D_A 0.002 D_B 0.043 gnG 42.01 gnD 17.70 lr 2.00e-04 57 ms nan 0
2026-10-02 01:02:33,105 | INFO | iter 81500 epoch 41 G 3.395 (adv 2.545 cyc 0.616 idt 0.233) D_A 0.001 D_B 0.028 gnG 15.03 gnD 6.25 lr 2.00e-04 60 ms nan 0
2026-10-02 01:02:38,693 | INFO | iter 81600 epoch 41 G 1.686 (adv 1.075 cyc 0.461 idt 0.150) D_A 0.002 D_B 0.201 gnG 28.66 gnD 24.96 lr 2.00e-04 57 ms nan 0
2026-10-02 01:02:44,332 | INFO | iter 81700 epoch 41 G 1.857 (adv 1.206 cyc 0.485 idt 0.166) D_A 0.280 D_B 0.057 gnG 130.34 gnD 14.30 lr 2.00e-04 55 ms nan 0
2026-10-02 01:02:50,011 | INFO | iter 81800 epoch 41 G 2.408 (adv 1.829 cyc 0.440 idt 0.139) D_A 0.408 D_B 0.067 gnG 59.77 gnD 90.07 lr 2.00e-04 57 ms nan 0
2026-10-02 01:02:55,667 | INFO | iter 81900 epoch 41 G 2.231 (adv 1.481 cyc 0.550 idt 0.200) D_A 0.008 D_B 0.335 gnG 97.61 gnD 56.67 lr 2.00e-04 58 ms nan 0
2026-10-02 01:03:01,182 | INFO | iter 82000 epoch 41 G 2.413 (adv 1.887 cyc 0.397 idt 0.129) D_A 0.002 D_B 0.159 gnG 63.01 gnD 19.18 lr 2.00e-04 62 ms nan 0
2026-10-02 01:03:01,183 | INFO | epoch 41/400 {"loss_g": 2.3603, "loss_g_adv": 1.6747, "loss_cycle": 0.5016, "loss_identity": 0.184, "loss_d_a": 0.0147, "loss_d_b": 0.0968}
2026-10-02 01:03:06,815 | INFO | iter 82100 epoch 42 G 1.923 (adv 1.227 cyc 0.518 idt 0.178) D_A 0.007 D_B 0.278 gnG 41.35 gnD 25.12 lr 2.00e-04 57 ms nan 0
2026-10-02 01:03:12,494 | INFO | iter 82200 epoch 42 G 2.671 (adv 1.961 cyc 0.458 idt 0.252) D_A 0.004 D_B 0.205 gnG 33.35 gnD 21.76 lr 2.00e-04 70 ms nan 0
2026-10-02 01:03:18,115 | INFO | iter 82300 epoch 42 G 2.151 (adv 1.604 cyc 0.416 idt 0.131) D_A 0.001 D_B 0.011 gnG 32.36 gnD 1.49 lr 2.00e-04 60 ms nan 0
2026-10-02 01:03:23,802 | INFO | iter 82400 epoch 42 G 2.435 (adv 1.822 cyc 0.443 idt 0.169) D_A 0.004 D_B 0.109 gnG 72.97 gnD 18.03 lr 2.00e-04 58 ms nan 0
2026-10-02 01:03:29,348 | INFO | iter 82500 epoch 42 G 2.288 (adv 1.559 cyc 0.544 idt 0.185) D_A 0.001 D_B 0.048 gnG 121.98 gnD 7.17 lr 2.00e-04 56 ms nan 0
2026-10-02 01:03:34,971 | INFO | iter 82600 epoch 42 G 2.471 (adv 1.805 cyc 0.487 idt 0.179) D_A 0.001 D_B 0.021 gnG 105.27 gnD 7.90 lr 2.00e-04 55 ms nan 0
2026-10-02 01:03:40,633 | INFO | iter 82700 epoch 42 G 1.784 (adv 1.007 cyc 0.566 idt 0.211) D_A 0.010 D_B 0.096 gnG 80.08 gnD 37.59 lr 2.00e-04 57 ms nan 0
2026-10-02 01:03:46,298 | INFO | iter 82800 epoch 42 G 2.660 (adv 1.853 cyc 0.544 idt 0.263) D_A 0.005 D_B 0.026 gnG 64.42 gnD 7.02 lr 2.00e-04 56 ms nan 0
2026-10-02 01:03:51,786 | INFO | iter 82900 epoch 42 G 2.381 (adv 1.538 cyc 0.599 idt 0.243) D_A 0.003 D_B 0.186 gnG 142.46 gnD 23.48 lr 2.00e-04 57 ms nan 0
2026-10-02 01:03:57,652 | INFO | iter 83000 epoch 42 G 2.657 (adv 1.907 cyc 0.530 idt 0.219) D_A 0.002 D_B 0.265 gnG 112.36 gnD 23.08 lr 2.00e-04 54 ms nan 0
2026-10-02 01:04:03,339 | INFO | iter 83100 epoch 42 G 2.195 (adv 1.482 cyc 0.516 idt 0.197) D_A 0.001 D_B 0.021 gnG 91.04 gnD 3.79 lr 2.00e-04 54 ms nan 0
2026-10-02 01:04:08,885 | INFO | iter 83200 epoch 42 G 2.044 (adv 1.473 cyc 0.405 idt 0.165) D_A 0.002 D_B 0.013 gnG 96.55 gnD 1.11 lr 2.00e-04 57 ms nan 0
2026-10-02 01:04:14,558 | INFO | iter 83300 epoch 42 G 1.620 (adv 0.918 cyc 0.516 idt 0.186) D_A 0.004 D_B 0.051 gnG 64.91 gnD 8.77 lr 2.00e-04 63 ms nan 0
2026-10-02 01:04:20,084 | INFO | iter 83400 epoch 42 G 1.768 (adv 1.060 cyc 0.513 idt 0.195) D_A 0.001 D_B 0.012 gnG 37.05 gnD 3.20 lr 2.00e-04 55 ms nan 0
2026-10-02 01:04:25,768 | INFO | iter 83500 epoch 42 G 2.670 (adv 2.200 cyc 0.341 idt 0.128) D_A 0.004 D_B 0.164 gnG 247.99 gnD 50.18 lr 2.00e-04 55 ms nan 0
2026-10-02 01:04:31,294 | INFO | iter 83600 epoch 42 G 2.423 (adv 1.677 cyc 0.575 idt 0.171) D_A 0.002 D_B 0.037 gnG 110.15 gnD 9.73 lr 2.00e-04 58 ms nan 0
2026-10-02 01:04:37,019 | INFO | iter 83700 epoch 42 G 2.640 (adv 2.039 cyc 0.447 idt 0.155) D_A 0.001 D_B 0.075 gnG 142.57 gnD 38.96 lr 2.00e-04 59 ms nan 0
2026-10-02 01:04:42,603 | INFO | iter 83800 epoch 42 G 3.121 (adv 2.281 cyc 0.578 idt 0.261) D_A 0.005 D_B 0.415 gnG 56.46 gnD 36.47 lr 2.00e-04 61 ms nan 0
2026-10-02 01:04:48,292 | INFO | iter 83900 epoch 42 G 2.359 (adv 1.543 cyc 0.620 idt 0.196) D_A 0.001 D_B 0.164 gnG 68.19 gnD 33.85 lr 2.00e-04 54 ms nan 0
2026-10-02 01:04:53,892 | INFO | iter 84000 epoch 42 G 2.521 (adv 2.014 cyc 0.377 idt 0.131) D_A 0.001 D_B 0.071 gnG 58.61 gnD 20.79 lr 2.00e-04 55 ms nan 0
2026-10-02 01:04:53,893 | INFO | epoch 42/400 {"loss_g": 2.3891, "loss_g_adv": 1.7046, "loss_cycle": 0.5027, "loss_identity": 0.1817, "loss_d_a": 0.0078, "loss_d_b": 0.0951}
2026-10-02 01:04:59,473 | INFO | iter 84100 epoch 43 G 2.267 (adv 1.593 cyc 0.494 idt 0.181) D_A 0.001 D_B 0.022 gnG 90.43 gnD 4.92 lr 2.00e-04 59 ms nan 0
2026-10-02 01:05:05,155 | INFO | iter 84200 epoch 43 G 2.091 (adv 1.491 cyc 0.422 idt 0.179) D_A 0.001 D_B 0.054 gnG 277.97 gnD 20.60 lr 2.00e-04 57 ms nan 0
2026-10-02 01:05:10,737 | INFO | iter 84300 epoch 43 G 2.808 (adv 2.130 cyc 0.515 idt 0.163) D_A 0.005 D_B 0.056 gnG 37.52 gnD 9.11 lr 2.00e-04 55 ms nan 0
2026-10-02 01:05:16,428 | INFO | iter 84400 epoch 43 G 1.347 (adv 0.766 cyc 0.430 idt 0.151) D_A 0.015 D_B 0.270 gnG 132.43 gnD 46.78 lr 2.00e-04 54 ms nan 0
2026-10-02 01:05:21,917 | INFO | iter 84500 epoch 43 G 2.641 (adv 1.922 cyc 0.521 idt 0.198) D_A 0.002 D_B 0.055 gnG 42.86 gnD 19.43 lr 2.00e-04 64 ms nan 0
2026-10-02 01:05:27,498 | INFO | iter 84600 epoch 43 G 1.730 (adv 1.111 cyc 0.452 idt 0.167) D_A 0.145 D_B 0.061 gnG 177.75 gnD 35.90 lr 2.00e-04 56 ms nan 0
2026-10-02 01:05:33,144 | INFO | iter 84700 epoch 43 G 2.964 (adv 2.248 cyc 0.530 idt 0.185) D_A 0.001 D_B 0.029 gnG 29.84 gnD 10.58 lr 2.00e-04 56 ms nan 0
2026-10-02 01:05:38,768 | INFO | iter 84800 epoch 43 G 2.372 (adv 1.626 cyc 0.534 idt 0.212) D_A 0.004 D_B 0.087 gnG 89.42 gnD 13.28 lr 2.00e-04 54 ms nan 0
2026-10-02 01:05:44,353 | INFO | iter 84900 epoch 43 G 2.378 (adv 1.706 cyc 0.501 idt 0.171) D_A 0.002 D_B 0.062 gnG 144.69 gnD 12.21 lr 2.00e-04 55 ms nan 0
2026-10-02 01:05:49,954 | INFO | iter 85000 epoch 43 G 1.839 (adv 1.374 cyc 0.351 idt 0.114) D_A 0.002 D_B 0.039 gnG 160.76 gnD 2.90 lr 2.00e-04 56 ms nan 0
2026-10-02 01:05:55,776 | INFO | iter 85100 epoch 43 G 2.532 (adv 2.033 cyc 0.364 idt 0.135) D_A 0.001 D_B 0.092 gnG 12.94 gnD 26.37 lr 2.00e-04 59 ms nan 0
2026-10-02 01:06:01,544 | INFO | iter 85200 epoch 43 G 3.231 (adv 2.178 cyc 0.642 idt 0.411) D_A 0.001 D_B 0.018 gnG 42.66 gnD 7.69 lr 2.00e-04 58 ms nan 0
2026-10-02 01:06:07,183 | INFO | iter 85300 epoch 43 G 2.497 (adv 1.795 cyc 0.534 idt 0.169) D_A 0.003 D_B 0.270 gnG 72.01 gnD 18.69 lr 2.00e-04 56 ms nan 0
2026-10-02 01:06:12,735 | INFO | iter 85400 epoch 43 G 1.756 (adv 1.283 cyc 0.352 idt 0.121) D_A 0.002 D_B 0.033 gnG 81.90 gnD 19.38 lr 2.00e-04 68 ms nan 0
2026-10-02 01:06:18,391 | INFO | iter 85500 epoch 43 G 2.642 (adv 1.871 cyc 0.578 idt 0.192) D_A 0.001 D_B 0.120 gnG 25.05 gnD 39.46 lr 2.00e-04 83 ms nan 0
2026-10-02 01:06:24,114 | INFO | iter 85600 epoch 43 G 2.204 (adv 1.590 cyc 0.478 idt 0.136) D_A 0.003 D_B 0.062 gnG 105.41 gnD 13.65 lr 2.00e-04 58 ms nan 0
2026-10-02 01:06:29,736 | INFO | iter 85700 epoch 43 G 2.696 (adv 1.896 cyc 0.593 idt 0.207) D_A 0.038 D_B 0.016 gnG 63.18 gnD 19.73 lr 2.00e-04 56 ms nan 0
2026-10-02 01:06:35,371 | INFO | iter 85800 epoch 43 G 2.772 (adv 1.828 cyc 0.709 idt 0.234) D_A 0.004 D_B 0.013 gnG 86.56 gnD 3.54 lr 2.00e-04 57 ms nan 0
2026-10-02 01:06:40,919 | INFO | iter 85900 epoch 43 G 2.563 (adv 1.902 cyc 0.498 idt 0.163) D_A 0.003 D_B 0.027 gnG 75.47 gnD 2.11 lr 2.00e-04 55 ms nan 0
2026-10-02 01:06:46,642 | INFO | iter 86000 epoch 43 G 3.032 (adv 2.231 cyc 0.610 idt 0.191) D_A 0.229 D_B 0.016 gnG 18.16 gnD 26.45 lr 2.00e-04 63 ms nan 0
2026-10-02 01:06:46,643 | INFO | epoch 43/400 {"loss_g": 2.3975, "loss_g_adv": 1.7165, "loss_cycle": 0.4993, "loss_identity": 0.1816, "loss_d_a": 0.0179, "loss_d_b": 0.0822}
2026-10-02 01:06:52,182 | INFO | iter 86100 epoch 44 G 2.018 (adv 1.294 cyc 0.538 idt 0.187) D_A 0.004 D_B 0.022 gnG 93.96 gnD 5.70 lr 2.00e-04 55 ms nan 0
2026-10-02 01:06:57,981 | INFO | iter 86200 epoch 44 G 2.710 (adv 1.935 cyc 0.573 idt 0.202) D_A 0.003 D_B 0.014 gnG 85.70 gnD 3.72 lr 2.00e-04 58 ms nan 0
2026-10-02 01:07:03,557 | INFO | iter 86300 epoch 44 G 1.981 (adv 1.017 cyc 0.718 idt 0.246) D_A 0.002 D_B 0.019 gnG 209.27 gnD 4.68 lr 2.00e-04 56 ms nan 0
2026-10-02 01:07:09,091 | INFO | iter 86400 epoch 44 G 2.672 (adv 2.031 cyc 0.467 idt 0.174) D_A 0.001 D_B 0.049 gnG 15.52 gnD 15.49 lr 2.00e-04 55 ms nan 0
2026-10-02 01:07:14,732 | INFO | iter 86500 epoch 44 G 2.684 (adv 2.010 cyc 0.481 idt 0.192) D_A 0.001 D_B 0.020 gnG 39.70 gnD 7.92 lr 2.00e-04 68 ms nan 0
2026-10-02 01:07:20,325 | INFO | iter 86600 epoch 44 G 2.640 (adv 1.953 cyc 0.509 idt 0.178) D_A 0.001 D_B 0.011 gnG 53.31 gnD 0.91 lr 2.00e-04 55 ms nan 0
2026-10-02 01:07:25,925 | INFO | iter 86700 epoch 44 G 3.195 (adv 2.249 cyc 0.685 idt 0.260) D_A 0.003 D_B 0.044 gnG 26.25 gnD 15.79 lr 2.00e-04 55 ms nan 0
2026-10-02 01:07:31,487 | INFO | iter 86800 epoch 44 G 2.229 (adv 1.604 cyc 0.476 idt 0.150) D_A 0.003 D_B 0.056 gnG 179.49 gnD 4.68 lr 2.00e-04 54 ms nan 0
2026-10-02 01:07:37,128 | INFO | iter 86900 epoch 44 G 2.563 (adv 1.849 cyc 0.509 idt 0.205) D_A 0.002 D_B 0.017 gnG 55.57 gnD 2.61 lr 2.00e-04 55 ms nan 0
2026-10-02 01:07:42,551 | INFO | iter 87000 epoch 44 G 2.580 (adv 1.936 cyc 0.483 idt 0.161) D_A 0.038 D_B 0.047 gnG 79.56 gnD 9.08 lr 2.00e-04 55 ms nan 0
2026-10-02 01:07:48,177 | INFO | iter 87100 epoch 44 G 2.791 (adv 2.030 cyc 0.583 idt 0.178) D_A 0.010 D_B 0.083 gnG 19.08 gnD 22.00 lr 2.00e-04 56 ms nan 0
2026-10-02 01:07:53,900 | INFO | iter 87200 epoch 44 G 1.799 (adv 1.203 cyc 0.449 idt 0.146) D_A 0.044 D_B 0.116 gnG 108.66 gnD 74.48 lr 2.00e-04 65 ms nan 0
2026-10-02 01:07:59,580 | INFO | iter 87300 epoch 44 G 2.861 (adv 2.219 cyc 0.474 idt 0.168) D_A 0.002 D_B 0.026 gnG 12.88 gnD 12.71 lr 2.00e-04 57 ms nan 0
2026-10-02 01:08:05,427 | INFO | iter 87400 epoch 44 G 2.725 (adv 1.991 cyc 0.531 idt 0.203) D_A 0.002 D_B 0.046 gnG 86.66 gnD 20.34 lr 2.00e-04 55 ms nan 0
2026-10-02 01:08:10,922 | INFO | iter 87500 epoch 44 G 2.575 (adv 1.994 cyc 0.428 idt 0.153) D_A 0.001 D_B 0.083 gnG 132.46 gnD 29.75 lr 2.00e-04 59 ms nan 0
2026-10-02 01:08:16,520 | INFO | iter 87600 epoch 44 G 2.920 (adv 2.175 cyc 0.544 idt 0.200) D_A 0.001 D_B 0.305 gnG 17.84 gnD 13.88 lr 2.00e-04 59 ms nan 0
2026-10-02 01:08:22,047 | INFO | iter 87700 epoch 44 G 3.195 (adv 2.418 cyc 0.508 idt 0.269) D_A 0.001 D_B 0.409 gnG 31.31 gnD 60.84 lr 2.00e-04 60 ms nan 0
2026-10-02 01:08:27,670 | INFO | iter 87800 epoch 44 G 2.682 (adv 1.944 cyc 0.518 idt 0.219) D_A 0.075 D_B 0.035 gnG 20.27 gnD 65.63 lr 2.00e-04 58 ms nan 0
2026-10-02 01:08:33,261 | INFO | iter 87900 epoch 44 G 3.021 (adv 2.341 cyc 0.475 idt 0.204) D_A 0.002 D_B 0.023 gnG 13.94 gnD 13.64 lr 2.00e-04 58 ms nan 0
2026-10-02 01:08:38,813 | INFO | iter 88000 epoch 44 G 2.185 (adv 1.344 cyc 0.629 idt 0.212) D_A 0.002 D_B 0.029 gnG 127.50 gnD 11.32 lr 2.00e-04 57 ms nan 0
2026-10-02 01:08:38,814 | INFO | epoch 44/400 {"loss_g": 2.3997, "loss_g_adv": 1.7202, "loss_cycle": 0.4997, "loss_identity": 0.1798, "loss_d_a": 0.0105, "loss_d_b": 0.0843}
2026-10-02 01:08:44,407 | INFO | iter 88100 epoch 45 G 2.501 (adv 1.828 cyc 0.521 idt 0.151) D_A 0.003 D_B 0.017 gnG 26.14 gnD 1.78 lr 2.00e-04 60 ms nan 0
2026-10-02 01:08:50,061 | INFO | iter 88200 epoch 45 G 1.932 (adv 1.349 cyc 0.417 idt 0.165) D_A 0.014 D_B 0.111 gnG 80.40 gnD 24.13 lr 2.00e-04 54 ms nan 0
2026-10-02 01:08:55,715 | INFO | iter 88300 epoch 45 G 2.439 (adv 1.887 cyc 0.409 idt 0.143) D_A 0.003 D_B 0.151 gnG 104.46 gnD 12.29 lr 2.00e-04 56 ms nan 0
2026-10-02 01:09:01,282 | INFO | iter 88400 epoch 45 G 2.647 (adv 1.717 cyc 0.703 idt 0.226) D_A 0.036 D_B 0.198 gnG 140.10 gnD 13.41 lr 2.00e-04 59 ms nan 0
2026-10-02 01:09:07,039 | INFO | iter 88500 epoch 45 G 2.060 (adv 1.482 cyc 0.429 idt 0.150) D_A 0.021 D_B 0.047 gnG 118.38 gnD 27.33 lr 2.00e-04 60 ms nan 0
2026-10-02 01:09:12,582 | INFO | iter 88600 epoch 45 G 2.644 (adv 1.733 cyc 0.669 idt 0.242) D_A 0.009 D_B 0.041 gnG 144.27 gnD 6.23 lr 2.00e-04 54 ms nan 0
2026-10-02 01:09:18,380 | INFO | iter 88700 epoch 45 G 1.698 (adv 1.128 cyc 0.418 idt 0.152) D_A 0.002 D_B 0.056 gnG 38.38 gnD 7.06 lr 2.00e-04 55 ms nan 0
2026-10-02 01:09:24,051 | INFO | iter 88800 epoch 45 G 2.273 (adv 1.503 cyc 0.564 idt 0.206) D_A 0.001 D_B 0.042 gnG 42.29 gnD 10.07 lr 2.00e-04 61 ms nan 0
2026-10-02 01:09:29,592 | INFO | iter 88900 epoch 45 G 1.636 (adv 0.991 cyc 0.492 idt 0.153) D_A 0.062 D_B 0.124 gnG 170.02 gnD 28.52 lr 2.00e-04 56 ms nan 0
2026-10-02 01:09:35,272 | INFO | iter 89000 epoch 45 G 2.777 (adv 2.179 cyc 0.435 idt 0.163) D_A 0.002 D_B 0.278 gnG 13.90 gnD 18.61 lr 2.00e-04 56 ms nan 0
2026-10-02 01:09:40,977 | INFO | iter 89100 epoch 45 G 2.820 (adv 2.177 cyc 0.458 idt 0.185) D_A 0.005 D_B 0.242 gnG 81.71 gnD 7.28 lr 2.00e-04 56 ms nan 0
2026-10-02 01:09:46,721 | INFO | iter 89200 epoch 45 G 2.337 (adv 1.681 cyc 0.482 idt 0.175) D_A 0.002 D_B 0.169 gnG 191.35 gnD 36.86 lr 2.00e-04 57 ms nan 0
2026-10-02 01:09:52,244 | INFO | iter 89300 epoch 45 G 2.770 (adv 2.093 cyc 0.483 idt 0.195) D_A 0.001 D_B 0.115 gnG 14.38 gnD 29.86 lr 2.00e-04 57 ms nan 0
2026-10-02 01:09:57,931 | INFO | iter 89400 epoch 45 G 1.885 (adv 1.306 cyc 0.437 idt 0.142) D_A 0.001 D_B 0.223 gnG 50.00 gnD 29.43 lr 2.00e-04 56 ms nan 0
2026-10-02 01:10:03,645 | INFO | iter 89500 epoch 45 G 2.664 (adv 2.103 cyc 0.381 idt 0.180) D_A 0.003 D_B 0.013 gnG 100.51 gnD 3.43 lr 2.00e-04 56 ms nan 0
2026-10-02 01:10:09,251 | INFO | iter 89600 epoch 45 G 2.768 (adv 1.735 cyc 0.568 idt 0.466) D_A 0.005 D_B 0.092 gnG 21.71 gnD 42.16 lr 2.00e-04 56 ms nan 0
2026-10-02 01:10:14,945 | INFO | iter 89700 epoch 45 G 2.956 (adv 2.488 cyc 0.339 idt 0.129) D_A 0.002 D_B 0.121 gnG 21.24 gnD 15.47 lr 2.00e-04 63 ms nan 0
2026-10-02 01:10:20,392 | INFO | iter 89800 epoch 45 G 2.709 (adv 1.964 cyc 0.527 idt 0.217) D_A 0.001 D_B 0.017 gnG 149.13 gnD 1.79 lr 2.00e-04 55 ms nan 0
2026-10-02 01:10:25,989 | INFO | iter 89900 epoch 45 G 1.780 (adv 1.211 cyc 0.431 idt 0.138) D_A 0.001 D_B 0.119 gnG 67.25 gnD 5.52 lr 2.00e-04 59 ms nan 0
2026-10-02 01:10:31,476 | INFO | iter 90000 epoch 45 G 1.983 (adv 1.302 cyc 0.494 idt 0.186) D_A 0.001 D_B 0.138 gnG 162.79 gnD 30.89 lr 2.00e-04 56 ms nan 0
2026-10-02 01:10:31,478 | INFO | epoch 45/400 {"loss_g": 2.4171, "loss_g_adv": 1.739, "loss_cycle": 0.4996, "loss_identity": 0.1786, "loss_d_a": 0.0109, "loss_d_b": 0.0823}
2026-10-02 01:10:45,627 | INFO | iter 90100 epoch 46 G 2.383 (adv 1.781 cyc 0.411 idt 0.191) D_A 0.001 D_B 0.085 gnG 153.66 gnD 21.00 lr 2.00e-04 55 ms nan 0
2026-10-02 01:10:51,381 | INFO | iter 90200 epoch 46 G 1.945 (adv 1.390 cyc 0.387 idt 0.168) D_A 0.002 D_B 0.138 gnG 169.57 gnD 26.08 lr 2.00e-04 65 ms nan 0
2026-10-02 01:10:57,104 | INFO | iter 90300 epoch 46 G 3.111 (adv 2.504 cyc 0.445 idt 0.161) D_A 0.001 D_B 0.029 gnG 29.51 gnD 3.94 lr 2.00e-04 58 ms nan 0
2026-10-02 01:11:02,878 | INFO | iter 90400 epoch 46 G 2.814 (adv 2.050 cyc 0.574 idt 0.190) D_A 0.001 D_B 0.055 gnG 25.64 gnD 9.15 lr 2.00e-04 101 ms nan 0
2026-10-02 01:11:08,794 | INFO | iter 90500 epoch 46 G 2.491 (adv 2.038 cyc 0.321 idt 0.133) D_A 0.001 D_B 0.047 gnG 68.06 gnD 21.44 lr 2.00e-04 62 ms nan 0
2026-10-02 01:11:14,690 | INFO | iter 90600 epoch 46 G 2.588 (adv 1.998 cyc 0.450 idt 0.140) D_A 0.001 D_B 0.116 gnG 36.60 gnD 21.77 lr 2.00e-04 55 ms nan 0
2026-10-02 01:11:20,445 | INFO | iter 90700 epoch 46 G 2.827 (adv 2.115 cyc 0.517 idt 0.195) D_A 0.004 D_B 0.029 gnG 38.29 gnD 8.50 lr 2.00e-04 95 ms nan 0
2026-10-02 01:11:26,056 | INFO | iter 90800 epoch 46 G 2.542 (adv 1.866 cyc 0.494 idt 0.183) D_A 0.011 D_B 0.016 gnG 27.02 gnD 3.99 lr 2.00e-04 56 ms nan 0
2026-10-02 01:11:31,820 | INFO | iter 90900 epoch 46 G 2.523 (adv 2.119 cyc 0.296 idt 0.108) D_A 0.035 D_B 0.027 gnG 21.28 gnD 11.85 lr 2.00e-04 60 ms nan 0
2026-10-02 01:11:37,559 | INFO | iter 91000 epoch 46 G 2.112 (adv 1.493 cyc 0.453 idt 0.166) D_A 0.003 D_B 0.011 gnG 66.42 gnD 2.25 lr 2.00e-04 104 ms nan 0
2026-10-02 01:11:43,206 | INFO | iter 91100 epoch 46 G 2.003 (adv 1.485 cyc 0.388 idt 0.130) D_A 0.002 D_B 0.107 gnG 203.13 gnD 37.29 lr 2.00e-04 57 ms nan 0
2026-10-02 01:11:48,776 | INFO | iter 91200 epoch 46 G 2.714 (adv 2.172 cyc 0.410 idt 0.132) D_A 0.001 D_B 0.333 gnG 18.51 gnD 44.70 lr 2.00e-04 54 ms nan 0
2026-10-02 01:11:54,420 | INFO | iter 91300 epoch 46 G 2.211 (adv 1.752 cyc 0.316 idt 0.142) D_A 0.001 D_B 0.119 gnG 87.33 gnD 16.47 lr 2.00e-04 64 ms nan 0
2026-10-02 01:12:00,056 | INFO | iter 91400 epoch 46 G 2.761 (adv 2.212 cyc 0.388 idt 0.161) D_A 0.002 D_B 0.011 gnG 53.26 gnD 1.13 lr 2.00e-04 63 ms nan 0
2026-10-02 01:12:05,815 | INFO | iter 91500 epoch 46 G 2.562 (adv 1.938 cyc 0.472 idt 0.152) D_A 0.002 D_B 0.125 gnG 23.39 gnD 35.61 lr 2.00e-04 59 ms nan 0
2026-10-02 01:12:11,344 | INFO | iter 91600 epoch 46 G 2.124 (adv 1.488 cyc 0.482 idt 0.154) D_A 0.004 D_B 0.149 gnG 67.19 gnD 24.34 lr 2.00e-04 55 ms nan 0
2026-10-02 01:12:16,993 | INFO | iter 91700 epoch 46 G 2.380 (adv 1.823 cyc 0.415 idt 0.142) D_A 0.002 D_B 0.132 gnG 39.26 gnD 26.32 lr 2.00e-04 54 ms nan 0
2026-10-02 01:12:22,528 | INFO | iter 91800 epoch 46 G 2.516 (adv 2.071 cyc 0.322 idt 0.123) D_A 0.002 D_B 0.072 gnG 13.69 gnD 12.35 lr 2.00e-04 68 ms nan 0
2026-10-02 01:12:28,168 | INFO | iter 91900 epoch 46 G 2.474 (adv 1.876 cyc 0.426 idt 0.172) D_A 0.005 D_B 0.069 gnG 147.85 gnD 14.13 lr 2.00e-04 54 ms nan 0
2026-10-02 01:12:33,898 | INFO | iter 92000 epoch 46 G 1.992 (adv 1.360 cyc 0.470 idt 0.162) D_A 0.001 D_B 0.070 gnG 47.73 gnD 7.99 lr 2.00e-04 60 ms nan 0
2026-10-02 01:12:33,900 | INFO | epoch 46/400 {"loss_g": 2.3991, "loss_g_adv": 1.7361, "loss_cycle": 0.4877, "loss_identity": 0.1753, "loss_d_a": 0.012, "loss_d_b": 0.0796}
2026-10-02 01:12:39,552 | INFO | iter 92100 epoch 47 G 2.481 (adv 1.800 cyc 0.506 idt 0.174) D_A 0.002 D_B 0.019 gnG 65.39 gnD 3.11 lr 2.00e-04 56 ms nan 0
2026-10-02 01:12:45,166 | INFO | iter 92200 epoch 47 G 1.972 (adv 1.241 cyc 0.519 idt 0.212) D_A 0.003 D_B 0.028 gnG 66.31 gnD 4.69 lr 2.00e-04 58 ms nan 0
2026-10-02 01:12:50,758 | INFO | iter 92300 epoch 47 G 1.799 (adv 1.272 cyc 0.409 idt 0.118) D_A 0.025 D_B 0.132 gnG 201.83 gnD 9.17 lr 2.00e-04 55 ms nan 0
2026-10-02 01:12:56,381 | INFO | iter 92400 epoch 47 G 2.661 (adv 1.743 cyc 0.711 idt 0.208) D_A 0.001 D_B 0.020 gnG 74.15 gnD 11.99 lr 2.00e-04 57 ms nan 0
2026-10-02 01:13:01,887 | INFO | iter 92500 epoch 47 G 2.684 (adv 1.793 cyc 0.668 idt 0.222) D_A 0.001 D_B 0.124 gnG 39.57 gnD 50.42 lr 2.00e-04 56 ms nan 0
2026-10-02 01:13:07,476 | INFO | iter 92600 epoch 47 G 2.474 (adv 1.971 cyc 0.383 idt 0.120) D_A 0.001 D_B 0.022 gnG 35.45 gnD 2.39 lr 2.00e-04 57 ms nan 0
2026-10-02 01:13:12,966 | INFO | iter 92700 epoch 47 G 2.578 (adv 1.840 cyc 0.557 idt 0.181) D_A 0.002 D_B 0.100 gnG 72.31 gnD 37.02 lr 2.00e-04 121 ms nan 0
2026-10-02 01:13:18,589 | INFO | iter 92800 epoch 47 G 1.500 (adv 1.004 cyc 0.373 idt 0.123) D_A 0.002 D_B 0.039 gnG 78.66 gnD 6.17 lr 2.00e-04 54 ms nan 0
2026-10-02 01:13:24,183 | INFO | iter 92900 epoch 47 G 2.330 (adv 1.635 cyc 0.504 idt 0.191) D_A 0.001 D_B 0.029 gnG 111.01 gnD 23.63 lr 2.00e-04 62 ms nan 0
2026-10-02 01:13:29,769 | INFO | iter 93000 epoch 47 G 2.440 (adv 1.889 cyc 0.405 idt 0.146) D_A 0.001 D_B 0.116 gnG 24.65 gnD 22.22 lr 2.00e-04 54 ms nan 0
2026-10-02 01:13:35,575 | INFO | iter 93100 epoch 47 G 2.148 (adv 1.353 cyc 0.576 idt 0.218) D_A 0.002 D_B 0.010 gnG 70.44 gnD 1.52 lr 2.00e-04 55 ms nan 0
2026-10-02 01:13:41,039 | INFO | iter 93200 epoch 47 G 2.556 (adv 1.838 cyc 0.531 idt 0.187) D_A 0.002 D_B 0.016 gnG 14.24 gnD 3.02 lr 2.00e-04 54 ms nan 0
2026-10-02 01:13:46,646 | INFO | iter 93300 epoch 47 G 2.090 (adv 1.484 cyc 0.450 idt 0.156) D_A 0.001 D_B 0.007 gnG 152.15 gnD 0.74 lr 2.00e-04 55 ms nan 0
2026-10-02 01:13:52,062 | INFO | iter 93400 epoch 47 G 2.024 (adv 1.475 cyc 0.421 idt 0.128) D_A 0.002 D_B 0.075 gnG 80.01 gnD 39.97 lr 2.00e-04 55 ms nan 0
2026-10-02 01:13:57,743 | INFO | iter 93500 epoch 47 G 2.407 (adv 1.880 cyc 0.399 idt 0.128) D_A 0.002 D_B 0.019 gnG 22.77 gnD 2.00 lr 2.00e-04 55 ms nan 0
2026-10-02 01:14:03,432 | INFO | iter 93600 epoch 47 G 2.817 (adv 2.109 cyc 0.507 idt 0.201) D_A 0.001 D_B 0.214 gnG 14.51 gnD 22.67 lr 2.00e-04 57 ms nan 0
2026-10-02 01:14:08,889 | INFO | iter 93700 epoch 47 G 2.745 (adv 2.371 cyc 0.281 idt 0.093) D_A 0.016 D_B 0.009 gnG 14.79 gnD 6.74 lr 2.00e-04 54 ms nan 0
2026-10-02 01:14:14,528 | INFO | iter 93800 epoch 47 G 2.480 (adv 1.555 cyc 0.676 idt 0.249) D_A 0.016 D_B 0.128 gnG 54.50 gnD 36.38 lr 2.00e-04 57 ms nan 0
2026-10-02 01:14:20,102 | INFO | iter 93900 epoch 47 G 2.505 (adv 1.995 cyc 0.397 idt 0.113) D_A 0.008 D_B 0.108 gnG 12.75 gnD 7.63 lr 2.00e-04 54 ms nan 0
2026-10-02 01:14:25,758 | INFO | iter 94000 epoch 47 G 2.754 (adv 2.156 cyc 0.467 idt 0.131) D_A 0.001 D_B 0.007 gnG 34.97 gnD 1.27 lr 2.00e-04 55 ms nan 0
2026-10-02 01:14:25,759 | INFO | epoch 47/400 {"loss_g": 2.4431, "loss_g_adv": 1.7788, "loss_cycle": 0.4874, "loss_identity": 0.1769, "loss_d_a": 0.0153, "loss_d_b": 0.0653}
2026-10-02 01:14:31,335 | INFO | iter 94100 epoch 48 G 2.543 (adv 1.896 cyc 0.470 idt 0.177) D_A 0.001 D_B 0.013 gnG 9.63 gnD 3.96 lr 2.00e-04 55 ms nan 0
2026-10-02 01:14:36,957 | INFO | iter 94200 epoch 48 G 2.272 (adv 1.782 cyc 0.363 idt 0.127) D_A 0.003 D_B 0.013 gnG 86.36 gnD 1.73 lr 2.00e-04 55 ms nan 0
2026-10-02 01:14:42,547 | INFO | iter 94300 epoch 48 G 2.861 (adv 2.230 cyc 0.479 idt 0.151) D_A 0.321 D_B 0.048 gnG 29.42 gnD 116.49 lr 2.00e-04 71 ms nan 0
2026-10-02 01:14:48,460 | INFO | iter 94400 epoch 48 G 2.446 (adv 1.909 cyc 0.396 idt 0.141) D_A 0.003 D_B 0.023 gnG 30.93 gnD 8.83 lr 2.00e-04 60 ms nan 0
2026-10-02 01:14:54,019 | INFO | iter 94500 epoch 48 G 2.771 (adv 2.109 cyc 0.471 idt 0.190) D_A 0.135 D_B 0.062 gnG 21.07 gnD 106.61 lr 2.00e-04 56 ms nan 0
2026-10-02 01:14:59,593 | INFO | iter 94600 epoch 48 G 2.244 (adv 1.571 cyc 0.484 idt 0.189) D_A 0.002 D_B 0.014 gnG 120.49 gnD 4.46 lr 2.00e-04 55 ms nan 0
2026-10-02 01:15:05,292 | INFO | iter 94700 epoch 48 G 1.717 (adv 1.105 cyc 0.433 idt 0.179) D_A 0.005 D_B 0.218 gnG 59.77 gnD 16.51 lr 2.00e-04 54 ms nan 0
2026-10-02 01:15:10,807 | INFO | iter 94800 epoch 48 G 1.358 (adv 0.881 cyc 0.365 idt 0.112) D_A 0.003 D_B 0.013 gnG 121.51 gnD 1.81 lr 2.00e-04 56 ms nan 0
2026-10-02 01:15:16,511 | INFO | iter 94900 epoch 48 G 2.438 (adv 1.953 cyc 0.368 idt 0.117) D_A 0.000 D_B 0.082 gnG 100.72 gnD 14.16 lr 2.00e-04 55 ms nan 0
2026-10-02 01:15:22,093 | INFO | iter 95000 epoch 48 G 2.670 (adv 2.202 cyc 0.348 idt 0.120) D_A 0.038 D_B 0.027 gnG 43.14 gnD 63.61 lr 2.00e-04 55 ms nan 0
2026-10-02 01:15:27,787 | INFO | iter 95100 epoch 48 G 2.286 (adv 1.755 cyc 0.396 idt 0.135) D_A 0.002 D_B 0.050 gnG 34.21 gnD 16.84 lr 2.00e-04 54 ms nan 0
2026-10-02 01:15:33,439 | INFO | iter 95200 epoch 48 G 2.766 (adv 1.814 cyc 0.706 idt 0.246) D_A 0.001 D_B 0.089 gnG 65.23 gnD 6.66 lr 2.00e-04 57 ms nan 0
2026-10-02 01:15:39,016 | INFO | iter 95300 epoch 48 G 2.254 (adv 1.519 cyc 0.540 idt 0.194) D_A 0.003 D_B 0.010 gnG 62.36 gnD 3.09 lr 2.00e-04 63 ms nan 0
2026-10-02 01:15:44,734 | INFO | iter 95400 epoch 48 G 2.731 (adv 1.866 cyc 0.637 idt 0.228) D_A 0.001 D_B 0.034 gnG 103.40 gnD 9.20 lr 2.00e-04 78 ms nan 0
2026-10-02 01:15:50,211 | INFO | iter 95500 epoch 48 G 2.152 (adv 1.393 cyc 0.564 idt 0.195) D_A 0.001 D_B 0.061 gnG 121.08 gnD 12.58 lr 2.00e-04 55 ms nan 0
2026-10-02 01:15:55,932 | INFO | iter 95600 epoch 48 G 2.404 (adv 1.819 cyc 0.423 idt 0.161) D_A 0.001 D_B 0.011 gnG 154.66 gnD 3.36 lr 2.00e-04 57 ms nan 0
2026-10-02 01:16:01,698 | INFO | iter 95700 epoch 48 G 1.783 (adv 1.223 cyc 0.428 idt 0.132) D_A 0.002 D_B 0.043 gnG 85.68 gnD 7.33 lr 2.00e-04 55 ms nan 0
2026-10-02 01:16:07,427 | INFO | iter 95800 epoch 48 G 1.791 (adv 1.259 cyc 0.404 idt 0.129) D_A 0.001 D_B 0.038 gnG 123.52 gnD 7.15 lr 2.00e-04 59 ms nan 0
2026-10-02 01:16:12,949 | INFO | iter 95900 epoch 48 G 2.723 (adv 2.129 cyc 0.452 idt 0.141) D_A 0.003 D_B 0.018 gnG 25.23 gnD 2.43 lr 2.00e-04 57 ms nan 0
2026-10-02 01:16:18,651 | INFO | iter 96000 epoch 48 G 2.643 (adv 2.069 cyc 0.420 idt 0.154) D_A 0.001 D_B 0.043 gnG 13.39 gnD 10.75 lr 2.00e-04 54 ms nan 0
2026-10-02 01:16:18,652 | INFO | epoch 48/400 {"loss_g": 2.4374, "loss_g_adv": 1.7965, "loss_cycle": 0.4682, "loss_identity": 0.1727, "loss_d_a": 0.0074, "loss_d_b": 0.0679}
2026-10-02 01:16:24,241 | INFO | iter 96100 epoch 49 G 2.243 (adv 1.486 cyc 0.547 idt 0.210) D_A 0.002 D_B 0.009 gnG 157.49 gnD 5.16 lr 2.00e-04 61 ms nan 0
2026-10-02 01:16:29,911 | INFO | iter 96200 epoch 49 G 2.584 (adv 1.983 cyc 0.449 idt 0.152) D_A 0.001 D_B 0.023 gnG 11.62 gnD 4.95 lr 2.00e-04 55 ms nan 0
2026-10-02 01:16:35,806 | INFO | iter 96300 epoch 49 G 2.971 (adv 1.935 cyc 0.734 idt 0.302) D_A 0.002 D_B 0.061 gnG 87.69 gnD 7.94 lr 2.00e-04 56 ms nan 0
2026-10-02 01:16:41,472 | INFO | iter 96400 epoch 49 G 2.719 (adv 2.171 cyc 0.403 idt 0.144) D_A 0.002 D_B 0.027 gnG 73.75 gnD 6.63 lr 2.00e-04 54 ms nan 0
2026-10-02 01:16:47,051 | INFO | iter 96500 epoch 49 G 2.243 (adv 1.754 cyc 0.371 idt 0.117) D_A 0.001 D_B 0.021 gnG 139.67 gnD 3.20 lr 2.00e-04 55 ms nan 0
2026-10-02 01:16:52,691 | INFO | iter 96600 epoch 49 G 2.360 (adv 1.696 cyc 0.485 idt 0.180) D_A 0.002 D_B 0.222 gnG 88.12 gnD 53.36 lr 2.00e-04 54 ms nan 0
2026-10-02 01:16:58,390 | INFO | iter 96700 epoch 49 G 1.901 (adv 1.463 cyc 0.312 idt 0.126) D_A 0.001 D_B 0.081 gnG 82.90 gnD 16.16 lr 2.00e-04 59 ms nan 0
2026-10-02 01:17:04,151 | INFO | iter 96800 epoch 49 G 2.873 (adv 2.259 cyc 0.451 idt 0.162) D_A 0.001 D_B 0.029 gnG 158.65 gnD 4.61 lr 2.00e-04 67 ms nan 0
2026-10-02 01:17:09,769 | INFO | iter 96900 epoch 49 G 2.316 (adv 1.597 cyc 0.542 idt 0.177) D_A 0.001 D_B 0.044 gnG 136.28 gnD 12.81 lr 2.00e-04 55 ms nan 0
2026-10-02 01:17:15,502 | INFO | iter 97000 epoch 49 G 2.729 (adv 2.134 cyc 0.410 idt 0.186) D_A 0.001 D_B 0.006 gnG 7.45 gnD 1.24 lr 2.00e-04 56 ms nan 0
2026-10-02 01:17:21,116 | INFO | iter 97100 epoch 49 G 2.563 (adv 1.877 cyc 0.531 idt 0.154) D_A 0.003 D_B 0.011 gnG 48.32 gnD 2.02 lr 2.00e-04 59 ms nan 0
2026-10-02 01:17:27,093 | INFO | iter 97200 epoch 49 G 2.280 (adv 1.670 cyc 0.455 idt 0.156) D_A 0.001 D_B 0.017 gnG 148.09 gnD 4.79 lr 2.00e-04 54 ms nan 0
2026-10-02 01:17:32,755 | INFO | iter 97300 epoch 49 G 1.156 (adv 0.546 cyc 0.450 idt 0.159) D_A 0.369 D_B 0.033 gnG 100.79 gnD 27.40 lr 2.00e-04 64 ms nan 0
2026-10-02 01:17:38,537 | INFO | iter 97400 epoch 49 G 2.145 (adv 1.647 cyc 0.354 idt 0.143) D_A 0.003 D_B 0.008 gnG 32.87 gnD 1.10 lr 2.00e-04 55 ms nan 0
2026-10-02 01:17:44,191 | INFO | iter 97500 epoch 49 G 2.261 (adv 1.675 cyc 0.441 idt 0.145) D_A 0.011 D_B 0.039 gnG 44.06 gnD 14.05 lr 2.00e-04 68 ms nan 0
2026-10-02 01:17:49,828 | INFO | iter 97600 epoch 49 G 2.628 (adv 2.040 cyc 0.434 idt 0.155) D_A 0.001 D_B 0.218 gnG 40.46 gnD 53.59 lr 2.00e-04 54 ms nan 0
2026-10-02 01:17:55,414 | INFO | iter 97700 epoch 49 G 2.785 (adv 2.188 cyc 0.442 idt 0.155) D_A 0.002 D_B 0.008 gnG 22.18 gnD 0.82 lr 2.00e-04 58 ms nan 0
2026-10-02 01:18:00,988 | INFO | iter 97800 epoch 49 G 2.551 (adv 1.875 cyc 0.500 idt 0.177) D_A 0.013 D_B 0.096 gnG 83.11 gnD 66.39 lr 2.00e-04 61 ms nan 0
2026-10-02 01:18:06,549 | INFO | iter 97900 epoch 49 G 2.430 (adv 1.914 cyc 0.386 idt 0.131) D_A 0.003 D_B 0.018 gnG 8.19 gnD 4.46 lr 2.00e-04 58 ms nan 0
2026-10-02 01:18:12,293 | INFO | iter 98000 epoch 49 G 2.272 (adv 1.528 cyc 0.553 idt 0.191) D_A 0.001 D_B 0.010 gnG 71.51 gnD 1.29 lr 2.00e-04 56 ms nan 0
2026-10-02 01:18:12,294 | INFO | epoch 49/400 {"loss_g": 2.4556, "loss_g_adv": 1.813, "loss_cycle": 0.4689, "loss_identity": 0.1736, "loss_d_a": 0.0117, "loss_d_b": 0.0565}
2026-10-02 01:18:17,990 | INFO | iter 98100 epoch 50 G 2.392 (adv 2.031 cyc 0.266 idt 0.096) D_A 0.001 D_B 0.031 gnG 10.22 gnD 9.45 lr 2.00e-04 59 ms nan 0
2026-10-02 01:18:23,539 | INFO | iter 98200 epoch 50 G 2.624 (adv 1.966 cyc 0.488 idt 0.170) D_A 0.001 D_B 0.026 gnG 17.88 gnD 3.26 lr 2.00e-04 54 ms nan 0
2026-10-02 01:18:29,200 | INFO | iter 98300 epoch 50 G 2.479 (adv 1.997 cyc 0.356 idt 0.125) D_A 0.000 D_B 0.005 gnG 26.82 gnD 0.63 lr 2.00e-04 58 ms nan 0
2026-10-02 01:18:34,870 | INFO | iter 98400 epoch 50 G 2.955 (adv 2.222 cyc 0.533 idt 0.199) D_A 0.002 D_B 0.016 gnG 7.57 gnD 5.66 lr 2.00e-04 63 ms nan 0
2026-10-02 01:18:40,495 | INFO | iter 98500 epoch 50 G 2.949 (adv 2.156 cyc 0.554 idt 0.239) D_A 0.002 D_B 0.030 gnG 27.08 gnD 17.56 lr 2.00e-04 69 ms nan 0
2026-10-02 01:18:46,076 | INFO | iter 98600 epoch 50 G 2.686 (adv 1.938 cyc 0.515 idt 0.233) D_A 0.001 D_B 0.034 gnG 46.01 gnD 4.10 lr 2.00e-04 54 ms nan 0
2026-10-02 01:18:51,628 | INFO | iter 98700 epoch 50 G 2.801 (adv 2.156 cyc 0.446 idt 0.200) D_A 0.003 D_B 0.009 gnG 44.35 gnD 2.02 lr 2.00e-04 55 ms nan 0
2026-10-02 01:18:57,259 | INFO | iter 98800 epoch 50 G 2.525 (adv 2.091 cyc 0.310 idt 0.124) D_A 0.001 D_B 0.006 gnG 13.56 gnD 0.66 lr 2.00e-04 54 ms nan 0
2026-10-02 01:19:02,764 | INFO | iter 98900 epoch 50 G 2.589 (adv 2.118 cyc 0.331 idt 0.140) D_A 0.004 D_B 0.007 gnG 15.43 gnD 2.25 lr 2.00e-04 56 ms nan 0
2026-10-02 01:19:08,435 | INFO | iter 99000 epoch 50 G 2.706 (adv 2.052 cyc 0.468 idt 0.186) D_A 0.002 D_B 0.024 gnG 20.34 gnD 13.53 lr 2.00e-04 54 ms nan 0
2026-10-02 01:19:14,142 | INFO | iter 99100 epoch 50 G 2.704 (adv 2.038 cyc 0.456 idt 0.210) D_A 0.001 D_B 0.005 gnG 11.90 gnD 1.46 lr 2.00e-04 61 ms nan 0
2026-10-02 01:19:19,809 | INFO | iter 99200 epoch 50 G 2.610 (adv 2.017 cyc 0.421 idt 0.173) D_A 0.001 D_B 0.007 gnG 13.31 gnD 1.26 lr 2.00e-04 54 ms nan 0
2026-10-02 01:19:25,338 | INFO | iter 99300 epoch 50 G 2.640 (adv 2.089 cyc 0.387 idt 0.164) D_A 0.001 D_B 0.146 gnG 19.20 gnD 27.54 lr 2.00e-04 58 ms nan 0
2026-10-02 01:19:30,821 | INFO | iter 99400 epoch 50 G 2.548 (adv 2.097 cyc 0.322 idt 0.129) D_A 0.002 D_B 0.015 gnG 12.24 gnD 1.08 lr 2.00e-04 54 ms nan 0
2026-10-02 01:19:36,591 | INFO | iter 99500 epoch 50 G 2.414 (adv 1.973 cyc 0.303 idt 0.138) D_A 0.001 D_B 0.008 gnG 13.28 gnD 2.38 lr 2.00e-04 55 ms nan 0
2026-10-02 01:19:42,105 | INFO | iter 99600 epoch 50 G 2.497 (adv 1.490 cyc 0.750 idt 0.257) D_A 0.014 D_B 0.155 gnG 84.86 gnD 21.15 lr 2.00e-04 59 ms nan 0
2026-10-02 01:19:47,782 | INFO | iter 99700 epoch 50 G 2.726 (adv 1.964 cyc 0.543 idt 0.220) D_A 0.001 D_B 0.030 gnG 8.80 gnD 8.28 lr 2.00e-04 58 ms nan 0
2026-10-02 01:19:53,304 | INFO | iter 99800 epoch 50 G 1.974 (adv 1.527 cyc 0.321 idt 0.125) D_A 0.011 D_B 0.012 gnG 120.32 gnD 4.69 lr 2.00e-04 109 ms nan 0
2026-10-02 01:19:58,996 | INFO | iter 99900 epoch 50 G 0.958 (adv 0.206 cyc 0.543 idt 0.209) D_A 0.193 D_B 0.369 gnG 13.88 gnD 29.16 lr 2.00e-04 63 ms nan 0
2026-10-02 01:20:04,642 | INFO | iter 100000 epoch 50 G 2.492 (adv 1.680 cyc 0.419 idt 0.392) D_A 0.001 D_B 0.007 gnG 31.87 gnD 0.95 lr 2.00e-04 57 ms nan 0
2026-10-02 01:20:04,643 | INFO | epoch 50/400 {"loss_g": 2.4805, "loss_g_adv": 1.8817, "loss_cycle": 0.4285, "loss_identity": 0.1703, "loss_d_a": 0.0132, "loss_d_b": 0.0317}
2026-10-02 01:20:28,237 | INFO | validation {"epoch": 50, "val_fid_a2b": 121.48830573872081, "val_fid_b2a": 123.09417606752268, "val_fid_mean": 122.29124090312175}
2026-10-02 01:20:31,986 | INFO | best validation FID: A2B 106.787 (epoch 30), B2A 123.094 (epoch 50), mean 114.941 -> task3_gan/sneha/checkpoints/generators_best.pt
2026-10-02 01:20:47,045 | INFO | iter 100100 epoch 51 G 2.628 (adv 2.138 cyc 0.363 idt 0.127) D_A 0.001 D_B 0.014 gnG 15.58 gnD 1.44 lr 2.00e-04 55 ms nan 0
2026-10-02 01:20:52,666 | INFO | iter 100200 epoch 51 G 2.842 (adv 2.001 cyc 0.615 idt 0.226) D_A 0.002 D_B 0.015 gnG 8.22 gnD 2.04 lr 2.00e-04 55 ms nan 0
2026-10-02 01:20:58,359 | INFO | iter 100300 epoch 51 G 2.370 (adv 1.954 cyc 0.284 idt 0.133) D_A 0.003 D_B 0.006 gnG 27.75 gnD 0.96 lr 2.00e-04 54 ms nan 0
2026-10-02 01:21:04,207 | INFO | iter 100400 epoch 51 G 2.884 (adv 1.705 cyc 0.911 idt 0.268) D_A 0.001 D_B 0.294 gnG 50.96 gnD 19.50 lr 2.00e-04 58 ms nan 0
2026-10-02 01:21:09,817 | INFO | iter 100500 epoch 51 G 1.900 (adv 1.500 cyc 0.291 idt 0.110) D_A 0.001 D_B 0.013 gnG 152.38 gnD 2.84 lr 2.00e-04 56 ms nan 0
2026-10-02 01:21:15,432 | INFO | iter 100600 epoch 51 G 2.566 (adv 1.922 cyc 0.468 idt 0.175) D_A 0.001 D_B 0.011 gnG 9.69 gnD 1.69 lr 2.00e-04 61 ms nan 0
2026-10-02 01:21:21,098 | INFO | iter 100700 epoch 51 G 1.856 (adv 1.297 cyc 0.411 idt 0.147) D_A 0.003 D_B 0.072 gnG 51.69 gnD 12.05 lr 2.00e-04 57 ms nan 0
2026-10-02 01:21:26,828 | INFO | iter 100800 epoch 51 G 2.636 (adv 1.892 cyc 0.537 idt 0.208) D_A 0.001 D_B 0.035 gnG 14.99 gnD 7.40 lr 2.00e-04 68 ms nan 0
2026-10-02 01:21:32,475 | INFO | iter 100900 epoch 51 G 2.782 (adv 1.970 cyc 0.469 idt 0.343) D_A 0.001 D_B 0.007 gnG 18.79 gnD 1.36 lr 2.00e-04 56 ms nan 0
2026-10-02 01:21:38,215 | INFO | iter 101000 epoch 51 G 2.089 (adv 1.559 cyc 0.384 idt 0.147) D_A 0.028 D_B 0.012 gnG 22.47 gnD 4.11 lr 2.00e-04 60 ms nan 0
2026-10-02 01:21:43,767 | INFO | iter 101100 epoch 51 G 2.814 (adv 2.317 cyc 0.356 idt 0.140) D_A 0.020 D_B 0.012 gnG 27.60 gnD 3.11 lr 2.00e-04 54 ms nan 0
2026-10-02 01:21:49,449 | INFO | iter 101200 epoch 51 G 2.284 (adv 1.599 cyc 0.491 idt 0.194) D_A 0.004 D_B 0.007 gnG 137.65 gnD 5.05 lr 2.00e-04 55 ms nan 0
2026-10-02 01:21:55,058 | INFO | iter 101300 epoch 51 G 2.079 (adv 1.549 cyc 0.394 idt 0.136) D_A 0.001 D_B 0.013 gnG 99.39 gnD 5.56 lr 2.00e-04 56 ms nan 0
2026-10-02 01:22:00,671 | INFO | iter 101400 epoch 51 G 2.519 (adv 2.000 cyc 0.405 idt 0.114) D_A 0.002 D_B 0.166 gnG 20.53 gnD 41.61 lr 2.00e-04 54 ms nan 0
2026-10-02 01:22:06,360 | INFO | iter 101500 epoch 51 G 2.071 (adv 1.590 cyc 0.371 idt 0.111) D_A 0.405 D_B 0.009 gnG 38.92 gnD 13.71 lr 2.00e-04 55 ms nan 0
2026-10-02 01:22:12,011 | INFO | iter 101600 epoch 51 G 2.417 (adv 1.861 cyc 0.396 idt 0.161) D_A 0.002 D_B 0.017 gnG 122.71 gnD 1.95 lr 2.00e-04 58 ms nan 0
2026-10-02 01:22:17,687 | INFO | iter 101700 epoch 51 G 2.538 (adv 2.045 cyc 0.373 idt 0.119) D_A 0.001 D_B 0.008 gnG 15.13 gnD 1.14 lr 2.00e-04 58 ms nan 0
2026-10-02 01:22:23,248 | INFO | iter 101800 epoch 51 G 2.739 (adv 2.198 cyc 0.400 idt 0.141) D_A 0.001 D_B 0.117 gnG 13.50 gnD 24.51 lr 2.00e-04 67 ms nan 0
2026-10-02 01:22:28,890 | INFO | iter 101900 epoch 51 G 2.518 (adv 1.946 cyc 0.418 idt 0.154) D_A 0.040 D_B 0.006 gnG 23.34 gnD 23.54 lr 2.00e-04 63 ms nan 0
2026-10-02 01:22:34,587 | INFO | iter 102000 epoch 51 G 2.417 (adv 1.804 cyc 0.440 idt 0.173) D_A 0.003 D_B 0.032 gnG 19.73 gnD 5.48 lr 2.00e-04 55 ms nan 0
2026-10-02 01:22:34,588 | INFO | epoch 51/400 {"loss_g": 2.456, "loss_g_adv": 1.8391, "loss_cycle": 0.4475, "loss_identity": 0.1694, "loss_d_a": 0.0117, "loss_d_b": 0.0467}
2026-10-02 01:22:40,152 | INFO | iter 102100 epoch 52 G 2.520 (adv 2.018 cyc 0.374 idt 0.128) D_A 0.003 D_B 0.012 gnG 15.53 gnD 1.24 lr 2.00e-04 54 ms nan 0
2026-10-02 01:22:45,756 | INFO | iter 102200 epoch 52 G 2.850 (adv 2.314 cyc 0.395 idt 0.141) D_A 0.001 D_B 0.017 gnG 34.89 gnD 1.45 lr 2.00e-04 59 ms nan 0
2026-10-02 01:22:51,303 | INFO | iter 102300 epoch 52 G 2.569 (adv 1.946 cyc 0.446 idt 0.178) D_A 0.001 D_B 0.073 gnG 6.21 gnD 20.89 lr 2.00e-04 54 ms nan 0
2026-10-02 01:22:57,039 | INFO | iter 102400 epoch 52 G 2.084 (adv 1.488 cyc 0.433 idt 0.162) D_A 0.001 D_B 0.020 gnG 76.38 gnD 2.65 lr 2.00e-04 62 ms nan 0
2026-10-02 01:23:02,739 | INFO | iter 102500 epoch 52 G 2.635 (adv 2.089 cyc 0.402 idt 0.144) D_A 0.001 D_B 0.011 gnG 18.10 gnD 2.18 lr 2.00e-04 58 ms nan 0
2026-10-02 01:23:08,321 | INFO | iter 102600 epoch 52 G 2.396 (adv 1.747 cyc 0.488 idt 0.161) D_A 0.024 D_B 0.012 gnG 158.09 gnD 19.13 lr 2.00e-04 66 ms nan 0
2026-10-02 01:23:13,877 | INFO | iter 102700 epoch 52 G 1.985 (adv 1.293 cyc 0.503 idt 0.189) D_A 0.001 D_B 0.005 gnG 96.33 gnD 0.60 lr 2.00e-04 56 ms nan 0
2026-10-02 01:23:19,488 | INFO | iter 102800 epoch 52 G 2.722 (adv 2.062 cyc 0.488 idt 0.171) D_A 0.003 D_B 0.010 gnG 13.11 gnD 1.46 lr 2.00e-04 56 ms nan 0
2026-10-02 01:23:25,046 | INFO | iter 102900 epoch 52 G 2.511 (adv 2.047 cyc 0.349 idt 0.116) D_A 0.002 D_B 0.011 gnG 13.91 gnD 1.07 lr 2.00e-04 57 ms nan 0
2026-10-02 01:23:30,632 | INFO | iter 103000 epoch 52 G 2.978 (adv 1.998 cyc 0.728 idt 0.252) D_A 0.002 D_B 0.083 gnG 9.90 gnD 20.19 lr 2.00e-04 55 ms nan 0
2026-10-02 01:23:36,316 | INFO | iter 103100 epoch 52 G 2.641 (adv 1.992 cyc 0.458 idt 0.191) D_A 0.002 D_B 0.097 gnG 21.61 gnD 35.52 lr 2.00e-04 55 ms nan 0
2026-10-02 01:23:41,790 | INFO | iter 103200 epoch 52 G 2.498 (adv 2.075 cyc 0.305 idt 0.118) D_A 0.005 D_B 0.008 gnG 7.81 gnD 1.38 lr 2.00e-04 57 ms nan 0
2026-10-02 01:23:47,394 | INFO | iter 103300 epoch 52 G 2.401 (adv 1.754 cyc 0.488 idt 0.160) D_A 0.007 D_B 0.069 gnG 45.49 gnD 19.85 lr 2.00e-04 60 ms nan 0
2026-10-02 01:23:52,961 | INFO | iter 103400 epoch 52 G 1.772 (adv 1.191 cyc 0.416 idt 0.165) D_A 0.021 D_B 0.012 gnG 57.03 gnD 9.63 lr 2.00e-04 55 ms nan 0
2026-10-02 01:23:58,551 | INFO | iter 103500 epoch 52 G 2.449 (adv 2.030 cyc 0.295 idt 0.125) D_A 0.004 D_B 0.007 gnG 11.85 gnD 1.08 lr 2.00e-04 54 ms nan 0
2026-10-02 01:24:04,148 | INFO | iter 103600 epoch 52 G 2.731 (adv 2.231 cyc 0.375 idt 0.126) D_A 0.004 D_B 0.008 gnG 80.13 gnD 1.18 lr 2.00e-04 58 ms nan 0
2026-10-02 01:24:09,886 | INFO | iter 103700 epoch 52 G 2.118 (adv 1.483 cyc 0.454 idt 0.181) D_A 0.002 D_B 0.004 gnG 123.32 gnD 0.45 lr 2.00e-04 61 ms nan 0
2026-10-02 01:24:15,571 | INFO | iter 103800 epoch 52 G 2.376 (adv 1.728 cyc 0.486 idt 0.163) D_A 0.003 D_B 0.010 gnG 41.44 gnD 0.85 lr 2.00e-04 62 ms nan 0
2026-10-02 01:24:21,113 | INFO | iter 103900 epoch 52 G 2.621 (adv 2.051 cyc 0.403 idt 0.167) D_A 0.015 D_B 0.024 gnG 13.90 gnD 13.55 lr 2.00e-04 59 ms nan 0
2026-10-02 01:24:26,706 | INFO | iter 104000 epoch 52 G 2.385 (adv 1.505 cyc 0.634 idt 0.246) D_A 0.005 D_B 0.041 gnG 119.91 gnD 13.86 lr 2.00e-04 61 ms nan 0
2026-10-02 01:24:26,707 | INFO | epoch 52/400 {"loss_g": 2.4791, "loss_g_adv": 1.8613, "loss_cycle": 0.4472, "loss_identity": 0.1707, "loss_d_a": 0.0131, "loss_d_b": 0.0388}
2026-10-02 01:24:32,296 | INFO | iter 104100 epoch 53 G 2.741 (adv 2.029 cyc 0.518 idt 0.195) D_A 0.003 D_B 0.013 gnG 15.77 gnD 1.59 lr 2.00e-04 54 ms nan 0
2026-10-02 01:24:38,069 | INFO | iter 104200 epoch 53 G 2.626 (adv 2.017 cyc 0.441 idt 0.168) D_A 0.044 D_B 0.015 gnG 12.36 gnD 78.96 lr 2.00e-04 57 ms nan 0
2026-10-02 01:24:43,738 | INFO | iter 104300 epoch 53 G 2.535 (adv 1.923 cyc 0.446 idt 0.166) D_A 0.001 D_B 0.010 gnG 41.79 gnD 1.45 lr 2.00e-04 97 ms nan 0
2026-10-02 01:24:49,423 | INFO | iter 104400 epoch 53 G 2.131 (adv 1.784 cyc 0.251 idt 0.096) D_A 0.003 D_B 0.007 gnG 49.45 gnD 1.11 lr 2.00e-04 54 ms nan 0
2026-10-02 01:24:55,026 | INFO | iter 104500 epoch 53 G 2.689 (adv 1.988 cyc 0.507 idt 0.195) D_A 0.002 D_B 0.054 gnG 12.76 gnD 12.72 lr 2.00e-04 56 ms nan 0
2026-10-02 01:25:00,719 | INFO | iter 104600 epoch 53 G 2.667 (adv 2.044 cyc 0.472 idt 0.150) D_A 0.005 D_B 0.025 gnG 18.41 gnD 12.62 lr 2.00e-04 57 ms nan 0
2026-10-02 01:25:06,345 | INFO | iter 104700 epoch 53 G 2.611 (adv 1.911 cyc 0.487 idt 0.213) D_A 0.003 D_B 0.042 gnG 75.54 gnD 12.46 lr 2.00e-04 55 ms nan 0
2026-10-02 01:25:11,945 | INFO | iter 104800 epoch 53 G 2.285 (adv 1.922 cyc 0.278 idt 0.084) D_A 0.001 D_B 0.025 gnG 17.79 gnD 2.54 lr 2.00e-04 57 ms nan 0
2026-10-02 01:25:17,838 | INFO | iter 104900 epoch 53 G 2.595 (adv 1.888 cyc 0.508 idt 0.199) D_A 0.001 D_B 0.019 gnG 11.69 gnD 7.53 lr 2.00e-04 57 ms nan 0
2026-10-02 01:25:23,490 | INFO | iter 105000 epoch 53 G 2.539 (adv 1.963 cyc 0.425 idt 0.151) D_A 0.001 D_B 0.004 gnG 10.76 gnD 0.67 lr 2.00e-04 74 ms nan 0
2026-10-02 01:25:29,194 | INFO | iter 105100 epoch 53 G 2.521 (adv 2.060 cyc 0.345 idt 0.116) D_A 0.008 D_B 0.006 gnG 20.31 gnD 1.73 lr 2.00e-04 56 ms nan 0
2026-10-02 01:25:34,847 | INFO | iter 105200 epoch 53 G 2.416 (adv 1.896 cyc 0.368 idt 0.152) D_A 0.002 D_B 0.006 gnG 21.51 gnD 0.66 lr 2.00e-04 56 ms nan 0
2026-10-02 01:25:40,453 | INFO | iter 105300 epoch 53 G 1.758 (adv 1.352 cyc 0.292 idt 0.115) D_A 0.001 D_B 0.074 gnG 88.50 gnD 21.91 lr 2.00e-04 54 ms nan 0
2026-10-02 01:25:46,012 | INFO | iter 105400 epoch 53 G 2.437 (adv 1.989 cyc 0.337 idt 0.111) D_A 0.019 D_B 0.005 gnG 15.01 gnD 10.34 lr 2.00e-04 56 ms nan 0
2026-10-02 01:25:51,845 | INFO | iter 105500 epoch 53 G 2.244 (adv 1.771 cyc 0.335 idt 0.137) D_A 0.001 D_B 0.007 gnG 96.89 gnD 1.01 lr 2.00e-04 61 ms nan 0
2026-10-02 01:25:57,674 | INFO | iter 105600 epoch 53 G 2.722 (adv 2.160 cyc 0.409 idt 0.153) D_A 0.001 D_B 0.008 gnG 12.47 gnD 1.97 lr 2.00e-04 59 ms nan 0
2026-10-02 01:26:03,307 | INFO | iter 105700 epoch 53 G 2.315 (adv 1.873 cyc 0.316 idt 0.126) D_A 0.001 D_B 0.018 gnG 22.25 gnD 1.60 lr 2.00e-04 56 ms nan 0
2026-10-02 01:26:08,967 | INFO | iter 105800 epoch 53 G 1.913 (adv 1.360 cyc 0.405 idt 0.147) D_A 0.002 D_B 0.167 gnG 71.08 gnD 26.12 lr 2.00e-04 54 ms nan 0
2026-10-02 01:26:14,557 | INFO | iter 105900 epoch 53 G 1.581 (adv 1.080 cyc 0.377 idt 0.124) D_A 0.001 D_B 0.021 gnG 66.38 gnD 2.77 lr 2.00e-04 61 ms nan 0
2026-10-02 01:26:20,238 | INFO | iter 106000 epoch 53 G 2.158 (adv 1.728 cyc 0.301 idt 0.129) D_A 0.001 D_B 0.026 gnG 193.12 gnD 16.92 lr 2.00e-04 57 ms nan 0
2026-10-02 01:26:20,239 | INFO | epoch 53/400 {"loss_g": 2.4335, "loss_g_adv": 1.8319, "loss_cycle": 0.436, "loss_identity": 0.1656, "loss_d_a": 0.0072, "loss_d_b": 0.0508}
2026-10-02 01:26:25,859 | INFO | iter 106100 epoch 54 G 2.613 (adv 1.961 cyc 0.467 idt 0.185) D_A 0.002 D_B 0.007 gnG 13.74 gnD 0.74 lr 2.00e-04 56 ms nan 0
2026-10-02 01:26:31,417 | INFO | iter 106200 epoch 54 G 2.441 (adv 1.937 cyc 0.381 idt 0.124) D_A 0.002 D_B 0.008 gnG 7.41 gnD 1.17 lr 2.00e-04 54 ms nan 0
2026-10-02 01:26:37,213 | INFO | iter 106300 epoch 54 G 1.942 (adv 1.341 cyc 0.428 idt 0.173) D_A 0.002 D_B 0.028 gnG 85.54 gnD 2.69 lr 2.00e-04 55 ms nan 0
2026-10-02 01:26:42,801 | INFO | iter 106400 epoch 54 G 2.661 (adv 2.034 cyc 0.452 idt 0.176) D_A 0.001 D_B 0.015 gnG 7.91 gnD 5.90 lr 2.00e-04 58 ms nan 0
2026-10-02 01:26:48,687 | INFO | iter 106500 epoch 54 G 2.503 (adv 1.993 cyc 0.366 idt 0.143) D_A 0.001 D_B 0.041 gnG 16.92 gnD 13.42 lr 2.00e-04 58 ms nan 0
2026-10-02 01:26:54,322 | INFO | iter 106600 epoch 54 G 2.881 (adv 2.114 cyc 0.545 idt 0.222) D_A 0.109 D_B 0.032 gnG 22.34 gnD 140.83 lr 2.00e-04 54 ms nan 0
2026-10-02 01:26:59,891 | INFO | iter 106700 epoch 54 G 2.595 (adv 1.991 cyc 0.444 idt 0.159) D_A 0.001 D_B 0.015 gnG 7.25 gnD 7.95 lr 2.00e-04 60 ms nan 0
2026-10-02 01:27:05,483 | INFO | iter 106800 epoch 54 G 2.777 (adv 2.102 cyc 0.489 idt 0.186) D_A 0.002 D_B 0.086 gnG 7.54 gnD 23.90 lr 2.00e-04 55 ms nan 0
2026-10-02 01:27:10,972 | INFO | iter 106900 epoch 54 G 2.700 (adv 1.991 cyc 0.500 idt 0.208) D_A 0.002 D_B 0.014 gnG 21.95 gnD 1.97 lr 2.00e-04 58 ms nan 0
2026-10-02 01:27:16,706 | INFO | iter 107000 epoch 54 G 2.740 (adv 2.033 cyc 0.516 idt 0.192) D_A 0.016 D_B 0.022 gnG 10.95 gnD 4.58 lr 2.00e-04 57 ms nan 0
2026-10-02 01:27:22,223 | INFO | iter 107100 epoch 54 G 2.464 (adv 1.956 cyc 0.362 idt 0.145) D_A 0.002 D_B 0.007 gnG 100.92 gnD 1.53 lr 2.00e-04 55 ms nan 0
2026-10-02 01:27:27,835 | INFO | iter 107200 epoch 54 G 2.364 (adv 1.951 cyc 0.305 idt 0.108) D_A 0.003 D_B 0.008 gnG 49.08 gnD 1.36 lr 2.00e-04 62 ms nan 0
2026-10-02 01:27:33,354 | INFO | iter 107300 epoch 54 G 2.459 (adv 1.937 cyc 0.392 idt 0.130) D_A 0.002 D_B 0.006 gnG 9.26 gnD 0.93 lr 2.00e-04 56 ms nan 0
2026-10-02 01:27:38,995 | INFO | iter 107400 epoch 54 G 1.456 (adv 0.886 cyc 0.430 idt 0.141) D_A 0.008 D_B 0.060 gnG 41.36 gnD 17.07 lr 2.00e-04 56 ms nan 0
2026-10-02 01:27:44,543 | INFO | iter 107500 epoch 54 G 2.496 (adv 1.998 cyc 0.369 idt 0.129) D_A 0.003 D_B 0.006 gnG 10.80 gnD 0.88 lr 2.00e-04 59 ms nan 0
2026-10-02 01:27:50,082 | INFO | iter 107600 epoch 54 G 2.897 (adv 2.248 cyc 0.463 idt 0.186) D_A 0.001 D_B 0.114 gnG 9.05 gnD 35.91 lr 2.00e-04 57 ms nan 0
2026-10-02 01:27:55,722 | INFO | iter 107700 epoch 54 G 2.720 (adv 2.061 cyc 0.476 idt 0.183) D_A 0.001 D_B 0.005 gnG 14.85 gnD 0.68 lr 2.00e-04 58 ms nan 0
2026-10-02 01:28:01,222 | INFO | iter 107800 epoch 54 G 2.124 (adv 1.503 cyc 0.448 idt 0.174) D_A 0.006 D_B 0.005 gnG 146.01 gnD 6.21 lr 2.00e-04 61 ms nan 0
2026-10-02 01:28:07,009 | INFO | iter 107900 epoch 54 G 2.677 (adv 2.123 cyc 0.405 idt 0.149) D_A 0.014 D_B 0.012 gnG 13.08 gnD 3.97 lr 2.00e-04 82 ms nan 0
2026-10-02 01:28:12,542 | INFO | iter 108000 epoch 54 G 2.936 (adv 2.262 cyc 0.454 idt 0.220) D_A 0.001 D_B 0.018 gnG 25.28 gnD 3.51 lr 2.00e-04 55 ms nan 0
2026-10-02 01:28:12,544 | INFO | epoch 54/400 {"loss_g": 2.4844, "loss_g_adv": 1.8832, "loss_cycle": 0.4356, "loss_identity": 0.1656, "loss_d_a": 0.0065, "loss_d_b": 0.034}
2026-10-02 01:28:18,429 | INFO | iter 108100 epoch 55 G 1.798 (adv 1.201 cyc 0.434 idt 0.163) D_A 0.001 D_B 0.038 gnG 72.24 gnD 14.99 lr 2.00e-04 60 ms nan 0
2026-10-02 01:28:24,133 | INFO | iter 108200 epoch 55 G 1.778 (adv 1.105 cyc 0.487 idt 0.186) D_A 0.003 D_B 0.007 gnG 27.96 gnD 0.73 lr 2.00e-04 55 ms nan 0
2026-10-02 01:28:29,946 | INFO | iter 108300 epoch 55 G 2.738 (adv 2.214 cyc 0.381 idt 0.143) D_A 0.001 D_B 0.014 gnG 11.09 gnD 1.51 lr 2.00e-04 57 ms nan 0
2026-10-02 01:28:35,722 | INFO | iter 108400 epoch 55 G 2.517 (adv 1.689 cyc 0.590 idt 0.238) D_A 0.019 D_B 0.018 gnG 9.34 gnD 6.58 lr 2.00e-04 66 ms nan 0
2026-10-02 01:28:41,209 | INFO | iter 108500 epoch 55 G 1.897 (adv 1.350 cyc 0.401 idt 0.145) D_A 0.094 D_B 0.012 gnG 83.88 gnD 49.79 lr 2.00e-04 58 ms nan 0
2026-10-02 01:28:46,894 | INFO | iter 108600 epoch 55 G 2.609 (adv 2.087 cyc 0.391 idt 0.131) D_A 0.001 D_B 0.007 gnG 17.40 gnD 0.79 lr 2.00e-04 54 ms nan 0
2026-10-02 01:28:52,468 | INFO | iter 108700 epoch 55 G 2.584 (adv 2.030 cyc 0.406 idt 0.148) D_A 0.001 D_B 0.161 gnG 10.33 gnD 38.95 lr 2.00e-04 55 ms nan 0
2026-10-02 01:28:58,132 | INFO | iter 108800 epoch 55 G 2.830 (adv 2.266 cyc 0.401 idt 0.163) D_A 0.002 D_B 0.005 gnG 17.11 gnD 1.28 lr 2.00e-04 62 ms nan 0
2026-10-02 01:29:03,863 | INFO | iter 108900 epoch 55 G 2.433 (adv 1.967 cyc 0.341 idt 0.126) D_A 0.001 D_B 0.004 gnG 13.34 gnD 0.80 lr 2.00e-04 67 ms nan 0
2026-10-02 01:29:09,404 | INFO | iter 109000 epoch 55 G 1.829 (adv 1.280 cyc 0.401 idt 0.148) D_A 0.001 D_B 0.049 gnG 75.57 gnD 10.45 lr 2.00e-04 55 ms nan 0
2026-10-02 01:29:14,925 | INFO | iter 109100 epoch 55 G 2.661 (adv 2.074 cyc 0.438 idt 0.148) D_A 0.001 D_B 0.006 gnG 34.24 gnD 0.68 lr 2.00e-04 60 ms nan 0
2026-10-02 01:29:20,506 | INFO | iter 109200 epoch 55 G 2.162 (adv 1.660 cyc 0.362 idt 0.140) D_A 0.010 D_B 0.009 gnG 81.19 gnD 6.07 lr 2.00e-04 58 ms nan 0
2026-10-02 01:29:26,227 | INFO | iter 109300 epoch 55 G 2.323 (adv 1.930 cyc 0.296 idt 0.098) D_A 0.002 D_B 0.004 gnG 21.14 gnD 0.94 lr 2.00e-04 54 ms nan 0
2026-10-02 01:29:31,692 | INFO | iter 109400 epoch 55 G 2.231 (adv 1.805 cyc 0.312 idt 0.114) D_A 0.001 D_B 0.024 gnG 20.74 gnD 5.19 lr 2.00e-04 54 ms nan 0
2026-10-02 01:29:37,344 | INFO | iter 109500 epoch 55 G 2.673 (adv 2.055 cyc 0.456 idt 0.162) D_A 0.001 D_B 0.018 gnG 10.18 gnD 1.93 lr 2.00e-04 54 ms nan 0
2026-10-02 01:29:42,856 | INFO | iter 109600 epoch 55 G 2.507 (adv 1.980 cyc 0.382 idt 0.145) D_A 0.001 D_B 0.033 gnG 15.70 gnD 2.34 lr 2.00e-04 54 ms nan 0
2026-10-02 01:29:48,555 | INFO | iter 109700 epoch 55 G 2.593 (adv 2.089 cyc 0.356 idt 0.147) D_A 0.001 D_B 0.266 gnG 16.32 gnD 36.54 lr 2.00e-04 55 ms nan 0
2026-10-02 01:29:54,150 | INFO | iter 109800 epoch 55 G 2.651 (adv 2.106 cyc 0.398 idt 0.148) D_A 0.001 D_B 0.186 gnG 8.25 gnD 20.70 lr 2.00e-04 55 ms nan 0
2026-10-02 01:29:59,714 | INFO | iter 109900 epoch 55 G 2.568 (adv 2.017 cyc 0.401 idt 0.151) D_A 0.001 D_B 0.114 gnG 7.52 gnD 30.86 lr 2.00e-04 60 ms nan 0
2026-10-02 01:30:05,294 | INFO | iter 110000 epoch 55 G 2.545 (adv 2.204 cyc 0.259 idt 0.082) D_A 0.001 D_B 0.005 gnG 33.23 gnD 0.93 lr 2.00e-04 54 ms nan 0
2026-10-02 01:30:05,295 | INFO | epoch 55/400 {"loss_g": 2.4587, "loss_g_adv": 1.8765, "loss_cycle": 0.421, "loss_identity": 0.1612, "loss_d_a": 0.0051, "loss_d_b": 0.0413}
2026-10-02 01:30:19,353 | INFO | iter 110100 epoch 56 G 2.510 (adv 1.961 cyc 0.396 idt 0.153) D_A 0.001 D_B 0.008 gnG 12.57 gnD 0.75 lr 2.00e-04 55 ms nan 0
2026-10-02 01:30:25,018 | INFO | iter 110200 epoch 56 G 2.240 (adv 1.660 cyc 0.402 idt 0.178) D_A 0.001 D_B 0.013 gnG 34.33 gnD 4.81 lr 2.00e-04 54 ms nan 0
2026-10-02 01:30:30,603 | INFO | iter 110300 epoch 56 G 2.432 (adv 1.969 cyc 0.333 idt 0.130) D_A 0.001 D_B 0.005 gnG 23.58 gnD 0.56 lr 2.00e-04 75 ms nan 0
2026-10-02 01:30:36,313 | INFO | iter 110400 epoch 56 G 1.712 (adv 1.193 cyc 0.373 idt 0.146) D_A 0.001 D_B 0.005 gnG 82.61 gnD 1.17 lr 2.00e-04 58 ms nan 0
2026-10-02 01:30:41,963 | INFO | iter 110500 epoch 56 G 2.577 (adv 1.772 cyc 0.580 idt 0.224) D_A 0.001 D_B 0.019 gnG 45.08 gnD 1.27 lr 2.00e-04 56 ms nan 0
2026-10-02 01:30:47,614 | INFO | iter 110600 epoch 56 G 2.571 (adv 2.030 cyc 0.391 idt 0.151) D_A 0.001 D_B 0.008 gnG 9.20 gnD 0.70 lr 2.00e-04 57 ms nan 0
2026-10-02 01:30:53,174 | INFO | iter 110700 epoch 56 G 1.726 (adv 1.240 cyc 0.354 idt 0.132) D_A 0.243 D_B 0.012 gnG 12.12 gnD 3.95 lr 2.00e-04 56 ms nan 0
2026-10-02 01:30:59,061 | INFO | iter 110800 epoch 56 G 2.601 (adv 1.844 cyc 0.549 idt 0.208) D_A 0.005 D_B 0.015 gnG 25.93 gnD 4.11 lr 2.00e-04 58 ms nan 0
2026-10-02 01:31:04,945 | INFO | iter 110900 epoch 56 G 2.826 (adv 1.970 cyc 0.620 idt 0.237) D_A 0.002 D_B 0.007 gnG 20.49 gnD 0.96 lr 2.00e-04 61 ms nan 0
2026-10-02 01:31:10,713 | INFO | iter 111000 epoch 56 G 2.784 (adv 2.121 cyc 0.481 idt 0.182) D_A 0.003 D_B 0.006 gnG 17.10 gnD 1.05 lr 2.00e-04 72 ms nan 0
2026-10-02 01:31:16,384 | INFO | iter 111100 epoch 56 G 2.466 (adv 1.966 cyc 0.362 idt 0.138) D_A 0.001 D_B 0.068 gnG 18.98 gnD 10.04 lr 2.00e-04 58 ms nan 0
2026-10-02 01:31:22,038 | INFO | iter 111200 epoch 56 G 2.593 (adv 1.888 cyc 0.523 idt 0.182) D_A 0.001 D_B 0.103 gnG 69.03 gnD 42.84 lr 2.00e-04 56 ms nan 0
2026-10-02 01:31:27,847 | INFO | iter 111300 epoch 56 G 2.716 (adv 2.088 cyc 0.444 idt 0.183) D_A 0.001 D_B 0.017 gnG 16.75 gnD 1.33 lr 2.00e-04 58 ms nan 0
2026-10-02 01:31:33,491 | INFO | iter 111400 epoch 56 G 2.034 (adv 1.624 cyc 0.298 idt 0.112) D_A 0.001 D_B 0.005 gnG 196.99 gnD 0.51 lr 2.00e-04 72 ms nan 0
2026-10-02 01:31:39,360 | INFO | iter 111500 epoch 56 G 2.517 (adv 2.017 cyc 0.364 idt 0.136) D_A 0.001 D_B 0.005 gnG 28.79 gnD 0.83 lr 2.00e-04 55 ms nan 0
2026-10-02 01:31:45,096 | INFO | iter 111600 epoch 56 G 2.505 (adv 1.987 cyc 0.373 idt 0.145) D_A 0.001 D_B 0.006 gnG 29.97 gnD 0.77 lr 2.00e-04 57 ms nan 0
2026-10-02 01:31:50,787 | INFO | iter 111700 epoch 56 G 2.458 (adv 1.830 cyc 0.457 idt 0.171) D_A 0.001 D_B 0.012 gnG 11.19 gnD 1.91 lr 2.00e-04 63 ms nan 0
2026-10-02 01:31:56,503 | INFO | iter 111800 epoch 56 G 2.362 (adv 1.787 cyc 0.417 idt 0.158) D_A 0.003 D_B 0.016 gnG 80.89 gnD 3.95 lr 2.00e-04 57 ms nan 0
2026-10-02 01:32:02,048 | INFO | iter 111900 epoch 56 G 2.305 (adv 1.912 cyc 0.283 idt 0.110) D_A 0.005 D_B 0.025 gnG 40.66 gnD 6.27 lr 2.00e-04 55 ms nan 0
2026-10-02 01:32:07,690 | INFO | iter 112000 epoch 56 G 2.503 (adv 1.956 cyc 0.407 idt 0.140) D_A 0.000 D_B 0.017 gnG 66.03 gnD 1.99 lr 2.00e-04 55 ms nan 0
2026-10-02 01:32:07,691 | INFO | epoch 56/400 {"loss_g": 2.4622, "loss_g_adv": 1.8854, "loss_cycle": 0.4165, "loss_identity": 0.1603, "loss_d_a": 0.0132, "loss_d_b": 0.0319}
2026-10-02 01:32:13,231 | INFO | iter 112100 epoch 57 G 2.675 (adv 1.907 cyc 0.548 idt 0.220) D_A 0.445 D_B 0.014 gnG 16.07 gnD 17.43 lr 2.00e-04 57 ms nan 0
2026-10-02 01:32:18,886 | INFO | iter 112200 epoch 57 G 2.117 (adv 1.297 cyc 0.574 idt 0.246) D_A 0.037 D_B 0.009 gnG 37.37 gnD 28.34 lr 2.00e-04 58 ms nan 0
2026-10-02 01:32:24,466 | INFO | iter 112300 epoch 57 G 2.601 (adv 2.029 cyc 0.415 idt 0.157) D_A 0.005 D_B 0.004 gnG 55.84 gnD 0.89 lr 2.00e-04 59 ms nan 0
2026-10-02 01:32:30,120 | INFO | iter 112400 epoch 57 G 2.087 (adv 1.520 cyc 0.412 idt 0.155) D_A 0.022 D_B 0.110 gnG 79.84 gnD 8.50 lr 2.00e-04 55 ms nan 0
2026-10-02 01:32:35,808 | INFO | iter 112500 epoch 57 G 2.325 (adv 1.880 cyc 0.323 idt 0.123) D_A 0.001 D_B 0.008 gnG 24.50 gnD 0.84 lr 2.00e-04 66 ms nan 0
2026-10-02 01:32:41,379 | INFO | iter 112600 epoch 57 G 2.683 (adv 2.029 cyc 0.489 idt 0.165) D_A 0.003 D_B 0.010 gnG 14.64 gnD 2.15 lr 2.00e-04 55 ms nan 0
2026-10-02 01:32:47,015 | INFO | iter 112700 epoch 57 G 2.669 (adv 1.830 cyc 0.622 idt 0.217) D_A 0.001 D_B 0.010 gnG 31.72 gnD 1.09 lr 2.00e-04 56 ms nan 0
2026-10-02 01:32:52,460 | INFO | iter 112800 epoch 57 G 2.615 (adv 2.167 cyc 0.328 idt 0.120) D_A 0.000 D_B 0.086 gnG 10.89 gnD 36.55 lr 2.00e-04 55 ms nan 0
2026-10-02 01:32:58,076 | INFO | iter 112900 epoch 57 G 1.728 (adv 1.153 cyc 0.404 idt 0.171) D_A 0.001 D_B 0.009 gnG 135.46 gnD 3.96 lr 2.00e-04 71 ms nan 0
2026-10-02 01:33:03,775 | INFO | iter 113000 epoch 57 G 2.082 (adv 1.567 cyc 0.365 idt 0.150) D_A 0.004 D_B 0.128 gnG 174.97 gnD 22.81 lr 2.00e-04 75 ms nan 0
2026-10-02 01:33:09,476 | INFO | iter 113100 epoch 57 G 2.405 (adv 1.929 cyc 0.333 idt 0.143) D_A 0.001 D_B 0.005 gnG 99.25 gnD 0.80 lr 2.00e-04 64 ms nan 0
2026-10-02 01:33:15,163 | INFO | iter 113200 epoch 57 G 2.456 (adv 2.088 cyc 0.286 idt 0.081) D_A 0.001 D_B 0.006 gnG 11.26 gnD 1.07 lr 2.00e-04 61 ms nan 0
2026-10-02 01:33:20,755 | INFO | iter 113300 epoch 57 G 2.714 (adv 1.943 cyc 0.555 idt 0.217) D_A 0.001 D_B 0.005 gnG 16.89 gnD 1.23 lr 2.00e-04 56 ms nan 0
2026-10-02 01:33:26,431 | INFO | iter 113400 epoch 57 G 2.457 (adv 2.086 cyc 0.264 idt 0.106) D_A 0.000 D_B 0.023 gnG 9.05 gnD 12.45 lr 2.00e-04 55 ms nan 0
2026-10-02 01:33:31,886 | INFO | iter 113500 epoch 57 G 1.659 (adv 1.220 cyc 0.313 idt 0.126) D_A 0.218 D_B 0.019 gnG 11.02 gnD 7.21 lr 2.00e-04 57 ms nan 0
2026-10-02 01:33:37,638 | INFO | iter 113600 epoch 57 G 1.458 (adv 0.751 cyc 0.510 idt 0.197) D_A 0.193 D_B 0.038 gnG 116.50 gnD 6.01 lr 2.00e-04 55 ms nan 0
2026-10-02 01:33:43,199 | INFO | iter 113700 epoch 57 G 2.076 (adv 1.441 cyc 0.481 idt 0.153) D_A 0.152 D_B 0.030 gnG 14.29 gnD 5.91 lr 2.00e-04 55 ms nan 0
2026-10-02 01:33:48,893 | INFO | iter 113800 epoch 57 G 2.717 (adv 1.969 cyc 0.570 idt 0.177) D_A 0.097 D_B 0.058 gnG 20.07 gnD 71.65 lr 2.00e-04 57 ms nan 0
2026-10-02 01:33:54,511 | INFO | iter 113900 epoch 57 G 2.892 (adv 2.146 cyc 0.533 idt 0.213) D_A 0.008 D_B 0.008 gnG 8.19 gnD 3.00 lr 2.00e-04 56 ms nan 0
2026-10-02 01:34:00,045 | INFO | iter 114000 epoch 57 G 2.791 (adv 2.111 cyc 0.490 idt 0.190) D_A 0.003 D_B 0.005 gnG 16.92 gnD 0.82 lr 2.00e-04 56 ms nan 0
2026-10-02 01:34:00,046 | INFO | epoch 57/400 {"loss_g": 2.3267, "loss_g_adv": 1.7438, "loss_cycle": 0.4203, "loss_identity": 0.1626, "loss_d_a": 0.0575, "loss_d_b": 0.0318}
2026-10-02 01:34:05,690 | INFO | iter 114100 epoch 58 G 1.693 (adv 1.054 cyc 0.454 idt 0.185) D_A 0.454 D_B 0.006 gnG 51.33 gnD 34.81 lr 2.00e-04 57 ms nan 0
2026-10-02 01:34:11,323 | INFO | iter 114200 epoch 58 G 2.490 (adv 1.970 cyc 0.370 idt 0.149) D_A 0.002 D_B 0.006 gnG 90.38 gnD 0.90 lr 2.00e-04 55 ms nan 0
2026-10-02 01:34:16,986 | INFO | iter 114300 epoch 58 G 2.440 (adv 1.812 cyc 0.452 idt 0.176) D_A 0.001 D_B 0.051 gnG 30.74 gnD 28.62 lr 2.00e-04 66 ms nan 0
2026-10-02 01:34:22,665 | INFO | iter 114400 epoch 58 G 2.760 (adv 2.194 cyc 0.422 idt 0.144) D_A 0.010 D_B 0.015 gnG 16.29 gnD 6.02 lr 2.00e-04 54 ms nan 0
2026-10-02 01:34:29,451 | INFO | iter 114500 epoch 58 G 2.827 (adv 1.959 cyc 0.621 idt 0.246) D_A 0.001 D_B 0.016 gnG 46.45 gnD 6.09 lr 2.00e-04 56 ms nan 0
2026-10-02 01:34:35,008 | INFO | iter 114600 epoch 58 G 2.434 (adv 2.016 cyc 0.298 idt 0.120) D_A 0.002 D_B 0.005 gnG 16.36 gnD 0.64 lr 2.00e-04 63 ms nan 0
2026-10-02 01:34:40,748 | INFO | iter 114700 epoch 58 G 2.431 (adv 1.918 cyc 0.354 idt 0.159) D_A 0.001 D_B 0.015 gnG 77.56 gnD 1.17 lr 2.00e-04 86 ms nan 0
2026-10-02 01:34:46,393 | INFO | iter 114800 epoch 58 G 2.167 (adv 1.475 cyc 0.509 idt 0.183) D_A 0.002 D_B 0.006 gnG 113.38 gnD 0.66 lr 2.00e-04 55 ms nan 0
2026-10-02 01:34:51,875 | INFO | iter 114900 epoch 58 G 2.756 (adv 2.098 cyc 0.476 idt 0.182) D_A 0.001 D_B 0.009 gnG 15.25 gnD 0.67 lr 2.00e-04 57 ms nan 0
2026-10-02 01:34:57,603 | INFO | iter 115000 epoch 58 G 2.458 (adv 2.024 cyc 0.307 idt 0.127) D_A 0.000 D_B 0.005 gnG 16.06 gnD 0.68 lr 2.00e-04 54 ms nan 0
2026-10-02 01:35:03,112 | INFO | iter 115100 epoch 58 G 1.898 (adv 1.136 cyc 0.575 idt 0.186) D_A 0.181 D_B 0.005 gnG 28.82 gnD 3.32 lr 2.00e-04 57 ms nan 0
2026-10-02 01:35:08,849 | INFO | iter 115200 epoch 58 G 2.678 (adv 1.839 cyc 0.618 idt 0.221) D_A 0.007 D_B 0.006 gnG 67.62 gnD 1.48 lr 2.00e-04 54 ms nan 0
2026-10-02 01:35:14,353 | INFO | iter 115300 epoch 58 G 2.565 (adv 1.977 cyc 0.445 idt 0.143) D_A 0.002 D_B 0.005 gnG 13.43 gnD 1.43 lr 2.00e-04 54 ms nan 0
2026-10-02 01:35:19,940 | INFO | iter 115400 epoch 58 G 2.400 (adv 2.096 cyc 0.224 idt 0.080) D_A 0.002 D_B 0.027 gnG 19.49 gnD 14.85 lr 2.00e-04 57 ms nan 0
2026-10-02 01:35:25,631 | INFO | iter 115500 epoch 58 G 2.590 (adv 2.074 cyc 0.396 idt 0.120) D_A 0.003 D_B 0.003 gnG 24.62 gnD 0.72 lr 2.00e-04 54 ms nan 0
2026-10-02 01:35:31,123 | INFO | iter 115600 epoch 58 G 2.235 (adv 1.714 cyc 0.398 idt 0.123) D_A 0.001 D_B 0.093 gnG 65.43 gnD 22.42 lr 2.00e-04 58 ms nan 0
2026-10-02 01:35:36,863 | INFO | iter 115700 epoch 58 G 2.557 (adv 1.712 cyc 0.611 idt 0.233) D_A 0.002 D_B 0.018 gnG 21.67 gnD 1.33 lr 2.00e-04 78 ms nan 0
2026-10-02 01:35:42,465 | INFO | iter 115800 epoch 58 G 2.648 (adv 2.104 cyc 0.415 idt 0.130) D_A 0.001 D_B 0.005 gnG 14.04 gnD 0.58 lr 2.00e-04 58 ms nan 0
2026-10-02 01:35:48,208 | INFO | iter 115900 epoch 58 G 2.663 (adv 2.121 cyc 0.380 idt 0.161) D_A 0.001 D_B 0.008 gnG 8.70 gnD 0.68 lr 2.00e-04 56 ms nan 0
2026-10-02 01:35:53,744 | INFO | iter 116000 epoch 58 G 2.579 (adv 1.861 cyc 0.504 idt 0.214) D_A 0.003 D_B 0.005 gnG 69.62 gnD 0.90 lr 2.00e-04 54 ms nan 0
2026-10-02 01:35:53,745 | INFO | epoch 58/400 {"loss_g": 2.4344, "loss_g_adv": 1.8487, "loss_cycle": 0.4222, "loss_identity": 0.1635, "loss_d_a": 0.0244, "loss_d_b": 0.0284}
2026-10-02 01:35:59,325 | INFO | iter 116100 epoch 59 G 3.034 (adv 2.148 cyc 0.648 idt 0.238) D_A 0.002 D_B 0.007 gnG 8.79 gnD 2.06 lr 2.00e-04 56 ms nan 0
2026-10-02 01:36:04,924 | INFO | iter 116200 epoch 59 G 2.702 (adv 1.999 cyc 0.506 idt 0.196) D_A 0.005 D_B 0.004 gnG 21.58 gnD 0.65 lr 2.00e-04 64 ms nan 0
2026-10-02 01:36:10,715 | INFO | iter 116300 epoch 59 G 2.615 (adv 2.086 cyc 0.376 idt 0.153) D_A 0.002 D_B 0.004 gnG 29.56 gnD 1.06 lr 2.00e-04 53 ms nan 0
2026-10-02 01:36:16,396 | INFO | iter 116400 epoch 59 G 2.315 (adv 1.799 cyc 0.358 idt 0.159) D_A 0.001 D_B 0.004 gnG 19.31 gnD 0.79 lr 2.00e-04 61 ms nan 0
2026-10-02 01:36:21,886 | INFO | iter 116500 epoch 59 G 2.159 (adv 1.506 cyc 0.471 idt 0.181) D_A 0.001 D_B 0.064 gnG 39.86 gnD 6.06 lr 2.00e-04 54 ms nan 0
2026-10-02 01:36:27,653 | INFO | iter 116600 epoch 59 G 1.887 (adv 1.299 cyc 0.431 idt 0.157) D_A 0.001 D_B 0.032 gnG 101.09 gnD 10.27 lr 2.00e-04 57 ms nan 0
2026-10-02 01:36:33,186 | INFO | iter 116700 epoch 59 G 2.621 (adv 1.955 cyc 0.480 idt 0.185) D_A 0.001 D_B 0.010 gnG 20.30 gnD 0.70 lr 2.00e-04 58 ms nan 0
2026-10-02 01:36:38,805 | INFO | iter 116800 epoch 59 G 2.452 (adv 1.985 cyc 0.335 idt 0.132) D_A 0.001 D_B 0.021 gnG 13.31 gnD 5.21 lr 2.00e-04 55 ms nan 0
2026-10-02 01:36:44,447 | INFO | iter 116900 epoch 59 G 2.305 (adv 1.731 cyc 0.441 idt 0.134) D_A 0.001 D_B 0.016 gnG 92.74 gnD 3.43 lr 2.00e-04 58 ms nan 0
2026-10-02 01:36:50,126 | INFO | iter 117000 epoch 59 G 2.108 (adv 1.522 cyc 0.412 idt 0.174) D_A 0.017 D_B 0.154 gnG 100.14 gnD 15.30 lr 2.00e-04 58 ms nan 0
2026-10-02 01:36:55,739 | INFO | iter 117100 epoch 59 G 2.343 (adv 1.933 cyc 0.293 idt 0.117) D_A 0.001 D_B 0.006 gnG 9.17 gnD 0.78 lr 2.00e-04 58 ms nan 0
2026-10-02 01:37:01,369 | INFO | iter 117200 epoch 59 G 2.557 (adv 1.961 cyc 0.427 idt 0.168) D_A 0.014 D_B 0.140 gnG 8.71 gnD 25.76 lr 2.00e-04 56 ms nan 0
2026-10-02 01:37:07,075 | INFO | iter 117300 epoch 59 G 2.743 (adv 2.200 cyc 0.413 idt 0.130) D_A 0.002 D_B 0.004 gnG 16.91 gnD 0.76 lr 2.00e-04 55 ms nan 0
2026-10-02 01:37:12,635 | INFO | iter 117400 epoch 59 G 2.079 (adv 1.674 cyc 0.278 idt 0.127) D_A 0.204 D_B 0.005 gnG 94.98 gnD 60.75 lr 2.00e-04 55 ms nan 0
2026-10-02 01:37:18,328 | INFO | iter 117500 epoch 59 G 2.682 (adv 1.941 cyc 0.532 idt 0.209) D_A 0.008 D_B 0.005 gnG 19.69 gnD 1.29 lr 2.00e-04 61 ms nan 0
2026-10-02 01:37:23,946 | INFO | iter 117600 epoch 59 G 2.652 (adv 2.100 cyc 0.406 idt 0.145) D_A 0.001 D_B 0.004 gnG 13.95 gnD 0.58 lr 2.00e-04 64 ms nan 0
2026-10-02 01:37:29,790 | INFO | iter 117700 epoch 59 G 2.274 (adv 1.868 cyc 0.305 idt 0.101) D_A 0.002 D_B 0.006 gnG 10.18 gnD 0.83 lr 2.00e-04 57 ms nan 0
2026-10-02 01:37:35,360 | INFO | iter 117800 epoch 59 G 2.465 (adv 2.029 cyc 0.307 idt 0.129) D_A 0.001 D_B 0.003 gnG 9.32 gnD 0.51 lr 2.00e-04 54 ms nan 0
2026-10-02 01:37:40,907 | INFO | iter 117900 epoch 59 G 2.958 (adv 2.083 cyc 0.617 idt 0.258) D_A 0.004 D_B 0.010 gnG 9.60 gnD 1.64 lr 2.00e-04 54 ms nan 0
2026-10-02 01:37:46,596 | INFO | iter 118000 epoch 59 G 2.577 (adv 2.001 cyc 0.423 idt 0.152) D_A 0.001 D_B 0.013 gnG 11.70 gnD 1.53 lr 2.00e-04 56 ms nan 0
2026-10-02 01:37:46,597 | INFO | epoch 59/400 {"loss_g": 2.4992, "loss_g_adv": 1.9316, "loss_cycle": 0.4082, "loss_identity": 0.1593, "loss_d_a": 0.007, "loss_d_b": 0.0206}
2026-10-02 01:37:52,194 | INFO | iter 118100 epoch 60 G 2.822 (adv 2.097 cyc 0.514 idt 0.211) D_A 0.001 D_B 0.309 gnG 7.77 gnD 16.28 lr 2.00e-04 60 ms nan 0
2026-10-02 01:37:57,916 | INFO | iter 118200 epoch 60 G 2.655 (adv 1.905 cyc 0.538 idt 0.212) D_A 0.002 D_B 0.069 gnG 14.37 gnD 10.53 lr 2.00e-04 54 ms nan 0
2026-10-02 01:38:03,499 | INFO | iter 118300 epoch 60 G 2.081 (adv 1.823 cyc 0.182 idt 0.076) D_A 0.001 D_B 0.046 gnG 10.87 gnD 7.94 lr 2.00e-04 57 ms nan 0
2026-10-02 01:38:09,299 | INFO | iter 118400 epoch 60 G 2.226 (adv 1.929 cyc 0.217 idt 0.080) D_A 0.001 D_B 0.027 gnG 131.77 gnD 3.08 lr 2.00e-04 55 ms nan 0
2026-10-02 01:38:14,895 | INFO | iter 118500 epoch 60 G 2.590 (adv 1.983 cyc 0.433 idt 0.174) D_A 0.001 D_B 0.007 gnG 8.05 gnD 0.58 lr 2.00e-04 55 ms nan 0
2026-10-02 01:38:20,581 | INFO | iter 118600 epoch 60 G 1.531 (adv 1.079 cyc 0.330 idt 0.122) D_A 0.001 D_B 0.071 gnG 31.92 gnD 9.06 lr 2.00e-04 54 ms nan 0
2026-10-02 01:38:26,246 | INFO | iter 118700 epoch 60 G 2.123 (adv 1.421 cyc 0.516 idt 0.186) D_A 0.001 D_B 0.009 gnG 91.51 gnD 0.71 lr 2.00e-04 56 ms nan 0
2026-10-02 01:38:31,895 | INFO | iter 118800 epoch 60 G 2.316 (adv 1.724 cyc 0.430 idt 0.162) D_A 0.193 D_B 0.013 gnG 13.08 gnD 49.04 lr 2.00e-04 60 ms nan 0
2026-10-02 01:38:37,586 | INFO | iter 118900 epoch 60 G 2.643 (adv 2.049 cyc 0.442 idt 0.152) D_A 0.001 D_B 0.009 gnG 9.96 gnD 0.91 lr 2.00e-04 55 ms nan 0
2026-10-02 01:38:43,217 | INFO | iter 119000 epoch 60 G 2.456 (adv 1.935 cyc 0.375 idt 0.146) D_A 0.002 D_B 0.005 gnG 20.86 gnD 0.91 lr 2.00e-04 54 ms nan 0
2026-10-02 01:38:48,820 | INFO | iter 119100 epoch 60 G 2.863 (adv 2.001 cyc 0.619 idt 0.243) D_A 0.000 D_B 0.053 gnG 35.39 gnD 31.78 lr 2.00e-04 60 ms nan 0
2026-10-02 01:38:54,403 | INFO | iter 119200 epoch 60 G 1.973 (adv 1.425 cyc 0.392 idt 0.156) D_A 0.116 D_B 0.003 gnG 41.50 gnD 6.13 lr 2.00e-04 55 ms nan 0
2026-10-02 01:39:00,069 | INFO | iter 119300 epoch 60 G 1.992 (adv 1.376 cyc 0.441 idt 0.175) D_A 0.371 D_B 0.005 gnG 35.38 gnD 6.87 lr 2.00e-04 60 ms nan 0
2026-10-02 01:39:05,744 | INFO | iter 119400 epoch 60 G 2.125 (adv 1.596 cyc 0.391 idt 0.139) D_A 0.041 D_B 0.003 gnG 10.94 gnD 12.93 lr 2.00e-04 55 ms nan 0
2026-10-02 01:39:11,283 | INFO | iter 119500 epoch 60 G 2.560 (adv 1.866 cyc 0.502 idt 0.192) D_A 0.094 D_B 0.004 gnG 32.17 gnD 18.95 lr 2.00e-04 56 ms nan 0
2026-10-02 01:39:16,915 | INFO | iter 119600 epoch 60 G 2.511 (adv 2.024 cyc 0.346 idt 0.141) D_A 0.003 D_B 0.003 gnG 7.93 gnD 0.44 lr 2.00e-04 54 ms nan 0
2026-10-02 01:39:22,493 | INFO | iter 119700 epoch 60 G 2.231 (adv 1.800 cyc 0.309 idt 0.122) D_A 0.003 D_B 0.004 gnG 61.82 gnD 1.19 lr 2.00e-04 58 ms nan 0
2026-10-02 01:39:28,281 | INFO | iter 119800 epoch 60 G 1.950 (adv 1.173 cyc 0.572 idt 0.205) D_A 0.004 D_B 0.004 gnG 24.71 gnD 0.77 lr 2.00e-04 62 ms nan 0
2026-10-02 01:39:33,822 | INFO | iter 119900 epoch 60 G 1.808 (adv 1.121 cyc 0.501 idt 0.186) D_A 0.003 D_B 0.271 gnG 37.94 gnD 42.16 lr 2.00e-04 55 ms nan 0
2026-10-02 01:39:39,453 | INFO | iter 120000 epoch 60 G 2.464 (adv 1.969 cyc 0.361 idt 0.134) D_A 0.002 D_B 0.194 gnG 7.56 gnD 31.61 lr 2.00e-04 55 ms nan 0
2026-10-02 01:39:39,454 | INFO | epoch 60/400 {"loss_g": 2.3754, "loss_g_adv": 1.8131, "loss_cycle": 0.4045, "loss_identity": 0.1577, "loss_d_a": 0.0372, "loss_d_b": 0.0301}
2026-10-02 01:40:02,774 | INFO | validation {"epoch": 60, "val_fid_a2b": 117.82606343043395, "val_fid_b2a": 125.7252071100647, "val_fid_mean": 121.77563527024932}
2026-10-02 01:40:17,547 | INFO | iter 120100 epoch 61 G 2.526 (adv 2.002 cyc 0.403 idt 0.121) D_A 0.001 D_B 0.003 gnG 21.28 gnD 0.45 lr 2.00e-04 55 ms nan 0
2026-10-02 01:40:23,157 | INFO | iter 120200 epoch 61 G 2.365 (adv 1.907 cyc 0.341 idt 0.117) D_A 0.001 D_B 0.013 gnG 28.75 gnD 1.65 lr 2.00e-04 55 ms nan 0
2026-10-02 01:40:28,956 | INFO | iter 120300 epoch 61 G 2.272 (adv 1.782 cyc 0.357 idt 0.133) D_A 0.010 D_B 0.008 gnG 47.54 gnD 2.69 lr 2.00e-04 74 ms nan 0
2026-10-02 01:40:34,647 | INFO | iter 120400 epoch 61 G 2.488 (adv 1.954 cyc 0.383 idt 0.151) D_A 0.003 D_B 0.016 gnG 17.56 gnD 6.84 lr 2.00e-04 60 ms nan 0
2026-10-02 01:40:40,504 | INFO | iter 120500 epoch 61 G 2.569 (adv 2.030 cyc 0.404 idt 0.135) D_A 0.002 D_B 0.006 gnG 10.62 gnD 1.18 lr 2.00e-04 56 ms nan 0
2026-10-02 01:40:46,403 | INFO | iter 120600 epoch 61 G 2.563 (adv 2.081 cyc 0.361 idt 0.122) D_A 0.033 D_B 0.005 gnG 14.20 gnD 51.66 lr 2.00e-04 54 ms nan 0
2026-10-02 01:40:52,031 | INFO | iter 120700 epoch 61 G 2.727 (adv 2.014 cyc 0.508 idt 0.205) D_A 0.001 D_B 0.006 gnG 9.84 gnD 0.54 lr 2.00e-04 56 ms nan 0
2026-10-02 01:40:57,729 | INFO | iter 120800 epoch 61 G 2.300 (adv 1.861 cyc 0.315 idt 0.124) D_A 0.001 D_B 0.010 gnG 12.23 gnD 0.71 lr 2.00e-04 58 ms nan 0
2026-10-02 01:41:03,288 | INFO | iter 120900 epoch 61 G 2.363 (adv 1.914 cyc 0.299 idt 0.150) D_A 0.018 D_B 0.006 gnG 41.18 gnD 6.39 lr 2.00e-04 55 ms nan 0
2026-10-02 01:41:09,055 | INFO | iter 121000 epoch 61 G 2.938 (adv 2.051 cyc 0.622 idt 0.265) D_A 0.003 D_B 0.017 gnG 15.97 gnD 6.45 lr 2.00e-04 56 ms nan 0
2026-10-02 01:41:14,750 | INFO | iter 121100 epoch 61 G 2.336 (adv 1.661 cyc 0.487 idt 0.187) D_A 0.028 D_B 0.039 gnG 115.64 gnD 8.16 lr 2.00e-04 77 ms nan 0
2026-10-02 01:41:20,328 | INFO | iter 121200 epoch 61 G 2.508 (adv 1.998 cyc 0.369 idt 0.140) D_A 0.001 D_B 0.002 gnG 7.05 gnD 0.44 lr 2.00e-04 56 ms nan 0
2026-10-02 01:41:26,080 | INFO | iter 121300 epoch 61 G 2.468 (adv 2.047 cyc 0.305 idt 0.116) D_A 0.001 D_B 0.010 gnG 19.36 gnD 7.55 lr 2.00e-04 57 ms nan 0
2026-10-02 01:41:31,750 | INFO | iter 121400 epoch 61 G 1.972 (adv 1.396 cyc 0.419 idt 0.157) D_A 0.183 D_B 0.009 gnG 11.31 gnD 16.49 lr 2.00e-04 56 ms nan 0
2026-10-02 01:41:37,406 | INFO | iter 121500 epoch 61 G 2.409 (adv 1.864 cyc 0.389 idt 0.156) D_A 0.005 D_B 0.007 gnG 125.37 gnD 3.52 lr 2.00e-04 59 ms nan 0
2026-10-02 01:41:42,961 | INFO | iter 121600 epoch 61 G 2.427 (adv 2.102 cyc 0.230 idt 0.096) D_A 0.002 D_B 0.008 gnG 12.08 gnD 1.05 lr 2.00e-04 54 ms nan 0
2026-10-02 01:41:48,628 | INFO | iter 121700 epoch 61 G 2.425 (adv 1.886 cyc 0.398 idt 0.141) D_A 0.001 D_B 0.011 gnG 68.84 gnD 2.84 lr 2.00e-04 59 ms nan 0
2026-10-02 01:41:54,157 | INFO | iter 121800 epoch 61 G 2.600 (adv 2.102 cyc 0.357 idt 0.141) D_A 0.001 D_B 0.005 gnG 17.46 gnD 0.64 lr 2.00e-04 89 ms nan 0
2026-10-02 01:41:59,886 | INFO | iter 121900 epoch 61 G 2.271 (adv 1.882 cyc 0.277 idt 0.112) D_A 0.006 D_B 0.003 gnG 46.50 gnD 3.12 lr 2.00e-04 55 ms nan 0
2026-10-02 01:42:05,458 | INFO | iter 122000 epoch 61 G 2.668 (adv 2.106 cyc 0.403 idt 0.159) D_A 0.002 D_B 0.004 gnG 20.02 gnD 0.81 lr 2.00e-04 55 ms nan 0
2026-10-02 01:42:05,460 | INFO | epoch 61/400 {"loss_g": 2.4734, "loss_g_adv": 1.9151, "loss_cycle": 0.4007, "loss_identity": 0.1577, "loss_d_a": 0.0095, "loss_d_b": 0.0225}
2026-10-02 01:42:10,939 | INFO | iter 122100 epoch 62 G 2.813 (adv 2.057 cyc 0.534 idt 0.222) D_A 0.002 D_B 0.007 gnG 13.89 gnD 1.52 lr 2.00e-04 55 ms nan 0
2026-10-02 01:42:16,568 | INFO | iter 122200 epoch 62 G 2.687 (adv 2.059 cyc 0.455 idt 0.174) D_A 0.001 D_B 0.020 gnG 12.06 gnD 3.83 lr 2.00e-04 54 ms nan 0
2026-10-02 01:42:22,181 | INFO | iter 122300 epoch 62 G 2.534 (adv 1.985 cyc 0.376 idt 0.173) D_A 0.001 D_B 0.214 gnG 54.65 gnD 30.08 lr 2.00e-04 55 ms nan 0
2026-10-02 01:42:27,826 | INFO | iter 122400 epoch 62 G 2.892 (adv 2.034 cyc 0.607 idt 0.250) D_A 0.001 D_B 0.056 gnG 8.25 gnD 11.82 lr 2.00e-04 57 ms nan 0
2026-10-02 01:42:33,309 | INFO | iter 122500 epoch 62 G 2.272 (adv 1.831 cyc 0.335 idt 0.106) D_A 0.291 D_B 0.005 gnG 24.67 gnD 22.78 lr 2.00e-04 54 ms nan 0
2026-10-02 01:42:38,956 | INFO | iter 122600 epoch 62 G 2.637 (adv 2.101 cyc 0.372 idt 0.164) D_A 0.002 D_B 0.006 gnG 16.48 gnD 1.06 lr 2.00e-04 54 ms nan 0
2026-10-02 01:42:44,570 | INFO | iter 122700 epoch 62 G 2.907 (adv 2.127 cyc 0.551 idt 0.229) D_A 0.002 D_B 0.008 gnG 26.87 gnD 0.59 lr 2.00e-04 53 ms nan 0
2026-10-02 01:42:50,183 | INFO | iter 122800 epoch 62 G 2.386 (adv 1.979 cyc 0.285 idt 0.121) D_A 0.001 D_B 0.003 gnG 8.45 gnD 0.54 lr 2.00e-04 56 ms nan 0
2026-10-02 01:42:55,775 | INFO | iter 122900 epoch 62 G 2.391 (adv 1.993 cyc 0.288 idt 0.111) D_A 0.001 D_B 0.003 gnG 14.66 gnD 0.41 lr 2.00e-04 55 ms nan 0
2026-10-02 01:43:01,349 | INFO | iter 123000 epoch 62 G 2.647 (adv 1.986 cyc 0.467 idt 0.194) D_A 0.001 D_B 0.002 gnG 10.49 gnD 0.42 lr 2.00e-04 59 ms nan 0
2026-10-02 01:43:06,977 | INFO | iter 123100 epoch 62 G 2.355 (adv 1.977 cyc 0.255 idt 0.123) D_A 0.001 D_B 0.002 gnG 9.68 gnD 0.34 lr 2.00e-04 71 ms nan 0
2026-10-02 01:43:12,534 | INFO | iter 123200 epoch 62 G 2.420 (adv 2.006 cyc 0.291 idt 0.122) D_A 0.015 D_B 0.005 gnG 49.15 gnD 5.01 lr 2.00e-04 54 ms nan 0
2026-10-02 01:43:18,123 | INFO | iter 123300 epoch 62 G 2.070 (adv 1.534 cyc 0.383 idt 0.153) D_A 0.002 D_B 0.175 gnG 63.09 gnD 14.92 lr 2.00e-04 56 ms nan 0
2026-10-02 01:43:23,593 | INFO | iter 123400 epoch 62 G 2.302 (adv 1.850 cyc 0.326 idt 0.126) D_A 0.001 D_B 0.008 gnG 157.80 gnD 0.87 lr 2.00e-04 69 ms nan 0
2026-10-02 01:43:29,191 | INFO | iter 123500 epoch 62 G 2.691 (adv 2.120 cyc 0.403 idt 0.168) D_A 0.001 D_B 0.003 gnG 9.53 gnD 0.51 lr 2.00e-04 56 ms nan 0
2026-10-02 01:43:34,890 | INFO | iter 123600 epoch 62 G 2.208 (adv 1.827 cyc 0.276 idt 0.106) D_A 0.001 D_B 0.002 gnG 77.25 gnD 0.38 lr 2.00e-04 57 ms nan 0
2026-10-02 01:43:40,422 | INFO | iter 123700 epoch 62 G 2.512 (adv 2.093 cyc 0.295 idt 0.124) D_A 0.002 D_B 0.002 gnG 20.88 gnD 0.36 lr 2.00e-04 56 ms nan 0
2026-10-02 01:43:46,042 | INFO | iter 123800 epoch 62 G 2.636 (adv 1.940 cyc 0.508 idt 0.188) D_A 0.001 D_B 0.003 gnG 22.70 gnD 0.42 lr 2.00e-04 57 ms nan 0
2026-10-02 01:43:51,623 | INFO | iter 123900 epoch 62 G 1.925 (adv 1.424 cyc 0.354 idt 0.147) D_A 0.002 D_B 0.007 gnG 44.19 gnD 0.82 lr 2.00e-04 63 ms nan 0
2026-10-02 01:43:57,243 | INFO | iter 124000 epoch 62 G 2.416 (adv 1.995 cyc 0.299 idt 0.122) D_A 0.000 D_B 0.005 gnG 12.08 gnD 0.45 lr 2.00e-04 55 ms nan 0
2026-10-02 01:43:57,245 | INFO | epoch 62/400 {"loss_g": 2.4735, "loss_g_adv": 1.935, "loss_cycle": 0.3846, "loss_identity": 0.154, "loss_d_a": 0.0076, "loss_d_b": 0.0168}
2026-10-02 01:44:02,977 | INFO | iter 124100 epoch 63 G 1.906 (adv 1.526 cyc 0.279 idt 0.101) D_A 0.002 D_B 0.006 gnG 71.02 gnD 0.73 lr 2.00e-04 57 ms nan 0
2026-10-02 01:44:08,878 | INFO | iter 124200 epoch 63 G 2.763 (adv 2.071 cyc 0.502 idt 0.190) D_A 0.002 D_B 0.006 gnG 6.95 gnD 0.69 lr 2.00e-04 74 ms nan 0
2026-10-02 01:44:14,893 | INFO | iter 124300 epoch 63 G 1.953 (adv 1.431 cyc 0.380 idt 0.142) D_A 0.001 D_B 0.011 gnG 43.19 gnD 2.20 lr 2.00e-04 59 ms nan 0
2026-10-02 01:44:20,978 | INFO | iter 124400 epoch 63 G 2.121 (adv 1.697 cyc 0.292 idt 0.132) D_A 0.004 D_B 0.010 gnG 32.41 gnD 2.56 lr 2.00e-04 56 ms nan 0
2026-10-02 01:44:26,761 | INFO | iter 124500 epoch 63 G 2.312 (adv 1.953 cyc 0.254 idt 0.105) D_A 0.001 D_B 0.003 gnG 8.91 gnD 0.52 lr 2.00e-04 83 ms nan 0
2026-10-02 01:44:32,539 | INFO | iter 124600 epoch 63 G 1.775 (adv 1.138 cyc 0.464 idt 0.173) D_A 0.283 D_B 0.005 gnG 41.60 gnD 9.10 lr 2.00e-04 60 ms nan 0
2026-10-02 01:44:38,579 | INFO | iter 124700 epoch 63 G 2.283 (adv 1.767 cyc 0.380 idt 0.136) D_A 0.374 D_B 0.020 gnG 27.33 gnD 44.82 lr 2.00e-04 66 ms nan 0
2026-10-02 01:44:44,641 | INFO | iter 124800 epoch 63 G 2.706 (adv 2.210 cyc 0.343 idt 0.153) D_A 0.103 D_B 0.011 gnG 47.67 gnD 28.74 lr 2.00e-04 55 ms nan 0
2026-10-02 01:44:50,616 | INFO | iter 124900 epoch 63 G 2.408 (adv 1.996 cyc 0.297 idt 0.116) D_A 0.002 D_B 0.005 gnG 25.52 gnD 0.59 lr 2.00e-04 62 ms nan 0
2026-10-02 01:44:56,530 | INFO | iter 125000 epoch 63 G 2.420 (adv 1.904 cyc 0.363 idt 0.153) D_A 0.001 D_B 0.043 gnG 65.77 gnD 7.46 lr 2.00e-04 64 ms nan 0
2026-10-02 01:45:02,416 | INFO | iter 125100 epoch 63 G 2.495 (adv 1.916 cyc 0.405 idt 0.174) D_A 0.001 D_B 0.030 gnG 42.95 gnD 15.30 lr 2.00e-04 59 ms nan 0
2026-10-02 01:45:08,310 | INFO | iter 125200 epoch 63 G 1.982 (adv 1.558 cyc 0.324 idt 0.100) D_A 0.002 D_B 0.010 gnG 91.30 gnD 2.23 lr 2.00e-04 57 ms nan 0
2026-10-02 01:45:14,294 | INFO | iter 125300 epoch 63 G 2.416 (adv 2.034 cyc 0.283 idt 0.099) D_A 0.001 D_B 0.237 gnG 19.44 gnD 25.22 lr 2.00e-04 71 ms nan 0
2026-10-02 01:45:20,189 | INFO | iter 125400 epoch 63 G 2.299 (adv 1.783 cyc 0.367 idt 0.149) D_A 0.001 D_B 0.003 gnG 139.46 gnD 0.36 lr 2.00e-04 64 ms nan 0
2026-10-02 01:45:26,252 | INFO | iter 125500 epoch 63 G 2.502 (adv 1.992 cyc 0.368 idt 0.141) D_A 0.000 D_B 0.003 gnG 13.04 gnD 0.46 lr 2.00e-04 57 ms nan 0
2026-10-02 01:45:32,009 | INFO | iter 125600 epoch 63 G 2.631 (adv 2.019 cyc 0.436 idt 0.176) D_A 0.001 D_B 0.004 gnG 7.11 gnD 0.55 lr 2.00e-04 106 ms nan 0
2026-10-02 01:45:38,039 | INFO | iter 125700 epoch 63 G 2.543 (adv 2.056 cyc 0.345 idt 0.143) D_A 0.001 D_B 0.028 gnG 7.32 gnD 10.01 lr 2.00e-04 59 ms nan 0
2026-10-02 01:45:43,848 | INFO | iter 125800 epoch 63 G 2.600 (adv 1.925 cyc 0.479 idt 0.196) D_A 0.001 D_B 0.011 gnG 7.97 gnD 2.25 lr 2.00e-04 58 ms nan 0
2026-10-02 01:45:50,266 | INFO | iter 125900 epoch 63 G 2.380 (adv 1.942 cyc 0.319 idt 0.120) D_A 0.002 D_B 0.024 gnG 8.45 gnD 6.39 lr 2.00e-04 65 ms nan 0
2026-10-02 01:45:57,489 | INFO | iter 126000 epoch 63 G 2.544 (adv 1.938 cyc 0.436 idt 0.170) D_A 0.001 D_B 0.004 gnG 25.34 gnD 0.49 lr 2.00e-04 68 ms nan 0
2026-10-02 01:45:57,491 | INFO | epoch 63/400 {"loss_g": 2.4452, "loss_g_adv": 1.9018, "loss_cycle": 0.3889, "loss_identity": 0.1544, "loss_d_a": 0.0135, "loss_d_b": 0.0251}
2026-10-02 01:46:03,642 | INFO | iter 126100 epoch 64 G 2.686 (adv 2.030 cyc 0.478 idt 0.178) D_A 0.003 D_B 0.005 gnG 7.68 gnD 0.63 lr 2.00e-04 64 ms nan 0
2026-10-02 01:46:09,868 | INFO | iter 126200 epoch 64 G 2.553 (adv 2.030 cyc 0.376 idt 0.147) D_A 0.001 D_B 0.006 gnG 5.46 gnD 0.85 lr 2.00e-04 64 ms nan 0
2026-10-02 01:46:15,704 | INFO | iter 126300 epoch 64 G 2.292 (adv 1.936 cyc 0.272 idt 0.084) D_A 0.004 D_B 0.003 gnG 36.58 gnD 2.88 lr 2.00e-04 55 ms nan 0
2026-10-02 01:46:21,908 | INFO | iter 126400 epoch 64 G 2.625 (adv 2.051 cyc 0.404 idt 0.171) D_A 0.001 D_B 0.010 gnG 10.25 gnD 1.17 lr 2.00e-04 59 ms nan 0
2026-10-02 01:46:27,799 | INFO | iter 126500 epoch 64 G 2.561 (adv 1.985 cyc 0.414 idt 0.162) D_A 0.001 D_B 0.018 gnG 11.00 gnD 0.90 lr 2.00e-04 62 ms nan 0
2026-10-02 01:46:33,859 | INFO | iter 126600 epoch 64 G 1.502 (adv 1.072 cyc 0.307 idt 0.124) D_A 0.001 D_B 0.010 gnG 15.14 gnD 0.79 lr 2.00e-04 60 ms nan 0
2026-10-02 01:46:39,858 | INFO | iter 126700 epoch 64 G 1.730 (adv 1.226 cyc 0.340 idt 0.164) D_A 0.001 D_B 0.006 gnG 100.04 gnD 0.95 lr 2.00e-04 63 ms nan 0
2026-10-02 01:46:45,816 | INFO | iter 126800 epoch 64 G 2.540 (adv 2.001 cyc 0.400 idt 0.140) D_A 0.000 D_B 0.036 gnG 9.79 gnD 12.96 lr 2.00e-04 59 ms nan 0
2026-10-02 01:46:51,625 | INFO | iter 126900 epoch 64 G 2.522 (adv 2.012 cyc 0.380 idt 0.130) D_A 0.001 D_B 0.004 gnG 15.43 gnD 0.71 lr 2.00e-04 59 ms nan 0
2026-10-02 01:46:57,601 | INFO | iter 127000 epoch 64 G 2.745 (adv 2.096 cyc 0.467 idt 0.182) D_A 0.002 D_B 0.034 gnG 47.66 gnD 6.71 lr 2.00e-04 56 ms nan 0
2026-10-02 01:47:03,528 | INFO | iter 127100 epoch 64 G 2.152 (adv 1.729 cyc 0.311 idt 0.113) D_A 0.000 D_B 0.003 gnG 45.36 gnD 0.50 lr 2.00e-04 62 ms nan 0
2026-10-02 01:47:09,401 | INFO | iter 127200 epoch 64 G 2.589 (adv 2.011 cyc 0.418 idt 0.160) D_A 0.000 D_B 0.033 gnG 7.99 gnD 5.02 lr 2.00e-04 55 ms nan 0
2026-10-02 01:47:15,387 | INFO | iter 127300 epoch 64 G 2.720 (adv 2.034 cyc 0.503 idt 0.183) D_A 0.001 D_B 0.005 gnG 9.78 gnD 0.76 lr 2.00e-04 57 ms nan 0
2026-10-02 01:47:21,281 | INFO | iter 127400 epoch 64 G 2.480 (adv 2.041 cyc 0.313 idt 0.125) D_A 0.000 D_B 0.003 gnG 11.23 gnD 0.41 lr 2.00e-04 59 ms nan 0
2026-10-02 01:47:27,429 | INFO | iter 127500 epoch 64 G 2.419 (adv 1.998 cyc 0.302 idt 0.119) D_A 0.001 D_B 0.006 gnG 8.60 gnD 0.55 lr 2.00e-04 58 ms nan 0
2026-10-02 01:47:33,296 | INFO | iter 127600 epoch 64 G 2.512 (adv 2.026 cyc 0.349 idt 0.137) D_A 0.001 D_B 0.003 gnG 9.66 gnD 0.33 lr 2.00e-04 57 ms nan 0
2026-10-02 01:47:39,189 | INFO | iter 127700 epoch 64 G 2.145 (adv 1.702 cyc 0.321 idt 0.122) D_A 0.000 D_B 0.010 gnG 63.08 gnD 1.05 lr 2.00e-04 63 ms nan 0
2026-10-02 01:47:45,072 | INFO | iter 127800 epoch 64 G 1.609 (adv 1.152 cyc 0.331 idt 0.126) D_A 0.001 D_B 0.009 gnG 76.42 gnD 2.64 lr 2.00e-04 59 ms nan 0
2026-10-02 01:47:50,921 | INFO | iter 127900 epoch 64 G 2.607 (adv 2.046 cyc 0.427 idt 0.134) D_A 0.001 D_B 0.002 gnG 23.19 gnD 0.34 lr 2.00e-04 57 ms nan 0
2026-10-02 01:47:56,776 | INFO | iter 128000 epoch 64 G 1.941 (adv 1.406 cyc 0.373 idt 0.162) D_A 0.001 D_B 0.036 gnG 58.34 gnD 3.59 lr 2.00e-04 60 ms nan 0
2026-10-02 01:47:56,778 | INFO | epoch 64/400 {"loss_g": 2.4632, "loss_g_adv": 1.9179, "loss_cycle": 0.3911, "loss_identity": 0.1542, "loss_d_a": 0.0042, "loss_d_b": 0.029}
2026-10-02 01:48:02,559 | INFO | iter 128100 epoch 65 G 2.445 (adv 1.961 cyc 0.345 idt 0.139) D_A 0.001 D_B 0.002 gnG 8.61 gnD 0.48 lr 2.00e-04 59 ms nan 0
2026-10-02 01:48:08,587 | INFO | iter 128200 epoch 65 G 2.338 (adv 1.989 cyc 0.246 idt 0.103) D_A 0.001 D_B 0.002 gnG 8.93 gnD 0.34 lr 2.00e-04 62 ms nan 0
2026-10-02 01:48:14,381 | INFO | iter 128300 epoch 65 G 2.352 (adv 1.643 cyc 0.510 idt 0.199) D_A 0.125 D_B 0.004 gnG 12.44 gnD 25.38 lr 2.00e-04 64 ms nan 0
2026-10-02 01:48:20,516 | INFO | iter 128400 epoch 65 G 1.818 (adv 1.359 cyc 0.333 idt 0.126) D_A 0.020 D_B 0.015 gnG 160.45 gnD 2.38 lr 2.00e-04 63 ms nan 0
2026-10-02 01:48:26,354 | INFO | iter 128500 epoch 65 G 2.518 (adv 1.887 cyc 0.449 idt 0.183) D_A 0.002 D_B 0.006 gnG 40.10 gnD 1.17 lr 2.00e-04 59 ms nan 0
2026-10-02 01:48:32,305 | INFO | iter 128600 epoch 65 G 2.508 (adv 1.948 cyc 0.391 idt 0.169) D_A 0.001 D_B 0.003 gnG 11.62 gnD 0.44 lr 2.00e-04 62 ms nan 0
2026-10-02 01:48:38,360 | INFO | iter 128700 epoch 65 G 2.373 (adv 1.910 cyc 0.326 idt 0.137) D_A 0.001 D_B 0.004 gnG 12.74 gnD 0.46 lr 2.00e-04 65 ms nan 0
2026-10-02 01:48:44,376 | INFO | iter 128800 epoch 65 G 1.818 (adv 1.367 cyc 0.325 idt 0.126) D_A 0.001 D_B 0.167 gnG 118.07 gnD 23.44 lr 2.00e-04 60 ms nan 0
2026-10-02 01:48:50,381 | INFO | iter 128900 epoch 65 G 2.306 (adv 1.951 cyc 0.263 idt 0.092) D_A 0.002 D_B 0.006 gnG 79.79 gnD 2.10 lr 2.00e-04 59 ms nan 0
2026-10-02 01:48:56,229 | INFO | iter 129000 epoch 65 G 2.226 (adv 1.767 cyc 0.319 idt 0.140) D_A 0.012 D_B 0.019 gnG 22.01 gnD 1.67 lr 2.00e-04 61 ms nan 0
2026-10-02 01:49:02,102 | INFO | iter 129100 epoch 65 G 2.499 (adv 1.966 cyc 0.382 idt 0.151) D_A 0.002 D_B 0.004 gnG 12.56 gnD 0.90 lr 2.00e-04 63 ms nan 0
2026-10-02 01:49:08,013 | INFO | iter 129200 epoch 65 G 2.415 (adv 2.017 cyc 0.294 idt 0.104) D_A 0.001 D_B 0.003 gnG 15.05 gnD 0.54 lr 2.00e-04 56 ms nan 0
2026-10-02 01:49:13,961 | INFO | iter 129300 epoch 65 G 2.066 (adv 1.574 cyc 0.351 idt 0.142) D_A 0.001 D_B 0.018 gnG 157.39 gnD 0.97 lr 2.00e-04 61 ms nan 0
2026-10-02 01:49:19,839 | INFO | iter 129400 epoch 65 G 2.446 (adv 1.982 cyc 0.325 idt 0.138) D_A 0.001 D_B 0.017 gnG 15.05 gnD 4.32 lr 2.00e-04 56 ms nan 0
2026-10-02 01:49:25,915 | INFO | iter 129500 epoch 65 G 2.764 (adv 1.888 cyc 0.634 idt 0.242) D_A 0.002 D_B 0.041 gnG 96.80 gnD 7.85 lr 2.00e-04 62 ms nan 0
2026-10-02 01:49:31,916 | INFO | iter 129600 epoch 65 G 2.550 (adv 1.922 cyc 0.456 idt 0.173) D_A 0.001 D_B 0.014 gnG 25.16 gnD 1.25 lr 2.00e-04 57 ms nan 0
2026-10-02 01:49:38,037 | INFO | iter 129700 epoch 65 G 2.434 (adv 1.823 cyc 0.459 idt 0.152) D_A 0.001 D_B 0.110 gnG 149.04 gnD 8.62 lr 2.00e-04 55 ms nan 0
2026-10-02 01:49:44,111 | INFO | iter 129800 epoch 65 G 2.686 (adv 2.195 cyc 0.351 idt 0.140) D_A 0.000 D_B 0.045 gnG 5.28 gnD 20.73 lr 2.00e-04 65 ms nan 0
2026-10-02 01:49:50,131 | INFO | iter 129900 epoch 65 G 2.512 (adv 2.004 cyc 0.377 idt 0.131) D_A 0.005 D_B 0.006 gnG 17.54 gnD 2.41 lr 2.00e-04 58 ms nan 0
2026-10-02 01:49:56,049 | INFO | iter 130000 epoch 65 G 2.529 (adv 1.747 cyc 0.562 idt 0.221) D_A 0.001 D_B 0.007 gnG 21.85 gnD 0.57 lr 2.00e-04 60 ms nan 0
2026-10-02 01:49:56,051 | INFO | epoch 65/400 {"loss_g": 2.4093, "loss_g_adv": 1.8712, "loss_cycle": 0.3844, "loss_identity": 0.1537, "loss_d_a": 0.0187, "loss_d_b": 0.0253}
2026-10-02 01:50:10,650 | INFO | iter 130100 epoch 66 G 2.483 (adv 2.045 cyc 0.315 idt 0.123) D_A 0.052 D_B 0.008 gnG 17.26 gnD 4.11 lr 2.00e-04 58 ms nan 0
2026-10-02 01:50:16,607 | INFO | iter 130200 epoch 66 G 2.540 (adv 1.835 cyc 0.510 idt 0.196) D_A 0.002 D_B 0.006 gnG 57.81 gnD 1.01 lr 2.00e-04 73 ms nan 0
2026-10-02 01:50:22,525 | INFO | iter 130300 epoch 66 G 2.125 (adv 1.553 cyc 0.425 idt 0.147) D_A 0.001 D_B 0.025 gnG 80.39 gnD 1.93 lr 2.00e-04 55 ms nan 0
2026-10-02 01:50:28,573 | INFO | iter 130400 epoch 66 G 2.595 (adv 1.971 cyc 0.457 idt 0.168) D_A 0.002 D_B 0.018 gnG 19.25 gnD 5.67 lr 2.00e-04 72 ms nan 0
2026-10-02 01:50:34,421 | INFO | iter 130500 epoch 66 G 2.475 (adv 2.046 cyc 0.303 idt 0.126) D_A 0.001 D_B 0.003 gnG 13.85 gnD 0.45 lr 2.00e-04 63 ms nan 0
2026-10-02 01:50:40,569 | INFO | iter 130600 epoch 66 G 2.377 (adv 1.960 cyc 0.289 idt 0.127) D_A 0.003 D_B 0.013 gnG 8.74 gnD 7.55 lr 2.00e-04 59 ms nan 0
2026-10-02 01:50:46,555 | INFO | iter 130700 epoch 66 G 2.314 (adv 1.956 cyc 0.257 idt 0.101) D_A 0.000 D_B 0.004 gnG 13.65 gnD 0.58 lr 2.00e-04 65 ms nan 0
2026-10-02 01:50:52,474 | INFO | iter 130800 epoch 66 G 2.553 (adv 2.016 cyc 0.389 idt 0.148) D_A 0.001 D_B 0.005 gnG 9.17 gnD 0.43 lr 2.00e-04 56 ms nan 0
2026-10-02 01:50:58,368 | INFO | iter 130900 epoch 66 G 2.664 (adv 2.124 cyc 0.401 idt 0.139) D_A 0.001 D_B 0.002 gnG 28.48 gnD 0.35 lr 2.00e-04 57 ms nan 0
2026-10-02 01:51:04,264 | INFO | iter 131000 epoch 66 G 2.556 (adv 1.842 cyc 0.505 idt 0.208) D_A 0.000 D_B 0.008 gnG 136.28 gnD 0.73 lr 2.00e-04 59 ms nan 0
2026-10-02 01:51:10,265 | INFO | iter 131100 epoch 66 G 2.292 (adv 1.638 cyc 0.461 idt 0.193) D_A 0.001 D_B 0.164 gnG 164.64 gnD 13.52 lr 2.00e-04 61 ms nan 0
2026-10-02 01:51:16,359 | INFO | iter 131200 epoch 66 G 2.376 (adv 1.879 cyc 0.357 idt 0.141) D_A 0.001 D_B 0.023 gnG 19.28 gnD 4.19 lr 2.00e-04 97 ms nan 0
2026-10-02 01:51:22,288 | INFO | iter 131300 epoch 66 G 2.556 (adv 2.160 cyc 0.292 idt 0.105) D_A 0.001 D_B 0.083 gnG 7.09 gnD 44.47 lr 2.00e-04 72 ms nan 0
2026-10-02 01:51:28,275 | INFO | iter 131400 epoch 66 G 2.336 (adv 1.906 cyc 0.314 idt 0.116) D_A 0.003 D_B 0.009 gnG 23.98 gnD 0.74 lr 2.00e-04 92 ms nan 0
2026-10-02 01:51:34,187 | INFO | iter 131500 epoch 66 G 2.761 (adv 2.059 cyc 0.489 idt 0.214) D_A 0.002 D_B 0.033 gnG 8.27 gnD 18.09 lr 2.00e-04 62 ms nan 0
2026-10-02 01:51:40,216 | INFO | iter 131600 epoch 66 G 2.510 (adv 2.008 cyc 0.359 idt 0.142) D_A 0.001 D_B 0.003 gnG 20.16 gnD 0.35 lr 2.00e-04 57 ms nan 0
2026-10-02 01:51:46,231 | INFO | iter 131700 epoch 66 G 2.521 (adv 1.968 cyc 0.389 idt 0.165) D_A 0.001 D_B 0.004 gnG 7.49 gnD 0.52 lr 2.00e-04 64 ms nan 0
2026-10-02 01:51:52,045 | INFO | iter 131800 epoch 66 G 2.382 (adv 2.020 cyc 0.260 idt 0.102) D_A 0.000 D_B 0.002 gnG 10.21 gnD 0.53 lr 2.00e-04 59 ms nan 0
2026-10-02 01:51:58,041 | INFO | iter 131900 epoch 66 G 2.482 (adv 2.007 cyc 0.337 idt 0.139) D_A 0.001 D_B 0.002 gnG 10.11 gnD 0.33 lr 2.00e-04 55 ms nan 0
2026-10-02 01:52:03,883 | INFO | iter 132000 epoch 66 G 2.514 (adv 2.026 cyc 0.350 idt 0.138) D_A 0.001 D_B 0.002 gnG 24.34 gnD 0.44 lr 2.00e-04 59 ms nan 0
2026-10-02 01:52:03,884 | INFO | epoch 66/400 {"loss_g": 2.455, "loss_g_adv": 1.9277, "loss_cycle": 0.3771, "loss_identity": 0.1503, "loss_d_a": 0.0052, "loss_d_b": 0.0224}
2026-10-02 01:52:09,908 | INFO | iter 132100 epoch 67 G 2.704 (adv 1.893 cyc 0.587 idt 0.225) D_A 0.001 D_B 0.004 gnG 14.89 gnD 0.47 lr 2.00e-04 55 ms nan 0
2026-10-02 01:52:15,881 | INFO | iter 132200 epoch 67 G 2.506 (adv 2.030 cyc 0.336 idt 0.141) D_A 0.000 D_B 0.005 gnG 16.14 gnD 0.50 lr 2.00e-04 65 ms nan 0
2026-10-02 01:52:21,577 | INFO | iter 132300 epoch 67 G 2.153 (adv 1.664 cyc 0.341 idt 0.148) D_A 0.001 D_B 0.149 gnG 115.39 gnD 24.79 lr 2.00e-04 55 ms nan 0
2026-10-02 01:52:27,744 | INFO | iter 132400 epoch 67 G 1.800 (adv 1.171 cyc 0.464 idt 0.165) D_A 0.001 D_B 0.051 gnG 47.51 gnD 10.37 lr 2.00e-04 62 ms nan 0
2026-10-02 01:52:33,476 | INFO | iter 132500 epoch 67 G 2.291 (adv 1.921 cyc 0.268 idt 0.102) D_A 0.001 D_B 0.035 gnG 52.06 gnD 17.06 lr 2.00e-04 58 ms nan 0
2026-10-02 01:52:39,529 | INFO | iter 132600 epoch 67 G 2.279 (adv 2.010 cyc 0.199 idt 0.069) D_A 0.001 D_B 0.003 gnG 7.50 gnD 0.46 lr 2.00e-04 55 ms nan 0
2026-10-02 01:52:45,373 | INFO | iter 132700 epoch 67 G 2.507 (adv 2.016 cyc 0.357 idt 0.134) D_A 0.001 D_B 0.059 gnG 22.62 gnD 29.51 lr 2.00e-04 62 ms nan 0
2026-10-02 01:52:51,268 | INFO | iter 132800 epoch 67 G 1.971 (adv 1.567 cyc 0.287 idt 0.117) D_A 0.000 D_B 0.028 gnG 35.60 gnD 6.01 lr 2.00e-04 57 ms nan 0
2026-10-02 01:52:57,380 | INFO | iter 132900 epoch 67 G 2.351 (adv 1.886 cyc 0.328 idt 0.138) D_A 0.000 D_B 0.011 gnG 9.79 gnD 1.07 lr 2.00e-04 58 ms nan 0
2026-10-02 01:53:03,195 | INFO | iter 133000 epoch 67 G 2.536 (adv 2.079 cyc 0.322 idt 0.135) D_A 0.001 D_B 0.034 gnG 6.59 gnD 15.24 lr 2.00e-04 55 ms nan 0
2026-10-02 01:53:09,296 | INFO | iter 133100 epoch 67 G 2.290 (adv 1.701 cyc 0.431 idt 0.158) D_A 0.039 D_B 0.003 gnG 30.03 gnD 27.50 lr 2.00e-04 100 ms nan 0
2026-10-02 01:53:15,056 | INFO | iter 133200 epoch 67 G 2.683 (adv 1.909 cyc 0.548 idt 0.227) D_A 0.012 D_B 0.008 gnG 18.76 gnD 7.60 lr 2.00e-04 62 ms nan 0
2026-10-02 01:53:21,052 | INFO | iter 133300 epoch 67 G 2.744 (adv 2.106 cyc 0.454 idt 0.184) D_A 0.001 D_B 0.007 gnG 6.71 gnD 0.79 lr 2.00e-04 56 ms nan 0
2026-10-02 01:53:27,080 | INFO | iter 133400 epoch 67 G 2.557 (adv 2.064 cyc 0.355 idt 0.137) D_A 0.003 D_B 0.072 gnG 6.61 gnD 39.48 lr 2.00e-04 58 ms nan 0
2026-10-02 01:53:32,991 | INFO | iter 133500 epoch 67 G 1.942 (adv 1.465 cyc 0.348 idt 0.129) D_A 0.188 D_B 0.004 gnG 14.68 gnD 1.31 lr 2.00e-04 56 ms nan 0
2026-10-02 01:53:38,883 | INFO | iter 133600 epoch 67 G 2.096 (adv 1.519 cyc 0.422 idt 0.154) D_A 0.244 D_B 0.004 gnG 9.88 gnD 9.16 lr 2.00e-04 60 ms nan 0
2026-10-02 01:53:44,643 | INFO | iter 133700 epoch 67 G 1.898 (adv 1.474 cyc 0.298 idt 0.126) D_A 0.186 D_B 0.004 gnG 12.89 gnD 4.19 lr 2.00e-04 63 ms nan 0
2026-10-02 01:53:50,634 | INFO | iter 133800 epoch 67 G 1.678 (adv 1.119 cyc 0.412 idt 0.148) D_A 0.463 D_B 0.004 gnG 13.68 gnD 3.27 lr 2.00e-04 60 ms nan 0
2026-10-02 01:53:56,548 | INFO | iter 133900 epoch 67 G 2.476 (adv 1.855 cyc 0.452 idt 0.169) D_A 0.026 D_B 0.004 gnG 30.74 gnD 2.77 lr 2.00e-04 60 ms nan 0
2026-10-02 01:54:02,702 | INFO | iter 134000 epoch 67 G 2.379 (adv 1.813 cyc 0.413 idt 0.153) D_A 0.008 D_B 0.002 gnG 129.58 gnD 0.93 lr 2.00e-04 58 ms nan 0
2026-10-02 01:54:02,703 | INFO | epoch 67/400 {"loss_g": 2.3065, "loss_g_adv": 1.769, "loss_cycle": 0.3855, "loss_identity": 0.152, "loss_d_a": 0.0528, "loss_d_b": 0.0286}
2026-10-02 01:54:08,491 | INFO | iter 134100 epoch 68 G 2.564 (adv 1.954 cyc 0.429 idt 0.181) D_A 0.002 D_B 0.005 gnG 6.92 gnD 0.56 lr 2.00e-04 57 ms nan 0
2026-10-02 01:54:14,378 | INFO | iter 134200 epoch 68 G 2.219 (adv 1.613 cyc 0.433 idt 0.173) D_A 0.012 D_B 0.154 gnG 9.09 gnD 15.73 lr 2.00e-04 89 ms nan 0
2026-10-02 01:54:20,463 | INFO | iter 134300 epoch 68 G 2.484 (adv 1.986 cyc 0.366 idt 0.133) D_A 0.002 D_B 0.010 gnG 11.37 gnD 1.92 lr 2.00e-04 57 ms nan 0
2026-10-02 01:54:26,346 | INFO | iter 134400 epoch 68 G 2.602 (adv 1.937 cyc 0.485 idt 0.181) D_A 0.002 D_B 0.014 gnG 7.93 gnD 1.41 lr 2.00e-04 55 ms nan 0
2026-10-02 01:54:32,202 | INFO | iter 134500 epoch 68 G 2.592 (adv 1.986 cyc 0.444 idt 0.162) D_A 0.006 D_B 0.009 gnG 27.90 gnD 4.73 lr 2.00e-04 72 ms nan 0
2026-10-02 01:54:38,025 | INFO | iter 134600 epoch 68 G 2.220 (adv 1.548 cyc 0.375 idt 0.297) D_A 0.001 D_B 0.003 gnG 81.60 gnD 0.28 lr 2.00e-04 59 ms nan 0
2026-10-02 01:54:43,897 | INFO | iter 134700 epoch 68 G 2.292 (adv 1.910 cyc 0.277 idt 0.104) D_A 0.007 D_B 0.004 gnG 38.42 gnD 2.92 lr 2.00e-04 66 ms nan 0
2026-10-02 01:54:49,784 | INFO | iter 134800 epoch 68 G 2.444 (adv 1.968 cyc 0.329 idt 0.147) D_A 0.004 D_B 0.026 gnG 9.94 gnD 23.34 lr 2.00e-04 57 ms nan 0
2026-10-02 01:54:55,732 | INFO | iter 134900 epoch 68 G 2.544 (adv 2.031 cyc 0.375 idt 0.137) D_A 0.004 D_B 0.007 gnG 17.11 gnD 1.30 lr 2.00e-04 57 ms nan 0
2026-10-02 01:55:01,603 | INFO | iter 135000 epoch 68 G 1.959 (adv 1.443 cyc 0.369 idt 0.147) D_A 0.001 D_B 0.039 gnG 104.06 gnD 7.78 lr 2.00e-04 60 ms nan 0
2026-10-02 01:55:07,569 | INFO | iter 135100 epoch 68 G 2.506 (adv 2.086 cyc 0.300 idt 0.121) D_A 0.001 D_B 0.155 gnG 12.42 gnD 42.90 lr 2.00e-04 59 ms nan 0
2026-10-02 01:55:13,297 | INFO | iter 135200 epoch 68 G 2.506 (adv 1.871 cyc 0.439 idt 0.196) D_A 0.001 D_B 0.010 gnG 64.30 gnD 0.72 lr 2.00e-04 59 ms nan 0
2026-10-02 01:55:19,209 | INFO | iter 135300 epoch 68 G 2.715 (adv 2.136 cyc 0.418 idt 0.161) D_A 0.001 D_B 0.006 gnG 27.25 gnD 0.57 lr 2.00e-04 54 ms nan 0
2026-10-02 01:55:25,046 | INFO | iter 135400 epoch 68 G 2.716 (adv 2.062 cyc 0.506 idt 0.148) D_A 0.001 D_B 0.005 gnG 66.29 gnD 1.55 lr 2.00e-04 79 ms nan 0
2026-10-02 01:55:30,958 | INFO | iter 135500 epoch 68 G 2.709 (adv 2.015 cyc 0.495 idt 0.198) D_A 0.001 D_B 0.029 gnG 8.79 gnD 4.29 lr 2.00e-04 76 ms nan 0
2026-10-02 01:55:37,137 | INFO | iter 135600 epoch 68 G 2.297 (adv 2.000 cyc 0.211 idt 0.086) D_A 0.001 D_B 0.003 gnG 14.36 gnD 1.17 lr 2.00e-04 66 ms nan 0
2026-10-02 01:55:43,419 | INFO | iter 135700 epoch 68 G 2.055 (adv 1.451 cyc 0.433 idt 0.171) D_A 0.001 D_B 0.014 gnG 105.96 gnD 1.12 lr 2.00e-04 136 ms nan 0
2026-10-02 01:55:49,619 | INFO | iter 135800 epoch 68 G 2.429 (adv 1.907 cyc 0.376 idt 0.147) D_A 0.004 D_B 0.004 gnG 12.66 gnD 0.98 lr 2.00e-04 72 ms nan 0
2026-10-02 01:55:55,484 | INFO | iter 135900 epoch 68 G 2.616 (adv 2.138 cyc 0.326 idt 0.152) D_A 0.004 D_B 0.006 gnG 17.26 gnD 1.81 lr 2.00e-04 56 ms nan 0
2026-10-02 01:56:01,453 | INFO | iter 136000 epoch 68 G 2.791 (adv 2.048 cyc 0.370 idt 0.374) D_A 0.001 D_B 0.013 gnG 9.81 gnD 3.90 lr 2.00e-04 54 ms nan 0
2026-10-02 01:56:01,454 | INFO | epoch 68/400 {"loss_g": 2.4315, "loss_g_adv": 1.8864, "loss_cycle": 0.3909, "loss_identity": 0.1542, "loss_d_a": 0.008, "loss_d_b": 0.0349}
2026-10-02 01:56:07,432 | INFO | iter 136100 epoch 69 G 2.541 (adv 2.008 cyc 0.392 idt 0.141) D_A 0.002 D_B 0.004 gnG 17.41 gnD 0.87 lr 2.00e-04 58 ms nan 0
2026-10-02 01:56:13,264 | INFO | iter 136200 epoch 69 G 2.626 (adv 2.188 cyc 0.310 idt 0.127) D_A 0.000 D_B 0.075 gnG 10.01 gnD 6.55 lr 2.00e-04 61 ms nan 0
2026-10-02 01:56:19,224 | INFO | iter 136300 epoch 69 G 2.544 (adv 2.023 cyc 0.384 idt 0.137) D_A 0.004 D_B 0.006 gnG 13.64 gnD 1.83 lr 2.00e-04 56 ms nan 0
2026-10-02 01:56:25,200 | INFO | iter 136400 epoch 69 G 2.655 (adv 2.110 cyc 0.388 idt 0.157) D_A 0.001 D_B 0.013 gnG 18.59 gnD 1.11 lr 2.00e-04 57 ms nan 0
2026-10-02 01:56:31,171 | INFO | iter 136500 epoch 69 G 2.377 (adv 1.945 cyc 0.308 idt 0.124) D_A 0.001 D_B 0.005 gnG 6.48 gnD 0.78 lr 2.00e-04 60 ms nan 0
2026-10-02 01:56:37,076 | INFO | iter 136600 epoch 69 G 2.046 (adv 1.427 cyc 0.441 idt 0.178) D_A 0.002 D_B 0.039 gnG 40.71 gnD 10.62 lr 2.00e-04 55 ms nan 0
2026-10-02 01:56:42,954 | INFO | iter 136700 epoch 69 G 2.326 (adv 1.902 cyc 0.306 idt 0.119) D_A 0.001 D_B 0.003 gnG 80.28 gnD 0.34 lr 2.00e-04 59 ms nan 0
2026-10-02 01:56:48,872 | INFO | iter 136800 epoch 69 G 2.438 (adv 1.786 cyc 0.470 idt 0.182) D_A 0.001 D_B 0.015 gnG 36.04 gnD 2.28 lr 2.00e-04 58 ms nan 0
2026-10-02 01:56:54,720 | INFO | iter 136900 epoch 69 G 2.270 (adv 1.728 cyc 0.391 idt 0.151) D_A 0.001 D_B 0.012 gnG 120.31 gnD 1.15 lr 2.00e-04 55 ms nan 0
2026-10-02 01:57:00,598 | INFO | iter 137000 epoch 69 G 2.178 (adv 1.669 cyc 0.367 idt 0.142) D_A 0.000 D_B 0.018 gnG 110.40 gnD 5.68 lr 2.00e-04 57 ms nan 0
2026-10-02 01:57:06,575 | INFO | iter 137100 epoch 69 G 2.335 (adv 1.927 cyc 0.303 idt 0.105) D_A 0.001 D_B 0.002 gnG 16.57 gnD 0.36 lr 2.00e-04 58 ms nan 0
2026-10-02 01:57:12,346 | INFO | iter 137200 epoch 69 G 2.500 (adv 1.984 cyc 0.372 idt 0.144) D_A 0.000 D_B 0.003 gnG 14.95 gnD 0.43 lr 2.00e-04 58 ms nan 0
2026-10-02 01:57:18,306 | INFO | iter 137300 epoch 69 G 2.626 (adv 1.934 cyc 0.485 idt 0.208) D_A 0.001 D_B 0.106 gnG 5.78 gnD 12.59 lr 2.00e-04 58 ms nan 0
2026-10-02 01:57:24,092 | INFO | iter 137400 epoch 69 G 2.357 (adv 1.927 cyc 0.306 idt 0.123) D_A 0.002 D_B 0.002 gnG 19.60 gnD 0.47 lr 2.00e-04 64 ms nan 0
2026-10-02 01:57:30,089 | INFO | iter 137500 epoch 69 G 2.515 (adv 2.054 cyc 0.325 idt 0.137) D_A 0.001 D_B 0.004 gnG 12.24 gnD 1.30 lr 2.00e-04 57 ms nan 0
2026-10-02 01:57:36,039 | INFO | iter 137600 epoch 69 G 2.626 (adv 1.972 cyc 0.464 idt 0.191) D_A 0.002 D_B 0.057 gnG 11.71 gnD 15.58 lr 2.00e-04 63 ms nan 0
2026-10-02 01:57:41,918 | INFO | iter 137700 epoch 69 G 2.557 (adv 2.007 cyc 0.390 idt 0.160) D_A 0.001 D_B 0.014 gnG 22.91 gnD 5.36 lr 2.00e-04 55 ms nan 0
2026-10-02 01:57:47,869 | INFO | iter 137800 epoch 69 G 2.435 (adv 1.963 cyc 0.331 idt 0.141) D_A 0.001 D_B 0.008 gnG 49.10 gnD 0.66 lr 2.00e-04 61 ms nan 0
2026-10-02 01:57:53,748 | INFO | iter 137900 epoch 69 G 2.252 (adv 1.765 cyc 0.349 idt 0.138) D_A 0.001 D_B 0.004 gnG 88.19 gnD 0.36 lr 2.00e-04 61 ms nan 0
2026-10-02 01:57:59,786 | INFO | iter 138000 epoch 69 G 2.331 (adv 1.913 cyc 0.303 idt 0.115) D_A 0.001 D_B 0.019 gnG 17.98 gnD 10.93 lr 2.00e-04 56 ms nan 0
2026-10-02 01:57:59,788 | INFO | epoch 69/400 {"loss_g": 2.4491, "loss_g_adv": 1.9365, "loss_cycle": 0.3657, "loss_identity": 0.1468, "loss_d_a": 0.0062, "loss_d_b": 0.0191}
2026-10-02 01:58:05,580 | INFO | iter 138100 epoch 70 G 2.660 (adv 1.947 cyc 0.492 idt 0.222) D_A 0.000 D_B 0.008 gnG 15.74 gnD 0.82 lr 2.00e-04 57 ms nan 0
2026-10-02 01:58:11,539 | INFO | iter 138200 epoch 70 G 2.578 (adv 1.962 cyc 0.435 idt 0.181) D_A 0.001 D_B 0.010 gnG 14.03 gnD 0.92 lr 2.00e-04 56 ms nan 0
2026-10-02 01:58:17,442 | INFO | iter 138300 epoch 70 G 2.518 (adv 1.909 cyc 0.439 idt 0.170) D_A 0.000 D_B 0.005 gnG 109.70 gnD 0.65 lr 2.00e-04 67 ms nan 0
2026-10-02 01:58:23,298 | INFO | iter 138400 epoch 70 G 2.452 (adv 1.997 cyc 0.330 idt 0.124) D_A 0.001 D_B 0.015 gnG 23.87 gnD 7.71 lr 2.00e-04 59 ms nan 0
2026-10-02 01:58:29,378 | INFO | iter 138500 epoch 70 G 2.449 (adv 1.995 cyc 0.316 idt 0.138) D_A 0.002 D_B 0.004 gnG 5.35 gnD 0.47 lr 2.00e-04 57 ms nan 0
2026-10-02 01:58:35,252 | INFO | iter 138600 epoch 70 G 2.552 (adv 2.090 cyc 0.330 idt 0.133) D_A 0.007 D_B 0.002 gnG 5.33 gnD 0.62 lr 2.00e-04 62 ms nan 0
2026-10-02 01:58:41,157 | INFO | iter 138700 epoch 70 G 2.445 (adv 2.006 cyc 0.303 idt 0.136) D_A 0.001 D_B 0.165 gnG 7.93 gnD 83.15 lr 2.00e-04 58 ms nan 0
2026-10-02 01:58:47,125 | INFO | iter 138800 epoch 70 G 2.683 (adv 2.076 cyc 0.376 idt 0.231) D_A 0.001 D_B 0.003 gnG 25.48 gnD 0.57 lr 2.00e-04 74 ms nan 0
2026-10-02 01:58:53,029 | INFO | iter 138900 epoch 70 G 2.745 (adv 2.070 cyc 0.470 idt 0.205) D_A 0.001 D_B 0.005 gnG 7.87 gnD 0.42 lr 2.00e-04 63 ms nan 0
2026-10-02 01:58:59,148 | INFO | iter 139000 epoch 70 G 2.682 (adv 1.921 cyc 0.540 idt 0.221) D_A 0.001 D_B 0.209 gnG 6.96 gnD 82.58 lr 2.00e-04 58 ms nan 0
2026-10-02 01:59:05,184 | INFO | iter 139100 epoch 70 G 2.664 (adv 1.991 cyc 0.469 idt 0.204) D_A 0.001 D_B 0.003 gnG 10.59 gnD 0.41 lr 2.00e-04 85 ms nan 0
2026-10-02 01:59:11,064 | INFO | iter 139200 epoch 70 G 1.894 (adv 1.316 cyc 0.405 idt 0.173) D_A 0.240 D_B 0.002 gnG 4.71 gnD 1.29 lr 2.00e-04 58 ms nan 0
2026-10-02 01:59:17,176 | INFO | iter 139300 epoch 70 G 2.218 (adv 1.880 cyc 0.248 idt 0.090) D_A 0.013 D_B 0.003 gnG 12.05 gnD 2.30 lr 2.00e-04 67 ms nan 0
2026-10-02 01:59:23,103 | INFO | iter 139400 epoch 70 G 1.804 (adv 1.378 cyc 0.297 idt 0.129) D_A 0.013 D_B 0.003 gnG 63.42 gnD 7.29 lr 2.00e-04 59 ms nan 0
2026-10-02 01:59:29,287 | INFO | iter 139500 epoch 70 G 2.696 (adv 2.046 cyc 0.456 idt 0.195) D_A 0.001 D_B 0.233 gnG 8.57 gnD 26.17 lr 2.00e-04 57 ms nan 0
2026-10-02 01:59:35,180 | INFO | iter 139600 epoch 70 G 1.493 (adv 1.031 cyc 0.320 idt 0.142) D_A 0.001 D_B 0.004 gnG 18.96 gnD 0.75 lr 2.00e-04 69 ms nan 0
2026-10-02 01:59:41,197 | INFO | iter 139700 epoch 70 G 2.470 (adv 2.034 cyc 0.298 idt 0.138) D_A 0.001 D_B 0.003 gnG 6.31 gnD 1.96 lr 2.00e-04 61 ms nan 0
2026-10-02 01:59:47,450 | INFO | iter 139800 epoch 70 G 2.358 (adv 1.888 cyc 0.322 idt 0.148) D_A 0.001 D_B 0.014 gnG 159.96 gnD 6.82 lr 2.00e-04 59 ms nan 0
2026-10-02 01:59:53,413 | INFO | iter 139900 epoch 70 G 2.291 (adv 1.918 cyc 0.265 idt 0.108) D_A 0.048 D_B 0.011 gnG 17.55 gnD 24.77 lr 2.00e-04 61 ms nan 0
2026-10-02 01:59:59,484 | INFO | iter 140000 epoch 70 G 2.062 (adv 1.630 cyc 0.303 idt 0.129) D_A 0.001 D_B 0.015 gnG 198.19 gnD 4.71 lr 2.00e-04 59 ms nan 0
2026-10-02 01:59:59,486 | INFO | epoch 70/400 {"loss_g": 2.4168, "loss_g_adv": 1.8894, "loss_cycle": 0.3738, "loss_identity": 0.1536, "loss_d_a": 0.0164, "loss_d_b": 0.0216}
2026-10-02 02:00:23,439 | INFO | validation {"epoch": 70, "val_fid_a2b": 120.01369176219046, "val_fid_b2a": 124.03783787219797, "val_fid_mean": 122.02576481719422}
2026-10-02 02:00:38,980 | INFO | iter 140100 epoch 71 G 2.373 (adv 1.989 cyc 0.276 idt 0.109) D_A 0.000 D_B 0.007 gnG 5.29 gnD 0.86 lr 2.00e-04 58 ms nan 0
2026-10-02 02:00:44,978 | INFO | iter 140200 epoch 71 G 2.679 (adv 2.068 cyc 0.447 idt 0.163) D_A 0.002 D_B 0.005 gnG 10.86 gnD 0.59 lr 2.00e-04 71 ms nan 0
2026-10-02 02:00:51,517 | INFO | iter 140300 epoch 71 G 2.487 (adv 2.014 cyc 0.332 idt 0.141) D_A 0.000 D_B 0.002 gnG 10.94 gnD 0.21 lr 2.00e-04 56 ms nan 0
2026-10-02 02:00:57,903 | INFO | iter 140400 epoch 71 G 2.490 (adv 2.030 cyc 0.331 idt 0.129) D_A 0.001 D_B 0.006 gnG 20.60 gnD 3.32 lr 2.00e-04 61 ms nan 0
2026-10-02 02:01:03,952 | INFO | iter 140500 epoch 71 G 2.622 (adv 2.012 cyc 0.435 idt 0.176) D_A 0.002 D_B 0.003 gnG 14.04 gnD 0.52 lr 2.00e-04 60 ms nan 0
2026-10-02 02:01:10,150 | INFO | iter 140600 epoch 71 G 2.296 (adv 1.933 cyc 0.260 idt 0.103) D_A 0.001 D_B 0.004 gnG 17.45 gnD 0.45 lr 2.00e-04 58 ms nan 0
2026-10-02 02:01:16,201 | INFO | iter 140700 epoch 71 G 2.480 (adv 1.981 cyc 0.355 idt 0.144) D_A 0.001 D_B 0.002 gnG 13.37 gnD 0.37 lr 2.00e-04 66 ms nan 0
2026-10-02 02:01:22,190 | INFO | iter 140800 epoch 71 G 1.968 (adv 1.540 cyc 0.304 idt 0.124) D_A 0.005 D_B 0.004 gnG 127.19 gnD 0.99 lr 2.00e-04 56 ms nan 0
2026-10-02 02:01:28,313 | INFO | iter 140900 epoch 71 G 2.157 (adv 1.506 cyc 0.444 idt 0.207) D_A 0.002 D_B 0.004 gnG 63.57 gnD 0.46 lr 2.00e-04 62 ms nan 0
2026-10-02 02:01:34,289 | INFO | iter 141000 epoch 71 G 2.477 (adv 1.927 cyc 0.396 idt 0.154) D_A 0.007 D_B 0.007 gnG 108.00 gnD 3.23 lr 2.00e-04 74 ms nan 0
2026-10-02 02:01:40,411 | INFO | iter 141100 epoch 71 G 2.578 (adv 2.079 cyc 0.348 idt 0.151) D_A 0.002 D_B 0.007 gnG 9.44 gnD 0.85 lr 2.00e-04 58 ms nan 0
2026-10-02 02:01:46,640 | INFO | iter 141200 epoch 71 G 2.705 (adv 2.132 cyc 0.400 idt 0.174) D_A 0.001 D_B 0.003 gnG 16.90 gnD 1.13 lr 2.00e-04 75 ms nan 0
2026-10-02 02:01:52,539 | INFO | iter 141300 epoch 71 G 2.586 (adv 2.007 cyc 0.416 idt 0.163) D_A 0.001 D_B 0.002 gnG 16.36 gnD 0.38 lr 2.00e-04 62 ms nan 0
2026-10-02 02:01:58,568 | INFO | iter 141400 epoch 71 G 2.547 (adv 2.007 cyc 0.382 idt 0.159) D_A 0.001 D_B 0.003 gnG 10.76 gnD 0.33 lr 2.00e-04 64 ms nan 0
2026-10-02 02:02:04,455 | INFO | iter 141500 epoch 71 G 2.607 (adv 2.008 cyc 0.435 idt 0.164) D_A 0.004 D_B 0.002 gnG 10.06 gnD 0.71 lr 2.00e-04 61 ms nan 0
2026-10-02 02:02:10,429 | INFO | iter 141600 epoch 71 G 2.447 (adv 1.998 cyc 0.331 idt 0.119) D_A 0.002 D_B 0.004 gnG 17.19 gnD 1.17 lr 2.00e-04 57 ms nan 0
2026-10-02 02:02:16,353 | INFO | iter 141700 epoch 71 G 2.363 (adv 1.931 cyc 0.302 idt 0.130) D_A 0.001 D_B 0.004 gnG 15.13 gnD 1.07 lr 2.00e-04 60 ms nan 0
2026-10-02 02:02:22,114 | INFO | iter 141800 epoch 71 G 2.425 (adv 1.964 cyc 0.321 idt 0.140) D_A 0.001 D_B 0.003 gnG 6.60 gnD 0.34 lr 2.00e-04 54 ms nan 0
2026-10-02 02:02:28,146 | INFO | iter 141900 epoch 71 G 2.404 (adv 2.001 cyc 0.285 idt 0.118) D_A 0.000 D_B 0.001 gnG 11.19 gnD 0.41 lr 2.00e-04 71 ms nan 0
2026-10-02 02:02:34,247 | INFO | iter 142000 epoch 71 G 2.459 (adv 2.003 cyc 0.325 idt 0.131) D_A 0.000 D_B 0.003 gnG 17.21 gnD 0.37 lr 2.00e-04 57 ms nan 0
2026-10-02 02:02:34,248 | INFO | epoch 71/400 {"loss_g": 2.4626, "loss_g_adv": 1.9462, "loss_cycle": 0.367, "loss_identity": 0.1495, "loss_d_a": 0.0049, "loss_d_b": 0.0154}
2026-10-02 02:02:40,200 | INFO | iter 142100 epoch 72 G 1.710 (adv 1.142 cyc 0.400 idt 0.168) D_A 0.001 D_B 0.005 gnG 55.24 gnD 0.74 lr 2.00e-04 56 ms nan 0
2026-10-02 02:02:46,107 | INFO | iter 142200 epoch 72 G 2.464 (adv 1.994 cyc 0.330 idt 0.139) D_A 0.001 D_B 0.003 gnG 6.73 gnD 0.36 lr 2.00e-04 60 ms nan 0
2026-10-02 02:02:52,294 | INFO | iter 142300 epoch 72 G 2.669 (adv 1.977 cyc 0.485 idt 0.207) D_A 0.002 D_B 0.015 gnG 18.42 gnD 6.37 lr 2.00e-04 63 ms nan 0
2026-10-02 02:02:58,486 | INFO | iter 142400 epoch 72 G 2.503 (adv 2.050 cyc 0.317 idt 0.136) D_A 0.001 D_B 0.007 gnG 9.68 gnD 0.79 lr 2.00e-04 60 ms nan 0
2026-10-02 02:03:04,419 | INFO | iter 142500 epoch 72 G 2.531 (adv 1.952 cyc 0.408 idt 0.171) D_A 0.000 D_B 0.002 gnG 13.43 gnD 0.26 lr 2.00e-04 61 ms nan 0
2026-10-02 02:03:10,499 | INFO | iter 142600 epoch 72 G 2.633 (adv 1.962 cyc 0.474 idt 0.197) D_A 0.000 D_B 0.003 gnG 9.20 gnD 0.29 lr 2.00e-04 58 ms nan 0
2026-10-02 02:03:16,503 | INFO | iter 142700 epoch 72 G 1.771 (adv 1.073 cyc 0.501 idt 0.196) D_A 0.001 D_B 0.015 gnG 23.79 gnD 1.03 lr 2.00e-04 58 ms nan 0
2026-10-02 02:03:22,525 | INFO | iter 142800 epoch 72 G 2.539 (adv 2.069 cyc 0.337 idt 0.133) D_A 0.001 D_B 0.010 gnG 12.99 gnD 1.85 lr 2.00e-04 57 ms nan 0
2026-10-02 02:03:28,785 | INFO | iter 142900 epoch 72 G 1.947 (adv 1.442 cyc 0.374 idt 0.132) D_A 0.245 D_B 0.004 gnG 13.31 gnD 5.78 lr 2.00e-04 58 ms nan 0
2026-10-02 02:03:34,867 | INFO | iter 143000 epoch 72 G 2.247 (adv 1.914 cyc 0.242 idt 0.091) D_A 0.002 D_B 0.011 gnG 28.34 gnD 1.31 lr 2.00e-04 56 ms nan 0
2026-10-02 02:03:41,009 | INFO | iter 143100 epoch 72 G 2.707 (adv 2.007 cyc 0.495 idt 0.205) D_A 0.003 D_B 0.003 gnG 9.27 gnD 1.03 lr 2.00e-04 58 ms nan 0
2026-10-02 02:03:47,408 | INFO | iter 143200 epoch 72 G 2.508 (adv 2.033 cyc 0.342 idt 0.133) D_A 0.004 D_B 0.003 gnG 8.98 gnD 1.62 lr 2.00e-04 71 ms nan 0
2026-10-02 02:03:53,468 | INFO | iter 143300 epoch 72 G 2.450 (adv 1.954 cyc 0.356 idt 0.140) D_A 0.002 D_B 0.004 gnG 9.02 gnD 0.55 lr 2.00e-04 56 ms nan 0
2026-10-02 02:03:59,512 | INFO | iter 143400 epoch 72 G 2.384 (adv 1.980 cyc 0.293 idt 0.111) D_A 0.001 D_B 0.001 gnG 11.24 gnD 0.30 lr 2.00e-04 59 ms nan 0
2026-10-02 02:04:05,369 | INFO | iter 143500 epoch 72 G 2.351 (adv 1.883 cyc 0.350 idt 0.119) D_A 0.001 D_B 0.010 gnG 90.01 gnD 0.91 lr 2.00e-04 70 ms nan 0
2026-10-02 02:04:11,485 | INFO | iter 143600 epoch 72 G 2.492 (adv 1.833 cyc 0.468 idt 0.191) D_A 0.000 D_B 0.006 gnG 40.43 gnD 0.36 lr 2.00e-04 71 ms nan 0
2026-10-02 02:04:17,486 | INFO | iter 143700 epoch 72 G 2.543 (adv 1.946 cyc 0.417 idt 0.180) D_A 0.001 D_B 0.002 gnG 9.61 gnD 0.29 lr 2.00e-04 62 ms nan 0
2026-10-02 02:04:23,364 | INFO | iter 143800 epoch 72 G 1.847 (adv 1.341 cyc 0.365 idt 0.141) D_A 0.001 D_B 0.003 gnG 74.45 gnD 0.39 lr 2.00e-04 63 ms nan 0
2026-10-02 02:04:29,475 | INFO | iter 143900 epoch 72 G 2.518 (adv 2.042 cyc 0.338 idt 0.138) D_A 0.000 D_B 0.006 gnG 45.38 gnD 0.89 lr 2.00e-04 60 ms nan 0
2026-10-02 02:04:35,774 | INFO | iter 144000 epoch 72 G 1.343 (adv 1.042 cyc 0.209 idt 0.092) D_A 0.066 D_B 0.003 gnG 15.49 gnD 2.68 lr 2.00e-04 58 ms nan 0
2026-10-02 02:04:35,776 | INFO | epoch 72/400 {"loss_g": 2.4112, "loss_g_adv": 1.9014, "loss_cycle": 0.3619, "loss_identity": 0.1479, "loss_d_a": 0.0143, "loss_d_b": 0.0201}
2026-10-02 02:04:41,731 | INFO | iter 144100 epoch 73 G 2.507 (adv 1.918 cyc 0.412 idt 0.176) D_A 0.047 D_B 0.036 gnG 27.52 gnD 55.20 lr 2.00e-04 59 ms nan 0
2026-10-02 02:04:47,882 | INFO | iter 144200 epoch 73 G 2.589 (adv 2.079 cyc 0.376 idt 0.134) D_A 0.003 D_B 0.002 gnG 15.47 gnD 0.60 lr 2.00e-04 64 ms nan 0
2026-10-02 02:04:54,096 | INFO | iter 144300 epoch 73 G 2.563 (adv 2.074 cyc 0.336 idt 0.153) D_A 0.006 D_B 0.002 gnG 7.75 gnD 4.99 lr 2.00e-04 68 ms nan 0
2026-10-02 02:05:00,862 | INFO | iter 144400 epoch 73 G 2.351 (adv 1.878 cyc 0.332 idt 0.141) D_A 0.002 D_B 0.009 gnG 19.77 gnD 1.49 lr 2.00e-04 60 ms nan 0
2026-10-02 02:05:06,818 | INFO | iter 144500 epoch 73 G 2.512 (adv 1.988 cyc 0.364 idt 0.161) D_A 0.001 D_B 0.010 gnG 10.87 gnD 0.64 lr 2.00e-04 71 ms nan 0
