2026-10-01 22:36:22,664 | INFO | config_sha256 012ed6da3e8ac84897ae07194271ef4d37fb3627a6cbbf4add77da2f0d2300cd
2026-10-01 22:36:22,704 | INFO | git_sha unknown | notebook task2_sentiment/sneha/src/task2_sentiment_sneha.ipynb
2026-10-01 22:36:22,705 | INFO | device cuda | NVIDIA GeForce RTX 4090 | cpu x86_64
2026-10-01 22:36:22,706 | INFO | torch 2.1.2 | cuda 12.1 | python 3.10.13 | platform Linux-6.18.33.2-microsoft-standard-WSL2-x86_64-with-glibc2.31
2026-10-01 22:36:22,708 | DEBUG | config {"ablation": true, "baseline": "meanpool", "batch_size": 64, "bootstrap_n": 1000, "bootstrap_seed": 42, "char_len": 1014, "charcnn_dropout": 0.5, "charcnn_emb_dim": 16, "charcnn_fc": 512, "charcnn_filters": 256, "charcnn_input": "embedding", "data_url": "https://s3.amazonaws.com/fast-ai-nlp/yelp_review_polarity_csv.tgz", "device": "cuda", "dropout": 0.3, "early_stop_patience": 2, "ece_bins": 15, "emb_dim": 128, "gru_hidden": 128, "keep_words": ["no", "not", "nor", "never", "cannot", "none", "nobody", "nothing", "neither", "nowhere", "but", "however", "although", "though", "very", "too", "few", "less", "least", "more", "most", "against"], "log_every": 200, "logs_dir": "reproducibility/raw_logs/sneha", "long_min_tokens": 200, "lr": 0.001, "manifests_dir": "reproducibility/manifests", "max_epochs": 5, "max_len": 256, "max_vocab": 30000, "member": "sneha", "mlp_hidden": 256, "models": ["meanpool", "bigru", "charcnn"], "n_train": 100000, "n_val": 20000, "near_band": [0.45, 0.55], "out_dir": "task2_sentiment/sneha", "raw_dir": "task2_sentiment/data/raw", "remove_stopwords": true, "run_name": "main", "seed": 42, "short_max_tokens": 50, "split_seed": 42, "splits_dir": "task2_sentiment/data/splits", "stem": true}
2026-10-01 22:36:22,761 | DEBUG | packages ["Babel==2.14.0", "Brotli==1.0.9", "Jinja2==3.1.2", "MarkupSafe==2.1.1", "PySocks==1.7.1", "PyYAML==6.0.2", "Pygments==2.15.1", "Send2Trash==1.8.2", "anyio==4.1.0", "archspec==0.2.1", "argon2-cffi-bindings==21.2.0", "argon2-cffi==23.1.0", "arrow==1.3.0", "asttokens==2.0.5", "astunparse==1.6.3", "async-lru==2.0.4", "attrs==23.1.0", "backcall==0.2.0", "beautifulsoup4==4.12.2", "bleach==6.1.0", "boltons==23.0.0", "certifi==2023.11.17", "cffi==1.16.0", "chardet==4.0.0", "charset-normalizer==2.0.4", "click==8.1.7", "cloudpickle==3.1.2", "comm==0.2.0", "conda-build==3.28.1", "conda-content-trust==0.2.0", "conda-libmamba-solver==23.7.0", "conda-package-handling==2.2.0", "conda==23.9.0", "conda_index==0.3.0", "conda_package_streaming==0.9.0", "contourpy==1.3.2", "cryptography==41.0.7", "cycler==0.12.1", "debugpy==1.8.0", "decorator==5.1.1", "defusedxml==0.7.1", "distro==1.8.0", "dnspython==2.4.2", "exceptiongroup==1.0.4", "executing==0.8.3", "expecttest==0.1.6", "fastjsonschema==2.19.0", "filelock==3.13.1", "fonttools==4.65.0", "fqdn==1.5.1", "fsspec==2023.12.2", "gmpy2==2.1.2", "hypothesis==6.92.0", "idna==3.4", "ipykernel==6.27.1", "ipython==8.15.0", "isoduration==20.11.0", "jedi==0.18.1", "joblib==1.6.0", "json5==0.9.14", "jsonpatch==1.32", "jsonpointer==2.1", "jsonschema-specifications==2023.7.1", "jsonschema==4.19.2", "jupyter-events==0.9.0", "jupyter-lsp==2.2.1", "jupyter_client==8.6.0", "jupyter_core==5.5.0", "jupyter_server==2.12.1", "jupyter_server_terminals==0.5.0", "jupyterlab==4.0.9", "jupyterlab_pygments==0.3.0", "jupyterlab_server==2.25.2", "kiwisolver==1.5.1", "libarchive-c==2.9", "libmambapy==1.5.3", "lpips==0.1.4", "matplotlib-inline==0.1.6", "matplotlib==3.9.2", "menuinst==2.0.1", "mistune==3.0.2", "mkl-fft==1.3.8", "mkl-random==1.2.4", "mkl-service==2.4.0", "more-itertools==10.1.0", "mpmath==1.3.0", "nbclient==0.9.0", "nbconvert==7.12.0", "nbformat==5.9.2", "nest-asyncio==1.5.8", "networkx==3.1", "networkx==3.2.1", "nltk==3.9.1", "notebook==7.0.6", "notebook_shim==0.2.3", "numpy==1.26.2", "overrides==7.4.0", "packaging==23.1", "pandas==2.2.2", "pandocfilters==1.5.0", "parso==0.8.3", "patsy==1.0.3", "pexpect==4.8.0", "pickleshare==0.7.5", "pillow==10.4.0", "pip==23.3.1", "pkginfo==1.9.6", "platformdirs==3.10.0", "pluggy==1.0.0", "prometheus-client==0.19.0", "prompt-toolkit==3.0.36", "psutil==5.9.0", "ptyprocess==0.7.0", "pure-eval==0.2.2", "pyOpenSSL==23.2.0", "pycosat==0.6.6", "pycparser==2.21", "pyparsing==3.3.3", "python-dateutil==2.8.2", "python-etcd==0.4.5", "python-json-logger==2.0.7", "pytz==2023.3.post1", "pyzmq==25.1.2", "referencing==0.30.2", "regex==2026.9.29", "requests==2.31.0", "rfc3339-validator==0.1.4", "rfc3986-validator==0.1.1", "rpds-py==0.10.6", "ruamel.yaml.clib==0.2.6", "ruamel.yaml==0.17.21", "scikit-learn==1.5.2", "scipy==1.13.1", "setuptools==68.2.2", "six==1.16.0", "sniffio==1.3.0", "sortedcontainers==2.4.0", "soupsieve==2.5", "stack-data==0.2.0", "statsmodels==0.14.2", "sympy==1.12", "terminado==0.18.0", "threadpoolctl==3.7.0", "tinycss2==1.2.1", "tomli==2.0.1", "toolz==0.12.0", "torch==2.1.2", "torchaudio==2.1.2", "torchelastic==0.2.2", "torchvision==0.16.2", "tornado==6.4", "tqdm==4.66.5", "traitlets==5.7.1", "triton==2.1.0", "truststore==0.8.0", "types-dataclasses==0.6.6", "types-python-dateutil==2.8.19.14", "typing_extensions==4.7.1", "typing_extensions==4.9.0", "tzdata==2026.4", "uri-template==1.3.0", "urllib3==1.26.18", "wcwidth==0.2.5", "webcolors==1.13", "webencodings==0.5.1", "websocket-client==1.7.0", "wheel==0.41.2", "zstandard==0.19.0"]
2026-10-01 22:36:22,762 | INFO | log_path reproducibility/raw_logs/sneha/task2_bigru_train_main_20261001T223622Z.log
2026-10-01 22:36:22,788 | INFO | model bigru | pipeline main | params 4038657 | vocab 30002 | train 99996 | val 19999 | steps/epoch 1563
2026-10-01 22:36:22,789 | DEBUG | architecture BiGRUMax(
  (emb): Embedding(30002, 128, padding_idx=0)
  (gru): GRU(128, 128, batch_first=True, bidirectional=True)
  (drop): Dropout(p=0.3, inplace=False)
  (out): Linear(in_features=256, out_features=1, bias=True)
)
2026-10-01 22:36:22,831 | INFO | step 1 epoch 1 loss 0.7103 step_s 0.0377 peak_mem_gb 0.111
2026-10-01 22:36:22,878 | DEBUG | step 2 epoch 1 loss 0.6942 step_s 0.0456 peak_mem_gb 0.160
2026-10-01 22:36:22,912 | DEBUG | step 3 epoch 1 loss 0.7454 step_s 0.0321 peak_mem_gb 0.160
2026-10-01 22:36:22,939 | DEBUG | step 4 epoch 1 loss 0.6826 step_s 0.0263 peak_mem_gb 0.160
2026-10-01 22:36:22,970 | DEBUG | step 5 epoch 1 loss 0.6690 step_s 0.0292 peak_mem_gb 0.160
2026-10-01 22:36:23,000 | DEBUG | step 6 epoch 1 loss 0.6763 step_s 0.0289 peak_mem_gb 0.160
2026-10-01 22:36:23,027 | DEBUG | step 7 epoch 1 loss 0.6700 step_s 0.0260 peak_mem_gb 0.160
2026-10-01 22:36:23,053 | DEBUG | step 8 epoch 1 loss 0.6751 step_s 0.0254 peak_mem_gb 0.160
2026-10-01 22:36:23,079 | DEBUG | step 9 epoch 1 loss 0.6951 step_s 0.0248 peak_mem_gb 0.160
2026-10-01 22:36:23,106 | DEBUG | step 10 epoch 1 loss 0.6907 step_s 0.0256 peak_mem_gb 0.161
2026-10-01 22:36:23,128 | DEBUG | step 11 epoch 1 loss 0.7073 step_s 0.0214 peak_mem_gb 0.161
2026-10-01 22:36:23,156 | DEBUG | step 12 epoch 1 loss 0.6791 step_s 0.0264 peak_mem_gb 0.161
2026-10-01 22:36:23,180 | DEBUG | step 13 epoch 1 loss 0.6897 step_s 0.0226 peak_mem_gb 0.161
2026-10-01 22:36:23,204 | DEBUG | step 14 epoch 1 loss 0.6518 step_s 0.0228 peak_mem_gb 0.161
2026-10-01 22:36:23,230 | DEBUG | step 15 epoch 1 loss 0.6642 step_s 0.0241 peak_mem_gb 0.161
2026-10-01 22:36:23,255 | DEBUG | step 16 epoch 1 loss 0.6797 step_s 0.0240 peak_mem_gb 0.161
2026-10-01 22:36:23,281 | DEBUG | step 17 epoch 1 loss 0.6556 step_s 0.0249 peak_mem_gb 0.161
2026-10-01 22:36:23,307 | DEBUG | step 18 epoch 1 loss 0.6639 step_s 0.0252 peak_mem_gb 0.161
2026-10-01 22:36:23,333 | DEBUG | step 19 epoch 1 loss 0.6490 step_s 0.0250 peak_mem_gb 0.161
2026-10-01 22:36:23,354 | DEBUG | step 20 epoch 1 loss 0.6478 step_s 0.0204 peak_mem_gb 0.161
2026-10-01 22:36:23,379 | DEBUG | step 21 epoch 1 loss 0.6868 step_s 0.0241 peak_mem_gb 0.163
2026-10-01 22:36:23,404 | DEBUG | step 22 epoch 1 loss 0.6508 step_s 0.0244 peak_mem_gb 0.163
2026-10-01 22:36:23,428 | DEBUG | step 23 epoch 1 loss 0.6586 step_s 0.0225 peak_mem_gb 0.163
2026-10-01 22:36:23,453 | DEBUG | step 24 epoch 1 loss 0.6230 step_s 0.0243 peak_mem_gb 0.163
2026-10-01 22:36:23,476 | DEBUG | step 25 epoch 1 loss 0.6256 step_s 0.0219 peak_mem_gb 0.163
2026-10-01 22:36:23,498 | DEBUG | step 26 epoch 1 loss 0.6667 step_s 0.0217 peak_mem_gb 0.163
2026-10-01 22:36:23,518 | DEBUG | step 27 epoch 1 loss 0.6033 step_s 0.0189 peak_mem_gb 0.163
2026-10-01 22:36:23,540 | DEBUG | step 28 epoch 1 loss 0.6318 step_s 0.0212 peak_mem_gb 0.163
2026-10-01 22:36:23,568 | DEBUG | step 29 epoch 1 loss 0.6129 step_s 0.0260 peak_mem_gb 0.163
2026-10-01 22:36:23,591 | DEBUG | step 30 epoch 1 loss 0.6405 step_s 0.0219 peak_mem_gb 0.163
2026-10-01 22:36:23,617 | DEBUG | step 31 epoch 1 loss 0.6517 step_s 0.0251 peak_mem_gb 0.163
2026-10-01 22:36:23,641 | DEBUG | step 32 epoch 1 loss 0.6387 step_s 0.0230 peak_mem_gb 0.163
2026-10-01 22:36:23,666 | DEBUG | step 33 epoch 1 loss 0.5990 step_s 0.0243 peak_mem_gb 0.163
2026-10-01 22:36:23,692 | DEBUG | step 34 epoch 1 loss 0.6317 step_s 0.0244 peak_mem_gb 0.163
2026-10-01 22:36:23,717 | DEBUG | step 35 epoch 1 loss 0.6043 step_s 0.0246 peak_mem_gb 0.163
2026-10-01 22:36:23,742 | DEBUG | step 36 epoch 1 loss 0.6265 step_s 0.0241 peak_mem_gb 0.163
2026-10-01 22:36:23,767 | DEBUG | step 37 epoch 1 loss 0.5881 step_s 0.0236 peak_mem_gb 0.163
2026-10-01 22:36:23,792 | DEBUG | step 38 epoch 1 loss 0.6165 step_s 0.0243 peak_mem_gb 0.163
2026-10-01 22:36:23,817 | DEBUG | step 39 epoch 1 loss 0.5444 step_s 0.0239 peak_mem_gb 0.163
2026-10-01 22:36:23,840 | DEBUG | step 40 epoch 1 loss 0.6201 step_s 0.0219 peak_mem_gb 0.163
2026-10-01 22:36:23,865 | DEBUG | step 41 epoch 1 loss 0.5930 step_s 0.0241 peak_mem_gb 0.163
2026-10-01 22:36:23,889 | DEBUG | step 42 epoch 1 loss 0.6416 step_s 0.0239 peak_mem_gb 0.163
2026-10-01 22:36:23,914 | DEBUG | step 43 epoch 1 loss 0.5794 step_s 0.0235 peak_mem_gb 0.163
2026-10-01 22:36:23,936 | DEBUG | step 44 epoch 1 loss 0.5697 step_s 0.0216 peak_mem_gb 0.163
2026-10-01 22:36:23,960 | DEBUG | step 45 epoch 1 loss 0.6270 step_s 0.0227 peak_mem_gb 0.163
2026-10-01 22:36:23,985 | DEBUG | step 46 epoch 1 loss 0.5703 step_s 0.0237 peak_mem_gb 0.163
2026-10-01 22:36:24,010 | DEBUG | step 47 epoch 1 loss 0.5899 step_s 0.0241 peak_mem_gb 0.163
2026-10-01 22:36:24,034 | DEBUG | step 48 epoch 1 loss 0.5581 step_s 0.0239 peak_mem_gb 0.163
2026-10-01 22:36:24,057 | DEBUG | step 49 epoch 1 loss 0.5259 step_s 0.0222 peak_mem_gb 0.163
2026-10-01 22:36:24,082 | DEBUG | step 50 epoch 1 loss 0.5735 step_s 0.0237 peak_mem_gb 0.163
2026-10-01 22:36:24,107 | DEBUG | step 51 epoch 1 loss 0.5782 step_s 0.0240 peak_mem_gb 0.163
2026-10-01 22:36:24,132 | DEBUG | step 52 epoch 1 loss 0.5249 step_s 0.0239 peak_mem_gb 0.163
2026-10-01 22:36:24,157 | DEBUG | step 53 epoch 1 loss 0.5283 step_s 0.0236 peak_mem_gb 0.163
2026-10-01 22:36:24,182 | DEBUG | step 54 epoch 1 loss 0.4943 step_s 0.0245 peak_mem_gb 0.163
2026-10-01 22:36:24,204 | DEBUG | step 55 epoch 1 loss 0.5589 step_s 0.0201 peak_mem_gb 0.163
2026-10-01 22:36:24,231 | DEBUG | step 56 epoch 1 loss 0.4892 step_s 0.0261 peak_mem_gb 0.163
2026-10-01 22:36:24,256 | DEBUG | step 57 epoch 1 loss 0.4766 step_s 0.0244 peak_mem_gb 0.163
2026-10-01 22:36:24,279 | DEBUG | step 58 epoch 1 loss 0.5779 step_s 0.0216 peak_mem_gb 0.163
2026-10-01 22:36:24,304 | DEBUG | step 59 epoch 1 loss 0.5780 step_s 0.0241 peak_mem_gb 0.163
2026-10-01 22:36:24,329 | DEBUG | step 60 epoch 1 loss 0.4370 step_s 0.0239 peak_mem_gb 0.163
2026-10-01 22:36:24,355 | DEBUG | step 61 epoch 1 loss 0.4442 step_s 0.0252 peak_mem_gb 0.163
2026-10-01 22:36:24,380 | DEBUG | step 62 epoch 1 loss 0.4990 step_s 0.0243 peak_mem_gb 0.163
2026-10-01 22:36:24,407 | DEBUG | step 63 epoch 1 loss 0.5175 step_s 0.0259 peak_mem_gb 0.164
2026-10-01 22:36:24,432 | DEBUG | step 64 epoch 1 loss 0.5421 step_s 0.0241 peak_mem_gb 0.164
2026-10-01 22:36:24,457 | DEBUG | step 65 epoch 1 loss 0.4815 step_s 0.0239 peak_mem_gb 0.164
2026-10-01 22:36:24,484 | DEBUG | step 66 epoch 1 loss 0.4490 step_s 0.0259 peak_mem_gb 0.164
2026-10-01 22:36:24,508 | DEBUG | step 67 epoch 1 loss 0.4498 step_s 0.0231 peak_mem_gb 0.164
2026-10-01 22:36:24,532 | DEBUG | step 68 epoch 1 loss 0.5019 step_s 0.0235 peak_mem_gb 0.164
2026-10-01 22:36:24,557 | DEBUG | step 69 epoch 1 loss 0.5274 step_s 0.0235 peak_mem_gb 0.164
2026-10-01 22:36:24,582 | DEBUG | step 70 epoch 1 loss 0.5184 step_s 0.0242 peak_mem_gb 0.164
2026-10-01 22:36:24,604 | DEBUG | step 71 epoch 1 loss 0.4383 step_s 0.0212 peak_mem_gb 0.164
2026-10-01 22:36:24,628 | DEBUG | step 72 epoch 1 loss 0.4364 step_s 0.0233 peak_mem_gb 0.164
2026-10-01 22:36:24,653 | DEBUG | step 73 epoch 1 loss 0.4779 step_s 0.0241 peak_mem_gb 0.164
2026-10-01 22:36:24,678 | DEBUG | step 74 epoch 1 loss 0.3985 step_s 0.0234 peak_mem_gb 0.164
2026-10-01 22:36:24,702 | DEBUG | step 75 epoch 1 loss 0.5118 step_s 0.0240 peak_mem_gb 0.164
2026-10-01 22:36:24,728 | DEBUG | step 76 epoch 1 loss 0.4910 step_s 0.0243 peak_mem_gb 0.165
2026-10-01 22:36:24,755 | DEBUG | step 77 epoch 1 loss 0.4661 step_s 0.0259 peak_mem_gb 0.165
2026-10-01 22:36:24,779 | DEBUG | step 78 epoch 1 loss 0.5209 step_s 0.0234 peak_mem_gb 0.165
2026-10-01 22:36:24,808 | DEBUG | step 79 epoch 1 loss 0.5172 step_s 0.0274 peak_mem_gb 0.165
2026-10-01 22:36:24,833 | DEBUG | step 80 epoch 1 loss 0.3947 step_s 0.0241 peak_mem_gb 0.165
2026-10-01 22:36:24,859 | DEBUG | step 81 epoch 1 loss 0.4880 step_s 0.0244 peak_mem_gb 0.165
2026-10-01 22:36:24,879 | DEBUG | step 82 epoch 1 loss 0.4750 step_s 0.0195 peak_mem_gb 0.165
2026-10-01 22:36:24,904 | DEBUG | step 83 epoch 1 loss 0.5153 step_s 0.0232 peak_mem_gb 0.165
2026-10-01 22:36:24,931 | DEBUG | step 84 epoch 1 loss 0.5454 step_s 0.0260 peak_mem_gb 0.165
2026-10-01 22:36:24,956 | DEBUG | step 85 epoch 1 loss 0.4872 step_s 0.0241 peak_mem_gb 0.165
2026-10-01 22:36:24,981 | DEBUG | step 86 epoch 1 loss 0.4546 step_s 0.0238 peak_mem_gb 0.165
2026-10-01 22:36:25,006 | DEBUG | step 87 epoch 1 loss 0.4267 step_s 0.0241 peak_mem_gb 0.165
2026-10-01 22:36:25,031 | DEBUG | step 88 epoch 1 loss 0.4147 step_s 0.0244 peak_mem_gb 0.165
2026-10-01 22:36:25,056 | DEBUG | step 89 epoch 1 loss 0.4370 step_s 0.0235 peak_mem_gb 0.165
2026-10-01 22:36:25,078 | DEBUG | step 90 epoch 1 loss 0.4316 step_s 0.0210 peak_mem_gb 0.165
2026-10-01 22:36:25,102 | DEBUG | step 91 epoch 1 loss 0.4376 step_s 0.0236 peak_mem_gb 0.165
2026-10-01 22:36:25,127 | DEBUG | step 92 epoch 1 loss 0.4510 step_s 0.0241 peak_mem_gb 0.165
2026-10-01 22:36:25,152 | DEBUG | step 93 epoch 1 loss 0.4719 step_s 0.0240 peak_mem_gb 0.165
2026-10-01 22:36:25,178 | DEBUG | step 94 epoch 1 loss 0.5282 step_s 0.0247 peak_mem_gb 0.165
2026-10-01 22:36:25,202 | DEBUG | step 95 epoch 1 loss 0.5718 step_s 0.0226 peak_mem_gb 0.165
2026-10-01 22:36:25,225 | DEBUG | step 96 epoch 1 loss 0.3608 step_s 0.0228 peak_mem_gb 0.165
2026-10-01 22:36:25,249 | DEBUG | step 97 epoch 1 loss 0.3585 step_s 0.0231 peak_mem_gb 0.165
2026-10-01 22:36:25,276 | DEBUG | step 98 epoch 1 loss 0.4230 step_s 0.0259 peak_mem_gb 0.165
2026-10-01 22:36:25,302 | DEBUG | step 99 epoch 1 loss 0.4370 step_s 0.0242 peak_mem_gb 0.165
2026-10-01 22:36:25,326 | DEBUG | step 100 epoch 1 loss 0.3421 step_s 0.0240 peak_mem_gb 0.165
2026-10-01 22:36:25,351 | DEBUG | step 101 epoch 1 loss 0.5626 step_s 0.0233 peak_mem_gb 0.165
2026-10-01 22:36:25,372 | DEBUG | step 102 epoch 1 loss 0.4496 step_s 0.0206 peak_mem_gb 0.165
2026-10-01 22:36:25,397 | DEBUG | step 103 epoch 1 loss 0.4736 step_s 0.0239 peak_mem_gb 0.165
2026-10-01 22:36:25,419 | DEBUG | step 104 epoch 1 loss 0.4374 step_s 0.0209 peak_mem_gb 0.165
2026-10-01 22:36:25,444 | DEBUG | step 105 epoch 1 loss 0.3652 step_s 0.0239 peak_mem_gb 0.165
2026-10-01 22:36:25,463 | DEBUG | step 106 epoch 1 loss 0.3636 step_s 0.0184 peak_mem_gb 0.165
2026-10-01 22:36:25,487 | DEBUG | step 107 epoch 1 loss 0.3821 step_s 0.0233 peak_mem_gb 0.165
2026-10-01 22:36:25,512 | DEBUG | step 108 epoch 1 loss 0.3879 step_s 0.0234 peak_mem_gb 0.165
2026-10-01 22:36:25,536 | DEBUG | step 109 epoch 1 loss 0.4403 step_s 0.0235 peak_mem_gb 0.165
2026-10-01 22:36:25,561 | DEBUG | step 110 epoch 1 loss 0.4012 step_s 0.0240 peak_mem_gb 0.165
2026-10-01 22:36:25,585 | DEBUG | step 111 epoch 1 loss 0.5123 step_s 0.0235 peak_mem_gb 0.165
2026-10-01 22:36:25,612 | DEBUG | step 112 epoch 1 loss 0.4309 step_s 0.0262 peak_mem_gb 0.165
2026-10-01 22:36:25,638 | DEBUG | step 113 epoch 1 loss 0.3582 step_s 0.0243 peak_mem_gb 0.165
2026-10-01 22:36:25,663 | DEBUG | step 114 epoch 1 loss 0.3919 step_s 0.0240 peak_mem_gb 0.165
2026-10-01 22:36:25,689 | DEBUG | step 115 epoch 1 loss 0.4167 step_s 0.0251 peak_mem_gb 0.165
2026-10-01 22:36:25,719 | DEBUG | step 116 epoch 1 loss 0.4040 step_s 0.0286 peak_mem_gb 0.165
2026-10-01 22:36:25,747 | DEBUG | step 117 epoch 1 loss 0.4718 step_s 0.0268 peak_mem_gb 0.165
2026-10-01 22:36:25,772 | DEBUG | step 118 epoch 1 loss 0.4289 step_s 0.0240 peak_mem_gb 0.165
2026-10-01 22:36:25,803 | DEBUG | step 119 epoch 1 loss 0.4826 step_s 0.0300 peak_mem_gb 0.165
2026-10-01 22:36:25,832 | DEBUG | step 120 epoch 1 loss 0.5552 step_s 0.0271 peak_mem_gb 0.165
2026-10-01 22:36:25,859 | DEBUG | step 121 epoch 1 loss 0.4424 step_s 0.0264 peak_mem_gb 0.165
2026-10-01 22:36:25,886 | DEBUG | step 122 epoch 1 loss 0.4075 step_s 0.0252 peak_mem_gb 0.165
2026-10-01 22:36:25,912 | DEBUG | step 123 epoch 1 loss 0.3823 step_s 0.0253 peak_mem_gb 0.165
2026-10-01 22:36:25,936 | DEBUG | step 124 epoch 1 loss 0.3663 step_s 0.0226 peak_mem_gb 0.165
2026-10-01 22:36:25,957 | DEBUG | step 125 epoch 1 loss 0.4254 step_s 0.0206 peak_mem_gb 0.165
2026-10-01 22:36:25,985 | DEBUG | step 126 epoch 1 loss 0.3818 step_s 0.0265 peak_mem_gb 0.165
2026-10-01 22:36:26,009 | DEBUG | step 127 epoch 1 loss 0.4399 step_s 0.0230 peak_mem_gb 0.165
2026-10-01 22:36:26,033 | DEBUG | step 128 epoch 1 loss 0.4867 step_s 0.0228 peak_mem_gb 0.165
2026-10-01 22:36:26,058 | DEBUG | step 129 epoch 1 loss 0.5071 step_s 0.0241 peak_mem_gb 0.165
2026-10-01 22:36:26,079 | DEBUG | step 130 epoch 1 loss 0.3195 step_s 0.0205 peak_mem_gb 0.165
2026-10-01 22:36:26,106 | DEBUG | step 131 epoch 1 loss 0.3733 step_s 0.0262 peak_mem_gb 0.165
2026-10-01 22:36:26,127 | DEBUG | step 132 epoch 1 loss 0.3659 step_s 0.0201 peak_mem_gb 0.165
2026-10-01 22:36:26,153 | DEBUG | step 133 epoch 1 loss 0.4448 step_s 0.0246 peak_mem_gb 0.165
2026-10-01 22:36:26,176 | DEBUG | step 134 epoch 1 loss 0.3537 step_s 0.0225 peak_mem_gb 0.165
2026-10-01 22:36:26,201 | DEBUG | step 135 epoch 1 loss 0.4840 step_s 0.0242 peak_mem_gb 0.165
2026-10-01 22:36:26,226 | DEBUG | step 136 epoch 1 loss 0.2997 step_s 0.0238 peak_mem_gb 0.165
2026-10-01 22:36:26,251 | DEBUG | step 137 epoch 1 loss 0.3196 step_s 0.0239 peak_mem_gb 0.165
2026-10-01 22:36:26,273 | DEBUG | step 138 epoch 1 loss 0.3935 step_s 0.0213 peak_mem_gb 0.165
2026-10-01 22:36:26,298 | DEBUG | step 139 epoch 1 loss 0.2991 step_s 0.0237 peak_mem_gb 0.165
2026-10-01 22:36:26,324 | DEBUG | step 140 epoch 1 loss 0.3691 step_s 0.0257 peak_mem_gb 0.165
2026-10-01 22:36:26,349 | DEBUG | step 141 epoch 1 loss 0.4086 step_s 0.0233 peak_mem_gb 0.165
2026-10-01 22:36:26,371 | DEBUG | step 142 epoch 1 loss 0.3724 step_s 0.0219 peak_mem_gb 0.165
2026-10-01 22:36:26,394 | DEBUG | step 143 epoch 1 loss 0.3004 step_s 0.0219 peak_mem_gb 0.165
2026-10-01 22:36:26,417 | DEBUG | step 144 epoch 1 loss 0.3831 step_s 0.0224 peak_mem_gb 0.165
2026-10-01 22:36:26,441 | DEBUG | step 145 epoch 1 loss 0.3750 step_s 0.0229 peak_mem_gb 0.165
2026-10-01 22:36:26,466 | DEBUG | step 146 epoch 1 loss 0.4045 step_s 0.0241 peak_mem_gb 0.165
2026-10-01 22:36:26,490 | DEBUG | step 147 epoch 1 loss 0.3442 step_s 0.0232 peak_mem_gb 0.165
2026-10-01 22:36:26,515 | DEBUG | step 148 epoch 1 loss 0.3700 step_s 0.0238 peak_mem_gb 0.165
2026-10-01 22:36:26,536 | DEBUG | step 149 epoch 1 loss 0.4705 step_s 0.0205 peak_mem_gb 0.165
2026-10-01 22:36:26,561 | DEBUG | step 150 epoch 1 loss 0.2962 step_s 0.0236 peak_mem_gb 0.165
2026-10-01 22:36:26,587 | DEBUG | step 151 epoch 1 loss 0.3890 step_s 0.0253 peak_mem_gb 0.165
2026-10-01 22:36:26,612 | DEBUG | step 152 epoch 1 loss 0.3766 step_s 0.0240 peak_mem_gb 0.165
2026-10-01 22:36:26,637 | DEBUG | step 153 epoch 1 loss 0.3801 step_s 0.0239 peak_mem_gb 0.165
2026-10-01 22:36:26,663 | DEBUG | step 154 epoch 1 loss 0.3337 step_s 0.0248 peak_mem_gb 0.165
2026-10-01 22:36:26,682 | DEBUG | step 155 epoch 1 loss 0.3398 step_s 0.0184 peak_mem_gb 0.165
2026-10-01 22:36:26,704 | DEBUG | step 156 epoch 1 loss 0.2940 step_s 0.0215 peak_mem_gb 0.165
2026-10-01 22:36:26,729 | DEBUG | step 157 epoch 1 loss 0.4383 step_s 0.0239 peak_mem_gb 0.165
2026-10-01 22:36:26,755 | DEBUG | step 158 epoch 1 loss 0.4404 step_s 0.0250 peak_mem_gb 0.167
2026-10-01 22:36:26,779 | DEBUG | step 159 epoch 1 loss 0.3816 step_s 0.0235 peak_mem_gb 0.167
2026-10-01 22:36:26,807 | DEBUG | step 160 epoch 1 loss 0.3681 step_s 0.0270 peak_mem_gb 0.167
2026-10-01 22:36:26,839 | DEBUG | step 161 epoch 1 loss 0.4284 step_s 0.0302 peak_mem_gb 0.167
2026-10-01 22:36:26,867 | DEBUG | step 162 epoch 1 loss 0.3783 step_s 0.0265 peak_mem_gb 0.167
2026-10-01 22:36:26,893 | DEBUG | step 163 epoch 1 loss 0.2576 step_s 0.0251 peak_mem_gb 0.167
2026-10-01 22:36:26,918 | DEBUG | step 164 epoch 1 loss 0.4241 step_s 0.0242 peak_mem_gb 0.167
2026-10-01 22:36:26,944 | DEBUG | step 165 epoch 1 loss 0.4169 step_s 0.0239 peak_mem_gb 0.167
2026-10-01 22:36:26,968 | DEBUG | step 166 epoch 1 loss 0.4665 step_s 0.0235 peak_mem_gb 0.167
2026-10-01 22:36:26,993 | DEBUG | step 167 epoch 1 loss 0.3865 step_s 0.0240 peak_mem_gb 0.167
2026-10-01 22:36:27,019 | DEBUG | step 168 epoch 1 loss 0.3148 step_s 0.0247 peak_mem_gb 0.167
2026-10-01 22:36:27,043 | DEBUG | step 169 epoch 1 loss 0.3628 step_s 0.0229 peak_mem_gb 0.167
2026-10-01 22:36:27,067 | DEBUG | step 170 epoch 1 loss 0.2536 step_s 0.0236 peak_mem_gb 0.167
2026-10-01 22:36:27,091 | DEBUG | step 171 epoch 1 loss 0.4879 step_s 0.0232 peak_mem_gb 0.167
2026-10-01 22:36:27,116 | DEBUG | step 172 epoch 1 loss 0.4217 step_s 0.0232 peak_mem_gb 0.167
2026-10-01 22:36:27,140 | DEBUG | step 173 epoch 1 loss 0.4671 step_s 0.0231 peak_mem_gb 0.167
2026-10-01 22:36:27,164 | DEBUG | step 174 epoch 1 loss 0.3399 step_s 0.0240 peak_mem_gb 0.167
2026-10-01 22:36:27,191 | DEBUG | step 175 epoch 1 loss 0.4489 step_s 0.0255 peak_mem_gb 0.167
2026-10-01 22:36:27,215 | DEBUG | step 176 epoch 1 loss 0.2735 step_s 0.0234 peak_mem_gb 0.167
2026-10-01 22:36:27,239 | DEBUG | step 177 epoch 1 loss 0.4540 step_s 0.0231 peak_mem_gb 0.167
2026-10-01 22:36:27,265 | DEBUG | step 178 epoch 1 loss 0.3733 step_s 0.0238 peak_mem_gb 0.167
2026-10-01 22:36:27,290 | DEBUG | step 179 epoch 1 loss 0.2664 step_s 0.0240 peak_mem_gb 0.167
2026-10-01 22:36:27,315 | DEBUG | step 180 epoch 1 loss 0.2428 step_s 0.0238 peak_mem_gb 0.167
2026-10-01 22:36:27,337 | DEBUG | step 181 epoch 1 loss 0.3604 step_s 0.0210 peak_mem_gb 0.167
2026-10-01 22:36:27,362 | DEBUG | step 182 epoch 1 loss 0.3451 step_s 0.0241 peak_mem_gb 0.167
2026-10-01 22:36:27,386 | DEBUG | step 183 epoch 1 loss 0.2750 step_s 0.0233 peak_mem_gb 0.167
2026-10-01 22:36:27,411 | DEBUG | step 184 epoch 1 loss 0.3546 step_s 0.0242 peak_mem_gb 0.167
2026-10-01 22:36:27,436 | DEBUG | step 185 epoch 1 loss 0.4119 step_s 0.0238 peak_mem_gb 0.167
2026-10-01 22:36:27,458 | DEBUG | step 186 epoch 1 loss 0.3679 step_s 0.0210 peak_mem_gb 0.167
2026-10-01 22:36:27,482 | DEBUG | step 187 epoch 1 loss 0.2225 step_s 0.0235 peak_mem_gb 0.167
2026-10-01 22:36:27,506 | DEBUG | step 188 epoch 1 loss 0.3543 step_s 0.0229 peak_mem_gb 0.167
2026-10-01 22:36:27,532 | DEBUG | step 189 epoch 1 loss 0.3932 step_s 0.0250 peak_mem_gb 0.167
2026-10-01 22:36:27,556 | DEBUG | step 190 epoch 1 loss 0.2781 step_s 0.0235 peak_mem_gb 0.167
2026-10-01 22:36:27,580 | DEBUG | step 191 epoch 1 loss 0.4656 step_s 0.0226 peak_mem_gb 0.167
2026-10-01 22:36:27,602 | DEBUG | step 192 epoch 1 loss 0.2239 step_s 0.0216 peak_mem_gb 0.167
2026-10-01 22:36:27,627 | DEBUG | step 193 epoch 1 loss 0.2552 step_s 0.0237 peak_mem_gb 0.167
2026-10-01 22:36:27,652 | DEBUG | step 194 epoch 1 loss 0.3377 step_s 0.0241 peak_mem_gb 0.167
2026-10-01 22:36:27,676 | DEBUG | step 195 epoch 1 loss 0.4966 step_s 0.0239 peak_mem_gb 0.167
2026-10-01 22:36:27,703 | DEBUG | step 196 epoch 1 loss 0.3967 step_s 0.0255 peak_mem_gb 0.167
2026-10-01 22:36:27,728 | DEBUG | step 197 epoch 1 loss 0.2421 step_s 0.0237 peak_mem_gb 0.167
2026-10-01 22:36:27,754 | DEBUG | step 198 epoch 1 loss 0.1950 step_s 0.0251 peak_mem_gb 0.167
2026-10-01 22:36:27,779 | DEBUG | step 199 epoch 1 loss 0.2955 step_s 0.0240 peak_mem_gb 0.167
2026-10-01 22:36:27,804 | INFO | step 200 epoch 1 loss 0.3852 step_s 0.0237 peak_mem_gb 0.167
2026-10-01 22:36:27,832 | DEBUG | step 201 epoch 1 loss 0.2976 step_s 0.0264 peak_mem_gb 0.167
2026-10-01 22:36:27,860 | DEBUG | step 202 epoch 1 loss 0.2784 step_s 0.0263 peak_mem_gb 0.167
2026-10-01 22:36:27,884 | DEBUG | step 203 epoch 1 loss 0.3724 step_s 0.0226 peak_mem_gb 0.167
2026-10-01 22:36:27,910 | DEBUG | step 204 epoch 1 loss 0.3359 step_s 0.0251 peak_mem_gb 0.167
2026-10-01 22:36:27,935 | DEBUG | step 205 epoch 1 loss 0.4235 step_s 0.0240 peak_mem_gb 0.167
2026-10-01 22:36:27,960 | DEBUG | step 206 epoch 1 loss 0.3789 step_s 0.0234 peak_mem_gb 0.167
2026-10-01 22:36:27,985 | DEBUG | step 207 epoch 1 loss 0.3610 step_s 0.0239 peak_mem_gb 0.167
2026-10-01 22:36:28,009 | DEBUG | step 208 epoch 1 loss 0.3267 step_s 0.0236 peak_mem_gb 0.167
2026-10-01 22:36:28,033 | DEBUG | step 209 epoch 1 loss 0.3181 step_s 0.0231 peak_mem_gb 0.167
2026-10-01 22:36:28,059 | DEBUG | step 210 epoch 1 loss 0.4097 step_s 0.0252 peak_mem_gb 0.167
2026-10-01 22:36:28,083 | DEBUG | step 211 epoch 1 loss 0.4119 step_s 0.0231 peak_mem_gb 0.167
2026-10-01 22:36:28,108 | DEBUG | step 212 epoch 1 loss 0.3476 step_s 0.0235 peak_mem_gb 0.167
2026-10-01 22:36:28,127 | DEBUG | step 213 epoch 1 loss 0.2356 step_s 0.0188 peak_mem_gb 0.167
2026-10-01 22:36:28,152 | DEBUG | step 214 epoch 1 loss 0.3276 step_s 0.0233 peak_mem_gb 0.167
2026-10-01 22:36:28,175 | DEBUG | step 215 epoch 1 loss 0.3361 step_s 0.0225 peak_mem_gb 0.167
2026-10-01 22:36:28,200 | DEBUG | step 216 epoch 1 loss 0.3937 step_s 0.0236 peak_mem_gb 0.167
2026-10-01 22:36:28,226 | DEBUG | step 217 epoch 1 loss 0.4738 step_s 0.0257 peak_mem_gb 0.167
2026-10-01 22:36:28,251 | DEBUG | step 218 epoch 1 loss 0.2878 step_s 0.0239 peak_mem_gb 0.167
2026-10-01 22:36:28,275 | DEBUG | step 219 epoch 1 loss 0.4612 step_s 0.0235 peak_mem_gb 0.167
2026-10-01 22:36:28,300 | DEBUG | step 220 epoch 1 loss 0.2659 step_s 0.0233 peak_mem_gb 0.167
2026-10-01 22:36:28,324 | DEBUG | step 221 epoch 1 loss 0.3974 step_s 0.0232 peak_mem_gb 0.167
2026-10-01 22:36:28,347 | DEBUG | step 222 epoch 1 loss 0.3445 step_s 0.0227 peak_mem_gb 0.167
2026-10-01 22:36:28,370 | DEBUG | step 223 epoch 1 loss 0.4165 step_s 0.0210 peak_mem_gb 0.167
2026-10-01 22:36:28,396 | DEBUG | step 224 epoch 1 loss 0.2206 step_s 0.0255 peak_mem_gb 0.167
2026-10-01 22:36:28,419 | DEBUG | step 225 epoch 1 loss 0.3371 step_s 0.0227 peak_mem_gb 0.167
2026-10-01 22:36:28,444 | DEBUG | step 226 epoch 1 loss 0.3430 step_s 0.0238 peak_mem_gb 0.167
2026-10-01 22:36:28,468 | DEBUG | step 227 epoch 1 loss 0.2941 step_s 0.0233 peak_mem_gb 0.167
2026-10-01 22:36:28,492 | DEBUG | step 228 epoch 1 loss 0.3090 step_s 0.0230 peak_mem_gb 0.167
2026-10-01 22:36:28,511 | DEBUG | step 229 epoch 1 loss 0.3090 step_s 0.0183 peak_mem_gb 0.167
2026-10-01 22:36:28,536 | DEBUG | step 230 epoch 1 loss 0.3136 step_s 0.0235 peak_mem_gb 0.167
2026-10-01 22:36:28,554 | DEBUG | step 231 epoch 1 loss 0.3483 step_s 0.0171 peak_mem_gb 0.167
2026-10-01 22:36:28,578 | DEBUG | step 232 epoch 1 loss 0.3148 step_s 0.0235 peak_mem_gb 0.167
2026-10-01 22:36:28,602 | DEBUG | step 233 epoch 1 loss 0.4789 step_s 0.0229 peak_mem_gb 0.167
2026-10-01 22:36:28,627 | DEBUG | step 234 epoch 1 loss 0.3437 step_s 0.0237 peak_mem_gb 0.167
2026-10-01 22:36:28,652 | DEBUG | step 235 epoch 1 loss 0.4522 step_s 0.0243 peak_mem_gb 0.168
2026-10-01 22:36:28,674 | DEBUG | step 236 epoch 1 loss 0.3716 step_s 0.0217 peak_mem_gb 0.168
2026-10-01 22:36:28,698 | DEBUG | step 237 epoch 1 loss 0.3030 step_s 0.0226 peak_mem_gb 0.168
2026-10-01 22:36:28,718 | DEBUG | step 238 epoch 1 loss 0.3741 step_s 0.0195 peak_mem_gb 0.168
2026-10-01 22:36:28,742 | DEBUG | step 239 epoch 1 loss 0.3159 step_s 0.0228 peak_mem_gb 0.168
2026-10-01 22:36:28,766 | DEBUG | step 240 epoch 1 loss 0.2071 step_s 0.0235 peak_mem_gb 0.168
2026-10-01 22:36:28,790 | DEBUG | step 241 epoch 1 loss 0.3836 step_s 0.0234 peak_mem_gb 0.168
2026-10-01 22:36:28,814 | DEBUG | step 242 epoch 1 loss 0.3603 step_s 0.0228 peak_mem_gb 0.168
2026-10-01 22:36:28,839 | DEBUG | step 243 epoch 1 loss 0.3705 step_s 0.0241 peak_mem_gb 0.168
2026-10-01 22:36:28,867 | DEBUG | step 244 epoch 1 loss 0.2922 step_s 0.0266 peak_mem_gb 0.168
2026-10-01 22:36:28,894 | DEBUG | step 245 epoch 1 loss 0.4349 step_s 0.0255 peak_mem_gb 0.168
2026-10-01 22:36:28,920 | DEBUG | step 246 epoch 1 loss 0.4081 step_s 0.0248 peak_mem_gb 0.168
2026-10-01 22:36:28,944 | DEBUG | step 247 epoch 1 loss 0.2657 step_s 0.0233 peak_mem_gb 0.168
2026-10-01 22:36:28,969 | DEBUG | step 248 epoch 1 loss 0.2100 step_s 0.0239 peak_mem_gb 0.168
2026-10-01 22:36:28,993 | DEBUG | step 249 epoch 1 loss 0.4127 step_s 0.0230 peak_mem_gb 0.168
2026-10-01 22:36:29,013 | DEBUG | step 250 epoch 1 loss 0.2593 step_s 0.0193 peak_mem_gb 0.168
2026-10-01 22:36:29,037 | DEBUG | step 251 epoch 1 loss 0.2973 step_s 0.0228 peak_mem_gb 0.168
2026-10-01 22:36:29,063 | DEBUG | step 252 epoch 1 loss 0.3633 step_s 0.0253 peak_mem_gb 0.168
2026-10-01 22:36:29,088 | DEBUG | step 253 epoch 1 loss 0.2506 step_s 0.0246 peak_mem_gb 0.168
2026-10-01 22:36:29,113 | DEBUG | step 254 epoch 1 loss 0.4185 step_s 0.0237 peak_mem_gb 0.168
2026-10-01 22:36:29,137 | DEBUG | step 255 epoch 1 loss 0.3559 step_s 0.0236 peak_mem_gb 0.168
2026-10-01 22:36:29,162 | DEBUG | step 256 epoch 1 loss 0.2219 step_s 0.0233 peak_mem_gb 0.168
2026-10-01 22:36:29,184 | DEBUG | step 257 epoch 1 loss 0.2793 step_s 0.0218 peak_mem_gb 0.168
2026-10-01 22:36:29,207 | DEBUG | step 258 epoch 1 loss 0.2782 step_s 0.0215 peak_mem_gb 0.168
2026-10-01 22:36:29,228 | DEBUG | step 259 epoch 1 loss 0.3723 step_s 0.0200 peak_mem_gb 0.168
2026-10-01 22:36:29,253 | DEBUG | step 260 epoch 1 loss 0.4182 step_s 0.0248 peak_mem_gb 0.168
2026-10-01 22:36:29,275 | DEBUG | step 261 epoch 1 loss 0.2877 step_s 0.0209 peak_mem_gb 0.168
2026-10-01 22:36:29,300 | DEBUG | step 262 epoch 1 loss 0.3005 step_s 0.0239 peak_mem_gb 0.168
2026-10-01 22:36:29,325 | DEBUG | step 263 epoch 1 loss 0.3468 step_s 0.0244 peak_mem_gb 0.168
2026-10-01 22:36:29,351 | DEBUG | step 264 epoch 1 loss 0.2484 step_s 0.0241 peak_mem_gb 0.168
2026-10-01 22:36:29,375 | DEBUG | step 265 epoch 1 loss 0.4635 step_s 0.0234 peak_mem_gb 0.168
2026-10-01 22:36:29,400 | DEBUG | step 266 epoch 1 loss 0.3175 step_s 0.0240 peak_mem_gb 0.168
2026-10-01 22:36:29,426 | DEBUG | step 267 epoch 1 loss 0.3045 step_s 0.0253 peak_mem_gb 0.168
2026-10-01 22:36:29,454 | DEBUG | step 268 epoch 1 loss 0.3196 step_s 0.0268 peak_mem_gb 0.168
2026-10-01 22:36:29,476 | DEBUG | step 269 epoch 1 loss 0.3085 step_s 0.0209 peak_mem_gb 0.168
2026-10-01 22:36:29,501 | DEBUG | step 270 epoch 1 loss 0.3340 step_s 0.0240 peak_mem_gb 0.168
2026-10-01 22:36:29,525 | DEBUG | step 271 epoch 1 loss 0.3410 step_s 0.0234 peak_mem_gb 0.168
2026-10-01 22:36:29,550 | DEBUG | step 272 epoch 1 loss 0.2723 step_s 0.0239 peak_mem_gb 0.168
2026-10-01 22:36:29,569 | DEBUG | step 273 epoch 1 loss 0.3621 step_s 0.0183 peak_mem_gb 0.168
2026-10-01 22:36:29,593 | DEBUG | step 274 epoch 1 loss 0.3540 step_s 0.0237 peak_mem_gb 0.168
2026-10-01 22:36:29,617 | DEBUG | step 275 epoch 1 loss 0.4077 step_s 0.0231 peak_mem_gb 0.168
2026-10-01 22:36:29,641 | DEBUG | step 276 epoch 1 loss 0.3124 step_s 0.0235 peak_mem_gb 0.168
2026-10-01 22:36:29,664 | DEBUG | step 277 epoch 1 loss 0.2719 step_s 0.0212 peak_mem_gb 0.168
2026-10-01 22:36:29,688 | DEBUG | step 278 epoch 1 loss 0.2753 step_s 0.0233 peak_mem_gb 0.168
2026-10-01 22:36:29,712 | DEBUG | step 279 epoch 1 loss 0.4284 step_s 0.0235 peak_mem_gb 0.168
2026-10-01 22:36:29,737 | DEBUG | step 280 epoch 1 loss 0.2043 step_s 0.0237 peak_mem_gb 0.168
2026-10-01 22:36:29,763 | DEBUG | step 281 epoch 1 loss 0.4237 step_s 0.0253 peak_mem_gb 0.168
2026-10-01 22:36:29,788 | DEBUG | step 282 epoch 1 loss 0.3412 step_s 0.0240 peak_mem_gb 0.168
2026-10-01 22:36:29,811 | DEBUG | step 283 epoch 1 loss 0.2820 step_s 0.0214 peak_mem_gb 0.168
2026-10-01 22:36:29,838 | DEBUG | step 284 epoch 1 loss 0.2499 step_s 0.0257 peak_mem_gb 0.168
2026-10-01 22:36:29,863 | DEBUG | step 285 epoch 1 loss 0.3057 step_s 0.0244 peak_mem_gb 0.168
2026-10-01 22:36:29,888 | DEBUG | step 286 epoch 1 loss 0.3796 step_s 0.0240 peak_mem_gb 0.168
2026-10-01 22:36:29,914 | DEBUG | step 287 epoch 1 loss 0.2648 step_s 0.0248 peak_mem_gb 0.168
2026-10-01 22:36:29,939 | DEBUG | step 288 epoch 1 loss 0.1944 step_s 0.0237 peak_mem_gb 0.168
2026-10-01 22:36:29,964 | DEBUG | step 289 epoch 1 loss 0.2580 step_s 0.0237 peak_mem_gb 0.168
2026-10-01 22:36:29,986 | DEBUG | step 290 epoch 1 loss 0.3293 step_s 0.0212 peak_mem_gb 0.168
2026-10-01 22:36:30,011 | DEBUG | step 291 epoch 1 loss 0.3462 step_s 0.0240 peak_mem_gb 0.168
2026-10-01 22:36:30,033 | DEBUG | step 292 epoch 1 loss 0.2972 step_s 0.0219 peak_mem_gb 0.168
2026-10-01 22:36:30,053 | DEBUG | step 293 epoch 1 loss 0.2585 step_s 0.0190 peak_mem_gb 0.168
2026-10-01 22:36:30,077 | DEBUG | step 294 epoch 1 loss 0.3351 step_s 0.0223 peak_mem_gb 0.168
2026-10-01 22:36:30,098 | DEBUG | step 295 epoch 1 loss 0.2078 step_s 0.0207 peak_mem_gb 0.168
2026-10-01 22:36:30,124 | DEBUG | step 296 epoch 1 loss 0.2893 step_s 0.0250 peak_mem_gb 0.168
2026-10-01 22:36:30,150 | DEBUG | step 297 epoch 1 loss 0.3192 step_s 0.0241 peak_mem_gb 0.168
2026-10-01 22:36:30,174 | DEBUG | step 298 epoch 1 loss 0.2809 step_s 0.0236 peak_mem_gb 0.168
2026-10-01 22:36:30,198 | DEBUG | step 299 epoch 1 loss 0.2499 step_s 0.0227 peak_mem_gb 0.168
2026-10-01 22:36:30,222 | DEBUG | step 300 epoch 1 loss 0.3770 step_s 0.0232 peak_mem_gb 0.168
2026-10-01 22:36:30,245 | DEBUG | step 301 epoch 1 loss 0.2427 step_s 0.0223 peak_mem_gb 0.168
2026-10-01 22:36:30,267 | DEBUG | step 302 epoch 1 loss 0.3167 step_s 0.0205 peak_mem_gb 0.168
2026-10-01 22:36:30,290 | DEBUG | step 303 epoch 1 loss 0.5248 step_s 0.0225 peak_mem_gb 0.168
2026-10-01 22:36:30,312 | DEBUG | step 304 epoch 1 loss 0.4123 step_s 0.0206 peak_mem_gb 0.168
2026-10-01 22:36:30,335 | DEBUG | step 305 epoch 1 loss 0.2896 step_s 0.0229 peak_mem_gb 0.168
2026-10-01 22:36:30,359 | DEBUG | step 306 epoch 1 loss 0.2040 step_s 0.0228 peak_mem_gb 0.168
2026-10-01 22:36:30,384 | DEBUG | step 307 epoch 1 loss 0.3720 step_s 0.0239 peak_mem_gb 0.168
2026-10-01 22:36:30,404 | DEBUG | step 308 epoch 1 loss 0.3433 step_s 0.0190 peak_mem_gb 0.168
2026-10-01 22:36:30,429 | DEBUG | step 309 epoch 1 loss 0.3355 step_s 0.0241 peak_mem_gb 0.168
2026-10-01 22:36:30,452 | DEBUG | step 310 epoch 1 loss 0.2834 step_s 0.0220 peak_mem_gb 0.168
2026-10-01 22:36:30,475 | DEBUG | step 311 epoch 1 loss 0.2414 step_s 0.0223 peak_mem_gb 0.168
2026-10-01 22:36:30,497 | DEBUG | step 312 epoch 1 loss 0.3792 step_s 0.0212 peak_mem_gb 0.168
2026-10-01 22:36:30,521 | DEBUG | step 313 epoch 1 loss 0.4172 step_s 0.0230 peak_mem_gb 0.168
2026-10-01 22:36:30,545 | DEBUG | step 314 epoch 1 loss 0.3637 step_s 0.0237 peak_mem_gb 0.168
2026-10-01 22:36:30,570 | DEBUG | step 315 epoch 1 loss 0.2475 step_s 0.0239 peak_mem_gb 0.168
2026-10-01 22:36:30,595 | DEBUG | step 316 epoch 1 loss 0.3470 step_s 0.0241 peak_mem_gb 0.168
2026-10-01 22:36:30,621 | DEBUG | step 317 epoch 1 loss 0.2460 step_s 0.0252 peak_mem_gb 0.168
2026-10-01 22:36:30,643 | DEBUG | step 318 epoch 1 loss 0.3400 step_s 0.0209 peak_mem_gb 0.168
2026-10-01 22:36:30,666 | DEBUG | step 319 epoch 1 loss 0.2450 step_s 0.0216 peak_mem_gb 0.168
2026-10-01 22:36:30,690 | DEBUG | step 320 epoch 1 loss 0.2746 step_s 0.0237 peak_mem_gb 0.168
2026-10-01 22:36:30,715 | DEBUG | step 321 epoch 1 loss 0.3852 step_s 0.0235 peak_mem_gb 0.168
2026-10-01 22:36:30,738 | DEBUG | step 322 epoch 1 loss 0.4138 step_s 0.0222 peak_mem_gb 0.168
2026-10-01 22:36:30,762 | DEBUG | step 323 epoch 1 loss 0.2829 step_s 0.0232 peak_mem_gb 0.168
2026-10-01 22:36:30,787 | DEBUG | step 324 epoch 1 loss 0.3623 step_s 0.0246 peak_mem_gb 0.168
2026-10-01 22:36:30,811 | DEBUG | step 325 epoch 1 loss 0.3399 step_s 0.0226 peak_mem_gb 0.168
2026-10-01 22:36:30,834 | DEBUG | step 326 epoch 1 loss 0.2382 step_s 0.0230 peak_mem_gb 0.168
2026-10-01 22:36:30,859 | DEBUG | step 327 epoch 1 loss 0.2098 step_s 0.0236 peak_mem_gb 0.168
2026-10-01 22:36:30,885 | DEBUG | step 328 epoch 1 loss 0.2585 step_s 0.0252 peak_mem_gb 0.168
2026-10-01 22:36:30,910 | DEBUG | step 329 epoch 1 loss 0.3329 step_s 0.0235 peak_mem_gb 0.168
2026-10-01 22:36:30,935 | DEBUG | step 330 epoch 1 loss 0.2460 step_s 0.0243 peak_mem_gb 0.168
2026-10-01 22:36:30,961 | DEBUG | step 331 epoch 1 loss 0.2154 step_s 0.0247 peak_mem_gb 0.168
2026-10-01 22:36:30,985 | DEBUG | step 332 epoch 1 loss 0.3331 step_s 0.0234 peak_mem_gb 0.168
2026-10-01 22:36:31,009 | DEBUG | step 333 epoch 1 loss 0.2615 step_s 0.0229 peak_mem_gb 0.168
2026-10-01 22:36:31,032 | DEBUG | step 334 epoch 1 loss 0.4201 step_s 0.0219 peak_mem_gb 0.168
2026-10-01 22:36:31,057 | DEBUG | step 335 epoch 1 loss 0.3197 step_s 0.0243 peak_mem_gb 0.168
2026-10-01 22:36:31,082 | DEBUG | step 336 epoch 1 loss 0.2716 step_s 0.0239 peak_mem_gb 0.168
2026-10-01 22:36:31,107 | DEBUG | step 337 epoch 1 loss 0.2513 step_s 0.0243 peak_mem_gb 0.168
2026-10-01 22:36:31,133 | DEBUG | step 338 epoch 1 loss 0.3758 step_s 0.0246 peak_mem_gb 0.168
2026-10-01 22:36:31,156 | DEBUG | step 339 epoch 1 loss 0.2410 step_s 0.0220 peak_mem_gb 0.168
2026-10-01 22:36:31,180 | DEBUG | step 340 epoch 1 loss 0.2640 step_s 0.0236 peak_mem_gb 0.168
2026-10-01 22:36:31,205 | DEBUG | step 341 epoch 1 loss 0.3145 step_s 0.0241 peak_mem_gb 0.168
2026-10-01 22:36:31,230 | DEBUG | step 342 epoch 1 loss 0.4293 step_s 0.0236 peak_mem_gb 0.168
2026-10-01 22:36:31,255 | DEBUG | step 343 epoch 1 loss 0.4212 step_s 0.0238 peak_mem_gb 0.168
2026-10-01 22:36:31,280 | DEBUG | step 344 epoch 1 loss 0.4583 step_s 0.0241 peak_mem_gb 0.168
2026-10-01 22:36:31,305 | DEBUG | step 345 epoch 1 loss 0.3132 step_s 0.0241 peak_mem_gb 0.168
2026-10-01 22:36:31,329 | DEBUG | step 346 epoch 1 loss 0.2694 step_s 0.0234 peak_mem_gb 0.168
2026-10-01 22:36:31,354 | DEBUG | step 347 epoch 1 loss 0.3442 step_s 0.0240 peak_mem_gb 0.168
2026-10-01 22:36:31,379 | DEBUG | step 348 epoch 1 loss 0.3088 step_s 0.0239 peak_mem_gb 0.168
2026-10-01 22:36:31,402 | DEBUG | step 349 epoch 1 loss 0.2744 step_s 0.0221 peak_mem_gb 0.168
2026-10-01 22:36:31,426 | DEBUG | step 350 epoch 1 loss 0.2432 step_s 0.0234 peak_mem_gb 0.168
2026-10-01 22:36:31,452 | DEBUG | step 351 epoch 1 loss 0.3069 step_s 0.0249 peak_mem_gb 0.168
2026-10-01 22:36:31,476 | DEBUG | step 352 epoch 1 loss 0.3218 step_s 0.0232 peak_mem_gb 0.168
2026-10-01 22:36:31,500 | DEBUG | step 353 epoch 1 loss 0.2883 step_s 0.0234 peak_mem_gb 0.168
2026-10-01 22:36:31,525 | DEBUG | step 354 epoch 1 loss 0.3325 step_s 0.0238 peak_mem_gb 0.168
2026-10-01 22:36:31,544 | DEBUG | step 355 epoch 1 loss 0.4004 step_s 0.0188 peak_mem_gb 0.168
2026-10-01 22:36:31,570 | DEBUG | step 356 epoch 1 loss 0.2865 step_s 0.0248 peak_mem_gb 0.170
2026-10-01 22:36:31,596 | DEBUG | step 357 epoch 1 loss 0.2236 step_s 0.0250 peak_mem_gb 0.170
2026-10-01 22:36:31,624 | DEBUG | step 358 epoch 1 loss 0.2957 step_s 0.0261 peak_mem_gb 0.170
2026-10-01 22:36:31,650 | DEBUG | step 359 epoch 1 loss 0.4269 step_s 0.0250 peak_mem_gb 0.170
2026-10-01 22:36:31,675 | DEBUG | step 360 epoch 1 loss 0.3041 step_s 0.0241 peak_mem_gb 0.170
2026-10-01 22:36:31,700 | DEBUG | step 361 epoch 1 loss 0.3157 step_s 0.0232 peak_mem_gb 0.170
2026-10-01 22:36:31,724 | DEBUG | step 362 epoch 1 loss 0.2336 step_s 0.0239 peak_mem_gb 0.170
2026-10-01 22:36:31,749 | DEBUG | step 363 epoch 1 loss 0.1829 step_s 0.0241 peak_mem_gb 0.170
2026-10-01 22:36:31,774 | DEBUG | step 364 epoch 1 loss 0.2234 step_s 0.0233 peak_mem_gb 0.170
2026-10-01 22:36:31,799 | DEBUG | step 365 epoch 1 loss 0.3326 step_s 0.0249 peak_mem_gb 0.170
2026-10-01 22:36:31,823 | DEBUG | step 366 epoch 1 loss 0.3874 step_s 0.0231 peak_mem_gb 0.170
2026-10-01 22:36:31,843 | DEBUG | step 367 epoch 1 loss 0.2136 step_s 0.0190 peak_mem_gb 0.170
2026-10-01 22:36:31,868 | DEBUG | step 368 epoch 1 loss 0.2240 step_s 0.0243 peak_mem_gb 0.170
2026-10-01 22:36:31,893 | DEBUG | step 369 epoch 1 loss 0.2954 step_s 0.0233 peak_mem_gb 0.170
2026-10-01 22:36:31,919 | DEBUG | step 370 epoch 1 loss 0.2325 step_s 0.0254 peak_mem_gb 0.170
2026-10-01 22:36:31,944 | DEBUG | step 371 epoch 1 loss 0.2424 step_s 0.0237 peak_mem_gb 0.170
2026-10-01 22:36:31,970 | DEBUG | step 372 epoch 1 loss 0.2214 step_s 0.0248 peak_mem_gb 0.170
2026-10-01 22:36:31,992 | DEBUG | step 373 epoch 1 loss 0.2072 step_s 0.0219 peak_mem_gb 0.170
2026-10-01 22:36:32,013 | DEBUG | step 374 epoch 1 loss 0.2274 step_s 0.0192 peak_mem_gb 0.170
2026-10-01 22:36:32,037 | DEBUG | step 375 epoch 1 loss 0.3261 step_s 0.0236 peak_mem_gb 0.170
2026-10-01 22:36:32,061 | DEBUG | step 376 epoch 1 loss 0.2972 step_s 0.0228 peak_mem_gb 0.170
2026-10-01 22:36:32,086 | DEBUG | step 377 epoch 1 loss 0.1895 step_s 0.0237 peak_mem_gb 0.170
2026-10-01 22:36:32,107 | DEBUG | step 378 epoch 1 loss 0.2380 step_s 0.0207 peak_mem_gb 0.170
2026-10-01 22:36:32,131 | DEBUG | step 379 epoch 1 loss 0.2713 step_s 0.0223 peak_mem_gb 0.170
2026-10-01 22:36:32,155 | DEBUG | step 380 epoch 1 loss 0.2374 step_s 0.0239 peak_mem_gb 0.170
2026-10-01 22:36:32,180 | DEBUG | step 381 epoch 1 loss 0.1885 step_s 0.0238 peak_mem_gb 0.170
2026-10-01 22:36:32,202 | DEBUG | step 382 epoch 1 loss 0.2450 step_s 0.0208 peak_mem_gb 0.170
2026-10-01 22:36:32,227 | DEBUG | step 383 epoch 1 loss 0.2473 step_s 0.0239 peak_mem_gb 0.170
2026-10-01 22:36:32,251 | DEBUG | step 384 epoch 1 loss 0.1934 step_s 0.0231 peak_mem_gb 0.170
2026-10-01 22:36:32,276 | DEBUG | step 385 epoch 1 loss 0.3168 step_s 0.0235 peak_mem_gb 0.170
2026-10-01 22:36:32,297 | DEBUG | step 386 epoch 1 loss 0.4110 step_s 0.0207 peak_mem_gb 0.170
2026-10-01 22:36:32,323 | DEBUG | step 387 epoch 1 loss 0.1892 step_s 0.0245 peak_mem_gb 0.170
2026-10-01 22:36:32,347 | DEBUG | step 388 epoch 1 loss 0.3879 step_s 0.0233 peak_mem_gb 0.170
2026-10-01 22:36:32,369 | DEBUG | step 389 epoch 1 loss 0.4817 step_s 0.0211 peak_mem_gb 0.170
2026-10-01 22:36:32,393 | DEBUG | step 390 epoch 1 loss 0.3523 step_s 0.0230 peak_mem_gb 0.170
2026-10-01 22:36:32,414 | DEBUG | step 391 epoch 1 loss 0.2827 step_s 0.0205 peak_mem_gb 0.170
2026-10-01 22:36:32,438 | DEBUG | step 392 epoch 1 loss 0.3476 step_s 0.0235 peak_mem_gb 0.170
2026-10-01 22:36:32,460 | DEBUG | step 393 epoch 1 loss 0.2980 step_s 0.0211 peak_mem_gb 0.170
2026-10-01 22:36:32,486 | DEBUG | step 394 epoch 1 loss 0.3758 step_s 0.0238 peak_mem_gb 0.170
2026-10-01 22:36:32,511 | DEBUG | step 395 epoch 1 loss 0.2268 step_s 0.0242 peak_mem_gb 0.170
2026-10-01 22:36:32,532 | DEBUG | step 396 epoch 1 loss 0.1648 step_s 0.0206 peak_mem_gb 0.170
2026-10-01 22:36:32,558 | DEBUG | step 397 epoch 1 loss 0.3364 step_s 0.0246 peak_mem_gb 0.170
2026-10-01 22:36:32,582 | DEBUG | step 398 epoch 1 loss 0.3290 step_s 0.0231 peak_mem_gb 0.170
2026-10-01 22:36:32,606 | DEBUG | step 399 epoch 1 loss 0.3935 step_s 0.0240 peak_mem_gb 0.170
2026-10-01 22:36:32,627 | INFO | step 400 epoch 1 loss 0.1986 step_s 0.0198 peak_mem_gb 0.170
2026-10-01 22:36:32,654 | DEBUG | step 401 epoch 1 loss 0.1622 step_s 0.0270 peak_mem_gb 0.170
2026-10-01 22:36:32,679 | DEBUG | step 402 epoch 1 loss 0.3430 step_s 0.0241 peak_mem_gb 0.170
2026-10-01 22:36:32,704 | DEBUG | step 403 epoch 1 loss 0.3505 step_s 0.0241 peak_mem_gb 0.170
2026-10-01 22:36:32,729 | DEBUG | step 404 epoch 1 loss 0.2748 step_s 0.0242 peak_mem_gb 0.170
2026-10-01 22:36:32,755 | DEBUG | step 405 epoch 1 loss 0.2429 step_s 0.0248 peak_mem_gb 0.170
2026-10-01 22:36:32,778 | DEBUG | step 406 epoch 1 loss 0.3030 step_s 0.0221 peak_mem_gb 0.170
2026-10-01 22:36:32,805 | DEBUG | step 407 epoch 1 loss 0.2864 step_s 0.0252 peak_mem_gb 0.170
2026-10-01 22:36:32,829 | DEBUG | step 408 epoch 1 loss 0.2532 step_s 0.0236 peak_mem_gb 0.170
2026-10-01 22:36:32,853 | DEBUG | step 409 epoch 1 loss 0.4060 step_s 0.0222 peak_mem_gb 0.170
2026-10-01 22:36:32,878 | DEBUG | step 410 epoch 1 loss 0.2593 step_s 0.0241 peak_mem_gb 0.170
2026-10-01 22:36:32,903 | DEBUG | step 411 epoch 1 loss 0.1572 step_s 0.0246 peak_mem_gb 0.170
2026-10-01 22:36:32,931 | DEBUG | step 412 epoch 1 loss 0.3298 step_s 0.0270 peak_mem_gb 0.170
2026-10-01 22:36:32,957 | DEBUG | step 413 epoch 1 loss 0.3072 step_s 0.0245 peak_mem_gb 0.170
2026-10-01 22:36:32,981 | DEBUG | step 414 epoch 1 loss 0.2123 step_s 0.0228 peak_mem_gb 0.170
2026-10-01 22:36:33,006 | DEBUG | step 415 epoch 1 loss 0.2841 step_s 0.0246 peak_mem_gb 0.170
2026-10-01 22:36:33,031 | DEBUG | step 416 epoch 1 loss 0.2201 step_s 0.0238 peak_mem_gb 0.170
2026-10-01 22:36:33,056 | DEBUG | step 417 epoch 1 loss 0.2552 step_s 0.0235 peak_mem_gb 0.170
2026-10-01 22:36:33,080 | DEBUG | step 418 epoch 1 loss 0.2673 step_s 0.0240 peak_mem_gb 0.170
2026-10-01 22:36:33,103 | DEBUG | step 419 epoch 1 loss 0.3611 step_s 0.0214 peak_mem_gb 0.170
2026-10-01 22:36:33,128 | DEBUG | step 420 epoch 1 loss 0.3957 step_s 0.0241 peak_mem_gb 0.170
2026-10-01 22:36:33,153 | DEBUG | step 421 epoch 1 loss 0.2421 step_s 0.0240 peak_mem_gb 0.170
2026-10-01 22:36:33,178 | DEBUG | step 422 epoch 1 loss 0.2525 step_s 0.0242 peak_mem_gb 0.170
2026-10-01 22:36:33,203 | DEBUG | step 423 epoch 1 loss 0.2882 step_s 0.0243 peak_mem_gb 0.170
2026-10-01 22:36:33,230 | DEBUG | step 424 epoch 1 loss 0.2114 step_s 0.0255 peak_mem_gb 0.170
2026-10-01 22:36:33,254 | DEBUG | step 425 epoch 1 loss 0.2221 step_s 0.0235 peak_mem_gb 0.170
2026-10-01 22:36:33,279 | DEBUG | step 426 epoch 1 loss 0.3480 step_s 0.0237 peak_mem_gb 0.170
2026-10-01 22:36:33,301 | DEBUG | step 427 epoch 1 loss 0.2420 step_s 0.0213 peak_mem_gb 0.170
2026-10-01 22:36:33,326 | DEBUG | step 428 epoch 1 loss 0.2849 step_s 0.0243 peak_mem_gb 0.170
2026-10-01 22:36:33,351 | DEBUG | step 429 epoch 1 loss 0.2138 step_s 0.0235 peak_mem_gb 0.170
2026-10-01 22:36:33,375 | DEBUG | step 430 epoch 1 loss 0.2905 step_s 0.0237 peak_mem_gb 0.170
2026-10-01 22:36:33,400 | DEBUG | step 431 epoch 1 loss 0.3313 step_s 0.0240 peak_mem_gb 0.170
2026-10-01 22:36:33,425 | DEBUG | step 432 epoch 1 loss 0.2850 step_s 0.0239 peak_mem_gb 0.170
2026-10-01 22:36:33,452 | DEBUG | step 433 epoch 1 loss 0.4603 step_s 0.0259 peak_mem_gb 0.170
2026-10-01 22:36:33,477 | DEBUG | step 434 epoch 1 loss 0.3235 step_s 0.0236 peak_mem_gb 0.170
2026-10-01 22:36:33,501 | DEBUG | step 435 epoch 1 loss 0.2751 step_s 0.0230 peak_mem_gb 0.170
2026-10-01 22:36:33,527 | DEBUG | step 436 epoch 1 loss 0.2181 step_s 0.0260 peak_mem_gb 0.170
2026-10-01 22:36:33,547 | DEBUG | step 437 epoch 1 loss 0.2672 step_s 0.0190 peak_mem_gb 0.170
2026-10-01 22:36:33,572 | DEBUG | step 438 epoch 1 loss 0.1653 step_s 0.0241 peak_mem_gb 0.170
2026-10-01 22:36:33,596 | DEBUG | step 439 epoch 1 loss 0.2534 step_s 0.0231 peak_mem_gb 0.170
2026-10-01 22:36:33,620 | DEBUG | step 440 epoch 1 loss 0.1864 step_s 0.0227 peak_mem_gb 0.170
2026-10-01 22:36:33,645 | DEBUG | step 441 epoch 1 loss 0.1835 step_s 0.0241 peak_mem_gb 0.170
2026-10-01 22:36:33,667 | DEBUG | step 442 epoch 1 loss 0.2850 step_s 0.0207 peak_mem_gb 0.170
2026-10-01 22:36:33,694 | DEBUG | step 443 epoch 1 loss 0.3092 step_s 0.0262 peak_mem_gb 0.170
2026-10-01 22:36:33,718 | DEBUG | step 444 epoch 1 loss 0.3328 step_s 0.0235 peak_mem_gb 0.170
2026-10-01 22:36:33,742 | DEBUG | step 445 epoch 1 loss 0.1824 step_s 0.0232 peak_mem_gb 0.170
2026-10-01 22:36:33,764 | DEBUG | step 446 epoch 1 loss 0.2215 step_s 0.0207 peak_mem_gb 0.170
2026-10-01 22:36:33,788 | DEBUG | step 447 epoch 1 loss 0.2490 step_s 0.0231 peak_mem_gb 0.170
2026-10-01 22:36:33,812 | DEBUG | step 448 epoch 1 loss 0.2861 step_s 0.0240 peak_mem_gb 0.170
2026-10-01 22:36:33,833 | DEBUG | step 449 epoch 1 loss 0.1649 step_s 0.0196 peak_mem_gb 0.170
2026-10-01 22:36:33,857 | DEBUG | step 450 epoch 1 loss 0.2290 step_s 0.0235 peak_mem_gb 0.170
2026-10-01 22:36:33,880 | DEBUG | step 451 epoch 1 loss 0.2616 step_s 0.0216 peak_mem_gb 0.170
2026-10-01 22:36:33,905 | DEBUG | step 452 epoch 1 loss 0.1570 step_s 0.0240 peak_mem_gb 0.170
2026-10-01 22:36:33,929 | DEBUG | step 453 epoch 1 loss 0.3975 step_s 0.0233 peak_mem_gb 0.170
2026-10-01 22:36:33,955 | DEBUG | step 454 epoch 1 loss 0.3966 step_s 0.0249 peak_mem_gb 0.170
2026-10-01 22:36:33,980 | DEBUG | step 455 epoch 1 loss 0.2941 step_s 0.0232 peak_mem_gb 0.170
2026-10-01 22:36:34,006 | DEBUG | step 456 epoch 1 loss 0.1608 step_s 0.0251 peak_mem_gb 0.170
2026-10-01 22:36:34,033 | DEBUG | step 457 epoch 1 loss 0.1799 step_s 0.0259 peak_mem_gb 0.170
2026-10-01 22:36:34,057 | DEBUG | step 458 epoch 1 loss 0.3212 step_s 0.0234 peak_mem_gb 0.170
2026-10-01 22:36:34,084 | DEBUG | step 459 epoch 1 loss 0.2094 step_s 0.0247 peak_mem_gb 0.170
2026-10-01 22:36:34,108 | DEBUG | step 460 epoch 1 loss 0.1953 step_s 0.0232 peak_mem_gb 0.170
2026-10-01 22:36:34,132 | DEBUG | step 461 epoch 1 loss 0.2727 step_s 0.0236 peak_mem_gb 0.170
2026-10-01 22:36:34,154 | DEBUG | step 462 epoch 1 loss 0.1805 step_s 0.0207 peak_mem_gb 0.170
2026-10-01 22:36:34,175 | DEBUG | step 463 epoch 1 loss 0.2473 step_s 0.0199 peak_mem_gb 0.170
2026-10-01 22:36:34,200 | DEBUG | step 464 epoch 1 loss 0.2854 step_s 0.0239 peak_mem_gb 0.170
2026-10-01 22:36:34,227 | DEBUG | step 465 epoch 1 loss 0.2150 step_s 0.0261 peak_mem_gb 0.170
2026-10-01 22:36:34,252 | DEBUG | step 466 epoch 1 loss 0.3475 step_s 0.0240 peak_mem_gb 0.170
2026-10-01 22:36:34,276 | DEBUG | step 467 epoch 1 loss 0.1871 step_s 0.0233 peak_mem_gb 0.170
2026-10-01 22:36:34,300 | DEBUG | step 468 epoch 1 loss 0.1237 step_s 0.0231 peak_mem_gb 0.170
2026-10-01 22:36:34,321 | DEBUG | step 469 epoch 1 loss 0.3715 step_s 0.0201 peak_mem_gb 0.170
2026-10-01 22:36:34,345 | DEBUG | step 470 epoch 1 loss 0.2505 step_s 0.0230 peak_mem_gb 0.170
2026-10-01 22:36:34,366 | DEBUG | step 471 epoch 1 loss 0.2937 step_s 0.0200 peak_mem_gb 0.170
2026-10-01 22:36:34,388 | DEBUG | step 472 epoch 1 loss 0.1785 step_s 0.0213 peak_mem_gb 0.170
2026-10-01 22:36:34,413 | DEBUG | step 473 epoch 1 loss 0.1876 step_s 0.0233 peak_mem_gb 0.170
2026-10-01 22:36:34,438 | DEBUG | step 474 epoch 1 loss 0.2307 step_s 0.0241 peak_mem_gb 0.170
2026-10-01 22:36:34,463 | DEBUG | step 475 epoch 1 loss 0.2826 step_s 0.0245 peak_mem_gb 0.170
2026-10-01 22:36:34,487 | DEBUG | step 476 epoch 1 loss 0.3780 step_s 0.0228 peak_mem_gb 0.170
2026-10-01 22:36:34,512 | DEBUG | step 477 epoch 1 loss 0.1691 step_s 0.0243 peak_mem_gb 0.170
2026-10-01 22:36:34,537 | DEBUG | step 478 epoch 1 loss 0.2855 step_s 0.0239 peak_mem_gb 0.170
2026-10-01 22:36:34,563 | DEBUG | step 479 epoch 1 loss 0.2625 step_s 0.0250 peak_mem_gb 0.170
2026-10-01 22:36:34,586 | DEBUG | step 480 epoch 1 loss 0.2594 step_s 0.0228 peak_mem_gb 0.170
2026-10-01 22:36:34,607 | DEBUG | step 481 epoch 1 loss 0.3153 step_s 0.0203 peak_mem_gb 0.170
2026-10-01 22:36:34,632 | DEBUG | step 482 epoch 1 loss 0.3037 step_s 0.0241 peak_mem_gb 0.170
2026-10-01 22:36:34,655 | DEBUG | step 483 epoch 1 loss 0.2869 step_s 0.0222 peak_mem_gb 0.170
2026-10-01 22:36:34,680 | DEBUG | step 484 epoch 1 loss 0.2337 step_s 0.0236 peak_mem_gb 0.170
2026-10-01 22:36:34,705 | DEBUG | step 485 epoch 1 loss 0.2210 step_s 0.0238 peak_mem_gb 0.170
2026-10-01 22:36:34,731 | DEBUG | step 486 epoch 1 loss 0.2105 step_s 0.0251 peak_mem_gb 0.170
2026-10-01 22:36:34,755 | DEBUG | step 487 epoch 1 loss 0.1720 step_s 0.0232 peak_mem_gb 0.170
2026-10-01 22:36:34,780 | DEBUG | step 488 epoch 1 loss 0.3675 step_s 0.0248 peak_mem_gb 0.170
2026-10-01 22:36:34,804 | DEBUG | step 489 epoch 1 loss 0.2410 step_s 0.0219 peak_mem_gb 0.170
2026-10-01 22:36:34,825 | DEBUG | step 490 epoch 1 loss 0.1818 step_s 0.0207 peak_mem_gb 0.170
2026-10-01 22:36:34,848 | DEBUG | step 491 epoch 1 loss 0.4094 step_s 0.0219 peak_mem_gb 0.170
2026-10-01 22:36:34,870 | DEBUG | step 492 epoch 1 loss 0.2603 step_s 0.0209 peak_mem_gb 0.170
2026-10-01 22:36:34,896 | DEBUG | step 493 epoch 1 loss 0.2492 step_s 0.0252 peak_mem_gb 0.170
2026-10-01 22:36:34,917 | DEBUG | step 494 epoch 1 loss 0.3425 step_s 0.0199 peak_mem_gb 0.170
2026-10-01 22:36:34,944 | DEBUG | step 495 epoch 1 loss 0.2009 step_s 0.0268 peak_mem_gb 0.170
2026-10-01 22:36:34,970 | DEBUG | step 496 epoch 1 loss 0.3107 step_s 0.0244 peak_mem_gb 0.170
2026-10-01 22:36:34,994 | DEBUG | step 497 epoch 1 loss 0.2164 step_s 0.0232 peak_mem_gb 0.170
2026-10-01 22:36:35,019 | DEBUG | step 498 epoch 1 loss 0.2694 step_s 0.0240 peak_mem_gb 0.170
2026-10-01 22:36:35,043 | DEBUG | step 499 epoch 1 loss 0.1856 step_s 0.0228 peak_mem_gb 0.170
2026-10-01 22:36:35,069 | DEBUG | step 500 epoch 1 loss 0.2814 step_s 0.0251 peak_mem_gb 0.170
2026-10-01 22:36:35,094 | DEBUG | step 501 epoch 1 loss 0.2762 step_s 0.0243 peak_mem_gb 0.170
2026-10-01 22:36:35,118 | DEBUG | step 502 epoch 1 loss 0.2329 step_s 0.0229 peak_mem_gb 0.170
2026-10-01 22:36:35,143 | DEBUG | step 503 epoch 1 loss 0.2372 step_s 0.0239 peak_mem_gb 0.170
2026-10-01 22:36:35,168 | DEBUG | step 504 epoch 1 loss 0.2586 step_s 0.0239 peak_mem_gb 0.170
2026-10-01 22:36:35,193 | DEBUG | step 505 epoch 1 loss 0.1546 step_s 0.0239 peak_mem_gb 0.170
2026-10-01 22:36:35,216 | DEBUG | step 506 epoch 1 loss 0.2810 step_s 0.0221 peak_mem_gb 0.170
2026-10-01 22:36:35,242 | DEBUG | step 507 epoch 1 loss 0.3001 step_s 0.0256 peak_mem_gb 0.170
2026-10-01 22:36:35,268 | DEBUG | step 508 epoch 1 loss 0.2468 step_s 0.0242 peak_mem_gb 0.170
2026-10-01 22:36:35,290 | DEBUG | step 509 epoch 1 loss 0.2092 step_s 0.0216 peak_mem_gb 0.170
2026-10-01 22:36:35,314 | DEBUG | step 510 epoch 1 loss 0.2734 step_s 0.0230 peak_mem_gb 0.170
2026-10-01 22:36:35,339 | DEBUG | step 511 epoch 1 loss 0.3529 step_s 0.0241 peak_mem_gb 0.170
2026-10-01 22:36:35,363 | DEBUG | step 512 epoch 1 loss 0.2649 step_s 0.0228 peak_mem_gb 0.170
2026-10-01 22:36:35,389 | DEBUG | step 513 epoch 1 loss 0.2896 step_s 0.0248 peak_mem_gb 0.170
2026-10-01 22:36:35,415 | DEBUG | step 514 epoch 1 loss 0.2414 step_s 0.0259 peak_mem_gb 0.170
2026-10-01 22:36:35,439 | DEBUG | step 515 epoch 1 loss 0.3200 step_s 0.0229 peak_mem_gb 0.170
2026-10-01 22:36:35,463 | DEBUG | step 516 epoch 1 loss 0.2198 step_s 0.0223 peak_mem_gb 0.170
2026-10-01 22:36:35,486 | DEBUG | step 517 epoch 1 loss 0.2071 step_s 0.0225 peak_mem_gb 0.170
2026-10-01 22:36:35,512 | DEBUG | step 518 epoch 1 loss 0.1749 step_s 0.0255 peak_mem_gb 0.170
2026-10-01 22:36:35,538 | DEBUG | step 519 epoch 1 loss 0.2038 step_s 0.0252 peak_mem_gb 0.170
2026-10-01 22:36:35,564 | DEBUG | step 520 epoch 1 loss 0.4332 step_s 0.0245 peak_mem_gb 0.170
2026-10-01 22:36:35,585 | DEBUG | step 521 epoch 1 loss 0.2031 step_s 0.0203 peak_mem_gb 0.170
2026-10-01 22:36:35,610 | DEBUG | step 522 epoch 1 loss 0.2956 step_s 0.0239 peak_mem_gb 0.170
2026-10-01 22:36:35,635 | DEBUG | step 523 epoch 1 loss 0.1398 step_s 0.0234 peak_mem_gb 0.170
2026-10-01 22:36:35,656 | DEBUG | step 524 epoch 1 loss 0.2007 step_s 0.0201 peak_mem_gb 0.170
2026-10-01 22:36:35,679 | DEBUG | step 525 epoch 1 loss 0.3865 step_s 0.0223 peak_mem_gb 0.170
2026-10-01 22:36:35,705 | DEBUG | step 526 epoch 1 loss 0.2663 step_s 0.0255 peak_mem_gb 0.170
2026-10-01 22:36:35,735 | DEBUG | step 527 epoch 1 loss 0.1464 step_s 0.0275 peak_mem_gb 0.170
2026-10-01 22:36:35,766 | DEBUG | step 528 epoch 1 loss 0.2150 step_s 0.0300 peak_mem_gb 0.170
2026-10-01 22:36:35,796 | DEBUG | step 529 epoch 1 loss 0.1669 step_s 0.0289 peak_mem_gb 0.170
2026-10-01 22:36:35,824 | DEBUG | step 530 epoch 1 loss 0.3050 step_s 0.0265 peak_mem_gb 0.170
2026-10-01 22:36:35,851 | DEBUG | step 531 epoch 1 loss 0.2746 step_s 0.0259 peak_mem_gb 0.170
2026-10-01 22:36:35,877 | DEBUG | step 532 epoch 1 loss 0.2489 step_s 0.0250 peak_mem_gb 0.170
2026-10-01 22:36:35,901 | DEBUG | step 533 epoch 1 loss 0.1035 step_s 0.0236 peak_mem_gb 0.170
2026-10-01 22:36:35,927 | DEBUG | step 534 epoch 1 loss 0.1128 step_s 0.0244 peak_mem_gb 0.170
2026-10-01 22:36:35,951 | DEBUG | step 535 epoch 1 loss 0.3352 step_s 0.0229 peak_mem_gb 0.170
2026-10-01 22:36:35,975 | DEBUG | step 536 epoch 1 loss 0.2868 step_s 0.0233 peak_mem_gb 0.170
2026-10-01 22:36:36,000 | DEBUG | step 537 epoch 1 loss 0.3746 step_s 0.0245 peak_mem_gb 0.170
2026-10-01 22:36:36,022 | DEBUG | step 538 epoch 1 loss 0.2767 step_s 0.0210 peak_mem_gb 0.170
2026-10-01 22:36:36,048 | DEBUG | step 539 epoch 1 loss 0.3888 step_s 0.0242 peak_mem_gb 0.170
2026-10-01 22:36:36,074 | DEBUG | step 540 epoch 1 loss 0.2620 step_s 0.0250 peak_mem_gb 0.170
2026-10-01 22:36:36,100 | DEBUG | step 541 epoch 1 loss 0.2116 step_s 0.0253 peak_mem_gb 0.170
2026-10-01 22:36:36,124 | DEBUG | step 542 epoch 1 loss 0.1805 step_s 0.0231 peak_mem_gb 0.170
2026-10-01 22:36:36,149 | DEBUG | step 543 epoch 1 loss 0.2849 step_s 0.0240 peak_mem_gb 0.170
2026-10-01 22:36:36,176 | DEBUG | step 544 epoch 1 loss 0.3951 step_s 0.0263 peak_mem_gb 0.170
2026-10-01 22:36:36,196 | DEBUG | step 545 epoch 1 loss 0.1698 step_s 0.0185 peak_mem_gb 0.170
2026-10-01 22:36:36,221 | DEBUG | step 546 epoch 1 loss 0.3793 step_s 0.0240 peak_mem_gb 0.170
2026-10-01 22:36:36,246 | DEBUG | step 547 epoch 1 loss 0.2725 step_s 0.0237 peak_mem_gb 0.170
2026-10-01 22:36:36,271 | DEBUG | step 548 epoch 1 loss 0.1790 step_s 0.0238 peak_mem_gb 0.170
2026-10-01 22:36:36,294 | DEBUG | step 549 epoch 1 loss 0.3334 step_s 0.0219 peak_mem_gb 0.170
2026-10-01 22:36:36,320 | DEBUG | step 550 epoch 1 loss 0.3169 step_s 0.0249 peak_mem_gb 0.170
2026-10-01 22:36:36,344 | DEBUG | step 551 epoch 1 loss 0.1963 step_s 0.0238 peak_mem_gb 0.170
2026-10-01 22:36:36,368 | DEBUG | step 552 epoch 1 loss 0.2795 step_s 0.0233 peak_mem_gb 0.170
2026-10-01 22:36:36,393 | DEBUG | step 553 epoch 1 loss 0.3211 step_s 0.0232 peak_mem_gb 0.170
2026-10-01 22:36:36,417 | DEBUG | step 554 epoch 1 loss 0.2856 step_s 0.0237 peak_mem_gb 0.170
2026-10-01 22:36:36,438 | DEBUG | step 555 epoch 1 loss 0.2999 step_s 0.0199 peak_mem_gb 0.170
2026-10-01 22:36:36,464 | DEBUG | step 556 epoch 1 loss 0.3978 step_s 0.0250 peak_mem_gb 0.170
2026-10-01 22:36:36,489 | DEBUG | step 557 epoch 1 loss 0.1938 step_s 0.0239 peak_mem_gb 0.170
2026-10-01 22:36:36,511 | DEBUG | step 558 epoch 1 loss 0.3148 step_s 0.0217 peak_mem_gb 0.170
2026-10-01 22:36:36,536 | DEBUG | step 559 epoch 1 loss 0.3619 step_s 0.0236 peak_mem_gb 0.170
2026-10-01 22:36:36,556 | DEBUG | step 560 epoch 1 loss 0.1969 step_s 0.0193 peak_mem_gb 0.170
2026-10-01 22:36:36,576 | DEBUG | step 561 epoch 1 loss 0.2433 step_s 0.0188 peak_mem_gb 0.170
2026-10-01 22:36:36,598 | DEBUG | step 562 epoch 1 loss 0.3413 step_s 0.0220 peak_mem_gb 0.170
2026-10-01 22:36:36,623 | DEBUG | step 563 epoch 1 loss 0.2788 step_s 0.0234 peak_mem_gb 0.170
2026-10-01 22:36:36,643 | DEBUG | step 564 epoch 1 loss 0.1481 step_s 0.0190 peak_mem_gb 0.170
2026-10-01 22:36:36,665 | DEBUG | step 565 epoch 1 loss 0.2415 step_s 0.0217 peak_mem_gb 0.170
2026-10-01 22:36:36,687 | DEBUG | step 566 epoch 1 loss 0.2583 step_s 0.0205 peak_mem_gb 0.170
2026-10-01 22:36:36,711 | DEBUG | step 567 epoch 1 loss 0.2281 step_s 0.0234 peak_mem_gb 0.170
2026-10-01 22:36:36,735 | DEBUG | step 568 epoch 1 loss 0.2362 step_s 0.0235 peak_mem_gb 0.170
2026-10-01 22:36:36,760 | DEBUG | step 569 epoch 1 loss 0.3457 step_s 0.0240 peak_mem_gb 0.170
2026-10-01 22:36:36,786 | DEBUG | step 570 epoch 1 loss 0.2777 step_s 0.0246 peak_mem_gb 0.170
2026-10-01 22:36:36,815 | DEBUG | step 571 epoch 1 loss 0.4158 step_s 0.0278 peak_mem_gb 0.170
2026-10-01 22:36:36,841 | DEBUG | step 572 epoch 1 loss 0.3102 step_s 0.0249 peak_mem_gb 0.170
2026-10-01 22:36:36,866 | DEBUG | step 573 epoch 1 loss 0.2644 step_s 0.0240 peak_mem_gb 0.170
2026-10-01 22:36:36,888 | DEBUG | step 574 epoch 1 loss 0.2992 step_s 0.0207 peak_mem_gb 0.170
2026-10-01 22:36:36,914 | DEBUG | step 575 epoch 1 loss 0.2314 step_s 0.0250 peak_mem_gb 0.170
2026-10-01 22:36:36,938 | DEBUG | step 576 epoch 1 loss 0.2478 step_s 0.0237 peak_mem_gb 0.170
2026-10-01 22:36:36,965 | DEBUG | step 577 epoch 1 loss 0.3042 step_s 0.0257 peak_mem_gb 0.170
2026-10-01 22:36:36,993 | DEBUG | step 578 epoch 1 loss 0.1548 step_s 0.0265 peak_mem_gb 0.170
2026-10-01 22:36:37,017 | DEBUG | step 579 epoch 1 loss 0.2423 step_s 0.0237 peak_mem_gb 0.170
2026-10-01 22:36:37,042 | DEBUG | step 580 epoch 1 loss 0.2989 step_s 0.0237 peak_mem_gb 0.170
2026-10-01 22:36:37,065 | DEBUG | step 581 epoch 1 loss 0.2565 step_s 0.0220 peak_mem_gb 0.170
2026-10-01 22:36:37,090 | DEBUG | step 582 epoch 1 loss 0.2236 step_s 0.0237 peak_mem_gb 0.170
2026-10-01 22:36:37,114 | DEBUG | step 583 epoch 1 loss 0.2306 step_s 0.0231 peak_mem_gb 0.170
2026-10-01 22:36:37,140 | DEBUG | step 584 epoch 1 loss 0.2093 step_s 0.0251 peak_mem_gb 0.170
2026-10-01 22:36:37,167 | DEBUG | step 585 epoch 1 loss 0.4041 step_s 0.0257 peak_mem_gb 0.170
2026-10-01 22:36:37,192 | DEBUG | step 586 epoch 1 loss 0.2536 step_s 0.0246 peak_mem_gb 0.170
2026-10-01 22:36:37,218 | DEBUG | step 587 epoch 1 loss 0.2905 step_s 0.0244 peak_mem_gb 0.170
2026-10-01 22:36:37,242 | DEBUG | step 588 epoch 1 loss 0.3294 step_s 0.0233 peak_mem_gb 0.170
2026-10-01 22:36:37,268 | DEBUG | step 589 epoch 1 loss 0.2765 step_s 0.0252 peak_mem_gb 0.170
2026-10-01 22:36:37,291 | DEBUG | step 590 epoch 1 loss 0.2736 step_s 0.0222 peak_mem_gb 0.170
2026-10-01 22:36:37,314 | DEBUG | step 591 epoch 1 loss 0.2921 step_s 0.0219 peak_mem_gb 0.170
2026-10-01 22:36:37,339 | DEBUG | step 592 epoch 1 loss 0.2953 step_s 0.0239 peak_mem_gb 0.170
2026-10-01 22:36:37,363 | DEBUG | step 593 epoch 1 loss 0.3162 step_s 0.0235 peak_mem_gb 0.170
2026-10-01 22:36:37,388 | DEBUG | step 594 epoch 1 loss 0.3069 step_s 0.0236 peak_mem_gb 0.170
2026-10-01 22:36:37,413 | DEBUG | step 595 epoch 1 loss 0.1702 step_s 0.0244 peak_mem_gb 0.170
2026-10-01 22:36:37,438 | DEBUG | step 596 epoch 1 loss 0.1953 step_s 0.0240 peak_mem_gb 0.170
2026-10-01 22:36:37,462 | DEBUG | step 597 epoch 1 loss 0.3011 step_s 0.0234 peak_mem_gb 0.170
2026-10-01 22:36:37,487 | DEBUG | step 598 epoch 1 loss 0.2470 step_s 0.0234 peak_mem_gb 0.170
2026-10-01 22:36:37,511 | DEBUG | step 599 epoch 1 loss 0.2576 step_s 0.0241 peak_mem_gb 0.170
2026-10-01 22:36:37,533 | INFO | step 600 epoch 1 loss 0.1707 step_s 0.0208 peak_mem_gb 0.170
2026-10-01 22:36:37,559 | DEBUG | step 601 epoch 1 loss 0.2279 step_s 0.0246 peak_mem_gb 0.170
2026-10-01 22:36:37,583 | DEBUG | step 602 epoch 1 loss 0.2120 step_s 0.0221 peak_mem_gb 0.170
2026-10-01 22:36:37,608 | DEBUG | step 603 epoch 1 loss 0.2475 step_s 0.0244 peak_mem_gb 0.170
2026-10-01 22:36:37,630 | DEBUG | step 604 epoch 1 loss 0.2286 step_s 0.0212 peak_mem_gb 0.170
2026-10-01 22:36:37,655 | DEBUG | step 605 epoch 1 loss 0.2417 step_s 0.0237 peak_mem_gb 0.170
2026-10-01 22:36:37,680 | DEBUG | step 606 epoch 1 loss 0.1947 step_s 0.0244 peak_mem_gb 0.170
2026-10-01 22:36:37,703 | DEBUG | step 607 epoch 1 loss 0.3038 step_s 0.0226 peak_mem_gb 0.170
2026-10-01 22:36:37,727 | DEBUG | step 608 epoch 1 loss 0.2664 step_s 0.0230 peak_mem_gb 0.170
2026-10-01 22:36:37,752 | DEBUG | step 609 epoch 1 loss 0.3129 step_s 0.0236 peak_mem_gb 0.170
2026-10-01 22:36:37,777 | DEBUG | step 610 epoch 1 loss 0.2655 step_s 0.0241 peak_mem_gb 0.170
2026-10-01 22:36:37,805 | DEBUG | step 611 epoch 1 loss 0.3179 step_s 0.0266 peak_mem_gb 0.170
2026-10-01 22:36:37,832 | DEBUG | step 612 epoch 1 loss 0.2056 step_s 0.0263 peak_mem_gb 0.170
2026-10-01 22:36:37,862 | DEBUG | step 613 epoch 1 loss 0.3843 step_s 0.0287 peak_mem_gb 0.170
2026-10-01 22:36:37,890 | DEBUG | step 614 epoch 1 loss 0.1969 step_s 0.0265 peak_mem_gb 0.170
2026-10-01 22:36:37,916 | DEBUG | step 615 epoch 1 loss 0.2571 step_s 0.0245 peak_mem_gb 0.170
2026-10-01 22:36:37,941 | DEBUG | step 616 epoch 1 loss 0.2352 step_s 0.0248 peak_mem_gb 0.170
2026-10-01 22:36:37,966 | DEBUG | step 617 epoch 1 loss 0.3011 step_s 0.0240 peak_mem_gb 0.170
2026-10-01 22:36:37,989 | DEBUG | step 618 epoch 1 loss 0.2204 step_s 0.0216 peak_mem_gb 0.170
2026-10-01 22:36:38,014 | DEBUG | step 619 epoch 1 loss 0.1692 step_s 0.0240 peak_mem_gb 0.170
2026-10-01 22:36:38,038 | DEBUG | step 620 epoch 1 loss 0.1339 step_s 0.0231 peak_mem_gb 0.170
2026-10-01 22:36:38,061 | DEBUG | step 621 epoch 1 loss 0.3430 step_s 0.0222 peak_mem_gb 0.170
2026-10-01 22:36:38,085 | DEBUG | step 622 epoch 1 loss 0.3049 step_s 0.0235 peak_mem_gb 0.170
2026-10-01 22:36:38,112 | DEBUG | step 623 epoch 1 loss 0.2984 step_s 0.0250 peak_mem_gb 0.170
2026-10-01 22:36:38,138 | DEBUG | step 624 epoch 1 loss 0.1558 step_s 0.0252 peak_mem_gb 0.170
2026-10-01 22:36:38,165 | DEBUG | step 625 epoch 1 loss 0.1640 step_s 0.0254 peak_mem_gb 0.170
2026-10-01 22:36:38,190 | DEBUG | step 626 epoch 1 loss 0.1609 step_s 0.0245 peak_mem_gb 0.170
2026-10-01 22:36:38,218 | DEBUG | step 627 epoch 1 loss 0.2322 step_s 0.0266 peak_mem_gb 0.170
2026-10-01 22:36:38,243 | DEBUG | step 628 epoch 1 loss 0.1505 step_s 0.0237 peak_mem_gb 0.170
2026-10-01 22:36:38,268 | DEBUG | step 629 epoch 1 loss 0.2383 step_s 0.0241 peak_mem_gb 0.170
2026-10-01 22:36:38,292 | DEBUG | step 630 epoch 1 loss 0.2969 step_s 0.0232 peak_mem_gb 0.170
2026-10-01 22:36:38,316 | DEBUG | step 631 epoch 1 loss 0.2736 step_s 0.0234 peak_mem_gb 0.170
2026-10-01 22:36:38,340 | DEBUG | step 632 epoch 1 loss 0.1692 step_s 0.0234 peak_mem_gb 0.170
2026-10-01 22:36:38,365 | DEBUG | step 633 epoch 1 loss 0.2266 step_s 0.0236 peak_mem_gb 0.170
2026-10-01 22:36:38,391 | DEBUG | step 634 epoch 1 loss 0.2376 step_s 0.0256 peak_mem_gb 0.170
2026-10-01 22:36:38,408 | DEBUG | step 635 epoch 1 loss 0.1773 step_s 0.0156 peak_mem_gb 0.170
2026-10-01 22:36:38,426 | DEBUG | step 636 epoch 1 loss 0.2783 step_s 0.0168 peak_mem_gb 0.170
2026-10-01 22:36:38,450 | DEBUG | step 637 epoch 1 loss 0.2866 step_s 0.0233 peak_mem_gb 0.170
2026-10-01 22:36:38,474 | DEBUG | step 638 epoch 1 loss 0.2243 step_s 0.0231 peak_mem_gb 0.170
2026-10-01 22:36:38,494 | DEBUG | step 639 epoch 1 loss 0.2875 step_s 0.0193 peak_mem_gb 0.170
2026-10-01 22:36:38,518 | DEBUG | step 640 epoch 1 loss 0.2205 step_s 0.0236 peak_mem_gb 0.170
2026-10-01 22:36:38,543 | DEBUG | step 641 epoch 1 loss 0.2273 step_s 0.0236 peak_mem_gb 0.170
2026-10-01 22:36:38,569 | DEBUG | step 642 epoch 1 loss 0.3315 step_s 0.0244 peak_mem_gb 0.170
2026-10-01 22:36:38,593 | DEBUG | step 643 epoch 1 loss 0.2916 step_s 0.0240 peak_mem_gb 0.170
2026-10-01 22:36:38,617 | DEBUG | step 644 epoch 1 loss 0.3427 step_s 0.0223 peak_mem_gb 0.170
2026-10-01 22:36:38,636 | DEBUG | step 645 epoch 1 loss 0.2028 step_s 0.0188 peak_mem_gb 0.170
2026-10-01 22:36:38,661 | DEBUG | step 646 epoch 1 loss 0.2198 step_s 0.0236 peak_mem_gb 0.170
2026-10-01 22:36:38,686 | DEBUG | step 647 epoch 1 loss 0.2042 step_s 0.0244 peak_mem_gb 0.170
2026-10-01 22:36:38,710 | DEBUG | step 648 epoch 1 loss 0.3191 step_s 0.0235 peak_mem_gb 0.170
2026-10-01 22:36:38,733 | DEBUG | step 649 epoch 1 loss 0.2979 step_s 0.0213 peak_mem_gb 0.170
2026-10-01 22:36:38,757 | DEBUG | step 650 epoch 1 loss 0.2632 step_s 0.0234 peak_mem_gb 0.170
2026-10-01 22:36:38,781 | DEBUG | step 651 epoch 1 loss 0.3355 step_s 0.0231 peak_mem_gb 0.170
2026-10-01 22:36:38,806 | DEBUG | step 652 epoch 1 loss 0.2552 step_s 0.0243 peak_mem_gb 0.170
2026-10-01 22:36:38,831 | DEBUG | step 653 epoch 1 loss 0.2228 step_s 0.0239 peak_mem_gb 0.170
2026-10-01 22:36:38,855 | DEBUG | step 654 epoch 1 loss 0.1863 step_s 0.0236 peak_mem_gb 0.170
2026-10-01 22:36:38,882 | DEBUG | step 655 epoch 1 loss 0.2411 step_s 0.0261 peak_mem_gb 0.170
2026-10-01 22:36:38,905 | DEBUG | step 656 epoch 1 loss 0.1161 step_s 0.0212 peak_mem_gb 0.170
2026-10-01 22:36:38,930 | DEBUG | step 657 epoch 1 loss 0.1566 step_s 0.0245 peak_mem_gb 0.170
2026-10-01 22:36:38,954 | DEBUG | step 658 epoch 1 loss 0.2694 step_s 0.0232 peak_mem_gb 0.170
2026-10-01 22:36:38,978 | DEBUG | step 659 epoch 1 loss 0.1982 step_s 0.0225 peak_mem_gb 0.170
2026-10-01 22:36:39,000 | DEBUG | step 660 epoch 1 loss 0.3471 step_s 0.0213 peak_mem_gb 0.170
2026-10-01 22:36:39,024 | DEBUG | step 661 epoch 1 loss 0.2667 step_s 0.0223 peak_mem_gb 0.170
2026-10-01 22:36:39,048 | DEBUG | step 662 epoch 1 loss 0.2516 step_s 0.0237 peak_mem_gb 0.170
2026-10-01 22:36:39,075 | DEBUG | step 663 epoch 1 loss 0.2225 step_s 0.0252 peak_mem_gb 0.170
2026-10-01 22:36:39,099 | DEBUG | step 664 epoch 1 loss 0.2770 step_s 0.0239 peak_mem_gb 0.170
2026-10-01 22:36:39,122 | DEBUG | step 665 epoch 1 loss 0.3820 step_s 0.0221 peak_mem_gb 0.170
2026-10-01 22:36:39,147 | DEBUG | step 666 epoch 1 loss 0.2621 step_s 0.0234 peak_mem_gb 0.170
2026-10-01 22:36:39,171 | DEBUG | step 667 epoch 1 loss 0.2700 step_s 0.0229 peak_mem_gb 0.170
2026-10-01 22:36:39,191 | DEBUG | step 668 epoch 1 loss 0.2279 step_s 0.0197 peak_mem_gb 0.170
2026-10-01 22:36:39,212 | DEBUG | step 669 epoch 1 loss 0.2468 step_s 0.0199 peak_mem_gb 0.170
2026-10-01 22:36:39,238 | DEBUG | step 670 epoch 1 loss 0.3362 step_s 0.0251 peak_mem_gb 0.170
2026-10-01 22:36:39,263 | DEBUG | step 671 epoch 1 loss 0.3190 step_s 0.0240 peak_mem_gb 0.170
2026-10-01 22:36:39,289 | DEBUG | step 672 epoch 1 loss 0.2368 step_s 0.0249 peak_mem_gb 0.170
2026-10-01 22:36:39,313 | DEBUG | step 673 epoch 1 loss 0.1989 step_s 0.0227 peak_mem_gb 0.170
2026-10-01 22:36:39,337 | DEBUG | step 674 epoch 1 loss 0.2608 step_s 0.0236 peak_mem_gb 0.170
2026-10-01 22:36:39,362 | DEBUG | step 675 epoch 1 loss 0.2808 step_s 0.0244 peak_mem_gb 0.170
2026-10-01 22:36:39,387 | DEBUG | step 676 epoch 1 loss 0.3960 step_s 0.0241 peak_mem_gb 0.170
2026-10-01 22:36:39,410 | DEBUG | step 677 epoch 1 loss 0.2186 step_s 0.0219 peak_mem_gb 0.170
2026-10-01 22:36:39,435 | DEBUG | step 678 epoch 1 loss 0.2078 step_s 0.0235 peak_mem_gb 0.170
2026-10-01 22:36:39,459 | DEBUG | step 679 epoch 1 loss 0.2479 step_s 0.0238 peak_mem_gb 0.170
2026-10-01 22:36:39,484 | DEBUG | step 680 epoch 1 loss 0.3144 step_s 0.0232 peak_mem_gb 0.170
2026-10-01 22:36:39,508 | DEBUG | step 681 epoch 1 loss 0.2168 step_s 0.0232 peak_mem_gb 0.170
2026-10-01 22:36:39,532 | DEBUG | step 682 epoch 1 loss 0.4764 step_s 0.0234 peak_mem_gb 0.170
2026-10-01 22:36:39,556 | DEBUG | step 683 epoch 1 loss 0.2033 step_s 0.0228 peak_mem_gb 0.170
2026-10-01 22:36:39,583 | DEBUG | step 684 epoch 1 loss 0.1952 step_s 0.0267 peak_mem_gb 0.170
2026-10-01 22:36:39,608 | DEBUG | step 685 epoch 1 loss 0.2468 step_s 0.0236 peak_mem_gb 0.170
2026-10-01 22:36:39,632 | DEBUG | step 686 epoch 1 loss 0.2064 step_s 0.0228 peak_mem_gb 0.170
2026-10-01 22:36:39,656 | DEBUG | step 687 epoch 1 loss 0.1941 step_s 0.0232 peak_mem_gb 0.170
2026-10-01 22:36:39,679 | DEBUG | step 688 epoch 1 loss 0.1183 step_s 0.0229 peak_mem_gb 0.170
2026-10-01 22:36:39,703 | DEBUG | step 689 epoch 1 loss 0.2994 step_s 0.0227 peak_mem_gb 0.170
2026-10-01 22:36:39,726 | DEBUG | step 690 epoch 1 loss 0.2690 step_s 0.0228 peak_mem_gb 0.170
2026-10-01 22:36:39,751 | DEBUG | step 691 epoch 1 loss 0.2592 step_s 0.0242 peak_mem_gb 0.170
2026-10-01 22:36:39,776 | DEBUG | step 692 epoch 1 loss 0.3654 step_s 0.0236 peak_mem_gb 0.170
2026-10-01 22:36:39,800 | DEBUG | step 693 epoch 1 loss 0.2695 step_s 0.0236 peak_mem_gb 0.170
2026-10-01 22:36:39,825 | DEBUG | step 694 epoch 1 loss 0.1493 step_s 0.0237 peak_mem_gb 0.170
2026-10-01 22:36:39,849 | DEBUG | step 695 epoch 1 loss 0.2925 step_s 0.0233 peak_mem_gb 0.170
2026-10-01 22:36:39,873 | DEBUG | step 696 epoch 1 loss 0.2202 step_s 0.0228 peak_mem_gb 0.170
2026-10-01 22:36:39,899 | DEBUG | step 697 epoch 1 loss 0.2111 step_s 0.0252 peak_mem_gb 0.170
2026-10-01 22:36:39,922 | DEBUG | step 698 epoch 1 loss 0.2021 step_s 0.0219 peak_mem_gb 0.170
2026-10-01 22:36:39,947 | DEBUG | step 699 epoch 1 loss 0.3863 step_s 0.0239 peak_mem_gb 0.170
2026-10-01 22:36:39,972 | DEBUG | step 700 epoch 1 loss 0.2487 step_s 0.0237 peak_mem_gb 0.170
2026-10-01 22:36:39,998 | DEBUG | step 701 epoch 1 loss 0.2180 step_s 0.0248 peak_mem_gb 0.170
2026-10-01 22:36:40,020 | DEBUG | step 702 epoch 1 loss 0.2290 step_s 0.0208 peak_mem_gb 0.170
2026-10-01 22:36:40,041 | DEBUG | step 703 epoch 1 loss 0.3546 step_s 0.0205 peak_mem_gb 0.170
2026-10-01 22:36:40,063 | DEBUG | step 704 epoch 1 loss 0.2020 step_s 0.0210 peak_mem_gb 0.170
2026-10-01 22:36:40,090 | DEBUG | step 705 epoch 1 loss 0.1214 step_s 0.0257 peak_mem_gb 0.170
2026-10-01 22:36:40,116 | DEBUG | step 706 epoch 1 loss 0.2460 step_s 0.0252 peak_mem_gb 0.170
2026-10-01 22:36:40,145 | DEBUG | step 707 epoch 1 loss 0.2800 step_s 0.0280 peak_mem_gb 0.170
2026-10-01 22:36:40,171 | DEBUG | step 708 epoch 1 loss 0.2394 step_s 0.0243 peak_mem_gb 0.170
2026-10-01 22:36:40,194 | DEBUG | step 709 epoch 1 loss 0.1949 step_s 0.0226 peak_mem_gb 0.170
2026-10-01 22:36:40,216 | DEBUG | step 710 epoch 1 loss 0.2485 step_s 0.0202 peak_mem_gb 0.170
2026-10-01 22:36:40,241 | DEBUG | step 711 epoch 1 loss 0.3075 step_s 0.0242 peak_mem_gb 0.170
2026-10-01 22:36:40,269 | DEBUG | step 712 epoch 1 loss 0.3319 step_s 0.0266 peak_mem_gb 0.170
2026-10-01 22:36:40,295 | DEBUG | step 713 epoch 1 loss 0.2556 step_s 0.0245 peak_mem_gb 0.170
2026-10-01 22:36:40,320 | DEBUG | step 714 epoch 1 loss 0.1972 step_s 0.0238 peak_mem_gb 0.170
2026-10-01 22:36:40,342 | DEBUG | step 715 epoch 1 loss 0.2425 step_s 0.0212 peak_mem_gb 0.170
2026-10-01 22:36:40,367 | DEBUG | step 716 epoch 1 loss 0.1411 step_s 0.0244 peak_mem_gb 0.170
2026-10-01 22:36:40,390 | DEBUG | step 717 epoch 1 loss 0.2422 step_s 0.0224 peak_mem_gb 0.170
2026-10-01 22:36:40,415 | DEBUG | step 718 epoch 1 loss 0.1881 step_s 0.0229 peak_mem_gb 0.170
2026-10-01 22:36:40,442 | DEBUG | step 719 epoch 1 loss 0.1914 step_s 0.0260 peak_mem_gb 0.170
2026-10-01 22:36:40,466 | DEBUG | step 720 epoch 1 loss 0.3080 step_s 0.0237 peak_mem_gb 0.170
2026-10-01 22:36:40,490 | DEBUG | step 721 epoch 1 loss 0.2430 step_s 0.0234 peak_mem_gb 0.170
2026-10-01 22:36:40,515 | DEBUG | step 722 epoch 1 loss 0.2080 step_s 0.0238 peak_mem_gb 0.170
2026-10-01 22:36:40,540 | DEBUG | step 723 epoch 1 loss 0.2158 step_s 0.0235 peak_mem_gb 0.170
2026-10-01 22:36:40,564 | DEBUG | step 724 epoch 1 loss 0.1677 step_s 0.0239 peak_mem_gb 0.170
2026-10-01 22:36:40,589 | DEBUG | step 725 epoch 1 loss 0.2758 step_s 0.0235 peak_mem_gb 0.170
2026-10-01 22:36:40,614 | DEBUG | step 726 epoch 1 loss 0.2505 step_s 0.0245 peak_mem_gb 0.170
2026-10-01 22:36:40,635 | DEBUG | step 727 epoch 1 loss 0.1398 step_s 0.0196 peak_mem_gb 0.170
2026-10-01 22:36:40,658 | DEBUG | step 728 epoch 1 loss 0.2689 step_s 0.0227 peak_mem_gb 0.170
2026-10-01 22:36:40,682 | DEBUG | step 729 epoch 1 loss 0.1641 step_s 0.0230 peak_mem_gb 0.170
2026-10-01 22:36:40,706 | DEBUG | step 730 epoch 1 loss 0.1601 step_s 0.0233 peak_mem_gb 0.170
2026-10-01 22:36:40,729 | DEBUG | step 731 epoch 1 loss 0.2185 step_s 0.0225 peak_mem_gb 0.170
2026-10-01 22:36:40,751 | DEBUG | step 732 epoch 1 loss 0.3411 step_s 0.0211 peak_mem_gb 0.170
2026-10-01 22:36:40,775 | DEBUG | step 733 epoch 1 loss 0.1433 step_s 0.0228 peak_mem_gb 0.170
2026-10-01 22:36:40,799 | DEBUG | step 734 epoch 1 loss 0.3289 step_s 0.0234 peak_mem_gb 0.170
2026-10-01 22:36:40,825 | DEBUG | step 735 epoch 1 loss 0.3374 step_s 0.0242 peak_mem_gb 0.170
2026-10-01 22:36:40,849 | DEBUG | step 736 epoch 1 loss 0.2237 step_s 0.0238 peak_mem_gb 0.170
2026-10-01 22:36:40,873 | DEBUG | step 737 epoch 1 loss 0.2082 step_s 0.0226 peak_mem_gb 0.170
2026-10-01 22:36:40,898 | DEBUG | step 738 epoch 1 loss 0.1473 step_s 0.0243 peak_mem_gb 0.170
2026-10-01 22:36:40,923 | DEBUG | step 739 epoch 1 loss 0.3533 step_s 0.0243 peak_mem_gb 0.170
2026-10-01 22:36:40,950 | DEBUG | step 740 epoch 1 loss 0.1537 step_s 0.0253 peak_mem_gb 0.170
2026-10-01 22:36:40,973 | DEBUG | step 741 epoch 1 loss 0.2242 step_s 0.0225 peak_mem_gb 0.170
2026-10-01 22:36:40,999 | DEBUG | step 742 epoch 1 loss 0.2841 step_s 0.0254 peak_mem_gb 0.170
2026-10-01 22:36:41,025 | DEBUG | step 743 epoch 1 loss 0.2778 step_s 0.0245 peak_mem_gb 0.170
2026-10-01 22:36:41,050 | DEBUG | step 744 epoch 1 loss 0.2215 step_s 0.0240 peak_mem_gb 0.170
2026-10-01 22:36:41,075 | DEBUG | step 745 epoch 1 loss 0.2336 step_s 0.0237 peak_mem_gb 0.170
2026-10-01 22:36:41,099 | DEBUG | step 746 epoch 1 loss 0.2347 step_s 0.0237 peak_mem_gb 0.170
2026-10-01 22:36:41,126 | DEBUG | step 747 epoch 1 loss 0.2093 step_s 0.0261 peak_mem_gb 0.170
2026-10-01 22:36:41,152 | DEBUG | step 748 epoch 1 loss 0.2551 step_s 0.0248 peak_mem_gb 0.170
2026-10-01 22:36:41,177 | DEBUG | step 749 epoch 1 loss 0.2892 step_s 0.0241 peak_mem_gb 0.170
2026-10-01 22:36:41,201 | DEBUG | step 750 epoch 1 loss 0.2642 step_s 0.0236 peak_mem_gb 0.170
2026-10-01 22:36:41,222 | DEBUG | step 751 epoch 1 loss 0.1208 step_s 0.0195 peak_mem_gb 0.170
2026-10-01 22:36:41,246 | DEBUG | step 752 epoch 1 loss 0.4902 step_s 0.0234 peak_mem_gb 0.170
2026-10-01 22:36:41,271 | DEBUG | step 753 epoch 1 loss 0.2467 step_s 0.0239 peak_mem_gb 0.170
2026-10-01 22:36:41,296 | DEBUG | step 754 epoch 1 loss 0.1835 step_s 0.0236 peak_mem_gb 0.170
2026-10-01 22:36:41,319 | DEBUG | step 755 epoch 1 loss 0.1691 step_s 0.0226 peak_mem_gb 0.170
2026-10-01 22:36:41,340 | DEBUG | step 756 epoch 1 loss 0.2365 step_s 0.0196 peak_mem_gb 0.170
2026-10-01 22:36:41,364 | DEBUG | step 757 epoch 1 loss 0.2253 step_s 0.0234 peak_mem_gb 0.170
2026-10-01 22:36:41,387 | DEBUG | step 758 epoch 1 loss 0.2343 step_s 0.0217 peak_mem_gb 0.170
2026-10-01 22:36:41,412 | DEBUG | step 759 epoch 1 loss 0.1689 step_s 0.0240 peak_mem_gb 0.170
2026-10-01 22:36:41,433 | DEBUG | step 760 epoch 1 loss 0.3142 step_s 0.0205 peak_mem_gb 0.170
2026-10-01 22:36:41,450 | DEBUG | step 761 epoch 1 loss 0.3048 step_s 0.0165 peak_mem_gb 0.170
2026-10-01 22:36:41,475 | DEBUG | step 762 epoch 1 loss 0.1692 step_s 0.0237 peak_mem_gb 0.170
2026-10-01 22:36:41,499 | DEBUG | step 763 epoch 1 loss 0.1673 step_s 0.0234 peak_mem_gb 0.170
2026-10-01 22:36:41,524 | DEBUG | step 764 epoch 1 loss 0.1480 step_s 0.0240 peak_mem_gb 0.170
2026-10-01 22:36:41,547 | DEBUG | step 765 epoch 1 loss 0.3287 step_s 0.0220 peak_mem_gb 0.170
2026-10-01 22:36:41,573 | DEBUG | step 766 epoch 1 loss 0.2544 step_s 0.0249 peak_mem_gb 0.170
2026-10-01 22:36:41,598 | DEBUG | step 767 epoch 1 loss 0.3133 step_s 0.0243 peak_mem_gb 0.170
2026-10-01 22:36:41,622 | DEBUG | step 768 epoch 1 loss 0.2309 step_s 0.0228 peak_mem_gb 0.170
2026-10-01 22:36:41,646 | DEBUG | step 769 epoch 1 loss 0.1220 step_s 0.0235 peak_mem_gb 0.170
2026-10-01 22:36:41,672 | DEBUG | step 770 epoch 1 loss 0.2032 step_s 0.0242 peak_mem_gb 0.170
2026-10-01 22:36:41,697 | DEBUG | step 771 epoch 1 loss 0.1699 step_s 0.0245 peak_mem_gb 0.170
2026-10-01 22:36:41,722 | DEBUG | step 772 epoch 1 loss 0.1936 step_s 0.0236 peak_mem_gb 0.170
2026-10-01 22:36:41,747 | DEBUG | step 773 epoch 1 loss 0.2463 step_s 0.0244 peak_mem_gb 0.170
2026-10-01 22:36:41,767 | DEBUG | step 774 epoch 1 loss 0.2046 step_s 0.0189 peak_mem_gb 0.170
2026-10-01 22:36:41,793 | DEBUG | step 775 epoch 1 loss 0.2215 step_s 0.0245 peak_mem_gb 0.170
2026-10-01 22:36:41,818 | DEBUG | step 776 epoch 1 loss 0.1986 step_s 0.0247 peak_mem_gb 0.170
2026-10-01 22:36:41,843 | DEBUG | step 777 epoch 1 loss 0.2351 step_s 0.0234 peak_mem_gb 0.170
2026-10-01 22:36:41,868 | DEBUG | step 778 epoch 1 loss 0.1000 step_s 0.0245 peak_mem_gb 0.170
2026-10-01 22:36:41,889 | DEBUG | step 779 epoch 1 loss 0.2079 step_s 0.0193 peak_mem_gb 0.170
2026-10-01 22:36:41,914 | DEBUG | step 780 epoch 1 loss 0.2979 step_s 0.0244 peak_mem_gb 0.170
2026-10-01 22:36:41,937 | DEBUG | step 781 epoch 1 loss 0.1269 step_s 0.0221 peak_mem_gb 0.170
2026-10-01 22:36:41,962 | DEBUG | step 782 epoch 1 loss 0.2402 step_s 0.0239 peak_mem_gb 0.170
2026-10-01 22:36:41,990 | DEBUG | step 783 epoch 1 loss 0.1756 step_s 0.0266 peak_mem_gb 0.170
2026-10-01 22:36:42,015 | DEBUG | step 784 epoch 1 loss 0.1920 step_s 0.0241 peak_mem_gb 0.170
2026-10-01 22:36:42,040 | DEBUG | step 785 epoch 1 loss 0.2887 step_s 0.0246 peak_mem_gb 0.170
2026-10-01 22:36:42,065 | DEBUG | step 786 epoch 1 loss 0.3684 step_s 0.0239 peak_mem_gb 0.170
2026-10-01 22:36:42,091 | DEBUG | step 787 epoch 1 loss 0.1739 step_s 0.0243 peak_mem_gb 0.170
2026-10-01 22:36:42,116 | DEBUG | step 788 epoch 1 loss 0.3418 step_s 0.0244 peak_mem_gb 0.170
2026-10-01 22:36:42,138 | DEBUG | step 789 epoch 1 loss 0.2107 step_s 0.0212 peak_mem_gb 0.170
2026-10-01 22:36:42,164 | DEBUG | step 790 epoch 1 loss 0.2152 step_s 0.0247 peak_mem_gb 0.170
2026-10-01 22:36:42,193 | DEBUG | step 791 epoch 1 loss 0.2257 step_s 0.0283 peak_mem_gb 0.170
2026-10-01 22:36:42,218 | DEBUG | step 792 epoch 1 loss 0.2888 step_s 0.0233 peak_mem_gb 0.170
2026-10-01 22:36:42,244 | DEBUG | step 793 epoch 1 loss 0.3457 step_s 0.0252 peak_mem_gb 0.170
2026-10-01 22:36:42,267 | DEBUG | step 794 epoch 1 loss 0.1418 step_s 0.0216 peak_mem_gb 0.170
2026-10-01 22:36:42,293 | DEBUG | step 795 epoch 1 loss 0.1543 step_s 0.0256 peak_mem_gb 0.170
2026-10-01 22:36:42,319 | DEBUG | step 796 epoch 1 loss 0.0970 step_s 0.0245 peak_mem_gb 0.170
2026-10-01 22:36:42,346 | DEBUG | step 797 epoch 1 loss 0.3153 step_s 0.0262 peak_mem_gb 0.170
2026-10-01 22:36:42,371 | DEBUG | step 798 epoch 1 loss 0.1787 step_s 0.0237 peak_mem_gb 0.170
2026-10-01 22:36:42,396 | DEBUG | step 799 epoch 1 loss 0.2133 step_s 0.0237 peak_mem_gb 0.170
2026-10-01 22:36:42,420 | INFO | step 800 epoch 1 loss 0.2207 step_s 0.0238 peak_mem_gb 0.170
2026-10-01 22:36:42,448 | DEBUG | step 801 epoch 1 loss 0.1841 step_s 0.0255 peak_mem_gb 0.170
2026-10-01 22:36:42,470 | DEBUG | step 802 epoch 1 loss 0.1178 step_s 0.0213 peak_mem_gb 0.170
2026-10-01 22:36:42,494 | DEBUG | step 803 epoch 1 loss 0.2228 step_s 0.0232 peak_mem_gb 0.170
2026-10-01 22:36:42,520 | DEBUG | step 804 epoch 1 loss 0.1896 step_s 0.0252 peak_mem_gb 0.170
2026-10-01 22:36:42,538 | DEBUG | step 805 epoch 1 loss 0.2441 step_s 0.0171 peak_mem_gb 0.170
2026-10-01 22:36:42,560 | DEBUG | step 806 epoch 1 loss 0.2468 step_s 0.0203 peak_mem_gb 0.170
2026-10-01 22:36:42,583 | DEBUG | step 807 epoch 1 loss 0.2065 step_s 0.0228 peak_mem_gb 0.170
2026-10-01 22:36:42,607 | DEBUG | step 808 epoch 1 loss 0.2783 step_s 0.0233 peak_mem_gb 0.170
2026-10-01 22:36:42,632 | DEBUG | step 809 epoch 1 loss 0.3007 step_s 0.0236 peak_mem_gb 0.170
2026-10-01 22:36:42,655 | DEBUG | step 810 epoch 1 loss 0.2265 step_s 0.0227 peak_mem_gb 0.170
2026-10-01 22:36:42,680 | DEBUG | step 811 epoch 1 loss 0.2262 step_s 0.0234 peak_mem_gb 0.170
2026-10-01 22:36:42,705 | DEBUG | step 812 epoch 1 loss 0.2480 step_s 0.0248 peak_mem_gb 0.170
2026-10-01 22:36:42,730 | DEBUG | step 813 epoch 1 loss 0.1407 step_s 0.0231 peak_mem_gb 0.170
2026-10-01 22:36:42,755 | DEBUG | step 814 epoch 1 loss 0.2349 step_s 0.0242 peak_mem_gb 0.170
2026-10-01 22:36:42,778 | DEBUG | step 815 epoch 1 loss 0.1657 step_s 0.0223 peak_mem_gb 0.170
2026-10-01 22:36:42,802 | DEBUG | step 816 epoch 1 loss 0.2350 step_s 0.0236 peak_mem_gb 0.170
2026-10-01 22:36:42,827 | DEBUG | step 817 epoch 1 loss 0.1993 step_s 0.0239 peak_mem_gb 0.170
2026-10-01 22:36:42,854 | DEBUG | step 818 epoch 1 loss 0.2596 step_s 0.0256 peak_mem_gb 0.170
2026-10-01 22:36:42,878 | DEBUG | step 819 epoch 1 loss 0.2065 step_s 0.0239 peak_mem_gb 0.170
2026-10-01 22:36:42,903 | DEBUG | step 820 epoch 1 loss 0.2583 step_s 0.0239 peak_mem_gb 0.170
2026-10-01 22:36:42,928 | DEBUG | step 821 epoch 1 loss 0.2554 step_s 0.0236 peak_mem_gb 0.170
2026-10-01 22:36:42,949 | DEBUG | step 822 epoch 1 loss 0.1421 step_s 0.0206 peak_mem_gb 0.170
2026-10-01 22:36:42,973 | DEBUG | step 823 epoch 1 loss 0.1798 step_s 0.0232 peak_mem_gb 0.170
2026-10-01 22:36:42,996 | DEBUG | step 824 epoch 1 loss 0.2826 step_s 0.0219 peak_mem_gb 0.170
2026-10-01 22:36:43,016 | DEBUG | step 825 epoch 1 loss 0.1240 step_s 0.0191 peak_mem_gb 0.170
2026-10-01 22:36:43,039 | DEBUG | step 826 epoch 1 loss 0.1774 step_s 0.0220 peak_mem_gb 0.170
2026-10-01 22:36:43,068 | DEBUG | step 827 epoch 1 loss 0.2457 step_s 0.0280 peak_mem_gb 0.170
2026-10-01 22:36:43,094 | DEBUG | step 828 epoch 1 loss 0.2102 step_s 0.0247 peak_mem_gb 0.170
2026-10-01 22:36:43,118 | DEBUG | step 829 epoch 1 loss 0.1779 step_s 0.0229 peak_mem_gb 0.170
2026-10-01 22:36:43,141 | DEBUG | step 830 epoch 1 loss 0.1906 step_s 0.0228 peak_mem_gb 0.170
2026-10-01 22:36:43,163 | DEBUG | step 831 epoch 1 loss 0.1387 step_s 0.0209 peak_mem_gb 0.170
2026-10-01 22:36:43,188 | DEBUG | step 832 epoch 1 loss 0.2656 step_s 0.0235 peak_mem_gb 0.170
2026-10-01 22:36:43,212 | DEBUG | step 833 epoch 1 loss 0.2659 step_s 0.0238 peak_mem_gb 0.170
2026-10-01 22:36:43,237 | DEBUG | step 834 epoch 1 loss 0.1737 step_s 0.0233 peak_mem_gb 0.170
2026-10-01 22:36:43,260 | DEBUG | step 835 epoch 1 loss 0.2160 step_s 0.0230 peak_mem_gb 0.170
2026-10-01 22:36:43,285 | DEBUG | step 836 epoch 1 loss 0.2628 step_s 0.0239 peak_mem_gb 0.170
2026-10-01 22:36:43,310 | DEBUG | step 837 epoch 1 loss 0.1485 step_s 0.0236 peak_mem_gb 0.170
2026-10-01 22:36:43,335 | DEBUG | step 838 epoch 1 loss 0.2352 step_s 0.0240 peak_mem_gb 0.170
2026-10-01 22:36:43,360 | DEBUG | step 839 epoch 1 loss 0.2573 step_s 0.0244 peak_mem_gb 0.170
2026-10-01 22:36:43,385 | DEBUG | step 840 epoch 1 loss 0.3335 step_s 0.0240 peak_mem_gb 0.170
2026-10-01 22:36:43,410 | DEBUG | step 841 epoch 1 loss 0.1702 step_s 0.0242 peak_mem_gb 0.170
2026-10-01 22:36:43,434 | DEBUG | step 842 epoch 1 loss 0.2046 step_s 0.0233 peak_mem_gb 0.170
2026-10-01 22:36:43,457 | DEBUG | step 843 epoch 1 loss 0.1817 step_s 0.0217 peak_mem_gb 0.170
2026-10-01 22:36:43,480 | DEBUG | step 844 epoch 1 loss 0.2271 step_s 0.0223 peak_mem_gb 0.170
2026-10-01 22:36:43,504 | DEBUG | step 845 epoch 1 loss 0.2322 step_s 0.0230 peak_mem_gb 0.170
2026-10-01 22:36:43,524 | DEBUG | step 846 epoch 1 loss 0.1400 step_s 0.0197 peak_mem_gb 0.170
2026-10-01 22:36:43,549 | DEBUG | step 847 epoch 1 loss 0.1431 step_s 0.0241 peak_mem_gb 0.170
2026-10-01 22:36:43,568 | DEBUG | step 848 epoch 1 loss 0.2149 step_s 0.0184 peak_mem_gb 0.170
2026-10-01 22:36:43,594 | DEBUG | step 849 epoch 1 loss 0.2683 step_s 0.0242 peak_mem_gb 0.170
2026-10-01 22:36:43,616 | DEBUG | step 850 epoch 1 loss 0.1853 step_s 0.0213 peak_mem_gb 0.170
2026-10-01 22:36:43,641 | DEBUG | step 851 epoch 1 loss 0.1546 step_s 0.0239 peak_mem_gb 0.170
2026-10-01 22:36:43,666 | DEBUG | step 852 epoch 1 loss 0.1768 step_s 0.0242 peak_mem_gb 0.170
2026-10-01 22:36:43,690 | DEBUG | step 853 epoch 1 loss 0.2354 step_s 0.0234 peak_mem_gb 0.170
2026-10-01 22:36:43,716 | DEBUG | step 854 epoch 1 loss 0.2926 step_s 0.0246 peak_mem_gb 0.170
2026-10-01 22:36:43,741 | DEBUG | step 855 epoch 1 loss 0.1823 step_s 0.0239 peak_mem_gb 0.170
2026-10-01 22:36:43,766 | DEBUG | step 856 epoch 1 loss 0.1789 step_s 0.0239 peak_mem_gb 0.170
2026-10-01 22:36:43,791 | DEBUG | step 857 epoch 1 loss 0.1662 step_s 0.0240 peak_mem_gb 0.170
2026-10-01 22:36:43,815 | DEBUG | step 858 epoch 1 loss 0.2147 step_s 0.0236 peak_mem_gb 0.170
2026-10-01 22:36:43,840 | DEBUG | step 859 epoch 1 loss 0.2517 step_s 0.0242 peak_mem_gb 0.170
2026-10-01 22:36:43,864 | DEBUG | step 860 epoch 1 loss 0.1927 step_s 0.0234 peak_mem_gb 0.170
2026-10-01 22:36:43,891 | DEBUG | step 861 epoch 1 loss 0.2659 step_s 0.0253 peak_mem_gb 0.170
2026-10-01 22:36:43,915 | DEBUG | step 862 epoch 1 loss 0.1414 step_s 0.0233 peak_mem_gb 0.170
2026-10-01 22:36:43,939 | DEBUG | step 863 epoch 1 loss 0.2175 step_s 0.0236 peak_mem_gb 0.170
2026-10-01 22:36:43,961 | DEBUG | step 864 epoch 1 loss 0.2153 step_s 0.0210 peak_mem_gb 0.170
2026-10-01 22:36:43,986 | DEBUG | step 865 epoch 1 loss 0.2564 step_s 0.0238 peak_mem_gb 0.170
2026-10-01 22:36:44,006 | DEBUG | step 866 epoch 1 loss 0.2455 step_s 0.0197 peak_mem_gb 0.170
2026-10-01 22:36:44,028 | DEBUG | step 867 epoch 1 loss 0.1949 step_s 0.0210 peak_mem_gb 0.170
2026-10-01 22:36:44,052 | DEBUG | step 868 epoch 1 loss 0.3997 step_s 0.0233 peak_mem_gb 0.170
2026-10-01 22:36:44,076 | DEBUG | step 869 epoch 1 loss 0.2900 step_s 0.0231 peak_mem_gb 0.170
2026-10-01 22:36:44,101 | DEBUG | step 870 epoch 1 loss 0.2866 step_s 0.0240 peak_mem_gb 0.170
2026-10-01 22:36:44,126 | DEBUG | step 871 epoch 1 loss 0.0943 step_s 0.0240 peak_mem_gb 0.170
2026-10-01 22:36:44,149 | DEBUG | step 872 epoch 1 loss 0.3175 step_s 0.0222 peak_mem_gb 0.170
2026-10-01 22:36:44,174 | DEBUG | step 873 epoch 1 loss 0.1244 step_s 0.0235 peak_mem_gb 0.170
2026-10-01 22:36:44,198 | DEBUG | step 874 epoch 1 loss 0.2989 step_s 0.0239 peak_mem_gb 0.170
2026-10-01 22:36:44,223 | DEBUG | step 875 epoch 1 loss 0.3021 step_s 0.0238 peak_mem_gb 0.170
2026-10-01 22:36:44,247 | DEBUG | step 876 epoch 1 loss 0.2615 step_s 0.0234 peak_mem_gb 0.170
2026-10-01 22:36:44,273 | DEBUG | step 877 epoch 1 loss 0.1118 step_s 0.0246 peak_mem_gb 0.170
2026-10-01 22:36:44,297 | DEBUG | step 878 epoch 1 loss 0.1599 step_s 0.0235 peak_mem_gb 0.170
2026-10-01 22:36:44,319 | DEBUG | step 879 epoch 1 loss 0.1785 step_s 0.0209 peak_mem_gb 0.170
2026-10-01 22:36:44,342 | DEBUG | step 880 epoch 1 loss 0.2711 step_s 0.0191 peak_mem_gb 0.170
2026-10-01 22:36:44,365 | DEBUG | step 881 epoch 1 loss 0.2617 step_s 0.0229 peak_mem_gb 0.170
2026-10-01 22:36:44,392 | DEBUG | step 882 epoch 1 loss 0.1815 step_s 0.0254 peak_mem_gb 0.170
2026-10-01 22:36:44,418 | DEBUG | step 883 epoch 1 loss 0.1675 step_s 0.0251 peak_mem_gb 0.170
2026-10-01 22:36:44,443 | DEBUG | step 884 epoch 1 loss 0.1531 step_s 0.0241 peak_mem_gb 0.170
2026-10-01 22:36:44,469 | DEBUG | step 885 epoch 1 loss 0.2931 step_s 0.0242 peak_mem_gb 0.170
2026-10-01 22:36:44,495 | DEBUG | step 886 epoch 1 loss 0.2632 step_s 0.0252 peak_mem_gb 0.170
2026-10-01 22:36:44,515 | DEBUG | step 887 epoch 1 loss 0.1381 step_s 0.0194 peak_mem_gb 0.170
2026-10-01 22:36:44,541 | DEBUG | step 888 epoch 1 loss 0.3177 step_s 0.0245 peak_mem_gb 0.170
2026-10-01 22:36:44,568 | DEBUG | step 889 epoch 1 loss 0.2439 step_s 0.0259 peak_mem_gb 0.170
2026-10-01 22:36:44,590 | DEBUG | step 890 epoch 1 loss 0.1356 step_s 0.0214 peak_mem_gb 0.170
2026-10-01 22:36:44,613 | DEBUG | step 891 epoch 1 loss 0.2719 step_s 0.0215 peak_mem_gb 0.170
2026-10-01 22:36:44,637 | DEBUG | step 892 epoch 1 loss 0.1477 step_s 0.0236 peak_mem_gb 0.170
2026-10-01 22:36:44,661 | DEBUG | step 893 epoch 1 loss 0.1560 step_s 0.0234 peak_mem_gb 0.170
2026-10-01 22:36:44,685 | DEBUG | step 894 epoch 1 loss 0.2124 step_s 0.0232 peak_mem_gb 0.170
2026-10-01 22:36:44,709 | DEBUG | step 895 epoch 1 loss 0.2783 step_s 0.0226 peak_mem_gb 0.170
2026-10-01 22:36:44,731 | DEBUG | step 896 epoch 1 loss 0.2573 step_s 0.0211 peak_mem_gb 0.170
2026-10-01 22:36:44,755 | DEBUG | step 897 epoch 1 loss 0.1272 step_s 0.0235 peak_mem_gb 0.170
2026-10-01 22:36:44,780 | DEBUG | step 898 epoch 1 loss 0.2200 step_s 0.0235 peak_mem_gb 0.170
2026-10-01 22:36:44,804 | DEBUG | step 899 epoch 1 loss 0.1944 step_s 0.0235 peak_mem_gb 0.170
2026-10-01 22:36:44,828 | DEBUG | step 900 epoch 1 loss 0.1853 step_s 0.0235 peak_mem_gb 0.170
2026-10-01 22:36:44,852 | DEBUG | step 901 epoch 1 loss 0.2545 step_s 0.0231 peak_mem_gb 0.170
2026-10-01 22:36:44,877 | DEBUG | step 902 epoch 1 loss 0.1589 step_s 0.0235 peak_mem_gb 0.170
2026-10-01 22:36:44,902 | DEBUG | step 903 epoch 1 loss 0.1996 step_s 0.0246 peak_mem_gb 0.170
2026-10-01 22:36:44,926 | DEBUG | step 904 epoch 1 loss 0.2163 step_s 0.0230 peak_mem_gb 0.170
2026-10-01 22:36:44,950 | DEBUG | step 905 epoch 1 loss 0.2136 step_s 0.0231 peak_mem_gb 0.170
2026-10-01 22:36:44,973 | DEBUG | step 906 epoch 1 loss 0.1711 step_s 0.0226 peak_mem_gb 0.170
2026-10-01 22:36:44,998 | DEBUG | step 907 epoch 1 loss 0.1848 step_s 0.0235 peak_mem_gb 0.170
2026-10-01 22:36:45,023 | DEBUG | step 908 epoch 1 loss 0.1642 step_s 0.0238 peak_mem_gb 0.170
2026-10-01 22:36:45,043 | DEBUG | step 909 epoch 1 loss 0.2279 step_s 0.0197 peak_mem_gb 0.170
2026-10-01 22:36:45,070 | DEBUG | step 910 epoch 1 loss 0.3724 step_s 0.0253 peak_mem_gb 0.170
2026-10-01 22:36:45,091 | DEBUG | step 911 epoch 1 loss 0.2570 step_s 0.0199 peak_mem_gb 0.170
2026-10-01 22:36:45,116 | DEBUG | step 912 epoch 1 loss 0.3094 step_s 0.0243 peak_mem_gb 0.170
2026-10-01 22:36:45,141 | DEBUG | step 913 epoch 1 loss 0.1670 step_s 0.0239 peak_mem_gb 0.170
2026-10-01 22:36:45,165 | DEBUG | step 914 epoch 1 loss 0.3141 step_s 0.0235 peak_mem_gb 0.170
2026-10-01 22:36:45,188 | DEBUG | step 915 epoch 1 loss 0.2947 step_s 0.0213 peak_mem_gb 0.170
2026-10-01 22:36:45,213 | DEBUG | step 916 epoch 1 loss 0.1797 step_s 0.0246 peak_mem_gb 0.170
2026-10-01 22:36:45,235 | DEBUG | step 917 epoch 1 loss 0.2131 step_s 0.0214 peak_mem_gb 0.170
2026-10-01 22:36:45,260 | DEBUG | step 918 epoch 1 loss 0.3096 step_s 0.0239 peak_mem_gb 0.170
2026-10-01 22:36:45,285 | DEBUG | step 919 epoch 1 loss 0.2453 step_s 0.0236 peak_mem_gb 0.170
2026-10-01 22:36:45,311 | DEBUG | step 920 epoch 1 loss 0.2441 step_s 0.0250 peak_mem_gb 0.170
2026-10-01 22:36:45,336 | DEBUG | step 921 epoch 1 loss 0.1322 step_s 0.0246 peak_mem_gb 0.170
2026-10-01 22:36:45,361 | DEBUG | step 922 epoch 1 loss 0.1466 step_s 0.0239 peak_mem_gb 0.170
2026-10-01 22:36:45,384 | DEBUG | step 923 epoch 1 loss 0.2991 step_s 0.0220 peak_mem_gb 0.170
2026-10-01 22:36:45,411 | DEBUG | step 924 epoch 1 loss 0.2993 step_s 0.0262 peak_mem_gb 0.170
2026-10-01 22:36:45,436 | DEBUG | step 925 epoch 1 loss 0.1757 step_s 0.0238 peak_mem_gb 0.170
2026-10-01 22:36:45,456 | DEBUG | step 926 epoch 1 loss 0.1388 step_s 0.0197 peak_mem_gb 0.170
2026-10-01 22:36:45,480 | DEBUG | step 927 epoch 1 loss 0.1256 step_s 0.0223 peak_mem_gb 0.170
2026-10-01 22:36:45,505 | DEBUG | step 928 epoch 1 loss 0.2731 step_s 0.0237 peak_mem_gb 0.170
2026-10-01 22:36:45,528 | DEBUG | step 929 epoch 1 loss 0.1497 step_s 0.0228 peak_mem_gb 0.170
2026-10-01 22:36:45,553 | DEBUG | step 930 epoch 1 loss 0.1909 step_s 0.0235 peak_mem_gb 0.170
2026-10-01 22:36:45,578 | DEBUG | step 931 epoch 1 loss 0.2255 step_s 0.0248 peak_mem_gb 0.170
2026-10-01 22:36:45,602 | DEBUG | step 932 epoch 1 loss 0.1596 step_s 0.0233 peak_mem_gb 0.170
2026-10-01 22:36:45,621 | DEBUG | step 933 epoch 1 loss 0.2589 step_s 0.0179 peak_mem_gb 0.170
2026-10-01 22:36:45,645 | DEBUG | step 934 epoch 1 loss 0.1841 step_s 0.0235 peak_mem_gb 0.170
2026-10-01 22:36:45,664 | DEBUG | step 935 epoch 1 loss 0.1570 step_s 0.0173 peak_mem_gb 0.170
2026-10-01 22:36:45,687 | DEBUG | step 936 epoch 1 loss 0.2133 step_s 0.0230 peak_mem_gb 0.170
2026-10-01 22:36:45,714 | DEBUG | step 937 epoch 1 loss 0.2395 step_s 0.0258 peak_mem_gb 0.170
2026-10-01 22:36:45,744 | DEBUG | step 938 epoch 1 loss 0.1278 step_s 0.0285 peak_mem_gb 0.170
2026-10-01 22:36:45,768 | DEBUG | step 939 epoch 1 loss 0.3017 step_s 0.0227 peak_mem_gb 0.170
2026-10-01 22:36:45,794 | DEBUG | step 940 epoch 1 loss 0.1789 step_s 0.0246 peak_mem_gb 0.170
2026-10-01 22:36:45,820 | DEBUG | step 941 epoch 1 loss 0.2605 step_s 0.0255 peak_mem_gb 0.170
2026-10-01 22:36:45,850 | DEBUG | step 942 epoch 1 loss 0.2313 step_s 0.0279 peak_mem_gb 0.170
2026-10-01 22:36:45,875 | DEBUG | step 943 epoch 1 loss 0.2035 step_s 0.0243 peak_mem_gb 0.170
2026-10-01 22:36:45,902 | DEBUG | step 944 epoch 1 loss 0.1436 step_s 0.0256 peak_mem_gb 0.170
2026-10-01 22:36:45,927 | DEBUG | step 945 epoch 1 loss 0.1056 step_s 0.0248 peak_mem_gb 0.170
2026-10-01 22:36:45,955 | DEBUG | step 946 epoch 1 loss 0.1524 step_s 0.0261 peak_mem_gb 0.170
2026-10-01 22:36:45,978 | DEBUG | step 947 epoch 1 loss 0.2157 step_s 0.0220 peak_mem_gb 0.170
2026-10-01 22:36:46,005 | DEBUG | step 948 epoch 1 loss 0.2552 step_s 0.0258 peak_mem_gb 0.170
2026-10-01 22:36:46,028 | DEBUG | step 949 epoch 1 loss 0.2167 step_s 0.0223 peak_mem_gb 0.170
2026-10-01 22:36:46,047 | DEBUG | step 950 epoch 1 loss 0.2143 step_s 0.0187 peak_mem_gb 0.170
2026-10-01 22:36:46,072 | DEBUG | step 951 epoch 1 loss 0.1827 step_s 0.0233 peak_mem_gb 0.170
2026-10-01 22:36:46,097 | DEBUG | step 952 epoch 1 loss 0.2220 step_s 0.0243 peak_mem_gb 0.170
2026-10-01 22:36:46,122 | DEBUG | step 953 epoch 1 loss 0.2763 step_s 0.0245 peak_mem_gb 0.170
2026-10-01 22:36:46,146 | DEBUG | step 954 epoch 1 loss 0.1643 step_s 0.0226 peak_mem_gb 0.170
2026-10-01 22:36:46,166 | DEBUG | step 955 epoch 1 loss 0.1546 step_s 0.0190 peak_mem_gb 0.170
2026-10-01 22:36:46,191 | DEBUG | step 956 epoch 1 loss 0.1786 step_s 0.0238 peak_mem_gb 0.170
2026-10-01 22:36:46,215 | DEBUG | step 957 epoch 1 loss 0.2602 step_s 0.0232 peak_mem_gb 0.170
2026-10-01 22:36:46,238 | DEBUG | step 958 epoch 1 loss 0.1488 step_s 0.0226 peak_mem_gb 0.170
2026-10-01 22:36:46,263 | DEBUG | step 959 epoch 1 loss 0.3544 step_s 0.0238 peak_mem_gb 0.170
2026-10-01 22:36:46,289 | DEBUG | step 960 epoch 1 loss 0.1784 step_s 0.0251 peak_mem_gb 0.170
2026-10-01 22:36:46,311 | DEBUG | step 961 epoch 1 loss 0.1281 step_s 0.0211 peak_mem_gb 0.170
2026-10-01 22:36:46,336 | DEBUG | step 962 epoch 1 loss 0.2622 step_s 0.0237 peak_mem_gb 0.170
2026-10-01 22:36:46,359 | DEBUG | step 963 epoch 1 loss 0.2157 step_s 0.0228 peak_mem_gb 0.170
2026-10-01 22:36:46,384 | DEBUG | step 964 epoch 1 loss 0.2187 step_s 0.0233 peak_mem_gb 0.170
2026-10-01 22:36:46,409 | DEBUG | step 965 epoch 1 loss 0.2642 step_s 0.0242 peak_mem_gb 0.170
2026-10-01 22:36:46,430 | DEBUG | step 966 epoch 1 loss 0.2007 step_s 0.0203 peak_mem_gb 0.170
2026-10-01 22:36:46,458 | DEBUG | step 967 epoch 1 loss 0.1703 step_s 0.0269 peak_mem_gb 0.170
2026-10-01 22:36:46,484 | DEBUG | step 968 epoch 1 loss 0.2257 step_s 0.0246 peak_mem_gb 0.170
2026-10-01 22:36:46,508 | DEBUG | step 969 epoch 1 loss 0.1362 step_s 0.0234 peak_mem_gb 0.170
2026-10-01 22:36:46,534 | DEBUG | step 970 epoch 1 loss 0.2427 step_s 0.0249 peak_mem_gb 0.170
2026-10-01 22:36:46,558 | DEBUG | step 971 epoch 1 loss 0.2806 step_s 0.0229 peak_mem_gb 0.170
2026-10-01 22:36:46,582 | DEBUG | step 972 epoch 1 loss 0.1931 step_s 0.0233 peak_mem_gb 0.170
2026-10-01 22:36:46,607 | DEBUG | step 973 epoch 1 loss 0.3769 step_s 0.0234 peak_mem_gb 0.170
2026-10-01 22:36:46,633 | DEBUG | step 974 epoch 1 loss 0.3563 step_s 0.0250 peak_mem_gb 0.170
2026-10-01 22:36:46,654 | DEBUG | step 975 epoch 1 loss 0.2601 step_s 0.0204 peak_mem_gb 0.170
2026-10-01 22:36:46,677 | DEBUG | step 976 epoch 1 loss 0.3063 step_s 0.0226 peak_mem_gb 0.170
2026-10-01 22:36:46,699 | DEBUG | step 977 epoch 1 loss 0.2473 step_s 0.0206 peak_mem_gb 0.170
2026-10-01 22:36:46,724 | DEBUG | step 978 epoch 1 loss 0.2101 step_s 0.0243 peak_mem_gb 0.170
2026-10-01 22:36:46,748 | DEBUG | step 979 epoch 1 loss 0.2464 step_s 0.0232 peak_mem_gb 0.170
2026-10-01 22:36:46,773 | DEBUG | step 980 epoch 1 loss 0.1852 step_s 0.0242 peak_mem_gb 0.170
2026-10-01 22:36:46,794 | DEBUG | step 981 epoch 1 loss 0.1566 step_s 0.0196 peak_mem_gb 0.170
2026-10-01 22:36:46,823 | DEBUG | step 982 epoch 1 loss 0.1477 step_s 0.0281 peak_mem_gb 0.170
2026-10-01 22:36:46,846 | DEBUG | step 983 epoch 1 loss 0.1394 step_s 0.0223 peak_mem_gb 0.170
2026-10-01 22:36:46,870 | DEBUG | step 984 epoch 1 loss 0.2002 step_s 0.0222 peak_mem_gb 0.170
2026-10-01 22:36:46,897 | DEBUG | step 985 epoch 1 loss 0.1867 step_s 0.0260 peak_mem_gb 0.170
2026-10-01 22:36:46,922 | DEBUG | step 986 epoch 1 loss 0.1277 step_s 0.0239 peak_mem_gb 0.170
2026-10-01 22:36:46,944 | DEBUG | step 987 epoch 1 loss 0.2663 step_s 0.0206 peak_mem_gb 0.170
2026-10-01 22:36:46,966 | DEBUG | step 988 epoch 1 loss 0.1701 step_s 0.0207 peak_mem_gb 0.170
2026-10-01 22:36:46,991 | DEBUG | step 989 epoch 1 loss 0.3057 step_s 0.0245 peak_mem_gb 0.170
2026-10-01 22:36:47,013 | DEBUG | step 990 epoch 1 loss 0.1391 step_s 0.0205 peak_mem_gb 0.170
2026-10-01 22:36:47,037 | DEBUG | step 991 epoch 1 loss 0.1464 step_s 0.0237 peak_mem_gb 0.170
2026-10-01 22:36:47,062 | DEBUG | step 992 epoch 1 loss 0.1490 step_s 0.0236 peak_mem_gb 0.170
2026-10-01 22:36:47,086 | DEBUG | step 993 epoch 1 loss 0.2331 step_s 0.0238 peak_mem_gb 0.170
2026-10-01 22:36:47,114 | DEBUG | step 994 epoch 1 loss 0.2049 step_s 0.0264 peak_mem_gb 0.170
2026-10-01 22:36:47,140 | DEBUG | step 995 epoch 1 loss 0.1944 step_s 0.0254 peak_mem_gb 0.170
2026-10-01 22:36:47,168 | DEBUG | step 996 epoch 1 loss 0.2840 step_s 0.0264 peak_mem_gb 0.170
2026-10-01 22:36:47,188 | DEBUG | step 997 epoch 1 loss 0.1606 step_s 0.0198 peak_mem_gb 0.170
2026-10-01 22:36:47,205 | DEBUG | step 998 epoch 1 loss 0.1599 step_s 0.0155 peak_mem_gb 0.170
2026-10-01 22:36:47,230 | DEBUG | step 999 epoch 1 loss 0.1610 step_s 0.0239 peak_mem_gb 0.170
2026-10-01 22:36:47,252 | INFO | step 1000 epoch 1 loss 0.2002 step_s 0.0219 peak_mem_gb 0.170
2026-10-01 22:36:47,280 | DEBUG | step 1001 epoch 1 loss 0.1869 step_s 0.0257 peak_mem_gb 0.170
2026-10-01 22:36:47,305 | DEBUG | step 1002 epoch 1 loss 0.4076 step_s 0.0237 peak_mem_gb 0.170
2026-10-01 22:36:47,330 | DEBUG | step 1003 epoch 1 loss 0.1314 step_s 0.0242 peak_mem_gb 0.170
2026-10-01 22:36:47,356 | DEBUG | step 1004 epoch 1 loss 0.2172 step_s 0.0245 peak_mem_gb 0.170
2026-10-01 22:36:47,380 | DEBUG | step 1005 epoch 1 loss 0.1764 step_s 0.0237 peak_mem_gb 0.170
2026-10-01 22:36:47,405 | DEBUG | step 1006 epoch 1 loss 0.2091 step_s 0.0234 peak_mem_gb 0.170
2026-10-01 22:36:47,430 | DEBUG | step 1007 epoch 1 loss 0.2783 step_s 0.0243 peak_mem_gb 0.170
2026-10-01 22:36:47,456 | DEBUG | step 1008 epoch 1 loss 0.2162 step_s 0.0245 peak_mem_gb 0.170
2026-10-01 22:36:47,478 | DEBUG | step 1009 epoch 1 loss 0.1538 step_s 0.0215 peak_mem_gb 0.170
2026-10-01 22:36:47,500 | DEBUG | step 1010 epoch 1 loss 0.2793 step_s 0.0205 peak_mem_gb 0.170
2026-10-01 22:36:47,521 | DEBUG | step 1011 epoch 1 loss 0.1635 step_s 0.0209 peak_mem_gb 0.170
2026-10-01 22:36:47,547 | DEBUG | step 1012 epoch 1 loss 0.3630 step_s 0.0248 peak_mem_gb 0.170
2026-10-01 22:36:47,572 | DEBUG | step 1013 epoch 1 loss 0.2167 step_s 0.0238 peak_mem_gb 0.170
2026-10-01 22:36:47,595 | DEBUG | step 1014 epoch 1 loss 0.1389 step_s 0.0230 peak_mem_gb 0.170
2026-10-01 22:36:47,620 | DEBUG | step 1015 epoch 1 loss 0.1825 step_s 0.0239 peak_mem_gb 0.170
2026-10-01 22:36:47,645 | DEBUG | step 1016 epoch 1 loss 0.3231 step_s 0.0238 peak_mem_gb 0.170
2026-10-01 22:36:47,671 | DEBUG | step 1017 epoch 1 loss 0.1711 step_s 0.0250 peak_mem_gb 0.170
2026-10-01 22:36:47,698 | DEBUG | step 1018 epoch 1 loss 0.2910 step_s 0.0263 peak_mem_gb 0.170
2026-10-01 22:36:47,722 | DEBUG | step 1019 epoch 1 loss 0.2319 step_s 0.0234 peak_mem_gb 0.170
2026-10-01 22:36:47,746 | DEBUG | step 1020 epoch 1 loss 0.1612 step_s 0.0232 peak_mem_gb 0.170
2026-10-01 22:36:47,767 | DEBUG | step 1021 epoch 1 loss 0.2138 step_s 0.0198 peak_mem_gb 0.170
2026-10-01 22:36:47,791 | DEBUG | step 1022 epoch 1 loss 0.1353 step_s 0.0237 peak_mem_gb 0.170
2026-10-01 22:36:47,821 | DEBUG | step 1023 epoch 1 loss 0.1932 step_s 0.0286 peak_mem_gb 0.170
2026-10-01 22:36:47,849 | DEBUG | step 1024 epoch 1 loss 0.1147 step_s 0.0263 peak_mem_gb 0.170
2026-10-01 22:36:47,876 | DEBUG | step 1025 epoch 1 loss 0.3388 step_s 0.0264 peak_mem_gb 0.170
2026-10-01 22:36:47,903 | DEBUG | step 1026 epoch 1 loss 0.2423 step_s 0.0254 peak_mem_gb 0.170
2026-10-01 22:36:47,928 | DEBUG | step 1027 epoch 1 loss 0.1683 step_s 0.0244 peak_mem_gb 0.170
2026-10-01 22:36:47,948 | DEBUG | step 1028 epoch 1 loss 0.2616 step_s 0.0183 peak_mem_gb 0.170
2026-10-01 22:36:47,972 | DEBUG | step 1029 epoch 1 loss 0.1918 step_s 0.0237 peak_mem_gb 0.170
2026-10-01 22:36:47,997 | DEBUG | step 1030 epoch 1 loss 0.1473 step_s 0.0241 peak_mem_gb 0.170
2026-10-01 22:36:48,022 | DEBUG | step 1031 epoch 1 loss 0.2876 step_s 0.0240 peak_mem_gb 0.170
2026-10-01 22:36:48,047 | DEBUG | step 1032 epoch 1 loss 0.2314 step_s 0.0235 peak_mem_gb 0.170
2026-10-01 22:36:48,071 | DEBUG | step 1033 epoch 1 loss 0.3438 step_s 0.0234 peak_mem_gb 0.170
2026-10-01 22:36:48,095 | DEBUG | step 1034 epoch 1 loss 0.2689 step_s 0.0236 peak_mem_gb 0.170
2026-10-01 22:36:48,120 | DEBUG | step 1035 epoch 1 loss 0.2271 step_s 0.0237 peak_mem_gb 0.170
2026-10-01 22:36:48,145 | DEBUG | step 1036 epoch 1 loss 0.1768 step_s 0.0244 peak_mem_gb 0.170
2026-10-01 22:36:48,170 | DEBUG | step 1037 epoch 1 loss 0.1158 step_s 0.0240 peak_mem_gb 0.170
2026-10-01 22:36:48,195 | DEBUG | step 1038 epoch 1 loss 0.0708 step_s 0.0238 peak_mem_gb 0.170
2026-10-01 22:36:48,217 | DEBUG | step 1039 epoch 1 loss 0.2439 step_s 0.0211 peak_mem_gb 0.170
2026-10-01 22:36:48,241 | DEBUG | step 1040 epoch 1 loss 0.1888 step_s 0.0235 peak_mem_gb 0.170
2026-10-01 22:36:48,266 | DEBUG | step 1041 epoch 1 loss 0.2789 step_s 0.0240 peak_mem_gb 0.170
2026-10-01 22:36:48,292 | DEBUG | step 1042 epoch 1 loss 0.2156 step_s 0.0248 peak_mem_gb 0.170
2026-10-01 22:36:48,318 | DEBUG | step 1043 epoch 1 loss 0.3194 step_s 0.0242 peak_mem_gb 0.170
2026-10-01 22:36:48,343 | DEBUG | step 1044 epoch 1 loss 0.1905 step_s 0.0247 peak_mem_gb 0.170
2026-10-01 22:36:48,368 | DEBUG | step 1045 epoch 1 loss 0.1185 step_s 0.0235 peak_mem_gb 0.170
2026-10-01 22:36:48,394 | DEBUG | step 1046 epoch 1 loss 0.1656 step_s 0.0255 peak_mem_gb 0.170
2026-10-01 22:36:48,419 | DEBUG | step 1047 epoch 1 loss 0.1893 step_s 0.0236 peak_mem_gb 0.170
2026-10-01 22:36:48,445 | DEBUG | step 1048 epoch 1 loss 0.3803 step_s 0.0240 peak_mem_gb 0.170
2026-10-01 22:36:48,469 | DEBUG | step 1049 epoch 1 loss 0.1366 step_s 0.0237 peak_mem_gb 0.170
2026-10-01 22:36:48,494 | DEBUG | step 1050 epoch 1 loss 0.1805 step_s 0.0233 peak_mem_gb 0.170
2026-10-01 22:36:48,518 | DEBUG | step 1051 epoch 1 loss 0.2159 step_s 0.0237 peak_mem_gb 0.170
2026-10-01 22:36:48,543 | DEBUG | step 1052 epoch 1 loss 0.3132 step_s 0.0243 peak_mem_gb 0.170
2026-10-01 22:36:48,571 | DEBUG | step 1053 epoch 1 loss 0.2184 step_s 0.0270 peak_mem_gb 0.170
2026-10-01 22:36:48,596 | DEBUG | step 1054 epoch 1 loss 0.2648 step_s 0.0236 peak_mem_gb 0.170
2026-10-01 22:36:48,617 | DEBUG | step 1055 epoch 1 loss 0.2139 step_s 0.0202 peak_mem_gb 0.170
2026-10-01 22:36:48,643 | DEBUG | step 1056 epoch 1 loss 0.2278 step_s 0.0246 peak_mem_gb 0.170
2026-10-01 22:36:48,668 | DEBUG | step 1057 epoch 1 loss 0.1503 step_s 0.0238 peak_mem_gb 0.170
2026-10-01 22:36:48,694 | DEBUG | step 1058 epoch 1 loss 0.1501 step_s 0.0257 peak_mem_gb 0.170
2026-10-01 22:36:48,715 | DEBUG | step 1059 epoch 1 loss 0.2643 step_s 0.0196 peak_mem_gb 0.170
2026-10-01 22:36:48,740 | DEBUG | step 1060 epoch 1 loss 0.1463 step_s 0.0243 peak_mem_gb 0.170
2026-10-01 22:36:48,764 | DEBUG | step 1061 epoch 1 loss 0.1890 step_s 0.0229 peak_mem_gb 0.170
2026-10-01 22:36:48,787 | DEBUG | step 1062 epoch 1 loss 0.0872 step_s 0.0222 peak_mem_gb 0.170
2026-10-01 22:36:48,811 | DEBUG | step 1063 epoch 1 loss 0.2850 step_s 0.0228 peak_mem_gb 0.170
2026-10-01 22:36:48,835 | DEBUG | step 1064 epoch 1 loss 0.1936 step_s 0.0236 peak_mem_gb 0.170
2026-10-01 22:36:48,859 | DEBUG | step 1065 epoch 1 loss 0.1734 step_s 0.0228 peak_mem_gb 0.170
2026-10-01 22:36:48,884 | DEBUG | step 1066 epoch 1 loss 0.1892 step_s 0.0244 peak_mem_gb 0.170
2026-10-01 22:36:48,911 | DEBUG | step 1067 epoch 1 loss 0.1064 step_s 0.0251 peak_mem_gb 0.170
2026-10-01 22:36:48,936 | DEBUG | step 1068 epoch 1 loss 0.1835 step_s 0.0246 peak_mem_gb 0.170
2026-10-01 22:36:48,962 | DEBUG | step 1069 epoch 1 loss 0.3379 step_s 0.0244 peak_mem_gb 0.170
2026-10-01 22:36:48,986 | DEBUG | step 1070 epoch 1 loss 0.1373 step_s 0.0237 peak_mem_gb 0.170
2026-10-01 22:36:49,011 | DEBUG | step 1071 epoch 1 loss 0.1003 step_s 0.0237 peak_mem_gb 0.170
2026-10-01 22:36:49,037 | DEBUG | step 1072 epoch 1 loss 0.2278 step_s 0.0251 peak_mem_gb 0.170
2026-10-01 22:36:49,059 | DEBUG | step 1073 epoch 1 loss 0.1987 step_s 0.0216 peak_mem_gb 0.170
2026-10-01 22:36:49,084 | DEBUG | step 1074 epoch 1 loss 0.3133 step_s 0.0243 peak_mem_gb 0.170
2026-10-01 22:36:49,111 | DEBUG | step 1075 epoch 1 loss 0.2459 step_s 0.0261 peak_mem_gb 0.170
2026-10-01 22:36:49,138 | DEBUG | step 1076 epoch 1 loss 0.2432 step_s 0.0250 peak_mem_gb 0.170
2026-10-01 22:36:49,161 | DEBUG | step 1077 epoch 1 loss 0.2366 step_s 0.0221 peak_mem_gb 0.170
2026-10-01 22:36:49,186 | DEBUG | step 1078 epoch 1 loss 0.2050 step_s 0.0241 peak_mem_gb 0.170
2026-10-01 22:36:49,211 | DEBUG | step 1079 epoch 1 loss 0.2254 step_s 0.0242 peak_mem_gb 0.170
2026-10-01 22:36:49,234 | DEBUG | step 1080 epoch 1 loss 0.1839 step_s 0.0219 peak_mem_gb 0.170
2026-10-01 22:36:49,260 | DEBUG | step 1081 epoch 1 loss 0.1006 step_s 0.0250 peak_mem_gb 0.170
2026-10-01 22:36:49,284 | DEBUG | step 1082 epoch 1 loss 0.1475 step_s 0.0232 peak_mem_gb 0.170
2026-10-01 22:36:49,308 | DEBUG | step 1083 epoch 1 loss 0.1464 step_s 0.0235 peak_mem_gb 0.170
2026-10-01 22:36:49,331 | DEBUG | step 1084 epoch 1 loss 0.1286 step_s 0.0216 peak_mem_gb 0.170
2026-10-01 22:36:49,355 | DEBUG | step 1085 epoch 1 loss 0.2255 step_s 0.0236 peak_mem_gb 0.170
2026-10-01 22:36:49,377 | DEBUG | step 1086 epoch 1 loss 0.2178 step_s 0.0209 peak_mem_gb 0.170
2026-10-01 22:36:49,402 | DEBUG | step 1087 epoch 1 loss 0.1217 step_s 0.0242 peak_mem_gb 0.170
2026-10-01 22:36:49,426 | DEBUG | step 1088 epoch 1 loss 0.2440 step_s 0.0234 peak_mem_gb 0.170
2026-10-01 22:36:49,452 | DEBUG | step 1089 epoch 1 loss 0.1455 step_s 0.0247 peak_mem_gb 0.170
2026-10-01 22:36:49,477 | DEBUG | step 1090 epoch 1 loss 0.2095 step_s 0.0233 peak_mem_gb 0.170
2026-10-01 22:36:49,500 | DEBUG | step 1091 epoch 1 loss 0.2394 step_s 0.0227 peak_mem_gb 0.170
2026-10-01 22:36:49,524 | DEBUG | step 1092 epoch 1 loss 0.0966 step_s 0.0234 peak_mem_gb 0.170
2026-10-01 22:36:49,548 | DEBUG | step 1093 epoch 1 loss 0.2331 step_s 0.0227 peak_mem_gb 0.170
2026-10-01 22:36:49,570 | DEBUG | step 1094 epoch 1 loss 0.2222 step_s 0.0208 peak_mem_gb 0.170
2026-10-01 22:36:49,595 | DEBUG | step 1095 epoch 1 loss 0.2437 step_s 0.0247 peak_mem_gb 0.170
2026-10-01 22:36:49,620 | DEBUG | step 1096 epoch 1 loss 0.2740 step_s 0.0234 peak_mem_gb 0.170
2026-10-01 22:36:49,643 | DEBUG | step 1097 epoch 1 loss 0.0767 step_s 0.0231 peak_mem_gb 0.170
2026-10-01 22:36:49,667 | DEBUG | step 1098 epoch 1 loss 0.2332 step_s 0.0224 peak_mem_gb 0.170
2026-10-01 22:36:49,692 | DEBUG | step 1099 epoch 1 loss 0.1614 step_s 0.0238 peak_mem_gb 0.170
2026-10-01 22:36:49,717 | DEBUG | step 1100 epoch 1 loss 0.2423 step_s 0.0243 peak_mem_gb 0.170
2026-10-01 22:36:49,741 | DEBUG | step 1101 epoch 1 loss 0.1369 step_s 0.0234 peak_mem_gb 0.170
2026-10-01 22:36:49,766 | DEBUG | step 1102 epoch 1 loss 0.3026 step_s 0.0238 peak_mem_gb 0.170
2026-10-01 22:36:49,791 | DEBUG | step 1103 epoch 1 loss 0.2273 step_s 0.0246 peak_mem_gb 0.170
2026-10-01 22:36:49,815 | DEBUG | step 1104 epoch 1 loss 0.2164 step_s 0.0232 peak_mem_gb 0.170
2026-10-01 22:36:49,840 | DEBUG | step 1105 epoch 1 loss 0.3740 step_s 0.0237 peak_mem_gb 0.170
2026-10-01 22:36:49,863 | DEBUG | step 1106 epoch 1 loss 0.1914 step_s 0.0215 peak_mem_gb 0.170
2026-10-01 22:36:49,887 | DEBUG | step 1107 epoch 1 loss 0.1501 step_s 0.0238 peak_mem_gb 0.170
2026-10-01 22:36:49,912 | DEBUG | step 1108 epoch 1 loss 0.1699 step_s 0.0237 peak_mem_gb 0.170
2026-10-01 22:36:49,938 | DEBUG | step 1109 epoch 1 loss 0.1506 step_s 0.0256 peak_mem_gb 0.170
2026-10-01 22:36:49,962 | DEBUG | step 1110 epoch 1 loss 0.1297 step_s 0.0225 peak_mem_gb 0.170
2026-10-01 22:36:49,985 | DEBUG | step 1111 epoch 1 loss 0.1430 step_s 0.0228 peak_mem_gb 0.170
2026-10-01 22:36:50,006 | DEBUG | step 1112 epoch 1 loss 0.1605 step_s 0.0202 peak_mem_gb 0.170
2026-10-01 22:36:50,031 | DEBUG | step 1113 epoch 1 loss 0.1902 step_s 0.0234 peak_mem_gb 0.170
2026-10-01 22:36:50,056 | DEBUG | step 1114 epoch 1 loss 0.1407 step_s 0.0240 peak_mem_gb 0.170
2026-10-01 22:36:50,080 | DEBUG | step 1115 epoch 1 loss 0.3085 step_s 0.0234 peak_mem_gb 0.170
2026-10-01 22:36:50,106 | DEBUG | step 1116 epoch 1 loss 0.1296 step_s 0.0254 peak_mem_gb 0.170
2026-10-01 22:36:50,127 | DEBUG | step 1117 epoch 1 loss 0.2155 step_s 0.0200 peak_mem_gb 0.170
2026-10-01 22:36:50,153 | DEBUG | step 1118 epoch 1 loss 0.1719 step_s 0.0240 peak_mem_gb 0.170
2026-10-01 22:36:50,177 | DEBUG | step 1119 epoch 1 loss 0.1648 step_s 0.0236 peak_mem_gb 0.170
2026-10-01 22:36:50,202 | DEBUG | step 1120 epoch 1 loss 0.1140 step_s 0.0240 peak_mem_gb 0.170
2026-10-01 22:36:50,227 | DEBUG | step 1121 epoch 1 loss 0.1997 step_s 0.0237 peak_mem_gb 0.170
2026-10-01 22:36:50,252 | DEBUG | step 1122 epoch 1 loss 0.2151 step_s 0.0242 peak_mem_gb 0.170
2026-10-01 22:36:50,278 | DEBUG | step 1123 epoch 1 loss 0.1476 step_s 0.0250 peak_mem_gb 0.170
2026-10-01 22:36:50,304 | DEBUG | step 1124 epoch 1 loss 0.3232 step_s 0.0247 peak_mem_gb 0.170
2026-10-01 22:36:50,325 | DEBUG | step 1125 epoch 1 loss 0.1992 step_s 0.0204 peak_mem_gb 0.170
2026-10-01 22:36:50,347 | DEBUG | step 1126 epoch 1 loss 0.1833 step_s 0.0206 peak_mem_gb 0.170
2026-10-01 22:36:50,367 | DEBUG | step 1127 epoch 1 loss 0.2760 step_s 0.0193 peak_mem_gb 0.170
2026-10-01 22:36:50,391 | DEBUG | step 1128 epoch 1 loss 0.1955 step_s 0.0231 peak_mem_gb 0.170
2026-10-01 22:36:50,411 | DEBUG | step 1129 epoch 1 loss 0.2427 step_s 0.0189 peak_mem_gb 0.170
2026-10-01 22:36:50,429 | DEBUG | step 1130 epoch 1 loss 0.2199 step_s 0.0173 peak_mem_gb 0.170
2026-10-01 22:36:50,453 | DEBUG | step 1131 epoch 1 loss 0.1682 step_s 0.0235 peak_mem_gb 0.170
2026-10-01 22:36:50,477 | DEBUG | step 1132 epoch 1 loss 0.0942 step_s 0.0224 peak_mem_gb 0.170
2026-10-01 22:36:50,501 | DEBUG | step 1133 epoch 1 loss 0.3284 step_s 0.0237 peak_mem_gb 0.170
2026-10-01 22:36:50,526 | DEBUG | step 1134 epoch 1 loss 0.1874 step_s 0.0236 peak_mem_gb 0.170
2026-10-01 22:36:50,550 | DEBUG | step 1135 epoch 1 loss 0.1436 step_s 0.0232 peak_mem_gb 0.170
2026-10-01 22:36:50,575 | DEBUG | step 1136 epoch 1 loss 0.2387 step_s 0.0238 peak_mem_gb 0.170
2026-10-01 22:36:50,601 | DEBUG | step 1137 epoch 1 loss 0.1645 step_s 0.0248 peak_mem_gb 0.170
2026-10-01 22:36:50,628 | DEBUG | step 1138 epoch 1 loss 0.1198 step_s 0.0259 peak_mem_gb 0.170
2026-10-01 22:36:50,651 | DEBUG | step 1139 epoch 1 loss 0.1045 step_s 0.0224 peak_mem_gb 0.170
2026-10-01 22:36:50,677 | DEBUG | step 1140 epoch 1 loss 0.2174 step_s 0.0246 peak_mem_gb 0.170
2026-10-01 22:36:50,696 | DEBUG | step 1141 epoch 1 loss 0.2300 step_s 0.0181 peak_mem_gb 0.170
2026-10-01 22:36:50,720 | DEBUG | step 1142 epoch 1 loss 0.1643 step_s 0.0236 peak_mem_gb 0.170
2026-10-01 22:36:50,744 | DEBUG | step 1143 epoch 1 loss 0.2599 step_s 0.0222 peak_mem_gb 0.170
2026-10-01 22:36:50,769 | DEBUG | step 1144 epoch 1 loss 0.1365 step_s 0.0243 peak_mem_gb 0.170
2026-10-01 22:36:50,794 | DEBUG | step 1145 epoch 1 loss 0.3904 step_s 0.0247 peak_mem_gb 0.170
2026-10-01 22:36:50,820 | DEBUG | step 1146 epoch 1 loss 0.1303 step_s 0.0247 peak_mem_gb 0.170
2026-10-01 22:36:50,844 | DEBUG | step 1147 epoch 1 loss 0.1216 step_s 0.0235 peak_mem_gb 0.170
2026-10-01 22:36:50,870 | DEBUG | step 1148 epoch 1 loss 0.2651 step_s 0.0246 peak_mem_gb 0.170
2026-10-01 22:36:50,893 | DEBUG | step 1149 epoch 1 loss 0.2461 step_s 0.0226 peak_mem_gb 0.170
2026-10-01 22:36:50,919 | DEBUG | step 1150 epoch 1 loss 0.1697 step_s 0.0244 peak_mem_gb 0.170
2026-10-01 22:36:50,944 | DEBUG | step 1151 epoch 1 loss 0.2943 step_s 0.0243 peak_mem_gb 0.170
2026-10-01 22:36:50,970 | DEBUG | step 1152 epoch 1 loss 0.1318 step_s 0.0255 peak_mem_gb 0.170
2026-10-01 22:36:50,995 | DEBUG | step 1153 epoch 1 loss 0.2089 step_s 0.0236 peak_mem_gb 0.170
2026-10-01 22:36:51,014 | DEBUG | step 1154 epoch 1 loss 0.2164 step_s 0.0184 peak_mem_gb 0.170
2026-10-01 22:36:51,038 | DEBUG | step 1155 epoch 1 loss 0.1842 step_s 0.0236 peak_mem_gb 0.170
2026-10-01 22:36:51,063 | DEBUG | step 1156 epoch 1 loss 0.1592 step_s 0.0235 peak_mem_gb 0.170
2026-10-01 22:36:51,087 | DEBUG | step 1157 epoch 1 loss 0.2338 step_s 0.0235 peak_mem_gb 0.170
2026-10-01 22:36:51,113 | DEBUG | step 1158 epoch 1 loss 0.1747 step_s 0.0251 peak_mem_gb 0.170
2026-10-01 22:36:51,138 | DEBUG | step 1159 epoch 1 loss 0.1711 step_s 0.0233 peak_mem_gb 0.170
2026-10-01 22:36:51,164 | DEBUG | step 1160 epoch 1 loss 0.2319 step_s 0.0253 peak_mem_gb 0.170
2026-10-01 22:36:51,189 | DEBUG | step 1161 epoch 1 loss 0.2173 step_s 0.0235 peak_mem_gb 0.170
2026-10-01 22:36:51,215 | DEBUG | step 1162 epoch 1 loss 0.1851 step_s 0.0251 peak_mem_gb 0.170
2026-10-01 22:36:51,240 | DEBUG | step 1163 epoch 1 loss 0.2517 step_s 0.0241 peak_mem_gb 0.170
2026-10-01 22:36:51,262 | DEBUG | step 1164 epoch 1 loss 0.1990 step_s 0.0208 peak_mem_gb 0.170
2026-10-01 22:36:51,284 | DEBUG | step 1165 epoch 1 loss 0.2840 step_s 0.0214 peak_mem_gb 0.170
2026-10-01 22:36:51,311 | DEBUG | step 1166 epoch 1 loss 0.2384 step_s 0.0260 peak_mem_gb 0.170
2026-10-01 22:36:51,332 | DEBUG | step 1167 epoch 1 loss 0.2159 step_s 0.0200 peak_mem_gb 0.170
2026-10-01 22:36:51,354 | DEBUG | step 1168 epoch 1 loss 0.2403 step_s 0.0216 peak_mem_gb 0.170
2026-10-01 22:36:51,378 | DEBUG | step 1169 epoch 1 loss 0.1837 step_s 0.0229 peak_mem_gb 0.170
2026-10-01 22:36:51,403 | DEBUG | step 1170 epoch 1 loss 0.1491 step_s 0.0237 peak_mem_gb 0.170
2026-10-01 22:36:51,424 | DEBUG | step 1171 epoch 1 loss 0.1086 step_s 0.0206 peak_mem_gb 0.170
2026-10-01 22:36:51,449 | DEBUG | step 1172 epoch 1 loss 0.1203 step_s 0.0241 peak_mem_gb 0.170
2026-10-01 22:36:51,475 | DEBUG | step 1173 epoch 1 loss 0.1054 step_s 0.0245 peak_mem_gb 0.170
2026-10-01 22:36:51,499 | DEBUG | step 1174 epoch 1 loss 0.1531 step_s 0.0232 peak_mem_gb 0.170
2026-10-01 22:36:51,524 | DEBUG | step 1175 epoch 1 loss 0.1298 step_s 0.0235 peak_mem_gb 0.170
2026-10-01 22:36:51,547 | DEBUG | step 1176 epoch 1 loss 0.2037 step_s 0.0229 peak_mem_gb 0.170
2026-10-01 22:36:51,572 | DEBUG | step 1177 epoch 1 loss 0.0809 step_s 0.0237 peak_mem_gb 0.170
2026-10-01 22:36:51,596 | DEBUG | step 1178 epoch 1 loss 0.2597 step_s 0.0235 peak_mem_gb 0.170
2026-10-01 22:36:51,614 | DEBUG | step 1179 epoch 1 loss 0.2392 step_s 0.0172 peak_mem_gb 0.170
2026-10-01 22:36:51,636 | DEBUG | step 1180 epoch 1 loss 0.3255 step_s 0.0212 peak_mem_gb 0.170
2026-10-01 22:36:51,662 | DEBUG | step 1181 epoch 1 loss 0.3283 step_s 0.0250 peak_mem_gb 0.170
2026-10-01 22:36:51,686 | DEBUG | step 1182 epoch 1 loss 0.1385 step_s 0.0235 peak_mem_gb 0.170
2026-10-01 22:36:51,711 | DEBUG | step 1183 epoch 1 loss 0.1362 step_s 0.0232 peak_mem_gb 0.170
2026-10-01 22:36:51,734 | DEBUG | step 1184 epoch 1 loss 0.1395 step_s 0.0229 peak_mem_gb 0.170
2026-10-01 22:36:51,757 | DEBUG | step 1185 epoch 1 loss 0.1898 step_s 0.0215 peak_mem_gb 0.170
2026-10-01 22:36:51,779 | DEBUG | step 1186 epoch 1 loss 0.1931 step_s 0.0218 peak_mem_gb 0.170
2026-10-01 22:36:51,803 | DEBUG | step 1187 epoch 1 loss 0.1425 step_s 0.0222 peak_mem_gb 0.170
2026-10-01 22:36:51,827 | DEBUG | step 1188 epoch 1 loss 0.2109 step_s 0.0234 peak_mem_gb 0.170
2026-10-01 22:36:51,848 | DEBUG | step 1189 epoch 1 loss 0.1543 step_s 0.0206 peak_mem_gb 0.170
2026-10-01 22:36:51,873 | DEBUG | step 1190 epoch 1 loss 0.1965 step_s 0.0237 peak_mem_gb 0.170
2026-10-01 22:36:51,895 | DEBUG | step 1191 epoch 1 loss 0.1834 step_s 0.0208 peak_mem_gb 0.170
2026-10-01 22:36:51,917 | DEBUG | step 1192 epoch 1 loss 0.1829 step_s 0.0219 peak_mem_gb 0.170
2026-10-01 22:36:51,938 | DEBUG | step 1193 epoch 1 loss 0.2096 step_s 0.0198 peak_mem_gb 0.170
2026-10-01 22:36:51,963 | DEBUG | step 1194 epoch 1 loss 0.2015 step_s 0.0242 peak_mem_gb 0.170
2026-10-01 22:36:51,989 | DEBUG | step 1195 epoch 1 loss 0.3617 step_s 0.0255 peak_mem_gb 0.170
2026-10-01 22:36:52,013 | DEBUG | step 1196 epoch 1 loss 0.1381 step_s 0.0231 peak_mem_gb 0.170
2026-10-01 22:36:52,037 | DEBUG | step 1197 epoch 1 loss 0.1813 step_s 0.0227 peak_mem_gb 0.170
2026-10-01 22:36:52,062 | DEBUG | step 1198 epoch 1 loss 0.1887 step_s 0.0237 peak_mem_gb 0.170
2026-10-01 22:36:52,086 | DEBUG | step 1199 epoch 1 loss 0.2057 step_s 0.0232 peak_mem_gb 0.170
2026-10-01 22:36:52,111 | INFO | step 1200 epoch 1 loss 0.1282 step_s 0.0243 peak_mem_gb 0.170
2026-10-01 22:36:52,137 | DEBUG | step 1201 epoch 1 loss 0.2317 step_s 0.0244 peak_mem_gb 0.170
2026-10-01 22:36:52,160 | DEBUG | step 1202 epoch 1 loss 0.0837 step_s 0.0214 peak_mem_gb 0.170
2026-10-01 22:36:52,185 | DEBUG | step 1203 epoch 1 loss 0.1546 step_s 0.0244 peak_mem_gb 0.170
2026-10-01 22:36:52,210 | DEBUG | step 1204 epoch 1 loss 0.3503 step_s 0.0236 peak_mem_gb 0.170
2026-10-01 22:36:52,234 | DEBUG | step 1205 epoch 1 loss 0.1894 step_s 0.0235 peak_mem_gb 0.170
2026-10-01 22:36:52,258 | DEBUG | step 1206 epoch 1 loss 0.2155 step_s 0.0233 peak_mem_gb 0.170
2026-10-01 22:36:52,283 | DEBUG | step 1207 epoch 1 loss 0.2061 step_s 0.0241 peak_mem_gb 0.170
2026-10-01 22:36:52,306 | DEBUG | step 1208 epoch 1 loss 0.2504 step_s 0.0224 peak_mem_gb 0.170
2026-10-01 22:36:52,329 | DEBUG | step 1209 epoch 1 loss 0.1870 step_s 0.0215 peak_mem_gb 0.170
2026-10-01 22:36:52,353 | DEBUG | step 1210 epoch 1 loss 0.1945 step_s 0.0233 peak_mem_gb 0.170
2026-10-01 22:36:52,378 | DEBUG | step 1211 epoch 1 loss 0.1152 step_s 0.0242 peak_mem_gb 0.170
2026-10-01 22:36:52,401 | DEBUG | step 1212 epoch 1 loss 0.2499 step_s 0.0222 peak_mem_gb 0.170
2026-10-01 22:36:52,426 | DEBUG | step 1213 epoch 1 loss 0.2291 step_s 0.0232 peak_mem_gb 0.170
2026-10-01 22:36:52,449 | DEBUG | step 1214 epoch 1 loss 0.1634 step_s 0.0224 peak_mem_gb 0.170
2026-10-01 22:36:52,474 | DEBUG | step 1215 epoch 1 loss 0.3866 step_s 0.0238 peak_mem_gb 0.170
2026-10-01 22:36:52,500 | DEBUG | step 1216 epoch 1 loss 0.1541 step_s 0.0255 peak_mem_gb 0.170
2026-10-01 22:36:52,525 | DEBUG | step 1217 epoch 1 loss 0.1546 step_s 0.0234 peak_mem_gb 0.170
2026-10-01 22:36:52,549 | DEBUG | step 1218 epoch 1 loss 0.2695 step_s 0.0237 peak_mem_gb 0.170
2026-10-01 22:36:52,574 | DEBUG | step 1219 epoch 1 loss 0.2542 step_s 0.0234 peak_mem_gb 0.170
2026-10-01 22:36:52,597 | DEBUG | step 1220 epoch 1 loss 0.2284 step_s 0.0223 peak_mem_gb 0.170
2026-10-01 22:36:52,621 | DEBUG | step 1221 epoch 1 loss 0.1856 step_s 0.0233 peak_mem_gb 0.170
2026-10-01 22:36:52,646 | DEBUG | step 1222 epoch 1 loss 0.1567 step_s 0.0237 peak_mem_gb 0.170
2026-10-01 22:36:52,668 | DEBUG | step 1223 epoch 1 loss 0.1114 step_s 0.0218 peak_mem_gb 0.170
2026-10-01 22:36:52,693 | DEBUG | step 1224 epoch 1 loss 0.1162 step_s 0.0234 peak_mem_gb 0.170
2026-10-01 22:36:52,719 | DEBUG | step 1225 epoch 1 loss 0.2839 step_s 0.0252 peak_mem_gb 0.170
2026-10-01 22:36:52,745 | DEBUG | step 1226 epoch 1 loss 0.2475 step_s 0.0252 peak_mem_gb 0.170
2026-10-01 22:36:52,777 | DEBUG | step 1227 epoch 1 loss 0.0836 step_s 0.0303 peak_mem_gb 0.170
2026-10-01 22:36:52,809 | DEBUG | step 1228 epoch 1 loss 0.1755 step_s 0.0299 peak_mem_gb 0.170
2026-10-01 22:36:52,836 | DEBUG | step 1229 epoch 1 loss 0.2081 step_s 0.0265 peak_mem_gb 0.170
2026-10-01 22:36:52,859 | DEBUG | step 1230 epoch 1 loss 0.1107 step_s 0.0214 peak_mem_gb 0.170
2026-10-01 22:36:52,883 | DEBUG | step 1231 epoch 1 loss 0.1953 step_s 0.0233 peak_mem_gb 0.170
2026-10-01 22:36:52,908 | DEBUG | step 1232 epoch 1 loss 0.0866 step_s 0.0237 peak_mem_gb 0.170
2026-10-01 22:36:52,933 | DEBUG | step 1233 epoch 1 loss 0.3149 step_s 0.0240 peak_mem_gb 0.170
2026-10-01 22:36:52,957 | DEBUG | step 1234 epoch 1 loss 0.2521 step_s 0.0236 peak_mem_gb 0.170
2026-10-01 22:36:52,984 | DEBUG | step 1235 epoch 1 loss 0.1725 step_s 0.0258 peak_mem_gb 0.170
2026-10-01 22:36:53,011 | DEBUG | step 1236 epoch 1 loss 0.1373 step_s 0.0252 peak_mem_gb 0.170
2026-10-01 22:36:53,037 | DEBUG | step 1237 epoch 1 loss 0.2321 step_s 0.0258 peak_mem_gb 0.170
2026-10-01 22:36:53,060 | DEBUG | step 1238 epoch 1 loss 0.4092 step_s 0.0218 peak_mem_gb 0.170
2026-10-01 22:36:53,084 | DEBUG | step 1239 epoch 1 loss 0.0998 step_s 0.0227 peak_mem_gb 0.170
2026-10-01 22:36:53,109 | DEBUG | step 1240 epoch 1 loss 0.2478 step_s 0.0237 peak_mem_gb 0.170
2026-10-01 22:36:53,132 | DEBUG | step 1241 epoch 1 loss 0.1548 step_s 0.0229 peak_mem_gb 0.170
2026-10-01 22:36:53,157 | DEBUG | step 1242 epoch 1 loss 0.2085 step_s 0.0238 peak_mem_gb 0.170
2026-10-01 22:36:53,184 | DEBUG | step 1243 epoch 1 loss 0.1088 step_s 0.0255 peak_mem_gb 0.170
2026-10-01 22:36:53,212 | DEBUG | step 1244 epoch 1 loss 0.1857 step_s 0.0273 peak_mem_gb 0.170
2026-10-01 22:36:53,237 | DEBUG | step 1245 epoch 1 loss 0.0846 step_s 0.0233 peak_mem_gb 0.170
2026-10-01 22:36:53,262 | DEBUG | step 1246 epoch 1 loss 0.1264 step_s 0.0241 peak_mem_gb 0.170
2026-10-01 22:36:53,286 | DEBUG | step 1247 epoch 1 loss 0.1659 step_s 0.0236 peak_mem_gb 0.170
2026-10-01 22:36:53,311 | DEBUG | step 1248 epoch 1 loss 0.1030 step_s 0.0238 peak_mem_gb 0.170
2026-10-01 22:36:53,333 | DEBUG | step 1249 epoch 1 loss 0.2800 step_s 0.0213 peak_mem_gb 0.170
2026-10-01 22:36:53,353 | DEBUG | step 1250 epoch 1 loss 0.2450 step_s 0.0188 peak_mem_gb 0.170
2026-10-01 22:36:53,379 | DEBUG | step 1251 epoch 1 loss 0.1494 step_s 0.0246 peak_mem_gb 0.170
2026-10-01 22:36:53,401 | DEBUG | step 1252 epoch 1 loss 0.1093 step_s 0.0215 peak_mem_gb 0.170
2026-10-01 22:36:53,426 | DEBUG | step 1253 epoch 1 loss 0.2269 step_s 0.0238 peak_mem_gb 0.170
2026-10-01 22:36:53,450 | DEBUG | step 1254 epoch 1 loss 0.1165 step_s 0.0234 peak_mem_gb 0.170
2026-10-01 22:36:53,475 | DEBUG | step 1255 epoch 1 loss 0.3881 step_s 0.0238 peak_mem_gb 0.170
2026-10-01 22:36:53,498 | DEBUG | step 1256 epoch 1 loss 0.2525 step_s 0.0220 peak_mem_gb 0.170
2026-10-01 22:36:53,522 | DEBUG | step 1257 epoch 1 loss 0.1392 step_s 0.0237 peak_mem_gb 0.170
2026-10-01 22:36:53,549 | DEBUG | step 1258 epoch 1 loss 0.1560 step_s 0.0257 peak_mem_gb 0.170
2026-10-01 22:36:53,573 | DEBUG | step 1259 epoch 1 loss 0.1012 step_s 0.0231 peak_mem_gb 0.170
2026-10-01 22:36:53,597 | DEBUG | step 1260 epoch 1 loss 0.3007 step_s 0.0237 peak_mem_gb 0.170
2026-10-01 22:36:53,621 | DEBUG | step 1261 epoch 1 loss 0.1271 step_s 0.0224 peak_mem_gb 0.170
2026-10-01 22:36:53,643 | DEBUG | step 1262 epoch 1 loss 0.1668 step_s 0.0212 peak_mem_gb 0.170
2026-10-01 22:36:53,666 | DEBUG | step 1263 epoch 1 loss 0.1117 step_s 0.0229 peak_mem_gb 0.170
2026-10-01 22:36:53,691 | DEBUG | step 1264 epoch 1 loss 0.1952 step_s 0.0238 peak_mem_gb 0.170
2026-10-01 22:36:53,715 | DEBUG | step 1265 epoch 1 loss 0.1073 step_s 0.0233 peak_mem_gb 0.170
2026-10-01 22:36:53,739 | DEBUG | step 1266 epoch 1 loss 0.2309 step_s 0.0230 peak_mem_gb 0.170
2026-10-01 22:36:53,763 | DEBUG | step 1267 epoch 1 loss 0.2175 step_s 0.0233 peak_mem_gb 0.170
2026-10-01 22:36:53,788 | DEBUG | step 1268 epoch 1 loss 0.1676 step_s 0.0238 peak_mem_gb 0.170
2026-10-01 22:36:53,811 | DEBUG | step 1269 epoch 1 loss 0.2628 step_s 0.0226 peak_mem_gb 0.170
2026-10-01 22:36:53,835 | DEBUG | step 1270 epoch 1 loss 0.1910 step_s 0.0228 peak_mem_gb 0.170
2026-10-01 22:36:53,856 | DEBUG | step 1271 epoch 1 loss 0.2706 step_s 0.0200 peak_mem_gb 0.170
2026-10-01 22:36:53,881 | DEBUG | step 1272 epoch 1 loss 0.2859 step_s 0.0237 peak_mem_gb 0.170
2026-10-01 22:36:53,905 | DEBUG | step 1273 epoch 1 loss 0.1312 step_s 0.0229 peak_mem_gb 0.170
2026-10-01 22:36:53,929 | DEBUG | step 1274 epoch 1 loss 0.1835 step_s 0.0236 peak_mem_gb 0.170
2026-10-01 22:36:53,953 | DEBUG | step 1275 epoch 1 loss 0.1702 step_s 0.0235 peak_mem_gb 0.170
2026-10-01 22:36:53,978 | DEBUG | step 1276 epoch 1 loss 0.1061 step_s 0.0235 peak_mem_gb 0.170
2026-10-01 22:36:54,001 | DEBUG | step 1277 epoch 1 loss 0.1760 step_s 0.0226 peak_mem_gb 0.170
2026-10-01 22:36:54,026 | DEBUG | step 1278 epoch 1 loss 0.1979 step_s 0.0235 peak_mem_gb 0.170
2026-10-01 22:36:54,049 | DEBUG | step 1279 epoch 1 loss 0.2435 step_s 0.0222 peak_mem_gb 0.170
2026-10-01 22:36:54,072 | DEBUG | step 1280 epoch 1 loss 0.1883 step_s 0.0226 peak_mem_gb 0.170
2026-10-01 22:36:54,097 | DEBUG | step 1281 epoch 1 loss 0.1893 step_s 0.0244 peak_mem_gb 0.170
2026-10-01 22:36:54,117 | DEBUG | step 1282 epoch 1 loss 0.1933 step_s 0.0186 peak_mem_gb 0.170
2026-10-01 22:36:54,142 | DEBUG | step 1283 epoch 1 loss 0.1792 step_s 0.0243 peak_mem_gb 0.170
2026-10-01 22:36:54,167 | DEBUG | step 1284 epoch 1 loss 0.1707 step_s 0.0239 peak_mem_gb 0.170
2026-10-01 22:36:54,191 | DEBUG | step 1285 epoch 1 loss 0.1363 step_s 0.0235 peak_mem_gb 0.170
2026-10-01 22:36:54,216 | DEBUG | step 1286 epoch 1 loss 0.1420 step_s 0.0238 peak_mem_gb 0.170
2026-10-01 22:36:54,238 | DEBUG | step 1287 epoch 1 loss 0.1903 step_s 0.0215 peak_mem_gb 0.170
2026-10-01 22:36:54,263 | DEBUG | step 1288 epoch 1 loss 0.2770 step_s 0.0232 peak_mem_gb 0.170
2026-10-01 22:36:54,286 | DEBUG | step 1289 epoch 1 loss 0.2309 step_s 0.0227 peak_mem_gb 0.170
2026-10-01 22:36:54,311 | DEBUG | step 1290 epoch 1 loss 0.3281 step_s 0.0235 peak_mem_gb 0.170
2026-10-01 22:36:54,335 | DEBUG | step 1291 epoch 1 loss 0.1796 step_s 0.0230 peak_mem_gb 0.170
2026-10-01 22:36:54,358 | DEBUG | step 1292 epoch 1 loss 0.3229 step_s 0.0230 peak_mem_gb 0.170
2026-10-01 22:36:54,380 | DEBUG | step 1293 epoch 1 loss 0.1269 step_s 0.0208 peak_mem_gb 0.170
2026-10-01 22:36:54,407 | DEBUG | step 1294 epoch 1 loss 0.1680 step_s 0.0257 peak_mem_gb 0.170
2026-10-01 22:36:54,432 | DEBUG | step 1295 epoch 1 loss 0.3738 step_s 0.0244 peak_mem_gb 0.170
2026-10-01 22:36:54,452 | DEBUG | step 1296 epoch 1 loss 0.2024 step_s 0.0192 peak_mem_gb 0.170
2026-10-01 22:36:54,477 | DEBUG | step 1297 epoch 1 loss 0.1112 step_s 0.0236 peak_mem_gb 0.170
2026-10-01 22:36:54,500 | DEBUG | step 1298 epoch 1 loss 0.2638 step_s 0.0227 peak_mem_gb 0.170
2026-10-01 22:36:54,525 | DEBUG | step 1299 epoch 1 loss 0.2256 step_s 0.0241 peak_mem_gb 0.170
2026-10-01 22:36:54,546 | DEBUG | step 1300 epoch 1 loss 0.1183 step_s 0.0193 peak_mem_gb 0.170
2026-10-01 22:36:54,573 | DEBUG | step 1301 epoch 1 loss 0.1634 step_s 0.0264 peak_mem_gb 0.170
2026-10-01 22:36:54,598 | DEBUG | step 1302 epoch 1 loss 0.2515 step_s 0.0239 peak_mem_gb 0.170
2026-10-01 22:36:54,622 | DEBUG | step 1303 epoch 1 loss 0.2246 step_s 0.0234 peak_mem_gb 0.170
2026-10-01 22:36:54,646 | DEBUG | step 1304 epoch 1 loss 0.2683 step_s 0.0224 peak_mem_gb 0.170
2026-10-01 22:36:54,671 | DEBUG | step 1305 epoch 1 loss 0.3285 step_s 0.0236 peak_mem_gb 0.170
2026-10-01 22:36:54,694 | DEBUG | step 1306 epoch 1 loss 0.1173 step_s 0.0221 peak_mem_gb 0.170
2026-10-01 22:36:54,715 | DEBUG | step 1307 epoch 1 loss 0.1943 step_s 0.0206 peak_mem_gb 0.170
2026-10-01 22:36:54,739 | DEBUG | step 1308 epoch 1 loss 0.1545 step_s 0.0228 peak_mem_gb 0.170
2026-10-01 22:36:54,763 | DEBUG | step 1309 epoch 1 loss 0.2215 step_s 0.0234 peak_mem_gb 0.170
2026-10-01 22:36:54,784 | DEBUG | step 1310 epoch 1 loss 0.1742 step_s 0.0196 peak_mem_gb 0.170
2026-10-01 22:36:54,809 | DEBUG | step 1311 epoch 1 loss 0.1542 step_s 0.0244 peak_mem_gb 0.170
2026-10-01 22:36:54,835 | DEBUG | step 1312 epoch 1 loss 0.1475 step_s 0.0250 peak_mem_gb 0.170
2026-10-01 22:36:54,861 | DEBUG | step 1313 epoch 1 loss 0.1769 step_s 0.0243 peak_mem_gb 0.170
2026-10-01 22:36:54,887 | DEBUG | step 1314 epoch 1 loss 0.3745 step_s 0.0246 peak_mem_gb 0.170
2026-10-01 22:36:54,910 | DEBUG | step 1315 epoch 1 loss 0.2890 step_s 0.0221 peak_mem_gb 0.170
2026-10-01 22:36:54,933 | DEBUG | step 1316 epoch 1 loss 0.1780 step_s 0.0230 peak_mem_gb 0.170
2026-10-01 22:36:54,957 | DEBUG | step 1317 epoch 1 loss 0.1825 step_s 0.0226 peak_mem_gb 0.170
2026-10-01 22:36:54,978 | DEBUG | step 1318 epoch 1 loss 0.2316 step_s 0.0200 peak_mem_gb 0.170
2026-10-01 22:36:55,001 | DEBUG | step 1319 epoch 1 loss 0.2301 step_s 0.0219 peak_mem_gb 0.170
2026-10-01 22:36:55,024 | DEBUG | step 1320 epoch 1 loss 0.1731 step_s 0.0223 peak_mem_gb 0.170
2026-10-01 22:36:55,044 | DEBUG | step 1321 epoch 1 loss 0.1188 step_s 0.0200 peak_mem_gb 0.170
2026-10-01 22:36:55,069 | DEBUG | step 1322 epoch 1 loss 0.1773 step_s 0.0234 peak_mem_gb 0.170
2026-10-01 22:36:55,094 | DEBUG | step 1323 epoch 1 loss 0.2596 step_s 0.0248 peak_mem_gb 0.170
2026-10-01 22:36:55,119 | DEBUG | step 1324 epoch 1 loss 0.3280 step_s 0.0239 peak_mem_gb 0.170
2026-10-01 22:36:55,142 | DEBUG | step 1325 epoch 1 loss 0.2196 step_s 0.0215 peak_mem_gb 0.170
2026-10-01 22:36:55,167 | DEBUG | step 1326 epoch 1 loss 0.1073 step_s 0.0245 peak_mem_gb 0.171
2026-10-01 22:36:55,191 | DEBUG | step 1327 epoch 1 loss 0.2239 step_s 0.0224 peak_mem_gb 0.171
2026-10-01 22:36:55,219 | DEBUG | step 1328 epoch 1 loss 0.2262 step_s 0.0268 peak_mem_gb 0.171
2026-10-01 22:36:55,245 | DEBUG | step 1329 epoch 1 loss 0.1204 step_s 0.0251 peak_mem_gb 0.171
2026-10-01 22:36:55,269 | DEBUG | step 1330 epoch 1 loss 0.1517 step_s 0.0234 peak_mem_gb 0.171
2026-10-01 22:36:55,292 | DEBUG | step 1331 epoch 1 loss 0.2206 step_s 0.0220 peak_mem_gb 0.171
2026-10-01 22:36:55,313 | DEBUG | step 1332 epoch 1 loss 0.2265 step_s 0.0203 peak_mem_gb 0.171
2026-10-01 22:36:55,338 | DEBUG | step 1333 epoch 1 loss 0.1766 step_s 0.0236 peak_mem_gb 0.171
2026-10-01 22:36:55,358 | DEBUG | step 1334 epoch 1 loss 0.1413 step_s 0.0197 peak_mem_gb 0.171
2026-10-01 22:36:55,383 | DEBUG | step 1335 epoch 1 loss 0.1443 step_s 0.0239 peak_mem_gb 0.171
2026-10-01 22:36:55,408 | DEBUG | step 1336 epoch 1 loss 0.1715 step_s 0.0242 peak_mem_gb 0.171
2026-10-01 22:36:55,432 | DEBUG | step 1337 epoch 1 loss 0.2683 step_s 0.0226 peak_mem_gb 0.171
2026-10-01 22:36:55,455 | DEBUG | step 1338 epoch 1 loss 0.1405 step_s 0.0225 peak_mem_gb 0.171
2026-10-01 22:36:55,480 | DEBUG | step 1339 epoch 1 loss 0.3086 step_s 0.0238 peak_mem_gb 0.171
2026-10-01 22:36:55,504 | DEBUG | step 1340 epoch 1 loss 0.1654 step_s 0.0236 peak_mem_gb 0.171
2026-10-01 22:36:55,524 | DEBUG | step 1341 epoch 1 loss 0.1790 step_s 0.0186 peak_mem_gb 0.171
2026-10-01 22:36:55,549 | DEBUG | step 1342 epoch 1 loss 0.1775 step_s 0.0241 peak_mem_gb 0.171
2026-10-01 22:36:55,574 | DEBUG | step 1343 epoch 1 loss 0.1286 step_s 0.0243 peak_mem_gb 0.171
2026-10-01 22:36:55,600 | DEBUG | step 1344 epoch 1 loss 0.0697 step_s 0.0253 peak_mem_gb 0.171
2026-10-01 22:36:55,625 | DEBUG | step 1345 epoch 1 loss 0.1569 step_s 0.0239 peak_mem_gb 0.171
2026-10-01 22:36:55,649 | DEBUG | step 1346 epoch 1 loss 0.2213 step_s 0.0229 peak_mem_gb 0.171
2026-10-01 22:36:55,673 | DEBUG | step 1347 epoch 1 loss 0.1020 step_s 0.0232 peak_mem_gb 0.171
2026-10-01 22:36:55,696 | DEBUG | step 1348 epoch 1 loss 0.2702 step_s 0.0224 peak_mem_gb 0.171
2026-10-01 22:36:55,719 | DEBUG | step 1349 epoch 1 loss 0.1218 step_s 0.0223 peak_mem_gb 0.171
2026-10-01 22:36:55,747 | DEBUG | step 1350 epoch 1 loss 0.2689 step_s 0.0258 peak_mem_gb 0.171
2026-10-01 22:36:55,774 | DEBUG | step 1351 epoch 1 loss 0.2702 step_s 0.0265 peak_mem_gb 0.171
2026-10-01 22:36:55,807 | DEBUG | step 1352 epoch 1 loss 0.2533 step_s 0.0314 peak_mem_gb 0.171
2026-10-01 22:36:55,835 | DEBUG | step 1353 epoch 1 loss 0.2310 step_s 0.0267 peak_mem_gb 0.171
2026-10-01 22:36:55,863 | DEBUG | step 1354 epoch 1 loss 0.1816 step_s 0.0266 peak_mem_gb 0.171
2026-10-01 22:36:55,890 | DEBUG | step 1355 epoch 1 loss 0.1270 step_s 0.0261 peak_mem_gb 0.171
2026-10-01 22:36:55,915 | DEBUG | step 1356 epoch 1 loss 0.2835 step_s 0.0244 peak_mem_gb 0.171
2026-10-01 22:36:55,940 | DEBUG | step 1357 epoch 1 loss 0.3023 step_s 0.0236 peak_mem_gb 0.171
2026-10-01 22:36:55,969 | DEBUG | step 1358 epoch 1 loss 0.2880 step_s 0.0282 peak_mem_gb 0.171
2026-10-01 22:36:55,992 | DEBUG | step 1359 epoch 1 loss 0.2077 step_s 0.0216 peak_mem_gb 0.171
2026-10-01 22:36:56,017 | DEBUG | step 1360 epoch 1 loss 0.2471 step_s 0.0244 peak_mem_gb 0.171
2026-10-01 22:36:56,040 | DEBUG | step 1361 epoch 1 loss 0.2363 step_s 0.0216 peak_mem_gb 0.171
2026-10-01 22:36:56,062 | DEBUG | step 1362 epoch 1 loss 0.1834 step_s 0.0219 peak_mem_gb 0.171
2026-10-01 22:36:56,087 | DEBUG | step 1363 epoch 1 loss 0.2066 step_s 0.0240 peak_mem_gb 0.171
2026-10-01 22:36:56,111 | DEBUG | step 1364 epoch 1 loss 0.1613 step_s 0.0225 peak_mem_gb 0.171
2026-10-01 22:36:56,136 | DEBUG | step 1365 epoch 1 loss 0.2428 step_s 0.0238 peak_mem_gb 0.171
2026-10-01 22:36:56,161 | DEBUG | step 1366 epoch 1 loss 0.1874 step_s 0.0240 peak_mem_gb 0.171
2026-10-01 22:36:56,185 | DEBUG | step 1367 epoch 1 loss 0.1907 step_s 0.0235 peak_mem_gb 0.171
2026-10-01 22:36:56,210 | DEBUG | step 1368 epoch 1 loss 0.2142 step_s 0.0243 peak_mem_gb 0.171
2026-10-01 22:36:56,234 | DEBUG | step 1369 epoch 1 loss 0.2094 step_s 0.0230 peak_mem_gb 0.171
2026-10-01 22:36:56,258 | DEBUG | step 1370 epoch 1 loss 0.1363 step_s 0.0230 peak_mem_gb 0.171
2026-10-01 22:36:56,283 | DEBUG | step 1371 epoch 1 loss 0.1634 step_s 0.0243 peak_mem_gb 0.171
2026-10-01 22:36:56,310 | DEBUG | step 1372 epoch 1 loss 0.1950 step_s 0.0253 peak_mem_gb 0.171
2026-10-01 22:36:56,333 | DEBUG | step 1373 epoch 1 loss 0.1891 step_s 0.0227 peak_mem_gb 0.171
2026-10-01 22:36:56,357 | DEBUG | step 1374 epoch 1 loss 0.1927 step_s 0.0232 peak_mem_gb 0.171
2026-10-01 22:36:56,382 | DEBUG | step 1375 epoch 1 loss 0.1847 step_s 0.0235 peak_mem_gb 0.171
2026-10-01 22:36:56,407 | DEBUG | step 1376 epoch 1 loss 0.2573 step_s 0.0244 peak_mem_gb 0.171
2026-10-01 22:36:56,424 | DEBUG | step 1377 epoch 1 loss 0.1391 step_s 0.0161 peak_mem_gb 0.171
2026-10-01 22:36:56,448 | DEBUG | step 1378 epoch 1 loss 0.2931 step_s 0.0234 peak_mem_gb 0.171
2026-10-01 22:36:56,473 | DEBUG | step 1379 epoch 1 loss 0.1987 step_s 0.0237 peak_mem_gb 0.171
2026-10-01 22:36:56,500 | DEBUG | step 1380 epoch 1 loss 0.1976 step_s 0.0261 peak_mem_gb 0.171
2026-10-01 22:36:56,524 | DEBUG | step 1381 epoch 1 loss 0.2380 step_s 0.0231 peak_mem_gb 0.171
2026-10-01 22:36:56,548 | DEBUG | step 1382 epoch 1 loss 0.1620 step_s 0.0234 peak_mem_gb 0.171
2026-10-01 22:36:56,572 | DEBUG | step 1383 epoch 1 loss 0.2030 step_s 0.0235 peak_mem_gb 0.171
2026-10-01 22:36:56,597 | DEBUG | step 1384 epoch 1 loss 0.3655 step_s 0.0234 peak_mem_gb 0.171
2026-10-01 22:36:56,622 | DEBUG | step 1385 epoch 1 loss 0.2326 step_s 0.0236 peak_mem_gb 0.171
2026-10-01 22:36:56,647 | DEBUG | step 1386 epoch 1 loss 0.2456 step_s 0.0249 peak_mem_gb 0.171
2026-10-01 22:36:56,669 | DEBUG | step 1387 epoch 1 loss 0.1864 step_s 0.0208 peak_mem_gb 0.171
2026-10-01 22:36:56,689 | DEBUG | step 1388 epoch 1 loss 0.1706 step_s 0.0196 peak_mem_gb 0.171
2026-10-01 22:36:56,714 | DEBUG | step 1389 epoch 1 loss 0.1498 step_s 0.0234 peak_mem_gb 0.171
2026-10-01 22:36:56,734 | DEBUG | step 1390 epoch 1 loss 0.2384 step_s 0.0194 peak_mem_gb 0.171
2026-10-01 22:36:56,759 | DEBUG | step 1391 epoch 1 loss 0.1757 step_s 0.0240 peak_mem_gb 0.171
2026-10-01 22:36:56,784 | DEBUG | step 1392 epoch 1 loss 0.2022 step_s 0.0238 peak_mem_gb 0.171
2026-10-01 22:36:56,809 | DEBUG | step 1393 epoch 1 loss 0.2391 step_s 0.0248 peak_mem_gb 0.171
2026-10-01 22:36:56,840 | DEBUG | step 1394 epoch 1 loss 0.1688 step_s 0.0289 peak_mem_gb 0.171
2026-10-01 22:36:56,864 | DEBUG | step 1395 epoch 1 loss 0.3139 step_s 0.0235 peak_mem_gb 0.171
2026-10-01 22:36:56,890 | DEBUG | step 1396 epoch 1 loss 0.3374 step_s 0.0249 peak_mem_gb 0.171
2026-10-01 22:36:56,918 | DEBUG | step 1397 epoch 1 loss 0.2360 step_s 0.0267 peak_mem_gb 0.171
2026-10-01 22:36:56,944 | DEBUG | step 1398 epoch 1 loss 0.1474 step_s 0.0252 peak_mem_gb 0.171
2026-10-01 22:36:56,969 | DEBUG | step 1399 epoch 1 loss 0.3032 step_s 0.0233 peak_mem_gb 0.171
2026-10-01 22:36:56,994 | INFO | step 1400 epoch 1 loss 0.1943 step_s 0.0238 peak_mem_gb 0.171
2026-10-01 22:36:57,022 | DEBUG | step 1401 epoch 1 loss 0.3143 step_s 0.0270 peak_mem_gb 0.171
2026-10-01 22:36:57,047 | DEBUG | step 1402 epoch 1 loss 0.2182 step_s 0.0241 peak_mem_gb 0.171
2026-10-01 22:36:57,073 | DEBUG | step 1403 epoch 1 loss 0.1274 step_s 0.0238 peak_mem_gb 0.171
2026-10-01 22:36:57,096 | DEBUG | step 1404 epoch 1 loss 0.1774 step_s 0.0230 peak_mem_gb 0.171
2026-10-01 22:36:57,121 | DEBUG | step 1405 epoch 1 loss 0.2958 step_s 0.0238 peak_mem_gb 0.171
2026-10-01 22:36:57,143 | DEBUG | step 1406 epoch 1 loss 0.1319 step_s 0.0210 peak_mem_gb 0.171
2026-10-01 22:36:57,168 | DEBUG | step 1407 epoch 1 loss 0.1606 step_s 0.0236 peak_mem_gb 0.171
2026-10-01 22:36:57,191 | DEBUG | step 1408 epoch 1 loss 0.2667 step_s 0.0219 peak_mem_gb 0.171
2026-10-01 22:36:57,215 | DEBUG | step 1409 epoch 1 loss 0.1911 step_s 0.0237 peak_mem_gb 0.171
2026-10-01 22:36:57,238 | DEBUG | step 1410 epoch 1 loss 0.1752 step_s 0.0216 peak_mem_gb 0.171
2026-10-01 22:36:57,264 | DEBUG | step 1411 epoch 1 loss 0.3172 step_s 0.0251 peak_mem_gb 0.171
2026-10-01 22:36:57,284 | DEBUG | step 1412 epoch 1 loss 0.3144 step_s 0.0189 peak_mem_gb 0.171
2026-10-01 22:36:57,309 | DEBUG | step 1413 epoch 1 loss 0.2125 step_s 0.0238 peak_mem_gb 0.171
2026-10-01 22:36:57,330 | DEBUG | step 1414 epoch 1 loss 0.2690 step_s 0.0209 peak_mem_gb 0.171
2026-10-01 22:36:57,357 | DEBUG | step 1415 epoch 1 loss 0.1530 step_s 0.0257 peak_mem_gb 0.171
2026-10-01 22:36:57,382 | DEBUG | step 1416 epoch 1 loss 0.1802 step_s 0.0237 peak_mem_gb 0.171
2026-10-01 22:36:57,405 | DEBUG | step 1417 epoch 1 loss 0.1104 step_s 0.0227 peak_mem_gb 0.171
2026-10-01 22:36:57,430 | DEBUG | step 1418 epoch 1 loss 0.1294 step_s 0.0240 peak_mem_gb 0.171
2026-10-01 22:36:57,455 | DEBUG | step 1419 epoch 1 loss 0.1436 step_s 0.0237 peak_mem_gb 0.171
2026-10-01 22:36:57,479 | DEBUG | step 1420 epoch 1 loss 0.1390 step_s 0.0227 peak_mem_gb 0.171
2026-10-01 22:36:57,503 | DEBUG | step 1421 epoch 1 loss 0.1778 step_s 0.0238 peak_mem_gb 0.171
2026-10-01 22:36:57,525 | DEBUG | step 1422 epoch 1 loss 0.1989 step_s 0.0210 peak_mem_gb 0.171
2026-10-01 22:36:57,550 | DEBUG | step 1423 epoch 1 loss 0.1852 step_s 0.0233 peak_mem_gb 0.171
2026-10-01 22:36:57,574 | DEBUG | step 1424 epoch 1 loss 0.2008 step_s 0.0236 peak_mem_gb 0.171
2026-10-01 22:36:57,599 | DEBUG | step 1425 epoch 1 loss 0.1921 step_s 0.0241 peak_mem_gb 0.171
2026-10-01 22:36:57,625 | DEBUG | step 1426 epoch 1 loss 0.1503 step_s 0.0243 peak_mem_gb 0.171
2026-10-01 22:36:57,650 | DEBUG | step 1427 epoch 1 loss 0.1812 step_s 0.0243 peak_mem_gb 0.171
2026-10-01 22:36:57,675 | DEBUG | step 1428 epoch 1 loss 0.2159 step_s 0.0239 peak_mem_gb 0.171
2026-10-01 22:36:57,701 | DEBUG | step 1429 epoch 1 loss 0.1565 step_s 0.0251 peak_mem_gb 0.171
2026-10-01 22:36:57,725 | DEBUG | step 1430 epoch 1 loss 0.1334 step_s 0.0235 peak_mem_gb 0.171
2026-10-01 22:36:57,750 | DEBUG | step 1431 epoch 1 loss 0.1690 step_s 0.0238 peak_mem_gb 0.171
2026-10-01 22:36:57,775 | DEBUG | step 1432 epoch 1 loss 0.1734 step_s 0.0240 peak_mem_gb 0.171
2026-10-01 22:36:57,798 | DEBUG | step 1433 epoch 1 loss 0.1813 step_s 0.0225 peak_mem_gb 0.171
2026-10-01 22:36:57,824 | DEBUG | step 1434 epoch 1 loss 0.2153 step_s 0.0250 peak_mem_gb 0.171
2026-10-01 22:36:57,852 | DEBUG | step 1435 epoch 1 loss 0.1439 step_s 0.0272 peak_mem_gb 0.171
2026-10-01 22:36:57,879 | DEBUG | step 1436 epoch 1 loss 0.1793 step_s 0.0254 peak_mem_gb 0.171
2026-10-01 22:36:57,906 | DEBUG | step 1437 epoch 1 loss 0.1936 step_s 0.0251 peak_mem_gb 0.171
2026-10-01 22:36:57,931 | DEBUG | step 1438 epoch 1 loss 0.1258 step_s 0.0242 peak_mem_gb 0.171
2026-10-01 22:36:57,956 | DEBUG | step 1439 epoch 1 loss 0.1688 step_s 0.0244 peak_mem_gb 0.171
2026-10-01 22:36:57,981 | DEBUG | step 1440 epoch 1 loss 0.2726 step_s 0.0239 peak_mem_gb 0.171
2026-10-01 22:36:58,006 | DEBUG | step 1441 epoch 1 loss 0.3055 step_s 0.0244 peak_mem_gb 0.171
2026-10-01 22:36:58,029 | DEBUG | step 1442 epoch 1 loss 0.2629 step_s 0.0208 peak_mem_gb 0.171
2026-10-01 22:36:58,055 | DEBUG | step 1443 epoch 1 loss 0.2376 step_s 0.0256 peak_mem_gb 0.171
2026-10-01 22:36:58,079 | DEBUG | step 1444 epoch 1 loss 0.2038 step_s 0.0234 peak_mem_gb 0.171
2026-10-01 22:36:58,101 | DEBUG | step 1445 epoch 1 loss 0.1773 step_s 0.0203 peak_mem_gb 0.171
2026-10-01 22:36:58,123 | DEBUG | step 1446 epoch 1 loss 0.2007 step_s 0.0219 peak_mem_gb 0.171
2026-10-01 22:36:58,148 | DEBUG | step 1447 epoch 1 loss 0.2887 step_s 0.0234 peak_mem_gb 0.171
2026-10-01 22:36:58,172 | DEBUG | step 1448 epoch 1 loss 0.1743 step_s 0.0230 peak_mem_gb 0.171
2026-10-01 22:36:58,196 | DEBUG | step 1449 epoch 1 loss 0.2617 step_s 0.0229 peak_mem_gb 0.171
2026-10-01 22:36:58,221 | DEBUG | step 1450 epoch 1 loss 0.3317 step_s 0.0241 peak_mem_gb 0.171
2026-10-01 22:36:58,245 | DEBUG | step 1451 epoch 1 loss 0.1857 step_s 0.0238 peak_mem_gb 0.171
2026-10-01 22:36:58,270 | DEBUG | step 1452 epoch 1 loss 0.2148 step_s 0.0242 peak_mem_gb 0.171
2026-10-01 22:36:58,296 | DEBUG | step 1453 epoch 1 loss 0.0926 step_s 0.0243 peak_mem_gb 0.171
2026-10-01 22:36:58,316 | DEBUG | step 1454 epoch 1 loss 0.2455 step_s 0.0196 peak_mem_gb 0.171
2026-10-01 22:36:58,341 | DEBUG | step 1455 epoch 1 loss 0.0943 step_s 0.0238 peak_mem_gb 0.171
2026-10-01 22:36:58,362 | DEBUG | step 1456 epoch 1 loss 0.2394 step_s 0.0197 peak_mem_gb 0.171
2026-10-01 22:36:58,388 | DEBUG | step 1457 epoch 1 loss 0.3406 step_s 0.0258 peak_mem_gb 0.171
2026-10-01 22:36:58,413 | DEBUG | step 1458 epoch 1 loss 0.2410 step_s 0.0242 peak_mem_gb 0.171
2026-10-01 22:36:58,437 | DEBUG | step 1459 epoch 1 loss 0.1946 step_s 0.0228 peak_mem_gb 0.171
2026-10-01 22:36:58,458 | DEBUG | step 1460 epoch 1 loss 0.2385 step_s 0.0198 peak_mem_gb 0.171
2026-10-01 22:36:58,483 | DEBUG | step 1461 epoch 1 loss 0.2526 step_s 0.0236 peak_mem_gb 0.171
2026-10-01 22:36:58,508 | DEBUG | step 1462 epoch 1 loss 0.2267 step_s 0.0247 peak_mem_gb 0.171
2026-10-01 22:36:58,533 | DEBUG | step 1463 epoch 1 loss 0.1420 step_s 0.0233 peak_mem_gb 0.171
2026-10-01 22:36:58,557 | DEBUG | step 1464 epoch 1 loss 0.1858 step_s 0.0235 peak_mem_gb 0.171
2026-10-01 22:36:58,581 | DEBUG | step 1465 epoch 1 loss 0.1701 step_s 0.0233 peak_mem_gb 0.171
2026-10-01 22:36:58,605 | DEBUG | step 1466 epoch 1 loss 0.1174 step_s 0.0227 peak_mem_gb 0.171
2026-10-01 22:36:58,629 | DEBUG | step 1467 epoch 1 loss 0.1646 step_s 0.0238 peak_mem_gb 0.171
2026-10-01 22:36:58,652 | DEBUG | step 1468 epoch 1 loss 0.1970 step_s 0.0220 peak_mem_gb 0.171
2026-10-01 22:36:58,677 | DEBUG | step 1469 epoch 1 loss 0.1918 step_s 0.0234 peak_mem_gb 0.171
2026-10-01 22:36:58,701 | DEBUG | step 1470 epoch 1 loss 0.1813 step_s 0.0236 peak_mem_gb 0.171
2026-10-01 22:36:58,726 | DEBUG | step 1471 epoch 1 loss 0.1221 step_s 0.0242 peak_mem_gb 0.171
2026-10-01 22:36:58,752 | DEBUG | step 1472 epoch 1 loss 0.1352 step_s 0.0242 peak_mem_gb 0.171
2026-10-01 22:36:58,776 | DEBUG | step 1473 epoch 1 loss 0.2803 step_s 0.0236 peak_mem_gb 0.171
2026-10-01 22:36:58,801 | DEBUG | step 1474 epoch 1 loss 0.1235 step_s 0.0237 peak_mem_gb 0.171
2026-10-01 22:36:58,825 | DEBUG | step 1475 epoch 1 loss 0.1557 step_s 0.0235 peak_mem_gb 0.171
2026-10-01 22:36:58,850 | DEBUG | step 1476 epoch 1 loss 0.1723 step_s 0.0240 peak_mem_gb 0.171
2026-10-01 22:36:58,874 | DEBUG | step 1477 epoch 1 loss 0.2260 step_s 0.0234 peak_mem_gb 0.171
2026-10-01 22:36:58,899 | DEBUG | step 1478 epoch 1 loss 0.1799 step_s 0.0235 peak_mem_gb 0.171
2026-10-01 22:36:58,925 | DEBUG | step 1479 epoch 1 loss 0.2328 step_s 0.0252 peak_mem_gb 0.171
2026-10-01 22:36:58,952 | DEBUG | step 1480 epoch 1 loss 0.3741 step_s 0.0259 peak_mem_gb 0.171
2026-10-01 22:36:58,979 | DEBUG | step 1481 epoch 1 loss 0.1083 step_s 0.0256 peak_mem_gb 0.171
2026-10-01 22:36:59,005 | DEBUG | step 1482 epoch 1 loss 0.1873 step_s 0.0255 peak_mem_gb 0.171
2026-10-01 22:36:59,027 | DEBUG | step 1483 epoch 1 loss 0.1787 step_s 0.0202 peak_mem_gb 0.171
2026-10-01 22:36:59,052 | DEBUG | step 1484 epoch 1 loss 0.2225 step_s 0.0244 peak_mem_gb 0.171
2026-10-01 22:36:59,075 | DEBUG | step 1485 epoch 1 loss 0.1194 step_s 0.0220 peak_mem_gb 0.171
2026-10-01 22:36:59,103 | DEBUG | step 1486 epoch 1 loss 0.2193 step_s 0.0266 peak_mem_gb 0.171
2026-10-01 22:36:59,126 | DEBUG | step 1487 epoch 1 loss 0.1048 step_s 0.0219 peak_mem_gb 0.171
2026-10-01 22:36:59,148 | DEBUG | step 1488 epoch 1 loss 0.2016 step_s 0.0202 peak_mem_gb 0.171
2026-10-01 22:36:59,172 | DEBUG | step 1489 epoch 1 loss 0.2914 step_s 0.0237 peak_mem_gb 0.171
2026-10-01 22:36:59,197 | DEBUG | step 1490 epoch 1 loss 0.1951 step_s 0.0241 peak_mem_gb 0.171
2026-10-01 22:36:59,222 | DEBUG | step 1491 epoch 1 loss 0.1113 step_s 0.0236 peak_mem_gb 0.171
2026-10-01 22:36:59,246 | DEBUG | step 1492 epoch 1 loss 0.0918 step_s 0.0237 peak_mem_gb 0.171
2026-10-01 22:36:59,275 | DEBUG | step 1493 epoch 1 loss 0.1243 step_s 0.0275 peak_mem_gb 0.171
2026-10-01 22:36:59,301 | DEBUG | step 1494 epoch 1 loss 0.2393 step_s 0.0248 peak_mem_gb 0.171
2026-10-01 22:36:59,325 | DEBUG | step 1495 epoch 1 loss 0.2073 step_s 0.0230 peak_mem_gb 0.171
2026-10-01 22:36:59,350 | DEBUG | step 1496 epoch 1 loss 0.1651 step_s 0.0240 peak_mem_gb 0.171
2026-10-01 22:36:59,373 | DEBUG | step 1497 epoch 1 loss 0.2436 step_s 0.0219 peak_mem_gb 0.171
2026-10-01 22:36:59,399 | DEBUG | step 1498 epoch 1 loss 0.3009 step_s 0.0253 peak_mem_gb 0.171
2026-10-01 22:36:59,426 | DEBUG | step 1499 epoch 1 loss 0.3387 step_s 0.0255 peak_mem_gb 0.171
2026-10-01 22:36:59,454 | DEBUG | step 1500 epoch 1 loss 0.1433 step_s 0.0274 peak_mem_gb 0.171
2026-10-01 22:36:59,475 | DEBUG | step 1501 epoch 1 loss 0.1597 step_s 0.0197 peak_mem_gb 0.171
2026-10-01 22:36:59,494 | DEBUG | step 1502 epoch 1 loss 0.2159 step_s 0.0174 peak_mem_gb 0.171
2026-10-01 22:36:59,519 | DEBUG | step 1503 epoch 1 loss 0.3426 step_s 0.0247 peak_mem_gb 0.171
2026-10-01 22:36:59,542 | DEBUG | step 1504 epoch 1 loss 0.2047 step_s 0.0224 peak_mem_gb 0.171
2026-10-01 22:36:59,567 | DEBUG | step 1505 epoch 1 loss 0.2329 step_s 0.0233 peak_mem_gb 0.171
2026-10-01 22:36:59,590 | DEBUG | step 1506 epoch 1 loss 0.3357 step_s 0.0229 peak_mem_gb 0.171
2026-10-01 22:36:59,616 | DEBUG | step 1507 epoch 1 loss 0.1674 step_s 0.0249 peak_mem_gb 0.171
2026-10-01 22:36:59,640 | DEBUG | step 1508 epoch 1 loss 0.1477 step_s 0.0234 peak_mem_gb 0.171
2026-10-01 22:36:59,664 | DEBUG | step 1509 epoch 1 loss 0.1994 step_s 0.0232 peak_mem_gb 0.171
2026-10-01 22:36:59,689 | DEBUG | step 1510 epoch 1 loss 0.3265 step_s 0.0235 peak_mem_gb 0.171
2026-10-01 22:36:59,714 | DEBUG | step 1511 epoch 1 loss 0.1643 step_s 0.0240 peak_mem_gb 0.171
2026-10-01 22:36:59,735 | DEBUG | step 1512 epoch 1 loss 0.1362 step_s 0.0208 peak_mem_gb 0.171
2026-10-01 22:36:59,759 | DEBUG | step 1513 epoch 1 loss 0.2374 step_s 0.0230 peak_mem_gb 0.171
2026-10-01 22:36:59,785 | DEBUG | step 1514 epoch 1 loss 0.1191 step_s 0.0249 peak_mem_gb 0.171
2026-10-01 22:36:59,804 | DEBUG | step 1515 epoch 1 loss 0.1607 step_s 0.0180 peak_mem_gb 0.171
2026-10-01 22:36:59,828 | DEBUG | step 1516 epoch 1 loss 0.1966 step_s 0.0238 peak_mem_gb 0.171
2026-10-01 22:36:59,853 | DEBUG | step 1517 epoch 1 loss 0.2672 step_s 0.0240 peak_mem_gb 0.171
2026-10-01 22:36:59,877 | DEBUG | step 1518 epoch 1 loss 0.1231 step_s 0.0220 peak_mem_gb 0.171
2026-10-01 22:36:59,901 | DEBUG | step 1519 epoch 1 loss 0.2328 step_s 0.0238 peak_mem_gb 0.171
2026-10-01 22:36:59,926 | DEBUG | step 1520 epoch 1 loss 0.2326 step_s 0.0238 peak_mem_gb 0.171
2026-10-01 22:36:59,953 | DEBUG | step 1521 epoch 1 loss 0.2708 step_s 0.0259 peak_mem_gb 0.171
2026-10-01 22:36:59,972 | DEBUG | step 1522 epoch 1 loss 0.1583 step_s 0.0184 peak_mem_gb 0.171
2026-10-01 22:36:59,996 | DEBUG | step 1523 epoch 1 loss 0.3569 step_s 0.0233 peak_mem_gb 0.171
2026-10-01 22:37:00,023 | DEBUG | step 1524 epoch 1 loss 0.1607 step_s 0.0260 peak_mem_gb 0.171
2026-10-01 22:37:00,050 | DEBUG | step 1525 epoch 1 loss 0.1521 step_s 0.0253 peak_mem_gb 0.171
2026-10-01 22:37:00,074 | DEBUG | step 1526 epoch 1 loss 0.1825 step_s 0.0238 peak_mem_gb 0.171
2026-10-01 22:37:00,100 | DEBUG | step 1527 epoch 1 loss 0.1190 step_s 0.0245 peak_mem_gb 0.171
2026-10-01 22:37:00,125 | DEBUG | step 1528 epoch 1 loss 0.1418 step_s 0.0244 peak_mem_gb 0.171
2026-10-01 22:37:00,151 | DEBUG | step 1529 epoch 1 loss 0.1777 step_s 0.0244 peak_mem_gb 0.171
2026-10-01 22:37:00,176 | DEBUG | step 1530 epoch 1 loss 0.1909 step_s 0.0246 peak_mem_gb 0.171
2026-10-01 22:37:00,203 | DEBUG | step 1531 epoch 1 loss 0.2563 step_s 0.0253 peak_mem_gb 0.171
2026-10-01 22:37:00,228 | DEBUG | step 1532 epoch 1 loss 0.2113 step_s 0.0241 peak_mem_gb 0.171
2026-10-01 22:37:00,248 | DEBUG | step 1533 epoch 1 loss 0.1720 step_s 0.0196 peak_mem_gb 0.171
2026-10-01 22:37:00,273 | DEBUG | step 1534 epoch 1 loss 0.1028 step_s 0.0242 peak_mem_gb 0.171
2026-10-01 22:37:00,292 | DEBUG | step 1535 epoch 1 loss 0.1522 step_s 0.0182 peak_mem_gb 0.171
2026-10-01 22:37:00,319 | DEBUG | step 1536 epoch 1 loss 0.1970 step_s 0.0252 peak_mem_gb 0.171
2026-10-01 22:37:00,343 | DEBUG | step 1537 epoch 1 loss 0.1394 step_s 0.0233 peak_mem_gb 0.171
2026-10-01 22:37:00,367 | DEBUG | step 1538 epoch 1 loss 0.0948 step_s 0.0228 peak_mem_gb 0.171
2026-10-01 22:37:00,388 | DEBUG | step 1539 epoch 1 loss 0.2435 step_s 0.0206 peak_mem_gb 0.171
2026-10-01 22:37:00,414 | DEBUG | step 1540 epoch 1 loss 0.2594 step_s 0.0243 peak_mem_gb 0.171
2026-10-01 22:37:00,439 | DEBUG | step 1541 epoch 1 loss 0.1902 step_s 0.0247 peak_mem_gb 0.171
2026-10-01 22:37:00,464 | DEBUG | step 1542 epoch 1 loss 0.1373 step_s 0.0237 peak_mem_gb 0.171
2026-10-01 22:37:00,489 | DEBUG | step 1543 epoch 1 loss 0.1990 step_s 0.0245 peak_mem_gb 0.171
2026-10-01 22:37:00,512 | DEBUG | step 1544 epoch 1 loss 0.1460 step_s 0.0221 peak_mem_gb 0.171
2026-10-01 22:37:00,532 | DEBUG | step 1545 epoch 1 loss 0.2315 step_s 0.0185 peak_mem_gb 0.171
2026-10-01 22:37:00,554 | DEBUG | step 1546 epoch 1 loss 0.2195 step_s 0.0211 peak_mem_gb 0.171
2026-10-01 22:37:00,578 | DEBUG | step 1547 epoch 1 loss 0.2015 step_s 0.0233 peak_mem_gb 0.171
2026-10-01 22:37:00,598 | DEBUG | step 1548 epoch 1 loss 0.2749 step_s 0.0192 peak_mem_gb 0.171
2026-10-01 22:37:00,622 | DEBUG | step 1549 epoch 1 loss 0.2469 step_s 0.0235 peak_mem_gb 0.171
2026-10-01 22:37:00,647 | DEBUG | step 1550 epoch 1 loss 0.1189 step_s 0.0241 peak_mem_gb 0.171
2026-10-01 22:37:00,670 | DEBUG | step 1551 epoch 1 loss 0.1211 step_s 0.0221 peak_mem_gb 0.171
2026-10-01 22:37:00,695 | DEBUG | step 1552 epoch 1 loss 0.2377 step_s 0.0238 peak_mem_gb 0.171
2026-10-01 22:37:00,717 | DEBUG | step 1553 epoch 1 loss 0.2218 step_s 0.0211 peak_mem_gb 0.171
2026-10-01 22:37:00,742 | DEBUG | step 1554 epoch 1 loss 0.3963 step_s 0.0236 peak_mem_gb 0.171
2026-10-01 22:37:00,766 | DEBUG | step 1555 epoch 1 loss 0.1678 step_s 0.0239 peak_mem_gb 0.171
2026-10-01 22:37:00,789 | DEBUG | step 1556 epoch 1 loss 0.0513 step_s 0.0213 peak_mem_gb 0.171
2026-10-01 22:37:00,811 | DEBUG | step 1557 epoch 1 loss 0.1502 step_s 0.0208 peak_mem_gb 0.171
2026-10-01 22:37:00,836 | DEBUG | step 1558 epoch 1 loss 0.3221 step_s 0.0250 peak_mem_gb 0.171
2026-10-01 22:37:00,860 | DEBUG | step 1559 epoch 1 loss 0.0835 step_s 0.0232 peak_mem_gb 0.171
2026-10-01 22:37:00,882 | DEBUG | step 1560 epoch 1 loss 0.1271 step_s 0.0205 peak_mem_gb 0.171
2026-10-01 22:37:00,907 | DEBUG | step 1561 epoch 1 loss 0.2336 step_s 0.0242 peak_mem_gb 0.171
2026-10-01 22:37:00,932 | DEBUG | step 1562 epoch 1 loss 0.1924 step_s 0.0237 peak_mem_gb 0.171
2026-10-01 22:37:00,951 | DEBUG | step 1563 epoch 1 loss 0.0873 step_s 0.0161 peak_mem_gb 0.171
2026-10-01 22:37:01,496 | INFO | epoch 1/5 train_loss 0.2645 val_f1_macro 0.9281 val_accuracy 0.9281
2026-10-01 22:37:01,568 | INFO | new best val_f1_macro 0.9281 -> task2_sentiment/sneha/checkpoints/bigru_best.pt
2026-10-01 22:37:01,602 | DEBUG | step 1564 epoch 2 loss 0.1277 step_s 0.0301 peak_mem_gb 0.409
2026-10-01 22:37:01,633 | DEBUG | step 1565 epoch 2 loss 0.1491 step_s 0.0302 peak_mem_gb 0.409
2026-10-01 22:37:01,662 | DEBUG | step 1566 epoch 2 loss 0.1408 step_s 0.0274 peak_mem_gb 0.409
2026-10-01 22:37:01,688 | DEBUG | step 1567 epoch 2 loss 0.1301 step_s 0.0256 peak_mem_gb 0.409
2026-10-01 22:37:01,718 | DEBUG | step 1568 epoch 2 loss 0.2024 step_s 0.0285 peak_mem_gb 0.409
2026-10-01 22:37:01,747 | DEBUG | step 1569 epoch 2 loss 0.1301 step_s 0.0284 peak_mem_gb 0.409
2026-10-01 22:37:01,771 | DEBUG | step 1570 epoch 2 loss 0.0897 step_s 0.0233 peak_mem_gb 0.409
2026-10-01 22:37:01,799 | DEBUG | step 1571 epoch 2 loss 0.1309 step_s 0.0259 peak_mem_gb 0.409
2026-10-01 22:37:01,826 | DEBUG | step 1572 epoch 2 loss 0.1479 step_s 0.0265 peak_mem_gb 0.409
2026-10-01 22:37:01,850 | DEBUG | step 1573 epoch 2 loss 0.2863 step_s 0.0234 peak_mem_gb 0.409
2026-10-01 22:37:01,870 | DEBUG | step 1574 epoch 2 loss 0.1469 step_s 0.0192 peak_mem_gb 0.409
2026-10-01 22:37:01,895 | DEBUG | step 1575 epoch 2 loss 0.2253 step_s 0.0228 peak_mem_gb 0.409
2026-10-01 22:37:01,920 | DEBUG | step 1576 epoch 2 loss 0.2020 step_s 0.0243 peak_mem_gb 0.409
2026-10-01 22:37:01,945 | DEBUG | step 1577 epoch 2 loss 0.1775 step_s 0.0240 peak_mem_gb 0.409
2026-10-01 22:37:01,970 | DEBUG | step 1578 epoch 2 loss 0.1398 step_s 0.0236 peak_mem_gb 0.409
2026-10-01 22:37:01,996 | DEBUG | step 1579 epoch 2 loss 0.1696 step_s 0.0257 peak_mem_gb 0.409
2026-10-01 22:37:02,019 | DEBUG | step 1580 epoch 2 loss 0.2105 step_s 0.0218 peak_mem_gb 0.409
2026-10-01 22:37:02,044 | DEBUG | step 1581 epoch 2 loss 0.1758 step_s 0.0234 peak_mem_gb 0.409
2026-10-01 22:37:02,067 | DEBUG | step 1582 epoch 2 loss 0.1789 step_s 0.0223 peak_mem_gb 0.409
2026-10-01 22:37:02,092 | DEBUG | step 1583 epoch 2 loss 0.1255 step_s 0.0247 peak_mem_gb 0.409
2026-10-01 22:37:02,117 | DEBUG | step 1584 epoch 2 loss 0.1763 step_s 0.0239 peak_mem_gb 0.409
2026-10-01 22:37:02,137 | DEBUG | step 1585 epoch 2 loss 0.0937 step_s 0.0186 peak_mem_gb 0.409
2026-10-01 22:37:02,162 | DEBUG | step 1586 epoch 2 loss 0.1465 step_s 0.0240 peak_mem_gb 0.409
2026-10-01 22:37:02,189 | DEBUG | step 1587 epoch 2 loss 0.1492 step_s 0.0259 peak_mem_gb 0.409
2026-10-01 22:37:02,211 | DEBUG | step 1588 epoch 2 loss 0.1500 step_s 0.0213 peak_mem_gb 0.409
2026-10-01 22:37:02,235 | DEBUG | step 1589 epoch 2 loss 0.0850 step_s 0.0232 peak_mem_gb 0.409
2026-10-01 22:37:02,261 | DEBUG | step 1590 epoch 2 loss 0.1224 step_s 0.0244 peak_mem_gb 0.409
2026-10-01 22:37:02,285 | DEBUG | step 1591 epoch 2 loss 0.1814 step_s 0.0235 peak_mem_gb 0.409
2026-10-01 22:37:02,310 | DEBUG | step 1592 epoch 2 loss 0.1007 step_s 0.0243 peak_mem_gb 0.409
2026-10-01 22:37:02,334 | DEBUG | step 1593 epoch 2 loss 0.3024 step_s 0.0234 peak_mem_gb 0.409
2026-10-01 22:37:02,359 | DEBUG | step 1594 epoch 2 loss 0.1822 step_s 0.0237 peak_mem_gb 0.409
2026-10-01 22:37:02,383 | DEBUG | step 1595 epoch 2 loss 0.2504 step_s 0.0226 peak_mem_gb 0.409
2026-10-01 22:37:02,408 | DEBUG | step 1596 epoch 2 loss 0.2189 step_s 0.0237 peak_mem_gb 0.409
2026-10-01 22:37:02,431 | DEBUG | step 1597 epoch 2 loss 0.1607 step_s 0.0230 peak_mem_gb 0.409
2026-10-01 22:37:02,457 | DEBUG | step 1598 epoch 2 loss 0.1552 step_s 0.0247 peak_mem_gb 0.409
2026-10-01 22:37:02,482 | DEBUG | step 1599 epoch 2 loss 0.0863 step_s 0.0237 peak_mem_gb 0.409
2026-10-01 22:37:02,505 | INFO | step 1600 epoch 2 loss 0.0773 step_s 0.0220 peak_mem_gb 0.409
2026-10-01 22:37:02,533 | DEBUG | step 1601 epoch 2 loss 0.1369 step_s 0.0267 peak_mem_gb 0.409
2026-10-01 22:37:02,559 | DEBUG | step 1602 epoch 2 loss 0.2620 step_s 0.0243 peak_mem_gb 0.409
2026-10-01 22:37:02,577 | DEBUG | step 1603 epoch 2 loss 0.0706 step_s 0.0177 peak_mem_gb 0.409
2026-10-01 22:37:02,602 | DEBUG | step 1604 epoch 2 loss 0.1877 step_s 0.0239 peak_mem_gb 0.409
2026-10-01 22:37:02,627 | DEBUG | step 1605 epoch 2 loss 0.1474 step_s 0.0235 peak_mem_gb 0.409
2026-10-01 22:37:02,652 | DEBUG | step 1606 epoch 2 loss 0.0570 step_s 0.0256 peak_mem_gb 0.409
2026-10-01 22:37:02,677 | DEBUG | step 1607 epoch 2 loss 0.2052 step_s 0.0244 peak_mem_gb 0.409
2026-10-01 22:37:02,702 | DEBUG | step 1608 epoch 2 loss 0.2350 step_s 0.0238 peak_mem_gb 0.409
2026-10-01 22:37:02,728 | DEBUG | step 1609 epoch 2 loss 0.1110 step_s 0.0249 peak_mem_gb 0.409
2026-10-01 22:37:02,756 | DEBUG | step 1610 epoch 2 loss 0.0637 step_s 0.0264 peak_mem_gb 0.409
2026-10-01 22:37:02,780 | DEBUG | step 1611 epoch 2 loss 0.0708 step_s 0.0233 peak_mem_gb 0.409
2026-10-01 22:37:02,806 | DEBUG | step 1612 epoch 2 loss 0.1154 step_s 0.0244 peak_mem_gb 0.409
2026-10-01 22:37:02,832 | DEBUG | step 1613 epoch 2 loss 0.0973 step_s 0.0249 peak_mem_gb 0.409
2026-10-01 22:37:02,857 | DEBUG | step 1614 epoch 2 loss 0.2580 step_s 0.0245 peak_mem_gb 0.409
2026-10-01 22:37:02,885 | DEBUG | step 1615 epoch 2 loss 0.1239 step_s 0.0262 peak_mem_gb 0.409
2026-10-01 22:37:02,909 | DEBUG | step 1616 epoch 2 loss 0.2743 step_s 0.0233 peak_mem_gb 0.409
2026-10-01 22:37:02,934 | DEBUG | step 1617 epoch 2 loss 0.1844 step_s 0.0239 peak_mem_gb 0.409
2026-10-01 22:37:02,960 | DEBUG | step 1618 epoch 2 loss 0.1491 step_s 0.0237 peak_mem_gb 0.409
2026-10-01 22:37:02,985 | DEBUG | step 1619 epoch 2 loss 0.1539 step_s 0.0235 peak_mem_gb 0.409
2026-10-01 22:37:03,006 | DEBUG | step 1620 epoch 2 loss 0.2347 step_s 0.0204 peak_mem_gb 0.409
2026-10-01 22:37:03,031 | DEBUG | step 1621 epoch 2 loss 0.0734 step_s 0.0238 peak_mem_gb 0.409
2026-10-01 22:37:03,056 | DEBUG | step 1622 epoch 2 loss 0.2620 step_s 0.0246 peak_mem_gb 0.409
2026-10-01 22:37:03,081 | DEBUG | step 1623 epoch 2 loss 0.1522 step_s 0.0242 peak_mem_gb 0.409
2026-10-01 22:37:03,105 | DEBUG | step 1624 epoch 2 loss 0.1567 step_s 0.0227 peak_mem_gb 0.409
2026-10-01 22:37:03,132 | DEBUG | step 1625 epoch 2 loss 0.1961 step_s 0.0255 peak_mem_gb 0.409
2026-10-01 22:37:03,158 | DEBUG | step 1626 epoch 2 loss 0.2000 step_s 0.0248 peak_mem_gb 0.409
2026-10-01 22:37:03,184 | DEBUG | step 1627 epoch 2 loss 0.2578 step_s 0.0251 peak_mem_gb 0.409
2026-10-01 22:37:03,209 | DEBUG | step 1628 epoch 2 loss 0.1075 step_s 0.0240 peak_mem_gb 0.409
2026-10-01 22:37:03,233 | DEBUG | step 1629 epoch 2 loss 0.1982 step_s 0.0231 peak_mem_gb 0.409
2026-10-01 22:37:03,255 | DEBUG | step 1630 epoch 2 loss 0.1635 step_s 0.0210 peak_mem_gb 0.409
2026-10-01 22:37:03,280 | DEBUG | step 1631 epoch 2 loss 0.1522 step_s 0.0239 peak_mem_gb 0.409
2026-10-01 22:37:03,304 | DEBUG | step 1632 epoch 2 loss 0.1954 step_s 0.0232 peak_mem_gb 0.409
2026-10-01 22:37:03,332 | DEBUG | step 1633 epoch 2 loss 0.1369 step_s 0.0265 peak_mem_gb 0.409
2026-10-01 22:37:03,357 | DEBUG | step 1634 epoch 2 loss 0.1174 step_s 0.0239 peak_mem_gb 0.409
2026-10-01 22:37:03,381 | DEBUG | step 1635 epoch 2 loss 0.2228 step_s 0.0233 peak_mem_gb 0.409
2026-10-01 22:37:03,407 | DEBUG | step 1636 epoch 2 loss 0.2489 step_s 0.0252 peak_mem_gb 0.409
2026-10-01 22:37:03,428 | DEBUG | step 1637 epoch 2 loss 0.0966 step_s 0.0201 peak_mem_gb 0.409
2026-10-01 22:37:03,451 | DEBUG | step 1638 epoch 2 loss 0.1557 step_s 0.0217 peak_mem_gb 0.409
2026-10-01 22:37:03,476 | DEBUG | step 1639 epoch 2 loss 0.1981 step_s 0.0239 peak_mem_gb 0.409
2026-10-01 22:37:03,500 | DEBUG | step 1640 epoch 2 loss 0.2135 step_s 0.0234 peak_mem_gb 0.409
2026-10-01 22:37:03,520 | DEBUG | step 1641 epoch 2 loss 0.2830 step_s 0.0188 peak_mem_gb 0.409
2026-10-01 22:37:03,543 | DEBUG | step 1642 epoch 2 loss 0.1307 step_s 0.0221 peak_mem_gb 0.409
2026-10-01 22:37:03,568 | DEBUG | step 1643 epoch 2 loss 0.2504 step_s 0.0237 peak_mem_gb 0.409
2026-10-01 22:37:03,593 | DEBUG | step 1644 epoch 2 loss 0.1885 step_s 0.0243 peak_mem_gb 0.409
2026-10-01 22:37:03,616 | DEBUG | step 1645 epoch 2 loss 0.0775 step_s 0.0223 peak_mem_gb 0.409
2026-10-01 22:37:03,640 | DEBUG | step 1646 epoch 2 loss 0.2500 step_s 0.0236 peak_mem_gb 0.409
2026-10-01 22:37:03,665 | DEBUG | step 1647 epoch 2 loss 0.1005 step_s 0.0234 peak_mem_gb 0.409
2026-10-01 22:37:03,690 | DEBUG | step 1648 epoch 2 loss 0.1139 step_s 0.0242 peak_mem_gb 0.409
2026-10-01 22:37:03,716 | DEBUG | step 1649 epoch 2 loss 0.0751 step_s 0.0245 peak_mem_gb 0.409
2026-10-01 22:37:03,742 | DEBUG | step 1650 epoch 2 loss 0.0795 step_s 0.0255 peak_mem_gb 0.409
2026-10-01 22:37:03,765 | DEBUG | step 1651 epoch 2 loss 0.2685 step_s 0.0215 peak_mem_gb 0.409
2026-10-01 22:37:03,788 | DEBUG | step 1652 epoch 2 loss 0.2434 step_s 0.0229 peak_mem_gb 0.409
2026-10-01 22:37:03,813 | DEBUG | step 1653 epoch 2 loss 0.0839 step_s 0.0237 peak_mem_gb 0.409
2026-10-01 22:37:03,838 | DEBUG | step 1654 epoch 2 loss 0.1177 step_s 0.0245 peak_mem_gb 0.409
2026-10-01 22:37:03,863 | DEBUG | step 1655 epoch 2 loss 0.1100 step_s 0.0235 peak_mem_gb 0.409
2026-10-01 22:37:03,887 | DEBUG | step 1656 epoch 2 loss 0.1109 step_s 0.0239 peak_mem_gb 0.409
2026-10-01 22:37:03,913 | DEBUG | step 1657 epoch 2 loss 0.1123 step_s 0.0244 peak_mem_gb 0.409
2026-10-01 22:37:03,938 | DEBUG | step 1658 epoch 2 loss 0.1961 step_s 0.0242 peak_mem_gb 0.409
2026-10-01 22:37:03,963 | DEBUG | step 1659 epoch 2 loss 0.0835 step_s 0.0243 peak_mem_gb 0.409
2026-10-01 22:37:03,988 | DEBUG | step 1660 epoch 2 loss 0.1393 step_s 0.0239 peak_mem_gb 0.409
2026-10-01 22:37:04,013 | DEBUG | step 1661 epoch 2 loss 0.1204 step_s 0.0239 peak_mem_gb 0.409
2026-10-01 22:37:04,037 | DEBUG | step 1662 epoch 2 loss 0.1482 step_s 0.0235 peak_mem_gb 0.409
2026-10-01 22:37:04,062 | DEBUG | step 1663 epoch 2 loss 0.2205 step_s 0.0239 peak_mem_gb 0.409
2026-10-01 22:37:04,088 | DEBUG | step 1664 epoch 2 loss 0.1638 step_s 0.0253 peak_mem_gb 0.409
2026-10-01 22:37:04,113 | DEBUG | step 1665 epoch 2 loss 0.1098 step_s 0.0235 peak_mem_gb 0.409
2026-10-01 22:37:04,135 | DEBUG | step 1666 epoch 2 loss 0.1882 step_s 0.0213 peak_mem_gb 0.409
2026-10-01 22:37:04,158 | DEBUG | step 1667 epoch 2 loss 0.2595 step_s 0.0223 peak_mem_gb 0.409
2026-10-01 22:37:04,184 | DEBUG | step 1668 epoch 2 loss 0.0852 step_s 0.0244 peak_mem_gb 0.409
2026-10-01 22:37:04,207 | DEBUG | step 1669 epoch 2 loss 0.1551 step_s 0.0225 peak_mem_gb 0.409
2026-10-01 22:37:04,232 | DEBUG | step 1670 epoch 2 loss 0.2076 step_s 0.0239 peak_mem_gb 0.409
2026-10-01 22:37:04,256 | DEBUG | step 1671 epoch 2 loss 0.0958 step_s 0.0231 peak_mem_gb 0.409
2026-10-01 22:37:04,280 | DEBUG | step 1672 epoch 2 loss 0.1388 step_s 0.0231 peak_mem_gb 0.409
2026-10-01 22:37:04,305 | DEBUG | step 1673 epoch 2 loss 0.0685 step_s 0.0238 peak_mem_gb 0.409
2026-10-01 22:37:04,323 | DEBUG | step 1674 epoch 2 loss 0.0771 step_s 0.0170 peak_mem_gb 0.409
2026-10-01 22:37:04,346 | DEBUG | step 1675 epoch 2 loss 0.0416 step_s 0.0221 peak_mem_gb 0.409
2026-10-01 22:37:04,370 | DEBUG | step 1676 epoch 2 loss 0.1566 step_s 0.0238 peak_mem_gb 0.409
2026-10-01 22:37:04,395 | DEBUG | step 1677 epoch 2 loss 0.2247 step_s 0.0234 peak_mem_gb 0.409
2026-10-01 22:37:04,420 | DEBUG | step 1678 epoch 2 loss 0.0773 step_s 0.0245 peak_mem_gb 0.409
2026-10-01 22:37:04,446 | DEBUG | step 1679 epoch 2 loss 0.1723 step_s 0.0247 peak_mem_gb 0.409
2026-10-01 22:37:04,471 | DEBUG | step 1680 epoch 2 loss 0.3252 step_s 0.0242 peak_mem_gb 0.409
2026-10-01 22:37:04,489 | DEBUG | step 1681 epoch 2 loss 0.0867 step_s 0.0172 peak_mem_gb 0.409
2026-10-01 22:37:04,514 | DEBUG | step 1682 epoch 2 loss 0.2103 step_s 0.0238 peak_mem_gb 0.409
2026-10-01 22:37:04,539 | DEBUG | step 1683 epoch 2 loss 0.1153 step_s 0.0240 peak_mem_gb 0.409
2026-10-01 22:37:04,563 | DEBUG | step 1684 epoch 2 loss 0.0943 step_s 0.0238 peak_mem_gb 0.409
2026-10-01 22:37:04,588 | DEBUG | step 1685 epoch 2 loss 0.1871 step_s 0.0231 peak_mem_gb 0.409
2026-10-01 22:37:04,614 | DEBUG | step 1686 epoch 2 loss 0.1537 step_s 0.0257 peak_mem_gb 0.409
2026-10-01 22:37:04,638 | DEBUG | step 1687 epoch 2 loss 0.1185 step_s 0.0233 peak_mem_gb 0.409
2026-10-01 22:37:04,663 | DEBUG | step 1688 epoch 2 loss 0.1172 step_s 0.0239 peak_mem_gb 0.409
2026-10-01 22:37:04,687 | DEBUG | step 1689 epoch 2 loss 0.0711 step_s 0.0225 peak_mem_gb 0.409
2026-10-01 22:37:04,710 | DEBUG | step 1690 epoch 2 loss 0.1486 step_s 0.0224 peak_mem_gb 0.409
2026-10-01 22:37:04,734 | DEBUG | step 1691 epoch 2 loss 0.1414 step_s 0.0235 peak_mem_gb 0.409
2026-10-01 22:37:04,756 | DEBUG | step 1692 epoch 2 loss 0.3039 step_s 0.0211 peak_mem_gb 0.409
2026-10-01 22:37:04,783 | DEBUG | step 1693 epoch 2 loss 0.1583 step_s 0.0257 peak_mem_gb 0.409
2026-10-01 22:37:04,807 | DEBUG | step 1694 epoch 2 loss 0.0962 step_s 0.0233 peak_mem_gb 0.409
2026-10-01 22:37:04,831 | DEBUG | step 1695 epoch 2 loss 0.0957 step_s 0.0227 peak_mem_gb 0.409
2026-10-01 22:37:04,855 | DEBUG | step 1696 epoch 2 loss 0.0779 step_s 0.0237 peak_mem_gb 0.409
2026-10-01 22:37:04,880 | DEBUG | step 1697 epoch 2 loss 0.1849 step_s 0.0233 peak_mem_gb 0.409
2026-10-01 22:37:04,903 | DEBUG | step 1698 epoch 2 loss 0.1115 step_s 0.0228 peak_mem_gb 0.409
2026-10-01 22:37:04,927 | DEBUG | step 1699 epoch 2 loss 0.1198 step_s 0.0231 peak_mem_gb 0.409
2026-10-01 22:37:04,953 | DEBUG | step 1700 epoch 2 loss 0.1917 step_s 0.0253 peak_mem_gb 0.409
2026-10-01 22:37:04,975 | DEBUG | step 1701 epoch 2 loss 0.1828 step_s 0.0208 peak_mem_gb 0.409
2026-10-01 22:37:05,001 | DEBUG | step 1702 epoch 2 loss 0.1344 step_s 0.0247 peak_mem_gb 0.409
2026-10-01 22:37:05,025 | DEBUG | step 1703 epoch 2 loss 0.2591 step_s 0.0236 peak_mem_gb 0.409
2026-10-01 22:37:05,050 | DEBUG | step 1704 epoch 2 loss 0.1155 step_s 0.0236 peak_mem_gb 0.409
2026-10-01 22:37:05,076 | DEBUG | step 1705 epoch 2 loss 0.1905 step_s 0.0251 peak_mem_gb 0.409
2026-10-01 22:37:05,102 | DEBUG | step 1706 epoch 2 loss 0.1367 step_s 0.0248 peak_mem_gb 0.409
2026-10-01 22:37:05,127 | DEBUG | step 1707 epoch 2 loss 0.1766 step_s 0.0244 peak_mem_gb 0.409
2026-10-01 22:37:05,152 | DEBUG | step 1708 epoch 2 loss 0.1650 step_s 0.0238 peak_mem_gb 0.409
2026-10-01 22:37:05,176 | DEBUG | step 1709 epoch 2 loss 0.1298 step_s 0.0223 peak_mem_gb 0.409
2026-10-01 22:37:05,201 | DEBUG | step 1710 epoch 2 loss 0.2437 step_s 0.0246 peak_mem_gb 0.409
2026-10-01 22:37:05,227 | DEBUG | step 1711 epoch 2 loss 0.1176 step_s 0.0247 peak_mem_gb 0.409
2026-10-01 22:37:05,254 | DEBUG | step 1712 epoch 2 loss 0.2424 step_s 0.0255 peak_mem_gb 0.409
2026-10-01 22:37:05,282 | DEBUG | step 1713 epoch 2 loss 0.1560 step_s 0.0271 peak_mem_gb 0.409
2026-10-01 22:37:05,304 | DEBUG | step 1714 epoch 2 loss 0.2762 step_s 0.0214 peak_mem_gb 0.409
2026-10-01 22:37:05,328 | DEBUG | step 1715 epoch 2 loss 0.1444 step_s 0.0230 peak_mem_gb 0.409
2026-10-01 22:37:05,356 | DEBUG | step 1716 epoch 2 loss 0.0625 step_s 0.0272 peak_mem_gb 0.409
2026-10-01 22:37:05,380 | DEBUG | step 1717 epoch 2 loss 0.1589 step_s 0.0226 peak_mem_gb 0.409
2026-10-01 22:37:05,405 | DEBUG | step 1718 epoch 2 loss 0.2534 step_s 0.0238 peak_mem_gb 0.409
2026-10-01 22:37:05,430 | DEBUG | step 1719 epoch 2 loss 0.1913 step_s 0.0243 peak_mem_gb 0.409
2026-10-01 22:37:05,456 | DEBUG | step 1720 epoch 2 loss 0.1876 step_s 0.0247 peak_mem_gb 0.409
2026-10-01 22:37:05,481 | DEBUG | step 1721 epoch 2 loss 0.2105 step_s 0.0239 peak_mem_gb 0.409
2026-10-01 22:37:05,506 | DEBUG | step 1722 epoch 2 loss 0.1113 step_s 0.0244 peak_mem_gb 0.409
2026-10-01 22:37:05,527 | DEBUG | step 1723 epoch 2 loss 0.1968 step_s 0.0200 peak_mem_gb 0.409
2026-10-01 22:37:05,552 | DEBUG | step 1724 epoch 2 loss 0.1752 step_s 0.0242 peak_mem_gb 0.409
2026-10-01 22:37:05,577 | DEBUG | step 1725 epoch 2 loss 0.1534 step_s 0.0241 peak_mem_gb 0.409
2026-10-01 22:37:05,603 | DEBUG | step 1726 epoch 2 loss 0.1086 step_s 0.0249 peak_mem_gb 0.409
2026-10-01 22:37:05,630 | DEBUG | step 1727 epoch 2 loss 0.2105 step_s 0.0255 peak_mem_gb 0.409
2026-10-01 22:37:05,654 | DEBUG | step 1728 epoch 2 loss 0.1989 step_s 0.0232 peak_mem_gb 0.409
2026-10-01 22:37:05,675 | DEBUG | step 1729 epoch 2 loss 0.1075 step_s 0.0200 peak_mem_gb 0.409
2026-10-01 22:37:05,700 | DEBUG | step 1730 epoch 2 loss 0.2902 step_s 0.0243 peak_mem_gb 0.409
2026-10-01 22:37:05,722 | DEBUG | step 1731 epoch 2 loss 0.1400 step_s 0.0212 peak_mem_gb 0.409
2026-10-01 22:37:05,751 | DEBUG | step 1732 epoch 2 loss 0.1114 step_s 0.0272 peak_mem_gb 0.409
2026-10-01 22:37:05,778 | DEBUG | step 1733 epoch 2 loss 0.2760 step_s 0.0265 peak_mem_gb 0.409
2026-10-01 22:37:05,804 | DEBUG | step 1734 epoch 2 loss 0.0696 step_s 0.0245 peak_mem_gb 0.409
2026-10-01 22:37:05,834 | DEBUG | step 1735 epoch 2 loss 0.2098 step_s 0.0287 peak_mem_gb 0.409
2026-10-01 22:37:05,866 | DEBUG | step 1736 epoch 2 loss 0.2147 step_s 0.0299 peak_mem_gb 0.409
2026-10-01 22:37:05,892 | DEBUG | step 1737 epoch 2 loss 0.2001 step_s 0.0248 peak_mem_gb 0.409
2026-10-01 22:37:05,917 | DEBUG | step 1738 epoch 2 loss 0.2128 step_s 0.0247 peak_mem_gb 0.409
2026-10-01 22:37:05,942 | DEBUG | step 1739 epoch 2 loss 0.0953 step_s 0.0235 peak_mem_gb 0.409
2026-10-01 22:37:05,967 | DEBUG | step 1740 epoch 2 loss 0.0987 step_s 0.0245 peak_mem_gb 0.409
2026-10-01 22:37:05,990 | DEBUG | step 1741 epoch 2 loss 0.1841 step_s 0.0214 peak_mem_gb 0.409
2026-10-01 22:37:06,015 | DEBUG | step 1742 epoch 2 loss 0.3196 step_s 0.0249 peak_mem_gb 0.409
2026-10-01 22:37:06,038 | DEBUG | step 1743 epoch 2 loss 0.1972 step_s 0.0211 peak_mem_gb 0.409
2026-10-01 22:37:06,062 | DEBUG | step 1744 epoch 2 loss 0.1944 step_s 0.0237 peak_mem_gb 0.409
2026-10-01 22:37:06,084 | DEBUG | step 1745 epoch 2 loss 0.1045 step_s 0.0206 peak_mem_gb 0.409
2026-10-01 22:37:06,110 | DEBUG | step 1746 epoch 2 loss 0.2441 step_s 0.0249 peak_mem_gb 0.409
2026-10-01 22:37:06,137 | DEBUG | step 1747 epoch 2 loss 0.1280 step_s 0.0255 peak_mem_gb 0.409
2026-10-01 22:37:06,162 | DEBUG | step 1748 epoch 2 loss 0.0803 step_s 0.0245 peak_mem_gb 0.409
2026-10-01 22:37:06,188 | DEBUG | step 1749 epoch 2 loss 0.2083 step_s 0.0247 peak_mem_gb 0.409
2026-10-01 22:37:06,212 | DEBUG | step 1750 epoch 2 loss 0.0816 step_s 0.0236 peak_mem_gb 0.409
2026-10-01 22:37:06,237 | DEBUG | step 1751 epoch 2 loss 0.1741 step_s 0.0240 peak_mem_gb 0.409
2026-10-01 22:37:06,262 | DEBUG | step 1752 epoch 2 loss 0.1361 step_s 0.0241 peak_mem_gb 0.409
2026-10-01 22:37:06,287 | DEBUG | step 1753 epoch 2 loss 0.1903 step_s 0.0241 peak_mem_gb 0.409
2026-10-01 22:37:06,312 | DEBUG | step 1754 epoch 2 loss 0.1387 step_s 0.0242 peak_mem_gb 0.409
2026-10-01 22:37:06,337 | DEBUG | step 1755 epoch 2 loss 0.0881 step_s 0.0240 peak_mem_gb 0.409
2026-10-01 22:37:06,364 | DEBUG | step 1756 epoch 2 loss 0.1772 step_s 0.0253 peak_mem_gb 0.409
2026-10-01 22:37:06,388 | DEBUG | step 1757 epoch 2 loss 0.1191 step_s 0.0230 peak_mem_gb 0.409
2026-10-01 22:37:06,412 | DEBUG | step 1758 epoch 2 loss 0.1784 step_s 0.0231 peak_mem_gb 0.409
2026-10-01 22:37:06,437 | DEBUG | step 1759 epoch 2 loss 0.1154 step_s 0.0242 peak_mem_gb 0.409
2026-10-01 22:37:06,461 | DEBUG | step 1760 epoch 2 loss 0.0890 step_s 0.0232 peak_mem_gb 0.409
2026-10-01 22:37:06,486 | DEBUG | step 1761 epoch 2 loss 0.1291 step_s 0.0245 peak_mem_gb 0.409
2026-10-01 22:37:06,513 | DEBUG | step 1762 epoch 2 loss 0.1236 step_s 0.0257 peak_mem_gb 0.409
2026-10-01 22:37:06,538 | DEBUG | step 1763 epoch 2 loss 0.1574 step_s 0.0238 peak_mem_gb 0.409
2026-10-01 22:37:06,562 | DEBUG | step 1764 epoch 2 loss 0.1385 step_s 0.0230 peak_mem_gb 0.409
2026-10-01 22:37:06,587 | DEBUG | step 1765 epoch 2 loss 0.1451 step_s 0.0232 peak_mem_gb 0.409
2026-10-01 22:37:06,611 | DEBUG | step 1766 epoch 2 loss 0.1155 step_s 0.0236 peak_mem_gb 0.409
2026-10-01 22:37:06,635 | DEBUG | step 1767 epoch 2 loss 0.1774 step_s 0.0234 peak_mem_gb 0.409
2026-10-01 22:37:06,659 | DEBUG | step 1768 epoch 2 loss 0.1851 step_s 0.0224 peak_mem_gb 0.409
2026-10-01 22:37:06,685 | DEBUG | step 1769 epoch 2 loss 0.1932 step_s 0.0257 peak_mem_gb 0.409
2026-10-01 22:37:06,704 | DEBUG | step 1770 epoch 2 loss 0.2385 step_s 0.0183 peak_mem_gb 0.409
2026-10-01 22:37:06,725 | DEBUG | step 1771 epoch 2 loss 0.1125 step_s 0.0203 peak_mem_gb 0.409
2026-10-01 22:37:06,750 | DEBUG | step 1772 epoch 2 loss 0.2099 step_s 0.0238 peak_mem_gb 0.409
2026-10-01 22:37:06,774 | DEBUG | step 1773 epoch 2 loss 0.1035 step_s 0.0232 peak_mem_gb 0.409
2026-10-01 22:37:06,796 | DEBUG | step 1774 epoch 2 loss 0.3038 step_s 0.0211 peak_mem_gb 0.409
2026-10-01 22:37:06,824 | DEBUG | step 1775 epoch 2 loss 0.1990 step_s 0.0263 peak_mem_gb 0.409
2026-10-01 22:37:06,850 | DEBUG | step 1776 epoch 2 loss 0.1311 step_s 0.0252 peak_mem_gb 0.409
2026-10-01 22:37:06,875 | DEBUG | step 1777 epoch 2 loss 0.0975 step_s 0.0239 peak_mem_gb 0.409
2026-10-01 22:37:06,901 | DEBUG | step 1778 epoch 2 loss 0.0550 step_s 0.0247 peak_mem_gb 0.409
2026-10-01 22:37:06,925 | DEBUG | step 1779 epoch 2 loss 0.2004 step_s 0.0235 peak_mem_gb 0.409
2026-10-01 22:37:06,951 | DEBUG | step 1780 epoch 2 loss 0.0608 step_s 0.0243 peak_mem_gb 0.409
2026-10-01 22:37:06,975 | DEBUG | step 1781 epoch 2 loss 0.1920 step_s 0.0237 peak_mem_gb 0.409
2026-10-01 22:37:06,999 | DEBUG | step 1782 epoch 2 loss 0.1719 step_s 0.0229 peak_mem_gb 0.409
2026-10-01 22:37:07,021 | DEBUG | step 1783 epoch 2 loss 0.1448 step_s 0.0210 peak_mem_gb 0.409
2026-10-01 22:37:07,047 | DEBUG | step 1784 epoch 2 loss 0.0705 step_s 0.0244 peak_mem_gb 0.409
2026-10-01 22:37:07,070 | DEBUG | step 1785 epoch 2 loss 0.1779 step_s 0.0224 peak_mem_gb 0.409
2026-10-01 22:37:07,095 | DEBUG | step 1786 epoch 2 loss 0.1509 step_s 0.0242 peak_mem_gb 0.409
2026-10-01 22:37:07,120 | DEBUG | step 1787 epoch 2 loss 0.1501 step_s 0.0244 peak_mem_gb 0.409
2026-10-01 22:37:07,145 | DEBUG | step 1788 epoch 2 loss 0.1510 step_s 0.0237 peak_mem_gb 0.409
2026-10-01 22:37:07,170 | DEBUG | step 1789 epoch 2 loss 0.2818 step_s 0.0235 peak_mem_gb 0.409
2026-10-01 22:37:07,195 | DEBUG | step 1790 epoch 2 loss 0.3195 step_s 0.0245 peak_mem_gb 0.409
2026-10-01 22:37:07,221 | DEBUG | step 1791 epoch 2 loss 0.0976 step_s 0.0253 peak_mem_gb 0.409
2026-10-01 22:37:07,246 | DEBUG | step 1792 epoch 2 loss 0.2852 step_s 0.0234 peak_mem_gb 0.409
2026-10-01 22:37:07,271 | DEBUG | step 1793 epoch 2 loss 0.2355 step_s 0.0239 peak_mem_gb 0.409
2026-10-01 22:37:07,296 | DEBUG | step 1794 epoch 2 loss 0.0597 step_s 0.0243 peak_mem_gb 0.409
2026-10-01 22:37:07,317 | DEBUG | step 1795 epoch 2 loss 0.1577 step_s 0.0201 peak_mem_gb 0.409
2026-10-01 22:37:07,339 | DEBUG | step 1796 epoch 2 loss 0.2011 step_s 0.0211 peak_mem_gb 0.409
2026-10-01 22:37:07,366 | DEBUG | step 1797 epoch 2 loss 0.1437 step_s 0.0253 peak_mem_gb 0.409
2026-10-01 22:37:07,392 | DEBUG | step 1798 epoch 2 loss 0.1233 step_s 0.0252 peak_mem_gb 0.409
2026-10-01 22:37:07,414 | DEBUG | step 1799 epoch 2 loss 0.1241 step_s 0.0207 peak_mem_gb 0.409
2026-10-01 22:37:07,439 | INFO | step 1800 epoch 2 loss 0.2451 step_s 0.0245 peak_mem_gb 0.409
2026-10-01 22:37:07,467 | DEBUG | step 1801 epoch 2 loss 0.1634 step_s 0.0261 peak_mem_gb 0.409
2026-10-01 22:37:07,489 | DEBUG | step 1802 epoch 2 loss 0.1497 step_s 0.0206 peak_mem_gb 0.409
2026-10-01 22:37:07,513 | DEBUG | step 1803 epoch 2 loss 0.1854 step_s 0.0231 peak_mem_gb 0.409
2026-10-01 22:37:07,539 | DEBUG | step 1804 epoch 2 loss 0.2243 step_s 0.0246 peak_mem_gb 0.409
2026-10-01 22:37:07,560 | DEBUG | step 1805 epoch 2 loss 0.1579 step_s 0.0197 peak_mem_gb 0.409
2026-10-01 22:37:07,584 | DEBUG | step 1806 epoch 2 loss 0.0787 step_s 0.0236 peak_mem_gb 0.409
2026-10-01 22:37:07,609 | DEBUG | step 1807 epoch 2 loss 0.1289 step_s 0.0236 peak_mem_gb 0.409
2026-10-01 22:37:07,634 | DEBUG | step 1808 epoch 2 loss 0.2680 step_s 0.0241 peak_mem_gb 0.409
2026-10-01 22:37:07,658 | DEBUG | step 1809 epoch 2 loss 0.2882 step_s 0.0233 peak_mem_gb 0.409
2026-10-01 22:37:07,682 | DEBUG | step 1810 epoch 2 loss 0.2379 step_s 0.0230 peak_mem_gb 0.409
2026-10-01 22:37:07,707 | DEBUG | step 1811 epoch 2 loss 0.2286 step_s 0.0239 peak_mem_gb 0.409
2026-10-01 22:37:07,733 | DEBUG | step 1812 epoch 2 loss 0.1321 step_s 0.0256 peak_mem_gb 0.409
2026-10-01 22:37:07,758 | DEBUG | step 1813 epoch 2 loss 0.0806 step_s 0.0238 peak_mem_gb 0.409
2026-10-01 22:37:07,784 | DEBUG | step 1814 epoch 2 loss 0.1556 step_s 0.0254 peak_mem_gb 0.409
2026-10-01 22:37:07,810 | DEBUG | step 1815 epoch 2 loss 0.1064 step_s 0.0244 peak_mem_gb 0.409
2026-10-01 22:37:07,840 | DEBUG | step 1816 epoch 2 loss 0.0731 step_s 0.0285 peak_mem_gb 0.409
2026-10-01 22:37:07,866 | DEBUG | step 1817 epoch 2 loss 0.1046 step_s 0.0257 peak_mem_gb 0.409
2026-10-01 22:37:07,891 | DEBUG | step 1818 epoch 2 loss 0.2021 step_s 0.0236 peak_mem_gb 0.409
2026-10-01 22:37:07,913 | DEBUG | step 1819 epoch 2 loss 0.1320 step_s 0.0202 peak_mem_gb 0.409
2026-10-01 22:37:07,938 | DEBUG | step 1820 epoch 2 loss 0.2048 step_s 0.0245 peak_mem_gb 0.409
2026-10-01 22:37:07,963 | DEBUG | step 1821 epoch 2 loss 0.0989 step_s 0.0235 peak_mem_gb 0.409
2026-10-01 22:37:07,985 | DEBUG | step 1822 epoch 2 loss 0.1742 step_s 0.0214 peak_mem_gb 0.409
2026-10-01 22:37:08,010 | DEBUG | step 1823 epoch 2 loss 0.1939 step_s 0.0240 peak_mem_gb 0.409
2026-10-01 22:37:08,035 | DEBUG | step 1824 epoch 2 loss 0.2183 step_s 0.0243 peak_mem_gb 0.409
2026-10-01 22:37:08,061 | DEBUG | step 1825 epoch 2 loss 0.1490 step_s 0.0243 peak_mem_gb 0.409
2026-10-01 22:37:08,084 | DEBUG | step 1826 epoch 2 loss 0.1530 step_s 0.0225 peak_mem_gb 0.409
2026-10-01 22:37:08,111 | DEBUG | step 1827 epoch 2 loss 0.2069 step_s 0.0256 peak_mem_gb 0.409
2026-10-01 22:37:08,135 | DEBUG | step 1828 epoch 2 loss 0.1361 step_s 0.0235 peak_mem_gb 0.409
2026-10-01 22:37:08,160 | DEBUG | step 1829 epoch 2 loss 0.1955 step_s 0.0237 peak_mem_gb 0.409
2026-10-01 22:37:08,184 | DEBUG | step 1830 epoch 2 loss 0.1817 step_s 0.0232 peak_mem_gb 0.409
2026-10-01 22:37:08,209 | DEBUG | step 1831 epoch 2 loss 0.2688 step_s 0.0235 peak_mem_gb 0.409
2026-10-01 22:37:08,234 | DEBUG | step 1832 epoch 2 loss 0.1163 step_s 0.0241 peak_mem_gb 0.409
2026-10-01 22:37:08,257 | DEBUG | step 1833 epoch 2 loss 0.1692 step_s 0.0227 peak_mem_gb 0.409
2026-10-01 22:37:08,283 | DEBUG | step 1834 epoch 2 loss 0.0817 step_s 0.0252 peak_mem_gb 0.409
2026-10-01 22:37:08,308 | DEBUG | step 1835 epoch 2 loss 0.1813 step_s 0.0236 peak_mem_gb 0.409
2026-10-01 22:37:08,331 | DEBUG | step 1836 epoch 2 loss 0.1009 step_s 0.0219 peak_mem_gb 0.409
2026-10-01 22:37:08,355 | DEBUG | step 1837 epoch 2 loss 0.1601 step_s 0.0234 peak_mem_gb 0.409
2026-10-01 22:37:08,377 | DEBUG | step 1838 epoch 2 loss 0.0711 step_s 0.0210 peak_mem_gb 0.409
2026-10-01 22:37:08,401 | DEBUG | step 1839 epoch 2 loss 0.1893 step_s 0.0231 peak_mem_gb 0.409
2026-10-01 22:37:08,426 | DEBUG | step 1840 epoch 2 loss 0.1080 step_s 0.0239 peak_mem_gb 0.409
2026-10-01 22:37:08,452 | DEBUG | step 1841 epoch 2 loss 0.1025 step_s 0.0255 peak_mem_gb 0.409
2026-10-01 22:37:08,477 | DEBUG | step 1842 epoch 2 loss 0.2081 step_s 0.0237 peak_mem_gb 0.409
2026-10-01 22:37:08,503 | DEBUG | step 1843 epoch 2 loss 0.1893 step_s 0.0251 peak_mem_gb 0.409
2026-10-01 22:37:08,521 | DEBUG | step 1844 epoch 2 loss 0.1652 step_s 0.0166 peak_mem_gb 0.409
2026-10-01 22:37:08,546 | DEBUG | step 1845 epoch 2 loss 0.1364 step_s 0.0241 peak_mem_gb 0.409
2026-10-01 22:37:08,569 | DEBUG | step 1846 epoch 2 loss 0.1715 step_s 0.0225 peak_mem_gb 0.409
2026-10-01 22:37:08,595 | DEBUG | step 1847 epoch 2 loss 0.1418 step_s 0.0244 peak_mem_gb 0.409
2026-10-01 22:37:08,621 | DEBUG | step 1848 epoch 2 loss 0.1499 step_s 0.0249 peak_mem_gb 0.409
2026-10-01 22:37:08,643 | DEBUG | step 1849 epoch 2 loss 0.1189 step_s 0.0212 peak_mem_gb 0.409
2026-10-01 22:37:08,666 | DEBUG | step 1850 epoch 2 loss 0.2509 step_s 0.0220 peak_mem_gb 0.409
2026-10-01 22:37:08,691 | DEBUG | step 1851 epoch 2 loss 0.1123 step_s 0.0246 peak_mem_gb 0.409
2026-10-01 22:37:08,717 | DEBUG | step 1852 epoch 2 loss 0.1027 step_s 0.0245 peak_mem_gb 0.409
2026-10-01 22:37:08,740 | DEBUG | step 1853 epoch 2 loss 0.2159 step_s 0.0226 peak_mem_gb 0.409
2026-10-01 22:37:08,765 | DEBUG | step 1854 epoch 2 loss 0.2019 step_s 0.0234 peak_mem_gb 0.409
2026-10-01 22:37:08,790 | DEBUG | step 1855 epoch 2 loss 0.2212 step_s 0.0249 peak_mem_gb 0.409
2026-10-01 22:37:08,815 | DEBUG | step 1856 epoch 2 loss 0.1452 step_s 0.0239 peak_mem_gb 0.409
2026-10-01 22:37:08,841 | DEBUG | step 1857 epoch 2 loss 0.1297 step_s 0.0243 peak_mem_gb 0.409
2026-10-01 22:37:08,864 | DEBUG | step 1858 epoch 2 loss 0.1937 step_s 0.0227 peak_mem_gb 0.409
2026-10-01 22:37:08,889 | DEBUG | step 1859 epoch 2 loss 0.1078 step_s 0.0240 peak_mem_gb 0.409
2026-10-01 22:37:08,914 | DEBUG | step 1860 epoch 2 loss 0.2148 step_s 0.0244 peak_mem_gb 0.409
2026-10-01 22:37:08,941 | DEBUG | step 1861 epoch 2 loss 0.1959 step_s 0.0253 peak_mem_gb 0.409
2026-10-01 22:37:08,968 | DEBUG | step 1862 epoch 2 loss 0.1193 step_s 0.0256 peak_mem_gb 0.409
2026-10-01 22:37:08,993 | DEBUG | step 1863 epoch 2 loss 0.2536 step_s 0.0245 peak_mem_gb 0.409
2026-10-01 22:37:09,018 | DEBUG | step 1864 epoch 2 loss 0.1506 step_s 0.0231 peak_mem_gb 0.409
2026-10-01 22:37:09,038 | DEBUG | step 1865 epoch 2 loss 0.2223 step_s 0.0197 peak_mem_gb 0.409
2026-10-01 22:37:09,062 | DEBUG | step 1866 epoch 2 loss 0.1474 step_s 0.0231 peak_mem_gb 0.409
2026-10-01 22:37:09,083 | DEBUG | step 1867 epoch 2 loss 0.1542 step_s 0.0202 peak_mem_gb 0.409
2026-10-01 22:37:09,107 | DEBUG | step 1868 epoch 2 loss 0.0656 step_s 0.0225 peak_mem_gb 0.409
2026-10-01 22:37:09,134 | DEBUG | step 1869 epoch 2 loss 0.1239 step_s 0.0263 peak_mem_gb 0.409
2026-10-01 22:37:09,158 | DEBUG | step 1870 epoch 2 loss 0.1409 step_s 0.0232 peak_mem_gb 0.409
2026-10-01 22:37:09,184 | DEBUG | step 1871 epoch 2 loss 0.1703 step_s 0.0245 peak_mem_gb 0.409
2026-10-01 22:37:09,205 | DEBUG | step 1872 epoch 2 loss 0.1194 step_s 0.0200 peak_mem_gb 0.409
2026-10-01 22:37:09,228 | DEBUG | step 1873 epoch 2 loss 0.1526 step_s 0.0222 peak_mem_gb 0.409
2026-10-01 22:37:09,252 | DEBUG | step 1874 epoch 2 loss 0.1473 step_s 0.0236 peak_mem_gb 0.409
2026-10-01 22:37:09,277 | DEBUG | step 1875 epoch 2 loss 0.0544 step_s 0.0237 peak_mem_gb 0.409
2026-10-01 22:37:09,302 | DEBUG | step 1876 epoch 2 loss 0.1372 step_s 0.0242 peak_mem_gb 0.409
2026-10-01 22:37:09,326 | DEBUG | step 1877 epoch 2 loss 0.1181 step_s 0.0232 peak_mem_gb 0.409
2026-10-01 22:37:09,348 | DEBUG | step 1878 epoch 2 loss 0.1102 step_s 0.0211 peak_mem_gb 0.409
2026-10-01 22:37:09,375 | DEBUG | step 1879 epoch 2 loss 0.1749 step_s 0.0252 peak_mem_gb 0.409
2026-10-01 22:37:09,406 | DEBUG | step 1880 epoch 2 loss 0.1513 step_s 0.0295 peak_mem_gb 0.409
2026-10-01 22:37:09,433 | DEBUG | step 1881 epoch 2 loss 0.1888 step_s 0.0261 peak_mem_gb 0.409
2026-10-01 22:37:09,455 | DEBUG | step 1882 epoch 2 loss 0.1120 step_s 0.0210 peak_mem_gb 0.409
2026-10-01 22:37:09,482 | DEBUG | step 1883 epoch 2 loss 0.2036 step_s 0.0257 peak_mem_gb 0.409
2026-10-01 22:37:09,498 | DEBUG | step 1884 epoch 2 loss 0.0667 step_s 0.0151 peak_mem_gb 0.409
2026-10-01 22:37:09,523 | DEBUG | step 1885 epoch 2 loss 0.2602 step_s 0.0241 peak_mem_gb 0.409
2026-10-01 22:37:09,546 | DEBUG | step 1886 epoch 2 loss 0.0904 step_s 0.0221 peak_mem_gb 0.409
2026-10-01 22:37:09,571 | DEBUG | step 1887 epoch 2 loss 0.2334 step_s 0.0240 peak_mem_gb 0.409
2026-10-01 22:37:09,597 | DEBUG | step 1888 epoch 2 loss 0.0569 step_s 0.0247 peak_mem_gb 0.409
2026-10-01 22:37:09,620 | DEBUG | step 1889 epoch 2 loss 0.2484 step_s 0.0223 peak_mem_gb 0.409
2026-10-01 22:37:09,644 | DEBUG | step 1890 epoch 2 loss 0.1290 step_s 0.0238 peak_mem_gb 0.409
2026-10-01 22:37:09,669 | DEBUG | step 1891 epoch 2 loss 0.1204 step_s 0.0241 peak_mem_gb 0.409
2026-10-01 22:37:09,694 | DEBUG | step 1892 epoch 2 loss 0.0973 step_s 0.0235 peak_mem_gb 0.409
2026-10-01 22:37:09,718 | DEBUG | step 1893 epoch 2 loss 0.2309 step_s 0.0230 peak_mem_gb 0.409
2026-10-01 22:37:09,742 | DEBUG | step 1894 epoch 2 loss 0.0528 step_s 0.0239 peak_mem_gb 0.409
2026-10-01 22:37:09,763 | DEBUG | step 1895 epoch 2 loss 0.1362 step_s 0.0199 peak_mem_gb 0.409
2026-10-01 22:37:09,788 | DEBUG | step 1896 epoch 2 loss 0.1089 step_s 0.0235 peak_mem_gb 0.409
2026-10-01 22:37:09,814 | DEBUG | step 1897 epoch 2 loss 0.1866 step_s 0.0252 peak_mem_gb 0.409
2026-10-01 22:37:09,838 | DEBUG | step 1898 epoch 2 loss 0.2124 step_s 0.0236 peak_mem_gb 0.409
2026-10-01 22:37:09,863 | DEBUG | step 1899 epoch 2 loss 0.1522 step_s 0.0238 peak_mem_gb 0.409
2026-10-01 22:37:09,888 | DEBUG | step 1900 epoch 2 loss 0.1520 step_s 0.0235 peak_mem_gb 0.409
2026-10-01 22:37:09,911 | DEBUG | step 1901 epoch 2 loss 0.2265 step_s 0.0219 peak_mem_gb 0.409
2026-10-01 22:37:09,930 | DEBUG | step 1902 epoch 2 loss 0.1736 step_s 0.0181 peak_mem_gb 0.409
2026-10-01 22:37:09,955 | DEBUG | step 1903 epoch 2 loss 0.1102 step_s 0.0242 peak_mem_gb 0.409
2026-10-01 22:37:09,977 | DEBUG | step 1904 epoch 2 loss 0.1296 step_s 0.0212 peak_mem_gb 0.409
2026-10-01 22:37:10,002 | DEBUG | step 1905 epoch 2 loss 0.1955 step_s 0.0239 peak_mem_gb 0.409
2026-10-01 22:37:10,023 | DEBUG | step 1906 epoch 2 loss 0.1185 step_s 0.0202 peak_mem_gb 0.409
2026-10-01 22:37:10,047 | DEBUG | step 1907 epoch 2 loss 0.1536 step_s 0.0236 peak_mem_gb 0.409
2026-10-01 22:37:10,071 | DEBUG | step 1908 epoch 2 loss 0.1543 step_s 0.0234 peak_mem_gb 0.409
2026-10-01 22:37:10,096 | DEBUG | step 1909 epoch 2 loss 0.1227 step_s 0.0237 peak_mem_gb 0.409
2026-10-01 22:37:10,122 | DEBUG | step 1910 epoch 2 loss 0.2466 step_s 0.0246 peak_mem_gb 0.409
2026-10-01 22:37:10,144 | DEBUG | step 1911 epoch 2 loss 0.1444 step_s 0.0209 peak_mem_gb 0.409
2026-10-01 22:37:10,170 | DEBUG | step 1912 epoch 2 loss 0.0542 step_s 0.0251 peak_mem_gb 0.409
2026-10-01 22:37:10,195 | DEBUG | step 1913 epoch 2 loss 0.2082 step_s 0.0248 peak_mem_gb 0.409
2026-10-01 22:37:10,221 | DEBUG | step 1914 epoch 2 loss 0.2233 step_s 0.0246 peak_mem_gb 0.409
2026-10-01 22:37:10,246 | DEBUG | step 1915 epoch 2 loss 0.1957 step_s 0.0243 peak_mem_gb 0.409
2026-10-01 22:37:10,265 | DEBUG | step 1916 epoch 2 loss 0.1145 step_s 0.0179 peak_mem_gb 0.409
2026-10-01 22:37:10,288 | DEBUG | step 1917 epoch 2 loss 0.2054 step_s 0.0215 peak_mem_gb 0.409
2026-10-01 22:37:10,314 | DEBUG | step 1918 epoch 2 loss 0.2170 step_s 0.0253 peak_mem_gb 0.409
2026-10-01 22:37:10,340 | DEBUG | step 1919 epoch 2 loss 0.1854 step_s 0.0243 peak_mem_gb 0.409
2026-10-01 22:37:10,364 | DEBUG | step 1920 epoch 2 loss 0.2015 step_s 0.0235 peak_mem_gb 0.409
2026-10-01 22:37:10,389 | DEBUG | step 1921 epoch 2 loss 0.2195 step_s 0.0234 peak_mem_gb 0.409
2026-10-01 22:37:10,414 | DEBUG | step 1922 epoch 2 loss 0.1711 step_s 0.0243 peak_mem_gb 0.409
2026-10-01 22:37:10,438 | DEBUG | step 1923 epoch 2 loss 0.2078 step_s 0.0234 peak_mem_gb 0.409
2026-10-01 22:37:10,464 | DEBUG | step 1924 epoch 2 loss 0.0828 step_s 0.0245 peak_mem_gb 0.409
2026-10-01 22:37:10,488 | DEBUG | step 1925 epoch 2 loss 0.2235 step_s 0.0235 peak_mem_gb 0.409
2026-10-01 22:37:10,517 | DEBUG | step 1926 epoch 2 loss 0.2159 step_s 0.0278 peak_mem_gb 0.409
2026-10-01 22:37:10,544 | DEBUG | step 1927 epoch 2 loss 0.0893 step_s 0.0253 peak_mem_gb 0.409
2026-10-01 22:37:10,571 | DEBUG | step 1928 epoch 2 loss 0.0685 step_s 0.0263 peak_mem_gb 0.409
2026-10-01 22:37:10,596 | DEBUG | step 1929 epoch 2 loss 0.1812 step_s 0.0238 peak_mem_gb 0.409
2026-10-01 22:37:10,621 | DEBUG | step 1930 epoch 2 loss 0.1206 step_s 0.0239 peak_mem_gb 0.409
2026-10-01 22:37:10,645 | DEBUG | step 1931 epoch 2 loss 0.2522 step_s 0.0230 peak_mem_gb 0.409
2026-10-01 22:37:10,669 | DEBUG | step 1932 epoch 2 loss 0.1085 step_s 0.0232 peak_mem_gb 0.409
2026-10-01 22:37:10,695 | DEBUG | step 1933 epoch 2 loss 0.0588 step_s 0.0252 peak_mem_gb 0.409
2026-10-01 22:37:10,720 | DEBUG | step 1934 epoch 2 loss 0.1690 step_s 0.0235 peak_mem_gb 0.409
2026-10-01 22:37:10,744 | DEBUG | step 1935 epoch 2 loss 0.2646 step_s 0.0235 peak_mem_gb 0.409
2026-10-01 22:37:10,770 | DEBUG | step 1936 epoch 2 loss 0.1594 step_s 0.0248 peak_mem_gb 0.409
2026-10-01 22:37:10,795 | DEBUG | step 1937 epoch 2 loss 0.2190 step_s 0.0240 peak_mem_gb 0.409
2026-10-01 22:37:10,820 | DEBUG | step 1938 epoch 2 loss 0.1933 step_s 0.0238 peak_mem_gb 0.409
2026-10-01 22:37:10,840 | DEBUG | step 1939 epoch 2 loss 0.1227 step_s 0.0196 peak_mem_gb 0.409
2026-10-01 22:37:10,867 | DEBUG | step 1940 epoch 2 loss 0.1830 step_s 0.0257 peak_mem_gb 0.409
2026-10-01 22:37:10,888 | DEBUG | step 1941 epoch 2 loss 0.0889 step_s 0.0199 peak_mem_gb 0.409
2026-10-01 22:37:10,912 | DEBUG | step 1942 epoch 2 loss 0.0932 step_s 0.0238 peak_mem_gb 0.409
2026-10-01 22:37:10,934 | DEBUG | step 1943 epoch 2 loss 0.1891 step_s 0.0208 peak_mem_gb 0.409
2026-10-01 22:37:10,958 | DEBUG | step 1944 epoch 2 loss 0.1752 step_s 0.0235 peak_mem_gb 0.409
2026-10-01 22:37:10,983 | DEBUG | step 1945 epoch 2 loss 0.2204 step_s 0.0237 peak_mem_gb 0.409
2026-10-01 22:37:11,007 | DEBUG | step 1946 epoch 2 loss 0.1361 step_s 0.0233 peak_mem_gb 0.409
2026-10-01 22:37:11,030 | DEBUG | step 1947 epoch 2 loss 0.1694 step_s 0.0225 peak_mem_gb 0.409
2026-10-01 22:37:11,054 | DEBUG | step 1948 epoch 2 loss 0.1113 step_s 0.0230 peak_mem_gb 0.409
2026-10-01 22:37:11,078 | DEBUG | step 1949 epoch 2 loss 0.1772 step_s 0.0231 peak_mem_gb 0.409
2026-10-01 22:37:11,099 | DEBUG | step 1950 epoch 2 loss 0.1663 step_s 0.0194 peak_mem_gb 0.409
2026-10-01 22:37:11,122 | DEBUG | step 1951 epoch 2 loss 0.1155 step_s 0.0221 peak_mem_gb 0.409
2026-10-01 22:37:11,147 | DEBUG | step 1952 epoch 2 loss 0.2002 step_s 0.0244 peak_mem_gb 0.409
2026-10-01 22:37:11,168 | DEBUG | step 1953 epoch 2 loss 0.1828 step_s 0.0195 peak_mem_gb 0.409
2026-10-01 22:37:11,195 | DEBUG | step 1954 epoch 2 loss 0.1436 step_s 0.0263 peak_mem_gb 0.409
2026-10-01 22:37:11,220 | DEBUG | step 1955 epoch 2 loss 0.1575 step_s 0.0243 peak_mem_gb 0.409
2026-10-01 22:37:11,242 | DEBUG | step 1956 epoch 2 loss 0.3014 step_s 0.0208 peak_mem_gb 0.409
2026-10-01 22:37:11,268 | DEBUG | step 1957 epoch 2 loss 0.2439 step_s 0.0241 peak_mem_gb 0.409
2026-10-01 22:37:11,292 | DEBUG | step 1958 epoch 2 loss 0.1859 step_s 0.0233 peak_mem_gb 0.409
2026-10-01 22:37:11,316 | DEBUG | step 1959 epoch 2 loss 0.1555 step_s 0.0236 peak_mem_gb 0.409
2026-10-01 22:37:11,343 | DEBUG | step 1960 epoch 2 loss 0.1172 step_s 0.0253 peak_mem_gb 0.409
2026-10-01 22:37:11,367 | DEBUG | step 1961 epoch 2 loss 0.1411 step_s 0.0232 peak_mem_gb 0.409
2026-10-01 22:37:11,391 | DEBUG | step 1962 epoch 2 loss 0.0865 step_s 0.0231 peak_mem_gb 0.409
2026-10-01 22:37:11,415 | DEBUG | step 1963 epoch 2 loss 0.2079 step_s 0.0228 peak_mem_gb 0.409
2026-10-01 22:37:11,442 | DEBUG | step 1964 epoch 2 loss 0.1123 step_s 0.0267 peak_mem_gb 0.409
2026-10-01 22:37:11,470 | DEBUG | step 1965 epoch 2 loss 0.1666 step_s 0.0260 peak_mem_gb 0.409
2026-10-01 22:37:11,496 | DEBUG | step 1966 epoch 2 loss 0.1448 step_s 0.0257 peak_mem_gb 0.409
2026-10-01 22:37:11,522 | DEBUG | step 1967 epoch 2 loss 0.2366 step_s 0.0246 peak_mem_gb 0.409
2026-10-01 22:37:11,548 | DEBUG | step 1968 epoch 2 loss 0.0808 step_s 0.0244 peak_mem_gb 0.409
2026-10-01 22:37:11,570 | DEBUG | step 1969 epoch 2 loss 0.1493 step_s 0.0218 peak_mem_gb 0.409
2026-10-01 22:37:11,595 | DEBUG | step 1970 epoch 2 loss 0.0911 step_s 0.0241 peak_mem_gb 0.409
2026-10-01 22:37:11,620 | DEBUG | step 1971 epoch 2 loss 0.1858 step_s 0.0233 peak_mem_gb 0.409
2026-10-01 22:37:11,645 | DEBUG | step 1972 epoch 2 loss 0.0982 step_s 0.0241 peak_mem_gb 0.409
2026-10-01 22:37:11,669 | DEBUG | step 1973 epoch 2 loss 0.1979 step_s 0.0238 peak_mem_gb 0.409
2026-10-01 22:37:11,694 | DEBUG | step 1974 epoch 2 loss 0.1088 step_s 0.0238 peak_mem_gb 0.409
2026-10-01 22:37:11,721 | DEBUG | step 1975 epoch 2 loss 0.1078 step_s 0.0257 peak_mem_gb 0.409
2026-10-01 22:37:11,746 | DEBUG | step 1976 epoch 2 loss 0.1920 step_s 0.0235 peak_mem_gb 0.409
2026-10-01 22:37:11,770 | DEBUG | step 1977 epoch 2 loss 0.1327 step_s 0.0233 peak_mem_gb 0.409
2026-10-01 22:37:11,795 | DEBUG | step 1978 epoch 2 loss 0.1877 step_s 0.0236 peak_mem_gb 0.409
2026-10-01 22:37:11,819 | DEBUG | step 1979 epoch 2 loss 0.0667 step_s 0.0233 peak_mem_gb 0.409
2026-10-01 22:37:11,841 | DEBUG | step 1980 epoch 2 loss 0.0793 step_s 0.0215 peak_mem_gb 0.409
2026-10-01 22:37:11,865 | DEBUG | step 1981 epoch 2 loss 0.1036 step_s 0.0231 peak_mem_gb 0.409
2026-10-01 22:37:11,890 | DEBUG | step 1982 epoch 2 loss 0.2064 step_s 0.0240 peak_mem_gb 0.409
2026-10-01 22:37:11,916 | DEBUG | step 1983 epoch 2 loss 0.1372 step_s 0.0245 peak_mem_gb 0.409
2026-10-01 22:37:11,940 | DEBUG | step 1984 epoch 2 loss 0.1173 step_s 0.0235 peak_mem_gb 0.409
2026-10-01 22:37:11,965 | DEBUG | step 1985 epoch 2 loss 0.2641 step_s 0.0239 peak_mem_gb 0.409
2026-10-01 22:37:11,989 | DEBUG | step 1986 epoch 2 loss 0.2558 step_s 0.0236 peak_mem_gb 0.409
2026-10-01 22:37:12,011 | DEBUG | step 1987 epoch 2 loss 0.2184 step_s 0.0206 peak_mem_gb 0.409
2026-10-01 22:37:12,035 | DEBUG | step 1988 epoch 2 loss 0.0649 step_s 0.0237 peak_mem_gb 0.409
2026-10-01 22:37:12,061 | DEBUG | step 1989 epoch 2 loss 0.1812 step_s 0.0251 peak_mem_gb 0.409
2026-10-01 22:37:12,081 | DEBUG | step 1990 epoch 2 loss 0.1019 step_s 0.0194 peak_mem_gb 0.409
2026-10-01 22:37:12,106 | DEBUG | step 1991 epoch 2 loss 0.1779 step_s 0.0242 peak_mem_gb 0.409
2026-10-01 22:37:12,132 | DEBUG | step 1992 epoch 2 loss 0.0921 step_s 0.0243 peak_mem_gb 0.409
2026-10-01 22:37:12,156 | DEBUG | step 1993 epoch 2 loss 0.1358 step_s 0.0236 peak_mem_gb 0.409
2026-10-01 22:37:12,182 | DEBUG | step 1994 epoch 2 loss 0.1712 step_s 0.0245 peak_mem_gb 0.409
2026-10-01 22:37:12,208 | DEBUG | step 1995 epoch 2 loss 0.1617 step_s 0.0245 peak_mem_gb 0.409
2026-10-01 22:37:12,234 | DEBUG | step 1996 epoch 2 loss 0.1761 step_s 0.0258 peak_mem_gb 0.409
2026-10-01 22:37:12,254 | DEBUG | step 1997 epoch 2 loss 0.1143 step_s 0.0189 peak_mem_gb 0.409
2026-10-01 22:37:12,278 | DEBUG | step 1998 epoch 2 loss 0.2224 step_s 0.0231 peak_mem_gb 0.409
2026-10-01 22:37:12,303 | DEBUG | step 1999 epoch 2 loss 0.1969 step_s 0.0237 peak_mem_gb 0.409
2026-10-01 22:37:12,322 | INFO | step 2000 epoch 2 loss 0.0850 step_s 0.0185 peak_mem_gb 0.409
2026-10-01 22:37:12,350 | DEBUG | step 2001 epoch 2 loss 0.0781 step_s 0.0264 peak_mem_gb 0.409
2026-10-01 22:37:12,376 | DEBUG | step 2002 epoch 2 loss 0.0917 step_s 0.0250 peak_mem_gb 0.409
2026-10-01 22:37:12,401 | DEBUG | step 2003 epoch 2 loss 0.2427 step_s 0.0239 peak_mem_gb 0.409
2026-10-01 22:37:12,427 | DEBUG | step 2004 epoch 2 loss 0.1096 step_s 0.0248 peak_mem_gb 0.409
2026-10-01 22:37:12,448 | DEBUG | step 2005 epoch 2 loss 0.2242 step_s 0.0202 peak_mem_gb 0.409
2026-10-01 22:37:12,472 | DEBUG | step 2006 epoch 2 loss 0.1625 step_s 0.0230 peak_mem_gb 0.409
2026-10-01 22:37:12,499 | DEBUG | step 2007 epoch 2 loss 0.2709 step_s 0.0252 peak_mem_gb 0.409
2026-10-01 22:37:12,521 | DEBUG | step 2008 epoch 2 loss 0.1904 step_s 0.0214 peak_mem_gb 0.409
2026-10-01 22:37:12,546 | DEBUG | step 2009 epoch 2 loss 0.1086 step_s 0.0236 peak_mem_gb 0.409
2026-10-01 22:37:12,571 | DEBUG | step 2010 epoch 2 loss 0.3122 step_s 0.0240 peak_mem_gb 0.409
2026-10-01 22:37:12,595 | DEBUG | step 2011 epoch 2 loss 0.1165 step_s 0.0233 peak_mem_gb 0.409
2026-10-01 22:37:12,619 | DEBUG | step 2012 epoch 2 loss 0.1438 step_s 0.0234 peak_mem_gb 0.409
2026-10-01 22:37:12,645 | DEBUG | step 2013 epoch 2 loss 0.1026 step_s 0.0245 peak_mem_gb 0.409
2026-10-01 22:37:12,669 | DEBUG | step 2014 epoch 2 loss 0.1424 step_s 0.0234 peak_mem_gb 0.409
2026-10-01 22:37:12,693 | DEBUG | step 2015 epoch 2 loss 0.1428 step_s 0.0233 peak_mem_gb 0.409
2026-10-01 22:37:12,712 | DEBUG | step 2016 epoch 2 loss 0.1919 step_s 0.0177 peak_mem_gb 0.409
2026-10-01 22:37:12,737 | DEBUG | step 2017 epoch 2 loss 0.2291 step_s 0.0244 peak_mem_gb 0.409
2026-10-01 22:37:12,764 | DEBUG | step 2018 epoch 2 loss 0.0901 step_s 0.0259 peak_mem_gb 0.409
2026-10-01 22:37:12,788 | DEBUG | step 2019 epoch 2 loss 0.1062 step_s 0.0235 peak_mem_gb 0.409
2026-10-01 22:37:12,812 | DEBUG | step 2020 epoch 2 loss 0.1137 step_s 0.0234 peak_mem_gb 0.409
2026-10-01 22:37:12,837 | DEBUG | step 2021 epoch 2 loss 0.2101 step_s 0.0241 peak_mem_gb 0.409
2026-10-01 22:37:12,862 | DEBUG | step 2022 epoch 2 loss 0.1739 step_s 0.0235 peak_mem_gb 0.409
2026-10-01 22:37:12,887 | DEBUG | step 2023 epoch 2 loss 0.2155 step_s 0.0238 peak_mem_gb 0.409
2026-10-01 22:37:12,912 | DEBUG | step 2024 epoch 2 loss 0.2187 step_s 0.0243 peak_mem_gb 0.409
2026-10-01 22:37:12,938 | DEBUG | step 2025 epoch 2 loss 0.1765 step_s 0.0251 peak_mem_gb 0.409
2026-10-01 22:37:12,962 | DEBUG | step 2026 epoch 2 loss 0.1591 step_s 0.0237 peak_mem_gb 0.409
2026-10-01 22:37:12,987 | DEBUG | step 2027 epoch 2 loss 0.1030 step_s 0.0236 peak_mem_gb 0.409
2026-10-01 22:37:13,012 | DEBUG | step 2028 epoch 2 loss 0.2725 step_s 0.0242 peak_mem_gb 0.409
2026-10-01 22:37:13,035 | DEBUG | step 2029 epoch 2 loss 0.0942 step_s 0.0225 peak_mem_gb 0.409
2026-10-01 22:37:13,058 | DEBUG | step 2030 epoch 2 loss 0.2401 step_s 0.0218 peak_mem_gb 0.409
2026-10-01 22:37:13,079 | DEBUG | step 2031 epoch 2 loss 0.1076 step_s 0.0200 peak_mem_gb 0.409
2026-10-01 22:37:13,105 | DEBUG | step 2032 epoch 2 loss 0.1730 step_s 0.0247 peak_mem_gb 0.409
2026-10-01 22:37:13,129 | DEBUG | step 2033 epoch 2 loss 0.0669 step_s 0.0234 peak_mem_gb 0.409
2026-10-01 22:37:13,154 | DEBUG | step 2034 epoch 2 loss 0.1691 step_s 0.0240 peak_mem_gb 0.409
2026-10-01 22:37:13,180 | DEBUG | step 2035 epoch 2 loss 0.2108 step_s 0.0248 peak_mem_gb 0.409
2026-10-01 22:37:13,205 | DEBUG | step 2036 epoch 2 loss 0.1569 step_s 0.0239 peak_mem_gb 0.409
2026-10-01 22:37:13,228 | DEBUG | step 2037 epoch 2 loss 0.0927 step_s 0.0227 peak_mem_gb 0.409
2026-10-01 22:37:13,253 | DEBUG | step 2038 epoch 2 loss 0.1532 step_s 0.0241 peak_mem_gb 0.409
2026-10-01 22:37:13,278 | DEBUG | step 2039 epoch 2 loss 0.1181 step_s 0.0241 peak_mem_gb 0.409
2026-10-01 22:37:13,303 | DEBUG | step 2040 epoch 2 loss 0.1230 step_s 0.0233 peak_mem_gb 0.409
2026-10-01 22:37:13,327 | DEBUG | step 2041 epoch 2 loss 0.1357 step_s 0.0236 peak_mem_gb 0.409
2026-10-01 22:37:13,349 | DEBUG | step 2042 epoch 2 loss 0.2467 step_s 0.0214 peak_mem_gb 0.409
2026-10-01 22:37:13,374 | DEBUG | step 2043 epoch 2 loss 0.1578 step_s 0.0236 peak_mem_gb 0.409
2026-10-01 22:37:13,399 | DEBUG | step 2044 epoch 2 loss 0.0573 step_s 0.0243 peak_mem_gb 0.409
2026-10-01 22:37:13,419 | DEBUG | step 2045 epoch 2 loss 0.1746 step_s 0.0191 peak_mem_gb 0.409
2026-10-01 22:37:13,446 | DEBUG | step 2046 epoch 2 loss 0.2191 step_s 0.0262 peak_mem_gb 0.409
2026-10-01 22:37:13,473 | DEBUG | step 2047 epoch 2 loss 0.1811 step_s 0.0255 peak_mem_gb 0.409
2026-10-01 22:37:13,499 | DEBUG | step 2048 epoch 2 loss 0.1479 step_s 0.0252 peak_mem_gb 0.409
2026-10-01 22:37:13,525 | DEBUG | step 2049 epoch 2 loss 0.1397 step_s 0.0245 peak_mem_gb 0.409
2026-10-01 22:37:13,547 | DEBUG | step 2050 epoch 2 loss 0.1374 step_s 0.0210 peak_mem_gb 0.409
2026-10-01 22:37:13,569 | DEBUG | step 2051 epoch 2 loss 0.1240 step_s 0.0207 peak_mem_gb 0.409
2026-10-01 22:37:13,595 | DEBUG | step 2052 epoch 2 loss 0.1083 step_s 0.0244 peak_mem_gb 0.409
2026-10-01 22:37:13,621 | DEBUG | step 2053 epoch 2 loss 0.1969 step_s 0.0249 peak_mem_gb 0.409
2026-10-01 22:37:13,640 | DEBUG | step 2054 epoch 2 loss 0.1762 step_s 0.0183 peak_mem_gb 0.409
2026-10-01 22:37:13,666 | DEBUG | step 2055 epoch 2 loss 0.1998 step_s 0.0243 peak_mem_gb 0.409
2026-10-01 22:37:13,690 | DEBUG | step 2056 epoch 2 loss 0.2170 step_s 0.0240 peak_mem_gb 0.409
2026-10-01 22:37:13,715 | DEBUG | step 2057 epoch 2 loss 0.1554 step_s 0.0235 peak_mem_gb 0.409
2026-10-01 22:37:13,741 | DEBUG | step 2058 epoch 2 loss 0.1378 step_s 0.0247 peak_mem_gb 0.409
2026-10-01 22:37:13,766 | DEBUG | step 2059 epoch 2 loss 0.0937 step_s 0.0242 peak_mem_gb 0.409
2026-10-01 22:37:13,791 | DEBUG | step 2060 epoch 2 loss 0.1300 step_s 0.0237 peak_mem_gb 0.409
2026-10-01 22:37:13,817 | DEBUG | step 2061 epoch 2 loss 0.0615 step_s 0.0252 peak_mem_gb 0.409
2026-10-01 22:37:13,842 | DEBUG | step 2062 epoch 2 loss 0.2199 step_s 0.0240 peak_mem_gb 0.409
2026-10-01 22:37:13,867 | DEBUG | step 2063 epoch 2 loss 0.1828 step_s 0.0239 peak_mem_gb 0.409
2026-10-01 22:37:13,891 | DEBUG | step 2064 epoch 2 loss 0.2240 step_s 0.0233 peak_mem_gb 0.409
2026-10-01 22:37:13,912 | DEBUG | step 2065 epoch 2 loss 0.0560 step_s 0.0203 peak_mem_gb 0.409
2026-10-01 22:37:13,937 | DEBUG | step 2066 epoch 2 loss 0.2406 step_s 0.0236 peak_mem_gb 0.409
2026-10-01 22:37:13,962 | DEBUG | step 2067 epoch 2 loss 0.1553 step_s 0.0245 peak_mem_gb 0.409
2026-10-01 22:37:13,986 | DEBUG | step 2068 epoch 2 loss 0.0601 step_s 0.0231 peak_mem_gb 0.409
2026-10-01 22:37:14,010 | DEBUG | step 2069 epoch 2 loss 0.1952 step_s 0.0229 peak_mem_gb 0.409
2026-10-01 22:37:14,035 | DEBUG | step 2070 epoch 2 loss 0.1624 step_s 0.0238 peak_mem_gb 0.409
2026-10-01 22:37:14,059 | DEBUG | step 2071 epoch 2 loss 0.1737 step_s 0.0230 peak_mem_gb 0.409
2026-10-01 22:37:14,083 | DEBUG | step 2072 epoch 2 loss 0.1042 step_s 0.0236 peak_mem_gb 0.409
2026-10-01 22:37:14,104 | DEBUG | step 2073 epoch 2 loss 0.1189 step_s 0.0198 peak_mem_gb 0.409
2026-10-01 22:37:14,128 | DEBUG | step 2074 epoch 2 loss 0.2118 step_s 0.0232 peak_mem_gb 0.409
2026-10-01 22:37:14,150 | DEBUG | step 2075 epoch 2 loss 0.1145 step_s 0.0215 peak_mem_gb 0.409
2026-10-01 22:37:14,175 | DEBUG | step 2076 epoch 2 loss 0.1361 step_s 0.0237 peak_mem_gb 0.409
2026-10-01 22:37:14,198 | DEBUG | step 2077 epoch 2 loss 0.1724 step_s 0.0225 peak_mem_gb 0.409
2026-10-01 22:37:14,224 | DEBUG | step 2078 epoch 2 loss 0.1911 step_s 0.0243 peak_mem_gb 0.409
2026-10-01 22:37:14,243 | DEBUG | step 2079 epoch 2 loss 0.0732 step_s 0.0190 peak_mem_gb 0.409
2026-10-01 22:37:14,266 | DEBUG | step 2080 epoch 2 loss 0.0806 step_s 0.0221 peak_mem_gb 0.409
2026-10-01 22:37:14,292 | DEBUG | step 2081 epoch 2 loss 0.1156 step_s 0.0245 peak_mem_gb 0.409
2026-10-01 22:37:14,316 | DEBUG | step 2082 epoch 2 loss 0.2570 step_s 0.0235 peak_mem_gb 0.409
2026-10-01 22:37:14,341 | DEBUG | step 2083 epoch 2 loss 0.1037 step_s 0.0238 peak_mem_gb 0.409
2026-10-01 22:37:14,356 | DEBUG | step 2084 epoch 2 loss 0.0578 step_s 0.0142 peak_mem_gb 0.409
2026-10-01 22:37:14,380 | DEBUG | step 2085 epoch 2 loss 0.2031 step_s 0.0228 peak_mem_gb 0.409
2026-10-01 22:37:14,405 | DEBUG | step 2086 epoch 2 loss 0.1547 step_s 0.0235 peak_mem_gb 0.409
2026-10-01 22:37:14,429 | DEBUG | step 2087 epoch 2 loss 0.1596 step_s 0.0230 peak_mem_gb 0.409
2026-10-01 22:37:14,454 | DEBUG | step 2088 epoch 2 loss 0.1966 step_s 0.0238 peak_mem_gb 0.409
2026-10-01 22:37:14,475 | DEBUG | step 2089 epoch 2 loss 0.0957 step_s 0.0197 peak_mem_gb 0.409
2026-10-01 22:37:14,499 | DEBUG | step 2090 epoch 2 loss 0.0965 step_s 0.0237 peak_mem_gb 0.409
2026-10-01 22:37:14,520 | DEBUG | step 2091 epoch 2 loss 0.0631 step_s 0.0198 peak_mem_gb 0.409
2026-10-01 22:37:14,545 | DEBUG | step 2092 epoch 2 loss 0.1089 step_s 0.0242 peak_mem_gb 0.409
2026-10-01 22:37:14,570 | DEBUG | step 2093 epoch 2 loss 0.0763 step_s 0.0241 peak_mem_gb 0.409
2026-10-01 22:37:14,596 | DEBUG | step 2094 epoch 2 loss 0.0616 step_s 0.0249 peak_mem_gb 0.409
2026-10-01 22:37:14,621 | DEBUG | step 2095 epoch 2 loss 0.2108 step_s 0.0244 peak_mem_gb 0.409
2026-10-01 22:37:14,648 | DEBUG | step 2096 epoch 2 loss 0.1630 step_s 0.0255 peak_mem_gb 0.409
2026-10-01 22:37:14,674 | DEBUG | step 2097 epoch 2 loss 0.1973 step_s 0.0250 peak_mem_gb 0.409
2026-10-01 22:37:14,702 | DEBUG | step 2098 epoch 2 loss 0.1165 step_s 0.0266 peak_mem_gb 0.409
2026-10-01 22:37:14,729 | DEBUG | step 2099 epoch 2 loss 0.2926 step_s 0.0264 peak_mem_gb 0.409
2026-10-01 22:37:14,755 | DEBUG | step 2100 epoch 2 loss 0.1940 step_s 0.0244 peak_mem_gb 0.409
2026-10-01 22:37:14,780 | DEBUG | step 2101 epoch 2 loss 0.1379 step_s 0.0244 peak_mem_gb 0.409
2026-10-01 22:37:14,806 | DEBUG | step 2102 epoch 2 loss 0.1611 step_s 0.0247 peak_mem_gb 0.409
2026-10-01 22:37:14,830 | DEBUG | step 2103 epoch 2 loss 0.1690 step_s 0.0230 peak_mem_gb 0.409
2026-10-01 22:37:14,854 | DEBUG | step 2104 epoch 2 loss 0.0940 step_s 0.0227 peak_mem_gb 0.409
2026-10-01 22:37:14,878 | DEBUG | step 2105 epoch 2 loss 0.1364 step_s 0.0237 peak_mem_gb 0.409
2026-10-01 22:37:14,900 | DEBUG | step 2106 epoch 2 loss 0.1609 step_s 0.0212 peak_mem_gb 0.409
2026-10-01 22:37:14,925 | DEBUG | step 2107 epoch 2 loss 0.1471 step_s 0.0237 peak_mem_gb 0.409
2026-10-01 22:37:14,949 | DEBUG | step 2108 epoch 2 loss 0.1543 step_s 0.0228 peak_mem_gb 0.409
2026-10-01 22:37:14,974 | DEBUG | step 2109 epoch 2 loss 0.0939 step_s 0.0241 peak_mem_gb 0.409
2026-10-01 22:37:14,999 | DEBUG | step 2110 epoch 2 loss 0.1567 step_s 0.0247 peak_mem_gb 0.409
2026-10-01 22:37:15,024 | DEBUG | step 2111 epoch 2 loss 0.1695 step_s 0.0233 peak_mem_gb 0.409
2026-10-01 22:37:15,045 | DEBUG | step 2112 epoch 2 loss 0.0683 step_s 0.0203 peak_mem_gb 0.409
2026-10-01 22:37:15,070 | DEBUG | step 2113 epoch 2 loss 0.0508 step_s 0.0242 peak_mem_gb 0.409
2026-10-01 22:37:15,094 | DEBUG | step 2114 epoch 2 loss 0.1113 step_s 0.0233 peak_mem_gb 0.409
2026-10-01 22:37:15,118 | DEBUG | step 2115 epoch 2 loss 0.0917 step_s 0.0229 peak_mem_gb 0.409
2026-10-01 22:37:15,142 | DEBUG | step 2116 epoch 2 loss 0.1520 step_s 0.0234 peak_mem_gb 0.409
2026-10-01 22:37:15,164 | DEBUG | step 2117 epoch 2 loss 0.1641 step_s 0.0207 peak_mem_gb 0.409
2026-10-01 22:37:15,189 | DEBUG | step 2118 epoch 2 loss 0.2277 step_s 0.0236 peak_mem_gb 0.409
2026-10-01 22:37:15,213 | DEBUG | step 2119 epoch 2 loss 0.1149 step_s 0.0230 peak_mem_gb 0.409
2026-10-01 22:37:15,238 | DEBUG | step 2120 epoch 2 loss 0.1173 step_s 0.0245 peak_mem_gb 0.409
2026-10-01 22:37:15,263 | DEBUG | step 2121 epoch 2 loss 0.1211 step_s 0.0237 peak_mem_gb 0.409
2026-10-01 22:37:15,288 | DEBUG | step 2122 epoch 2 loss 0.1884 step_s 0.0240 peak_mem_gb 0.409
2026-10-01 22:37:15,313 | DEBUG | step 2123 epoch 2 loss 0.1519 step_s 0.0239 peak_mem_gb 0.409
2026-10-01 22:37:15,337 | DEBUG | step 2124 epoch 2 loss 0.1343 step_s 0.0238 peak_mem_gb 0.409
2026-10-01 22:37:15,359 | DEBUG | step 2125 epoch 2 loss 0.1435 step_s 0.0207 peak_mem_gb 0.409
2026-10-01 22:37:15,381 | DEBUG | step 2126 epoch 2 loss 0.0962 step_s 0.0210 peak_mem_gb 0.409
2026-10-01 22:37:15,405 | DEBUG | step 2127 epoch 2 loss 0.1785 step_s 0.0224 peak_mem_gb 0.409
2026-10-01 22:37:15,426 | DEBUG | step 2128 epoch 2 loss 0.2200 step_s 0.0205 peak_mem_gb 0.409
2026-10-01 22:37:15,451 | DEBUG | step 2129 epoch 2 loss 0.2745 step_s 0.0239 peak_mem_gb 0.409
2026-10-01 22:37:15,476 | DEBUG | step 2130 epoch 2 loss 0.2315 step_s 0.0237 peak_mem_gb 0.409
2026-10-01 22:37:15,504 | DEBUG | step 2131 epoch 2 loss 0.2543 step_s 0.0270 peak_mem_gb 0.409
2026-10-01 22:37:15,531 | DEBUG | step 2132 epoch 2 loss 0.0727 step_s 0.0266 peak_mem_gb 0.409
2026-10-01 22:37:15,556 | DEBUG | step 2133 epoch 2 loss 0.1352 step_s 0.0229 peak_mem_gb 0.409
2026-10-01 22:37:15,582 | DEBUG | step 2134 epoch 2 loss 0.1352 step_s 0.0250 peak_mem_gb 0.409
2026-10-01 22:37:15,607 | DEBUG | step 2135 epoch 2 loss 0.1112 step_s 0.0244 peak_mem_gb 0.409
2026-10-01 22:37:15,634 | DEBUG | step 2136 epoch 2 loss 0.2624 step_s 0.0259 peak_mem_gb 0.409
2026-10-01 22:37:15,661 | DEBUG | step 2137 epoch 2 loss 0.1382 step_s 0.0260 peak_mem_gb 0.409
2026-10-01 22:37:15,687 | DEBUG | step 2138 epoch 2 loss 0.1244 step_s 0.0244 peak_mem_gb 0.409
2026-10-01 22:37:15,714 | DEBUG | step 2139 epoch 2 loss 0.1288 step_s 0.0256 peak_mem_gb 0.409
2026-10-01 22:37:15,739 | DEBUG | step 2140 epoch 2 loss 0.1089 step_s 0.0244 peak_mem_gb 0.409
2026-10-01 22:37:15,769 | DEBUG | step 2141 epoch 2 loss 0.1207 step_s 0.0288 peak_mem_gb 0.409
2026-10-01 22:37:15,798 | DEBUG | step 2142 epoch 2 loss 0.1727 step_s 0.0274 peak_mem_gb 0.409
2026-10-01 22:37:15,827 | DEBUG | step 2143 epoch 2 loss 0.0651 step_s 0.0282 peak_mem_gb 0.409
2026-10-01 22:37:15,853 | DEBUG | step 2144 epoch 2 loss 0.1732 step_s 0.0240 peak_mem_gb 0.409
2026-10-01 22:37:15,882 | DEBUG | step 2145 epoch 2 loss 0.2376 step_s 0.0283 peak_mem_gb 0.409
2026-10-01 22:37:15,910 | DEBUG | step 2146 epoch 2 loss 0.1377 step_s 0.0266 peak_mem_gb 0.409
2026-10-01 22:37:15,936 | DEBUG | step 2147 epoch 2 loss 0.1512 step_s 0.0247 peak_mem_gb 0.409
2026-10-01 22:37:15,962 | DEBUG | step 2148 epoch 2 loss 0.0976 step_s 0.0251 peak_mem_gb 0.409
2026-10-01 22:37:15,988 | DEBUG | step 2149 epoch 2 loss 0.0809 step_s 0.0248 peak_mem_gb 0.409
2026-10-01 22:37:16,013 | DEBUG | step 2150 epoch 2 loss 0.0493 step_s 0.0233 peak_mem_gb 0.409
2026-10-01 22:37:16,034 | DEBUG | step 2151 epoch 2 loss 0.0853 step_s 0.0203 peak_mem_gb 0.409
2026-10-01 22:37:16,056 | DEBUG | step 2152 epoch 2 loss 0.1008 step_s 0.0211 peak_mem_gb 0.409
2026-10-01 22:37:16,081 | DEBUG | step 2153 epoch 2 loss 0.1759 step_s 0.0239 peak_mem_gb 0.409
2026-10-01 22:37:16,106 | DEBUG | step 2154 epoch 2 loss 0.1986 step_s 0.0245 peak_mem_gb 0.409
2026-10-01 22:37:16,131 | DEBUG | step 2155 epoch 2 loss 0.1479 step_s 0.0238 peak_mem_gb 0.409
2026-10-01 22:37:16,157 | DEBUG | step 2156 epoch 2 loss 0.2055 step_s 0.0249 peak_mem_gb 0.409
2026-10-01 22:37:16,184 | DEBUG | step 2157 epoch 2 loss 0.1469 step_s 0.0259 peak_mem_gb 0.409
2026-10-01 22:37:16,210 | DEBUG | step 2158 epoch 2 loss 0.2274 step_s 0.0245 peak_mem_gb 0.409
2026-10-01 22:37:16,234 | DEBUG | step 2159 epoch 2 loss 0.1677 step_s 0.0237 peak_mem_gb 0.409
2026-10-01 22:37:16,258 | DEBUG | step 2160 epoch 2 loss 0.1836 step_s 0.0230 peak_mem_gb 0.409
2026-10-01 22:37:16,281 | DEBUG | step 2161 epoch 2 loss 0.1355 step_s 0.0218 peak_mem_gb 0.409
2026-10-01 22:37:16,304 | DEBUG | step 2162 epoch 2 loss 0.1214 step_s 0.0225 peak_mem_gb 0.409
2026-10-01 22:37:16,328 | DEBUG | step 2163 epoch 2 loss 0.0872 step_s 0.0232 peak_mem_gb 0.409
2026-10-01 22:37:16,353 | DEBUG | step 2164 epoch 2 loss 0.2435 step_s 0.0236 peak_mem_gb 0.409
2026-10-01 22:37:16,376 | DEBUG | step 2165 epoch 2 loss 0.1537 step_s 0.0218 peak_mem_gb 0.409
2026-10-01 22:37:16,400 | DEBUG | step 2166 epoch 2 loss 0.1799 step_s 0.0235 peak_mem_gb 0.409
2026-10-01 22:37:16,425 | DEBUG | step 2167 epoch 2 loss 0.1162 step_s 0.0240 peak_mem_gb 0.409
2026-10-01 22:37:16,447 | DEBUG | step 2168 epoch 2 loss 0.0924 step_s 0.0206 peak_mem_gb 0.409
2026-10-01 22:37:16,472 | DEBUG | step 2169 epoch 2 loss 0.1317 step_s 0.0245 peak_mem_gb 0.409
2026-10-01 22:37:16,496 | DEBUG | step 2170 epoch 2 loss 0.0743 step_s 0.0229 peak_mem_gb 0.409
2026-10-01 22:37:16,521 | DEBUG | step 2171 epoch 2 loss 0.1622 step_s 0.0236 peak_mem_gb 0.409
2026-10-01 22:37:16,543 | DEBUG | step 2172 epoch 2 loss 0.2146 step_s 0.0214 peak_mem_gb 0.409
2026-10-01 22:37:16,566 | DEBUG | step 2173 epoch 2 loss 0.0985 step_s 0.0221 peak_mem_gb 0.409
2026-10-01 22:37:16,592 | DEBUG | step 2174 epoch 2 loss 0.1639 step_s 0.0246 peak_mem_gb 0.409
2026-10-01 22:37:16,611 | DEBUG | step 2175 epoch 2 loss 0.1688 step_s 0.0188 peak_mem_gb 0.409
2026-10-01 22:37:16,636 | DEBUG | step 2176 epoch 2 loss 0.1327 step_s 0.0236 peak_mem_gb 0.409
2026-10-01 22:37:16,660 | DEBUG | step 2177 epoch 2 loss 0.0914 step_s 0.0236 peak_mem_gb 0.409
2026-10-01 22:37:16,685 | DEBUG | step 2178 epoch 2 loss 0.1909 step_s 0.0238 peak_mem_gb 0.409
2026-10-01 22:37:16,709 | DEBUG | step 2179 epoch 2 loss 0.0930 step_s 0.0226 peak_mem_gb 0.409
2026-10-01 22:37:16,734 | DEBUG | step 2180 epoch 2 loss 0.1398 step_s 0.0244 peak_mem_gb 0.409
2026-10-01 22:37:16,760 | DEBUG | step 2181 epoch 2 loss 0.1993 step_s 0.0249 peak_mem_gb 0.409
2026-10-01 22:37:16,784 | DEBUG | step 2182 epoch 2 loss 0.1439 step_s 0.0228 peak_mem_gb 0.409
2026-10-01 22:37:16,806 | DEBUG | step 2183 epoch 2 loss 0.1184 step_s 0.0221 peak_mem_gb 0.409
2026-10-01 22:37:16,829 | DEBUG | step 2184 epoch 2 loss 0.1506 step_s 0.0215 peak_mem_gb 0.409
2026-10-01 22:37:16,847 | DEBUG | step 2185 epoch 2 loss 0.1346 step_s 0.0171 peak_mem_gb 0.409
2026-10-01 22:37:16,875 | DEBUG | step 2186 epoch 2 loss 0.1966 step_s 0.0266 peak_mem_gb 0.409
2026-10-01 22:37:16,901 | DEBUG | step 2187 epoch 2 loss 0.1220 step_s 0.0249 peak_mem_gb 0.409
2026-10-01 22:37:16,926 | DEBUG | step 2188 epoch 2 loss 0.1167 step_s 0.0243 peak_mem_gb 0.409
2026-10-01 22:37:16,955 | DEBUG | step 2189 epoch 2 loss 0.1713 step_s 0.0272 peak_mem_gb 0.409
2026-10-01 22:37:16,980 | DEBUG | step 2190 epoch 2 loss 0.1965 step_s 0.0244 peak_mem_gb 0.409
2026-10-01 22:37:17,004 | DEBUG | step 2191 epoch 2 loss 0.0622 step_s 0.0227 peak_mem_gb 0.409
2026-10-01 22:37:17,029 | DEBUG | step 2192 epoch 2 loss 0.1324 step_s 0.0239 peak_mem_gb 0.409
2026-10-01 22:37:17,054 | DEBUG | step 2193 epoch 2 loss 0.1206 step_s 0.0241 peak_mem_gb 0.409
2026-10-01 22:37:17,078 | DEBUG | step 2194 epoch 2 loss 0.1984 step_s 0.0237 peak_mem_gb 0.409
2026-10-01 22:37:17,105 | DEBUG | step 2195 epoch 2 loss 0.2653 step_s 0.0259 peak_mem_gb 0.409
2026-10-01 22:37:17,130 | DEBUG | step 2196 epoch 2 loss 0.2344 step_s 0.0240 peak_mem_gb 0.409
2026-10-01 22:37:17,155 | DEBUG | step 2197 epoch 2 loss 0.1412 step_s 0.0237 peak_mem_gb 0.409
2026-10-01 22:37:17,175 | DEBUG | step 2198 epoch 2 loss 0.0981 step_s 0.0189 peak_mem_gb 0.409
2026-10-01 22:37:17,200 | DEBUG | step 2199 epoch 2 loss 0.1291 step_s 0.0242 peak_mem_gb 0.409
2026-10-01 22:37:17,224 | INFO | step 2200 epoch 2 loss 0.1951 step_s 0.0229 peak_mem_gb 0.409
2026-10-01 22:37:17,250 | DEBUG | step 2201 epoch 2 loss 0.1526 step_s 0.0244 peak_mem_gb 0.409
2026-10-01 22:37:17,272 | DEBUG | step 2202 epoch 2 loss 0.1584 step_s 0.0214 peak_mem_gb 0.409
2026-10-01 22:37:17,297 | DEBUG | step 2203 epoch 2 loss 0.1269 step_s 0.0234 peak_mem_gb 0.409
2026-10-01 22:37:17,321 | DEBUG | step 2204 epoch 2 loss 0.2355 step_s 0.0234 peak_mem_gb 0.409
2026-10-01 22:37:17,346 | DEBUG | step 2205 epoch 2 loss 0.1990 step_s 0.0241 peak_mem_gb 0.409
2026-10-01 22:37:17,371 | DEBUG | step 2206 epoch 2 loss 0.2792 step_s 0.0239 peak_mem_gb 0.409
2026-10-01 22:37:17,393 | DEBUG | step 2207 epoch 2 loss 0.0719 step_s 0.0205 peak_mem_gb 0.409
2026-10-01 22:37:17,417 | DEBUG | step 2208 epoch 2 loss 0.1035 step_s 0.0234 peak_mem_gb 0.409
2026-10-01 22:37:17,441 | DEBUG | step 2209 epoch 2 loss 0.0802 step_s 0.0235 peak_mem_gb 0.409
2026-10-01 22:37:17,466 | DEBUG | step 2210 epoch 2 loss 0.0572 step_s 0.0240 peak_mem_gb 0.409
2026-10-01 22:37:17,491 | DEBUG | step 2211 epoch 2 loss 0.0884 step_s 0.0234 peak_mem_gb 0.409
2026-10-01 22:37:17,518 | DEBUG | step 2212 epoch 2 loss 0.3089 step_s 0.0261 peak_mem_gb 0.409
2026-10-01 22:37:17,542 | DEBUG | step 2213 epoch 2 loss 0.2343 step_s 0.0235 peak_mem_gb 0.409
2026-10-01 22:37:17,568 | DEBUG | step 2214 epoch 2 loss 0.2132 step_s 0.0247 peak_mem_gb 0.409
2026-10-01 22:37:17,593 | DEBUG | step 2215 epoch 2 loss 0.0722 step_s 0.0235 peak_mem_gb 0.409
2026-10-01 22:37:17,618 | DEBUG | step 2216 epoch 2 loss 0.0754 step_s 0.0240 peak_mem_gb 0.409
2026-10-01 22:37:17,642 | DEBUG | step 2217 epoch 2 loss 0.2809 step_s 0.0237 peak_mem_gb 0.409
2026-10-01 22:37:17,667 | DEBUG | step 2218 epoch 2 loss 0.2079 step_s 0.0240 peak_mem_gb 0.409
2026-10-01 22:37:17,692 | DEBUG | step 2219 epoch 2 loss 0.0871 step_s 0.0240 peak_mem_gb 0.409
2026-10-01 22:37:17,719 | DEBUG | step 2220 epoch 2 loss 0.2230 step_s 0.0252 peak_mem_gb 0.409
2026-10-01 22:37:17,744 | DEBUG | step 2221 epoch 2 loss 0.2303 step_s 0.0244 peak_mem_gb 0.409
2026-10-01 22:37:17,770 | DEBUG | step 2222 epoch 2 loss 0.2445 step_s 0.0250 peak_mem_gb 0.409
2026-10-01 22:37:17,792 | DEBUG | step 2223 epoch 2 loss 0.1083 step_s 0.0207 peak_mem_gb 0.409
2026-10-01 22:37:17,819 | DEBUG | step 2224 epoch 2 loss 0.1601 step_s 0.0252 peak_mem_gb 0.409
2026-10-01 22:37:17,843 | DEBUG | step 2225 epoch 2 loss 0.1349 step_s 0.0238 peak_mem_gb 0.409
2026-10-01 22:37:17,873 | DEBUG | step 2226 epoch 2 loss 0.1776 step_s 0.0288 peak_mem_gb 0.409
2026-10-01 22:37:17,902 | DEBUG | step 2227 epoch 2 loss 0.2109 step_s 0.0277 peak_mem_gb 0.409
2026-10-01 22:37:17,930 | DEBUG | step 2228 epoch 2 loss 0.0812 step_s 0.0259 peak_mem_gb 0.409
2026-10-01 22:37:17,957 | DEBUG | step 2229 epoch 2 loss 0.0650 step_s 0.0258 peak_mem_gb 0.409
2026-10-01 22:37:17,981 | DEBUG | step 2230 epoch 2 loss 0.1134 step_s 0.0229 peak_mem_gb 0.409
2026-10-01 22:37:18,007 | DEBUG | step 2231 epoch 2 loss 0.1261 step_s 0.0254 peak_mem_gb 0.409
2026-10-01 22:37:18,032 | DEBUG | step 2232 epoch 2 loss 0.1642 step_s 0.0236 peak_mem_gb 0.409
2026-10-01 22:37:18,056 | DEBUG | step 2233 epoch 2 loss 0.1028 step_s 0.0237 peak_mem_gb 0.409
2026-10-01 22:37:18,081 | DEBUG | step 2234 epoch 2 loss 0.2325 step_s 0.0239 peak_mem_gb 0.409
2026-10-01 22:37:18,104 | DEBUG | step 2235 epoch 2 loss 0.0818 step_s 0.0221 peak_mem_gb 0.409
2026-10-01 22:37:18,126 | DEBUG | step 2236 epoch 2 loss 0.1068 step_s 0.0212 peak_mem_gb 0.409
2026-10-01 22:37:18,152 | DEBUG | step 2237 epoch 2 loss 0.1145 step_s 0.0242 peak_mem_gb 0.409
2026-10-01 22:37:18,178 | DEBUG | step 2238 epoch 2 loss 0.1158 step_s 0.0251 peak_mem_gb 0.409
2026-10-01 22:37:18,204 | DEBUG | step 2239 epoch 2 loss 0.2056 step_s 0.0249 peak_mem_gb 0.409
2026-10-01 22:37:18,227 | DEBUG | step 2240 epoch 2 loss 0.1199 step_s 0.0228 peak_mem_gb 0.409
2026-10-01 22:37:18,250 | DEBUG | step 2241 epoch 2 loss 0.0817 step_s 0.0222 peak_mem_gb 0.409
2026-10-01 22:37:18,276 | DEBUG | step 2242 epoch 2 loss 0.2228 step_s 0.0241 peak_mem_gb 0.409
2026-10-01 22:37:18,301 | DEBUG | step 2243 epoch 2 loss 0.2302 step_s 0.0241 peak_mem_gb 0.409
2026-10-01 22:37:18,326 | DEBUG | step 2244 epoch 2 loss 0.2049 step_s 0.0241 peak_mem_gb 0.409
2026-10-01 22:37:18,352 | DEBUG | step 2245 epoch 2 loss 0.0824 step_s 0.0253 peak_mem_gb 0.409
2026-10-01 22:37:18,377 | DEBUG | step 2246 epoch 2 loss 0.1243 step_s 0.0240 peak_mem_gb 0.409
2026-10-01 22:37:18,400 | DEBUG | step 2247 epoch 2 loss 0.0564 step_s 0.0225 peak_mem_gb 0.409
2026-10-01 22:37:18,424 | DEBUG | step 2248 epoch 2 loss 0.1459 step_s 0.0230 peak_mem_gb 0.409
2026-10-01 22:37:18,449 | DEBUG | step 2249 epoch 2 loss 0.2403 step_s 0.0235 peak_mem_gb 0.409
2026-10-01 22:37:18,469 | DEBUG | step 2250 epoch 2 loss 0.0499 step_s 0.0198 peak_mem_gb 0.409
2026-10-01 22:37:18,493 | DEBUG | step 2251 epoch 2 loss 0.1767 step_s 0.0226 peak_mem_gb 0.409
2026-10-01 22:37:18,516 | DEBUG | step 2252 epoch 2 loss 0.1165 step_s 0.0222 peak_mem_gb 0.409
2026-10-01 22:37:18,541 | DEBUG | step 2253 epoch 2 loss 0.1247 step_s 0.0236 peak_mem_gb 0.409
2026-10-01 22:37:18,566 | DEBUG | step 2254 epoch 2 loss 0.1258 step_s 0.0240 peak_mem_gb 0.409
2026-10-01 22:37:18,591 | DEBUG | step 2255 epoch 2 loss 0.1275 step_s 0.0245 peak_mem_gb 0.409
2026-10-01 22:37:18,616 | DEBUG | step 2256 epoch 2 loss 0.1793 step_s 0.0234 peak_mem_gb 0.409
2026-10-01 22:37:18,638 | DEBUG | step 2257 epoch 2 loss 0.1541 step_s 0.0214 peak_mem_gb 0.409
2026-10-01 22:37:18,663 | DEBUG | step 2258 epoch 2 loss 0.2483 step_s 0.0238 peak_mem_gb 0.409
2026-10-01 22:37:18,690 | DEBUG | step 2259 epoch 2 loss 0.1082 step_s 0.0268 peak_mem_gb 0.409
2026-10-01 22:37:18,715 | DEBUG | step 2260 epoch 2 loss 0.0736 step_s 0.0238 peak_mem_gb 0.409
2026-10-01 22:37:18,739 | DEBUG | step 2261 epoch 2 loss 0.1131 step_s 0.0230 peak_mem_gb 0.409
2026-10-01 22:37:18,761 | DEBUG | step 2262 epoch 2 loss 0.1945 step_s 0.0207 peak_mem_gb 0.409
2026-10-01 22:37:18,786 | DEBUG | step 2263 epoch 2 loss 0.2230 step_s 0.0238 peak_mem_gb 0.409
2026-10-01 22:37:18,810 | DEBUG | step 2264 epoch 2 loss 0.0951 step_s 0.0236 peak_mem_gb 0.409
2026-10-01 22:37:18,834 | DEBUG | step 2265 epoch 2 loss 0.1926 step_s 0.0233 peak_mem_gb 0.409
2026-10-01 22:37:18,860 | DEBUG | step 2266 epoch 2 loss 0.2073 step_s 0.0247 peak_mem_gb 0.409
2026-10-01 22:37:18,884 | DEBUG | step 2267 epoch 2 loss 0.3758 step_s 0.0235 peak_mem_gb 0.409
2026-10-01 22:37:18,909 | DEBUG | step 2268 epoch 2 loss 0.2068 step_s 0.0235 peak_mem_gb 0.409
2026-10-01 22:37:18,930 | DEBUG | step 2269 epoch 2 loss 0.1226 step_s 0.0200 peak_mem_gb 0.409
2026-10-01 22:37:18,956 | DEBUG | step 2270 epoch 2 loss 0.1223 step_s 0.0252 peak_mem_gb 0.409
2026-10-01 22:37:18,982 | DEBUG | step 2271 epoch 2 loss 0.2493 step_s 0.0250 peak_mem_gb 0.409
2026-10-01 22:37:19,007 | DEBUG | step 2272 epoch 2 loss 0.1961 step_s 0.0237 peak_mem_gb 0.409
2026-10-01 22:37:19,032 | DEBUG | step 2273 epoch 2 loss 0.0835 step_s 0.0245 peak_mem_gb 0.409
2026-10-01 22:37:19,057 | DEBUG | step 2274 epoch 2 loss 0.1808 step_s 0.0243 peak_mem_gb 0.409
2026-10-01 22:37:19,082 | DEBUG | step 2275 epoch 2 loss 0.1664 step_s 0.0239 peak_mem_gb 0.409
2026-10-01 22:37:19,108 | DEBUG | step 2276 epoch 2 loss 0.1651 step_s 0.0243 peak_mem_gb 0.409
2026-10-01 22:37:19,133 | DEBUG | step 2277 epoch 2 loss 0.1082 step_s 0.0244 peak_mem_gb 0.409
2026-10-01 22:37:19,153 | DEBUG | step 2278 epoch 2 loss 0.1592 step_s 0.0189 peak_mem_gb 0.409
2026-10-01 22:37:19,178 | DEBUG | step 2279 epoch 2 loss 0.2677 step_s 0.0239 peak_mem_gb 0.409
2026-10-01 22:37:19,206 | DEBUG | step 2280 epoch 2 loss 0.1315 step_s 0.0268 peak_mem_gb 0.409
2026-10-01 22:37:19,231 | DEBUG | step 2281 epoch 2 loss 0.2034 step_s 0.0240 peak_mem_gb 0.409
2026-10-01 22:37:19,257 | DEBUG | step 2282 epoch 2 loss 0.1431 step_s 0.0249 peak_mem_gb 0.409
2026-10-01 22:37:19,283 | DEBUG | step 2283 epoch 2 loss 0.0587 step_s 0.0244 peak_mem_gb 0.409
2026-10-01 22:37:19,309 | DEBUG | step 2284 epoch 2 loss 0.1131 step_s 0.0250 peak_mem_gb 0.409
2026-10-01 22:37:19,333 | DEBUG | step 2285 epoch 2 loss 0.1611 step_s 0.0234 peak_mem_gb 0.409
2026-10-01 22:37:19,359 | DEBUG | step 2286 epoch 2 loss 0.1225 step_s 0.0248 peak_mem_gb 0.409
2026-10-01 22:37:19,384 | DEBUG | step 2287 epoch 2 loss 0.1158 step_s 0.0237 peak_mem_gb 0.409
2026-10-01 22:37:19,404 | DEBUG | step 2288 epoch 2 loss 0.0939 step_s 0.0185 peak_mem_gb 0.409
2026-10-01 22:37:19,427 | DEBUG | step 2289 epoch 2 loss 0.1670 step_s 0.0223 peak_mem_gb 0.409
2026-10-01 22:37:19,452 | DEBUG | step 2290 epoch 2 loss 0.1611 step_s 0.0238 peak_mem_gb 0.409
2026-10-01 22:37:19,475 | DEBUG | step 2291 epoch 2 loss 0.2667 step_s 0.0215 peak_mem_gb 0.409
2026-10-01 22:37:19,499 | DEBUG | step 2292 epoch 2 loss 0.2139 step_s 0.0232 peak_mem_gb 0.409
2026-10-01 22:37:19,526 | DEBUG | step 2293 epoch 2 loss 0.1289 step_s 0.0255 peak_mem_gb 0.409
2026-10-01 22:37:19,553 | DEBUG | step 2294 epoch 2 loss 0.0812 step_s 0.0262 peak_mem_gb 0.409
2026-10-01 22:37:19,577 | DEBUG | step 2295 epoch 2 loss 0.0873 step_s 0.0224 peak_mem_gb 0.409
2026-10-01 22:37:19,602 | DEBUG | step 2296 epoch 2 loss 0.1959 step_s 0.0242 peak_mem_gb 0.409
2026-10-01 22:37:19,627 | DEBUG | step 2297 epoch 2 loss 0.1083 step_s 0.0243 peak_mem_gb 0.409
2026-10-01 22:37:19,651 | DEBUG | step 2298 epoch 2 loss 0.1080 step_s 0.0232 peak_mem_gb 0.409
2026-10-01 22:37:19,676 | DEBUG | step 2299 epoch 2 loss 0.2323 step_s 0.0240 peak_mem_gb 0.409
2026-10-01 22:37:19,697 | DEBUG | step 2300 epoch 2 loss 0.0907 step_s 0.0199 peak_mem_gb 0.409
2026-10-01 22:37:19,724 | DEBUG | step 2301 epoch 2 loss 0.1277 step_s 0.0256 peak_mem_gb 0.409
2026-10-01 22:37:19,748 | DEBUG | step 2302 epoch 2 loss 0.1228 step_s 0.0230 peak_mem_gb 0.409
2026-10-01 22:37:19,771 | DEBUG | step 2303 epoch 2 loss 0.2215 step_s 0.0226 peak_mem_gb 0.409
2026-10-01 22:37:19,796 | DEBUG | step 2304 epoch 2 loss 0.1131 step_s 0.0241 peak_mem_gb 0.409
2026-10-01 22:37:19,822 | DEBUG | step 2305 epoch 2 loss 0.1153 step_s 0.0250 peak_mem_gb 0.409
2026-10-01 22:37:19,848 | DEBUG | step 2306 epoch 2 loss 0.1909 step_s 0.0249 peak_mem_gb 0.409
2026-10-01 22:37:19,874 | DEBUG | step 2307 epoch 2 loss 0.3421 step_s 0.0241 peak_mem_gb 0.409
2026-10-01 22:37:19,899 | DEBUG | step 2308 epoch 2 loss 0.1312 step_s 0.0242 peak_mem_gb 0.409
2026-10-01 22:37:19,924 | DEBUG | step 2309 epoch 2 loss 0.1625 step_s 0.0238 peak_mem_gb 0.409
2026-10-01 22:37:19,948 | DEBUG | step 2310 epoch 2 loss 0.0632 step_s 0.0237 peak_mem_gb 0.409
2026-10-01 22:37:19,973 | DEBUG | step 2311 epoch 2 loss 0.1109 step_s 0.0238 peak_mem_gb 0.409
2026-10-01 22:37:19,997 | DEBUG | step 2312 epoch 2 loss 0.2226 step_s 0.0227 peak_mem_gb 0.409
2026-10-01 22:37:20,020 | DEBUG | step 2313 epoch 2 loss 0.1524 step_s 0.0229 peak_mem_gb 0.409
2026-10-01 22:37:20,044 | DEBUG | step 2314 epoch 2 loss 0.1637 step_s 0.0222 peak_mem_gb 0.409
2026-10-01 22:37:20,073 | DEBUG | step 2315 epoch 2 loss 0.1954 step_s 0.0281 peak_mem_gb 0.409
2026-10-01 22:37:20,100 | DEBUG | step 2316 epoch 2 loss 0.2247 step_s 0.0264 peak_mem_gb 0.409
2026-10-01 22:37:20,124 | DEBUG | step 2317 epoch 2 loss 0.0705 step_s 0.0223 peak_mem_gb 0.409
2026-10-01 22:37:20,150 | DEBUG | step 2318 epoch 2 loss 0.0835 step_s 0.0250 peak_mem_gb 0.409
2026-10-01 22:37:20,176 | DEBUG | step 2319 epoch 2 loss 0.1213 step_s 0.0254 peak_mem_gb 0.409
2026-10-01 22:37:20,202 | DEBUG | step 2320 epoch 2 loss 0.1523 step_s 0.0246 peak_mem_gb 0.409
2026-10-01 22:37:20,226 | DEBUG | step 2321 epoch 2 loss 0.2632 step_s 0.0227 peak_mem_gb 0.409
2026-10-01 22:37:20,247 | DEBUG | step 2322 epoch 2 loss 0.2309 step_s 0.0199 peak_mem_gb 0.409
2026-10-01 22:37:20,273 | DEBUG | step 2323 epoch 2 loss 0.0758 step_s 0.0245 peak_mem_gb 0.409
2026-10-01 22:37:20,294 | DEBUG | step 2324 epoch 2 loss 0.2605 step_s 0.0201 peak_mem_gb 0.409
2026-10-01 22:37:20,318 | DEBUG | step 2325 epoch 2 loss 0.1982 step_s 0.0234 peak_mem_gb 0.409
2026-10-01 22:37:20,344 | DEBUG | step 2326 epoch 2 loss 0.1547 step_s 0.0254 peak_mem_gb 0.409
2026-10-01 22:37:20,369 | DEBUG | step 2327 epoch 2 loss 0.1918 step_s 0.0231 peak_mem_gb 0.409
2026-10-01 22:37:20,393 | DEBUG | step 2328 epoch 2 loss 0.1049 step_s 0.0235 peak_mem_gb 0.409
2026-10-01 22:37:20,418 | DEBUG | step 2329 epoch 2 loss 0.0533 step_s 0.0243 peak_mem_gb 0.409
2026-10-01 22:37:20,444 | DEBUG | step 2330 epoch 2 loss 0.0951 step_s 0.0253 peak_mem_gb 0.409
2026-10-01 22:37:20,470 | DEBUG | step 2331 epoch 2 loss 0.1174 step_s 0.0249 peak_mem_gb 0.409
2026-10-01 22:37:20,498 | DEBUG | step 2332 epoch 2 loss 0.1750 step_s 0.0260 peak_mem_gb 0.409
2026-10-01 22:37:20,523 | DEBUG | step 2333 epoch 2 loss 0.1259 step_s 0.0243 peak_mem_gb 0.409
2026-10-01 22:37:20,549 | DEBUG | step 2334 epoch 2 loss 0.2584 step_s 0.0250 peak_mem_gb 0.409
2026-10-01 22:37:20,573 | DEBUG | step 2335 epoch 2 loss 0.1409 step_s 0.0224 peak_mem_gb 0.409
2026-10-01 22:37:20,599 | DEBUG | step 2336 epoch 2 loss 0.1817 step_s 0.0250 peak_mem_gb 0.409
2026-10-01 22:37:20,626 | DEBUG | step 2337 epoch 2 loss 0.1722 step_s 0.0260 peak_mem_gb 0.409
2026-10-01 22:37:20,648 | DEBUG | step 2338 epoch 2 loss 0.1980 step_s 0.0204 peak_mem_gb 0.409
2026-10-01 22:37:20,673 | DEBUG | step 2339 epoch 2 loss 0.1473 step_s 0.0242 peak_mem_gb 0.409
2026-10-01 22:37:20,696 | DEBUG | step 2340 epoch 2 loss 0.1108 step_s 0.0224 peak_mem_gb 0.409
2026-10-01 22:37:20,721 | DEBUG | step 2341 epoch 2 loss 0.0966 step_s 0.0236 peak_mem_gb 0.409
2026-10-01 22:37:20,745 | DEBUG | step 2342 epoch 2 loss 0.2251 step_s 0.0238 peak_mem_gb 0.409
2026-10-01 22:37:20,770 | DEBUG | step 2343 epoch 2 loss 0.1366 step_s 0.0240 peak_mem_gb 0.409
2026-10-01 22:37:20,795 | DEBUG | step 2344 epoch 2 loss 0.1210 step_s 0.0237 peak_mem_gb 0.409
2026-10-01 22:37:20,819 | DEBUG | step 2345 epoch 2 loss 0.1419 step_s 0.0237 peak_mem_gb 0.409
2026-10-01 22:37:20,841 | DEBUG | step 2346 epoch 2 loss 0.2475 step_s 0.0206 peak_mem_gb 0.409
2026-10-01 22:37:20,868 | DEBUG | step 2347 epoch 2 loss 0.2567 step_s 0.0257 peak_mem_gb 0.409
2026-10-01 22:37:20,892 | DEBUG | step 2348 epoch 2 loss 0.2833 step_s 0.0235 peak_mem_gb 0.409
2026-10-01 22:37:20,914 | DEBUG | step 2349 epoch 2 loss 0.1187 step_s 0.0208 peak_mem_gb 0.409
2026-10-01 22:37:20,938 | DEBUG | step 2350 epoch 2 loss 0.1847 step_s 0.0232 peak_mem_gb 0.409
2026-10-01 22:37:20,963 | DEBUG | step 2351 epoch 2 loss 0.1022 step_s 0.0241 peak_mem_gb 0.409
2026-10-01 22:37:20,988 | DEBUG | step 2352 epoch 2 loss 0.1599 step_s 0.0237 peak_mem_gb 0.409
2026-10-01 22:37:21,013 | DEBUG | step 2353 epoch 2 loss 0.0965 step_s 0.0237 peak_mem_gb 0.409
2026-10-01 22:37:21,034 | DEBUG | step 2354 epoch 2 loss 0.1429 step_s 0.0201 peak_mem_gb 0.409
2026-10-01 22:37:21,059 | DEBUG | step 2355 epoch 2 loss 0.2052 step_s 0.0241 peak_mem_gb 0.409
2026-10-01 22:37:21,082 | DEBUG | step 2356 epoch 2 loss 0.1316 step_s 0.0227 peak_mem_gb 0.409
2026-10-01 22:37:21,108 | DEBUG | step 2357 epoch 2 loss 0.1495 step_s 0.0249 peak_mem_gb 0.409
2026-10-01 22:37:21,135 | DEBUG | step 2358 epoch 2 loss 0.1459 step_s 0.0258 peak_mem_gb 0.409
2026-10-01 22:37:21,160 | DEBUG | step 2359 epoch 2 loss 0.2099 step_s 0.0238 peak_mem_gb 0.409
2026-10-01 22:37:21,185 | DEBUG | step 2360 epoch 2 loss 0.0324 step_s 0.0236 peak_mem_gb 0.409
2026-10-01 22:37:21,209 | DEBUG | step 2361 epoch 2 loss 0.1502 step_s 0.0234 peak_mem_gb 0.409
2026-10-01 22:37:21,233 | DEBUG | step 2362 epoch 2 loss 0.1587 step_s 0.0227 peak_mem_gb 0.409
2026-10-01 22:37:21,257 | DEBUG | step 2363 epoch 2 loss 0.1005 step_s 0.0235 peak_mem_gb 0.409
2026-10-01 22:37:21,283 | DEBUG | step 2364 epoch 2 loss 0.1621 step_s 0.0251 peak_mem_gb 0.409
2026-10-01 22:37:21,307 | DEBUG | step 2365 epoch 2 loss 0.0872 step_s 0.0230 peak_mem_gb 0.409
2026-10-01 22:37:21,332 | DEBUG | step 2366 epoch 2 loss 0.1577 step_s 0.0244 peak_mem_gb 0.409
2026-10-01 22:37:21,358 | DEBUG | step 2367 epoch 2 loss 0.1549 step_s 0.0243 peak_mem_gb 0.409
2026-10-01 22:37:21,383 | DEBUG | step 2368 epoch 2 loss 0.1835 step_s 0.0239 peak_mem_gb 0.409
2026-10-01 22:37:21,408 | DEBUG | step 2369 epoch 2 loss 0.1522 step_s 0.0246 peak_mem_gb 0.409
2026-10-01 22:37:21,433 | DEBUG | step 2370 epoch 2 loss 0.1331 step_s 0.0238 peak_mem_gb 0.409
2026-10-01 22:37:21,455 | DEBUG | step 2371 epoch 2 loss 0.2564 step_s 0.0210 peak_mem_gb 0.409
2026-10-01 22:37:21,478 | DEBUG | step 2372 epoch 2 loss 0.1045 step_s 0.0220 peak_mem_gb 0.409
2026-10-01 22:37:21,502 | DEBUG | step 2373 epoch 2 loss 0.2460 step_s 0.0240 peak_mem_gb 0.409
2026-10-01 22:37:21,526 | DEBUG | step 2374 epoch 2 loss 0.0817 step_s 0.0230 peak_mem_gb 0.409
2026-10-01 22:37:21,553 | DEBUG | step 2375 epoch 2 loss 0.1064 step_s 0.0251 peak_mem_gb 0.409
2026-10-01 22:37:21,580 | DEBUG | step 2376 epoch 2 loss 0.1558 step_s 0.0261 peak_mem_gb 0.409
2026-10-01 22:37:21,606 | DEBUG | step 2377 epoch 2 loss 0.1196 step_s 0.0248 peak_mem_gb 0.409
2026-10-01 22:37:21,632 | DEBUG | step 2378 epoch 2 loss 0.1866 step_s 0.0247 peak_mem_gb 0.409
2026-10-01 22:37:21,658 | DEBUG | step 2379 epoch 2 loss 0.2138 step_s 0.0247 peak_mem_gb 0.409
2026-10-01 22:37:21,682 | DEBUG | step 2380 epoch 2 loss 0.1237 step_s 0.0235 peak_mem_gb 0.409
2026-10-01 22:37:21,707 | DEBUG | step 2381 epoch 2 loss 0.2644 step_s 0.0245 peak_mem_gb 0.409
2026-10-01 22:37:21,732 | DEBUG | step 2382 epoch 2 loss 0.1251 step_s 0.0235 peak_mem_gb 0.409
2026-10-01 22:37:21,756 | DEBUG | step 2383 epoch 2 loss 0.1959 step_s 0.0235 peak_mem_gb 0.409
2026-10-01 22:37:21,782 | DEBUG | step 2384 epoch 2 loss 0.1515 step_s 0.0243 peak_mem_gb 0.409
2026-10-01 22:37:21,807 | DEBUG | step 2385 epoch 2 loss 0.2536 step_s 0.0240 peak_mem_gb 0.409
2026-10-01 22:37:21,833 | DEBUG | step 2386 epoch 2 loss 0.1040 step_s 0.0254 peak_mem_gb 0.409
2026-10-01 22:37:21,853 | DEBUG | step 2387 epoch 2 loss 0.0754 step_s 0.0188 peak_mem_gb 0.409
2026-10-01 22:37:21,880 | DEBUG | step 2388 epoch 2 loss 0.1458 step_s 0.0259 peak_mem_gb 0.409
2026-10-01 22:37:21,905 | DEBUG | step 2389 epoch 2 loss 0.1605 step_s 0.0240 peak_mem_gb 0.409
2026-10-01 22:37:21,930 | DEBUG | step 2390 epoch 2 loss 0.1362 step_s 0.0243 peak_mem_gb 0.409
2026-10-01 22:37:21,955 | DEBUG | step 2391 epoch 2 loss 0.1801 step_s 0.0240 peak_mem_gb 0.409
2026-10-01 22:37:21,979 | DEBUG | step 2392 epoch 2 loss 0.0778 step_s 0.0230 peak_mem_gb 0.409
2026-10-01 22:37:22,005 | DEBUG | step 2393 epoch 2 loss 0.1960 step_s 0.0254 peak_mem_gb 0.409
2026-10-01 22:37:22,030 | DEBUG | step 2394 epoch 2 loss 0.1381 step_s 0.0232 peak_mem_gb 0.409
2026-10-01 22:37:22,054 | DEBUG | step 2395 epoch 2 loss 0.2083 step_s 0.0237 peak_mem_gb 0.409
2026-10-01 22:37:22,079 | DEBUG | step 2396 epoch 2 loss 0.1977 step_s 0.0236 peak_mem_gb 0.409
2026-10-01 22:37:22,103 | DEBUG | step 2397 epoch 2 loss 0.1472 step_s 0.0239 peak_mem_gb 0.409
2026-10-01 22:37:22,124 | DEBUG | step 2398 epoch 2 loss 0.0764 step_s 0.0200 peak_mem_gb 0.409
2026-10-01 22:37:22,148 | DEBUG | step 2399 epoch 2 loss 0.0955 step_s 0.0228 peak_mem_gb 0.409
2026-10-01 22:37:22,173 | INFO | step 2400 epoch 2 loss 0.1159 step_s 0.0245 peak_mem_gb 0.409
2026-10-01 22:37:22,201 | DEBUG | step 2401 epoch 2 loss 0.0267 step_s 0.0258 peak_mem_gb 0.409
2026-10-01 22:37:22,228 | DEBUG | step 2402 epoch 2 loss 0.1687 step_s 0.0260 peak_mem_gb 0.409
2026-10-01 22:37:22,255 | DEBUG | step 2403 epoch 2 loss 0.1767 step_s 0.0251 peak_mem_gb 0.409
2026-10-01 22:37:22,280 | DEBUG | step 2404 epoch 2 loss 0.1533 step_s 0.0243 peak_mem_gb 0.409
2026-10-01 22:37:22,304 | DEBUG | step 2405 epoch 2 loss 0.2756 step_s 0.0236 peak_mem_gb 0.409
2026-10-01 22:37:22,328 | DEBUG | step 2406 epoch 2 loss 0.1781 step_s 0.0232 peak_mem_gb 0.409
2026-10-01 22:37:22,353 | DEBUG | step 2407 epoch 2 loss 0.1390 step_s 0.0237 peak_mem_gb 0.409
2026-10-01 22:37:22,378 | DEBUG | step 2408 epoch 2 loss 0.1664 step_s 0.0237 peak_mem_gb 0.409
2026-10-01 22:37:22,403 | DEBUG | step 2409 epoch 2 loss 0.0750 step_s 0.0241 peak_mem_gb 0.409
2026-10-01 22:37:22,428 | DEBUG | step 2410 epoch 2 loss 0.1799 step_s 0.0239 peak_mem_gb 0.409
2026-10-01 22:37:22,453 | DEBUG | step 2411 epoch 2 loss 0.1418 step_s 0.0241 peak_mem_gb 0.409
2026-10-01 22:37:22,478 | DEBUG | step 2412 epoch 2 loss 0.0826 step_s 0.0241 peak_mem_gb 0.409
2026-10-01 22:37:22,502 | DEBUG | step 2413 epoch 2 loss 0.2014 step_s 0.0236 peak_mem_gb 0.409
2026-10-01 22:37:22,526 | DEBUG | step 2414 epoch 2 loss 0.0994 step_s 0.0224 peak_mem_gb 0.409
2026-10-01 22:37:22,550 | DEBUG | step 2415 epoch 2 loss 0.2096 step_s 0.0234 peak_mem_gb 0.409
2026-10-01 22:37:22,575 | DEBUG | step 2416 epoch 2 loss 0.1292 step_s 0.0238 peak_mem_gb 0.409
2026-10-01 22:37:22,599 | DEBUG | step 2417 epoch 2 loss 0.0545 step_s 0.0237 peak_mem_gb 0.409
2026-10-01 22:37:22,624 | DEBUG | step 2418 epoch 2 loss 0.1297 step_s 0.0232 peak_mem_gb 0.409
2026-10-01 22:37:22,647 | DEBUG | step 2419 epoch 2 loss 0.1780 step_s 0.0226 peak_mem_gb 0.409
2026-10-01 22:37:22,670 | DEBUG | step 2420 epoch 2 loss 0.0909 step_s 0.0224 peak_mem_gb 0.409
2026-10-01 22:37:22,692 | DEBUG | step 2421 epoch 2 loss 0.1693 step_s 0.0202 peak_mem_gb 0.409
2026-10-01 22:37:22,716 | DEBUG | step 2422 epoch 2 loss 0.2259 step_s 0.0239 peak_mem_gb 0.409
2026-10-01 22:37:22,737 | DEBUG | step 2423 epoch 2 loss 0.1761 step_s 0.0198 peak_mem_gb 0.409
2026-10-01 22:37:22,762 | DEBUG | step 2424 epoch 2 loss 0.1914 step_s 0.0238 peak_mem_gb 0.409
2026-10-01 22:37:22,786 | DEBUG | step 2425 epoch 2 loss 0.1845 step_s 0.0232 peak_mem_gb 0.409
2026-10-01 22:37:22,810 | DEBUG | step 2426 epoch 2 loss 0.0632 step_s 0.0235 peak_mem_gb 0.409
2026-10-01 22:37:22,832 | DEBUG | step 2427 epoch 2 loss 0.1280 step_s 0.0213 peak_mem_gb 0.409
2026-10-01 22:37:22,857 | DEBUG | step 2428 epoch 2 loss 0.2367 step_s 0.0238 peak_mem_gb 0.409
2026-10-01 22:37:22,878 | DEBUG | step 2429 epoch 2 loss 0.2707 step_s 0.0197 peak_mem_gb 0.409
2026-10-01 22:37:22,902 | DEBUG | step 2430 epoch 2 loss 0.1159 step_s 0.0239 peak_mem_gb 0.409
2026-10-01 22:37:22,926 | DEBUG | step 2431 epoch 2 loss 0.1937 step_s 0.0230 peak_mem_gb 0.409
2026-10-01 22:37:22,951 | DEBUG | step 2432 epoch 2 loss 0.3774 step_s 0.0239 peak_mem_gb 0.409
2026-10-01 22:37:22,975 | DEBUG | step 2433 epoch 2 loss 0.1974 step_s 0.0234 peak_mem_gb 0.409
2026-10-01 22:37:22,998 | DEBUG | step 2434 epoch 2 loss 0.1231 step_s 0.0214 peak_mem_gb 0.409
2026-10-01 22:37:23,024 | DEBUG | step 2435 epoch 2 loss 0.1822 step_s 0.0253 peak_mem_gb 0.409
2026-10-01 22:37:23,048 | DEBUG | step 2436 epoch 2 loss 0.1269 step_s 0.0232 peak_mem_gb 0.409
2026-10-01 22:37:23,073 | DEBUG | step 2437 epoch 2 loss 0.1201 step_s 0.0239 peak_mem_gb 0.409
2026-10-01 22:37:23,098 | DEBUG | step 2438 epoch 2 loss 0.1768 step_s 0.0246 peak_mem_gb 0.409
2026-10-01 22:37:23,124 | DEBUG | step 2439 epoch 2 loss 0.2029 step_s 0.0241 peak_mem_gb 0.409
2026-10-01 22:37:23,148 | DEBUG | step 2440 epoch 2 loss 0.2813 step_s 0.0236 peak_mem_gb 0.409
2026-10-01 22:37:23,167 | DEBUG | step 2441 epoch 2 loss 0.3050 step_s 0.0184 peak_mem_gb 0.409
2026-10-01 22:37:23,194 | DEBUG | step 2442 epoch 2 loss 0.1690 step_s 0.0257 peak_mem_gb 0.409
2026-10-01 22:37:23,215 | DEBUG | step 2443 epoch 2 loss 0.2211 step_s 0.0197 peak_mem_gb 0.409
2026-10-01 22:37:23,240 | DEBUG | step 2444 epoch 2 loss 0.1730 step_s 0.0242 peak_mem_gb 0.409
2026-10-01 22:37:23,264 | DEBUG | step 2445 epoch 2 loss 0.1362 step_s 0.0232 peak_mem_gb 0.409
2026-10-01 22:37:23,287 | DEBUG | step 2446 epoch 2 loss 0.0759 step_s 0.0227 peak_mem_gb 0.409
2026-10-01 22:37:23,313 | DEBUG | step 2447 epoch 2 loss 0.2619 step_s 0.0248 peak_mem_gb 0.409
2026-10-01 22:37:23,337 | DEBUG | step 2448 epoch 2 loss 0.1758 step_s 0.0228 peak_mem_gb 0.409
2026-10-01 22:37:23,361 | DEBUG | step 2449 epoch 2 loss 0.0794 step_s 0.0236 peak_mem_gb 0.409
2026-10-01 22:37:23,385 | DEBUG | step 2450 epoch 2 loss 0.1195 step_s 0.0232 peak_mem_gb 0.409
2026-10-01 22:37:23,409 | DEBUG | step 2451 epoch 2 loss 0.1480 step_s 0.0229 peak_mem_gb 0.409
2026-10-01 22:37:23,433 | DEBUG | step 2452 epoch 2 loss 0.1439 step_s 0.0225 peak_mem_gb 0.409
2026-10-01 22:37:23,458 | DEBUG | step 2453 epoch 2 loss 0.2075 step_s 0.0239 peak_mem_gb 0.409
2026-10-01 22:37:23,483 | DEBUG | step 2454 epoch 2 loss 0.0922 step_s 0.0248 peak_mem_gb 0.409
2026-10-01 22:37:23,504 | DEBUG | step 2455 epoch 2 loss 0.1610 step_s 0.0195 peak_mem_gb 0.409
2026-10-01 22:37:23,530 | DEBUG | step 2456 epoch 2 loss 0.0971 step_s 0.0258 peak_mem_gb 0.409
2026-10-01 22:37:23,552 | DEBUG | step 2457 epoch 2 loss 0.1207 step_s 0.0206 peak_mem_gb 0.409
2026-10-01 22:37:23,576 | DEBUG | step 2458 epoch 2 loss 0.1698 step_s 0.0235 peak_mem_gb 0.409
2026-10-01 22:37:23,603 | DEBUG | step 2459 epoch 2 loss 0.1487 step_s 0.0259 peak_mem_gb 0.409
2026-10-01 22:37:23,628 | DEBUG | step 2460 epoch 2 loss 0.1141 step_s 0.0231 peak_mem_gb 0.409
2026-10-01 22:37:23,648 | DEBUG | step 2461 epoch 2 loss 0.2163 step_s 0.0193 peak_mem_gb 0.409
2026-10-01 22:37:23,673 | DEBUG | step 2462 epoch 2 loss 0.2067 step_s 0.0240 peak_mem_gb 0.409
2026-10-01 22:37:23,697 | DEBUG | step 2463 epoch 2 loss 0.2071 step_s 0.0230 peak_mem_gb 0.409
2026-10-01 22:37:23,723 | DEBUG | step 2464 epoch 2 loss 0.1367 step_s 0.0253 peak_mem_gb 0.409
2026-10-01 22:37:23,746 | DEBUG | step 2465 epoch 2 loss 0.1278 step_s 0.0226 peak_mem_gb 0.409
2026-10-01 22:37:23,771 | DEBUG | step 2466 epoch 2 loss 0.1796 step_s 0.0239 peak_mem_gb 0.409
2026-10-01 22:37:23,794 | DEBUG | step 2467 epoch 2 loss 0.0613 step_s 0.0222 peak_mem_gb 0.409
2026-10-01 22:37:23,815 | DEBUG | step 2468 epoch 2 loss 0.1686 step_s 0.0200 peak_mem_gb 0.409
2026-10-01 22:37:23,838 | DEBUG | step 2469 epoch 2 loss 0.0631 step_s 0.0226 peak_mem_gb 0.409
2026-10-01 22:37:23,861 | DEBUG | step 2470 epoch 2 loss 0.1398 step_s 0.0210 peak_mem_gb 0.409
2026-10-01 22:37:23,885 | DEBUG | step 2471 epoch 2 loss 0.1120 step_s 0.0238 peak_mem_gb 0.409
2026-10-01 22:37:23,907 | DEBUG | step 2472 epoch 2 loss 0.1410 step_s 0.0208 peak_mem_gb 0.409
2026-10-01 22:37:23,930 | DEBUG | step 2473 epoch 2 loss 0.2679 step_s 0.0224 peak_mem_gb 0.409
2026-10-01 22:37:23,954 | DEBUG | step 2474 epoch 2 loss 0.1447 step_s 0.0228 peak_mem_gb 0.409
2026-10-01 22:37:23,981 | DEBUG | step 2475 epoch 2 loss 0.3156 step_s 0.0253 peak_mem_gb 0.409
2026-10-01 22:37:24,007 | DEBUG | step 2476 epoch 2 loss 0.0866 step_s 0.0247 peak_mem_gb 0.409
2026-10-01 22:37:24,032 | DEBUG | step 2477 epoch 2 loss 0.1282 step_s 0.0244 peak_mem_gb 0.409
2026-10-01 22:37:24,055 | DEBUG | step 2478 epoch 2 loss 0.0616 step_s 0.0223 peak_mem_gb 0.409
2026-10-01 22:37:24,080 | DEBUG | step 2479 epoch 2 loss 0.1555 step_s 0.0243 peak_mem_gb 0.409
2026-10-01 22:37:24,105 | DEBUG | step 2480 epoch 2 loss 0.0552 step_s 0.0239 peak_mem_gb 0.409
2026-10-01 22:37:24,126 | DEBUG | step 2481 epoch 2 loss 0.2063 step_s 0.0192 peak_mem_gb 0.409
2026-10-01 22:37:24,148 | DEBUG | step 2482 epoch 2 loss 0.1271 step_s 0.0213 peak_mem_gb 0.409
2026-10-01 22:37:24,168 | DEBUG | step 2483 epoch 2 loss 0.1450 step_s 0.0193 peak_mem_gb 0.409
2026-10-01 22:37:24,193 | DEBUG | step 2484 epoch 2 loss 0.1674 step_s 0.0245 peak_mem_gb 0.409
2026-10-01 22:37:24,219 | DEBUG | step 2485 epoch 2 loss 0.2646 step_s 0.0253 peak_mem_gb 0.409
2026-10-01 22:37:24,245 | DEBUG | step 2486 epoch 2 loss 0.1321 step_s 0.0246 peak_mem_gb 0.409
2026-10-01 22:37:24,270 | DEBUG | step 2487 epoch 2 loss 0.0445 step_s 0.0238 peak_mem_gb 0.409
2026-10-01 22:37:24,294 | DEBUG | step 2488 epoch 2 loss 0.2044 step_s 0.0234 peak_mem_gb 0.409
2026-10-01 22:37:24,319 | DEBUG | step 2489 epoch 2 loss 0.1319 step_s 0.0238 peak_mem_gb 0.409
2026-10-01 22:37:24,343 | DEBUG | step 2490 epoch 2 loss 0.1171 step_s 0.0231 peak_mem_gb 0.409
2026-10-01 22:37:24,368 | DEBUG | step 2491 epoch 2 loss 0.1678 step_s 0.0236 peak_mem_gb 0.409
2026-10-01 22:37:24,394 | DEBUG | step 2492 epoch 2 loss 0.1656 step_s 0.0252 peak_mem_gb 0.409
2026-10-01 22:37:24,418 | DEBUG | step 2493 epoch 2 loss 0.2047 step_s 0.0239 peak_mem_gb 0.409
2026-10-01 22:37:24,443 | DEBUG | step 2494 epoch 2 loss 0.1606 step_s 0.0241 peak_mem_gb 0.409
2026-10-01 22:37:24,468 | DEBUG | step 2495 epoch 2 loss 0.1591 step_s 0.0237 peak_mem_gb 0.409
2026-10-01 22:37:24,492 | DEBUG | step 2496 epoch 2 loss 0.1029 step_s 0.0231 peak_mem_gb 0.409
2026-10-01 22:37:24,516 | DEBUG | step 2497 epoch 2 loss 0.2129 step_s 0.0233 peak_mem_gb 0.409
2026-10-01 22:37:24,540 | DEBUG | step 2498 epoch 2 loss 0.1301 step_s 0.0233 peak_mem_gb 0.409
2026-10-01 22:37:24,565 | DEBUG | step 2499 epoch 2 loss 0.2366 step_s 0.0238 peak_mem_gb 0.409
2026-10-01 22:37:24,590 | DEBUG | step 2500 epoch 2 loss 0.2435 step_s 0.0236 peak_mem_gb 0.409
2026-10-01 22:37:24,614 | DEBUG | step 2501 epoch 2 loss 0.0555 step_s 0.0239 peak_mem_gb 0.409
2026-10-01 22:37:24,639 | DEBUG | step 2502 epoch 2 loss 0.2338 step_s 0.0236 peak_mem_gb 0.409
2026-10-01 22:37:24,663 | DEBUG | step 2503 epoch 2 loss 0.1954 step_s 0.0231 peak_mem_gb 0.409
2026-10-01 22:37:24,688 | DEBUG | step 2504 epoch 2 loss 0.1337 step_s 0.0241 peak_mem_gb 0.409
2026-10-01 22:37:24,714 | DEBUG | step 2505 epoch 2 loss 0.2077 step_s 0.0248 peak_mem_gb 0.409
2026-10-01 22:37:24,739 | DEBUG | step 2506 epoch 2 loss 0.1603 step_s 0.0248 peak_mem_gb 0.409
2026-10-01 22:37:24,759 | DEBUG | step 2507 epoch 2 loss 0.1536 step_s 0.0184 peak_mem_gb 0.409
2026-10-01 22:37:24,782 | DEBUG | step 2508 epoch 2 loss 0.1896 step_s 0.0223 peak_mem_gb 0.409
2026-10-01 22:37:24,807 | DEBUG | step 2509 epoch 2 loss 0.0882 step_s 0.0237 peak_mem_gb 0.409
2026-10-01 22:37:24,831 | DEBUG | step 2510 epoch 2 loss 0.0972 step_s 0.0231 peak_mem_gb 0.409
2026-10-01 22:37:24,855 | DEBUG | step 2511 epoch 2 loss 0.1154 step_s 0.0238 peak_mem_gb 0.409
2026-10-01 22:37:24,877 | DEBUG | step 2512 epoch 2 loss 0.1615 step_s 0.0205 peak_mem_gb 0.409
2026-10-01 22:37:24,899 | DEBUG | step 2513 epoch 2 loss 0.1306 step_s 0.0212 peak_mem_gb 0.409
2026-10-01 22:37:24,925 | DEBUG | step 2514 epoch 2 loss 0.2495 step_s 0.0252 peak_mem_gb 0.409
2026-10-01 22:37:24,949 | DEBUG | step 2515 epoch 2 loss 0.0852 step_s 0.0235 peak_mem_gb 0.409
2026-10-01 22:37:24,973 | DEBUG | step 2516 epoch 2 loss 0.1610 step_s 0.0230 peak_mem_gb 0.409
2026-10-01 22:37:24,998 | DEBUG | step 2517 epoch 2 loss 0.1198 step_s 0.0238 peak_mem_gb 0.409
2026-10-01 22:37:25,022 | DEBUG | step 2518 epoch 2 loss 0.2328 step_s 0.0235 peak_mem_gb 0.409
2026-10-01 22:37:25,045 | DEBUG | step 2519 epoch 2 loss 0.1868 step_s 0.0216 peak_mem_gb 0.409
2026-10-01 22:37:25,070 | DEBUG | step 2520 epoch 2 loss 0.0507 step_s 0.0246 peak_mem_gb 0.409
2026-10-01 22:37:25,095 | DEBUG | step 2521 epoch 2 loss 0.2138 step_s 0.0234 peak_mem_gb 0.409
2026-10-01 22:37:25,114 | DEBUG | step 2522 epoch 2 loss 0.1333 step_s 0.0187 peak_mem_gb 0.409
2026-10-01 22:37:25,139 | DEBUG | step 2523 epoch 2 loss 0.1607 step_s 0.0239 peak_mem_gb 0.409
2026-10-01 22:37:25,164 | DEBUG | step 2524 epoch 2 loss 0.1342 step_s 0.0239 peak_mem_gb 0.409
2026-10-01 22:37:25,186 | DEBUG | step 2525 epoch 2 loss 0.1297 step_s 0.0210 peak_mem_gb 0.409
2026-10-01 22:37:25,207 | DEBUG | step 2526 epoch 2 loss 0.0868 step_s 0.0205 peak_mem_gb 0.409
2026-10-01 22:37:25,232 | DEBUG | step 2527 epoch 2 loss 0.0817 step_s 0.0235 peak_mem_gb 0.409
2026-10-01 22:37:25,255 | DEBUG | step 2528 epoch 2 loss 0.1794 step_s 0.0227 peak_mem_gb 0.409
2026-10-01 22:37:25,280 | DEBUG | step 2529 epoch 2 loss 0.1099 step_s 0.0232 peak_mem_gb 0.409
2026-10-01 22:37:25,304 | DEBUG | step 2530 epoch 2 loss 0.1803 step_s 0.0236 peak_mem_gb 0.409
2026-10-01 22:37:25,328 | DEBUG | step 2531 epoch 2 loss 0.1284 step_s 0.0234 peak_mem_gb 0.409
2026-10-01 22:37:25,352 | DEBUG | step 2532 epoch 2 loss 0.1243 step_s 0.0231 peak_mem_gb 0.409
2026-10-01 22:37:25,375 | DEBUG | step 2533 epoch 2 loss 0.1832 step_s 0.0217 peak_mem_gb 0.409
2026-10-01 22:37:25,399 | DEBUG | step 2534 epoch 2 loss 0.1031 step_s 0.0235 peak_mem_gb 0.409
2026-10-01 22:37:25,426 | DEBUG | step 2535 epoch 2 loss 0.1604 step_s 0.0255 peak_mem_gb 0.409
2026-10-01 22:37:25,450 | DEBUG | step 2536 epoch 2 loss 0.3039 step_s 0.0235 peak_mem_gb 0.409
2026-10-01 22:37:25,475 | DEBUG | step 2537 epoch 2 loss 0.1322 step_s 0.0237 peak_mem_gb 0.409
2026-10-01 22:37:25,499 | DEBUG | step 2538 epoch 2 loss 0.0710 step_s 0.0230 peak_mem_gb 0.409
2026-10-01 22:37:25,523 | DEBUG | step 2539 epoch 2 loss 0.1382 step_s 0.0233 peak_mem_gb 0.409
2026-10-01 22:37:25,548 | DEBUG | step 2540 epoch 2 loss 0.0786 step_s 0.0240 peak_mem_gb 0.409
2026-10-01 22:37:25,572 | DEBUG | step 2541 epoch 2 loss 0.0424 step_s 0.0230 peak_mem_gb 0.409
2026-10-01 22:37:25,597 | DEBUG | step 2542 epoch 2 loss 0.0399 step_s 0.0241 peak_mem_gb 0.409
2026-10-01 22:37:25,622 | DEBUG | step 2543 epoch 2 loss 0.0812 step_s 0.0238 peak_mem_gb 0.409
2026-10-01 22:37:25,650 | DEBUG | step 2544 epoch 2 loss 0.1842 step_s 0.0269 peak_mem_gb 0.409
2026-10-01 22:37:25,676 | DEBUG | step 2545 epoch 2 loss 0.1772 step_s 0.0248 peak_mem_gb 0.409
2026-10-01 22:37:25,701 | DEBUG | step 2546 epoch 2 loss 0.0740 step_s 0.0241 peak_mem_gb 0.409
2026-10-01 22:37:25,722 | DEBUG | step 2547 epoch 2 loss 0.2622 step_s 0.0198 peak_mem_gb 0.409
2026-10-01 22:37:25,748 | DEBUG | step 2548 epoch 2 loss 0.1759 step_s 0.0250 peak_mem_gb 0.409
2026-10-01 22:37:25,773 | DEBUG | step 2549 epoch 2 loss 0.1915 step_s 0.0241 peak_mem_gb 0.409
2026-10-01 22:37:25,799 | DEBUG | step 2550 epoch 2 loss 0.0776 step_s 0.0246 peak_mem_gb 0.409
2026-10-01 22:37:25,831 | DEBUG | step 2551 epoch 2 loss 0.0683 step_s 0.0301 peak_mem_gb 0.409
2026-10-01 22:37:25,859 | DEBUG | step 2552 epoch 2 loss 0.1390 step_s 0.0271 peak_mem_gb 0.409
2026-10-01 22:37:25,888 | DEBUG | step 2553 epoch 2 loss 0.1061 step_s 0.0268 peak_mem_gb 0.409
2026-10-01 22:37:25,914 | DEBUG | step 2554 epoch 2 loss 0.1282 step_s 0.0255 peak_mem_gb 0.409
2026-10-01 22:37:25,941 | DEBUG | step 2555 epoch 2 loss 0.1223 step_s 0.0258 peak_mem_gb 0.409
2026-10-01 22:37:25,969 | DEBUG | step 2556 epoch 2 loss 0.1951 step_s 0.0269 peak_mem_gb 0.409
2026-10-01 22:37:25,995 | DEBUG | step 2557 epoch 2 loss 0.1467 step_s 0.0246 peak_mem_gb 0.409
2026-10-01 22:37:26,021 | DEBUG | step 2558 epoch 2 loss 0.0824 step_s 0.0247 peak_mem_gb 0.409
2026-10-01 22:37:26,046 | DEBUG | step 2559 epoch 2 loss 0.0759 step_s 0.0247 peak_mem_gb 0.409
2026-10-01 22:37:26,071 | DEBUG | step 2560 epoch 2 loss 0.0663 step_s 0.0239 peak_mem_gb 0.409
2026-10-01 22:37:26,097 | DEBUG | step 2561 epoch 2 loss 0.2271 step_s 0.0248 peak_mem_gb 0.409
2026-10-01 22:37:26,118 | DEBUG | step 2562 epoch 2 loss 0.1345 step_s 0.0191 peak_mem_gb 0.409
2026-10-01 22:37:26,143 | DEBUG | step 2563 epoch 2 loss 0.2042 step_s 0.0241 peak_mem_gb 0.409
2026-10-01 22:37:26,167 | DEBUG | step 2564 epoch 2 loss 0.1704 step_s 0.0234 peak_mem_gb 0.409
2026-10-01 22:37:26,192 | DEBUG | step 2565 epoch 2 loss 0.1431 step_s 0.0236 peak_mem_gb 0.409
2026-10-01 22:37:26,215 | DEBUG | step 2566 epoch 2 loss 0.1292 step_s 0.0223 peak_mem_gb 0.409
2026-10-01 22:37:26,239 | DEBUG | step 2567 epoch 2 loss 0.2318 step_s 0.0232 peak_mem_gb 0.409
2026-10-01 22:37:26,264 | DEBUG | step 2568 epoch 2 loss 0.1479 step_s 0.0236 peak_mem_gb 0.409
2026-10-01 22:37:26,286 | DEBUG | step 2569 epoch 2 loss 0.1382 step_s 0.0218 peak_mem_gb 0.409
2026-10-01 22:37:26,310 | DEBUG | step 2570 epoch 2 loss 0.1714 step_s 0.0231 peak_mem_gb 0.409
2026-10-01 22:37:26,335 | DEBUG | step 2571 epoch 2 loss 0.1542 step_s 0.0235 peak_mem_gb 0.409
2026-10-01 22:37:26,359 | DEBUG | step 2572 epoch 2 loss 0.1350 step_s 0.0234 peak_mem_gb 0.409
2026-10-01 22:37:26,381 | DEBUG | step 2573 epoch 2 loss 0.1259 step_s 0.0215 peak_mem_gb 0.409
2026-10-01 22:37:26,407 | DEBUG | step 2574 epoch 2 loss 0.1375 step_s 0.0242 peak_mem_gb 0.409
2026-10-01 22:37:26,432 | DEBUG | step 2575 epoch 2 loss 0.1258 step_s 0.0243 peak_mem_gb 0.409
2026-10-01 22:37:26,457 | DEBUG | step 2576 epoch 2 loss 0.2014 step_s 0.0241 peak_mem_gb 0.409
2026-10-01 22:37:26,482 | DEBUG | step 2577 epoch 2 loss 0.2046 step_s 0.0243 peak_mem_gb 0.409
2026-10-01 22:37:26,508 | DEBUG | step 2578 epoch 2 loss 0.1755 step_s 0.0252 peak_mem_gb 0.409
2026-10-01 22:37:26,533 | DEBUG | step 2579 epoch 2 loss 0.1018 step_s 0.0237 peak_mem_gb 0.409
2026-10-01 22:37:26,556 | DEBUG | step 2580 epoch 2 loss 0.1235 step_s 0.0226 peak_mem_gb 0.409
2026-10-01 22:37:26,581 | DEBUG | step 2581 epoch 2 loss 0.2762 step_s 0.0243 peak_mem_gb 0.409
2026-10-01 22:37:26,605 | DEBUG | step 2582 epoch 2 loss 0.1034 step_s 0.0231 peak_mem_gb 0.409
2026-10-01 22:37:26,630 | DEBUG | step 2583 epoch 2 loss 0.1180 step_s 0.0240 peak_mem_gb 0.409
2026-10-01 22:37:26,654 | DEBUG | step 2584 epoch 2 loss 0.2516 step_s 0.0224 peak_mem_gb 0.409
2026-10-01 22:37:26,680 | DEBUG | step 2585 epoch 2 loss 0.2036 step_s 0.0252 peak_mem_gb 0.409
2026-10-01 22:37:26,704 | DEBUG | step 2586 epoch 2 loss 0.0556 step_s 0.0233 peak_mem_gb 0.409
2026-10-01 22:37:26,729 | DEBUG | step 2587 epoch 2 loss 0.1151 step_s 0.0233 peak_mem_gb 0.409
2026-10-01 22:37:26,749 | DEBUG | step 2588 epoch 2 loss 0.2310 step_s 0.0196 peak_mem_gb 0.409
2026-10-01 22:37:26,774 | DEBUG | step 2589 epoch 2 loss 0.0824 step_s 0.0236 peak_mem_gb 0.409
2026-10-01 22:37:26,795 | DEBUG | step 2590 epoch 2 loss 0.2249 step_s 0.0199 peak_mem_gb 0.409
2026-10-01 22:37:26,820 | DEBUG | step 2591 epoch 2 loss 0.0368 step_s 0.0242 peak_mem_gb 0.409
2026-10-01 22:37:26,845 | DEBUG | step 2592 epoch 2 loss 0.1339 step_s 0.0249 peak_mem_gb 0.409
2026-10-01 22:37:26,875 | DEBUG | step 2593 epoch 2 loss 0.1404 step_s 0.0281 peak_mem_gb 0.409
2026-10-01 22:37:26,903 | DEBUG | step 2594 epoch 2 loss 0.0914 step_s 0.0266 peak_mem_gb 0.409
2026-10-01 22:37:26,930 | DEBUG | step 2595 epoch 2 loss 0.1258 step_s 0.0254 peak_mem_gb 0.409
2026-10-01 22:37:26,957 | DEBUG | step 2596 epoch 2 loss 0.1563 step_s 0.0257 peak_mem_gb 0.409
2026-10-01 22:37:26,978 | DEBUG | step 2597 epoch 2 loss 0.1372 step_s 0.0201 peak_mem_gb 0.409
2026-10-01 22:37:27,003 | DEBUG | step 2598 epoch 2 loss 0.1177 step_s 0.0241 peak_mem_gb 0.409
2026-10-01 22:37:27,032 | DEBUG | step 2599 epoch 2 loss 0.1175 step_s 0.0280 peak_mem_gb 0.409
2026-10-01 22:37:27,053 | INFO | step 2600 epoch 2 loss 0.1831 step_s 0.0199 peak_mem_gb 0.409
2026-10-01 22:37:27,080 | DEBUG | step 2601 epoch 2 loss 0.2202 step_s 0.0258 peak_mem_gb 0.409
2026-10-01 22:37:27,106 | DEBUG | step 2602 epoch 2 loss 0.0928 step_s 0.0240 peak_mem_gb 0.409
2026-10-01 22:37:27,132 | DEBUG | step 2603 epoch 2 loss 0.1224 step_s 0.0251 peak_mem_gb 0.409
2026-10-01 22:37:27,156 | DEBUG | step 2604 epoch 2 loss 0.1852 step_s 0.0232 peak_mem_gb 0.409
2026-10-01 22:37:27,181 | DEBUG | step 2605 epoch 2 loss 0.1675 step_s 0.0240 peak_mem_gb 0.409
2026-10-01 22:37:27,206 | DEBUG | step 2606 epoch 2 loss 0.0819 step_s 0.0233 peak_mem_gb 0.409
2026-10-01 22:37:27,230 | DEBUG | step 2607 epoch 2 loss 0.1869 step_s 0.0237 peak_mem_gb 0.409
2026-10-01 22:37:27,255 | DEBUG | step 2608 epoch 2 loss 0.2157 step_s 0.0235 peak_mem_gb 0.409
2026-10-01 22:37:27,280 | DEBUG | step 2609 epoch 2 loss 0.1126 step_s 0.0239 peak_mem_gb 0.409
2026-10-01 22:37:27,304 | DEBUG | step 2610 epoch 2 loss 0.2424 step_s 0.0234 peak_mem_gb 0.409
2026-10-01 22:37:27,329 | DEBUG | step 2611 epoch 2 loss 0.2065 step_s 0.0244 peak_mem_gb 0.409
2026-10-01 22:37:27,355 | DEBUG | step 2612 epoch 2 loss 0.2745 step_s 0.0255 peak_mem_gb 0.409
2026-10-01 22:37:27,376 | DEBUG | step 2613 epoch 2 loss 0.1550 step_s 0.0200 peak_mem_gb 0.409
2026-10-01 22:37:27,399 | DEBUG | step 2614 epoch 2 loss 0.0956 step_s 0.0220 peak_mem_gb 0.409
2026-10-01 22:37:27,424 | DEBUG | step 2615 epoch 2 loss 0.1468 step_s 0.0235 peak_mem_gb 0.409
2026-10-01 22:37:27,448 | DEBUG | step 2616 epoch 2 loss 0.1323 step_s 0.0235 peak_mem_gb 0.409
2026-10-01 22:37:27,473 | DEBUG | step 2617 epoch 2 loss 0.1296 step_s 0.0241 peak_mem_gb 0.409
2026-10-01 22:37:27,492 | DEBUG | step 2618 epoch 2 loss 0.1499 step_s 0.0180 peak_mem_gb 0.409
2026-10-01 22:37:27,513 | DEBUG | step 2619 epoch 2 loss 0.0840 step_s 0.0207 peak_mem_gb 0.409
2026-10-01 22:37:27,540 | DEBUG | step 2620 epoch 2 loss 0.1563 step_s 0.0256 peak_mem_gb 0.409
2026-10-01 22:37:27,564 | DEBUG | step 2621 epoch 2 loss 0.3106 step_s 0.0234 peak_mem_gb 0.409
2026-10-01 22:37:27,589 | DEBUG | step 2622 epoch 2 loss 0.1985 step_s 0.0233 peak_mem_gb 0.409
2026-10-01 22:37:27,614 | DEBUG | step 2623 epoch 2 loss 0.1421 step_s 0.0237 peak_mem_gb 0.409
2026-10-01 22:37:27,641 | DEBUG | step 2624 epoch 2 loss 0.2060 step_s 0.0268 peak_mem_gb 0.409
2026-10-01 22:37:27,668 | DEBUG | step 2625 epoch 2 loss 0.1962 step_s 0.0253 peak_mem_gb 0.409
2026-10-01 22:37:27,694 | DEBUG | step 2626 epoch 2 loss 0.2858 step_s 0.0254 peak_mem_gb 0.409
2026-10-01 22:37:27,721 | DEBUG | step 2627 epoch 2 loss 0.2140 step_s 0.0259 peak_mem_gb 0.409
2026-10-01 22:37:27,745 | DEBUG | step 2628 epoch 2 loss 0.1163 step_s 0.0228 peak_mem_gb 0.409
2026-10-01 22:37:27,767 | DEBUG | step 2629 epoch 2 loss 0.1477 step_s 0.0209 peak_mem_gb 0.409
2026-10-01 22:37:27,791 | DEBUG | step 2630 epoch 2 loss 0.0997 step_s 0.0237 peak_mem_gb 0.409
2026-10-01 22:37:27,816 | DEBUG | step 2631 epoch 2 loss 0.0999 step_s 0.0242 peak_mem_gb 0.409
2026-10-01 22:37:27,840 | DEBUG | step 2632 epoch 2 loss 0.1265 step_s 0.0223 peak_mem_gb 0.409
2026-10-01 22:37:27,867 | DEBUG | step 2633 epoch 2 loss 0.1129 step_s 0.0268 peak_mem_gb 0.409
2026-10-01 22:37:27,898 | DEBUG | step 2634 epoch 2 loss 0.1285 step_s 0.0294 peak_mem_gb 0.409
2026-10-01 22:37:27,926 | DEBUG | step 2635 epoch 2 loss 0.1193 step_s 0.0266 peak_mem_gb 0.409
2026-10-01 22:37:27,954 | DEBUG | step 2636 epoch 2 loss 0.1357 step_s 0.0263 peak_mem_gb 0.409
2026-10-01 22:37:27,979 | DEBUG | step 2637 epoch 2 loss 0.1772 step_s 0.0236 peak_mem_gb 0.409
2026-10-01 22:37:28,004 | DEBUG | step 2638 epoch 2 loss 0.1515 step_s 0.0243 peak_mem_gb 0.409
2026-10-01 22:37:28,029 | DEBUG | step 2639 epoch 2 loss 0.1999 step_s 0.0239 peak_mem_gb 0.409
2026-10-01 22:37:28,054 | DEBUG | step 2640 epoch 2 loss 0.3088 step_s 0.0241 peak_mem_gb 0.409
2026-10-01 22:37:28,079 | DEBUG | step 2641 epoch 2 loss 0.0744 step_s 0.0242 peak_mem_gb 0.409
2026-10-01 22:37:28,107 | DEBUG | step 2642 epoch 2 loss 0.2262 step_s 0.0267 peak_mem_gb 0.409
2026-10-01 22:37:28,133 | DEBUG | step 2643 epoch 2 loss 0.1261 step_s 0.0254 peak_mem_gb 0.409
2026-10-01 22:37:28,160 | DEBUG | step 2644 epoch 2 loss 0.1617 step_s 0.0251 peak_mem_gb 0.409
2026-10-01 22:37:28,187 | DEBUG | step 2645 epoch 2 loss 0.1154 step_s 0.0265 peak_mem_gb 0.409
2026-10-01 22:37:28,212 | DEBUG | step 2646 epoch 2 loss 0.1255 step_s 0.0240 peak_mem_gb 0.409
2026-10-01 22:37:28,233 | DEBUG | step 2647 epoch 2 loss 0.1771 step_s 0.0199 peak_mem_gb 0.409
2026-10-01 22:37:28,260 | DEBUG | step 2648 epoch 2 loss 0.2306 step_s 0.0256 peak_mem_gb 0.409
2026-10-01 22:37:28,284 | DEBUG | step 2649 epoch 2 loss 0.0763 step_s 0.0233 peak_mem_gb 0.409
2026-10-01 22:37:28,309 | DEBUG | step 2650 epoch 2 loss 0.1674 step_s 0.0238 peak_mem_gb 0.409
2026-10-01 22:37:28,333 | DEBUG | step 2651 epoch 2 loss 0.2180 step_s 0.0232 peak_mem_gb 0.409
2026-10-01 22:37:28,357 | DEBUG | step 2652 epoch 2 loss 0.1847 step_s 0.0235 peak_mem_gb 0.409
2026-10-01 22:37:28,382 | DEBUG | step 2653 epoch 2 loss 0.1458 step_s 0.0238 peak_mem_gb 0.409
2026-10-01 22:37:28,406 | DEBUG | step 2654 epoch 2 loss 0.1725 step_s 0.0237 peak_mem_gb 0.409
2026-10-01 22:37:28,431 | DEBUG | step 2655 epoch 2 loss 0.2910 step_s 0.0241 peak_mem_gb 0.409
2026-10-01 22:37:28,455 | DEBUG | step 2656 epoch 2 loss 0.1412 step_s 0.0230 peak_mem_gb 0.409
2026-10-01 22:37:28,480 | DEBUG | step 2657 epoch 2 loss 0.1999 step_s 0.0236 peak_mem_gb 0.409
2026-10-01 22:37:28,505 | DEBUG | step 2658 epoch 2 loss 0.2113 step_s 0.0241 peak_mem_gb 0.409
2026-10-01 22:37:28,529 | DEBUG | step 2659 epoch 2 loss 0.0757 step_s 0.0231 peak_mem_gb 0.409
2026-10-01 22:37:28,554 | DEBUG | step 2660 epoch 2 loss 0.3442 step_s 0.0239 peak_mem_gb 0.409
2026-10-01 22:37:28,580 | DEBUG | step 2661 epoch 2 loss 0.2131 step_s 0.0248 peak_mem_gb 0.409
2026-10-01 22:37:28,604 | DEBUG | step 2662 epoch 2 loss 0.2133 step_s 0.0235 peak_mem_gb 0.409
2026-10-01 22:37:28,629 | DEBUG | step 2663 epoch 2 loss 0.1209 step_s 0.0237 peak_mem_gb 0.409
2026-10-01 22:37:28,651 | DEBUG | step 2664 epoch 2 loss 0.1832 step_s 0.0217 peak_mem_gb 0.409
2026-10-01 22:37:28,675 | DEBUG | step 2665 epoch 2 loss 0.1484 step_s 0.0217 peak_mem_gb 0.409
2026-10-01 22:37:28,699 | DEBUG | step 2666 epoch 2 loss 0.0788 step_s 0.0234 peak_mem_gb 0.409
2026-10-01 22:37:28,725 | DEBUG | step 2667 epoch 2 loss 0.1408 step_s 0.0252 peak_mem_gb 0.409
2026-10-01 22:37:28,752 | DEBUG | step 2668 epoch 2 loss 0.1180 step_s 0.0253 peak_mem_gb 0.409
2026-10-01 22:37:28,777 | DEBUG | step 2669 epoch 2 loss 0.2646 step_s 0.0240 peak_mem_gb 0.409
2026-10-01 22:37:28,802 | DEBUG | step 2670 epoch 2 loss 0.1800 step_s 0.0241 peak_mem_gb 0.409
2026-10-01 22:37:28,826 | DEBUG | step 2671 epoch 2 loss 0.1134 step_s 0.0238 peak_mem_gb 0.409
2026-10-01 22:37:28,851 | DEBUG | step 2672 epoch 2 loss 0.0501 step_s 0.0233 peak_mem_gb 0.409
2026-10-01 22:37:28,875 | DEBUG | step 2673 epoch 2 loss 0.1176 step_s 0.0233 peak_mem_gb 0.409
2026-10-01 22:37:28,900 | DEBUG | step 2674 epoch 2 loss 0.1088 step_s 0.0240 peak_mem_gb 0.409
2026-10-01 22:37:28,925 | DEBUG | step 2675 epoch 2 loss 0.1886 step_s 0.0240 peak_mem_gb 0.409
2026-10-01 22:37:28,951 | DEBUG | step 2676 epoch 2 loss 0.0967 step_s 0.0255 peak_mem_gb 0.409
2026-10-01 22:37:28,976 | DEBUG | step 2677 epoch 2 loss 0.1186 step_s 0.0241 peak_mem_gb 0.409
2026-10-01 22:37:29,003 | DEBUG | step 2678 epoch 2 loss 0.2802 step_s 0.0251 peak_mem_gb 0.409
2026-10-01 22:37:29,027 | DEBUG | step 2679 epoch 2 loss 0.1054 step_s 0.0236 peak_mem_gb 0.409
2026-10-01 22:37:29,053 | DEBUG | step 2680 epoch 2 loss 0.1465 step_s 0.0240 peak_mem_gb 0.409
2026-10-01 22:37:29,077 | DEBUG | step 2681 epoch 2 loss 0.1417 step_s 0.0238 peak_mem_gb 0.409
2026-10-01 22:37:29,102 | DEBUG | step 2682 epoch 2 loss 0.1143 step_s 0.0240 peak_mem_gb 0.409
2026-10-01 22:37:29,128 | DEBUG | step 2683 epoch 2 loss 0.2517 step_s 0.0251 peak_mem_gb 0.409
2026-10-01 22:37:29,152 | DEBUG | step 2684 epoch 2 loss 0.2068 step_s 0.0224 peak_mem_gb 0.409
2026-10-01 22:37:29,174 | DEBUG | step 2685 epoch 2 loss 0.0938 step_s 0.0209 peak_mem_gb 0.409
2026-10-01 22:37:29,198 | DEBUG | step 2686 epoch 2 loss 0.1238 step_s 0.0231 peak_mem_gb 0.409
2026-10-01 22:37:29,215 | DEBUG | step 2687 epoch 2 loss 0.2038 step_s 0.0162 peak_mem_gb 0.409
2026-10-01 22:37:29,239 | DEBUG | step 2688 epoch 2 loss 0.1590 step_s 0.0232 peak_mem_gb 0.409
2026-10-01 22:37:29,261 | DEBUG | step 2689 epoch 2 loss 0.0547 step_s 0.0209 peak_mem_gb 0.409
2026-10-01 22:37:29,289 | DEBUG | step 2690 epoch 2 loss 0.1522 step_s 0.0268 peak_mem_gb 0.409
2026-10-01 22:37:29,313 | DEBUG | step 2691 epoch 2 loss 0.0683 step_s 0.0228 peak_mem_gb 0.409
2026-10-01 22:37:29,334 | DEBUG | step 2692 epoch 2 loss 0.1092 step_s 0.0202 peak_mem_gb 0.409
2026-10-01 22:37:29,359 | DEBUG | step 2693 epoch 2 loss 0.0968 step_s 0.0245 peak_mem_gb 0.409
2026-10-01 22:37:29,385 | DEBUG | step 2694 epoch 2 loss 0.1312 step_s 0.0244 peak_mem_gb 0.409
2026-10-01 22:37:29,410 | DEBUG | step 2695 epoch 2 loss 0.1575 step_s 0.0238 peak_mem_gb 0.409
2026-10-01 22:37:29,434 | DEBUG | step 2696 epoch 2 loss 0.1056 step_s 0.0233 peak_mem_gb 0.409
2026-10-01 22:37:29,457 | DEBUG | step 2697 epoch 2 loss 0.2647 step_s 0.0219 peak_mem_gb 0.409
2026-10-01 22:37:29,482 | DEBUG | step 2698 epoch 2 loss 0.1721 step_s 0.0243 peak_mem_gb 0.409
2026-10-01 22:37:29,507 | DEBUG | step 2699 epoch 2 loss 0.1180 step_s 0.0241 peak_mem_gb 0.409
2026-10-01 22:37:29,532 | DEBUG | step 2700 epoch 2 loss 0.0993 step_s 0.0234 peak_mem_gb 0.409
2026-10-01 22:37:29,555 | DEBUG | step 2701 epoch 2 loss 0.1346 step_s 0.0229 peak_mem_gb 0.409
2026-10-01 22:37:29,579 | DEBUG | step 2702 epoch 2 loss 0.1149 step_s 0.0231 peak_mem_gb 0.409
2026-10-01 22:37:29,604 | DEBUG | step 2703 epoch 2 loss 0.1721 step_s 0.0242 peak_mem_gb 0.409
2026-10-01 22:37:29,632 | DEBUG | step 2704 epoch 2 loss 0.2468 step_s 0.0262 peak_mem_gb 0.409
2026-10-01 22:37:29,654 | DEBUG | step 2705 epoch 2 loss 0.1574 step_s 0.0213 peak_mem_gb 0.409
2026-10-01 22:37:29,681 | DEBUG | step 2706 epoch 2 loss 0.2280 step_s 0.0265 peak_mem_gb 0.409
2026-10-01 22:37:29,705 | DEBUG | step 2707 epoch 2 loss 0.3792 step_s 0.0226 peak_mem_gb 0.409
2026-10-01 22:37:29,728 | DEBUG | step 2708 epoch 2 loss 0.0505 step_s 0.0222 peak_mem_gb 0.409
2026-10-01 22:37:29,753 | DEBUG | step 2709 epoch 2 loss 0.1389 step_s 0.0239 peak_mem_gb 0.409
2026-10-01 22:37:29,776 | DEBUG | step 2710 epoch 2 loss 0.0895 step_s 0.0211 peak_mem_gb 0.409
2026-10-01 22:37:29,802 | DEBUG | step 2711 epoch 2 loss 0.0734 step_s 0.0259 peak_mem_gb 0.409
2026-10-01 22:37:29,827 | DEBUG | step 2712 epoch 2 loss 0.2422 step_s 0.0238 peak_mem_gb 0.409
2026-10-01 22:37:29,851 | DEBUG | step 2713 epoch 2 loss 0.2044 step_s 0.0233 peak_mem_gb 0.409
2026-10-01 22:37:29,876 | DEBUG | step 2714 epoch 2 loss 0.1320 step_s 0.0239 peak_mem_gb 0.409
2026-10-01 22:37:29,898 | DEBUG | step 2715 epoch 2 loss 0.2324 step_s 0.0212 peak_mem_gb 0.409
2026-10-01 22:37:29,920 | DEBUG | step 2716 epoch 2 loss 0.1482 step_s 0.0211 peak_mem_gb 0.409
2026-10-01 22:37:29,944 | DEBUG | step 2717 epoch 2 loss 0.1008 step_s 0.0226 peak_mem_gb 0.409
2026-10-01 22:37:29,969 | DEBUG | step 2718 epoch 2 loss 0.1064 step_s 0.0245 peak_mem_gb 0.409
2026-10-01 22:37:29,992 | DEBUG | step 2719 epoch 2 loss 0.1646 step_s 0.0211 peak_mem_gb 0.409
2026-10-01 22:37:30,016 | DEBUG | step 2720 epoch 2 loss 0.3851 step_s 0.0235 peak_mem_gb 0.409
2026-10-01 22:37:30,040 | DEBUG | step 2721 epoch 2 loss 0.1696 step_s 0.0237 peak_mem_gb 0.409
2026-10-01 22:37:30,066 | DEBUG | step 2722 epoch 2 loss 0.1780 step_s 0.0242 peak_mem_gb 0.409
2026-10-01 22:37:30,090 | DEBUG | step 2723 epoch 2 loss 0.1632 step_s 0.0232 peak_mem_gb 0.409
2026-10-01 22:37:30,116 | DEBUG | step 2724 epoch 2 loss 0.2515 step_s 0.0247 peak_mem_gb 0.409
2026-10-01 22:37:30,143 | DEBUG | step 2725 epoch 2 loss 0.2186 step_s 0.0262 peak_mem_gb 0.409
2026-10-01 22:37:30,168 | DEBUG | step 2726 epoch 2 loss 0.3330 step_s 0.0240 peak_mem_gb 0.409
2026-10-01 22:37:30,194 | DEBUG | step 2727 epoch 2 loss 0.1028 step_s 0.0251 peak_mem_gb 0.409
2026-10-01 22:37:30,219 | DEBUG | step 2728 epoch 2 loss 0.1648 step_s 0.0242 peak_mem_gb 0.409
2026-10-01 22:37:30,243 | DEBUG | step 2729 epoch 2 loss 0.1390 step_s 0.0229 peak_mem_gb 0.409
2026-10-01 22:37:30,269 | DEBUG | step 2730 epoch 2 loss 0.1687 step_s 0.0249 peak_mem_gb 0.409
2026-10-01 22:37:30,295 | DEBUG | step 2731 epoch 2 loss 0.2481 step_s 0.0245 peak_mem_gb 0.409
2026-10-01 22:37:30,322 | DEBUG | step 2732 epoch 2 loss 0.1404 step_s 0.0258 peak_mem_gb 0.409
2026-10-01 22:37:30,347 | DEBUG | step 2733 epoch 2 loss 0.0533 step_s 0.0245 peak_mem_gb 0.409
2026-10-01 22:37:30,370 | DEBUG | step 2734 epoch 2 loss 0.1088 step_s 0.0213 peak_mem_gb 0.409
2026-10-01 22:37:30,394 | DEBUG | step 2735 epoch 2 loss 0.1280 step_s 0.0238 peak_mem_gb 0.409
2026-10-01 22:37:30,416 | DEBUG | step 2736 epoch 2 loss 0.1131 step_s 0.0213 peak_mem_gb 0.409
2026-10-01 22:37:30,442 | DEBUG | step 2737 epoch 2 loss 0.0936 step_s 0.0243 peak_mem_gb 0.409
2026-10-01 22:37:30,468 | DEBUG | step 2738 epoch 2 loss 0.0872 step_s 0.0253 peak_mem_gb 0.409
2026-10-01 22:37:30,494 | DEBUG | step 2739 epoch 2 loss 0.1866 step_s 0.0248 peak_mem_gb 0.409
2026-10-01 22:37:30,519 | DEBUG | step 2740 epoch 2 loss 0.1571 step_s 0.0241 peak_mem_gb 0.409
2026-10-01 22:37:30,544 | DEBUG | step 2741 epoch 2 loss 0.1613 step_s 0.0239 peak_mem_gb 0.409
2026-10-01 22:37:30,569 | DEBUG | step 2742 epoch 2 loss 0.0981 step_s 0.0242 peak_mem_gb 0.409
2026-10-01 22:37:30,594 | DEBUG | step 2743 epoch 2 loss 0.1284 step_s 0.0245 peak_mem_gb 0.409
2026-10-01 22:37:30,619 | DEBUG | step 2744 epoch 2 loss 0.1441 step_s 0.0236 peak_mem_gb 0.409
2026-10-01 22:37:30,645 | DEBUG | step 2745 epoch 2 loss 0.2067 step_s 0.0249 peak_mem_gb 0.409
2026-10-01 22:37:30,672 | DEBUG | step 2746 epoch 2 loss 0.1206 step_s 0.0260 peak_mem_gb 0.409
2026-10-01 22:37:30,697 | DEBUG | step 2747 epoch 2 loss 0.1383 step_s 0.0241 peak_mem_gb 0.409
2026-10-01 22:37:30,718 | DEBUG | step 2748 epoch 2 loss 0.2612 step_s 0.0200 peak_mem_gb 0.409
2026-10-01 22:37:30,738 | DEBUG | step 2749 epoch 2 loss 0.0965 step_s 0.0190 peak_mem_gb 0.409
2026-10-01 22:37:30,762 | DEBUG | step 2750 epoch 2 loss 0.1705 step_s 0.0239 peak_mem_gb 0.409
2026-10-01 22:37:30,788 | DEBUG | step 2751 epoch 2 loss 0.0694 step_s 0.0247 peak_mem_gb 0.409
2026-10-01 22:37:30,813 | DEBUG | step 2752 epoch 2 loss 0.3118 step_s 0.0234 peak_mem_gb 0.409
2026-10-01 22:37:30,838 | DEBUG | step 2753 epoch 2 loss 0.1414 step_s 0.0246 peak_mem_gb 0.409
2026-10-01 22:37:30,864 | DEBUG | step 2754 epoch 2 loss 0.1861 step_s 0.0245 peak_mem_gb 0.409
2026-10-01 22:37:30,889 | DEBUG | step 2755 epoch 2 loss 0.1413 step_s 0.0243 peak_mem_gb 0.409
2026-10-01 22:37:30,914 | DEBUG | step 2756 epoch 2 loss 0.1900 step_s 0.0233 peak_mem_gb 0.409
2026-10-01 22:37:30,938 | DEBUG | step 2757 epoch 2 loss 0.1861 step_s 0.0232 peak_mem_gb 0.409
2026-10-01 22:37:30,960 | DEBUG | step 2758 epoch 2 loss 0.0647 step_s 0.0209 peak_mem_gb 0.409
2026-10-01 22:37:30,985 | DEBUG | step 2759 epoch 2 loss 0.0759 step_s 0.0248 peak_mem_gb 0.409
2026-10-01 22:37:31,012 | DEBUG | step 2760 epoch 2 loss 0.1199 step_s 0.0258 peak_mem_gb 0.409
2026-10-01 22:37:31,038 | DEBUG | step 2761 epoch 2 loss 0.2225 step_s 0.0246 peak_mem_gb 0.409
2026-10-01 22:37:31,057 | DEBUG | step 2762 epoch 2 loss 0.2412 step_s 0.0181 peak_mem_gb 0.409
2026-10-01 22:37:31,082 | DEBUG | step 2763 epoch 2 loss 0.2205 step_s 0.0245 peak_mem_gb 0.409
2026-10-01 22:37:31,108 | DEBUG | step 2764 epoch 2 loss 0.2268 step_s 0.0243 peak_mem_gb 0.409
2026-10-01 22:37:31,133 | DEBUG | step 2765 epoch 2 loss 0.3049 step_s 0.0240 peak_mem_gb 0.409
2026-10-01 22:37:31,152 | DEBUG | step 2766 epoch 2 loss 0.1040 step_s 0.0182 peak_mem_gb 0.409
2026-10-01 22:37:31,176 | DEBUG | step 2767 epoch 2 loss 0.0641 step_s 0.0230 peak_mem_gb 0.409
2026-10-01 22:37:31,203 | DEBUG | step 2768 epoch 2 loss 0.1782 step_s 0.0260 peak_mem_gb 0.409
2026-10-01 22:37:31,227 | DEBUG | step 2769 epoch 2 loss 0.0843 step_s 0.0235 peak_mem_gb 0.409
2026-10-01 22:37:31,250 | DEBUG | step 2770 epoch 2 loss 0.1566 step_s 0.0222 peak_mem_gb 0.409
2026-10-01 22:37:31,272 | DEBUG | step 2771 epoch 2 loss 0.1096 step_s 0.0210 peak_mem_gb 0.409
2026-10-01 22:37:31,296 | DEBUG | step 2772 epoch 2 loss 0.1208 step_s 0.0230 peak_mem_gb 0.409
2026-10-01 22:37:31,320 | DEBUG | step 2773 epoch 2 loss 0.1063 step_s 0.0231 peak_mem_gb 0.409
2026-10-01 22:37:31,344 | DEBUG | step 2774 epoch 2 loss 0.1171 step_s 0.0234 peak_mem_gb 0.409
2026-10-01 22:37:31,371 | DEBUG | step 2775 epoch 2 loss 0.2818 step_s 0.0257 peak_mem_gb 0.409
2026-10-01 22:37:31,396 | DEBUG | step 2776 epoch 2 loss 0.1899 step_s 0.0235 peak_mem_gb 0.409
2026-10-01 22:37:31,420 | DEBUG | step 2777 epoch 2 loss 0.2509 step_s 0.0232 peak_mem_gb 0.409
2026-10-01 22:37:31,444 | DEBUG | step 2778 epoch 2 loss 0.1662 step_s 0.0237 peak_mem_gb 0.409
2026-10-01 22:37:31,470 | DEBUG | step 2779 epoch 2 loss 0.1413 step_s 0.0248 peak_mem_gb 0.409
2026-10-01 22:37:31,490 | DEBUG | step 2780 epoch 2 loss 0.1210 step_s 0.0195 peak_mem_gb 0.409
2026-10-01 22:37:31,514 | DEBUG | step 2781 epoch 2 loss 0.1864 step_s 0.0229 peak_mem_gb 0.409
2026-10-01 22:37:31,541 | DEBUG | step 2782 epoch 2 loss 0.2669 step_s 0.0260 peak_mem_gb 0.409
2026-10-01 22:37:31,560 | DEBUG | step 2783 epoch 2 loss 0.1267 step_s 0.0176 peak_mem_gb 0.409
2026-10-01 22:37:31,581 | DEBUG | step 2784 epoch 2 loss 0.0863 step_s 0.0208 peak_mem_gb 0.409
2026-10-01 22:37:31,605 | DEBUG | step 2785 epoch 2 loss 0.1619 step_s 0.0228 peak_mem_gb 0.409
2026-10-01 22:37:31,628 | DEBUG | step 2786 epoch 2 loss 0.1259 step_s 0.0220 peak_mem_gb 0.409
2026-10-01 22:37:31,653 | DEBUG | step 2787 epoch 2 loss 0.1538 step_s 0.0242 peak_mem_gb 0.409
2026-10-01 22:37:31,681 | DEBUG | step 2788 epoch 2 loss 0.1274 step_s 0.0272 peak_mem_gb 0.409
2026-10-01 22:37:31,709 | DEBUG | step 2789 epoch 2 loss 0.0719 step_s 0.0266 peak_mem_gb 0.409
2026-10-01 22:37:31,732 | DEBUG | step 2790 epoch 2 loss 0.0646 step_s 0.0217 peak_mem_gb 0.409
2026-10-01 22:37:31,758 | DEBUG | step 2791 epoch 2 loss 0.1843 step_s 0.0246 peak_mem_gb 0.409
2026-10-01 22:37:31,783 | DEBUG | step 2792 epoch 2 loss 0.3053 step_s 0.0238 peak_mem_gb 0.409
2026-10-01 22:37:31,808 | DEBUG | step 2793 epoch 2 loss 0.1386 step_s 0.0243 peak_mem_gb 0.409
2026-10-01 22:37:31,832 | DEBUG | step 2794 epoch 2 loss 0.1466 step_s 0.0227 peak_mem_gb 0.409
2026-10-01 22:37:31,858 | DEBUG | step 2795 epoch 2 loss 0.1248 step_s 0.0243 peak_mem_gb 0.409
2026-10-01 22:37:31,883 | DEBUG | step 2796 epoch 2 loss 0.1336 step_s 0.0242 peak_mem_gb 0.409
2026-10-01 22:37:31,907 | DEBUG | step 2797 epoch 2 loss 0.0920 step_s 0.0234 peak_mem_gb 0.409
2026-10-01 22:37:31,925 | DEBUG | step 2798 epoch 2 loss 0.1018 step_s 0.0172 peak_mem_gb 0.409
2026-10-01 22:37:31,950 | DEBUG | step 2799 epoch 2 loss 0.1599 step_s 0.0238 peak_mem_gb 0.409
2026-10-01 22:37:31,972 | INFO | step 2800 epoch 2 loss 0.1933 step_s 0.0214 peak_mem_gb 0.409
2026-10-01 22:37:31,999 | DEBUG | step 2801 epoch 2 loss 0.1553 step_s 0.0256 peak_mem_gb 0.409
2026-10-01 22:37:32,022 | DEBUG | step 2802 epoch 2 loss 0.1481 step_s 0.0218 peak_mem_gb 0.409
2026-10-01 22:37:32,042 | DEBUG | step 2803 epoch 2 loss 0.1078 step_s 0.0182 peak_mem_gb 0.409
2026-10-01 22:37:32,066 | DEBUG | step 2804 epoch 2 loss 0.1092 step_s 0.0238 peak_mem_gb 0.409
2026-10-01 22:37:32,088 | DEBUG | step 2805 epoch 2 loss 0.0875 step_s 0.0210 peak_mem_gb 0.409
2026-10-01 22:37:32,113 | DEBUG | step 2806 epoch 2 loss 0.0914 step_s 0.0236 peak_mem_gb 0.409
2026-10-01 22:37:32,136 | DEBUG | step 2807 epoch 2 loss 0.1912 step_s 0.0223 peak_mem_gb 0.409
2026-10-01 22:37:32,156 | DEBUG | step 2808 epoch 2 loss 0.1456 step_s 0.0193 peak_mem_gb 0.409
2026-10-01 22:37:32,181 | DEBUG | step 2809 epoch 2 loss 0.1183 step_s 0.0240 peak_mem_gb 0.409
2026-10-01 22:37:32,207 | DEBUG | step 2810 epoch 2 loss 0.1091 step_s 0.0252 peak_mem_gb 0.409
2026-10-01 22:37:32,227 | DEBUG | step 2811 epoch 2 loss 0.0658 step_s 0.0193 peak_mem_gb 0.409
2026-10-01 22:37:32,249 | DEBUG | step 2812 epoch 2 loss 0.1692 step_s 0.0209 peak_mem_gb 0.409
2026-10-01 22:37:32,276 | DEBUG | step 2813 epoch 2 loss 0.0942 step_s 0.0250 peak_mem_gb 0.409
2026-10-01 22:37:32,298 | DEBUG | step 2814 epoch 2 loss 0.1623 step_s 0.0208 peak_mem_gb 0.409
2026-10-01 22:37:32,324 | DEBUG | step 2815 epoch 2 loss 0.2290 step_s 0.0253 peak_mem_gb 0.409
2026-10-01 22:37:32,350 | DEBUG | step 2816 epoch 2 loss 0.1575 step_s 0.0250 peak_mem_gb 0.409
2026-10-01 22:37:32,375 | DEBUG | step 2817 epoch 2 loss 0.1177 step_s 0.0242 peak_mem_gb 0.409
2026-10-01 22:37:32,399 | DEBUG | step 2818 epoch 2 loss 0.1072 step_s 0.0233 peak_mem_gb 0.409
2026-10-01 22:37:32,426 | DEBUG | step 2819 epoch 2 loss 0.2308 step_s 0.0256 peak_mem_gb 0.409
2026-10-01 22:37:32,451 | DEBUG | step 2820 epoch 2 loss 0.0903 step_s 0.0241 peak_mem_gb 0.409
2026-10-01 22:37:32,476 | DEBUG | step 2821 epoch 2 loss 0.1654 step_s 0.0239 peak_mem_gb 0.409
2026-10-01 22:37:32,500 | DEBUG | step 2822 epoch 2 loss 0.1129 step_s 0.0230 peak_mem_gb 0.409
2026-10-01 22:37:32,525 | DEBUG | step 2823 epoch 2 loss 0.1151 step_s 0.0238 peak_mem_gb 0.409
2026-10-01 22:37:32,549 | DEBUG | step 2824 epoch 2 loss 0.0779 step_s 0.0232 peak_mem_gb 0.409
2026-10-01 22:37:32,572 | DEBUG | step 2825 epoch 2 loss 0.1753 step_s 0.0222 peak_mem_gb 0.409
2026-10-01 22:37:32,598 | DEBUG | step 2826 epoch 2 loss 0.0761 step_s 0.0255 peak_mem_gb 0.409
2026-10-01 22:37:32,621 | DEBUG | step 2827 epoch 2 loss 0.1031 step_s 0.0224 peak_mem_gb 0.409
2026-10-01 22:37:32,644 | DEBUG | step 2828 epoch 2 loss 0.0246 step_s 0.0231 peak_mem_gb 0.409
2026-10-01 22:37:32,669 | DEBUG | step 2829 epoch 2 loss 0.1122 step_s 0.0240 peak_mem_gb 0.409
2026-10-01 22:37:32,694 | DEBUG | step 2830 epoch 2 loss 0.2124 step_s 0.0241 peak_mem_gb 0.409
2026-10-01 22:37:32,720 | DEBUG | step 2831 epoch 2 loss 0.1415 step_s 0.0248 peak_mem_gb 0.409
2026-10-01 22:37:32,746 | DEBUG | step 2832 epoch 2 loss 0.0472 step_s 0.0250 peak_mem_gb 0.409
2026-10-01 22:37:32,775 | DEBUG | step 2833 epoch 2 loss 0.1809 step_s 0.0278 peak_mem_gb 0.409
2026-10-01 22:37:32,800 | DEBUG | step 2834 epoch 2 loss 0.0919 step_s 0.0237 peak_mem_gb 0.409
2026-10-01 22:37:32,822 | DEBUG | step 2835 epoch 2 loss 0.1346 step_s 0.0213 peak_mem_gb 0.409
2026-10-01 22:37:32,851 | DEBUG | step 2836 epoch 2 loss 0.2504 step_s 0.0276 peak_mem_gb 0.409
2026-10-01 22:37:32,876 | DEBUG | step 2837 epoch 2 loss 0.1941 step_s 0.0238 peak_mem_gb 0.409
2026-10-01 22:37:32,898 | DEBUG | step 2838 epoch 2 loss 0.0230 step_s 0.0217 peak_mem_gb 0.409
2026-10-01 22:37:32,923 | DEBUG | step 2839 epoch 2 loss 0.0995 step_s 0.0236 peak_mem_gb 0.409
2026-10-01 22:37:32,949 | DEBUG | step 2840 epoch 2 loss 0.1635 step_s 0.0253 peak_mem_gb 0.409
2026-10-01 22:37:32,973 | DEBUG | step 2841 epoch 2 loss 0.1840 step_s 0.0235 peak_mem_gb 0.409
2026-10-01 22:37:32,998 | DEBUG | step 2842 epoch 2 loss 0.1509 step_s 0.0237 peak_mem_gb 0.409
2026-10-01 22:37:33,023 | DEBUG | step 2843 epoch 2 loss 0.1354 step_s 0.0241 peak_mem_gb 0.409
2026-10-01 22:37:33,047 | DEBUG | step 2844 epoch 2 loss 0.2509 step_s 0.0235 peak_mem_gb 0.409
2026-10-01 22:37:33,072 | DEBUG | step 2845 epoch 2 loss 0.1435 step_s 0.0234 peak_mem_gb 0.409
2026-10-01 22:37:33,097 | DEBUG | step 2846 epoch 2 loss 0.1800 step_s 0.0247 peak_mem_gb 0.409
2026-10-01 22:37:33,122 | DEBUG | step 2847 epoch 2 loss 0.0925 step_s 0.0238 peak_mem_gb 0.409
2026-10-01 22:37:33,147 | DEBUG | step 2848 epoch 2 loss 0.1565 step_s 0.0238 peak_mem_gb 0.409
2026-10-01 22:37:33,171 | DEBUG | step 2849 epoch 2 loss 0.1848 step_s 0.0233 peak_mem_gb 0.409
2026-10-01 22:37:33,198 | DEBUG | step 2850 epoch 2 loss 0.1575 step_s 0.0254 peak_mem_gb 0.409
2026-10-01 22:37:33,224 | DEBUG | step 2851 epoch 2 loss 0.1307 step_s 0.0248 peak_mem_gb 0.409
2026-10-01 22:37:33,245 | DEBUG | step 2852 epoch 2 loss 0.1473 step_s 0.0201 peak_mem_gb 0.409
2026-10-01 22:37:33,269 | DEBUG | step 2853 epoch 2 loss 0.2944 step_s 0.0233 peak_mem_gb 0.409
2026-10-01 22:37:33,296 | DEBUG | step 2854 epoch 2 loss 0.1555 step_s 0.0256 peak_mem_gb 0.409
2026-10-01 22:37:33,318 | DEBUG | step 2855 epoch 2 loss 0.0640 step_s 0.0210 peak_mem_gb 0.409
2026-10-01 22:37:33,342 | DEBUG | step 2856 epoch 2 loss 0.2555 step_s 0.0233 peak_mem_gb 0.409
2026-10-01 22:37:33,367 | DEBUG | step 2857 epoch 2 loss 0.1049 step_s 0.0240 peak_mem_gb 0.409
2026-10-01 22:37:33,389 | DEBUG | step 2858 epoch 2 loss 0.1050 step_s 0.0214 peak_mem_gb 0.409
2026-10-01 22:37:33,411 | DEBUG | step 2859 epoch 2 loss 0.0721 step_s 0.0211 peak_mem_gb 0.409
2026-10-01 22:37:33,436 | DEBUG | step 2860 epoch 2 loss 0.1707 step_s 0.0238 peak_mem_gb 0.409
2026-10-01 22:37:33,462 | DEBUG | step 2861 epoch 2 loss 0.1075 step_s 0.0251 peak_mem_gb 0.409
2026-10-01 22:37:33,486 | DEBUG | step 2862 epoch 2 loss 0.3698 step_s 0.0233 peak_mem_gb 0.409
2026-10-01 22:37:33,509 | DEBUG | step 2863 epoch 2 loss 0.2041 step_s 0.0220 peak_mem_gb 0.409
2026-10-01 22:37:33,531 | DEBUG | step 2864 epoch 2 loss 0.1310 step_s 0.0208 peak_mem_gb 0.409
2026-10-01 22:37:33,553 | DEBUG | step 2865 epoch 2 loss 0.1316 step_s 0.0215 peak_mem_gb 0.409
2026-10-01 22:37:33,578 | DEBUG | step 2866 epoch 2 loss 0.1567 step_s 0.0242 peak_mem_gb 0.409
2026-10-01 22:37:33,604 | DEBUG | step 2867 epoch 2 loss 0.1136 step_s 0.0247 peak_mem_gb 0.409
2026-10-01 22:37:33,625 | DEBUG | step 2868 epoch 2 loss 0.2338 step_s 0.0204 peak_mem_gb 0.409
2026-10-01 22:37:33,651 | DEBUG | step 2869 epoch 2 loss 0.1708 step_s 0.0245 peak_mem_gb 0.409
2026-10-01 22:37:33,676 | DEBUG | step 2870 epoch 2 loss 0.3416 step_s 0.0240 peak_mem_gb 0.409
2026-10-01 22:37:33,703 | DEBUG | step 2871 epoch 2 loss 0.1523 step_s 0.0254 peak_mem_gb 0.409
2026-10-01 22:37:33,729 | DEBUG | step 2872 epoch 2 loss 0.2200 step_s 0.0256 peak_mem_gb 0.409
2026-10-01 22:37:33,755 | DEBUG | step 2873 epoch 2 loss 0.0865 step_s 0.0249 peak_mem_gb 0.409
2026-10-01 22:37:33,781 | DEBUG | step 2874 epoch 2 loss 0.2072 step_s 0.0243 peak_mem_gb 0.409
2026-10-01 22:37:33,808 | DEBUG | step 2875 epoch 2 loss 0.2741 step_s 0.0266 peak_mem_gb 0.409
2026-10-01 22:37:33,833 | DEBUG | step 2876 epoch 2 loss 0.1350 step_s 0.0237 peak_mem_gb 0.409
2026-10-01 22:37:33,858 | DEBUG | step 2877 epoch 2 loss 0.1023 step_s 0.0239 peak_mem_gb 0.409
2026-10-01 22:37:33,878 | DEBUG | step 2878 epoch 2 loss 0.1525 step_s 0.0189 peak_mem_gb 0.409
2026-10-01 22:37:33,903 | DEBUG | step 2879 epoch 2 loss 0.1161 step_s 0.0238 peak_mem_gb 0.409
2026-10-01 22:37:33,927 | DEBUG | step 2880 epoch 2 loss 0.1012 step_s 0.0233 peak_mem_gb 0.409
2026-10-01 22:37:33,949 | DEBUG | step 2881 epoch 2 loss 0.1126 step_s 0.0210 peak_mem_gb 0.409
2026-10-01 22:37:33,976 | DEBUG | step 2882 epoch 2 loss 0.2031 step_s 0.0259 peak_mem_gb 0.409
2026-10-01 22:37:34,000 | DEBUG | step 2883 epoch 2 loss 0.1482 step_s 0.0228 peak_mem_gb 0.409
2026-10-01 22:37:34,024 | DEBUG | step 2884 epoch 2 loss 0.0840 step_s 0.0235 peak_mem_gb 0.409
2026-10-01 22:37:34,050 | DEBUG | step 2885 epoch 2 loss 0.1870 step_s 0.0245 peak_mem_gb 0.409
2026-10-01 22:37:34,075 | DEBUG | step 2886 epoch 2 loss 0.1856 step_s 0.0240 peak_mem_gb 0.409
2026-10-01 22:37:34,101 | DEBUG | step 2887 epoch 2 loss 0.1592 step_s 0.0250 peak_mem_gb 0.409
2026-10-01 22:37:34,126 | DEBUG | step 2888 epoch 2 loss 0.1860 step_s 0.0235 peak_mem_gb 0.409
2026-10-01 22:37:34,149 | DEBUG | step 2889 epoch 2 loss 0.1443 step_s 0.0225 peak_mem_gb 0.409
2026-10-01 22:37:34,174 | DEBUG | step 2890 epoch 2 loss 0.1404 step_s 0.0238 peak_mem_gb 0.409
2026-10-01 22:37:34,198 | DEBUG | step 2891 epoch 2 loss 0.1041 step_s 0.0229 peak_mem_gb 0.409
2026-10-01 22:37:34,224 | DEBUG | step 2892 epoch 2 loss 0.1330 step_s 0.0244 peak_mem_gb 0.409
2026-10-01 22:37:34,248 | DEBUG | step 2893 epoch 2 loss 0.2456 step_s 0.0237 peak_mem_gb 0.409
2026-10-01 22:37:34,269 | DEBUG | step 2894 epoch 2 loss 0.1682 step_s 0.0202 peak_mem_gb 0.409
2026-10-01 22:37:34,291 | DEBUG | step 2895 epoch 2 loss 0.2339 step_s 0.0202 peak_mem_gb 0.409
2026-10-01 22:37:34,316 | DEBUG | step 2896 epoch 2 loss 0.0907 step_s 0.0243 peak_mem_gb 0.409
2026-10-01 22:37:34,339 | DEBUG | step 2897 epoch 2 loss 0.1049 step_s 0.0223 peak_mem_gb 0.409
2026-10-01 22:37:34,365 | DEBUG | step 2898 epoch 2 loss 0.1207 step_s 0.0244 peak_mem_gb 0.409
2026-10-01 22:37:34,391 | DEBUG | step 2899 epoch 2 loss 0.1153 step_s 0.0252 peak_mem_gb 0.409
2026-10-01 22:37:34,416 | DEBUG | step 2900 epoch 2 loss 0.1809 step_s 0.0239 peak_mem_gb 0.409
2026-10-01 22:37:34,440 | DEBUG | step 2901 epoch 2 loss 0.2265 step_s 0.0234 peak_mem_gb 0.409
2026-10-01 22:37:34,465 | DEBUG | step 2902 epoch 2 loss 0.1658 step_s 0.0239 peak_mem_gb 0.409
2026-10-01 22:37:34,491 | DEBUG | step 2903 epoch 2 loss 0.0980 step_s 0.0246 peak_mem_gb 0.409
2026-10-01 22:37:34,517 | DEBUG | step 2904 epoch 2 loss 0.0847 step_s 0.0257 peak_mem_gb 0.409
2026-10-01 22:37:34,542 | DEBUG | step 2905 epoch 2 loss 0.1702 step_s 0.0235 peak_mem_gb 0.409
2026-10-01 22:37:34,564 | DEBUG | step 2906 epoch 2 loss 0.1371 step_s 0.0214 peak_mem_gb 0.409
2026-10-01 22:37:34,586 | DEBUG | step 2907 epoch 2 loss 0.2257 step_s 0.0207 peak_mem_gb 0.409
2026-10-01 22:37:34,610 | DEBUG | step 2908 epoch 2 loss 0.2992 step_s 0.0233 peak_mem_gb 0.409
2026-10-01 22:37:34,635 | DEBUG | step 2909 epoch 2 loss 0.1054 step_s 0.0236 peak_mem_gb 0.409
2026-10-01 22:37:34,660 | DEBUG | step 2910 epoch 2 loss 0.2517 step_s 0.0243 peak_mem_gb 0.409
2026-10-01 22:37:34,688 | DEBUG | step 2911 epoch 2 loss 0.0666 step_s 0.0269 peak_mem_gb 0.409
2026-10-01 22:37:34,715 | DEBUG | step 2912 epoch 2 loss 0.1346 step_s 0.0258 peak_mem_gb 0.409
2026-10-01 22:37:34,740 | DEBUG | step 2913 epoch 2 loss 0.2420 step_s 0.0245 peak_mem_gb 0.409
2026-10-01 22:37:34,767 | DEBUG | step 2914 epoch 2 loss 0.1543 step_s 0.0255 peak_mem_gb 0.409
2026-10-01 22:37:34,792 | DEBUG | step 2915 epoch 2 loss 0.2123 step_s 0.0237 peak_mem_gb 0.409
2026-10-01 22:37:34,816 | DEBUG | step 2916 epoch 2 loss 0.1588 step_s 0.0238 peak_mem_gb 0.409
2026-10-01 22:37:34,843 | DEBUG | step 2917 epoch 2 loss 0.1624 step_s 0.0257 peak_mem_gb 0.409
2026-10-01 22:37:34,865 | DEBUG | step 2918 epoch 2 loss 0.1225 step_s 0.0208 peak_mem_gb 0.409
2026-10-01 22:37:34,889 | DEBUG | step 2919 epoch 2 loss 0.2601 step_s 0.0230 peak_mem_gb 0.409
2026-10-01 22:37:34,912 | DEBUG | step 2920 epoch 2 loss 0.1167 step_s 0.0224 peak_mem_gb 0.409
2026-10-01 22:37:34,937 | DEBUG | step 2921 epoch 2 loss 0.1472 step_s 0.0243 peak_mem_gb 0.409
2026-10-01 22:37:34,961 | DEBUG | step 2922 epoch 2 loss 0.1018 step_s 0.0230 peak_mem_gb 0.409
2026-10-01 22:37:34,986 | DEBUG | step 2923 epoch 2 loss 0.1034 step_s 0.0239 peak_mem_gb 0.409
2026-10-01 22:37:35,011 | DEBUG | step 2924 epoch 2 loss 0.1860 step_s 0.0239 peak_mem_gb 0.409
2026-10-01 22:37:35,032 | DEBUG | step 2925 epoch 2 loss 0.1492 step_s 0.0202 peak_mem_gb 0.409
2026-10-01 22:37:35,054 | DEBUG | step 2926 epoch 2 loss 0.1663 step_s 0.0214 peak_mem_gb 0.409
2026-10-01 22:37:35,080 | DEBUG | step 2927 epoch 2 loss 0.1160 step_s 0.0247 peak_mem_gb 0.409
2026-10-01 22:37:35,100 | DEBUG | step 2928 epoch 2 loss 0.1514 step_s 0.0190 peak_mem_gb 0.409
2026-10-01 22:37:35,124 | DEBUG | step 2929 epoch 2 loss 0.1065 step_s 0.0229 peak_mem_gb 0.409
2026-10-01 22:37:35,149 | DEBUG | step 2930 epoch 2 loss 0.0669 step_s 0.0242 peak_mem_gb 0.409
2026-10-01 22:37:35,174 | DEBUG | step 2931 epoch 2 loss 0.0707 step_s 0.0243 peak_mem_gb 0.409
2026-10-01 22:37:35,201 | DEBUG | step 2932 epoch 2 loss 0.1518 step_s 0.0259 peak_mem_gb 0.409
2026-10-01 22:37:35,225 | DEBUG | step 2933 epoch 2 loss 0.1182 step_s 0.0231 peak_mem_gb 0.409
2026-10-01 22:37:35,243 | DEBUG | step 2934 epoch 2 loss 0.1665 step_s 0.0170 peak_mem_gb 0.409
2026-10-01 22:37:35,266 | DEBUG | step 2935 epoch 2 loss 0.1032 step_s 0.0227 peak_mem_gb 0.409
2026-10-01 22:37:35,291 | DEBUG | step 2936 epoch 2 loss 0.1334 step_s 0.0240 peak_mem_gb 0.409
2026-10-01 22:37:35,310 | DEBUG | step 2937 epoch 2 loss 0.1702 step_s 0.0183 peak_mem_gb 0.409
2026-10-01 22:37:35,334 | DEBUG | step 2938 epoch 2 loss 0.0887 step_s 0.0225 peak_mem_gb 0.409
2026-10-01 22:37:35,358 | DEBUG | step 2939 epoch 2 loss 0.0914 step_s 0.0233 peak_mem_gb 0.409
2026-10-01 22:37:35,380 | DEBUG | step 2940 epoch 2 loss 0.1759 step_s 0.0215 peak_mem_gb 0.409
2026-10-01 22:37:35,405 | DEBUG | step 2941 epoch 2 loss 0.1580 step_s 0.0238 peak_mem_gb 0.409
2026-10-01 22:37:35,430 | DEBUG | step 2942 epoch 2 loss 0.1082 step_s 0.0237 peak_mem_gb 0.409
2026-10-01 22:37:35,454 | DEBUG | step 2943 epoch 2 loss 0.0806 step_s 0.0235 peak_mem_gb 0.409
2026-10-01 22:37:35,479 | DEBUG | step 2944 epoch 2 loss 0.1538 step_s 0.0243 peak_mem_gb 0.409
2026-10-01 22:37:35,503 | DEBUG | step 2945 epoch 2 loss 0.1448 step_s 0.0234 peak_mem_gb 0.409
2026-10-01 22:37:35,530 | DEBUG | step 2946 epoch 2 loss 0.1574 step_s 0.0249 peak_mem_gb 0.409
2026-10-01 22:37:35,556 | DEBUG | step 2947 epoch 2 loss 0.2106 step_s 0.0260 peak_mem_gb 0.409
2026-10-01 22:37:35,580 | DEBUG | step 2948 epoch 2 loss 0.0990 step_s 0.0229 peak_mem_gb 0.409
2026-10-01 22:37:35,605 | DEBUG | step 2949 epoch 2 loss 0.0814 step_s 0.0235 peak_mem_gb 0.409
2026-10-01 22:37:35,630 | DEBUG | step 2950 epoch 2 loss 0.3082 step_s 0.0242 peak_mem_gb 0.409
2026-10-01 22:37:35,654 | DEBUG | step 2951 epoch 2 loss 0.0871 step_s 0.0236 peak_mem_gb 0.409
2026-10-01 22:37:35,677 | DEBUG | step 2952 epoch 2 loss 0.0874 step_s 0.0219 peak_mem_gb 0.409
2026-10-01 22:37:35,699 | DEBUG | step 2953 epoch 2 loss 0.2962 step_s 0.0214 peak_mem_gb 0.409
2026-10-01 22:37:35,729 | DEBUG | step 2954 epoch 2 loss 0.0867 step_s 0.0282 peak_mem_gb 0.409
2026-10-01 22:37:35,756 | DEBUG | step 2955 epoch 2 loss 0.0457 step_s 0.0261 peak_mem_gb 0.409
2026-10-01 22:37:35,786 | DEBUG | step 2956 epoch 2 loss 0.1323 step_s 0.0285 peak_mem_gb 0.409
2026-10-01 22:37:35,815 | DEBUG | step 2957 epoch 2 loss 0.1370 step_s 0.0277 peak_mem_gb 0.409
2026-10-01 22:37:35,845 | DEBUG | step 2958 epoch 2 loss 0.1148 step_s 0.0291 peak_mem_gb 0.409
2026-10-01 22:37:35,875 | DEBUG | step 2959 epoch 2 loss 0.1353 step_s 0.0283 peak_mem_gb 0.409
2026-10-01 22:37:35,903 | DEBUG | step 2960 epoch 2 loss 0.2745 step_s 0.0268 peak_mem_gb 0.409
2026-10-01 22:37:35,929 | DEBUG | step 2961 epoch 2 loss 0.1268 step_s 0.0248 peak_mem_gb 0.409
2026-10-01 22:37:35,955 | DEBUG | step 2962 epoch 2 loss 0.0746 step_s 0.0248 peak_mem_gb 0.409
2026-10-01 22:37:35,979 | DEBUG | step 2963 epoch 2 loss 0.4124 step_s 0.0233 peak_mem_gb 0.409
2026-10-01 22:37:36,007 | DEBUG | step 2964 epoch 2 loss 0.1632 step_s 0.0261 peak_mem_gb 0.409
2026-10-01 22:37:36,030 | DEBUG | step 2965 epoch 2 loss 0.1004 step_s 0.0219 peak_mem_gb 0.409
2026-10-01 22:37:36,054 | DEBUG | step 2966 epoch 2 loss 0.1094 step_s 0.0229 peak_mem_gb 0.409
2026-10-01 22:37:36,081 | DEBUG | step 2967 epoch 2 loss 0.0751 step_s 0.0255 peak_mem_gb 0.409
2026-10-01 22:37:36,109 | DEBUG | step 2968 epoch 2 loss 0.2992 step_s 0.0267 peak_mem_gb 0.409
2026-10-01 22:37:36,131 | DEBUG | step 2969 epoch 2 loss 0.1430 step_s 0.0207 peak_mem_gb 0.409
2026-10-01 22:37:36,157 | DEBUG | step 2970 epoch 2 loss 0.2559 step_s 0.0246 peak_mem_gb 0.409
2026-10-01 22:37:36,182 | DEBUG | step 2971 epoch 2 loss 0.1304 step_s 0.0243 peak_mem_gb 0.409
2026-10-01 22:37:36,204 | DEBUG | step 2972 epoch 2 loss 0.2556 step_s 0.0207 peak_mem_gb 0.409
2026-10-01 22:37:36,228 | DEBUG | step 2973 epoch 2 loss 0.0949 step_s 0.0236 peak_mem_gb 0.409
2026-10-01 22:37:36,253 | DEBUG | step 2974 epoch 2 loss 0.0611 step_s 0.0237 peak_mem_gb 0.409
2026-10-01 22:37:36,278 | DEBUG | step 2975 epoch 2 loss 0.0952 step_s 0.0243 peak_mem_gb 0.409
2026-10-01 22:37:36,301 | DEBUG | step 2976 epoch 2 loss 0.0948 step_s 0.0221 peak_mem_gb 0.409
2026-10-01 22:37:36,320 | DEBUG | step 2977 epoch 2 loss 0.1802 step_s 0.0180 peak_mem_gb 0.409
2026-10-01 22:37:36,344 | DEBUG | step 2978 epoch 2 loss 0.2215 step_s 0.0232 peak_mem_gb 0.409
2026-10-01 22:37:36,367 | DEBUG | step 2979 epoch 2 loss 0.1711 step_s 0.0217 peak_mem_gb 0.409
2026-10-01 22:37:36,389 | DEBUG | step 2980 epoch 2 loss 0.2105 step_s 0.0214 peak_mem_gb 0.409
2026-10-01 22:37:36,414 | DEBUG | step 2981 epoch 2 loss 0.1529 step_s 0.0244 peak_mem_gb 0.409
2026-10-01 22:37:36,441 | DEBUG | step 2982 epoch 2 loss 0.2798 step_s 0.0253 peak_mem_gb 0.409
2026-10-01 22:37:36,467 | DEBUG | step 2983 epoch 2 loss 0.1398 step_s 0.0249 peak_mem_gb 0.409
2026-10-01 22:37:36,494 | DEBUG | step 2984 epoch 2 loss 0.1228 step_s 0.0259 peak_mem_gb 0.409
2026-10-01 22:37:36,516 | DEBUG | step 2985 epoch 2 loss 0.1326 step_s 0.0211 peak_mem_gb 0.409
2026-10-01 22:37:36,536 | DEBUG | step 2986 epoch 2 loss 0.1434 step_s 0.0190 peak_mem_gb 0.409
2026-10-01 22:37:36,558 | DEBUG | step 2987 epoch 2 loss 0.1194 step_s 0.0210 peak_mem_gb 0.409
2026-10-01 22:37:36,579 | DEBUG | step 2988 epoch 2 loss 0.1942 step_s 0.0198 peak_mem_gb 0.409
2026-10-01 22:37:36,602 | DEBUG | step 2989 epoch 2 loss 0.1776 step_s 0.0222 peak_mem_gb 0.409
2026-10-01 22:37:36,623 | DEBUG | step 2990 epoch 2 loss 0.2087 step_s 0.0199 peak_mem_gb 0.409
2026-10-01 22:37:36,647 | DEBUG | step 2991 epoch 2 loss 0.1704 step_s 0.0237 peak_mem_gb 0.409
2026-10-01 22:37:36,672 | DEBUG | step 2992 epoch 2 loss 0.2803 step_s 0.0240 peak_mem_gb 0.409
2026-10-01 22:37:36,693 | DEBUG | step 2993 epoch 2 loss 0.1673 step_s 0.0198 peak_mem_gb 0.409
2026-10-01 22:37:36,718 | DEBUG | step 2994 epoch 2 loss 0.1985 step_s 0.0237 peak_mem_gb 0.409
2026-10-01 22:37:36,744 | DEBUG | step 2995 epoch 2 loss 0.1854 step_s 0.0258 peak_mem_gb 0.409
2026-10-01 22:37:36,770 | DEBUG | step 2996 epoch 2 loss 0.1487 step_s 0.0249 peak_mem_gb 0.409
2026-10-01 22:37:36,797 | DEBUG | step 2997 epoch 2 loss 0.1483 step_s 0.0260 peak_mem_gb 0.409
2026-10-01 22:37:36,822 | DEBUG | step 2998 epoch 2 loss 0.1232 step_s 0.0240 peak_mem_gb 0.409
2026-10-01 22:37:36,846 | DEBUG | step 2999 epoch 2 loss 0.0685 step_s 0.0228 peak_mem_gb 0.409
2026-10-01 22:37:36,873 | INFO | step 3000 epoch 2 loss 0.2252 step_s 0.0261 peak_mem_gb 0.409
2026-10-01 22:37:36,896 | DEBUG | step 3001 epoch 2 loss 0.1606 step_s 0.0211 peak_mem_gb 0.409
2026-10-01 22:37:36,922 | DEBUG | step 3002 epoch 2 loss 0.1063 step_s 0.0250 peak_mem_gb 0.409
2026-10-01 22:37:36,950 | DEBUG | step 3003 epoch 2 loss 0.2787 step_s 0.0262 peak_mem_gb 0.409
2026-10-01 22:37:36,973 | DEBUG | step 3004 epoch 2 loss 0.1371 step_s 0.0224 peak_mem_gb 0.409
2026-10-01 22:37:36,998 | DEBUG | step 3005 epoch 2 loss 0.1084 step_s 0.0232 peak_mem_gb 0.409
2026-10-01 22:37:37,023 | DEBUG | step 3006 epoch 2 loss 0.1791 step_s 0.0242 peak_mem_gb 0.409
2026-10-01 22:37:37,048 | DEBUG | step 3007 epoch 2 loss 0.0796 step_s 0.0243 peak_mem_gb 0.409
2026-10-01 22:37:37,069 | DEBUG | step 3008 epoch 2 loss 0.0907 step_s 0.0200 peak_mem_gb 0.409
2026-10-01 22:37:37,091 | DEBUG | step 3009 epoch 2 loss 0.1746 step_s 0.0214 peak_mem_gb 0.409
2026-10-01 22:37:37,116 | DEBUG | step 3010 epoch 2 loss 0.1837 step_s 0.0241 peak_mem_gb 0.409
2026-10-01 22:37:37,141 | DEBUG | step 3011 epoch 2 loss 0.0872 step_s 0.0243 peak_mem_gb 0.409
2026-10-01 22:37:37,168 | DEBUG | step 3012 epoch 2 loss 0.1065 step_s 0.0260 peak_mem_gb 0.409
2026-10-01 22:37:37,193 | DEBUG | step 3013 epoch 2 loss 0.0610 step_s 0.0233 peak_mem_gb 0.409
2026-10-01 22:37:37,213 | DEBUG | step 3014 epoch 2 loss 0.1020 step_s 0.0198 peak_mem_gb 0.409
2026-10-01 22:37:37,238 | DEBUG | step 3015 epoch 2 loss 0.2031 step_s 0.0236 peak_mem_gb 0.409
2026-10-01 22:37:37,260 | DEBUG | step 3016 epoch 2 loss 0.0947 step_s 0.0218 peak_mem_gb 0.409
2026-10-01 22:37:37,285 | DEBUG | step 3017 epoch 2 loss 0.2307 step_s 0.0237 peak_mem_gb 0.409
2026-10-01 22:37:37,310 | DEBUG | step 3018 epoch 2 loss 0.1028 step_s 0.0239 peak_mem_gb 0.409
2026-10-01 22:37:37,335 | DEBUG | step 3019 epoch 2 loss 0.1357 step_s 0.0244 peak_mem_gb 0.409
2026-10-01 22:37:37,360 | DEBUG | step 3020 epoch 2 loss 0.1191 step_s 0.0239 peak_mem_gb 0.409
2026-10-01 22:37:37,384 | DEBUG | step 3021 epoch 2 loss 0.2545 step_s 0.0237 peak_mem_gb 0.409
2026-10-01 22:37:37,408 | DEBUG | step 3022 epoch 2 loss 0.1635 step_s 0.0230 peak_mem_gb 0.409
2026-10-01 22:37:37,433 | DEBUG | step 3023 epoch 2 loss 0.2403 step_s 0.0236 peak_mem_gb 0.409
2026-10-01 22:37:37,457 | DEBUG | step 3024 epoch 2 loss 0.2085 step_s 0.0226 peak_mem_gb 0.409
2026-10-01 22:37:37,477 | DEBUG | step 3025 epoch 2 loss 0.0718 step_s 0.0199 peak_mem_gb 0.409
2026-10-01 22:37:37,503 | DEBUG | step 3026 epoch 2 loss 0.1342 step_s 0.0245 peak_mem_gb 0.409
2026-10-01 22:37:37,526 | DEBUG | step 3027 epoch 2 loss 0.1703 step_s 0.0225 peak_mem_gb 0.409
2026-10-01 22:37:37,550 | DEBUG | step 3028 epoch 2 loss 0.2576 step_s 0.0232 peak_mem_gb 0.409
2026-10-01 22:37:37,574 | DEBUG | step 3029 epoch 2 loss 0.1120 step_s 0.0234 peak_mem_gb 0.409
2026-10-01 22:37:37,596 | DEBUG | step 3030 epoch 2 loss 0.1641 step_s 0.0209 peak_mem_gb 0.409
2026-10-01 22:37:37,621 | DEBUG | step 3031 epoch 2 loss 0.1477 step_s 0.0243 peak_mem_gb 0.409
2026-10-01 22:37:37,646 | DEBUG | step 3032 epoch 2 loss 0.1636 step_s 0.0234 peak_mem_gb 0.409
2026-10-01 22:37:37,671 | DEBUG | step 3033 epoch 2 loss 0.0695 step_s 0.0249 peak_mem_gb 0.409
2026-10-01 22:37:37,693 | DEBUG | step 3034 epoch 2 loss 0.0968 step_s 0.0201 peak_mem_gb 0.409
2026-10-01 22:37:37,718 | DEBUG | step 3035 epoch 2 loss 0.1632 step_s 0.0242 peak_mem_gb 0.409
2026-10-01 22:37:37,744 | DEBUG | step 3036 epoch 2 loss 0.2935 step_s 0.0248 peak_mem_gb 0.409
2026-10-01 22:37:37,768 | DEBUG | step 3037 epoch 2 loss 0.1638 step_s 0.0227 peak_mem_gb 0.409
2026-10-01 22:37:37,795 | DEBUG | step 3038 epoch 2 loss 0.1602 step_s 0.0265 peak_mem_gb 0.409
2026-10-01 22:37:37,820 | DEBUG | step 3039 epoch 2 loss 0.1932 step_s 0.0242 peak_mem_gb 0.409
2026-10-01 22:37:37,846 | DEBUG | step 3040 epoch 2 loss 0.1254 step_s 0.0249 peak_mem_gb 0.409
2026-10-01 22:37:37,873 | DEBUG | step 3041 epoch 2 loss 0.1153 step_s 0.0257 peak_mem_gb 0.409
2026-10-01 22:37:37,902 | DEBUG | step 3042 epoch 2 loss 0.2077 step_s 0.0272 peak_mem_gb 0.409
2026-10-01 22:37:37,929 | DEBUG | step 3043 epoch 2 loss 0.1299 step_s 0.0255 peak_mem_gb 0.409
2026-10-01 22:37:37,955 | DEBUG | step 3044 epoch 2 loss 0.1461 step_s 0.0252 peak_mem_gb 0.409
2026-10-01 22:37:37,981 | DEBUG | step 3045 epoch 2 loss 0.2563 step_s 0.0248 peak_mem_gb 0.409
2026-10-01 22:37:38,006 | DEBUG | step 3046 epoch 2 loss 0.1247 step_s 0.0240 peak_mem_gb 0.409
2026-10-01 22:37:38,031 | DEBUG | step 3047 epoch 2 loss 0.1446 step_s 0.0238 peak_mem_gb 0.409
2026-10-01 22:37:38,054 | DEBUG | step 3048 epoch 2 loss 0.1891 step_s 0.0225 peak_mem_gb 0.409
2026-10-01 22:37:38,081 | DEBUG | step 3049 epoch 2 loss 0.0990 step_s 0.0254 peak_mem_gb 0.409
2026-10-01 22:37:38,105 | DEBUG | step 3050 epoch 2 loss 0.1692 step_s 0.0234 peak_mem_gb 0.409
2026-10-01 22:37:38,131 | DEBUG | step 3051 epoch 2 loss 0.0580 step_s 0.0242 peak_mem_gb 0.409
2026-10-01 22:37:38,156 | DEBUG | step 3052 epoch 2 loss 0.0780 step_s 0.0244 peak_mem_gb 0.409
2026-10-01 22:37:38,184 | DEBUG | step 3053 epoch 2 loss 0.0921 step_s 0.0261 peak_mem_gb 0.409
2026-10-01 22:37:38,212 | DEBUG | step 3054 epoch 2 loss 0.1368 step_s 0.0276 peak_mem_gb 0.409
2026-10-01 22:37:38,238 | DEBUG | step 3055 epoch 2 loss 0.1811 step_s 0.0244 peak_mem_gb 0.409
2026-10-01 22:37:38,265 | DEBUG | step 3056 epoch 2 loss 0.1074 step_s 0.0253 peak_mem_gb 0.409
2026-10-01 22:37:38,289 | DEBUG | step 3057 epoch 2 loss 0.1432 step_s 0.0232 peak_mem_gb 0.409
2026-10-01 22:37:38,310 | DEBUG | step 3058 epoch 2 loss 0.2054 step_s 0.0203 peak_mem_gb 0.409
2026-10-01 22:37:38,335 | DEBUG | step 3059 epoch 2 loss 0.1579 step_s 0.0231 peak_mem_gb 0.409
2026-10-01 22:37:38,361 | DEBUG | step 3060 epoch 2 loss 0.1753 step_s 0.0249 peak_mem_gb 0.409
2026-10-01 22:37:38,397 | DEBUG | step 3061 epoch 2 loss 0.1614 step_s 0.0343 peak_mem_gb 0.409
2026-10-01 22:37:38,426 | DEBUG | step 3062 epoch 2 loss 0.0701 step_s 0.0277 peak_mem_gb 0.409
2026-10-01 22:37:38,452 | DEBUG | step 3063 epoch 2 loss 0.1492 step_s 0.0250 peak_mem_gb 0.409
2026-10-01 22:37:38,478 | DEBUG | step 3064 epoch 2 loss 0.1387 step_s 0.0249 peak_mem_gb 0.409
2026-10-01 22:37:38,504 | DEBUG | step 3065 epoch 2 loss 0.1290 step_s 0.0256 peak_mem_gb 0.409
2026-10-01 22:37:38,531 | DEBUG | step 3066 epoch 2 loss 0.0704 step_s 0.0253 peak_mem_gb 0.409
2026-10-01 22:37:38,556 | DEBUG | step 3067 epoch 2 loss 0.1109 step_s 0.0237 peak_mem_gb 0.409
2026-10-01 22:37:38,583 | DEBUG | step 3068 epoch 2 loss 0.1931 step_s 0.0263 peak_mem_gb 0.409
2026-10-01 22:37:38,605 | DEBUG | step 3069 epoch 2 loss 0.1104 step_s 0.0213 peak_mem_gb 0.409
2026-10-01 22:37:38,627 | DEBUG | step 3070 epoch 2 loss 0.2116 step_s 0.0206 peak_mem_gb 0.409
2026-10-01 22:37:38,652 | DEBUG | step 3071 epoch 2 loss 0.0928 step_s 0.0242 peak_mem_gb 0.409
2026-10-01 22:37:38,675 | DEBUG | step 3072 epoch 2 loss 0.0944 step_s 0.0218 peak_mem_gb 0.409
2026-10-01 22:37:38,698 | DEBUG | step 3073 epoch 2 loss 0.1893 step_s 0.0228 peak_mem_gb 0.409
2026-10-01 22:37:38,719 | DEBUG | step 3074 epoch 2 loss 0.1155 step_s 0.0203 peak_mem_gb 0.409
2026-10-01 22:37:38,746 | DEBUG | step 3075 epoch 2 loss 0.1667 step_s 0.0258 peak_mem_gb 0.409
2026-10-01 22:37:38,771 | DEBUG | step 3076 epoch 2 loss 0.1725 step_s 0.0236 peak_mem_gb 0.409
2026-10-01 22:37:38,796 | DEBUG | step 3077 epoch 2 loss 0.1804 step_s 0.0245 peak_mem_gb 0.409
2026-10-01 22:37:38,821 | DEBUG | step 3078 epoch 2 loss 0.1600 step_s 0.0241 peak_mem_gb 0.409
2026-10-01 22:37:38,844 | DEBUG | step 3079 epoch 2 loss 0.1031 step_s 0.0218 peak_mem_gb 0.409
2026-10-01 22:37:38,870 | DEBUG | step 3080 epoch 2 loss 0.0736 step_s 0.0252 peak_mem_gb 0.409
2026-10-01 22:37:38,896 | DEBUG | step 3081 epoch 2 loss 0.1931 step_s 0.0248 peak_mem_gb 0.409
2026-10-01 22:37:38,921 | DEBUG | step 3082 epoch 2 loss 0.1294 step_s 0.0232 peak_mem_gb 0.409
2026-10-01 22:37:38,947 | DEBUG | step 3083 epoch 2 loss 0.1430 step_s 0.0254 peak_mem_gb 0.409
2026-10-01 22:37:38,975 | DEBUG | step 3084 epoch 2 loss 0.2906 step_s 0.0266 peak_mem_gb 0.409
2026-10-01 22:37:39,000 | DEBUG | step 3085 epoch 2 loss 0.2950 step_s 0.0238 peak_mem_gb 0.409
2026-10-01 22:37:39,026 | DEBUG | step 3086 epoch 2 loss 0.1403 step_s 0.0249 peak_mem_gb 0.409
2026-10-01 22:37:39,052 | DEBUG | step 3087 epoch 2 loss 0.1889 step_s 0.0242 peak_mem_gb 0.409
2026-10-01 22:37:39,078 | DEBUG | step 3088 epoch 2 loss 0.1886 step_s 0.0249 peak_mem_gb 0.409
2026-10-01 22:37:39,099 | DEBUG | step 3089 epoch 2 loss 0.2325 step_s 0.0204 peak_mem_gb 0.409
2026-10-01 22:37:39,127 | DEBUG | step 3090 epoch 2 loss 0.1058 step_s 0.0264 peak_mem_gb 0.409
2026-10-01 22:37:39,149 | DEBUG | step 3091 epoch 2 loss 0.1689 step_s 0.0212 peak_mem_gb 0.409
2026-10-01 22:37:39,175 | DEBUG | step 3092 epoch 2 loss 0.2247 step_s 0.0246 peak_mem_gb 0.409
2026-10-01 22:37:39,198 | DEBUG | step 3093 epoch 2 loss 0.0899 step_s 0.0224 peak_mem_gb 0.409
2026-10-01 22:37:39,223 | DEBUG | step 3094 epoch 2 loss 0.1787 step_s 0.0239 peak_mem_gb 0.409
2026-10-01 22:37:39,250 | DEBUG | step 3095 epoch 2 loss 0.1411 step_s 0.0257 peak_mem_gb 0.409
2026-10-01 22:37:39,276 | DEBUG | step 3096 epoch 2 loss 0.2031 step_s 0.0248 peak_mem_gb 0.409
2026-10-01 22:37:39,303 | DEBUG | step 3097 epoch 2 loss 0.1056 step_s 0.0262 peak_mem_gb 0.409
2026-10-01 22:37:39,329 | DEBUG | step 3098 epoch 2 loss 0.1105 step_s 0.0249 peak_mem_gb 0.409
2026-10-01 22:37:39,356 | DEBUG | step 3099 epoch 2 loss 0.1779 step_s 0.0254 peak_mem_gb 0.409
2026-10-01 22:37:39,382 | DEBUG | step 3100 epoch 2 loss 0.2002 step_s 0.0244 peak_mem_gb 0.409
2026-10-01 22:37:39,407 | DEBUG | step 3101 epoch 2 loss 0.2876 step_s 0.0239 peak_mem_gb 0.409
2026-10-01 22:37:39,433 | DEBUG | step 3102 epoch 2 loss 0.1110 step_s 0.0258 peak_mem_gb 0.409
2026-10-01 22:37:39,458 | DEBUG | step 3103 epoch 2 loss 0.1871 step_s 0.0239 peak_mem_gb 0.409
2026-10-01 22:37:39,483 | DEBUG | step 3104 epoch 2 loss 0.1728 step_s 0.0240 peak_mem_gb 0.409
2026-10-01 22:37:39,506 | DEBUG | step 3105 epoch 2 loss 0.1392 step_s 0.0218 peak_mem_gb 0.409
2026-10-01 22:37:39,528 | DEBUG | step 3106 epoch 2 loss 0.1421 step_s 0.0209 peak_mem_gb 0.409
2026-10-01 22:37:39,552 | DEBUG | step 3107 epoch 2 loss 0.2508 step_s 0.0234 peak_mem_gb 0.409
2026-10-01 22:37:39,577 | DEBUG | step 3108 epoch 2 loss 0.2072 step_s 0.0238 peak_mem_gb 0.409
2026-10-01 22:37:39,601 | DEBUG | step 3109 epoch 2 loss 0.1133 step_s 0.0232 peak_mem_gb 0.409
2026-10-01 22:37:39,627 | DEBUG | step 3110 epoch 2 loss 0.1800 step_s 0.0244 peak_mem_gb 0.409
2026-10-01 22:37:39,653 | DEBUG | step 3111 epoch 2 loss 0.1166 step_s 0.0254 peak_mem_gb 0.409
2026-10-01 22:37:39,679 | DEBUG | step 3112 epoch 2 loss 0.1129 step_s 0.0248 peak_mem_gb 0.409
2026-10-01 22:37:39,706 | DEBUG | step 3113 epoch 2 loss 0.0714 step_s 0.0252 peak_mem_gb 0.409
2026-10-01 22:37:39,731 | DEBUG | step 3114 epoch 2 loss 0.1432 step_s 0.0245 peak_mem_gb 0.409
2026-10-01 22:37:39,759 | DEBUG | step 3115 epoch 2 loss 0.1399 step_s 0.0265 peak_mem_gb 0.409
2026-10-01 22:37:39,789 | DEBUG | step 3116 epoch 2 loss 0.1680 step_s 0.0289 peak_mem_gb 0.409
2026-10-01 22:37:39,814 | DEBUG | step 3117 epoch 2 loss 0.2370 step_s 0.0239 peak_mem_gb 0.409
2026-10-01 22:37:39,840 | DEBUG | step 3118 epoch 2 loss 0.2481 step_s 0.0241 peak_mem_gb 0.409
2026-10-01 22:37:39,866 | DEBUG | step 3119 epoch 2 loss 0.2473 step_s 0.0248 peak_mem_gb 0.409
2026-10-01 22:37:39,892 | DEBUG | step 3120 epoch 2 loss 0.0876 step_s 0.0251 peak_mem_gb 0.409
2026-10-01 22:37:39,918 | DEBUG | step 3121 epoch 2 loss 0.3222 step_s 0.0248 peak_mem_gb 0.409
2026-10-01 22:37:39,942 | DEBUG | step 3122 epoch 2 loss 0.1645 step_s 0.0236 peak_mem_gb 0.409
2026-10-01 22:37:39,970 | DEBUG | step 3123 epoch 2 loss 0.1735 step_s 0.0267 peak_mem_gb 0.409
2026-10-01 22:37:39,997 | DEBUG | step 3124 epoch 2 loss 0.1445 step_s 0.0254 peak_mem_gb 0.409
2026-10-01 22:37:40,022 | DEBUG | step 3125 epoch 2 loss 0.0905 step_s 0.0243 peak_mem_gb 0.409
2026-10-01 22:37:40,043 | DEBUG | step 3126 epoch 2 loss 0.1110 step_s 0.0166 peak_mem_gb 0.409
2026-10-01 22:37:40,560 | INFO | epoch 2/5 train_loss 0.1556 val_f1_macro 0.9328 val_accuracy 0.9328
2026-10-01 22:37:40,653 | INFO | new best val_f1_macro 0.9328 -> task2_sentiment/sneha/checkpoints/bigru_best.pt
2026-10-01 22:37:40,700 | DEBUG | step 3127 epoch 3 loss 0.1548 step_s 0.0421 peak_mem_gb 0.409
2026-10-01 22:37:40,732 | DEBUG | step 3128 epoch 3 loss 0.1195 step_s 0.0308 peak_mem_gb 0.409
2026-10-01 22:37:40,761 | DEBUG | step 3129 epoch 3 loss 0.0451 step_s 0.0281 peak_mem_gb 0.409
2026-10-01 22:37:40,789 | DEBUG | step 3130 epoch 3 loss 0.0768 step_s 0.0272 peak_mem_gb 0.409
2026-10-01 22:37:40,830 | DEBUG | step 3131 epoch 3 loss 0.2011 step_s 0.0400 peak_mem_gb 0.409
2026-10-01 22:37:40,857 | DEBUG | step 3132 epoch 3 loss 0.1071 step_s 0.0252 peak_mem_gb 0.409
2026-10-01 22:37:40,884 | DEBUG | step 3133 epoch 3 loss 0.2131 step_s 0.0258 peak_mem_gb 0.409
2026-10-01 22:37:40,912 | DEBUG | step 3134 epoch 3 loss 0.1452 step_s 0.0272 peak_mem_gb 0.409
2026-10-01 22:37:40,938 | DEBUG | step 3135 epoch 3 loss 0.1108 step_s 0.0248 peak_mem_gb 0.409
2026-10-01 22:37:40,964 | DEBUG | step 3136 epoch 3 loss 0.0526 step_s 0.0244 peak_mem_gb 0.409
2026-10-01 22:37:40,990 | DEBUG | step 3137 epoch 3 loss 0.1162 step_s 0.0242 peak_mem_gb 0.409
2026-10-01 22:37:41,016 | DEBUG | step 3138 epoch 3 loss 0.0964 step_s 0.0251 peak_mem_gb 0.409
2026-10-01 22:37:41,042 | DEBUG | step 3139 epoch 3 loss 0.1040 step_s 0.0240 peak_mem_gb 0.409
2026-10-01 22:37:41,068 | DEBUG | step 3140 epoch 3 loss 0.1157 step_s 0.0250 peak_mem_gb 0.409
2026-10-01 22:37:41,094 | DEBUG | step 3141 epoch 3 loss 0.0630 step_s 0.0256 peak_mem_gb 0.409
2026-10-01 22:37:41,119 | DEBUG | step 3142 epoch 3 loss 0.0845 step_s 0.0236 peak_mem_gb 0.409
2026-10-01 22:37:41,144 | DEBUG | step 3143 epoch 3 loss 0.1296 step_s 0.0239 peak_mem_gb 0.409
2026-10-01 22:37:41,168 | DEBUG | step 3144 epoch 3 loss 0.1084 step_s 0.0232 peak_mem_gb 0.409
2026-10-01 22:37:41,194 | DEBUG | step 3145 epoch 3 loss 0.1153 step_s 0.0256 peak_mem_gb 0.409
2026-10-01 22:37:41,219 | DEBUG | step 3146 epoch 3 loss 0.0679 step_s 0.0239 peak_mem_gb 0.409
2026-10-01 22:37:41,244 | DEBUG | step 3147 epoch 3 loss 0.1376 step_s 0.0241 peak_mem_gb 0.409
2026-10-01 22:37:41,271 | DEBUG | step 3148 epoch 3 loss 0.1173 step_s 0.0258 peak_mem_gb 0.409
2026-10-01 22:37:41,295 | DEBUG | step 3149 epoch 3 loss 0.0376 step_s 0.0230 peak_mem_gb 0.409
2026-10-01 22:37:41,316 | DEBUG | step 3150 epoch 3 loss 0.0598 step_s 0.0206 peak_mem_gb 0.409
2026-10-01 22:37:41,341 | DEBUG | step 3151 epoch 3 loss 0.2822 step_s 0.0240 peak_mem_gb 0.409
2026-10-01 22:37:41,364 | DEBUG | step 3152 epoch 3 loss 0.1073 step_s 0.0224 peak_mem_gb 0.409
2026-10-01 22:37:41,389 | DEBUG | step 3153 epoch 3 loss 0.0978 step_s 0.0241 peak_mem_gb 0.409
2026-10-01 22:37:41,413 | DEBUG | step 3154 epoch 3 loss 0.1577 step_s 0.0230 peak_mem_gb 0.409
2026-10-01 22:37:41,438 | DEBUG | step 3155 epoch 3 loss 0.1249 step_s 0.0239 peak_mem_gb 0.409
2026-10-01 22:37:41,460 | DEBUG | step 3156 epoch 3 loss 0.0725 step_s 0.0204 peak_mem_gb 0.409
2026-10-01 22:37:41,484 | DEBUG | step 3157 epoch 3 loss 0.1066 step_s 0.0229 peak_mem_gb 0.409
2026-10-01 22:37:41,508 | DEBUG | step 3158 epoch 3 loss 0.1261 step_s 0.0236 peak_mem_gb 0.409
2026-10-01 22:37:41,533 | DEBUG | step 3159 epoch 3 loss 0.0677 step_s 0.0239 peak_mem_gb 0.409
2026-10-01 22:37:41,557 | DEBUG | step 3160 epoch 3 loss 0.0740 step_s 0.0233 peak_mem_gb 0.409
2026-10-01 22:37:41,583 | DEBUG | step 3161 epoch 3 loss 0.3008 step_s 0.0247 peak_mem_gb 0.409
2026-10-01 22:37:41,607 | DEBUG | step 3162 epoch 3 loss 0.0759 step_s 0.0232 peak_mem_gb 0.409
2026-10-01 22:37:41,634 | DEBUG | step 3163 epoch 3 loss 0.0878 step_s 0.0254 peak_mem_gb 0.409
2026-10-01 22:37:41,660 | DEBUG | step 3164 epoch 3 loss 0.1345 step_s 0.0252 peak_mem_gb 0.409
2026-10-01 22:37:41,680 | DEBUG | step 3165 epoch 3 loss 0.1511 step_s 0.0186 peak_mem_gb 0.409
2026-10-01 22:37:41,700 | DEBUG | step 3166 epoch 3 loss 0.0843 step_s 0.0194 peak_mem_gb 0.409
2026-10-01 22:37:41,726 | DEBUG | step 3167 epoch 3 loss 0.2465 step_s 0.0248 peak_mem_gb 0.409
2026-10-01 22:37:41,750 | DEBUG | step 3168 epoch 3 loss 0.0952 step_s 0.0230 peak_mem_gb 0.409
2026-10-01 22:37:41,779 | DEBUG | step 3169 epoch 3 loss 0.1389 step_s 0.0277 peak_mem_gb 0.409
2026-10-01 22:37:41,806 | DEBUG | step 3170 epoch 3 loss 0.0933 step_s 0.0259 peak_mem_gb 0.409
2026-10-01 22:37:41,832 | DEBUG | step 3171 epoch 3 loss 0.0880 step_s 0.0251 peak_mem_gb 0.409
2026-10-01 22:37:41,857 | DEBUG | step 3172 epoch 3 loss 0.1092 step_s 0.0240 peak_mem_gb 0.409
2026-10-01 22:37:41,878 | DEBUG | step 3173 epoch 3 loss 0.0872 step_s 0.0200 peak_mem_gb 0.409
2026-10-01 22:37:41,904 | DEBUG | step 3174 epoch 3 loss 0.0655 step_s 0.0244 peak_mem_gb 0.409
2026-10-01 22:37:41,929 | DEBUG | step 3175 epoch 3 loss 0.1148 step_s 0.0237 peak_mem_gb 0.409
2026-10-01 22:37:41,956 | DEBUG | step 3176 epoch 3 loss 0.0481 step_s 0.0264 peak_mem_gb 0.409
2026-10-01 22:37:41,982 | DEBUG | step 3177 epoch 3 loss 0.0817 step_s 0.0242 peak_mem_gb 0.409
2026-10-01 22:37:42,006 | DEBUG | step 3178 epoch 3 loss 0.1416 step_s 0.0239 peak_mem_gb 0.409
2026-10-01 22:37:42,030 | DEBUG | step 3179 epoch 3 loss 0.1097 step_s 0.0224 peak_mem_gb 0.409
2026-10-01 22:37:42,049 | DEBUG | step 3180 epoch 3 loss 0.4327 step_s 0.0185 peak_mem_gb 0.409
2026-10-01 22:37:42,069 | DEBUG | step 3181 epoch 3 loss 0.0556 step_s 0.0184 peak_mem_gb 0.409
2026-10-01 22:37:42,094 | DEBUG | step 3182 epoch 3 loss 0.0798 step_s 0.0241 peak_mem_gb 0.409
2026-10-01 22:37:42,118 | DEBUG | step 3183 epoch 3 loss 0.1790 step_s 0.0239 peak_mem_gb 0.409
2026-10-01 22:37:42,144 | DEBUG | step 3184 epoch 3 loss 0.0383 step_s 0.0249 peak_mem_gb 0.409
2026-10-01 22:37:42,168 | DEBUG | step 3185 epoch 3 loss 0.0554 step_s 0.0230 peak_mem_gb 0.409
2026-10-01 22:37:42,191 | DEBUG | step 3186 epoch 3 loss 0.1361 step_s 0.0218 peak_mem_gb 0.409
2026-10-01 22:37:42,216 | DEBUG | step 3187 epoch 3 loss 0.0653 step_s 0.0240 peak_mem_gb 0.409
2026-10-01 22:37:42,241 | DEBUG | step 3188 epoch 3 loss 0.1353 step_s 0.0236 peak_mem_gb 0.409
2026-10-01 22:37:42,266 | DEBUG | step 3189 epoch 3 loss 0.0915 step_s 0.0246 peak_mem_gb 0.409
2026-10-01 22:37:42,291 | DEBUG | step 3190 epoch 3 loss 0.0784 step_s 0.0232 peak_mem_gb 0.409
2026-10-01 22:37:42,315 | DEBUG | step 3191 epoch 3 loss 0.0669 step_s 0.0239 peak_mem_gb 0.409
2026-10-01 22:37:42,339 | DEBUG | step 3192 epoch 3 loss 0.1311 step_s 0.0229 peak_mem_gb 0.409
2026-10-01 22:37:42,364 | DEBUG | step 3193 epoch 3 loss 0.0574 step_s 0.0241 peak_mem_gb 0.409
2026-10-01 22:37:42,389 | DEBUG | step 3194 epoch 3 loss 0.2515 step_s 0.0240 peak_mem_gb 0.409
2026-10-01 22:37:42,414 | DEBUG | step 3195 epoch 3 loss 0.0718 step_s 0.0239 peak_mem_gb 0.409
2026-10-01 22:37:42,439 | DEBUG | step 3196 epoch 3 loss 0.1158 step_s 0.0243 peak_mem_gb 0.409
2026-10-01 22:37:42,465 | DEBUG | step 3197 epoch 3 loss 0.1121 step_s 0.0244 peak_mem_gb 0.409
2026-10-01 22:37:42,491 | DEBUG | step 3198 epoch 3 loss 0.1423 step_s 0.0251 peak_mem_gb 0.409
2026-10-01 22:37:42,514 | DEBUG | step 3199 epoch 3 loss 0.1171 step_s 0.0225 peak_mem_gb 0.409
2026-10-01 22:37:42,538 | INFO | step 3200 epoch 3 loss 0.0846 step_s 0.0232 peak_mem_gb 0.409
2026-10-01 22:37:42,565 | DEBUG | step 3201 epoch 3 loss 0.1738 step_s 0.0249 peak_mem_gb 0.409
2026-10-01 22:37:42,590 | DEBUG | step 3202 epoch 3 loss 0.2308 step_s 0.0238 peak_mem_gb 0.409
2026-10-01 22:37:42,615 | DEBUG | step 3203 epoch 3 loss 0.0873 step_s 0.0239 peak_mem_gb 0.409
2026-10-01 22:37:42,640 | DEBUG | step 3204 epoch 3 loss 0.1200 step_s 0.0242 peak_mem_gb 0.409
2026-10-01 22:37:42,666 | DEBUG | step 3205 epoch 3 loss 0.1292 step_s 0.0255 peak_mem_gb 0.409
2026-10-01 22:37:42,691 | DEBUG | step 3206 epoch 3 loss 0.1726 step_s 0.0239 peak_mem_gb 0.409
2026-10-01 22:37:42,717 | DEBUG | step 3207 epoch 3 loss 0.0952 step_s 0.0246 peak_mem_gb 0.409
2026-10-01 22:37:42,743 | DEBUG | step 3208 epoch 3 loss 0.1319 step_s 0.0244 peak_mem_gb 0.409
2026-10-01 22:37:42,766 | DEBUG | step 3209 epoch 3 loss 0.0969 step_s 0.0222 peak_mem_gb 0.409
2026-10-01 22:37:42,790 | DEBUG | step 3210 epoch 3 loss 0.1439 step_s 0.0234 peak_mem_gb 0.409
2026-10-01 22:37:42,814 | DEBUG | step 3211 epoch 3 loss 0.0714 step_s 0.0227 peak_mem_gb 0.409
2026-10-01 22:37:42,839 | DEBUG | step 3212 epoch 3 loss 0.1169 step_s 0.0247 peak_mem_gb 0.409
2026-10-01 22:37:42,864 | DEBUG | step 3213 epoch 3 loss 0.1012 step_s 0.0237 peak_mem_gb 0.409
2026-10-01 22:37:42,889 | DEBUG | step 3214 epoch 3 loss 0.2197 step_s 0.0241 peak_mem_gb 0.409
2026-10-01 22:37:42,913 | DEBUG | step 3215 epoch 3 loss 0.0727 step_s 0.0229 peak_mem_gb 0.409
2026-10-01 22:37:42,937 | DEBUG | step 3216 epoch 3 loss 0.0990 step_s 0.0229 peak_mem_gb 0.409
2026-10-01 22:37:42,961 | DEBUG | step 3217 epoch 3 loss 0.0351 step_s 0.0231 peak_mem_gb 0.409
2026-10-01 22:37:42,988 | DEBUG | step 3218 epoch 3 loss 0.0985 step_s 0.0264 peak_mem_gb 0.409
2026-10-01 22:37:43,013 | DEBUG | step 3219 epoch 3 loss 0.1525 step_s 0.0243 peak_mem_gb 0.409
2026-10-01 22:37:43,038 | DEBUG | step 3220 epoch 3 loss 0.0693 step_s 0.0238 peak_mem_gb 0.409
2026-10-01 22:37:43,061 | DEBUG | step 3221 epoch 3 loss 0.0599 step_s 0.0215 peak_mem_gb 0.409
2026-10-01 22:37:43,086 | DEBUG | step 3222 epoch 3 loss 0.1287 step_s 0.0241 peak_mem_gb 0.409
2026-10-01 22:37:43,111 | DEBUG | step 3223 epoch 3 loss 0.0716 step_s 0.0240 peak_mem_gb 0.409
2026-10-01 22:37:43,136 | DEBUG | step 3224 epoch 3 loss 0.0969 step_s 0.0239 peak_mem_gb 0.409
2026-10-01 22:37:43,162 | DEBUG | step 3225 epoch 3 loss 0.0647 step_s 0.0255 peak_mem_gb 0.409
2026-10-01 22:37:43,186 | DEBUG | step 3226 epoch 3 loss 0.1482 step_s 0.0232 peak_mem_gb 0.409
2026-10-01 22:37:43,212 | DEBUG | step 3227 epoch 3 loss 0.1567 step_s 0.0244 peak_mem_gb 0.409
2026-10-01 22:37:43,236 | DEBUG | step 3228 epoch 3 loss 0.0938 step_s 0.0232 peak_mem_gb 0.409
2026-10-01 22:37:43,255 | DEBUG | step 3229 epoch 3 loss 0.1187 step_s 0.0182 peak_mem_gb 0.409
2026-10-01 22:37:43,275 | DEBUG | step 3230 epoch 3 loss 0.1281 step_s 0.0191 peak_mem_gb 0.409
2026-10-01 22:37:43,300 | DEBUG | step 3231 epoch 3 loss 0.0904 step_s 0.0241 peak_mem_gb 0.409
2026-10-01 22:37:43,326 | DEBUG | step 3232 epoch 3 loss 0.0842 step_s 0.0247 peak_mem_gb 0.409
2026-10-01 22:37:43,353 | DEBUG | step 3233 epoch 3 loss 0.1489 step_s 0.0261 peak_mem_gb 0.409
2026-10-01 22:37:43,378 | DEBUG | step 3234 epoch 3 loss 0.0617 step_s 0.0240 peak_mem_gb 0.409
2026-10-01 22:37:43,402 | DEBUG | step 3235 epoch 3 loss 0.0411 step_s 0.0234 peak_mem_gb 0.409
2026-10-01 22:37:43,427 | DEBUG | step 3236 epoch 3 loss 0.0956 step_s 0.0236 peak_mem_gb 0.409
2026-10-01 22:37:43,449 | DEBUG | step 3237 epoch 3 loss 0.0821 step_s 0.0206 peak_mem_gb 0.409
2026-10-01 22:37:43,473 | DEBUG | step 3238 epoch 3 loss 0.0953 step_s 0.0237 peak_mem_gb 0.409
2026-10-01 22:37:43,497 | DEBUG | step 3239 epoch 3 loss 0.0865 step_s 0.0228 peak_mem_gb 0.409
2026-10-01 22:37:43,524 | DEBUG | step 3240 epoch 3 loss 0.1332 step_s 0.0260 peak_mem_gb 0.409
2026-10-01 22:37:43,549 | DEBUG | step 3241 epoch 3 loss 0.1111 step_s 0.0238 peak_mem_gb 0.409
2026-10-01 22:37:43,573 | DEBUG | step 3242 epoch 3 loss 0.0824 step_s 0.0237 peak_mem_gb 0.409
2026-10-01 22:37:43,598 | DEBUG | step 3243 epoch 3 loss 0.1184 step_s 0.0235 peak_mem_gb 0.409
2026-10-01 22:37:43,623 | DEBUG | step 3244 epoch 3 loss 0.1359 step_s 0.0242 peak_mem_gb 0.409
2026-10-01 22:37:43,647 | DEBUG | step 3245 epoch 3 loss 0.1321 step_s 0.0235 peak_mem_gb 0.409
2026-10-01 22:37:43,674 | DEBUG | step 3246 epoch 3 loss 0.1405 step_s 0.0258 peak_mem_gb 0.409
2026-10-01 22:37:43,698 | DEBUG | step 3247 epoch 3 loss 0.1761 step_s 0.0235 peak_mem_gb 0.409
2026-10-01 22:37:43,723 | DEBUG | step 3248 epoch 3 loss 0.1208 step_s 0.0237 peak_mem_gb 0.409
2026-10-01 22:37:43,747 | DEBUG | step 3249 epoch 3 loss 0.0642 step_s 0.0229 peak_mem_gb 0.409
2026-10-01 22:37:43,772 | DEBUG | step 3250 epoch 3 loss 0.0689 step_s 0.0241 peak_mem_gb 0.409
2026-10-01 22:37:43,800 | DEBUG | step 3251 epoch 3 loss 0.1566 step_s 0.0265 peak_mem_gb 0.409
2026-10-01 22:37:43,822 | DEBUG | step 3252 epoch 3 loss 0.1902 step_s 0.0209 peak_mem_gb 0.409
2026-10-01 22:37:43,845 | DEBUG | step 3253 epoch 3 loss 0.0958 step_s 0.0221 peak_mem_gb 0.409
2026-10-01 22:37:43,866 | DEBUG | step 3254 epoch 3 loss 0.1503 step_s 0.0203 peak_mem_gb 0.409
2026-10-01 22:37:43,892 | DEBUG | step 3255 epoch 3 loss 0.0589 step_s 0.0245 peak_mem_gb 0.409
2026-10-01 22:37:43,916 | DEBUG | step 3256 epoch 3 loss 0.2110 step_s 0.0235 peak_mem_gb 0.409
2026-10-01 22:37:43,941 | DEBUG | step 3257 epoch 3 loss 0.1164 step_s 0.0233 peak_mem_gb 0.409
2026-10-01 22:37:43,964 | DEBUG | step 3258 epoch 3 loss 0.1331 step_s 0.0230 peak_mem_gb 0.409
2026-10-01 22:37:43,989 | DEBUG | step 3259 epoch 3 loss 0.1000 step_s 0.0239 peak_mem_gb 0.409
2026-10-01 22:37:44,014 | DEBUG | step 3260 epoch 3 loss 0.1207 step_s 0.0237 peak_mem_gb 0.409
2026-10-01 22:37:44,040 | DEBUG | step 3261 epoch 3 loss 0.1889 step_s 0.0248 peak_mem_gb 0.409
2026-10-01 22:37:44,065 | DEBUG | step 3262 epoch 3 loss 0.2180 step_s 0.0240 peak_mem_gb 0.409
2026-10-01 22:37:44,090 | DEBUG | step 3263 epoch 3 loss 0.1498 step_s 0.0244 peak_mem_gb 0.409
2026-10-01 22:37:44,116 | DEBUG | step 3264 epoch 3 loss 0.0607 step_s 0.0244 peak_mem_gb 0.409
2026-10-01 22:37:44,141 | DEBUG | step 3265 epoch 3 loss 0.1561 step_s 0.0241 peak_mem_gb 0.409
2026-10-01 22:37:44,163 | DEBUG | step 3266 epoch 3 loss 0.0836 step_s 0.0214 peak_mem_gb 0.409
2026-10-01 22:37:44,189 | DEBUG | step 3267 epoch 3 loss 0.1076 step_s 0.0250 peak_mem_gb 0.409
2026-10-01 22:37:44,215 | DEBUG | step 3268 epoch 3 loss 0.0659 step_s 0.0248 peak_mem_gb 0.409
2026-10-01 22:37:44,236 | DEBUG | step 3269 epoch 3 loss 0.0844 step_s 0.0206 peak_mem_gb 0.409
2026-10-01 22:37:44,263 | DEBUG | step 3270 epoch 3 loss 0.1208 step_s 0.0258 peak_mem_gb 0.409
2026-10-01 22:37:44,288 | DEBUG | step 3271 epoch 3 loss 0.1029 step_s 0.0232 peak_mem_gb 0.409
2026-10-01 22:37:44,313 | DEBUG | step 3272 epoch 3 loss 0.1193 step_s 0.0244 peak_mem_gb 0.409
2026-10-01 22:37:44,338 | DEBUG | step 3273 epoch 3 loss 0.1382 step_s 0.0244 peak_mem_gb 0.409
2026-10-01 22:37:44,362 | DEBUG | step 3274 epoch 3 loss 0.1479 step_s 0.0230 peak_mem_gb 0.409
2026-10-01 22:37:44,387 | DEBUG | step 3275 epoch 3 loss 0.1008 step_s 0.0239 peak_mem_gb 0.409
2026-10-01 22:37:44,412 | DEBUG | step 3276 epoch 3 loss 0.0934 step_s 0.0239 peak_mem_gb 0.409
2026-10-01 22:37:44,437 | DEBUG | step 3277 epoch 3 loss 0.0688 step_s 0.0239 peak_mem_gb 0.409
2026-10-01 22:37:44,461 | DEBUG | step 3278 epoch 3 loss 0.0698 step_s 0.0236 peak_mem_gb 0.409
2026-10-01 22:37:44,482 | DEBUG | step 3279 epoch 3 loss 0.1259 step_s 0.0198 peak_mem_gb 0.409
2026-10-01 22:37:44,506 | DEBUG | step 3280 epoch 3 loss 0.1889 step_s 0.0239 peak_mem_gb 0.409
2026-10-01 22:37:44,532 | DEBUG | step 3281 epoch 3 loss 0.1393 step_s 0.0245 peak_mem_gb 0.409
2026-10-01 22:37:44,557 | DEBUG | step 3282 epoch 3 loss 0.1165 step_s 0.0241 peak_mem_gb 0.409
2026-10-01 22:37:44,581 | DEBUG | step 3283 epoch 3 loss 0.1459 step_s 0.0234 peak_mem_gb 0.409
2026-10-01 22:37:44,604 | DEBUG | step 3284 epoch 3 loss 0.0762 step_s 0.0212 peak_mem_gb 0.409
2026-10-01 22:37:44,629 | DEBUG | step 3285 epoch 3 loss 0.0861 step_s 0.0243 peak_mem_gb 0.409
2026-10-01 22:37:44,652 | DEBUG | step 3286 epoch 3 loss 0.0897 step_s 0.0228 peak_mem_gb 0.409
2026-10-01 22:37:44,677 | DEBUG | step 3287 epoch 3 loss 0.1150 step_s 0.0237 peak_mem_gb 0.409
2026-10-01 22:37:44,701 | DEBUG | step 3288 epoch 3 loss 0.1511 step_s 0.0228 peak_mem_gb 0.409
2026-10-01 22:37:44,727 | DEBUG | step 3289 epoch 3 loss 0.0729 step_s 0.0251 peak_mem_gb 0.409
2026-10-01 22:37:44,751 | DEBUG | step 3290 epoch 3 loss 0.1579 step_s 0.0224 peak_mem_gb 0.409
2026-10-01 22:37:44,780 | DEBUG | step 3291 epoch 3 loss 0.1544 step_s 0.0276 peak_mem_gb 0.409
2026-10-01 22:37:44,804 | DEBUG | step 3292 epoch 3 loss 0.1135 step_s 0.0233 peak_mem_gb 0.409
2026-10-01 22:37:44,830 | DEBUG | step 3293 epoch 3 loss 0.2484 step_s 0.0244 peak_mem_gb 0.409
2026-10-01 22:37:44,853 | DEBUG | step 3294 epoch 3 loss 0.1605 step_s 0.0225 peak_mem_gb 0.409
2026-10-01 22:37:44,877 | DEBUG | step 3295 epoch 3 loss 0.0783 step_s 0.0232 peak_mem_gb 0.409
2026-10-01 22:37:44,902 | DEBUG | step 3296 epoch 3 loss 0.1014 step_s 0.0235 peak_mem_gb 0.409
2026-10-01 22:37:44,926 | DEBUG | step 3297 epoch 3 loss 0.1137 step_s 0.0227 peak_mem_gb 0.409
2026-10-01 22:37:44,948 | DEBUG | step 3298 epoch 3 loss 0.1247 step_s 0.0216 peak_mem_gb 0.409
2026-10-01 22:37:44,970 | DEBUG | step 3299 epoch 3 loss 0.1201 step_s 0.0208 peak_mem_gb 0.409
2026-10-01 22:37:44,994 | DEBUG | step 3300 epoch 3 loss 0.1824 step_s 0.0235 peak_mem_gb 0.409
2026-10-01 22:37:45,019 | DEBUG | step 3301 epoch 3 loss 0.0749 step_s 0.0239 peak_mem_gb 0.409
2026-10-01 22:37:45,044 | DEBUG | step 3302 epoch 3 loss 0.0403 step_s 0.0244 peak_mem_gb 0.409
2026-10-01 22:37:45,069 | DEBUG | step 3303 epoch 3 loss 0.0482 step_s 0.0235 peak_mem_gb 0.409
2026-10-01 22:37:45,097 | DEBUG | step 3304 epoch 3 loss 0.1241 step_s 0.0268 peak_mem_gb 0.409
2026-10-01 22:37:45,121 | DEBUG | step 3305 epoch 3 loss 0.0812 step_s 0.0236 peak_mem_gb 0.409
2026-10-01 22:37:45,144 | DEBUG | step 3306 epoch 3 loss 0.1141 step_s 0.0218 peak_mem_gb 0.409
2026-10-01 22:37:45,169 | DEBUG | step 3307 epoch 3 loss 0.0769 step_s 0.0241 peak_mem_gb 0.409
2026-10-01 22:37:45,194 | DEBUG | step 3308 epoch 3 loss 0.0650 step_s 0.0244 peak_mem_gb 0.409
2026-10-01 22:37:45,219 | DEBUG | step 3309 epoch 3 loss 0.1114 step_s 0.0240 peak_mem_gb 0.409
2026-10-01 22:37:45,246 | DEBUG | step 3310 epoch 3 loss 0.0443 step_s 0.0255 peak_mem_gb 0.409
2026-10-01 22:37:45,270 | DEBUG | step 3311 epoch 3 loss 0.1037 step_s 0.0237 peak_mem_gb 0.409
2026-10-01 22:37:45,295 | DEBUG | step 3312 epoch 3 loss 0.2040 step_s 0.0236 peak_mem_gb 0.409
2026-10-01 22:37:45,319 | DEBUG | step 3313 epoch 3 loss 0.0820 step_s 0.0234 peak_mem_gb 0.409
2026-10-01 22:37:45,344 | DEBUG | step 3314 epoch 3 loss 0.1016 step_s 0.0235 peak_mem_gb 0.409
2026-10-01 22:37:45,365 | DEBUG | step 3315 epoch 3 loss 0.0706 step_s 0.0204 peak_mem_gb 0.409
2026-10-01 22:37:45,389 | DEBUG | step 3316 epoch 3 loss 0.1277 step_s 0.0231 peak_mem_gb 0.409
2026-10-01 22:37:45,410 | DEBUG | step 3317 epoch 3 loss 0.1694 step_s 0.0205 peak_mem_gb 0.409
2026-10-01 22:37:45,434 | DEBUG | step 3318 epoch 3 loss 0.1137 step_s 0.0232 peak_mem_gb 0.409
2026-10-01 22:37:45,458 | DEBUG | step 3319 epoch 3 loss 0.1246 step_s 0.0230 peak_mem_gb 0.409
2026-10-01 22:37:45,483 | DEBUG | step 3320 epoch 3 loss 0.1016 step_s 0.0240 peak_mem_gb 0.409
2026-10-01 22:37:45,506 | DEBUG | step 3321 epoch 3 loss 0.0738 step_s 0.0217 peak_mem_gb 0.409
2026-10-01 22:37:45,528 | DEBUG | step 3322 epoch 3 loss 0.2244 step_s 0.0216 peak_mem_gb 0.409
2026-10-01 22:37:45,553 | DEBUG | step 3323 epoch 3 loss 0.1171 step_s 0.0242 peak_mem_gb 0.409
2026-10-01 22:37:45,579 | DEBUG | step 3324 epoch 3 loss 0.1177 step_s 0.0245 peak_mem_gb 0.409
2026-10-01 22:37:45,603 | DEBUG | step 3325 epoch 3 loss 0.1202 step_s 0.0236 peak_mem_gb 0.409
2026-10-01 22:37:45,628 | DEBUG | step 3326 epoch 3 loss 0.1015 step_s 0.0239 peak_mem_gb 0.409
2026-10-01 22:37:45,651 | DEBUG | step 3327 epoch 3 loss 0.0878 step_s 0.0216 peak_mem_gb 0.409
2026-10-01 22:37:45,675 | DEBUG | step 3328 epoch 3 loss 0.1464 step_s 0.0228 peak_mem_gb 0.409
2026-10-01 22:37:45,699 | DEBUG | step 3329 epoch 3 loss 0.0481 step_s 0.0235 peak_mem_gb 0.409
2026-10-01 22:37:45,724 | DEBUG | step 3330 epoch 3 loss 0.1144 step_s 0.0239 peak_mem_gb 0.409
2026-10-01 22:37:45,749 | DEBUG | step 3331 epoch 3 loss 0.0257 step_s 0.0246 peak_mem_gb 0.409
2026-10-01 22:37:45,774 | DEBUG | step 3332 epoch 3 loss 0.1317 step_s 0.0234 peak_mem_gb 0.409
2026-10-01 22:37:45,802 | DEBUG | step 3333 epoch 3 loss 0.0819 step_s 0.0265 peak_mem_gb 0.409
2026-10-01 22:37:45,840 | DEBUG | step 3334 epoch 3 loss 0.2151 step_s 0.0367 peak_mem_gb 0.409
2026-10-01 22:37:45,872 | DEBUG | step 3335 epoch 3 loss 0.0574 step_s 0.0311 peak_mem_gb 0.409
2026-10-01 22:37:45,901 | DEBUG | step 3336 epoch 3 loss 0.0491 step_s 0.0270 peak_mem_gb 0.409
2026-10-01 22:37:45,927 | DEBUG | step 3337 epoch 3 loss 0.0649 step_s 0.0248 peak_mem_gb 0.409
2026-10-01 22:37:45,954 | DEBUG | step 3338 epoch 3 loss 0.1951 step_s 0.0256 peak_mem_gb 0.409
2026-10-01 22:37:45,980 | DEBUG | step 3339 epoch 3 loss 0.1359 step_s 0.0252 peak_mem_gb 0.409
2026-10-01 22:37:46,005 | DEBUG | step 3340 epoch 3 loss 0.1191 step_s 0.0243 peak_mem_gb 0.409
2026-10-01 22:37:46,029 | DEBUG | step 3341 epoch 3 loss 0.0949 step_s 0.0222 peak_mem_gb 0.409
2026-10-01 22:37:46,053 | DEBUG | step 3342 epoch 3 loss 0.1136 step_s 0.0240 peak_mem_gb 0.409
2026-10-01 22:37:46,079 | DEBUG | step 3343 epoch 3 loss 0.1542 step_s 0.0248 peak_mem_gb 0.409
2026-10-01 22:37:46,104 | DEBUG | step 3344 epoch 3 loss 0.2512 step_s 0.0241 peak_mem_gb 0.409
2026-10-01 22:37:46,129 | DEBUG | step 3345 epoch 3 loss 0.1605 step_s 0.0241 peak_mem_gb 0.409
2026-10-01 22:37:46,154 | DEBUG | step 3346 epoch 3 loss 0.1013 step_s 0.0232 peak_mem_gb 0.409
2026-10-01 22:37:46,176 | DEBUG | step 3347 epoch 3 loss 0.0646 step_s 0.0209 peak_mem_gb 0.409
2026-10-01 22:37:46,201 | DEBUG | step 3348 epoch 3 loss 0.0448 step_s 0.0246 peak_mem_gb 0.409
2026-10-01 22:37:46,226 | DEBUG | step 3349 epoch 3 loss 0.1151 step_s 0.0239 peak_mem_gb 0.409
2026-10-01 22:37:46,251 | DEBUG | step 3350 epoch 3 loss 0.1018 step_s 0.0236 peak_mem_gb 0.409
2026-10-01 22:37:46,275 | DEBUG | step 3351 epoch 3 loss 0.0505 step_s 0.0239 peak_mem_gb 0.409
2026-10-01 22:37:46,300 | DEBUG | step 3352 epoch 3 loss 0.0758 step_s 0.0239 peak_mem_gb 0.409
2026-10-01 22:37:46,325 | DEBUG | step 3353 epoch 3 loss 0.1160 step_s 0.0234 peak_mem_gb 0.409
2026-10-01 22:37:46,349 | DEBUG | step 3354 epoch 3 loss 0.1382 step_s 0.0231 peak_mem_gb 0.409
2026-10-01 22:37:46,373 | DEBUG | step 3355 epoch 3 loss 0.1053 step_s 0.0234 peak_mem_gb 0.409
2026-10-01 22:37:46,394 | DEBUG | step 3356 epoch 3 loss 0.1111 step_s 0.0206 peak_mem_gb 0.409
2026-10-01 22:37:46,415 | DEBUG | step 3357 epoch 3 loss 0.0675 step_s 0.0192 peak_mem_gb 0.409
2026-10-01 22:37:46,439 | DEBUG | step 3358 epoch 3 loss 0.1018 step_s 0.0239 peak_mem_gb 0.409
2026-10-01 22:37:46,465 | DEBUG | step 3359 epoch 3 loss 0.0450 step_s 0.0244 peak_mem_gb 0.409
2026-10-01 22:37:46,491 | DEBUG | step 3360 epoch 3 loss 0.1155 step_s 0.0253 peak_mem_gb 0.409
2026-10-01 22:37:46,515 | DEBUG | step 3361 epoch 3 loss 0.0745 step_s 0.0232 peak_mem_gb 0.409
2026-10-01 22:37:46,539 | DEBUG | step 3362 epoch 3 loss 0.1341 step_s 0.0235 peak_mem_gb 0.409
2026-10-01 22:37:46,565 | DEBUG | step 3363 epoch 3 loss 0.0834 step_s 0.0243 peak_mem_gb 0.409
2026-10-01 22:37:46,590 | DEBUG | step 3364 epoch 3 loss 0.1408 step_s 0.0247 peak_mem_gb 0.409
2026-10-01 22:37:46,613 | DEBUG | step 3365 epoch 3 loss 0.1039 step_s 0.0208 peak_mem_gb 0.409
2026-10-01 22:37:46,636 | DEBUG | step 3366 epoch 3 loss 0.0700 step_s 0.0227 peak_mem_gb 0.409
2026-10-01 22:37:46,662 | DEBUG | step 3367 epoch 3 loss 0.0743 step_s 0.0251 peak_mem_gb 0.409
2026-10-01 22:37:46,684 | DEBUG | step 3368 epoch 3 loss 0.0959 step_s 0.0206 peak_mem_gb 0.409
2026-10-01 22:37:46,708 | DEBUG | step 3369 epoch 3 loss 0.0776 step_s 0.0237 peak_mem_gb 0.409
2026-10-01 22:37:46,733 | DEBUG | step 3370 epoch 3 loss 0.1622 step_s 0.0242 peak_mem_gb 0.409
2026-10-01 22:37:46,757 | DEBUG | step 3371 epoch 3 loss 0.0950 step_s 0.0230 peak_mem_gb 0.409
2026-10-01 22:37:46,782 | DEBUG | step 3372 epoch 3 loss 0.0350 step_s 0.0243 peak_mem_gb 0.409
2026-10-01 22:37:46,807 | DEBUG | step 3373 epoch 3 loss 0.0737 step_s 0.0239 peak_mem_gb 0.409
2026-10-01 22:37:46,835 | DEBUG | step 3374 epoch 3 loss 0.1253 step_s 0.0266 peak_mem_gb 0.409
2026-10-01 22:37:46,863 | DEBUG | step 3375 epoch 3 loss 0.0786 step_s 0.0270 peak_mem_gb 0.409
2026-10-01 22:37:46,890 | DEBUG | step 3376 epoch 3 loss 0.2078 step_s 0.0258 peak_mem_gb 0.409
2026-10-01 22:37:46,915 | DEBUG | step 3377 epoch 3 loss 0.1075 step_s 0.0242 peak_mem_gb 0.409
2026-10-01 22:37:46,940 | DEBUG | step 3378 epoch 3 loss 0.1232 step_s 0.0241 peak_mem_gb 0.409
2026-10-01 22:37:46,966 | DEBUG | step 3379 epoch 3 loss 0.0765 step_s 0.0242 peak_mem_gb 0.409
2026-10-01 22:37:46,984 | DEBUG | step 3380 epoch 3 loss 0.1184 step_s 0.0176 peak_mem_gb 0.409
2026-10-01 22:37:47,007 | DEBUG | step 3381 epoch 3 loss 0.0693 step_s 0.0218 peak_mem_gb 0.409
2026-10-01 22:37:47,031 | DEBUG | step 3382 epoch 3 loss 0.1033 step_s 0.0230 peak_mem_gb 0.409
2026-10-01 22:37:47,057 | DEBUG | step 3383 epoch 3 loss 0.1055 step_s 0.0251 peak_mem_gb 0.409
2026-10-01 22:37:47,082 | DEBUG | step 3384 epoch 3 loss 0.0714 step_s 0.0241 peak_mem_gb 0.409
2026-10-01 22:37:47,105 | DEBUG | step 3385 epoch 3 loss 0.2027 step_s 0.0220 peak_mem_gb 0.409
2026-10-01 22:37:47,127 | DEBUG | step 3386 epoch 3 loss 0.1254 step_s 0.0202 peak_mem_gb 0.409
2026-10-01 22:37:47,149 | DEBUG | step 3387 epoch 3 loss 0.0448 step_s 0.0213 peak_mem_gb 0.409
2026-10-01 22:37:47,172 | DEBUG | step 3388 epoch 3 loss 0.0601 step_s 0.0223 peak_mem_gb 0.409
2026-10-01 22:37:47,199 | DEBUG | step 3389 epoch 3 loss 0.0705 step_s 0.0263 peak_mem_gb 0.409
2026-10-01 22:37:47,224 | DEBUG | step 3390 epoch 3 loss 0.1202 step_s 0.0237 peak_mem_gb 0.409
2026-10-01 22:37:47,249 | DEBUG | step 3391 epoch 3 loss 0.0528 step_s 0.0243 peak_mem_gb 0.409
2026-10-01 22:37:47,274 | DEBUG | step 3392 epoch 3 loss 0.0856 step_s 0.0240 peak_mem_gb 0.409
2026-10-01 22:37:47,299 | DEBUG | step 3393 epoch 3 loss 0.0631 step_s 0.0239 peak_mem_gb 0.409
2026-10-01 22:37:47,323 | DEBUG | step 3394 epoch 3 loss 0.2297 step_s 0.0234 peak_mem_gb 0.409
2026-10-01 22:37:47,348 | DEBUG | step 3395 epoch 3 loss 0.1833 step_s 0.0243 peak_mem_gb 0.409
2026-10-01 22:37:47,373 | DEBUG | step 3396 epoch 3 loss 0.2494 step_s 0.0235 peak_mem_gb 0.409
2026-10-01 22:37:47,397 | DEBUG | step 3397 epoch 3 loss 0.2021 step_s 0.0238 peak_mem_gb 0.409
2026-10-01 22:37:47,422 | DEBUG | step 3398 epoch 3 loss 0.1457 step_s 0.0239 peak_mem_gb 0.409
2026-10-01 22:37:47,447 | DEBUG | step 3399 epoch 3 loss 0.1370 step_s 0.0238 peak_mem_gb 0.409
2026-10-01 22:37:47,471 | INFO | step 3400 epoch 3 loss 0.1411 step_s 0.0240 peak_mem_gb 0.409
2026-10-01 22:37:47,498 | DEBUG | step 3401 epoch 3 loss 0.0831 step_s 0.0243 peak_mem_gb 0.409
2026-10-01 22:37:47,522 | DEBUG | step 3402 epoch 3 loss 0.1626 step_s 0.0233 peak_mem_gb 0.409
2026-10-01 22:37:47,549 | DEBUG | step 3403 epoch 3 loss 0.1231 step_s 0.0258 peak_mem_gb 0.409
2026-10-01 22:37:47,574 | DEBUG | step 3404 epoch 3 loss 0.0725 step_s 0.0235 peak_mem_gb 0.409
2026-10-01 22:37:47,598 | DEBUG | step 3405 epoch 3 loss 0.0199 step_s 0.0239 peak_mem_gb 0.409
2026-10-01 22:37:47,623 | DEBUG | step 3406 epoch 3 loss 0.2209 step_s 0.0240 peak_mem_gb 0.409
2026-10-01 22:37:47,649 | DEBUG | step 3407 epoch 3 loss 0.1688 step_s 0.0244 peak_mem_gb 0.409
2026-10-01 22:37:47,673 | DEBUG | step 3408 epoch 3 loss 0.0544 step_s 0.0239 peak_mem_gb 0.409
2026-10-01 22:37:47,698 | DEBUG | step 3409 epoch 3 loss 0.0926 step_s 0.0236 peak_mem_gb 0.409
2026-10-01 22:37:47,722 | DEBUG | step 3410 epoch 3 loss 0.2389 step_s 0.0230 peak_mem_gb 0.409
2026-10-01 22:37:47,746 | DEBUG | step 3411 epoch 3 loss 0.0770 step_s 0.0230 peak_mem_gb 0.409
2026-10-01 22:37:47,770 | DEBUG | step 3412 epoch 3 loss 0.1710 step_s 0.0235 peak_mem_gb 0.409
2026-10-01 22:37:47,791 | DEBUG | step 3413 epoch 3 loss 0.1433 step_s 0.0196 peak_mem_gb 0.409
2026-10-01 22:37:47,816 | DEBUG | step 3414 epoch 3 loss 0.0873 step_s 0.0249 peak_mem_gb 0.409
2026-10-01 22:37:47,842 | DEBUG | step 3415 epoch 3 loss 0.0862 step_s 0.0246 peak_mem_gb 0.409
2026-10-01 22:37:47,873 | DEBUG | step 3416 epoch 3 loss 0.0974 step_s 0.0299 peak_mem_gb 0.409
2026-10-01 22:37:47,905 | DEBUG | step 3417 epoch 3 loss 0.0720 step_s 0.0299 peak_mem_gb 0.409
2026-10-01 22:37:47,929 | DEBUG | step 3418 epoch 3 loss 0.1010 step_s 0.0233 peak_mem_gb 0.409
2026-10-01 22:37:47,957 | DEBUG | step 3419 epoch 3 loss 0.1297 step_s 0.0264 peak_mem_gb 0.409
2026-10-01 22:37:47,981 | DEBUG | step 3420 epoch 3 loss 0.1748 step_s 0.0233 peak_mem_gb 0.409
2026-10-01 22:37:48,007 | DEBUG | step 3421 epoch 3 loss 0.0674 step_s 0.0246 peak_mem_gb 0.409
2026-10-01 22:37:48,032 | DEBUG | step 3422 epoch 3 loss 0.1521 step_s 0.0239 peak_mem_gb 0.409
2026-10-01 22:37:48,057 | DEBUG | step 3423 epoch 3 loss 0.0920 step_s 0.0235 peak_mem_gb 0.409
2026-10-01 22:37:48,077 | DEBUG | step 3424 epoch 3 loss 0.0645 step_s 0.0193 peak_mem_gb 0.409
2026-10-01 22:37:48,102 | DEBUG | step 3425 epoch 3 loss 0.1187 step_s 0.0242 peak_mem_gb 0.409
2026-10-01 22:37:48,127 | DEBUG | step 3426 epoch 3 loss 0.1338 step_s 0.0243 peak_mem_gb 0.409
2026-10-01 22:37:48,152 | DEBUG | step 3427 epoch 3 loss 0.0526 step_s 0.0241 peak_mem_gb 0.409
2026-10-01 22:37:48,177 | DEBUG | step 3428 epoch 3 loss 0.0753 step_s 0.0240 peak_mem_gb 0.409
2026-10-01 22:37:48,203 | DEBUG | step 3429 epoch 3 loss 0.0908 step_s 0.0245 peak_mem_gb 0.409
2026-10-01 22:37:48,228 | DEBUG | step 3430 epoch 3 loss 0.0670 step_s 0.0238 peak_mem_gb 0.409
2026-10-01 22:37:48,247 | DEBUG | step 3431 epoch 3 loss 0.0811 step_s 0.0181 peak_mem_gb 0.409
2026-10-01 22:37:48,271 | DEBUG | step 3432 epoch 3 loss 0.1308 step_s 0.0238 peak_mem_gb 0.409
2026-10-01 22:37:48,296 | DEBUG | step 3433 epoch 3 loss 0.0523 step_s 0.0236 peak_mem_gb 0.409
2026-10-01 22:37:48,313 | DEBUG | step 3434 epoch 3 loss 0.2010 step_s 0.0162 peak_mem_gb 0.409
2026-10-01 22:37:48,337 | DEBUG | step 3435 epoch 3 loss 0.1300 step_s 0.0237 peak_mem_gb 0.409
2026-10-01 22:37:48,362 | DEBUG | step 3436 epoch 3 loss 0.1391 step_s 0.0234 peak_mem_gb 0.409
2026-10-01 22:37:48,386 | DEBUG | step 3437 epoch 3 loss 0.0494 step_s 0.0240 peak_mem_gb 0.409
2026-10-01 22:37:48,411 | DEBUG | step 3438 epoch 3 loss 0.0898 step_s 0.0239 peak_mem_gb 0.409
2026-10-01 22:37:48,434 | DEBUG | step 3439 epoch 3 loss 0.1976 step_s 0.0222 peak_mem_gb 0.409
2026-10-01 22:37:48,458 | DEBUG | step 3440 epoch 3 loss 0.0820 step_s 0.0233 peak_mem_gb 0.409
2026-10-01 22:37:48,485 | DEBUG | step 3441 epoch 3 loss 0.0441 step_s 0.0254 peak_mem_gb 0.409
2026-10-01 22:37:48,510 | DEBUG | step 3442 epoch 3 loss 0.1460 step_s 0.0239 peak_mem_gb 0.409
2026-10-01 22:37:48,535 | DEBUG | step 3443 epoch 3 loss 0.1037 step_s 0.0241 peak_mem_gb 0.409
2026-10-01 22:37:48,560 | DEBUG | step 3444 epoch 3 loss 0.1947 step_s 0.0238 peak_mem_gb 0.409
2026-10-01 22:37:48,586 | DEBUG | step 3445 epoch 3 loss 0.1142 step_s 0.0254 peak_mem_gb 0.409
2026-10-01 22:37:48,610 | DEBUG | step 3446 epoch 3 loss 0.0788 step_s 0.0233 peak_mem_gb 0.409
2026-10-01 22:37:48,634 | DEBUG | step 3447 epoch 3 loss 0.0488 step_s 0.0228 peak_mem_gb 0.409
2026-10-01 22:37:48,654 | DEBUG | step 3448 epoch 3 loss 0.0836 step_s 0.0195 peak_mem_gb 0.409
2026-10-01 22:37:48,675 | DEBUG | step 3449 epoch 3 loss 0.1171 step_s 0.0200 peak_mem_gb 0.409
2026-10-01 22:37:48,700 | DEBUG | step 3450 epoch 3 loss 0.2296 step_s 0.0241 peak_mem_gb 0.409
2026-10-01 22:37:48,725 | DEBUG | step 3451 epoch 3 loss 0.0853 step_s 0.0242 peak_mem_gb 0.409
2026-10-01 22:37:48,750 | DEBUG | step 3452 epoch 3 loss 0.1000 step_s 0.0242 peak_mem_gb 0.409
2026-10-01 22:37:48,775 | DEBUG | step 3453 epoch 3 loss 0.0284 step_s 0.0237 peak_mem_gb 0.409
2026-10-01 22:37:48,796 | DEBUG | step 3454 epoch 3 loss 0.1627 step_s 0.0200 peak_mem_gb 0.409
2026-10-01 22:37:48,821 | DEBUG | step 3455 epoch 3 loss 0.2052 step_s 0.0240 peak_mem_gb 0.409
2026-10-01 22:37:48,845 | DEBUG | step 3456 epoch 3 loss 0.0947 step_s 0.0233 peak_mem_gb 0.409
2026-10-01 22:37:48,870 | DEBUG | step 3457 epoch 3 loss 0.1746 step_s 0.0238 peak_mem_gb 0.409
2026-10-01 22:37:48,893 | DEBUG | step 3458 epoch 3 loss 0.0915 step_s 0.0222 peak_mem_gb 0.409
2026-10-01 22:37:48,920 | DEBUG | step 3459 epoch 3 loss 0.0703 step_s 0.0267 peak_mem_gb 0.409
2026-10-01 22:37:48,949 | DEBUG | step 3460 epoch 3 loss 0.2476 step_s 0.0274 peak_mem_gb 0.409
2026-10-01 22:37:48,972 | DEBUG | step 3461 epoch 3 loss 0.0804 step_s 0.0217 peak_mem_gb 0.409
2026-10-01 22:37:49,000 | DEBUG | step 3462 epoch 3 loss 0.2405 step_s 0.0271 peak_mem_gb 0.409
2026-10-01 22:37:49,027 | DEBUG | step 3463 epoch 3 loss 0.1201 step_s 0.0256 peak_mem_gb 0.409
2026-10-01 22:37:49,052 | DEBUG | step 3464 epoch 3 loss 0.1178 step_s 0.0238 peak_mem_gb 0.409
2026-10-01 22:37:49,076 | DEBUG | step 3465 epoch 3 loss 0.0580 step_s 0.0232 peak_mem_gb 0.409
2026-10-01 22:37:49,099 | DEBUG | step 3466 epoch 3 loss 0.0821 step_s 0.0216 peak_mem_gb 0.409
2026-10-01 22:37:49,126 | DEBUG | step 3467 epoch 3 loss 0.2203 step_s 0.0260 peak_mem_gb 0.409
2026-10-01 22:37:49,150 | DEBUG | step 3468 epoch 3 loss 0.0949 step_s 0.0231 peak_mem_gb 0.409
2026-10-01 22:37:49,174 | DEBUG | step 3469 epoch 3 loss 0.1394 step_s 0.0238 peak_mem_gb 0.409
2026-10-01 22:37:49,200 | DEBUG | step 3470 epoch 3 loss 0.0825 step_s 0.0246 peak_mem_gb 0.409
2026-10-01 22:37:49,224 | DEBUG | step 3471 epoch 3 loss 0.0947 step_s 0.0236 peak_mem_gb 0.409
2026-10-01 22:37:49,249 | DEBUG | step 3472 epoch 3 loss 0.1201 step_s 0.0233 peak_mem_gb 0.409
2026-10-01 22:37:49,273 | DEBUG | step 3473 epoch 3 loss 0.0669 step_s 0.0240 peak_mem_gb 0.409
2026-10-01 22:37:49,299 | DEBUG | step 3474 epoch 3 loss 0.0712 step_s 0.0245 peak_mem_gb 0.409
2026-10-01 22:37:49,324 | DEBUG | step 3475 epoch 3 loss 0.1134 step_s 0.0241 peak_mem_gb 0.409
2026-10-01 22:37:49,349 | DEBUG | step 3476 epoch 3 loss 0.0667 step_s 0.0240 peak_mem_gb 0.409
2026-10-01 22:37:49,374 | DEBUG | step 3477 epoch 3 loss 0.1794 step_s 0.0243 peak_mem_gb 0.409
2026-10-01 22:37:49,397 | DEBUG | step 3478 epoch 3 loss 0.1423 step_s 0.0220 peak_mem_gb 0.409
2026-10-01 22:37:49,422 | DEBUG | step 3479 epoch 3 loss 0.1032 step_s 0.0244 peak_mem_gb 0.409
2026-10-01 22:37:49,449 | DEBUG | step 3480 epoch 3 loss 0.0884 step_s 0.0257 peak_mem_gb 0.409
2026-10-01 22:37:49,473 | DEBUG | step 3481 epoch 3 loss 0.1298 step_s 0.0235 peak_mem_gb 0.409
2026-10-01 22:37:49,498 | DEBUG | step 3482 epoch 3 loss 0.0908 step_s 0.0237 peak_mem_gb 0.409
2026-10-01 22:37:49,524 | DEBUG | step 3483 epoch 3 loss 0.0644 step_s 0.0249 peak_mem_gb 0.409
2026-10-01 22:37:49,548 | DEBUG | step 3484 epoch 3 loss 0.0595 step_s 0.0223 peak_mem_gb 0.409
2026-10-01 22:37:49,574 | DEBUG | step 3485 epoch 3 loss 0.1267 step_s 0.0255 peak_mem_gb 0.409
2026-10-01 22:37:49,599 | DEBUG | step 3486 epoch 3 loss 0.1627 step_s 0.0238 peak_mem_gb 0.409
2026-10-01 22:37:49,626 | DEBUG | step 3487 epoch 3 loss 0.2190 step_s 0.0254 peak_mem_gb 0.409
2026-10-01 22:37:49,650 | DEBUG | step 3488 epoch 3 loss 0.1182 step_s 0.0236 peak_mem_gb 0.409
2026-10-01 22:37:49,675 | DEBUG | step 3489 epoch 3 loss 0.2243 step_s 0.0238 peak_mem_gb 0.409
2026-10-01 22:37:49,696 | DEBUG | step 3490 epoch 3 loss 0.1227 step_s 0.0198 peak_mem_gb 0.409
2026-10-01 22:37:49,721 | DEBUG | step 3491 epoch 3 loss 0.1055 step_s 0.0241 peak_mem_gb 0.409
2026-10-01 22:37:49,746 | DEBUG | step 3492 epoch 3 loss 0.0406 step_s 0.0246 peak_mem_gb 0.409
2026-10-01 22:37:49,770 | DEBUG | step 3493 epoch 3 loss 0.0881 step_s 0.0234 peak_mem_gb 0.409
2026-10-01 22:37:49,791 | DEBUG | step 3494 epoch 3 loss 0.0880 step_s 0.0204 peak_mem_gb 0.409
2026-10-01 22:37:49,816 | DEBUG | step 3495 epoch 3 loss 0.0258 step_s 0.0238 peak_mem_gb 0.409
2026-10-01 22:37:49,841 | DEBUG | step 3496 epoch 3 loss 0.1090 step_s 0.0236 peak_mem_gb 0.409
2026-10-01 22:37:49,866 | DEBUG | step 3497 epoch 3 loss 0.1090 step_s 0.0245 peak_mem_gb 0.409
2026-10-01 22:37:49,891 | DEBUG | step 3498 epoch 3 loss 0.1148 step_s 0.0235 peak_mem_gb 0.409
2026-10-01 22:37:49,918 | DEBUG | step 3499 epoch 3 loss 0.0668 step_s 0.0261 peak_mem_gb 0.409
2026-10-01 22:37:49,944 | DEBUG | step 3500 epoch 3 loss 0.1930 step_s 0.0248 peak_mem_gb 0.409
2026-10-01 22:37:49,969 | DEBUG | step 3501 epoch 3 loss 0.1256 step_s 0.0234 peak_mem_gb 0.409
2026-10-01 22:37:49,994 | DEBUG | step 3502 epoch 3 loss 0.0443 step_s 0.0249 peak_mem_gb 0.409
2026-10-01 22:37:50,019 | DEBUG | step 3503 epoch 3 loss 0.0422 step_s 0.0240 peak_mem_gb 0.409
2026-10-01 22:37:50,044 | DEBUG | step 3504 epoch 3 loss 0.1430 step_s 0.0242 peak_mem_gb 0.409
2026-10-01 22:37:50,066 | DEBUG | step 3505 epoch 3 loss 0.0889 step_s 0.0208 peak_mem_gb 0.409
2026-10-01 22:37:50,091 | DEBUG | step 3506 epoch 3 loss 0.1178 step_s 0.0241 peak_mem_gb 0.409
2026-10-01 22:37:50,117 | DEBUG | step 3507 epoch 3 loss 0.0808 step_s 0.0249 peak_mem_gb 0.409
2026-10-01 22:37:50,142 | DEBUG | step 3508 epoch 3 loss 0.1164 step_s 0.0243 peak_mem_gb 0.409
2026-10-01 22:37:50,169 | DEBUG | step 3509 epoch 3 loss 0.1244 step_s 0.0257 peak_mem_gb 0.409
2026-10-01 22:37:50,194 | DEBUG | step 3510 epoch 3 loss 0.1193 step_s 0.0242 peak_mem_gb 0.409
2026-10-01 22:37:50,219 | DEBUG | step 3511 epoch 3 loss 0.2722 step_s 0.0236 peak_mem_gb 0.409
2026-10-01 22:37:50,244 | DEBUG | step 3512 epoch 3 loss 0.0568 step_s 0.0240 peak_mem_gb 0.409
2026-10-01 22:37:50,268 | DEBUG | step 3513 epoch 3 loss 0.0405 step_s 0.0232 peak_mem_gb 0.409
2026-10-01 22:37:50,291 | DEBUG | step 3514 epoch 3 loss 0.0830 step_s 0.0224 peak_mem_gb 0.409
2026-10-01 22:37:50,317 | DEBUG | step 3515 epoch 3 loss 0.2014 step_s 0.0247 peak_mem_gb 0.409
2026-10-01 22:37:50,344 | DEBUG | step 3516 epoch 3 loss 0.0665 step_s 0.0262 peak_mem_gb 0.409
2026-10-01 22:37:50,369 | DEBUG | step 3517 epoch 3 loss 0.1368 step_s 0.0236 peak_mem_gb 0.409
2026-10-01 22:37:50,398 | DEBUG | step 3518 epoch 3 loss 0.1547 step_s 0.0272 peak_mem_gb 0.409
2026-10-01 22:37:50,422 | DEBUG | step 3519 epoch 3 loss 0.0269 step_s 0.0238 peak_mem_gb 0.409
2026-10-01 22:37:50,447 | DEBUG | step 3520 epoch 3 loss 0.0652 step_s 0.0235 peak_mem_gb 0.409
2026-10-01 22:37:50,469 | DEBUG | step 3521 epoch 3 loss 0.1126 step_s 0.0209 peak_mem_gb 0.409
2026-10-01 22:37:50,490 | DEBUG | step 3522 epoch 3 loss 0.0925 step_s 0.0198 peak_mem_gb 0.409
2026-10-01 22:37:50,516 | DEBUG | step 3523 epoch 3 loss 0.0526 step_s 0.0256 peak_mem_gb 0.409
2026-10-01 22:37:50,543 | DEBUG | step 3524 epoch 3 loss 0.1014 step_s 0.0259 peak_mem_gb 0.409
2026-10-01 22:37:50,564 | DEBUG | step 3525 epoch 3 loss 0.1180 step_s 0.0197 peak_mem_gb 0.409
2026-10-01 22:37:50,590 | DEBUG | step 3526 epoch 3 loss 0.1004 step_s 0.0252 peak_mem_gb 0.409
2026-10-01 22:37:50,615 | DEBUG | step 3527 epoch 3 loss 0.1050 step_s 0.0242 peak_mem_gb 0.409
2026-10-01 22:37:50,640 | DEBUG | step 3528 epoch 3 loss 0.1576 step_s 0.0242 peak_mem_gb 0.409
2026-10-01 22:37:50,666 | DEBUG | step 3529 epoch 3 loss 0.0768 step_s 0.0243 peak_mem_gb 0.409
2026-10-01 22:37:50,691 | DEBUG | step 3530 epoch 3 loss 0.0946 step_s 0.0249 peak_mem_gb 0.409
2026-10-01 22:37:50,717 | DEBUG | step 3531 epoch 3 loss 0.1158 step_s 0.0249 peak_mem_gb 0.409
2026-10-01 22:37:50,742 | DEBUG | step 3532 epoch 3 loss 0.1336 step_s 0.0235 peak_mem_gb 0.409
2026-10-01 22:37:50,767 | DEBUG | step 3533 epoch 3 loss 0.0769 step_s 0.0245 peak_mem_gb 0.409
2026-10-01 22:37:50,791 | DEBUG | step 3534 epoch 3 loss 0.1473 step_s 0.0227 peak_mem_gb 0.409
2026-10-01 22:37:50,813 | DEBUG | step 3535 epoch 3 loss 0.2111 step_s 0.0211 peak_mem_gb 0.409
2026-10-01 22:37:50,836 | DEBUG | step 3536 epoch 3 loss 0.1632 step_s 0.0219 peak_mem_gb 0.409
2026-10-01 22:37:50,864 | DEBUG | step 3537 epoch 3 loss 0.0372 step_s 0.0261 peak_mem_gb 0.409
2026-10-01 22:37:50,888 | DEBUG | step 3538 epoch 3 loss 0.1141 step_s 0.0232 peak_mem_gb 0.409
2026-10-01 22:37:50,912 | DEBUG | step 3539 epoch 3 loss 0.0903 step_s 0.0232 peak_mem_gb 0.409
2026-10-01 22:37:50,936 | DEBUG | step 3540 epoch 3 loss 0.0807 step_s 0.0234 peak_mem_gb 0.409
2026-10-01 22:37:50,961 | DEBUG | step 3541 epoch 3 loss 0.1129 step_s 0.0242 peak_mem_gb 0.409
2026-10-01 22:37:50,985 | DEBUG | step 3542 epoch 3 loss 0.0879 step_s 0.0230 peak_mem_gb 0.409
2026-10-01 22:37:51,011 | DEBUG | step 3543 epoch 3 loss 0.1311 step_s 0.0250 peak_mem_gb 0.409
2026-10-01 22:37:51,039 | DEBUG | step 3544 epoch 3 loss 0.0577 step_s 0.0267 peak_mem_gb 0.409
2026-10-01 22:37:51,065 | DEBUG | step 3545 epoch 3 loss 0.0218 step_s 0.0244 peak_mem_gb 0.409
2026-10-01 22:37:51,091 | DEBUG | step 3546 epoch 3 loss 0.1501 step_s 0.0249 peak_mem_gb 0.409
2026-10-01 22:37:51,112 | DEBUG | step 3547 epoch 3 loss 0.0958 step_s 0.0198 peak_mem_gb 0.409
2026-10-01 22:37:51,138 | DEBUG | step 3548 epoch 3 loss 0.1782 step_s 0.0249 peak_mem_gb 0.409
2026-10-01 22:37:51,163 | DEBUG | step 3549 epoch 3 loss 0.1856 step_s 0.0247 peak_mem_gb 0.409
2026-10-01 22:37:51,189 | DEBUG | step 3550 epoch 3 loss 0.1272 step_s 0.0249 peak_mem_gb 0.409
2026-10-01 22:37:51,215 | DEBUG | step 3551 epoch 3 loss 0.1083 step_s 0.0250 peak_mem_gb 0.409
2026-10-01 22:37:51,241 | DEBUG | step 3552 epoch 3 loss 0.0361 step_s 0.0245 peak_mem_gb 0.409
2026-10-01 22:37:51,266 | DEBUG | step 3553 epoch 3 loss 0.0538 step_s 0.0238 peak_mem_gb 0.409
2026-10-01 22:37:51,292 | DEBUG | step 3554 epoch 3 loss 0.1613 step_s 0.0249 peak_mem_gb 0.409
2026-10-01 22:37:51,317 | DEBUG | step 3555 epoch 3 loss 0.1831 step_s 0.0241 peak_mem_gb 0.409
2026-10-01 22:37:51,340 | DEBUG | step 3556 epoch 3 loss 0.1067 step_s 0.0220 peak_mem_gb 0.409
2026-10-01 22:37:51,366 | DEBUG | step 3557 epoch 3 loss 0.0889 step_s 0.0248 peak_mem_gb 0.409
2026-10-01 22:37:51,392 | DEBUG | step 3558 epoch 3 loss 0.1109 step_s 0.0250 peak_mem_gb 0.409
2026-10-01 22:37:51,418 | DEBUG | step 3559 epoch 3 loss 0.0897 step_s 0.0246 peak_mem_gb 0.409
2026-10-01 22:37:51,442 | DEBUG | step 3560 epoch 3 loss 0.2065 step_s 0.0235 peak_mem_gb 0.409
2026-10-01 22:37:51,467 | DEBUG | step 3561 epoch 3 loss 0.1881 step_s 0.0242 peak_mem_gb 0.409
2026-10-01 22:37:51,492 | DEBUG | step 3562 epoch 3 loss 0.0651 step_s 0.0240 peak_mem_gb 0.409
2026-10-01 22:37:51,515 | DEBUG | step 3563 epoch 3 loss 0.1248 step_s 0.0219 peak_mem_gb 0.409
2026-10-01 22:37:51,536 | DEBUG | step 3564 epoch 3 loss 0.0908 step_s 0.0202 peak_mem_gb 0.409
2026-10-01 22:37:51,563 | DEBUG | step 3565 epoch 3 loss 0.1364 step_s 0.0263 peak_mem_gb 0.409
2026-10-01 22:37:51,587 | DEBUG | step 3566 epoch 3 loss 0.3430 step_s 0.0231 peak_mem_gb 0.409
2026-10-01 22:37:51,611 | DEBUG | step 3567 epoch 3 loss 0.1226 step_s 0.0225 peak_mem_gb 0.409
2026-10-01 22:37:51,635 | DEBUG | step 3568 epoch 3 loss 0.0225 step_s 0.0232 peak_mem_gb 0.409
2026-10-01 22:37:51,659 | DEBUG | step 3569 epoch 3 loss 0.0456 step_s 0.0237 peak_mem_gb 0.409
2026-10-01 22:37:51,685 | DEBUG | step 3570 epoch 3 loss 0.1722 step_s 0.0242 peak_mem_gb 0.409
2026-10-01 22:37:51,704 | DEBUG | step 3571 epoch 3 loss 0.0594 step_s 0.0189 peak_mem_gb 0.409
2026-10-01 22:37:51,730 | DEBUG | step 3572 epoch 3 loss 0.1778 step_s 0.0248 peak_mem_gb 0.409
2026-10-01 22:37:51,753 | DEBUG | step 3573 epoch 3 loss 0.1565 step_s 0.0222 peak_mem_gb 0.409
2026-10-01 22:37:51,777 | DEBUG | step 3574 epoch 3 loss 0.0978 step_s 0.0234 peak_mem_gb 0.409
2026-10-01 22:37:51,799 | DEBUG | step 3575 epoch 3 loss 0.1028 step_s 0.0201 peak_mem_gb 0.409
2026-10-01 22:37:51,824 | DEBUG | step 3576 epoch 3 loss 0.1543 step_s 0.0240 peak_mem_gb 0.409
2026-10-01 22:37:51,848 | DEBUG | step 3577 epoch 3 loss 0.0901 step_s 0.0236 peak_mem_gb 0.409
2026-10-01 22:37:51,869 | DEBUG | step 3578 epoch 3 loss 0.1931 step_s 0.0197 peak_mem_gb 0.409
2026-10-01 22:37:51,896 | DEBUG | step 3579 epoch 3 loss 0.0424 step_s 0.0260 peak_mem_gb 0.409
2026-10-01 22:37:51,922 | DEBUG | step 3580 epoch 3 loss 0.0950 step_s 0.0250 peak_mem_gb 0.409
2026-10-01 22:37:51,948 | DEBUG | step 3581 epoch 3 loss 0.1582 step_s 0.0252 peak_mem_gb 0.409
2026-10-01 22:37:51,973 | DEBUG | step 3582 epoch 3 loss 0.0583 step_s 0.0236 peak_mem_gb 0.409
2026-10-01 22:37:51,997 | DEBUG | step 3583 epoch 3 loss 0.1280 step_s 0.0234 peak_mem_gb 0.409
2026-10-01 22:37:52,020 | DEBUG | step 3584 epoch 3 loss 0.1607 step_s 0.0215 peak_mem_gb 0.409
2026-10-01 22:37:52,044 | DEBUG | step 3585 epoch 3 loss 0.1517 step_s 0.0237 peak_mem_gb 0.409
2026-10-01 22:37:52,070 | DEBUG | step 3586 epoch 3 loss 0.1397 step_s 0.0245 peak_mem_gb 0.409
2026-10-01 22:37:52,094 | DEBUG | step 3587 epoch 3 loss 0.0846 step_s 0.0230 peak_mem_gb 0.409
2026-10-01 22:37:52,118 | DEBUG | step 3588 epoch 3 loss 0.1628 step_s 0.0239 peak_mem_gb 0.409
2026-10-01 22:37:52,142 | DEBUG | step 3589 epoch 3 loss 0.0880 step_s 0.0230 peak_mem_gb 0.409
2026-10-01 22:37:52,168 | DEBUG | step 3590 epoch 3 loss 0.2059 step_s 0.0243 peak_mem_gb 0.409
2026-10-01 22:37:52,193 | DEBUG | step 3591 epoch 3 loss 0.0890 step_s 0.0247 peak_mem_gb 0.409
2026-10-01 22:37:52,219 | DEBUG | step 3592 epoch 3 loss 0.0554 step_s 0.0247 peak_mem_gb 0.409
2026-10-01 22:37:52,245 | DEBUG | step 3593 epoch 3 loss 0.0979 step_s 0.0249 peak_mem_gb 0.409
2026-10-01 22:37:52,271 | DEBUG | step 3594 epoch 3 loss 0.1905 step_s 0.0246 peak_mem_gb 0.409
2026-10-01 22:37:52,296 | DEBUG | step 3595 epoch 3 loss 0.0637 step_s 0.0240 peak_mem_gb 0.409
2026-10-01 22:37:52,320 | DEBUG | step 3596 epoch 3 loss 0.1562 step_s 0.0238 peak_mem_gb 0.409
2026-10-01 22:37:52,343 | DEBUG | step 3597 epoch 3 loss 0.0730 step_s 0.0222 peak_mem_gb 0.409
2026-10-01 22:37:52,367 | DEBUG | step 3598 epoch 3 loss 0.0590 step_s 0.0225 peak_mem_gb 0.409
2026-10-01 22:37:52,389 | DEBUG | step 3599 epoch 3 loss 0.1429 step_s 0.0209 peak_mem_gb 0.409
2026-10-01 22:37:52,412 | INFO | step 3600 epoch 3 loss 0.0307 step_s 0.0222 peak_mem_gb 0.409
2026-10-01 22:37:52,439 | DEBUG | step 3601 epoch 3 loss 0.0465 step_s 0.0256 peak_mem_gb 0.409
2026-10-01 22:37:52,464 | DEBUG | step 3602 epoch 3 loss 0.0788 step_s 0.0241 peak_mem_gb 0.409
2026-10-01 22:37:52,490 | DEBUG | step 3603 epoch 3 loss 0.1531 step_s 0.0246 peak_mem_gb 0.409
2026-10-01 22:37:52,515 | DEBUG | step 3604 epoch 3 loss 0.1258 step_s 0.0243 peak_mem_gb 0.409
2026-10-01 22:37:52,538 | DEBUG | step 3605 epoch 3 loss 0.0410 step_s 0.0214 peak_mem_gb 0.409
2026-10-01 22:37:52,559 | DEBUG | step 3606 epoch 3 loss 0.1246 step_s 0.0202 peak_mem_gb 0.409
2026-10-01 22:37:52,584 | DEBUG | step 3607 epoch 3 loss 0.1450 step_s 0.0245 peak_mem_gb 0.409
2026-10-01 22:37:52,606 | DEBUG | step 3608 epoch 3 loss 0.1940 step_s 0.0209 peak_mem_gb 0.409
2026-10-01 22:37:52,632 | DEBUG | step 3609 epoch 3 loss 0.1354 step_s 0.0248 peak_mem_gb 0.409
2026-10-01 22:37:52,657 | DEBUG | step 3610 epoch 3 loss 0.0689 step_s 0.0238 peak_mem_gb 0.409
2026-10-01 22:37:52,681 | DEBUG | step 3611 epoch 3 loss 0.0606 step_s 0.0238 peak_mem_gb 0.409
2026-10-01 22:37:52,706 | DEBUG | step 3612 epoch 3 loss 0.1173 step_s 0.0238 peak_mem_gb 0.409
2026-10-01 22:37:52,732 | DEBUG | step 3613 epoch 3 loss 0.2114 step_s 0.0244 peak_mem_gb 0.409
2026-10-01 22:37:52,757 | DEBUG | step 3614 epoch 3 loss 0.0746 step_s 0.0241 peak_mem_gb 0.409
2026-10-01 22:37:52,781 | DEBUG | step 3615 epoch 3 loss 0.0390 step_s 0.0239 peak_mem_gb 0.409
2026-10-01 22:37:52,806 | DEBUG | step 3616 epoch 3 loss 0.1420 step_s 0.0241 peak_mem_gb 0.409
2026-10-01 22:37:52,830 | DEBUG | step 3617 epoch 3 loss 0.0731 step_s 0.0230 peak_mem_gb 0.409
2026-10-01 22:37:52,854 | DEBUG | step 3618 epoch 3 loss 0.0438 step_s 0.0225 peak_mem_gb 0.409
2026-10-01 22:37:52,876 | DEBUG | step 3619 epoch 3 loss 0.0324 step_s 0.0212 peak_mem_gb 0.409
2026-10-01 22:37:52,901 | DEBUG | step 3620 epoch 3 loss 0.1432 step_s 0.0240 peak_mem_gb 0.409
2026-10-01 22:37:52,928 | DEBUG | step 3621 epoch 3 loss 0.0764 step_s 0.0261 peak_mem_gb 0.409
2026-10-01 22:37:52,952 | DEBUG | step 3622 epoch 3 loss 0.0491 step_s 0.0236 peak_mem_gb 0.409
2026-10-01 22:37:52,977 | DEBUG | step 3623 epoch 3 loss 0.0428 step_s 0.0240 peak_mem_gb 0.409
2026-10-01 22:37:53,001 | DEBUG | step 3624 epoch 3 loss 0.1211 step_s 0.0236 peak_mem_gb 0.409
2026-10-01 22:37:53,026 | DEBUG | step 3625 epoch 3 loss 0.0970 step_s 0.0239 peak_mem_gb 0.409
2026-10-01 22:37:53,050 | DEBUG | step 3626 epoch 3 loss 0.1653 step_s 0.0231 peak_mem_gb 0.409
2026-10-01 22:37:53,074 | DEBUG | step 3627 epoch 3 loss 0.0958 step_s 0.0229 peak_mem_gb 0.409
2026-10-01 22:37:53,101 | DEBUG | step 3628 epoch 3 loss 0.0531 step_s 0.0255 peak_mem_gb 0.409
2026-10-01 22:37:53,126 | DEBUG | step 3629 epoch 3 loss 0.0482 step_s 0.0238 peak_mem_gb 0.409
2026-10-01 22:37:53,149 | DEBUG | step 3630 epoch 3 loss 0.1572 step_s 0.0220 peak_mem_gb 0.409
2026-10-01 22:37:53,174 | DEBUG | step 3631 epoch 3 loss 0.0994 step_s 0.0242 peak_mem_gb 0.409
2026-10-01 22:37:53,197 | DEBUG | step 3632 epoch 3 loss 0.0901 step_s 0.0215 peak_mem_gb 0.409
2026-10-01 22:37:53,223 | DEBUG | step 3633 epoch 3 loss 0.0918 step_s 0.0247 peak_mem_gb 0.409
2026-10-01 22:37:53,245 | DEBUG | step 3634 epoch 3 loss 0.2175 step_s 0.0211 peak_mem_gb 0.409
2026-10-01 22:37:53,270 | DEBUG | step 3635 epoch 3 loss 0.0969 step_s 0.0230 peak_mem_gb 0.409
2026-10-01 22:37:53,297 | DEBUG | step 3636 epoch 3 loss 0.2813 step_s 0.0260 peak_mem_gb 0.409
2026-10-01 22:37:53,322 | DEBUG | step 3637 epoch 3 loss 0.0551 step_s 0.0241 peak_mem_gb 0.409
2026-10-01 22:37:53,345 | DEBUG | step 3638 epoch 3 loss 0.1200 step_s 0.0218 peak_mem_gb 0.409
2026-10-01 22:37:53,369 | DEBUG | step 3639 epoch 3 loss 0.1146 step_s 0.0235 peak_mem_gb 0.409
2026-10-01 22:37:53,393 | DEBUG | step 3640 epoch 3 loss 0.1883 step_s 0.0231 peak_mem_gb 0.409
2026-10-01 22:37:53,417 | DEBUG | step 3641 epoch 3 loss 0.0576 step_s 0.0237 peak_mem_gb 0.409
2026-10-01 22:37:53,442 | DEBUG | step 3642 epoch 3 loss 0.1421 step_s 0.0240 peak_mem_gb 0.409
2026-10-01 22:37:53,468 | DEBUG | step 3643 epoch 3 loss 0.1454 step_s 0.0250 peak_mem_gb 0.409
2026-10-01 22:37:53,492 | DEBUG | step 3644 epoch 3 loss 0.0989 step_s 0.0234 peak_mem_gb 0.409
2026-10-01 22:37:53,517 | DEBUG | step 3645 epoch 3 loss 0.1036 step_s 0.0234 peak_mem_gb 0.409
2026-10-01 22:37:53,542 | DEBUG | step 3646 epoch 3 loss 0.1079 step_s 0.0247 peak_mem_gb 0.409
2026-10-01 22:37:53,567 | DEBUG | step 3647 epoch 3 loss 0.1548 step_s 0.0237 peak_mem_gb 0.409
2026-10-01 22:37:53,591 | DEBUG | step 3648 epoch 3 loss 0.1520 step_s 0.0236 peak_mem_gb 0.409
2026-10-01 22:37:53,612 | DEBUG | step 3649 epoch 3 loss 0.0933 step_s 0.0199 peak_mem_gb 0.409
2026-10-01 22:37:53,638 | DEBUG | step 3650 epoch 3 loss 0.1538 step_s 0.0252 peak_mem_gb 0.409
2026-10-01 22:37:53,663 | DEBUG | step 3651 epoch 3 loss 0.0605 step_s 0.0231 peak_mem_gb 0.409
2026-10-01 22:37:53,687 | DEBUG | step 3652 epoch 3 loss 0.0609 step_s 0.0239 peak_mem_gb 0.409
2026-10-01 22:37:53,712 | DEBUG | step 3653 epoch 3 loss 0.0956 step_s 0.0236 peak_mem_gb 0.409
2026-10-01 22:37:53,736 | DEBUG | step 3654 epoch 3 loss 0.0508 step_s 0.0235 peak_mem_gb 0.409
2026-10-01 22:37:53,761 | DEBUG | step 3655 epoch 3 loss 0.0675 step_s 0.0236 peak_mem_gb 0.409
2026-10-01 22:37:53,786 | DEBUG | step 3656 epoch 3 loss 0.0764 step_s 0.0242 peak_mem_gb 0.409
2026-10-01 22:37:53,810 | DEBUG | step 3657 epoch 3 loss 0.0583 step_s 0.0232 peak_mem_gb 0.409
2026-10-01 22:37:53,834 | DEBUG | step 3658 epoch 3 loss 0.1561 step_s 0.0239 peak_mem_gb 0.409
2026-10-01 22:37:53,859 | DEBUG | step 3659 epoch 3 loss 0.0901 step_s 0.0239 peak_mem_gb 0.409
2026-10-01 22:37:53,883 | DEBUG | step 3660 epoch 3 loss 0.0365 step_s 0.0229 peak_mem_gb 0.409
2026-10-01 22:37:53,908 | DEBUG | step 3661 epoch 3 loss 0.1284 step_s 0.0239 peak_mem_gb 0.409
2026-10-01 22:37:53,933 | DEBUG | step 3662 epoch 3 loss 0.0694 step_s 0.0242 peak_mem_gb 0.409
2026-10-01 22:37:53,956 | DEBUG | step 3663 epoch 3 loss 0.1102 step_s 0.0217 peak_mem_gb 0.409
2026-10-01 22:37:53,982 | DEBUG | step 3664 epoch 3 loss 0.0824 step_s 0.0250 peak_mem_gb 0.409
2026-10-01 22:37:54,007 | DEBUG | step 3665 epoch 3 loss 0.1842 step_s 0.0238 peak_mem_gb 0.409
2026-10-01 22:37:54,028 | DEBUG | step 3666 epoch 3 loss 0.2089 step_s 0.0208 peak_mem_gb 0.409
2026-10-01 22:37:54,053 | DEBUG | step 3667 epoch 3 loss 0.0848 step_s 0.0237 peak_mem_gb 0.409
2026-10-01 22:37:54,078 | DEBUG | step 3668 epoch 3 loss 0.0636 step_s 0.0239 peak_mem_gb 0.409
2026-10-01 22:37:54,103 | DEBUG | step 3669 epoch 3 loss 0.1716 step_s 0.0248 peak_mem_gb 0.409
2026-10-01 22:37:54,128 | DEBUG | step 3670 epoch 3 loss 0.1681 step_s 0.0230 peak_mem_gb 0.409
2026-10-01 22:37:54,153 | DEBUG | step 3671 epoch 3 loss 0.1290 step_s 0.0238 peak_mem_gb 0.409
2026-10-01 22:37:54,178 | DEBUG | step 3672 epoch 3 loss 0.1023 step_s 0.0243 peak_mem_gb 0.409
2026-10-01 22:37:54,201 | DEBUG | step 3673 epoch 3 loss 0.0596 step_s 0.0227 peak_mem_gb 0.409
2026-10-01 22:37:54,227 | DEBUG | step 3674 epoch 3 loss 0.1174 step_s 0.0244 peak_mem_gb 0.409
2026-10-01 22:37:54,251 | DEBUG | step 3675 epoch 3 loss 0.1173 step_s 0.0232 peak_mem_gb 0.409
2026-10-01 22:37:54,276 | DEBUG | step 3676 epoch 3 loss 0.1732 step_s 0.0240 peak_mem_gb 0.409
2026-10-01 22:37:54,301 | DEBUG | step 3677 epoch 3 loss 0.0780 step_s 0.0242 peak_mem_gb 0.409
2026-10-01 22:37:54,326 | DEBUG | step 3678 epoch 3 loss 0.0958 step_s 0.0238 peak_mem_gb 0.409
2026-10-01 22:37:54,350 | DEBUG | step 3679 epoch 3 loss 0.1168 step_s 0.0237 peak_mem_gb 0.409
2026-10-01 22:37:54,375 | DEBUG | step 3680 epoch 3 loss 0.1259 step_s 0.0238 peak_mem_gb 0.409
2026-10-01 22:37:54,399 | DEBUG | step 3681 epoch 3 loss 0.0635 step_s 0.0233 peak_mem_gb 0.409
2026-10-01 22:37:54,423 | DEBUG | step 3682 epoch 3 loss 0.1166 step_s 0.0227 peak_mem_gb 0.409
2026-10-01 22:37:54,447 | DEBUG | step 3683 epoch 3 loss 0.3789 step_s 0.0235 peak_mem_gb 0.409
2026-10-01 22:37:54,472 | DEBUG | step 3684 epoch 3 loss 0.1251 step_s 0.0238 peak_mem_gb 0.409
2026-10-01 22:37:54,497 | DEBUG | step 3685 epoch 3 loss 0.0742 step_s 0.0239 peak_mem_gb 0.409
2026-10-01 22:37:54,520 | DEBUG | step 3686 epoch 3 loss 0.0295 step_s 0.0227 peak_mem_gb 0.409
2026-10-01 22:37:54,539 | DEBUG | step 3687 epoch 3 loss 0.0654 step_s 0.0178 peak_mem_gb 0.409
2026-10-01 22:37:54,564 | DEBUG | step 3688 epoch 3 loss 0.0541 step_s 0.0244 peak_mem_gb 0.409
2026-10-01 22:37:54,588 | DEBUG | step 3689 epoch 3 loss 0.0621 step_s 0.0226 peak_mem_gb 0.409
2026-10-01 22:37:54,612 | DEBUG | step 3690 epoch 3 loss 0.1147 step_s 0.0235 peak_mem_gb 0.409
2026-10-01 22:37:54,637 | DEBUG | step 3691 epoch 3 loss 0.0721 step_s 0.0239 peak_mem_gb 0.409
2026-10-01 22:37:54,664 | DEBUG | step 3692 epoch 3 loss 0.1774 step_s 0.0259 peak_mem_gb 0.409
2026-10-01 22:37:54,684 | DEBUG | step 3693 epoch 3 loss 0.1840 step_s 0.0189 peak_mem_gb 0.409
2026-10-01 22:37:54,705 | DEBUG | step 3694 epoch 3 loss 0.0576 step_s 0.0204 peak_mem_gb 0.409
2026-10-01 22:37:54,729 | DEBUG | step 3695 epoch 3 loss 0.0967 step_s 0.0233 peak_mem_gb 0.409
2026-10-01 22:37:54,750 | DEBUG | step 3696 epoch 3 loss 0.0481 step_s 0.0203 peak_mem_gb 0.409
2026-10-01 22:37:54,774 | DEBUG | step 3697 epoch 3 loss 0.2457 step_s 0.0232 peak_mem_gb 0.409
2026-10-01 22:37:54,798 | DEBUG | step 3698 epoch 3 loss 0.1077 step_s 0.0225 peak_mem_gb 0.409
2026-10-01 22:37:54,825 | DEBUG | step 3699 epoch 3 loss 0.2072 step_s 0.0262 peak_mem_gb 0.409
2026-10-01 22:37:54,850 | DEBUG | step 3700 epoch 3 loss 0.1692 step_s 0.0246 peak_mem_gb 0.409
2026-10-01 22:37:54,876 | DEBUG | step 3701 epoch 3 loss 0.0599 step_s 0.0242 peak_mem_gb 0.409
2026-10-01 22:37:54,904 | DEBUG | step 3702 epoch 3 loss 0.1276 step_s 0.0271 peak_mem_gb 0.409
2026-10-01 22:37:54,928 | DEBUG | step 3703 epoch 3 loss 0.0718 step_s 0.0228 peak_mem_gb 0.409
2026-10-01 22:37:54,953 | DEBUG | step 3704 epoch 3 loss 0.0594 step_s 0.0247 peak_mem_gb 0.409
2026-10-01 22:37:54,976 | DEBUG | step 3705 epoch 3 loss 0.1076 step_s 0.0217 peak_mem_gb 0.409
2026-10-01 22:37:55,002 | DEBUG | step 3706 epoch 3 loss 0.1161 step_s 0.0255 peak_mem_gb 0.409
2026-10-01 22:37:55,027 | DEBUG | step 3707 epoch 3 loss 0.1875 step_s 0.0238 peak_mem_gb 0.409
2026-10-01 22:37:55,052 | DEBUG | step 3708 epoch 3 loss 0.1042 step_s 0.0236 peak_mem_gb 0.409
2026-10-01 22:37:55,077 | DEBUG | step 3709 epoch 3 loss 0.1286 step_s 0.0241 peak_mem_gb 0.409
2026-10-01 22:37:55,102 | DEBUG | step 3710 epoch 3 loss 0.0340 step_s 0.0237 peak_mem_gb 0.409
2026-10-01 22:37:55,127 | DEBUG | step 3711 epoch 3 loss 0.1811 step_s 0.0243 peak_mem_gb 0.409
2026-10-01 22:37:55,147 | DEBUG | step 3712 epoch 3 loss 0.1802 step_s 0.0195 peak_mem_gb 0.409
2026-10-01 22:37:55,176 | DEBUG | step 3713 epoch 3 loss 0.1191 step_s 0.0275 peak_mem_gb 0.409
2026-10-01 22:37:55,202 | DEBUG | step 3714 epoch 3 loss 0.1156 step_s 0.0254 peak_mem_gb 0.409
2026-10-01 22:37:55,222 | DEBUG | step 3715 epoch 3 loss 0.1406 step_s 0.0188 peak_mem_gb 0.409
2026-10-01 22:37:55,247 | DEBUG | step 3716 epoch 3 loss 0.3249 step_s 0.0240 peak_mem_gb 0.409
2026-10-01 22:37:55,272 | DEBUG | step 3717 epoch 3 loss 0.0599 step_s 0.0236 peak_mem_gb 0.409
2026-10-01 22:37:55,296 | DEBUG | step 3718 epoch 3 loss 0.1050 step_s 0.0237 peak_mem_gb 0.409
2026-10-01 22:37:55,322 | DEBUG | step 3719 epoch 3 loss 0.0364 step_s 0.0242 peak_mem_gb 0.409
2026-10-01 22:37:55,346 | DEBUG | step 3720 epoch 3 loss 0.1372 step_s 0.0234 peak_mem_gb 0.409
2026-10-01 22:37:55,371 | DEBUG | step 3721 epoch 3 loss 0.0579 step_s 0.0241 peak_mem_gb 0.409
2026-10-01 22:37:55,395 | DEBUG | step 3722 epoch 3 loss 0.0533 step_s 0.0238 peak_mem_gb 0.409
2026-10-01 22:37:55,421 | DEBUG | step 3723 epoch 3 loss 0.1807 step_s 0.0242 peak_mem_gb 0.409
2026-10-01 22:37:55,445 | DEBUG | step 3724 epoch 3 loss 0.1660 step_s 0.0239 peak_mem_gb 0.409
2026-10-01 22:37:55,470 | DEBUG | step 3725 epoch 3 loss 0.1714 step_s 0.0240 peak_mem_gb 0.409
2026-10-01 22:37:55,495 | DEBUG | step 3726 epoch 3 loss 0.1873 step_s 0.0241 peak_mem_gb 0.409
2026-10-01 22:37:55,523 | DEBUG | step 3727 epoch 3 loss 0.1525 step_s 0.0269 peak_mem_gb 0.409
2026-10-01 22:37:55,546 | DEBUG | step 3728 epoch 3 loss 0.1677 step_s 0.0222 peak_mem_gb 0.409
2026-10-01 22:37:55,569 | DEBUG | step 3729 epoch 3 loss 0.0870 step_s 0.0214 peak_mem_gb 0.409
2026-10-01 22:37:55,594 | DEBUG | step 3730 epoch 3 loss 0.1993 step_s 0.0239 peak_mem_gb 0.409
2026-10-01 22:37:55,618 | DEBUG | step 3731 epoch 3 loss 0.0550 step_s 0.0236 peak_mem_gb 0.409
2026-10-01 22:37:55,643 | DEBUG | step 3732 epoch 3 loss 0.0367 step_s 0.0235 peak_mem_gb 0.409
2026-10-01 22:37:55,667 | DEBUG | step 3733 epoch 3 loss 0.1034 step_s 0.0237 peak_mem_gb 0.409
2026-10-01 22:37:55,693 | DEBUG | step 3734 epoch 3 loss 0.1197 step_s 0.0247 peak_mem_gb 0.409
2026-10-01 22:37:55,717 | DEBUG | step 3735 epoch 3 loss 0.1948 step_s 0.0238 peak_mem_gb 0.409
2026-10-01 22:37:55,742 | DEBUG | step 3736 epoch 3 loss 0.1324 step_s 0.0237 peak_mem_gb 0.409
2026-10-01 22:37:55,769 | DEBUG | step 3737 epoch 3 loss 0.0758 step_s 0.0263 peak_mem_gb 0.409
2026-10-01 22:37:55,800 | DEBUG | step 3738 epoch 3 loss 0.1646 step_s 0.0291 peak_mem_gb 0.409
2026-10-01 22:37:55,827 | DEBUG | step 3739 epoch 3 loss 0.0441 step_s 0.0262 peak_mem_gb 0.409
2026-10-01 22:37:55,858 | DEBUG | step 3740 epoch 3 loss 0.1074 step_s 0.0292 peak_mem_gb 0.409
2026-10-01 22:37:55,889 | DEBUG | step 3741 epoch 3 loss 0.0896 step_s 0.0302 peak_mem_gb 0.409
2026-10-01 22:37:55,923 | DEBUG | step 3742 epoch 3 loss 0.2549 step_s 0.0321 peak_mem_gb 0.409
2026-10-01 22:37:55,949 | DEBUG | step 3743 epoch 3 loss 0.1516 step_s 0.0248 peak_mem_gb 0.409
2026-10-01 22:37:55,969 | DEBUG | step 3744 epoch 3 loss 0.2035 step_s 0.0197 peak_mem_gb 0.409
2026-10-01 22:37:55,995 | DEBUG | step 3745 epoch 3 loss 0.1144 step_s 0.0248 peak_mem_gb 0.409
2026-10-01 22:37:56,022 | DEBUG | step 3746 epoch 3 loss 0.0616 step_s 0.0252 peak_mem_gb 0.409
2026-10-01 22:37:56,047 | DEBUG | step 3747 epoch 3 loss 0.1271 step_s 0.0244 peak_mem_gb 0.409
2026-10-01 22:37:56,073 | DEBUG | step 3748 epoch 3 loss 0.0688 step_s 0.0245 peak_mem_gb 0.409
2026-10-01 22:37:56,097 | DEBUG | step 3749 epoch 3 loss 0.0685 step_s 0.0229 peak_mem_gb 0.409
2026-10-01 22:37:56,123 | DEBUG | step 3750 epoch 3 loss 0.1238 step_s 0.0246 peak_mem_gb 0.409
2026-10-01 22:37:56,147 | DEBUG | step 3751 epoch 3 loss 0.1642 step_s 0.0235 peak_mem_gb 0.409
2026-10-01 22:37:56,170 | DEBUG | step 3752 epoch 3 loss 0.2027 step_s 0.0225 peak_mem_gb 0.409
2026-10-01 22:37:56,196 | DEBUG | step 3753 epoch 3 loss 0.2195 step_s 0.0241 peak_mem_gb 0.409
2026-10-01 22:37:56,220 | DEBUG | step 3754 epoch 3 loss 0.1078 step_s 0.0239 peak_mem_gb 0.409
2026-10-01 22:37:56,242 | DEBUG | step 3755 epoch 3 loss 0.0581 step_s 0.0209 peak_mem_gb 0.409
2026-10-01 22:37:56,267 | DEBUG | step 3756 epoch 3 loss 0.0354 step_s 0.0244 peak_mem_gb 0.409
2026-10-01 22:37:56,292 | DEBUG | step 3757 epoch 3 loss 0.3248 step_s 0.0234 peak_mem_gb 0.409
2026-10-01 22:37:56,315 | DEBUG | step 3758 epoch 3 loss 0.0743 step_s 0.0220 peak_mem_gb 0.409
2026-10-01 22:37:56,339 | DEBUG | step 3759 epoch 3 loss 0.1120 step_s 0.0233 peak_mem_gb 0.409
2026-10-01 22:37:56,360 | DEBUG | step 3760 epoch 3 loss 0.1527 step_s 0.0204 peak_mem_gb 0.409
2026-10-01 22:37:56,385 | DEBUG | step 3761 epoch 3 loss 0.1783 step_s 0.0241 peak_mem_gb 0.409
2026-10-01 22:37:56,409 | DEBUG | step 3762 epoch 3 loss 0.1382 step_s 0.0233 peak_mem_gb 0.409
2026-10-01 22:37:56,435 | DEBUG | step 3763 epoch 3 loss 0.0626 step_s 0.0247 peak_mem_gb 0.409
2026-10-01 22:37:56,459 | DEBUG | step 3764 epoch 3 loss 0.1168 step_s 0.0234 peak_mem_gb 0.409
2026-10-01 22:37:56,482 | DEBUG | step 3765 epoch 3 loss 0.1370 step_s 0.0219 peak_mem_gb 0.409
2026-10-01 22:37:56,507 | DEBUG | step 3766 epoch 3 loss 0.1483 step_s 0.0242 peak_mem_gb 0.409
2026-10-01 22:37:56,532 | DEBUG | step 3767 epoch 3 loss 0.1550 step_s 0.0235 peak_mem_gb 0.409
2026-10-01 22:37:56,556 | DEBUG | step 3768 epoch 3 loss 0.0658 step_s 0.0235 peak_mem_gb 0.409
2026-10-01 22:37:56,577 | DEBUG | step 3769 epoch 3 loss 0.1381 step_s 0.0198 peak_mem_gb 0.409
2026-10-01 22:37:56,600 | DEBUG | step 3770 epoch 3 loss 0.1135 step_s 0.0227 peak_mem_gb 0.409
2026-10-01 22:37:56,624 | DEBUG | step 3771 epoch 3 loss 0.1049 step_s 0.0232 peak_mem_gb 0.409
2026-10-01 22:37:56,649 | DEBUG | step 3772 epoch 3 loss 0.1500 step_s 0.0236 peak_mem_gb 0.409
2026-10-01 22:37:56,673 | DEBUG | step 3773 epoch 3 loss 0.1596 step_s 0.0235 peak_mem_gb 0.409
2026-10-01 22:37:56,696 | DEBUG | step 3774 epoch 3 loss 0.0897 step_s 0.0220 peak_mem_gb 0.409
2026-10-01 22:37:56,718 | DEBUG | step 3775 epoch 3 loss 0.1006 step_s 0.0206 peak_mem_gb 0.409
2026-10-01 22:37:56,742 | DEBUG | step 3776 epoch 3 loss 0.2231 step_s 0.0234 peak_mem_gb 0.409
2026-10-01 22:37:56,768 | DEBUG | step 3777 epoch 3 loss 0.1067 step_s 0.0248 peak_mem_gb 0.409
2026-10-01 22:37:56,792 | DEBUG | step 3778 epoch 3 loss 0.1486 step_s 0.0235 peak_mem_gb 0.409
2026-10-01 22:37:56,816 | DEBUG | step 3779 epoch 3 loss 0.0836 step_s 0.0235 peak_mem_gb 0.409
2026-10-01 22:37:56,841 | DEBUG | step 3780 epoch 3 loss 0.1464 step_s 0.0236 peak_mem_gb 0.409
2026-10-01 22:37:56,869 | DEBUG | step 3781 epoch 3 loss 0.0855 step_s 0.0275 peak_mem_gb 0.409
2026-10-01 22:37:56,893 | DEBUG | step 3782 epoch 3 loss 0.1344 step_s 0.0223 peak_mem_gb 0.409
2026-10-01 22:37:56,919 | DEBUG | step 3783 epoch 3 loss 0.1420 step_s 0.0251 peak_mem_gb 0.409
2026-10-01 22:37:56,947 | DEBUG | step 3784 epoch 3 loss 0.0351 step_s 0.0261 peak_mem_gb 0.409
2026-10-01 22:37:56,972 | DEBUG | step 3785 epoch 3 loss 0.2400 step_s 0.0242 peak_mem_gb 0.409
2026-10-01 22:37:56,997 | DEBUG | step 3786 epoch 3 loss 0.0818 step_s 0.0240 peak_mem_gb 0.409
2026-10-01 22:37:57,022 | DEBUG | step 3787 epoch 3 loss 0.0965 step_s 0.0237 peak_mem_gb 0.409
2026-10-01 22:37:57,039 | DEBUG | step 3788 epoch 3 loss 0.1154 step_s 0.0171 peak_mem_gb 0.409
2026-10-01 22:37:57,064 | DEBUG | step 3789 epoch 3 loss 0.0606 step_s 0.0237 peak_mem_gb 0.409
2026-10-01 22:37:57,088 | DEBUG | step 3790 epoch 3 loss 0.1888 step_s 0.0232 peak_mem_gb 0.409
2026-10-01 22:37:57,114 | DEBUG | step 3791 epoch 3 loss 0.1470 step_s 0.0252 peak_mem_gb 0.409
2026-10-01 22:37:57,138 | DEBUG | step 3792 epoch 3 loss 0.1451 step_s 0.0232 peak_mem_gb 0.409
2026-10-01 22:37:57,163 | DEBUG | step 3793 epoch 3 loss 0.0862 step_s 0.0235 peak_mem_gb 0.409
2026-10-01 22:37:57,188 | DEBUG | step 3794 epoch 3 loss 0.1125 step_s 0.0245 peak_mem_gb 0.409
2026-10-01 22:37:57,212 | DEBUG | step 3795 epoch 3 loss 0.1137 step_s 0.0233 peak_mem_gb 0.409
2026-10-01 22:37:57,238 | DEBUG | step 3796 epoch 3 loss 0.1132 step_s 0.0247 peak_mem_gb 0.409
2026-10-01 22:37:57,264 | DEBUG | step 3797 epoch 3 loss 0.0877 step_s 0.0249 peak_mem_gb 0.409
2026-10-01 22:37:57,291 | DEBUG | step 3798 epoch 3 loss 0.1298 step_s 0.0251 peak_mem_gb 0.409
2026-10-01 22:37:57,311 | DEBUG | step 3799 epoch 3 loss 0.1346 step_s 0.0195 peak_mem_gb 0.409
2026-10-01 22:37:57,338 | INFO | step 3800 epoch 3 loss 0.0490 step_s 0.0258 peak_mem_gb 0.409
2026-10-01 22:37:57,365 | DEBUG | step 3801 epoch 3 loss 0.1086 step_s 0.0251 peak_mem_gb 0.409
2026-10-01 22:37:57,391 | DEBUG | step 3802 epoch 3 loss 0.1026 step_s 0.0247 peak_mem_gb 0.409
2026-10-01 22:37:57,417 | DEBUG | step 3803 epoch 3 loss 0.0899 step_s 0.0245 peak_mem_gb 0.409
2026-10-01 22:37:57,442 | DEBUG | step 3804 epoch 3 loss 0.0693 step_s 0.0240 peak_mem_gb 0.409
2026-10-01 22:37:57,461 | DEBUG | step 3805 epoch 3 loss 0.0640 step_s 0.0184 peak_mem_gb 0.409
2026-10-01 22:37:57,487 | DEBUG | step 3806 epoch 3 loss 0.0454 step_s 0.0251 peak_mem_gb 0.409
2026-10-01 22:37:57,507 | DEBUG | step 3807 epoch 3 loss 0.1174 step_s 0.0191 peak_mem_gb 0.409
2026-10-01 22:37:57,527 | DEBUG | step 3808 epoch 3 loss 0.0554 step_s 0.0190 peak_mem_gb 0.409
2026-10-01 22:37:57,551 | DEBUG | step 3809 epoch 3 loss 0.0473 step_s 0.0234 peak_mem_gb 0.409
2026-10-01 22:37:57,576 | DEBUG | step 3810 epoch 3 loss 0.0587 step_s 0.0238 peak_mem_gb 0.409
2026-10-01 22:37:57,598 | DEBUG | step 3811 epoch 3 loss 0.1156 step_s 0.0216 peak_mem_gb 0.409
2026-10-01 22:37:57,623 | DEBUG | step 3812 epoch 3 loss 0.0658 step_s 0.0238 peak_mem_gb 0.409
2026-10-01 22:37:57,648 | DEBUG | step 3813 epoch 3 loss 0.1140 step_s 0.0244 peak_mem_gb 0.409
2026-10-01 22:37:57,672 | DEBUG | step 3814 epoch 3 loss 0.0920 step_s 0.0231 peak_mem_gb 0.409
2026-10-01 22:37:57,697 | DEBUG | step 3815 epoch 3 loss 0.0892 step_s 0.0239 peak_mem_gb 0.409
2026-10-01 22:37:57,717 | DEBUG | step 3816 epoch 3 loss 0.0916 step_s 0.0190 peak_mem_gb 0.409
2026-10-01 22:37:57,741 | DEBUG | step 3817 epoch 3 loss 0.0399 step_s 0.0228 peak_mem_gb 0.409
2026-10-01 22:37:57,765 | DEBUG | step 3818 epoch 3 loss 0.1795 step_s 0.0238 peak_mem_gb 0.409
2026-10-01 22:37:57,790 | DEBUG | step 3819 epoch 3 loss 0.1751 step_s 0.0235 peak_mem_gb 0.409
2026-10-01 22:37:57,815 | DEBUG | step 3820 epoch 3 loss 0.1009 step_s 0.0246 peak_mem_gb 0.409
2026-10-01 22:37:57,839 | DEBUG | step 3821 epoch 3 loss 0.0695 step_s 0.0225 peak_mem_gb 0.409
2026-10-01 22:37:57,869 | DEBUG | step 3822 epoch 3 loss 0.0889 step_s 0.0295 peak_mem_gb 0.409
2026-10-01 22:37:57,899 | DEBUG | step 3823 epoch 3 loss 0.0964 step_s 0.0283 peak_mem_gb 0.409
2026-10-01 22:37:57,922 | DEBUG | step 3824 epoch 3 loss 0.1022 step_s 0.0208 peak_mem_gb 0.409
2026-10-01 22:37:57,942 | DEBUG | step 3825 epoch 3 loss 0.0749 step_s 0.0192 peak_mem_gb 0.409
2026-10-01 22:37:57,968 | DEBUG | step 3826 epoch 3 loss 0.0556 step_s 0.0254 peak_mem_gb 0.409
2026-10-01 22:37:57,998 | DEBUG | step 3827 epoch 3 loss 0.1162 step_s 0.0281 peak_mem_gb 0.409
2026-10-01 22:37:58,024 | DEBUG | step 3828 epoch 3 loss 0.0653 step_s 0.0256 peak_mem_gb 0.409
2026-10-01 22:37:58,049 | DEBUG | step 3829 epoch 3 loss 0.0805 step_s 0.0231 peak_mem_gb 0.409
2026-10-01 22:37:58,073 | DEBUG | step 3830 epoch 3 loss 0.0273 step_s 0.0234 peak_mem_gb 0.409
2026-10-01 22:37:58,096 | DEBUG | step 3831 epoch 3 loss 0.2087 step_s 0.0224 peak_mem_gb 0.409
2026-10-01 22:37:58,121 | DEBUG | step 3832 epoch 3 loss 0.1968 step_s 0.0242 peak_mem_gb 0.409
2026-10-01 22:37:58,146 | DEBUG | step 3833 epoch 3 loss 0.1685 step_s 0.0236 peak_mem_gb 0.409
2026-10-01 22:37:58,172 | DEBUG | step 3834 epoch 3 loss 0.1006 step_s 0.0255 peak_mem_gb 0.409
2026-10-01 22:37:58,193 | DEBUG | step 3835 epoch 3 loss 0.0860 step_s 0.0196 peak_mem_gb 0.409
2026-10-01 22:37:58,216 | DEBUG | step 3836 epoch 3 loss 0.0735 step_s 0.0223 peak_mem_gb 0.409
2026-10-01 22:37:58,240 | DEBUG | step 3837 epoch 3 loss 0.0633 step_s 0.0231 peak_mem_gb 0.409
2026-10-01 22:37:58,264 | DEBUG | step 3838 epoch 3 loss 0.0977 step_s 0.0230 peak_mem_gb 0.409
2026-10-01 22:37:58,289 | DEBUG | step 3839 epoch 3 loss 0.1225 step_s 0.0238 peak_mem_gb 0.409
2026-10-01 22:37:58,313 | DEBUG | step 3840 epoch 3 loss 0.1461 step_s 0.0230 peak_mem_gb 0.409
2026-10-01 22:37:58,334 | DEBUG | step 3841 epoch 3 loss 0.1450 step_s 0.0211 peak_mem_gb 0.409
2026-10-01 22:37:58,355 | DEBUG | step 3842 epoch 3 loss 0.3526 step_s 0.0197 peak_mem_gb 0.409
2026-10-01 22:37:58,380 | DEBUG | step 3843 epoch 3 loss 0.1034 step_s 0.0239 peak_mem_gb 0.409
2026-10-01 22:37:58,406 | DEBUG | step 3844 epoch 3 loss 0.1153 step_s 0.0243 peak_mem_gb 0.409
2026-10-01 22:37:58,423 | DEBUG | step 3845 epoch 3 loss 0.1504 step_s 0.0168 peak_mem_gb 0.409
2026-10-01 22:37:58,447 | DEBUG | step 3846 epoch 3 loss 0.0806 step_s 0.0230 peak_mem_gb 0.409
2026-10-01 22:37:58,471 | DEBUG | step 3847 epoch 3 loss 0.0545 step_s 0.0234 peak_mem_gb 0.409
2026-10-01 22:37:58,496 | DEBUG | step 3848 epoch 3 loss 0.0889 step_s 0.0239 peak_mem_gb 0.409
2026-10-01 22:37:58,517 | DEBUG | step 3849 epoch 3 loss 0.0834 step_s 0.0199 peak_mem_gb 0.409
2026-10-01 22:37:58,542 | DEBUG | step 3850 epoch 3 loss 0.0546 step_s 0.0244 peak_mem_gb 0.409
2026-10-01 22:37:58,563 | DEBUG | step 3851 epoch 3 loss 0.0611 step_s 0.0198 peak_mem_gb 0.409
2026-10-01 22:37:58,588 | DEBUG | step 3852 epoch 3 loss 0.2507 step_s 0.0237 peak_mem_gb 0.409
2026-10-01 22:37:58,612 | DEBUG | step 3853 epoch 3 loss 0.0965 step_s 0.0236 peak_mem_gb 0.409
2026-10-01 22:37:58,637 | DEBUG | step 3854 epoch 3 loss 0.1343 step_s 0.0235 peak_mem_gb 0.409
2026-10-01 22:37:58,658 | DEBUG | step 3855 epoch 3 loss 0.1548 step_s 0.0204 peak_mem_gb 0.409
2026-10-01 22:37:58,684 | DEBUG | step 3856 epoch 3 loss 0.1020 step_s 0.0248 peak_mem_gb 0.409
2026-10-01 22:37:58,709 | DEBUG | step 3857 epoch 3 loss 0.2126 step_s 0.0240 peak_mem_gb 0.409
2026-10-01 22:37:58,732 | DEBUG | step 3858 epoch 3 loss 0.1553 step_s 0.0225 peak_mem_gb 0.409
2026-10-01 22:37:58,757 | DEBUG | step 3859 epoch 3 loss 0.1538 step_s 0.0243 peak_mem_gb 0.409
2026-10-01 22:37:58,783 | DEBUG | step 3860 epoch 3 loss 0.0504 step_s 0.0247 peak_mem_gb 0.409
2026-10-01 22:37:58,805 | DEBUG | step 3861 epoch 3 loss 0.1643 step_s 0.0212 peak_mem_gb 0.409
2026-10-01 22:37:58,831 | DEBUG | step 3862 epoch 3 loss 0.0927 step_s 0.0245 peak_mem_gb 0.409
2026-10-01 22:37:58,859 | DEBUG | step 3863 epoch 3 loss 0.0912 step_s 0.0269 peak_mem_gb 0.409
2026-10-01 22:37:58,881 | DEBUG | step 3864 epoch 3 loss 0.0770 step_s 0.0216 peak_mem_gb 0.409
2026-10-01 22:37:58,905 | DEBUG | step 3865 epoch 3 loss 0.0732 step_s 0.0234 peak_mem_gb 0.409
2026-10-01 22:37:58,931 | DEBUG | step 3866 epoch 3 loss 0.1658 step_s 0.0244 peak_mem_gb 0.409
2026-10-01 22:37:58,955 | DEBUG | step 3867 epoch 3 loss 0.1229 step_s 0.0231 peak_mem_gb 0.409
2026-10-01 22:37:58,980 | DEBUG | step 3868 epoch 3 loss 0.0947 step_s 0.0242 peak_mem_gb 0.409
2026-10-01 22:37:59,005 | DEBUG | step 3869 epoch 3 loss 0.2218 step_s 0.0236 peak_mem_gb 0.409
2026-10-01 22:37:59,032 | DEBUG | step 3870 epoch 3 loss 0.1610 step_s 0.0264 peak_mem_gb 0.409
2026-10-01 22:37:59,057 | DEBUG | step 3871 epoch 3 loss 0.1639 step_s 0.0238 peak_mem_gb 0.409
2026-10-01 22:37:59,078 | DEBUG | step 3872 epoch 3 loss 0.0580 step_s 0.0200 peak_mem_gb 0.409
2026-10-01 22:37:59,104 | DEBUG | step 3873 epoch 3 loss 0.1002 step_s 0.0248 peak_mem_gb 0.409
2026-10-01 22:37:59,129 | DEBUG | step 3874 epoch 3 loss 0.2145 step_s 0.0240 peak_mem_gb 0.409
2026-10-01 22:37:59,154 | DEBUG | step 3875 epoch 3 loss 0.1991 step_s 0.0237 peak_mem_gb 0.409
2026-10-01 22:37:59,179 | DEBUG | step 3876 epoch 3 loss 0.0827 step_s 0.0243 peak_mem_gb 0.409
2026-10-01 22:37:59,205 | DEBUG | step 3877 epoch 3 loss 0.1398 step_s 0.0254 peak_mem_gb 0.409
2026-10-01 22:37:59,230 | DEBUG | step 3878 epoch 3 loss 0.1063 step_s 0.0235 peak_mem_gb 0.409
2026-10-01 22:37:59,255 | DEBUG | step 3879 epoch 3 loss 0.1137 step_s 0.0242 peak_mem_gb 0.409
2026-10-01 22:37:59,279 | DEBUG | step 3880 epoch 3 loss 0.2508 step_s 0.0234 peak_mem_gb 0.409
2026-10-01 22:37:59,303 | DEBUG | step 3881 epoch 3 loss 0.1145 step_s 0.0225 peak_mem_gb 0.409
2026-10-01 22:37:59,329 | DEBUG | step 3882 epoch 3 loss 0.0990 step_s 0.0252 peak_mem_gb 0.409
2026-10-01 22:37:59,352 | DEBUG | step 3883 epoch 3 loss 0.1066 step_s 0.0221 peak_mem_gb 0.409
2026-10-01 22:37:59,378 | DEBUG | step 3884 epoch 3 loss 0.1775 step_s 0.0246 peak_mem_gb 0.409
2026-10-01 22:37:59,405 | DEBUG | step 3885 epoch 3 loss 0.2280 step_s 0.0247 peak_mem_gb 0.409
2026-10-01 22:37:59,430 | DEBUG | step 3886 epoch 3 loss 0.1402 step_s 0.0242 peak_mem_gb 0.409
2026-10-01 22:37:59,457 | DEBUG | step 3887 epoch 3 loss 0.2024 step_s 0.0258 peak_mem_gb 0.409
2026-10-01 22:37:59,480 | DEBUG | step 3888 epoch 3 loss 0.0274 step_s 0.0225 peak_mem_gb 0.409
2026-10-01 22:37:59,506 | DEBUG | step 3889 epoch 3 loss 0.0825 step_s 0.0245 peak_mem_gb 0.409
2026-10-01 22:37:59,531 | DEBUG | step 3890 epoch 3 loss 0.1268 step_s 0.0240 peak_mem_gb 0.409
2026-10-01 22:37:59,558 | DEBUG | step 3891 epoch 3 loss 0.0985 step_s 0.0258 peak_mem_gb 0.409
2026-10-01 22:37:59,586 | DEBUG | step 3892 epoch 3 loss 0.1345 step_s 0.0269 peak_mem_gb 0.409
2026-10-01 22:37:59,612 | DEBUG | step 3893 epoch 3 loss 0.0655 step_s 0.0249 peak_mem_gb 0.409
2026-10-01 22:37:59,637 | DEBUG | step 3894 epoch 3 loss 0.0708 step_s 0.0242 peak_mem_gb 0.409
2026-10-01 22:37:59,664 | DEBUG | step 3895 epoch 3 loss 0.1196 step_s 0.0257 peak_mem_gb 0.409
2026-10-01 22:37:59,689 | DEBUG | step 3896 epoch 3 loss 0.1162 step_s 0.0238 peak_mem_gb 0.409
2026-10-01 22:37:59,714 | DEBUG | step 3897 epoch 3 loss 0.0977 step_s 0.0240 peak_mem_gb 0.409
2026-10-01 22:37:59,739 | DEBUG | step 3898 epoch 3 loss 0.0702 step_s 0.0243 peak_mem_gb 0.409
2026-10-01 22:37:59,765 | DEBUG | step 3899 epoch 3 loss 0.0556 step_s 0.0244 peak_mem_gb 0.409
2026-10-01 22:37:59,789 | DEBUG | step 3900 epoch 3 loss 0.0664 step_s 0.0231 peak_mem_gb 0.409
2026-10-01 22:37:59,813 | DEBUG | step 3901 epoch 3 loss 0.1364 step_s 0.0238 peak_mem_gb 0.409
2026-10-01 22:37:59,835 | DEBUG | step 3902 epoch 3 loss 0.0679 step_s 0.0207 peak_mem_gb 0.409
2026-10-01 22:37:59,860 | DEBUG | step 3903 epoch 3 loss 0.1494 step_s 0.0243 peak_mem_gb 0.409
2026-10-01 22:37:59,881 | DEBUG | step 3904 epoch 3 loss 0.1646 step_s 0.0197 peak_mem_gb 0.409
2026-10-01 22:37:59,906 | DEBUG | step 3905 epoch 3 loss 0.1232 step_s 0.0245 peak_mem_gb 0.409
2026-10-01 22:37:59,932 | DEBUG | step 3906 epoch 3 loss 0.1021 step_s 0.0245 peak_mem_gb 0.409
2026-10-01 22:37:59,956 | DEBUG | step 3907 epoch 3 loss 0.1044 step_s 0.0238 peak_mem_gb 0.409
2026-10-01 22:37:59,981 | DEBUG | step 3908 epoch 3 loss 0.1518 step_s 0.0239 peak_mem_gb 0.409
2026-10-01 22:38:00,009 | DEBUG | step 3909 epoch 3 loss 0.0529 step_s 0.0264 peak_mem_gb 0.409
2026-10-01 22:38:00,036 | DEBUG | step 3910 epoch 3 loss 0.1068 step_s 0.0259 peak_mem_gb 0.409
2026-10-01 22:38:00,062 | DEBUG | step 3911 epoch 3 loss 0.1029 step_s 0.0250 peak_mem_gb 0.409
2026-10-01 22:38:00,087 | DEBUG | step 3912 epoch 3 loss 0.0635 step_s 0.0241 peak_mem_gb 0.409
2026-10-01 22:38:00,115 | DEBUG | step 3913 epoch 3 loss 0.1605 step_s 0.0266 peak_mem_gb 0.409
2026-10-01 22:38:00,141 | DEBUG | step 3914 epoch 3 loss 0.0393 step_s 0.0248 peak_mem_gb 0.409
2026-10-01 22:38:00,167 | DEBUG | step 3915 epoch 3 loss 0.0611 step_s 0.0249 peak_mem_gb 0.409
2026-10-01 22:38:00,191 | DEBUG | step 3916 epoch 3 loss 0.0873 step_s 0.0234 peak_mem_gb 0.409
2026-10-01 22:38:00,215 | DEBUG | step 3917 epoch 3 loss 0.1695 step_s 0.0232 peak_mem_gb 0.409
2026-10-01 22:38:00,241 | DEBUG | step 3918 epoch 3 loss 0.1144 step_s 0.0244 peak_mem_gb 0.409
2026-10-01 22:38:00,266 | DEBUG | step 3919 epoch 3 loss 0.0467 step_s 0.0242 peak_mem_gb 0.409
2026-10-01 22:38:00,291 | DEBUG | step 3920 epoch 3 loss 0.0742 step_s 0.0244 peak_mem_gb 0.409
2026-10-01 22:38:00,317 | DEBUG | step 3921 epoch 3 loss 0.0981 step_s 0.0248 peak_mem_gb 0.409
2026-10-01 22:38:00,343 | DEBUG | step 3922 epoch 3 loss 0.0899 step_s 0.0243 peak_mem_gb 0.409
2026-10-01 22:38:00,360 | DEBUG | step 3923 epoch 3 loss 0.0834 step_s 0.0169 peak_mem_gb 0.409
2026-10-01 22:38:00,381 | DEBUG | step 3924 epoch 3 loss 0.1349 step_s 0.0194 peak_mem_gb 0.409
2026-10-01 22:38:00,407 | DEBUG | step 3925 epoch 3 loss 0.0900 step_s 0.0249 peak_mem_gb 0.409
2026-10-01 22:38:00,433 | DEBUG | step 3926 epoch 3 loss 0.0968 step_s 0.0246 peak_mem_gb 0.409
2026-10-01 22:38:00,459 | DEBUG | step 3927 epoch 3 loss 0.1575 step_s 0.0252 peak_mem_gb 0.409
2026-10-01 22:38:00,483 | DEBUG | step 3928 epoch 3 loss 0.1115 step_s 0.0237 peak_mem_gb 0.409
2026-10-01 22:38:00,508 | DEBUG | step 3929 epoch 3 loss 0.0666 step_s 0.0232 peak_mem_gb 0.409
2026-10-01 22:38:00,533 | DEBUG | step 3930 epoch 3 loss 0.2333 step_s 0.0241 peak_mem_gb 0.409
2026-10-01 22:38:00,556 | DEBUG | step 3931 epoch 3 loss 0.1289 step_s 0.0223 peak_mem_gb 0.409
2026-10-01 22:38:00,580 | DEBUG | step 3932 epoch 3 loss 0.1658 step_s 0.0235 peak_mem_gb 0.409
2026-10-01 22:38:00,605 | DEBUG | step 3933 epoch 3 loss 0.2456 step_s 0.0236 peak_mem_gb 0.409
2026-10-01 22:38:00,631 | DEBUG | step 3934 epoch 3 loss 0.1032 step_s 0.0255 peak_mem_gb 0.409
2026-10-01 22:38:00,651 | DEBUG | step 3935 epoch 3 loss 0.0269 step_s 0.0190 peak_mem_gb 0.409
2026-10-01 22:38:00,674 | DEBUG | step 3936 epoch 3 loss 0.0640 step_s 0.0217 peak_mem_gb 0.409
2026-10-01 22:38:00,698 | DEBUG | step 3937 epoch 3 loss 0.1523 step_s 0.0233 peak_mem_gb 0.409
2026-10-01 22:38:00,721 | DEBUG | step 3938 epoch 3 loss 0.0750 step_s 0.0223 peak_mem_gb 0.409
2026-10-01 22:38:00,746 | DEBUG | step 3939 epoch 3 loss 0.0564 step_s 0.0236 peak_mem_gb 0.409
2026-10-01 22:38:00,770 | DEBUG | step 3940 epoch 3 loss 0.1108 step_s 0.0236 peak_mem_gb 0.409
2026-10-01 22:38:00,797 | DEBUG | step 3941 epoch 3 loss 0.1850 step_s 0.0253 peak_mem_gb 0.409
2026-10-01 22:38:00,822 | DEBUG | step 3942 epoch 3 loss 0.0646 step_s 0.0247 peak_mem_gb 0.409
2026-10-01 22:38:00,847 | DEBUG | step 3943 epoch 3 loss 0.0887 step_s 0.0234 peak_mem_gb 0.409
2026-10-01 22:38:00,871 | DEBUG | step 3944 epoch 3 loss 0.1052 step_s 0.0236 peak_mem_gb 0.409
2026-10-01 22:38:00,896 | DEBUG | step 3945 epoch 3 loss 0.1068 step_s 0.0235 peak_mem_gb 0.409
2026-10-01 22:38:00,918 | DEBUG | step 3946 epoch 3 loss 0.0672 step_s 0.0220 peak_mem_gb 0.409
2026-10-01 22:38:00,943 | DEBUG | step 3947 epoch 3 loss 0.2017 step_s 0.0241 peak_mem_gb 0.409
2026-10-01 22:38:00,969 | DEBUG | step 3948 epoch 3 loss 0.0487 step_s 0.0246 peak_mem_gb 0.409
2026-10-01 22:38:00,990 | DEBUG | step 3949 epoch 3 loss 0.0463 step_s 0.0206 peak_mem_gb 0.409
2026-10-01 22:38:01,015 | DEBUG | step 3950 epoch 3 loss 0.1206 step_s 0.0242 peak_mem_gb 0.409
2026-10-01 22:38:01,037 | DEBUG | step 3951 epoch 3 loss 0.0985 step_s 0.0204 peak_mem_gb 0.409
2026-10-01 22:38:01,061 | DEBUG | step 3952 epoch 3 loss 0.1823 step_s 0.0233 peak_mem_gb 0.409
2026-10-01 22:38:01,087 | DEBUG | step 3953 epoch 3 loss 0.0590 step_s 0.0245 peak_mem_gb 0.409
2026-10-01 22:38:01,112 | DEBUG | step 3954 epoch 3 loss 0.1267 step_s 0.0243 peak_mem_gb 0.409
2026-10-01 22:38:01,137 | DEBUG | step 3955 epoch 3 loss 0.0972 step_s 0.0236 peak_mem_gb 0.409
2026-10-01 22:38:01,162 | DEBUG | step 3956 epoch 3 loss 0.1068 step_s 0.0238 peak_mem_gb 0.409
2026-10-01 22:38:01,186 | DEBUG | step 3957 epoch 3 loss 0.2162 step_s 0.0237 peak_mem_gb 0.409
2026-10-01 22:38:01,210 | DEBUG | step 3958 epoch 3 loss 0.1005 step_s 0.0232 peak_mem_gb 0.409
2026-10-01 22:38:01,234 | DEBUG | step 3959 epoch 3 loss 0.1563 step_s 0.0224 peak_mem_gb 0.409
2026-10-01 22:38:01,258 | DEBUG | step 3960 epoch 3 loss 0.1755 step_s 0.0234 peak_mem_gb 0.409
2026-10-01 22:38:01,282 | DEBUG | step 3961 epoch 3 loss 0.2954 step_s 0.0235 peak_mem_gb 0.409
2026-10-01 22:38:01,308 | DEBUG | step 3962 epoch 3 loss 0.0637 step_s 0.0243 peak_mem_gb 0.409
2026-10-01 22:38:01,334 | DEBUG | step 3963 epoch 3 loss 0.0322 step_s 0.0256 peak_mem_gb 0.409
2026-10-01 22:38:01,358 | DEBUG | step 3964 epoch 3 loss 0.0323 step_s 0.0224 peak_mem_gb 0.409
2026-10-01 22:38:01,382 | DEBUG | step 3965 epoch 3 loss 0.1241 step_s 0.0241 peak_mem_gb 0.409
2026-10-01 22:38:01,404 | DEBUG | step 3966 epoch 3 loss 0.0933 step_s 0.0208 peak_mem_gb 0.409
2026-10-01 22:38:01,431 | DEBUG | step 3967 epoch 3 loss 0.1243 step_s 0.0258 peak_mem_gb 0.409
2026-10-01 22:38:01,458 | DEBUG | step 3968 epoch 3 loss 0.0960 step_s 0.0258 peak_mem_gb 0.409
2026-10-01 22:38:01,486 | DEBUG | step 3969 epoch 3 loss 0.1242 step_s 0.0271 peak_mem_gb 0.409
2026-10-01 22:38:01,511 | DEBUG | step 3970 epoch 3 loss 0.1384 step_s 0.0241 peak_mem_gb 0.409
2026-10-01 22:38:01,536 | DEBUG | step 3971 epoch 3 loss 0.0775 step_s 0.0241 peak_mem_gb 0.409
2026-10-01 22:38:01,561 | DEBUG | step 3972 epoch 3 loss 0.0436 step_s 0.0238 peak_mem_gb 0.409
2026-10-01 22:38:01,585 | DEBUG | step 3973 epoch 3 loss 0.1917 step_s 0.0234 peak_mem_gb 0.409
2026-10-01 22:38:01,611 | DEBUG | step 3974 epoch 3 loss 0.0633 step_s 0.0247 peak_mem_gb 0.409
2026-10-01 22:38:01,637 | DEBUG | step 3975 epoch 3 loss 0.2140 step_s 0.0243 peak_mem_gb 0.409
2026-10-01 22:38:01,663 | DEBUG | step 3976 epoch 3 loss 0.0513 step_s 0.0253 peak_mem_gb 0.409
2026-10-01 22:38:01,686 | DEBUG | step 3977 epoch 3 loss 0.0951 step_s 0.0223 peak_mem_gb 0.409
2026-10-01 22:38:01,710 | DEBUG | step 3978 epoch 3 loss 0.1093 step_s 0.0232 peak_mem_gb 0.409
2026-10-01 22:38:01,734 | DEBUG | step 3979 epoch 3 loss 0.1433 step_s 0.0232 peak_mem_gb 0.409
2026-10-01 22:38:01,757 | DEBUG | step 3980 epoch 3 loss 0.1467 step_s 0.0221 peak_mem_gb 0.409
2026-10-01 22:38:01,781 | DEBUG | step 3981 epoch 3 loss 0.1935 step_s 0.0231 peak_mem_gb 0.409
2026-10-01 22:38:01,806 | DEBUG | step 3982 epoch 3 loss 0.1321 step_s 0.0238 peak_mem_gb 0.409
2026-10-01 22:38:01,832 | DEBUG | step 3983 epoch 3 loss 0.1103 step_s 0.0246 peak_mem_gb 0.409
2026-10-01 22:38:01,856 | DEBUG | step 3984 epoch 3 loss 0.1140 step_s 0.0236 peak_mem_gb 0.409
2026-10-01 22:38:01,881 | DEBUG | step 3985 epoch 3 loss 0.1517 step_s 0.0238 peak_mem_gb 0.409
2026-10-01 22:38:01,906 | DEBUG | step 3986 epoch 3 loss 0.1482 step_s 0.0241 peak_mem_gb 0.409
2026-10-01 22:38:01,931 | DEBUG | step 3987 epoch 3 loss 0.0948 step_s 0.0240 peak_mem_gb 0.409
2026-10-01 22:38:01,955 | DEBUG | step 3988 epoch 3 loss 0.1085 step_s 0.0239 peak_mem_gb 0.409
2026-10-01 22:38:01,980 | DEBUG | step 3989 epoch 3 loss 0.0990 step_s 0.0236 peak_mem_gb 0.409
2026-10-01 22:38:02,008 | DEBUG | step 3990 epoch 3 loss 0.1015 step_s 0.0270 peak_mem_gb 0.409
2026-10-01 22:38:02,035 | DEBUG | step 3991 epoch 3 loss 0.0655 step_s 0.0259 peak_mem_gb 0.409
2026-10-01 22:38:02,062 | DEBUG | step 3992 epoch 3 loss 0.1512 step_s 0.0263 peak_mem_gb 0.409
2026-10-01 22:38:02,088 | DEBUG | step 3993 epoch 3 loss 0.2234 step_s 0.0241 peak_mem_gb 0.409
2026-10-01 22:38:02,114 | DEBUG | step 3994 epoch 3 loss 0.1950 step_s 0.0245 peak_mem_gb 0.409
2026-10-01 22:38:02,139 | DEBUG | step 3995 epoch 3 loss 0.1393 step_s 0.0240 peak_mem_gb 0.409
2026-10-01 22:38:02,162 | DEBUG | step 3996 epoch 3 loss 0.0220 step_s 0.0227 peak_mem_gb 0.409
2026-10-01 22:38:02,189 | DEBUG | step 3997 epoch 3 loss 0.1083 step_s 0.0255 peak_mem_gb 0.409
2026-10-01 22:38:02,212 | DEBUG | step 3998 epoch 3 loss 0.0817 step_s 0.0220 peak_mem_gb 0.409
2026-10-01 22:38:02,232 | DEBUG | step 3999 epoch 3 loss 0.1506 step_s 0.0190 peak_mem_gb 0.409
2026-10-01 22:38:02,256 | INFO | step 4000 epoch 3 loss 0.0535 step_s 0.0236 peak_mem_gb 0.409
2026-10-01 22:38:02,283 | DEBUG | step 4001 epoch 3 loss 0.1259 step_s 0.0250 peak_mem_gb 0.409
2026-10-01 22:38:02,309 | DEBUG | step 4002 epoch 3 loss 0.0717 step_s 0.0248 peak_mem_gb 0.409
2026-10-01 22:38:02,332 | DEBUG | step 4003 epoch 3 loss 0.1411 step_s 0.0223 peak_mem_gb 0.409
2026-10-01 22:38:02,354 | DEBUG | step 4004 epoch 3 loss 0.1295 step_s 0.0207 peak_mem_gb 0.409
2026-10-01 22:38:02,376 | DEBUG | step 4005 epoch 3 loss 0.1106 step_s 0.0215 peak_mem_gb 0.409
2026-10-01 22:38:02,402 | DEBUG | step 4006 epoch 3 loss 0.0834 step_s 0.0247 peak_mem_gb 0.409
2026-10-01 22:38:02,426 | DEBUG | step 4007 epoch 3 loss 0.0805 step_s 0.0230 peak_mem_gb 0.409
2026-10-01 22:38:02,450 | DEBUG | step 4008 epoch 3 loss 0.1846 step_s 0.0237 peak_mem_gb 0.409
2026-10-01 22:38:02,474 | DEBUG | step 4009 epoch 3 loss 0.0992 step_s 0.0233 peak_mem_gb 0.409
2026-10-01 22:38:02,498 | DEBUG | step 4010 epoch 3 loss 0.1527 step_s 0.0228 peak_mem_gb 0.409
2026-10-01 22:38:02,523 | DEBUG | step 4011 epoch 3 loss 0.0221 step_s 0.0241 peak_mem_gb 0.409
2026-10-01 22:38:02,548 | DEBUG | step 4012 epoch 3 loss 0.0516 step_s 0.0245 peak_mem_gb 0.409
2026-10-01 22:38:02,574 | DEBUG | step 4013 epoch 3 loss 0.1219 step_s 0.0242 peak_mem_gb 0.409
2026-10-01 22:38:02,599 | DEBUG | step 4014 epoch 3 loss 0.1720 step_s 0.0245 peak_mem_gb 0.409
2026-10-01 22:38:02,620 | DEBUG | step 4015 epoch 3 loss 0.2067 step_s 0.0197 peak_mem_gb 0.409
2026-10-01 22:38:02,646 | DEBUG | step 4016 epoch 3 loss 0.1612 step_s 0.0261 peak_mem_gb 0.409
2026-10-01 22:38:02,668 | DEBUG | step 4017 epoch 3 loss 0.0981 step_s 0.0211 peak_mem_gb 0.409
2026-10-01 22:38:02,695 | DEBUG | step 4018 epoch 3 loss 0.0970 step_s 0.0262 peak_mem_gb 0.409
2026-10-01 22:38:02,720 | DEBUG | step 4019 epoch 3 loss 0.1161 step_s 0.0245 peak_mem_gb 0.409
2026-10-01 22:38:02,747 | DEBUG | step 4020 epoch 3 loss 0.0440 step_s 0.0255 peak_mem_gb 0.409
2026-10-01 22:38:02,774 | DEBUG | step 4021 epoch 3 loss 0.1599 step_s 0.0261 peak_mem_gb 0.409
2026-10-01 22:38:02,799 | DEBUG | step 4022 epoch 3 loss 0.0505 step_s 0.0239 peak_mem_gb 0.409
2026-10-01 22:38:02,825 | DEBUG | step 4023 epoch 3 loss 0.1674 step_s 0.0245 peak_mem_gb 0.409
2026-10-01 22:38:02,850 | DEBUG | step 4024 epoch 3 loss 0.1316 step_s 0.0240 peak_mem_gb 0.409
2026-10-01 22:38:02,876 | DEBUG | step 4025 epoch 3 loss 0.0593 step_s 0.0249 peak_mem_gb 0.409
2026-10-01 22:38:02,901 | DEBUG | step 4026 epoch 3 loss 0.1023 step_s 0.0240 peak_mem_gb 0.409
2026-10-01 22:38:02,925 | DEBUG | step 4027 epoch 3 loss 0.1082 step_s 0.0239 peak_mem_gb 0.409
2026-10-01 22:38:02,947 | DEBUG | step 4028 epoch 3 loss 0.1012 step_s 0.0207 peak_mem_gb 0.409
2026-10-01 22:38:02,971 | DEBUG | step 4029 epoch 3 loss 0.1814 step_s 0.0235 peak_mem_gb 0.409
2026-10-01 22:38:02,996 | DEBUG | step 4030 epoch 3 loss 0.0819 step_s 0.0235 peak_mem_gb 0.409
2026-10-01 22:38:03,015 | DEBUG | step 4031 epoch 3 loss 0.0342 step_s 0.0182 peak_mem_gb 0.409
2026-10-01 22:38:03,040 | DEBUG | step 4032 epoch 3 loss 0.0981 step_s 0.0238 peak_mem_gb 0.409
2026-10-01 22:38:03,063 | DEBUG | step 4033 epoch 3 loss 0.1353 step_s 0.0226 peak_mem_gb 0.409
2026-10-01 22:38:03,087 | DEBUG | step 4034 epoch 3 loss 0.0602 step_s 0.0234 peak_mem_gb 0.409
2026-10-01 22:38:03,112 | DEBUG | step 4035 epoch 3 loss 0.1299 step_s 0.0241 peak_mem_gb 0.409
2026-10-01 22:38:03,130 | DEBUG | step 4036 epoch 3 loss 0.1517 step_s 0.0166 peak_mem_gb 0.409
2026-10-01 22:38:03,155 | DEBUG | step 4037 epoch 3 loss 0.1697 step_s 0.0236 peak_mem_gb 0.409
2026-10-01 22:38:03,181 | DEBUG | step 4038 epoch 3 loss 0.1659 step_s 0.0250 peak_mem_gb 0.409
2026-10-01 22:38:03,207 | DEBUG | step 4039 epoch 3 loss 0.0911 step_s 0.0259 peak_mem_gb 0.409
2026-10-01 22:38:03,234 | DEBUG | step 4040 epoch 3 loss 0.2235 step_s 0.0252 peak_mem_gb 0.409
2026-10-01 22:38:03,258 | DEBUG | step 4041 epoch 3 loss 0.1120 step_s 0.0239 peak_mem_gb 0.409
2026-10-01 22:38:03,283 | DEBUG | step 4042 epoch 3 loss 0.0800 step_s 0.0239 peak_mem_gb 0.409
2026-10-01 22:38:03,308 | DEBUG | step 4043 epoch 3 loss 0.0393 step_s 0.0241 peak_mem_gb 0.409
2026-10-01 22:38:03,333 | DEBUG | step 4044 epoch 3 loss 0.0886 step_s 0.0235 peak_mem_gb 0.409
2026-10-01 22:38:03,357 | DEBUG | step 4045 epoch 3 loss 0.0496 step_s 0.0237 peak_mem_gb 0.409
2026-10-01 22:38:03,385 | DEBUG | step 4046 epoch 3 loss 0.1162 step_s 0.0272 peak_mem_gb 0.409
2026-10-01 22:38:03,409 | DEBUG | step 4047 epoch 3 loss 0.0595 step_s 0.0230 peak_mem_gb 0.409
2026-10-01 22:38:03,432 | DEBUG | step 4048 epoch 3 loss 0.0827 step_s 0.0211 peak_mem_gb 0.409
2026-10-01 22:38:03,456 | DEBUG | step 4049 epoch 3 loss 0.1207 step_s 0.0239 peak_mem_gb 0.409
2026-10-01 22:38:03,483 | DEBUG | step 4050 epoch 3 loss 0.0601 step_s 0.0253 peak_mem_gb 0.409
2026-10-01 22:38:03,509 | DEBUG | step 4051 epoch 3 loss 0.1342 step_s 0.0246 peak_mem_gb 0.409
2026-10-01 22:38:03,535 | DEBUG | step 4052 epoch 3 loss 0.1639 step_s 0.0249 peak_mem_gb 0.409
2026-10-01 22:38:03,561 | DEBUG | step 4053 epoch 3 loss 0.0702 step_s 0.0252 peak_mem_gb 0.409
2026-10-01 22:38:03,587 | DEBUG | step 4054 epoch 3 loss 0.0802 step_s 0.0248 peak_mem_gb 0.409
2026-10-01 22:38:03,610 | DEBUG | step 4055 epoch 3 loss 0.0431 step_s 0.0225 peak_mem_gb 0.409
2026-10-01 22:38:03,635 | DEBUG | step 4056 epoch 3 loss 0.0789 step_s 0.0239 peak_mem_gb 0.409
2026-10-01 22:38:03,659 | DEBUG | step 4057 epoch 3 loss 0.1271 step_s 0.0235 peak_mem_gb 0.409
2026-10-01 22:38:03,682 | DEBUG | step 4058 epoch 3 loss 0.0585 step_s 0.0214 peak_mem_gb 0.409
2026-10-01 22:38:03,702 | DEBUG | step 4059 epoch 3 loss 0.0363 step_s 0.0194 peak_mem_gb 0.409
2026-10-01 22:38:03,725 | DEBUG | step 4060 epoch 3 loss 0.1160 step_s 0.0221 peak_mem_gb 0.409
2026-10-01 22:38:03,749 | DEBUG | step 4061 epoch 3 loss 0.0986 step_s 0.0234 peak_mem_gb 0.409
2026-10-01 22:38:03,769 | DEBUG | step 4062 epoch 3 loss 0.0570 step_s 0.0188 peak_mem_gb 0.409
2026-10-01 22:38:03,793 | DEBUG | step 4063 epoch 3 loss 0.1001 step_s 0.0234 peak_mem_gb 0.409
2026-10-01 22:38:03,818 | DEBUG | step 4064 epoch 3 loss 0.0105 step_s 0.0237 peak_mem_gb 0.409
2026-10-01 22:38:03,839 | DEBUG | step 4065 epoch 3 loss 0.0643 step_s 0.0202 peak_mem_gb 0.409
2026-10-01 22:38:03,864 | DEBUG | step 4066 epoch 3 loss 0.0501 step_s 0.0243 peak_mem_gb 0.409
2026-10-01 22:38:03,889 | DEBUG | step 4067 epoch 3 loss 0.0912 step_s 0.0239 peak_mem_gb 0.409
2026-10-01 22:38:03,915 | DEBUG | step 4068 epoch 3 loss 0.0975 step_s 0.0257 peak_mem_gb 0.409
2026-10-01 22:38:03,939 | DEBUG | step 4069 epoch 3 loss 0.0390 step_s 0.0231 peak_mem_gb 0.409
2026-10-01 22:38:03,964 | DEBUG | step 4070 epoch 3 loss 0.1346 step_s 0.0234 peak_mem_gb 0.409
2026-10-01 22:38:03,989 | DEBUG | step 4071 epoch 3 loss 0.1327 step_s 0.0240 peak_mem_gb 0.409
2026-10-01 22:38:04,013 | DEBUG | step 4072 epoch 3 loss 0.1891 step_s 0.0234 peak_mem_gb 0.409
2026-10-01 22:38:04,038 | DEBUG | step 4073 epoch 3 loss 0.1830 step_s 0.0239 peak_mem_gb 0.409
2026-10-01 22:38:04,067 | DEBUG | step 4074 epoch 3 loss 0.0681 step_s 0.0272 peak_mem_gb 0.409
2026-10-01 22:38:04,093 | DEBUG | step 4075 epoch 3 loss 0.1314 step_s 0.0253 peak_mem_gb 0.409
2026-10-01 22:38:04,118 | DEBUG | step 4076 epoch 3 loss 0.1389 step_s 0.0240 peak_mem_gb 0.409
2026-10-01 22:38:04,143 | DEBUG | step 4077 epoch 3 loss 0.1257 step_s 0.0240 peak_mem_gb 0.409
2026-10-01 22:38:04,167 | DEBUG | step 4078 epoch 3 loss 0.0513 step_s 0.0229 peak_mem_gb 0.409
2026-10-01 22:38:04,192 | DEBUG | step 4079 epoch 3 loss 0.1193 step_s 0.0240 peak_mem_gb 0.409
2026-10-01 22:38:04,218 | DEBUG | step 4080 epoch 3 loss 0.0825 step_s 0.0246 peak_mem_gb 0.409
2026-10-01 22:38:04,241 | DEBUG | step 4081 epoch 3 loss 0.2364 step_s 0.0225 peak_mem_gb 0.409
2026-10-01 22:38:04,265 | DEBUG | step 4082 epoch 3 loss 0.1025 step_s 0.0226 peak_mem_gb 0.409
2026-10-01 22:38:04,289 | DEBUG | step 4083 epoch 3 loss 0.1147 step_s 0.0234 peak_mem_gb 0.409
2026-10-01 22:38:04,314 | DEBUG | step 4084 epoch 3 loss 0.1369 step_s 0.0239 peak_mem_gb 0.409
2026-10-01 22:38:04,337 | DEBUG | step 4085 epoch 3 loss 0.0961 step_s 0.0230 peak_mem_gb 0.409
2026-10-01 22:38:04,362 | DEBUG | step 4086 epoch 3 loss 0.1479 step_s 0.0233 peak_mem_gb 0.409
2026-10-01 22:38:04,385 | DEBUG | step 4087 epoch 3 loss 0.0830 step_s 0.0224 peak_mem_gb 0.409
2026-10-01 22:38:04,405 | DEBUG | step 4088 epoch 3 loss 0.0571 step_s 0.0189 peak_mem_gb 0.409
2026-10-01 22:38:04,432 | DEBUG | step 4089 epoch 3 loss 0.0852 step_s 0.0256 peak_mem_gb 0.409
2026-10-01 22:38:04,452 | DEBUG | step 4090 epoch 3 loss 0.1576 step_s 0.0196 peak_mem_gb 0.409
2026-10-01 22:38:04,474 | DEBUG | step 4091 epoch 3 loss 0.0685 step_s 0.0216 peak_mem_gb 0.409
2026-10-01 22:38:04,499 | DEBUG | step 4092 epoch 3 loss 0.0892 step_s 0.0233 peak_mem_gb 0.409
2026-10-01 22:38:04,521 | DEBUG | step 4093 epoch 3 loss 0.0506 step_s 0.0215 peak_mem_gb 0.409
2026-10-01 22:38:04,546 | DEBUG | step 4094 epoch 3 loss 0.1832 step_s 0.0246 peak_mem_gb 0.409
2026-10-01 22:38:04,571 | DEBUG | step 4095 epoch 3 loss 0.0766 step_s 0.0240 peak_mem_gb 0.409
2026-10-01 22:38:04,598 | DEBUG | step 4096 epoch 3 loss 0.0715 step_s 0.0256 peak_mem_gb 0.409
2026-10-01 22:38:04,619 | DEBUG | step 4097 epoch 3 loss 0.1296 step_s 0.0200 peak_mem_gb 0.409
2026-10-01 22:38:04,644 | DEBUG | step 4098 epoch 3 loss 0.0611 step_s 0.0243 peak_mem_gb 0.409
2026-10-01 22:38:04,669 | DEBUG | step 4099 epoch 3 loss 0.0812 step_s 0.0243 peak_mem_gb 0.409
2026-10-01 22:38:04,694 | DEBUG | step 4100 epoch 3 loss 0.2130 step_s 0.0239 peak_mem_gb 0.409
2026-10-01 22:38:04,718 | DEBUG | step 4101 epoch 3 loss 0.1540 step_s 0.0235 peak_mem_gb 0.409
2026-10-01 22:38:04,743 | DEBUG | step 4102 epoch 3 loss 0.1066 step_s 0.0237 peak_mem_gb 0.409
2026-10-01 22:38:04,768 | DEBUG | step 4103 epoch 3 loss 0.1367 step_s 0.0242 peak_mem_gb 0.409
2026-10-01 22:38:04,792 | DEBUG | step 4104 epoch 3 loss 0.0287 step_s 0.0229 peak_mem_gb 0.409
2026-10-01 22:38:04,817 | DEBUG | step 4105 epoch 3 loss 0.1045 step_s 0.0241 peak_mem_gb 0.409
2026-10-01 22:38:04,841 | DEBUG | step 4106 epoch 3 loss 0.1739 step_s 0.0233 peak_mem_gb 0.409
2026-10-01 22:38:04,865 | DEBUG | step 4107 epoch 3 loss 0.0612 step_s 0.0228 peak_mem_gb 0.409
2026-10-01 22:38:04,889 | DEBUG | step 4108 epoch 3 loss 0.1273 step_s 0.0232 peak_mem_gb 0.409
2026-10-01 22:38:04,914 | DEBUG | step 4109 epoch 3 loss 0.2857 step_s 0.0243 peak_mem_gb 0.409
2026-10-01 22:38:04,938 | DEBUG | step 4110 epoch 3 loss 0.0511 step_s 0.0227 peak_mem_gb 0.409
2026-10-01 22:38:04,961 | DEBUG | step 4111 epoch 3 loss 0.0898 step_s 0.0227 peak_mem_gb 0.409
2026-10-01 22:38:04,985 | DEBUG | step 4112 epoch 3 loss 0.0858 step_s 0.0229 peak_mem_gb 0.409
2026-10-01 22:38:05,010 | DEBUG | step 4113 epoch 3 loss 0.1585 step_s 0.0235 peak_mem_gb 0.409
2026-10-01 22:38:05,034 | DEBUG | step 4114 epoch 3 loss 0.1976 step_s 0.0238 peak_mem_gb 0.409
2026-10-01 22:38:05,060 | DEBUG | step 4115 epoch 3 loss 0.1182 step_s 0.0242 peak_mem_gb 0.409
2026-10-01 22:38:05,083 | DEBUG | step 4116 epoch 3 loss 0.0862 step_s 0.0228 peak_mem_gb 0.409
2026-10-01 22:38:05,105 | DEBUG | step 4117 epoch 3 loss 0.0800 step_s 0.0201 peak_mem_gb 0.409
2026-10-01 22:38:05,131 | DEBUG | step 4118 epoch 3 loss 0.1945 step_s 0.0249 peak_mem_gb 0.409
2026-10-01 22:38:05,156 | DEBUG | step 4119 epoch 3 loss 0.0829 step_s 0.0243 peak_mem_gb 0.409
2026-10-01 22:38:05,180 | DEBUG | step 4120 epoch 3 loss 0.0344 step_s 0.0230 peak_mem_gb 0.409
2026-10-01 22:38:05,202 | DEBUG | step 4121 epoch 3 loss 0.3348 step_s 0.0216 peak_mem_gb 0.409
2026-10-01 22:38:05,225 | DEBUG | step 4122 epoch 3 loss 0.2683 step_s 0.0220 peak_mem_gb 0.409
2026-10-01 22:38:05,249 | DEBUG | step 4123 epoch 3 loss 0.1511 step_s 0.0234 peak_mem_gb 0.409
2026-10-01 22:38:05,274 | DEBUG | step 4124 epoch 3 loss 0.1333 step_s 0.0243 peak_mem_gb 0.409
2026-10-01 22:38:05,300 | DEBUG | step 4125 epoch 3 loss 0.1717 step_s 0.0254 peak_mem_gb 0.409
2026-10-01 22:38:05,324 | DEBUG | step 4126 epoch 3 loss 0.0700 step_s 0.0231 peak_mem_gb 0.409
2026-10-01 22:38:05,349 | DEBUG | step 4127 epoch 3 loss 0.1378 step_s 0.0238 peak_mem_gb 0.409
2026-10-01 22:38:05,370 | DEBUG | step 4128 epoch 3 loss 0.0726 step_s 0.0196 peak_mem_gb 0.409
2026-10-01 22:38:05,392 | DEBUG | step 4129 epoch 3 loss 0.1316 step_s 0.0215 peak_mem_gb 0.409
2026-10-01 22:38:05,418 | DEBUG | step 4130 epoch 3 loss 0.1461 step_s 0.0246 peak_mem_gb 0.409
2026-10-01 22:38:05,443 | DEBUG | step 4131 epoch 3 loss 0.1646 step_s 0.0242 peak_mem_gb 0.409
2026-10-01 22:38:05,466 | DEBUG | step 4132 epoch 3 loss 0.1317 step_s 0.0226 peak_mem_gb 0.409
2026-10-01 22:38:05,491 | DEBUG | step 4133 epoch 3 loss 0.1194 step_s 0.0238 peak_mem_gb 0.409
2026-10-01 22:38:05,516 | DEBUG | step 4134 epoch 3 loss 0.1033 step_s 0.0238 peak_mem_gb 0.409
2026-10-01 22:38:05,541 | DEBUG | step 4135 epoch 3 loss 0.1603 step_s 0.0246 peak_mem_gb 0.409
2026-10-01 22:38:05,566 | DEBUG | step 4136 epoch 3 loss 0.2258 step_s 0.0236 peak_mem_gb 0.409
2026-10-01 22:38:05,589 | DEBUG | step 4137 epoch 3 loss 0.1804 step_s 0.0221 peak_mem_gb 0.409
2026-10-01 22:38:05,616 | DEBUG | step 4138 epoch 3 loss 0.0601 step_s 0.0251 peak_mem_gb 0.409
2026-10-01 22:38:05,641 | DEBUG | step 4139 epoch 3 loss 0.2239 step_s 0.0240 peak_mem_gb 0.409
2026-10-01 22:38:05,666 | DEBUG | step 4140 epoch 3 loss 0.1372 step_s 0.0239 peak_mem_gb 0.409
2026-10-01 22:38:05,691 | DEBUG | step 4141 epoch 3 loss 0.3810 step_s 0.0245 peak_mem_gb 0.409
2026-10-01 22:38:05,717 | DEBUG | step 4142 epoch 3 loss 0.2204 step_s 0.0250 peak_mem_gb 0.409
2026-10-01 22:38:05,742 | DEBUG | step 4143 epoch 3 loss 0.1225 step_s 0.0241 peak_mem_gb 0.409
2026-10-01 22:38:05,768 | DEBUG | step 4144 epoch 3 loss 0.0999 step_s 0.0246 peak_mem_gb 0.409
2026-10-01 22:38:05,800 | DEBUG | step 4145 epoch 3 loss 0.0681 step_s 0.0310 peak_mem_gb 0.409
2026-10-01 22:38:05,827 | DEBUG | step 4146 epoch 3 loss 0.1899 step_s 0.0251 peak_mem_gb 0.409
2026-10-01 22:38:05,856 | DEBUG | step 4147 epoch 3 loss 0.1444 step_s 0.0279 peak_mem_gb 0.409
2026-10-01 22:38:05,879 | DEBUG | step 4148 epoch 3 loss 0.1265 step_s 0.0211 peak_mem_gb 0.409
2026-10-01 22:38:05,904 | DEBUG | step 4149 epoch 3 loss 0.1679 step_s 0.0238 peak_mem_gb 0.409
2026-10-01 22:38:05,931 | DEBUG | step 4150 epoch 3 loss 0.1315 step_s 0.0264 peak_mem_gb 0.409
2026-10-01 22:38:05,958 | DEBUG | step 4151 epoch 3 loss 0.1972 step_s 0.0255 peak_mem_gb 0.409
2026-10-01 22:38:05,983 | DEBUG | step 4152 epoch 3 loss 0.1122 step_s 0.0247 peak_mem_gb 0.409
2026-10-01 22:38:06,004 | DEBUG | step 4153 epoch 3 loss 0.0931 step_s 0.0194 peak_mem_gb 0.409
2026-10-01 22:38:06,027 | DEBUG | step 4154 epoch 3 loss 0.1375 step_s 0.0223 peak_mem_gb 0.409
2026-10-01 22:38:06,052 | DEBUG | step 4155 epoch 3 loss 0.1910 step_s 0.0239 peak_mem_gb 0.409
2026-10-01 22:38:06,079 | DEBUG | step 4156 epoch 3 loss 0.1546 step_s 0.0256 peak_mem_gb 0.409
2026-10-01 22:38:06,105 | DEBUG | step 4157 epoch 3 loss 0.1182 step_s 0.0255 peak_mem_gb 0.409
2026-10-01 22:38:06,131 | DEBUG | step 4158 epoch 3 loss 0.3019 step_s 0.0245 peak_mem_gb 0.409
2026-10-01 22:38:06,156 | DEBUG | step 4159 epoch 3 loss 0.0883 step_s 0.0235 peak_mem_gb 0.409
2026-10-01 22:38:06,181 | DEBUG | step 4160 epoch 3 loss 0.1291 step_s 0.0245 peak_mem_gb 0.409
2026-10-01 22:38:06,204 | DEBUG | step 4161 epoch 3 loss 0.1481 step_s 0.0218 peak_mem_gb 0.409
2026-10-01 22:38:06,229 | DEBUG | step 4162 epoch 3 loss 0.0923 step_s 0.0241 peak_mem_gb 0.409
2026-10-01 22:38:06,247 | DEBUG | step 4163 epoch 3 loss 0.1084 step_s 0.0177 peak_mem_gb 0.409
2026-10-01 22:38:06,271 | DEBUG | step 4164 epoch 3 loss 0.0668 step_s 0.0231 peak_mem_gb 0.409
2026-10-01 22:38:06,294 | DEBUG | step 4165 epoch 3 loss 0.0380 step_s 0.0210 peak_mem_gb 0.409
2026-10-01 22:38:06,318 | DEBUG | step 4166 epoch 3 loss 0.0881 step_s 0.0238 peak_mem_gb 0.409
2026-10-01 22:38:06,343 | DEBUG | step 4167 epoch 3 loss 0.1120 step_s 0.0239 peak_mem_gb 0.409
2026-10-01 22:38:06,370 | DEBUG | step 4168 epoch 3 loss 0.1737 step_s 0.0261 peak_mem_gb 0.409
2026-10-01 22:38:06,394 | DEBUG | step 4169 epoch 3 loss 0.1326 step_s 0.0233 peak_mem_gb 0.409
2026-10-01 22:38:06,420 | DEBUG | step 4170 epoch 3 loss 0.1222 step_s 0.0245 peak_mem_gb 0.409
2026-10-01 22:38:06,443 | DEBUG | step 4171 epoch 3 loss 0.1685 step_s 0.0229 peak_mem_gb 0.409
2026-10-01 22:38:06,463 | DEBUG | step 4172 epoch 3 loss 0.0967 step_s 0.0190 peak_mem_gb 0.409
2026-10-01 22:38:06,488 | DEBUG | step 4173 epoch 3 loss 0.3062 step_s 0.0236 peak_mem_gb 0.409
2026-10-01 22:38:06,513 | DEBUG | step 4174 epoch 3 loss 0.0744 step_s 0.0239 peak_mem_gb 0.409
2026-10-01 22:38:06,538 | DEBUG | step 4175 epoch 3 loss 0.1903 step_s 0.0243 peak_mem_gb 0.409
2026-10-01 22:38:06,558 | DEBUG | step 4176 epoch 3 loss 0.0700 step_s 0.0195 peak_mem_gb 0.409
2026-10-01 22:38:06,579 | DEBUG | step 4177 epoch 3 loss 0.1010 step_s 0.0197 peak_mem_gb 0.409
2026-10-01 22:38:06,604 | DEBUG | step 4178 epoch 3 loss 0.1112 step_s 0.0247 peak_mem_gb 0.409
2026-10-01 22:38:06,624 | DEBUG | step 4179 epoch 3 loss 0.0802 step_s 0.0189 peak_mem_gb 0.409
2026-10-01 22:38:06,647 | DEBUG | step 4180 epoch 3 loss 0.0582 step_s 0.0223 peak_mem_gb 0.409
2026-10-01 22:38:06,672 | DEBUG | step 4181 epoch 3 loss 0.1791 step_s 0.0240 peak_mem_gb 0.409
2026-10-01 22:38:06,697 | DEBUG | step 4182 epoch 3 loss 0.1134 step_s 0.0240 peak_mem_gb 0.409
2026-10-01 22:38:06,724 | DEBUG | step 4183 epoch 3 loss 0.0674 step_s 0.0256 peak_mem_gb 0.409
2026-10-01 22:38:06,746 | DEBUG | step 4184 epoch 3 loss 0.1614 step_s 0.0213 peak_mem_gb 0.409
2026-10-01 22:38:06,771 | DEBUG | step 4185 epoch 3 loss 0.1009 step_s 0.0237 peak_mem_gb 0.409
2026-10-01 22:38:06,795 | DEBUG | step 4186 epoch 3 loss 0.0749 step_s 0.0231 peak_mem_gb 0.409
2026-10-01 22:38:06,819 | DEBUG | step 4187 epoch 3 loss 0.1831 step_s 0.0235 peak_mem_gb 0.409
2026-10-01 22:38:06,841 | DEBUG | step 4188 epoch 3 loss 0.2292 step_s 0.0210 peak_mem_gb 0.409
2026-10-01 22:38:06,868 | DEBUG | step 4189 epoch 3 loss 0.1257 step_s 0.0261 peak_mem_gb 0.409
2026-10-01 22:38:06,894 | DEBUG | step 4190 epoch 3 loss 0.0693 step_s 0.0244 peak_mem_gb 0.409
2026-10-01 22:38:06,919 | DEBUG | step 4191 epoch 3 loss 0.0439 step_s 0.0246 peak_mem_gb 0.409
2026-10-01 22:38:06,946 | DEBUG | step 4192 epoch 3 loss 0.0550 step_s 0.0257 peak_mem_gb 0.409
2026-10-01 22:38:06,969 | DEBUG | step 4193 epoch 3 loss 0.0553 step_s 0.0224 peak_mem_gb 0.409
2026-10-01 22:38:06,995 | DEBUG | step 4194 epoch 3 loss 0.1073 step_s 0.0244 peak_mem_gb 0.409
2026-10-01 22:38:07,020 | DEBUG | step 4195 epoch 3 loss 0.2444 step_s 0.0244 peak_mem_gb 0.409
2026-10-01 22:38:07,045 | DEBUG | step 4196 epoch 3 loss 0.1215 step_s 0.0241 peak_mem_gb 0.409
2026-10-01 22:38:07,072 | DEBUG | step 4197 epoch 3 loss 0.2419 step_s 0.0256 peak_mem_gb 0.409
2026-10-01 22:38:07,097 | DEBUG | step 4198 epoch 3 loss 0.0611 step_s 0.0241 peak_mem_gb 0.409
2026-10-01 22:38:07,121 | DEBUG | step 4199 epoch 3 loss 0.0884 step_s 0.0237 peak_mem_gb 0.409
2026-10-01 22:38:07,143 | INFO | step 4200 epoch 3 loss 0.0818 step_s 0.0209 peak_mem_gb 0.409
2026-10-01 22:38:07,170 | DEBUG | step 4201 epoch 3 loss 0.1428 step_s 0.0246 peak_mem_gb 0.409
2026-10-01 22:38:07,196 | DEBUG | step 4202 epoch 3 loss 0.0664 step_s 0.0247 peak_mem_gb 0.409
2026-10-01 22:38:07,222 | DEBUG | step 4203 epoch 3 loss 0.0656 step_s 0.0245 peak_mem_gb 0.409
2026-10-01 22:38:07,247 | DEBUG | step 4204 epoch 3 loss 0.0221 step_s 0.0247 peak_mem_gb 0.409
2026-10-01 22:38:07,272 | DEBUG | step 4205 epoch 3 loss 0.0668 step_s 0.0240 peak_mem_gb 0.409
2026-10-01 22:38:07,293 | DEBUG | step 4206 epoch 3 loss 0.1054 step_s 0.0196 peak_mem_gb 0.409
2026-10-01 22:38:07,317 | DEBUG | step 4207 epoch 3 loss 0.1365 step_s 0.0237 peak_mem_gb 0.409
2026-10-01 22:38:07,342 | DEBUG | step 4208 epoch 3 loss 0.1065 step_s 0.0238 peak_mem_gb 0.409
2026-10-01 22:38:07,367 | DEBUG | step 4209 epoch 3 loss 0.1720 step_s 0.0238 peak_mem_gb 0.409
2026-10-01 22:38:07,389 | DEBUG | step 4210 epoch 3 loss 0.1187 step_s 0.0210 peak_mem_gb 0.409
2026-10-01 22:38:07,415 | DEBUG | step 4211 epoch 3 loss 0.1402 step_s 0.0252 peak_mem_gb 0.409
2026-10-01 22:38:07,440 | DEBUG | step 4212 epoch 3 loss 0.3330 step_s 0.0238 peak_mem_gb 0.409
2026-10-01 22:38:07,458 | DEBUG | step 4213 epoch 3 loss 0.1748 step_s 0.0177 peak_mem_gb 0.409
2026-10-01 22:38:07,483 | DEBUG | step 4214 epoch 3 loss 0.2121 step_s 0.0239 peak_mem_gb 0.409
2026-10-01 22:38:07,508 | DEBUG | step 4215 epoch 3 loss 0.0814 step_s 0.0241 peak_mem_gb 0.409
2026-10-01 22:38:07,533 | DEBUG | step 4216 epoch 3 loss 0.1037 step_s 0.0245 peak_mem_gb 0.409
2026-10-01 22:38:07,557 | DEBUG | step 4217 epoch 3 loss 0.0696 step_s 0.0229 peak_mem_gb 0.409
2026-10-01 22:38:07,584 | DEBUG | step 4218 epoch 3 loss 0.1037 step_s 0.0255 peak_mem_gb 0.409
2026-10-01 22:38:07,602 | DEBUG | step 4219 epoch 3 loss 0.1281 step_s 0.0178 peak_mem_gb 0.409
2026-10-01 22:38:07,627 | DEBUG | step 4220 epoch 3 loss 0.0922 step_s 0.0238 peak_mem_gb 0.409
2026-10-01 22:38:07,654 | DEBUG | step 4221 epoch 3 loss 0.1293 step_s 0.0258 peak_mem_gb 0.409
2026-10-01 22:38:07,681 | DEBUG | step 4222 epoch 3 loss 0.0553 step_s 0.0254 peak_mem_gb 0.409
2026-10-01 22:38:07,705 | DEBUG | step 4223 epoch 3 loss 0.1573 step_s 0.0225 peak_mem_gb 0.409
2026-10-01 22:38:07,729 | DEBUG | step 4224 epoch 3 loss 0.0685 step_s 0.0233 peak_mem_gb 0.409
2026-10-01 22:38:07,753 | DEBUG | step 4225 epoch 3 loss 0.1112 step_s 0.0236 peak_mem_gb 0.409
2026-10-01 22:38:07,776 | DEBUG | step 4226 epoch 3 loss 0.0720 step_s 0.0211 peak_mem_gb 0.409
2026-10-01 22:38:07,800 | DEBUG | step 4227 epoch 3 loss 0.1674 step_s 0.0236 peak_mem_gb 0.409
2026-10-01 22:38:07,825 | DEBUG | step 4228 epoch 3 loss 0.0885 step_s 0.0237 peak_mem_gb 0.409
2026-10-01 22:38:07,850 | DEBUG | step 4229 epoch 3 loss 0.0603 step_s 0.0241 peak_mem_gb 0.409
2026-10-01 22:38:07,879 | DEBUG | step 4230 epoch 3 loss 0.2053 step_s 0.0278 peak_mem_gb 0.409
2026-10-01 22:38:07,907 | DEBUG | step 4231 epoch 3 loss 0.1143 step_s 0.0271 peak_mem_gb 0.409
2026-10-01 22:38:07,935 | DEBUG | step 4232 epoch 3 loss 0.1068 step_s 0.0259 peak_mem_gb 0.409
2026-10-01 22:38:07,958 | DEBUG | step 4233 epoch 3 loss 0.1655 step_s 0.0222 peak_mem_gb 0.409
2026-10-01 22:38:07,981 | DEBUG | step 4234 epoch 3 loss 0.1480 step_s 0.0223 peak_mem_gb 0.409
2026-10-01 22:38:08,004 | DEBUG | step 4235 epoch 3 loss 0.2320 step_s 0.0217 peak_mem_gb 0.409
2026-10-01 22:38:08,029 | DEBUG | step 4236 epoch 3 loss 0.1089 step_s 0.0239 peak_mem_gb 0.409
2026-10-01 22:38:08,055 | DEBUG | step 4237 epoch 3 loss 0.1306 step_s 0.0249 peak_mem_gb 0.409
2026-10-01 22:38:08,080 | DEBUG | step 4238 epoch 3 loss 0.0497 step_s 0.0246 peak_mem_gb 0.409
2026-10-01 22:38:08,106 | DEBUG | step 4239 epoch 3 loss 0.1072 step_s 0.0249 peak_mem_gb 0.409
2026-10-01 22:38:08,135 | DEBUG | step 4240 epoch 3 loss 0.0848 step_s 0.0274 peak_mem_gb 0.409
2026-10-01 22:38:08,161 | DEBUG | step 4241 epoch 3 loss 0.1019 step_s 0.0247 peak_mem_gb 0.409
2026-10-01 22:38:08,185 | DEBUG | step 4242 epoch 3 loss 0.2234 step_s 0.0227 peak_mem_gb 0.409
2026-10-01 22:38:08,210 | DEBUG | step 4243 epoch 3 loss 0.1066 step_s 0.0242 peak_mem_gb 0.409
2026-10-01 22:38:08,235 | DEBUG | step 4244 epoch 3 loss 0.1364 step_s 0.0236 peak_mem_gb 0.409
2026-10-01 22:38:08,260 | DEBUG | step 4245 epoch 3 loss 0.2533 step_s 0.0243 peak_mem_gb 0.409
2026-10-01 22:38:08,285 | DEBUG | step 4246 epoch 3 loss 0.1090 step_s 0.0242 peak_mem_gb 0.409
2026-10-01 22:38:08,308 | DEBUG | step 4247 epoch 3 loss 0.1572 step_s 0.0225 peak_mem_gb 0.409
2026-10-01 22:38:08,330 | DEBUG | step 4248 epoch 3 loss 0.1279 step_s 0.0210 peak_mem_gb 0.409
2026-10-01 22:38:08,355 | DEBUG | step 4249 epoch 3 loss 0.1387 step_s 0.0234 peak_mem_gb 0.409
2026-10-01 22:38:08,380 | DEBUG | step 4250 epoch 3 loss 0.0349 step_s 0.0240 peak_mem_gb 0.409
2026-10-01 22:38:08,399 | DEBUG | step 4251 epoch 3 loss 0.0566 step_s 0.0188 peak_mem_gb 0.409
2026-10-01 22:38:08,423 | DEBUG | step 4252 epoch 3 loss 0.1517 step_s 0.0229 peak_mem_gb 0.409
2026-10-01 22:38:08,447 | DEBUG | step 4253 epoch 3 loss 0.0740 step_s 0.0235 peak_mem_gb 0.409
2026-10-01 22:38:08,473 | DEBUG | step 4254 epoch 3 loss 0.0978 step_s 0.0246 peak_mem_gb 0.409
2026-10-01 22:38:08,497 | DEBUG | step 4255 epoch 3 loss 0.2178 step_s 0.0234 peak_mem_gb 0.409
2026-10-01 22:38:08,520 | DEBUG | step 4256 epoch 3 loss 0.1678 step_s 0.0216 peak_mem_gb 0.409
2026-10-01 22:38:08,544 | DEBUG | step 4257 epoch 3 loss 0.1928 step_s 0.0235 peak_mem_gb 0.409
2026-10-01 22:38:08,569 | DEBUG | step 4258 epoch 3 loss 0.1063 step_s 0.0237 peak_mem_gb 0.409
2026-10-01 22:38:08,592 | DEBUG | step 4259 epoch 3 loss 0.1982 step_s 0.0220 peak_mem_gb 0.409
2026-10-01 22:38:08,616 | DEBUG | step 4260 epoch 3 loss 0.0557 step_s 0.0229 peak_mem_gb 0.409
2026-10-01 22:38:08,639 | DEBUG | step 4261 epoch 3 loss 0.0938 step_s 0.0220 peak_mem_gb 0.409
2026-10-01 22:38:08,664 | DEBUG | step 4262 epoch 3 loss 0.0480 step_s 0.0238 peak_mem_gb 0.409
2026-10-01 22:38:08,689 | DEBUG | step 4263 epoch 3 loss 0.1429 step_s 0.0241 peak_mem_gb 0.409
2026-10-01 22:38:08,713 | DEBUG | step 4264 epoch 3 loss 0.0688 step_s 0.0237 peak_mem_gb 0.409
2026-10-01 22:38:08,738 | DEBUG | step 4265 epoch 3 loss 0.0523 step_s 0.0237 peak_mem_gb 0.409
2026-10-01 22:38:08,760 | DEBUG | step 4266 epoch 3 loss 0.0463 step_s 0.0208 peak_mem_gb 0.409
2026-10-01 22:38:08,783 | DEBUG | step 4267 epoch 3 loss 0.1629 step_s 0.0219 peak_mem_gb 0.409
2026-10-01 22:38:08,809 | DEBUG | step 4268 epoch 3 loss 0.0743 step_s 0.0252 peak_mem_gb 0.409
2026-10-01 22:38:08,834 | DEBUG | step 4269 epoch 3 loss 0.0808 step_s 0.0242 peak_mem_gb 0.409
2026-10-01 22:38:08,858 | DEBUG | step 4270 epoch 3 loss 0.0879 step_s 0.0232 peak_mem_gb 0.409
2026-10-01 22:38:08,883 | DEBUG | step 4271 epoch 3 loss 0.0602 step_s 0.0234 peak_mem_gb 0.409
2026-10-01 22:38:08,908 | DEBUG | step 4272 epoch 3 loss 0.0914 step_s 0.0241 peak_mem_gb 0.409
2026-10-01 22:38:08,932 | DEBUG | step 4273 epoch 3 loss 0.1622 step_s 0.0237 peak_mem_gb 0.409
2026-10-01 22:38:08,957 | DEBUG | step 4274 epoch 3 loss 0.0590 step_s 0.0238 peak_mem_gb 0.409
2026-10-01 22:38:08,983 | DEBUG | step 4275 epoch 3 loss 0.1718 step_s 0.0249 peak_mem_gb 0.409
2026-10-01 22:38:09,005 | DEBUG | step 4276 epoch 3 loss 0.1538 step_s 0.0216 peak_mem_gb 0.409
2026-10-01 22:38:09,031 | DEBUG | step 4277 epoch 3 loss 0.0452 step_s 0.0251 peak_mem_gb 0.409
2026-10-01 22:38:09,054 | DEBUG | step 4278 epoch 3 loss 0.1449 step_s 0.0213 peak_mem_gb 0.409
2026-10-01 22:38:09,075 | DEBUG | step 4279 epoch 3 loss 0.1507 step_s 0.0207 peak_mem_gb 0.409
2026-10-01 22:38:09,102 | DEBUG | step 4280 epoch 3 loss 0.2312 step_s 0.0256 peak_mem_gb 0.409
2026-10-01 22:38:09,124 | DEBUG | step 4281 epoch 3 loss 0.0778 step_s 0.0205 peak_mem_gb 0.409
2026-10-01 22:38:09,151 | DEBUG | step 4282 epoch 3 loss 0.2003 step_s 0.0258 peak_mem_gb 0.409
2026-10-01 22:38:09,176 | DEBUG | step 4283 epoch 3 loss 0.1577 step_s 0.0245 peak_mem_gb 0.409
2026-10-01 22:38:09,202 | DEBUG | step 4284 epoch 3 loss 0.1634 step_s 0.0246 peak_mem_gb 0.409
2026-10-01 22:38:09,228 | DEBUG | step 4285 epoch 3 loss 0.2208 step_s 0.0246 peak_mem_gb 0.409
2026-10-01 22:38:09,254 | DEBUG | step 4286 epoch 3 loss 0.1044 step_s 0.0252 peak_mem_gb 0.409
2026-10-01 22:38:09,280 | DEBUG | step 4287 epoch 3 loss 0.0696 step_s 0.0249 peak_mem_gb 0.409
2026-10-01 22:38:09,306 | DEBUG | step 4288 epoch 3 loss 0.0958 step_s 0.0248 peak_mem_gb 0.409
2026-10-01 22:38:09,334 | DEBUG | step 4289 epoch 3 loss 0.0790 step_s 0.0265 peak_mem_gb 0.409
2026-10-01 22:38:09,360 | DEBUG | step 4290 epoch 3 loss 0.1294 step_s 0.0253 peak_mem_gb 0.409
2026-10-01 22:38:09,386 | DEBUG | step 4291 epoch 3 loss 0.1069 step_s 0.0246 peak_mem_gb 0.409
2026-10-01 22:38:09,411 | DEBUG | step 4292 epoch 3 loss 0.0521 step_s 0.0239 peak_mem_gb 0.409
2026-10-01 22:38:09,436 | DEBUG | step 4293 epoch 3 loss 0.0701 step_s 0.0237 peak_mem_gb 0.409
2026-10-01 22:38:09,460 | DEBUG | step 4294 epoch 3 loss 0.0553 step_s 0.0240 peak_mem_gb 0.409
2026-10-01 22:38:09,485 | DEBUG | step 4295 epoch 3 loss 0.1498 step_s 0.0240 peak_mem_gb 0.409
2026-10-01 22:38:09,510 | DEBUG | step 4296 epoch 3 loss 0.1056 step_s 0.0239 peak_mem_gb 0.409
2026-10-01 22:38:09,531 | DEBUG | step 4297 epoch 3 loss 0.1802 step_s 0.0194 peak_mem_gb 0.409
2026-10-01 22:38:09,555 | DEBUG | step 4298 epoch 3 loss 0.0698 step_s 0.0236 peak_mem_gb 0.409
2026-10-01 22:38:09,580 | DEBUG | step 4299 epoch 3 loss 0.0908 step_s 0.0238 peak_mem_gb 0.409
2026-10-01 22:38:09,600 | DEBUG | step 4300 epoch 3 loss 0.1224 step_s 0.0187 peak_mem_gb 0.409
2026-10-01 22:38:09,624 | DEBUG | step 4301 epoch 3 loss 0.1004 step_s 0.0231 peak_mem_gb 0.409
2026-10-01 22:38:09,649 | DEBUG | step 4302 epoch 3 loss 0.0588 step_s 0.0243 peak_mem_gb 0.409
2026-10-01 22:38:09,673 | DEBUG | step 4303 epoch 3 loss 0.1143 step_s 0.0233 peak_mem_gb 0.409
2026-10-01 22:38:09,699 | DEBUG | step 4304 epoch 3 loss 0.1182 step_s 0.0246 peak_mem_gb 0.409
2026-10-01 22:38:09,726 | DEBUG | step 4305 epoch 3 loss 0.0757 step_s 0.0260 peak_mem_gb 0.409
2026-10-01 22:38:09,751 | DEBUG | step 4306 epoch 3 loss 0.0472 step_s 0.0242 peak_mem_gb 0.409
2026-10-01 22:38:09,774 | DEBUG | step 4307 epoch 3 loss 0.1394 step_s 0.0220 peak_mem_gb 0.409
2026-10-01 22:38:09,799 | DEBUG | step 4308 epoch 3 loss 0.0863 step_s 0.0238 peak_mem_gb 0.409
2026-10-01 22:38:09,825 | DEBUG | step 4309 epoch 3 loss 0.0703 step_s 0.0247 peak_mem_gb 0.409
2026-10-01 22:38:09,852 | DEBUG | step 4310 epoch 3 loss 0.2127 step_s 0.0257 peak_mem_gb 0.409
2026-10-01 22:38:09,876 | DEBUG | step 4311 epoch 3 loss 0.1344 step_s 0.0236 peak_mem_gb 0.409
2026-10-01 22:38:09,899 | DEBUG | step 4312 epoch 3 loss 0.0914 step_s 0.0226 peak_mem_gb 0.409
2026-10-01 22:38:09,917 | DEBUG | step 4313 epoch 3 loss 0.0950 step_s 0.0170 peak_mem_gb 0.409
2026-10-01 22:38:09,942 | DEBUG | step 4314 epoch 3 loss 0.1462 step_s 0.0241 peak_mem_gb 0.409
2026-10-01 22:38:09,965 | DEBUG | step 4315 epoch 3 loss 0.0346 step_s 0.0217 peak_mem_gb 0.409
2026-10-01 22:38:09,989 | DEBUG | step 4316 epoch 3 loss 0.0714 step_s 0.0231 peak_mem_gb 0.409
2026-10-01 22:38:10,015 | DEBUG | step 4317 epoch 3 loss 0.1117 step_s 0.0253 peak_mem_gb 0.409
2026-10-01 22:38:10,040 | DEBUG | step 4318 epoch 3 loss 0.0724 step_s 0.0234 peak_mem_gb 0.409
2026-10-01 22:38:10,064 | DEBUG | step 4319 epoch 3 loss 0.0468 step_s 0.0228 peak_mem_gb 0.409
2026-10-01 22:38:10,090 | DEBUG | step 4320 epoch 3 loss 0.1515 step_s 0.0249 peak_mem_gb 0.409
2026-10-01 22:38:10,115 | DEBUG | step 4321 epoch 3 loss 0.1078 step_s 0.0242 peak_mem_gb 0.409
2026-10-01 22:38:10,141 | DEBUG | step 4322 epoch 3 loss 0.1373 step_s 0.0244 peak_mem_gb 0.409
2026-10-01 22:38:10,168 | DEBUG | step 4323 epoch 3 loss 0.1514 step_s 0.0264 peak_mem_gb 0.409
2026-10-01 22:38:10,195 | DEBUG | step 4324 epoch 3 loss 0.1413 step_s 0.0258 peak_mem_gb 0.409
2026-10-01 22:38:10,220 | DEBUG | step 4325 epoch 3 loss 0.2810 step_s 0.0240 peak_mem_gb 0.409
2026-10-01 22:38:10,241 | DEBUG | step 4326 epoch 3 loss 0.2000 step_s 0.0197 peak_mem_gb 0.409
2026-10-01 22:38:10,263 | DEBUG | step 4327 epoch 3 loss 0.1578 step_s 0.0217 peak_mem_gb 0.409
2026-10-01 22:38:10,288 | DEBUG | step 4328 epoch 3 loss 0.0998 step_s 0.0241 peak_mem_gb 0.409
2026-10-01 22:38:10,313 | DEBUG | step 4329 epoch 3 loss 0.0587 step_s 0.0239 peak_mem_gb 0.409
2026-10-01 22:38:10,339 | DEBUG | step 4330 epoch 3 loss 0.1938 step_s 0.0253 peak_mem_gb 0.409
2026-10-01 22:38:10,363 | DEBUG | step 4331 epoch 3 loss 0.0657 step_s 0.0227 peak_mem_gb 0.409
2026-10-01 22:38:10,386 | DEBUG | step 4332 epoch 3 loss 0.1236 step_s 0.0219 peak_mem_gb 0.409
2026-10-01 22:38:10,411 | DEBUG | step 4333 epoch 3 loss 0.2071 step_s 0.0235 peak_mem_gb 0.409
2026-10-01 22:38:10,436 | DEBUG | step 4334 epoch 3 loss 0.1995 step_s 0.0240 peak_mem_gb 0.409
2026-10-01 22:38:10,461 | DEBUG | step 4335 epoch 3 loss 0.1432 step_s 0.0240 peak_mem_gb 0.409
2026-10-01 22:38:10,486 | DEBUG | step 4336 epoch 3 loss 0.0898 step_s 0.0240 peak_mem_gb 0.409
2026-10-01 22:38:10,511 | DEBUG | step 4337 epoch 3 loss 0.0576 step_s 0.0243 peak_mem_gb 0.409
2026-10-01 22:38:10,530 | DEBUG | step 4338 epoch 3 loss 0.1209 step_s 0.0179 peak_mem_gb 0.409
2026-10-01 22:38:10,555 | DEBUG | step 4339 epoch 3 loss 0.0805 step_s 0.0239 peak_mem_gb 0.409
2026-10-01 22:38:10,580 | DEBUG | step 4340 epoch 3 loss 0.0628 step_s 0.0243 peak_mem_gb 0.409
2026-10-01 22:38:10,605 | DEBUG | step 4341 epoch 3 loss 0.1174 step_s 0.0239 peak_mem_gb 0.409
2026-10-01 22:38:10,628 | DEBUG | step 4342 epoch 3 loss 0.0975 step_s 0.0229 peak_mem_gb 0.409
2026-10-01 22:38:10,653 | DEBUG | step 4343 epoch 3 loss 0.0927 step_s 0.0235 peak_mem_gb 0.409
2026-10-01 22:38:10,673 | DEBUG | step 4344 epoch 3 loss 0.0441 step_s 0.0189 peak_mem_gb 0.409
2026-10-01 22:38:10,699 | DEBUG | step 4345 epoch 3 loss 0.1945 step_s 0.0250 peak_mem_gb 0.409
2026-10-01 22:38:10,726 | DEBUG | step 4346 epoch 3 loss 0.1570 step_s 0.0267 peak_mem_gb 0.409
2026-10-01 22:38:10,748 | DEBUG | step 4347 epoch 3 loss 0.0947 step_s 0.0204 peak_mem_gb 0.409
2026-10-01 22:38:10,772 | DEBUG | step 4348 epoch 3 loss 0.1334 step_s 0.0237 peak_mem_gb 0.409
2026-10-01 22:38:10,796 | DEBUG | step 4349 epoch 3 loss 0.0977 step_s 0.0233 peak_mem_gb 0.409
2026-10-01 22:38:10,821 | DEBUG | step 4350 epoch 3 loss 0.1083 step_s 0.0238 peak_mem_gb 0.409
2026-10-01 22:38:10,844 | DEBUG | step 4351 epoch 3 loss 0.0625 step_s 0.0224 peak_mem_gb 0.409
2026-10-01 22:38:10,870 | DEBUG | step 4352 epoch 3 loss 0.1197 step_s 0.0242 peak_mem_gb 0.409
2026-10-01 22:38:10,896 | DEBUG | step 4353 epoch 3 loss 0.1831 step_s 0.0253 peak_mem_gb 0.409
2026-10-01 22:38:10,921 | DEBUG | step 4354 epoch 3 loss 0.0863 step_s 0.0237 peak_mem_gb 0.409
2026-10-01 22:38:10,942 | DEBUG | step 4355 epoch 3 loss 0.1462 step_s 0.0207 peak_mem_gb 0.409
2026-10-01 22:38:10,967 | DEBUG | step 4356 epoch 3 loss 0.1059 step_s 0.0239 peak_mem_gb 0.409
2026-10-01 22:38:10,992 | DEBUG | step 4357 epoch 3 loss 0.0899 step_s 0.0240 peak_mem_gb 0.409
2026-10-01 22:38:11,017 | DEBUG | step 4358 epoch 3 loss 0.0761 step_s 0.0241 peak_mem_gb 0.409
2026-10-01 22:38:11,042 | DEBUG | step 4359 epoch 3 loss 0.1727 step_s 0.0237 peak_mem_gb 0.409
2026-10-01 22:38:11,068 | DEBUG | step 4360 epoch 3 loss 0.0889 step_s 0.0254 peak_mem_gb 0.409
2026-10-01 22:38:11,095 | DEBUG | step 4361 epoch 3 loss 0.0494 step_s 0.0256 peak_mem_gb 0.409
2026-10-01 22:38:11,120 | DEBUG | step 4362 epoch 3 loss 0.1146 step_s 0.0236 peak_mem_gb 0.409
2026-10-01 22:38:11,145 | DEBUG | step 4363 epoch 3 loss 0.0696 step_s 0.0240 peak_mem_gb 0.409
2026-10-01 22:38:11,169 | DEBUG | step 4364 epoch 3 loss 0.0462 step_s 0.0236 peak_mem_gb 0.409
2026-10-01 22:38:11,191 | DEBUG | step 4365 epoch 3 loss 0.0738 step_s 0.0210 peak_mem_gb 0.409
2026-10-01 22:38:11,213 | DEBUG | step 4366 epoch 3 loss 0.1419 step_s 0.0209 peak_mem_gb 0.409
2026-10-01 22:38:11,237 | DEBUG | step 4367 epoch 3 loss 0.0274 step_s 0.0239 peak_mem_gb 0.409
2026-10-01 22:38:11,262 | DEBUG | step 4368 epoch 3 loss 0.0577 step_s 0.0233 peak_mem_gb 0.409
2026-10-01 22:38:11,287 | DEBUG | step 4369 epoch 3 loss 0.0452 step_s 0.0242 peak_mem_gb 0.409
2026-10-01 22:38:11,310 | DEBUG | step 4370 epoch 3 loss 0.1225 step_s 0.0226 peak_mem_gb 0.409
2026-10-01 22:38:11,335 | DEBUG | step 4371 epoch 3 loss 0.1087 step_s 0.0241 peak_mem_gb 0.409
2026-10-01 22:38:11,360 | DEBUG | step 4372 epoch 3 loss 0.1321 step_s 0.0235 peak_mem_gb 0.409
2026-10-01 22:38:11,379 | DEBUG | step 4373 epoch 3 loss 0.0546 step_s 0.0187 peak_mem_gb 0.409
2026-10-01 22:38:11,401 | DEBUG | step 4374 epoch 3 loss 0.0724 step_s 0.0215 peak_mem_gb 0.409
2026-10-01 22:38:11,426 | DEBUG | step 4375 epoch 3 loss 0.1408 step_s 0.0234 peak_mem_gb 0.409
2026-10-01 22:38:11,447 | DEBUG | step 4376 epoch 3 loss 0.0335 step_s 0.0198 peak_mem_gb 0.409
2026-10-01 22:38:11,472 | DEBUG | step 4377 epoch 3 loss 0.1137 step_s 0.0240 peak_mem_gb 0.409
2026-10-01 22:38:11,494 | DEBUG | step 4378 epoch 3 loss 0.0622 step_s 0.0214 peak_mem_gb 0.409
2026-10-01 22:38:11,520 | DEBUG | step 4379 epoch 3 loss 0.0974 step_s 0.0247 peak_mem_gb 0.409
2026-10-01 22:38:11,544 | DEBUG | step 4380 epoch 3 loss 0.1246 step_s 0.0237 peak_mem_gb 0.409
2026-10-01 22:38:11,569 | DEBUG | step 4381 epoch 3 loss 0.0822 step_s 0.0239 peak_mem_gb 0.409
2026-10-01 22:38:11,590 | DEBUG | step 4382 epoch 3 loss 0.1180 step_s 0.0200 peak_mem_gb 0.409
2026-10-01 22:38:11,615 | DEBUG | step 4383 epoch 3 loss 0.1830 step_s 0.0242 peak_mem_gb 0.409
2026-10-01 22:38:11,640 | DEBUG | step 4384 epoch 3 loss 0.1408 step_s 0.0237 peak_mem_gb 0.409
2026-10-01 22:38:11,665 | DEBUG | step 4385 epoch 3 loss 0.0752 step_s 0.0240 peak_mem_gb 0.409
2026-10-01 22:38:11,690 | DEBUG | step 4386 epoch 3 loss 0.1400 step_s 0.0239 peak_mem_gb 0.409
2026-10-01 22:38:11,714 | DEBUG | step 4387 epoch 3 loss 0.0842 step_s 0.0231 peak_mem_gb 0.409
2026-10-01 22:38:11,739 | DEBUG | step 4388 epoch 3 loss 0.1122 step_s 0.0243 peak_mem_gb 0.409
2026-10-01 22:38:11,764 | DEBUG | step 4389 epoch 3 loss 0.1353 step_s 0.0242 peak_mem_gb 0.409
2026-10-01 22:38:11,789 | DEBUG | step 4390 epoch 3 loss 0.2780 step_s 0.0243 peak_mem_gb 0.409
2026-10-01 22:38:11,815 | DEBUG | step 4391 epoch 3 loss 0.2201 step_s 0.0243 peak_mem_gb 0.409
2026-10-01 22:38:11,841 | DEBUG | step 4392 epoch 3 loss 0.0594 step_s 0.0253 peak_mem_gb 0.409
2026-10-01 22:38:11,867 | DEBUG | step 4393 epoch 3 loss 0.1411 step_s 0.0246 peak_mem_gb 0.409
2026-10-01 22:38:11,890 | DEBUG | step 4394 epoch 3 loss 0.1385 step_s 0.0225 peak_mem_gb 0.409
2026-10-01 22:38:11,915 | DEBUG | step 4395 epoch 3 loss 0.1240 step_s 0.0237 peak_mem_gb 0.409
2026-10-01 22:38:11,942 | DEBUG | step 4396 epoch 3 loss 0.1303 step_s 0.0256 peak_mem_gb 0.409
2026-10-01 22:38:11,963 | DEBUG | step 4397 epoch 3 loss 0.0302 step_s 0.0207 peak_mem_gb 0.409
2026-10-01 22:38:11,985 | DEBUG | step 4398 epoch 3 loss 0.1215 step_s 0.0210 peak_mem_gb 0.409
2026-10-01 22:38:12,006 | DEBUG | step 4399 epoch 3 loss 0.1848 step_s 0.0202 peak_mem_gb 0.409
2026-10-01 22:38:12,031 | INFO | step 4400 epoch 3 loss 0.0923 step_s 0.0241 peak_mem_gb 0.409
2026-10-01 22:38:12,060 | DEBUG | step 4401 epoch 3 loss 0.1622 step_s 0.0268 peak_mem_gb 0.409
2026-10-01 22:38:12,086 | DEBUG | step 4402 epoch 3 loss 0.1723 step_s 0.0248 peak_mem_gb 0.409
2026-10-01 22:38:12,113 | DEBUG | step 4403 epoch 3 loss 0.0946 step_s 0.0260 peak_mem_gb 0.409
2026-10-01 22:38:12,135 | DEBUG | step 4404 epoch 3 loss 0.1579 step_s 0.0205 peak_mem_gb 0.409
2026-10-01 22:38:12,161 | DEBUG | step 4405 epoch 3 loss 0.0765 step_s 0.0251 peak_mem_gb 0.409
2026-10-01 22:38:12,186 | DEBUG | step 4406 epoch 3 loss 0.1039 step_s 0.0242 peak_mem_gb 0.409
2026-10-01 22:38:12,212 | DEBUG | step 4407 epoch 3 loss 0.1635 step_s 0.0245 peak_mem_gb 0.409
2026-10-01 22:38:12,236 | DEBUG | step 4408 epoch 3 loss 0.0956 step_s 0.0233 peak_mem_gb 0.409
2026-10-01 22:38:12,256 | DEBUG | step 4409 epoch 3 loss 0.0485 step_s 0.0187 peak_mem_gb 0.409
2026-10-01 22:38:12,278 | DEBUG | step 4410 epoch 3 loss 0.0343 step_s 0.0210 peak_mem_gb 0.409
2026-10-01 22:38:12,302 | DEBUG | step 4411 epoch 3 loss 0.1222 step_s 0.0237 peak_mem_gb 0.409
2026-10-01 22:38:12,327 | DEBUG | step 4412 epoch 3 loss 0.1058 step_s 0.0233 peak_mem_gb 0.409
2026-10-01 22:38:12,351 | DEBUG | step 4413 epoch 3 loss 0.1141 step_s 0.0228 peak_mem_gb 0.409
2026-10-01 22:38:12,375 | DEBUG | step 4414 epoch 3 loss 0.1827 step_s 0.0237 peak_mem_gb 0.409
2026-10-01 22:38:12,400 | DEBUG | step 4415 epoch 3 loss 0.0716 step_s 0.0238 peak_mem_gb 0.409
2026-10-01 22:38:12,424 | DEBUG | step 4416 epoch 3 loss 0.0682 step_s 0.0235 peak_mem_gb 0.409
2026-10-01 22:38:12,445 | DEBUG | step 4417 epoch 3 loss 0.1204 step_s 0.0199 peak_mem_gb 0.409
2026-10-01 22:38:12,469 | DEBUG | step 4418 epoch 3 loss 0.1248 step_s 0.0233 peak_mem_gb 0.409
2026-10-01 22:38:12,493 | DEBUG | step 4419 epoch 3 loss 0.0670 step_s 0.0230 peak_mem_gb 0.409
2026-10-01 22:38:12,518 | DEBUG | step 4420 epoch 3 loss 0.1421 step_s 0.0237 peak_mem_gb 0.409
2026-10-01 22:38:12,542 | DEBUG | step 4421 epoch 3 loss 0.0695 step_s 0.0229 peak_mem_gb 0.409
2026-10-01 22:38:12,562 | DEBUG | step 4422 epoch 3 loss 0.2165 step_s 0.0197 peak_mem_gb 0.409
2026-10-01 22:38:12,587 | DEBUG | step 4423 epoch 3 loss 0.0858 step_s 0.0237 peak_mem_gb 0.409
2026-10-01 22:38:12,613 | DEBUG | step 4424 epoch 3 loss 0.0832 step_s 0.0248 peak_mem_gb 0.409
2026-10-01 22:38:12,638 | DEBUG | step 4425 epoch 3 loss 0.0490 step_s 0.0244 peak_mem_gb 0.409
2026-10-01 22:38:12,663 | DEBUG | step 4426 epoch 3 loss 0.1060 step_s 0.0238 peak_mem_gb 0.409
2026-10-01 22:38:12,685 | DEBUG | step 4427 epoch 3 loss 0.0743 step_s 0.0210 peak_mem_gb 0.409
2026-10-01 22:38:12,707 | DEBUG | step 4428 epoch 3 loss 0.0646 step_s 0.0215 peak_mem_gb 0.409
2026-10-01 22:38:12,732 | DEBUG | step 4429 epoch 3 loss 0.0639 step_s 0.0247 peak_mem_gb 0.409
2026-10-01 22:38:12,754 | DEBUG | step 4430 epoch 3 loss 0.1615 step_s 0.0207 peak_mem_gb 0.409
2026-10-01 22:38:12,779 | DEBUG | step 4431 epoch 3 loss 0.1706 step_s 0.0239 peak_mem_gb 0.409
2026-10-01 22:38:12,806 | DEBUG | step 4432 epoch 3 loss 0.0347 step_s 0.0262 peak_mem_gb 0.409
2026-10-01 22:38:12,831 | DEBUG | step 4433 epoch 3 loss 0.2022 step_s 0.0242 peak_mem_gb 0.409
2026-10-01 22:38:12,857 | DEBUG | step 4434 epoch 3 loss 0.1722 step_s 0.0244 peak_mem_gb 0.409
2026-10-01 22:38:12,882 | DEBUG | step 4435 epoch 3 loss 0.1191 step_s 0.0242 peak_mem_gb 0.409
2026-10-01 22:38:12,907 | DEBUG | step 4436 epoch 3 loss 0.1163 step_s 0.0245 peak_mem_gb 0.409
2026-10-01 22:38:12,931 | DEBUG | step 4437 epoch 3 loss 0.0577 step_s 0.0231 peak_mem_gb 0.409
2026-10-01 22:38:12,956 | DEBUG | step 4438 epoch 3 loss 0.1612 step_s 0.0236 peak_mem_gb 0.409
2026-10-01 22:38:12,981 | DEBUG | step 4439 epoch 3 loss 0.0911 step_s 0.0241 peak_mem_gb 0.409
2026-10-01 22:38:13,002 | DEBUG | step 4440 epoch 3 loss 0.0566 step_s 0.0210 peak_mem_gb 0.409
2026-10-01 22:38:13,027 | DEBUG | step 4441 epoch 3 loss 0.0908 step_s 0.0239 peak_mem_gb 0.409
2026-10-01 22:38:13,052 | DEBUG | step 4442 epoch 3 loss 0.1530 step_s 0.0236 peak_mem_gb 0.409
2026-10-01 22:38:13,076 | DEBUG | step 4443 epoch 3 loss 0.1117 step_s 0.0235 peak_mem_gb 0.409
2026-10-01 22:38:13,101 | DEBUG | step 4444 epoch 3 loss 0.1441 step_s 0.0237 peak_mem_gb 0.409
2026-10-01 22:38:13,126 | DEBUG | step 4445 epoch 3 loss 0.0860 step_s 0.0240 peak_mem_gb 0.409
2026-10-01 22:38:13,152 | DEBUG | step 4446 epoch 3 loss 0.0795 step_s 0.0252 peak_mem_gb 0.409
2026-10-01 22:38:13,176 | DEBUG | step 4447 epoch 3 loss 0.1700 step_s 0.0235 peak_mem_gb 0.409
2026-10-01 22:38:13,202 | DEBUG | step 4448 epoch 3 loss 0.0814 step_s 0.0249 peak_mem_gb 0.409
2026-10-01 22:38:13,227 | DEBUG | step 4449 epoch 3 loss 0.2237 step_s 0.0237 peak_mem_gb 0.409
2026-10-01 22:38:13,252 | DEBUG | step 4450 epoch 3 loss 0.1462 step_s 0.0236 peak_mem_gb 0.409
2026-10-01 22:38:13,274 | DEBUG | step 4451 epoch 3 loss 0.2074 step_s 0.0214 peak_mem_gb 0.409
2026-10-01 22:38:13,299 | DEBUG | step 4452 epoch 3 loss 0.1174 step_s 0.0241 peak_mem_gb 0.409
2026-10-01 22:38:13,325 | DEBUG | step 4453 epoch 3 loss 0.0732 step_s 0.0248 peak_mem_gb 0.409
2026-10-01 22:38:13,350 | DEBUG | step 4454 epoch 3 loss 0.1252 step_s 0.0238 peak_mem_gb 0.409
2026-10-01 22:38:13,375 | DEBUG | step 4455 epoch 3 loss 0.2447 step_s 0.0236 peak_mem_gb 0.409
2026-10-01 22:38:13,400 | DEBUG | step 4456 epoch 3 loss 0.1070 step_s 0.0244 peak_mem_gb 0.409
2026-10-01 22:38:13,425 | DEBUG | step 4457 epoch 3 loss 0.1746 step_s 0.0237 peak_mem_gb 0.409
2026-10-01 22:38:13,450 | DEBUG | step 4458 epoch 3 loss 0.0712 step_s 0.0238 peak_mem_gb 0.409
2026-10-01 22:38:13,477 | DEBUG | step 4459 epoch 3 loss 0.1168 step_s 0.0262 peak_mem_gb 0.409
2026-10-01 22:38:13,499 | DEBUG | step 4460 epoch 3 loss 0.1295 step_s 0.0211 peak_mem_gb 0.409
2026-10-01 22:38:13,522 | DEBUG | step 4461 epoch 3 loss 0.0637 step_s 0.0226 peak_mem_gb 0.409
2026-10-01 22:38:13,547 | DEBUG | step 4462 epoch 3 loss 0.0696 step_s 0.0242 peak_mem_gb 0.409
2026-10-01 22:38:13,573 | DEBUG | step 4463 epoch 3 loss 0.1204 step_s 0.0244 peak_mem_gb 0.409
2026-10-01 22:38:13,596 | DEBUG | step 4464 epoch 3 loss 0.1053 step_s 0.0223 peak_mem_gb 0.409
2026-10-01 22:38:13,621 | DEBUG | step 4465 epoch 3 loss 0.0969 step_s 0.0238 peak_mem_gb 0.409
2026-10-01 22:38:13,645 | DEBUG | step 4466 epoch 3 loss 0.0441 step_s 0.0231 peak_mem_gb 0.409
2026-10-01 22:38:13,666 | DEBUG | step 4467 epoch 3 loss 0.0966 step_s 0.0205 peak_mem_gb 0.409
2026-10-01 22:38:13,691 | DEBUG | step 4468 epoch 3 loss 0.1065 step_s 0.0236 peak_mem_gb 0.409
2026-10-01 22:38:13,715 | DEBUG | step 4469 epoch 3 loss 0.2247 step_s 0.0237 peak_mem_gb 0.409
2026-10-01 22:38:13,740 | DEBUG | step 4470 epoch 3 loss 0.0373 step_s 0.0240 peak_mem_gb 0.409
2026-10-01 22:38:13,763 | DEBUG | step 4471 epoch 3 loss 0.0783 step_s 0.0219 peak_mem_gb 0.409
2026-10-01 22:38:13,788 | DEBUG | step 4472 epoch 3 loss 0.2226 step_s 0.0238 peak_mem_gb 0.409
2026-10-01 22:38:13,814 | DEBUG | step 4473 epoch 3 loss 0.0480 step_s 0.0247 peak_mem_gb 0.409
2026-10-01 22:38:13,838 | DEBUG | step 4474 epoch 3 loss 0.1033 step_s 0.0232 peak_mem_gb 0.409
2026-10-01 22:38:13,862 | DEBUG | step 4475 epoch 3 loss 0.0483 step_s 0.0235 peak_mem_gb 0.409
2026-10-01 22:38:13,887 | DEBUG | step 4476 epoch 3 loss 0.1396 step_s 0.0238 peak_mem_gb 0.409
2026-10-01 22:38:13,914 | DEBUG | step 4477 epoch 3 loss 0.1100 step_s 0.0254 peak_mem_gb 0.409
2026-10-01 22:38:13,940 | DEBUG | step 4478 epoch 3 loss 0.0768 step_s 0.0256 peak_mem_gb 0.409
2026-10-01 22:38:13,965 | DEBUG | step 4479 epoch 3 loss 0.1543 step_s 0.0240 peak_mem_gb 0.409
2026-10-01 22:38:13,987 | DEBUG | step 4480 epoch 3 loss 0.2210 step_s 0.0208 peak_mem_gb 0.409
2026-10-01 22:38:14,012 | DEBUG | step 4481 epoch 3 loss 0.0558 step_s 0.0238 peak_mem_gb 0.409
2026-10-01 22:38:14,036 | DEBUG | step 4482 epoch 3 loss 0.0912 step_s 0.0235 peak_mem_gb 0.409
2026-10-01 22:38:14,061 | DEBUG | step 4483 epoch 3 loss 0.0686 step_s 0.0240 peak_mem_gb 0.409
2026-10-01 22:38:14,081 | DEBUG | step 4484 epoch 3 loss 0.0536 step_s 0.0188 peak_mem_gb 0.409
2026-10-01 22:38:14,106 | DEBUG | step 4485 epoch 3 loss 0.0515 step_s 0.0242 peak_mem_gb 0.409
2026-10-01 22:38:14,131 | DEBUG | step 4486 epoch 3 loss 0.2026 step_s 0.0240 peak_mem_gb 0.409
2026-10-01 22:38:14,156 | DEBUG | step 4487 epoch 3 loss 0.1265 step_s 0.0243 peak_mem_gb 0.409
2026-10-01 22:38:14,186 | DEBUG | step 4488 epoch 3 loss 0.0675 step_s 0.0288 peak_mem_gb 0.409
2026-10-01 22:38:14,212 | DEBUG | step 4489 epoch 3 loss 0.1822 step_s 0.0239 peak_mem_gb 0.409
2026-10-01 22:38:14,236 | DEBUG | step 4490 epoch 3 loss 0.0620 step_s 0.0235 peak_mem_gb 0.409
2026-10-01 22:38:14,261 | DEBUG | step 4491 epoch 3 loss 0.1032 step_s 0.0234 peak_mem_gb 0.409
2026-10-01 22:38:14,287 | DEBUG | step 4492 epoch 3 loss 0.1116 step_s 0.0250 peak_mem_gb 0.409
2026-10-01 22:38:14,312 | DEBUG | step 4493 epoch 3 loss 0.0660 step_s 0.0239 peak_mem_gb 0.409
2026-10-01 22:38:14,337 | DEBUG | step 4494 epoch 3 loss 0.0810 step_s 0.0242 peak_mem_gb 0.409
2026-10-01 22:38:14,362 | DEBUG | step 4495 epoch 3 loss 0.0978 step_s 0.0241 peak_mem_gb 0.409
2026-10-01 22:38:14,388 | DEBUG | step 4496 epoch 3 loss 0.1799 step_s 0.0248 peak_mem_gb 0.409
2026-10-01 22:38:14,413 | DEBUG | step 4497 epoch 3 loss 0.1287 step_s 0.0242 peak_mem_gb 0.409
2026-10-01 22:38:14,438 | DEBUG | step 4498 epoch 3 loss 0.1924 step_s 0.0240 peak_mem_gb 0.409
2026-10-01 22:38:14,463 | DEBUG | step 4499 epoch 3 loss 0.0671 step_s 0.0243 peak_mem_gb 0.409
2026-10-01 22:38:14,488 | DEBUG | step 4500 epoch 3 loss 0.0251 step_s 0.0238 peak_mem_gb 0.409
2026-10-01 22:38:14,513 | DEBUG | step 4501 epoch 3 loss 0.1560 step_s 0.0238 peak_mem_gb 0.409
2026-10-01 22:38:14,540 | DEBUG | step 4502 epoch 3 loss 0.1047 step_s 0.0261 peak_mem_gb 0.409
2026-10-01 22:38:14,562 | DEBUG | step 4503 epoch 3 loss 0.1216 step_s 0.0212 peak_mem_gb 0.409
2026-10-01 22:38:14,587 | DEBUG | step 4504 epoch 3 loss 0.0998 step_s 0.0238 peak_mem_gb 0.409
2026-10-01 22:38:14,611 | DEBUG | step 4505 epoch 3 loss 0.1379 step_s 0.0237 peak_mem_gb 0.409
2026-10-01 22:38:14,636 | DEBUG | step 4506 epoch 3 loss 0.1388 step_s 0.0238 peak_mem_gb 0.409
2026-10-01 22:38:14,661 | DEBUG | step 4507 epoch 3 loss 0.1273 step_s 0.0236 peak_mem_gb 0.409
2026-10-01 22:38:14,684 | DEBUG | step 4508 epoch 3 loss 0.0936 step_s 0.0221 peak_mem_gb 0.409
2026-10-01 22:38:14,710 | DEBUG | step 4509 epoch 3 loss 0.1103 step_s 0.0248 peak_mem_gb 0.409
2026-10-01 22:38:14,734 | DEBUG | step 4510 epoch 3 loss 0.0645 step_s 0.0235 peak_mem_gb 0.409
2026-10-01 22:38:14,759 | DEBUG | step 4511 epoch 3 loss 0.1131 step_s 0.0241 peak_mem_gb 0.409
2026-10-01 22:38:14,784 | DEBUG | step 4512 epoch 3 loss 0.1718 step_s 0.0242 peak_mem_gb 0.409
2026-10-01 22:38:14,810 | DEBUG | step 4513 epoch 3 loss 0.1089 step_s 0.0244 peak_mem_gb 0.409
2026-10-01 22:38:14,835 | DEBUG | step 4514 epoch 3 loss 0.1470 step_s 0.0239 peak_mem_gb 0.409
2026-10-01 22:38:14,859 | DEBUG | step 4515 epoch 3 loss 0.2627 step_s 0.0239 peak_mem_gb 0.409
2026-10-01 22:38:14,887 | DEBUG | step 4516 epoch 3 loss 0.1647 step_s 0.0268 peak_mem_gb 0.409
2026-10-01 22:38:14,906 | DEBUG | step 4517 epoch 3 loss 0.0626 step_s 0.0175 peak_mem_gb 0.409
2026-10-01 22:38:14,930 | DEBUG | step 4518 epoch 3 loss 0.0826 step_s 0.0236 peak_mem_gb 0.409
2026-10-01 22:38:14,955 | DEBUG | step 4519 epoch 3 loss 0.0916 step_s 0.0237 peak_mem_gb 0.409
2026-10-01 22:38:14,980 | DEBUG | step 4520 epoch 3 loss 0.1054 step_s 0.0243 peak_mem_gb 0.409
2026-10-01 22:38:15,005 | DEBUG | step 4521 epoch 3 loss 0.0948 step_s 0.0236 peak_mem_gb 0.409
2026-10-01 22:38:15,030 | DEBUG | step 4522 epoch 3 loss 0.0805 step_s 0.0246 peak_mem_gb 0.409
2026-10-01 22:38:15,057 | DEBUG | step 4523 epoch 3 loss 0.0974 step_s 0.0259 peak_mem_gb 0.409
2026-10-01 22:38:15,083 | DEBUG | step 4524 epoch 3 loss 0.2251 step_s 0.0241 peak_mem_gb 0.409
2026-10-01 22:38:15,108 | DEBUG | step 4525 epoch 3 loss 0.2352 step_s 0.0246 peak_mem_gb 0.409
2026-10-01 22:38:15,134 | DEBUG | step 4526 epoch 3 loss 0.0971 step_s 0.0245 peak_mem_gb 0.409
2026-10-01 22:38:15,159 | DEBUG | step 4527 epoch 3 loss 0.1035 step_s 0.0237 peak_mem_gb 0.409
2026-10-01 22:38:15,183 | DEBUG | step 4528 epoch 3 loss 0.1643 step_s 0.0237 peak_mem_gb 0.409
2026-10-01 22:38:15,207 | DEBUG | step 4529 epoch 3 loss 0.1049 step_s 0.0230 peak_mem_gb 0.409
2026-10-01 22:38:15,232 | DEBUG | step 4530 epoch 3 loss 0.0733 step_s 0.0240 peak_mem_gb 0.409
2026-10-01 22:38:15,257 | DEBUG | step 4531 epoch 3 loss 0.1223 step_s 0.0237 peak_mem_gb 0.409
2026-10-01 22:38:15,282 | DEBUG | step 4532 epoch 3 loss 0.1045 step_s 0.0245 peak_mem_gb 0.409
2026-10-01 22:38:15,306 | DEBUG | step 4533 epoch 3 loss 0.1859 step_s 0.0225 peak_mem_gb 0.409
2026-10-01 22:38:15,329 | DEBUG | step 4534 epoch 3 loss 0.1279 step_s 0.0228 peak_mem_gb 0.409
2026-10-01 22:38:15,354 | DEBUG | step 4535 epoch 3 loss 0.0629 step_s 0.0232 peak_mem_gb 0.409
2026-10-01 22:38:15,379 | DEBUG | step 4536 epoch 3 loss 0.2405 step_s 0.0245 peak_mem_gb 0.409
2026-10-01 22:38:15,405 | DEBUG | step 4537 epoch 3 loss 0.1386 step_s 0.0251 peak_mem_gb 0.409
2026-10-01 22:38:15,425 | DEBUG | step 4538 epoch 3 loss 0.0821 step_s 0.0194 peak_mem_gb 0.409
2026-10-01 22:38:15,450 | DEBUG | step 4539 epoch 3 loss 0.0992 step_s 0.0234 peak_mem_gb 0.409
2026-10-01 22:38:15,474 | DEBUG | step 4540 epoch 3 loss 0.0807 step_s 0.0233 peak_mem_gb 0.409
2026-10-01 22:38:15,498 | DEBUG | step 4541 epoch 3 loss 0.1574 step_s 0.0237 peak_mem_gb 0.409
2026-10-01 22:38:15,522 | DEBUG | step 4542 epoch 3 loss 0.1340 step_s 0.0224 peak_mem_gb 0.409
2026-10-01 22:38:15,546 | DEBUG | step 4543 epoch 3 loss 0.1703 step_s 0.0232 peak_mem_gb 0.409
2026-10-01 22:38:15,572 | DEBUG | step 4544 epoch 3 loss 0.1155 step_s 0.0257 peak_mem_gb 0.409
2026-10-01 22:38:15,590 | DEBUG | step 4545 epoch 3 loss 0.1283 step_s 0.0171 peak_mem_gb 0.409
2026-10-01 22:38:15,614 | DEBUG | step 4546 epoch 3 loss 0.1342 step_s 0.0223 peak_mem_gb 0.409
2026-10-01 22:38:15,637 | DEBUG | step 4547 epoch 3 loss 0.0430 step_s 0.0227 peak_mem_gb 0.409
2026-10-01 22:38:15,659 | DEBUG | step 4548 epoch 3 loss 0.1043 step_s 0.0211 peak_mem_gb 0.409
2026-10-01 22:38:15,682 | DEBUG | step 4549 epoch 3 loss 0.0865 step_s 0.0213 peak_mem_gb 0.409
2026-10-01 22:38:15,706 | DEBUG | step 4550 epoch 3 loss 0.1505 step_s 0.0232 peak_mem_gb 0.409
2026-10-01 22:38:15,726 | DEBUG | step 4551 epoch 3 loss 0.0791 step_s 0.0191 peak_mem_gb 0.409
2026-10-01 22:38:15,749 | DEBUG | step 4552 epoch 3 loss 0.1363 step_s 0.0222 peak_mem_gb 0.409
2026-10-01 22:38:15,774 | DEBUG | step 4553 epoch 3 loss 0.1068 step_s 0.0245 peak_mem_gb 0.409
2026-10-01 22:38:15,804 | DEBUG | step 4554 epoch 3 loss 0.1952 step_s 0.0285 peak_mem_gb 0.409
2026-10-01 22:38:15,835 | DEBUG | step 4555 epoch 3 loss 0.1053 step_s 0.0278 peak_mem_gb 0.409
2026-10-01 22:38:15,865 | DEBUG | step 4556 epoch 3 loss 0.0643 step_s 0.0289 peak_mem_gb 0.409
2026-10-01 22:38:15,895 | DEBUG | step 4557 epoch 3 loss 0.0534 step_s 0.0284 peak_mem_gb 0.409
2026-10-01 22:38:15,922 | DEBUG | step 4558 epoch 3 loss 0.0906 step_s 0.0260 peak_mem_gb 0.409
2026-10-01 22:38:15,946 | DEBUG | step 4559 epoch 3 loss 0.2302 step_s 0.0233 peak_mem_gb 0.409
2026-10-01 22:38:15,974 | DEBUG | step 4560 epoch 3 loss 0.1280 step_s 0.0266 peak_mem_gb 0.409
2026-10-01 22:38:16,000 | DEBUG | step 4561 epoch 3 loss 0.1469 step_s 0.0245 peak_mem_gb 0.409
2026-10-01 22:38:16,025 | DEBUG | step 4562 epoch 3 loss 0.1452 step_s 0.0238 peak_mem_gb 0.409
2026-10-01 22:38:16,053 | DEBUG | step 4563 epoch 3 loss 0.1037 step_s 0.0268 peak_mem_gb 0.409
2026-10-01 22:38:16,078 | DEBUG | step 4564 epoch 3 loss 0.0927 step_s 0.0244 peak_mem_gb 0.409
2026-10-01 22:38:16,104 | DEBUG | step 4565 epoch 3 loss 0.1710 step_s 0.0239 peak_mem_gb 0.409
2026-10-01 22:38:16,128 | DEBUG | step 4566 epoch 3 loss 0.0803 step_s 0.0238 peak_mem_gb 0.409
2026-10-01 22:38:16,154 | DEBUG | step 4567 epoch 3 loss 0.1661 step_s 0.0249 peak_mem_gb 0.409
2026-10-01 22:38:16,179 | DEBUG | step 4568 epoch 3 loss 0.1371 step_s 0.0232 peak_mem_gb 0.409
2026-10-01 22:38:16,205 | DEBUG | step 4569 epoch 3 loss 0.0459 step_s 0.0245 peak_mem_gb 0.409
2026-10-01 22:38:16,231 | DEBUG | step 4570 epoch 3 loss 0.1675 step_s 0.0255 peak_mem_gb 0.409
2026-10-01 22:38:16,256 | DEBUG | step 4571 epoch 3 loss 0.0747 step_s 0.0242 peak_mem_gb 0.409
2026-10-01 22:38:16,279 | DEBUG | step 4572 epoch 3 loss 0.0471 step_s 0.0220 peak_mem_gb 0.409
2026-10-01 22:38:16,303 | DEBUG | step 4573 epoch 3 loss 0.0473 step_s 0.0228 peak_mem_gb 0.409
2026-10-01 22:38:16,328 | DEBUG | step 4574 epoch 3 loss 0.0308 step_s 0.0239 peak_mem_gb 0.409
2026-10-01 22:38:16,353 | DEBUG | step 4575 epoch 3 loss 0.1280 step_s 0.0237 peak_mem_gb 0.409
2026-10-01 22:38:16,378 | DEBUG | step 4576 epoch 3 loss 0.1671 step_s 0.0238 peak_mem_gb 0.409
2026-10-01 22:38:16,402 | DEBUG | step 4577 epoch 3 loss 0.2006 step_s 0.0234 peak_mem_gb 0.409
2026-10-01 22:38:16,425 | DEBUG | step 4578 epoch 3 loss 0.0727 step_s 0.0227 peak_mem_gb 0.409
2026-10-01 22:38:16,451 | DEBUG | step 4579 epoch 3 loss 0.1245 step_s 0.0241 peak_mem_gb 0.409
2026-10-01 22:38:16,475 | DEBUG | step 4580 epoch 3 loss 0.0904 step_s 0.0236 peak_mem_gb 0.409
2026-10-01 22:38:16,497 | DEBUG | step 4581 epoch 3 loss 0.1279 step_s 0.0216 peak_mem_gb 0.409
2026-10-01 22:38:16,523 | DEBUG | step 4582 epoch 3 loss 0.1411 step_s 0.0244 peak_mem_gb 0.409
2026-10-01 22:38:16,548 | DEBUG | step 4583 epoch 3 loss 0.1461 step_s 0.0240 peak_mem_gb 0.409
2026-10-01 22:38:16,569 | DEBUG | step 4584 epoch 3 loss 0.1705 step_s 0.0204 peak_mem_gb 0.409
2026-10-01 22:38:16,593 | DEBUG | step 4585 epoch 3 loss 0.0677 step_s 0.0230 peak_mem_gb 0.409
2026-10-01 22:38:16,616 | DEBUG | step 4586 epoch 3 loss 0.0933 step_s 0.0224 peak_mem_gb 0.409
2026-10-01 22:38:16,643 | DEBUG | step 4587 epoch 3 loss 0.0431 step_s 0.0258 peak_mem_gb 0.409
2026-10-01 22:38:16,663 | DEBUG | step 4588 epoch 3 loss 0.1760 step_s 0.0185 peak_mem_gb 0.409
2026-10-01 22:38:16,688 | DEBUG | step 4589 epoch 3 loss 0.0658 step_s 0.0248 peak_mem_gb 0.409
2026-10-01 22:38:16,713 | DEBUG | step 4590 epoch 3 loss 0.1254 step_s 0.0236 peak_mem_gb 0.409
2026-10-01 22:38:16,736 | DEBUG | step 4591 epoch 3 loss 0.0439 step_s 0.0220 peak_mem_gb 0.409
2026-10-01 22:38:16,760 | DEBUG | step 4592 epoch 3 loss 0.1131 step_s 0.0239 peak_mem_gb 0.409
2026-10-01 22:38:16,785 | DEBUG | step 4593 epoch 3 loss 0.2073 step_s 0.0236 peak_mem_gb 0.409
2026-10-01 22:38:16,807 | DEBUG | step 4594 epoch 3 loss 0.1062 step_s 0.0212 peak_mem_gb 0.409
2026-10-01 22:38:16,831 | DEBUG | step 4595 epoch 3 loss 0.1064 step_s 0.0235 peak_mem_gb 0.409
2026-10-01 22:38:16,857 | DEBUG | step 4596 epoch 3 loss 0.1099 step_s 0.0245 peak_mem_gb 0.409
2026-10-01 22:38:16,883 | DEBUG | step 4597 epoch 3 loss 0.1334 step_s 0.0253 peak_mem_gb 0.409
2026-10-01 22:38:16,910 | DEBUG | step 4598 epoch 3 loss 0.0563 step_s 0.0255 peak_mem_gb 0.409
2026-10-01 22:38:16,936 | DEBUG | step 4599 epoch 3 loss 0.0679 step_s 0.0247 peak_mem_gb 0.409
2026-10-01 22:38:16,960 | INFO | step 4600 epoch 3 loss 0.1778 step_s 0.0229 peak_mem_gb 0.409
2026-10-01 22:38:16,988 | DEBUG | step 4601 epoch 3 loss 0.1805 step_s 0.0260 peak_mem_gb 0.409
2026-10-01 22:38:17,010 | DEBUG | step 4602 epoch 3 loss 0.1042 step_s 0.0212 peak_mem_gb 0.409
2026-10-01 22:38:17,038 | DEBUG | step 4603 epoch 3 loss 0.0687 step_s 0.0261 peak_mem_gb 0.409
2026-10-01 22:38:17,066 | DEBUG | step 4604 epoch 3 loss 0.0353 step_s 0.0266 peak_mem_gb 0.409
2026-10-01 22:38:17,093 | DEBUG | step 4605 epoch 3 loss 0.1626 step_s 0.0261 peak_mem_gb 0.409
2026-10-01 22:38:17,115 | DEBUG | step 4606 epoch 3 loss 0.0397 step_s 0.0209 peak_mem_gb 0.409
2026-10-01 22:38:17,142 | DEBUG | step 4607 epoch 3 loss 0.1242 step_s 0.0251 peak_mem_gb 0.409
2026-10-01 22:38:17,168 | DEBUG | step 4608 epoch 3 loss 0.2164 step_s 0.0246 peak_mem_gb 0.409
2026-10-01 22:38:17,195 | DEBUG | step 4609 epoch 3 loss 0.0729 step_s 0.0262 peak_mem_gb 0.409
2026-10-01 22:38:17,220 | DEBUG | step 4610 epoch 3 loss 0.0764 step_s 0.0240 peak_mem_gb 0.409
2026-10-01 22:38:17,245 | DEBUG | step 4611 epoch 3 loss 0.0922 step_s 0.0233 peak_mem_gb 0.409
2026-10-01 22:38:17,268 | DEBUG | step 4612 epoch 3 loss 0.0785 step_s 0.0229 peak_mem_gb 0.409
2026-10-01 22:38:17,293 | DEBUG | step 4613 epoch 3 loss 0.0565 step_s 0.0237 peak_mem_gb 0.409
2026-10-01 22:38:17,316 | DEBUG | step 4614 epoch 3 loss 0.1872 step_s 0.0221 peak_mem_gb 0.409
2026-10-01 22:38:17,340 | DEBUG | step 4615 epoch 3 loss 0.0775 step_s 0.0227 peak_mem_gb 0.409
2026-10-01 22:38:17,366 | DEBUG | step 4616 epoch 3 loss 0.1249 step_s 0.0255 peak_mem_gb 0.409
2026-10-01 22:38:17,390 | DEBUG | step 4617 epoch 3 loss 0.1433 step_s 0.0228 peak_mem_gb 0.409
2026-10-01 22:38:17,413 | DEBUG | step 4618 epoch 3 loss 0.0964 step_s 0.0224 peak_mem_gb 0.409
2026-10-01 22:38:17,438 | DEBUG | step 4619 epoch 3 loss 0.1002 step_s 0.0244 peak_mem_gb 0.409
2026-10-01 22:38:17,462 | DEBUG | step 4620 epoch 3 loss 0.2372 step_s 0.0228 peak_mem_gb 0.409
2026-10-01 22:38:17,484 | DEBUG | step 4621 epoch 3 loss 0.0773 step_s 0.0213 peak_mem_gb 0.409
2026-10-01 22:38:17,509 | DEBUG | step 4622 epoch 3 loss 0.0965 step_s 0.0240 peak_mem_gb 0.409
2026-10-01 22:38:17,534 | DEBUG | step 4623 epoch 3 loss 0.1020 step_s 0.0239 peak_mem_gb 0.409
2026-10-01 22:38:17,558 | DEBUG | step 4624 epoch 3 loss 0.0760 step_s 0.0228 peak_mem_gb 0.409
2026-10-01 22:38:17,583 | DEBUG | step 4625 epoch 3 loss 0.0956 step_s 0.0235 peak_mem_gb 0.409
2026-10-01 22:38:17,607 | DEBUG | step 4626 epoch 3 loss 0.1129 step_s 0.0239 peak_mem_gb 0.409
2026-10-01 22:38:17,632 | DEBUG | step 4627 epoch 3 loss 0.2196 step_s 0.0239 peak_mem_gb 0.409
2026-10-01 22:38:17,657 | DEBUG | step 4628 epoch 3 loss 0.0623 step_s 0.0240 peak_mem_gb 0.409
2026-10-01 22:38:17,680 | DEBUG | step 4629 epoch 3 loss 0.1303 step_s 0.0228 peak_mem_gb 0.409
2026-10-01 22:38:17,707 | DEBUG | step 4630 epoch 3 loss 0.0991 step_s 0.0257 peak_mem_gb 0.409
2026-10-01 22:38:17,732 | DEBUG | step 4631 epoch 3 loss 0.1079 step_s 0.0240 peak_mem_gb 0.409
2026-10-01 22:38:17,757 | DEBUG | step 4632 epoch 3 loss 0.0478 step_s 0.0241 peak_mem_gb 0.409
2026-10-01 22:38:17,781 | DEBUG | step 4633 epoch 3 loss 0.1079 step_s 0.0230 peak_mem_gb 0.409
2026-10-01 22:38:17,801 | DEBUG | step 4634 epoch 3 loss 0.1035 step_s 0.0198 peak_mem_gb 0.409
2026-10-01 22:38:17,824 | DEBUG | step 4635 epoch 3 loss 0.1570 step_s 0.0218 peak_mem_gb 0.409
2026-10-01 22:38:17,847 | DEBUG | step 4636 epoch 3 loss 0.0503 step_s 0.0220 peak_mem_gb 0.409
2026-10-01 22:38:17,874 | DEBUG | step 4637 epoch 3 loss 0.0850 step_s 0.0256 peak_mem_gb 0.409
2026-10-01 22:38:17,899 | DEBUG | step 4638 epoch 3 loss 0.1627 step_s 0.0235 peak_mem_gb 0.409
2026-10-01 22:38:17,927 | DEBUG | step 4639 epoch 3 loss 0.0719 step_s 0.0267 peak_mem_gb 0.409
2026-10-01 22:38:17,954 | DEBUG | step 4640 epoch 3 loss 0.1106 step_s 0.0253 peak_mem_gb 0.409
2026-10-01 22:38:17,980 | DEBUG | step 4641 epoch 3 loss 0.0792 step_s 0.0255 peak_mem_gb 0.409
2026-10-01 22:38:18,003 | DEBUG | step 4642 epoch 3 loss 0.0551 step_s 0.0215 peak_mem_gb 0.409
2026-10-01 22:38:18,029 | DEBUG | step 4643 epoch 3 loss 0.1178 step_s 0.0243 peak_mem_gb 0.409
2026-10-01 22:38:18,055 | DEBUG | step 4644 epoch 3 loss 0.2143 step_s 0.0253 peak_mem_gb 0.409
2026-10-01 22:38:18,082 | DEBUG | step 4645 epoch 3 loss 0.1465 step_s 0.0253 peak_mem_gb 0.409
2026-10-01 22:38:18,106 | DEBUG | step 4646 epoch 3 loss 0.1411 step_s 0.0233 peak_mem_gb 0.409
2026-10-01 22:38:18,133 | DEBUG | step 4647 epoch 3 loss 0.1079 step_s 0.0258 peak_mem_gb 0.409
2026-10-01 22:38:18,158 | DEBUG | step 4648 epoch 3 loss 0.1329 step_s 0.0240 peak_mem_gb 0.409
2026-10-01 22:38:18,184 | DEBUG | step 4649 epoch 3 loss 0.0850 step_s 0.0249 peak_mem_gb 0.409
2026-10-01 22:38:18,208 | DEBUG | step 4650 epoch 3 loss 0.0797 step_s 0.0235 peak_mem_gb 0.409
2026-10-01 22:38:18,234 | DEBUG | step 4651 epoch 3 loss 0.0586 step_s 0.0241 peak_mem_gb 0.409
2026-10-01 22:38:18,259 | DEBUG | step 4652 epoch 3 loss 0.1975 step_s 0.0247 peak_mem_gb 0.409
2026-10-01 22:38:18,286 | DEBUG | step 4653 epoch 3 loss 0.1946 step_s 0.0253 peak_mem_gb 0.409
2026-10-01 22:38:18,306 | DEBUG | step 4654 epoch 3 loss 0.2145 step_s 0.0187 peak_mem_gb 0.409
2026-10-01 22:38:18,326 | DEBUG | step 4655 epoch 3 loss 0.0560 step_s 0.0198 peak_mem_gb 0.409
2026-10-01 22:38:18,351 | DEBUG | step 4656 epoch 3 loss 0.1710 step_s 0.0241 peak_mem_gb 0.409
2026-10-01 22:38:18,376 | DEBUG | step 4657 epoch 3 loss 0.0602 step_s 0.0242 peak_mem_gb 0.409
2026-10-01 22:38:18,398 | DEBUG | step 4658 epoch 3 loss 0.1692 step_s 0.0207 peak_mem_gb 0.409
2026-10-01 22:38:18,422 | DEBUG | step 4659 epoch 3 loss 0.1068 step_s 0.0235 peak_mem_gb 0.409
2026-10-01 22:38:18,446 | DEBUG | step 4660 epoch 3 loss 0.2075 step_s 0.0230 peak_mem_gb 0.409
2026-10-01 22:38:18,471 | DEBUG | step 4661 epoch 3 loss 0.2149 step_s 0.0239 peak_mem_gb 0.409
2026-10-01 22:38:18,495 | DEBUG | step 4662 epoch 3 loss 0.0811 step_s 0.0229 peak_mem_gb 0.409
2026-10-01 22:38:18,519 | DEBUG | step 4663 epoch 3 loss 0.0567 step_s 0.0232 peak_mem_gb 0.409
2026-10-01 22:38:18,544 | DEBUG | step 4664 epoch 3 loss 0.1091 step_s 0.0238 peak_mem_gb 0.409
2026-10-01 22:38:18,569 | DEBUG | step 4665 epoch 3 loss 0.1641 step_s 0.0243 peak_mem_gb 0.409
2026-10-01 22:38:18,590 | DEBUG | step 4666 epoch 3 loss 0.1184 step_s 0.0204 peak_mem_gb 0.409
2026-10-01 22:38:18,613 | DEBUG | step 4667 epoch 3 loss 0.0997 step_s 0.0215 peak_mem_gb 0.409
2026-10-01 22:38:18,638 | DEBUG | step 4668 epoch 3 loss 0.0623 step_s 0.0242 peak_mem_gb 0.409
2026-10-01 22:38:18,660 | DEBUG | step 4669 epoch 3 loss 0.1177 step_s 0.0212 peak_mem_gb 0.409
2026-10-01 22:38:18,685 | DEBUG | step 4670 epoch 3 loss 0.1478 step_s 0.0239 peak_mem_gb 0.409
2026-10-01 22:38:18,710 | DEBUG | step 4671 epoch 3 loss 0.0745 step_s 0.0241 peak_mem_gb 0.409
2026-10-01 22:38:18,727 | DEBUG | step 4672 epoch 3 loss 0.0413 step_s 0.0162 peak_mem_gb 0.409
2026-10-01 22:38:18,753 | DEBUG | step 4673 epoch 3 loss 0.1802 step_s 0.0255 peak_mem_gb 0.409
2026-10-01 22:38:18,777 | DEBUG | step 4674 epoch 3 loss 0.1189 step_s 0.0233 peak_mem_gb 0.409
2026-10-01 22:38:18,800 | DEBUG | step 4675 epoch 3 loss 0.2824 step_s 0.0220 peak_mem_gb 0.409
2026-10-01 22:38:18,823 | DEBUG | step 4676 epoch 3 loss 0.2309 step_s 0.0214 peak_mem_gb 0.409
2026-10-01 22:38:18,847 | DEBUG | step 4677 epoch 3 loss 0.0837 step_s 0.0236 peak_mem_gb 0.409
2026-10-01 22:38:18,872 | DEBUG | step 4678 epoch 3 loss 0.0673 step_s 0.0236 peak_mem_gb 0.409
2026-10-01 22:38:18,897 | DEBUG | step 4679 epoch 3 loss 0.1481 step_s 0.0239 peak_mem_gb 0.409
2026-10-01 22:38:18,923 | DEBUG | step 4680 epoch 3 loss 0.0693 step_s 0.0250 peak_mem_gb 0.409
2026-10-01 22:38:18,946 | DEBUG | step 4681 epoch 3 loss 0.1504 step_s 0.0225 peak_mem_gb 0.409
2026-10-01 22:38:18,971 | DEBUG | step 4682 epoch 3 loss 0.0721 step_s 0.0241 peak_mem_gb 0.409
2026-10-01 22:38:18,994 | DEBUG | step 4683 epoch 3 loss 0.0759 step_s 0.0214 peak_mem_gb 0.409
2026-10-01 22:38:19,018 | DEBUG | step 4684 epoch 3 loss 0.0852 step_s 0.0236 peak_mem_gb 0.409
2026-10-01 22:38:19,044 | DEBUG | step 4685 epoch 3 loss 0.1901 step_s 0.0245 peak_mem_gb 0.409
2026-10-01 22:38:19,070 | DEBUG | step 4686 epoch 3 loss 0.0850 step_s 0.0251 peak_mem_gb 0.409
2026-10-01 22:38:19,097 | DEBUG | step 4687 epoch 3 loss 0.1540 step_s 0.0261 peak_mem_gb 0.409
2026-10-01 22:38:19,123 | DEBUG | step 4688 epoch 3 loss 0.1467 step_s 0.0243 peak_mem_gb 0.409
2026-10-01 22:38:19,152 | DEBUG | step 4689 epoch 3 loss 0.1672 step_s 0.0253 peak_mem_gb 0.409
2026-10-01 22:38:19,659 | INFO | epoch 3/5 train_loss 0.1159 val_f1_macro 0.9377 val_accuracy 0.9377
2026-10-01 22:38:19,746 | INFO | new best val_f1_macro 0.9377 -> task2_sentiment/sneha/checkpoints/bigru_best.pt
2026-10-01 22:38:19,785 | DEBUG | step 4690 epoch 4 loss 0.0729 step_s 0.0342 peak_mem_gb 0.409
2026-10-01 22:38:19,825 | DEBUG | step 4691 epoch 4 loss 0.1136 step_s 0.0389 peak_mem_gb 0.409
2026-10-01 22:38:19,901 | DEBUG | step 4692 epoch 4 loss 0.0812 step_s 0.0739 peak_mem_gb 0.409
2026-10-01 22:38:19,961 | DEBUG | step 4693 epoch 4 loss 0.0431 step_s 0.0589 peak_mem_gb 0.409
2026-10-01 22:38:19,985 | DEBUG | step 4694 epoch 4 loss 0.1044 step_s 0.0230 peak_mem_gb 0.409
2026-10-01 22:38:20,011 | DEBUG | step 4695 epoch 4 loss 0.1466 step_s 0.0250 peak_mem_gb 0.409
2026-10-01 22:38:20,035 | DEBUG | step 4696 epoch 4 loss 0.0503 step_s 0.0235 peak_mem_gb 0.409
2026-10-01 22:38:20,058 | DEBUG | step 4697 epoch 4 loss 0.0622 step_s 0.0219 peak_mem_gb 0.409
2026-10-01 22:38:20,083 | DEBUG | step 4698 epoch 4 loss 0.0283 step_s 0.0238 peak_mem_gb 0.409
2026-10-01 22:38:20,106 | DEBUG | step 4699 epoch 4 loss 0.0889 step_s 0.0214 peak_mem_gb 0.409
2026-10-01 22:38:20,132 | DEBUG | step 4700 epoch 4 loss 0.0752 step_s 0.0252 peak_mem_gb 0.409
2026-10-01 22:38:20,159 | DEBUG | step 4701 epoch 4 loss 0.0373 step_s 0.0257 peak_mem_gb 0.409
2026-10-01 22:38:20,185 | DEBUG | step 4702 epoch 4 loss 0.0483 step_s 0.0250 peak_mem_gb 0.409
2026-10-01 22:38:20,214 | DEBUG | step 4703 epoch 4 loss 0.1196 step_s 0.0276 peak_mem_gb 0.409
2026-10-01 22:38:20,237 | DEBUG | step 4704 epoch 4 loss 0.0924 step_s 0.0216 peak_mem_gb 0.409
2026-10-01 22:38:20,264 | DEBUG | step 4705 epoch 4 loss 0.0692 step_s 0.0266 peak_mem_gb 0.409
2026-10-01 22:38:20,291 | DEBUG | step 4706 epoch 4 loss 0.0822 step_s 0.0251 peak_mem_gb 0.409
2026-10-01 22:38:20,315 | DEBUG | step 4707 epoch 4 loss 0.1370 step_s 0.0233 peak_mem_gb 0.409
2026-10-01 22:38:20,339 | DEBUG | step 4708 epoch 4 loss 0.1436 step_s 0.0234 peak_mem_gb 0.409
2026-10-01 22:38:20,366 | DEBUG | step 4709 epoch 4 loss 0.1313 step_s 0.0257 peak_mem_gb 0.409
2026-10-01 22:38:20,393 | DEBUG | step 4710 epoch 4 loss 0.1282 step_s 0.0261 peak_mem_gb 0.409
2026-10-01 22:38:20,420 | DEBUG | step 4711 epoch 4 loss 0.1325 step_s 0.0253 peak_mem_gb 0.409
2026-10-01 22:38:20,445 | DEBUG | step 4712 epoch 4 loss 0.1180 step_s 0.0245 peak_mem_gb 0.409
2026-10-01 22:38:20,469 | DEBUG | step 4713 epoch 4 loss 0.1308 step_s 0.0227 peak_mem_gb 0.409
2026-10-01 22:38:20,493 | DEBUG | step 4714 epoch 4 loss 0.0692 step_s 0.0234 peak_mem_gb 0.409
2026-10-01 22:38:20,519 | DEBUG | step 4715 epoch 4 loss 0.0396 step_s 0.0244 peak_mem_gb 0.409
2026-10-01 22:38:20,543 | DEBUG | step 4716 epoch 4 loss 0.0530 step_s 0.0234 peak_mem_gb 0.409
2026-10-01 22:38:20,568 | DEBUG | step 4717 epoch 4 loss 0.0409 step_s 0.0237 peak_mem_gb 0.409
2026-10-01 22:38:20,593 | DEBUG | step 4718 epoch 4 loss 0.0880 step_s 0.0238 peak_mem_gb 0.409
2026-10-01 22:38:20,613 | DEBUG | step 4719 epoch 4 loss 0.0327 step_s 0.0191 peak_mem_gb 0.409
2026-10-01 22:38:20,638 | DEBUG | step 4720 epoch 4 loss 0.0865 step_s 0.0241 peak_mem_gb 0.409
2026-10-01 22:38:20,658 | DEBUG | step 4721 epoch 4 loss 0.0248 step_s 0.0198 peak_mem_gb 0.409
2026-10-01 22:38:20,683 | DEBUG | step 4722 epoch 4 loss 0.1374 step_s 0.0239 peak_mem_gb 0.409
2026-10-01 22:38:20,707 | DEBUG | step 4723 epoch 4 loss 0.0945 step_s 0.0236 peak_mem_gb 0.409
2026-10-01 22:38:20,733 | DEBUG | step 4724 epoch 4 loss 0.0610 step_s 0.0245 peak_mem_gb 0.409
2026-10-01 22:38:20,758 | DEBUG | step 4725 epoch 4 loss 0.0768 step_s 0.0246 peak_mem_gb 0.409
2026-10-01 22:38:20,781 | DEBUG | step 4726 epoch 4 loss 0.0423 step_s 0.0218 peak_mem_gb 0.409
2026-10-01 22:38:20,805 | DEBUG | step 4727 epoch 4 loss 0.0505 step_s 0.0226 peak_mem_gb 0.409
2026-10-01 22:38:20,830 | DEBUG | step 4728 epoch 4 loss 0.0481 step_s 0.0240 peak_mem_gb 0.409
2026-10-01 22:38:20,854 | DEBUG | step 4729 epoch 4 loss 0.0342 step_s 0.0239 peak_mem_gb 0.409
2026-10-01 22:38:20,879 | DEBUG | step 4730 epoch 4 loss 0.1811 step_s 0.0238 peak_mem_gb 0.409
2026-10-01 22:38:20,905 | DEBUG | step 4731 epoch 4 loss 0.1340 step_s 0.0253 peak_mem_gb 0.409
2026-10-01 22:38:20,930 | DEBUG | step 4732 epoch 4 loss 0.0845 step_s 0.0236 peak_mem_gb 0.409
2026-10-01 22:38:20,954 | DEBUG | step 4733 epoch 4 loss 0.0445 step_s 0.0235 peak_mem_gb 0.409
2026-10-01 22:38:20,979 | DEBUG | step 4734 epoch 4 loss 0.0393 step_s 0.0232 peak_mem_gb 0.409
2026-10-01 22:38:21,003 | DEBUG | step 4735 epoch 4 loss 0.0473 step_s 0.0237 peak_mem_gb 0.409
2026-10-01 22:38:21,028 | DEBUG | step 4736 epoch 4 loss 0.1260 step_s 0.0240 peak_mem_gb 0.409
2026-10-01 22:38:21,052 | DEBUG | step 4737 epoch 4 loss 0.0513 step_s 0.0225 peak_mem_gb 0.409
2026-10-01 22:38:21,078 | DEBUG | step 4738 epoch 4 loss 0.0588 step_s 0.0244 peak_mem_gb 0.409
2026-10-01 22:38:21,102 | DEBUG | step 4739 epoch 4 loss 0.0498 step_s 0.0237 peak_mem_gb 0.409
2026-10-01 22:38:21,122 | DEBUG | step 4740 epoch 4 loss 0.0966 step_s 0.0181 peak_mem_gb 0.409
2026-10-01 22:38:21,146 | DEBUG | step 4741 epoch 4 loss 0.0849 step_s 0.0240 peak_mem_gb 0.409
2026-10-01 22:38:21,170 | DEBUG | step 4742 epoch 4 loss 0.0983 step_s 0.0227 peak_mem_gb 0.409
2026-10-01 22:38:21,194 | DEBUG | step 4743 epoch 4 loss 0.0603 step_s 0.0225 peak_mem_gb 0.409
2026-10-01 22:38:21,212 | DEBUG | step 4744 epoch 4 loss 0.0595 step_s 0.0176 peak_mem_gb 0.409
2026-10-01 22:38:21,237 | DEBUG | step 4745 epoch 4 loss 0.0311 step_s 0.0242 peak_mem_gb 0.409
2026-10-01 22:38:21,264 | DEBUG | step 4746 epoch 4 loss 0.0618 step_s 0.0255 peak_mem_gb 0.409
2026-10-01 22:38:21,289 | DEBUG | step 4747 epoch 4 loss 0.0532 step_s 0.0246 peak_mem_gb 0.409
2026-10-01 22:38:21,313 | DEBUG | step 4748 epoch 4 loss 0.0194 step_s 0.0223 peak_mem_gb 0.409
2026-10-01 22:38:21,333 | DEBUG | step 4749 epoch 4 loss 0.1408 step_s 0.0192 peak_mem_gb 0.409
2026-10-01 22:38:21,358 | DEBUG | step 4750 epoch 4 loss 0.1902 step_s 0.0240 peak_mem_gb 0.409
2026-10-01 22:38:21,380 | DEBUG | step 4751 epoch 4 loss 0.1137 step_s 0.0217 peak_mem_gb 0.409
2026-10-01 22:38:21,405 | DEBUG | step 4752 epoch 4 loss 0.0781 step_s 0.0245 peak_mem_gb 0.409
2026-10-01 22:38:21,432 | DEBUG | step 4753 epoch 4 loss 0.0143 step_s 0.0252 peak_mem_gb 0.409
2026-10-01 22:38:21,456 | DEBUG | step 4754 epoch 4 loss 0.0760 step_s 0.0235 peak_mem_gb 0.409
2026-10-01 22:38:21,480 | DEBUG | step 4755 epoch 4 loss 0.0428 step_s 0.0233 peak_mem_gb 0.409
2026-10-01 22:38:21,505 | DEBUG | step 4756 epoch 4 loss 0.1778 step_s 0.0237 peak_mem_gb 0.409
2026-10-01 22:38:21,527 | DEBUG | step 4757 epoch 4 loss 0.0292 step_s 0.0203 peak_mem_gb 0.409
2026-10-01 22:38:21,546 | DEBUG | step 4758 epoch 4 loss 0.0490 step_s 0.0191 peak_mem_gb 0.409
2026-10-01 22:38:21,571 | DEBUG | step 4759 epoch 4 loss 0.0967 step_s 0.0238 peak_mem_gb 0.409
2026-10-01 22:38:21,597 | DEBUG | step 4760 epoch 4 loss 0.0971 step_s 0.0248 peak_mem_gb 0.409
2026-10-01 22:38:21,617 | DEBUG | step 4761 epoch 4 loss 0.0326 step_s 0.0197 peak_mem_gb 0.409
2026-10-01 22:38:21,641 | DEBUG | step 4762 epoch 4 loss 0.0716 step_s 0.0229 peak_mem_gb 0.409
2026-10-01 22:38:21,666 | DEBUG | step 4763 epoch 4 loss 0.0220 step_s 0.0241 peak_mem_gb 0.409
2026-10-01 22:38:21,691 | DEBUG | step 4764 epoch 4 loss 0.0406 step_s 0.0242 peak_mem_gb 0.409
2026-10-01 22:38:21,716 | DEBUG | step 4765 epoch 4 loss 0.0961 step_s 0.0238 peak_mem_gb 0.409
2026-10-01 22:38:21,738 | DEBUG | step 4766 epoch 4 loss 0.0448 step_s 0.0205 peak_mem_gb 0.409
2026-10-01 22:38:21,764 | DEBUG | step 4767 epoch 4 loss 0.0658 step_s 0.0253 peak_mem_gb 0.409
2026-10-01 22:38:21,790 | DEBUG | step 4768 epoch 4 loss 0.0478 step_s 0.0248 peak_mem_gb 0.409
2026-10-01 22:38:21,812 | DEBUG | step 4769 epoch 4 loss 0.0530 step_s 0.0219 peak_mem_gb 0.409
2026-10-01 22:38:21,837 | DEBUG | step 4770 epoch 4 loss 0.0173 step_s 0.0238 peak_mem_gb 0.409
2026-10-01 22:38:21,861 | DEBUG | step 4771 epoch 4 loss 0.0221 step_s 0.0226 peak_mem_gb 0.409
2026-10-01 22:38:21,887 | DEBUG | step 4772 epoch 4 loss 0.1390 step_s 0.0250 peak_mem_gb 0.409
2026-10-01 22:38:21,912 | DEBUG | step 4773 epoch 4 loss 0.0291 step_s 0.0238 peak_mem_gb 0.409
2026-10-01 22:38:21,937 | DEBUG | step 4774 epoch 4 loss 0.1016 step_s 0.0240 peak_mem_gb 0.409
2026-10-01 22:38:21,961 | DEBUG | step 4775 epoch 4 loss 0.1334 step_s 0.0235 peak_mem_gb 0.409
2026-10-01 22:38:21,987 | DEBUG | step 4776 epoch 4 loss 0.0747 step_s 0.0242 peak_mem_gb 0.409
2026-10-01 22:38:22,011 | DEBUG | step 4777 epoch 4 loss 0.1630 step_s 0.0239 peak_mem_gb 0.409
2026-10-01 22:38:22,037 | DEBUG | step 4778 epoch 4 loss 0.0283 step_s 0.0243 peak_mem_gb 0.409
2026-10-01 22:38:22,062 | DEBUG | step 4779 epoch 4 loss 0.0980 step_s 0.0242 peak_mem_gb 0.409
2026-10-01 22:38:22,088 | DEBUG | step 4780 epoch 4 loss 0.0299 step_s 0.0248 peak_mem_gb 0.409
2026-10-01 22:38:22,116 | DEBUG | step 4781 epoch 4 loss 0.0821 step_s 0.0269 peak_mem_gb 0.409
2026-10-01 22:38:22,141 | DEBUG | step 4782 epoch 4 loss 0.0944 step_s 0.0238 peak_mem_gb 0.409
2026-10-01 22:38:22,164 | DEBUG | step 4783 epoch 4 loss 0.0517 step_s 0.0223 peak_mem_gb 0.409
2026-10-01 22:38:22,189 | DEBUG | step 4784 epoch 4 loss 0.0605 step_s 0.0238 peak_mem_gb 0.409
2026-10-01 22:38:22,210 | DEBUG | step 4785 epoch 4 loss 0.0752 step_s 0.0206 peak_mem_gb 0.409
2026-10-01 22:38:22,235 | DEBUG | step 4786 epoch 4 loss 0.0795 step_s 0.0240 peak_mem_gb 0.409
2026-10-01 22:38:22,260 | DEBUG | step 4787 epoch 4 loss 0.0389 step_s 0.0241 peak_mem_gb 0.409
2026-10-01 22:38:22,287 | DEBUG | step 4788 epoch 4 loss 0.0717 step_s 0.0251 peak_mem_gb 0.409
2026-10-01 22:38:22,314 | DEBUG | step 4789 epoch 4 loss 0.1065 step_s 0.0263 peak_mem_gb 0.409
2026-10-01 22:38:22,340 | DEBUG | step 4790 epoch 4 loss 0.0686 step_s 0.0243 peak_mem_gb 0.409
2026-10-01 22:38:22,364 | DEBUG | step 4791 epoch 4 loss 0.0891 step_s 0.0237 peak_mem_gb 0.409
2026-10-01 22:38:22,389 | DEBUG | step 4792 epoch 4 loss 0.0302 step_s 0.0239 peak_mem_gb 0.409
2026-10-01 22:38:22,414 | DEBUG | step 4793 epoch 4 loss 0.0378 step_s 0.0237 peak_mem_gb 0.409
2026-10-01 22:38:22,434 | DEBUG | step 4794 epoch 4 loss 0.0626 step_s 0.0194 peak_mem_gb 0.409
2026-10-01 22:38:22,461 | DEBUG | step 4795 epoch 4 loss 0.0668 step_s 0.0255 peak_mem_gb 0.409
2026-10-01 22:38:22,485 | DEBUG | step 4796 epoch 4 loss 0.2157 step_s 0.0235 peak_mem_gb 0.409
2026-10-01 22:38:22,509 | DEBUG | step 4797 epoch 4 loss 0.0608 step_s 0.0225 peak_mem_gb 0.409
2026-10-01 22:38:22,532 | DEBUG | step 4798 epoch 4 loss 0.0214 step_s 0.0227 peak_mem_gb 0.409
2026-10-01 22:38:22,557 | DEBUG | step 4799 epoch 4 loss 0.0983 step_s 0.0237 peak_mem_gb 0.409
2026-10-01 22:38:22,583 | INFO | step 4800 epoch 4 loss 0.0516 step_s 0.0250 peak_mem_gb 0.409
2026-10-01 22:38:22,610 | DEBUG | step 4801 epoch 4 loss 0.1405 step_s 0.0254 peak_mem_gb 0.409
2026-10-01 22:38:22,636 | DEBUG | step 4802 epoch 4 loss 0.0184 step_s 0.0249 peak_mem_gb 0.409
2026-10-01 22:38:22,662 | DEBUG | step 4803 epoch 4 loss 0.0337 step_s 0.0243 peak_mem_gb 0.409
2026-10-01 22:38:22,688 | DEBUG | step 4804 epoch 4 loss 0.0948 step_s 0.0246 peak_mem_gb 0.409
2026-10-01 22:38:22,713 | DEBUG | step 4805 epoch 4 loss 0.0368 step_s 0.0247 peak_mem_gb 0.409
2026-10-01 22:38:22,738 | DEBUG | step 4806 epoch 4 loss 0.2061 step_s 0.0236 peak_mem_gb 0.409
2026-10-01 22:38:22,764 | DEBUG | step 4807 epoch 4 loss 0.1287 step_s 0.0250 peak_mem_gb 0.409
2026-10-01 22:38:22,791 | DEBUG | step 4808 epoch 4 loss 0.0653 step_s 0.0252 peak_mem_gb 0.409
2026-10-01 22:38:22,818 | DEBUG | step 4809 epoch 4 loss 0.0992 step_s 0.0267 peak_mem_gb 0.409
2026-10-01 22:38:22,836 | DEBUG | step 4810 epoch 4 loss 0.0965 step_s 0.0171 peak_mem_gb 0.409
2026-10-01 22:38:22,858 | DEBUG | step 4811 epoch 4 loss 0.1471 step_s 0.0211 peak_mem_gb 0.409
2026-10-01 22:38:22,882 | DEBUG | step 4812 epoch 4 loss 0.0797 step_s 0.0230 peak_mem_gb 0.409
2026-10-01 22:38:22,906 | DEBUG | step 4813 epoch 4 loss 0.0489 step_s 0.0228 peak_mem_gb 0.409
2026-10-01 22:38:22,931 | DEBUG | step 4814 epoch 4 loss 0.0184 step_s 0.0240 peak_mem_gb 0.409
2026-10-01 22:38:22,956 | DEBUG | step 4815 epoch 4 loss 0.0167 step_s 0.0235 peak_mem_gb 0.409
2026-10-01 22:38:22,980 | DEBUG | step 4816 epoch 4 loss 0.0755 step_s 0.0231 peak_mem_gb 0.409
2026-10-01 22:38:23,005 | DEBUG | step 4817 epoch 4 loss 0.0443 step_s 0.0247 peak_mem_gb 0.409
2026-10-01 22:38:23,029 | DEBUG | step 4818 epoch 4 loss 0.0744 step_s 0.0230 peak_mem_gb 0.409
2026-10-01 22:38:23,053 | DEBUG | step 4819 epoch 4 loss 0.0579 step_s 0.0231 peak_mem_gb 0.409
2026-10-01 22:38:23,076 | DEBUG | step 4820 epoch 4 loss 0.0268 step_s 0.0221 peak_mem_gb 0.409
2026-10-01 22:38:23,099 | DEBUG | step 4821 epoch 4 loss 0.0429 step_s 0.0215 peak_mem_gb 0.409
2026-10-01 22:38:23,125 | DEBUG | step 4822 epoch 4 loss 0.0471 step_s 0.0248 peak_mem_gb 0.409
2026-10-01 22:38:23,150 | DEBUG | step 4823 epoch 4 loss 0.0458 step_s 0.0243 peak_mem_gb 0.409
2026-10-01 22:38:23,177 | DEBUG | step 4824 epoch 4 loss 0.1335 step_s 0.0258 peak_mem_gb 0.409
2026-10-01 22:38:23,203 | DEBUG | step 4825 epoch 4 loss 0.0611 step_s 0.0243 peak_mem_gb 0.409
2026-10-01 22:38:23,224 | DEBUG | step 4826 epoch 4 loss 0.0893 step_s 0.0205 peak_mem_gb 0.409
2026-10-01 22:38:23,248 | DEBUG | step 4827 epoch 4 loss 0.0317 step_s 0.0226 peak_mem_gb 0.409
2026-10-01 22:38:23,273 | DEBUG | step 4828 epoch 4 loss 0.0694 step_s 0.0240 peak_mem_gb 0.409
2026-10-01 22:38:23,297 | DEBUG | step 4829 epoch 4 loss 0.0794 step_s 0.0239 peak_mem_gb 0.409
2026-10-01 22:38:23,322 | DEBUG | step 4830 epoch 4 loss 0.0530 step_s 0.0232 peak_mem_gb 0.409
2026-10-01 22:38:23,347 | DEBUG | step 4831 epoch 4 loss 0.0690 step_s 0.0248 peak_mem_gb 0.409
2026-10-01 22:38:23,372 | DEBUG | step 4832 epoch 4 loss 0.0515 step_s 0.0238 peak_mem_gb 0.409
2026-10-01 22:38:23,397 | DEBUG | step 4833 epoch 4 loss 0.1939 step_s 0.0238 peak_mem_gb 0.409
2026-10-01 22:38:23,421 | DEBUG | step 4834 epoch 4 loss 0.0754 step_s 0.0234 peak_mem_gb 0.409
2026-10-01 22:38:23,444 | DEBUG | step 4835 epoch 4 loss 0.0534 step_s 0.0222 peak_mem_gb 0.409
2026-10-01 22:38:23,469 | DEBUG | step 4836 epoch 4 loss 0.0561 step_s 0.0238 peak_mem_gb 0.409
2026-10-01 22:38:23,489 | DEBUG | step 4837 epoch 4 loss 0.0565 step_s 0.0194 peak_mem_gb 0.409
2026-10-01 22:38:23,514 | DEBUG | step 4838 epoch 4 loss 0.1152 step_s 0.0241 peak_mem_gb 0.409
2026-10-01 22:38:23,534 | DEBUG | step 4839 epoch 4 loss 0.1062 step_s 0.0190 peak_mem_gb 0.409
2026-10-01 22:38:23,556 | DEBUG | step 4840 epoch 4 loss 0.0806 step_s 0.0209 peak_mem_gb 0.409
2026-10-01 22:38:23,580 | DEBUG | step 4841 epoch 4 loss 0.0766 step_s 0.0236 peak_mem_gb 0.409
2026-10-01 22:38:23,602 | DEBUG | step 4842 epoch 4 loss 0.0570 step_s 0.0203 peak_mem_gb 0.409
2026-10-01 22:38:23,627 | DEBUG | step 4843 epoch 4 loss 0.1127 step_s 0.0242 peak_mem_gb 0.409
2026-10-01 22:38:23,649 | DEBUG | step 4844 epoch 4 loss 0.1185 step_s 0.0211 peak_mem_gb 0.409
2026-10-01 22:38:23,674 | DEBUG | step 4845 epoch 4 loss 0.0711 step_s 0.0244 peak_mem_gb 0.409
2026-10-01 22:38:23,699 | DEBUG | step 4846 epoch 4 loss 0.1248 step_s 0.0237 peak_mem_gb 0.409
2026-10-01 22:38:23,720 | DEBUG | step 4847 epoch 4 loss 0.0335 step_s 0.0200 peak_mem_gb 0.409
2026-10-01 22:38:23,743 | DEBUG | step 4848 epoch 4 loss 0.0275 step_s 0.0229 peak_mem_gb 0.409
2026-10-01 22:38:23,768 | DEBUG | step 4849 epoch 4 loss 0.1133 step_s 0.0241 peak_mem_gb 0.409
2026-10-01 22:38:23,788 | DEBUG | step 4850 epoch 4 loss 0.0244 step_s 0.0188 peak_mem_gb 0.409
2026-10-01 22:38:23,807 | DEBUG | step 4851 epoch 4 loss 0.0527 step_s 0.0178 peak_mem_gb 0.409
2026-10-01 22:38:23,832 | DEBUG | step 4852 epoch 4 loss 0.0441 step_s 0.0239 peak_mem_gb 0.409
2026-10-01 22:38:23,854 | DEBUG | step 4853 epoch 4 loss 0.0582 step_s 0.0217 peak_mem_gb 0.409
2026-10-01 22:38:23,879 | DEBUG | step 4854 epoch 4 loss 0.0759 step_s 0.0237 peak_mem_gb 0.409
2026-10-01 22:38:23,901 | DEBUG | step 4855 epoch 4 loss 0.0652 step_s 0.0214 peak_mem_gb 0.409
2026-10-01 22:38:23,921 | DEBUG | step 4856 epoch 4 loss 0.0586 step_s 0.0185 peak_mem_gb 0.409
2026-10-01 22:38:23,945 | DEBUG | step 4857 epoch 4 loss 0.0285 step_s 0.0236 peak_mem_gb 0.409
2026-10-01 22:38:23,969 | DEBUG | step 4858 epoch 4 loss 0.0567 step_s 0.0234 peak_mem_gb 0.409
2026-10-01 22:38:23,994 | DEBUG | step 4859 epoch 4 loss 0.0365 step_s 0.0235 peak_mem_gb 0.409
2026-10-01 22:38:24,020 | DEBUG | step 4860 epoch 4 loss 0.1169 step_s 0.0250 peak_mem_gb 0.409
2026-10-01 22:38:24,044 | DEBUG | step 4861 epoch 4 loss 0.0486 step_s 0.0231 peak_mem_gb 0.409
2026-10-01 22:38:24,068 | DEBUG | step 4862 epoch 4 loss 0.1413 step_s 0.0236 peak_mem_gb 0.409
2026-10-01 22:38:24,093 | DEBUG | step 4863 epoch 4 loss 0.1102 step_s 0.0242 peak_mem_gb 0.409
2026-10-01 22:38:24,119 | DEBUG | step 4864 epoch 4 loss 0.1367 step_s 0.0244 peak_mem_gb 0.409
2026-10-01 22:38:24,140 | DEBUG | step 4865 epoch 4 loss 0.1790 step_s 0.0203 peak_mem_gb 0.409
2026-10-01 22:38:24,164 | DEBUG | step 4866 epoch 4 loss 0.0803 step_s 0.0231 peak_mem_gb 0.409
2026-10-01 22:38:24,188 | DEBUG | step 4867 epoch 4 loss 0.2559 step_s 0.0227 peak_mem_gb 0.409
2026-10-01 22:38:24,213 | DEBUG | step 4868 epoch 4 loss 0.0382 step_s 0.0240 peak_mem_gb 0.409
2026-10-01 22:38:24,237 | DEBUG | step 4869 epoch 4 loss 0.1102 step_s 0.0232 peak_mem_gb 0.409
2026-10-01 22:38:24,262 | DEBUG | step 4870 epoch 4 loss 0.0406 step_s 0.0237 peak_mem_gb 0.409
2026-10-01 22:38:24,286 | DEBUG | step 4871 epoch 4 loss 0.0350 step_s 0.0232 peak_mem_gb 0.409
2026-10-01 22:38:24,310 | DEBUG | step 4872 epoch 4 loss 0.0268 step_s 0.0237 peak_mem_gb 0.409
2026-10-01 22:38:24,337 | DEBUG | step 4873 epoch 4 loss 0.0400 step_s 0.0258 peak_mem_gb 0.409
2026-10-01 22:38:24,366 | DEBUG | step 4874 epoch 4 loss 0.1462 step_s 0.0268 peak_mem_gb 0.409
2026-10-01 22:38:24,391 | DEBUG | step 4875 epoch 4 loss 0.0124 step_s 0.0245 peak_mem_gb 0.409
2026-10-01 22:38:24,416 | DEBUG | step 4876 epoch 4 loss 0.0250 step_s 0.0236 peak_mem_gb 0.409
2026-10-01 22:38:24,441 | DEBUG | step 4877 epoch 4 loss 0.0970 step_s 0.0241 peak_mem_gb 0.409
2026-10-01 22:38:24,466 | DEBUG | step 4878 epoch 4 loss 0.1212 step_s 0.0243 peak_mem_gb 0.409
2026-10-01 22:38:24,491 | DEBUG | step 4879 epoch 4 loss 0.0728 step_s 0.0238 peak_mem_gb 0.409
2026-10-01 22:38:24,515 | DEBUG | step 4880 epoch 4 loss 0.0490 step_s 0.0236 peak_mem_gb 0.409
2026-10-01 22:38:24,539 | DEBUG | step 4881 epoch 4 loss 0.1010 step_s 0.0227 peak_mem_gb 0.409
2026-10-01 22:38:24,563 | DEBUG | step 4882 epoch 4 loss 0.0659 step_s 0.0227 peak_mem_gb 0.409
2026-10-01 22:38:24,588 | DEBUG | step 4883 epoch 4 loss 0.1524 step_s 0.0247 peak_mem_gb 0.409
2026-10-01 22:38:24,609 | DEBUG | step 4884 epoch 4 loss 0.0321 step_s 0.0201 peak_mem_gb 0.409
2026-10-01 22:38:24,631 | DEBUG | step 4885 epoch 4 loss 0.0284 step_s 0.0214 peak_mem_gb 0.409
2026-10-01 22:38:24,656 | DEBUG | step 4886 epoch 4 loss 0.0234 step_s 0.0236 peak_mem_gb 0.409
2026-10-01 22:38:24,680 | DEBUG | step 4887 epoch 4 loss 0.0280 step_s 0.0231 peak_mem_gb 0.409
2026-10-01 22:38:24,705 | DEBUG | step 4888 epoch 4 loss 0.0464 step_s 0.0245 peak_mem_gb 0.409
2026-10-01 22:38:24,730 | DEBUG | step 4889 epoch 4 loss 0.0608 step_s 0.0236 peak_mem_gb 0.409
2026-10-01 22:38:24,755 | DEBUG | step 4890 epoch 4 loss 0.0684 step_s 0.0237 peak_mem_gb 0.409
2026-10-01 22:38:24,780 | DEBUG | step 4891 epoch 4 loss 0.0884 step_s 0.0241 peak_mem_gb 0.409
2026-10-01 22:38:24,804 | DEBUG | step 4892 epoch 4 loss 0.0348 step_s 0.0236 peak_mem_gb 0.409
2026-10-01 22:38:24,829 | DEBUG | step 4893 epoch 4 loss 0.0934 step_s 0.0241 peak_mem_gb 0.409
2026-10-01 22:38:24,851 | DEBUG | step 4894 epoch 4 loss 0.0724 step_s 0.0210 peak_mem_gb 0.409
2026-10-01 22:38:24,878 | DEBUG | step 4895 epoch 4 loss 0.0281 step_s 0.0262 peak_mem_gb 0.409
2026-10-01 22:38:24,903 | DEBUG | step 4896 epoch 4 loss 0.0926 step_s 0.0235 peak_mem_gb 0.409
2026-10-01 22:38:24,927 | DEBUG | step 4897 epoch 4 loss 0.0455 step_s 0.0229 peak_mem_gb 0.409
2026-10-01 22:38:24,951 | DEBUG | step 4898 epoch 4 loss 0.1083 step_s 0.0236 peak_mem_gb 0.409
2026-10-01 22:38:24,975 | DEBUG | step 4899 epoch 4 loss 0.0629 step_s 0.0228 peak_mem_gb 0.409
2026-10-01 22:38:24,999 | DEBUG | step 4900 epoch 4 loss 0.0947 step_s 0.0235 peak_mem_gb 0.409
2026-10-01 22:38:25,023 | DEBUG | step 4901 epoch 4 loss 0.1662 step_s 0.0225 peak_mem_gb 0.409
2026-10-01 22:38:25,048 | DEBUG | step 4902 epoch 4 loss 0.0502 step_s 0.0251 peak_mem_gb 0.409
2026-10-01 22:38:25,073 | DEBUG | step 4903 epoch 4 loss 0.0327 step_s 0.0239 peak_mem_gb 0.409
2026-10-01 22:38:25,098 | DEBUG | step 4904 epoch 4 loss 0.0655 step_s 0.0241 peak_mem_gb 0.409
2026-10-01 22:38:25,121 | DEBUG | step 4905 epoch 4 loss 0.0941 step_s 0.0216 peak_mem_gb 0.409
2026-10-01 22:38:25,145 | DEBUG | step 4906 epoch 4 loss 0.0542 step_s 0.0237 peak_mem_gb 0.409
2026-10-01 22:38:25,169 | DEBUG | step 4907 epoch 4 loss 0.0457 step_s 0.0230 peak_mem_gb 0.409
2026-10-01 22:38:25,194 | DEBUG | step 4908 epoch 4 loss 0.0370 step_s 0.0234 peak_mem_gb 0.409
2026-10-01 22:38:25,220 | DEBUG | step 4909 epoch 4 loss 0.0239 step_s 0.0255 peak_mem_gb 0.409
2026-10-01 22:38:25,245 | DEBUG | step 4910 epoch 4 loss 0.0657 step_s 0.0233 peak_mem_gb 0.409
2026-10-01 22:38:25,269 | DEBUG | step 4911 epoch 4 loss 0.0794 step_s 0.0236 peak_mem_gb 0.409
2026-10-01 22:38:25,293 | DEBUG | step 4912 epoch 4 loss 0.0786 step_s 0.0235 peak_mem_gb 0.409
2026-10-01 22:38:25,318 | DEBUG | step 4913 epoch 4 loss 0.0378 step_s 0.0232 peak_mem_gb 0.409
2026-10-01 22:38:25,342 | DEBUG | step 4914 epoch 4 loss 0.0583 step_s 0.0239 peak_mem_gb 0.409
2026-10-01 22:38:25,365 | DEBUG | step 4915 epoch 4 loss 0.1881 step_s 0.0218 peak_mem_gb 0.409
2026-10-01 22:38:25,391 | DEBUG | step 4916 epoch 4 loss 0.0402 step_s 0.0252 peak_mem_gb 0.409
2026-10-01 22:38:25,416 | DEBUG | step 4917 epoch 4 loss 0.0447 step_s 0.0235 peak_mem_gb 0.409
2026-10-01 22:38:25,440 | DEBUG | step 4918 epoch 4 loss 0.2047 step_s 0.0238 peak_mem_gb 0.409
2026-10-01 22:38:25,466 | DEBUG | step 4919 epoch 4 loss 0.1031 step_s 0.0245 peak_mem_gb 0.409
2026-10-01 22:38:25,491 | DEBUG | step 4920 epoch 4 loss 0.1956 step_s 0.0241 peak_mem_gb 0.409
2026-10-01 22:38:25,511 | DEBUG | step 4921 epoch 4 loss 0.1340 step_s 0.0196 peak_mem_gb 0.409
2026-10-01 22:38:25,536 | DEBUG | step 4922 epoch 4 loss 0.0704 step_s 0.0239 peak_mem_gb 0.409
2026-10-01 22:38:25,562 | DEBUG | step 4923 epoch 4 loss 0.0663 step_s 0.0249 peak_mem_gb 0.409
2026-10-01 22:38:25,583 | DEBUG | step 4924 epoch 4 loss 0.0631 step_s 0.0204 peak_mem_gb 0.409
2026-10-01 22:38:25,607 | DEBUG | step 4925 epoch 4 loss 0.1010 step_s 0.0234 peak_mem_gb 0.409
2026-10-01 22:38:25,626 | DEBUG | step 4926 epoch 4 loss 0.1534 step_s 0.0177 peak_mem_gb 0.409
2026-10-01 22:38:25,647 | DEBUG | step 4927 epoch 4 loss 0.0320 step_s 0.0203 peak_mem_gb 0.409
2026-10-01 22:38:25,672 | DEBUG | step 4928 epoch 4 loss 0.2228 step_s 0.0237 peak_mem_gb 0.409
2026-10-01 22:38:25,695 | DEBUG | step 4929 epoch 4 loss 0.1395 step_s 0.0224 peak_mem_gb 0.409
2026-10-01 22:38:25,719 | DEBUG | step 4930 epoch 4 loss 0.0494 step_s 0.0233 peak_mem_gb 0.409
2026-10-01 22:38:25,742 | DEBUG | step 4931 epoch 4 loss 0.0743 step_s 0.0223 peak_mem_gb 0.409
2026-10-01 22:38:25,766 | DEBUG | step 4932 epoch 4 loss 0.0826 step_s 0.0229 peak_mem_gb 0.409
2026-10-01 22:38:25,791 | DEBUG | step 4933 epoch 4 loss 0.0700 step_s 0.0240 peak_mem_gb 0.409
2026-10-01 22:38:25,819 | DEBUG | step 4934 epoch 4 loss 0.0271 step_s 0.0266 peak_mem_gb 0.409
2026-10-01 22:38:25,848 | DEBUG | step 4935 epoch 4 loss 0.0333 step_s 0.0275 peak_mem_gb 0.409
2026-10-01 22:38:25,878 | DEBUG | step 4936 epoch 4 loss 0.1260 step_s 0.0289 peak_mem_gb 0.409
2026-10-01 22:38:25,903 | DEBUG | step 4937 epoch 4 loss 0.0751 step_s 0.0237 peak_mem_gb 0.409
2026-10-01 22:38:25,932 | DEBUG | step 4938 epoch 4 loss 0.2396 step_s 0.0277 peak_mem_gb 0.409
2026-10-01 22:38:25,960 | DEBUG | step 4939 epoch 4 loss 0.0170 step_s 0.0261 peak_mem_gb 0.409
2026-10-01 22:38:25,985 | DEBUG | step 4940 epoch 4 loss 0.1531 step_s 0.0247 peak_mem_gb 0.409
2026-10-01 22:38:26,010 | DEBUG | step 4941 epoch 4 loss 0.0473 step_s 0.0240 peak_mem_gb 0.409
2026-10-01 22:38:26,037 | DEBUG | step 4942 epoch 4 loss 0.0406 step_s 0.0251 peak_mem_gb 0.409
2026-10-01 22:38:26,062 | DEBUG | step 4943 epoch 4 loss 0.0323 step_s 0.0243 peak_mem_gb 0.409
2026-10-01 22:38:26,082 | DEBUG | step 4944 epoch 4 loss 0.0365 step_s 0.0193 peak_mem_gb 0.409
2026-10-01 22:38:26,110 | DEBUG | step 4945 epoch 4 loss 0.1195 step_s 0.0269 peak_mem_gb 0.409
2026-10-01 22:38:26,136 | DEBUG | step 4946 epoch 4 loss 0.1483 step_s 0.0244 peak_mem_gb 0.409
2026-10-01 22:38:26,157 | DEBUG | step 4947 epoch 4 loss 0.0471 step_s 0.0200 peak_mem_gb 0.409
2026-10-01 22:38:26,182 | DEBUG | step 4948 epoch 4 loss 0.0466 step_s 0.0242 peak_mem_gb 0.409
2026-10-01 22:38:26,208 | DEBUG | step 4949 epoch 4 loss 0.0567 step_s 0.0246 peak_mem_gb 0.409
2026-10-01 22:38:26,225 | DEBUG | step 4950 epoch 4 loss 0.0334 step_s 0.0164 peak_mem_gb 0.409
2026-10-01 22:38:26,247 | DEBUG | step 4951 epoch 4 loss 0.2600 step_s 0.0208 peak_mem_gb 0.409
2026-10-01 22:38:26,273 | DEBUG | step 4952 epoch 4 loss 0.2113 step_s 0.0251 peak_mem_gb 0.409
2026-10-01 22:38:26,297 | DEBUG | step 4953 epoch 4 loss 0.0417 step_s 0.0238 peak_mem_gb 0.409
2026-10-01 22:38:26,321 | DEBUG | step 4954 epoch 4 loss 0.0596 step_s 0.0233 peak_mem_gb 0.409
2026-10-01 22:38:26,348 | DEBUG | step 4955 epoch 4 loss 0.1209 step_s 0.0254 peak_mem_gb 0.409
2026-10-01 22:38:26,374 | DEBUG | step 4956 epoch 4 loss 0.0345 step_s 0.0254 peak_mem_gb 0.409
2026-10-01 22:38:26,394 | DEBUG | step 4957 epoch 4 loss 0.0335 step_s 0.0184 peak_mem_gb 0.409
2026-10-01 22:38:26,420 | DEBUG | step 4958 epoch 4 loss 0.1355 step_s 0.0247 peak_mem_gb 0.409
2026-10-01 22:38:26,448 | DEBUG | step 4959 epoch 4 loss 0.2514 step_s 0.0273 peak_mem_gb 0.409
2026-10-01 22:38:26,474 | DEBUG | step 4960 epoch 4 loss 0.0540 step_s 0.0252 peak_mem_gb 0.409
2026-10-01 22:38:26,499 | DEBUG | step 4961 epoch 4 loss 0.0661 step_s 0.0238 peak_mem_gb 0.409
2026-10-01 22:38:26,524 | DEBUG | step 4962 epoch 4 loss 0.2214 step_s 0.0238 peak_mem_gb 0.409
2026-10-01 22:38:26,548 | DEBUG | step 4963 epoch 4 loss 0.1170 step_s 0.0235 peak_mem_gb 0.409
2026-10-01 22:38:26,573 | DEBUG | step 4964 epoch 4 loss 0.0481 step_s 0.0240 peak_mem_gb 0.409
2026-10-01 22:38:26,598 | DEBUG | step 4965 epoch 4 loss 0.0275 step_s 0.0237 peak_mem_gb 0.409
2026-10-01 22:38:26,623 | DEBUG | step 4966 epoch 4 loss 0.0626 step_s 0.0241 peak_mem_gb 0.409
2026-10-01 22:38:26,646 | DEBUG | step 4967 epoch 4 loss 0.1035 step_s 0.0223 peak_mem_gb 0.409
2026-10-01 22:38:26,670 | DEBUG | step 4968 epoch 4 loss 0.0977 step_s 0.0233 peak_mem_gb 0.409
2026-10-01 22:38:26,695 | DEBUG | step 4969 epoch 4 loss 0.0728 step_s 0.0234 peak_mem_gb 0.409
2026-10-01 22:38:26,718 | DEBUG | step 4970 epoch 4 loss 0.1216 step_s 0.0228 peak_mem_gb 0.409
2026-10-01 22:38:26,743 | DEBUG | step 4971 epoch 4 loss 0.0359 step_s 0.0238 peak_mem_gb 0.409
2026-10-01 22:38:26,768 | DEBUG | step 4972 epoch 4 loss 0.0753 step_s 0.0239 peak_mem_gb 0.409
2026-10-01 22:38:26,792 | DEBUG | step 4973 epoch 4 loss 0.1726 step_s 0.0237 peak_mem_gb 0.409
2026-10-01 22:38:26,817 | DEBUG | step 4974 epoch 4 loss 0.1330 step_s 0.0240 peak_mem_gb 0.409
2026-10-01 22:38:26,841 | DEBUG | step 4975 epoch 4 loss 0.0776 step_s 0.0227 peak_mem_gb 0.409
2026-10-01 22:38:26,866 | DEBUG | step 4976 epoch 4 loss 0.0690 step_s 0.0237 peak_mem_gb 0.409
2026-10-01 22:38:26,891 | DEBUG | step 4977 epoch 4 loss 0.0566 step_s 0.0244 peak_mem_gb 0.409
2026-10-01 22:38:26,919 | DEBUG | step 4978 epoch 4 loss 0.0303 step_s 0.0263 peak_mem_gb 0.409
2026-10-01 22:38:26,946 | DEBUG | step 4979 epoch 4 loss 0.0842 step_s 0.0259 peak_mem_gb 0.409
2026-10-01 22:38:26,971 | DEBUG | step 4980 epoch 4 loss 0.1024 step_s 0.0238 peak_mem_gb 0.409
2026-10-01 22:38:26,997 | DEBUG | step 4981 epoch 4 loss 0.0521 step_s 0.0251 peak_mem_gb 0.409
2026-10-01 22:38:27,022 | DEBUG | step 4982 epoch 4 loss 0.0325 step_s 0.0238 peak_mem_gb 0.409
2026-10-01 22:38:27,048 | DEBUG | step 4983 epoch 4 loss 0.0685 step_s 0.0250 peak_mem_gb 0.409
2026-10-01 22:38:27,071 | DEBUG | step 4984 epoch 4 loss 0.0777 step_s 0.0213 peak_mem_gb 0.409
2026-10-01 22:38:27,096 | DEBUG | step 4985 epoch 4 loss 0.0334 step_s 0.0242 peak_mem_gb 0.409
2026-10-01 22:38:27,122 | DEBUG | step 4986 epoch 4 loss 0.0488 step_s 0.0246 peak_mem_gb 0.409
2026-10-01 22:38:27,148 | DEBUG | step 4987 epoch 4 loss 0.1280 step_s 0.0257 peak_mem_gb 0.409
2026-10-01 22:38:27,173 | DEBUG | step 4988 epoch 4 loss 0.1097 step_s 0.0239 peak_mem_gb 0.409
2026-10-01 22:38:27,198 | DEBUG | step 4989 epoch 4 loss 0.0425 step_s 0.0242 peak_mem_gb 0.409
2026-10-01 22:38:27,224 | DEBUG | step 4990 epoch 4 loss 0.0731 step_s 0.0246 peak_mem_gb 0.409
2026-10-01 22:38:27,248 | DEBUG | step 4991 epoch 4 loss 0.1072 step_s 0.0232 peak_mem_gb 0.409
2026-10-01 22:38:27,273 | DEBUG | step 4992 epoch 4 loss 0.0400 step_s 0.0237 peak_mem_gb 0.409
2026-10-01 22:38:27,297 | DEBUG | step 4993 epoch 4 loss 0.1599 step_s 0.0239 peak_mem_gb 0.409
2026-10-01 22:38:27,323 | DEBUG | step 4994 epoch 4 loss 0.0278 step_s 0.0247 peak_mem_gb 0.409
2026-10-01 22:38:27,347 | DEBUG | step 4995 epoch 4 loss 0.1525 step_s 0.0231 peak_mem_gb 0.409
2026-10-01 22:38:27,370 | DEBUG | step 4996 epoch 4 loss 0.2102 step_s 0.0221 peak_mem_gb 0.409
2026-10-01 22:38:27,394 | DEBUG | step 4997 epoch 4 loss 0.0425 step_s 0.0231 peak_mem_gb 0.409
2026-10-01 22:38:27,419 | DEBUG | step 4998 epoch 4 loss 0.0374 step_s 0.0238 peak_mem_gb 0.409
2026-10-01 22:38:27,443 | DEBUG | step 4999 epoch 4 loss 0.0456 step_s 0.0235 peak_mem_gb 0.409
2026-10-01 22:38:27,465 | INFO | step 5000 epoch 4 loss 0.1401 step_s 0.0209 peak_mem_gb 0.409
2026-10-01 22:38:27,494 | DEBUG | step 5001 epoch 4 loss 0.0288 step_s 0.0278 peak_mem_gb 0.409
2026-10-01 22:38:27,518 | DEBUG | step 5002 epoch 4 loss 0.0821 step_s 0.0228 peak_mem_gb 0.409
2026-10-01 22:38:27,544 | DEBUG | step 5003 epoch 4 loss 0.0717 step_s 0.0240 peak_mem_gb 0.409
2026-10-01 22:38:27,565 | DEBUG | step 5004 epoch 4 loss 0.0317 step_s 0.0201 peak_mem_gb 0.409
2026-10-01 22:38:27,585 | DEBUG | step 5005 epoch 4 loss 0.1019 step_s 0.0197 peak_mem_gb 0.409
2026-10-01 22:38:27,610 | DEBUG | step 5006 epoch 4 loss 0.0829 step_s 0.0240 peak_mem_gb 0.409
2026-10-01 22:38:27,634 | DEBUG | step 5007 epoch 4 loss 0.0554 step_s 0.0228 peak_mem_gb 0.409
2026-10-01 22:38:27,658 | DEBUG | step 5008 epoch 4 loss 0.1108 step_s 0.0229 peak_mem_gb 0.409
2026-10-01 22:38:27,683 | DEBUG | step 5009 epoch 4 loss 0.0958 step_s 0.0239 peak_mem_gb 0.409
2026-10-01 22:38:27,707 | DEBUG | step 5010 epoch 4 loss 0.0467 step_s 0.0235 peak_mem_gb 0.409
2026-10-01 22:38:27,731 | DEBUG | step 5011 epoch 4 loss 0.0985 step_s 0.0226 peak_mem_gb 0.409
2026-10-01 22:38:27,755 | DEBUG | step 5012 epoch 4 loss 0.1740 step_s 0.0237 peak_mem_gb 0.409
2026-10-01 22:38:27,779 | DEBUG | step 5013 epoch 4 loss 0.0346 step_s 0.0234 peak_mem_gb 0.409
2026-10-01 22:38:27,803 | DEBUG | step 5014 epoch 4 loss 0.0802 step_s 0.0226 peak_mem_gb 0.409
2026-10-01 22:38:27,830 | DEBUG | step 5015 epoch 4 loss 0.0700 step_s 0.0258 peak_mem_gb 0.409
2026-10-01 22:38:27,854 | DEBUG | step 5016 epoch 4 loss 0.0547 step_s 0.0233 peak_mem_gb 0.409
2026-10-01 22:38:27,880 | DEBUG | step 5017 epoch 4 loss 0.0253 step_s 0.0252 peak_mem_gb 0.409
2026-10-01 22:38:27,907 | DEBUG | step 5018 epoch 4 loss 0.1061 step_s 0.0255 peak_mem_gb 0.409
2026-10-01 22:38:27,932 | DEBUG | step 5019 epoch 4 loss 0.0433 step_s 0.0241 peak_mem_gb 0.409
2026-10-01 22:38:27,957 | DEBUG | step 5020 epoch 4 loss 0.0684 step_s 0.0243 peak_mem_gb 0.409
2026-10-01 22:38:27,982 | DEBUG | step 5021 epoch 4 loss 0.1060 step_s 0.0241 peak_mem_gb 0.409
2026-10-01 22:38:28,007 | DEBUG | step 5022 epoch 4 loss 0.0856 step_s 0.0233 peak_mem_gb 0.409
2026-10-01 22:38:28,032 | DEBUG | step 5023 epoch 4 loss 0.0669 step_s 0.0240 peak_mem_gb 0.409
2026-10-01 22:38:28,058 | DEBUG | step 5024 epoch 4 loss 0.0541 step_s 0.0246 peak_mem_gb 0.409
2026-10-01 22:38:28,083 | DEBUG | step 5025 epoch 4 loss 0.0513 step_s 0.0239 peak_mem_gb 0.409
2026-10-01 22:38:28,109 | DEBUG | step 5026 epoch 4 loss 0.0520 step_s 0.0259 peak_mem_gb 0.409
2026-10-01 22:38:28,134 | DEBUG | step 5027 epoch 4 loss 0.0553 step_s 0.0236 peak_mem_gb 0.409
2026-10-01 22:38:28,156 | DEBUG | step 5028 epoch 4 loss 0.1542 step_s 0.0209 peak_mem_gb 0.409
2026-10-01 22:38:28,181 | DEBUG | step 5029 epoch 4 loss 0.0357 step_s 0.0245 peak_mem_gb 0.409
2026-10-01 22:38:28,206 | DEBUG | step 5030 epoch 4 loss 0.0607 step_s 0.0233 peak_mem_gb 0.409
2026-10-01 22:38:28,230 | DEBUG | step 5031 epoch 4 loss 0.0399 step_s 0.0231 peak_mem_gb 0.409
2026-10-01 22:38:28,255 | DEBUG | step 5032 epoch 4 loss 0.0170 step_s 0.0244 peak_mem_gb 0.409
2026-10-01 22:38:28,275 | DEBUG | step 5033 epoch 4 loss 0.0234 step_s 0.0193 peak_mem_gb 0.409
2026-10-01 22:38:28,294 | DEBUG | step 5034 epoch 4 loss 0.0696 step_s 0.0181 peak_mem_gb 0.409
2026-10-01 22:38:28,319 | DEBUG | step 5035 epoch 4 loss 0.0361 step_s 0.0241 peak_mem_gb 0.409
2026-10-01 22:38:28,344 | DEBUG | step 5036 epoch 4 loss 0.0530 step_s 0.0240 peak_mem_gb 0.409
2026-10-01 22:38:28,371 | DEBUG | step 5037 epoch 4 loss 0.1208 step_s 0.0261 peak_mem_gb 0.409
2026-10-01 22:38:28,398 | DEBUG | step 5038 epoch 4 loss 0.0387 step_s 0.0263 peak_mem_gb 0.409
2026-10-01 22:38:28,421 | DEBUG | step 5039 epoch 4 loss 0.0600 step_s 0.0218 peak_mem_gb 0.409
2026-10-01 22:38:28,444 | DEBUG | step 5040 epoch 4 loss 0.0328 step_s 0.0220 peak_mem_gb 0.409
2026-10-01 22:38:28,469 | DEBUG | step 5041 epoch 4 loss 0.0327 step_s 0.0239 peak_mem_gb 0.409
2026-10-01 22:38:28,496 | DEBUG | step 5042 epoch 4 loss 0.1856 step_s 0.0252 peak_mem_gb 0.409
2026-10-01 22:38:28,522 | DEBUG | step 5043 epoch 4 loss 0.0515 step_s 0.0254 peak_mem_gb 0.409
2026-10-01 22:38:28,549 | DEBUG | step 5044 epoch 4 loss 0.0897 step_s 0.0254 peak_mem_gb 0.409
2026-10-01 22:38:28,574 | DEBUG | step 5045 epoch 4 loss 0.1147 step_s 0.0237 peak_mem_gb 0.409
2026-10-01 22:38:28,598 | DEBUG | step 5046 epoch 4 loss 0.0379 step_s 0.0234 peak_mem_gb 0.409
2026-10-01 22:38:28,622 | DEBUG | step 5047 epoch 4 loss 0.0181 step_s 0.0235 peak_mem_gb 0.409
2026-10-01 22:38:28,646 | DEBUG | step 5048 epoch 4 loss 0.0619 step_s 0.0226 peak_mem_gb 0.409
2026-10-01 22:38:28,669 | DEBUG | step 5049 epoch 4 loss 0.1122 step_s 0.0225 peak_mem_gb 0.409
2026-10-01 22:38:28,692 | DEBUG | step 5050 epoch 4 loss 0.0612 step_s 0.0218 peak_mem_gb 0.409
2026-10-01 22:38:28,715 | DEBUG | step 5051 epoch 4 loss 0.0397 step_s 0.0217 peak_mem_gb 0.409
2026-10-01 22:38:28,739 | DEBUG | step 5052 epoch 4 loss 0.0756 step_s 0.0237 peak_mem_gb 0.409
2026-10-01 22:38:28,759 | DEBUG | step 5053 epoch 4 loss 0.0959 step_s 0.0184 peak_mem_gb 0.409
2026-10-01 22:38:28,782 | DEBUG | step 5054 epoch 4 loss 0.0178 step_s 0.0224 peak_mem_gb 0.409
2026-10-01 22:38:28,807 | DEBUG | step 5055 epoch 4 loss 0.0482 step_s 0.0235 peak_mem_gb 0.409
2026-10-01 22:38:28,831 | DEBUG | step 5056 epoch 4 loss 0.0843 step_s 0.0235 peak_mem_gb 0.409
2026-10-01 22:38:28,855 | DEBUG | step 5057 epoch 4 loss 0.0702 step_s 0.0236 peak_mem_gb 0.409
2026-10-01 22:38:28,881 | DEBUG | step 5058 epoch 4 loss 0.0404 step_s 0.0250 peak_mem_gb 0.409
2026-10-01 22:38:28,904 | DEBUG | step 5059 epoch 4 loss 0.0340 step_s 0.0217 peak_mem_gb 0.409
2026-10-01 22:38:28,928 | DEBUG | step 5060 epoch 4 loss 0.1075 step_s 0.0233 peak_mem_gb 0.409
2026-10-01 22:38:28,953 | DEBUG | step 5061 epoch 4 loss 0.0604 step_s 0.0240 peak_mem_gb 0.409
2026-10-01 22:38:28,977 | DEBUG | step 5062 epoch 4 loss 0.1617 step_s 0.0232 peak_mem_gb 0.409
2026-10-01 22:38:28,999 | DEBUG | step 5063 epoch 4 loss 0.0892 step_s 0.0201 peak_mem_gb 0.409
2026-10-01 22:38:29,023 | DEBUG | step 5064 epoch 4 loss 0.0260 step_s 0.0238 peak_mem_gb 0.409
2026-10-01 22:38:29,050 | DEBUG | step 5065 epoch 4 loss 0.0378 step_s 0.0263 peak_mem_gb 0.409
2026-10-01 22:38:29,076 | DEBUG | step 5066 epoch 4 loss 0.0591 step_s 0.0240 peak_mem_gb 0.409
2026-10-01 22:38:29,101 | DEBUG | step 5067 epoch 4 loss 0.0581 step_s 0.0246 peak_mem_gb 0.409
2026-10-01 22:38:29,128 | DEBUG | step 5068 epoch 4 loss 0.1324 step_s 0.0253 peak_mem_gb 0.409
2026-10-01 22:38:29,153 | DEBUG | step 5069 epoch 4 loss 0.0266 step_s 0.0245 peak_mem_gb 0.409
2026-10-01 22:38:29,173 | DEBUG | step 5070 epoch 4 loss 0.0489 step_s 0.0190 peak_mem_gb 0.409
2026-10-01 22:38:29,199 | DEBUG | step 5071 epoch 4 loss 0.0955 step_s 0.0241 peak_mem_gb 0.409
2026-10-01 22:38:29,222 | DEBUG | step 5072 epoch 4 loss 0.0437 step_s 0.0228 peak_mem_gb 0.409
2026-10-01 22:38:29,242 | DEBUG | step 5073 epoch 4 loss 0.0556 step_s 0.0191 peak_mem_gb 0.409
2026-10-01 22:38:29,266 | DEBUG | step 5074 epoch 4 loss 0.0689 step_s 0.0232 peak_mem_gb 0.409
2026-10-01 22:38:29,291 | DEBUG | step 5075 epoch 4 loss 0.0565 step_s 0.0236 peak_mem_gb 0.409
2026-10-01 22:38:29,311 | DEBUG | step 5076 epoch 4 loss 0.0585 step_s 0.0190 peak_mem_gb 0.409
2026-10-01 22:38:29,335 | DEBUG | step 5077 epoch 4 loss 0.1364 step_s 0.0236 peak_mem_gb 0.409
2026-10-01 22:38:29,352 | DEBUG | step 5078 epoch 4 loss 0.0262 step_s 0.0158 peak_mem_gb 0.409
2026-10-01 22:38:29,376 | DEBUG | step 5079 epoch 4 loss 0.0929 step_s 0.0236 peak_mem_gb 0.409
2026-10-01 22:38:29,402 | DEBUG | step 5080 epoch 4 loss 0.0427 step_s 0.0241 peak_mem_gb 0.409
2026-10-01 22:38:29,426 | DEBUG | step 5081 epoch 4 loss 0.0494 step_s 0.0241 peak_mem_gb 0.409
2026-10-01 22:38:29,453 | DEBUG | step 5082 epoch 4 loss 0.1412 step_s 0.0255 peak_mem_gb 0.409
2026-10-01 22:38:29,477 | DEBUG | step 5083 epoch 4 loss 0.0083 step_s 0.0229 peak_mem_gb 0.409
2026-10-01 22:38:29,502 | DEBUG | step 5084 epoch 4 loss 0.1890 step_s 0.0240 peak_mem_gb 0.409
2026-10-01 22:38:29,526 | DEBUG | step 5085 epoch 4 loss 0.0131 step_s 0.0239 peak_mem_gb 0.409
2026-10-01 22:38:29,551 | DEBUG | step 5086 epoch 4 loss 0.0812 step_s 0.0241 peak_mem_gb 0.409
2026-10-01 22:38:29,577 | DEBUG | step 5087 epoch 4 loss 0.0775 step_s 0.0243 peak_mem_gb 0.409
2026-10-01 22:38:29,601 | DEBUG | step 5088 epoch 4 loss 0.0794 step_s 0.0239 peak_mem_gb 0.409
2026-10-01 22:38:29,625 | DEBUG | step 5089 epoch 4 loss 0.0574 step_s 0.0224 peak_mem_gb 0.409
2026-10-01 22:38:29,645 | DEBUG | step 5090 epoch 4 loss 0.0272 step_s 0.0189 peak_mem_gb 0.409
2026-10-01 22:38:29,669 | DEBUG | step 5091 epoch 4 loss 0.1533 step_s 0.0231 peak_mem_gb 0.409
2026-10-01 22:38:29,694 | DEBUG | step 5092 epoch 4 loss 0.0783 step_s 0.0243 peak_mem_gb 0.409
2026-10-01 22:38:29,718 | DEBUG | step 5093 epoch 4 loss 0.0578 step_s 0.0235 peak_mem_gb 0.409
2026-10-01 22:38:29,742 | DEBUG | step 5094 epoch 4 loss 0.1302 step_s 0.0234 peak_mem_gb 0.409
2026-10-01 22:38:29,768 | DEBUG | step 5095 epoch 4 loss 0.0573 step_s 0.0244 peak_mem_gb 0.409
2026-10-01 22:38:29,791 | DEBUG | step 5096 epoch 4 loss 0.0806 step_s 0.0222 peak_mem_gb 0.409
2026-10-01 22:38:29,815 | DEBUG | step 5097 epoch 4 loss 0.0429 step_s 0.0232 peak_mem_gb 0.409
2026-10-01 22:38:29,840 | DEBUG | step 5098 epoch 4 loss 0.0421 step_s 0.0239 peak_mem_gb 0.409
2026-10-01 22:38:29,867 | DEBUG | step 5099 epoch 4 loss 0.0365 step_s 0.0255 peak_mem_gb 0.409
2026-10-01 22:38:29,894 | DEBUG | step 5100 epoch 4 loss 0.1048 step_s 0.0249 peak_mem_gb 0.409
2026-10-01 22:38:29,921 | DEBUG | step 5101 epoch 4 loss 0.0712 step_s 0.0268 peak_mem_gb 0.409
2026-10-01 22:38:29,947 | DEBUG | step 5102 epoch 4 loss 0.0267 step_s 0.0244 peak_mem_gb 0.409
2026-10-01 22:38:29,971 | DEBUG | step 5103 epoch 4 loss 0.0134 step_s 0.0228 peak_mem_gb 0.409
2026-10-01 22:38:29,995 | DEBUG | step 5104 epoch 4 loss 0.1331 step_s 0.0230 peak_mem_gb 0.409
2026-10-01 22:38:30,015 | DEBUG | step 5105 epoch 4 loss 0.0588 step_s 0.0197 peak_mem_gb 0.409
2026-10-01 22:38:30,040 | DEBUG | step 5106 epoch 4 loss 0.0819 step_s 0.0241 peak_mem_gb 0.409
2026-10-01 22:38:30,062 | DEBUG | step 5107 epoch 4 loss 0.0782 step_s 0.0215 peak_mem_gb 0.409
2026-10-01 22:38:30,089 | DEBUG | step 5108 epoch 4 loss 0.1557 step_s 0.0253 peak_mem_gb 0.409
2026-10-01 22:38:30,114 | DEBUG | step 5109 epoch 4 loss 0.0557 step_s 0.0237 peak_mem_gb 0.409
2026-10-01 22:38:30,137 | DEBUG | step 5110 epoch 4 loss 0.0435 step_s 0.0227 peak_mem_gb 0.409
2026-10-01 22:38:30,162 | DEBUG | step 5111 epoch 4 loss 0.2302 step_s 0.0234 peak_mem_gb 0.409
2026-10-01 22:38:30,187 | DEBUG | step 5112 epoch 4 loss 0.1266 step_s 0.0241 peak_mem_gb 0.409
2026-10-01 22:38:30,210 | DEBUG | step 5113 epoch 4 loss 0.0312 step_s 0.0229 peak_mem_gb 0.409
2026-10-01 22:38:30,235 | DEBUG | step 5114 epoch 4 loss 0.0811 step_s 0.0235 peak_mem_gb 0.409
2026-10-01 22:38:30,259 | DEBUG | step 5115 epoch 4 loss 0.0734 step_s 0.0238 peak_mem_gb 0.409
2026-10-01 22:38:30,284 | DEBUG | step 5116 epoch 4 loss 0.2073 step_s 0.0235 peak_mem_gb 0.409
2026-10-01 22:38:30,304 | DEBUG | step 5117 epoch 4 loss 0.0526 step_s 0.0189 peak_mem_gb 0.409
2026-10-01 22:38:30,329 | DEBUG | step 5118 epoch 4 loss 0.0385 step_s 0.0241 peak_mem_gb 0.409
2026-10-01 22:38:30,353 | DEBUG | step 5119 epoch 4 loss 0.0621 step_s 0.0231 peak_mem_gb 0.409
2026-10-01 22:38:30,377 | DEBUG | step 5120 epoch 4 loss 0.0375 step_s 0.0238 peak_mem_gb 0.409
2026-10-01 22:38:30,404 | DEBUG | step 5121 epoch 4 loss 0.0555 step_s 0.0254 peak_mem_gb 0.409
2026-10-01 22:38:30,431 | DEBUG | step 5122 epoch 4 loss 0.0426 step_s 0.0261 peak_mem_gb 0.409
2026-10-01 22:38:30,457 | DEBUG | step 5123 epoch 4 loss 0.0783 step_s 0.0244 peak_mem_gb 0.409
2026-10-01 22:38:30,482 | DEBUG | step 5124 epoch 4 loss 0.0345 step_s 0.0242 peak_mem_gb 0.409
2026-10-01 22:38:30,507 | DEBUG | step 5125 epoch 4 loss 0.0328 step_s 0.0241 peak_mem_gb 0.409
2026-10-01 22:38:30,532 | DEBUG | step 5126 epoch 4 loss 0.0562 step_s 0.0244 peak_mem_gb 0.409
2026-10-01 22:38:30,558 | DEBUG | step 5127 epoch 4 loss 0.0969 step_s 0.0251 peak_mem_gb 0.409
2026-10-01 22:38:30,585 | DEBUG | step 5128 epoch 4 loss 0.0431 step_s 0.0255 peak_mem_gb 0.409
2026-10-01 22:38:30,612 | DEBUG | step 5129 epoch 4 loss 0.0338 step_s 0.0262 peak_mem_gb 0.409
2026-10-01 22:38:30,638 | DEBUG | step 5130 epoch 4 loss 0.0425 step_s 0.0247 peak_mem_gb 0.409
2026-10-01 22:38:30,663 | DEBUG | step 5131 epoch 4 loss 0.1651 step_s 0.0237 peak_mem_gb 0.409
2026-10-01 22:38:30,687 | DEBUG | step 5132 epoch 4 loss 0.0644 step_s 0.0236 peak_mem_gb 0.409
2026-10-01 22:38:30,704 | DEBUG | step 5133 epoch 4 loss 0.0827 step_s 0.0163 peak_mem_gb 0.409
2026-10-01 22:38:30,729 | DEBUG | step 5134 epoch 4 loss 0.0515 step_s 0.0238 peak_mem_gb 0.409
2026-10-01 22:38:30,754 | DEBUG | step 5135 epoch 4 loss 0.0145 step_s 0.0243 peak_mem_gb 0.409
2026-10-01 22:38:30,780 | DEBUG | step 5136 epoch 4 loss 0.1158 step_s 0.0253 peak_mem_gb 0.409
2026-10-01 22:38:30,804 | DEBUG | step 5137 epoch 4 loss 0.1060 step_s 0.0229 peak_mem_gb 0.409
2026-10-01 22:38:30,829 | DEBUG | step 5138 epoch 4 loss 0.1062 step_s 0.0236 peak_mem_gb 0.409
2026-10-01 22:38:30,853 | DEBUG | step 5139 epoch 4 loss 0.2107 step_s 0.0236 peak_mem_gb 0.409
2026-10-01 22:38:30,877 | DEBUG | step 5140 epoch 4 loss 0.0356 step_s 0.0224 peak_mem_gb 0.409
2026-10-01 22:38:30,901 | DEBUG | step 5141 epoch 4 loss 0.2196 step_s 0.0236 peak_mem_gb 0.409
2026-10-01 22:38:30,924 | DEBUG | step 5142 epoch 4 loss 0.2399 step_s 0.0221 peak_mem_gb 0.409
2026-10-01 22:38:30,950 | DEBUG | step 5143 epoch 4 loss 0.0915 step_s 0.0249 peak_mem_gb 0.409
2026-10-01 22:38:30,974 | DEBUG | step 5144 epoch 4 loss 0.0217 step_s 0.0233 peak_mem_gb 0.409
2026-10-01 22:38:30,999 | DEBUG | step 5145 epoch 4 loss 0.0556 step_s 0.0238 peak_mem_gb 0.409
2026-10-01 22:38:31,024 | DEBUG | step 5146 epoch 4 loss 0.0844 step_s 0.0240 peak_mem_gb 0.409
2026-10-01 22:38:31,048 | DEBUG | step 5147 epoch 4 loss 0.1022 step_s 0.0234 peak_mem_gb 0.409
2026-10-01 22:38:31,069 | DEBUG | step 5148 epoch 4 loss 0.1006 step_s 0.0206 peak_mem_gb 0.409
2026-10-01 22:38:31,095 | DEBUG | step 5149 epoch 4 loss 0.2979 step_s 0.0243 peak_mem_gb 0.409
2026-10-01 22:38:31,121 | DEBUG | step 5150 epoch 4 loss 0.1516 step_s 0.0254 peak_mem_gb 0.409
2026-10-01 22:38:31,146 | DEBUG | step 5151 epoch 4 loss 0.0708 step_s 0.0239 peak_mem_gb 0.409
2026-10-01 22:38:31,170 | DEBUG | step 5152 epoch 4 loss 0.0614 step_s 0.0232 peak_mem_gb 0.409
2026-10-01 22:38:31,194 | DEBUG | step 5153 epoch 4 loss 0.0490 step_s 0.0228 peak_mem_gb 0.409
2026-10-01 22:38:31,219 | DEBUG | step 5154 epoch 4 loss 0.0292 step_s 0.0238 peak_mem_gb 0.409
2026-10-01 22:38:31,243 | DEBUG | step 5155 epoch 4 loss 0.1336 step_s 0.0231 peak_mem_gb 0.409
2026-10-01 22:38:31,267 | DEBUG | step 5156 epoch 4 loss 0.0998 step_s 0.0233 peak_mem_gb 0.409
2026-10-01 22:38:31,294 | DEBUG | step 5157 epoch 4 loss 0.0409 step_s 0.0260 peak_mem_gb 0.409
2026-10-01 22:38:31,319 | DEBUG | step 5158 epoch 4 loss 0.0400 step_s 0.0241 peak_mem_gb 0.409
2026-10-01 22:38:31,344 | DEBUG | step 5159 epoch 4 loss 0.0963 step_s 0.0235 peak_mem_gb 0.409
2026-10-01 22:38:31,369 | DEBUG | step 5160 epoch 4 loss 0.0571 step_s 0.0248 peak_mem_gb 0.409
2026-10-01 22:38:31,390 | DEBUG | step 5161 epoch 4 loss 0.1227 step_s 0.0198 peak_mem_gb 0.409
2026-10-01 22:38:31,415 | DEBUG | step 5162 epoch 4 loss 0.0695 step_s 0.0242 peak_mem_gb 0.409
2026-10-01 22:38:31,441 | DEBUG | step 5163 epoch 4 loss 0.1377 step_s 0.0251 peak_mem_gb 0.409
2026-10-01 22:38:31,468 | DEBUG | step 5164 epoch 4 loss 0.0423 step_s 0.0254 peak_mem_gb 0.409
2026-10-01 22:38:31,493 | DEBUG | step 5165 epoch 4 loss 0.0709 step_s 0.0240 peak_mem_gb 0.409
2026-10-01 22:38:31,517 | DEBUG | step 5166 epoch 4 loss 0.0581 step_s 0.0235 peak_mem_gb 0.409
2026-10-01 22:38:31,542 | DEBUG | step 5167 epoch 4 loss 0.1383 step_s 0.0237 peak_mem_gb 0.409
2026-10-01 22:38:31,567 | DEBUG | step 5168 epoch 4 loss 0.1630 step_s 0.0240 peak_mem_gb 0.409
2026-10-01 22:38:31,591 | DEBUG | step 5169 epoch 4 loss 0.0815 step_s 0.0232 peak_mem_gb 0.409
2026-10-01 22:38:31,614 | DEBUG | step 5170 epoch 4 loss 0.1092 step_s 0.0225 peak_mem_gb 0.409
2026-10-01 22:38:31,639 | DEBUG | step 5171 epoch 4 loss 0.1170 step_s 0.0238 peak_mem_gb 0.409
2026-10-01 22:38:31,664 | DEBUG | step 5172 epoch 4 loss 0.1240 step_s 0.0247 peak_mem_gb 0.409
2026-10-01 22:38:31,685 | DEBUG | step 5173 epoch 4 loss 0.1121 step_s 0.0203 peak_mem_gb 0.409
2026-10-01 22:38:31,710 | DEBUG | step 5174 epoch 4 loss 0.0604 step_s 0.0237 peak_mem_gb 0.409
2026-10-01 22:38:31,735 | DEBUG | step 5175 epoch 4 loss 0.0515 step_s 0.0241 peak_mem_gb 0.409
2026-10-01 22:38:31,760 | DEBUG | step 5176 epoch 4 loss 0.1235 step_s 0.0243 peak_mem_gb 0.409
2026-10-01 22:38:31,787 | DEBUG | step 5177 epoch 4 loss 0.1334 step_s 0.0255 peak_mem_gb 0.409
2026-10-01 22:38:31,817 | DEBUG | step 5178 epoch 4 loss 0.0396 step_s 0.0283 peak_mem_gb 0.409
2026-10-01 22:38:31,842 | DEBUG | step 5179 epoch 4 loss 0.0990 step_s 0.0242 peak_mem_gb 0.409
2026-10-01 22:38:31,867 | DEBUG | step 5180 epoch 4 loss 0.0817 step_s 0.0240 peak_mem_gb 0.409
2026-10-01 22:38:31,891 | DEBUG | step 5181 epoch 4 loss 0.0545 step_s 0.0230 peak_mem_gb 0.409
2026-10-01 22:38:31,916 | DEBUG | step 5182 epoch 4 loss 0.0773 step_s 0.0239 peak_mem_gb 0.409
2026-10-01 22:38:31,940 | DEBUG | step 5183 epoch 4 loss 0.0288 step_s 0.0232 peak_mem_gb 0.409
2026-10-01 22:38:31,962 | DEBUG | step 5184 epoch 4 loss 0.0157 step_s 0.0208 peak_mem_gb 0.409
2026-10-01 22:38:31,987 | DEBUG | step 5185 epoch 4 loss 0.0944 step_s 0.0241 peak_mem_gb 0.409
2026-10-01 22:38:32,012 | DEBUG | step 5186 epoch 4 loss 0.1418 step_s 0.0239 peak_mem_gb 0.409
2026-10-01 22:38:32,036 | DEBUG | step 5187 epoch 4 loss 0.1013 step_s 0.0239 peak_mem_gb 0.409
2026-10-01 22:38:32,063 | DEBUG | step 5188 epoch 4 loss 0.1377 step_s 0.0252 peak_mem_gb 0.409
2026-10-01 22:38:32,088 | DEBUG | step 5189 epoch 4 loss 0.0388 step_s 0.0245 peak_mem_gb 0.409
2026-10-01 22:38:32,114 | DEBUG | step 5190 epoch 4 loss 0.0765 step_s 0.0249 peak_mem_gb 0.409
2026-10-01 22:38:32,140 | DEBUG | step 5191 epoch 4 loss 0.1786 step_s 0.0251 peak_mem_gb 0.409
2026-10-01 22:38:32,166 | DEBUG | step 5192 epoch 4 loss 0.0562 step_s 0.0250 peak_mem_gb 0.409
2026-10-01 22:38:32,191 | DEBUG | step 5193 epoch 4 loss 0.0808 step_s 0.0242 peak_mem_gb 0.409
2026-10-01 22:38:32,218 | DEBUG | step 5194 epoch 4 loss 0.0240 step_s 0.0227 peak_mem_gb 0.409
2026-10-01 22:38:32,242 | DEBUG | step 5195 epoch 4 loss 0.1055 step_s 0.0234 peak_mem_gb 0.409
2026-10-01 22:38:32,267 | DEBUG | step 5196 epoch 4 loss 0.1550 step_s 0.0238 peak_mem_gb 0.409
2026-10-01 22:38:32,287 | DEBUG | step 5197 epoch 4 loss 0.1384 step_s 0.0186 peak_mem_gb 0.409
2026-10-01 22:38:32,311 | DEBUG | step 5198 epoch 4 loss 0.1234 step_s 0.0238 peak_mem_gb 0.409
2026-10-01 22:38:32,338 | DEBUG | step 5199 epoch 4 loss 0.0369 step_s 0.0255 peak_mem_gb 0.409
2026-10-01 22:38:32,360 | INFO | step 5200 epoch 4 loss 0.0864 step_s 0.0209 peak_mem_gb 0.409
2026-10-01 22:38:32,387 | DEBUG | step 5201 epoch 4 loss 0.2150 step_s 0.0254 peak_mem_gb 0.409
2026-10-01 22:38:32,412 | DEBUG | step 5202 epoch 4 loss 0.0596 step_s 0.0239 peak_mem_gb 0.409
2026-10-01 22:38:32,435 | DEBUG | step 5203 epoch 4 loss 0.2610 step_s 0.0218 peak_mem_gb 0.409
2026-10-01 22:38:32,456 | DEBUG | step 5204 epoch 4 loss 0.0165 step_s 0.0205 peak_mem_gb 0.409
2026-10-01 22:38:32,482 | DEBUG | step 5205 epoch 4 loss 0.0365 step_s 0.0243 peak_mem_gb 0.409
2026-10-01 22:38:32,507 | DEBUG | step 5206 epoch 4 loss 0.0335 step_s 0.0242 peak_mem_gb 0.409
2026-10-01 22:38:32,527 | DEBUG | step 5207 epoch 4 loss 0.0400 step_s 0.0190 peak_mem_gb 0.409
2026-10-01 22:38:32,551 | DEBUG | step 5208 epoch 4 loss 0.0783 step_s 0.0235 peak_mem_gb 0.409
2026-10-01 22:38:32,576 | DEBUG | step 5209 epoch 4 loss 0.0547 step_s 0.0233 peak_mem_gb 0.409
2026-10-01 22:38:32,599 | DEBUG | step 5210 epoch 4 loss 0.0810 step_s 0.0227 peak_mem_gb 0.409
2026-10-01 22:38:32,624 | DEBUG | step 5211 epoch 4 loss 0.1110 step_s 0.0242 peak_mem_gb 0.409
2026-10-01 22:38:32,650 | DEBUG | step 5212 epoch 4 loss 0.0266 step_s 0.0255 peak_mem_gb 0.409
2026-10-01 22:38:32,679 | DEBUG | step 5213 epoch 4 loss 0.0339 step_s 0.0273 peak_mem_gb 0.409
2026-10-01 22:38:32,704 | DEBUG | step 5214 epoch 4 loss 0.0499 step_s 0.0248 peak_mem_gb 0.409
2026-10-01 22:38:32,729 | DEBUG | step 5215 epoch 4 loss 0.0358 step_s 0.0234 peak_mem_gb 0.409
2026-10-01 22:38:32,754 | DEBUG | step 5216 epoch 4 loss 0.0710 step_s 0.0241 peak_mem_gb 0.409
2026-10-01 22:38:32,780 | DEBUG | step 5217 epoch 4 loss 0.0616 step_s 0.0248 peak_mem_gb 0.409
2026-10-01 22:38:32,801 | DEBUG | step 5218 epoch 4 loss 0.0553 step_s 0.0200 peak_mem_gb 0.409
2026-10-01 22:38:32,822 | DEBUG | step 5219 epoch 4 loss 0.0594 step_s 0.0193 peak_mem_gb 0.409
2026-10-01 22:38:32,846 | DEBUG | step 5220 epoch 4 loss 0.0078 step_s 0.0239 peak_mem_gb 0.409
2026-10-01 22:38:32,868 | DEBUG | step 5221 epoch 4 loss 0.0374 step_s 0.0206 peak_mem_gb 0.409
2026-10-01 22:38:32,892 | DEBUG | step 5222 epoch 4 loss 0.0442 step_s 0.0232 peak_mem_gb 0.409
2026-10-01 22:38:32,916 | DEBUG | step 5223 epoch 4 loss 0.0964 step_s 0.0233 peak_mem_gb 0.409
2026-10-01 22:38:32,938 | DEBUG | step 5224 epoch 4 loss 0.0696 step_s 0.0207 peak_mem_gb 0.409
2026-10-01 22:38:32,959 | DEBUG | step 5225 epoch 4 loss 0.0861 step_s 0.0199 peak_mem_gb 0.409
2026-10-01 22:38:32,981 | DEBUG | step 5226 epoch 4 loss 0.0558 step_s 0.0213 peak_mem_gb 0.409
2026-10-01 22:38:33,006 | DEBUG | step 5227 epoch 4 loss 0.0307 step_s 0.0238 peak_mem_gb 0.409
2026-10-01 22:38:33,030 | DEBUG | step 5228 epoch 4 loss 0.0937 step_s 0.0235 peak_mem_gb 0.409
2026-10-01 22:38:33,054 | DEBUG | step 5229 epoch 4 loss 0.2174 step_s 0.0233 peak_mem_gb 0.409
2026-10-01 22:38:33,077 | DEBUG | step 5230 epoch 4 loss 0.1813 step_s 0.0217 peak_mem_gb 0.409
2026-10-01 22:38:33,102 | DEBUG | step 5231 epoch 4 loss 0.0428 step_s 0.0239 peak_mem_gb 0.409
2026-10-01 22:38:33,123 | DEBUG | step 5232 epoch 4 loss 0.0733 step_s 0.0205 peak_mem_gb 0.409
2026-10-01 22:38:33,149 | DEBUG | step 5233 epoch 4 loss 0.0410 step_s 0.0249 peak_mem_gb 0.409
2026-10-01 22:38:33,176 | DEBUG | step 5234 epoch 4 loss 0.0681 step_s 0.0258 peak_mem_gb 0.409
2026-10-01 22:38:33,203 | DEBUG | step 5235 epoch 4 loss 0.0965 step_s 0.0258 peak_mem_gb 0.409
2026-10-01 22:38:33,230 | DEBUG | step 5236 epoch 4 loss 0.0652 step_s 0.0255 peak_mem_gb 0.409
2026-10-01 22:38:33,253 | DEBUG | step 5237 epoch 4 loss 0.0969 step_s 0.0228 peak_mem_gb 0.409
2026-10-01 22:38:33,278 | DEBUG | step 5238 epoch 4 loss 0.0997 step_s 0.0238 peak_mem_gb 0.409
2026-10-01 22:38:33,302 | DEBUG | step 5239 epoch 4 loss 0.0999 step_s 0.0234 peak_mem_gb 0.409
2026-10-01 22:38:33,328 | DEBUG | step 5240 epoch 4 loss 0.1322 step_s 0.0243 peak_mem_gb 0.409
2026-10-01 22:38:33,352 | DEBUG | step 5241 epoch 4 loss 0.1321 step_s 0.0238 peak_mem_gb 0.409
2026-10-01 22:38:33,378 | DEBUG | step 5242 epoch 4 loss 0.0797 step_s 0.0249 peak_mem_gb 0.409
2026-10-01 22:38:33,403 | DEBUG | step 5243 epoch 4 loss 0.2176 step_s 0.0239 peak_mem_gb 0.409
2026-10-01 22:38:33,428 | DEBUG | step 5244 epoch 4 loss 0.1533 step_s 0.0244 peak_mem_gb 0.409
2026-10-01 22:38:33,453 | DEBUG | step 5245 epoch 4 loss 0.0269 step_s 0.0241 peak_mem_gb 0.409
2026-10-01 22:38:33,478 | DEBUG | step 5246 epoch 4 loss 0.0779 step_s 0.0243 peak_mem_gb 0.409
2026-10-01 22:38:33,504 | DEBUG | step 5247 epoch 4 loss 0.0329 step_s 0.0243 peak_mem_gb 0.409
2026-10-01 22:38:33,528 | DEBUG | step 5248 epoch 4 loss 0.1326 step_s 0.0234 peak_mem_gb 0.409
2026-10-01 22:38:33,551 | DEBUG | step 5249 epoch 4 loss 0.1247 step_s 0.0220 peak_mem_gb 0.409
2026-10-01 22:38:33,575 | DEBUG | step 5250 epoch 4 loss 0.1313 step_s 0.0232 peak_mem_gb 0.409
2026-10-01 22:38:33,598 | DEBUG | step 5251 epoch 4 loss 0.0921 step_s 0.0224 peak_mem_gb 0.409
2026-10-01 22:38:33,622 | DEBUG | step 5252 epoch 4 loss 0.0263 step_s 0.0231 peak_mem_gb 0.409
2026-10-01 22:38:33,647 | DEBUG | step 5253 epoch 4 loss 0.0477 step_s 0.0235 peak_mem_gb 0.409
2026-10-01 22:38:33,671 | DEBUG | step 5254 epoch 4 loss 0.0795 step_s 0.0235 peak_mem_gb 0.409
2026-10-01 22:38:33,696 | DEBUG | step 5255 epoch 4 loss 0.0959 step_s 0.0239 peak_mem_gb 0.409
2026-10-01 22:38:33,722 | DEBUG | step 5256 epoch 4 loss 0.0891 step_s 0.0249 peak_mem_gb 0.409
2026-10-01 22:38:33,747 | DEBUG | step 5257 epoch 4 loss 0.0599 step_s 0.0239 peak_mem_gb 0.409
2026-10-01 22:38:33,771 | DEBUG | step 5258 epoch 4 loss 0.0323 step_s 0.0235 peak_mem_gb 0.409
2026-10-01 22:38:33,791 | DEBUG | step 5259 epoch 4 loss 0.0424 step_s 0.0192 peak_mem_gb 0.409
2026-10-01 22:38:33,816 | DEBUG | step 5260 epoch 4 loss 0.0837 step_s 0.0240 peak_mem_gb 0.409
2026-10-01 22:38:33,841 | DEBUG | step 5261 epoch 4 loss 0.0717 step_s 0.0238 peak_mem_gb 0.409
2026-10-01 22:38:33,864 | DEBUG | step 5262 epoch 4 loss 0.0602 step_s 0.0221 peak_mem_gb 0.409
2026-10-01 22:38:33,889 | DEBUG | step 5263 epoch 4 loss 0.0287 step_s 0.0248 peak_mem_gb 0.409
2026-10-01 22:38:33,914 | DEBUG | step 5264 epoch 4 loss 0.0475 step_s 0.0240 peak_mem_gb 0.409
2026-10-01 22:38:33,939 | DEBUG | step 5265 epoch 4 loss 0.0863 step_s 0.0235 peak_mem_gb 0.409
2026-10-01 22:38:33,963 | DEBUG | step 5266 epoch 4 loss 0.0859 step_s 0.0240 peak_mem_gb 0.409
2026-10-01 22:38:33,988 | DEBUG | step 5267 epoch 4 loss 0.0578 step_s 0.0236 peak_mem_gb 0.409
2026-10-01 22:38:34,013 | DEBUG | step 5268 epoch 4 loss 0.0914 step_s 0.0237 peak_mem_gb 0.409
2026-10-01 22:38:34,033 | DEBUG | step 5269 epoch 4 loss 0.1954 step_s 0.0199 peak_mem_gb 0.409
2026-10-01 22:38:34,054 | DEBUG | step 5270 epoch 4 loss 0.0485 step_s 0.0190 peak_mem_gb 0.409
2026-10-01 22:38:34,077 | DEBUG | step 5271 epoch 4 loss 0.1401 step_s 0.0224 peak_mem_gb 0.409
2026-10-01 22:38:34,097 | DEBUG | step 5272 epoch 4 loss 0.0267 step_s 0.0188 peak_mem_gb 0.409
2026-10-01 22:38:34,122 | DEBUG | step 5273 epoch 4 loss 0.0802 step_s 0.0246 peak_mem_gb 0.409
2026-10-01 22:38:34,144 | DEBUG | step 5274 epoch 4 loss 0.0355 step_s 0.0208 peak_mem_gb 0.409
2026-10-01 22:38:34,169 | DEBUG | step 5275 epoch 4 loss 0.1299 step_s 0.0240 peak_mem_gb 0.409
2026-10-01 22:38:34,193 | DEBUG | step 5276 epoch 4 loss 0.0587 step_s 0.0229 peak_mem_gb 0.409
2026-10-01 22:38:34,218 | DEBUG | step 5277 epoch 4 loss 0.1239 step_s 0.0239 peak_mem_gb 0.409
2026-10-01 22:38:34,243 | DEBUG | step 5278 epoch 4 loss 0.0824 step_s 0.0243 peak_mem_gb 0.409
2026-10-01 22:38:34,268 | DEBUG | step 5279 epoch 4 loss 0.0788 step_s 0.0239 peak_mem_gb 0.409
2026-10-01 22:38:34,291 | DEBUG | step 5280 epoch 4 loss 0.1382 step_s 0.0227 peak_mem_gb 0.409
2026-10-01 22:38:34,316 | DEBUG | step 5281 epoch 4 loss 0.0458 step_s 0.0237 peak_mem_gb 0.409
2026-10-01 22:38:34,340 | DEBUG | step 5282 epoch 4 loss 0.0378 step_s 0.0234 peak_mem_gb 0.409
2026-10-01 22:38:34,365 | DEBUG | step 5283 epoch 4 loss 0.0910 step_s 0.0241 peak_mem_gb 0.409
2026-10-01 22:38:34,390 | DEBUG | step 5284 epoch 4 loss 0.0410 step_s 0.0242 peak_mem_gb 0.409
2026-10-01 22:38:34,417 | DEBUG | step 5285 epoch 4 loss 0.1257 step_s 0.0256 peak_mem_gb 0.409
2026-10-01 22:38:34,443 | DEBUG | step 5286 epoch 4 loss 0.1049 step_s 0.0253 peak_mem_gb 0.409
2026-10-01 22:38:34,469 | DEBUG | step 5287 epoch 4 loss 0.0689 step_s 0.0248 peak_mem_gb 0.409
2026-10-01 22:38:34,494 | DEBUG | step 5288 epoch 4 loss 0.1985 step_s 0.0237 peak_mem_gb 0.409
2026-10-01 22:38:34,519 | DEBUG | step 5289 epoch 4 loss 0.1240 step_s 0.0239 peak_mem_gb 0.409
2026-10-01 22:38:34,543 | DEBUG | step 5290 epoch 4 loss 0.0649 step_s 0.0231 peak_mem_gb 0.409
2026-10-01 22:38:34,568 | DEBUG | step 5291 epoch 4 loss 0.0381 step_s 0.0234 peak_mem_gb 0.409
2026-10-01 22:38:34,592 | DEBUG | step 5292 epoch 4 loss 0.1198 step_s 0.0238 peak_mem_gb 0.409
2026-10-01 22:38:34,617 | DEBUG | step 5293 epoch 4 loss 0.0709 step_s 0.0234 peak_mem_gb 0.409
2026-10-01 22:38:34,641 | DEBUG | step 5294 epoch 4 loss 0.0503 step_s 0.0234 peak_mem_gb 0.409
2026-10-01 22:38:34,666 | DEBUG | step 5295 epoch 4 loss 0.0982 step_s 0.0240 peak_mem_gb 0.409
2026-10-01 22:38:34,691 | DEBUG | step 5296 epoch 4 loss 0.1592 step_s 0.0240 peak_mem_gb 0.409
2026-10-01 22:38:34,710 | DEBUG | step 5297 epoch 4 loss 0.0893 step_s 0.0184 peak_mem_gb 0.409
2026-10-01 22:38:34,734 | DEBUG | step 5298 epoch 4 loss 0.0387 step_s 0.0231 peak_mem_gb 0.409
2026-10-01 22:38:34,758 | DEBUG | step 5299 epoch 4 loss 0.0549 step_s 0.0229 peak_mem_gb 0.409
2026-10-01 22:38:34,784 | DEBUG | step 5300 epoch 4 loss 0.1104 step_s 0.0249 peak_mem_gb 0.409
2026-10-01 22:38:34,810 | DEBUG | step 5301 epoch 4 loss 0.1623 step_s 0.0246 peak_mem_gb 0.409
2026-10-01 22:38:34,834 | DEBUG | step 5302 epoch 4 loss 0.0947 step_s 0.0235 peak_mem_gb 0.409
2026-10-01 22:38:34,859 | DEBUG | step 5303 epoch 4 loss 0.0767 step_s 0.0239 peak_mem_gb 0.409
2026-10-01 22:38:34,883 | DEBUG | step 5304 epoch 4 loss 0.0296 step_s 0.0236 peak_mem_gb 0.409
2026-10-01 22:38:34,908 | DEBUG | step 5305 epoch 4 loss 0.1624 step_s 0.0238 peak_mem_gb 0.409
2026-10-01 22:38:34,934 | DEBUG | step 5306 epoch 4 loss 0.0292 step_s 0.0248 peak_mem_gb 0.409
2026-10-01 22:38:34,958 | DEBUG | step 5307 epoch 4 loss 0.0670 step_s 0.0235 peak_mem_gb 0.409
2026-10-01 22:38:34,983 | DEBUG | step 5308 epoch 4 loss 0.0613 step_s 0.0237 peak_mem_gb 0.409
2026-10-01 22:38:35,008 | DEBUG | step 5309 epoch 4 loss 0.0737 step_s 0.0236 peak_mem_gb 0.409
2026-10-01 22:38:35,032 | DEBUG | step 5310 epoch 4 loss 0.0281 step_s 0.0234 peak_mem_gb 0.409
2026-10-01 22:38:35,057 | DEBUG | step 5311 epoch 4 loss 0.1886 step_s 0.0244 peak_mem_gb 0.409
2026-10-01 22:38:35,083 | DEBUG | step 5312 epoch 4 loss 0.0820 step_s 0.0248 peak_mem_gb 0.409
2026-10-01 22:38:35,109 | DEBUG | step 5313 epoch 4 loss 0.0708 step_s 0.0250 peak_mem_gb 0.409
2026-10-01 22:38:35,135 | DEBUG | step 5314 epoch 4 loss 0.0779 step_s 0.0249 peak_mem_gb 0.409
2026-10-01 22:38:35,160 | DEBUG | step 5315 epoch 4 loss 0.0753 step_s 0.0238 peak_mem_gb 0.409
2026-10-01 22:38:35,184 | DEBUG | step 5316 epoch 4 loss 0.0264 step_s 0.0229 peak_mem_gb 0.409
2026-10-01 22:38:35,210 | DEBUG | step 5317 epoch 4 loss 0.0480 step_s 0.0253 peak_mem_gb 0.409
2026-10-01 22:38:35,236 | DEBUG | step 5318 epoch 4 loss 0.0463 step_s 0.0246 peak_mem_gb 0.409
2026-10-01 22:38:35,263 | DEBUG | step 5319 epoch 4 loss 0.1016 step_s 0.0255 peak_mem_gb 0.409
2026-10-01 22:38:35,290 | DEBUG | step 5320 epoch 4 loss 0.1065 step_s 0.0264 peak_mem_gb 0.409
2026-10-01 22:38:35,315 | DEBUG | step 5321 epoch 4 loss 0.1561 step_s 0.0241 peak_mem_gb 0.409
2026-10-01 22:38:35,342 | DEBUG | step 5322 epoch 4 loss 0.0185 step_s 0.0256 peak_mem_gb 0.409
2026-10-01 22:38:35,364 | DEBUG | step 5323 epoch 4 loss 0.0578 step_s 0.0206 peak_mem_gb 0.409
2026-10-01 22:38:35,388 | DEBUG | step 5324 epoch 4 loss 0.0918 step_s 0.0232 peak_mem_gb 0.409
2026-10-01 22:38:35,411 | DEBUG | step 5325 epoch 4 loss 0.0460 step_s 0.0214 peak_mem_gb 0.409
2026-10-01 22:38:35,435 | DEBUG | step 5326 epoch 4 loss 0.0676 step_s 0.0237 peak_mem_gb 0.409
2026-10-01 22:38:35,456 | DEBUG | step 5327 epoch 4 loss 0.0447 step_s 0.0189 peak_mem_gb 0.409
2026-10-01 22:38:35,482 | DEBUG | step 5328 epoch 4 loss 0.0875 step_s 0.0257 peak_mem_gb 0.409
2026-10-01 22:38:35,507 | DEBUG | step 5329 epoch 4 loss 0.1468 step_s 0.0240 peak_mem_gb 0.409
2026-10-01 22:38:35,530 | DEBUG | step 5330 epoch 4 loss 0.0579 step_s 0.0218 peak_mem_gb 0.409
2026-10-01 22:38:35,555 | DEBUG | step 5331 epoch 4 loss 0.0670 step_s 0.0244 peak_mem_gb 0.409
2026-10-01 22:38:35,580 | DEBUG | step 5332 epoch 4 loss 0.0343 step_s 0.0243 peak_mem_gb 0.409
2026-10-01 22:38:35,606 | DEBUG | step 5333 epoch 4 loss 0.0637 step_s 0.0246 peak_mem_gb 0.409
2026-10-01 22:38:35,633 | DEBUG | step 5334 epoch 4 loss 0.0655 step_s 0.0256 peak_mem_gb 0.409
2026-10-01 22:38:35,657 | DEBUG | step 5335 epoch 4 loss 0.1493 step_s 0.0237 peak_mem_gb 0.409
2026-10-01 22:38:35,682 | DEBUG | step 5336 epoch 4 loss 0.0477 step_s 0.0241 peak_mem_gb 0.409
2026-10-01 22:38:35,707 | DEBUG | step 5337 epoch 4 loss 0.0737 step_s 0.0238 peak_mem_gb 0.409
2026-10-01 22:38:35,733 | DEBUG | step 5338 epoch 4 loss 0.0749 step_s 0.0247 peak_mem_gb 0.409
2026-10-01 22:38:35,756 | DEBUG | step 5339 epoch 4 loss 0.0986 step_s 0.0226 peak_mem_gb 0.409
2026-10-01 22:38:35,782 | DEBUG | step 5340 epoch 4 loss 0.0627 step_s 0.0249 peak_mem_gb 0.409
2026-10-01 22:38:35,813 | DEBUG | step 5341 epoch 4 loss 0.0343 step_s 0.0296 peak_mem_gb 0.409
2026-10-01 22:38:35,837 | DEBUG | step 5342 epoch 4 loss 0.0752 step_s 0.0229 peak_mem_gb 0.409
2026-10-01 22:38:35,861 | DEBUG | step 5343 epoch 4 loss 0.0567 step_s 0.0219 peak_mem_gb 0.409
2026-10-01 22:38:35,891 | DEBUG | step 5344 epoch 4 loss 0.0878 step_s 0.0286 peak_mem_gb 0.409
2026-10-01 22:38:35,923 | DEBUG | step 5345 epoch 4 loss 0.0386 step_s 0.0305 peak_mem_gb 0.409
2026-10-01 22:38:35,948 | DEBUG | step 5346 epoch 4 loss 0.1033 step_s 0.0238 peak_mem_gb 0.409
2026-10-01 22:38:35,975 | DEBUG | step 5347 epoch 4 loss 0.0902 step_s 0.0257 peak_mem_gb 0.409
2026-10-01 22:38:36,000 | DEBUG | step 5348 epoch 4 loss 0.0302 step_s 0.0241 peak_mem_gb 0.409
2026-10-01 22:38:36,028 | DEBUG | step 5349 epoch 4 loss 0.1060 step_s 0.0268 peak_mem_gb 0.409
2026-10-01 22:38:36,052 | DEBUG | step 5350 epoch 4 loss 0.0713 step_s 0.0228 peak_mem_gb 0.409
2026-10-01 22:38:36,078 | DEBUG | step 5351 epoch 4 loss 0.0414 step_s 0.0246 peak_mem_gb 0.409
2026-10-01 22:38:36,104 | DEBUG | step 5352 epoch 4 loss 0.0554 step_s 0.0251 peak_mem_gb 0.409
2026-10-01 22:38:36,130 | DEBUG | step 5353 epoch 4 loss 0.0582 step_s 0.0254 peak_mem_gb 0.409
2026-10-01 22:38:36,157 | DEBUG | step 5354 epoch 4 loss 0.0508 step_s 0.0253 peak_mem_gb 0.409
2026-10-01 22:38:36,184 | DEBUG | step 5355 epoch 4 loss 0.0949 step_s 0.0260 peak_mem_gb 0.409
2026-10-01 22:38:36,209 | DEBUG | step 5356 epoch 4 loss 0.1106 step_s 0.0241 peak_mem_gb 0.409
2026-10-01 22:38:36,228 | DEBUG | step 5357 epoch 4 loss 0.0123 step_s 0.0185 peak_mem_gb 0.409
2026-10-01 22:38:36,250 | DEBUG | step 5358 epoch 4 loss 0.0457 step_s 0.0207 peak_mem_gb 0.409
2026-10-01 22:38:36,272 | DEBUG | step 5359 epoch 4 loss 0.0363 step_s 0.0207 peak_mem_gb 0.409
2026-10-01 22:38:36,295 | DEBUG | step 5360 epoch 4 loss 0.0842 step_s 0.0229 peak_mem_gb 0.409
2026-10-01 22:38:36,320 | DEBUG | step 5361 epoch 4 loss 0.2281 step_s 0.0241 peak_mem_gb 0.409
2026-10-01 22:38:36,345 | DEBUG | step 5362 epoch 4 loss 0.1237 step_s 0.0239 peak_mem_gb 0.409
2026-10-01 22:38:36,372 | DEBUG | step 5363 epoch 4 loss 0.1289 step_s 0.0258 peak_mem_gb 0.409
2026-10-01 22:38:36,392 | DEBUG | step 5364 epoch 4 loss 0.0426 step_s 0.0192 peak_mem_gb 0.409
2026-10-01 22:38:36,417 | DEBUG | step 5365 epoch 4 loss 0.1199 step_s 0.0236 peak_mem_gb 0.409
2026-10-01 22:38:36,443 | DEBUG | step 5366 epoch 4 loss 0.0629 step_s 0.0244 peak_mem_gb 0.409
2026-10-01 22:38:36,471 | DEBUG | step 5367 epoch 4 loss 0.1069 step_s 0.0276 peak_mem_gb 0.409
2026-10-01 22:38:36,499 | DEBUG | step 5368 epoch 4 loss 0.0924 step_s 0.0259 peak_mem_gb 0.409
2026-10-01 22:38:36,524 | DEBUG | step 5369 epoch 4 loss 0.0617 step_s 0.0247 peak_mem_gb 0.409
2026-10-01 22:38:36,551 | DEBUG | step 5370 epoch 4 loss 0.0386 step_s 0.0255 peak_mem_gb 0.409
2026-10-01 22:38:36,575 | DEBUG | step 5371 epoch 4 loss 0.0263 step_s 0.0232 peak_mem_gb 0.409
2026-10-01 22:38:36,600 | DEBUG | step 5372 epoch 4 loss 0.0737 step_s 0.0242 peak_mem_gb 0.409
2026-10-01 22:38:36,625 | DEBUG | step 5373 epoch 4 loss 0.0234 step_s 0.0242 peak_mem_gb 0.409
2026-10-01 22:38:36,650 | DEBUG | step 5374 epoch 4 loss 0.0235 step_s 0.0240 peak_mem_gb 0.409
2026-10-01 22:38:36,676 | DEBUG | step 5375 epoch 4 loss 0.0746 step_s 0.0247 peak_mem_gb 0.409
2026-10-01 22:38:36,701 | DEBUG | step 5376 epoch 4 loss 0.0725 step_s 0.0238 peak_mem_gb 0.409
2026-10-01 22:38:36,726 | DEBUG | step 5377 epoch 4 loss 0.1047 step_s 0.0238 peak_mem_gb 0.409
2026-10-01 22:38:36,751 | DEBUG | step 5378 epoch 4 loss 0.0866 step_s 0.0247 peak_mem_gb 0.409
2026-10-01 22:38:36,777 | DEBUG | step 5379 epoch 4 loss 0.1804 step_s 0.0244 peak_mem_gb 0.409
2026-10-01 22:38:36,802 | DEBUG | step 5380 epoch 4 loss 0.0927 step_s 0.0245 peak_mem_gb 0.409
2026-10-01 22:38:36,830 | DEBUG | step 5381 epoch 4 loss 0.0913 step_s 0.0262 peak_mem_gb 0.409
2026-10-01 22:38:36,856 | DEBUG | step 5382 epoch 4 loss 0.0339 step_s 0.0253 peak_mem_gb 0.409
2026-10-01 22:38:36,886 | DEBUG | step 5383 epoch 4 loss 0.1020 step_s 0.0286 peak_mem_gb 0.409
2026-10-01 22:38:36,915 | DEBUG | step 5384 epoch 4 loss 0.0851 step_s 0.0274 peak_mem_gb 0.409
2026-10-01 22:38:36,942 | DEBUG | step 5385 epoch 4 loss 0.0718 step_s 0.0257 peak_mem_gb 0.409
2026-10-01 22:38:36,968 | DEBUG | step 5386 epoch 4 loss 0.0379 step_s 0.0251 peak_mem_gb 0.409
2026-10-01 22:38:36,995 | DEBUG | step 5387 epoch 4 loss 0.0610 step_s 0.0256 peak_mem_gb 0.409
2026-10-01 22:38:37,020 | DEBUG | step 5388 epoch 4 loss 0.0668 step_s 0.0234 peak_mem_gb 0.409
2026-10-01 22:38:37,046 | DEBUG | step 5389 epoch 4 loss 0.0511 step_s 0.0250 peak_mem_gb 0.409
2026-10-01 22:38:37,071 | DEBUG | step 5390 epoch 4 loss 0.0674 step_s 0.0239 peak_mem_gb 0.409
2026-10-01 22:38:37,094 | DEBUG | step 5391 epoch 4 loss 0.0505 step_s 0.0220 peak_mem_gb 0.409
2026-10-01 22:38:37,114 | DEBUG | step 5392 epoch 4 loss 0.1032 step_s 0.0193 peak_mem_gb 0.409
2026-10-01 22:38:37,134 | DEBUG | step 5393 epoch 4 loss 0.0440 step_s 0.0191 peak_mem_gb 0.409
2026-10-01 22:38:37,159 | DEBUG | step 5394 epoch 4 loss 0.0562 step_s 0.0242 peak_mem_gb 0.409
2026-10-01 22:38:37,188 | DEBUG | step 5395 epoch 4 loss 0.0678 step_s 0.0271 peak_mem_gb 0.409
2026-10-01 22:38:37,214 | DEBUG | step 5396 epoch 4 loss 0.0213 step_s 0.0248 peak_mem_gb 0.409
2026-10-01 22:38:37,238 | DEBUG | step 5397 epoch 4 loss 0.0904 step_s 0.0234 peak_mem_gb 0.409
2026-10-01 22:38:37,262 | DEBUG | step 5398 epoch 4 loss 0.0445 step_s 0.0230 peak_mem_gb 0.409
2026-10-01 22:38:37,287 | DEBUG | step 5399 epoch 4 loss 0.0970 step_s 0.0241 peak_mem_gb 0.409
2026-10-01 22:38:37,310 | INFO | step 5400 epoch 4 loss 0.1202 step_s 0.0217 peak_mem_gb 0.409
2026-10-01 22:38:37,334 | DEBUG | step 5401 epoch 4 loss 0.1586 step_s 0.0225 peak_mem_gb 0.409
2026-10-01 22:38:37,354 | DEBUG | step 5402 epoch 4 loss 0.0706 step_s 0.0189 peak_mem_gb 0.409
2026-10-01 22:38:37,379 | DEBUG | step 5403 epoch 4 loss 0.0755 step_s 0.0234 peak_mem_gb 0.409
2026-10-01 22:38:37,398 | DEBUG | step 5404 epoch 4 loss 0.0333 step_s 0.0177 peak_mem_gb 0.409
2026-10-01 22:38:37,419 | DEBUG | step 5405 epoch 4 loss 0.0832 step_s 0.0200 peak_mem_gb 0.409
2026-10-01 22:38:37,445 | DEBUG | step 5406 epoch 4 loss 0.0985 step_s 0.0255 peak_mem_gb 0.409
2026-10-01 22:38:37,469 | DEBUG | step 5407 epoch 4 loss 0.0510 step_s 0.0231 peak_mem_gb 0.409
2026-10-01 22:38:37,493 | DEBUG | step 5408 epoch 4 loss 0.0677 step_s 0.0232 peak_mem_gb 0.409
2026-10-01 22:38:37,518 | DEBUG | step 5409 epoch 4 loss 0.0880 step_s 0.0238 peak_mem_gb 0.409
2026-10-01 22:38:37,536 | DEBUG | step 5410 epoch 4 loss 0.1445 step_s 0.0170 peak_mem_gb 0.409
2026-10-01 22:38:37,556 | DEBUG | step 5411 epoch 4 loss 0.0680 step_s 0.0193 peak_mem_gb 0.409
2026-10-01 22:38:37,580 | DEBUG | step 5412 epoch 4 loss 0.0351 step_s 0.0230 peak_mem_gb 0.409
2026-10-01 22:38:37,606 | DEBUG | step 5413 epoch 4 loss 0.0283 step_s 0.0255 peak_mem_gb 0.409
2026-10-01 22:38:37,626 | DEBUG | step 5414 epoch 4 loss 0.0866 step_s 0.0190 peak_mem_gb 0.409
2026-10-01 22:38:37,651 | DEBUG | step 5415 epoch 4 loss 0.0680 step_s 0.0235 peak_mem_gb 0.409
2026-10-01 22:38:37,675 | DEBUG | step 5416 epoch 4 loss 0.1428 step_s 0.0232 peak_mem_gb 0.409
2026-10-01 22:38:37,699 | DEBUG | step 5417 epoch 4 loss 0.0647 step_s 0.0234 peak_mem_gb 0.409
2026-10-01 22:38:37,722 | DEBUG | step 5418 epoch 4 loss 0.1488 step_s 0.0224 peak_mem_gb 0.409
2026-10-01 22:38:37,744 | DEBUG | step 5419 epoch 4 loss 0.0365 step_s 0.0207 peak_mem_gb 0.409
2026-10-01 22:38:37,767 | DEBUG | step 5420 epoch 4 loss 0.1163 step_s 0.0219 peak_mem_gb 0.409
2026-10-01 22:38:37,794 | DEBUG | step 5421 epoch 4 loss 0.0704 step_s 0.0261 peak_mem_gb 0.409
2026-10-01 22:38:37,818 | DEBUG | step 5422 epoch 4 loss 0.1081 step_s 0.0234 peak_mem_gb 0.409
2026-10-01 22:38:37,842 | DEBUG | step 5423 epoch 4 loss 0.0272 step_s 0.0225 peak_mem_gb 0.409
2026-10-01 22:38:37,867 | DEBUG | step 5424 epoch 4 loss 0.0565 step_s 0.0241 peak_mem_gb 0.409
2026-10-01 22:38:37,889 | DEBUG | step 5425 epoch 4 loss 0.0933 step_s 0.0212 peak_mem_gb 0.409
2026-10-01 22:38:37,919 | DEBUG | step 5426 epoch 4 loss 0.1313 step_s 0.0283 peak_mem_gb 0.409
2026-10-01 22:38:37,948 | DEBUG | step 5427 epoch 4 loss 0.0364 step_s 0.0273 peak_mem_gb 0.409
2026-10-01 22:38:37,976 | DEBUG | step 5428 epoch 4 loss 0.0723 step_s 0.0266 peak_mem_gb 0.409
2026-10-01 22:38:38,002 | DEBUG | step 5429 epoch 4 loss 0.1398 step_s 0.0248 peak_mem_gb 0.409
2026-10-01 22:38:38,025 | DEBUG | step 5430 epoch 4 loss 0.0542 step_s 0.0218 peak_mem_gb 0.409
2026-10-01 22:38:38,048 | DEBUG | step 5431 epoch 4 loss 0.2182 step_s 0.0221 peak_mem_gb 0.409
2026-10-01 22:38:38,073 | DEBUG | step 5432 epoch 4 loss 0.0312 step_s 0.0242 peak_mem_gb 0.409
2026-10-01 22:38:38,094 | DEBUG | step 5433 epoch 4 loss 0.0614 step_s 0.0205 peak_mem_gb 0.409
2026-10-01 22:38:38,119 | DEBUG | step 5434 epoch 4 loss 0.0363 step_s 0.0233 peak_mem_gb 0.409
2026-10-01 22:38:38,144 | DEBUG | step 5435 epoch 4 loss 0.0750 step_s 0.0247 peak_mem_gb 0.409
2026-10-01 22:38:38,169 | DEBUG | step 5436 epoch 4 loss 0.0528 step_s 0.0239 peak_mem_gb 0.409
2026-10-01 22:38:38,195 | DEBUG | step 5437 epoch 4 loss 0.0560 step_s 0.0242 peak_mem_gb 0.409
2026-10-01 22:38:38,217 | DEBUG | step 5438 epoch 4 loss 0.1452 step_s 0.0214 peak_mem_gb 0.409
2026-10-01 22:38:38,241 | DEBUG | step 5439 epoch 4 loss 0.1376 step_s 0.0220 peak_mem_gb 0.409
2026-10-01 22:38:38,267 | DEBUG | step 5440 epoch 4 loss 0.2046 step_s 0.0249 peak_mem_gb 0.409
2026-10-01 22:38:38,293 | DEBUG | step 5441 epoch 4 loss 0.1111 step_s 0.0245 peak_mem_gb 0.409
2026-10-01 22:38:38,316 | DEBUG | step 5442 epoch 4 loss 0.0983 step_s 0.0217 peak_mem_gb 0.409
2026-10-01 22:38:38,340 | DEBUG | step 5443 epoch 4 loss 0.0614 step_s 0.0238 peak_mem_gb 0.409
2026-10-01 22:38:38,365 | DEBUG | step 5444 epoch 4 loss 0.1930 step_s 0.0234 peak_mem_gb 0.409
2026-10-01 22:38:38,388 | DEBUG | step 5445 epoch 4 loss 0.0496 step_s 0.0225 peak_mem_gb 0.409
2026-10-01 22:38:38,412 | DEBUG | step 5446 epoch 4 loss 0.0755 step_s 0.0230 peak_mem_gb 0.409
2026-10-01 22:38:38,436 | DEBUG | step 5447 epoch 4 loss 0.0821 step_s 0.0232 peak_mem_gb 0.409
2026-10-01 22:38:38,460 | DEBUG | step 5448 epoch 4 loss 0.0957 step_s 0.0236 peak_mem_gb 0.409
2026-10-01 22:38:38,488 | DEBUG | step 5449 epoch 4 loss 0.0985 step_s 0.0267 peak_mem_gb 0.409
2026-10-01 22:38:38,515 | DEBUG | step 5450 epoch 4 loss 0.0840 step_s 0.0253 peak_mem_gb 0.409
2026-10-01 22:38:38,540 | DEBUG | step 5451 epoch 4 loss 0.0890 step_s 0.0241 peak_mem_gb 0.409
2026-10-01 22:38:38,565 | DEBUG | step 5452 epoch 4 loss 0.0377 step_s 0.0244 peak_mem_gb 0.409
2026-10-01 22:38:38,590 | DEBUG | step 5453 epoch 4 loss 0.0185 step_s 0.0240 peak_mem_gb 0.409
2026-10-01 22:38:38,615 | DEBUG | step 5454 epoch 4 loss 0.0639 step_s 0.0240 peak_mem_gb 0.409
2026-10-01 22:38:38,636 | DEBUG | step 5455 epoch 4 loss 0.1369 step_s 0.0205 peak_mem_gb 0.409
2026-10-01 22:38:38,658 | DEBUG | step 5456 epoch 4 loss 0.0305 step_s 0.0204 peak_mem_gb 0.409
2026-10-01 22:38:38,683 | DEBUG | step 5457 epoch 4 loss 0.0726 step_s 0.0244 peak_mem_gb 0.409
2026-10-01 22:38:38,707 | DEBUG | step 5458 epoch 4 loss 0.0638 step_s 0.0225 peak_mem_gb 0.409
2026-10-01 22:38:38,731 | DEBUG | step 5459 epoch 4 loss 0.1631 step_s 0.0237 peak_mem_gb 0.409
2026-10-01 22:38:38,754 | DEBUG | step 5460 epoch 4 loss 0.0633 step_s 0.0215 peak_mem_gb 0.409
2026-10-01 22:38:38,778 | DEBUG | step 5461 epoch 4 loss 0.0686 step_s 0.0234 peak_mem_gb 0.409
2026-10-01 22:38:38,803 | DEBUG | step 5462 epoch 4 loss 0.0919 step_s 0.0235 peak_mem_gb 0.409
2026-10-01 22:38:38,828 | DEBUG | step 5463 epoch 4 loss 0.0627 step_s 0.0249 peak_mem_gb 0.409
2026-10-01 22:38:38,854 | DEBUG | step 5464 epoch 4 loss 0.0472 step_s 0.0245 peak_mem_gb 0.409
2026-10-01 22:38:38,880 | DEBUG | step 5465 epoch 4 loss 0.0702 step_s 0.0250 peak_mem_gb 0.409
2026-10-01 22:38:38,908 | DEBUG | step 5466 epoch 4 loss 0.1281 step_s 0.0264 peak_mem_gb 0.409
2026-10-01 22:38:38,936 | DEBUG | step 5467 epoch 4 loss 0.0578 step_s 0.0269 peak_mem_gb 0.409
2026-10-01 22:38:38,960 | DEBUG | step 5468 epoch 4 loss 0.0840 step_s 0.0229 peak_mem_gb 0.409
2026-10-01 22:38:38,982 | DEBUG | step 5469 epoch 4 loss 0.0810 step_s 0.0210 peak_mem_gb 0.409
2026-10-01 22:38:39,009 | DEBUG | step 5470 epoch 4 loss 0.0663 step_s 0.0254 peak_mem_gb 0.409
2026-10-01 22:38:39,035 | DEBUG | step 5471 epoch 4 loss 0.0647 step_s 0.0257 peak_mem_gb 0.409
2026-10-01 22:38:39,061 | DEBUG | step 5472 epoch 4 loss 0.1084 step_s 0.0241 peak_mem_gb 0.409
2026-10-01 22:38:39,085 | DEBUG | step 5473 epoch 4 loss 0.1282 step_s 0.0236 peak_mem_gb 0.409
2026-10-01 22:38:39,111 | DEBUG | step 5474 epoch 4 loss 0.1040 step_s 0.0246 peak_mem_gb 0.409
2026-10-01 22:38:39,134 | DEBUG | step 5475 epoch 4 loss 0.0804 step_s 0.0217 peak_mem_gb 0.409
2026-10-01 22:38:39,159 | DEBUG | step 5476 epoch 4 loss 0.1244 step_s 0.0240 peak_mem_gb 0.409
2026-10-01 22:38:39,184 | DEBUG | step 5477 epoch 4 loss 0.0501 step_s 0.0241 peak_mem_gb 0.409
2026-10-01 22:38:39,209 | DEBUG | step 5478 epoch 4 loss 0.1033 step_s 0.0243 peak_mem_gb 0.409
2026-10-01 22:38:39,234 | DEBUG | step 5479 epoch 4 loss 0.0571 step_s 0.0242 peak_mem_gb 0.409
2026-10-01 22:38:39,259 | DEBUG | step 5480 epoch 4 loss 0.0852 step_s 0.0235 peak_mem_gb 0.409
2026-10-01 22:38:39,283 | DEBUG | step 5481 epoch 4 loss 0.0896 step_s 0.0239 peak_mem_gb 0.409
2026-10-01 22:38:39,308 | DEBUG | step 5482 epoch 4 loss 0.1010 step_s 0.0232 peak_mem_gb 0.409
2026-10-01 22:38:39,332 | DEBUG | step 5483 epoch 4 loss 0.1090 step_s 0.0236 peak_mem_gb 0.409
2026-10-01 22:38:39,358 | DEBUG | step 5484 epoch 4 loss 0.0506 step_s 0.0248 peak_mem_gb 0.409
2026-10-01 22:38:39,382 | DEBUG | step 5485 epoch 4 loss 0.1035 step_s 0.0235 peak_mem_gb 0.409
2026-10-01 22:38:39,407 | DEBUG | step 5486 epoch 4 loss 0.1089 step_s 0.0238 peak_mem_gb 0.409
2026-10-01 22:38:39,431 | DEBUG | step 5487 epoch 4 loss 0.0369 step_s 0.0235 peak_mem_gb 0.409
2026-10-01 22:38:39,454 | DEBUG | step 5488 epoch 4 loss 0.1160 step_s 0.0224 peak_mem_gb 0.409
2026-10-01 22:38:39,479 | DEBUG | step 5489 epoch 4 loss 0.0256 step_s 0.0239 peak_mem_gb 0.409
2026-10-01 22:38:39,500 | DEBUG | step 5490 epoch 4 loss 0.0407 step_s 0.0202 peak_mem_gb 0.409
2026-10-01 22:38:39,521 | DEBUG | step 5491 epoch 4 loss 0.1453 step_s 0.0198 peak_mem_gb 0.409
2026-10-01 22:38:39,547 | DEBUG | step 5492 epoch 4 loss 0.2321 step_s 0.0250 peak_mem_gb 0.409
2026-10-01 22:38:39,570 | DEBUG | step 5493 epoch 4 loss 0.0254 step_s 0.0222 peak_mem_gb 0.409
2026-10-01 22:38:39,594 | DEBUG | step 5494 epoch 4 loss 0.1541 step_s 0.0232 peak_mem_gb 0.409
2026-10-01 22:38:39,619 | DEBUG | step 5495 epoch 4 loss 0.0338 step_s 0.0239 peak_mem_gb 0.409
2026-10-01 22:38:39,644 | DEBUG | step 5496 epoch 4 loss 0.0748 step_s 0.0238 peak_mem_gb 0.409
2026-10-01 22:38:39,668 | DEBUG | step 5497 epoch 4 loss 0.0842 step_s 0.0233 peak_mem_gb 0.409
2026-10-01 22:38:39,692 | DEBUG | step 5498 epoch 4 loss 0.0752 step_s 0.0231 peak_mem_gb 0.409
2026-10-01 22:38:39,718 | DEBUG | step 5499 epoch 4 loss 0.0252 step_s 0.0250 peak_mem_gb 0.409
2026-10-01 22:38:39,743 | DEBUG | step 5500 epoch 4 loss 0.0495 step_s 0.0237 peak_mem_gb 0.409
2026-10-01 22:38:39,766 | DEBUG | step 5501 epoch 4 loss 0.0463 step_s 0.0216 peak_mem_gb 0.409
2026-10-01 22:38:39,784 | DEBUG | step 5502 epoch 4 loss 0.2730 step_s 0.0180 peak_mem_gb 0.409
2026-10-01 22:38:39,807 | DEBUG | step 5503 epoch 4 loss 0.0506 step_s 0.0220 peak_mem_gb 0.409
2026-10-01 22:38:39,832 | DEBUG | step 5504 epoch 4 loss 0.0764 step_s 0.0240 peak_mem_gb 0.409
2026-10-01 22:38:39,857 | DEBUG | step 5505 epoch 4 loss 0.0498 step_s 0.0237 peak_mem_gb 0.409
2026-10-01 22:38:39,882 | DEBUG | step 5506 epoch 4 loss 0.0314 step_s 0.0243 peak_mem_gb 0.409
2026-10-01 22:38:39,908 | DEBUG | step 5507 epoch 4 loss 0.0450 step_s 0.0249 peak_mem_gb 0.409
2026-10-01 22:38:39,935 | DEBUG | step 5508 epoch 4 loss 0.0462 step_s 0.0262 peak_mem_gb 0.409
2026-10-01 22:38:39,957 | DEBUG | step 5509 epoch 4 loss 0.0992 step_s 0.0205 peak_mem_gb 0.409
2026-10-01 22:38:39,982 | DEBUG | step 5510 epoch 4 loss 0.0735 step_s 0.0241 peak_mem_gb 0.409
2026-10-01 22:38:40,007 | DEBUG | step 5511 epoch 4 loss 0.1024 step_s 0.0243 peak_mem_gb 0.409
2026-10-01 22:38:40,034 | DEBUG | step 5512 epoch 4 loss 0.0585 step_s 0.0250 peak_mem_gb 0.409
2026-10-01 22:38:40,060 | DEBUG | step 5513 epoch 4 loss 0.0292 step_s 0.0259 peak_mem_gb 0.409
2026-10-01 22:38:40,084 | DEBUG | step 5514 epoch 4 loss 0.0859 step_s 0.0226 peak_mem_gb 0.409
2026-10-01 22:38:40,109 | DEBUG | step 5515 epoch 4 loss 0.0704 step_s 0.0241 peak_mem_gb 0.409
2026-10-01 22:38:40,128 | DEBUG | step 5516 epoch 4 loss 0.0499 step_s 0.0184 peak_mem_gb 0.409
2026-10-01 22:38:40,154 | DEBUG | step 5517 epoch 4 loss 0.0359 step_s 0.0244 peak_mem_gb 0.409
2026-10-01 22:38:40,179 | DEBUG | step 5518 epoch 4 loss 0.0580 step_s 0.0231 peak_mem_gb 0.409
2026-10-01 22:38:40,203 | DEBUG | step 5519 epoch 4 loss 0.1094 step_s 0.0237 peak_mem_gb 0.409
2026-10-01 22:38:40,230 | DEBUG | step 5520 epoch 4 loss 0.0717 step_s 0.0261 peak_mem_gb 0.409
2026-10-01 22:38:40,253 | DEBUG | step 5521 epoch 4 loss 0.0207 step_s 0.0213 peak_mem_gb 0.409
2026-10-01 22:38:40,275 | DEBUG | step 5522 epoch 4 loss 0.1294 step_s 0.0214 peak_mem_gb 0.409
2026-10-01 22:38:40,300 | DEBUG | step 5523 epoch 4 loss 0.0424 step_s 0.0237 peak_mem_gb 0.409
2026-10-01 22:38:40,324 | DEBUG | step 5524 epoch 4 loss 0.0660 step_s 0.0238 peak_mem_gb 0.409
2026-10-01 22:38:40,349 | DEBUG | step 5525 epoch 4 loss 0.1279 step_s 0.0238 peak_mem_gb 0.409
2026-10-01 22:38:40,374 | DEBUG | step 5526 epoch 4 loss 0.1078 step_s 0.0240 peak_mem_gb 0.409
2026-10-01 22:38:40,400 | DEBUG | step 5527 epoch 4 loss 0.0990 step_s 0.0253 peak_mem_gb 0.409
2026-10-01 22:38:40,426 | DEBUG | step 5528 epoch 4 loss 0.1412 step_s 0.0250 peak_mem_gb 0.409
2026-10-01 22:38:40,452 | DEBUG | step 5529 epoch 4 loss 0.0959 step_s 0.0247 peak_mem_gb 0.409
2026-10-01 22:38:40,477 | DEBUG | step 5530 epoch 4 loss 0.0667 step_s 0.0239 peak_mem_gb 0.409
2026-10-01 22:38:40,501 | DEBUG | step 5531 epoch 4 loss 0.0433 step_s 0.0238 peak_mem_gb 0.409
2026-10-01 22:38:40,527 | DEBUG | step 5532 epoch 4 loss 0.1137 step_s 0.0243 peak_mem_gb 0.409
2026-10-01 22:38:40,552 | DEBUG | step 5533 epoch 4 loss 0.0406 step_s 0.0245 peak_mem_gb 0.409
2026-10-01 22:38:40,579 | DEBUG | step 5534 epoch 4 loss 0.0377 step_s 0.0255 peak_mem_gb 0.409
2026-10-01 22:38:40,601 | DEBUG | step 5535 epoch 4 loss 0.0857 step_s 0.0209 peak_mem_gb 0.409
2026-10-01 22:38:40,625 | DEBUG | step 5536 epoch 4 loss 0.0901 step_s 0.0235 peak_mem_gb 0.409
2026-10-01 22:38:40,651 | DEBUG | step 5537 epoch 4 loss 0.1507 step_s 0.0240 peak_mem_gb 0.409
2026-10-01 22:38:40,675 | DEBUG | step 5538 epoch 4 loss 0.0385 step_s 0.0236 peak_mem_gb 0.409
2026-10-01 22:38:40,700 | DEBUG | step 5539 epoch 4 loss 0.0175 step_s 0.0244 peak_mem_gb 0.409
2026-10-01 22:38:40,726 | DEBUG | step 5540 epoch 4 loss 0.3145 step_s 0.0245 peak_mem_gb 0.409
2026-10-01 22:38:40,749 | DEBUG | step 5541 epoch 4 loss 0.2059 step_s 0.0221 peak_mem_gb 0.409
2026-10-01 22:38:40,771 | DEBUG | step 5542 epoch 4 loss 0.1338 step_s 0.0208 peak_mem_gb 0.409
2026-10-01 22:38:40,796 | DEBUG | step 5543 epoch 4 loss 0.0777 step_s 0.0248 peak_mem_gb 0.409
2026-10-01 22:38:40,821 | DEBUG | step 5544 epoch 4 loss 0.0507 step_s 0.0234 peak_mem_gb 0.409
2026-10-01 22:38:40,842 | DEBUG | step 5545 epoch 4 loss 0.1150 step_s 0.0206 peak_mem_gb 0.409
2026-10-01 22:38:40,868 | DEBUG | step 5546 epoch 4 loss 0.1677 step_s 0.0242 peak_mem_gb 0.409
2026-10-01 22:38:40,888 | DEBUG | step 5547 epoch 4 loss 0.1579 step_s 0.0198 peak_mem_gb 0.409
2026-10-01 22:38:40,915 | DEBUG | step 5548 epoch 4 loss 0.0741 step_s 0.0256 peak_mem_gb 0.409
2026-10-01 22:38:40,939 | DEBUG | step 5549 epoch 4 loss 0.0806 step_s 0.0230 peak_mem_gb 0.409
2026-10-01 22:38:40,964 | DEBUG | step 5550 epoch 4 loss 0.1726 step_s 0.0242 peak_mem_gb 0.409
2026-10-01 22:38:40,989 | DEBUG | step 5551 epoch 4 loss 0.0801 step_s 0.0245 peak_mem_gb 0.409
2026-10-01 22:38:41,015 | DEBUG | step 5552 epoch 4 loss 0.1205 step_s 0.0241 peak_mem_gb 0.409
2026-10-01 22:38:41,038 | DEBUG | step 5553 epoch 4 loss 0.0547 step_s 0.0225 peak_mem_gb 0.409
2026-10-01 22:38:41,064 | DEBUG | step 5554 epoch 4 loss 0.0781 step_s 0.0248 peak_mem_gb 0.409
2026-10-01 22:38:41,087 | DEBUG | step 5555 epoch 4 loss 0.0321 step_s 0.0217 peak_mem_gb 0.409
2026-10-01 22:38:41,111 | DEBUG | step 5556 epoch 4 loss 0.0996 step_s 0.0233 peak_mem_gb 0.409
2026-10-01 22:38:41,137 | DEBUG | step 5557 epoch 4 loss 0.2182 step_s 0.0247 peak_mem_gb 0.409
2026-10-01 22:38:41,162 | DEBUG | step 5558 epoch 4 loss 0.0471 step_s 0.0242 peak_mem_gb 0.409
2026-10-01 22:38:41,188 | DEBUG | step 5559 epoch 4 loss 0.1656 step_s 0.0248 peak_mem_gb 0.409
2026-10-01 22:38:41,208 | DEBUG | step 5560 epoch 4 loss 0.1970 step_s 0.0191 peak_mem_gb 0.409
2026-10-01 22:38:41,233 | DEBUG | step 5561 epoch 4 loss 0.1150 step_s 0.0243 peak_mem_gb 0.409
2026-10-01 22:38:41,259 | DEBUG | step 5562 epoch 4 loss 0.1295 step_s 0.0246 peak_mem_gb 0.409
2026-10-01 22:38:41,283 | DEBUG | step 5563 epoch 4 loss 0.1537 step_s 0.0235 peak_mem_gb 0.409
2026-10-01 22:38:41,305 | DEBUG | step 5564 epoch 4 loss 0.0547 step_s 0.0214 peak_mem_gb 0.409
2026-10-01 22:38:41,330 | DEBUG | step 5565 epoch 4 loss 0.0454 step_s 0.0239 peak_mem_gb 0.409
2026-10-01 22:38:41,354 | DEBUG | step 5566 epoch 4 loss 0.0881 step_s 0.0225 peak_mem_gb 0.409
2026-10-01 22:38:41,378 | DEBUG | step 5567 epoch 4 loss 0.0993 step_s 0.0234 peak_mem_gb 0.409
2026-10-01 22:38:41,403 | DEBUG | step 5568 epoch 4 loss 0.0946 step_s 0.0245 peak_mem_gb 0.409
2026-10-01 22:38:41,422 | DEBUG | step 5569 epoch 4 loss 0.0439 step_s 0.0185 peak_mem_gb 0.409
2026-10-01 22:38:41,447 | DEBUG | step 5570 epoch 4 loss 0.0321 step_s 0.0235 peak_mem_gb 0.409
2026-10-01 22:38:41,469 | DEBUG | step 5571 epoch 4 loss 0.0680 step_s 0.0208 peak_mem_gb 0.409
2026-10-01 22:38:41,492 | DEBUG | step 5572 epoch 4 loss 0.1121 step_s 0.0224 peak_mem_gb 0.409
2026-10-01 22:38:41,514 | DEBUG | step 5573 epoch 4 loss 0.1016 step_s 0.0206 peak_mem_gb 0.409
2026-10-01 22:38:41,535 | DEBUG | step 5574 epoch 4 loss 0.0557 step_s 0.0203 peak_mem_gb 0.409
2026-10-01 22:38:41,560 | DEBUG | step 5575 epoch 4 loss 0.1654 step_s 0.0239 peak_mem_gb 0.409
2026-10-01 22:38:41,585 | DEBUG | step 5576 epoch 4 loss 0.1457 step_s 0.0236 peak_mem_gb 0.409
2026-10-01 22:38:41,607 | DEBUG | step 5577 epoch 4 loss 0.0688 step_s 0.0219 peak_mem_gb 0.409
2026-10-01 22:38:41,632 | DEBUG | step 5578 epoch 4 loss 0.1149 step_s 0.0236 peak_mem_gb 0.409
2026-10-01 22:38:41,650 | DEBUG | step 5579 epoch 4 loss 0.2201 step_s 0.0173 peak_mem_gb 0.409
2026-10-01 22:38:41,674 | DEBUG | step 5580 epoch 4 loss 0.1751 step_s 0.0233 peak_mem_gb 0.409
2026-10-01 22:38:41,699 | DEBUG | step 5581 epoch 4 loss 0.0456 step_s 0.0239 peak_mem_gb 0.409
2026-10-01 22:38:41,724 | DEBUG | step 5582 epoch 4 loss 0.1045 step_s 0.0243 peak_mem_gb 0.409
2026-10-01 22:38:41,745 | DEBUG | step 5583 epoch 4 loss 0.1369 step_s 0.0195 peak_mem_gb 0.409
2026-10-01 22:38:41,767 | DEBUG | step 5584 epoch 4 loss 0.1254 step_s 0.0219 peak_mem_gb 0.409
2026-10-01 22:38:41,788 | DEBUG | step 5585 epoch 4 loss 0.0727 step_s 0.0196 peak_mem_gb 0.409
2026-10-01 22:38:41,812 | DEBUG | step 5586 epoch 4 loss 0.0645 step_s 0.0233 peak_mem_gb 0.409
2026-10-01 22:38:41,837 | DEBUG | step 5587 epoch 4 loss 0.0509 step_s 0.0239 peak_mem_gb 0.409
2026-10-01 22:38:41,861 | DEBUG | step 5588 epoch 4 loss 0.1938 step_s 0.0232 peak_mem_gb 0.409
2026-10-01 22:38:41,886 | DEBUG | step 5589 epoch 4 loss 0.0792 step_s 0.0240 peak_mem_gb 0.409
2026-10-01 22:38:41,904 | DEBUG | step 5590 epoch 4 loss 0.1473 step_s 0.0171 peak_mem_gb 0.409
2026-10-01 22:38:41,924 | DEBUG | step 5591 epoch 4 loss 0.0431 step_s 0.0195 peak_mem_gb 0.409
2026-10-01 22:38:41,952 | DEBUG | step 5592 epoch 4 loss 0.0825 step_s 0.0267 peak_mem_gb 0.409
2026-10-01 22:38:41,977 | DEBUG | step 5593 epoch 4 loss 0.0394 step_s 0.0243 peak_mem_gb 0.409
2026-10-01 22:38:42,001 | DEBUG | step 5594 epoch 4 loss 0.0683 step_s 0.0225 peak_mem_gb 0.409
2026-10-01 22:38:42,025 | DEBUG | step 5595 epoch 4 loss 0.0630 step_s 0.0231 peak_mem_gb 0.409
2026-10-01 22:38:42,049 | DEBUG | step 5596 epoch 4 loss 0.1049 step_s 0.0228 peak_mem_gb 0.409
2026-10-01 22:38:42,073 | DEBUG | step 5597 epoch 4 loss 0.0479 step_s 0.0235 peak_mem_gb 0.409
2026-10-01 22:38:42,097 | DEBUG | step 5598 epoch 4 loss 0.1251 step_s 0.0228 peak_mem_gb 0.409
2026-10-01 22:38:42,123 | DEBUG | step 5599 epoch 4 loss 0.0111 step_s 0.0255 peak_mem_gb 0.409
2026-10-01 22:38:42,145 | INFO | step 5600 epoch 4 loss 0.0411 step_s 0.0213 peak_mem_gb 0.409
2026-10-01 22:38:42,173 | DEBUG | step 5601 epoch 4 loss 0.1225 step_s 0.0257 peak_mem_gb 0.409
2026-10-01 22:38:42,201 | DEBUG | step 5602 epoch 4 loss 0.1069 step_s 0.0268 peak_mem_gb 0.409
2026-10-01 22:38:42,226 | DEBUG | step 5603 epoch 4 loss 0.0567 step_s 0.0244 peak_mem_gb 0.409
2026-10-01 22:38:42,252 | DEBUG | step 5604 epoch 4 loss 0.2098 step_s 0.0244 peak_mem_gb 0.409
2026-10-01 22:38:42,277 | DEBUG | step 5605 epoch 4 loss 0.1365 step_s 0.0245 peak_mem_gb 0.409
2026-10-01 22:38:42,303 | DEBUG | step 5606 epoch 4 loss 0.0500 step_s 0.0253 peak_mem_gb 0.409
2026-10-01 22:38:42,323 | DEBUG | step 5607 epoch 4 loss 0.1199 step_s 0.0184 peak_mem_gb 0.409
2026-10-01 22:38:42,347 | DEBUG | step 5608 epoch 4 loss 0.0739 step_s 0.0236 peak_mem_gb 0.409
2026-10-01 22:38:42,371 | DEBUG | step 5609 epoch 4 loss 0.0474 step_s 0.0233 peak_mem_gb 0.409
2026-10-01 22:38:42,395 | DEBUG | step 5610 epoch 4 loss 0.0699 step_s 0.0226 peak_mem_gb 0.409
2026-10-01 22:38:42,417 | DEBUG | step 5611 epoch 4 loss 0.2001 step_s 0.0210 peak_mem_gb 0.409
2026-10-01 22:38:42,441 | DEBUG | step 5612 epoch 4 loss 0.0805 step_s 0.0235 peak_mem_gb 0.409
2026-10-01 22:38:42,467 | DEBUG | step 5613 epoch 4 loss 0.0855 step_s 0.0248 peak_mem_gb 0.409
2026-10-01 22:38:42,491 | DEBUG | step 5614 epoch 4 loss 0.0564 step_s 0.0236 peak_mem_gb 0.409
2026-10-01 22:38:42,516 | DEBUG | step 5615 epoch 4 loss 0.1302 step_s 0.0233 peak_mem_gb 0.409
2026-10-01 22:38:42,541 | DEBUG | step 5616 epoch 4 loss 0.2499 step_s 0.0241 peak_mem_gb 0.409
2026-10-01 22:38:42,569 | DEBUG | step 5617 epoch 4 loss 0.1175 step_s 0.0276 peak_mem_gb 0.409
2026-10-01 22:38:42,589 | DEBUG | step 5618 epoch 4 loss 0.0750 step_s 0.0188 peak_mem_gb 0.409
2026-10-01 22:38:42,613 | DEBUG | step 5619 epoch 4 loss 0.0427 step_s 0.0227 peak_mem_gb 0.409
2026-10-01 22:38:42,638 | DEBUG | step 5620 epoch 4 loss 0.0999 step_s 0.0240 peak_mem_gb 0.409
2026-10-01 22:38:42,663 | DEBUG | step 5621 epoch 4 loss 0.1376 step_s 0.0238 peak_mem_gb 0.409
2026-10-01 22:38:42,685 | DEBUG | step 5622 epoch 4 loss 0.1510 step_s 0.0204 peak_mem_gb 0.409
2026-10-01 22:38:42,709 | DEBUG | step 5623 epoch 4 loss 0.0255 step_s 0.0236 peak_mem_gb 0.409
2026-10-01 22:38:42,734 | DEBUG | step 5624 epoch 4 loss 0.0432 step_s 0.0236 peak_mem_gb 0.409
2026-10-01 22:38:42,755 | DEBUG | step 5625 epoch 4 loss 0.1387 step_s 0.0208 peak_mem_gb 0.409
2026-10-01 22:38:42,780 | DEBUG | step 5626 epoch 4 loss 0.1231 step_s 0.0238 peak_mem_gb 0.409
2026-10-01 22:38:42,804 | DEBUG | step 5627 epoch 4 loss 0.1655 step_s 0.0233 peak_mem_gb 0.409
2026-10-01 22:38:42,826 | DEBUG | step 5628 epoch 4 loss 0.0520 step_s 0.0208 peak_mem_gb 0.409
2026-10-01 22:38:42,850 | DEBUG | step 5629 epoch 4 loss 0.0805 step_s 0.0237 peak_mem_gb 0.409
2026-10-01 22:38:42,871 | DEBUG | step 5630 epoch 4 loss 0.0647 step_s 0.0196 peak_mem_gb 0.409
2026-10-01 22:38:42,894 | DEBUG | step 5631 epoch 4 loss 0.1673 step_s 0.0221 peak_mem_gb 0.409
2026-10-01 22:38:42,919 | DEBUG | step 5632 epoch 4 loss 0.0635 step_s 0.0242 peak_mem_gb 0.409
2026-10-01 22:38:42,944 | DEBUG | step 5633 epoch 4 loss 0.1364 step_s 0.0241 peak_mem_gb 0.409
2026-10-01 22:38:42,969 | DEBUG | step 5634 epoch 4 loss 0.1069 step_s 0.0243 peak_mem_gb 0.409
2026-10-01 22:38:42,995 | DEBUG | step 5635 epoch 4 loss 0.0452 step_s 0.0250 peak_mem_gb 0.409
2026-10-01 22:38:43,019 | DEBUG | step 5636 epoch 4 loss 0.1361 step_s 0.0227 peak_mem_gb 0.409
2026-10-01 22:38:43,044 | DEBUG | step 5637 epoch 4 loss 0.0468 step_s 0.0239 peak_mem_gb 0.409
2026-10-01 22:38:43,067 | DEBUG | step 5638 epoch 4 loss 0.0402 step_s 0.0224 peak_mem_gb 0.409
2026-10-01 22:38:43,087 | DEBUG | step 5639 epoch 4 loss 0.0898 step_s 0.0190 peak_mem_gb 0.409
2026-10-01 22:38:43,112 | DEBUG | step 5640 epoch 4 loss 0.0330 step_s 0.0233 peak_mem_gb 0.409
2026-10-01 22:38:43,134 | DEBUG | step 5641 epoch 4 loss 0.0984 step_s 0.0207 peak_mem_gb 0.409
2026-10-01 22:38:43,159 | DEBUG | step 5642 epoch 4 loss 0.1266 step_s 0.0243 peak_mem_gb 0.409
2026-10-01 22:38:43,186 | DEBUG | step 5643 epoch 4 loss 0.0812 step_s 0.0262 peak_mem_gb 0.409
2026-10-01 22:38:43,212 | DEBUG | step 5644 epoch 4 loss 0.1368 step_s 0.0253 peak_mem_gb 0.409
2026-10-01 22:38:43,238 | DEBUG | step 5645 epoch 4 loss 0.0281 step_s 0.0244 peak_mem_gb 0.409
2026-10-01 22:38:43,262 | DEBUG | step 5646 epoch 4 loss 0.0730 step_s 0.0233 peak_mem_gb 0.409
2026-10-01 22:38:43,287 | DEBUG | step 5647 epoch 4 loss 0.1926 step_s 0.0243 peak_mem_gb 0.409
2026-10-01 22:38:43,312 | DEBUG | step 5648 epoch 4 loss 0.0310 step_s 0.0241 peak_mem_gb 0.409
2026-10-01 22:38:43,338 | DEBUG | step 5649 epoch 4 loss 0.0291 step_s 0.0247 peak_mem_gb 0.409
2026-10-01 22:38:43,362 | DEBUG | step 5650 epoch 4 loss 0.0723 step_s 0.0231 peak_mem_gb 0.409
2026-10-01 22:38:43,386 | DEBUG | step 5651 epoch 4 loss 0.0925 step_s 0.0235 peak_mem_gb 0.409
2026-10-01 22:38:43,410 | DEBUG | step 5652 epoch 4 loss 0.0542 step_s 0.0231 peak_mem_gb 0.409
2026-10-01 22:38:43,435 | DEBUG | step 5653 epoch 4 loss 0.0182 step_s 0.0234 peak_mem_gb 0.409
2026-10-01 22:38:43,456 | DEBUG | step 5654 epoch 4 loss 0.0516 step_s 0.0203 peak_mem_gb 0.409
2026-10-01 22:38:43,480 | DEBUG | step 5655 epoch 4 loss 0.0217 step_s 0.0230 peak_mem_gb 0.409
2026-10-01 22:38:43,506 | DEBUG | step 5656 epoch 4 loss 0.0278 step_s 0.0257 peak_mem_gb 0.409
2026-10-01 22:38:43,530 | DEBUG | step 5657 epoch 4 loss 0.0232 step_s 0.0228 peak_mem_gb 0.409
2026-10-01 22:38:43,552 | DEBUG | step 5658 epoch 4 loss 0.0699 step_s 0.0214 peak_mem_gb 0.409
2026-10-01 22:38:43,578 | DEBUG | step 5659 epoch 4 loss 0.0218 step_s 0.0235 peak_mem_gb 0.409
2026-10-01 22:38:43,599 | DEBUG | step 5660 epoch 4 loss 0.0731 step_s 0.0204 peak_mem_gb 0.409
2026-10-01 22:38:43,623 | DEBUG | step 5661 epoch 4 loss 0.1299 step_s 0.0230 peak_mem_gb 0.409
2026-10-01 22:38:43,646 | DEBUG | step 5662 epoch 4 loss 0.0803 step_s 0.0226 peak_mem_gb 0.409
2026-10-01 22:38:43,671 | DEBUG | step 5663 epoch 4 loss 0.0578 step_s 0.0241 peak_mem_gb 0.409
2026-10-01 22:38:43,697 | DEBUG | step 5664 epoch 4 loss 0.0403 step_s 0.0246 peak_mem_gb 0.409
2026-10-01 22:38:43,718 | DEBUG | step 5665 epoch 4 loss 0.0990 step_s 0.0202 peak_mem_gb 0.409
2026-10-01 22:38:43,742 | DEBUG | step 5666 epoch 4 loss 0.0245 step_s 0.0230 peak_mem_gb 0.409
2026-10-01 22:38:43,766 | DEBUG | step 5667 epoch 4 loss 0.0754 step_s 0.0230 peak_mem_gb 0.409
2026-10-01 22:38:43,790 | DEBUG | step 5668 epoch 4 loss 0.1341 step_s 0.0238 peak_mem_gb 0.409
2026-10-01 22:38:43,816 | DEBUG | step 5669 epoch 4 loss 0.0583 step_s 0.0243 peak_mem_gb 0.409
2026-10-01 22:38:43,841 | DEBUG | step 5670 epoch 4 loss 0.0361 step_s 0.0239 peak_mem_gb 0.409
2026-10-01 22:38:43,865 | DEBUG | step 5671 epoch 4 loss 0.0803 step_s 0.0237 peak_mem_gb 0.409
2026-10-01 22:38:43,888 | DEBUG | step 5672 epoch 4 loss 0.0651 step_s 0.0216 peak_mem_gb 0.409
2026-10-01 22:38:43,913 | DEBUG | step 5673 epoch 4 loss 0.1185 step_s 0.0239 peak_mem_gb 0.409
2026-10-01 22:38:43,937 | DEBUG | step 5674 epoch 4 loss 0.0561 step_s 0.0232 peak_mem_gb 0.409
2026-10-01 22:38:43,961 | DEBUG | step 5675 epoch 4 loss 0.1251 step_s 0.0233 peak_mem_gb 0.409
2026-10-01 22:38:43,985 | DEBUG | step 5676 epoch 4 loss 0.0620 step_s 0.0237 peak_mem_gb 0.409
2026-10-01 22:38:44,010 | DEBUG | step 5677 epoch 4 loss 0.0892 step_s 0.0239 peak_mem_gb 0.409
2026-10-01 22:38:44,032 | DEBUG | step 5678 epoch 4 loss 0.0902 step_s 0.0212 peak_mem_gb 0.409
2026-10-01 22:38:44,057 | DEBUG | step 5679 epoch 4 loss 0.0237 step_s 0.0233 peak_mem_gb 0.409
2026-10-01 22:38:44,079 | DEBUG | step 5680 epoch 4 loss 0.0704 step_s 0.0218 peak_mem_gb 0.409
2026-10-01 22:38:44,104 | DEBUG | step 5681 epoch 4 loss 0.0545 step_s 0.0237 peak_mem_gb 0.409
2026-10-01 22:38:44,128 | DEBUG | step 5682 epoch 4 loss 0.1117 step_s 0.0234 peak_mem_gb 0.409
2026-10-01 22:38:44,153 | DEBUG | step 5683 epoch 4 loss 0.1349 step_s 0.0234 peak_mem_gb 0.409
2026-10-01 22:38:44,177 | DEBUG | step 5684 epoch 4 loss 0.0119 step_s 0.0237 peak_mem_gb 0.409
2026-10-01 22:38:44,203 | DEBUG | step 5685 epoch 4 loss 0.0486 step_s 0.0252 peak_mem_gb 0.409
2026-10-01 22:38:44,228 | DEBUG | step 5686 epoch 4 loss 0.0502 step_s 0.0236 peak_mem_gb 0.409
2026-10-01 22:38:44,252 | DEBUG | step 5687 epoch 4 loss 0.0593 step_s 0.0230 peak_mem_gb 0.409
2026-10-01 22:38:44,277 | DEBUG | step 5688 epoch 4 loss 0.0660 step_s 0.0244 peak_mem_gb 0.409
2026-10-01 22:38:44,302 | DEBUG | step 5689 epoch 4 loss 0.1196 step_s 0.0242 peak_mem_gb 0.409
2026-10-01 22:38:44,327 | DEBUG | step 5690 epoch 4 loss 0.1086 step_s 0.0234 peak_mem_gb 0.409
2026-10-01 22:38:44,348 | DEBUG | step 5691 epoch 4 loss 0.1326 step_s 0.0202 peak_mem_gb 0.409
2026-10-01 22:38:44,373 | DEBUG | step 5692 epoch 4 loss 0.1217 step_s 0.0240 peak_mem_gb 0.409
2026-10-01 22:38:44,392 | DEBUG | step 5693 epoch 4 loss 0.1473 step_s 0.0187 peak_mem_gb 0.409
2026-10-01 22:38:44,416 | DEBUG | step 5694 epoch 4 loss 0.1627 step_s 0.0231 peak_mem_gb 0.409
2026-10-01 22:38:44,440 | DEBUG | step 5695 epoch 4 loss 0.0806 step_s 0.0232 peak_mem_gb 0.409
2026-10-01 22:38:44,464 | DEBUG | step 5696 epoch 4 loss 0.0444 step_s 0.0230 peak_mem_gb 0.409
2026-10-01 22:38:44,489 | DEBUG | step 5697 epoch 4 loss 0.0419 step_s 0.0240 peak_mem_gb 0.409
2026-10-01 22:38:44,513 | DEBUG | step 5698 epoch 4 loss 0.0615 step_s 0.0231 peak_mem_gb 0.409
2026-10-01 22:38:44,539 | DEBUG | step 5699 epoch 4 loss 0.0618 step_s 0.0252 peak_mem_gb 0.409
2026-10-01 22:38:44,564 | DEBUG | step 5700 epoch 4 loss 0.0869 step_s 0.0239 peak_mem_gb 0.409
2026-10-01 22:38:44,592 | DEBUG | step 5701 epoch 4 loss 0.0941 step_s 0.0267 peak_mem_gb 0.409
2026-10-01 22:38:44,618 | DEBUG | step 5702 epoch 4 loss 0.0365 step_s 0.0245 peak_mem_gb 0.409
2026-10-01 22:38:44,641 | DEBUG | step 5703 epoch 4 loss 0.0721 step_s 0.0222 peak_mem_gb 0.409
2026-10-01 22:38:44,666 | DEBUG | step 5704 epoch 4 loss 0.0325 step_s 0.0242 peak_mem_gb 0.409
2026-10-01 22:38:44,692 | DEBUG | step 5705 epoch 4 loss 0.1251 step_s 0.0248 peak_mem_gb 0.409
2026-10-01 22:38:44,715 | DEBUG | step 5706 epoch 4 loss 0.1242 step_s 0.0223 peak_mem_gb 0.409
2026-10-01 22:38:44,740 | DEBUG | step 5707 epoch 4 loss 0.0711 step_s 0.0237 peak_mem_gb 0.409
2026-10-01 22:38:44,764 | DEBUG | step 5708 epoch 4 loss 0.0258 step_s 0.0233 peak_mem_gb 0.409
2026-10-01 22:38:44,789 | DEBUG | step 5709 epoch 4 loss 0.0506 step_s 0.0239 peak_mem_gb 0.409
2026-10-01 22:38:44,813 | DEBUG | step 5710 epoch 4 loss 0.1411 step_s 0.0227 peak_mem_gb 0.409
2026-10-01 22:38:44,837 | DEBUG | step 5711 epoch 4 loss 0.0236 step_s 0.0229 peak_mem_gb 0.409
2026-10-01 22:38:44,860 | DEBUG | step 5712 epoch 4 loss 0.0153 step_s 0.0226 peak_mem_gb 0.409
2026-10-01 22:38:44,886 | DEBUG | step 5713 epoch 4 loss 0.0298 step_s 0.0249 peak_mem_gb 0.409
2026-10-01 22:38:44,911 | DEBUG | step 5714 epoch 4 loss 0.0437 step_s 0.0239 peak_mem_gb 0.409
2026-10-01 22:38:44,933 | DEBUG | step 5715 epoch 4 loss 0.0622 step_s 0.0213 peak_mem_gb 0.409
2026-10-01 22:38:44,957 | DEBUG | step 5716 epoch 4 loss 0.0594 step_s 0.0239 peak_mem_gb 0.409
2026-10-01 22:38:44,983 | DEBUG | step 5717 epoch 4 loss 0.0327 step_s 0.0242 peak_mem_gb 0.409
2026-10-01 22:38:45,008 | DEBUG | step 5718 epoch 4 loss 0.0426 step_s 0.0241 peak_mem_gb 0.409
2026-10-01 22:38:45,033 | DEBUG | step 5719 epoch 4 loss 0.3032 step_s 0.0240 peak_mem_gb 0.409
2026-10-01 22:38:45,052 | DEBUG | step 5720 epoch 4 loss 0.0203 step_s 0.0189 peak_mem_gb 0.409
2026-10-01 22:38:45,077 | DEBUG | step 5721 epoch 4 loss 0.0380 step_s 0.0241 peak_mem_gb 0.409
2026-10-01 22:38:45,102 | DEBUG | step 5722 epoch 4 loss 0.0131 step_s 0.0243 peak_mem_gb 0.409
2026-10-01 22:38:45,128 | DEBUG | step 5723 epoch 4 loss 0.0537 step_s 0.0245 peak_mem_gb 0.409
2026-10-01 22:38:45,154 | DEBUG | step 5724 epoch 4 loss 0.0836 step_s 0.0249 peak_mem_gb 0.409
2026-10-01 22:38:45,180 | DEBUG | step 5725 epoch 4 loss 0.0638 step_s 0.0247 peak_mem_gb 0.409
2026-10-01 22:38:45,206 | DEBUG | step 5726 epoch 4 loss 0.1738 step_s 0.0249 peak_mem_gb 0.409
2026-10-01 22:38:45,228 | DEBUG | step 5727 epoch 4 loss 0.2799 step_s 0.0206 peak_mem_gb 0.409
2026-10-01 22:38:45,251 | DEBUG | step 5728 epoch 4 loss 0.0382 step_s 0.0220 peak_mem_gb 0.409
2026-10-01 22:38:45,276 | DEBUG | step 5729 epoch 4 loss 0.0383 step_s 0.0241 peak_mem_gb 0.409
2026-10-01 22:38:45,301 | DEBUG | step 5730 epoch 4 loss 0.0607 step_s 0.0241 peak_mem_gb 0.409
2026-10-01 22:38:45,322 | DEBUG | step 5731 epoch 4 loss 0.1033 step_s 0.0197 peak_mem_gb 0.409
2026-10-01 22:38:45,347 | DEBUG | step 5732 epoch 4 loss 0.1091 step_s 0.0239 peak_mem_gb 0.409
2026-10-01 22:38:45,372 | DEBUG | step 5733 epoch 4 loss 0.0885 step_s 0.0239 peak_mem_gb 0.409
2026-10-01 22:38:45,398 | DEBUG | step 5734 epoch 4 loss 0.0578 step_s 0.0256 peak_mem_gb 0.409
2026-10-01 22:38:45,422 | DEBUG | step 5735 epoch 4 loss 0.0451 step_s 0.0233 peak_mem_gb 0.409
2026-10-01 22:38:45,447 | DEBUG | step 5736 epoch 4 loss 0.2176 step_s 0.0235 peak_mem_gb 0.409
2026-10-01 22:38:45,471 | DEBUG | step 5737 epoch 4 loss 0.1071 step_s 0.0235 peak_mem_gb 0.409
2026-10-01 22:38:45,494 | DEBUG | step 5738 epoch 4 loss 0.2044 step_s 0.0215 peak_mem_gb 0.409
2026-10-01 22:38:45,518 | DEBUG | step 5739 epoch 4 loss 0.0361 step_s 0.0237 peak_mem_gb 0.409
2026-10-01 22:38:45,543 | DEBUG | step 5740 epoch 4 loss 0.1063 step_s 0.0241 peak_mem_gb 0.409
2026-10-01 22:38:45,567 | DEBUG | step 5741 epoch 4 loss 0.0702 step_s 0.0224 peak_mem_gb 0.409
2026-10-01 22:38:45,592 | DEBUG | step 5742 epoch 4 loss 0.0432 step_s 0.0241 peak_mem_gb 0.409
2026-10-01 22:38:45,617 | DEBUG | step 5743 epoch 4 loss 0.0378 step_s 0.0241 peak_mem_gb 0.409
2026-10-01 22:38:45,642 | DEBUG | step 5744 epoch 4 loss 0.1006 step_s 0.0241 peak_mem_gb 0.409
2026-10-01 22:38:45,666 | DEBUG | step 5745 epoch 4 loss 0.0210 step_s 0.0237 peak_mem_gb 0.409
2026-10-01 22:38:45,691 | DEBUG | step 5746 epoch 4 loss 0.0782 step_s 0.0237 peak_mem_gb 0.409
2026-10-01 22:38:45,712 | DEBUG | step 5747 epoch 4 loss 0.0191 step_s 0.0197 peak_mem_gb 0.409
2026-10-01 22:38:45,738 | DEBUG | step 5748 epoch 4 loss 0.0429 step_s 0.0257 peak_mem_gb 0.409
2026-10-01 22:38:45,763 | DEBUG | step 5749 epoch 4 loss 0.1319 step_s 0.0239 peak_mem_gb 0.409
2026-10-01 22:38:45,783 | DEBUG | step 5750 epoch 4 loss 0.0545 step_s 0.0190 peak_mem_gb 0.409
2026-10-01 22:38:45,812 | DEBUG | step 5751 epoch 4 loss 0.0544 step_s 0.0283 peak_mem_gb 0.409
2026-10-01 22:38:45,839 | DEBUG | step 5752 epoch 4 loss 0.1061 step_s 0.0258 peak_mem_gb 0.409
2026-10-01 22:38:45,866 | DEBUG | step 5753 epoch 4 loss 0.0653 step_s 0.0256 peak_mem_gb 0.409
2026-10-01 22:38:45,896 | DEBUG | step 5754 epoch 4 loss 0.0581 step_s 0.0281 peak_mem_gb 0.409
2026-10-01 22:38:45,925 | DEBUG | step 5755 epoch 4 loss 0.0557 step_s 0.0277 peak_mem_gb 0.409
2026-10-01 22:38:45,957 | DEBUG | step 5756 epoch 4 loss 0.0471 step_s 0.0306 peak_mem_gb 0.409
2026-10-01 22:38:45,983 | DEBUG | step 5757 epoch 4 loss 0.0821 step_s 0.0246 peak_mem_gb 0.409
2026-10-01 22:38:46,008 | DEBUG | step 5758 epoch 4 loss 0.0555 step_s 0.0245 peak_mem_gb 0.409
2026-10-01 22:38:46,034 | DEBUG | step 5759 epoch 4 loss 0.0416 step_s 0.0252 peak_mem_gb 0.409
2026-10-01 22:38:46,060 | DEBUG | step 5760 epoch 4 loss 0.1546 step_s 0.0245 peak_mem_gb 0.409
2026-10-01 22:38:46,085 | DEBUG | step 5761 epoch 4 loss 0.0828 step_s 0.0245 peak_mem_gb 0.409
2026-10-01 22:38:46,108 | DEBUG | step 5762 epoch 4 loss 0.0829 step_s 0.0212 peak_mem_gb 0.409
2026-10-01 22:38:46,131 | DEBUG | step 5763 epoch 4 loss 0.0839 step_s 0.0224 peak_mem_gb 0.409
2026-10-01 22:38:46,152 | DEBUG | step 5764 epoch 4 loss 0.0351 step_s 0.0198 peak_mem_gb 0.409
2026-10-01 22:38:46,172 | DEBUG | step 5765 epoch 4 loss 0.1165 step_s 0.0193 peak_mem_gb 0.409
2026-10-01 22:38:46,197 | DEBUG | step 5766 epoch 4 loss 0.0648 step_s 0.0241 peak_mem_gb 0.409
2026-10-01 22:38:46,223 | DEBUG | step 5767 epoch 4 loss 0.0846 step_s 0.0247 peak_mem_gb 0.409
2026-10-01 22:38:46,248 | DEBUG | step 5768 epoch 4 loss 0.0707 step_s 0.0243 peak_mem_gb 0.409
2026-10-01 22:38:46,272 | DEBUG | step 5769 epoch 4 loss 0.1199 step_s 0.0230 peak_mem_gb 0.409
2026-10-01 22:38:46,295 | DEBUG | step 5770 epoch 4 loss 0.0348 step_s 0.0215 peak_mem_gb 0.409
2026-10-01 22:38:46,319 | DEBUG | step 5771 epoch 4 loss 0.0621 step_s 0.0233 peak_mem_gb 0.409
2026-10-01 22:38:46,343 | DEBUG | step 5772 epoch 4 loss 0.0281 step_s 0.0231 peak_mem_gb 0.409
2026-10-01 22:38:46,365 | DEBUG | step 5773 epoch 4 loss 0.0876 step_s 0.0215 peak_mem_gb 0.409
2026-10-01 22:38:46,385 | DEBUG | step 5774 epoch 4 loss 0.1845 step_s 0.0189 peak_mem_gb 0.409
2026-10-01 22:38:46,409 | DEBUG | step 5775 epoch 4 loss 0.1347 step_s 0.0232 peak_mem_gb 0.409
2026-10-01 22:38:46,434 | DEBUG | step 5776 epoch 4 loss 0.1076 step_s 0.0241 peak_mem_gb 0.409
2026-10-01 22:38:46,461 | DEBUG | step 5777 epoch 4 loss 0.0792 step_s 0.0258 peak_mem_gb 0.409
2026-10-01 22:38:46,485 | DEBUG | step 5778 epoch 4 loss 0.0508 step_s 0.0233 peak_mem_gb 0.409
2026-10-01 22:38:46,510 | DEBUG | step 5779 epoch 4 loss 0.1016 step_s 0.0241 peak_mem_gb 0.409
2026-10-01 22:38:46,534 | DEBUG | step 5780 epoch 4 loss 0.0555 step_s 0.0234 peak_mem_gb 0.409
2026-10-01 22:38:46,558 | DEBUG | step 5781 epoch 4 loss 0.0548 step_s 0.0225 peak_mem_gb 0.409
2026-10-01 22:38:46,583 | DEBUG | step 5782 epoch 4 loss 0.0653 step_s 0.0240 peak_mem_gb 0.409
2026-10-01 22:38:46,607 | DEBUG | step 5783 epoch 4 loss 0.0835 step_s 0.0232 peak_mem_gb 0.409
2026-10-01 22:38:46,635 | DEBUG | step 5784 epoch 4 loss 0.0230 step_s 0.0270 peak_mem_gb 0.409
2026-10-01 22:38:46,659 | DEBUG | step 5785 epoch 4 loss 0.0988 step_s 0.0233 peak_mem_gb 0.409
2026-10-01 22:38:46,682 | DEBUG | step 5786 epoch 4 loss 0.0756 step_s 0.0215 peak_mem_gb 0.409
2026-10-01 22:38:46,706 | DEBUG | step 5787 epoch 4 loss 0.0547 step_s 0.0236 peak_mem_gb 0.409
2026-10-01 22:38:46,732 | DEBUG | step 5788 epoch 4 loss 0.0479 step_s 0.0243 peak_mem_gb 0.409
2026-10-01 22:38:46,756 | DEBUG | step 5789 epoch 4 loss 0.1063 step_s 0.0239 peak_mem_gb 0.409
2026-10-01 22:38:46,781 | DEBUG | step 5790 epoch 4 loss 0.1086 step_s 0.0238 peak_mem_gb 0.409
2026-10-01 22:38:46,800 | DEBUG | step 5791 epoch 4 loss 0.1437 step_s 0.0179 peak_mem_gb 0.409
2026-10-01 22:38:46,826 | DEBUG | step 5792 epoch 4 loss 0.1992 step_s 0.0235 peak_mem_gb 0.409
2026-10-01 22:38:46,850 | DEBUG | step 5793 epoch 4 loss 0.0174 step_s 0.0236 peak_mem_gb 0.409
2026-10-01 22:38:46,876 | DEBUG | step 5794 epoch 4 loss 0.0848 step_s 0.0242 peak_mem_gb 0.409
2026-10-01 22:38:46,901 | DEBUG | step 5795 epoch 4 loss 0.0420 step_s 0.0244 peak_mem_gb 0.409
2026-10-01 22:38:46,926 | DEBUG | step 5796 epoch 4 loss 0.0710 step_s 0.0242 peak_mem_gb 0.409
2026-10-01 22:38:46,952 | DEBUG | step 5797 epoch 4 loss 0.0593 step_s 0.0251 peak_mem_gb 0.409
2026-10-01 22:38:46,974 | DEBUG | step 5798 epoch 4 loss 0.0432 step_s 0.0202 peak_mem_gb 0.409
2026-10-01 22:38:46,997 | DEBUG | step 5799 epoch 4 loss 0.2868 step_s 0.0226 peak_mem_gb 0.409
2026-10-01 22:38:47,023 | INFO | step 5800 epoch 4 loss 0.0483 step_s 0.0248 peak_mem_gb 0.409
2026-10-01 22:38:47,050 | DEBUG | step 5801 epoch 4 loss 0.0839 step_s 0.0255 peak_mem_gb 0.409
2026-10-01 22:38:47,077 | DEBUG | step 5802 epoch 4 loss 0.0988 step_s 0.0253 peak_mem_gb 0.409
2026-10-01 22:38:47,103 | DEBUG | step 5803 epoch 4 loss 0.1498 step_s 0.0243 peak_mem_gb 0.409
2026-10-01 22:38:47,128 | DEBUG | step 5804 epoch 4 loss 0.1144 step_s 0.0244 peak_mem_gb 0.409
2026-10-01 22:38:47,153 | DEBUG | step 5805 epoch 4 loss 0.0476 step_s 0.0240 peak_mem_gb 0.409
2026-10-01 22:38:47,178 | DEBUG | step 5806 epoch 4 loss 0.0191 step_s 0.0243 peak_mem_gb 0.409
2026-10-01 22:38:47,203 | DEBUG | step 5807 epoch 4 loss 0.0725 step_s 0.0239 peak_mem_gb 0.409
2026-10-01 22:38:47,229 | DEBUG | step 5808 epoch 4 loss 0.1029 step_s 0.0251 peak_mem_gb 0.409
2026-10-01 22:38:47,254 | DEBUG | step 5809 epoch 4 loss 0.0516 step_s 0.0233 peak_mem_gb 0.409
2026-10-01 22:38:47,281 | DEBUG | step 5810 epoch 4 loss 0.1231 step_s 0.0260 peak_mem_gb 0.409
2026-10-01 22:38:47,303 | DEBUG | step 5811 epoch 4 loss 0.0511 step_s 0.0209 peak_mem_gb 0.409
2026-10-01 22:38:47,328 | DEBUG | step 5812 epoch 4 loss 0.0721 step_s 0.0242 peak_mem_gb 0.409
2026-10-01 22:38:47,354 | DEBUG | step 5813 epoch 4 loss 0.0166 step_s 0.0248 peak_mem_gb 0.409
2026-10-01 22:38:47,378 | DEBUG | step 5814 epoch 4 loss 0.0785 step_s 0.0238 peak_mem_gb 0.409
2026-10-01 22:38:47,403 | DEBUG | step 5815 epoch 4 loss 0.0478 step_s 0.0242 peak_mem_gb 0.409
2026-10-01 22:38:47,428 | DEBUG | step 5816 epoch 4 loss 0.1065 step_s 0.0238 peak_mem_gb 0.409
2026-10-01 22:38:47,450 | DEBUG | step 5817 epoch 4 loss 0.0414 step_s 0.0210 peak_mem_gb 0.409
2026-10-01 22:38:47,475 | DEBUG | step 5818 epoch 4 loss 0.1307 step_s 0.0241 peak_mem_gb 0.409
2026-10-01 22:38:47,497 | DEBUG | step 5819 epoch 4 loss 0.0702 step_s 0.0214 peak_mem_gb 0.409
2026-10-01 22:38:47,524 | DEBUG | step 5820 epoch 4 loss 0.0938 step_s 0.0253 peak_mem_gb 0.409
2026-10-01 22:38:47,548 | DEBUG | step 5821 epoch 4 loss 0.1355 step_s 0.0232 peak_mem_gb 0.409
2026-10-01 22:38:47,572 | DEBUG | step 5822 epoch 4 loss 0.1016 step_s 0.0239 peak_mem_gb 0.409
2026-10-01 22:38:47,597 | DEBUG | step 5823 epoch 4 loss 0.2876 step_s 0.0235 peak_mem_gb 0.409
2026-10-01 22:38:47,615 | DEBUG | step 5824 epoch 4 loss 0.1922 step_s 0.0174 peak_mem_gb 0.409
2026-10-01 22:38:47,637 | DEBUG | step 5825 epoch 4 loss 0.0517 step_s 0.0206 peak_mem_gb 0.409
2026-10-01 22:38:47,661 | DEBUG | step 5826 epoch 4 loss 0.1096 step_s 0.0233 peak_mem_gb 0.409
2026-10-01 22:38:47,685 | DEBUG | step 5827 epoch 4 loss 0.0459 step_s 0.0233 peak_mem_gb 0.409
2026-10-01 22:38:47,710 | DEBUG | step 5828 epoch 4 loss 0.0724 step_s 0.0236 peak_mem_gb 0.409
2026-10-01 22:38:47,737 | DEBUG | step 5829 epoch 4 loss 0.1273 step_s 0.0266 peak_mem_gb 0.409
2026-10-01 22:38:47,762 | DEBUG | step 5830 epoch 4 loss 0.0400 step_s 0.0240 peak_mem_gb 0.409
2026-10-01 22:38:47,785 | DEBUG | step 5831 epoch 4 loss 0.0610 step_s 0.0220 peak_mem_gb 0.409
2026-10-01 22:38:47,810 | DEBUG | step 5832 epoch 4 loss 0.0589 step_s 0.0235 peak_mem_gb 0.409
2026-10-01 22:38:47,833 | DEBUG | step 5833 epoch 4 loss 0.0973 step_s 0.0227 peak_mem_gb 0.409
2026-10-01 22:38:47,859 | DEBUG | step 5834 epoch 4 loss 0.1148 step_s 0.0252 peak_mem_gb 0.409
2026-10-01 22:38:47,887 | DEBUG | step 5835 epoch 4 loss 0.1224 step_s 0.0262 peak_mem_gb 0.409
2026-10-01 22:38:47,915 | DEBUG | step 5836 epoch 4 loss 0.0248 step_s 0.0274 peak_mem_gb 0.409
2026-10-01 22:38:47,944 | DEBUG | step 5837 epoch 4 loss 0.0771 step_s 0.0273 peak_mem_gb 0.409
2026-10-01 22:38:47,972 | DEBUG | step 5838 epoch 4 loss 0.0883 step_s 0.0259 peak_mem_gb 0.409
2026-10-01 22:38:47,998 | DEBUG | step 5839 epoch 4 loss 0.0640 step_s 0.0251 peak_mem_gb 0.409
2026-10-01 22:38:48,024 | DEBUG | step 5840 epoch 4 loss 0.1674 step_s 0.0250 peak_mem_gb 0.409
2026-10-01 22:38:48,050 | DEBUG | step 5841 epoch 4 loss 0.1300 step_s 0.0254 peak_mem_gb 0.409
2026-10-01 22:38:48,075 | DEBUG | step 5842 epoch 4 loss 0.1235 step_s 0.0237 peak_mem_gb 0.409
2026-10-01 22:38:48,099 | DEBUG | step 5843 epoch 4 loss 0.0390 step_s 0.0224 peak_mem_gb 0.409
2026-10-01 22:38:48,124 | DEBUG | step 5844 epoch 4 loss 0.0878 step_s 0.0248 peak_mem_gb 0.409
2026-10-01 22:38:48,150 | DEBUG | step 5845 epoch 4 loss 0.0480 step_s 0.0248 peak_mem_gb 0.409
2026-10-01 22:38:48,176 | DEBUG | step 5846 epoch 4 loss 0.1733 step_s 0.0250 peak_mem_gb 0.409
2026-10-01 22:38:48,202 | DEBUG | step 5847 epoch 4 loss 0.0873 step_s 0.0251 peak_mem_gb 0.409
2026-10-01 22:38:48,224 | DEBUG | step 5848 epoch 4 loss 0.0764 step_s 0.0202 peak_mem_gb 0.409
2026-10-01 22:38:48,248 | DEBUG | step 5849 epoch 4 loss 0.1449 step_s 0.0239 peak_mem_gb 0.409
2026-10-01 22:38:48,270 | DEBUG | step 5850 epoch 4 loss 0.0933 step_s 0.0210 peak_mem_gb 0.409
2026-10-01 22:38:48,294 | DEBUG | step 5851 epoch 4 loss 0.0289 step_s 0.0234 peak_mem_gb 0.409
2026-10-01 22:38:48,318 | DEBUG | step 5852 epoch 4 loss 0.1106 step_s 0.0229 peak_mem_gb 0.409
2026-10-01 22:38:48,344 | DEBUG | step 5853 epoch 4 loss 0.0561 step_s 0.0246 peak_mem_gb 0.409
2026-10-01 22:38:48,363 | DEBUG | step 5854 epoch 4 loss 0.0293 step_s 0.0180 peak_mem_gb 0.409
2026-10-01 22:38:48,387 | DEBUG | step 5855 epoch 4 loss 0.1833 step_s 0.0240 peak_mem_gb 0.409
2026-10-01 22:38:48,412 | DEBUG | step 5856 epoch 4 loss 0.1453 step_s 0.0235 peak_mem_gb 0.409
2026-10-01 22:38:48,437 | DEBUG | step 5857 epoch 4 loss 0.0812 step_s 0.0239 peak_mem_gb 0.409
2026-10-01 22:38:48,456 | DEBUG | step 5858 epoch 4 loss 0.1012 step_s 0.0190 peak_mem_gb 0.409
2026-10-01 22:38:48,481 | DEBUG | step 5859 epoch 4 loss 0.2910 step_s 0.0233 peak_mem_gb 0.409
2026-10-01 22:38:48,506 | DEBUG | step 5860 epoch 4 loss 0.1356 step_s 0.0242 peak_mem_gb 0.409
2026-10-01 22:38:48,532 | DEBUG | step 5861 epoch 4 loss 0.0405 step_s 0.0250 peak_mem_gb 0.409
2026-10-01 22:38:48,557 | DEBUG | step 5862 epoch 4 loss 0.0426 step_s 0.0245 peak_mem_gb 0.409
2026-10-01 22:38:48,575 | DEBUG | step 5863 epoch 4 loss 0.0488 step_s 0.0173 peak_mem_gb 0.409
2026-10-01 22:38:48,600 | DEBUG | step 5864 epoch 4 loss 0.0491 step_s 0.0238 peak_mem_gb 0.409
2026-10-01 22:38:48,626 | DEBUG | step 5865 epoch 4 loss 0.0951 step_s 0.0248 peak_mem_gb 0.409
2026-10-01 22:38:48,653 | DEBUG | step 5866 epoch 4 loss 0.0892 step_s 0.0265 peak_mem_gb 0.409
2026-10-01 22:38:48,679 | DEBUG | step 5867 epoch 4 loss 0.0892 step_s 0.0248 peak_mem_gb 0.409
2026-10-01 22:38:48,705 | DEBUG | step 5868 epoch 4 loss 0.0505 step_s 0.0244 peak_mem_gb 0.409
2026-10-01 22:38:48,728 | DEBUG | step 5869 epoch 4 loss 0.0893 step_s 0.0223 peak_mem_gb 0.409
2026-10-01 22:38:48,748 | DEBUG | step 5870 epoch 4 loss 0.0954 step_s 0.0187 peak_mem_gb 0.409
2026-10-01 22:38:48,772 | DEBUG | step 5871 epoch 4 loss 0.0707 step_s 0.0238 peak_mem_gb 0.409
2026-10-01 22:38:48,797 | DEBUG | step 5872 epoch 4 loss 0.0767 step_s 0.0234 peak_mem_gb 0.409
2026-10-01 22:38:48,821 | DEBUG | step 5873 epoch 4 loss 0.0393 step_s 0.0235 peak_mem_gb 0.409
2026-10-01 22:38:48,844 | DEBUG | step 5874 epoch 4 loss 0.1488 step_s 0.0224 peak_mem_gb 0.409
2026-10-01 22:38:48,866 | DEBUG | step 5875 epoch 4 loss 0.1278 step_s 0.0209 peak_mem_gb 0.409
2026-10-01 22:38:48,893 | DEBUG | step 5876 epoch 4 loss 0.0601 step_s 0.0261 peak_mem_gb 0.409
2026-10-01 22:38:48,916 | DEBUG | step 5877 epoch 4 loss 0.1949 step_s 0.0221 peak_mem_gb 0.409
2026-10-01 22:38:48,941 | DEBUG | step 5878 epoch 4 loss 0.0979 step_s 0.0237 peak_mem_gb 0.409
2026-10-01 22:38:48,966 | DEBUG | step 5879 epoch 4 loss 0.0502 step_s 0.0237 peak_mem_gb 0.409
2026-10-01 22:38:48,989 | DEBUG | step 5880 epoch 4 loss 0.0805 step_s 0.0224 peak_mem_gb 0.409
2026-10-01 22:38:49,014 | DEBUG | step 5881 epoch 4 loss 0.0871 step_s 0.0233 peak_mem_gb 0.409
2026-10-01 22:38:49,038 | DEBUG | step 5882 epoch 4 loss 0.0608 step_s 0.0231 peak_mem_gb 0.409
2026-10-01 22:38:49,063 | DEBUG | step 5883 epoch 4 loss 0.2069 step_s 0.0247 peak_mem_gb 0.409
2026-10-01 22:38:49,091 | DEBUG | step 5884 epoch 4 loss 0.1481 step_s 0.0264 peak_mem_gb 0.409
2026-10-01 22:38:49,115 | DEBUG | step 5885 epoch 4 loss 0.0607 step_s 0.0232 peak_mem_gb 0.409
2026-10-01 22:38:49,141 | DEBUG | step 5886 epoch 4 loss 0.0900 step_s 0.0245 peak_mem_gb 0.409
2026-10-01 22:38:49,166 | DEBUG | step 5887 epoch 4 loss 0.0763 step_s 0.0243 peak_mem_gb 0.409
2026-10-01 22:38:49,191 | DEBUG | step 5888 epoch 4 loss 0.0571 step_s 0.0237 peak_mem_gb 0.409
2026-10-01 22:38:49,218 | DEBUG | step 5889 epoch 4 loss 0.0525 step_s 0.0262 peak_mem_gb 0.409
2026-10-01 22:38:49,248 | DEBUG | step 5890 epoch 4 loss 0.1875 step_s 0.0287 peak_mem_gb 0.409
2026-10-01 22:38:49,272 | DEBUG | step 5891 epoch 4 loss 0.1111 step_s 0.0235 peak_mem_gb 0.409
2026-10-01 22:38:49,299 | DEBUG | step 5892 epoch 4 loss 0.1180 step_s 0.0251 peak_mem_gb 0.409
2026-10-01 22:38:49,325 | DEBUG | step 5893 epoch 4 loss 0.0693 step_s 0.0250 peak_mem_gb 0.409
2026-10-01 22:38:49,350 | DEBUG | step 5894 epoch 4 loss 0.1082 step_s 0.0242 peak_mem_gb 0.409
2026-10-01 22:38:49,372 | DEBUG | step 5895 epoch 4 loss 0.0653 step_s 0.0205 peak_mem_gb 0.409
2026-10-01 22:38:49,397 | DEBUG | step 5896 epoch 4 loss 0.2442 step_s 0.0242 peak_mem_gb 0.409
2026-10-01 22:38:49,423 | DEBUG | step 5897 epoch 4 loss 0.0406 step_s 0.0248 peak_mem_gb 0.409
2026-10-01 22:38:49,447 | DEBUG | step 5898 epoch 4 loss 0.1994 step_s 0.0237 peak_mem_gb 0.409
2026-10-01 22:38:49,472 | DEBUG | step 5899 epoch 4 loss 0.1538 step_s 0.0238 peak_mem_gb 0.409
2026-10-01 22:38:49,496 | DEBUG | step 5900 epoch 4 loss 0.1281 step_s 0.0232 peak_mem_gb 0.409
2026-10-01 22:38:49,522 | DEBUG | step 5901 epoch 4 loss 0.0709 step_s 0.0243 peak_mem_gb 0.409
2026-10-01 22:38:49,547 | DEBUG | step 5902 epoch 4 loss 0.0241 step_s 0.0240 peak_mem_gb 0.409
2026-10-01 22:38:49,571 | DEBUG | step 5903 epoch 4 loss 0.0576 step_s 0.0236 peak_mem_gb 0.409
2026-10-01 22:38:49,598 | DEBUG | step 5904 epoch 4 loss 0.0880 step_s 0.0257 peak_mem_gb 0.409
2026-10-01 22:38:49,618 | DEBUG | step 5905 epoch 4 loss 0.1557 step_s 0.0191 peak_mem_gb 0.409
2026-10-01 22:38:49,641 | DEBUG | step 5906 epoch 4 loss 0.0231 step_s 0.0222 peak_mem_gb 0.409
2026-10-01 22:38:49,665 | DEBUG | step 5907 epoch 4 loss 0.0308 step_s 0.0236 peak_mem_gb 0.409
2026-10-01 22:38:49,690 | DEBUG | step 5908 epoch 4 loss 0.1297 step_s 0.0241 peak_mem_gb 0.409
2026-10-01 22:38:49,717 | DEBUG | step 5909 epoch 4 loss 0.1372 step_s 0.0254 peak_mem_gb 0.409
2026-10-01 22:38:49,740 | DEBUG | step 5910 epoch 4 loss 0.0435 step_s 0.0227 peak_mem_gb 0.409
2026-10-01 22:38:49,766 | DEBUG | step 5911 epoch 4 loss 0.0663 step_s 0.0248 peak_mem_gb 0.409
2026-10-01 22:38:49,791 | DEBUG | step 5912 epoch 4 loss 0.1764 step_s 0.0236 peak_mem_gb 0.409
2026-10-01 22:38:49,815 | DEBUG | step 5913 epoch 4 loss 0.0596 step_s 0.0235 peak_mem_gb 0.409
2026-10-01 22:38:49,837 | DEBUG | step 5914 epoch 4 loss 0.1367 step_s 0.0208 peak_mem_gb 0.409
2026-10-01 22:38:49,862 | DEBUG | step 5915 epoch 4 loss 0.0698 step_s 0.0241 peak_mem_gb 0.409
2026-10-01 22:38:49,886 | DEBUG | step 5916 epoch 4 loss 0.1486 step_s 0.0237 peak_mem_gb 0.409
2026-10-01 22:38:49,911 | DEBUG | step 5917 epoch 4 loss 0.0919 step_s 0.0240 peak_mem_gb 0.409
2026-10-01 22:38:49,938 | DEBUG | step 5918 epoch 4 loss 0.1329 step_s 0.0257 peak_mem_gb 0.409
2026-10-01 22:38:49,962 | DEBUG | step 5919 epoch 4 loss 0.0751 step_s 0.0234 peak_mem_gb 0.409
2026-10-01 22:38:49,987 | DEBUG | step 5920 epoch 4 loss 0.1061 step_s 0.0235 peak_mem_gb 0.409
2026-10-01 22:38:50,011 | DEBUG | step 5921 epoch 4 loss 0.0775 step_s 0.0233 peak_mem_gb 0.409
2026-10-01 22:38:50,036 | DEBUG | step 5922 epoch 4 loss 0.2286 step_s 0.0244 peak_mem_gb 0.409
2026-10-01 22:38:50,062 | DEBUG | step 5923 epoch 4 loss 0.0785 step_s 0.0242 peak_mem_gb 0.409
2026-10-01 22:38:50,086 | DEBUG | step 5924 epoch 4 loss 0.0865 step_s 0.0239 peak_mem_gb 0.409
2026-10-01 22:38:50,112 | DEBUG | step 5925 epoch 4 loss 0.1092 step_s 0.0249 peak_mem_gb 0.409
2026-10-01 22:38:50,137 | DEBUG | step 5926 epoch 4 loss 0.1204 step_s 0.0232 peak_mem_gb 0.409
2026-10-01 22:38:50,158 | DEBUG | step 5927 epoch 4 loss 0.0309 step_s 0.0200 peak_mem_gb 0.409
2026-10-01 22:38:50,181 | DEBUG | step 5928 epoch 4 loss 0.0589 step_s 0.0223 peak_mem_gb 0.409
2026-10-01 22:38:50,206 | DEBUG | step 5929 epoch 4 loss 0.0888 step_s 0.0240 peak_mem_gb 0.409
2026-10-01 22:38:50,231 | DEBUG | step 5930 epoch 4 loss 0.0516 step_s 0.0244 peak_mem_gb 0.409
2026-10-01 22:38:50,257 | DEBUG | step 5931 epoch 4 loss 0.0418 step_s 0.0245 peak_mem_gb 0.409
2026-10-01 22:38:50,282 | DEBUG | step 5932 epoch 4 loss 0.1824 step_s 0.0239 peak_mem_gb 0.409
2026-10-01 22:38:50,304 | DEBUG | step 5933 epoch 4 loss 0.0468 step_s 0.0207 peak_mem_gb 0.409
2026-10-01 22:38:50,331 | DEBUG | step 5934 epoch 4 loss 0.1696 step_s 0.0251 peak_mem_gb 0.409
2026-10-01 22:38:50,357 | DEBUG | step 5935 epoch 4 loss 0.0628 step_s 0.0250 peak_mem_gb 0.409
2026-10-01 22:38:50,381 | DEBUG | step 5936 epoch 4 loss 0.0810 step_s 0.0233 peak_mem_gb 0.409
2026-10-01 22:38:50,406 | DEBUG | step 5937 epoch 4 loss 0.0928 step_s 0.0235 peak_mem_gb 0.409
2026-10-01 22:38:50,427 | DEBUG | step 5938 epoch 4 loss 0.0784 step_s 0.0195 peak_mem_gb 0.409
2026-10-01 22:38:50,453 | DEBUG | step 5939 epoch 4 loss 0.0988 step_s 0.0255 peak_mem_gb 0.409
2026-10-01 22:38:50,478 | DEBUG | step 5940 epoch 4 loss 0.0862 step_s 0.0239 peak_mem_gb 0.409
2026-10-01 22:38:50,504 | DEBUG | step 5941 epoch 4 loss 0.0456 step_s 0.0241 peak_mem_gb 0.409
2026-10-01 22:38:50,528 | DEBUG | step 5942 epoch 4 loss 0.0235 step_s 0.0234 peak_mem_gb 0.409
2026-10-01 22:38:50,552 | DEBUG | step 5943 epoch 4 loss 0.0490 step_s 0.0236 peak_mem_gb 0.409
2026-10-01 22:38:50,577 | DEBUG | step 5944 epoch 4 loss 0.0548 step_s 0.0238 peak_mem_gb 0.409
2026-10-01 22:38:50,601 | DEBUG | step 5945 epoch 4 loss 0.0670 step_s 0.0231 peak_mem_gb 0.409
2026-10-01 22:38:50,626 | DEBUG | step 5946 epoch 4 loss 0.0655 step_s 0.0237 peak_mem_gb 0.409
2026-10-01 22:38:50,652 | DEBUG | step 5947 epoch 4 loss 0.1317 step_s 0.0257 peak_mem_gb 0.409
2026-10-01 22:38:50,679 | DEBUG | step 5948 epoch 4 loss 0.0348 step_s 0.0253 peak_mem_gb 0.409
2026-10-01 22:38:50,701 | DEBUG | step 5949 epoch 4 loss 0.0723 step_s 0.0211 peak_mem_gb 0.409
2026-10-01 22:38:50,725 | DEBUG | step 5950 epoch 4 loss 0.0589 step_s 0.0231 peak_mem_gb 0.409
2026-10-01 22:38:50,746 | DEBUG | step 5951 epoch 4 loss 0.1373 step_s 0.0204 peak_mem_gb 0.409
2026-10-01 22:38:50,772 | DEBUG | step 5952 epoch 4 loss 0.2011 step_s 0.0246 peak_mem_gb 0.409
2026-10-01 22:38:50,797 | DEBUG | step 5953 epoch 4 loss 0.1126 step_s 0.0238 peak_mem_gb 0.409
2026-10-01 22:38:50,821 | DEBUG | step 5954 epoch 4 loss 0.1140 step_s 0.0238 peak_mem_gb 0.409
2026-10-01 22:38:50,846 | DEBUG | step 5955 epoch 4 loss 0.0806 step_s 0.0236 peak_mem_gb 0.409
2026-10-01 22:38:50,868 | DEBUG | step 5956 epoch 4 loss 0.1711 step_s 0.0206 peak_mem_gb 0.409
2026-10-01 22:38:50,893 | DEBUG | step 5957 epoch 4 loss 0.0396 step_s 0.0242 peak_mem_gb 0.409
2026-10-01 22:38:50,913 | DEBUG | step 5958 epoch 4 loss 0.1070 step_s 0.0197 peak_mem_gb 0.409
2026-10-01 22:38:50,938 | DEBUG | step 5959 epoch 4 loss 0.0997 step_s 0.0239 peak_mem_gb 0.409
2026-10-01 22:38:50,963 | DEBUG | step 5960 epoch 4 loss 0.0579 step_s 0.0246 peak_mem_gb 0.409
2026-10-01 22:38:50,986 | DEBUG | step 5961 epoch 4 loss 0.0510 step_s 0.0218 peak_mem_gb 0.409
2026-10-01 22:38:51,005 | DEBUG | step 5962 epoch 4 loss 0.0585 step_s 0.0184 peak_mem_gb 0.409
2026-10-01 22:38:51,030 | DEBUG | step 5963 epoch 4 loss 0.0239 step_s 0.0240 peak_mem_gb 0.409
2026-10-01 22:38:51,055 | DEBUG | step 5964 epoch 4 loss 0.0910 step_s 0.0235 peak_mem_gb 0.409
2026-10-01 22:38:51,078 | DEBUG | step 5965 epoch 4 loss 0.0671 step_s 0.0225 peak_mem_gb 0.409
2026-10-01 22:38:51,103 | DEBUG | step 5966 epoch 4 loss 0.0852 step_s 0.0244 peak_mem_gb 0.409
2026-10-01 22:38:51,128 | DEBUG | step 5967 epoch 4 loss 0.0150 step_s 0.0238 peak_mem_gb 0.409
2026-10-01 22:38:51,154 | DEBUG | step 5968 epoch 4 loss 0.0460 step_s 0.0245 peak_mem_gb 0.409
2026-10-01 22:38:51,178 | DEBUG | step 5969 epoch 4 loss 0.1044 step_s 0.0240 peak_mem_gb 0.409
2026-10-01 22:38:51,203 | DEBUG | step 5970 epoch 4 loss 0.1200 step_s 0.0239 peak_mem_gb 0.409
2026-10-01 22:38:51,228 | DEBUG | step 5971 epoch 4 loss 0.0973 step_s 0.0237 peak_mem_gb 0.409
2026-10-01 22:38:51,254 | DEBUG | step 5972 epoch 4 loss 0.0426 step_s 0.0250 peak_mem_gb 0.409
2026-10-01 22:38:51,280 | DEBUG | step 5973 epoch 4 loss 0.0482 step_s 0.0250 peak_mem_gb 0.409
2026-10-01 22:38:51,305 | DEBUG | step 5974 epoch 4 loss 0.0796 step_s 0.0244 peak_mem_gb 0.409
2026-10-01 22:38:51,331 | DEBUG | step 5975 epoch 4 loss 0.0768 step_s 0.0246 peak_mem_gb 0.409
2026-10-01 22:38:51,356 | DEBUG | step 5976 epoch 4 loss 0.1743 step_s 0.0242 peak_mem_gb 0.409
2026-10-01 22:38:51,383 | DEBUG | step 5977 epoch 4 loss 0.1433 step_s 0.0252 peak_mem_gb 0.409
2026-10-01 22:38:51,409 | DEBUG | step 5978 epoch 4 loss 0.1220 step_s 0.0254 peak_mem_gb 0.409
2026-10-01 22:38:51,437 | DEBUG | step 5979 epoch 4 loss 0.0854 step_s 0.0270 peak_mem_gb 0.409
2026-10-01 22:38:51,459 | DEBUG | step 5980 epoch 4 loss 0.0388 step_s 0.0208 peak_mem_gb 0.409
2026-10-01 22:38:51,485 | DEBUG | step 5981 epoch 4 loss 0.0587 step_s 0.0244 peak_mem_gb 0.409
2026-10-01 22:38:51,512 | DEBUG | step 5982 epoch 4 loss 0.0289 step_s 0.0265 peak_mem_gb 0.409
2026-10-01 22:38:51,536 | DEBUG | step 5983 epoch 4 loss 0.0978 step_s 0.0232 peak_mem_gb 0.409
2026-10-01 22:38:51,561 | DEBUG | step 5984 epoch 4 loss 0.1203 step_s 0.0234 peak_mem_gb 0.409
2026-10-01 22:38:51,586 | DEBUG | step 5985 epoch 4 loss 0.0625 step_s 0.0239 peak_mem_gb 0.409
2026-10-01 22:38:51,610 | DEBUG | step 5986 epoch 4 loss 0.0869 step_s 0.0234 peak_mem_gb 0.409
2026-10-01 22:38:51,634 | DEBUG | step 5987 epoch 4 loss 0.0989 step_s 0.0232 peak_mem_gb 0.409
2026-10-01 22:38:51,658 | DEBUG | step 5988 epoch 4 loss 0.1164 step_s 0.0233 peak_mem_gb 0.409
2026-10-01 22:38:51,683 | DEBUG | step 5989 epoch 4 loss 0.0700 step_s 0.0243 peak_mem_gb 0.409
2026-10-01 22:38:51,708 | DEBUG | step 5990 epoch 4 loss 0.0994 step_s 0.0239 peak_mem_gb 0.409
2026-10-01 22:38:51,733 | DEBUG | step 5991 epoch 4 loss 0.0444 step_s 0.0233 peak_mem_gb 0.409
2026-10-01 22:38:51,757 | DEBUG | step 5992 epoch 4 loss 0.0300 step_s 0.0230 peak_mem_gb 0.409
2026-10-01 22:38:51,781 | DEBUG | step 5993 epoch 4 loss 0.1052 step_s 0.0240 peak_mem_gb 0.409
2026-10-01 22:38:51,806 | DEBUG | step 5994 epoch 4 loss 0.1064 step_s 0.0233 peak_mem_gb 0.409
2026-10-01 22:38:51,831 | DEBUG | step 5995 epoch 4 loss 0.0606 step_s 0.0239 peak_mem_gb 0.409
2026-10-01 22:38:51,856 | DEBUG | step 5996 epoch 4 loss 0.0550 step_s 0.0240 peak_mem_gb 0.409
2026-10-01 22:38:51,880 | DEBUG | step 5997 epoch 4 loss 0.1034 step_s 0.0233 peak_mem_gb 0.409
2026-10-01 22:38:51,905 | DEBUG | step 5998 epoch 4 loss 0.1393 step_s 0.0242 peak_mem_gb 0.409
2026-10-01 22:38:51,927 | DEBUG | step 5999 epoch 4 loss 0.0976 step_s 0.0205 peak_mem_gb 0.409
2026-10-01 22:38:51,951 | INFO | step 6000 epoch 4 loss 0.0725 step_s 0.0236 peak_mem_gb 0.409
2026-10-01 22:38:51,979 | DEBUG | step 6001 epoch 4 loss 0.1296 step_s 0.0266 peak_mem_gb 0.409
2026-10-01 22:38:52,000 | DEBUG | step 6002 epoch 4 loss 0.0336 step_s 0.0194 peak_mem_gb 0.409
2026-10-01 22:38:52,025 | DEBUG | step 6003 epoch 4 loss 0.1538 step_s 0.0242 peak_mem_gb 0.409
2026-10-01 22:38:52,048 | DEBUG | step 6004 epoch 4 loss 0.0507 step_s 0.0218 peak_mem_gb 0.409
2026-10-01 22:38:52,072 | DEBUG | step 6005 epoch 4 loss 0.0541 step_s 0.0229 peak_mem_gb 0.409
2026-10-01 22:38:52,097 | DEBUG | step 6006 epoch 4 loss 0.1075 step_s 0.0240 peak_mem_gb 0.409
2026-10-01 22:38:52,121 | DEBUG | step 6007 epoch 4 loss 0.0489 step_s 0.0230 peak_mem_gb 0.409
2026-10-01 22:38:52,146 | DEBUG | step 6008 epoch 4 loss 0.0906 step_s 0.0239 peak_mem_gb 0.409
2026-10-01 22:38:52,167 | DEBUG | step 6009 epoch 4 loss 0.0549 step_s 0.0210 peak_mem_gb 0.409
2026-10-01 22:38:52,190 | DEBUG | step 6010 epoch 4 loss 0.0987 step_s 0.0214 peak_mem_gb 0.409
2026-10-01 22:38:52,217 | DEBUG | step 6011 epoch 4 loss 0.0295 step_s 0.0261 peak_mem_gb 0.409
2026-10-01 22:38:52,241 | DEBUG | step 6012 epoch 4 loss 0.0557 step_s 0.0237 peak_mem_gb 0.409
2026-10-01 22:38:52,267 | DEBUG | step 6013 epoch 4 loss 0.0892 step_s 0.0246 peak_mem_gb 0.409
2026-10-01 22:38:52,292 | DEBUG | step 6014 epoch 4 loss 0.0506 step_s 0.0236 peak_mem_gb 0.409
2026-10-01 22:38:52,315 | DEBUG | step 6015 epoch 4 loss 0.0475 step_s 0.0224 peak_mem_gb 0.409
2026-10-01 22:38:52,335 | DEBUG | step 6016 epoch 4 loss 0.0898 step_s 0.0194 peak_mem_gb 0.409
2026-10-01 22:38:52,359 | DEBUG | step 6017 epoch 4 loss 0.1598 step_s 0.0227 peak_mem_gb 0.409
2026-10-01 22:38:52,386 | DEBUG | step 6018 epoch 4 loss 0.0547 step_s 0.0260 peak_mem_gb 0.409
2026-10-01 22:38:52,410 | DEBUG | step 6019 epoch 4 loss 0.0504 step_s 0.0232 peak_mem_gb 0.409
2026-10-01 22:38:52,434 | DEBUG | step 6020 epoch 4 loss 0.0639 step_s 0.0230 peak_mem_gb 0.409
2026-10-01 22:38:52,458 | DEBUG | step 6021 epoch 4 loss 0.1397 step_s 0.0230 peak_mem_gb 0.409
2026-10-01 22:38:52,482 | DEBUG | step 6022 epoch 4 loss 0.0693 step_s 0.0239 peak_mem_gb 0.409
2026-10-01 22:38:52,507 | DEBUG | step 6023 epoch 4 loss 0.0965 step_s 0.0235 peak_mem_gb 0.409
2026-10-01 22:38:52,528 | DEBUG | step 6024 epoch 4 loss 0.0179 step_s 0.0203 peak_mem_gb 0.409
2026-10-01 22:38:52,554 | DEBUG | step 6025 epoch 4 loss 0.1033 step_s 0.0250 peak_mem_gb 0.409
2026-10-01 22:38:52,577 | DEBUG | step 6026 epoch 4 loss 0.0595 step_s 0.0222 peak_mem_gb 0.409
2026-10-01 22:38:52,598 | DEBUG | step 6027 epoch 4 loss 0.1007 step_s 0.0196 peak_mem_gb 0.409
2026-10-01 22:38:52,622 | DEBUG | step 6028 epoch 4 loss 0.0358 step_s 0.0230 peak_mem_gb 0.409
2026-10-01 22:38:52,646 | DEBUG | step 6029 epoch 4 loss 0.0643 step_s 0.0231 peak_mem_gb 0.409
2026-10-01 22:38:52,670 | DEBUG | step 6030 epoch 4 loss 0.1104 step_s 0.0238 peak_mem_gb 0.409
2026-10-01 22:38:52,695 | DEBUG | step 6031 epoch 4 loss 0.0291 step_s 0.0238 peak_mem_gb 0.409
2026-10-01 22:38:52,724 | DEBUG | step 6032 epoch 4 loss 0.1076 step_s 0.0267 peak_mem_gb 0.409
2026-10-01 22:38:52,749 | DEBUG | step 6033 epoch 4 loss 0.0393 step_s 0.0247 peak_mem_gb 0.409
2026-10-01 22:38:52,774 | DEBUG | step 6034 epoch 4 loss 0.0587 step_s 0.0242 peak_mem_gb 0.409
2026-10-01 22:38:52,797 | DEBUG | step 6035 epoch 4 loss 0.0678 step_s 0.0218 peak_mem_gb 0.409
2026-10-01 22:38:52,817 | DEBUG | step 6036 epoch 4 loss 0.0563 step_s 0.0187 peak_mem_gb 0.409
2026-10-01 22:38:52,839 | DEBUG | step 6037 epoch 4 loss 0.1457 step_s 0.0214 peak_mem_gb 0.409
2026-10-01 22:38:52,863 | DEBUG | step 6038 epoch 4 loss 0.0471 step_s 0.0228 peak_mem_gb 0.409
2026-10-01 22:38:52,890 | DEBUG | step 6039 epoch 4 loss 0.0518 step_s 0.0266 peak_mem_gb 0.409
2026-10-01 22:38:52,915 | DEBUG | step 6040 epoch 4 loss 0.2389 step_s 0.0240 peak_mem_gb 0.409
2026-10-01 22:38:52,940 | DEBUG | step 6041 epoch 4 loss 0.0876 step_s 0.0243 peak_mem_gb 0.409
2026-10-01 22:38:52,961 | DEBUG | step 6042 epoch 4 loss 0.0361 step_s 0.0202 peak_mem_gb 0.409
2026-10-01 22:38:52,982 | DEBUG | step 6043 epoch 4 loss 0.0287 step_s 0.0195 peak_mem_gb 0.409
2026-10-01 22:38:53,007 | DEBUG | step 6044 epoch 4 loss 0.0874 step_s 0.0248 peak_mem_gb 0.409
2026-10-01 22:38:53,032 | DEBUG | step 6045 epoch 4 loss 0.0705 step_s 0.0236 peak_mem_gb 0.409
2026-10-01 22:38:53,057 | DEBUG | step 6046 epoch 4 loss 0.2367 step_s 0.0238 peak_mem_gb 0.409
2026-10-01 22:38:53,082 | DEBUG | step 6047 epoch 4 loss 0.0833 step_s 0.0232 peak_mem_gb 0.409
2026-10-01 22:38:53,108 | DEBUG | step 6048 epoch 4 loss 0.1351 step_s 0.0248 peak_mem_gb 0.409
2026-10-01 22:38:53,133 | DEBUG | step 6049 epoch 4 loss 0.1509 step_s 0.0243 peak_mem_gb 0.409
2026-10-01 22:38:53,157 | DEBUG | step 6050 epoch 4 loss 0.0579 step_s 0.0230 peak_mem_gb 0.409
2026-10-01 22:38:53,182 | DEBUG | step 6051 epoch 4 loss 0.0413 step_s 0.0238 peak_mem_gb 0.409
2026-10-01 22:38:53,207 | DEBUG | step 6052 epoch 4 loss 0.0754 step_s 0.0239 peak_mem_gb 0.409
2026-10-01 22:38:53,233 | DEBUG | step 6053 epoch 4 loss 0.0576 step_s 0.0246 peak_mem_gb 0.409
2026-10-01 22:38:53,254 | DEBUG | step 6054 epoch 4 loss 0.0359 step_s 0.0203 peak_mem_gb 0.409
2026-10-01 22:38:53,279 | DEBUG | step 6055 epoch 4 loss 0.0540 step_s 0.0243 peak_mem_gb 0.409
2026-10-01 22:38:53,304 | DEBUG | step 6056 epoch 4 loss 0.0405 step_s 0.0236 peak_mem_gb 0.409
2026-10-01 22:38:53,328 | DEBUG | step 6057 epoch 4 loss 0.0143 step_s 0.0238 peak_mem_gb 0.409
2026-10-01 22:38:53,352 | DEBUG | step 6058 epoch 4 loss 0.1160 step_s 0.0225 peak_mem_gb 0.409
2026-10-01 22:38:53,376 | DEBUG | step 6059 epoch 4 loss 0.0666 step_s 0.0236 peak_mem_gb 0.409
2026-10-01 22:38:53,401 | DEBUG | step 6060 epoch 4 loss 0.0740 step_s 0.0234 peak_mem_gb 0.409
2026-10-01 22:38:53,426 | DEBUG | step 6061 epoch 4 loss 0.0971 step_s 0.0243 peak_mem_gb 0.409
2026-10-01 22:38:53,446 | DEBUG | step 6062 epoch 4 loss 0.0808 step_s 0.0197 peak_mem_gb 0.409
2026-10-01 22:38:53,472 | DEBUG | step 6063 epoch 4 loss 0.0681 step_s 0.0243 peak_mem_gb 0.409
2026-10-01 22:38:53,498 | DEBUG | step 6064 epoch 4 loss 0.0450 step_s 0.0257 peak_mem_gb 0.409
2026-10-01 22:38:53,520 | DEBUG | step 6065 epoch 4 loss 0.1187 step_s 0.0202 peak_mem_gb 0.409
2026-10-01 22:38:53,546 | DEBUG | step 6066 epoch 4 loss 0.1240 step_s 0.0247 peak_mem_gb 0.409
2026-10-01 22:38:53,571 | DEBUG | step 6067 epoch 4 loss 0.1281 step_s 0.0243 peak_mem_gb 0.409
2026-10-01 22:38:53,597 | DEBUG | step 6068 epoch 4 loss 0.0379 step_s 0.0255 peak_mem_gb 0.409
2026-10-01 22:38:53,622 | DEBUG | step 6069 epoch 4 loss 0.0228 step_s 0.0237 peak_mem_gb 0.409
2026-10-01 22:38:53,647 | DEBUG | step 6070 epoch 4 loss 0.1557 step_s 0.0240 peak_mem_gb 0.409
2026-10-01 22:38:53,671 | DEBUG | step 6071 epoch 4 loss 0.0579 step_s 0.0229 peak_mem_gb 0.409
2026-10-01 22:38:53,695 | DEBUG | step 6072 epoch 4 loss 0.0878 step_s 0.0231 peak_mem_gb 0.409
2026-10-01 22:38:53,720 | DEBUG | step 6073 epoch 4 loss 0.0930 step_s 0.0244 peak_mem_gb 0.409
2026-10-01 22:38:53,741 | DEBUG | step 6074 epoch 4 loss 0.1724 step_s 0.0195 peak_mem_gb 0.409
2026-10-01 22:38:53,762 | DEBUG | step 6075 epoch 4 loss 0.0386 step_s 0.0199 peak_mem_gb 0.409
2026-10-01 22:38:53,785 | DEBUG | step 6076 epoch 4 loss 0.2326 step_s 0.0229 peak_mem_gb 0.409
2026-10-01 22:38:53,810 | DEBUG | step 6077 epoch 4 loss 0.1546 step_s 0.0236 peak_mem_gb 0.409
2026-10-01 22:38:53,835 | DEBUG | step 6078 epoch 4 loss 0.1027 step_s 0.0240 peak_mem_gb 0.409
2026-10-01 22:38:53,859 | DEBUG | step 6079 epoch 4 loss 0.0185 step_s 0.0237 peak_mem_gb 0.409
2026-10-01 22:38:53,879 | DEBUG | step 6080 epoch 4 loss 0.1201 step_s 0.0194 peak_mem_gb 0.409
2026-10-01 22:38:53,904 | DEBUG | step 6081 epoch 4 loss 0.0734 step_s 0.0235 peak_mem_gb 0.409
2026-10-01 22:38:53,925 | DEBUG | step 6082 epoch 4 loss 0.1261 step_s 0.0201 peak_mem_gb 0.409
2026-10-01 22:38:53,949 | DEBUG | step 6083 epoch 4 loss 0.0725 step_s 0.0236 peak_mem_gb 0.409
2026-10-01 22:38:53,974 | DEBUG | step 6084 epoch 4 loss 0.1129 step_s 0.0239 peak_mem_gb 0.409
2026-10-01 22:38:53,994 | DEBUG | step 6085 epoch 4 loss 0.2253 step_s 0.0189 peak_mem_gb 0.409
2026-10-01 22:38:54,018 | DEBUG | step 6086 epoch 4 loss 0.0706 step_s 0.0228 peak_mem_gb 0.409
2026-10-01 22:38:54,038 | DEBUG | step 6087 epoch 4 loss 0.1809 step_s 0.0197 peak_mem_gb 0.409
2026-10-01 22:38:54,063 | DEBUG | step 6088 epoch 4 loss 0.1122 step_s 0.0242 peak_mem_gb 0.409
2026-10-01 22:38:54,089 | DEBUG | step 6089 epoch 4 loss 0.0704 step_s 0.0245 peak_mem_gb 0.409
2026-10-01 22:38:54,115 | DEBUG | step 6090 epoch 4 loss 0.0630 step_s 0.0252 peak_mem_gb 0.409
2026-10-01 22:38:54,139 | DEBUG | step 6091 epoch 4 loss 0.0908 step_s 0.0231 peak_mem_gb 0.409
2026-10-01 22:38:54,163 | DEBUG | step 6092 epoch 4 loss 0.0993 step_s 0.0230 peak_mem_gb 0.409
2026-10-01 22:38:54,188 | DEBUG | step 6093 epoch 4 loss 0.0681 step_s 0.0236 peak_mem_gb 0.409
2026-10-01 22:38:54,213 | DEBUG | step 6094 epoch 4 loss 0.1257 step_s 0.0245 peak_mem_gb 0.409
2026-10-01 22:38:54,237 | DEBUG | step 6095 epoch 4 loss 0.1282 step_s 0.0233 peak_mem_gb 0.409
2026-10-01 22:38:54,261 | DEBUG | step 6096 epoch 4 loss 0.1598 step_s 0.0227 peak_mem_gb 0.409
2026-10-01 22:38:54,287 | DEBUG | step 6097 epoch 4 loss 0.0961 step_s 0.0258 peak_mem_gb 0.409
2026-10-01 22:38:54,313 | DEBUG | step 6098 epoch 4 loss 0.0568 step_s 0.0242 peak_mem_gb 0.409
2026-10-01 22:38:54,337 | DEBUG | step 6099 epoch 4 loss 0.0195 step_s 0.0235 peak_mem_gb 0.409
2026-10-01 22:38:54,362 | DEBUG | step 6100 epoch 4 loss 0.0276 step_s 0.0242 peak_mem_gb 0.409
2026-10-01 22:38:54,386 | DEBUG | step 6101 epoch 4 loss 0.0576 step_s 0.0233 peak_mem_gb 0.409
2026-10-01 22:38:54,411 | DEBUG | step 6102 epoch 4 loss 0.0766 step_s 0.0242 peak_mem_gb 0.409
2026-10-01 22:38:54,436 | DEBUG | step 6103 epoch 4 loss 0.1490 step_s 0.0242 peak_mem_gb 0.409
2026-10-01 22:38:54,459 | DEBUG | step 6104 epoch 4 loss 0.0654 step_s 0.0219 peak_mem_gb 0.409
2026-10-01 22:38:54,483 | DEBUG | step 6105 epoch 4 loss 0.0740 step_s 0.0233 peak_mem_gb 0.409
2026-10-01 22:38:54,508 | DEBUG | step 6106 epoch 4 loss 0.0420 step_s 0.0239 peak_mem_gb 0.409
2026-10-01 22:38:54,527 | DEBUG | step 6107 epoch 4 loss 0.0593 step_s 0.0176 peak_mem_gb 0.409
2026-10-01 22:38:54,551 | DEBUG | step 6108 epoch 4 loss 0.0845 step_s 0.0227 peak_mem_gb 0.409
2026-10-01 22:38:54,574 | DEBUG | step 6109 epoch 4 loss 0.0735 step_s 0.0221 peak_mem_gb 0.409
2026-10-01 22:38:54,595 | DEBUG | step 6110 epoch 4 loss 0.0670 step_s 0.0206 peak_mem_gb 0.409
2026-10-01 22:38:54,620 | DEBUG | step 6111 epoch 4 loss 0.0957 step_s 0.0245 peak_mem_gb 0.409
2026-10-01 22:38:54,647 | DEBUG | step 6112 epoch 4 loss 0.0842 step_s 0.0257 peak_mem_gb 0.409
2026-10-01 22:38:54,672 | DEBUG | step 6113 epoch 4 loss 0.1685 step_s 0.0243 peak_mem_gb 0.409
2026-10-01 22:38:54,697 | DEBUG | step 6114 epoch 4 loss 0.0722 step_s 0.0241 peak_mem_gb 0.409
2026-10-01 22:38:54,723 | DEBUG | step 6115 epoch 4 loss 0.1670 step_s 0.0252 peak_mem_gb 0.409
2026-10-01 22:38:54,750 | DEBUG | step 6116 epoch 4 loss 0.0307 step_s 0.0251 peak_mem_gb 0.409
2026-10-01 22:38:54,774 | DEBUG | step 6117 epoch 4 loss 0.0410 step_s 0.0238 peak_mem_gb 0.409
2026-10-01 22:38:54,800 | DEBUG | step 6118 epoch 4 loss 0.0526 step_s 0.0250 peak_mem_gb 0.409
2026-10-01 22:38:54,825 | DEBUG | step 6119 epoch 4 loss 0.0552 step_s 0.0232 peak_mem_gb 0.409
2026-10-01 22:38:54,849 | DEBUG | step 6120 epoch 4 loss 0.1557 step_s 0.0238 peak_mem_gb 0.409
2026-10-01 22:38:54,871 | DEBUG | step 6121 epoch 4 loss 0.0363 step_s 0.0205 peak_mem_gb 0.409
2026-10-01 22:38:54,894 | DEBUG | step 6122 epoch 4 loss 0.0486 step_s 0.0223 peak_mem_gb 0.409
2026-10-01 22:38:54,913 | DEBUG | step 6123 epoch 4 loss 0.0314 step_s 0.0183 peak_mem_gb 0.409
2026-10-01 22:38:54,938 | DEBUG | step 6124 epoch 4 loss 0.0982 step_s 0.0236 peak_mem_gb 0.409
2026-10-01 22:38:54,964 | DEBUG | step 6125 epoch 4 loss 0.0778 step_s 0.0253 peak_mem_gb 0.409
2026-10-01 22:38:54,989 | DEBUG | step 6126 epoch 4 loss 0.0690 step_s 0.0241 peak_mem_gb 0.409
2026-10-01 22:38:55,014 | DEBUG | step 6127 epoch 4 loss 0.0437 step_s 0.0241 peak_mem_gb 0.409
2026-10-01 22:38:55,039 | DEBUG | step 6128 epoch 4 loss 0.0325 step_s 0.0240 peak_mem_gb 0.409
2026-10-01 22:38:55,064 | DEBUG | step 6129 epoch 4 loss 0.0977 step_s 0.0242 peak_mem_gb 0.409
2026-10-01 22:38:55,090 | DEBUG | step 6130 epoch 4 loss 0.2299 step_s 0.0241 peak_mem_gb 0.409
2026-10-01 22:38:55,117 | DEBUG | step 6131 epoch 4 loss 0.0553 step_s 0.0258 peak_mem_gb 0.409
2026-10-01 22:38:55,142 | DEBUG | step 6132 epoch 4 loss 0.0320 step_s 0.0245 peak_mem_gb 0.409
2026-10-01 22:38:55,169 | DEBUG | step 6133 epoch 4 loss 0.0313 step_s 0.0253 peak_mem_gb 0.409
2026-10-01 22:38:55,194 | DEBUG | step 6134 epoch 4 loss 0.0986 step_s 0.0241 peak_mem_gb 0.409
2026-10-01 22:38:55,219 | DEBUG | step 6135 epoch 4 loss 0.0566 step_s 0.0240 peak_mem_gb 0.409
2026-10-01 22:38:55,244 | DEBUG | step 6136 epoch 4 loss 0.0821 step_s 0.0246 peak_mem_gb 0.409
2026-10-01 22:38:55,270 | DEBUG | step 6137 epoch 4 loss 0.0424 step_s 0.0242 peak_mem_gb 0.409
2026-10-01 22:38:55,295 | DEBUG | step 6138 epoch 4 loss 0.0682 step_s 0.0242 peak_mem_gb 0.409
2026-10-01 22:38:55,318 | DEBUG | step 6139 epoch 4 loss 0.1364 step_s 0.0222 peak_mem_gb 0.409
2026-10-01 22:38:55,342 | DEBUG | step 6140 epoch 4 loss 0.0582 step_s 0.0235 peak_mem_gb 0.409
2026-10-01 22:38:55,366 | DEBUG | step 6141 epoch 4 loss 0.0322 step_s 0.0228 peak_mem_gb 0.409
2026-10-01 22:38:55,388 | DEBUG | step 6142 epoch 4 loss 0.0592 step_s 0.0217 peak_mem_gb 0.409
2026-10-01 22:38:55,413 | DEBUG | step 6143 epoch 4 loss 0.1491 step_s 0.0236 peak_mem_gb 0.409
2026-10-01 22:38:55,436 | DEBUG | step 6144 epoch 4 loss 0.0828 step_s 0.0228 peak_mem_gb 0.409
2026-10-01 22:38:55,461 | DEBUG | step 6145 epoch 4 loss 0.1051 step_s 0.0241 peak_mem_gb 0.409
2026-10-01 22:38:55,487 | DEBUG | step 6146 epoch 4 loss 0.1090 step_s 0.0246 peak_mem_gb 0.409
2026-10-01 22:38:55,512 | DEBUG | step 6147 epoch 4 loss 0.1310 step_s 0.0243 peak_mem_gb 0.409
2026-10-01 22:38:55,538 | DEBUG | step 6148 epoch 4 loss 0.0774 step_s 0.0245 peak_mem_gb 0.409
2026-10-01 22:38:55,564 | DEBUG | step 6149 epoch 4 loss 0.1006 step_s 0.0252 peak_mem_gb 0.409
2026-10-01 22:38:55,590 | DEBUG | step 6150 epoch 4 loss 0.1335 step_s 0.0247 peak_mem_gb 0.409
2026-10-01 22:38:55,615 | DEBUG | step 6151 epoch 4 loss 0.1406 step_s 0.0235 peak_mem_gb 0.409
2026-10-01 22:38:55,638 | DEBUG | step 6152 epoch 4 loss 0.0758 step_s 0.0223 peak_mem_gb 0.409
2026-10-01 22:38:55,664 | DEBUG | step 6153 epoch 4 loss 0.0818 step_s 0.0254 peak_mem_gb 0.409
2026-10-01 22:38:55,689 | DEBUG | step 6154 epoch 4 loss 0.1231 step_s 0.0236 peak_mem_gb 0.409
2026-10-01 22:38:55,714 | DEBUG | step 6155 epoch 4 loss 0.0669 step_s 0.0238 peak_mem_gb 0.409
2026-10-01 22:38:55,737 | DEBUG | step 6156 epoch 4 loss 0.1170 step_s 0.0227 peak_mem_gb 0.409
2026-10-01 22:38:55,761 | DEBUG | step 6157 epoch 4 loss 0.0507 step_s 0.0228 peak_mem_gb 0.409
2026-10-01 22:38:55,787 | DEBUG | step 6158 epoch 4 loss 0.1732 step_s 0.0253 peak_mem_gb 0.409
2026-10-01 22:38:55,816 | DEBUG | step 6159 epoch 4 loss 0.0801 step_s 0.0280 peak_mem_gb 0.409
2026-10-01 22:38:55,840 | DEBUG | step 6160 epoch 4 loss 0.0774 step_s 0.0219 peak_mem_gb 0.409
2026-10-01 22:38:55,868 | DEBUG | step 6161 epoch 4 loss 0.0224 step_s 0.0271 peak_mem_gb 0.409
2026-10-01 22:38:55,898 | DEBUG | step 6162 epoch 4 loss 0.0569 step_s 0.0282 peak_mem_gb 0.409
2026-10-01 22:38:55,920 | DEBUG | step 6163 epoch 4 loss 0.1010 step_s 0.0217 peak_mem_gb 0.409
2026-10-01 22:38:55,943 | DEBUG | step 6164 epoch 4 loss 0.0884 step_s 0.0217 peak_mem_gb 0.409
2026-10-01 22:38:55,970 | DEBUG | step 6165 epoch 4 loss 0.0784 step_s 0.0256 peak_mem_gb 0.409
2026-10-01 22:38:55,995 | DEBUG | step 6166 epoch 4 loss 0.0656 step_s 0.0234 peak_mem_gb 0.409
2026-10-01 22:38:56,016 | DEBUG | step 6167 epoch 4 loss 0.0583 step_s 0.0198 peak_mem_gb 0.409
2026-10-01 22:38:56,043 | DEBUG | step 6168 epoch 4 loss 0.0215 step_s 0.0258 peak_mem_gb 0.409
2026-10-01 22:38:56,068 | DEBUG | step 6169 epoch 4 loss 0.0750 step_s 0.0240 peak_mem_gb 0.409
2026-10-01 22:38:56,093 | DEBUG | step 6170 epoch 4 loss 0.0614 step_s 0.0243 peak_mem_gb 0.409
2026-10-01 22:38:56,113 | DEBUG | step 6171 epoch 4 loss 0.2340 step_s 0.0186 peak_mem_gb 0.409
2026-10-01 22:38:56,138 | DEBUG | step 6172 epoch 4 loss 0.1338 step_s 0.0242 peak_mem_gb 0.409
2026-10-01 22:38:56,163 | DEBUG | step 6173 epoch 4 loss 0.0706 step_s 0.0239 peak_mem_gb 0.409
2026-10-01 22:38:56,187 | DEBUG | step 6174 epoch 4 loss 0.0927 step_s 0.0238 peak_mem_gb 0.409
2026-10-01 22:38:56,215 | DEBUG | step 6175 epoch 4 loss 0.0533 step_s 0.0265 peak_mem_gb 0.409
2026-10-01 22:38:56,240 | DEBUG | step 6176 epoch 4 loss 0.1099 step_s 0.0239 peak_mem_gb 0.409
2026-10-01 22:38:56,264 | DEBUG | step 6177 epoch 4 loss 0.0893 step_s 0.0233 peak_mem_gb 0.409
2026-10-01 22:38:56,284 | DEBUG | step 6178 epoch 4 loss 0.0175 step_s 0.0194 peak_mem_gb 0.409
2026-10-01 22:38:56,308 | DEBUG | step 6179 epoch 4 loss 0.1668 step_s 0.0232 peak_mem_gb 0.409
2026-10-01 22:38:56,331 | DEBUG | step 6180 epoch 4 loss 0.0725 step_s 0.0215 peak_mem_gb 0.409
2026-10-01 22:38:56,356 | DEBUG | step 6181 epoch 4 loss 0.1514 step_s 0.0240 peak_mem_gb 0.409
2026-10-01 22:38:56,382 | DEBUG | step 6182 epoch 4 loss 0.0599 step_s 0.0251 peak_mem_gb 0.409
2026-10-01 22:38:56,405 | DEBUG | step 6183 epoch 4 loss 0.0461 step_s 0.0229 peak_mem_gb 0.409
2026-10-01 22:38:56,430 | DEBUG | step 6184 epoch 4 loss 0.1734 step_s 0.0236 peak_mem_gb 0.409
2026-10-01 22:38:56,452 | DEBUG | step 6185 epoch 4 loss 0.1265 step_s 0.0207 peak_mem_gb 0.409
2026-10-01 22:38:56,476 | DEBUG | step 6186 epoch 4 loss 0.0554 step_s 0.0235 peak_mem_gb 0.409
2026-10-01 22:38:56,501 | DEBUG | step 6187 epoch 4 loss 0.0960 step_s 0.0237 peak_mem_gb 0.409
2026-10-01 22:38:56,526 | DEBUG | step 6188 epoch 4 loss 0.1279 step_s 0.0238 peak_mem_gb 0.409
2026-10-01 22:38:56,549 | DEBUG | step 6189 epoch 4 loss 0.1473 step_s 0.0227 peak_mem_gb 0.409
2026-10-01 22:38:56,573 | DEBUG | step 6190 epoch 4 loss 0.0718 step_s 0.0228 peak_mem_gb 0.409
2026-10-01 22:38:56,598 | DEBUG | step 6191 epoch 4 loss 0.1520 step_s 0.0240 peak_mem_gb 0.409
2026-10-01 22:38:56,623 | DEBUG | step 6192 epoch 4 loss 0.0943 step_s 0.0238 peak_mem_gb 0.409
2026-10-01 22:38:56,645 | DEBUG | step 6193 epoch 4 loss 0.0305 step_s 0.0214 peak_mem_gb 0.409
2026-10-01 22:38:56,666 | DEBUG | step 6194 epoch 4 loss 0.1546 step_s 0.0206 peak_mem_gb 0.409
2026-10-01 22:38:56,691 | DEBUG | step 6195 epoch 4 loss 0.2144 step_s 0.0240 peak_mem_gb 0.409
2026-10-01 22:38:56,717 | DEBUG | step 6196 epoch 4 loss 0.0289 step_s 0.0252 peak_mem_gb 0.409
2026-10-01 22:38:56,743 | DEBUG | step 6197 epoch 4 loss 0.0632 step_s 0.0246 peak_mem_gb 0.409
2026-10-01 22:38:56,769 | DEBUG | step 6198 epoch 4 loss 0.0472 step_s 0.0252 peak_mem_gb 0.409
2026-10-01 22:38:56,795 | DEBUG | step 6199 epoch 4 loss 0.0889 step_s 0.0244 peak_mem_gb 0.409
2026-10-01 22:38:56,818 | INFO | step 6200 epoch 4 loss 0.1715 step_s 0.0225 peak_mem_gb 0.409
2026-10-01 22:38:56,846 | DEBUG | step 6201 epoch 4 loss 0.0881 step_s 0.0259 peak_mem_gb 0.409
2026-10-01 22:38:56,872 | DEBUG | step 6202 epoch 4 loss 0.0650 step_s 0.0247 peak_mem_gb 0.409
2026-10-01 22:38:56,902 | DEBUG | step 6203 epoch 4 loss 0.1371 step_s 0.0283 peak_mem_gb 0.409
2026-10-01 22:38:56,929 | DEBUG | step 6204 epoch 4 loss 0.0673 step_s 0.0259 peak_mem_gb 0.409
2026-10-01 22:38:56,957 | DEBUG | step 6205 epoch 4 loss 0.0728 step_s 0.0264 peak_mem_gb 0.409
2026-10-01 22:38:56,984 | DEBUG | step 6206 epoch 4 loss 0.0660 step_s 0.0259 peak_mem_gb 0.409
2026-10-01 22:38:57,010 | DEBUG | step 6207 epoch 4 loss 0.0964 step_s 0.0254 peak_mem_gb 0.409
2026-10-01 22:38:57,035 | DEBUG | step 6208 epoch 4 loss 0.1005 step_s 0.0236 peak_mem_gb 0.409
2026-10-01 22:38:57,061 | DEBUG | step 6209 epoch 4 loss 0.1045 step_s 0.0244 peak_mem_gb 0.409
2026-10-01 22:38:57,085 | DEBUG | step 6210 epoch 4 loss 0.0622 step_s 0.0240 peak_mem_gb 0.409
2026-10-01 22:38:57,110 | DEBUG | step 6211 epoch 4 loss 0.0518 step_s 0.0239 peak_mem_gb 0.409
2026-10-01 22:38:57,133 | DEBUG | step 6212 epoch 4 loss 0.2217 step_s 0.0221 peak_mem_gb 0.409
2026-10-01 22:38:57,159 | DEBUG | step 6213 epoch 4 loss 0.0378 step_s 0.0244 peak_mem_gb 0.409
2026-10-01 22:38:57,183 | DEBUG | step 6214 epoch 4 loss 0.0486 step_s 0.0234 peak_mem_gb 0.409
2026-10-01 22:38:57,209 | DEBUG | step 6215 epoch 4 loss 0.1561 step_s 0.0245 peak_mem_gb 0.409
2026-10-01 22:38:57,234 | DEBUG | step 6216 epoch 4 loss 0.0692 step_s 0.0242 peak_mem_gb 0.409
2026-10-01 22:38:57,259 | DEBUG | step 6217 epoch 4 loss 0.0827 step_s 0.0245 peak_mem_gb 0.409
2026-10-01 22:38:57,284 | DEBUG | step 6218 epoch 4 loss 0.0490 step_s 0.0240 peak_mem_gb 0.409
2026-10-01 22:38:57,308 | DEBUG | step 6219 epoch 4 loss 0.0568 step_s 0.0225 peak_mem_gb 0.409
2026-10-01 22:38:57,332 | DEBUG | step 6220 epoch 4 loss 0.0442 step_s 0.0237 peak_mem_gb 0.409
2026-10-01 22:38:57,354 | DEBUG | step 6221 epoch 4 loss 0.1047 step_s 0.0206 peak_mem_gb 0.409
2026-10-01 22:38:57,378 | DEBUG | step 6222 epoch 4 loss 0.0306 step_s 0.0234 peak_mem_gb 0.409
2026-10-01 22:38:57,402 | DEBUG | step 6223 epoch 4 loss 0.1264 step_s 0.0230 peak_mem_gb 0.409
2026-10-01 22:38:57,428 | DEBUG | step 6224 epoch 4 loss 0.2100 step_s 0.0247 peak_mem_gb 0.409
2026-10-01 22:38:57,449 | DEBUG | step 6225 epoch 4 loss 0.0986 step_s 0.0204 peak_mem_gb 0.409
2026-10-01 22:38:57,474 | DEBUG | step 6226 epoch 4 loss 0.0365 step_s 0.0240 peak_mem_gb 0.409
2026-10-01 22:38:57,499 | DEBUG | step 6227 epoch 4 loss 0.0756 step_s 0.0242 peak_mem_gb 0.409
2026-10-01 22:38:57,523 | DEBUG | step 6228 epoch 4 loss 0.0213 step_s 0.0237 peak_mem_gb 0.409
2026-10-01 22:38:57,548 | DEBUG | step 6229 epoch 4 loss 0.0549 step_s 0.0236 peak_mem_gb 0.409
2026-10-01 22:38:57,572 | DEBUG | step 6230 epoch 4 loss 0.1916 step_s 0.0232 peak_mem_gb 0.409
2026-10-01 22:38:57,597 | DEBUG | step 6231 epoch 4 loss 0.0696 step_s 0.0242 peak_mem_gb 0.409
2026-10-01 22:38:57,622 | DEBUG | step 6232 epoch 4 loss 0.0832 step_s 0.0239 peak_mem_gb 0.409
2026-10-01 22:38:57,648 | DEBUG | step 6233 epoch 4 loss 0.0541 step_s 0.0251 peak_mem_gb 0.409
2026-10-01 22:38:57,672 | DEBUG | step 6234 epoch 4 loss 0.0492 step_s 0.0225 peak_mem_gb 0.409
2026-10-01 22:38:57,698 | DEBUG | step 6235 epoch 4 loss 0.0532 step_s 0.0250 peak_mem_gb 0.409
2026-10-01 22:38:57,723 | DEBUG | step 6236 epoch 4 loss 0.0827 step_s 0.0240 peak_mem_gb 0.409
2026-10-01 22:38:57,746 | DEBUG | step 6237 epoch 4 loss 0.0176 step_s 0.0219 peak_mem_gb 0.409
2026-10-01 22:38:57,772 | DEBUG | step 6238 epoch 4 loss 0.1233 step_s 0.0250 peak_mem_gb 0.409
2026-10-01 22:38:57,797 | DEBUG | step 6239 epoch 4 loss 0.0250 step_s 0.0244 peak_mem_gb 0.409
2026-10-01 22:38:57,822 | DEBUG | step 6240 epoch 4 loss 0.0284 step_s 0.0235 peak_mem_gb 0.409
2026-10-01 22:38:57,847 | DEBUG | step 6241 epoch 4 loss 0.0307 step_s 0.0242 peak_mem_gb 0.409
2026-10-01 22:38:57,872 | DEBUG | step 6242 epoch 4 loss 0.1324 step_s 0.0238 peak_mem_gb 0.409
2026-10-01 22:38:57,901 | DEBUG | step 6243 epoch 4 loss 0.0448 step_s 0.0282 peak_mem_gb 0.409
2026-10-01 22:38:57,928 | DEBUG | step 6244 epoch 4 loss 0.1564 step_s 0.0254 peak_mem_gb 0.409
2026-10-01 22:38:57,956 | DEBUG | step 6245 epoch 4 loss 0.0888 step_s 0.0269 peak_mem_gb 0.409
2026-10-01 22:38:57,981 | DEBUG | step 6246 epoch 4 loss 0.0796 step_s 0.0241 peak_mem_gb 0.409
2026-10-01 22:38:58,007 | DEBUG | step 6247 epoch 4 loss 0.0376 step_s 0.0254 peak_mem_gb 0.409
2026-10-01 22:38:58,030 | DEBUG | step 6248 epoch 4 loss 0.1203 step_s 0.0219 peak_mem_gb 0.409
2026-10-01 22:38:58,055 | DEBUG | step 6249 epoch 4 loss 0.0429 step_s 0.0240 peak_mem_gb 0.409
2026-10-01 22:38:58,077 | DEBUG | step 6250 epoch 4 loss 0.0543 step_s 0.0211 peak_mem_gb 0.409
2026-10-01 22:38:58,103 | DEBUG | step 6251 epoch 4 loss 0.2797 step_s 0.0243 peak_mem_gb 0.409
2026-10-01 22:38:58,122 | DEBUG | step 6252 epoch 4 loss 0.0958 step_s 0.0154 peak_mem_gb 0.409
2026-10-01 22:38:58,651 | INFO | epoch 4/5 train_loss 0.0838 val_f1_macro 0.9347 val_accuracy 0.9347
2026-10-01 22:38:58,692 | DEBUG | step 6253 epoch 5 loss 0.0278 step_s 0.0377 peak_mem_gb 0.409
2026-10-01 22:38:58,723 | DEBUG | step 6254 epoch 5 loss 0.0155 step_s 0.0297 peak_mem_gb 0.409
2026-10-01 22:38:58,753 | DEBUG | step 6255 epoch 5 loss 0.0217 step_s 0.0287 peak_mem_gb 0.409
2026-10-01 22:38:58,794 | DEBUG | step 6256 epoch 5 loss 0.0671 step_s 0.0392 peak_mem_gb 0.409
2026-10-01 22:38:58,825 | DEBUG | step 6257 epoch 5 loss 0.0791 step_s 0.0293 peak_mem_gb 0.409
2026-10-01 22:38:58,850 | DEBUG | step 6258 epoch 5 loss 0.0806 step_s 0.0242 peak_mem_gb 0.409
2026-10-01 22:38:58,876 | DEBUG | step 6259 epoch 5 loss 0.0168 step_s 0.0248 peak_mem_gb 0.409
2026-10-01 22:38:58,898 | DEBUG | step 6260 epoch 5 loss 0.0679 step_s 0.0207 peak_mem_gb 0.409
2026-10-01 22:38:58,921 | DEBUG | step 6261 epoch 5 loss 0.0483 step_s 0.0222 peak_mem_gb 0.409
2026-10-01 22:38:58,947 | DEBUG | step 6262 epoch 5 loss 0.0237 step_s 0.0240 peak_mem_gb 0.409
2026-10-01 22:38:58,971 | DEBUG | step 6263 epoch 5 loss 0.0368 step_s 0.0235 peak_mem_gb 0.409
2026-10-01 22:38:58,992 | DEBUG | step 6264 epoch 5 loss 0.0215 step_s 0.0201 peak_mem_gb 0.409
2026-10-01 22:38:59,017 | DEBUG | step 6265 epoch 5 loss 0.0616 step_s 0.0238 peak_mem_gb 0.409
2026-10-01 22:38:59,042 | DEBUG | step 6266 epoch 5 loss 0.0315 step_s 0.0245 peak_mem_gb 0.409
2026-10-01 22:38:59,068 | DEBUG | step 6267 epoch 5 loss 0.0609 step_s 0.0249 peak_mem_gb 0.409
2026-10-01 22:38:59,096 | DEBUG | step 6268 epoch 5 loss 0.0906 step_s 0.0270 peak_mem_gb 0.409
2026-10-01 22:38:59,123 | DEBUG | step 6269 epoch 5 loss 0.0357 step_s 0.0256 peak_mem_gb 0.409
2026-10-01 22:38:59,149 | DEBUG | step 6270 epoch 5 loss 0.0167 step_s 0.0249 peak_mem_gb 0.409
2026-10-01 22:38:59,173 | DEBUG | step 6271 epoch 5 loss 0.1125 step_s 0.0229 peak_mem_gb 0.409
2026-10-01 22:38:59,198 | DEBUG | step 6272 epoch 5 loss 0.0111 step_s 0.0242 peak_mem_gb 0.409
2026-10-01 22:38:59,223 | DEBUG | step 6273 epoch 5 loss 0.0725 step_s 0.0241 peak_mem_gb 0.409
2026-10-01 22:38:59,249 | DEBUG | step 6274 epoch 5 loss 0.1368 step_s 0.0245 peak_mem_gb 0.409
2026-10-01 22:38:59,272 | DEBUG | step 6275 epoch 5 loss 0.0201 step_s 0.0219 peak_mem_gb 0.409
2026-10-01 22:38:59,296 | DEBUG | step 6276 epoch 5 loss 0.0432 step_s 0.0236 peak_mem_gb 0.409
2026-10-01 22:38:59,321 | DEBUG | step 6277 epoch 5 loss 0.0286 step_s 0.0242 peak_mem_gb 0.409
2026-10-01 22:38:59,346 | DEBUG | step 6278 epoch 5 loss 0.0629 step_s 0.0242 peak_mem_gb 0.409
2026-10-01 22:38:59,372 | DEBUG | step 6279 epoch 5 loss 0.0191 step_s 0.0245 peak_mem_gb 0.409
2026-10-01 22:38:59,396 | DEBUG | step 6280 epoch 5 loss 0.0346 step_s 0.0230 peak_mem_gb 0.409
2026-10-01 22:38:59,421 | DEBUG | step 6281 epoch 5 loss 0.0990 step_s 0.0241 peak_mem_gb 0.409
2026-10-01 22:38:59,445 | DEBUG | step 6282 epoch 5 loss 0.0240 step_s 0.0235 peak_mem_gb 0.409
2026-10-01 22:38:59,469 | DEBUG | step 6283 epoch 5 loss 0.0579 step_s 0.0226 peak_mem_gb 0.409
2026-10-01 22:38:59,492 | DEBUG | step 6284 epoch 5 loss 0.1632 step_s 0.0224 peak_mem_gb 0.409
2026-10-01 22:38:59,516 | DEBUG | step 6285 epoch 5 loss 0.0880 step_s 0.0233 peak_mem_gb 0.409
2026-10-01 22:38:59,540 | DEBUG | step 6286 epoch 5 loss 0.0479 step_s 0.0229 peak_mem_gb 0.409
2026-10-01 22:38:59,564 | DEBUG | step 6287 epoch 5 loss 0.0311 step_s 0.0223 peak_mem_gb 0.409
2026-10-01 22:38:59,588 | DEBUG | step 6288 epoch 5 loss 0.0882 step_s 0.0236 peak_mem_gb 0.409
2026-10-01 22:38:59,613 | DEBUG | step 6289 epoch 5 loss 0.0179 step_s 0.0238 peak_mem_gb 0.409
2026-10-01 22:38:59,634 | DEBUG | step 6290 epoch 5 loss 0.1423 step_s 0.0204 peak_mem_gb 0.409
2026-10-01 22:38:59,658 | DEBUG | step 6291 epoch 5 loss 0.0348 step_s 0.0231 peak_mem_gb 0.409
2026-10-01 22:38:59,682 | DEBUG | step 6292 epoch 5 loss 0.0370 step_s 0.0231 peak_mem_gb 0.409
2026-10-01 22:38:59,708 | DEBUG | step 6293 epoch 5 loss 0.0810 step_s 0.0251 peak_mem_gb 0.409
2026-10-01 22:38:59,734 | DEBUG | step 6294 epoch 5 loss 0.0205 step_s 0.0253 peak_mem_gb 0.409
2026-10-01 22:38:59,763 | DEBUG | step 6295 epoch 5 loss 0.0381 step_s 0.0276 peak_mem_gb 0.409
2026-10-01 22:38:59,789 | DEBUG | step 6296 epoch 5 loss 0.0744 step_s 0.0250 peak_mem_gb 0.409
2026-10-01 22:38:59,815 | DEBUG | step 6297 epoch 5 loss 0.0416 step_s 0.0251 peak_mem_gb 0.409
2026-10-01 22:38:59,841 | DEBUG | step 6298 epoch 5 loss 0.0464 step_s 0.0244 peak_mem_gb 0.409
2026-10-01 22:38:59,865 | DEBUG | step 6299 epoch 5 loss 0.0920 step_s 0.0239 peak_mem_gb 0.409
2026-10-01 22:38:59,888 | DEBUG | step 6300 epoch 5 loss 0.0228 step_s 0.0216 peak_mem_gb 0.409
2026-10-01 22:38:59,913 | DEBUG | step 6301 epoch 5 loss 0.0162 step_s 0.0240 peak_mem_gb 0.409
2026-10-01 22:38:59,938 | DEBUG | step 6302 epoch 5 loss 0.0300 step_s 0.0235 peak_mem_gb 0.409
2026-10-01 22:38:59,962 | DEBUG | step 6303 epoch 5 loss 0.0379 step_s 0.0240 peak_mem_gb 0.409
2026-10-01 22:38:59,986 | DEBUG | step 6304 epoch 5 loss 0.0280 step_s 0.0224 peak_mem_gb 0.409
2026-10-01 22:39:00,012 | DEBUG | step 6305 epoch 5 loss 0.0963 step_s 0.0255 peak_mem_gb 0.409
2026-10-01 22:39:00,037 | DEBUG | step 6306 epoch 5 loss 0.1053 step_s 0.0241 peak_mem_gb 0.409
2026-10-01 22:39:00,063 | DEBUG | step 6307 epoch 5 loss 0.0662 step_s 0.0244 peak_mem_gb 0.409
2026-10-01 22:39:00,088 | DEBUG | step 6308 epoch 5 loss 0.0268 step_s 0.0245 peak_mem_gb 0.409
2026-10-01 22:39:00,112 | DEBUG | step 6309 epoch 5 loss 0.1200 step_s 0.0223 peak_mem_gb 0.409
2026-10-01 22:39:00,135 | DEBUG | step 6310 epoch 5 loss 0.0430 step_s 0.0223 peak_mem_gb 0.409
2026-10-01 22:39:00,158 | DEBUG | step 6311 epoch 5 loss 0.0407 step_s 0.0225 peak_mem_gb 0.409
2026-10-01 22:39:00,183 | DEBUG | step 6312 epoch 5 loss 0.0153 step_s 0.0240 peak_mem_gb 0.409
2026-10-01 22:39:00,205 | DEBUG | step 6313 epoch 5 loss 0.0707 step_s 0.0205 peak_mem_gb 0.409
2026-10-01 22:39:00,230 | DEBUG | step 6314 epoch 5 loss 0.0314 step_s 0.0242 peak_mem_gb 0.409
2026-10-01 22:39:00,255 | DEBUG | step 6315 epoch 5 loss 0.0412 step_s 0.0241 peak_mem_gb 0.409
2026-10-01 22:39:00,278 | DEBUG | step 6316 epoch 5 loss 0.0631 step_s 0.0219 peak_mem_gb 0.409
2026-10-01 22:39:00,303 | DEBUG | step 6317 epoch 5 loss 0.0230 step_s 0.0238 peak_mem_gb 0.409
2026-10-01 22:39:00,329 | DEBUG | step 6318 epoch 5 loss 0.0480 step_s 0.0252 peak_mem_gb 0.409
2026-10-01 22:39:00,353 | DEBUG | step 6319 epoch 5 loss 0.0951 step_s 0.0230 peak_mem_gb 0.409
2026-10-01 22:39:00,375 | DEBUG | step 6320 epoch 5 loss 0.0813 step_s 0.0214 peak_mem_gb 0.409
2026-10-01 22:39:00,400 | DEBUG | step 6321 epoch 5 loss 0.1668 step_s 0.0237 peak_mem_gb 0.409
2026-10-01 22:39:00,425 | DEBUG | step 6322 epoch 5 loss 0.0210 step_s 0.0244 peak_mem_gb 0.409
2026-10-01 22:39:00,450 | DEBUG | step 6323 epoch 5 loss 0.0568 step_s 0.0242 peak_mem_gb 0.409
2026-10-01 22:39:00,476 | DEBUG | step 6324 epoch 5 loss 0.0083 step_s 0.0247 peak_mem_gb 0.409
2026-10-01 22:39:00,503 | DEBUG | step 6325 epoch 5 loss 0.0172 step_s 0.0252 peak_mem_gb 0.409
2026-10-01 22:39:00,527 | DEBUG | step 6326 epoch 5 loss 0.0641 step_s 0.0234 peak_mem_gb 0.409
2026-10-01 22:39:00,551 | DEBUG | step 6327 epoch 5 loss 0.0400 step_s 0.0228 peak_mem_gb 0.409
2026-10-01 22:39:00,569 | DEBUG | step 6328 epoch 5 loss 0.0817 step_s 0.0171 peak_mem_gb 0.409
2026-10-01 22:39:00,594 | DEBUG | step 6329 epoch 5 loss 0.1027 step_s 0.0241 peak_mem_gb 0.409
2026-10-01 22:39:00,619 | DEBUG | step 6330 epoch 5 loss 0.0330 step_s 0.0246 peak_mem_gb 0.409
2026-10-01 22:39:00,643 | DEBUG | step 6331 epoch 5 loss 0.0339 step_s 0.0234 peak_mem_gb 0.409
2026-10-01 22:39:00,669 | DEBUG | step 6332 epoch 5 loss 0.0793 step_s 0.0250 peak_mem_gb 0.409
2026-10-01 22:39:00,693 | DEBUG | step 6333 epoch 5 loss 0.0158 step_s 0.0226 peak_mem_gb 0.409
2026-10-01 22:39:00,716 | DEBUG | step 6334 epoch 5 loss 0.0709 step_s 0.0228 peak_mem_gb 0.409
2026-10-01 22:39:00,740 | DEBUG | step 6335 epoch 5 loss 0.0521 step_s 0.0230 peak_mem_gb 0.409
2026-10-01 22:39:00,761 | DEBUG | step 6336 epoch 5 loss 0.0137 step_s 0.0196 peak_mem_gb 0.409
2026-10-01 22:39:00,784 | DEBUG | step 6337 epoch 5 loss 0.0203 step_s 0.0226 peak_mem_gb 0.409
2026-10-01 22:39:00,812 | DEBUG | step 6338 epoch 5 loss 0.0184 step_s 0.0256 peak_mem_gb 0.409
2026-10-01 22:39:00,839 | DEBUG | step 6339 epoch 5 loss 0.0992 step_s 0.0265 peak_mem_gb 0.409
2026-10-01 22:39:00,865 | DEBUG | step 6340 epoch 5 loss 0.0424 step_s 0.0247 peak_mem_gb 0.409
2026-10-01 22:39:00,888 | DEBUG | step 6341 epoch 5 loss 0.0288 step_s 0.0216 peak_mem_gb 0.409
2026-10-01 22:39:00,912 | DEBUG | step 6342 epoch 5 loss 0.1012 step_s 0.0236 peak_mem_gb 0.409
2026-10-01 22:39:00,937 | DEBUG | step 6343 epoch 5 loss 0.0826 step_s 0.0244 peak_mem_gb 0.409
2026-10-01 22:39:00,962 | DEBUG | step 6344 epoch 5 loss 0.0549 step_s 0.0240 peak_mem_gb 0.409
2026-10-01 22:39:00,987 | DEBUG | step 6345 epoch 5 loss 0.0201 step_s 0.0240 peak_mem_gb 0.409
2026-10-01 22:39:01,013 | DEBUG | step 6346 epoch 5 loss 0.0839 step_s 0.0253 peak_mem_gb 0.409
2026-10-01 22:39:01,038 | DEBUG | step 6347 epoch 5 loss 0.0211 step_s 0.0236 peak_mem_gb 0.409
2026-10-01 22:39:01,063 | DEBUG | step 6348 epoch 5 loss 0.0370 step_s 0.0242 peak_mem_gb 0.409
2026-10-01 22:39:01,084 | DEBUG | step 6349 epoch 5 loss 0.0500 step_s 0.0199 peak_mem_gb 0.409
2026-10-01 22:39:01,110 | DEBUG | step 6350 epoch 5 loss 0.0121 step_s 0.0245 peak_mem_gb 0.409
2026-10-01 22:39:01,130 | DEBUG | step 6351 epoch 5 loss 0.0566 step_s 0.0194 peak_mem_gb 0.409
2026-10-01 22:39:01,155 | DEBUG | step 6352 epoch 5 loss 0.0370 step_s 0.0237 peak_mem_gb 0.409
2026-10-01 22:39:01,180 | DEBUG | step 6353 epoch 5 loss 0.0272 step_s 0.0243 peak_mem_gb 0.409
2026-10-01 22:39:01,202 | DEBUG | step 6354 epoch 5 loss 0.0499 step_s 0.0216 peak_mem_gb 0.409
2026-10-01 22:39:01,226 | DEBUG | step 6355 epoch 5 loss 0.0498 step_s 0.0233 peak_mem_gb 0.409
2026-10-01 22:39:01,248 | DEBUG | step 6356 epoch 5 loss 0.0210 step_s 0.0211 peak_mem_gb 0.409
2026-10-01 22:39:01,274 | DEBUG | step 6357 epoch 5 loss 0.0239 step_s 0.0239 peak_mem_gb 0.409
2026-10-01 22:39:01,299 | DEBUG | step 6358 epoch 5 loss 0.0631 step_s 0.0240 peak_mem_gb 0.409
2026-10-01 22:39:01,323 | DEBUG | step 6359 epoch 5 loss 0.0411 step_s 0.0238 peak_mem_gb 0.409
2026-10-01 22:39:01,349 | DEBUG | step 6360 epoch 5 loss 0.0662 step_s 0.0251 peak_mem_gb 0.409
2026-10-01 22:39:01,375 | DEBUG | step 6361 epoch 5 loss 0.0305 step_s 0.0247 peak_mem_gb 0.409
2026-10-01 22:39:01,399 | DEBUG | step 6362 epoch 5 loss 0.0487 step_s 0.0232 peak_mem_gb 0.409
2026-10-01 22:39:01,424 | DEBUG | step 6363 epoch 5 loss 0.0275 step_s 0.0237 peak_mem_gb 0.409
2026-10-01 22:39:01,446 | DEBUG | step 6364 epoch 5 loss 0.0685 step_s 0.0217 peak_mem_gb 0.409
2026-10-01 22:39:01,471 | DEBUG | step 6365 epoch 5 loss 0.0337 step_s 0.0242 peak_mem_gb 0.409
2026-10-01 22:39:01,496 | DEBUG | step 6366 epoch 5 loss 0.0772 step_s 0.0238 peak_mem_gb 0.409
2026-10-01 22:39:01,520 | DEBUG | step 6367 epoch 5 loss 0.0317 step_s 0.0230 peak_mem_gb 0.409
2026-10-01 22:39:01,544 | DEBUG | step 6368 epoch 5 loss 0.0425 step_s 0.0226 peak_mem_gb 0.409
2026-10-01 22:39:01,568 | DEBUG | step 6369 epoch 5 loss 0.0318 step_s 0.0238 peak_mem_gb 0.409
2026-10-01 22:39:01,589 | DEBUG | step 6370 epoch 5 loss 0.1011 step_s 0.0201 peak_mem_gb 0.409
2026-10-01 22:39:01,615 | DEBUG | step 6371 epoch 5 loss 0.0298 step_s 0.0244 peak_mem_gb 0.409
2026-10-01 22:39:01,639 | DEBUG | step 6372 epoch 5 loss 0.0469 step_s 0.0232 peak_mem_gb 0.409
2026-10-01 22:39:01,659 | DEBUG | step 6373 epoch 5 loss 0.0206 step_s 0.0196 peak_mem_gb 0.409
2026-10-01 22:39:01,684 | DEBUG | step 6374 epoch 5 loss 0.0350 step_s 0.0237 peak_mem_gb 0.409
2026-10-01 22:39:01,711 | DEBUG | step 6375 epoch 5 loss 0.0295 step_s 0.0260 peak_mem_gb 0.409
2026-10-01 22:39:01,733 | DEBUG | step 6376 epoch 5 loss 0.0292 step_s 0.0212 peak_mem_gb 0.409
2026-10-01 22:39:01,756 | DEBUG | step 6377 epoch 5 loss 0.0103 step_s 0.0226 peak_mem_gb 0.409
2026-10-01 22:39:01,775 | DEBUG | step 6378 epoch 5 loss 0.0119 step_s 0.0173 peak_mem_gb 0.409
2026-10-01 22:39:01,800 | DEBUG | step 6379 epoch 5 loss 0.0271 step_s 0.0246 peak_mem_gb 0.409
2026-10-01 22:39:01,826 | DEBUG | step 6380 epoch 5 loss 0.0510 step_s 0.0252 peak_mem_gb 0.409
2026-10-01 22:39:01,852 | DEBUG | step 6381 epoch 5 loss 0.0414 step_s 0.0244 peak_mem_gb 0.409
2026-10-01 22:39:01,876 | DEBUG | step 6382 epoch 5 loss 0.0315 step_s 0.0228 peak_mem_gb 0.409
2026-10-01 22:39:01,899 | DEBUG | step 6383 epoch 5 loss 0.0497 step_s 0.0222 peak_mem_gb 0.409
2026-10-01 22:39:01,924 | DEBUG | step 6384 epoch 5 loss 0.0179 step_s 0.0237 peak_mem_gb 0.409
2026-10-01 22:39:01,947 | DEBUG | step 6385 epoch 5 loss 0.0278 step_s 0.0226 peak_mem_gb 0.409
2026-10-01 22:39:01,971 | DEBUG | step 6386 epoch 5 loss 0.0459 step_s 0.0233 peak_mem_gb 0.409
2026-10-01 22:39:01,995 | DEBUG | step 6387 epoch 5 loss 0.0162 step_s 0.0229 peak_mem_gb 0.409
2026-10-01 22:39:02,019 | DEBUG | step 6388 epoch 5 loss 0.0156 step_s 0.0228 peak_mem_gb 0.409
2026-10-01 22:39:02,043 | DEBUG | step 6389 epoch 5 loss 0.0204 step_s 0.0232 peak_mem_gb 0.409
2026-10-01 22:39:02,067 | DEBUG | step 6390 epoch 5 loss 0.0345 step_s 0.0235 peak_mem_gb 0.409
2026-10-01 22:39:02,092 | DEBUG | step 6391 epoch 5 loss 0.0261 step_s 0.0237 peak_mem_gb 0.409
2026-10-01 22:39:02,117 | DEBUG | step 6392 epoch 5 loss 0.0791 step_s 0.0243 peak_mem_gb 0.409
2026-10-01 22:39:02,142 | DEBUG | step 6393 epoch 5 loss 0.0289 step_s 0.0235 peak_mem_gb 0.409
2026-10-01 22:39:02,167 | DEBUG | step 6394 epoch 5 loss 0.0843 step_s 0.0247 peak_mem_gb 0.409
2026-10-01 22:39:02,190 | DEBUG | step 6395 epoch 5 loss 0.0843 step_s 0.0211 peak_mem_gb 0.409
2026-10-01 22:39:02,214 | DEBUG | step 6396 epoch 5 loss 0.0265 step_s 0.0237 peak_mem_gb 0.409
2026-10-01 22:39:02,239 | DEBUG | step 6397 epoch 5 loss 0.0079 step_s 0.0233 peak_mem_gb 0.409
2026-10-01 22:39:02,263 | DEBUG | step 6398 epoch 5 loss 0.0646 step_s 0.0236 peak_mem_gb 0.409
2026-10-01 22:39:02,288 | DEBUG | step 6399 epoch 5 loss 0.0311 step_s 0.0233 peak_mem_gb 0.409
2026-10-01 22:39:02,312 | INFO | step 6400 epoch 5 loss 0.0186 step_s 0.0237 peak_mem_gb 0.409
2026-10-01 22:39:02,338 | DEBUG | step 6401 epoch 5 loss 0.1695 step_s 0.0239 peak_mem_gb 0.409
2026-10-01 22:39:02,364 | DEBUG | step 6402 epoch 5 loss 0.0179 step_s 0.0252 peak_mem_gb 0.409
2026-10-01 22:39:02,389 | DEBUG | step 6403 epoch 5 loss 0.0175 step_s 0.0241 peak_mem_gb 0.409
2026-10-01 22:39:02,413 | DEBUG | step 6404 epoch 5 loss 0.0246 step_s 0.0227 peak_mem_gb 0.409
2026-10-01 22:39:02,438 | DEBUG | step 6405 epoch 5 loss 0.0372 step_s 0.0243 peak_mem_gb 0.409
2026-10-01 22:39:02,461 | DEBUG | step 6406 epoch 5 loss 0.1575 step_s 0.0216 peak_mem_gb 0.409
2026-10-01 22:39:02,485 | DEBUG | step 6407 epoch 5 loss 0.0383 step_s 0.0233 peak_mem_gb 0.409
2026-10-01 22:39:02,511 | DEBUG | step 6408 epoch 5 loss 0.0448 step_s 0.0250 peak_mem_gb 0.409
2026-10-01 22:39:02,536 | DEBUG | step 6409 epoch 5 loss 0.0270 step_s 0.0237 peak_mem_gb 0.409
2026-10-01 22:39:02,562 | DEBUG | step 6410 epoch 5 loss 0.0468 step_s 0.0255 peak_mem_gb 0.409
2026-10-01 22:39:02,581 | DEBUG | step 6411 epoch 5 loss 0.2116 step_s 0.0180 peak_mem_gb 0.409
2026-10-01 22:39:02,602 | DEBUG | step 6412 epoch 5 loss 0.1063 step_s 0.0207 peak_mem_gb 0.409
2026-10-01 22:39:02,626 | DEBUG | step 6413 epoch 5 loss 0.0213 step_s 0.0225 peak_mem_gb 0.409
2026-10-01 22:39:02,646 | DEBUG | step 6414 epoch 5 loss 0.0612 step_s 0.0203 peak_mem_gb 0.409
2026-10-01 22:39:02,667 | DEBUG | step 6415 epoch 5 loss 0.0248 step_s 0.0203 peak_mem_gb 0.409
2026-10-01 22:39:02,692 | DEBUG | step 6416 epoch 5 loss 0.0446 step_s 0.0241 peak_mem_gb 0.409
2026-10-01 22:39:02,714 | DEBUG | step 6417 epoch 5 loss 0.0465 step_s 0.0216 peak_mem_gb 0.409
2026-10-01 22:39:02,741 | DEBUG | step 6418 epoch 5 loss 0.0166 step_s 0.0254 peak_mem_gb 0.409
2026-10-01 22:39:02,768 | DEBUG | step 6419 epoch 5 loss 0.0709 step_s 0.0257 peak_mem_gb 0.409
2026-10-01 22:39:02,794 | DEBUG | step 6420 epoch 5 loss 0.0688 step_s 0.0253 peak_mem_gb 0.409
2026-10-01 22:39:02,819 | DEBUG | step 6421 epoch 5 loss 0.0787 step_s 0.0236 peak_mem_gb 0.409
2026-10-01 22:39:02,840 | DEBUG | step 6422 epoch 5 loss 0.0209 step_s 0.0202 peak_mem_gb 0.409
2026-10-01 22:39:02,864 | DEBUG | step 6423 epoch 5 loss 0.0199 step_s 0.0231 peak_mem_gb 0.409
2026-10-01 22:39:02,890 | DEBUG | step 6424 epoch 5 loss 0.0433 step_s 0.0246 peak_mem_gb 0.409
2026-10-01 22:39:02,915 | DEBUG | step 6425 epoch 5 loss 0.1908 step_s 0.0244 peak_mem_gb 0.409
2026-10-01 22:39:02,940 | DEBUG | step 6426 epoch 5 loss 0.0147 step_s 0.0235 peak_mem_gb 0.409
2026-10-01 22:39:02,963 | DEBUG | step 6427 epoch 5 loss 0.0669 step_s 0.0225 peak_mem_gb 0.409
2026-10-01 22:39:02,988 | DEBUG | step 6428 epoch 5 loss 0.0289 step_s 0.0239 peak_mem_gb 0.409
2026-10-01 22:39:03,010 | DEBUG | step 6429 epoch 5 loss 0.0169 step_s 0.0213 peak_mem_gb 0.409
2026-10-01 22:39:03,035 | DEBUG | step 6430 epoch 5 loss 0.0232 step_s 0.0236 peak_mem_gb 0.409
2026-10-01 22:39:03,059 | DEBUG | step 6431 epoch 5 loss 0.0643 step_s 0.0234 peak_mem_gb 0.409
2026-10-01 22:39:03,085 | DEBUG | step 6432 epoch 5 loss 0.0230 step_s 0.0252 peak_mem_gb 0.409
2026-10-01 22:39:03,111 | DEBUG | step 6433 epoch 5 loss 0.0930 step_s 0.0241 peak_mem_gb 0.409
2026-10-01 22:39:03,133 | DEBUG | step 6434 epoch 5 loss 0.0507 step_s 0.0217 peak_mem_gb 0.409
2026-10-01 22:39:03,158 | DEBUG | step 6435 epoch 5 loss 0.0466 step_s 0.0241 peak_mem_gb 0.409
2026-10-01 22:39:03,186 | DEBUG | step 6436 epoch 5 loss 0.0453 step_s 0.0263 peak_mem_gb 0.409
2026-10-01 22:39:03,211 | DEBUG | step 6437 epoch 5 loss 0.0324 step_s 0.0243 peak_mem_gb 0.409
2026-10-01 22:39:03,236 | DEBUG | step 6438 epoch 5 loss 0.0131 step_s 0.0244 peak_mem_gb 0.409
2026-10-01 22:39:03,263 | DEBUG | step 6439 epoch 5 loss 0.0843 step_s 0.0256 peak_mem_gb 0.409
2026-10-01 22:39:03,285 | DEBUG | step 6440 epoch 5 loss 0.0436 step_s 0.0208 peak_mem_gb 0.409
2026-10-01 22:39:03,310 | DEBUG | step 6441 epoch 5 loss 0.1271 step_s 0.0244 peak_mem_gb 0.409
2026-10-01 22:39:03,332 | DEBUG | step 6442 epoch 5 loss 0.0108 step_s 0.0215 peak_mem_gb 0.409
2026-10-01 22:39:03,357 | DEBUG | step 6443 epoch 5 loss 0.0331 step_s 0.0239 peak_mem_gb 0.409
2026-10-01 22:39:03,377 | DEBUG | step 6444 epoch 5 loss 0.0423 step_s 0.0191 peak_mem_gb 0.409
2026-10-01 22:39:03,402 | DEBUG | step 6445 epoch 5 loss 0.0520 step_s 0.0234 peak_mem_gb 0.409
2026-10-01 22:39:03,423 | DEBUG | step 6446 epoch 5 loss 0.0720 step_s 0.0206 peak_mem_gb 0.409
2026-10-01 22:39:03,448 | DEBUG | step 6447 epoch 5 loss 0.0085 step_s 0.0240 peak_mem_gb 0.409
2026-10-01 22:39:03,472 | DEBUG | step 6448 epoch 5 loss 0.0368 step_s 0.0236 peak_mem_gb 0.409
2026-10-01 22:39:03,497 | DEBUG | step 6449 epoch 5 loss 0.0585 step_s 0.0241 peak_mem_gb 0.409
2026-10-01 22:39:03,522 | DEBUG | step 6450 epoch 5 loss 0.0758 step_s 0.0240 peak_mem_gb 0.409
2026-10-01 22:39:03,546 | DEBUG | step 6451 epoch 5 loss 0.0417 step_s 0.0234 peak_mem_gb 0.409
2026-10-01 22:39:03,572 | DEBUG | step 6452 epoch 5 loss 0.0452 step_s 0.0240 peak_mem_gb 0.409
2026-10-01 22:39:03,595 | DEBUG | step 6453 epoch 5 loss 0.0264 step_s 0.0222 peak_mem_gb 0.409
2026-10-01 22:39:03,620 | DEBUG | step 6454 epoch 5 loss 0.0451 step_s 0.0241 peak_mem_gb 0.409
2026-10-01 22:39:03,644 | DEBUG | step 6455 epoch 5 loss 0.0627 step_s 0.0235 peak_mem_gb 0.409
2026-10-01 22:39:03,669 | DEBUG | step 6456 epoch 5 loss 0.0664 step_s 0.0243 peak_mem_gb 0.409
2026-10-01 22:39:03,691 | DEBUG | step 6457 epoch 5 loss 0.0291 step_s 0.0204 peak_mem_gb 0.409
2026-10-01 22:39:03,715 | DEBUG | step 6458 epoch 5 loss 0.0425 step_s 0.0233 peak_mem_gb 0.409
2026-10-01 22:39:03,740 | DEBUG | step 6459 epoch 5 loss 0.0687 step_s 0.0248 peak_mem_gb 0.409
2026-10-01 22:39:03,766 | DEBUG | step 6460 epoch 5 loss 0.1351 step_s 0.0242 peak_mem_gb 0.409
2026-10-01 22:39:03,790 | DEBUG | step 6461 epoch 5 loss 0.0531 step_s 0.0238 peak_mem_gb 0.409
2026-10-01 22:39:03,812 | DEBUG | step 6462 epoch 5 loss 0.0330 step_s 0.0206 peak_mem_gb 0.409
2026-10-01 22:39:03,837 | DEBUG | step 6463 epoch 5 loss 0.0203 step_s 0.0238 peak_mem_gb 0.409
2026-10-01 22:39:03,862 | DEBUG | step 6464 epoch 5 loss 0.0319 step_s 0.0247 peak_mem_gb 0.409
2026-10-01 22:39:03,889 | DEBUG | step 6465 epoch 5 loss 0.0621 step_s 0.0255 peak_mem_gb 0.409
2026-10-01 22:39:03,914 | DEBUG | step 6466 epoch 5 loss 0.0155 step_s 0.0243 peak_mem_gb 0.409
2026-10-01 22:39:03,941 | DEBUG | step 6467 epoch 5 loss 0.0452 step_s 0.0259 peak_mem_gb 0.409
2026-10-01 22:39:03,965 | DEBUG | step 6468 epoch 5 loss 0.0310 step_s 0.0229 peak_mem_gb 0.409
2026-10-01 22:39:03,983 | DEBUG | step 6469 epoch 5 loss 0.0217 step_s 0.0170 peak_mem_gb 0.409
2026-10-01 22:39:04,007 | DEBUG | step 6470 epoch 5 loss 0.0285 step_s 0.0234 peak_mem_gb 0.409
2026-10-01 22:39:04,032 | DEBUG | step 6471 epoch 5 loss 0.0743 step_s 0.0236 peak_mem_gb 0.409
2026-10-01 22:39:04,057 | DEBUG | step 6472 epoch 5 loss 0.0970 step_s 0.0242 peak_mem_gb 0.409
2026-10-01 22:39:04,082 | DEBUG | step 6473 epoch 5 loss 0.0290 step_s 0.0243 peak_mem_gb 0.409
2026-10-01 22:39:04,108 | DEBUG | step 6474 epoch 5 loss 0.0549 step_s 0.0245 peak_mem_gb 0.409
2026-10-01 22:39:04,134 | DEBUG | step 6475 epoch 5 loss 0.0797 step_s 0.0257 peak_mem_gb 0.409
2026-10-01 22:39:04,156 | DEBUG | step 6476 epoch 5 loss 0.0561 step_s 0.0206 peak_mem_gb 0.409
2026-10-01 22:39:04,181 | DEBUG | step 6477 epoch 5 loss 0.0190 step_s 0.0240 peak_mem_gb 0.409
2026-10-01 22:39:04,206 | DEBUG | step 6478 epoch 5 loss 0.0064 step_s 0.0240 peak_mem_gb 0.409
2026-10-01 22:39:04,231 | DEBUG | step 6479 epoch 5 loss 0.0284 step_s 0.0240 peak_mem_gb 0.409
2026-10-01 22:39:04,255 | DEBUG | step 6480 epoch 5 loss 0.0282 step_s 0.0231 peak_mem_gb 0.409
2026-10-01 22:39:04,280 | DEBUG | step 6481 epoch 5 loss 0.0501 step_s 0.0244 peak_mem_gb 0.409
2026-10-01 22:39:04,307 | DEBUG | step 6482 epoch 5 loss 0.0524 step_s 0.0253 peak_mem_gb 0.409
2026-10-01 22:39:04,332 | DEBUG | step 6483 epoch 5 loss 0.1564 step_s 0.0242 peak_mem_gb 0.409
2026-10-01 22:39:04,352 | DEBUG | step 6484 epoch 5 loss 0.0194 step_s 0.0192 peak_mem_gb 0.409
2026-10-01 22:39:04,378 | DEBUG | step 6485 epoch 5 loss 0.0579 step_s 0.0255 peak_mem_gb 0.409
2026-10-01 22:39:04,403 | DEBUG | step 6486 epoch 5 loss 0.1108 step_s 0.0239 peak_mem_gb 0.409
2026-10-01 22:39:04,423 | DEBUG | step 6487 epoch 5 loss 0.0304 step_s 0.0191 peak_mem_gb 0.409
2026-10-01 22:39:04,448 | DEBUG | step 6488 epoch 5 loss 0.0994 step_s 0.0239 peak_mem_gb 0.409
2026-10-01 22:39:04,473 | DEBUG | step 6489 epoch 5 loss 0.0179 step_s 0.0240 peak_mem_gb 0.409
2026-10-01 22:39:04,493 | DEBUG | step 6490 epoch 5 loss 0.0880 step_s 0.0190 peak_mem_gb 0.409
2026-10-01 22:39:04,519 | DEBUG | step 6491 epoch 5 loss 0.0270 step_s 0.0248 peak_mem_gb 0.409
2026-10-01 22:39:04,544 | DEBUG | step 6492 epoch 5 loss 0.1753 step_s 0.0239 peak_mem_gb 0.409
2026-10-01 22:39:04,569 | DEBUG | step 6493 epoch 5 loss 0.0345 step_s 0.0240 peak_mem_gb 0.409
2026-10-01 22:39:04,594 | DEBUG | step 6494 epoch 5 loss 0.1500 step_s 0.0245 peak_mem_gb 0.409
2026-10-01 22:39:04,617 | DEBUG | step 6495 epoch 5 loss 0.0347 step_s 0.0218 peak_mem_gb 0.409
2026-10-01 22:39:04,644 | DEBUG | step 6496 epoch 5 loss 0.0461 step_s 0.0257 peak_mem_gb 0.409
2026-10-01 22:39:04,668 | DEBUG | step 6497 epoch 5 loss 0.0106 step_s 0.0230 peak_mem_gb 0.409
2026-10-01 22:39:04,691 | DEBUG | step 6498 epoch 5 loss 0.0446 step_s 0.0228 peak_mem_gb 0.409
2026-10-01 22:39:04,716 | DEBUG | step 6499 epoch 5 loss 0.0848 step_s 0.0236 peak_mem_gb 0.409
2026-10-01 22:39:04,740 | DEBUG | step 6500 epoch 5 loss 0.0245 step_s 0.0235 peak_mem_gb 0.409
2026-10-01 22:39:04,763 | DEBUG | step 6501 epoch 5 loss 0.0082 step_s 0.0223 peak_mem_gb 0.409
2026-10-01 22:39:04,787 | DEBUG | step 6502 epoch 5 loss 0.0425 step_s 0.0227 peak_mem_gb 0.409
2026-10-01 22:39:04,813 | DEBUG | step 6503 epoch 5 loss 0.0213 step_s 0.0254 peak_mem_gb 0.409
2026-10-01 22:39:04,840 | DEBUG | step 6504 epoch 5 loss 0.1379 step_s 0.0253 peak_mem_gb 0.409
2026-10-01 22:39:04,864 | DEBUG | step 6505 epoch 5 loss 0.1005 step_s 0.0234 peak_mem_gb 0.409
2026-10-01 22:39:04,889 | DEBUG | step 6506 epoch 5 loss 0.0380 step_s 0.0242 peak_mem_gb 0.409
2026-10-01 22:39:04,915 | DEBUG | step 6507 epoch 5 loss 0.0320 step_s 0.0243 peak_mem_gb 0.409
2026-10-01 22:39:04,939 | DEBUG | step 6508 epoch 5 loss 0.0493 step_s 0.0237 peak_mem_gb 0.409
2026-10-01 22:39:04,964 | DEBUG | step 6509 epoch 5 loss 0.0821 step_s 0.0232 peak_mem_gb 0.409
2026-10-01 22:39:04,990 | DEBUG | step 6510 epoch 5 loss 0.0208 step_s 0.0253 peak_mem_gb 0.409
2026-10-01 22:39:05,015 | DEBUG | step 6511 epoch 5 loss 0.0211 step_s 0.0237 peak_mem_gb 0.409
2026-10-01 22:39:05,039 | DEBUG | step 6512 epoch 5 loss 0.0246 step_s 0.0235 peak_mem_gb 0.409
2026-10-01 22:39:05,064 | DEBUG | step 6513 epoch 5 loss 0.0399 step_s 0.0235 peak_mem_gb 0.409
2026-10-01 22:39:05,089 | DEBUG | step 6514 epoch 5 loss 0.0412 step_s 0.0242 peak_mem_gb 0.409
2026-10-01 22:39:05,115 | DEBUG | step 6515 epoch 5 loss 0.0951 step_s 0.0247 peak_mem_gb 0.409
2026-10-01 22:39:05,137 | DEBUG | step 6516 epoch 5 loss 0.0557 step_s 0.0217 peak_mem_gb 0.409
2026-10-01 22:39:05,164 | DEBUG | step 6517 epoch 5 loss 0.0975 step_s 0.0254 peak_mem_gb 0.409
2026-10-01 22:39:05,188 | DEBUG | step 6518 epoch 5 loss 0.0360 step_s 0.0238 peak_mem_gb 0.409
2026-10-01 22:39:05,213 | DEBUG | step 6519 epoch 5 loss 0.0196 step_s 0.0237 peak_mem_gb 0.409
2026-10-01 22:39:05,238 | DEBUG | step 6520 epoch 5 loss 0.0791 step_s 0.0240 peak_mem_gb 0.409
2026-10-01 22:39:05,262 | DEBUG | step 6521 epoch 5 loss 0.0408 step_s 0.0239 peak_mem_gb 0.409
2026-10-01 22:39:05,287 | DEBUG | step 6522 epoch 5 loss 0.0520 step_s 0.0239 peak_mem_gb 0.409
2026-10-01 22:39:05,312 | DEBUG | step 6523 epoch 5 loss 0.1072 step_s 0.0238 peak_mem_gb 0.409
2026-10-01 22:39:05,338 | DEBUG | step 6524 epoch 5 loss 0.0194 step_s 0.0254 peak_mem_gb 0.409
2026-10-01 22:39:05,363 | DEBUG | step 6525 epoch 5 loss 0.0424 step_s 0.0240 peak_mem_gb 0.409
2026-10-01 22:39:05,388 | DEBUG | step 6526 epoch 5 loss 0.0748 step_s 0.0236 peak_mem_gb 0.409
2026-10-01 22:39:05,412 | DEBUG | step 6527 epoch 5 loss 0.0680 step_s 0.0232 peak_mem_gb 0.409
2026-10-01 22:39:05,437 | DEBUG | step 6528 epoch 5 loss 0.1566 step_s 0.0238 peak_mem_gb 0.409
2026-10-01 22:39:05,461 | DEBUG | step 6529 epoch 5 loss 0.0180 step_s 0.0229 peak_mem_gb 0.409
2026-10-01 22:39:05,484 | DEBUG | step 6530 epoch 5 loss 0.0915 step_s 0.0221 peak_mem_gb 0.409
2026-10-01 22:39:05,510 | DEBUG | step 6531 epoch 5 loss 0.0172 step_s 0.0253 peak_mem_gb 0.409
2026-10-01 22:39:05,536 | DEBUG | step 6532 epoch 5 loss 0.0817 step_s 0.0246 peak_mem_gb 0.409
2026-10-01 22:39:05,560 | DEBUG | step 6533 epoch 5 loss 0.0513 step_s 0.0236 peak_mem_gb 0.409
2026-10-01 22:39:05,582 | DEBUG | step 6534 epoch 5 loss 0.0174 step_s 0.0209 peak_mem_gb 0.409
2026-10-01 22:39:05,603 | DEBUG | step 6535 epoch 5 loss 0.0150 step_s 0.0202 peak_mem_gb 0.409
2026-10-01 22:39:05,625 | DEBUG | step 6536 epoch 5 loss 0.0826 step_s 0.0210 peak_mem_gb 0.409
2026-10-01 22:39:05,649 | DEBUG | step 6537 epoch 5 loss 0.1747 step_s 0.0235 peak_mem_gb 0.409
2026-10-01 22:39:05,675 | DEBUG | step 6538 epoch 5 loss 0.0047 step_s 0.0243 peak_mem_gb 0.409
2026-10-01 22:39:05,700 | DEBUG | step 6539 epoch 5 loss 0.1455 step_s 0.0240 peak_mem_gb 0.409
2026-10-01 22:39:05,722 | DEBUG | step 6540 epoch 5 loss 0.0065 step_s 0.0211 peak_mem_gb 0.409
2026-10-01 22:39:05,746 | DEBUG | step 6541 epoch 5 loss 0.0193 step_s 0.0236 peak_mem_gb 0.409
2026-10-01 22:39:05,771 | DEBUG | step 6542 epoch 5 loss 0.0488 step_s 0.0244 peak_mem_gb 0.409
2026-10-01 22:39:05,798 | DEBUG | step 6543 epoch 5 loss 0.0868 step_s 0.0251 peak_mem_gb 0.409
2026-10-01 22:39:05,828 | DEBUG | step 6544 epoch 5 loss 0.0227 step_s 0.0290 peak_mem_gb 0.409
2026-10-01 22:39:05,860 | DEBUG | step 6545 epoch 5 loss 0.0154 step_s 0.0303 peak_mem_gb 0.409
2026-10-01 22:39:05,889 | DEBUG | step 6546 epoch 5 loss 0.0164 step_s 0.0287 peak_mem_gb 0.409
2026-10-01 22:39:05,917 | DEBUG | step 6547 epoch 5 loss 0.0695 step_s 0.0256 peak_mem_gb 0.409
2026-10-01 22:39:05,944 | DEBUG | step 6548 epoch 5 loss 0.0354 step_s 0.0261 peak_mem_gb 0.409
2026-10-01 22:39:05,974 | DEBUG | step 6549 epoch 5 loss 0.0605 step_s 0.0285 peak_mem_gb 0.409
2026-10-01 22:39:05,999 | DEBUG | step 6550 epoch 5 loss 0.0335 step_s 0.0240 peak_mem_gb 0.409
2026-10-01 22:39:06,025 | DEBUG | step 6551 epoch 5 loss 0.0828 step_s 0.0252 peak_mem_gb 0.409
2026-10-01 22:39:06,050 | DEBUG | step 6552 epoch 5 loss 0.0180 step_s 0.0235 peak_mem_gb 0.409
2026-10-01 22:39:06,075 | DEBUG | step 6553 epoch 5 loss 0.0538 step_s 0.0239 peak_mem_gb 0.409
2026-10-01 22:39:06,101 | DEBUG | step 6554 epoch 5 loss 0.0246 step_s 0.0250 peak_mem_gb 0.409
2026-10-01 22:39:06,127 | DEBUG | step 6555 epoch 5 loss 0.0133 step_s 0.0247 peak_mem_gb 0.409
2026-10-01 22:39:06,151 | DEBUG | step 6556 epoch 5 loss 0.0553 step_s 0.0229 peak_mem_gb 0.409
2026-10-01 22:39:06,174 | DEBUG | step 6557 epoch 5 loss 0.1590 step_s 0.0227 peak_mem_gb 0.409
2026-10-01 22:39:06,200 | DEBUG | step 6558 epoch 5 loss 0.0494 step_s 0.0245 peak_mem_gb 0.409
2026-10-01 22:39:06,226 | DEBUG | step 6559 epoch 5 loss 0.0206 step_s 0.0257 peak_mem_gb 0.409
2026-10-01 22:39:06,248 | DEBUG | step 6560 epoch 5 loss 0.0545 step_s 0.0200 peak_mem_gb 0.409
2026-10-01 22:39:06,272 | DEBUG | step 6561 epoch 5 loss 0.1005 step_s 0.0237 peak_mem_gb 0.409
2026-10-01 22:39:06,294 | DEBUG | step 6562 epoch 5 loss 0.0386 step_s 0.0210 peak_mem_gb 0.409
2026-10-01 22:39:06,319 | DEBUG | step 6563 epoch 5 loss 0.0908 step_s 0.0241 peak_mem_gb 0.409
2026-10-01 22:39:06,340 | DEBUG | step 6564 epoch 5 loss 0.0175 step_s 0.0196 peak_mem_gb 0.409
2026-10-01 22:39:06,365 | DEBUG | step 6565 epoch 5 loss 0.0102 step_s 0.0244 peak_mem_gb 0.409
2026-10-01 22:39:06,392 | DEBUG | step 6566 epoch 5 loss 0.0435 step_s 0.0260 peak_mem_gb 0.409
2026-10-01 22:39:06,417 | DEBUG | step 6567 epoch 5 loss 0.0331 step_s 0.0239 peak_mem_gb 0.409
2026-10-01 22:39:06,441 | DEBUG | step 6568 epoch 5 loss 0.0850 step_s 0.0228 peak_mem_gb 0.409
2026-10-01 22:39:06,465 | DEBUG | step 6569 epoch 5 loss 0.0206 step_s 0.0236 peak_mem_gb 0.409
2026-10-01 22:39:06,490 | DEBUG | step 6570 epoch 5 loss 0.0852 step_s 0.0237 peak_mem_gb 0.409
2026-10-01 22:39:06,515 | DEBUG | step 6571 epoch 5 loss 0.1054 step_s 0.0242 peak_mem_gb 0.409
2026-10-01 22:39:06,539 | DEBUG | step 6572 epoch 5 loss 0.0322 step_s 0.0234 peak_mem_gb 0.409
2026-10-01 22:39:06,564 | DEBUG | step 6573 epoch 5 loss 0.0984 step_s 0.0239 peak_mem_gb 0.409
2026-10-01 22:39:06,588 | DEBUG | step 6574 epoch 5 loss 0.0159 step_s 0.0230 peak_mem_gb 0.409
2026-10-01 22:39:06,612 | DEBUG | step 6575 epoch 5 loss 0.0413 step_s 0.0236 peak_mem_gb 0.409
2026-10-01 22:39:06,637 | DEBUG | step 6576 epoch 5 loss 0.0768 step_s 0.0238 peak_mem_gb 0.409
2026-10-01 22:39:06,662 | DEBUG | step 6577 epoch 5 loss 0.0612 step_s 0.0240 peak_mem_gb 0.409
2026-10-01 22:39:06,685 | DEBUG | step 6578 epoch 5 loss 0.0319 step_s 0.0221 peak_mem_gb 0.409
2026-10-01 22:39:06,707 | DEBUG | step 6579 epoch 5 loss 0.0228 step_s 0.0214 peak_mem_gb 0.409
2026-10-01 22:39:06,734 | DEBUG | step 6580 epoch 5 loss 0.0572 step_s 0.0260 peak_mem_gb 0.409
2026-10-01 22:39:06,757 | DEBUG | step 6581 epoch 5 loss 0.1930 step_s 0.0220 peak_mem_gb 0.409
2026-10-01 22:39:06,781 | DEBUG | step 6582 epoch 5 loss 0.0821 step_s 0.0234 peak_mem_gb 0.409
2026-10-01 22:39:06,805 | DEBUG | step 6583 epoch 5 loss 0.0628 step_s 0.0228 peak_mem_gb 0.409
2026-10-01 22:39:06,830 | DEBUG | step 6584 epoch 5 loss 0.1667 step_s 0.0241 peak_mem_gb 0.409
2026-10-01 22:39:06,856 | DEBUG | step 6585 epoch 5 loss 0.0610 step_s 0.0249 peak_mem_gb 0.409
2026-10-01 22:39:06,884 | DEBUG | step 6586 epoch 5 loss 0.0904 step_s 0.0273 peak_mem_gb 0.409
2026-10-01 22:39:06,915 | DEBUG | step 6587 epoch 5 loss 0.0291 step_s 0.0291 peak_mem_gb 0.409
2026-10-01 22:39:06,944 | DEBUG | step 6588 epoch 5 loss 0.0222 step_s 0.0274 peak_mem_gb 0.409
2026-10-01 22:39:06,970 | DEBUG | step 6589 epoch 5 loss 0.0447 step_s 0.0253 peak_mem_gb 0.409
2026-10-01 22:39:06,993 | DEBUG | step 6590 epoch 5 loss 0.0504 step_s 0.0217 peak_mem_gb 0.409
2026-10-01 22:39:07,019 | DEBUG | step 6591 epoch 5 loss 0.1672 step_s 0.0247 peak_mem_gb 0.409
2026-10-01 22:39:07,044 | DEBUG | step 6592 epoch 5 loss 0.0331 step_s 0.0236 peak_mem_gb 0.409
2026-10-01 22:39:07,070 | DEBUG | step 6593 epoch 5 loss 0.0822 step_s 0.0250 peak_mem_gb 0.409
2026-10-01 22:39:07,097 | DEBUG | step 6594 epoch 5 loss 0.0403 step_s 0.0265 peak_mem_gb 0.409
2026-10-01 22:39:07,123 | DEBUG | step 6595 epoch 5 loss 0.1032 step_s 0.0248 peak_mem_gb 0.409
2026-10-01 22:39:07,148 | DEBUG | step 6596 epoch 5 loss 0.0241 step_s 0.0242 peak_mem_gb 0.409
2026-10-01 22:39:07,174 | DEBUG | step 6597 epoch 5 loss 0.0345 step_s 0.0245 peak_mem_gb 0.409
2026-10-01 22:39:07,193 | DEBUG | step 6598 epoch 5 loss 0.1634 step_s 0.0186 peak_mem_gb 0.409
2026-10-01 22:39:07,212 | DEBUG | step 6599 epoch 5 loss 0.0527 step_s 0.0179 peak_mem_gb 0.409
2026-10-01 22:39:07,235 | INFO | step 6600 epoch 5 loss 0.0815 step_s 0.0221 peak_mem_gb 0.409
2026-10-01 22:39:07,256 | DEBUG | step 6601 epoch 5 loss 0.1018 step_s 0.0194 peak_mem_gb 0.409
2026-10-01 22:39:07,285 | DEBUG | step 6602 epoch 5 loss 0.0523 step_s 0.0277 peak_mem_gb 0.409
2026-10-01 22:39:07,309 | DEBUG | step 6603 epoch 5 loss 0.0274 step_s 0.0231 peak_mem_gb 0.409
2026-10-01 22:39:07,332 | DEBUG | step 6604 epoch 5 loss 0.0323 step_s 0.0220 peak_mem_gb 0.409
2026-10-01 22:39:07,357 | DEBUG | step 6605 epoch 5 loss 0.0682 step_s 0.0240 peak_mem_gb 0.409
2026-10-01 22:39:07,382 | DEBUG | step 6606 epoch 5 loss 0.0450 step_s 0.0237 peak_mem_gb 0.409
2026-10-01 22:39:07,407 | DEBUG | step 6607 epoch 5 loss 0.0891 step_s 0.0225 peak_mem_gb 0.409
2026-10-01 22:39:07,429 | DEBUG | step 6608 epoch 5 loss 0.0524 step_s 0.0211 peak_mem_gb 0.409
2026-10-01 22:39:07,456 | DEBUG | step 6609 epoch 5 loss 0.0743 step_s 0.0260 peak_mem_gb 0.409
2026-10-01 22:39:07,480 | DEBUG | step 6610 epoch 5 loss 0.1300 step_s 0.0237 peak_mem_gb 0.409
2026-10-01 22:39:07,506 | DEBUG | step 6611 epoch 5 loss 0.0221 step_s 0.0244 peak_mem_gb 0.409
2026-10-01 22:39:07,528 | DEBUG | step 6612 epoch 5 loss 0.0183 step_s 0.0213 peak_mem_gb 0.409
2026-10-01 22:39:07,553 | DEBUG | step 6613 epoch 5 loss 0.0315 step_s 0.0237 peak_mem_gb 0.409
2026-10-01 22:39:07,577 | DEBUG | step 6614 epoch 5 loss 0.0109 step_s 0.0239 peak_mem_gb 0.409
2026-10-01 22:39:07,602 | DEBUG | step 6615 epoch 5 loss 0.0186 step_s 0.0233 peak_mem_gb 0.409
2026-10-01 22:39:07,628 | DEBUG | step 6616 epoch 5 loss 0.0346 step_s 0.0257 peak_mem_gb 0.409
2026-10-01 22:39:07,653 | DEBUG | step 6617 epoch 5 loss 0.0438 step_s 0.0235 peak_mem_gb 0.409
2026-10-01 22:39:07,676 | DEBUG | step 6618 epoch 5 loss 0.0586 step_s 0.0222 peak_mem_gb 0.409
2026-10-01 22:39:07,700 | DEBUG | step 6619 epoch 5 loss 0.0297 step_s 0.0236 peak_mem_gb 0.409
2026-10-01 22:39:07,725 | DEBUG | step 6620 epoch 5 loss 0.0338 step_s 0.0235 peak_mem_gb 0.409
2026-10-01 22:39:07,749 | DEBUG | step 6621 epoch 5 loss 0.0166 step_s 0.0237 peak_mem_gb 0.409
2026-10-01 22:39:07,774 | DEBUG | step 6622 epoch 5 loss 0.0198 step_s 0.0239 peak_mem_gb 0.409
2026-10-01 22:39:07,802 | DEBUG | step 6623 epoch 5 loss 0.1050 step_s 0.0263 peak_mem_gb 0.409
2026-10-01 22:39:07,828 | DEBUG | step 6624 epoch 5 loss 0.0196 step_s 0.0245 peak_mem_gb 0.409
2026-10-01 22:39:07,852 | DEBUG | step 6625 epoch 5 loss 0.1759 step_s 0.0235 peak_mem_gb 0.409
2026-10-01 22:39:07,877 | DEBUG | step 6626 epoch 5 loss 0.0481 step_s 0.0238 peak_mem_gb 0.409
2026-10-01 22:39:07,900 | DEBUG | step 6627 epoch 5 loss 0.0218 step_s 0.0228 peak_mem_gb 0.409
2026-10-01 22:39:07,929 | DEBUG | step 6628 epoch 5 loss 0.0406 step_s 0.0272 peak_mem_gb 0.409
2026-10-01 22:39:07,957 | DEBUG | step 6629 epoch 5 loss 0.0315 step_s 0.0270 peak_mem_gb 0.409
2026-10-01 22:39:07,980 | DEBUG | step 6630 epoch 5 loss 0.1749 step_s 0.0211 peak_mem_gb 0.409
2026-10-01 22:39:08,006 | DEBUG | step 6631 epoch 5 loss 0.0523 step_s 0.0254 peak_mem_gb 0.409
2026-10-01 22:39:08,033 | DEBUG | step 6632 epoch 5 loss 0.0629 step_s 0.0258 peak_mem_gb 0.409
2026-10-01 22:39:08,058 | DEBUG | step 6633 epoch 5 loss 0.0117 step_s 0.0242 peak_mem_gb 0.409
2026-10-01 22:39:08,085 | DEBUG | step 6634 epoch 5 loss 0.0217 step_s 0.0251 peak_mem_gb 0.409
2026-10-01 22:39:08,112 | DEBUG | step 6635 epoch 5 loss 0.0816 step_s 0.0258 peak_mem_gb 0.409
2026-10-01 22:39:08,137 | DEBUG | step 6636 epoch 5 loss 0.1108 step_s 0.0239 peak_mem_gb 0.409
2026-10-01 22:39:08,164 | DEBUG | step 6637 epoch 5 loss 0.0220 step_s 0.0266 peak_mem_gb 0.409
2026-10-01 22:39:08,190 | DEBUG | step 6638 epoch 5 loss 0.0691 step_s 0.0247 peak_mem_gb 0.409
2026-10-01 22:39:08,215 | DEBUG | step 6639 epoch 5 loss 0.1104 step_s 0.0241 peak_mem_gb 0.409
2026-10-01 22:39:08,240 | DEBUG | step 6640 epoch 5 loss 0.0068 step_s 0.0240 peak_mem_gb 0.409
2026-10-01 22:39:08,261 | DEBUG | step 6641 epoch 5 loss 0.0310 step_s 0.0198 peak_mem_gb 0.409
2026-10-01 22:39:08,286 | DEBUG | step 6642 epoch 5 loss 0.0351 step_s 0.0242 peak_mem_gb 0.409
2026-10-01 22:39:08,310 | DEBUG | step 6643 epoch 5 loss 0.0200 step_s 0.0234 peak_mem_gb 0.409
2026-10-01 22:39:08,335 | DEBUG | step 6644 epoch 5 loss 0.0314 step_s 0.0243 peak_mem_gb 0.409
2026-10-01 22:39:08,360 | DEBUG | step 6645 epoch 5 loss 0.0472 step_s 0.0234 peak_mem_gb 0.409
2026-10-01 22:39:08,383 | DEBUG | step 6646 epoch 5 loss 0.0375 step_s 0.0220 peak_mem_gb 0.409
2026-10-01 22:39:08,408 | DEBUG | step 6647 epoch 5 loss 0.0798 step_s 0.0248 peak_mem_gb 0.409
2026-10-01 22:39:08,434 | DEBUG | step 6648 epoch 5 loss 0.0593 step_s 0.0246 peak_mem_gb 0.409
2026-10-01 22:39:08,460 | DEBUG | step 6649 epoch 5 loss 0.0155 step_s 0.0249 peak_mem_gb 0.409
2026-10-01 22:39:08,481 | DEBUG | step 6650 epoch 5 loss 0.0183 step_s 0.0200 peak_mem_gb 0.409
2026-10-01 22:39:08,508 | DEBUG | step 6651 epoch 5 loss 0.0063 step_s 0.0264 peak_mem_gb 0.409
2026-10-01 22:39:08,532 | DEBUG | step 6652 epoch 5 loss 0.0782 step_s 0.0229 peak_mem_gb 0.409
2026-10-01 22:39:08,557 | DEBUG | step 6653 epoch 5 loss 0.0214 step_s 0.0238 peak_mem_gb 0.409
2026-10-01 22:39:08,581 | DEBUG | step 6654 epoch 5 loss 0.0440 step_s 0.0236 peak_mem_gb 0.409
2026-10-01 22:39:08,604 | DEBUG | step 6655 epoch 5 loss 0.0392 step_s 0.0213 peak_mem_gb 0.409
2026-10-01 22:39:08,628 | DEBUG | step 6656 epoch 5 loss 0.0245 step_s 0.0235 peak_mem_gb 0.409
2026-10-01 22:39:08,649 | DEBUG | step 6657 epoch 5 loss 0.0276 step_s 0.0202 peak_mem_gb 0.409
2026-10-01 22:39:08,671 | DEBUG | step 6658 epoch 5 loss 0.0424 step_s 0.0212 peak_mem_gb 0.409
2026-10-01 22:39:08,696 | DEBUG | step 6659 epoch 5 loss 0.0366 step_s 0.0241 peak_mem_gb 0.409
2026-10-01 22:39:08,719 | DEBUG | step 6660 epoch 5 loss 0.0146 step_s 0.0222 peak_mem_gb 0.409
2026-10-01 22:39:08,741 | DEBUG | step 6661 epoch 5 loss 0.0085 step_s 0.0213 peak_mem_gb 0.409
2026-10-01 22:39:08,767 | DEBUG | step 6662 epoch 5 loss 0.0201 step_s 0.0244 peak_mem_gb 0.409
2026-10-01 22:39:08,789 | DEBUG | step 6663 epoch 5 loss 0.1646 step_s 0.0214 peak_mem_gb 0.409
2026-10-01 22:39:08,815 | DEBUG | step 6664 epoch 5 loss 0.0262 step_s 0.0242 peak_mem_gb 0.409
2026-10-01 22:39:08,835 | DEBUG | step 6665 epoch 5 loss 0.0447 step_s 0.0189 peak_mem_gb 0.409
2026-10-01 22:39:08,859 | DEBUG | step 6666 epoch 5 loss 0.0395 step_s 0.0234 peak_mem_gb 0.409
2026-10-01 22:39:08,884 | DEBUG | step 6667 epoch 5 loss 0.0156 step_s 0.0245 peak_mem_gb 0.409
2026-10-01 22:39:08,911 | DEBUG | step 6668 epoch 5 loss 0.0113 step_s 0.0257 peak_mem_gb 0.409
2026-10-01 22:39:08,936 | DEBUG | step 6669 epoch 5 loss 0.0602 step_s 0.0233 peak_mem_gb 0.409
2026-10-01 22:39:08,960 | DEBUG | step 6670 epoch 5 loss 0.0908 step_s 0.0231 peak_mem_gb 0.409
2026-10-01 22:39:08,979 | DEBUG | step 6671 epoch 5 loss 0.0454 step_s 0.0183 peak_mem_gb 0.409
2026-10-01 22:39:09,000 | DEBUG | step 6672 epoch 5 loss 0.0199 step_s 0.0202 peak_mem_gb 0.409
2026-10-01 22:39:09,025 | DEBUG | step 6673 epoch 5 loss 0.0592 step_s 0.0243 peak_mem_gb 0.409
2026-10-01 22:39:09,050 | DEBUG | step 6674 epoch 5 loss 0.0096 step_s 0.0239 peak_mem_gb 0.409
2026-10-01 22:39:09,071 | DEBUG | step 6675 epoch 5 loss 0.0403 step_s 0.0199 peak_mem_gb 0.409
2026-10-01 22:39:09,096 | DEBUG | step 6676 epoch 5 loss 0.0298 step_s 0.0243 peak_mem_gb 0.409
2026-10-01 22:39:09,124 | DEBUG | step 6677 epoch 5 loss 0.0138 step_s 0.0265 peak_mem_gb 0.409
2026-10-01 22:39:09,150 | DEBUG | step 6678 epoch 5 loss 0.0076 step_s 0.0251 peak_mem_gb 0.409
2026-10-01 22:39:09,173 | DEBUG | step 6679 epoch 5 loss 0.0257 step_s 0.0212 peak_mem_gb 0.409
2026-10-01 22:39:09,200 | DEBUG | step 6680 epoch 5 loss 0.0084 step_s 0.0264 peak_mem_gb 0.409
2026-10-01 22:39:09,224 | DEBUG | step 6681 epoch 5 loss 0.0107 step_s 0.0227 peak_mem_gb 0.409
2026-10-01 22:39:09,250 | DEBUG | step 6682 epoch 5 loss 0.0241 step_s 0.0244 peak_mem_gb 0.409
2026-10-01 22:39:09,275 | DEBUG | step 6683 epoch 5 loss 0.0096 step_s 0.0241 peak_mem_gb 0.409
2026-10-01 22:39:09,298 | DEBUG | step 6684 epoch 5 loss 0.0658 step_s 0.0219 peak_mem_gb 0.409
2026-10-01 22:39:09,322 | DEBUG | step 6685 epoch 5 loss 0.0460 step_s 0.0239 peak_mem_gb 0.409
2026-10-01 22:39:09,348 | DEBUG | step 6686 epoch 5 loss 0.1036 step_s 0.0242 peak_mem_gb 0.409
2026-10-01 22:39:09,374 | DEBUG | step 6687 epoch 5 loss 0.0867 step_s 0.0253 peak_mem_gb 0.409
2026-10-01 22:39:09,398 | DEBUG | step 6688 epoch 5 loss 0.0705 step_s 0.0236 peak_mem_gb 0.409
2026-10-01 22:39:09,424 | DEBUG | step 6689 epoch 5 loss 0.0274 step_s 0.0244 peak_mem_gb 0.409
2026-10-01 22:39:09,449 | DEBUG | step 6690 epoch 5 loss 0.0201 step_s 0.0246 peak_mem_gb 0.409
2026-10-01 22:39:09,474 | DEBUG | step 6691 epoch 5 loss 0.0791 step_s 0.0234 peak_mem_gb 0.409
2026-10-01 22:39:09,498 | DEBUG | step 6692 epoch 5 loss 0.2613 step_s 0.0236 peak_mem_gb 0.409
2026-10-01 22:39:09,523 | DEBUG | step 6693 epoch 5 loss 0.0267 step_s 0.0237 peak_mem_gb 0.409
2026-10-01 22:39:09,548 | DEBUG | step 6694 epoch 5 loss 0.0719 step_s 0.0245 peak_mem_gb 0.409
2026-10-01 22:39:09,571 | DEBUG | step 6695 epoch 5 loss 0.0229 step_s 0.0219 peak_mem_gb 0.409
2026-10-01 22:39:09,595 | DEBUG | step 6696 epoch 5 loss 0.0399 step_s 0.0237 peak_mem_gb 0.409
2026-10-01 22:39:09,620 | DEBUG | step 6697 epoch 5 loss 0.0163 step_s 0.0238 peak_mem_gb 0.409
2026-10-01 22:39:09,644 | DEBUG | step 6698 epoch 5 loss 0.0261 step_s 0.0235 peak_mem_gb 0.409
2026-10-01 22:39:09,670 | DEBUG | step 6699 epoch 5 loss 0.0976 step_s 0.0246 peak_mem_gb 0.409
2026-10-01 22:39:09,696 | DEBUG | step 6700 epoch 5 loss 0.0173 step_s 0.0242 peak_mem_gb 0.409
2026-10-01 22:39:09,720 | DEBUG | step 6701 epoch 5 loss 0.0347 step_s 0.0239 peak_mem_gb 0.409
2026-10-01 22:39:09,742 | DEBUG | step 6702 epoch 5 loss 0.0664 step_s 0.0206 peak_mem_gb 0.409
2026-10-01 22:39:09,769 | DEBUG | step 6703 epoch 5 loss 0.0314 step_s 0.0259 peak_mem_gb 0.409
2026-10-01 22:39:09,792 | DEBUG | step 6704 epoch 5 loss 0.0681 step_s 0.0225 peak_mem_gb 0.409
2026-10-01 22:39:09,816 | DEBUG | step 6705 epoch 5 loss 0.0629 step_s 0.0234 peak_mem_gb 0.409
2026-10-01 22:39:09,841 | DEBUG | step 6706 epoch 5 loss 0.0193 step_s 0.0233 peak_mem_gb 0.409
2026-10-01 22:39:09,862 | DEBUG | step 6707 epoch 5 loss 0.0630 step_s 0.0204 peak_mem_gb 0.409
2026-10-01 22:39:09,885 | DEBUG | step 6708 epoch 5 loss 0.0404 step_s 0.0219 peak_mem_gb 0.409
2026-10-01 22:39:09,909 | DEBUG | step 6709 epoch 5 loss 0.0412 step_s 0.0239 peak_mem_gb 0.409
2026-10-01 22:39:09,931 | DEBUG | step 6710 epoch 5 loss 0.0063 step_s 0.0210 peak_mem_gb 0.409
2026-10-01 22:39:09,956 | DEBUG | step 6711 epoch 5 loss 0.0512 step_s 0.0239 peak_mem_gb 0.409
2026-10-01 22:39:09,979 | DEBUG | step 6712 epoch 5 loss 0.0560 step_s 0.0214 peak_mem_gb 0.409
2026-10-01 22:39:10,004 | DEBUG | step 6713 epoch 5 loss 0.0680 step_s 0.0245 peak_mem_gb 0.409
2026-10-01 22:39:10,029 | DEBUG | step 6714 epoch 5 loss 0.0509 step_s 0.0243 peak_mem_gb 0.409
2026-10-01 22:39:10,055 | DEBUG | step 6715 epoch 5 loss 0.0095 step_s 0.0255 peak_mem_gb 0.409
2026-10-01 22:39:10,080 | DEBUG | step 6716 epoch 5 loss 0.0189 step_s 0.0233 peak_mem_gb 0.409
2026-10-01 22:39:10,104 | DEBUG | step 6717 epoch 5 loss 0.0500 step_s 0.0238 peak_mem_gb 0.409
2026-10-01 22:39:10,128 | DEBUG | step 6718 epoch 5 loss 0.0024 step_s 0.0225 peak_mem_gb 0.409
2026-10-01 22:39:10,151 | DEBUG | step 6719 epoch 5 loss 0.0762 step_s 0.0215 peak_mem_gb 0.409
2026-10-01 22:39:10,177 | DEBUG | step 6720 epoch 5 loss 0.0418 step_s 0.0246 peak_mem_gb 0.409
2026-10-01 22:39:10,200 | DEBUG | step 6721 epoch 5 loss 0.0475 step_s 0.0227 peak_mem_gb 0.409
2026-10-01 22:39:10,226 | DEBUG | step 6722 epoch 5 loss 0.0525 step_s 0.0245 peak_mem_gb 0.409
2026-10-01 22:39:10,251 | DEBUG | step 6723 epoch 5 loss 0.0770 step_s 0.0244 peak_mem_gb 0.409
2026-10-01 22:39:10,276 | DEBUG | step 6724 epoch 5 loss 0.0799 step_s 0.0235 peak_mem_gb 0.409
2026-10-01 22:39:10,300 | DEBUG | step 6725 epoch 5 loss 0.0139 step_s 0.0234 peak_mem_gb 0.409
2026-10-01 22:39:10,323 | DEBUG | step 6726 epoch 5 loss 0.0349 step_s 0.0219 peak_mem_gb 0.409
2026-10-01 22:39:10,348 | DEBUG | step 6727 epoch 5 loss 0.0578 step_s 0.0241 peak_mem_gb 0.409
2026-10-01 22:39:10,372 | DEBUG | step 6728 epoch 5 loss 0.0651 step_s 0.0235 peak_mem_gb 0.409
2026-10-01 22:39:10,396 | DEBUG | step 6729 epoch 5 loss 0.0732 step_s 0.0227 peak_mem_gb 0.409
2026-10-01 22:39:10,420 | DEBUG | step 6730 epoch 5 loss 0.0643 step_s 0.0231 peak_mem_gb 0.409
2026-10-01 22:39:10,442 | DEBUG | step 6731 epoch 5 loss 0.0858 step_s 0.0217 peak_mem_gb 0.409
2026-10-01 22:39:10,469 | DEBUG | step 6732 epoch 5 loss 0.0162 step_s 0.0257 peak_mem_gb 0.409
2026-10-01 22:39:10,495 | DEBUG | step 6733 epoch 5 loss 0.0400 step_s 0.0248 peak_mem_gb 0.409
2026-10-01 22:39:10,520 | DEBUG | step 6734 epoch 5 loss 0.0934 step_s 0.0237 peak_mem_gb 0.409
2026-10-01 22:39:10,545 | DEBUG | step 6735 epoch 5 loss 0.0230 step_s 0.0239 peak_mem_gb 0.409
2026-10-01 22:39:10,570 | DEBUG | step 6736 epoch 5 loss 0.0398 step_s 0.0244 peak_mem_gb 0.409
2026-10-01 22:39:10,597 | DEBUG | step 6737 epoch 5 loss 0.0512 step_s 0.0262 peak_mem_gb 0.409
2026-10-01 22:39:10,622 | DEBUG | step 6738 epoch 5 loss 0.0380 step_s 0.0240 peak_mem_gb 0.409
2026-10-01 22:39:10,646 | DEBUG | step 6739 epoch 5 loss 0.0412 step_s 0.0230 peak_mem_gb 0.409
2026-10-01 22:39:10,671 | DEBUG | step 6740 epoch 5 loss 0.0858 step_s 0.0239 peak_mem_gb 0.409
2026-10-01 22:39:10,692 | DEBUG | step 6741 epoch 5 loss 0.0769 step_s 0.0202 peak_mem_gb 0.409
2026-10-01 22:39:10,718 | DEBUG | step 6742 epoch 5 loss 0.0396 step_s 0.0249 peak_mem_gb 0.409
2026-10-01 22:39:10,744 | DEBUG | step 6743 epoch 5 loss 0.0653 step_s 0.0252 peak_mem_gb 0.409
2026-10-01 22:39:10,769 | DEBUG | step 6744 epoch 5 loss 0.1838 step_s 0.0241 peak_mem_gb 0.409
2026-10-01 22:39:10,793 | DEBUG | step 6745 epoch 5 loss 0.1932 step_s 0.0232 peak_mem_gb 0.409
2026-10-01 22:39:10,819 | DEBUG | step 6746 epoch 5 loss 0.0413 step_s 0.0250 peak_mem_gb 0.409
2026-10-01 22:39:10,844 | DEBUG | step 6747 epoch 5 loss 0.1317 step_s 0.0239 peak_mem_gb 0.409
2026-10-01 22:39:10,868 | DEBUG | step 6748 epoch 5 loss 0.0127 step_s 0.0233 peak_mem_gb 0.409
2026-10-01 22:39:10,891 | DEBUG | step 6749 epoch 5 loss 0.0650 step_s 0.0217 peak_mem_gb 0.409
2026-10-01 22:39:10,911 | DEBUG | step 6750 epoch 5 loss 0.0821 step_s 0.0194 peak_mem_gb 0.409
2026-10-01 22:39:10,938 | DEBUG | step 6751 epoch 5 loss 0.0673 step_s 0.0256 peak_mem_gb 0.409
2026-10-01 22:39:10,962 | DEBUG | step 6752 epoch 5 loss 0.0201 step_s 0.0235 peak_mem_gb 0.409
2026-10-01 22:39:10,986 | DEBUG | step 6753 epoch 5 loss 0.0249 step_s 0.0228 peak_mem_gb 0.409
2026-10-01 22:39:11,011 | DEBUG | step 6754 epoch 5 loss 0.0423 step_s 0.0236 peak_mem_gb 0.409
2026-10-01 22:39:11,034 | DEBUG | step 6755 epoch 5 loss 0.0142 step_s 0.0227 peak_mem_gb 0.409
2026-10-01 22:39:11,058 | DEBUG | step 6756 epoch 5 loss 0.0776 step_s 0.0233 peak_mem_gb 0.409
2026-10-01 22:39:11,082 | DEBUG | step 6757 epoch 5 loss 0.0507 step_s 0.0219 peak_mem_gb 0.409
2026-10-01 22:39:11,108 | DEBUG | step 6758 epoch 5 loss 0.0410 step_s 0.0258 peak_mem_gb 0.409
2026-10-01 22:39:11,133 | DEBUG | step 6759 epoch 5 loss 0.0306 step_s 0.0237 peak_mem_gb 0.409
2026-10-01 22:39:11,156 | DEBUG | step 6760 epoch 5 loss 0.0122 step_s 0.0219 peak_mem_gb 0.409
2026-10-01 22:39:11,180 | DEBUG | step 6761 epoch 5 loss 0.1691 step_s 0.0233 peak_mem_gb 0.409
2026-10-01 22:39:11,205 | DEBUG | step 6762 epoch 5 loss 0.0351 step_s 0.0237 peak_mem_gb 0.409
2026-10-01 22:39:11,226 | DEBUG | step 6763 epoch 5 loss 0.0262 step_s 0.0209 peak_mem_gb 0.409
2026-10-01 22:39:11,252 | DEBUG | step 6764 epoch 5 loss 0.0574 step_s 0.0241 peak_mem_gb 0.409
2026-10-01 22:39:11,278 | DEBUG | step 6765 epoch 5 loss 0.0528 step_s 0.0251 peak_mem_gb 0.409
2026-10-01 22:39:11,298 | DEBUG | step 6766 epoch 5 loss 0.1105 step_s 0.0198 peak_mem_gb 0.409
2026-10-01 22:39:11,323 | DEBUG | step 6767 epoch 5 loss 0.0534 step_s 0.0234 peak_mem_gb 0.409
2026-10-01 22:39:11,345 | DEBUG | step 6768 epoch 5 loss 0.0450 step_s 0.0213 peak_mem_gb 0.409
2026-10-01 22:39:11,367 | DEBUG | step 6769 epoch 5 loss 0.0603 step_s 0.0211 peak_mem_gb 0.409
2026-10-01 22:39:11,393 | DEBUG | step 6770 epoch 5 loss 0.0497 step_s 0.0254 peak_mem_gb 0.409
2026-10-01 22:39:11,418 | DEBUG | step 6771 epoch 5 loss 0.0249 step_s 0.0241 peak_mem_gb 0.409
2026-10-01 22:39:11,445 | DEBUG | step 6772 epoch 5 loss 0.0912 step_s 0.0254 peak_mem_gb 0.409
2026-10-01 22:39:11,470 | DEBUG | step 6773 epoch 5 loss 0.1220 step_s 0.0243 peak_mem_gb 0.409
2026-10-01 22:39:11,496 | DEBUG | step 6774 epoch 5 loss 0.0615 step_s 0.0251 peak_mem_gb 0.409
2026-10-01 22:39:11,524 | DEBUG | step 6775 epoch 5 loss 0.0835 step_s 0.0262 peak_mem_gb 0.409
2026-10-01 22:39:11,550 | DEBUG | step 6776 epoch 5 loss 0.0355 step_s 0.0247 peak_mem_gb 0.409
2026-10-01 22:39:11,575 | DEBUG | step 6777 epoch 5 loss 0.0262 step_s 0.0245 peak_mem_gb 0.409
2026-10-01 22:39:11,601 | DEBUG | step 6778 epoch 5 loss 0.0177 step_s 0.0252 peak_mem_gb 0.409
2026-10-01 22:39:11,626 | DEBUG | step 6779 epoch 5 loss 0.0197 step_s 0.0236 peak_mem_gb 0.409
2026-10-01 22:39:11,650 | DEBUG | step 6780 epoch 5 loss 0.0921 step_s 0.0231 peak_mem_gb 0.409
2026-10-01 22:39:11,675 | DEBUG | step 6781 epoch 5 loss 0.1058 step_s 0.0240 peak_mem_gb 0.409
2026-10-01 22:39:11,696 | DEBUG | step 6782 epoch 5 loss 0.0503 step_s 0.0201 peak_mem_gb 0.409
2026-10-01 22:39:11,720 | DEBUG | step 6783 epoch 5 loss 0.0499 step_s 0.0235 peak_mem_gb 0.409
2026-10-01 22:39:11,746 | DEBUG | step 6784 epoch 5 loss 0.0784 step_s 0.0247 peak_mem_gb 0.409
2026-10-01 22:39:11,771 | DEBUG | step 6785 epoch 5 loss 0.0159 step_s 0.0245 peak_mem_gb 0.409
2026-10-01 22:39:11,792 | DEBUG | step 6786 epoch 5 loss 0.0131 step_s 0.0198 peak_mem_gb 0.409
2026-10-01 22:39:11,816 | DEBUG | step 6787 epoch 5 loss 0.0232 step_s 0.0230 peak_mem_gb 0.409
2026-10-01 22:39:11,843 | DEBUG | step 6788 epoch 5 loss 0.0321 step_s 0.0264 peak_mem_gb 0.409
2026-10-01 22:39:11,868 | DEBUG | step 6789 epoch 5 loss 0.0371 step_s 0.0242 peak_mem_gb 0.409
2026-10-01 22:39:11,892 | DEBUG | step 6790 epoch 5 loss 0.0855 step_s 0.0231 peak_mem_gb 0.409
2026-10-01 22:39:11,917 | DEBUG | step 6791 epoch 5 loss 0.1391 step_s 0.0238 peak_mem_gb 0.409
2026-10-01 22:39:11,942 | DEBUG | step 6792 epoch 5 loss 0.0307 step_s 0.0240 peak_mem_gb 0.409
2026-10-01 22:39:11,968 | DEBUG | step 6793 epoch 5 loss 0.0383 step_s 0.0256 peak_mem_gb 0.409
2026-10-01 22:39:11,993 | DEBUG | step 6794 epoch 5 loss 0.0299 step_s 0.0235 peak_mem_gb 0.409
2026-10-01 22:39:12,018 | DEBUG | step 6795 epoch 5 loss 0.0459 step_s 0.0237 peak_mem_gb 0.409
2026-10-01 22:39:12,038 | DEBUG | step 6796 epoch 5 loss 0.0707 step_s 0.0197 peak_mem_gb 0.409
2026-10-01 22:39:12,061 | DEBUG | step 6797 epoch 5 loss 0.0143 step_s 0.0220 peak_mem_gb 0.409
2026-10-01 22:39:12,087 | DEBUG | step 6798 epoch 5 loss 0.0959 step_s 0.0244 peak_mem_gb 0.409
2026-10-01 22:39:12,112 | DEBUG | step 6799 epoch 5 loss 0.1237 step_s 0.0241 peak_mem_gb 0.409
2026-10-01 22:39:12,138 | INFO | step 6800 epoch 5 loss 0.1759 step_s 0.0258 peak_mem_gb 0.409
2026-10-01 22:39:12,166 | DEBUG | step 6801 epoch 5 loss 0.0132 step_s 0.0259 peak_mem_gb 0.409
2026-10-01 22:39:12,193 | DEBUG | step 6802 epoch 5 loss 0.0873 step_s 0.0252 peak_mem_gb 0.409
2026-10-01 22:39:12,218 | DEBUG | step 6803 epoch 5 loss 0.0743 step_s 0.0245 peak_mem_gb 0.409
2026-10-01 22:39:12,244 | DEBUG | step 6804 epoch 5 loss 0.0640 step_s 0.0247 peak_mem_gb 0.409
2026-10-01 22:39:12,271 | DEBUG | step 6805 epoch 5 loss 0.0280 step_s 0.0258 peak_mem_gb 0.409
2026-10-01 22:39:12,297 | DEBUG | step 6806 epoch 5 loss 0.0127 step_s 0.0253 peak_mem_gb 0.409
2026-10-01 22:39:12,324 | DEBUG | step 6807 epoch 5 loss 0.0545 step_s 0.0253 peak_mem_gb 0.409
2026-10-01 22:39:12,348 | DEBUG | step 6808 epoch 5 loss 0.0090 step_s 0.0238 peak_mem_gb 0.409
2026-10-01 22:39:12,370 | DEBUG | step 6809 epoch 5 loss 0.0763 step_s 0.0212 peak_mem_gb 0.409
2026-10-01 22:39:12,395 | DEBUG | step 6810 epoch 5 loss 0.0351 step_s 0.0233 peak_mem_gb 0.409
2026-10-01 22:39:12,420 | DEBUG | step 6811 epoch 5 loss 0.0166 step_s 0.0245 peak_mem_gb 0.409
2026-10-01 22:39:12,445 | DEBUG | step 6812 epoch 5 loss 0.1354 step_s 0.0238 peak_mem_gb 0.409
2026-10-01 22:39:12,468 | DEBUG | step 6813 epoch 5 loss 0.0640 step_s 0.0226 peak_mem_gb 0.409
2026-10-01 22:39:12,494 | DEBUG | step 6814 epoch 5 loss 0.0617 step_s 0.0243 peak_mem_gb 0.409
2026-10-01 22:39:12,519 | DEBUG | step 6815 epoch 5 loss 0.0042 step_s 0.0238 peak_mem_gb 0.409
2026-10-01 22:39:12,542 | DEBUG | step 6816 epoch 5 loss 0.0330 step_s 0.0218 peak_mem_gb 0.409
2026-10-01 22:39:12,567 | DEBUG | step 6817 epoch 5 loss 0.0193 step_s 0.0245 peak_mem_gb 0.409
2026-10-01 22:39:12,591 | DEBUG | step 6818 epoch 5 loss 0.0351 step_s 0.0235 peak_mem_gb 0.409
2026-10-01 22:39:12,616 | DEBUG | step 6819 epoch 5 loss 0.0729 step_s 0.0235 peak_mem_gb 0.409
2026-10-01 22:39:12,641 | DEBUG | step 6820 epoch 5 loss 0.0278 step_s 0.0242 peak_mem_gb 0.409
2026-10-01 22:39:12,667 | DEBUG | step 6821 epoch 5 loss 0.0125 step_s 0.0254 peak_mem_gb 0.409
2026-10-01 22:39:12,691 | DEBUG | step 6822 epoch 5 loss 0.0265 step_s 0.0234 peak_mem_gb 0.409
2026-10-01 22:39:12,717 | DEBUG | step 6823 epoch 5 loss 0.0235 step_s 0.0243 peak_mem_gb 0.409
2026-10-01 22:39:12,740 | DEBUG | step 6824 epoch 5 loss 0.0243 step_s 0.0227 peak_mem_gb 0.409
2026-10-01 22:39:12,764 | DEBUG | step 6825 epoch 5 loss 0.0280 step_s 0.0232 peak_mem_gb 0.409
2026-10-01 22:39:12,788 | DEBUG | step 6826 epoch 5 loss 0.0961 step_s 0.0224 peak_mem_gb 0.409
2026-10-01 22:39:12,810 | DEBUG | step 6827 epoch 5 loss 0.0358 step_s 0.0216 peak_mem_gb 0.409
2026-10-01 22:39:12,830 | DEBUG | step 6828 epoch 5 loss 0.0394 step_s 0.0196 peak_mem_gb 0.409
2026-10-01 22:39:12,854 | DEBUG | step 6829 epoch 5 loss 0.0824 step_s 0.0229 peak_mem_gb 0.409
2026-10-01 22:39:12,879 | DEBUG | step 6830 epoch 5 loss 0.0135 step_s 0.0235 peak_mem_gb 0.409
2026-10-01 22:39:12,903 | DEBUG | step 6831 epoch 5 loss 0.0390 step_s 0.0232 peak_mem_gb 0.409
2026-10-01 22:39:12,927 | DEBUG | step 6832 epoch 5 loss 0.0946 step_s 0.0239 peak_mem_gb 0.409
2026-10-01 22:39:12,952 | DEBUG | step 6833 epoch 5 loss 0.0668 step_s 0.0231 peak_mem_gb 0.409
2026-10-01 22:39:12,979 | DEBUG | step 6834 epoch 5 loss 0.1217 step_s 0.0263 peak_mem_gb 0.409
2026-10-01 22:39:13,003 | DEBUG | step 6835 epoch 5 loss 0.0979 step_s 0.0229 peak_mem_gb 0.409
2026-10-01 22:39:13,028 | DEBUG | step 6836 epoch 5 loss 0.0278 step_s 0.0243 peak_mem_gb 0.409
2026-10-01 22:39:13,053 | DEBUG | step 6837 epoch 5 loss 0.0561 step_s 0.0239 peak_mem_gb 0.409
2026-10-01 22:39:13,078 | DEBUG | step 6838 epoch 5 loss 0.0652 step_s 0.0238 peak_mem_gb 0.409
2026-10-01 22:39:13,103 | DEBUG | step 6839 epoch 5 loss 0.2230 step_s 0.0242 peak_mem_gb 0.409
2026-10-01 22:39:13,128 | DEBUG | step 6840 epoch 5 loss 0.0507 step_s 0.0241 peak_mem_gb 0.409
2026-10-01 22:39:13,153 | DEBUG | step 6841 epoch 5 loss 0.0467 step_s 0.0240 peak_mem_gb 0.409
2026-10-01 22:39:13,179 | DEBUG | step 6842 epoch 5 loss 0.0943 step_s 0.0254 peak_mem_gb 0.409
2026-10-01 22:39:13,204 | DEBUG | step 6843 epoch 5 loss 0.0049 step_s 0.0231 peak_mem_gb 0.409
2026-10-01 22:39:13,229 | DEBUG | step 6844 epoch 5 loss 0.0216 step_s 0.0240 peak_mem_gb 0.409
2026-10-01 22:39:13,253 | DEBUG | step 6845 epoch 5 loss 0.0398 step_s 0.0240 peak_mem_gb 0.409
2026-10-01 22:39:13,273 | DEBUG | step 6846 epoch 5 loss 0.0436 step_s 0.0186 peak_mem_gb 0.409
2026-10-01 22:39:13,297 | DEBUG | step 6847 epoch 5 loss 0.0192 step_s 0.0236 peak_mem_gb 0.409
2026-10-01 22:39:13,322 | DEBUG | step 6848 epoch 5 loss 0.0082 step_s 0.0235 peak_mem_gb 0.409
2026-10-01 22:39:13,348 | DEBUG | step 6849 epoch 5 loss 0.0187 step_s 0.0253 peak_mem_gb 0.409
2026-10-01 22:39:13,372 | DEBUG | step 6850 epoch 5 loss 0.0749 step_s 0.0235 peak_mem_gb 0.409
2026-10-01 22:39:13,397 | DEBUG | step 6851 epoch 5 loss 0.0511 step_s 0.0239 peak_mem_gb 0.409
2026-10-01 22:39:13,422 | DEBUG | step 6852 epoch 5 loss 0.0432 step_s 0.0231 peak_mem_gb 0.409
2026-10-01 22:39:13,447 | DEBUG | step 6853 epoch 5 loss 0.0701 step_s 0.0241 peak_mem_gb 0.409
2026-10-01 22:39:13,471 | DEBUG | step 6854 epoch 5 loss 0.0286 step_s 0.0239 peak_mem_gb 0.409
2026-10-01 22:39:13,495 | DEBUG | step 6855 epoch 5 loss 0.1196 step_s 0.0231 peak_mem_gb 0.409
2026-10-01 22:39:13,522 | DEBUG | step 6856 epoch 5 loss 0.0729 step_s 0.0253 peak_mem_gb 0.409
2026-10-01 22:39:13,547 | DEBUG | step 6857 epoch 5 loss 0.0280 step_s 0.0239 peak_mem_gb 0.409
2026-10-01 22:39:13,571 | DEBUG | step 6858 epoch 5 loss 0.0239 step_s 0.0229 peak_mem_gb 0.409
2026-10-01 22:39:13,596 | DEBUG | step 6859 epoch 5 loss 0.1051 step_s 0.0234 peak_mem_gb 0.409
2026-10-01 22:39:13,620 | DEBUG | step 6860 epoch 5 loss 0.0796 step_s 0.0232 peak_mem_gb 0.409
2026-10-01 22:39:13,644 | DEBUG | step 6861 epoch 5 loss 0.1347 step_s 0.0233 peak_mem_gb 0.409
2026-10-01 22:39:13,669 | DEBUG | step 6862 epoch 5 loss 0.0239 step_s 0.0247 peak_mem_gb 0.409
2026-10-01 22:39:13,692 | DEBUG | step 6863 epoch 5 loss 0.0415 step_s 0.0220 peak_mem_gb 0.409
2026-10-01 22:39:13,717 | DEBUG | step 6864 epoch 5 loss 0.0847 step_s 0.0236 peak_mem_gb 0.409
2026-10-01 22:39:13,735 | DEBUG | step 6865 epoch 5 loss 0.0286 step_s 0.0177 peak_mem_gb 0.409
2026-10-01 22:39:13,760 | DEBUG | step 6866 epoch 5 loss 0.0355 step_s 0.0235 peak_mem_gb 0.409
2026-10-01 22:39:13,784 | DEBUG | step 6867 epoch 5 loss 0.1204 step_s 0.0233 peak_mem_gb 0.409
2026-10-01 22:39:13,808 | DEBUG | step 6868 epoch 5 loss 0.0514 step_s 0.0234 peak_mem_gb 0.409
2026-10-01 22:39:13,832 | DEBUG | step 6869 epoch 5 loss 0.1311 step_s 0.0234 peak_mem_gb 0.409
2026-10-01 22:39:13,855 | DEBUG | step 6870 epoch 5 loss 0.0715 step_s 0.0220 peak_mem_gb 0.409
2026-10-01 22:39:13,880 | DEBUG | step 6871 epoch 5 loss 0.0222 step_s 0.0237 peak_mem_gb 0.409
2026-10-01 22:39:13,904 | DEBUG | step 6872 epoch 5 loss 0.0248 step_s 0.0231 peak_mem_gb 0.409
2026-10-01 22:39:13,929 | DEBUG | step 6873 epoch 5 loss 0.0189 step_s 0.0240 peak_mem_gb 0.409
2026-10-01 22:39:13,954 | DEBUG | step 6874 epoch 5 loss 0.0058 step_s 0.0238 peak_mem_gb 0.409
2026-10-01 22:39:13,978 | DEBUG | step 6875 epoch 5 loss 0.0527 step_s 0.0235 peak_mem_gb 0.409
2026-10-01 22:39:14,003 | DEBUG | step 6876 epoch 5 loss 0.0699 step_s 0.0241 peak_mem_gb 0.409
2026-10-01 22:39:14,028 | DEBUG | step 6877 epoch 5 loss 0.0343 step_s 0.0237 peak_mem_gb 0.409
2026-10-01 22:39:14,052 | DEBUG | step 6878 epoch 5 loss 0.0684 step_s 0.0237 peak_mem_gb 0.409
2026-10-01 22:39:14,077 | DEBUG | step 6879 epoch 5 loss 0.0402 step_s 0.0237 peak_mem_gb 0.409
2026-10-01 22:39:14,102 | DEBUG | step 6880 epoch 5 loss 0.0913 step_s 0.0242 peak_mem_gb 0.409
2026-10-01 22:39:14,128 | DEBUG | step 6881 epoch 5 loss 0.0385 step_s 0.0246 peak_mem_gb 0.409
2026-10-01 22:39:14,148 | DEBUG | step 6882 epoch 5 loss 0.0829 step_s 0.0196 peak_mem_gb 0.409
2026-10-01 22:39:14,174 | DEBUG | step 6883 epoch 5 loss 0.0211 step_s 0.0247 peak_mem_gb 0.409
2026-10-01 22:39:14,199 | DEBUG | step 6884 epoch 5 loss 0.0498 step_s 0.0247 peak_mem_gb 0.409
2026-10-01 22:39:14,223 | DEBUG | step 6885 epoch 5 loss 0.0083 step_s 0.0230 peak_mem_gb 0.409
2026-10-01 22:39:14,244 | DEBUG | step 6886 epoch 5 loss 0.0200 step_s 0.0197 peak_mem_gb 0.409
2026-10-01 22:39:14,269 | DEBUG | step 6887 epoch 5 loss 0.0560 step_s 0.0238 peak_mem_gb 0.409
2026-10-01 22:39:14,295 | DEBUG | step 6888 epoch 5 loss 0.0087 step_s 0.0255 peak_mem_gb 0.409
2026-10-01 22:39:14,320 | DEBUG | step 6889 epoch 5 loss 0.0521 step_s 0.0241 peak_mem_gb 0.409
2026-10-01 22:39:14,346 | DEBUG | step 6890 epoch 5 loss 0.0197 step_s 0.0242 peak_mem_gb 0.409
2026-10-01 22:39:14,369 | DEBUG | step 6891 epoch 5 loss 0.0354 step_s 0.0222 peak_mem_gb 0.409
2026-10-01 22:39:14,393 | DEBUG | step 6892 epoch 5 loss 0.0666 step_s 0.0231 peak_mem_gb 0.409
2026-10-01 22:39:14,418 | DEBUG | step 6893 epoch 5 loss 0.0401 step_s 0.0235 peak_mem_gb 0.409
2026-10-01 22:39:14,442 | DEBUG | step 6894 epoch 5 loss 0.0945 step_s 0.0237 peak_mem_gb 0.409
2026-10-01 22:39:14,468 | DEBUG | step 6895 epoch 5 loss 0.0290 step_s 0.0246 peak_mem_gb 0.409
2026-10-01 22:39:14,493 | DEBUG | step 6896 epoch 5 loss 0.0465 step_s 0.0240 peak_mem_gb 0.409
2026-10-01 22:39:14,518 | DEBUG | step 6897 epoch 5 loss 0.0330 step_s 0.0246 peak_mem_gb 0.409
2026-10-01 22:39:14,544 | DEBUG | step 6898 epoch 5 loss 0.0419 step_s 0.0246 peak_mem_gb 0.409
2026-10-01 22:39:14,569 | DEBUG | step 6899 epoch 5 loss 0.1279 step_s 0.0243 peak_mem_gb 0.409
2026-10-01 22:39:14,591 | DEBUG | step 6900 epoch 5 loss 0.0068 step_s 0.0209 peak_mem_gb 0.409
2026-10-01 22:39:14,612 | DEBUG | step 6901 epoch 5 loss 0.0639 step_s 0.0202 peak_mem_gb 0.409
2026-10-01 22:39:14,637 | DEBUG | step 6902 epoch 5 loss 0.0716 step_s 0.0237 peak_mem_gb 0.409
2026-10-01 22:39:14,661 | DEBUG | step 6903 epoch 5 loss 0.0257 step_s 0.0233 peak_mem_gb 0.409
2026-10-01 22:39:14,685 | DEBUG | step 6904 epoch 5 loss 0.0545 step_s 0.0231 peak_mem_gb 0.409
2026-10-01 22:39:14,710 | DEBUG | step 6905 epoch 5 loss 0.0207 step_s 0.0240 peak_mem_gb 0.409
2026-10-01 22:39:14,737 | DEBUG | step 6906 epoch 5 loss 0.0130 step_s 0.0264 peak_mem_gb 0.409
2026-10-01 22:39:14,763 | DEBUG | step 6907 epoch 5 loss 0.0716 step_s 0.0250 peak_mem_gb 0.409
2026-10-01 22:39:14,789 | DEBUG | step 6908 epoch 5 loss 0.0243 step_s 0.0241 peak_mem_gb 0.409
2026-10-01 22:39:14,813 | DEBUG | step 6909 epoch 5 loss 0.0487 step_s 0.0236 peak_mem_gb 0.409
2026-10-01 22:39:14,835 | DEBUG | step 6910 epoch 5 loss 0.0410 step_s 0.0210 peak_mem_gb 0.409
2026-10-01 22:39:14,855 | DEBUG | step 6911 epoch 5 loss 0.0650 step_s 0.0192 peak_mem_gb 0.409
2026-10-01 22:39:14,879 | DEBUG | step 6912 epoch 5 loss 0.0300 step_s 0.0232 peak_mem_gb 0.409
2026-10-01 22:39:14,904 | DEBUG | step 6913 epoch 5 loss 0.0665 step_s 0.0236 peak_mem_gb 0.409
2026-10-01 22:39:14,929 | DEBUG | step 6914 epoch 5 loss 0.0754 step_s 0.0238 peak_mem_gb 0.409
2026-10-01 22:39:14,954 | DEBUG | step 6915 epoch 5 loss 0.0146 step_s 0.0240 peak_mem_gb 0.409
2026-10-01 22:39:14,978 | DEBUG | step 6916 epoch 5 loss 0.0935 step_s 0.0238 peak_mem_gb 0.409
2026-10-01 22:39:15,005 | DEBUG | step 6917 epoch 5 loss 0.0614 step_s 0.0260 peak_mem_gb 0.409
2026-10-01 22:39:15,031 | DEBUG | step 6918 epoch 5 loss 0.1028 step_s 0.0244 peak_mem_gb 0.409
2026-10-01 22:39:15,056 | DEBUG | step 6919 epoch 5 loss 0.1214 step_s 0.0244 peak_mem_gb 0.409
2026-10-01 22:39:15,081 | DEBUG | step 6920 epoch 5 loss 0.0132 step_s 0.0235 peak_mem_gb 0.409
2026-10-01 22:39:15,103 | DEBUG | step 6921 epoch 5 loss 0.0348 step_s 0.0208 peak_mem_gb 0.409
2026-10-01 22:39:15,127 | DEBUG | step 6922 epoch 5 loss 0.0435 step_s 0.0231 peak_mem_gb 0.409
2026-10-01 22:39:15,149 | DEBUG | step 6923 epoch 5 loss 0.0379 step_s 0.0215 peak_mem_gb 0.409
2026-10-01 22:39:15,174 | DEBUG | step 6924 epoch 5 loss 0.0106 step_s 0.0237 peak_mem_gb 0.409
2026-10-01 22:39:15,197 | DEBUG | step 6925 epoch 5 loss 0.0582 step_s 0.0224 peak_mem_gb 0.409
2026-10-01 22:39:15,219 | DEBUG | step 6926 epoch 5 loss 0.0303 step_s 0.0213 peak_mem_gb 0.409
2026-10-01 22:39:15,245 | DEBUG | step 6927 epoch 5 loss 0.0383 step_s 0.0255 peak_mem_gb 0.409
2026-10-01 22:39:15,270 | DEBUG | step 6928 epoch 5 loss 0.0254 step_s 0.0237 peak_mem_gb 0.409
2026-10-01 22:39:15,294 | DEBUG | step 6929 epoch 5 loss 0.0301 step_s 0.0230 peak_mem_gb 0.409
2026-10-01 22:39:15,318 | DEBUG | step 6930 epoch 5 loss 0.0151 step_s 0.0226 peak_mem_gb 0.409
2026-10-01 22:39:15,342 | DEBUG | step 6931 epoch 5 loss 0.0911 step_s 0.0236 peak_mem_gb 0.409
2026-10-01 22:39:15,367 | DEBUG | step 6932 epoch 5 loss 0.0351 step_s 0.0240 peak_mem_gb 0.409
2026-10-01 22:39:15,392 | DEBUG | step 6933 epoch 5 loss 0.0113 step_s 0.0238 peak_mem_gb 0.409
2026-10-01 22:39:15,418 | DEBUG | step 6934 epoch 5 loss 0.0310 step_s 0.0252 peak_mem_gb 0.409
2026-10-01 22:39:15,442 | DEBUG | step 6935 epoch 5 loss 0.0217 step_s 0.0237 peak_mem_gb 0.409
2026-10-01 22:39:15,467 | DEBUG | step 6936 epoch 5 loss 0.0583 step_s 0.0233 peak_mem_gb 0.409
2026-10-01 22:39:15,493 | DEBUG | step 6937 epoch 5 loss 0.0162 step_s 0.0256 peak_mem_gb 0.409
2026-10-01 22:39:15,518 | DEBUG | step 6938 epoch 5 loss 0.0269 step_s 0.0238 peak_mem_gb 0.409
2026-10-01 22:39:15,542 | DEBUG | step 6939 epoch 5 loss 0.0603 step_s 0.0237 peak_mem_gb 0.409
2026-10-01 22:39:15,566 | DEBUG | step 6940 epoch 5 loss 0.1657 step_s 0.0229 peak_mem_gb 0.409
2026-10-01 22:39:15,591 | DEBUG | step 6941 epoch 5 loss 0.0121 step_s 0.0238 peak_mem_gb 0.409
2026-10-01 22:39:15,613 | DEBUG | step 6942 epoch 5 loss 0.0575 step_s 0.0216 peak_mem_gb 0.409
2026-10-01 22:39:15,635 | DEBUG | step 6943 epoch 5 loss 0.0724 step_s 0.0206 peak_mem_gb 0.409
2026-10-01 22:39:15,658 | DEBUG | step 6944 epoch 5 loss 0.0680 step_s 0.0216 peak_mem_gb 0.409
2026-10-01 22:39:15,682 | DEBUG | step 6945 epoch 5 loss 0.0919 step_s 0.0238 peak_mem_gb 0.409
2026-10-01 22:39:15,706 | DEBUG | step 6946 epoch 5 loss 0.1664 step_s 0.0230 peak_mem_gb 0.409
2026-10-01 22:39:15,731 | DEBUG | step 6947 epoch 5 loss 0.0126 step_s 0.0237 peak_mem_gb 0.409
2026-10-01 22:39:15,756 | DEBUG | step 6948 epoch 5 loss 0.2104 step_s 0.0239 peak_mem_gb 0.409
2026-10-01 22:39:15,778 | DEBUG | step 6949 epoch 5 loss 0.1288 step_s 0.0213 peak_mem_gb 0.409
2026-10-01 22:39:15,805 | DEBUG | step 6950 epoch 5 loss 0.0662 step_s 0.0257 peak_mem_gb 0.409
2026-10-01 22:39:15,833 | DEBUG | step 6951 epoch 5 loss 0.0274 step_s 0.0273 peak_mem_gb 0.409
2026-10-01 22:39:15,862 | DEBUG | step 6952 epoch 5 loss 0.1679 step_s 0.0276 peak_mem_gb 0.409
2026-10-01 22:39:15,893 | DEBUG | step 6953 epoch 5 loss 0.0681 step_s 0.0295 peak_mem_gb 0.409
2026-10-01 22:39:15,921 | DEBUG | step 6954 epoch 5 loss 0.0452 step_s 0.0266 peak_mem_gb 0.409
2026-10-01 22:39:15,952 | DEBUG | step 6955 epoch 5 loss 0.0532 step_s 0.0298 peak_mem_gb 0.409
2026-10-01 22:39:15,979 | DEBUG | step 6956 epoch 5 loss 0.0585 step_s 0.0255 peak_mem_gb 0.409
2026-10-01 22:39:16,004 | DEBUG | step 6957 epoch 5 loss 0.0052 step_s 0.0240 peak_mem_gb 0.409
2026-10-01 22:39:16,026 | DEBUG | step 6958 epoch 5 loss 0.0844 step_s 0.0214 peak_mem_gb 0.409
2026-10-01 22:39:16,050 | DEBUG | step 6959 epoch 5 loss 0.0285 step_s 0.0228 peak_mem_gb 0.409
2026-10-01 22:39:16,075 | DEBUG | step 6960 epoch 5 loss 0.0287 step_s 0.0242 peak_mem_gb 0.409
2026-10-01 22:39:16,101 | DEBUG | step 6961 epoch 5 loss 0.1016 step_s 0.0244 peak_mem_gb 0.409
2026-10-01 22:39:16,128 | DEBUG | step 6962 epoch 5 loss 0.0653 step_s 0.0266 peak_mem_gb 0.409
2026-10-01 22:39:16,152 | DEBUG | step 6963 epoch 5 loss 0.0267 step_s 0.0223 peak_mem_gb 0.409
2026-10-01 22:39:16,179 | DEBUG | step 6964 epoch 5 loss 0.0317 step_s 0.0256 peak_mem_gb 0.409
2026-10-01 22:39:16,205 | DEBUG | step 6965 epoch 5 loss 0.0370 step_s 0.0246 peak_mem_gb 0.409
2026-10-01 22:39:16,231 | DEBUG | step 6966 epoch 5 loss 0.0627 step_s 0.0253 peak_mem_gb 0.409
2026-10-01 22:39:16,256 | DEBUG | step 6967 epoch 5 loss 0.0354 step_s 0.0241 peak_mem_gb 0.409
2026-10-01 22:39:16,282 | DEBUG | step 6968 epoch 5 loss 0.1178 step_s 0.0243 peak_mem_gb 0.409
2026-10-01 22:39:16,308 | DEBUG | step 6969 epoch 5 loss 0.0736 step_s 0.0259 peak_mem_gb 0.409
2026-10-01 22:39:16,333 | DEBUG | step 6970 epoch 5 loss 0.1578 step_s 0.0238 peak_mem_gb 0.409
2026-10-01 22:39:16,359 | DEBUG | step 6971 epoch 5 loss 0.0218 step_s 0.0245 peak_mem_gb 0.409
2026-10-01 22:39:16,385 | DEBUG | step 6972 epoch 5 loss 0.0083 step_s 0.0248 peak_mem_gb 0.409
2026-10-01 22:39:16,407 | DEBUG | step 6973 epoch 5 loss 0.0550 step_s 0.0212 peak_mem_gb 0.409
2026-10-01 22:39:16,433 | DEBUG | step 6974 epoch 5 loss 0.0376 step_s 0.0251 peak_mem_gb 0.409
2026-10-01 22:39:16,453 | DEBUG | step 6975 epoch 5 loss 0.0401 step_s 0.0194 peak_mem_gb 0.409
2026-10-01 22:39:16,477 | DEBUG | step 6976 epoch 5 loss 0.0082 step_s 0.0229 peak_mem_gb 0.409
2026-10-01 22:39:16,502 | DEBUG | step 6977 epoch 5 loss 0.0945 step_s 0.0235 peak_mem_gb 0.409
2026-10-01 22:39:16,522 | DEBUG | step 6978 epoch 5 loss 0.0258 step_s 0.0192 peak_mem_gb 0.409
2026-10-01 22:39:16,546 | DEBUG | step 6979 epoch 5 loss 0.0374 step_s 0.0235 peak_mem_gb 0.409
2026-10-01 22:39:16,571 | DEBUG | step 6980 epoch 5 loss 0.0642 step_s 0.0241 peak_mem_gb 0.409
2026-10-01 22:39:16,596 | DEBUG | step 6981 epoch 5 loss 0.0242 step_s 0.0239 peak_mem_gb 0.409
2026-10-01 22:39:16,616 | DEBUG | step 6982 epoch 5 loss 0.0330 step_s 0.0191 peak_mem_gb 0.409
2026-10-01 22:39:16,639 | DEBUG | step 6983 epoch 5 loss 0.0654 step_s 0.0221 peak_mem_gb 0.409
2026-10-01 22:39:16,664 | DEBUG | step 6984 epoch 5 loss 0.0082 step_s 0.0238 peak_mem_gb 0.409
2026-10-01 22:39:16,690 | DEBUG | step 6985 epoch 5 loss 0.1561 step_s 0.0242 peak_mem_gb 0.409
2026-10-01 22:39:16,715 | DEBUG | step 6986 epoch 5 loss 0.0517 step_s 0.0241 peak_mem_gb 0.409
2026-10-01 22:39:16,739 | DEBUG | step 6987 epoch 5 loss 0.0742 step_s 0.0237 peak_mem_gb 0.409
2026-10-01 22:39:16,764 | DEBUG | step 6988 epoch 5 loss 0.0158 step_s 0.0236 peak_mem_gb 0.409
2026-10-01 22:39:16,789 | DEBUG | step 6989 epoch 5 loss 0.0344 step_s 0.0242 peak_mem_gb 0.409
2026-10-01 22:39:16,814 | DEBUG | step 6990 epoch 5 loss 0.0132 step_s 0.0238 peak_mem_gb 0.409
2026-10-01 22:39:16,839 | DEBUG | step 6991 epoch 5 loss 0.0388 step_s 0.0246 peak_mem_gb 0.409
2026-10-01 22:39:16,863 | DEBUG | step 6992 epoch 5 loss 0.0668 step_s 0.0235 peak_mem_gb 0.409
2026-10-01 22:39:16,885 | DEBUG | step 6993 epoch 5 loss 0.0373 step_s 0.0208 peak_mem_gb 0.409
2026-10-01 22:39:16,914 | DEBUG | step 6994 epoch 5 loss 0.0375 step_s 0.0274 peak_mem_gb 0.409
2026-10-01 22:39:16,943 | DEBUG | step 6995 epoch 5 loss 0.0666 step_s 0.0276 peak_mem_gb 0.409
2026-10-01 22:39:16,970 | DEBUG | step 6996 epoch 5 loss 0.0509 step_s 0.0258 peak_mem_gb 0.409
2026-10-01 22:39:16,997 | DEBUG | step 6997 epoch 5 loss 0.0760 step_s 0.0258 peak_mem_gb 0.409
2026-10-01 22:39:17,025 | DEBUG | step 6998 epoch 5 loss 0.0339 step_s 0.0271 peak_mem_gb 0.409
2026-10-01 22:39:17,052 | DEBUG | step 6999 epoch 5 loss 0.0376 step_s 0.0256 peak_mem_gb 0.409
2026-10-01 22:39:17,076 | INFO | step 7000 epoch 5 loss 0.0679 step_s 0.0231 peak_mem_gb 0.409
2026-10-01 22:39:17,103 | DEBUG | step 7001 epoch 5 loss 0.0298 step_s 0.0251 peak_mem_gb 0.409
2026-10-01 22:39:17,129 | DEBUG | step 7002 epoch 5 loss 0.0326 step_s 0.0248 peak_mem_gb 0.409
2026-10-01 22:39:17,155 | DEBUG | step 7003 epoch 5 loss 0.0098 step_s 0.0250 peak_mem_gb 0.409
2026-10-01 22:39:17,181 | DEBUG | step 7004 epoch 5 loss 0.0394 step_s 0.0253 peak_mem_gb 0.409
2026-10-01 22:39:17,206 | DEBUG | step 7005 epoch 5 loss 0.0530 step_s 0.0234 peak_mem_gb 0.409
2026-10-01 22:39:17,230 | DEBUG | step 7006 epoch 5 loss 0.0120 step_s 0.0236 peak_mem_gb 0.409
2026-10-01 22:39:17,254 | DEBUG | step 7007 epoch 5 loss 0.0376 step_s 0.0232 peak_mem_gb 0.409
2026-10-01 22:39:17,280 | DEBUG | step 7008 epoch 5 loss 0.0805 step_s 0.0245 peak_mem_gb 0.409
2026-10-01 22:39:17,301 | DEBUG | step 7009 epoch 5 loss 0.0475 step_s 0.0201 peak_mem_gb 0.409
2026-10-01 22:39:17,325 | DEBUG | step 7010 epoch 5 loss 0.0788 step_s 0.0238 peak_mem_gb 0.409
2026-10-01 22:39:17,351 | DEBUG | step 7011 epoch 5 loss 0.0748 step_s 0.0247 peak_mem_gb 0.409
2026-10-01 22:39:17,375 | DEBUG | step 7012 epoch 5 loss 0.0177 step_s 0.0232 peak_mem_gb 0.409
2026-10-01 22:39:17,399 | DEBUG | step 7013 epoch 5 loss 0.0089 step_s 0.0226 peak_mem_gb 0.409
2026-10-01 22:39:17,423 | DEBUG | step 7014 epoch 5 loss 0.1152 step_s 0.0234 peak_mem_gb 0.409
2026-10-01 22:39:17,447 | DEBUG | step 7015 epoch 5 loss 0.1341 step_s 0.0237 peak_mem_gb 0.409
2026-10-01 22:39:17,472 | DEBUG | step 7016 epoch 5 loss 0.0370 step_s 0.0235 peak_mem_gb 0.409
2026-10-01 22:39:17,497 | DEBUG | step 7017 epoch 5 loss 0.0454 step_s 0.0245 peak_mem_gb 0.409
2026-10-01 22:39:17,524 | DEBUG | step 7018 epoch 5 loss 0.0186 step_s 0.0258 peak_mem_gb 0.409
2026-10-01 22:39:17,549 | DEBUG | step 7019 epoch 5 loss 0.0078 step_s 0.0236 peak_mem_gb 0.409
2026-10-01 22:39:17,572 | DEBUG | step 7020 epoch 5 loss 0.0548 step_s 0.0229 peak_mem_gb 0.409
2026-10-01 22:39:17,597 | DEBUG | step 7021 epoch 5 loss 0.0475 step_s 0.0242 peak_mem_gb 0.409
2026-10-01 22:39:17,623 | DEBUG | step 7022 epoch 5 loss 0.0483 step_s 0.0244 peak_mem_gb 0.409
2026-10-01 22:39:17,645 | DEBUG | step 7023 epoch 5 loss 0.0339 step_s 0.0211 peak_mem_gb 0.409
2026-10-01 22:39:17,670 | DEBUG | step 7024 epoch 5 loss 0.1424 step_s 0.0238 peak_mem_gb 0.409
2026-10-01 22:39:17,696 | DEBUG | step 7025 epoch 5 loss 0.1209 step_s 0.0251 peak_mem_gb 0.409
2026-10-01 22:39:17,720 | DEBUG | step 7026 epoch 5 loss 0.0795 step_s 0.0235 peak_mem_gb 0.409
2026-10-01 22:39:17,745 | DEBUG | step 7027 epoch 5 loss 0.0652 step_s 0.0241 peak_mem_gb 0.409
2026-10-01 22:39:17,769 | DEBUG | step 7028 epoch 5 loss 0.1086 step_s 0.0232 peak_mem_gb 0.409
2026-10-01 22:39:17,794 | DEBUG | step 7029 epoch 5 loss 0.0385 step_s 0.0237 peak_mem_gb 0.409
2026-10-01 22:39:17,819 | DEBUG | step 7030 epoch 5 loss 0.0252 step_s 0.0240 peak_mem_gb 0.409
2026-10-01 22:39:17,843 | DEBUG | step 7031 epoch 5 loss 0.0604 step_s 0.0234 peak_mem_gb 0.409
2026-10-01 22:39:17,868 | DEBUG | step 7032 epoch 5 loss 0.0135 step_s 0.0238 peak_mem_gb 0.409
2026-10-01 22:39:17,894 | DEBUG | step 7033 epoch 5 loss 0.0140 step_s 0.0253 peak_mem_gb 0.409
2026-10-01 22:39:17,922 | DEBUG | step 7034 epoch 5 loss 0.0224 step_s 0.0272 peak_mem_gb 0.409
2026-10-01 22:39:17,949 | DEBUG | step 7035 epoch 5 loss 0.0147 step_s 0.0256 peak_mem_gb 0.409
2026-10-01 22:39:17,978 | DEBUG | step 7036 epoch 5 loss 0.0531 step_s 0.0267 peak_mem_gb 0.409
2026-10-01 22:39:18,005 | DEBUG | step 7037 epoch 5 loss 0.1023 step_s 0.0258 peak_mem_gb 0.409
2026-10-01 22:39:18,024 | DEBUG | step 7038 epoch 5 loss 0.0467 step_s 0.0180 peak_mem_gb 0.409
2026-10-01 22:39:18,048 | DEBUG | step 7039 epoch 5 loss 0.0208 step_s 0.0232 peak_mem_gb 0.409
2026-10-01 22:39:18,068 | DEBUG | step 7040 epoch 5 loss 0.0451 step_s 0.0191 peak_mem_gb 0.409
2026-10-01 22:39:18,093 | DEBUG | step 7041 epoch 5 loss 0.0221 step_s 0.0241 peak_mem_gb 0.409
2026-10-01 22:39:18,118 | DEBUG | step 7042 epoch 5 loss 0.0280 step_s 0.0244 peak_mem_gb 0.409
2026-10-01 22:39:18,144 | DEBUG | step 7043 epoch 5 loss 0.0291 step_s 0.0247 peak_mem_gb 0.409
2026-10-01 22:39:18,169 | DEBUG | step 7044 epoch 5 loss 0.0539 step_s 0.0242 peak_mem_gb 0.409
2026-10-01 22:39:18,194 | DEBUG | step 7045 epoch 5 loss 0.0854 step_s 0.0241 peak_mem_gb 0.409
2026-10-01 22:39:18,220 | DEBUG | step 7046 epoch 5 loss 0.0211 step_s 0.0248 peak_mem_gb 0.409
2026-10-01 22:39:18,239 | DEBUG | step 7047 epoch 5 loss 0.0537 step_s 0.0181 peak_mem_gb 0.409
2026-10-01 22:39:18,263 | DEBUG | step 7048 epoch 5 loss 0.0492 step_s 0.0230 peak_mem_gb 0.409
2026-10-01 22:39:18,288 | DEBUG | step 7049 epoch 5 loss 0.0368 step_s 0.0238 peak_mem_gb 0.409
2026-10-01 22:39:18,312 | DEBUG | step 7050 epoch 5 loss 0.0395 step_s 0.0235 peak_mem_gb 0.409
2026-10-01 22:39:18,333 | DEBUG | step 7051 epoch 5 loss 0.0242 step_s 0.0198 peak_mem_gb 0.409
2026-10-01 22:39:18,357 | DEBUG | step 7052 epoch 5 loss 0.1480 step_s 0.0230 peak_mem_gb 0.409
2026-10-01 22:39:18,381 | DEBUG | step 7053 epoch 5 loss 0.0489 step_s 0.0234 peak_mem_gb 0.409
2026-10-01 22:39:18,404 | DEBUG | step 7054 epoch 5 loss 0.1031 step_s 0.0218 peak_mem_gb 0.409
2026-10-01 22:39:18,428 | DEBUG | step 7055 epoch 5 loss 0.1014 step_s 0.0236 peak_mem_gb 0.409
2026-10-01 22:39:18,455 | DEBUG | step 7056 epoch 5 loss 0.0519 step_s 0.0260 peak_mem_gb 0.409
2026-10-01 22:39:18,483 | DEBUG | step 7057 epoch 5 loss 0.1902 step_s 0.0268 peak_mem_gb 0.409
2026-10-01 22:39:18,511 | DEBUG | step 7058 epoch 5 loss 0.0255 step_s 0.0270 peak_mem_gb 0.409
2026-10-01 22:39:18,538 | DEBUG | step 7059 epoch 5 loss 0.1170 step_s 0.0249 peak_mem_gb 0.409
2026-10-01 22:39:18,559 | DEBUG | step 7060 epoch 5 loss 0.0223 step_s 0.0205 peak_mem_gb 0.409
2026-10-01 22:39:18,585 | DEBUG | step 7061 epoch 5 loss 0.1114 step_s 0.0253 peak_mem_gb 0.409
2026-10-01 22:39:18,610 | DEBUG | step 7062 epoch 5 loss 0.0787 step_s 0.0236 peak_mem_gb 0.409
2026-10-01 22:39:18,635 | DEBUG | step 7063 epoch 5 loss 0.0180 step_s 0.0238 peak_mem_gb 0.409
2026-10-01 22:39:18,660 | DEBUG | step 7064 epoch 5 loss 0.0213 step_s 0.0242 peak_mem_gb 0.409
2026-10-01 22:39:18,685 | DEBUG | step 7065 epoch 5 loss 0.0370 step_s 0.0242 peak_mem_gb 0.409
2026-10-01 22:39:18,711 | DEBUG | step 7066 epoch 5 loss 0.0071 step_s 0.0245 peak_mem_gb 0.409
2026-10-01 22:39:18,733 | DEBUG | step 7067 epoch 5 loss 0.0623 step_s 0.0212 peak_mem_gb 0.409
2026-10-01 22:39:18,758 | DEBUG | step 7068 epoch 5 loss 0.1852 step_s 0.0244 peak_mem_gb 0.409
2026-10-01 22:39:18,783 | DEBUG | step 7069 epoch 5 loss 0.1502 step_s 0.0243 peak_mem_gb 0.409
2026-10-01 22:39:18,808 | DEBUG | step 7070 epoch 5 loss 0.0195 step_s 0.0231 peak_mem_gb 0.409
2026-10-01 22:39:18,833 | DEBUG | step 7071 epoch 5 loss 0.0316 step_s 0.0241 peak_mem_gb 0.409
2026-10-01 22:39:18,858 | DEBUG | step 7072 epoch 5 loss 0.0255 step_s 0.0246 peak_mem_gb 0.409
2026-10-01 22:39:18,883 | DEBUG | step 7073 epoch 5 loss 0.0920 step_s 0.0242 peak_mem_gb 0.409
2026-10-01 22:39:18,907 | DEBUG | step 7074 epoch 5 loss 0.0360 step_s 0.0233 peak_mem_gb 0.409
2026-10-01 22:39:18,933 | DEBUG | step 7075 epoch 5 loss 0.0399 step_s 0.0244 peak_mem_gb 0.409
2026-10-01 22:39:18,955 | DEBUG | step 7076 epoch 5 loss 0.0657 step_s 0.0210 peak_mem_gb 0.409
2026-10-01 22:39:18,978 | DEBUG | step 7077 epoch 5 loss 0.0743 step_s 0.0228 peak_mem_gb 0.409
2026-10-01 22:39:19,003 | DEBUG | step 7078 epoch 5 loss 0.0070 step_s 0.0242 peak_mem_gb 0.409
2026-10-01 22:39:19,024 | DEBUG | step 7079 epoch 5 loss 0.0814 step_s 0.0194 peak_mem_gb 0.409
2026-10-01 22:39:19,050 | DEBUG | step 7080 epoch 5 loss 0.0714 step_s 0.0253 peak_mem_gb 0.409
2026-10-01 22:39:19,070 | DEBUG | step 7081 epoch 5 loss 0.0073 step_s 0.0184 peak_mem_gb 0.409
2026-10-01 22:39:19,098 | DEBUG | step 7082 epoch 5 loss 0.1154 step_s 0.0268 peak_mem_gb 0.409
2026-10-01 22:39:19,121 | DEBUG | step 7083 epoch 5 loss 0.0416 step_s 0.0221 peak_mem_gb 0.409
2026-10-01 22:39:19,146 | DEBUG | step 7084 epoch 5 loss 0.0638 step_s 0.0243 peak_mem_gb 0.409
2026-10-01 22:39:19,174 | DEBUG | step 7085 epoch 5 loss 0.0514 step_s 0.0268 peak_mem_gb 0.409
2026-10-01 22:39:19,200 | DEBUG | step 7086 epoch 5 loss 0.0267 step_s 0.0246 peak_mem_gb 0.409
2026-10-01 22:39:19,226 | DEBUG | step 7087 epoch 5 loss 0.1102 step_s 0.0245 peak_mem_gb 0.409
2026-10-01 22:39:19,251 | DEBUG | step 7088 epoch 5 loss 0.0427 step_s 0.0242 peak_mem_gb 0.409
2026-10-01 22:39:19,277 | DEBUG | step 7089 epoch 5 loss 0.0178 step_s 0.0243 peak_mem_gb 0.409
2026-10-01 22:39:19,299 | DEBUG | step 7090 epoch 5 loss 0.0522 step_s 0.0216 peak_mem_gb 0.409
2026-10-01 22:39:19,325 | DEBUG | step 7091 epoch 5 loss 0.0305 step_s 0.0243 peak_mem_gb 0.409
2026-10-01 22:39:19,349 | DEBUG | step 7092 epoch 5 loss 0.0653 step_s 0.0234 peak_mem_gb 0.409
2026-10-01 22:39:19,370 | DEBUG | step 7093 epoch 5 loss 0.0416 step_s 0.0199 peak_mem_gb 0.409
2026-10-01 22:39:19,394 | DEBUG | step 7094 epoch 5 loss 0.0080 step_s 0.0232 peak_mem_gb 0.409
2026-10-01 22:39:19,420 | DEBUG | step 7095 epoch 5 loss 0.0725 step_s 0.0252 peak_mem_gb 0.409
2026-10-01 22:39:19,445 | DEBUG | step 7096 epoch 5 loss 0.0744 step_s 0.0241 peak_mem_gb 0.409
2026-10-01 22:39:19,470 | DEBUG | step 7097 epoch 5 loss 0.0860 step_s 0.0237 peak_mem_gb 0.409
2026-10-01 22:39:19,493 | DEBUG | step 7098 epoch 5 loss 0.0902 step_s 0.0224 peak_mem_gb 0.409
2026-10-01 22:39:19,518 | DEBUG | step 7099 epoch 5 loss 0.0492 step_s 0.0241 peak_mem_gb 0.409
2026-10-01 22:39:19,540 | DEBUG | step 7100 epoch 5 loss 0.0226 step_s 0.0212 peak_mem_gb 0.409
2026-10-01 22:39:19,563 | DEBUG | step 7101 epoch 5 loss 0.1063 step_s 0.0216 peak_mem_gb 0.409
2026-10-01 22:39:19,588 | DEBUG | step 7102 epoch 5 loss 0.0786 step_s 0.0240 peak_mem_gb 0.409
2026-10-01 22:39:19,612 | DEBUG | step 7103 epoch 5 loss 0.0186 step_s 0.0233 peak_mem_gb 0.409
2026-10-01 22:39:19,639 | DEBUG | step 7104 epoch 5 loss 0.0677 step_s 0.0259 peak_mem_gb 0.409
2026-10-01 22:39:19,664 | DEBUG | step 7105 epoch 5 loss 0.1101 step_s 0.0242 peak_mem_gb 0.409
2026-10-01 22:39:19,687 | DEBUG | step 7106 epoch 5 loss 0.1335 step_s 0.0226 peak_mem_gb 0.409
2026-10-01 22:39:19,712 | DEBUG | step 7107 epoch 5 loss 0.0271 step_s 0.0237 peak_mem_gb 0.409
2026-10-01 22:39:19,737 | DEBUG | step 7108 epoch 5 loss 0.0658 step_s 0.0244 peak_mem_gb 0.409
2026-10-01 22:39:19,762 | DEBUG | step 7109 epoch 5 loss 0.0379 step_s 0.0237 peak_mem_gb 0.409
2026-10-01 22:39:19,782 | DEBUG | step 7110 epoch 5 loss 0.0235 step_s 0.0192 peak_mem_gb 0.409
2026-10-01 22:39:19,804 | DEBUG | step 7111 epoch 5 loss 0.1108 step_s 0.0212 peak_mem_gb 0.409
2026-10-01 22:39:19,828 | DEBUG | step 7112 epoch 5 loss 0.1274 step_s 0.0238 peak_mem_gb 0.409
2026-10-01 22:39:19,849 | DEBUG | step 7113 epoch 5 loss 0.0265 step_s 0.0199 peak_mem_gb 0.409
2026-10-01 22:39:19,872 | DEBUG | step 7114 epoch 5 loss 0.0433 step_s 0.0220 peak_mem_gb 0.409
2026-10-01 22:39:19,892 | DEBUG | step 7115 epoch 5 loss 0.0533 step_s 0.0190 peak_mem_gb 0.409
2026-10-01 22:39:19,916 | DEBUG | step 7116 epoch 5 loss 0.0164 step_s 0.0233 peak_mem_gb 0.409
2026-10-01 22:39:19,941 | DEBUG | step 7117 epoch 5 loss 0.0234 step_s 0.0243 peak_mem_gb 0.409
2026-10-01 22:39:19,965 | DEBUG | step 7118 epoch 5 loss 0.0233 step_s 0.0229 peak_mem_gb 0.409
2026-10-01 22:39:19,989 | DEBUG | step 7119 epoch 5 loss 0.1360 step_s 0.0225 peak_mem_gb 0.409
2026-10-01 22:39:20,013 | DEBUG | step 7120 epoch 5 loss 0.0487 step_s 0.0232 peak_mem_gb 0.409
2026-10-01 22:39:20,038 | DEBUG | step 7121 epoch 5 loss 0.0404 step_s 0.0242 peak_mem_gb 0.409
2026-10-01 22:39:20,063 | DEBUG | step 7122 epoch 5 loss 0.0373 step_s 0.0240 peak_mem_gb 0.409
2026-10-01 22:39:20,088 | DEBUG | step 7123 epoch 5 loss 0.0327 step_s 0.0239 peak_mem_gb 0.409
2026-10-01 22:39:20,113 | DEBUG | step 7124 epoch 5 loss 0.1081 step_s 0.0244 peak_mem_gb 0.409
2026-10-01 22:39:20,135 | DEBUG | step 7125 epoch 5 loss 0.0520 step_s 0.0207 peak_mem_gb 0.409
2026-10-01 22:39:20,161 | DEBUG | step 7126 epoch 5 loss 0.0394 step_s 0.0256 peak_mem_gb 0.409
2026-10-01 22:39:20,189 | DEBUG | step 7127 epoch 5 loss 0.0440 step_s 0.0267 peak_mem_gb 0.409
2026-10-01 22:39:20,211 | DEBUG | step 7128 epoch 5 loss 0.1507 step_s 0.0205 peak_mem_gb 0.409
2026-10-01 22:39:20,238 | DEBUG | step 7129 epoch 5 loss 0.0236 step_s 0.0259 peak_mem_gb 0.409
2026-10-01 22:39:20,260 | DEBUG | step 7130 epoch 5 loss 0.0520 step_s 0.0215 peak_mem_gb 0.409
2026-10-01 22:39:20,287 | DEBUG | step 7131 epoch 5 loss 0.0201 step_s 0.0261 peak_mem_gb 0.409
2026-10-01 22:39:20,315 | DEBUG | step 7132 epoch 5 loss 0.1754 step_s 0.0262 peak_mem_gb 0.409
2026-10-01 22:39:20,335 | DEBUG | step 7133 epoch 5 loss 0.0180 step_s 0.0189 peak_mem_gb 0.409
2026-10-01 22:39:20,359 | DEBUG | step 7134 epoch 5 loss 0.0217 step_s 0.0239 peak_mem_gb 0.409
2026-10-01 22:39:20,382 | DEBUG | step 7135 epoch 5 loss 0.0260 step_s 0.0211 peak_mem_gb 0.409
2026-10-01 22:39:20,406 | DEBUG | step 7136 epoch 5 loss 0.0309 step_s 0.0237 peak_mem_gb 0.409
2026-10-01 22:39:20,430 | DEBUG | step 7137 epoch 5 loss 0.0516 step_s 0.0232 peak_mem_gb 0.409
2026-10-01 22:39:20,455 | DEBUG | step 7138 epoch 5 loss 0.0924 step_s 0.0234 peak_mem_gb 0.409
2026-10-01 22:39:20,480 | DEBUG | step 7139 epoch 5 loss 0.1147 step_s 0.0237 peak_mem_gb 0.409
2026-10-01 22:39:20,508 | DEBUG | step 7140 epoch 5 loss 0.0688 step_s 0.0277 peak_mem_gb 0.409
2026-10-01 22:39:20,535 | DEBUG | step 7141 epoch 5 loss 0.0456 step_s 0.0255 peak_mem_gb 0.409
2026-10-01 22:39:20,562 | DEBUG | step 7142 epoch 5 loss 0.0319 step_s 0.0252 peak_mem_gb 0.409
2026-10-01 22:39:20,584 | DEBUG | step 7143 epoch 5 loss 0.0223 step_s 0.0211 peak_mem_gb 0.409
2026-10-01 22:39:20,610 | DEBUG | step 7144 epoch 5 loss 0.0257 step_s 0.0245 peak_mem_gb 0.409
2026-10-01 22:39:20,635 | DEBUG | step 7145 epoch 5 loss 0.0552 step_s 0.0243 peak_mem_gb 0.409
2026-10-01 22:39:20,660 | DEBUG | step 7146 epoch 5 loss 0.0536 step_s 0.0237 peak_mem_gb 0.409
2026-10-01 22:39:20,686 | DEBUG | step 7147 epoch 5 loss 0.1353 step_s 0.0256 peak_mem_gb 0.409
2026-10-01 22:39:20,712 | DEBUG | step 7148 epoch 5 loss 0.0066 step_s 0.0244 peak_mem_gb 0.409
2026-10-01 22:39:20,737 | DEBUG | step 7149 epoch 5 loss 0.0126 step_s 0.0240 peak_mem_gb 0.409
2026-10-01 22:39:20,759 | DEBUG | step 7150 epoch 5 loss 0.0416 step_s 0.0219 peak_mem_gb 0.409
2026-10-01 22:39:20,784 | DEBUG | step 7151 epoch 5 loss 0.0490 step_s 0.0236 peak_mem_gb 0.409
2026-10-01 22:39:20,808 | DEBUG | step 7152 epoch 5 loss 0.0598 step_s 0.0233 peak_mem_gb 0.409
2026-10-01 22:39:20,833 | DEBUG | step 7153 epoch 5 loss 0.0173 step_s 0.0239 peak_mem_gb 0.409
2026-10-01 22:39:20,859 | DEBUG | step 7154 epoch 5 loss 0.0610 step_s 0.0248 peak_mem_gb 0.409
2026-10-01 22:39:20,884 | DEBUG | step 7155 epoch 5 loss 0.0893 step_s 0.0241 peak_mem_gb 0.409
2026-10-01 22:39:20,908 | DEBUG | step 7156 epoch 5 loss 0.0917 step_s 0.0235 peak_mem_gb 0.409
2026-10-01 22:39:20,933 | DEBUG | step 7157 epoch 5 loss 0.0236 step_s 0.0236 peak_mem_gb 0.409
2026-10-01 22:39:20,957 | DEBUG | step 7158 epoch 5 loss 0.0415 step_s 0.0238 peak_mem_gb 0.409
2026-10-01 22:39:20,980 | DEBUG | step 7159 epoch 5 loss 0.0383 step_s 0.0216 peak_mem_gb 0.409
2026-10-01 22:39:21,004 | DEBUG | step 7160 epoch 5 loss 0.0766 step_s 0.0233 peak_mem_gb 0.409
2026-10-01 22:39:21,027 | DEBUG | step 7161 epoch 5 loss 0.0131 step_s 0.0216 peak_mem_gb 0.409
2026-10-01 22:39:21,052 | DEBUG | step 7162 epoch 5 loss 0.0433 step_s 0.0245 peak_mem_gb 0.409
2026-10-01 22:39:21,079 | DEBUG | step 7163 epoch 5 loss 0.0827 step_s 0.0260 peak_mem_gb 0.409
2026-10-01 22:39:21,104 | DEBUG | step 7164 epoch 5 loss 0.1775 step_s 0.0233 peak_mem_gb 0.409
2026-10-01 22:39:21,129 | DEBUG | step 7165 epoch 5 loss 0.0887 step_s 0.0240 peak_mem_gb 0.409
2026-10-01 22:39:21,151 | DEBUG | step 7166 epoch 5 loss 0.0330 step_s 0.0214 peak_mem_gb 0.409
2026-10-01 22:39:21,177 | DEBUG | step 7167 epoch 5 loss 0.0280 step_s 0.0245 peak_mem_gb 0.409
2026-10-01 22:39:21,204 | DEBUG | step 7168 epoch 5 loss 0.0603 step_s 0.0265 peak_mem_gb 0.409
2026-10-01 22:39:21,229 | DEBUG | step 7169 epoch 5 loss 0.0388 step_s 0.0237 peak_mem_gb 0.409
2026-10-01 22:39:21,254 | DEBUG | step 7170 epoch 5 loss 0.0679 step_s 0.0239 peak_mem_gb 0.409
2026-10-01 22:39:21,273 | DEBUG | step 7171 epoch 5 loss 0.0418 step_s 0.0183 peak_mem_gb 0.409
2026-10-01 22:39:21,295 | DEBUG | step 7172 epoch 5 loss 0.0630 step_s 0.0217 peak_mem_gb 0.409
2026-10-01 22:39:21,319 | DEBUG | step 7173 epoch 5 loss 0.0492 step_s 0.0232 peak_mem_gb 0.409
2026-10-01 22:39:21,337 | DEBUG | step 7174 epoch 5 loss 0.0578 step_s 0.0166 peak_mem_gb 0.409
2026-10-01 22:39:21,362 | DEBUG | step 7175 epoch 5 loss 0.0216 step_s 0.0241 peak_mem_gb 0.409
2026-10-01 22:39:21,388 | DEBUG | step 7176 epoch 5 loss 0.0270 step_s 0.0246 peak_mem_gb 0.409
2026-10-01 22:39:21,411 | DEBUG | step 7177 epoch 5 loss 0.0416 step_s 0.0228 peak_mem_gb 0.409
2026-10-01 22:39:21,436 | DEBUG | step 7178 epoch 5 loss 0.0351 step_s 0.0234 peak_mem_gb 0.409
2026-10-01 22:39:21,460 | DEBUG | step 7179 epoch 5 loss 0.0155 step_s 0.0236 peak_mem_gb 0.409
2026-10-01 22:39:21,482 | DEBUG | step 7180 epoch 5 loss 0.1054 step_s 0.0212 peak_mem_gb 0.409
2026-10-01 22:39:21,502 | DEBUG | step 7181 epoch 5 loss 0.1647 step_s 0.0185 peak_mem_gb 0.409
2026-10-01 22:39:21,528 | DEBUG | step 7182 epoch 5 loss 0.0120 step_s 0.0252 peak_mem_gb 0.409
2026-10-01 22:39:21,554 | DEBUG | step 7183 epoch 5 loss 0.0661 step_s 0.0250 peak_mem_gb 0.409
2026-10-01 22:39:21,579 | DEBUG | step 7184 epoch 5 loss 0.0207 step_s 0.0237 peak_mem_gb 0.409
2026-10-01 22:39:21,603 | DEBUG | step 7185 epoch 5 loss 0.0499 step_s 0.0232 peak_mem_gb 0.409
2026-10-01 22:39:21,628 | DEBUG | step 7186 epoch 5 loss 0.0126 step_s 0.0244 peak_mem_gb 0.409
2026-10-01 22:39:21,653 | DEBUG | step 7187 epoch 5 loss 0.0121 step_s 0.0237 peak_mem_gb 0.409
2026-10-01 22:39:21,677 | DEBUG | step 7188 epoch 5 loss 0.0292 step_s 0.0237 peak_mem_gb 0.409
2026-10-01 22:39:21,703 | DEBUG | step 7189 epoch 5 loss 0.0383 step_s 0.0249 peak_mem_gb 0.409
2026-10-01 22:39:21,730 | DEBUG | step 7190 epoch 5 loss 0.1213 step_s 0.0256 peak_mem_gb 0.409
2026-10-01 22:39:21,754 | DEBUG | step 7191 epoch 5 loss 0.0139 step_s 0.0236 peak_mem_gb 0.409
2026-10-01 22:39:21,776 | DEBUG | step 7192 epoch 5 loss 0.0408 step_s 0.0210 peak_mem_gb 0.409
2026-10-01 22:39:21,801 | DEBUG | step 7193 epoch 5 loss 0.2428 step_s 0.0237 peak_mem_gb 0.409
2026-10-01 22:39:21,826 | DEBUG | step 7194 epoch 5 loss 0.0163 step_s 0.0239 peak_mem_gb 0.409
2026-10-01 22:39:21,846 | DEBUG | step 7195 epoch 5 loss 0.0116 step_s 0.0193 peak_mem_gb 0.409
2026-10-01 22:39:21,871 | DEBUG | step 7196 epoch 5 loss 0.0527 step_s 0.0238 peak_mem_gb 0.409
2026-10-01 22:39:21,898 | DEBUG | step 7197 epoch 5 loss 0.0320 step_s 0.0257 peak_mem_gb 0.409
2026-10-01 22:39:21,922 | DEBUG | step 7198 epoch 5 loss 0.0284 step_s 0.0232 peak_mem_gb 0.409
2026-10-01 22:39:21,946 | DEBUG | step 7199 epoch 5 loss 0.0074 step_s 0.0232 peak_mem_gb 0.409
2026-10-01 22:39:21,970 | INFO | step 7200 epoch 5 loss 0.0329 step_s 0.0233 peak_mem_gb 0.409
2026-10-01 22:39:21,996 | DEBUG | step 7201 epoch 5 loss 0.0303 step_s 0.0244 peak_mem_gb 0.409
2026-10-01 22:39:22,022 | DEBUG | step 7202 epoch 5 loss 0.1559 step_s 0.0246 peak_mem_gb 0.409
2026-10-01 22:39:22,041 | DEBUG | step 7203 epoch 5 loss 0.0258 step_s 0.0181 peak_mem_gb 0.409
2026-10-01 22:39:22,067 | DEBUG | step 7204 epoch 5 loss 0.0452 step_s 0.0251 peak_mem_gb 0.409
2026-10-01 22:39:22,092 | DEBUG | step 7205 epoch 5 loss 0.0655 step_s 0.0243 peak_mem_gb 0.409
2026-10-01 22:39:22,115 | DEBUG | step 7206 epoch 5 loss 0.0265 step_s 0.0223 peak_mem_gb 0.409
2026-10-01 22:39:22,139 | DEBUG | step 7207 epoch 5 loss 0.0823 step_s 0.0229 peak_mem_gb 0.409
2026-10-01 22:39:22,164 | DEBUG | step 7208 epoch 5 loss 0.0285 step_s 0.0247 peak_mem_gb 0.409
2026-10-01 22:39:22,190 | DEBUG | step 7209 epoch 5 loss 0.0474 step_s 0.0242 peak_mem_gb 0.409
2026-10-01 22:39:22,214 | DEBUG | step 7210 epoch 5 loss 0.0346 step_s 0.0240 peak_mem_gb 0.409
2026-10-01 22:39:22,239 | DEBUG | step 7211 epoch 5 loss 0.0621 step_s 0.0237 peak_mem_gb 0.409
2026-10-01 22:39:22,262 | DEBUG | step 7212 epoch 5 loss 0.0489 step_s 0.0216 peak_mem_gb 0.409
2026-10-01 22:39:22,282 | DEBUG | step 7213 epoch 5 loss 0.0373 step_s 0.0197 peak_mem_gb 0.409
2026-10-01 22:39:22,307 | DEBUG | step 7214 epoch 5 loss 0.0908 step_s 0.0234 peak_mem_gb 0.409
2026-10-01 22:39:22,329 | DEBUG | step 7215 epoch 5 loss 0.0196 step_s 0.0216 peak_mem_gb 0.409
2026-10-01 22:39:22,354 | DEBUG | step 7216 epoch 5 loss 0.0197 step_s 0.0240 peak_mem_gb 0.409
2026-10-01 22:39:22,379 | DEBUG | step 7217 epoch 5 loss 0.0297 step_s 0.0237 peak_mem_gb 0.409
2026-10-01 22:39:22,403 | DEBUG | step 7218 epoch 5 loss 0.0848 step_s 0.0239 peak_mem_gb 0.409
2026-10-01 22:39:22,428 | DEBUG | step 7219 epoch 5 loss 0.0711 step_s 0.0238 peak_mem_gb 0.409
2026-10-01 22:39:22,453 | DEBUG | step 7220 epoch 5 loss 0.0633 step_s 0.0239 peak_mem_gb 0.409
2026-10-01 22:39:22,473 | DEBUG | step 7221 epoch 5 loss 0.0757 step_s 0.0191 peak_mem_gb 0.409
2026-10-01 22:39:22,493 | DEBUG | step 7222 epoch 5 loss 0.1247 step_s 0.0192 peak_mem_gb 0.409
2026-10-01 22:39:22,518 | DEBUG | step 7223 epoch 5 loss 0.0387 step_s 0.0238 peak_mem_gb 0.409
2026-10-01 22:39:22,544 | DEBUG | step 7224 epoch 5 loss 0.1574 step_s 0.0248 peak_mem_gb 0.409
2026-10-01 22:39:22,570 | DEBUG | step 7225 epoch 5 loss 0.0044 step_s 0.0258 peak_mem_gb 0.409
2026-10-01 22:39:22,597 | DEBUG | step 7226 epoch 5 loss 0.0583 step_s 0.0256 peak_mem_gb 0.409
2026-10-01 22:39:22,620 | DEBUG | step 7227 epoch 5 loss 0.1605 step_s 0.0219 peak_mem_gb 0.409
2026-10-01 22:39:22,646 | DEBUG | step 7228 epoch 5 loss 0.1211 step_s 0.0249 peak_mem_gb 0.409
2026-10-01 22:39:22,671 | DEBUG | step 7229 epoch 5 loss 0.0324 step_s 0.0243 peak_mem_gb 0.409
2026-10-01 22:39:22,699 | DEBUG | step 7230 epoch 5 loss 0.0252 step_s 0.0263 peak_mem_gb 0.409
2026-10-01 22:39:22,723 | DEBUG | step 7231 epoch 5 loss 0.0585 step_s 0.0237 peak_mem_gb 0.409
2026-10-01 22:39:22,748 | DEBUG | step 7232 epoch 5 loss 0.0717 step_s 0.0242 peak_mem_gb 0.409
2026-10-01 22:39:22,775 | DEBUG | step 7233 epoch 5 loss 0.0280 step_s 0.0249 peak_mem_gb 0.409
2026-10-01 22:39:22,799 | DEBUG | step 7234 epoch 5 loss 0.0574 step_s 0.0232 peak_mem_gb 0.409
2026-10-01 22:39:22,823 | DEBUG | step 7235 epoch 5 loss 0.0344 step_s 0.0234 peak_mem_gb 0.409
2026-10-01 22:39:22,848 | DEBUG | step 7236 epoch 5 loss 0.0391 step_s 0.0235 peak_mem_gb 0.409
2026-10-01 22:39:22,872 | DEBUG | step 7237 epoch 5 loss 0.0555 step_s 0.0233 peak_mem_gb 0.409
2026-10-01 22:39:22,897 | DEBUG | step 7238 epoch 5 loss 0.0635 step_s 0.0249 peak_mem_gb 0.409
2026-10-01 22:39:22,921 | DEBUG | step 7239 epoch 5 loss 0.0534 step_s 0.0226 peak_mem_gb 0.409
2026-10-01 22:39:22,944 | DEBUG | step 7240 epoch 5 loss 0.1280 step_s 0.0221 peak_mem_gb 0.409
2026-10-01 22:39:22,967 | DEBUG | step 7241 epoch 5 loss 0.0390 step_s 0.0216 peak_mem_gb 0.409
2026-10-01 22:39:22,992 | DEBUG | step 7242 epoch 5 loss 0.0268 step_s 0.0240 peak_mem_gb 0.409
2026-10-01 22:39:23,015 | DEBUG | step 7243 epoch 5 loss 0.0176 step_s 0.0222 peak_mem_gb 0.409
2026-10-01 22:39:23,039 | DEBUG | step 7244 epoch 5 loss 0.0182 step_s 0.0232 peak_mem_gb 0.409
2026-10-01 22:39:23,060 | DEBUG | step 7245 epoch 5 loss 0.0271 step_s 0.0199 peak_mem_gb 0.409
2026-10-01 22:39:23,086 | DEBUG | step 7246 epoch 5 loss 0.0627 step_s 0.0252 peak_mem_gb 0.409
2026-10-01 22:39:23,111 | DEBUG | step 7247 epoch 5 loss 0.1045 step_s 0.0236 peak_mem_gb 0.409
2026-10-01 22:39:23,137 | DEBUG | step 7248 epoch 5 loss 0.0634 step_s 0.0247 peak_mem_gb 0.409
2026-10-01 22:39:23,162 | DEBUG | step 7249 epoch 5 loss 0.0984 step_s 0.0243 peak_mem_gb 0.409
2026-10-01 22:39:23,188 | DEBUG | step 7250 epoch 5 loss 0.0796 step_s 0.0248 peak_mem_gb 0.409
2026-10-01 22:39:23,210 | DEBUG | step 7251 epoch 5 loss 0.0108 step_s 0.0212 peak_mem_gb 0.409
2026-10-01 22:39:23,235 | DEBUG | step 7252 epoch 5 loss 0.2114 step_s 0.0243 peak_mem_gb 0.409
2026-10-01 22:39:23,261 | DEBUG | step 7253 epoch 5 loss 0.1044 step_s 0.0244 peak_mem_gb 0.409
2026-10-01 22:39:23,286 | DEBUG | step 7254 epoch 5 loss 0.0275 step_s 0.0244 peak_mem_gb 0.409
2026-10-01 22:39:23,311 | DEBUG | step 7255 epoch 5 loss 0.0179 step_s 0.0244 peak_mem_gb 0.409
2026-10-01 22:39:23,331 | DEBUG | step 7256 epoch 5 loss 0.0744 step_s 0.0182 peak_mem_gb 0.409
2026-10-01 22:39:23,355 | DEBUG | step 7257 epoch 5 loss 0.0383 step_s 0.0234 peak_mem_gb 0.409
2026-10-01 22:39:23,372 | DEBUG | step 7258 epoch 5 loss 0.0961 step_s 0.0164 peak_mem_gb 0.409
2026-10-01 22:39:23,395 | DEBUG | step 7259 epoch 5 loss 0.1064 step_s 0.0225 peak_mem_gb 0.409
2026-10-01 22:39:23,420 | DEBUG | step 7260 epoch 5 loss 0.0282 step_s 0.0235 peak_mem_gb 0.409
2026-10-01 22:39:23,441 | DEBUG | step 7261 epoch 5 loss 0.0295 step_s 0.0206 peak_mem_gb 0.409
2026-10-01 22:39:23,466 | DEBUG | step 7262 epoch 5 loss 0.0556 step_s 0.0236 peak_mem_gb 0.409
2026-10-01 22:39:23,490 | DEBUG | step 7263 epoch 5 loss 0.0215 step_s 0.0237 peak_mem_gb 0.409
2026-10-01 22:39:23,518 | DEBUG | step 7264 epoch 5 loss 0.0685 step_s 0.0264 peak_mem_gb 0.409
2026-10-01 22:39:23,545 | DEBUG | step 7265 epoch 5 loss 0.1366 step_s 0.0257 peak_mem_gb 0.409
2026-10-01 22:39:23,572 | DEBUG | step 7266 epoch 5 loss 0.0757 step_s 0.0262 peak_mem_gb 0.409
2026-10-01 22:39:23,594 | DEBUG | step 7267 epoch 5 loss 0.0525 step_s 0.0208 peak_mem_gb 0.409
2026-10-01 22:39:23,621 | DEBUG | step 7268 epoch 5 loss 0.0610 step_s 0.0251 peak_mem_gb 0.409
2026-10-01 22:39:23,641 | DEBUG | step 7269 epoch 5 loss 0.0655 step_s 0.0194 peak_mem_gb 0.409
2026-10-01 22:39:23,665 | DEBUG | step 7270 epoch 5 loss 0.0223 step_s 0.0230 peak_mem_gb 0.409
2026-10-01 22:39:23,690 | DEBUG | step 7271 epoch 5 loss 0.1610 step_s 0.0237 peak_mem_gb 0.409
2026-10-01 22:39:23,714 | DEBUG | step 7272 epoch 5 loss 0.0196 step_s 0.0236 peak_mem_gb 0.409
2026-10-01 22:39:23,740 | DEBUG | step 7273 epoch 5 loss 0.0718 step_s 0.0247 peak_mem_gb 0.409
2026-10-01 22:39:23,765 | DEBUG | step 7274 epoch 5 loss 0.0565 step_s 0.0240 peak_mem_gb 0.409
2026-10-01 22:39:23,790 | DEBUG | step 7275 epoch 5 loss 0.0201 step_s 0.0244 peak_mem_gb 0.409
2026-10-01 22:39:23,817 | DEBUG | step 7276 epoch 5 loss 0.0166 step_s 0.0256 peak_mem_gb 0.409
2026-10-01 22:39:23,842 | DEBUG | step 7277 epoch 5 loss 0.0142 step_s 0.0238 peak_mem_gb 0.409
2026-10-01 22:39:23,867 | DEBUG | step 7278 epoch 5 loss 0.0471 step_s 0.0243 peak_mem_gb 0.409
2026-10-01 22:39:23,891 | DEBUG | step 7279 epoch 5 loss 0.0886 step_s 0.0234 peak_mem_gb 0.409
2026-10-01 22:39:23,908 | DEBUG | step 7280 epoch 5 loss 0.0754 step_s 0.0160 peak_mem_gb 0.409
2026-10-01 22:39:23,927 | DEBUG | step 7281 epoch 5 loss 0.0334 step_s 0.0183 peak_mem_gb 0.409
2026-10-01 22:39:23,952 | DEBUG | step 7282 epoch 5 loss 0.0191 step_s 0.0239 peak_mem_gb 0.409
2026-10-01 22:39:23,978 | DEBUG | step 7283 epoch 5 loss 0.0083 step_s 0.0251 peak_mem_gb 0.409
2026-10-01 22:39:24,002 | DEBUG | step 7284 epoch 5 loss 0.1026 step_s 0.0228 peak_mem_gb 0.409
2026-10-01 22:39:24,026 | DEBUG | step 7285 epoch 5 loss 0.0682 step_s 0.0237 peak_mem_gb 0.409
2026-10-01 22:39:24,051 | DEBUG | step 7286 epoch 5 loss 0.0366 step_s 0.0241 peak_mem_gb 0.409
2026-10-01 22:39:24,076 | DEBUG | step 7287 epoch 5 loss 0.0436 step_s 0.0239 peak_mem_gb 0.409
2026-10-01 22:39:24,101 | DEBUG | step 7288 epoch 5 loss 0.0576 step_s 0.0245 peak_mem_gb 0.409
2026-10-01 22:39:24,128 | DEBUG | step 7289 epoch 5 loss 0.0232 step_s 0.0258 peak_mem_gb 0.409
2026-10-01 22:39:24,156 | DEBUG | step 7290 epoch 5 loss 0.0266 step_s 0.0269 peak_mem_gb 0.409
2026-10-01 22:39:24,181 | DEBUG | step 7291 epoch 5 loss 0.0426 step_s 0.0238 peak_mem_gb 0.409
2026-10-01 22:39:24,205 | DEBUG | step 7292 epoch 5 loss 0.0648 step_s 0.0232 peak_mem_gb 0.409
2026-10-01 22:39:24,230 | DEBUG | step 7293 epoch 5 loss 0.0588 step_s 0.0244 peak_mem_gb 0.409
2026-10-01 22:39:24,254 | DEBUG | step 7294 epoch 5 loss 0.0087 step_s 0.0230 peak_mem_gb 0.409
2026-10-01 22:39:24,278 | DEBUG | step 7295 epoch 5 loss 0.1070 step_s 0.0236 peak_mem_gb 0.409
2026-10-01 22:39:24,302 | DEBUG | step 7296 epoch 5 loss 0.0566 step_s 0.0227 peak_mem_gb 0.409
2026-10-01 22:39:24,326 | DEBUG | step 7297 epoch 5 loss 0.0427 step_s 0.0236 peak_mem_gb 0.409
2026-10-01 22:39:24,348 | DEBUG | step 7298 epoch 5 loss 0.0455 step_s 0.0209 peak_mem_gb 0.409
2026-10-01 22:39:24,373 | DEBUG | step 7299 epoch 5 loss 0.1883 step_s 0.0234 peak_mem_gb 0.409
2026-10-01 22:39:24,397 | DEBUG | step 7300 epoch 5 loss 0.0483 step_s 0.0239 peak_mem_gb 0.409
2026-10-01 22:39:24,422 | DEBUG | step 7301 epoch 5 loss 0.0710 step_s 0.0233 peak_mem_gb 0.409
2026-10-01 22:39:24,444 | DEBUG | step 7302 epoch 5 loss 0.1173 step_s 0.0214 peak_mem_gb 0.409
2026-10-01 22:39:24,469 | DEBUG | step 7303 epoch 5 loss 0.1429 step_s 0.0248 peak_mem_gb 0.409
2026-10-01 22:39:24,494 | DEBUG | step 7304 epoch 5 loss 0.0482 step_s 0.0241 peak_mem_gb 0.409
2026-10-01 22:39:24,516 | DEBUG | step 7305 epoch 5 loss 0.0248 step_s 0.0204 peak_mem_gb 0.409
2026-10-01 22:39:24,541 | DEBUG | step 7306 epoch 5 loss 0.0238 step_s 0.0245 peak_mem_gb 0.409
2026-10-01 22:39:24,566 | DEBUG | step 7307 epoch 5 loss 0.0075 step_s 0.0239 peak_mem_gb 0.409
2026-10-01 22:39:24,590 | DEBUG | step 7308 epoch 5 loss 0.0496 step_s 0.0233 peak_mem_gb 0.409
2026-10-01 22:39:24,615 | DEBUG | step 7309 epoch 5 loss 0.2470 step_s 0.0240 peak_mem_gb 0.409
2026-10-01 22:39:24,640 | DEBUG | step 7310 epoch 5 loss 0.0558 step_s 0.0236 peak_mem_gb 0.409
2026-10-01 22:39:24,666 | DEBUG | step 7311 epoch 5 loss 0.0187 step_s 0.0250 peak_mem_gb 0.409
2026-10-01 22:39:24,690 | DEBUG | step 7312 epoch 5 loss 0.0467 step_s 0.0241 peak_mem_gb 0.409
2026-10-01 22:39:24,716 | DEBUG | step 7313 epoch 5 loss 0.0357 step_s 0.0249 peak_mem_gb 0.409
2026-10-01 22:39:24,740 | DEBUG | step 7314 epoch 5 loss 0.1061 step_s 0.0221 peak_mem_gb 0.409
2026-10-01 22:39:24,766 | DEBUG | step 7315 epoch 5 loss 0.0606 step_s 0.0253 peak_mem_gb 0.409
2026-10-01 22:39:24,793 | DEBUG | step 7316 epoch 5 loss 0.1541 step_s 0.0250 peak_mem_gb 0.409
2026-10-01 22:39:24,814 | DEBUG | step 7317 epoch 5 loss 0.1187 step_s 0.0201 peak_mem_gb 0.409
2026-10-01 22:39:24,838 | DEBUG | step 7318 epoch 5 loss 0.0865 step_s 0.0238 peak_mem_gb 0.409
2026-10-01 22:39:24,863 | DEBUG | step 7319 epoch 5 loss 0.0304 step_s 0.0235 peak_mem_gb 0.409
2026-10-01 22:39:24,887 | DEBUG | step 7320 epoch 5 loss 0.0058 step_s 0.0238 peak_mem_gb 0.409
2026-10-01 22:39:24,911 | DEBUG | step 7321 epoch 5 loss 0.0949 step_s 0.0224 peak_mem_gb 0.409
2026-10-01 22:39:24,936 | DEBUG | step 7322 epoch 5 loss 0.0960 step_s 0.0240 peak_mem_gb 0.409
2026-10-01 22:39:24,963 | DEBUG | step 7323 epoch 5 loss 0.0309 step_s 0.0267 peak_mem_gb 0.409
2026-10-01 22:39:24,986 | DEBUG | step 7324 epoch 5 loss 0.0763 step_s 0.0219 peak_mem_gb 0.409
2026-10-01 22:39:25,013 | DEBUG | step 7325 epoch 5 loss 0.1203 step_s 0.0261 peak_mem_gb 0.409
2026-10-01 22:39:25,036 | DEBUG | step 7326 epoch 5 loss 0.0380 step_s 0.0225 peak_mem_gb 0.409
2026-10-01 22:39:25,060 | DEBUG | step 7327 epoch 5 loss 0.0627 step_s 0.0225 peak_mem_gb 0.409
2026-10-01 22:39:25,085 | DEBUG | step 7328 epoch 5 loss 0.0378 step_s 0.0239 peak_mem_gb 0.409
2026-10-01 22:39:25,112 | DEBUG | step 7329 epoch 5 loss 0.0425 step_s 0.0257 peak_mem_gb 0.409
2026-10-01 22:39:25,138 | DEBUG | step 7330 epoch 5 loss 0.0835 step_s 0.0252 peak_mem_gb 0.409
2026-10-01 22:39:25,163 | DEBUG | step 7331 epoch 5 loss 0.1965 step_s 0.0242 peak_mem_gb 0.409
2026-10-01 22:39:25,191 | DEBUG | step 7332 epoch 5 loss 0.0341 step_s 0.0261 peak_mem_gb 0.409
2026-10-01 22:39:25,216 | DEBUG | step 7333 epoch 5 loss 0.0258 step_s 0.0241 peak_mem_gb 0.409
2026-10-01 22:39:25,240 | DEBUG | step 7334 epoch 5 loss 0.3026 step_s 0.0232 peak_mem_gb 0.409
2026-10-01 22:39:25,259 | DEBUG | step 7335 epoch 5 loss 0.0331 step_s 0.0180 peak_mem_gb 0.409
2026-10-01 22:39:25,283 | DEBUG | step 7336 epoch 5 loss 0.0411 step_s 0.0238 peak_mem_gb 0.409
2026-10-01 22:39:25,306 | DEBUG | step 7337 epoch 5 loss 0.0108 step_s 0.0223 peak_mem_gb 0.409
2026-10-01 22:39:25,331 | DEBUG | step 7338 epoch 5 loss 0.1029 step_s 0.0236 peak_mem_gb 0.409
2026-10-01 22:39:25,356 | DEBUG | step 7339 epoch 5 loss 0.0252 step_s 0.0239 peak_mem_gb 0.409
2026-10-01 22:39:25,380 | DEBUG | step 7340 epoch 5 loss 0.0622 step_s 0.0228 peak_mem_gb 0.409
2026-10-01 22:39:25,401 | DEBUG | step 7341 epoch 5 loss 0.1383 step_s 0.0201 peak_mem_gb 0.409
2026-10-01 22:39:25,425 | DEBUG | step 7342 epoch 5 loss 0.0384 step_s 0.0233 peak_mem_gb 0.409
2026-10-01 22:39:25,449 | DEBUG | step 7343 epoch 5 loss 0.0424 step_s 0.0232 peak_mem_gb 0.409
2026-10-01 22:39:25,474 | DEBUG | step 7344 epoch 5 loss 0.1686 step_s 0.0242 peak_mem_gb 0.409
2026-10-01 22:39:25,496 | DEBUG | step 7345 epoch 5 loss 0.0767 step_s 0.0210 peak_mem_gb 0.409
2026-10-01 22:39:25,522 | DEBUG | step 7346 epoch 5 loss 0.0121 step_s 0.0258 peak_mem_gb 0.409
2026-10-01 22:39:25,547 | DEBUG | step 7347 epoch 5 loss 0.0618 step_s 0.0233 peak_mem_gb 0.409
2026-10-01 22:39:25,572 | DEBUG | step 7348 epoch 5 loss 0.0293 step_s 0.0238 peak_mem_gb 0.409
2026-10-01 22:39:25,595 | DEBUG | step 7349 epoch 5 loss 0.1200 step_s 0.0222 peak_mem_gb 0.409
2026-10-01 22:39:25,617 | DEBUG | step 7350 epoch 5 loss 0.0164 step_s 0.0214 peak_mem_gb 0.409
2026-10-01 22:39:25,642 | DEBUG | step 7351 epoch 5 loss 0.0275 step_s 0.0244 peak_mem_gb 0.409
2026-10-01 22:39:25,667 | DEBUG | step 7352 epoch 5 loss 0.0037 step_s 0.0242 peak_mem_gb 0.409
2026-10-01 22:39:25,694 | DEBUG | step 7353 epoch 5 loss 0.0886 step_s 0.0256 peak_mem_gb 0.409
2026-10-01 22:39:25,718 | DEBUG | step 7354 epoch 5 loss 0.0344 step_s 0.0232 peak_mem_gb 0.409
2026-10-01 22:39:25,739 | DEBUG | step 7355 epoch 5 loss 0.0823 step_s 0.0203 peak_mem_gb 0.409
2026-10-01 22:39:25,763 | DEBUG | step 7356 epoch 5 loss 0.0380 step_s 0.0233 peak_mem_gb 0.409
2026-10-01 22:39:25,788 | DEBUG | step 7357 epoch 5 loss 0.0516 step_s 0.0241 peak_mem_gb 0.409
2026-10-01 22:39:25,813 | DEBUG | step 7358 epoch 5 loss 0.0180 step_s 0.0236 peak_mem_gb 0.409
2026-10-01 22:39:25,841 | DEBUG | step 7359 epoch 5 loss 0.0730 step_s 0.0267 peak_mem_gb 0.409
2026-10-01 22:39:25,870 | DEBUG | step 7360 epoch 5 loss 0.0354 step_s 0.0271 peak_mem_gb 0.409
2026-10-01 22:39:25,901 | DEBUG | step 7361 epoch 5 loss 0.0452 step_s 0.0298 peak_mem_gb 0.409
2026-10-01 22:39:25,927 | DEBUG | step 7362 epoch 5 loss 0.0333 step_s 0.0250 peak_mem_gb 0.409
2026-10-01 22:39:25,955 | DEBUG | step 7363 epoch 5 loss 0.0223 step_s 0.0262 peak_mem_gb 0.409
2026-10-01 22:39:25,983 | DEBUG | step 7364 epoch 5 loss 0.0590 step_s 0.0268 peak_mem_gb 0.409
2026-10-01 22:39:26,009 | DEBUG | step 7365 epoch 5 loss 0.0541 step_s 0.0250 peak_mem_gb 0.409
2026-10-01 22:39:26,033 | DEBUG | step 7366 epoch 5 loss 0.0128 step_s 0.0227 peak_mem_gb 0.409
2026-10-01 22:39:26,059 | DEBUG | step 7367 epoch 5 loss 0.0210 step_s 0.0251 peak_mem_gb 0.409
2026-10-01 22:39:26,087 | DEBUG | step 7368 epoch 5 loss 0.0588 step_s 0.0270 peak_mem_gb 0.409
2026-10-01 22:39:26,112 | DEBUG | step 7369 epoch 5 loss 0.0940 step_s 0.0238 peak_mem_gb 0.409
2026-10-01 22:39:26,137 | DEBUG | step 7370 epoch 5 loss 0.0202 step_s 0.0242 peak_mem_gb 0.409
2026-10-01 22:39:26,162 | DEBUG | step 7371 epoch 5 loss 0.1722 step_s 0.0243 peak_mem_gb 0.409
2026-10-01 22:39:26,187 | DEBUG | step 7372 epoch 5 loss 0.0665 step_s 0.0241 peak_mem_gb 0.409
2026-10-01 22:39:26,213 | DEBUG | step 7373 epoch 5 loss 0.0280 step_s 0.0242 peak_mem_gb 0.409
2026-10-01 22:39:26,237 | DEBUG | step 7374 epoch 5 loss 0.0906 step_s 0.0230 peak_mem_gb 0.409
2026-10-01 22:39:26,261 | DEBUG | step 7375 epoch 5 loss 0.0237 step_s 0.0233 peak_mem_gb 0.409
2026-10-01 22:39:26,285 | DEBUG | step 7376 epoch 5 loss 0.0497 step_s 0.0232 peak_mem_gb 0.409
2026-10-01 22:39:26,310 | DEBUG | step 7377 epoch 5 loss 0.0754 step_s 0.0241 peak_mem_gb 0.409
2026-10-01 22:39:26,334 | DEBUG | step 7378 epoch 5 loss 0.0141 step_s 0.0237 peak_mem_gb 0.409
2026-10-01 22:39:26,360 | DEBUG | step 7379 epoch 5 loss 0.0471 step_s 0.0246 peak_mem_gb 0.409
2026-10-01 22:39:26,385 | DEBUG | step 7380 epoch 5 loss 0.0944 step_s 0.0240 peak_mem_gb 0.409
2026-10-01 22:39:26,411 | DEBUG | step 7381 epoch 5 loss 0.0221 step_s 0.0253 peak_mem_gb 0.409
2026-10-01 22:39:26,434 | DEBUG | step 7382 epoch 5 loss 0.1948 step_s 0.0228 peak_mem_gb 0.409
2026-10-01 22:39:26,458 | DEBUG | step 7383 epoch 5 loss 0.0495 step_s 0.0232 peak_mem_gb 0.409
2026-10-01 22:39:26,482 | DEBUG | step 7384 epoch 5 loss 0.0506 step_s 0.0228 peak_mem_gb 0.409
2026-10-01 22:39:26,507 | DEBUG | step 7385 epoch 5 loss 0.0152 step_s 0.0239 peak_mem_gb 0.409
2026-10-01 22:39:26,528 | DEBUG | step 7386 epoch 5 loss 0.0586 step_s 0.0199 peak_mem_gb 0.409
2026-10-01 22:39:26,551 | DEBUG | step 7387 epoch 5 loss 0.0363 step_s 0.0221 peak_mem_gb 0.409
2026-10-01 22:39:26,579 | DEBUG | step 7388 epoch 5 loss 0.0128 step_s 0.0275 peak_mem_gb 0.409
2026-10-01 22:39:26,605 | DEBUG | step 7389 epoch 5 loss 0.0390 step_s 0.0244 peak_mem_gb 0.409
2026-10-01 22:39:26,626 | DEBUG | step 7390 epoch 5 loss 0.0218 step_s 0.0201 peak_mem_gb 0.409
2026-10-01 22:39:26,650 | DEBUG | step 7391 epoch 5 loss 0.0611 step_s 0.0235 peak_mem_gb 0.409
2026-10-01 22:39:26,675 | DEBUG | step 7392 epoch 5 loss 0.1122 step_s 0.0233 peak_mem_gb 0.409
2026-10-01 22:39:26,696 | DEBUG | step 7393 epoch 5 loss 0.0314 step_s 0.0209 peak_mem_gb 0.409
2026-10-01 22:39:26,721 | DEBUG | step 7394 epoch 5 loss 0.1189 step_s 0.0241 peak_mem_gb 0.409
2026-10-01 22:39:26,743 | DEBUG | step 7395 epoch 5 loss 0.0629 step_s 0.0203 peak_mem_gb 0.409
2026-10-01 22:39:26,769 | DEBUG | step 7396 epoch 5 loss 0.0761 step_s 0.0254 peak_mem_gb 0.409
2026-10-01 22:39:26,794 | DEBUG | step 7397 epoch 5 loss 0.0575 step_s 0.0245 peak_mem_gb 0.409
2026-10-01 22:39:26,820 | DEBUG | step 7398 epoch 5 loss 0.0461 step_s 0.0248 peak_mem_gb 0.409
2026-10-01 22:39:26,847 | DEBUG | step 7399 epoch 5 loss 0.0215 step_s 0.0247 peak_mem_gb 0.409
2026-10-01 22:39:26,872 | INFO | step 7400 epoch 5 loss 0.0399 step_s 0.0240 peak_mem_gb 0.409
2026-10-01 22:39:26,897 | DEBUG | step 7401 epoch 5 loss 0.0484 step_s 0.0233 peak_mem_gb 0.409
2026-10-01 22:39:26,924 | DEBUG | step 7402 epoch 5 loss 0.0563 step_s 0.0256 peak_mem_gb 0.409
2026-10-01 22:39:26,953 | DEBUG | step 7403 epoch 5 loss 0.0242 step_s 0.0272 peak_mem_gb 0.409
2026-10-01 22:39:26,979 | DEBUG | step 7404 epoch 5 loss 0.1821 step_s 0.0248 peak_mem_gb 0.409
2026-10-01 22:39:27,005 | DEBUG | step 7405 epoch 5 loss 0.0100 step_s 0.0250 peak_mem_gb 0.409
2026-10-01 22:39:27,030 | DEBUG | step 7406 epoch 5 loss 0.0224 step_s 0.0244 peak_mem_gb 0.409
2026-10-01 22:39:27,056 | DEBUG | step 7407 epoch 5 loss 0.1301 step_s 0.0242 peak_mem_gb 0.409
2026-10-01 22:39:27,080 | DEBUG | step 7408 epoch 5 loss 0.0170 step_s 0.0238 peak_mem_gb 0.409
2026-10-01 22:39:27,105 | DEBUG | step 7409 epoch 5 loss 0.0757 step_s 0.0236 peak_mem_gb 0.409
2026-10-01 22:39:27,130 | DEBUG | step 7410 epoch 5 loss 0.0274 step_s 0.0240 peak_mem_gb 0.409
2026-10-01 22:39:27,156 | DEBUG | step 7411 epoch 5 loss 0.0226 step_s 0.0250 peak_mem_gb 0.409
2026-10-01 22:39:27,181 | DEBUG | step 7412 epoch 5 loss 0.0274 step_s 0.0237 peak_mem_gb 0.409
2026-10-01 22:39:27,202 | DEBUG | step 7413 epoch 5 loss 0.0739 step_s 0.0190 peak_mem_gb 0.409
2026-10-01 22:39:27,226 | DEBUG | step 7414 epoch 5 loss 0.0532 step_s 0.0238 peak_mem_gb 0.409
2026-10-01 22:39:27,252 | DEBUG | step 7415 epoch 5 loss 0.0441 step_s 0.0251 peak_mem_gb 0.409
2026-10-01 22:39:27,278 | DEBUG | step 7416 epoch 5 loss 0.0337 step_s 0.0245 peak_mem_gb 0.409
2026-10-01 22:39:27,305 | DEBUG | step 7417 epoch 5 loss 0.1112 step_s 0.0257 peak_mem_gb 0.409
2026-10-01 22:39:27,330 | DEBUG | step 7418 epoch 5 loss 0.0847 step_s 0.0242 peak_mem_gb 0.409
2026-10-01 22:39:27,354 | DEBUG | step 7419 epoch 5 loss 0.0068 step_s 0.0236 peak_mem_gb 0.409
2026-10-01 22:39:27,379 | DEBUG | step 7420 epoch 5 loss 0.0438 step_s 0.0242 peak_mem_gb 0.409
2026-10-01 22:39:27,404 | DEBUG | step 7421 epoch 5 loss 0.0257 step_s 0.0237 peak_mem_gb 0.409
2026-10-01 22:39:27,428 | DEBUG | step 7422 epoch 5 loss 0.0575 step_s 0.0237 peak_mem_gb 0.409
2026-10-01 22:39:27,450 | DEBUG | step 7423 epoch 5 loss 0.0466 step_s 0.0207 peak_mem_gb 0.409
2026-10-01 22:39:27,474 | DEBUG | step 7424 epoch 5 loss 0.0202 step_s 0.0229 peak_mem_gb 0.409
2026-10-01 22:39:27,499 | DEBUG | step 7425 epoch 5 loss 0.0257 step_s 0.0241 peak_mem_gb 0.409
2026-10-01 22:39:27,524 | DEBUG | step 7426 epoch 5 loss 0.0913 step_s 0.0237 peak_mem_gb 0.409
2026-10-01 22:39:27,548 | DEBUG | step 7427 epoch 5 loss 0.0128 step_s 0.0230 peak_mem_gb 0.409
2026-10-01 22:39:27,572 | DEBUG | step 7428 epoch 5 loss 0.0422 step_s 0.0237 peak_mem_gb 0.409
2026-10-01 22:39:27,597 | DEBUG | step 7429 epoch 5 loss 0.0281 step_s 0.0240 peak_mem_gb 0.409
2026-10-01 22:39:27,622 | DEBUG | step 7430 epoch 5 loss 0.0454 step_s 0.0243 peak_mem_gb 0.409
2026-10-01 22:39:27,648 | DEBUG | step 7431 epoch 5 loss 0.0366 step_s 0.0246 peak_mem_gb 0.409
2026-10-01 22:39:27,671 | DEBUG | step 7432 epoch 5 loss 0.1468 step_s 0.0224 peak_mem_gb 0.409
2026-10-01 22:39:27,696 | DEBUG | step 7433 epoch 5 loss 0.0661 step_s 0.0236 peak_mem_gb 0.409
2026-10-01 22:39:27,720 | DEBUG | step 7434 epoch 5 loss 0.1026 step_s 0.0235 peak_mem_gb 0.409
2026-10-01 22:39:27,745 | DEBUG | step 7435 epoch 5 loss 0.0159 step_s 0.0240 peak_mem_gb 0.409
2026-10-01 22:39:27,766 | DEBUG | step 7436 epoch 5 loss 0.0416 step_s 0.0206 peak_mem_gb 0.409
2026-10-01 22:39:27,791 | DEBUG | step 7437 epoch 5 loss 0.1350 step_s 0.0242 peak_mem_gb 0.409
2026-10-01 22:39:27,818 | DEBUG | step 7438 epoch 5 loss 0.0919 step_s 0.0257 peak_mem_gb 0.409
2026-10-01 22:39:27,841 | DEBUG | step 7439 epoch 5 loss 0.1171 step_s 0.0221 peak_mem_gb 0.409
2026-10-01 22:39:27,867 | DEBUG | step 7440 epoch 5 loss 0.0988 step_s 0.0245 peak_mem_gb 0.409
2026-10-01 22:39:27,892 | DEBUG | step 7441 epoch 5 loss 0.0755 step_s 0.0240 peak_mem_gb 0.409
2026-10-01 22:39:27,919 | DEBUG | step 7442 epoch 5 loss 0.0663 step_s 0.0268 peak_mem_gb 0.409
2026-10-01 22:39:27,946 | DEBUG | step 7443 epoch 5 loss 0.0391 step_s 0.0250 peak_mem_gb 0.409
2026-10-01 22:39:27,972 | DEBUG | step 7444 epoch 5 loss 0.0878 step_s 0.0254 peak_mem_gb 0.409
2026-10-01 22:39:27,999 | DEBUG | step 7445 epoch 5 loss 0.0321 step_s 0.0252 peak_mem_gb 0.409
2026-10-01 22:39:28,025 | DEBUG | step 7446 epoch 5 loss 0.0563 step_s 0.0255 peak_mem_gb 0.409
2026-10-01 22:39:28,051 | DEBUG | step 7447 epoch 5 loss 0.0534 step_s 0.0244 peak_mem_gb 0.409
2026-10-01 22:39:28,077 | DEBUG | step 7448 epoch 5 loss 0.1450 step_s 0.0253 peak_mem_gb 0.409
2026-10-01 22:39:28,102 | DEBUG | step 7449 epoch 5 loss 0.1850 step_s 0.0245 peak_mem_gb 0.409
2026-10-01 22:39:28,128 | DEBUG | step 7450 epoch 5 loss 0.0185 step_s 0.0246 peak_mem_gb 0.409
2026-10-01 22:39:28,155 | DEBUG | step 7451 epoch 5 loss 0.1041 step_s 0.0264 peak_mem_gb 0.409
2026-10-01 22:39:28,180 | DEBUG | step 7452 epoch 5 loss 0.0490 step_s 0.0239 peak_mem_gb 0.409
2026-10-01 22:39:28,204 | DEBUG | step 7453 epoch 5 loss 0.0142 step_s 0.0224 peak_mem_gb 0.409
2026-10-01 22:39:28,228 | DEBUG | step 7454 epoch 5 loss 0.0488 step_s 0.0238 peak_mem_gb 0.409
2026-10-01 22:39:28,253 | DEBUG | step 7455 epoch 5 loss 0.1130 step_s 0.0239 peak_mem_gb 0.409
2026-10-01 22:39:28,277 | DEBUG | step 7456 epoch 5 loss 0.0529 step_s 0.0228 peak_mem_gb 0.409
2026-10-01 22:39:28,302 | DEBUG | step 7457 epoch 5 loss 0.1276 step_s 0.0238 peak_mem_gb 0.409
2026-10-01 22:39:28,326 | DEBUG | step 7458 epoch 5 loss 0.0135 step_s 0.0238 peak_mem_gb 0.409
2026-10-01 22:39:28,351 | DEBUG | step 7459 epoch 5 loss 0.0137 step_s 0.0240 peak_mem_gb 0.409
2026-10-01 22:39:28,370 | DEBUG | step 7460 epoch 5 loss 0.0661 step_s 0.0177 peak_mem_gb 0.409
2026-10-01 22:39:28,394 | DEBUG | step 7461 epoch 5 loss 0.0552 step_s 0.0236 peak_mem_gb 0.409
2026-10-01 22:39:28,419 | DEBUG | step 7462 epoch 5 loss 0.0557 step_s 0.0239 peak_mem_gb 0.409
2026-10-01 22:39:28,442 | DEBUG | step 7463 epoch 5 loss 0.0553 step_s 0.0217 peak_mem_gb 0.409
2026-10-01 22:39:28,466 | DEBUG | step 7464 epoch 5 loss 0.0432 step_s 0.0231 peak_mem_gb 0.409
2026-10-01 22:39:28,487 | DEBUG | step 7465 epoch 5 loss 0.0329 step_s 0.0200 peak_mem_gb 0.409
2026-10-01 22:39:28,513 | DEBUG | step 7466 epoch 5 loss 0.0849 step_s 0.0254 peak_mem_gb 0.409
2026-10-01 22:39:28,538 | DEBUG | step 7467 epoch 5 loss 0.0802 step_s 0.0239 peak_mem_gb 0.409
2026-10-01 22:39:28,563 | DEBUG | step 7468 epoch 5 loss 0.0152 step_s 0.0238 peak_mem_gb 0.409
2026-10-01 22:39:28,587 | DEBUG | step 7469 epoch 5 loss 0.0183 step_s 0.0237 peak_mem_gb 0.409
2026-10-01 22:39:28,611 | DEBUG | step 7470 epoch 5 loss 0.1834 step_s 0.0228 peak_mem_gb 0.409
2026-10-01 22:39:28,636 | DEBUG | step 7471 epoch 5 loss 0.0089 step_s 0.0239 peak_mem_gb 0.409
2026-10-01 22:39:28,662 | DEBUG | step 7472 epoch 5 loss 0.0116 step_s 0.0253 peak_mem_gb 0.409
2026-10-01 22:39:28,686 | DEBUG | step 7473 epoch 5 loss 0.0174 step_s 0.0233 peak_mem_gb 0.409
2026-10-01 22:39:28,711 | DEBUG | step 7474 epoch 5 loss 0.1314 step_s 0.0244 peak_mem_gb 0.409
2026-10-01 22:39:28,736 | DEBUG | step 7475 epoch 5 loss 0.0444 step_s 0.0240 peak_mem_gb 0.409
2026-10-01 22:39:28,759 | DEBUG | step 7476 epoch 5 loss 0.0408 step_s 0.0214 peak_mem_gb 0.409
2026-10-01 22:39:28,782 | DEBUG | step 7477 epoch 5 loss 0.0141 step_s 0.0229 peak_mem_gb 0.409
2026-10-01 22:39:28,808 | DEBUG | step 7478 epoch 5 loss 0.0132 step_s 0.0248 peak_mem_gb 0.409
2026-10-01 22:39:28,835 | DEBUG | step 7479 epoch 5 loss 0.0283 step_s 0.0255 peak_mem_gb 0.409
2026-10-01 22:39:28,860 | DEBUG | step 7480 epoch 5 loss 0.1223 step_s 0.0245 peak_mem_gb 0.409
2026-10-01 22:39:28,884 | DEBUG | step 7481 epoch 5 loss 0.0271 step_s 0.0226 peak_mem_gb 0.409
2026-10-01 22:39:28,911 | DEBUG | step 7482 epoch 5 loss 0.0508 step_s 0.0249 peak_mem_gb 0.409
2026-10-01 22:39:28,937 | DEBUG | step 7483 epoch 5 loss 0.0244 step_s 0.0249 peak_mem_gb 0.409
2026-10-01 22:39:28,958 | DEBUG | step 7484 epoch 5 loss 0.0686 step_s 0.0207 peak_mem_gb 0.409
2026-10-01 22:39:28,982 | DEBUG | step 7485 epoch 5 loss 0.0613 step_s 0.0222 peak_mem_gb 0.409
2026-10-01 22:39:29,006 | DEBUG | step 7486 epoch 5 loss 0.0387 step_s 0.0240 peak_mem_gb 0.409
2026-10-01 22:39:29,031 | DEBUG | step 7487 epoch 5 loss 0.0351 step_s 0.0232 peak_mem_gb 0.409
2026-10-01 22:39:29,054 | DEBUG | step 7488 epoch 5 loss 0.0084 step_s 0.0227 peak_mem_gb 0.409
2026-10-01 22:39:29,079 | DEBUG | step 7489 epoch 5 loss 0.0971 step_s 0.0237 peak_mem_gb 0.409
2026-10-01 22:39:29,105 | DEBUG | step 7490 epoch 5 loss 0.0453 step_s 0.0251 peak_mem_gb 0.409
2026-10-01 22:39:29,132 | DEBUG | step 7491 epoch 5 loss 0.0654 step_s 0.0256 peak_mem_gb 0.409
2026-10-01 22:39:29,154 | DEBUG | step 7492 epoch 5 loss 0.0719 step_s 0.0213 peak_mem_gb 0.409
2026-10-01 22:39:29,176 | DEBUG | step 7493 epoch 5 loss 0.0809 step_s 0.0202 peak_mem_gb 0.409
2026-10-01 22:39:29,203 | DEBUG | step 7494 epoch 5 loss 0.0111 step_s 0.0269 peak_mem_gb 0.409
2026-10-01 22:39:29,229 | DEBUG | step 7495 epoch 5 loss 0.0685 step_s 0.0241 peak_mem_gb 0.409
2026-10-01 22:39:29,253 | DEBUG | step 7496 epoch 5 loss 0.1065 step_s 0.0239 peak_mem_gb 0.409
2026-10-01 22:39:29,278 | DEBUG | step 7497 epoch 5 loss 0.0563 step_s 0.0232 peak_mem_gb 0.409
2026-10-01 22:39:29,302 | DEBUG | step 7498 epoch 5 loss 0.0119 step_s 0.0234 peak_mem_gb 0.409
2026-10-01 22:39:29,326 | DEBUG | step 7499 epoch 5 loss 0.0086 step_s 0.0235 peak_mem_gb 0.409
2026-10-01 22:39:29,352 | DEBUG | step 7500 epoch 5 loss 0.0381 step_s 0.0241 peak_mem_gb 0.409
2026-10-01 22:39:29,376 | DEBUG | step 7501 epoch 5 loss 0.2473 step_s 0.0233 peak_mem_gb 0.409
2026-10-01 22:39:29,400 | DEBUG | step 7502 epoch 5 loss 0.0243 step_s 0.0237 peak_mem_gb 0.409
2026-10-01 22:39:29,420 | DEBUG | step 7503 epoch 5 loss 0.0416 step_s 0.0189 peak_mem_gb 0.409
2026-10-01 22:39:29,445 | DEBUG | step 7504 epoch 5 loss 0.0372 step_s 0.0236 peak_mem_gb 0.409
2026-10-01 22:39:29,470 | DEBUG | step 7505 epoch 5 loss 0.0591 step_s 0.0242 peak_mem_gb 0.409
2026-10-01 22:39:29,491 | DEBUG | step 7506 epoch 5 loss 0.0551 step_s 0.0204 peak_mem_gb 0.409
2026-10-01 22:39:29,515 | DEBUG | step 7507 epoch 5 loss 0.0193 step_s 0.0229 peak_mem_gb 0.409
2026-10-01 22:39:29,542 | DEBUG | step 7508 epoch 5 loss 0.0278 step_s 0.0256 peak_mem_gb 0.409
2026-10-01 22:39:29,567 | DEBUG | step 7509 epoch 5 loss 0.0104 step_s 0.0239 peak_mem_gb 0.409
2026-10-01 22:39:29,591 | DEBUG | step 7510 epoch 5 loss 0.0286 step_s 0.0237 peak_mem_gb 0.409
2026-10-01 22:39:29,615 | DEBUG | step 7511 epoch 5 loss 0.0082 step_s 0.0232 peak_mem_gb 0.409
2026-10-01 22:39:29,639 | DEBUG | step 7512 epoch 5 loss 0.0270 step_s 0.0233 peak_mem_gb 0.409
2026-10-01 22:39:29,664 | DEBUG | step 7513 epoch 5 loss 0.0257 step_s 0.0241 peak_mem_gb 0.409
2026-10-01 22:39:29,684 | DEBUG | step 7514 epoch 5 loss 0.0335 step_s 0.0191 peak_mem_gb 0.409
2026-10-01 22:39:29,710 | DEBUG | step 7515 epoch 5 loss 0.0246 step_s 0.0244 peak_mem_gb 0.409
2026-10-01 22:39:29,734 | DEBUG | step 7516 epoch 5 loss 0.0214 step_s 0.0231 peak_mem_gb 0.409
2026-10-01 22:39:29,757 | DEBUG | step 7517 epoch 5 loss 0.0213 step_s 0.0221 peak_mem_gb 0.409
2026-10-01 22:39:29,781 | DEBUG | step 7518 epoch 5 loss 0.0335 step_s 0.0234 peak_mem_gb 0.409
2026-10-01 22:39:29,803 | DEBUG | step 7519 epoch 5 loss 0.0297 step_s 0.0212 peak_mem_gb 0.409
2026-10-01 22:39:29,827 | DEBUG | step 7520 epoch 5 loss 0.0379 step_s 0.0228 peak_mem_gb 0.409
2026-10-01 22:39:29,850 | DEBUG | step 7521 epoch 5 loss 0.0239 step_s 0.0218 peak_mem_gb 0.409
2026-10-01 22:39:29,875 | DEBUG | step 7522 epoch 5 loss 0.0097 step_s 0.0244 peak_mem_gb 0.409
2026-10-01 22:39:29,900 | DEBUG | step 7523 epoch 5 loss 0.0303 step_s 0.0245 peak_mem_gb 0.409
2026-10-01 22:39:29,920 | DEBUG | step 7524 epoch 5 loss 0.0367 step_s 0.0187 peak_mem_gb 0.409
2026-10-01 22:39:29,942 | DEBUG | step 7525 epoch 5 loss 0.0133 step_s 0.0213 peak_mem_gb 0.409
2026-10-01 22:39:29,968 | DEBUG | step 7526 epoch 5 loss 0.2030 step_s 0.0243 peak_mem_gb 0.409
2026-10-01 22:39:29,993 | DEBUG | step 7527 epoch 5 loss 0.0605 step_s 0.0242 peak_mem_gb 0.409
2026-10-01 22:39:30,017 | DEBUG | step 7528 epoch 5 loss 0.0914 step_s 0.0238 peak_mem_gb 0.409
2026-10-01 22:39:30,036 | DEBUG | step 7529 epoch 5 loss 0.0695 step_s 0.0173 peak_mem_gb 0.409
2026-10-01 22:39:30,059 | DEBUG | step 7530 epoch 5 loss 0.0454 step_s 0.0227 peak_mem_gb 0.409
2026-10-01 22:39:30,084 | DEBUG | step 7531 epoch 5 loss 0.0830 step_s 0.0240 peak_mem_gb 0.409
2026-10-01 22:39:30,110 | DEBUG | step 7532 epoch 5 loss 0.0555 step_s 0.0247 peak_mem_gb 0.409
2026-10-01 22:39:30,134 | DEBUG | step 7533 epoch 5 loss 0.0384 step_s 0.0234 peak_mem_gb 0.409
2026-10-01 22:39:30,158 | DEBUG | step 7534 epoch 5 loss 0.0182 step_s 0.0233 peak_mem_gb 0.409
2026-10-01 22:39:30,183 | DEBUG | step 7535 epoch 5 loss 0.0398 step_s 0.0241 peak_mem_gb 0.409
2026-10-01 22:39:30,210 | DEBUG | step 7536 epoch 5 loss 0.1094 step_s 0.0254 peak_mem_gb 0.409
2026-10-01 22:39:30,239 | DEBUG | step 7537 epoch 5 loss 0.0362 step_s 0.0282 peak_mem_gb 0.409
2026-10-01 22:39:30,264 | DEBUG | step 7538 epoch 5 loss 0.0248 step_s 0.0234 peak_mem_gb 0.409
2026-10-01 22:39:30,289 | DEBUG | step 7539 epoch 5 loss 0.0801 step_s 0.0240 peak_mem_gb 0.409
2026-10-01 22:39:30,314 | DEBUG | step 7540 epoch 5 loss 0.0949 step_s 0.0242 peak_mem_gb 0.409
2026-10-01 22:39:30,333 | DEBUG | step 7541 epoch 5 loss 0.0301 step_s 0.0172 peak_mem_gb 0.409
2026-10-01 22:39:30,358 | DEBUG | step 7542 epoch 5 loss 0.0324 step_s 0.0245 peak_mem_gb 0.409
2026-10-01 22:39:30,384 | DEBUG | step 7543 epoch 5 loss 0.0306 step_s 0.0249 peak_mem_gb 0.409
2026-10-01 22:39:30,410 | DEBUG | step 7544 epoch 5 loss 0.0987 step_s 0.0254 peak_mem_gb 0.409
2026-10-01 22:39:30,434 | DEBUG | step 7545 epoch 5 loss 0.1257 step_s 0.0232 peak_mem_gb 0.409
2026-10-01 22:39:30,458 | DEBUG | step 7546 epoch 5 loss 0.0468 step_s 0.0229 peak_mem_gb 0.409
2026-10-01 22:39:30,483 | DEBUG | step 7547 epoch 5 loss 0.1156 step_s 0.0238 peak_mem_gb 0.409
2026-10-01 22:39:30,506 | DEBUG | step 7548 epoch 5 loss 0.0635 step_s 0.0224 peak_mem_gb 0.409
2026-10-01 22:39:30,533 | DEBUG | step 7549 epoch 5 loss 0.0588 step_s 0.0256 peak_mem_gb 0.409
2026-10-01 22:39:30,558 | DEBUG | step 7550 epoch 5 loss 0.1170 step_s 0.0240 peak_mem_gb 0.409
2026-10-01 22:39:30,585 | DEBUG | step 7551 epoch 5 loss 0.0446 step_s 0.0266 peak_mem_gb 0.409
2026-10-01 22:39:30,611 | DEBUG | step 7552 epoch 5 loss 0.0280 step_s 0.0245 peak_mem_gb 0.409
2026-10-01 22:39:30,636 | DEBUG | step 7553 epoch 5 loss 0.1586 step_s 0.0239 peak_mem_gb 0.409
2026-10-01 22:39:30,659 | DEBUG | step 7554 epoch 5 loss 0.0626 step_s 0.0228 peak_mem_gb 0.409
2026-10-01 22:39:30,684 | DEBUG | step 7555 epoch 5 loss 0.0242 step_s 0.0236 peak_mem_gb 0.409
2026-10-01 22:39:30,709 | DEBUG | step 7556 epoch 5 loss 0.0492 step_s 0.0241 peak_mem_gb 0.409
2026-10-01 22:39:30,733 | DEBUG | step 7557 epoch 5 loss 0.0525 step_s 0.0233 peak_mem_gb 0.409
2026-10-01 22:39:30,759 | DEBUG | step 7558 epoch 5 loss 0.2178 step_s 0.0247 peak_mem_gb 0.409
2026-10-01 22:39:30,780 | DEBUG | step 7559 epoch 5 loss 0.1374 step_s 0.0206 peak_mem_gb 0.409
2026-10-01 22:39:30,805 | DEBUG | step 7560 epoch 5 loss 0.0315 step_s 0.0235 peak_mem_gb 0.409
2026-10-01 22:39:30,826 | DEBUG | step 7561 epoch 5 loss 0.0930 step_s 0.0200 peak_mem_gb 0.409
2026-10-01 22:39:30,851 | DEBUG | step 7562 epoch 5 loss 0.0759 step_s 0.0242 peak_mem_gb 0.409
2026-10-01 22:39:30,876 | DEBUG | step 7563 epoch 5 loss 0.0438 step_s 0.0242 peak_mem_gb 0.409
2026-10-01 22:39:30,901 | DEBUG | step 7564 epoch 5 loss 0.0678 step_s 0.0239 peak_mem_gb 0.409
2026-10-01 22:39:30,924 | DEBUG | step 7565 epoch 5 loss 0.0212 step_s 0.0221 peak_mem_gb 0.409
2026-10-01 22:39:30,949 | DEBUG | step 7566 epoch 5 loss 0.0300 step_s 0.0239 peak_mem_gb 0.409
2026-10-01 22:39:30,970 | DEBUG | step 7567 epoch 5 loss 0.1402 step_s 0.0199 peak_mem_gb 0.409
2026-10-01 22:39:30,994 | DEBUG | step 7568 epoch 5 loss 0.0437 step_s 0.0230 peak_mem_gb 0.409
2026-10-01 22:39:31,020 | DEBUG | step 7569 epoch 5 loss 0.0262 step_s 0.0255 peak_mem_gb 0.409
2026-10-01 22:39:31,046 | DEBUG | step 7570 epoch 5 loss 0.1531 step_s 0.0245 peak_mem_gb 0.409
2026-10-01 22:39:31,071 | DEBUG | step 7571 epoch 5 loss 0.0419 step_s 0.0236 peak_mem_gb 0.409
2026-10-01 22:39:31,102 | DEBUG | step 7572 epoch 5 loss 0.0538 step_s 0.0300 peak_mem_gb 0.409
2026-10-01 22:39:31,128 | DEBUG | step 7573 epoch 5 loss 0.0484 step_s 0.0252 peak_mem_gb 0.409
2026-10-01 22:39:31,153 | DEBUG | step 7574 epoch 5 loss 0.0347 step_s 0.0240 peak_mem_gb 0.409
2026-10-01 22:39:31,180 | DEBUG | step 7575 epoch 5 loss 0.1387 step_s 0.0255 peak_mem_gb 0.409
2026-10-01 22:39:31,207 | DEBUG | step 7576 epoch 5 loss 0.0303 step_s 0.0257 peak_mem_gb 0.409
2026-10-01 22:39:31,232 | DEBUG | step 7577 epoch 5 loss 0.0613 step_s 0.0235 peak_mem_gb 0.409
2026-10-01 22:39:31,257 | DEBUG | step 7578 epoch 5 loss 0.1260 step_s 0.0240 peak_mem_gb 0.409
2026-10-01 22:39:31,285 | DEBUG | step 7579 epoch 5 loss 0.0627 step_s 0.0270 peak_mem_gb 0.409
2026-10-01 22:39:31,309 | DEBUG | step 7580 epoch 5 loss 0.0519 step_s 0.0237 peak_mem_gb 0.409
2026-10-01 22:39:31,334 | DEBUG | step 7581 epoch 5 loss 0.0665 step_s 0.0235 peak_mem_gb 0.409
2026-10-01 22:39:31,357 | DEBUG | step 7582 epoch 5 loss 0.0506 step_s 0.0220 peak_mem_gb 0.409
2026-10-01 22:39:31,382 | DEBUG | step 7583 epoch 5 loss 0.0497 step_s 0.0242 peak_mem_gb 0.409
2026-10-01 22:39:31,403 | DEBUG | step 7584 epoch 5 loss 0.0650 step_s 0.0199 peak_mem_gb 0.409
2026-10-01 22:39:31,428 | DEBUG | step 7585 epoch 5 loss 0.1110 step_s 0.0240 peak_mem_gb 0.409
2026-10-01 22:39:31,454 | DEBUG | step 7586 epoch 5 loss 0.0377 step_s 0.0256 peak_mem_gb 0.409
2026-10-01 22:39:31,479 | DEBUG | step 7587 epoch 5 loss 0.0398 step_s 0.0234 peak_mem_gb 0.409
2026-10-01 22:39:31,504 | DEBUG | step 7588 epoch 5 loss 0.0329 step_s 0.0241 peak_mem_gb 0.409
2026-10-01 22:39:31,523 | DEBUG | step 7589 epoch 5 loss 0.0553 step_s 0.0183 peak_mem_gb 0.409
2026-10-01 22:39:31,547 | DEBUG | step 7590 epoch 5 loss 0.0251 step_s 0.0233 peak_mem_gb 0.409
2026-10-01 22:39:31,571 | DEBUG | step 7591 epoch 5 loss 0.0199 step_s 0.0234 peak_mem_gb 0.409
2026-10-01 22:39:31,596 | DEBUG | step 7592 epoch 5 loss 0.0216 step_s 0.0233 peak_mem_gb 0.409
2026-10-01 22:39:31,623 | DEBUG | step 7593 epoch 5 loss 0.0779 step_s 0.0261 peak_mem_gb 0.409
2026-10-01 22:39:31,647 | DEBUG | step 7594 epoch 5 loss 0.0480 step_s 0.0232 peak_mem_gb 0.409
2026-10-01 22:39:31,671 | DEBUG | step 7595 epoch 5 loss 0.0720 step_s 0.0234 peak_mem_gb 0.409
2026-10-01 22:39:31,696 | DEBUG | step 7596 epoch 5 loss 0.0158 step_s 0.0237 peak_mem_gb 0.409
2026-10-01 22:39:31,720 | DEBUG | step 7597 epoch 5 loss 0.1320 step_s 0.0235 peak_mem_gb 0.409
2026-10-01 22:39:31,745 | DEBUG | step 7598 epoch 5 loss 0.0363 step_s 0.0241 peak_mem_gb 0.409
2026-10-01 22:39:31,770 | DEBUG | step 7599 epoch 5 loss 0.0565 step_s 0.0238 peak_mem_gb 0.409
2026-10-01 22:39:31,797 | INFO | step 7600 epoch 5 loss 0.0810 step_s 0.0258 peak_mem_gb 0.409
2026-10-01 22:39:31,824 | DEBUG | step 7601 epoch 5 loss 0.0886 step_s 0.0253 peak_mem_gb 0.409
2026-10-01 22:39:31,849 | DEBUG | step 7602 epoch 5 loss 0.1119 step_s 0.0240 peak_mem_gb 0.409
2026-10-01 22:39:31,875 | DEBUG | step 7603 epoch 5 loss 0.0172 step_s 0.0248 peak_mem_gb 0.409
2026-10-01 22:39:31,901 | DEBUG | step 7604 epoch 5 loss 0.0685 step_s 0.0250 peak_mem_gb 0.409
2026-10-01 22:39:31,926 | DEBUG | step 7605 epoch 5 loss 0.0432 step_s 0.0236 peak_mem_gb 0.409
2026-10-01 22:39:31,952 | DEBUG | step 7606 epoch 5 loss 0.1191 step_s 0.0246 peak_mem_gb 0.409
2026-10-01 22:39:31,978 | DEBUG | step 7607 epoch 5 loss 0.0291 step_s 0.0258 peak_mem_gb 0.409
2026-10-01 22:39:32,003 | DEBUG | step 7608 epoch 5 loss 0.0353 step_s 0.0237 peak_mem_gb 0.409
2026-10-01 22:39:32,024 | DEBUG | step 7609 epoch 5 loss 0.0747 step_s 0.0199 peak_mem_gb 0.409
2026-10-01 22:39:32,048 | DEBUG | step 7610 epoch 5 loss 0.1139 step_s 0.0228 peak_mem_gb 0.409
2026-10-01 22:39:32,072 | DEBUG | step 7611 epoch 5 loss 0.1474 step_s 0.0237 peak_mem_gb 0.409
2026-10-01 22:39:32,097 | DEBUG | step 7612 epoch 5 loss 0.0574 step_s 0.0241 peak_mem_gb 0.409
2026-10-01 22:39:32,122 | DEBUG | step 7613 epoch 5 loss 0.0467 step_s 0.0238 peak_mem_gb 0.409
2026-10-01 22:39:32,142 | DEBUG | step 7614 epoch 5 loss 0.1282 step_s 0.0192 peak_mem_gb 0.409
2026-10-01 22:39:32,166 | DEBUG | step 7615 epoch 5 loss 0.0818 step_s 0.0233 peak_mem_gb 0.409
2026-10-01 22:39:32,188 | DEBUG | step 7616 epoch 5 loss 0.0432 step_s 0.0208 peak_mem_gb 0.409
2026-10-01 22:39:32,214 | DEBUG | step 7617 epoch 5 loss 0.0927 step_s 0.0248 peak_mem_gb 0.409
2026-10-01 22:39:32,236 | DEBUG | step 7618 epoch 5 loss 0.0416 step_s 0.0212 peak_mem_gb 0.409
2026-10-01 22:39:32,261 | DEBUG | step 7619 epoch 5 loss 0.1491 step_s 0.0240 peak_mem_gb 0.409
2026-10-01 22:39:32,285 | DEBUG | step 7620 epoch 5 loss 0.0740 step_s 0.0234 peak_mem_gb 0.409
2026-10-01 22:39:32,312 | DEBUG | step 7621 epoch 5 loss 0.1408 step_s 0.0255 peak_mem_gb 0.409
2026-10-01 22:39:32,336 | DEBUG | step 7622 epoch 5 loss 0.0884 step_s 0.0237 peak_mem_gb 0.409
2026-10-01 22:39:32,357 | DEBUG | step 7623 epoch 5 loss 0.0204 step_s 0.0202 peak_mem_gb 0.409
2026-10-01 22:39:32,382 | DEBUG | step 7624 epoch 5 loss 0.0540 step_s 0.0237 peak_mem_gb 0.409
2026-10-01 22:39:32,406 | DEBUG | step 7625 epoch 5 loss 0.0246 step_s 0.0232 peak_mem_gb 0.409
2026-10-01 22:39:32,429 | DEBUG | step 7626 epoch 5 loss 0.0239 step_s 0.0227 peak_mem_gb 0.409
2026-10-01 22:39:32,454 | DEBUG | step 7627 epoch 5 loss 0.0286 step_s 0.0235 peak_mem_gb 0.409
2026-10-01 22:39:32,478 | DEBUG | step 7628 epoch 5 loss 0.0747 step_s 0.0231 peak_mem_gb 0.409
2026-10-01 22:39:32,503 | DEBUG | step 7629 epoch 5 loss 0.0783 step_s 0.0241 peak_mem_gb 0.409
2026-10-01 22:39:32,527 | DEBUG | step 7630 epoch 5 loss 0.0178 step_s 0.0234 peak_mem_gb 0.409
2026-10-01 22:39:32,553 | DEBUG | step 7631 epoch 5 loss 0.0222 step_s 0.0248 peak_mem_gb 0.409
2026-10-01 22:39:32,578 | DEBUG | step 7632 epoch 5 loss 0.0329 step_s 0.0245 peak_mem_gb 0.409
2026-10-01 22:39:32,604 | DEBUG | step 7633 epoch 5 loss 0.0509 step_s 0.0243 peak_mem_gb 0.409
2026-10-01 22:39:32,630 | DEBUG | step 7634 epoch 5 loss 0.0087 step_s 0.0256 peak_mem_gb 0.409
2026-10-01 22:39:32,656 | DEBUG | step 7635 epoch 5 loss 0.0708 step_s 0.0261 peak_mem_gb 0.409
2026-10-01 22:39:32,686 | DEBUG | step 7636 epoch 5 loss 0.0343 step_s 0.0282 peak_mem_gb 0.409
2026-10-01 22:39:32,709 | DEBUG | step 7637 epoch 5 loss 0.0750 step_s 0.0228 peak_mem_gb 0.409
2026-10-01 22:39:32,736 | DEBUG | step 7638 epoch 5 loss 0.0417 step_s 0.0252 peak_mem_gb 0.409
2026-10-01 22:39:32,765 | DEBUG | step 7639 epoch 5 loss 0.0686 step_s 0.0277 peak_mem_gb 0.409
2026-10-01 22:39:32,791 | DEBUG | step 7640 epoch 5 loss 0.0404 step_s 0.0253 peak_mem_gb 0.409
2026-10-01 22:39:32,817 | DEBUG | step 7641 epoch 5 loss 0.0752 step_s 0.0245 peak_mem_gb 0.409
2026-10-01 22:39:32,844 | DEBUG | step 7642 epoch 5 loss 0.1357 step_s 0.0259 peak_mem_gb 0.409
2026-10-01 22:39:32,868 | DEBUG | step 7643 epoch 5 loss 0.0558 step_s 0.0234 peak_mem_gb 0.409
2026-10-01 22:39:32,890 | DEBUG | step 7644 epoch 5 loss 0.0389 step_s 0.0210 peak_mem_gb 0.409
2026-10-01 22:39:32,909 | DEBUG | step 7645 epoch 5 loss 0.0697 step_s 0.0185 peak_mem_gb 0.409
2026-10-01 22:39:32,934 | DEBUG | step 7646 epoch 5 loss 0.0294 step_s 0.0245 peak_mem_gb 0.409
2026-10-01 22:39:32,959 | DEBUG | step 7647 epoch 5 loss 0.0144 step_s 0.0241 peak_mem_gb 0.409
2026-10-01 22:39:32,985 | DEBUG | step 7648 epoch 5 loss 0.1012 step_s 0.0250 peak_mem_gb 0.409
2026-10-01 22:39:33,010 | DEBUG | step 7649 epoch 5 loss 0.0796 step_s 0.0234 peak_mem_gb 0.409
2026-10-01 22:39:33,035 | DEBUG | step 7650 epoch 5 loss 0.1395 step_s 0.0237 peak_mem_gb 0.409
2026-10-01 22:39:33,061 | DEBUG | step 7651 epoch 5 loss 0.0141 step_s 0.0248 peak_mem_gb 0.409
2026-10-01 22:39:33,087 | DEBUG | step 7652 epoch 5 loss 0.1641 step_s 0.0253 peak_mem_gb 0.409
2026-10-01 22:39:33,114 | DEBUG | step 7653 epoch 5 loss 0.0586 step_s 0.0259 peak_mem_gb 0.409
2026-10-01 22:39:33,141 | DEBUG | step 7654 epoch 5 loss 0.0512 step_s 0.0252 peak_mem_gb 0.409
2026-10-01 22:39:33,165 | DEBUG | step 7655 epoch 5 loss 0.0425 step_s 0.0237 peak_mem_gb 0.409
2026-10-01 22:39:33,192 | DEBUG | step 7656 epoch 5 loss 0.0460 step_s 0.0260 peak_mem_gb 0.409
2026-10-01 22:39:33,221 | DEBUG | step 7657 epoch 5 loss 0.1496 step_s 0.0257 peak_mem_gb 0.409
2026-10-01 22:39:33,247 | DEBUG | step 7658 epoch 5 loss 0.0489 step_s 0.0245 peak_mem_gb 0.409
2026-10-01 22:39:33,265 | DEBUG | step 7659 epoch 5 loss 0.1518 step_s 0.0175 peak_mem_gb 0.409
2026-10-01 22:39:33,290 | DEBUG | step 7660 epoch 5 loss 0.1097 step_s 0.0235 peak_mem_gb 0.409
2026-10-01 22:39:33,314 | DEBUG | step 7661 epoch 5 loss 0.0472 step_s 0.0231 peak_mem_gb 0.409
2026-10-01 22:39:33,339 | DEBUG | step 7662 epoch 5 loss 0.0121 step_s 0.0242 peak_mem_gb 0.409
2026-10-01 22:39:33,364 | DEBUG | step 7663 epoch 5 loss 0.1012 step_s 0.0243 peak_mem_gb 0.409
2026-10-01 22:39:33,389 | DEBUG | step 7664 epoch 5 loss 0.0545 step_s 0.0244 peak_mem_gb 0.409
2026-10-01 22:39:33,414 | DEBUG | step 7665 epoch 5 loss 0.0164 step_s 0.0236 peak_mem_gb 0.409
2026-10-01 22:39:33,439 | DEBUG | step 7666 epoch 5 loss 0.0334 step_s 0.0237 peak_mem_gb 0.409
2026-10-01 22:39:33,463 | DEBUG | step 7667 epoch 5 loss 0.0679 step_s 0.0231 peak_mem_gb 0.409
2026-10-01 22:39:33,488 | DEBUG | step 7668 epoch 5 loss 0.1288 step_s 0.0244 peak_mem_gb 0.409
2026-10-01 22:39:33,513 | DEBUG | step 7669 epoch 5 loss 0.0482 step_s 0.0244 peak_mem_gb 0.409
2026-10-01 22:39:33,539 | DEBUG | step 7670 epoch 5 loss 0.1078 step_s 0.0245 peak_mem_gb 0.409
2026-10-01 22:39:33,564 | DEBUG | step 7671 epoch 5 loss 0.1266 step_s 0.0238 peak_mem_gb 0.409
2026-10-01 22:39:33,589 | DEBUG | step 7672 epoch 5 loss 0.0582 step_s 0.0242 peak_mem_gb 0.409
2026-10-01 22:39:33,613 | DEBUG | step 7673 epoch 5 loss 0.0314 step_s 0.0236 peak_mem_gb 0.409
2026-10-01 22:39:33,638 | DEBUG | step 7674 epoch 5 loss 0.0118 step_s 0.0237 peak_mem_gb 0.409
2026-10-01 22:39:33,663 | DEBUG | step 7675 epoch 5 loss 0.0757 step_s 0.0239 peak_mem_gb 0.409
2026-10-01 22:39:33,688 | DEBUG | step 7676 epoch 5 loss 0.1291 step_s 0.0239 peak_mem_gb 0.409
2026-10-01 22:39:33,711 | DEBUG | step 7677 epoch 5 loss 0.0278 step_s 0.0217 peak_mem_gb 0.409
2026-10-01 22:39:33,735 | DEBUG | step 7678 epoch 5 loss 0.0600 step_s 0.0233 peak_mem_gb 0.409
2026-10-01 22:39:33,759 | DEBUG | step 7679 epoch 5 loss 0.0434 step_s 0.0236 peak_mem_gb 0.409
2026-10-01 22:39:33,782 | DEBUG | step 7680 epoch 5 loss 0.0967 step_s 0.0218 peak_mem_gb 0.409
2026-10-01 22:39:33,807 | DEBUG | step 7681 epoch 5 loss 0.0974 step_s 0.0242 peak_mem_gb 0.409
2026-10-01 22:39:33,829 | DEBUG | step 7682 epoch 5 loss 0.0739 step_s 0.0215 peak_mem_gb 0.409
2026-10-01 22:39:33,851 | DEBUG | step 7683 epoch 5 loss 0.0059 step_s 0.0205 peak_mem_gb 0.409
2026-10-01 22:39:33,876 | DEBUG | step 7684 epoch 5 loss 0.0481 step_s 0.0241 peak_mem_gb 0.409
2026-10-01 22:39:33,902 | DEBUG | step 7685 epoch 5 loss 0.0397 step_s 0.0255 peak_mem_gb 0.409
2026-10-01 22:39:33,927 | DEBUG | step 7686 epoch 5 loss 0.1187 step_s 0.0240 peak_mem_gb 0.409
2026-10-01 22:39:33,949 | DEBUG | step 7687 epoch 5 loss 0.0449 step_s 0.0207 peak_mem_gb 0.409
2026-10-01 22:39:33,974 | DEBUG | step 7688 epoch 5 loss 0.1148 step_s 0.0241 peak_mem_gb 0.409
2026-10-01 22:39:33,998 | DEBUG | step 7689 epoch 5 loss 0.0254 step_s 0.0237 peak_mem_gb 0.409
2026-10-01 22:39:34,023 | DEBUG | step 7690 epoch 5 loss 0.0885 step_s 0.0240 peak_mem_gb 0.409
2026-10-01 22:39:34,050 | DEBUG | step 7691 epoch 5 loss 0.0201 step_s 0.0257 peak_mem_gb 0.409
2026-10-01 22:39:34,071 | DEBUG | step 7692 epoch 5 loss 0.0241 step_s 0.0195 peak_mem_gb 0.409
2026-10-01 22:39:34,093 | DEBUG | step 7693 epoch 5 loss 0.0902 step_s 0.0216 peak_mem_gb 0.409
2026-10-01 22:39:34,112 | DEBUG | step 7694 epoch 5 loss 0.1127 step_s 0.0185 peak_mem_gb 0.409
2026-10-01 22:39:34,138 | DEBUG | step 7695 epoch 5 loss 0.0189 step_s 0.0242 peak_mem_gb 0.409
2026-10-01 22:39:34,159 | DEBUG | step 7696 epoch 5 loss 0.0412 step_s 0.0205 peak_mem_gb 0.409
2026-10-01 22:39:34,183 | DEBUG | step 7697 epoch 5 loss 0.0338 step_s 0.0235 peak_mem_gb 0.409
2026-10-01 22:39:34,205 | DEBUG | step 7698 epoch 5 loss 0.0911 step_s 0.0209 peak_mem_gb 0.409
2026-10-01 22:39:34,231 | DEBUG | step 7699 epoch 5 loss 0.0048 step_s 0.0250 peak_mem_gb 0.409
2026-10-01 22:39:34,251 | DEBUG | step 7700 epoch 5 loss 0.1239 step_s 0.0193 peak_mem_gb 0.409
2026-10-01 22:39:34,272 | DEBUG | step 7701 epoch 5 loss 0.0255 step_s 0.0197 peak_mem_gb 0.409
2026-10-01 22:39:34,295 | DEBUG | step 7702 epoch 5 loss 0.0441 step_s 0.0218 peak_mem_gb 0.409
2026-10-01 22:39:34,317 | DEBUG | step 7703 epoch 5 loss 0.0960 step_s 0.0216 peak_mem_gb 0.409
2026-10-01 22:39:34,341 | DEBUG | step 7704 epoch 5 loss 0.0426 step_s 0.0234 peak_mem_gb 0.409
2026-10-01 22:39:34,359 | DEBUG | step 7705 epoch 5 loss 0.0380 step_s 0.0164 peak_mem_gb 0.409
2026-10-01 22:39:34,383 | DEBUG | step 7706 epoch 5 loss 0.0348 step_s 0.0233 peak_mem_gb 0.409
2026-10-01 22:39:34,408 | DEBUG | step 7707 epoch 5 loss 0.0368 step_s 0.0246 peak_mem_gb 0.409
2026-10-01 22:39:34,433 | DEBUG | step 7708 epoch 5 loss 0.0118 step_s 0.0236 peak_mem_gb 0.409
2026-10-01 22:39:34,457 | DEBUG | step 7709 epoch 5 loss 0.0548 step_s 0.0236 peak_mem_gb 0.409
2026-10-01 22:39:34,481 | DEBUG | step 7710 epoch 5 loss 0.1069 step_s 0.0230 peak_mem_gb 0.409
2026-10-01 22:39:34,507 | DEBUG | step 7711 epoch 5 loss 0.0227 step_s 0.0242 peak_mem_gb 0.409
2026-10-01 22:39:34,532 | DEBUG | step 7712 epoch 5 loss 0.0747 step_s 0.0246 peak_mem_gb 0.409
2026-10-01 22:39:34,557 | DEBUG | step 7713 epoch 5 loss 0.0418 step_s 0.0243 peak_mem_gb 0.409
2026-10-01 22:39:34,581 | DEBUG | step 7714 epoch 5 loss 0.1042 step_s 0.0226 peak_mem_gb 0.409
2026-10-01 22:39:34,606 | DEBUG | step 7715 epoch 5 loss 0.0353 step_s 0.0241 peak_mem_gb 0.409
2026-10-01 22:39:34,631 | DEBUG | step 7716 epoch 5 loss 0.0697 step_s 0.0238 peak_mem_gb 0.409
2026-10-01 22:39:34,656 | DEBUG | step 7717 epoch 5 loss 0.0982 step_s 0.0241 peak_mem_gb 0.409
2026-10-01 22:39:34,678 | DEBUG | step 7718 epoch 5 loss 0.1540 step_s 0.0217 peak_mem_gb 0.409
2026-10-01 22:39:34,697 | DEBUG | step 7719 epoch 5 loss 0.0070 step_s 0.0178 peak_mem_gb 0.409
2026-10-01 22:39:34,722 | DEBUG | step 7720 epoch 5 loss 0.0538 step_s 0.0243 peak_mem_gb 0.409
2026-10-01 22:39:34,749 | DEBUG | step 7721 epoch 5 loss 0.0416 step_s 0.0263 peak_mem_gb 0.409
2026-10-01 22:39:34,770 | DEBUG | step 7722 epoch 5 loss 0.0201 step_s 0.0200 peak_mem_gb 0.409
2026-10-01 22:39:34,793 | DEBUG | step 7723 epoch 5 loss 0.1530 step_s 0.0212 peak_mem_gb 0.409
2026-10-01 22:39:34,817 | DEBUG | step 7724 epoch 5 loss 0.0332 step_s 0.0240 peak_mem_gb 0.409
2026-10-01 22:39:34,843 | DEBUG | step 7725 epoch 5 loss 0.0915 step_s 0.0243 peak_mem_gb 0.409
2026-10-01 22:39:34,868 | DEBUG | step 7726 epoch 5 loss 0.0353 step_s 0.0242 peak_mem_gb 0.409
2026-10-01 22:39:34,892 | DEBUG | step 7727 epoch 5 loss 0.0377 step_s 0.0234 peak_mem_gb 0.409
2026-10-01 22:39:34,919 | DEBUG | step 7728 epoch 5 loss 0.0692 step_s 0.0257 peak_mem_gb 0.409
2026-10-01 22:39:34,941 | DEBUG | step 7729 epoch 5 loss 0.0344 step_s 0.0211 peak_mem_gb 0.409
2026-10-01 22:39:34,966 | DEBUG | step 7730 epoch 5 loss 0.0219 step_s 0.0237 peak_mem_gb 0.409
2026-10-01 22:39:34,990 | DEBUG | step 7731 epoch 5 loss 0.0792 step_s 0.0232 peak_mem_gb 0.409
2026-10-01 22:39:35,012 | DEBUG | step 7732 epoch 5 loss 0.1075 step_s 0.0208 peak_mem_gb 0.409
2026-10-01 22:39:35,037 | DEBUG | step 7733 epoch 5 loss 0.0429 step_s 0.0248 peak_mem_gb 0.409
2026-10-01 22:39:35,063 | DEBUG | step 7734 epoch 5 loss 0.0511 step_s 0.0244 peak_mem_gb 0.409
2026-10-01 22:39:35,087 | DEBUG | step 7735 epoch 5 loss 0.1571 step_s 0.0232 peak_mem_gb 0.409
2026-10-01 22:39:35,112 | DEBUG | step 7736 epoch 5 loss 0.0347 step_s 0.0238 peak_mem_gb 0.409
2026-10-01 22:39:35,135 | DEBUG | step 7737 epoch 5 loss 0.1273 step_s 0.0221 peak_mem_gb 0.409
2026-10-01 22:39:35,160 | DEBUG | step 7738 epoch 5 loss 0.0204 step_s 0.0233 peak_mem_gb 0.409
2026-10-01 22:39:35,186 | DEBUG | step 7739 epoch 5 loss 0.1328 step_s 0.0251 peak_mem_gb 0.409
2026-10-01 22:39:35,211 | DEBUG | step 7740 epoch 5 loss 0.0102 step_s 0.0246 peak_mem_gb 0.409
2026-10-01 22:39:35,239 | DEBUG | step 7741 epoch 5 loss 0.0327 step_s 0.0259 peak_mem_gb 0.409
2026-10-01 22:39:35,265 | DEBUG | step 7742 epoch 5 loss 0.0700 step_s 0.0252 peak_mem_gb 0.409
2026-10-01 22:39:35,288 | DEBUG | step 7743 epoch 5 loss 0.1640 step_s 0.0225 peak_mem_gb 0.409
2026-10-01 22:39:35,313 | DEBUG | step 7744 epoch 5 loss 0.0885 step_s 0.0234 peak_mem_gb 0.409
2026-10-01 22:39:35,337 | DEBUG | step 7745 epoch 5 loss 0.0575 step_s 0.0237 peak_mem_gb 0.409
2026-10-01 22:39:35,357 | DEBUG | step 7746 epoch 5 loss 0.0448 step_s 0.0188 peak_mem_gb 0.409
2026-10-01 22:39:35,382 | DEBUG | step 7747 epoch 5 loss 0.0889 step_s 0.0235 peak_mem_gb 0.409
2026-10-01 22:39:35,407 | DEBUG | step 7748 epoch 5 loss 0.1218 step_s 0.0236 peak_mem_gb 0.409
2026-10-01 22:39:35,430 | DEBUG | step 7749 epoch 5 loss 0.0182 step_s 0.0220 peak_mem_gb 0.409
2026-10-01 22:39:35,457 | DEBUG | step 7750 epoch 5 loss 0.0534 step_s 0.0261 peak_mem_gb 0.409
2026-10-01 22:39:35,480 | DEBUG | step 7751 epoch 5 loss 0.1416 step_s 0.0221 peak_mem_gb 0.409
2026-10-01 22:39:35,504 | DEBUG | step 7752 epoch 5 loss 0.0479 step_s 0.0231 peak_mem_gb 0.409
2026-10-01 22:39:35,528 | DEBUG | step 7753 epoch 5 loss 0.0749 step_s 0.0239 peak_mem_gb 0.409
2026-10-01 22:39:35,553 | DEBUG | step 7754 epoch 5 loss 0.0911 step_s 0.0233 peak_mem_gb 0.409
2026-10-01 22:39:35,578 | DEBUG | step 7755 epoch 5 loss 0.1086 step_s 0.0242 peak_mem_gb 0.409
2026-10-01 22:39:35,603 | DEBUG | step 7756 epoch 5 loss 0.0513 step_s 0.0239 peak_mem_gb 0.409
2026-10-01 22:39:35,628 | DEBUG | step 7757 epoch 5 loss 0.1260 step_s 0.0245 peak_mem_gb 0.409
2026-10-01 22:39:35,653 | DEBUG | step 7758 epoch 5 loss 0.0782 step_s 0.0241 peak_mem_gb 0.409
2026-10-01 22:39:35,678 | DEBUG | step 7759 epoch 5 loss 0.0293 step_s 0.0239 peak_mem_gb 0.409
2026-10-01 22:39:35,702 | DEBUG | step 7760 epoch 5 loss 0.0619 step_s 0.0229 peak_mem_gb 0.409
2026-10-01 22:39:35,721 | DEBUG | step 7761 epoch 5 loss 0.0423 step_s 0.0185 peak_mem_gb 0.409
2026-10-01 22:39:35,746 | DEBUG | step 7762 epoch 5 loss 0.0384 step_s 0.0236 peak_mem_gb 0.409
2026-10-01 22:39:35,770 | DEBUG | step 7763 epoch 5 loss 0.0824 step_s 0.0237 peak_mem_gb 0.409
2026-10-01 22:39:35,797 | DEBUG | step 7764 epoch 5 loss 0.0255 step_s 0.0255 peak_mem_gb 0.409
2026-10-01 22:39:35,822 | DEBUG | step 7765 epoch 5 loss 0.0743 step_s 0.0246 peak_mem_gb 0.409
2026-10-01 22:39:35,854 | DEBUG | step 7766 epoch 5 loss 0.0311 step_s 0.0300 peak_mem_gb 0.409
2026-10-01 22:39:35,883 | DEBUG | step 7767 epoch 5 loss 0.0899 step_s 0.0271 peak_mem_gb 0.409
2026-10-01 22:39:35,914 | DEBUG | step 7768 epoch 5 loss 0.0458 step_s 0.0299 peak_mem_gb 0.409
2026-10-01 22:39:35,941 | DEBUG | step 7769 epoch 5 loss 0.0635 step_s 0.0260 peak_mem_gb 0.409
2026-10-01 22:39:35,970 | DEBUG | step 7770 epoch 5 loss 0.0640 step_s 0.0272 peak_mem_gb 0.409
2026-10-01 22:39:36,000 | DEBUG | step 7771 epoch 5 loss 0.0651 step_s 0.0287 peak_mem_gb 0.409
2026-10-01 22:39:36,022 | DEBUG | step 7772 epoch 5 loss 0.0400 step_s 0.0210 peak_mem_gb 0.409
2026-10-01 22:39:36,047 | DEBUG | step 7773 epoch 5 loss 0.0053 step_s 0.0240 peak_mem_gb 0.409
2026-10-01 22:39:36,072 | DEBUG | step 7774 epoch 5 loss 0.0215 step_s 0.0242 peak_mem_gb 0.409
2026-10-01 22:39:36,099 | DEBUG | step 7775 epoch 5 loss 0.0493 step_s 0.0254 peak_mem_gb 0.409
2026-10-01 22:39:36,124 | DEBUG | step 7776 epoch 5 loss 0.0528 step_s 0.0248 peak_mem_gb 0.409
2026-10-01 22:39:36,150 | DEBUG | step 7777 epoch 5 loss 0.1784 step_s 0.0243 peak_mem_gb 0.409
2026-10-01 22:39:36,176 | DEBUG | step 7778 epoch 5 loss 0.0551 step_s 0.0252 peak_mem_gb 0.409
2026-10-01 22:39:36,201 | DEBUG | step 7779 epoch 5 loss 0.0560 step_s 0.0240 peak_mem_gb 0.409
2026-10-01 22:39:36,223 | DEBUG | step 7780 epoch 5 loss 0.1719 step_s 0.0215 peak_mem_gb 0.409
2026-10-01 22:39:36,248 | DEBUG | step 7781 epoch 5 loss 0.0893 step_s 0.0239 peak_mem_gb 0.409
2026-10-01 22:39:36,272 | DEBUG | step 7782 epoch 5 loss 0.0582 step_s 0.0229 peak_mem_gb 0.409
2026-10-01 22:39:36,293 | DEBUG | step 7783 epoch 5 loss 0.0102 step_s 0.0199 peak_mem_gb 0.409
2026-10-01 22:39:36,318 | DEBUG | step 7784 epoch 5 loss 0.1218 step_s 0.0242 peak_mem_gb 0.409
2026-10-01 22:39:36,339 | DEBUG | step 7785 epoch 5 loss 0.0719 step_s 0.0206 peak_mem_gb 0.409
2026-10-01 22:39:36,364 | DEBUG | step 7786 epoch 5 loss 0.1486 step_s 0.0236 peak_mem_gb 0.409
2026-10-01 22:39:36,389 | DEBUG | step 7787 epoch 5 loss 0.1291 step_s 0.0240 peak_mem_gb 0.409
2026-10-01 22:39:36,414 | DEBUG | step 7788 epoch 5 loss 0.0379 step_s 0.0246 peak_mem_gb 0.409
2026-10-01 22:39:36,438 | DEBUG | step 7789 epoch 5 loss 0.0115 step_s 0.0222 peak_mem_gb 0.409
2026-10-01 22:39:36,462 | DEBUG | step 7790 epoch 5 loss 0.0805 step_s 0.0240 peak_mem_gb 0.409
2026-10-01 22:39:36,486 | DEBUG | step 7791 epoch 5 loss 0.0092 step_s 0.0231 peak_mem_gb 0.409
2026-10-01 22:39:36,513 | DEBUG | step 7792 epoch 5 loss 0.0260 step_s 0.0261 peak_mem_gb 0.409
2026-10-01 22:39:36,535 | DEBUG | step 7793 epoch 5 loss 0.0187 step_s 0.0211 peak_mem_gb 0.409
2026-10-01 22:39:36,560 | DEBUG | step 7794 epoch 5 loss 0.0203 step_s 0.0240 peak_mem_gb 0.409
2026-10-01 22:39:36,585 | DEBUG | step 7795 epoch 5 loss 0.0991 step_s 0.0241 peak_mem_gb 0.409
2026-10-01 22:39:36,610 | DEBUG | step 7796 epoch 5 loss 0.1249 step_s 0.0240 peak_mem_gb 0.409
2026-10-01 22:39:36,633 | DEBUG | step 7797 epoch 5 loss 0.0439 step_s 0.0223 peak_mem_gb 0.409
2026-10-01 22:39:36,659 | DEBUG | step 7798 epoch 5 loss 0.0091 step_s 0.0243 peak_mem_gb 0.409
2026-10-01 22:39:36,684 | DEBUG | step 7799 epoch 5 loss 0.0596 step_s 0.0245 peak_mem_gb 0.409
2026-10-01 22:39:36,708 | INFO | step 7800 epoch 5 loss 0.1233 step_s 0.0230 peak_mem_gb 0.409
2026-10-01 22:39:36,733 | DEBUG | step 7801 epoch 5 loss 0.1381 step_s 0.0231 peak_mem_gb 0.409
2026-10-01 22:39:36,758 | DEBUG | step 7802 epoch 5 loss 0.0437 step_s 0.0246 peak_mem_gb 0.409
2026-10-01 22:39:36,783 | DEBUG | step 7803 epoch 5 loss 0.1136 step_s 0.0239 peak_mem_gb 0.409
2026-10-01 22:39:36,808 | DEBUG | step 7804 epoch 5 loss 0.0113 step_s 0.0233 peak_mem_gb 0.409
2026-10-01 22:39:36,832 | DEBUG | step 7805 epoch 5 loss 0.1295 step_s 0.0239 peak_mem_gb 0.409
2026-10-01 22:39:36,859 | DEBUG | step 7806 epoch 5 loss 0.0695 step_s 0.0256 peak_mem_gb 0.409
2026-10-01 22:39:36,880 | DEBUG | step 7807 epoch 5 loss 0.0968 step_s 0.0201 peak_mem_gb 0.409
2026-10-01 22:39:36,902 | DEBUG | step 7808 epoch 5 loss 0.0270 step_s 0.0208 peak_mem_gb 0.409
2026-10-01 22:39:36,926 | DEBUG | step 7809 epoch 5 loss 0.0496 step_s 0.0228 peak_mem_gb 0.409
2026-10-01 22:39:36,949 | DEBUG | step 7810 epoch 5 loss 0.0156 step_s 0.0218 peak_mem_gb 0.409
2026-10-01 22:39:36,975 | DEBUG | step 7811 epoch 5 loss 0.0329 step_s 0.0254 peak_mem_gb 0.409
2026-10-01 22:39:37,002 | DEBUG | step 7812 epoch 5 loss 0.0149 step_s 0.0252 peak_mem_gb 0.409
2026-10-01 22:39:37,023 | DEBUG | step 7813 epoch 5 loss 0.0207 step_s 0.0203 peak_mem_gb 0.409
2026-10-01 22:39:37,050 | DEBUG | step 7814 epoch 5 loss 0.0884 step_s 0.0258 peak_mem_gb 0.409
2026-10-01 22:39:37,194 | DEBUG | step 7815 epoch 5 loss 0.0363 step_s 0.1408 peak_mem_gb 0.409
2026-10-01 22:39:37,692 | INFO | epoch 5/5 train_loss 0.0568 val_f1_macro 0.9315 val_accuracy 0.9315
2026-10-01 22:39:37,693 | INFO | early stop: no val macro-F1 gain for 2 epochs
2026-10-01 22:39:37,796 | INFO | summary {"model": "bigru", "pipeline": "main", "param_count": 4038657, "vocab_size": 30002, "best_epoch": 3, "epochs_run": 5, "val_f1_macro": 0.9377462498022127, "val_accuracy": 0.9377468873443672, "train_seconds": 194.91403579799953, "examples_per_sec": 2565.130817557734, "compute_examples_per_sec": 2712.802398152651, "peak_mem_gb": 0.40880128, "device_name": "NVIDIA GeForce RTX 4090", "cpu_name": "x86_64", "n_train": 99996, "n_val": 19999, "train_log": "reproducibility/raw_logs/sneha/task2_bigru_train_main_20261001T223622Z.log", "checkpoint": "task2_sentiment/sneha/checkpoints/bigru_best.pt", "config_sha256": "012ed6da3e8ac84897ae07194271ef4d37fb3627a6cbbf4add77da2f0d2300cd"}
