2026-10-01 22:39:37,810 | INFO | config_sha256 012ed6da3e8ac84897ae07194271ef4d37fb3627a6cbbf4add77da2f0d2300cd
2026-10-01 22:39:37,845 | INFO | git_sha unknown | notebook task2_sentiment/sneha/src/task2_sentiment_sneha.ipynb
2026-10-01 22:39:37,846 | INFO | device cuda | NVIDIA GeForce RTX 4090 | cpu x86_64
2026-10-01 22:39:37,847 | INFO | torch 2.1.2 | cuda 12.1 | python 3.10.13 | platform Linux-6.18.33.2-microsoft-standard-WSL2-x86_64-with-glibc2.31
2026-10-01 22:39:37,848 | DEBUG | config {"ablation": true, "baseline": "meanpool", "batch_size": 64, "bootstrap_n": 1000, "bootstrap_seed": 42, "char_len": 1014, "charcnn_dropout": 0.5, "charcnn_emb_dim": 16, "charcnn_fc": 512, "charcnn_filters": 256, "charcnn_input": "embedding", "data_url": "https://s3.amazonaws.com/fast-ai-nlp/yelp_review_polarity_csv.tgz", "device": "cuda", "dropout": 0.3, "early_stop_patience": 2, "ece_bins": 15, "emb_dim": 128, "gru_hidden": 128, "keep_words": ["no", "not", "nor", "never", "cannot", "none", "nobody", "nothing", "neither", "nowhere", "but", "however", "although", "though", "very", "too", "few", "less", "least", "more", "most", "against"], "log_every": 200, "logs_dir": "reproducibility/raw_logs/sneha", "long_min_tokens": 200, "lr": 0.001, "manifests_dir": "reproducibility/manifests", "max_epochs": 5, "max_len": 256, "max_vocab": 30000, "member": "sneha", "mlp_hidden": 256, "models": ["meanpool", "bigru", "charcnn"], "n_train": 100000, "n_val": 20000, "near_band": [0.45, 0.55], "out_dir": "task2_sentiment/sneha", "raw_dir": "task2_sentiment/data/raw", "remove_stopwords": true, "run_name": "main", "seed": 42, "short_max_tokens": 50, "split_seed": 42, "splits_dir": "task2_sentiment/data/splits", "stem": true}
2026-10-01 22:39:37,901 | DEBUG | packages ["Babel==2.14.0", "Brotli==1.0.9", "Jinja2==3.1.2", "MarkupSafe==2.1.1", "PySocks==1.7.1", "PyYAML==6.0.2", "Pygments==2.15.1", "Send2Trash==1.8.2", "anyio==4.1.0", "archspec==0.2.1", "argon2-cffi-bindings==21.2.0", "argon2-cffi==23.1.0", "arrow==1.3.0", "asttokens==2.0.5", "astunparse==1.6.3", "async-lru==2.0.4", "attrs==23.1.0", "backcall==0.2.0", "beautifulsoup4==4.12.2", "bleach==6.1.0", "boltons==23.0.0", "certifi==2023.11.17", "cffi==1.16.0", "chardet==4.0.0", "charset-normalizer==2.0.4", "click==8.1.7", "cloudpickle==3.1.2", "comm==0.2.0", "conda-build==3.28.1", "conda-content-trust==0.2.0", "conda-libmamba-solver==23.7.0", "conda-package-handling==2.2.0", "conda==23.9.0", "conda_index==0.3.0", "conda_package_streaming==0.9.0", "contourpy==1.3.2", "cryptography==41.0.7", "cycler==0.12.1", "debugpy==1.8.0", "decorator==5.1.1", "defusedxml==0.7.1", "distro==1.8.0", "dnspython==2.4.2", "exceptiongroup==1.0.4", "executing==0.8.3", "expecttest==0.1.6", "fastjsonschema==2.19.0", "filelock==3.13.1", "fonttools==4.65.0", "fqdn==1.5.1", "fsspec==2023.12.2", "gmpy2==2.1.2", "hypothesis==6.92.0", "idna==3.4", "ipykernel==6.27.1", "ipython==8.15.0", "isoduration==20.11.0", "jedi==0.18.1", "joblib==1.6.0", "json5==0.9.14", "jsonpatch==1.32", "jsonpointer==2.1", "jsonschema-specifications==2023.7.1", "jsonschema==4.19.2", "jupyter-events==0.9.0", "jupyter-lsp==2.2.1", "jupyter_client==8.6.0", "jupyter_core==5.5.0", "jupyter_server==2.12.1", "jupyter_server_terminals==0.5.0", "jupyterlab==4.0.9", "jupyterlab_pygments==0.3.0", "jupyterlab_server==2.25.2", "kiwisolver==1.5.1", "libarchive-c==2.9", "libmambapy==1.5.3", "lpips==0.1.4", "matplotlib-inline==0.1.6", "matplotlib==3.9.2", "menuinst==2.0.1", "mistune==3.0.2", "mkl-fft==1.3.8", "mkl-random==1.2.4", "mkl-service==2.4.0", "more-itertools==10.1.0", "mpmath==1.3.0", "nbclient==0.9.0", "nbconvert==7.12.0", "nbformat==5.9.2", "nest-asyncio==1.5.8", "networkx==3.1", "networkx==3.2.1", "nltk==3.9.1", "notebook==7.0.6", "notebook_shim==0.2.3", "numpy==1.26.2", "overrides==7.4.0", "packaging==23.1", "pandas==2.2.2", "pandocfilters==1.5.0", "parso==0.8.3", "patsy==1.0.3", "pexpect==4.8.0", "pickleshare==0.7.5", "pillow==10.4.0", "pip==23.3.1", "pkginfo==1.9.6", "platformdirs==3.10.0", "pluggy==1.0.0", "prometheus-client==0.19.0", "prompt-toolkit==3.0.36", "psutil==5.9.0", "ptyprocess==0.7.0", "pure-eval==0.2.2", "pyOpenSSL==23.2.0", "pycosat==0.6.6", "pycparser==2.21", "pyparsing==3.3.3", "python-dateutil==2.8.2", "python-etcd==0.4.5", "python-json-logger==2.0.7", "pytz==2023.3.post1", "pyzmq==25.1.2", "referencing==0.30.2", "regex==2026.9.29", "requests==2.31.0", "rfc3339-validator==0.1.4", "rfc3986-validator==0.1.1", "rpds-py==0.10.6", "ruamel.yaml.clib==0.2.6", "ruamel.yaml==0.17.21", "scikit-learn==1.5.2", "scipy==1.13.1", "setuptools==68.2.2", "six==1.16.0", "sniffio==1.3.0", "sortedcontainers==2.4.0", "soupsieve==2.5", "stack-data==0.2.0", "statsmodels==0.14.2", "sympy==1.12", "terminado==0.18.0", "threadpoolctl==3.7.0", "tinycss2==1.2.1", "tomli==2.0.1", "toolz==0.12.0", "torch==2.1.2", "torchaudio==2.1.2", "torchelastic==0.2.2", "torchvision==0.16.2", "tornado==6.4", "tqdm==4.66.5", "traitlets==5.7.1", "triton==2.1.0", "truststore==0.8.0", "types-dataclasses==0.6.6", "types-python-dateutil==2.8.19.14", "typing_extensions==4.7.1", "typing_extensions==4.9.0", "tzdata==2026.4", "uri-template==1.3.0", "urllib3==1.26.18", "wcwidth==0.2.5", "webcolors==1.13", "webencodings==0.5.1", "websocket-client==1.7.0", "wheel==0.41.2", "zstandard==0.19.0"]
2026-10-01 22:39:37,902 | INFO | log_path reproducibility/raw_logs/sneha/task2_charcnn_train_main_20261001T223937Z.log
2026-10-01 22:39:37,936 | INFO | model charcnn | pipeline main | params 5996641 | vocab 30002 | train 99996 | val 19999 | steps/epoch 1563
2026-10-01 22:39:37,937 | DEBUG | architecture CharCNN(
  (emb): Embedding(70, 16, padding_idx=69)
  (conv): Sequential(
    (0): Conv1d(16, 256, kernel_size=(7,), stride=(1,))
    (1): ReLU()
    (2): MaxPool1d(kernel_size=3, stride=3, padding=0, dilation=1, ceil_mode=False)
    (3): Conv1d(256, 256, kernel_size=(7,), stride=(1,))
    (4): ReLU()
    (5): MaxPool1d(kernel_size=3, stride=3, padding=0, dilation=1, ceil_mode=False)
    (6): Conv1d(256, 256, kernel_size=(3,), stride=(1,))
    (7): ReLU()
    (8): Conv1d(256, 256, kernel_size=(3,), stride=(1,))
    (9): ReLU()
    (10): Conv1d(256, 256, kernel_size=(3,), stride=(1,))
    (11): ReLU()
    (12): Conv1d(256, 256, kernel_size=(3,), stride=(1,))
    (13): ReLU()
    (14): MaxPool1d(kernel_size=3, stride=3, padding=0, dilation=1, ceil_mode=False)
  )
  (fc): Sequential(
    (0): Flatten(start_dim=1, end_dim=-1)
    (1): Linear(in_features=8704, out_features=512, bias=True)
    (2): ReLU()
    (3): Dropout(p=0.5, inplace=False)
    (4): Linear(in_features=512, out_features=512, bias=True)
    (5): ReLU()
    (6): Dropout(p=0.5, inplace=False)
    (7): Linear(in_features=512, out_features=1, bias=True)
  )
)
2026-10-01 22:39:37,959 | INFO | step 1 epoch 1 loss 0.6941 step_s 0.0176 peak_mem_gb 0.296
2026-10-01 22:39:37,968 | DEBUG | step 2 epoch 1 loss 0.6958 step_s 0.0064 peak_mem_gb 0.341
2026-10-01 22:39:37,975 | DEBUG | step 3 epoch 1 loss 0.6942 step_s 0.0062 peak_mem_gb 0.341
2026-10-01 22:39:37,982 | DEBUG | step 4 epoch 1 loss 0.6865 step_s 0.0056 peak_mem_gb 0.341
2026-10-01 22:39:37,988 | DEBUG | step 5 epoch 1 loss 0.6643 step_s 0.0056 peak_mem_gb 0.341
2026-10-01 22:39:37,995 | DEBUG | step 6 epoch 1 loss 0.8455 step_s 0.0057 peak_mem_gb 0.341
2026-10-01 22:39:38,002 | DEBUG | step 7 epoch 1 loss 0.6865 step_s 0.0055 peak_mem_gb 0.341
2026-10-01 22:39:38,008 | DEBUG | step 8 epoch 1 loss 0.6891 step_s 0.0057 peak_mem_gb 0.341
2026-10-01 22:39:38,015 | DEBUG | step 9 epoch 1 loss 0.7060 step_s 0.0056 peak_mem_gb 0.341
2026-10-01 22:39:38,021 | DEBUG | step 10 epoch 1 loss 0.6918 step_s 0.0055 peak_mem_gb 0.341
2026-10-01 22:39:38,027 | DEBUG | step 11 epoch 1 loss 0.7167 step_s 0.0056 peak_mem_gb 0.341
2026-10-01 22:39:38,034 | DEBUG | step 12 epoch 1 loss 0.6926 step_s 0.0056 peak_mem_gb 0.341
2026-10-01 22:39:38,041 | DEBUG | step 13 epoch 1 loss 0.6899 step_s 0.0062 peak_mem_gb 0.341
2026-10-01 22:39:38,048 | DEBUG | step 14 epoch 1 loss 0.6937 step_s 0.0059 peak_mem_gb 0.341
2026-10-01 22:39:38,055 | DEBUG | step 15 epoch 1 loss 0.6921 step_s 0.0058 peak_mem_gb 0.341
2026-10-01 22:39:38,062 | DEBUG | step 16 epoch 1 loss 0.6917 step_s 0.0061 peak_mem_gb 0.341
2026-10-01 22:39:38,071 | DEBUG | step 17 epoch 1 loss 0.6960 step_s 0.0075 peak_mem_gb 0.341
2026-10-01 22:39:38,079 | DEBUG | step 18 epoch 1 loss 0.6895 step_s 0.0060 peak_mem_gb 0.341
2026-10-01 22:39:38,086 | DEBUG | step 19 epoch 1 loss 0.6965 step_s 0.0062 peak_mem_gb 0.341
2026-10-01 22:39:38,093 | DEBUG | step 20 epoch 1 loss 0.6912 step_s 0.0060 peak_mem_gb 0.341
2026-10-01 22:39:38,100 | DEBUG | step 21 epoch 1 loss 0.6956 step_s 0.0059 peak_mem_gb 0.341
2026-10-01 22:39:38,108 | DEBUG | step 22 epoch 1 loss 0.6974 step_s 0.0063 peak_mem_gb 0.341
2026-10-01 22:39:38,114 | DEBUG | step 23 epoch 1 loss 0.6944 step_s 0.0055 peak_mem_gb 0.341
2026-10-01 22:39:38,121 | DEBUG | step 24 epoch 1 loss 0.6948 step_s 0.0055 peak_mem_gb 0.341
2026-10-01 22:39:38,128 | DEBUG | step 25 epoch 1 loss 0.6916 step_s 0.0057 peak_mem_gb 0.341
2026-10-01 22:39:38,134 | DEBUG | step 26 epoch 1 loss 0.6925 step_s 0.0055 peak_mem_gb 0.341
2026-10-01 22:39:38,140 | DEBUG | step 27 epoch 1 loss 0.6934 step_s 0.0054 peak_mem_gb 0.341
2026-10-01 22:39:38,146 | DEBUG | step 28 epoch 1 loss 0.6910 step_s 0.0053 peak_mem_gb 0.341
2026-10-01 22:39:38,152 | DEBUG | step 29 epoch 1 loss 0.6902 step_s 0.0053 peak_mem_gb 0.341
2026-10-01 22:39:38,159 | DEBUG | step 30 epoch 1 loss 0.6928 step_s 0.0054 peak_mem_gb 0.341
2026-10-01 22:39:38,165 | DEBUG | step 31 epoch 1 loss 0.6888 step_s 0.0054 peak_mem_gb 0.341
2026-10-01 22:39:38,171 | DEBUG | step 32 epoch 1 loss 0.6843 step_s 0.0054 peak_mem_gb 0.341
2026-10-01 22:39:38,177 | DEBUG | step 33 epoch 1 loss 0.6767 step_s 0.0054 peak_mem_gb 0.341
2026-10-01 22:39:38,183 | DEBUG | step 34 epoch 1 loss 0.6649 step_s 0.0054 peak_mem_gb 0.341
2026-10-01 22:39:38,189 | DEBUG | step 35 epoch 1 loss 0.7599 step_s 0.0054 peak_mem_gb 0.341
2026-10-01 22:39:38,195 | DEBUG | step 36 epoch 1 loss 0.7009 step_s 0.0054 peak_mem_gb 0.341
2026-10-01 22:39:38,201 | DEBUG | step 37 epoch 1 loss 0.6956 step_s 0.0054 peak_mem_gb 0.341
2026-10-01 22:39:38,207 | DEBUG | step 38 epoch 1 loss 0.6912 step_s 0.0054 peak_mem_gb 0.341
2026-10-01 22:39:38,214 | DEBUG | step 39 epoch 1 loss 0.6869 step_s 0.0053 peak_mem_gb 0.341
2026-10-01 22:39:38,220 | DEBUG | step 40 epoch 1 loss 0.6925 step_s 0.0054 peak_mem_gb 0.341
2026-10-01 22:39:38,226 | DEBUG | step 41 epoch 1 loss 0.6843 step_s 0.0054 peak_mem_gb 0.341
2026-10-01 22:39:38,232 | DEBUG | step 42 epoch 1 loss 0.6876 step_s 0.0055 peak_mem_gb 0.341
2026-10-01 22:39:38,238 | DEBUG | step 43 epoch 1 loss 0.6946 step_s 0.0054 peak_mem_gb 0.341
2026-10-01 22:39:38,244 | DEBUG | step 44 epoch 1 loss 0.6900 step_s 0.0054 peak_mem_gb 0.341
2026-10-01 22:39:38,251 | DEBUG | step 45 epoch 1 loss 0.6769 step_s 0.0054 peak_mem_gb 0.341
2026-10-01 22:39:38,257 | DEBUG | step 46 epoch 1 loss 0.6945 step_s 0.0053 peak_mem_gb 0.341
2026-10-01 22:39:38,264 | DEBUG | step 47 epoch 1 loss 0.7003 step_s 0.0053 peak_mem_gb 0.341
2026-10-01 22:39:38,270 | DEBUG | step 48 epoch 1 loss 0.6821 step_s 0.0057 peak_mem_gb 0.341
2026-10-01 22:39:38,276 | DEBUG | step 49 epoch 1 loss 0.6892 step_s 0.0054 peak_mem_gb 0.341
2026-10-01 22:39:38,282 | DEBUG | step 50 epoch 1 loss 0.6739 step_s 0.0054 peak_mem_gb 0.341
2026-10-01 22:39:38,288 | DEBUG | step 51 epoch 1 loss 0.6921 step_s 0.0054 peak_mem_gb 0.341
2026-10-01 22:39:38,294 | DEBUG | step 52 epoch 1 loss 0.7210 step_s 0.0054 peak_mem_gb 0.341
2026-10-01 22:39:38,300 | DEBUG | step 53 epoch 1 loss 0.6897 step_s 0.0053 peak_mem_gb 0.341
2026-10-01 22:39:38,306 | DEBUG | step 54 epoch 1 loss 0.6905 step_s 0.0054 peak_mem_gb 0.341
2026-10-01 22:39:38,312 | DEBUG | step 55 epoch 1 loss 0.6707 step_s 0.0054 peak_mem_gb 0.341
2026-10-01 22:39:38,318 | DEBUG | step 56 epoch 1 loss 0.6927 step_s 0.0053 peak_mem_gb 0.341
2026-10-01 22:39:38,324 | DEBUG | step 57 epoch 1 loss 0.6810 step_s 0.0054 peak_mem_gb 0.341
2026-10-01 22:39:38,330 | DEBUG | step 58 epoch 1 loss 0.7032 step_s 0.0053 peak_mem_gb 0.341
2026-10-01 22:39:38,336 | DEBUG | step 59 epoch 1 loss 0.6892 step_s 0.0054 peak_mem_gb 0.341
2026-10-01 22:39:38,342 | DEBUG | step 60 epoch 1 loss 0.6914 step_s 0.0053 peak_mem_gb 0.341
2026-10-01 22:39:38,348 | DEBUG | step 61 epoch 1 loss 0.7005 step_s 0.0054 peak_mem_gb 0.341
2026-10-01 22:39:38,354 | DEBUG | step 62 epoch 1 loss 0.6805 step_s 0.0054 peak_mem_gb 0.341
2026-10-01 22:39:38,360 | DEBUG | step 63 epoch 1 loss 0.6790 step_s 0.0054 peak_mem_gb 0.341
2026-10-01 22:39:38,367 | DEBUG | step 64 epoch 1 loss 0.7073 step_s 0.0054 peak_mem_gb 0.341
2026-10-01 22:39:38,373 | DEBUG | step 65 epoch 1 loss 0.6920 step_s 0.0054 peak_mem_gb 0.341
2026-10-01 22:39:38,379 | DEBUG | step 66 epoch 1 loss 0.6926 step_s 0.0054 peak_mem_gb 0.341
2026-10-01 22:39:38,385 | DEBUG | step 67 epoch 1 loss 0.6902 step_s 0.0054 peak_mem_gb 0.341
2026-10-01 22:39:38,391 | DEBUG | step 68 epoch 1 loss 0.6983 step_s 0.0055 peak_mem_gb 0.341
2026-10-01 22:39:38,397 | DEBUG | step 69 epoch 1 loss 0.6927 step_s 0.0054 peak_mem_gb 0.341
2026-10-01 22:39:38,403 | DEBUG | step 70 epoch 1 loss 0.6886 step_s 0.0053 peak_mem_gb 0.341
2026-10-01 22:39:38,409 | DEBUG | step 71 epoch 1 loss 0.6925 step_s 0.0054 peak_mem_gb 0.341
2026-10-01 22:39:38,415 | DEBUG | step 72 epoch 1 loss 0.6911 step_s 0.0053 peak_mem_gb 0.341
2026-10-01 22:39:38,421 | DEBUG | step 73 epoch 1 loss 0.6925 step_s 0.0053 peak_mem_gb 0.341
2026-10-01 22:39:38,427 | DEBUG | step 74 epoch 1 loss 0.6889 step_s 0.0054 peak_mem_gb 0.341
2026-10-01 22:39:38,433 | DEBUG | step 75 epoch 1 loss 0.6922 step_s 0.0054 peak_mem_gb 0.341
2026-10-01 22:39:38,439 | DEBUG | step 76 epoch 1 loss 0.6936 step_s 0.0054 peak_mem_gb 0.341
2026-10-01 22:39:38,445 | DEBUG | step 77 epoch 1 loss 0.6909 step_s 0.0054 peak_mem_gb 0.341
2026-10-01 22:39:38,451 | DEBUG | step 78 epoch 1 loss 0.6892 step_s 0.0053 peak_mem_gb 0.341
2026-10-01 22:39:38,457 | DEBUG | step 79 epoch 1 loss 0.6954 step_s 0.0054 peak_mem_gb 0.341
2026-10-01 22:39:38,463 | DEBUG | step 80 epoch 1 loss 0.6897 step_s 0.0053 peak_mem_gb 0.341
2026-10-01 22:39:38,469 | DEBUG | step 81 epoch 1 loss 0.6835 step_s 0.0053 peak_mem_gb 0.341
2026-10-01 22:39:38,475 | DEBUG | step 82 epoch 1 loss 0.6873 step_s 0.0054 peak_mem_gb 0.341
2026-10-01 22:39:38,481 | DEBUG | step 83 epoch 1 loss 0.6784 step_s 0.0054 peak_mem_gb 0.341
2026-10-01 22:39:38,487 | DEBUG | step 84 epoch 1 loss 0.6964 step_s 0.0054 peak_mem_gb 0.341
2026-10-01 22:39:38,494 | DEBUG | step 85 epoch 1 loss 0.6718 step_s 0.0054 peak_mem_gb 0.341
2026-10-01 22:39:38,500 | DEBUG | step 86 epoch 1 loss 0.6612 step_s 0.0056 peak_mem_gb 0.341
2026-10-01 22:39:38,506 | DEBUG | step 87 epoch 1 loss 0.7113 step_s 0.0055 peak_mem_gb 0.341
2026-10-01 22:39:38,512 | DEBUG | step 88 epoch 1 loss 0.7099 step_s 0.0054 peak_mem_gb 0.341
2026-10-01 22:39:38,519 | DEBUG | step 89 epoch 1 loss 0.6732 step_s 0.0054 peak_mem_gb 0.341
2026-10-01 22:39:38,525 | DEBUG | step 90 epoch 1 loss 0.7027 step_s 0.0054 peak_mem_gb 0.341
2026-10-01 22:39:38,531 | DEBUG | step 91 epoch 1 loss 0.6925 step_s 0.0054 peak_mem_gb 0.341
2026-10-01 22:39:38,537 | DEBUG | step 92 epoch 1 loss 0.7066 step_s 0.0054 peak_mem_gb 0.341
2026-10-01 22:39:38,543 | DEBUG | step 93 epoch 1 loss 0.6824 step_s 0.0054 peak_mem_gb 0.341
2026-10-01 22:39:38,549 | DEBUG | step 94 epoch 1 loss 0.7004 step_s 0.0054 peak_mem_gb 0.341
2026-10-01 22:39:38,556 | DEBUG | step 95 epoch 1 loss 0.6930 step_s 0.0055 peak_mem_gb 0.341
2026-10-01 22:39:38,562 | DEBUG | step 96 epoch 1 loss 0.6972 step_s 0.0054 peak_mem_gb 0.341
2026-10-01 22:39:38,568 | DEBUG | step 97 epoch 1 loss 0.6975 step_s 0.0054 peak_mem_gb 0.341
2026-10-01 22:39:38,574 | DEBUG | step 98 epoch 1 loss 0.6743 step_s 0.0054 peak_mem_gb 0.341
2026-10-01 22:39:38,580 | DEBUG | step 99 epoch 1 loss 0.6900 step_s 0.0054 peak_mem_gb 0.341
2026-10-01 22:39:38,586 | DEBUG | step 100 epoch 1 loss 0.7087 step_s 0.0054 peak_mem_gb 0.341
2026-10-01 22:39:38,592 | DEBUG | step 101 epoch 1 loss 0.6867 step_s 0.0054 peak_mem_gb 0.341
2026-10-01 22:39:38,598 | DEBUG | step 102 epoch 1 loss 0.6827 step_s 0.0054 peak_mem_gb 0.341
2026-10-01 22:39:38,604 | DEBUG | step 103 epoch 1 loss 0.6909 step_s 0.0053 peak_mem_gb 0.341
2026-10-01 22:39:38,610 | DEBUG | step 104 epoch 1 loss 0.7102 step_s 0.0053 peak_mem_gb 0.341
2026-10-01 22:39:38,616 | DEBUG | step 105 epoch 1 loss 0.6916 step_s 0.0053 peak_mem_gb 0.341
2026-10-01 22:39:38,622 | DEBUG | step 106 epoch 1 loss 0.6981 step_s 0.0054 peak_mem_gb 0.341
2026-10-01 22:39:38,628 | DEBUG | step 107 epoch 1 loss 0.6963 step_s 0.0054 peak_mem_gb 0.341
2026-10-01 22:39:38,635 | DEBUG | step 108 epoch 1 loss 0.6707 step_s 0.0055 peak_mem_gb 0.341
2026-10-01 22:39:38,641 | DEBUG | step 109 epoch 1 loss 0.7014 step_s 0.0054 peak_mem_gb 0.341
2026-10-01 22:39:38,647 | DEBUG | step 110 epoch 1 loss 0.6979 step_s 0.0054 peak_mem_gb 0.341
2026-10-01 22:39:38,653 | DEBUG | step 111 epoch 1 loss 0.6870 step_s 0.0053 peak_mem_gb 0.341
2026-10-01 22:39:38,659 | DEBUG | step 112 epoch 1 loss 0.6930 step_s 0.0053 peak_mem_gb 0.341
2026-10-01 22:39:38,665 | DEBUG | step 113 epoch 1 loss 0.6990 step_s 0.0055 peak_mem_gb 0.341
2026-10-01 22:39:38,672 | DEBUG | step 114 epoch 1 loss 0.7096 step_s 0.0056 peak_mem_gb 0.341
2026-10-01 22:39:38,678 | DEBUG | step 115 epoch 1 loss 0.6933 step_s 0.0055 peak_mem_gb 0.341
2026-10-01 22:39:38,684 | DEBUG | step 116 epoch 1 loss 0.6928 step_s 0.0054 peak_mem_gb 0.341
2026-10-01 22:39:38,690 | DEBUG | step 117 epoch 1 loss 0.6875 step_s 0.0054 peak_mem_gb 0.341
2026-10-01 22:39:38,697 | DEBUG | step 118 epoch 1 loss 0.6918 step_s 0.0054 peak_mem_gb 0.341
2026-10-01 22:39:38,703 | DEBUG | step 119 epoch 1 loss 0.6928 step_s 0.0054 peak_mem_gb 0.341
2026-10-01 22:39:38,709 | DEBUG | step 120 epoch 1 loss 0.6838 step_s 0.0054 peak_mem_gb 0.341
2026-10-01 22:39:38,715 | DEBUG | step 121 epoch 1 loss 0.6891 step_s 0.0054 peak_mem_gb 0.341
2026-10-01 22:39:38,721 | DEBUG | step 122 epoch 1 loss 0.6816 step_s 0.0054 peak_mem_gb 0.341
2026-10-01 22:39:38,727 | DEBUG | step 123 epoch 1 loss 0.6853 step_s 0.0054 peak_mem_gb 0.341
2026-10-01 22:39:38,733 | DEBUG | step 124 epoch 1 loss 0.6905 step_s 0.0054 peak_mem_gb 0.341
2026-10-01 22:39:38,739 | DEBUG | step 125 epoch 1 loss 0.6862 step_s 0.0054 peak_mem_gb 0.341
2026-10-01 22:39:38,745 | DEBUG | step 126 epoch 1 loss 0.6985 step_s 0.0053 peak_mem_gb 0.341
2026-10-01 22:39:38,751 | DEBUG | step 127 epoch 1 loss 0.6886 step_s 0.0054 peak_mem_gb 0.341
2026-10-01 22:39:38,758 | DEBUG | step 128 epoch 1 loss 0.6846 step_s 0.0054 peak_mem_gb 0.341
2026-10-01 22:39:38,764 | DEBUG | step 129 epoch 1 loss 0.6930 step_s 0.0053 peak_mem_gb 0.341
2026-10-01 22:39:38,770 | DEBUG | step 130 epoch 1 loss 0.6863 step_s 0.0053 peak_mem_gb 0.341
2026-10-01 22:39:38,776 | DEBUG | step 131 epoch 1 loss 0.6759 step_s 0.0054 peak_mem_gb 0.341
2026-10-01 22:39:38,782 | DEBUG | step 132 epoch 1 loss 0.6938 step_s 0.0054 peak_mem_gb 0.341
2026-10-01 22:39:38,788 | DEBUG | step 133 epoch 1 loss 0.6568 step_s 0.0054 peak_mem_gb 0.341
2026-10-01 22:39:38,794 | DEBUG | step 134 epoch 1 loss 0.6926 step_s 0.0054 peak_mem_gb 0.341
2026-10-01 22:39:38,800 | DEBUG | step 135 epoch 1 loss 0.6719 step_s 0.0053 peak_mem_gb 0.341
2026-10-01 22:39:38,806 | DEBUG | step 136 epoch 1 loss 0.6807 step_s 0.0054 peak_mem_gb 0.341
2026-10-01 22:39:38,812 | DEBUG | step 137 epoch 1 loss 0.6611 step_s 0.0054 peak_mem_gb 0.341
2026-10-01 22:39:38,818 | DEBUG | step 138 epoch 1 loss 0.7124 step_s 0.0053 peak_mem_gb 0.341
2026-10-01 22:39:38,824 | DEBUG | step 139 epoch 1 loss 0.6928 step_s 0.0054 peak_mem_gb 0.341
2026-10-01 22:39:38,830 | DEBUG | step 140 epoch 1 loss 0.6480 step_s 0.0054 peak_mem_gb 0.341
2026-10-01 22:39:38,836 | DEBUG | step 141 epoch 1 loss 0.6846 step_s 0.0053 peak_mem_gb 0.341
2026-10-01 22:39:38,842 | DEBUG | step 142 epoch 1 loss 0.6862 step_s 0.0053 peak_mem_gb 0.341
2026-10-01 22:39:38,848 | DEBUG | step 143 epoch 1 loss 0.6384 step_s 0.0055 peak_mem_gb 0.341
2026-10-01 22:39:38,854 | DEBUG | step 144 epoch 1 loss 0.6640 step_s 0.0054 peak_mem_gb 0.341
2026-10-01 22:39:38,860 | DEBUG | step 145 epoch 1 loss 0.6905 step_s 0.0053 peak_mem_gb 0.341
2026-10-01 22:39:38,866 | DEBUG | step 146 epoch 1 loss 0.6639 step_s 0.0053 peak_mem_gb 0.341
2026-10-01 22:39:38,873 | DEBUG | step 147 epoch 1 loss 0.7154 step_s 0.0054 peak_mem_gb 0.341
2026-10-01 22:39:38,879 | DEBUG | step 148 epoch 1 loss 0.6979 step_s 0.0054 peak_mem_gb 0.341
2026-10-01 22:39:38,885 | DEBUG | step 149 epoch 1 loss 0.6363 step_s 0.0053 peak_mem_gb 0.341
2026-10-01 22:39:38,890 | DEBUG | step 150 epoch 1 loss 0.6717 step_s 0.0053 peak_mem_gb 0.341
2026-10-01 22:39:38,896 | DEBUG | step 151 epoch 1 loss 0.6428 step_s 0.0053 peak_mem_gb 0.341
2026-10-01 22:39:38,903 | DEBUG | step 152 epoch 1 loss 0.6579 step_s 0.0054 peak_mem_gb 0.341
2026-10-01 22:39:38,909 | DEBUG | step 153 epoch 1 loss 0.6884 step_s 0.0053 peak_mem_gb 0.341
2026-10-01 22:39:38,915 | DEBUG | step 154 epoch 1 loss 0.7201 step_s 0.0054 peak_mem_gb 0.341
2026-10-01 22:39:38,921 | DEBUG | step 155 epoch 1 loss 0.6516 step_s 0.0053 peak_mem_gb 0.341
2026-10-01 22:39:38,926 | DEBUG | step 156 epoch 1 loss 0.6680 step_s 0.0053 peak_mem_gb 0.341
2026-10-01 22:39:38,932 | DEBUG | step 157 epoch 1 loss 0.6607 step_s 0.0053 peak_mem_gb 0.341
2026-10-01 22:39:38,938 | DEBUG | step 158 epoch 1 loss 0.6734 step_s 0.0054 peak_mem_gb 0.341
2026-10-01 22:39:38,945 | DEBUG | step 159 epoch 1 loss 0.6590 step_s 0.0053 peak_mem_gb 0.341
2026-10-01 22:39:38,951 | DEBUG | step 160 epoch 1 loss 0.6781 step_s 0.0054 peak_mem_gb 0.341
2026-10-01 22:39:38,957 | DEBUG | step 161 epoch 1 loss 0.6895 step_s 0.0053 peak_mem_gb 0.341
2026-10-01 22:39:38,963 | DEBUG | step 162 epoch 1 loss 0.7147 step_s 0.0053 peak_mem_gb 0.341
2026-10-01 22:39:38,969 | DEBUG | step 163 epoch 1 loss 0.6818 step_s 0.0053 peak_mem_gb 0.341
2026-10-01 22:39:38,975 | DEBUG | step 164 epoch 1 loss 0.6540 step_s 0.0054 peak_mem_gb 0.341
2026-10-01 22:39:38,981 | DEBUG | step 165 epoch 1 loss 0.6879 step_s 0.0053 peak_mem_gb 0.341
2026-10-01 22:39:38,987 | DEBUG | step 166 epoch 1 loss 0.7253 step_s 0.0053 peak_mem_gb 0.341
2026-10-01 22:39:38,993 | DEBUG | step 167 epoch 1 loss 0.6615 step_s 0.0053 peak_mem_gb 0.341
2026-10-01 22:39:38,999 | DEBUG | step 168 epoch 1 loss 0.7044 step_s 0.0054 peak_mem_gb 0.341
2026-10-01 22:39:39,005 | DEBUG | step 169 epoch 1 loss 0.6636 step_s 0.0054 peak_mem_gb 0.341
2026-10-01 22:39:39,011 | DEBUG | step 170 epoch 1 loss 0.6600 step_s 0.0054 peak_mem_gb 0.341
2026-10-01 22:39:39,017 | DEBUG | step 171 epoch 1 loss 0.7038 step_s 0.0053 peak_mem_gb 0.341
2026-10-01 22:39:39,023 | DEBUG | step 172 epoch 1 loss 0.6687 step_s 0.0054 peak_mem_gb 0.341
2026-10-01 22:39:39,029 | DEBUG | step 173 epoch 1 loss 0.6684 step_s 0.0054 peak_mem_gb 0.341
2026-10-01 22:39:39,035 | DEBUG | step 174 epoch 1 loss 0.6604 step_s 0.0053 peak_mem_gb 0.341
2026-10-01 22:39:39,041 | DEBUG | step 175 epoch 1 loss 0.6964 step_s 0.0054 peak_mem_gb 0.341
2026-10-01 22:39:39,047 | DEBUG | step 176 epoch 1 loss 0.6848 step_s 0.0053 peak_mem_gb 0.341
2026-10-01 22:39:39,053 | DEBUG | step 177 epoch 1 loss 0.6813 step_s 0.0054 peak_mem_gb 0.341
2026-10-01 22:39:39,059 | DEBUG | step 178 epoch 1 loss 0.6750 step_s 0.0054 peak_mem_gb 0.341
2026-10-01 22:39:39,065 | DEBUG | step 179 epoch 1 loss 0.6473 step_s 0.0053 peak_mem_gb 0.341
2026-10-01 22:39:39,071 | DEBUG | step 180 epoch 1 loss 0.6750 step_s 0.0054 peak_mem_gb 0.341
2026-10-01 22:39:39,077 | DEBUG | step 181 epoch 1 loss 0.7291 step_s 0.0054 peak_mem_gb 0.341
2026-10-01 22:39:39,083 | DEBUG | step 182 epoch 1 loss 0.6780 step_s 0.0054 peak_mem_gb 0.341
2026-10-01 22:39:39,090 | DEBUG | step 183 epoch 1 loss 0.6856 step_s 0.0054 peak_mem_gb 0.341
2026-10-01 22:39:39,096 | DEBUG | step 184 epoch 1 loss 0.6839 step_s 0.0054 peak_mem_gb 0.341
2026-10-01 22:39:39,102 | DEBUG | step 185 epoch 1 loss 0.6584 step_s 0.0053 peak_mem_gb 0.341
2026-10-01 22:39:39,108 | DEBUG | step 186 epoch 1 loss 0.6491 step_s 0.0054 peak_mem_gb 0.341
2026-10-01 22:39:39,114 | DEBUG | step 187 epoch 1 loss 0.6678 step_s 0.0054 peak_mem_gb 0.341
2026-10-01 22:39:39,120 | DEBUG | step 188 epoch 1 loss 0.6876 step_s 0.0054 peak_mem_gb 0.341
2026-10-01 22:39:39,126 | DEBUG | step 189 epoch 1 loss 0.6790 step_s 0.0054 peak_mem_gb 0.341
2026-10-01 22:39:39,132 | DEBUG | step 190 epoch 1 loss 0.6886 step_s 0.0053 peak_mem_gb 0.341
2026-10-01 22:39:39,138 | DEBUG | step 191 epoch 1 loss 0.7226 step_s 0.0054 peak_mem_gb 0.341
2026-10-01 22:39:39,145 | DEBUG | step 192 epoch 1 loss 0.6437 step_s 0.0057 peak_mem_gb 0.341
2026-10-01 22:39:39,151 | DEBUG | step 193 epoch 1 loss 0.6961 step_s 0.0054 peak_mem_gb 0.341
2026-10-01 22:39:39,158 | DEBUG | step 194 epoch 1 loss 0.6951 step_s 0.0055 peak_mem_gb 0.341
2026-10-01 22:39:39,164 | DEBUG | step 195 epoch 1 loss 0.6788 step_s 0.0054 peak_mem_gb 0.341
2026-10-01 22:39:39,170 | DEBUG | step 196 epoch 1 loss 0.6917 step_s 0.0054 peak_mem_gb 0.341
2026-10-01 22:39:39,176 | DEBUG | step 197 epoch 1 loss 0.7066 step_s 0.0054 peak_mem_gb 0.341
2026-10-01 22:39:39,182 | DEBUG | step 198 epoch 1 loss 0.6652 step_s 0.0053 peak_mem_gb 0.341
2026-10-01 22:39:39,188 | DEBUG | step 199 epoch 1 loss 0.6594 step_s 0.0054 peak_mem_gb 0.341
2026-10-01 22:39:39,194 | INFO | step 200 epoch 1 loss 0.6903 step_s 0.0055 peak_mem_gb 0.341
2026-10-01 22:39:39,201 | DEBUG | step 201 epoch 1 loss 0.7037 step_s 0.0054 peak_mem_gb 0.341
2026-10-01 22:39:39,208 | DEBUG | step 202 epoch 1 loss 0.6712 step_s 0.0054 peak_mem_gb 0.341
2026-10-01 22:39:39,214 | DEBUG | step 203 epoch 1 loss 0.6604 step_s 0.0053 peak_mem_gb 0.341
2026-10-01 22:39:39,220 | DEBUG | step 204 epoch 1 loss 0.6988 step_s 0.0053 peak_mem_gb 0.341
2026-10-01 22:39:39,226 | DEBUG | step 205 epoch 1 loss 0.6866 step_s 0.0055 peak_mem_gb 0.341
2026-10-01 22:39:39,232 | DEBUG | step 206 epoch 1 loss 0.6991 step_s 0.0054 peak_mem_gb 0.341
2026-10-01 22:39:39,239 | DEBUG | step 207 epoch 1 loss 0.6887 step_s 0.0054 peak_mem_gb 0.341
2026-10-01 22:39:39,245 | DEBUG | step 208 epoch 1 loss 0.6824 step_s 0.0054 peak_mem_gb 0.341
2026-10-01 22:39:39,251 | DEBUG | step 209 epoch 1 loss 0.6912 step_s 0.0054 peak_mem_gb 0.341
2026-10-01 22:39:39,257 | DEBUG | step 210 epoch 1 loss 0.6924 step_s 0.0054 peak_mem_gb 0.341
2026-10-01 22:39:39,263 | DEBUG | step 211 epoch 1 loss 0.6803 step_s 0.0055 peak_mem_gb 0.341
2026-10-01 22:39:39,269 | DEBUG | step 212 epoch 1 loss 0.6873 step_s 0.0054 peak_mem_gb 0.341
2026-10-01 22:39:39,276 | DEBUG | step 213 epoch 1 loss 0.6803 step_s 0.0055 peak_mem_gb 0.341
2026-10-01 22:39:39,283 | DEBUG | step 214 epoch 1 loss 0.6803 step_s 0.0057 peak_mem_gb 0.341
2026-10-01 22:39:39,289 | DEBUG | step 215 epoch 1 loss 0.6977 step_s 0.0054 peak_mem_gb 0.341
2026-10-01 22:39:39,295 | DEBUG | step 216 epoch 1 loss 0.7112 step_s 0.0055 peak_mem_gb 0.341
2026-10-01 22:39:39,301 | DEBUG | step 217 epoch 1 loss 0.6882 step_s 0.0054 peak_mem_gb 0.341
2026-10-01 22:39:39,307 | DEBUG | step 218 epoch 1 loss 0.7101 step_s 0.0054 peak_mem_gb 0.341
2026-10-01 22:39:39,313 | DEBUG | step 219 epoch 1 loss 0.6779 step_s 0.0054 peak_mem_gb 0.341
2026-10-01 22:39:39,320 | DEBUG | step 220 epoch 1 loss 0.6734 step_s 0.0054 peak_mem_gb 0.341
2026-10-01 22:39:39,326 | DEBUG | step 221 epoch 1 loss 0.6838 step_s 0.0054 peak_mem_gb 0.341
2026-10-01 22:39:39,332 | DEBUG | step 222 epoch 1 loss 0.6770 step_s 0.0055 peak_mem_gb 0.341
2026-10-01 22:39:39,338 | DEBUG | step 223 epoch 1 loss 0.6898 step_s 0.0054 peak_mem_gb 0.341
2026-10-01 22:39:39,344 | DEBUG | step 224 epoch 1 loss 0.6761 step_s 0.0054 peak_mem_gb 0.341
2026-10-01 22:39:39,351 | DEBUG | step 225 epoch 1 loss 0.6840 step_s 0.0054 peak_mem_gb 0.341
2026-10-01 22:39:39,357 | DEBUG | step 226 epoch 1 loss 0.6759 step_s 0.0055 peak_mem_gb 0.341
2026-10-01 22:39:39,363 | DEBUG | step 227 epoch 1 loss 0.7012 step_s 0.0054 peak_mem_gb 0.341
2026-10-01 22:39:39,369 | DEBUG | step 228 epoch 1 loss 0.6557 step_s 0.0054 peak_mem_gb 0.341
2026-10-01 22:39:39,375 | DEBUG | step 229 epoch 1 loss 0.6744 step_s 0.0054 peak_mem_gb 0.341
2026-10-01 22:39:39,381 | DEBUG | step 230 epoch 1 loss 0.6722 step_s 0.0054 peak_mem_gb 0.341
2026-10-01 22:39:39,387 | DEBUG | step 231 epoch 1 loss 0.6893 step_s 0.0053 peak_mem_gb 0.341
2026-10-01 22:39:39,393 | DEBUG | step 232 epoch 1 loss 0.7176 step_s 0.0054 peak_mem_gb 0.341
2026-10-01 22:39:39,399 | DEBUG | step 233 epoch 1 loss 0.7011 step_s 0.0054 peak_mem_gb 0.341
2026-10-01 22:39:39,405 | DEBUG | step 234 epoch 1 loss 0.7023 step_s 0.0054 peak_mem_gb 0.341
2026-10-01 22:39:39,411 | DEBUG | step 235 epoch 1 loss 0.6925 step_s 0.0054 peak_mem_gb 0.341
2026-10-01 22:39:39,417 | DEBUG | step 236 epoch 1 loss 0.6991 step_s 0.0053 peak_mem_gb 0.341
2026-10-01 22:39:39,423 | DEBUG | step 237 epoch 1 loss 0.6915 step_s 0.0054 peak_mem_gb 0.341
2026-10-01 22:39:39,430 | DEBUG | step 238 epoch 1 loss 0.6681 step_s 0.0054 peak_mem_gb 0.341
2026-10-01 22:39:39,436 | DEBUG | step 239 epoch 1 loss 0.6893 step_s 0.0055 peak_mem_gb 0.341
2026-10-01 22:39:39,442 | DEBUG | step 240 epoch 1 loss 0.6653 step_s 0.0054 peak_mem_gb 0.341
2026-10-01 22:39:39,448 | DEBUG | step 241 epoch 1 loss 0.6591 step_s 0.0054 peak_mem_gb 0.341
2026-10-01 22:39:39,454 | DEBUG | step 242 epoch 1 loss 0.6644 step_s 0.0054 peak_mem_gb 0.341
2026-10-01 22:39:39,460 | DEBUG | step 243 epoch 1 loss 0.6745 step_s 0.0054 peak_mem_gb 0.341
2026-10-01 22:39:39,466 | DEBUG | step 244 epoch 1 loss 0.6778 step_s 0.0053 peak_mem_gb 0.341
2026-10-01 22:39:39,473 | DEBUG | step 245 epoch 1 loss 0.6623 step_s 0.0054 peak_mem_gb 0.341
2026-10-01 22:39:39,479 | DEBUG | step 246 epoch 1 loss 0.6750 step_s 0.0054 peak_mem_gb 0.341
2026-10-01 22:39:39,485 | DEBUG | step 247 epoch 1 loss 0.7012 step_s 0.0053 peak_mem_gb 0.341
2026-10-01 22:39:39,491 | DEBUG | step 248 epoch 1 loss 0.6761 step_s 0.0053 peak_mem_gb 0.341
2026-10-01 22:39:39,497 | DEBUG | step 249 epoch 1 loss 0.7453 step_s 0.0053 peak_mem_gb 0.341
2026-10-01 22:39:39,503 | DEBUG | step 250 epoch 1 loss 0.6597 step_s 0.0054 peak_mem_gb 0.341
2026-10-01 22:39:39,509 | DEBUG | step 251 epoch 1 loss 0.6988 step_s 0.0053 peak_mem_gb 0.341
2026-10-01 22:39:39,515 | DEBUG | step 252 epoch 1 loss 0.6669 step_s 0.0053 peak_mem_gb 0.341
2026-10-01 22:39:39,521 | DEBUG | step 253 epoch 1 loss 0.6700 step_s 0.0054 peak_mem_gb 0.341
2026-10-01 22:39:39,527 | DEBUG | step 254 epoch 1 loss 0.6556 step_s 0.0054 peak_mem_gb 0.341
2026-10-01 22:39:39,533 | DEBUG | step 255 epoch 1 loss 0.6762 step_s 0.0053 peak_mem_gb 0.341
2026-10-01 22:39:39,539 | DEBUG | step 256 epoch 1 loss 0.6987 step_s 0.0053 peak_mem_gb 0.341
2026-10-01 22:39:39,545 | DEBUG | step 257 epoch 1 loss 0.6656 step_s 0.0053 peak_mem_gb 0.341
2026-10-01 22:39:39,551 | DEBUG | step 258 epoch 1 loss 0.6467 step_s 0.0053 peak_mem_gb 0.341
2026-10-01 22:39:39,557 | DEBUG | step 259 epoch 1 loss 0.6794 step_s 0.0053 peak_mem_gb 0.341
2026-10-01 22:39:39,563 | DEBUG | step 260 epoch 1 loss 0.7216 step_s 0.0054 peak_mem_gb 0.341
2026-10-01 22:39:39,569 | DEBUG | step 261 epoch 1 loss 0.6581 step_s 0.0054 peak_mem_gb 0.341
2026-10-01 22:39:39,575 | DEBUG | step 262 epoch 1 loss 0.6849 step_s 0.0053 peak_mem_gb 0.341
2026-10-01 22:39:39,581 | DEBUG | step 263 epoch 1 loss 0.6828 step_s 0.0053 peak_mem_gb 0.341
2026-10-01 22:39:39,587 | DEBUG | step 264 epoch 1 loss 0.6800 step_s 0.0053 peak_mem_gb 0.341
2026-10-01 22:39:39,593 | DEBUG | step 265 epoch 1 loss 0.6758 step_s 0.0053 peak_mem_gb 0.341
2026-10-01 22:39:39,599 | DEBUG | step 266 epoch 1 loss 0.6897 step_s 0.0054 peak_mem_gb 0.341
2026-10-01 22:39:39,605 | DEBUG | step 267 epoch 1 loss 0.6515 step_s 0.0053 peak_mem_gb 0.341
2026-10-01 22:39:39,611 | DEBUG | step 268 epoch 1 loss 0.6841 step_s 0.0055 peak_mem_gb 0.341
2026-10-01 22:39:39,617 | DEBUG | step 269 epoch 1 loss 0.7210 step_s 0.0053 peak_mem_gb 0.341
2026-10-01 22:39:39,623 | DEBUG | step 270 epoch 1 loss 0.6512 step_s 0.0054 peak_mem_gb 0.341
2026-10-01 22:39:39,629 | DEBUG | step 271 epoch 1 loss 0.6946 step_s 0.0054 peak_mem_gb 0.341
2026-10-01 22:39:39,635 | DEBUG | step 272 epoch 1 loss 0.7108 step_s 0.0054 peak_mem_gb 0.341
2026-10-01 22:39:39,641 | DEBUG | step 273 epoch 1 loss 0.6562 step_s 0.0053 peak_mem_gb 0.341
2026-10-01 22:39:39,648 | DEBUG | step 274 epoch 1 loss 0.6871 step_s 0.0054 peak_mem_gb 0.341
2026-10-01 22:39:39,654 | DEBUG | step 275 epoch 1 loss 0.6998 step_s 0.0054 peak_mem_gb 0.341
2026-10-01 22:39:39,660 | DEBUG | step 276 epoch 1 loss 0.7197 step_s 0.0054 peak_mem_gb 0.341
2026-10-01 22:39:39,666 | DEBUG | step 277 epoch 1 loss 0.6955 step_s 0.0053 peak_mem_gb 0.341
2026-10-01 22:39:39,672 | DEBUG | step 278 epoch 1 loss 0.6957 step_s 0.0053 peak_mem_gb 0.341
2026-10-01 22:39:39,678 | DEBUG | step 279 epoch 1 loss 0.6744 step_s 0.0054 peak_mem_gb 0.341
2026-10-01 22:39:39,684 | DEBUG | step 280 epoch 1 loss 0.6759 step_s 0.0053 peak_mem_gb 0.341
2026-10-01 22:39:39,690 | DEBUG | step 281 epoch 1 loss 0.7024 step_s 0.0054 peak_mem_gb 0.341
2026-10-01 22:39:39,696 | DEBUG | step 282 epoch 1 loss 0.6612 step_s 0.0054 peak_mem_gb 0.341
2026-10-01 22:39:39,702 | DEBUG | step 283 epoch 1 loss 0.6940 step_s 0.0053 peak_mem_gb 0.341
2026-10-01 22:39:39,708 | DEBUG | step 284 epoch 1 loss 0.6742 step_s 0.0054 peak_mem_gb 0.341
2026-10-01 22:39:39,714 | DEBUG | step 285 epoch 1 loss 0.6884 step_s 0.0053 peak_mem_gb 0.341
2026-10-01 22:39:39,720 | DEBUG | step 286 epoch 1 loss 0.6796 step_s 0.0053 peak_mem_gb 0.341
2026-10-01 22:39:39,726 | DEBUG | step 287 epoch 1 loss 0.6849 step_s 0.0054 peak_mem_gb 0.341
2026-10-01 22:39:39,732 | DEBUG | step 288 epoch 1 loss 0.6688 step_s 0.0054 peak_mem_gb 0.341
2026-10-01 22:39:39,738 | DEBUG | step 289 epoch 1 loss 0.6800 step_s 0.0054 peak_mem_gb 0.341
2026-10-01 22:39:39,744 | DEBUG | step 290 epoch 1 loss 0.6750 step_s 0.0054 peak_mem_gb 0.341
2026-10-01 22:39:39,750 | DEBUG | step 291 epoch 1 loss 0.6877 step_s 0.0053 peak_mem_gb 0.341
2026-10-01 22:39:39,756 | DEBUG | step 292 epoch 1 loss 0.6659 step_s 0.0054 peak_mem_gb 0.341
2026-10-01 22:39:39,762 | DEBUG | step 293 epoch 1 loss 0.6962 step_s 0.0054 peak_mem_gb 0.341
2026-10-01 22:39:39,768 | DEBUG | step 294 epoch 1 loss 0.6491 step_s 0.0053 peak_mem_gb 0.341
2026-10-01 22:39:39,774 | DEBUG | step 295 epoch 1 loss 0.6748 step_s 0.0054 peak_mem_gb 0.341
2026-10-01 22:39:39,780 | DEBUG | step 296 epoch 1 loss 0.6335 step_s 0.0053 peak_mem_gb 0.341
2026-10-01 22:39:39,786 | DEBUG | step 297 epoch 1 loss 0.6692 step_s 0.0054 peak_mem_gb 0.341
2026-10-01 22:39:39,792 | DEBUG | step 298 epoch 1 loss 0.6494 step_s 0.0053 peak_mem_gb 0.341
2026-10-01 22:39:39,798 | DEBUG | step 299 epoch 1 loss 0.6652 step_s 0.0054 peak_mem_gb 0.341
2026-10-01 22:39:39,804 | DEBUG | step 300 epoch 1 loss 0.6203 step_s 0.0054 peak_mem_gb 0.341
2026-10-01 22:39:39,810 | DEBUG | step 301 epoch 1 loss 0.6541 step_s 0.0054 peak_mem_gb 0.341
2026-10-01 22:39:39,816 | DEBUG | step 302 epoch 1 loss 0.5612 step_s 0.0054 peak_mem_gb 0.341
2026-10-01 22:39:39,822 | DEBUG | step 303 epoch 1 loss 0.6116 step_s 0.0053 peak_mem_gb 0.341
2026-10-01 22:39:39,828 | DEBUG | step 304 epoch 1 loss 0.6620 step_s 0.0053 peak_mem_gb 0.341
2026-10-01 22:39:39,834 | DEBUG | step 305 epoch 1 loss 0.8360 step_s 0.0053 peak_mem_gb 0.341
2026-10-01 22:39:39,840 | DEBUG | step 306 epoch 1 loss 0.6079 step_s 0.0054 peak_mem_gb 0.341
2026-10-01 22:39:39,846 | DEBUG | step 307 epoch 1 loss 0.7794 step_s 0.0054 peak_mem_gb 0.341
2026-10-01 22:39:39,852 | DEBUG | step 308 epoch 1 loss 0.6092 step_s 0.0054 peak_mem_gb 0.341
2026-10-01 22:39:39,858 | DEBUG | step 309 epoch 1 loss 0.6663 step_s 0.0053 peak_mem_gb 0.341
2026-10-01 22:39:39,865 | DEBUG | step 310 epoch 1 loss 0.6725 step_s 0.0053 peak_mem_gb 0.341
2026-10-01 22:39:39,870 | DEBUG | step 311 epoch 1 loss 0.6521 step_s 0.0053 peak_mem_gb 0.341
2026-10-01 22:39:39,876 | DEBUG | step 312 epoch 1 loss 0.6628 step_s 0.0053 peak_mem_gb 0.341
2026-10-01 22:39:39,882 | DEBUG | step 313 epoch 1 loss 0.6734 step_s 0.0053 peak_mem_gb 0.341
2026-10-01 22:39:39,888 | DEBUG | step 314 epoch 1 loss 0.6828 step_s 0.0053 peak_mem_gb 0.341
2026-10-01 22:39:39,894 | DEBUG | step 315 epoch 1 loss 0.6219 step_s 0.0053 peak_mem_gb 0.341
2026-10-01 22:39:39,900 | DEBUG | step 316 epoch 1 loss 0.7246 step_s 0.0053 peak_mem_gb 0.341
2026-10-01 22:39:39,906 | DEBUG | step 317 epoch 1 loss 0.6390 step_s 0.0053 peak_mem_gb 0.341
2026-10-01 22:39:39,912 | DEBUG | step 318 epoch 1 loss 0.6559 step_s 0.0053 peak_mem_gb 0.341
2026-10-01 22:39:39,918 | DEBUG | step 319 epoch 1 loss 0.6485 step_s 0.0053 peak_mem_gb 0.341
2026-10-01 22:39:39,924 | DEBUG | step 320 epoch 1 loss 0.6405 step_s 0.0054 peak_mem_gb 0.341
2026-10-01 22:39:39,930 | DEBUG | step 321 epoch 1 loss 0.6629 step_s 0.0053 peak_mem_gb 0.341
2026-10-01 22:39:39,936 | DEBUG | step 322 epoch 1 loss 0.6652 step_s 0.0053 peak_mem_gb 0.341
2026-10-01 22:39:39,942 | DEBUG | step 323 epoch 1 loss 0.6448 step_s 0.0053 peak_mem_gb 0.341
2026-10-01 22:39:39,948 | DEBUG | step 324 epoch 1 loss 0.6345 step_s 0.0054 peak_mem_gb 0.341
2026-10-01 22:39:39,954 | DEBUG | step 325 epoch 1 loss 0.6029 step_s 0.0054 peak_mem_gb 0.341
2026-10-01 22:39:39,961 | DEBUG | step 326 epoch 1 loss 0.6670 step_s 0.0055 peak_mem_gb 0.341
2026-10-01 22:39:39,967 | DEBUG | step 327 epoch 1 loss 0.6244 step_s 0.0054 peak_mem_gb 0.341
2026-10-01 22:39:39,973 | DEBUG | step 328 epoch 1 loss 0.6015 step_s 0.0053 peak_mem_gb 0.341
2026-10-01 22:39:39,979 | DEBUG | step 329 epoch 1 loss 0.6717 step_s 0.0054 peak_mem_gb 0.341
2026-10-01 22:39:39,985 | DEBUG | step 330 epoch 1 loss 0.6930 step_s 0.0053 peak_mem_gb 0.341
2026-10-01 22:39:39,991 | DEBUG | step 331 epoch 1 loss 0.6031 step_s 0.0054 peak_mem_gb 0.341
2026-10-01 22:39:39,997 | DEBUG | step 332 epoch 1 loss 0.6133 step_s 0.0054 peak_mem_gb 0.341
2026-10-01 22:39:40,003 | DEBUG | step 333 epoch 1 loss 0.7088 step_s 0.0054 peak_mem_gb 0.341
2026-10-01 22:39:40,009 | DEBUG | step 334 epoch 1 loss 0.6755 step_s 0.0054 peak_mem_gb 0.341
2026-10-01 22:39:40,015 | DEBUG | step 335 epoch 1 loss 0.6428 step_s 0.0053 peak_mem_gb 0.341
2026-10-01 22:39:40,021 | DEBUG | step 336 epoch 1 loss 0.6967 step_s 0.0054 peak_mem_gb 0.341
2026-10-01 22:39:40,027 | DEBUG | step 337 epoch 1 loss 0.6818 step_s 0.0054 peak_mem_gb 0.341
2026-10-01 22:39:40,033 | DEBUG | step 338 epoch 1 loss 0.6362 step_s 0.0054 peak_mem_gb 0.341
2026-10-01 22:39:40,039 | DEBUG | step 339 epoch 1 loss 0.6328 step_s 0.0054 peak_mem_gb 0.341
2026-10-01 22:39:40,045 | DEBUG | step 340 epoch 1 loss 0.6344 step_s 0.0054 peak_mem_gb 0.341
2026-10-01 22:39:40,051 | DEBUG | step 341 epoch 1 loss 0.6278 step_s 0.0054 peak_mem_gb 0.341
2026-10-01 22:39:40,057 | DEBUG | step 342 epoch 1 loss 0.7012 step_s 0.0054 peak_mem_gb 0.341
2026-10-01 22:39:40,063 | DEBUG | step 343 epoch 1 loss 0.6824 step_s 0.0054 peak_mem_gb 0.341
2026-10-01 22:39:40,069 | DEBUG | step 344 epoch 1 loss 0.6256 step_s 0.0053 peak_mem_gb 0.341
2026-10-01 22:39:40,076 | DEBUG | step 345 epoch 1 loss 0.6735 step_s 0.0055 peak_mem_gb 0.341
2026-10-01 22:39:40,082 | DEBUG | step 346 epoch 1 loss 0.7004 step_s 0.0054 peak_mem_gb 0.341
2026-10-01 22:39:40,088 | DEBUG | step 347 epoch 1 loss 0.7225 step_s 0.0054 peak_mem_gb 0.341
2026-10-01 22:39:40,094 | DEBUG | step 348 epoch 1 loss 0.6119 step_s 0.0054 peak_mem_gb 0.341
2026-10-01 22:39:40,100 | DEBUG | step 349 epoch 1 loss 0.6522 step_s 0.0053 peak_mem_gb 0.341
2026-10-01 22:39:40,106 | DEBUG | step 350 epoch 1 loss 0.6998 step_s 0.0054 peak_mem_gb 0.341
2026-10-01 22:39:40,112 | DEBUG | step 351 epoch 1 loss 0.7049 step_s 0.0054 peak_mem_gb 0.341
2026-10-01 22:39:40,118 | DEBUG | step 352 epoch 1 loss 0.6803 step_s 0.0054 peak_mem_gb 0.341
2026-10-01 22:39:40,124 | DEBUG | step 353 epoch 1 loss 0.7177 step_s 0.0055 peak_mem_gb 0.341
2026-10-01 22:39:40,130 | DEBUG | step 354 epoch 1 loss 0.7054 step_s 0.0053 peak_mem_gb 0.341
2026-10-01 22:39:40,136 | DEBUG | step 355 epoch 1 loss 0.6660 step_s 0.0053 peak_mem_gb 0.341
2026-10-01 22:39:40,142 | DEBUG | step 356 epoch 1 loss 0.7037 step_s 0.0054 peak_mem_gb 0.341
2026-10-01 22:39:40,148 | DEBUG | step 357 epoch 1 loss 0.6791 step_s 0.0053 peak_mem_gb 0.341
2026-10-01 22:39:40,154 | DEBUG | step 358 epoch 1 loss 0.6960 step_s 0.0054 peak_mem_gb 0.341
2026-10-01 22:39:40,160 | DEBUG | step 359 epoch 1 loss 0.6765 step_s 0.0053 peak_mem_gb 0.341
2026-10-01 22:39:40,166 | DEBUG | step 360 epoch 1 loss 0.6834 step_s 0.0054 peak_mem_gb 0.341
2026-10-01 22:39:40,172 | DEBUG | step 361 epoch 1 loss 0.6715 step_s 0.0054 peak_mem_gb 0.341
2026-10-01 22:39:40,178 | DEBUG | step 362 epoch 1 loss 0.6745 step_s 0.0054 peak_mem_gb 0.341
2026-10-01 22:39:40,184 | DEBUG | step 363 epoch 1 loss 0.6564 step_s 0.0053 peak_mem_gb 0.341
2026-10-01 22:39:40,190 | DEBUG | step 364 epoch 1 loss 0.6527 step_s 0.0054 peak_mem_gb 0.341
2026-10-01 22:39:40,196 | DEBUG | step 365 epoch 1 loss 0.6045 step_s 0.0053 peak_mem_gb 0.341
2026-10-01 22:39:40,202 | DEBUG | step 366 epoch 1 loss 0.7219 step_s 0.0054 peak_mem_gb 0.341
2026-10-01 22:39:40,208 | DEBUG | step 367 epoch 1 loss 0.6781 step_s 0.0054 peak_mem_gb 0.341
2026-10-01 22:39:40,214 | DEBUG | step 368 epoch 1 loss 0.6939 step_s 0.0053 peak_mem_gb 0.341
2026-10-01 22:39:40,220 | DEBUG | step 369 epoch 1 loss 0.6628 step_s 0.0054 peak_mem_gb 0.341
2026-10-01 22:39:40,226 | DEBUG | step 370 epoch 1 loss 0.6476 step_s 0.0054 peak_mem_gb 0.341
2026-10-01 22:39:40,232 | DEBUG | step 371 epoch 1 loss 0.6344 step_s 0.0053 peak_mem_gb 0.341
2026-10-01 22:39:40,238 | DEBUG | step 372 epoch 1 loss 0.6836 step_s 0.0054 peak_mem_gb 0.341
2026-10-01 22:39:40,245 | DEBUG | step 373 epoch 1 loss 0.6853 step_s 0.0054 peak_mem_gb 0.341
2026-10-01 22:39:40,251 | DEBUG | step 374 epoch 1 loss 0.6615 step_s 0.0054 peak_mem_gb 0.341
2026-10-01 22:39:40,257 | DEBUG | step 375 epoch 1 loss 0.6750 step_s 0.0054 peak_mem_gb 0.341
2026-10-01 22:39:40,263 | DEBUG | step 376 epoch 1 loss 0.6568 step_s 0.0054 peak_mem_gb 0.341
2026-10-01 22:39:40,269 | DEBUG | step 377 epoch 1 loss 0.6694 step_s 0.0054 peak_mem_gb 0.341
2026-10-01 22:39:40,275 | DEBUG | step 378 epoch 1 loss 0.6739 step_s 0.0054 peak_mem_gb 0.341
2026-10-01 22:39:40,281 | DEBUG | step 379 epoch 1 loss 0.6425 step_s 0.0054 peak_mem_gb 0.341
2026-10-01 22:39:40,287 | DEBUG | step 380 epoch 1 loss 0.6644 step_s 0.0053 peak_mem_gb 0.341
2026-10-01 22:39:40,293 | DEBUG | step 381 epoch 1 loss 0.6165 step_s 0.0054 peak_mem_gb 0.341
2026-10-01 22:39:40,299 | DEBUG | step 382 epoch 1 loss 0.6262 step_s 0.0054 peak_mem_gb 0.341
2026-10-01 22:39:40,305 | DEBUG | step 383 epoch 1 loss 0.5802 step_s 0.0054 peak_mem_gb 0.341
2026-10-01 22:39:40,311 | DEBUG | step 384 epoch 1 loss 0.6403 step_s 0.0054 peak_mem_gb 0.341
2026-10-01 22:39:40,317 | DEBUG | step 385 epoch 1 loss 0.7024 step_s 0.0053 peak_mem_gb 0.341
2026-10-01 22:39:40,323 | DEBUG | step 386 epoch 1 loss 0.6796 step_s 0.0054 peak_mem_gb 0.341
2026-10-01 22:39:40,329 | DEBUG | step 387 epoch 1 loss 0.6206 step_s 0.0054 peak_mem_gb 0.341
2026-10-01 22:39:40,335 | DEBUG | step 388 epoch 1 loss 0.6329 step_s 0.0054 peak_mem_gb 0.341
2026-10-01 22:39:40,341 | DEBUG | step 389 epoch 1 loss 0.6914 step_s 0.0054 peak_mem_gb 0.341
2026-10-01 22:39:40,348 | DEBUG | step 390 epoch 1 loss 0.6844 step_s 0.0054 peak_mem_gb 0.341
2026-10-01 22:39:40,354 | DEBUG | step 391 epoch 1 loss 0.5693 step_s 0.0053 peak_mem_gb 0.341
2026-10-01 22:39:40,360 | DEBUG | step 392 epoch 1 loss 0.7042 step_s 0.0053 peak_mem_gb 0.341
2026-10-01 22:39:40,366 | DEBUG | step 393 epoch 1 loss 0.6990 step_s 0.0054 peak_mem_gb 0.341
2026-10-01 22:39:40,372 | DEBUG | step 394 epoch 1 loss 0.6259 step_s 0.0053 peak_mem_gb 0.341
2026-10-01 22:39:40,378 | DEBUG | step 395 epoch 1 loss 0.5984 step_s 0.0054 peak_mem_gb 0.341
2026-10-01 22:39:40,384 | DEBUG | step 396 epoch 1 loss 0.5912 step_s 0.0053 peak_mem_gb 0.341
2026-10-01 22:39:40,390 | DEBUG | step 397 epoch 1 loss 0.6366 step_s 0.0053 peak_mem_gb 0.341
2026-10-01 22:39:40,396 | DEBUG | step 398 epoch 1 loss 0.6766 step_s 0.0053 peak_mem_gb 0.341
2026-10-01 22:39:40,402 | DEBUG | step 399 epoch 1 loss 0.6296 step_s 0.0054 peak_mem_gb 0.341
2026-10-01 22:39:40,408 | INFO | step 400 epoch 1 loss 0.6447 step_s 0.0053 peak_mem_gb 0.341
2026-10-01 22:39:40,415 | DEBUG | step 401 epoch 1 loss 0.5943 step_s 0.0055 peak_mem_gb 0.341
2026-10-01 22:39:40,421 | DEBUG | step 402 epoch 1 loss 0.6270 step_s 0.0054 peak_mem_gb 0.341
2026-10-01 22:39:40,427 | DEBUG | step 403 epoch 1 loss 0.6352 step_s 0.0054 peak_mem_gb 0.341
2026-10-01 22:39:40,433 | DEBUG | step 404 epoch 1 loss 0.6033 step_s 0.0053 peak_mem_gb 0.341
2026-10-01 22:39:40,439 | DEBUG | step 405 epoch 1 loss 0.5642 step_s 0.0054 peak_mem_gb 0.341
2026-10-01 22:39:40,445 | DEBUG | step 406 epoch 1 loss 0.6456 step_s 0.0054 peak_mem_gb 0.341
2026-10-01 22:39:40,451 | DEBUG | step 407 epoch 1 loss 0.6171 step_s 0.0054 peak_mem_gb 0.341
2026-10-01 22:39:40,457 | DEBUG | step 408 epoch 1 loss 0.5792 step_s 0.0053 peak_mem_gb 0.341
2026-10-01 22:39:40,463 | DEBUG | step 409 epoch 1 loss 0.5879 step_s 0.0054 peak_mem_gb 0.341
2026-10-01 22:39:40,469 | DEBUG | step 410 epoch 1 loss 0.6992 step_s 0.0053 peak_mem_gb 0.341
2026-10-01 22:39:40,476 | DEBUG | step 411 epoch 1 loss 0.7096 step_s 0.0054 peak_mem_gb 0.341
2026-10-01 22:39:40,482 | DEBUG | step 412 epoch 1 loss 0.5722 step_s 0.0054 peak_mem_gb 0.341
2026-10-01 22:39:40,488 | DEBUG | step 413 epoch 1 loss 0.6271 step_s 0.0054 peak_mem_gb 0.341
2026-10-01 22:39:40,494 | DEBUG | step 414 epoch 1 loss 0.6071 step_s 0.0054 peak_mem_gb 0.341
2026-10-01 22:39:40,500 | DEBUG | step 415 epoch 1 loss 0.5495 step_s 0.0054 peak_mem_gb 0.341
2026-10-01 22:39:40,506 | DEBUG | step 416 epoch 1 loss 0.6083 step_s 0.0054 peak_mem_gb 0.341
2026-10-01 22:39:40,512 | DEBUG | step 417 epoch 1 loss 0.6276 step_s 0.0055 peak_mem_gb 0.341
2026-10-01 22:39:40,519 | DEBUG | step 418 epoch 1 loss 0.6220 step_s 0.0056 peak_mem_gb 0.341
2026-10-01 22:39:40,525 | DEBUG | step 419 epoch 1 loss 0.6771 step_s 0.0055 peak_mem_gb 0.341
2026-10-01 22:39:40,531 | DEBUG | step 420 epoch 1 loss 0.6161 step_s 0.0055 peak_mem_gb 0.341
2026-10-01 22:39:40,538 | DEBUG | step 421 epoch 1 loss 0.5565 step_s 0.0054 peak_mem_gb 0.341
2026-10-01 22:39:40,544 | DEBUG | step 422 epoch 1 loss 0.6275 step_s 0.0053 peak_mem_gb 0.341
2026-10-01 22:39:40,550 | DEBUG | step 423 epoch 1 loss 0.5300 step_s 0.0053 peak_mem_gb 0.341
2026-10-01 22:39:40,557 | DEBUG | step 424 epoch 1 loss 0.6027 step_s 0.0061 peak_mem_gb 0.341
2026-10-01 22:39:40,563 | DEBUG | step 425 epoch 1 loss 0.5222 step_s 0.0054 peak_mem_gb 0.341
2026-10-01 22:39:40,569 | DEBUG | step 426 epoch 1 loss 0.6394 step_s 0.0054 peak_mem_gb 0.341
2026-10-01 22:39:40,575 | DEBUG | step 427 epoch 1 loss 0.5690 step_s 0.0054 peak_mem_gb 0.341
2026-10-01 22:39:40,581 | DEBUG | step 428 epoch 1 loss 0.6112 step_s 0.0054 peak_mem_gb 0.341
2026-10-01 22:39:40,587 | DEBUG | step 429 epoch 1 loss 0.6022 step_s 0.0054 peak_mem_gb 0.341
2026-10-01 22:39:40,593 | DEBUG | step 430 epoch 1 loss 0.6018 step_s 0.0054 peak_mem_gb 0.341
2026-10-01 22:39:40,599 | DEBUG | step 431 epoch 1 loss 0.6128 step_s 0.0054 peak_mem_gb 0.341
2026-10-01 22:39:40,605 | DEBUG | step 432 epoch 1 loss 0.5464 step_s 0.0053 peak_mem_gb 0.341
2026-10-01 22:39:40,611 | DEBUG | step 433 epoch 1 loss 0.6186 step_s 0.0054 peak_mem_gb 0.341
2026-10-01 22:39:40,617 | DEBUG | step 434 epoch 1 loss 0.7396 step_s 0.0053 peak_mem_gb 0.341
2026-10-01 22:39:40,623 | DEBUG | step 435 epoch 1 loss 0.6446 step_s 0.0054 peak_mem_gb 0.341
2026-10-01 22:39:40,629 | DEBUG | step 436 epoch 1 loss 0.5326 step_s 0.0054 peak_mem_gb 0.341
2026-10-01 22:39:40,635 | DEBUG | step 437 epoch 1 loss 0.6554 step_s 0.0054 peak_mem_gb 0.341
2026-10-01 22:39:40,641 | DEBUG | step 438 epoch 1 loss 0.6109 step_s 0.0054 peak_mem_gb 0.341
2026-10-01 22:39:40,647 | DEBUG | step 439 epoch 1 loss 0.5292 step_s 0.0054 peak_mem_gb 0.341
2026-10-01 22:39:40,653 | DEBUG | step 440 epoch 1 loss 0.5287 step_s 0.0053 peak_mem_gb 0.341
2026-10-01 22:39:40,659 | DEBUG | step 441 epoch 1 loss 0.5091 step_s 0.0054 peak_mem_gb 0.341
2026-10-01 22:39:40,665 | DEBUG | step 442 epoch 1 loss 0.5466 step_s 0.0053 peak_mem_gb 0.341
2026-10-01 22:39:40,671 | DEBUG | step 443 epoch 1 loss 0.6499 step_s 0.0054 peak_mem_gb 0.341
2026-10-01 22:39:40,677 | DEBUG | step 444 epoch 1 loss 0.6663 step_s 0.0054 peak_mem_gb 0.341
2026-10-01 22:39:40,684 | DEBUG | step 445 epoch 1 loss 0.5666 step_s 0.0054 peak_mem_gb 0.341
2026-10-01 22:39:40,690 | DEBUG | step 446 epoch 1 loss 0.5345 step_s 0.0053 peak_mem_gb 0.341
2026-10-01 22:39:40,696 | DEBUG | step 447 epoch 1 loss 0.5660 step_s 0.0054 peak_mem_gb 0.341
2026-10-01 22:39:40,702 | DEBUG | step 448 epoch 1 loss 0.5776 step_s 0.0054 peak_mem_gb 0.341
2026-10-01 22:39:40,708 | DEBUG | step 449 epoch 1 loss 0.5908 step_s 0.0054 peak_mem_gb 0.341
2026-10-01 22:39:40,714 | DEBUG | step 450 epoch 1 loss 0.5810 step_s 0.0053 peak_mem_gb 0.341
2026-10-01 22:39:40,720 | DEBUG | step 451 epoch 1 loss 0.5539 step_s 0.0054 peak_mem_gb 0.341
2026-10-01 22:39:40,726 | DEBUG | step 452 epoch 1 loss 0.6114 step_s 0.0053 peak_mem_gb 0.341
2026-10-01 22:39:40,732 | DEBUG | step 453 epoch 1 loss 0.6553 step_s 0.0054 peak_mem_gb 0.341
2026-10-01 22:39:40,738 | DEBUG | step 454 epoch 1 loss 0.5120 step_s 0.0053 peak_mem_gb 0.341
2026-10-01 22:39:40,744 | DEBUG | step 455 epoch 1 loss 0.6204 step_s 0.0055 peak_mem_gb 0.341
2026-10-01 22:39:40,750 | DEBUG | step 456 epoch 1 loss 0.6480 step_s 0.0054 peak_mem_gb 0.341
2026-10-01 22:39:40,756 | DEBUG | step 457 epoch 1 loss 0.5744 step_s 0.0054 peak_mem_gb 0.341
2026-10-01 22:39:40,762 | DEBUG | step 458 epoch 1 loss 0.6523 step_s 0.0054 peak_mem_gb 0.341
2026-10-01 22:39:40,768 | DEBUG | step 459 epoch 1 loss 0.5406 step_s 0.0053 peak_mem_gb 0.341
2026-10-01 22:39:40,774 | DEBUG | step 460 epoch 1 loss 0.6775 step_s 0.0054 peak_mem_gb 0.341
2026-10-01 22:39:40,780 | DEBUG | step 461 epoch 1 loss 0.6233 step_s 0.0053 peak_mem_gb 0.341
2026-10-01 22:39:40,786 | DEBUG | step 462 epoch 1 loss 0.5400 step_s 0.0053 peak_mem_gb 0.341
2026-10-01 22:39:40,792 | DEBUG | step 463 epoch 1 loss 0.6653 step_s 0.0054 peak_mem_gb 0.341
2026-10-01 22:39:40,798 | DEBUG | step 464 epoch 1 loss 0.5874 step_s 0.0053 peak_mem_gb 0.341
2026-10-01 22:39:40,804 | DEBUG | step 465 epoch 1 loss 0.5463 step_s 0.0054 peak_mem_gb 0.341
2026-10-01 22:39:40,810 | DEBUG | step 466 epoch 1 loss 0.6018 step_s 0.0054 peak_mem_gb 0.341
2026-10-01 22:39:40,816 | DEBUG | step 467 epoch 1 loss 0.5940 step_s 0.0053 peak_mem_gb 0.341
2026-10-01 22:39:40,823 | DEBUG | step 468 epoch 1 loss 0.6077 step_s 0.0054 peak_mem_gb 0.341
2026-10-01 22:39:40,829 | DEBUG | step 469 epoch 1 loss 0.6163 step_s 0.0053 peak_mem_gb 0.341
2026-10-01 22:39:40,835 | DEBUG | step 470 epoch 1 loss 0.6783 step_s 0.0053 peak_mem_gb 0.341
2026-10-01 22:39:40,841 | DEBUG | step 471 epoch 1 loss 0.5251 step_s 0.0054 peak_mem_gb 0.341
2026-10-01 22:39:40,847 | DEBUG | step 472 epoch 1 loss 0.5624 step_s 0.0053 peak_mem_gb 0.341
2026-10-01 22:39:40,853 | DEBUG | step 473 epoch 1 loss 0.5617 step_s 0.0054 peak_mem_gb 0.341
2026-10-01 22:39:40,859 | DEBUG | step 474 epoch 1 loss 0.5842 step_s 0.0054 peak_mem_gb 0.341
2026-10-01 22:39:40,865 | DEBUG | step 475 epoch 1 loss 0.5914 step_s 0.0053 peak_mem_gb 0.341
2026-10-01 22:39:40,871 | DEBUG | step 476 epoch 1 loss 0.5899 step_s 0.0054 peak_mem_gb 0.341
2026-10-01 22:39:40,877 | DEBUG | step 477 epoch 1 loss 0.5521 step_s 0.0053 peak_mem_gb 0.341
2026-10-01 22:39:40,883 | DEBUG | step 478 epoch 1 loss 0.5565 step_s 0.0054 peak_mem_gb 0.341
2026-10-01 22:39:40,889 | DEBUG | step 479 epoch 1 loss 0.5500 step_s 0.0053 peak_mem_gb 0.341
2026-10-01 22:39:40,895 | DEBUG | step 480 epoch 1 loss 0.6426 step_s 0.0053 peak_mem_gb 0.341
2026-10-01 22:39:40,901 | DEBUG | step 481 epoch 1 loss 0.6030 step_s 0.0054 peak_mem_gb 0.341
2026-10-01 22:39:40,907 | DEBUG | step 482 epoch 1 loss 0.5499 step_s 0.0054 peak_mem_gb 0.341
2026-10-01 22:39:40,913 | DEBUG | step 483 epoch 1 loss 0.5131 step_s 0.0053 peak_mem_gb 0.341
2026-10-01 22:39:40,919 | DEBUG | step 484 epoch 1 loss 0.6246 step_s 0.0055 peak_mem_gb 0.341
2026-10-01 22:39:40,925 | DEBUG | step 485 epoch 1 loss 0.5876 step_s 0.0053 peak_mem_gb 0.341
2026-10-01 22:39:40,931 | DEBUG | step 486 epoch 1 loss 0.5153 step_s 0.0054 peak_mem_gb 0.341
2026-10-01 22:39:40,937 | DEBUG | step 487 epoch 1 loss 0.5335 step_s 0.0053 peak_mem_gb 0.341
2026-10-01 22:39:40,943 | DEBUG | step 488 epoch 1 loss 0.6199 step_s 0.0054 peak_mem_gb 0.341
2026-10-01 22:39:40,949 | DEBUG | step 489 epoch 1 loss 0.5041 step_s 0.0053 peak_mem_gb 0.341
2026-10-01 22:39:40,955 | DEBUG | step 490 epoch 1 loss 0.6548 step_s 0.0054 peak_mem_gb 0.341
2026-10-01 22:39:40,962 | DEBUG | step 491 epoch 1 loss 0.6234 step_s 0.0054 peak_mem_gb 0.341
2026-10-01 22:39:40,968 | DEBUG | step 492 epoch 1 loss 0.5419 step_s 0.0054 peak_mem_gb 0.341
2026-10-01 22:39:40,974 | DEBUG | step 493 epoch 1 loss 0.4333 step_s 0.0054 peak_mem_gb 0.341
2026-10-01 22:39:40,980 | DEBUG | step 494 epoch 1 loss 0.7328 step_s 0.0053 peak_mem_gb 0.341
2026-10-01 22:39:40,986 | DEBUG | step 495 epoch 1 loss 0.5981 step_s 0.0053 peak_mem_gb 0.341
2026-10-01 22:39:40,992 | DEBUG | step 496 epoch 1 loss 0.5298 step_s 0.0054 peak_mem_gb 0.341
2026-10-01 22:39:40,998 | DEBUG | step 497 epoch 1 loss 0.5956 step_s 0.0054 peak_mem_gb 0.341
2026-10-01 22:39:41,004 | DEBUG | step 498 epoch 1 loss 0.5155 step_s 0.0054 peak_mem_gb 0.341
2026-10-01 22:39:41,010 | DEBUG | step 499 epoch 1 loss 0.5439 step_s 0.0054 peak_mem_gb 0.341
2026-10-01 22:39:41,016 | DEBUG | step 500 epoch 1 loss 0.5256 step_s 0.0054 peak_mem_gb 0.341
2026-10-01 22:39:41,022 | DEBUG | step 501 epoch 1 loss 0.5649 step_s 0.0054 peak_mem_gb 0.341
2026-10-01 22:39:41,028 | DEBUG | step 502 epoch 1 loss 0.5036 step_s 0.0054 peak_mem_gb 0.341
2026-10-01 22:39:41,034 | DEBUG | step 503 epoch 1 loss 0.4946 step_s 0.0054 peak_mem_gb 0.341
2026-10-01 22:39:41,040 | DEBUG | step 504 epoch 1 loss 0.5060 step_s 0.0054 peak_mem_gb 0.341
2026-10-01 22:39:41,046 | DEBUG | step 505 epoch 1 loss 0.5585 step_s 0.0054 peak_mem_gb 0.341
2026-10-01 22:39:41,052 | DEBUG | step 506 epoch 1 loss 0.5174 step_s 0.0053 peak_mem_gb 0.341
2026-10-01 22:39:41,058 | DEBUG | step 507 epoch 1 loss 0.5717 step_s 0.0054 peak_mem_gb 0.341
2026-10-01 22:39:41,064 | DEBUG | step 508 epoch 1 loss 0.5346 step_s 0.0054 peak_mem_gb 0.341
2026-10-01 22:39:41,070 | DEBUG | step 509 epoch 1 loss 0.6936 step_s 0.0054 peak_mem_gb 0.341
2026-10-01 22:39:41,076 | DEBUG | step 510 epoch 1 loss 0.4632 step_s 0.0054 peak_mem_gb 0.341
2026-10-01 22:39:41,083 | DEBUG | step 511 epoch 1 loss 0.4769 step_s 0.0054 peak_mem_gb 0.341
2026-10-01 22:39:41,089 | DEBUG | step 512 epoch 1 loss 0.5233 step_s 0.0054 peak_mem_gb 0.341
2026-10-01 22:39:41,095 | DEBUG | step 513 epoch 1 loss 0.5612 step_s 0.0054 peak_mem_gb 0.341
2026-10-01 22:39:41,101 | DEBUG | step 514 epoch 1 loss 0.5423 step_s 0.0054 peak_mem_gb 0.341
2026-10-01 22:39:41,107 | DEBUG | step 515 epoch 1 loss 0.5880 step_s 0.0054 peak_mem_gb 0.341
2026-10-01 22:39:41,113 | DEBUG | step 516 epoch 1 loss 0.5257 step_s 0.0054 peak_mem_gb 0.341
2026-10-01 22:39:41,119 | DEBUG | step 517 epoch 1 loss 0.5063 step_s 0.0053 peak_mem_gb 0.341
2026-10-01 22:39:41,125 | DEBUG | step 518 epoch 1 loss 0.5208 step_s 0.0054 peak_mem_gb 0.341
2026-10-01 22:39:41,131 | DEBUG | step 519 epoch 1 loss 0.4768 step_s 0.0054 peak_mem_gb 0.341
2026-10-01 22:39:41,137 | DEBUG | step 520 epoch 1 loss 0.5964 step_s 0.0053 peak_mem_gb 0.341
2026-10-01 22:39:41,143 | DEBUG | step 521 epoch 1 loss 0.6018 step_s 0.0054 peak_mem_gb 0.341
2026-10-01 22:39:41,149 | DEBUG | step 522 epoch 1 loss 0.4814 step_s 0.0054 peak_mem_gb 0.341
2026-10-01 22:39:41,155 | DEBUG | step 523 epoch 1 loss 0.5597 step_s 0.0054 peak_mem_gb 0.341
2026-10-01 22:39:41,161 | DEBUG | step 524 epoch 1 loss 0.4678 step_s 0.0054 peak_mem_gb 0.341
2026-10-01 22:39:41,167 | DEBUG | step 525 epoch 1 loss 0.5783 step_s 0.0054 peak_mem_gb 0.341
2026-10-01 22:39:41,173 | DEBUG | step 526 epoch 1 loss 0.6498 step_s 0.0054 peak_mem_gb 0.341
2026-10-01 22:39:41,179 | DEBUG | step 527 epoch 1 loss 0.4939 step_s 0.0054 peak_mem_gb 0.341
2026-10-01 22:39:41,185 | DEBUG | step 528 epoch 1 loss 0.4842 step_s 0.0054 peak_mem_gb 0.341
2026-10-01 22:39:41,192 | DEBUG | step 529 epoch 1 loss 0.5988 step_s 0.0054 peak_mem_gb 0.341
2026-10-01 22:39:41,198 | DEBUG | step 530 epoch 1 loss 0.4806 step_s 0.0054 peak_mem_gb 0.341
2026-10-01 22:39:41,204 | DEBUG | step 531 epoch 1 loss 0.6054 step_s 0.0053 peak_mem_gb 0.341
2026-10-01 22:39:41,210 | DEBUG | step 532 epoch 1 loss 0.3858 step_s 0.0053 peak_mem_gb 0.341
2026-10-01 22:39:41,216 | DEBUG | step 533 epoch 1 loss 0.4484 step_s 0.0053 peak_mem_gb 0.341
2026-10-01 22:39:41,222 | DEBUG | step 534 epoch 1 loss 0.4135 step_s 0.0055 peak_mem_gb 0.341
2026-10-01 22:39:41,228 | DEBUG | step 535 epoch 1 loss 0.5476 step_s 0.0054 peak_mem_gb 0.341
2026-10-01 22:39:41,234 | DEBUG | step 536 epoch 1 loss 0.5249 step_s 0.0054 peak_mem_gb 0.341
2026-10-01 22:39:41,240 | DEBUG | step 537 epoch 1 loss 0.4806 step_s 0.0053 peak_mem_gb 0.341
2026-10-01 22:39:41,246 | DEBUG | step 538 epoch 1 loss 0.5268 step_s 0.0054 peak_mem_gb 0.341
2026-10-01 22:39:41,252 | DEBUG | step 539 epoch 1 loss 0.5581 step_s 0.0054 peak_mem_gb 0.341
2026-10-01 22:39:41,258 | DEBUG | step 540 epoch 1 loss 0.4870 step_s 0.0054 peak_mem_gb 0.341
2026-10-01 22:39:41,264 | DEBUG | step 541 epoch 1 loss 0.6000 step_s 0.0054 peak_mem_gb 0.341
2026-10-01 22:39:41,270 | DEBUG | step 542 epoch 1 loss 0.4910 step_s 0.0053 peak_mem_gb 0.341
2026-10-01 22:39:41,276 | DEBUG | step 543 epoch 1 loss 0.4817 step_s 0.0053 peak_mem_gb 0.341
2026-10-01 22:39:41,282 | DEBUG | step 544 epoch 1 loss 0.6429 step_s 0.0054 peak_mem_gb 0.341
2026-10-01 22:39:41,289 | DEBUG | step 545 epoch 1 loss 0.4772 step_s 0.0055 peak_mem_gb 0.341
2026-10-01 22:39:41,296 | DEBUG | step 546 epoch 1 loss 0.5498 step_s 0.0056 peak_mem_gb 0.341
2026-10-01 22:39:41,303 | DEBUG | step 547 epoch 1 loss 0.5771 step_s 0.0059 peak_mem_gb 0.341
2026-10-01 22:39:41,309 | DEBUG | step 548 epoch 1 loss 0.4998 step_s 0.0054 peak_mem_gb 0.341
2026-10-01 22:39:41,315 | DEBUG | step 549 epoch 1 loss 0.5102 step_s 0.0054 peak_mem_gb 0.341
2026-10-01 22:39:41,321 | DEBUG | step 550 epoch 1 loss 0.5266 step_s 0.0054 peak_mem_gb 0.341
2026-10-01 22:39:41,328 | DEBUG | step 551 epoch 1 loss 0.4287 step_s 0.0055 peak_mem_gb 0.341
2026-10-01 22:39:41,334 | DEBUG | step 552 epoch 1 loss 0.4616 step_s 0.0053 peak_mem_gb 0.341
2026-10-01 22:39:41,340 | DEBUG | step 553 epoch 1 loss 0.5720 step_s 0.0054 peak_mem_gb 0.341
2026-10-01 22:39:41,346 | DEBUG | step 554 epoch 1 loss 0.6008 step_s 0.0053 peak_mem_gb 0.341
2026-10-01 22:39:41,352 | DEBUG | step 555 epoch 1 loss 0.5058 step_s 0.0053 peak_mem_gb 0.341
2026-10-01 22:39:41,358 | DEBUG | step 556 epoch 1 loss 0.6991 step_s 0.0054 peak_mem_gb 0.341
2026-10-01 22:39:41,364 | DEBUG | step 557 epoch 1 loss 0.5662 step_s 0.0054 peak_mem_gb 0.341
2026-10-01 22:39:41,370 | DEBUG | step 558 epoch 1 loss 0.4611 step_s 0.0053 peak_mem_gb 0.341
2026-10-01 22:39:41,376 | DEBUG | step 559 epoch 1 loss 0.5169 step_s 0.0054 peak_mem_gb 0.341
2026-10-01 22:39:41,382 | DEBUG | step 560 epoch 1 loss 0.5052 step_s 0.0054 peak_mem_gb 0.341
2026-10-01 22:39:41,388 | DEBUG | step 561 epoch 1 loss 0.4353 step_s 0.0054 peak_mem_gb 0.341
2026-10-01 22:39:41,395 | DEBUG | step 562 epoch 1 loss 0.5517 step_s 0.0055 peak_mem_gb 0.341
2026-10-01 22:39:41,401 | DEBUG | step 563 epoch 1 loss 0.5424 step_s 0.0054 peak_mem_gb 0.341
2026-10-01 22:39:41,407 | DEBUG | step 564 epoch 1 loss 0.4372 step_s 0.0054 peak_mem_gb 0.341
2026-10-01 22:39:41,413 | DEBUG | step 565 epoch 1 loss 0.4360 step_s 0.0054 peak_mem_gb 0.341
2026-10-01 22:39:41,419 | DEBUG | step 566 epoch 1 loss 0.4579 step_s 0.0054 peak_mem_gb 0.341
2026-10-01 22:39:41,425 | DEBUG | step 567 epoch 1 loss 0.4903 step_s 0.0053 peak_mem_gb 0.341
2026-10-01 22:39:41,431 | DEBUG | step 568 epoch 1 loss 0.6029 step_s 0.0053 peak_mem_gb 0.341
2026-10-01 22:39:41,437 | DEBUG | step 569 epoch 1 loss 0.7227 step_s 0.0053 peak_mem_gb 0.341
2026-10-01 22:39:41,443 | DEBUG | step 570 epoch 1 loss 0.4201 step_s 0.0053 peak_mem_gb 0.341
2026-10-01 22:39:41,449 | DEBUG | step 571 epoch 1 loss 0.7627 step_s 0.0053 peak_mem_gb 0.341
2026-10-01 22:39:41,455 | DEBUG | step 572 epoch 1 loss 0.8247 step_s 0.0054 peak_mem_gb 0.341
2026-10-01 22:39:41,462 | DEBUG | step 573 epoch 1 loss 0.4526 step_s 0.0054 peak_mem_gb 0.341
2026-10-01 22:39:41,468 | DEBUG | step 574 epoch 1 loss 0.6786 step_s 0.0054 peak_mem_gb 0.341
2026-10-01 22:39:41,474 | DEBUG | step 575 epoch 1 loss 0.6996 step_s 0.0054 peak_mem_gb 0.341
2026-10-01 22:39:41,480 | DEBUG | step 576 epoch 1 loss 0.4527 step_s 0.0053 peak_mem_gb 0.341
2026-10-01 22:39:41,486 | DEBUG | step 577 epoch 1 loss 0.5226 step_s 0.0054 peak_mem_gb 0.341
2026-10-01 22:39:41,492 | DEBUG | step 578 epoch 1 loss 0.5664 step_s 0.0054 peak_mem_gb 0.341
2026-10-01 22:39:41,498 | DEBUG | step 579 epoch 1 loss 0.6289 step_s 0.0054 peak_mem_gb 0.341
2026-10-01 22:39:41,504 | DEBUG | step 580 epoch 1 loss 0.5800 step_s 0.0054 peak_mem_gb 0.341
2026-10-01 22:39:41,510 | DEBUG | step 581 epoch 1 loss 0.5447 step_s 0.0054 peak_mem_gb 0.341
2026-10-01 22:39:41,516 | DEBUG | step 582 epoch 1 loss 0.5259 step_s 0.0054 peak_mem_gb 0.341
2026-10-01 22:39:41,522 | DEBUG | step 583 epoch 1 loss 0.5280 step_s 0.0054 peak_mem_gb 0.341
2026-10-01 22:39:41,528 | DEBUG | step 584 epoch 1 loss 0.5459 step_s 0.0054 peak_mem_gb 0.341
2026-10-01 22:39:41,534 | DEBUG | step 585 epoch 1 loss 0.5193 step_s 0.0054 peak_mem_gb 0.341
2026-10-01 22:39:41,540 | DEBUG | step 586 epoch 1 loss 0.5745 step_s 0.0053 peak_mem_gb 0.341
2026-10-01 22:39:41,546 | DEBUG | step 587 epoch 1 loss 0.5649 step_s 0.0054 peak_mem_gb 0.341
2026-10-01 22:39:41,552 | DEBUG | step 588 epoch 1 loss 0.5353 step_s 0.0054 peak_mem_gb 0.341
2026-10-01 22:39:41,558 | DEBUG | step 589 epoch 1 loss 0.5425 step_s 0.0054 peak_mem_gb 0.341
2026-10-01 22:39:41,564 | DEBUG | step 590 epoch 1 loss 0.4859 step_s 0.0053 peak_mem_gb 0.341
2026-10-01 22:39:41,570 | DEBUG | step 591 epoch 1 loss 0.5720 step_s 0.0053 peak_mem_gb 0.341
2026-10-01 22:39:41,576 | DEBUG | step 592 epoch 1 loss 0.5257 step_s 0.0054 peak_mem_gb 0.341
2026-10-01 22:39:41,582 | DEBUG | step 593 epoch 1 loss 0.4950 step_s 0.0054 peak_mem_gb 0.341
2026-10-01 22:39:41,588 | DEBUG | step 594 epoch 1 loss 0.5654 step_s 0.0054 peak_mem_gb 0.341
2026-10-01 22:39:41,594 | DEBUG | step 595 epoch 1 loss 0.3933 step_s 0.0054 peak_mem_gb 0.341
2026-10-01 22:39:41,600 | DEBUG | step 596 epoch 1 loss 0.4666 step_s 0.0053 peak_mem_gb 0.341
2026-10-01 22:39:41,607 | DEBUG | step 597 epoch 1 loss 0.5136 step_s 0.0053 peak_mem_gb 0.341
2026-10-01 22:39:41,613 | DEBUG | step 598 epoch 1 loss 0.4589 step_s 0.0054 peak_mem_gb 0.341
2026-10-01 22:39:41,619 | DEBUG | step 599 epoch 1 loss 0.4848 step_s 0.0054 peak_mem_gb 0.341
2026-10-01 22:39:41,625 | INFO | step 600 epoch 1 loss 0.4898 step_s 0.0054 peak_mem_gb 0.341
2026-10-01 22:39:41,632 | DEBUG | step 601 epoch 1 loss 0.5122 step_s 0.0054 peak_mem_gb 0.341
2026-10-01 22:39:41,642 | DEBUG | step 602 epoch 1 loss 0.6499 step_s 0.0083 peak_mem_gb 0.341
2026-10-01 22:39:41,649 | DEBUG | step 603 epoch 1 loss 0.5567 step_s 0.0063 peak_mem_gb 0.341
2026-10-01 22:39:41,657 | DEBUG | step 604 epoch 1 loss 0.4272 step_s 0.0062 peak_mem_gb 0.341
2026-10-01 22:39:41,665 | DEBUG | step 605 epoch 1 loss 0.5549 step_s 0.0066 peak_mem_gb 0.341
2026-10-01 22:39:41,672 | DEBUG | step 606 epoch 1 loss 0.4466 step_s 0.0058 peak_mem_gb 0.341
2026-10-01 22:39:41,679 | DEBUG | step 607 epoch 1 loss 0.4485 step_s 0.0055 peak_mem_gb 0.341
2026-10-01 22:39:41,685 | DEBUG | step 608 epoch 1 loss 0.4474 step_s 0.0055 peak_mem_gb 0.341
2026-10-01 22:39:41,691 | DEBUG | step 609 epoch 1 loss 0.5466 step_s 0.0054 peak_mem_gb 0.341
2026-10-01 22:39:41,697 | DEBUG | step 610 epoch 1 loss 0.4582 step_s 0.0054 peak_mem_gb 0.341
2026-10-01 22:39:41,703 | DEBUG | step 611 epoch 1 loss 0.6205 step_s 0.0054 peak_mem_gb 0.341
2026-10-01 22:39:41,709 | DEBUG | step 612 epoch 1 loss 0.4900 step_s 0.0054 peak_mem_gb 0.341
2026-10-01 22:39:41,715 | DEBUG | step 613 epoch 1 loss 0.6123 step_s 0.0053 peak_mem_gb 0.341
2026-10-01 22:39:41,721 | DEBUG | step 614 epoch 1 loss 0.6234 step_s 0.0054 peak_mem_gb 0.341
2026-10-01 22:39:41,727 | DEBUG | step 615 epoch 1 loss 0.4788 step_s 0.0055 peak_mem_gb 0.341
2026-10-01 22:39:41,733 | DEBUG | step 616 epoch 1 loss 0.5737 step_s 0.0054 peak_mem_gb 0.341
2026-10-01 22:39:41,739 | DEBUG | step 617 epoch 1 loss 0.5392 step_s 0.0054 peak_mem_gb 0.341
2026-10-01 22:39:41,746 | DEBUG | step 618 epoch 1 loss 0.4517 step_s 0.0054 peak_mem_gb 0.341
2026-10-01 22:39:41,752 | DEBUG | step 619 epoch 1 loss 0.5306 step_s 0.0053 peak_mem_gb 0.341
2026-10-01 22:39:41,758 | DEBUG | step 620 epoch 1 loss 0.4527 step_s 0.0054 peak_mem_gb 0.341
2026-10-01 22:39:41,764 | DEBUG | step 621 epoch 1 loss 0.5339 step_s 0.0054 peak_mem_gb 0.341
2026-10-01 22:39:41,770 | DEBUG | step 622 epoch 1 loss 0.5045 step_s 0.0054 peak_mem_gb 0.341
2026-10-01 22:39:41,776 | DEBUG | step 623 epoch 1 loss 0.4646 step_s 0.0053 peak_mem_gb 0.341
2026-10-01 22:39:41,782 | DEBUG | step 624 epoch 1 loss 0.3372 step_s 0.0053 peak_mem_gb 0.341
2026-10-01 22:39:41,788 | DEBUG | step 625 epoch 1 loss 0.4882 step_s 0.0054 peak_mem_gb 0.341
2026-10-01 22:39:41,794 | DEBUG | step 626 epoch 1 loss 0.4832 step_s 0.0054 peak_mem_gb 0.341
2026-10-01 22:39:41,800 | DEBUG | step 627 epoch 1 loss 0.4627 step_s 0.0054 peak_mem_gb 0.341
2026-10-01 22:39:41,806 | DEBUG | step 628 epoch 1 loss 0.4516 step_s 0.0053 peak_mem_gb 0.341
2026-10-01 22:39:41,812 | DEBUG | step 629 epoch 1 loss 0.4676 step_s 0.0054 peak_mem_gb 0.341
2026-10-01 22:39:41,818 | DEBUG | step 630 epoch 1 loss 0.4264 step_s 0.0054 peak_mem_gb 0.341
2026-10-01 22:39:41,824 | DEBUG | step 631 epoch 1 loss 0.5480 step_s 0.0054 peak_mem_gb 0.341
2026-10-01 22:39:41,830 | DEBUG | step 632 epoch 1 loss 0.4566 step_s 0.0053 peak_mem_gb 0.341
2026-10-01 22:39:41,836 | DEBUG | step 633 epoch 1 loss 0.4196 step_s 0.0054 peak_mem_gb 0.341
2026-10-01 22:39:41,842 | DEBUG | step 634 epoch 1 loss 0.5200 step_s 0.0054 peak_mem_gb 0.341
2026-10-01 22:39:41,848 | DEBUG | step 635 epoch 1 loss 0.5056 step_s 0.0054 peak_mem_gb 0.341
2026-10-01 22:39:41,854 | DEBUG | step 636 epoch 1 loss 0.5054 step_s 0.0053 peak_mem_gb 0.341
2026-10-01 22:39:41,860 | DEBUG | step 637 epoch 1 loss 0.6640 step_s 0.0054 peak_mem_gb 0.341
2026-10-01 22:39:41,866 | DEBUG | step 638 epoch 1 loss 0.4594 step_s 0.0054 peak_mem_gb 0.341
2026-10-01 22:39:41,872 | DEBUG | step 639 epoch 1 loss 0.3965 step_s 0.0053 peak_mem_gb 0.341
2026-10-01 22:39:41,878 | DEBUG | step 640 epoch 1 loss 0.6380 step_s 0.0054 peak_mem_gb 0.341
2026-10-01 22:39:41,885 | DEBUG | step 641 epoch 1 loss 0.6848 step_s 0.0054 peak_mem_gb 0.341
2026-10-01 22:39:41,890 | DEBUG | step 642 epoch 1 loss 0.4706 step_s 0.0053 peak_mem_gb 0.341
2026-10-01 22:39:41,897 | DEBUG | step 643 epoch 1 loss 0.4515 step_s 0.0054 peak_mem_gb 0.341
2026-10-01 22:39:41,903 | DEBUG | step 644 epoch 1 loss 0.6735 step_s 0.0053 peak_mem_gb 0.341
2026-10-01 22:39:41,909 | DEBUG | step 645 epoch 1 loss 0.4105 step_s 0.0053 peak_mem_gb 0.341
2026-10-01 22:39:41,915 | DEBUG | step 646 epoch 1 loss 0.5799 step_s 0.0053 peak_mem_gb 0.341
2026-10-01 22:39:41,921 | DEBUG | step 647 epoch 1 loss 0.4738 step_s 0.0053 peak_mem_gb 0.341
2026-10-01 22:39:41,927 | DEBUG | step 648 epoch 1 loss 0.5159 step_s 0.0053 peak_mem_gb 0.341
2026-10-01 22:39:41,933 | DEBUG | step 649 epoch 1 loss 0.6345 step_s 0.0054 peak_mem_gb 0.341
2026-10-01 22:39:41,939 | DEBUG | step 650 epoch 1 loss 0.5200 step_s 0.0053 peak_mem_gb 0.341
2026-10-01 22:39:41,945 | DEBUG | step 651 epoch 1 loss 0.5374 step_s 0.0055 peak_mem_gb 0.341
2026-10-01 22:39:41,951 | DEBUG | step 652 epoch 1 loss 0.5485 step_s 0.0053 peak_mem_gb 0.341
2026-10-01 22:39:41,957 | DEBUG | step 653 epoch 1 loss 0.4613 step_s 0.0054 peak_mem_gb 0.341
2026-10-01 22:39:41,963 | DEBUG | step 654 epoch 1 loss 0.5882 step_s 0.0054 peak_mem_gb 0.341
2026-10-01 22:39:41,969 | DEBUG | step 655 epoch 1 loss 0.4762 step_s 0.0054 peak_mem_gb 0.341
2026-10-01 22:39:41,975 | DEBUG | step 656 epoch 1 loss 0.4350 step_s 0.0054 peak_mem_gb 0.341
2026-10-01 22:39:41,981 | DEBUG | step 657 epoch 1 loss 0.4332 step_s 0.0053 peak_mem_gb 0.341
2026-10-01 22:39:41,987 | DEBUG | step 658 epoch 1 loss 0.4596 step_s 0.0054 peak_mem_gb 0.341
2026-10-01 22:39:41,993 | DEBUG | step 659 epoch 1 loss 0.3912 step_s 0.0054 peak_mem_gb 0.341
2026-10-01 22:39:41,999 | DEBUG | step 660 epoch 1 loss 0.5913 step_s 0.0054 peak_mem_gb 0.341
2026-10-01 22:39:42,005 | DEBUG | step 661 epoch 1 loss 0.5652 step_s 0.0054 peak_mem_gb 0.341
2026-10-01 22:39:42,012 | DEBUG | step 662 epoch 1 loss 0.5124 step_s 0.0054 peak_mem_gb 0.341
2026-10-01 22:39:42,017 | DEBUG | step 663 epoch 1 loss 0.5408 step_s 0.0053 peak_mem_gb 0.341
2026-10-01 22:39:42,023 | DEBUG | step 664 epoch 1 loss 0.7059 step_s 0.0053 peak_mem_gb 0.341
2026-10-01 22:39:42,029 | DEBUG | step 665 epoch 1 loss 0.4654 step_s 0.0054 peak_mem_gb 0.341
2026-10-01 22:39:42,036 | DEBUG | step 666 epoch 1 loss 0.5490 step_s 0.0053 peak_mem_gb 0.341
2026-10-01 22:39:42,042 | DEBUG | step 667 epoch 1 loss 0.4688 step_s 0.0061 peak_mem_gb 0.341
2026-10-01 22:39:42,048 | DEBUG | step 668 epoch 1 loss 0.4305 step_s 0.0054 peak_mem_gb 0.341
2026-10-01 22:39:42,054 | DEBUG | step 669 epoch 1 loss 0.4771 step_s 0.0054 peak_mem_gb 0.341
2026-10-01 22:39:42,061 | DEBUG | step 670 epoch 1 loss 0.5249 step_s 0.0054 peak_mem_gb 0.341
2026-10-01 22:39:42,066 | DEBUG | step 671 epoch 1 loss 0.5556 step_s 0.0053 peak_mem_gb 0.341
2026-10-01 22:39:42,072 | DEBUG | step 672 epoch 1 loss 0.4315 step_s 0.0054 peak_mem_gb 0.341
2026-10-01 22:39:42,079 | DEBUG | step 673 epoch 1 loss 0.5029 step_s 0.0054 peak_mem_gb 0.341
2026-10-01 22:39:42,085 | DEBUG | step 674 epoch 1 loss 0.4849 step_s 0.0054 peak_mem_gb 0.341
2026-10-01 22:39:42,091 | DEBUG | step 675 epoch 1 loss 0.5643 step_s 0.0054 peak_mem_gb 0.341
2026-10-01 22:39:42,097 | DEBUG | step 676 epoch 1 loss 0.5453 step_s 0.0054 peak_mem_gb 0.341
2026-10-01 22:39:42,103 | DEBUG | step 677 epoch 1 loss 0.5245 step_s 0.0054 peak_mem_gb 0.341
2026-10-01 22:39:42,109 | DEBUG | step 678 epoch 1 loss 0.5141 step_s 0.0055 peak_mem_gb 0.341
2026-10-01 22:39:42,115 | DEBUG | step 679 epoch 1 loss 0.4403 step_s 0.0054 peak_mem_gb 0.341
2026-10-01 22:39:42,121 | DEBUG | step 680 epoch 1 loss 0.5338 step_s 0.0053 peak_mem_gb 0.341
2026-10-01 22:39:42,127 | DEBUG | step 681 epoch 1 loss 0.4775 step_s 0.0054 peak_mem_gb 0.341
2026-10-01 22:39:42,133 | DEBUG | step 682 epoch 1 loss 0.5394 step_s 0.0054 peak_mem_gb 0.341
2026-10-01 22:39:42,139 | DEBUG | step 683 epoch 1 loss 0.5316 step_s 0.0053 peak_mem_gb 0.341
2026-10-01 22:39:42,145 | DEBUG | step 684 epoch 1 loss 0.5495 step_s 0.0054 peak_mem_gb 0.341
2026-10-01 22:39:42,151 | DEBUG | step 685 epoch 1 loss 0.7271 step_s 0.0053 peak_mem_gb 0.341
2026-10-01 22:39:42,157 | DEBUG | step 686 epoch 1 loss 0.4882 step_s 0.0054 peak_mem_gb 0.341
2026-10-01 22:39:42,164 | DEBUG | step 687 epoch 1 loss 0.4699 step_s 0.0058 peak_mem_gb 0.341
2026-10-01 22:39:42,170 | DEBUG | step 688 epoch 1 loss 0.4341 step_s 0.0055 peak_mem_gb 0.341
2026-10-01 22:39:42,177 | DEBUG | step 689 epoch 1 loss 0.5296 step_s 0.0055 peak_mem_gb 0.341
2026-10-01 22:39:42,183 | DEBUG | step 690 epoch 1 loss 0.5476 step_s 0.0055 peak_mem_gb 0.341
2026-10-01 22:39:42,189 | DEBUG | step 691 epoch 1 loss 0.5141 step_s 0.0055 peak_mem_gb 0.341
2026-10-01 22:39:42,196 | DEBUG | step 692 epoch 1 loss 0.6300 step_s 0.0055 peak_mem_gb 0.341
2026-10-01 22:39:42,202 | DEBUG | step 693 epoch 1 loss 0.5351 step_s 0.0053 peak_mem_gb 0.341
2026-10-01 22:39:42,208 | DEBUG | step 694 epoch 1 loss 0.4596 step_s 0.0054 peak_mem_gb 0.341
2026-10-01 22:39:42,214 | DEBUG | step 695 epoch 1 loss 0.4959 step_s 0.0054 peak_mem_gb 0.341
2026-10-01 22:39:42,220 | DEBUG | step 696 epoch 1 loss 0.5711 step_s 0.0055 peak_mem_gb 0.341
2026-10-01 22:39:42,226 | DEBUG | step 697 epoch 1 loss 0.4256 step_s 0.0054 peak_mem_gb 0.341
2026-10-01 22:39:42,233 | DEBUG | step 698 epoch 1 loss 0.4916 step_s 0.0054 peak_mem_gb 0.341
2026-10-01 22:39:42,239 | DEBUG | step 699 epoch 1 loss 0.4999 step_s 0.0054 peak_mem_gb 0.341
2026-10-01 22:39:42,245 | DEBUG | step 700 epoch 1 loss 0.5231 step_s 0.0054 peak_mem_gb 0.341
2026-10-01 22:39:42,251 | DEBUG | step 701 epoch 1 loss 0.5649 step_s 0.0054 peak_mem_gb 0.341
2026-10-01 22:39:42,257 | DEBUG | step 702 epoch 1 loss 0.5114 step_s 0.0054 peak_mem_gb 0.341
2026-10-01 22:39:42,263 | DEBUG | step 703 epoch 1 loss 0.5581 step_s 0.0053 peak_mem_gb 0.341
2026-10-01 22:39:42,269 | DEBUG | step 704 epoch 1 loss 0.5562 step_s 0.0054 peak_mem_gb 0.341
2026-10-01 22:39:42,275 | DEBUG | step 705 epoch 1 loss 0.4026 step_s 0.0054 peak_mem_gb 0.341
2026-10-01 22:39:42,281 | DEBUG | step 706 epoch 1 loss 0.5745 step_s 0.0053 peak_mem_gb 0.341
2026-10-01 22:39:42,287 | DEBUG | step 707 epoch 1 loss 0.4582 step_s 0.0054 peak_mem_gb 0.341
2026-10-01 22:39:42,293 | DEBUG | step 708 epoch 1 loss 0.3803 step_s 0.0054 peak_mem_gb 0.341
2026-10-01 22:39:42,299 | DEBUG | step 709 epoch 1 loss 0.3806 step_s 0.0055 peak_mem_gb 0.341
2026-10-01 22:39:42,305 | DEBUG | step 710 epoch 1 loss 0.5532 step_s 0.0054 peak_mem_gb 0.341
2026-10-01 22:39:42,312 | DEBUG | step 711 epoch 1 loss 0.4843 step_s 0.0055 peak_mem_gb 0.341
2026-10-01 22:39:42,318 | DEBUG | step 712 epoch 1 loss 0.4049 step_s 0.0053 peak_mem_gb 0.341
2026-10-01 22:39:42,324 | DEBUG | step 713 epoch 1 loss 0.5631 step_s 0.0054 peak_mem_gb 0.341
2026-10-01 22:39:42,330 | DEBUG | step 714 epoch 1 loss 0.3950 step_s 0.0054 peak_mem_gb 0.341
2026-10-01 22:39:42,336 | DEBUG | step 715 epoch 1 loss 0.6258 step_s 0.0053 peak_mem_gb 0.341
2026-10-01 22:39:42,342 | DEBUG | step 716 epoch 1 loss 0.4060 step_s 0.0053 peak_mem_gb 0.341
2026-10-01 22:39:42,348 | DEBUG | step 717 epoch 1 loss 0.6197 step_s 0.0054 peak_mem_gb 0.341
2026-10-01 22:39:42,354 | DEBUG | step 718 epoch 1 loss 0.4819 step_s 0.0054 peak_mem_gb 0.341
2026-10-01 22:39:42,360 | DEBUG | step 719 epoch 1 loss 0.4500 step_s 0.0053 peak_mem_gb 0.341
2026-10-01 22:39:42,366 | DEBUG | step 720 epoch 1 loss 0.5499 step_s 0.0053 peak_mem_gb 0.341
2026-10-01 22:39:42,372 | DEBUG | step 721 epoch 1 loss 0.4012 step_s 0.0054 peak_mem_gb 0.341
2026-10-01 22:39:42,379 | DEBUG | step 722 epoch 1 loss 0.4425 step_s 0.0054 peak_mem_gb 0.341
2026-10-01 22:39:42,384 | DEBUG | step 723 epoch 1 loss 0.6050 step_s 0.0053 peak_mem_gb 0.341
2026-10-01 22:39:42,391 | DEBUG | step 724 epoch 1 loss 0.5353 step_s 0.0054 peak_mem_gb 0.341
2026-10-01 22:39:42,397 | DEBUG | step 725 epoch 1 loss 0.4521 step_s 0.0053 peak_mem_gb 0.341
2026-10-01 22:39:42,403 | DEBUG | step 726 epoch 1 loss 0.5349 step_s 0.0053 peak_mem_gb 0.341
2026-10-01 22:39:42,409 | DEBUG | step 727 epoch 1 loss 0.4106 step_s 0.0054 peak_mem_gb 0.341
2026-10-01 22:39:42,415 | DEBUG | step 728 epoch 1 loss 0.4688 step_s 0.0054 peak_mem_gb 0.341
2026-10-01 22:39:42,421 | DEBUG | step 729 epoch 1 loss 0.3716 step_s 0.0054 peak_mem_gb 0.341
2026-10-01 22:39:42,427 | DEBUG | step 730 epoch 1 loss 0.3966 step_s 0.0054 peak_mem_gb 0.341
2026-10-01 22:39:42,433 | DEBUG | step 731 epoch 1 loss 0.5434 step_s 0.0054 peak_mem_gb 0.341
2026-10-01 22:39:42,439 | DEBUG | step 732 epoch 1 loss 0.5699 step_s 0.0053 peak_mem_gb 0.341
2026-10-01 22:39:42,445 | DEBUG | step 733 epoch 1 loss 0.4648 step_s 0.0054 peak_mem_gb 0.341
2026-10-01 22:39:42,451 | DEBUG | step 734 epoch 1 loss 0.6184 step_s 0.0054 peak_mem_gb 0.341
2026-10-01 22:39:42,457 | DEBUG | step 735 epoch 1 loss 0.5035 step_s 0.0054 peak_mem_gb 0.341
2026-10-01 22:39:42,463 | DEBUG | step 736 epoch 1 loss 0.5315 step_s 0.0054 peak_mem_gb 0.341
2026-10-01 22:39:42,469 | DEBUG | step 737 epoch 1 loss 0.6654 step_s 0.0053 peak_mem_gb 0.341
2026-10-01 22:39:42,475 | DEBUG | step 738 epoch 1 loss 0.5944 step_s 0.0054 peak_mem_gb 0.341
2026-10-01 22:39:42,481 | DEBUG | step 739 epoch 1 loss 0.5217 step_s 0.0054 peak_mem_gb 0.341
2026-10-01 22:39:42,487 | DEBUG | step 740 epoch 1 loss 0.4942 step_s 0.0053 peak_mem_gb 0.341
2026-10-01 22:39:42,493 | DEBUG | step 741 epoch 1 loss 0.4714 step_s 0.0053 peak_mem_gb 0.341
2026-10-01 22:39:42,499 | DEBUG | step 742 epoch 1 loss 0.6196 step_s 0.0053 peak_mem_gb 0.341
2026-10-01 22:39:42,505 | DEBUG | step 743 epoch 1 loss 0.4633 step_s 0.0053 peak_mem_gb 0.341
2026-10-01 22:39:42,511 | DEBUG | step 744 epoch 1 loss 0.5263 step_s 0.0053 peak_mem_gb 0.341
2026-10-01 22:39:42,517 | DEBUG | step 745 epoch 1 loss 0.5942 step_s 0.0054 peak_mem_gb 0.341
2026-10-01 22:39:42,523 | DEBUG | step 746 epoch 1 loss 0.5542 step_s 0.0053 peak_mem_gb 0.341
2026-10-01 22:39:42,529 | DEBUG | step 747 epoch 1 loss 0.5634 step_s 0.0054 peak_mem_gb 0.341
2026-10-01 22:39:42,535 | DEBUG | step 748 epoch 1 loss 0.5036 step_s 0.0053 peak_mem_gb 0.341
2026-10-01 22:39:42,541 | DEBUG | step 749 epoch 1 loss 0.5047 step_s 0.0053 peak_mem_gb 0.341
2026-10-01 22:39:42,547 | DEBUG | step 750 epoch 1 loss 0.4591 step_s 0.0053 peak_mem_gb 0.341
2026-10-01 22:39:42,553 | DEBUG | step 751 epoch 1 loss 0.4786 step_s 0.0054 peak_mem_gb 0.341
2026-10-01 22:39:42,559 | DEBUG | step 752 epoch 1 loss 0.5756 step_s 0.0053 peak_mem_gb 0.341
2026-10-01 22:39:42,565 | DEBUG | step 753 epoch 1 loss 0.4625 step_s 0.0054 peak_mem_gb 0.341
2026-10-01 22:39:42,571 | DEBUG | step 754 epoch 1 loss 0.4456 step_s 0.0053 peak_mem_gb 0.341
2026-10-01 22:39:42,577 | DEBUG | step 755 epoch 1 loss 0.5502 step_s 0.0054 peak_mem_gb 0.341
2026-10-01 22:39:42,583 | DEBUG | step 756 epoch 1 loss 0.4203 step_s 0.0054 peak_mem_gb 0.341
2026-10-01 22:39:42,589 | DEBUG | step 757 epoch 1 loss 0.4166 step_s 0.0053 peak_mem_gb 0.341
2026-10-01 22:39:42,595 | DEBUG | step 758 epoch 1 loss 0.5166 step_s 0.0054 peak_mem_gb 0.341
2026-10-01 22:39:42,601 | DEBUG | step 759 epoch 1 loss 0.4365 step_s 0.0054 peak_mem_gb 0.341
2026-10-01 22:39:42,607 | DEBUG | step 760 epoch 1 loss 0.5710 step_s 0.0054 peak_mem_gb 0.341
2026-10-01 22:39:42,613 | DEBUG | step 761 epoch 1 loss 0.6348 step_s 0.0054 peak_mem_gb 0.341
2026-10-01 22:39:42,619 | DEBUG | step 762 epoch 1 loss 0.4538 step_s 0.0053 peak_mem_gb 0.341
2026-10-01 22:39:42,625 | DEBUG | step 763 epoch 1 loss 0.4104 step_s 0.0054 peak_mem_gb 0.341
2026-10-01 22:39:42,631 | DEBUG | step 764 epoch 1 loss 0.5124 step_s 0.0054 peak_mem_gb 0.341
2026-10-01 22:39:42,637 | DEBUG | step 765 epoch 1 loss 0.4967 step_s 0.0053 peak_mem_gb 0.341
2026-10-01 22:39:42,643 | DEBUG | step 766 epoch 1 loss 0.5319 step_s 0.0055 peak_mem_gb 0.341
2026-10-01 22:39:42,649 | DEBUG | step 767 epoch 1 loss 0.4275 step_s 0.0053 peak_mem_gb 0.341
2026-10-01 22:39:42,655 | DEBUG | step 768 epoch 1 loss 0.7418 step_s 0.0054 peak_mem_gb 0.341
2026-10-01 22:39:42,661 | DEBUG | step 769 epoch 1 loss 0.4954 step_s 0.0053 peak_mem_gb 0.341
2026-10-01 22:39:42,667 | DEBUG | step 770 epoch 1 loss 0.4780 step_s 0.0053 peak_mem_gb 0.341
2026-10-01 22:39:42,674 | DEBUG | step 771 epoch 1 loss 0.4666 step_s 0.0054 peak_mem_gb 0.341
2026-10-01 22:39:42,680 | DEBUG | step 772 epoch 1 loss 0.4000 step_s 0.0055 peak_mem_gb 0.341
2026-10-01 22:39:42,686 | DEBUG | step 773 epoch 1 loss 0.4994 step_s 0.0053 peak_mem_gb 0.341
2026-10-01 22:39:42,692 | DEBUG | step 774 epoch 1 loss 0.3795 step_s 0.0054 peak_mem_gb 0.341
2026-10-01 22:39:42,699 | DEBUG | step 775 epoch 1 loss 0.5046 step_s 0.0056 peak_mem_gb 0.341
2026-10-01 22:39:42,705 | DEBUG | step 776 epoch 1 loss 0.3962 step_s 0.0054 peak_mem_gb 0.341
2026-10-01 22:39:42,711 | DEBUG | step 777 epoch 1 loss 0.4347 step_s 0.0054 peak_mem_gb 0.341
2026-10-01 22:39:42,717 | DEBUG | step 778 epoch 1 loss 0.3539 step_s 0.0053 peak_mem_gb 0.341
2026-10-01 22:39:42,723 | DEBUG | step 779 epoch 1 loss 0.4599 step_s 0.0054 peak_mem_gb 0.341
2026-10-01 22:39:42,729 | DEBUG | step 780 epoch 1 loss 0.6902 step_s 0.0053 peak_mem_gb 0.341
2026-10-01 22:39:42,735 | DEBUG | step 781 epoch 1 loss 0.3764 step_s 0.0053 peak_mem_gb 0.341
2026-10-01 22:39:42,741 | DEBUG | step 782 epoch 1 loss 0.3857 step_s 0.0053 peak_mem_gb 0.341
2026-10-01 22:39:42,747 | DEBUG | step 783 epoch 1 loss 0.4279 step_s 0.0054 peak_mem_gb 0.341
2026-10-01 22:39:42,753 | DEBUG | step 784 epoch 1 loss 0.5318 step_s 0.0053 peak_mem_gb 0.341
2026-10-01 22:39:42,759 | DEBUG | step 785 epoch 1 loss 0.5683 step_s 0.0054 peak_mem_gb 0.341
2026-10-01 22:39:42,765 | DEBUG | step 786 epoch 1 loss 0.6271 step_s 0.0054 peak_mem_gb 0.341
2026-10-01 22:39:42,771 | DEBUG | step 787 epoch 1 loss 0.3991 step_s 0.0054 peak_mem_gb 0.341
2026-10-01 22:39:42,777 | DEBUG | step 788 epoch 1 loss 0.4137 step_s 0.0054 peak_mem_gb 0.341
2026-10-01 22:39:42,783 | DEBUG | step 789 epoch 1 loss 0.4112 step_s 0.0053 peak_mem_gb 0.341
2026-10-01 22:39:42,789 | DEBUG | step 790 epoch 1 loss 0.3996 step_s 0.0053 peak_mem_gb 0.341
2026-10-01 22:39:42,795 | DEBUG | step 791 epoch 1 loss 0.4292 step_s 0.0053 peak_mem_gb 0.341
2026-10-01 22:39:42,801 | DEBUG | step 792 epoch 1 loss 0.4025 step_s 0.0053 peak_mem_gb 0.341
2026-10-01 22:39:42,807 | DEBUG | step 793 epoch 1 loss 0.4388 step_s 0.0053 peak_mem_gb 0.341
2026-10-01 22:39:42,813 | DEBUG | step 794 epoch 1 loss 0.4923 step_s 0.0054 peak_mem_gb 0.341
2026-10-01 22:39:42,819 | DEBUG | step 795 epoch 1 loss 0.5195 step_s 0.0053 peak_mem_gb 0.341
2026-10-01 22:39:42,825 | DEBUG | step 796 epoch 1 loss 0.4846 step_s 0.0053 peak_mem_gb 0.341
2026-10-01 22:39:42,831 | DEBUG | step 797 epoch 1 loss 0.4634 step_s 0.0054 peak_mem_gb 0.341
2026-10-01 22:39:42,837 | DEBUG | step 798 epoch 1 loss 0.3699 step_s 0.0054 peak_mem_gb 0.341
2026-10-01 22:39:42,843 | DEBUG | step 799 epoch 1 loss 0.5194 step_s 0.0054 peak_mem_gb 0.341
2026-10-01 22:39:42,849 | INFO | step 800 epoch 1 loss 0.4262 step_s 0.0053 peak_mem_gb 0.341
2026-10-01 22:39:42,856 | DEBUG | step 801 epoch 1 loss 0.5170 step_s 0.0054 peak_mem_gb 0.341
2026-10-01 22:39:42,862 | DEBUG | step 802 epoch 1 loss 0.4691 step_s 0.0055 peak_mem_gb 0.341
2026-10-01 22:39:42,868 | DEBUG | step 803 epoch 1 loss 0.4935 step_s 0.0053 peak_mem_gb 0.341
2026-10-01 22:39:42,875 | DEBUG | step 804 epoch 1 loss 0.4573 step_s 0.0053 peak_mem_gb 0.341
2026-10-01 22:39:42,881 | DEBUG | step 805 epoch 1 loss 0.4574 step_s 0.0054 peak_mem_gb 0.341
2026-10-01 22:39:42,887 | DEBUG | step 806 epoch 1 loss 0.4392 step_s 0.0053 peak_mem_gb 0.341
2026-10-01 22:39:42,893 | DEBUG | step 807 epoch 1 loss 0.4700 step_s 0.0054 peak_mem_gb 0.341
2026-10-01 22:39:42,899 | DEBUG | step 808 epoch 1 loss 0.5225 step_s 0.0053 peak_mem_gb 0.341
2026-10-01 22:39:42,905 | DEBUG | step 809 epoch 1 loss 0.3672 step_s 0.0054 peak_mem_gb 0.341
2026-10-01 22:39:42,911 | DEBUG | step 810 epoch 1 loss 0.5676 step_s 0.0054 peak_mem_gb 0.341
2026-10-01 22:39:42,917 | DEBUG | step 811 epoch 1 loss 0.5962 step_s 0.0054 peak_mem_gb 0.341
2026-10-01 22:39:42,923 | DEBUG | step 812 epoch 1 loss 0.4864 step_s 0.0053 peak_mem_gb 0.341
2026-10-01 22:39:42,929 | DEBUG | step 813 epoch 1 loss 0.5006 step_s 0.0054 peak_mem_gb 0.341
2026-10-01 22:39:42,935 | DEBUG | step 814 epoch 1 loss 0.5093 step_s 0.0053 peak_mem_gb 0.341
2026-10-01 22:39:42,941 | DEBUG | step 815 epoch 1 loss 0.4904 step_s 0.0053 peak_mem_gb 0.341
2026-10-01 22:39:42,947 | DEBUG | step 816 epoch 1 loss 0.4984 step_s 0.0053 peak_mem_gb 0.341
2026-10-01 22:39:42,953 | DEBUG | step 817 epoch 1 loss 0.4096 step_s 0.0053 peak_mem_gb 0.341
2026-10-01 22:39:42,959 | DEBUG | step 818 epoch 1 loss 0.5305 step_s 0.0053 peak_mem_gb 0.341
2026-10-01 22:39:42,965 | DEBUG | step 819 epoch 1 loss 0.4768 step_s 0.0054 peak_mem_gb 0.341
2026-10-01 22:39:42,971 | DEBUG | step 820 epoch 1 loss 0.4714 step_s 0.0053 peak_mem_gb 0.341
2026-10-01 22:39:42,977 | DEBUG | step 821 epoch 1 loss 0.4614 step_s 0.0054 peak_mem_gb 0.341
2026-10-01 22:39:42,983 | DEBUG | step 822 epoch 1 loss 0.4111 step_s 0.0054 peak_mem_gb 0.341
2026-10-01 22:39:42,989 | DEBUG | step 823 epoch 1 loss 0.4815 step_s 0.0053 peak_mem_gb 0.341
2026-10-01 22:39:42,995 | DEBUG | step 824 epoch 1 loss 0.5394 step_s 0.0053 peak_mem_gb 0.341
2026-10-01 22:39:43,001 | DEBUG | step 825 epoch 1 loss 0.4622 step_s 0.0054 peak_mem_gb 0.341
2026-10-01 22:39:43,007 | DEBUG | step 826 epoch 1 loss 0.4440 step_s 0.0053 peak_mem_gb 0.341
2026-10-01 22:39:43,013 | DEBUG | step 827 epoch 1 loss 0.5084 step_s 0.0054 peak_mem_gb 0.341
2026-10-01 22:39:43,019 | DEBUG | step 828 epoch 1 loss 0.4961 step_s 0.0053 peak_mem_gb 0.341
2026-10-01 22:39:43,025 | DEBUG | step 829 epoch 1 loss 0.4150 step_s 0.0054 peak_mem_gb 0.341
2026-10-01 22:39:43,031 | DEBUG | step 830 epoch 1 loss 0.4340 step_s 0.0053 peak_mem_gb 0.341
2026-10-01 22:39:43,037 | DEBUG | step 831 epoch 1 loss 0.3993 step_s 0.0054 peak_mem_gb 0.341
2026-10-01 22:39:43,043 | DEBUG | step 832 epoch 1 loss 0.6626 step_s 0.0054 peak_mem_gb 0.341
2026-10-01 22:39:43,049 | DEBUG | step 833 epoch 1 loss 0.5674 step_s 0.0053 peak_mem_gb 0.341
2026-10-01 22:39:43,055 | DEBUG | step 834 epoch 1 loss 0.5339 step_s 0.0053 peak_mem_gb 0.341
2026-10-01 22:39:43,061 | DEBUG | step 835 epoch 1 loss 0.4241 step_s 0.0053 peak_mem_gb 0.341
2026-10-01 22:39:43,067 | DEBUG | step 836 epoch 1 loss 0.3742 step_s 0.0053 peak_mem_gb 0.341
2026-10-01 22:39:43,073 | DEBUG | step 837 epoch 1 loss 0.5215 step_s 0.0054 peak_mem_gb 0.341
2026-10-01 22:39:43,079 | DEBUG | step 838 epoch 1 loss 0.4929 step_s 0.0054 peak_mem_gb 0.341
2026-10-01 22:39:43,085 | DEBUG | step 839 epoch 1 loss 0.5186 step_s 0.0053 peak_mem_gb 0.341
2026-10-01 22:39:43,091 | DEBUG | step 840 epoch 1 loss 0.5758 step_s 0.0053 peak_mem_gb 0.341
2026-10-01 22:39:43,097 | DEBUG | step 841 epoch 1 loss 0.4522 step_s 0.0053 peak_mem_gb 0.341
2026-10-01 22:39:43,103 | DEBUG | step 842 epoch 1 loss 0.3856 step_s 0.0053 peak_mem_gb 0.341
2026-10-01 22:39:43,109 | DEBUG | step 843 epoch 1 loss 0.4887 step_s 0.0053 peak_mem_gb 0.341
2026-10-01 22:39:43,115 | DEBUG | step 844 epoch 1 loss 0.5230 step_s 0.0053 peak_mem_gb 0.341
2026-10-01 22:39:43,121 | DEBUG | step 845 epoch 1 loss 0.6667 step_s 0.0053 peak_mem_gb 0.341
2026-10-01 22:39:43,127 | DEBUG | step 846 epoch 1 loss 0.3974 step_s 0.0054 peak_mem_gb 0.341
2026-10-01 22:39:43,133 | DEBUG | step 847 epoch 1 loss 0.4779 step_s 0.0053 peak_mem_gb 0.341
2026-10-01 22:39:43,139 | DEBUG | step 848 epoch 1 loss 0.4941 step_s 0.0053 peak_mem_gb 0.341
2026-10-01 22:39:43,145 | DEBUG | step 849 epoch 1 loss 0.5246 step_s 0.0053 peak_mem_gb 0.341
2026-10-01 22:39:43,151 | DEBUG | step 850 epoch 1 loss 0.4819 step_s 0.0053 peak_mem_gb 0.341
2026-10-01 22:39:43,157 | DEBUG | step 851 epoch 1 loss 0.4513 step_s 0.0053 peak_mem_gb 0.341
2026-10-01 22:39:43,163 | DEBUG | step 852 epoch 1 loss 0.5463 step_s 0.0053 peak_mem_gb 0.341
2026-10-01 22:39:43,169 | DEBUG | step 853 epoch 1 loss 0.5645 step_s 0.0053 peak_mem_gb 0.341
2026-10-01 22:39:43,175 | DEBUG | step 854 epoch 1 loss 0.5173 step_s 0.0054 peak_mem_gb 0.341
2026-10-01 22:39:43,181 | DEBUG | step 855 epoch 1 loss 0.4044 step_s 0.0053 peak_mem_gb 0.341
2026-10-01 22:39:43,187 | DEBUG | step 856 epoch 1 loss 0.5537 step_s 0.0053 peak_mem_gb 0.341
2026-10-01 22:39:43,193 | DEBUG | step 857 epoch 1 loss 0.4928 step_s 0.0054 peak_mem_gb 0.341
2026-10-01 22:39:43,199 | DEBUG | step 858 epoch 1 loss 0.4015 step_s 0.0054 peak_mem_gb 0.341
2026-10-01 22:39:43,205 | DEBUG | step 859 epoch 1 loss 0.4578 step_s 0.0053 peak_mem_gb 0.341
2026-10-01 22:39:43,211 | DEBUG | step 860 epoch 1 loss 0.5525 step_s 0.0054 peak_mem_gb 0.341
2026-10-01 22:39:43,217 | DEBUG | step 861 epoch 1 loss 0.4180 step_s 0.0053 peak_mem_gb 0.341
2026-10-01 22:39:43,223 | DEBUG | step 862 epoch 1 loss 0.4129 step_s 0.0054 peak_mem_gb 0.341
2026-10-01 22:39:43,229 | DEBUG | step 863 epoch 1 loss 0.4891 step_s 0.0054 peak_mem_gb 0.341
2026-10-01 22:39:43,235 | DEBUG | step 864 epoch 1 loss 0.4475 step_s 0.0054 peak_mem_gb 0.341
2026-10-01 22:39:43,241 | DEBUG | step 865 epoch 1 loss 0.6778 step_s 0.0053 peak_mem_gb 0.341
2026-10-01 22:39:43,247 | DEBUG | step 866 epoch 1 loss 0.4559 step_s 0.0054 peak_mem_gb 0.341
2026-10-01 22:39:43,254 | DEBUG | step 867 epoch 1 loss 0.5136 step_s 0.0055 peak_mem_gb 0.341
2026-10-01 22:39:43,260 | DEBUG | step 868 epoch 1 loss 0.4801 step_s 0.0053 peak_mem_gb 0.341
2026-10-01 22:39:43,266 | DEBUG | step 869 epoch 1 loss 0.4943 step_s 0.0053 peak_mem_gb 0.341
2026-10-01 22:39:43,272 | DEBUG | step 870 epoch 1 loss 0.5088 step_s 0.0053 peak_mem_gb 0.341
2026-10-01 22:39:43,278 | DEBUG | step 871 epoch 1 loss 0.3010 step_s 0.0053 peak_mem_gb 0.341
2026-10-01 22:39:43,284 | DEBUG | step 872 epoch 1 loss 0.2988 step_s 0.0055 peak_mem_gb 0.341
2026-10-01 22:39:43,290 | DEBUG | step 873 epoch 1 loss 0.3772 step_s 0.0054 peak_mem_gb 0.341
2026-10-01 22:39:43,296 | DEBUG | step 874 epoch 1 loss 0.4298 step_s 0.0054 peak_mem_gb 0.341
2026-10-01 22:39:43,303 | DEBUG | step 875 epoch 1 loss 0.5183 step_s 0.0057 peak_mem_gb 0.341
2026-10-01 22:39:43,310 | DEBUG | step 876 epoch 1 loss 0.5040 step_s 0.0056 peak_mem_gb 0.341
2026-10-01 22:39:43,316 | DEBUG | step 877 epoch 1 loss 0.3232 step_s 0.0056 peak_mem_gb 0.341
2026-10-01 22:39:43,323 | DEBUG | step 878 epoch 1 loss 0.3728 step_s 0.0057 peak_mem_gb 0.341
2026-10-01 22:39:43,330 | DEBUG | step 879 epoch 1 loss 0.3598 step_s 0.0054 peak_mem_gb 0.341
2026-10-01 22:39:43,336 | DEBUG | step 880 epoch 1 loss 0.5702 step_s 0.0054 peak_mem_gb 0.341
2026-10-01 22:39:43,342 | DEBUG | step 881 epoch 1 loss 0.4751 step_s 0.0055 peak_mem_gb 0.341
2026-10-01 22:39:43,348 | DEBUG | step 882 epoch 1 loss 0.5426 step_s 0.0054 peak_mem_gb 0.341
2026-10-01 22:39:43,355 | DEBUG | step 883 epoch 1 loss 0.3620 step_s 0.0054 peak_mem_gb 0.341
2026-10-01 22:39:43,361 | DEBUG | step 884 epoch 1 loss 0.5059 step_s 0.0054 peak_mem_gb 0.341
2026-10-01 22:39:43,367 | DEBUG | step 885 epoch 1 loss 0.6851 step_s 0.0054 peak_mem_gb 0.341
2026-10-01 22:39:43,373 | DEBUG | step 886 epoch 1 loss 0.3934 step_s 0.0054 peak_mem_gb 0.341
2026-10-01 22:39:43,380 | DEBUG | step 887 epoch 1 loss 0.4078 step_s 0.0054 peak_mem_gb 0.341
2026-10-01 22:39:43,386 | DEBUG | step 888 epoch 1 loss 0.4397 step_s 0.0054 peak_mem_gb 0.341
2026-10-01 22:39:43,392 | DEBUG | step 889 epoch 1 loss 0.3454 step_s 0.0053 peak_mem_gb 0.341
2026-10-01 22:39:43,398 | DEBUG | step 890 epoch 1 loss 0.3347 step_s 0.0054 peak_mem_gb 0.341
2026-10-01 22:39:43,404 | DEBUG | step 891 epoch 1 loss 0.4002 step_s 0.0053 peak_mem_gb 0.341
2026-10-01 22:39:43,410 | DEBUG | step 892 epoch 1 loss 0.4465 step_s 0.0053 peak_mem_gb 0.341
2026-10-01 22:39:43,416 | DEBUG | step 893 epoch 1 loss 0.6106 step_s 0.0053 peak_mem_gb 0.341
2026-10-01 22:39:43,422 | DEBUG | step 894 epoch 1 loss 0.3722 step_s 0.0054 peak_mem_gb 0.341
2026-10-01 22:39:43,428 | DEBUG | step 895 epoch 1 loss 0.5062 step_s 0.0054 peak_mem_gb 0.341
2026-10-01 22:39:43,435 | DEBUG | step 896 epoch 1 loss 0.5566 step_s 0.0054 peak_mem_gb 0.341
2026-10-01 22:39:43,441 | DEBUG | step 897 epoch 1 loss 0.4459 step_s 0.0054 peak_mem_gb 0.341
2026-10-01 22:39:43,447 | DEBUG | step 898 epoch 1 loss 0.5450 step_s 0.0054 peak_mem_gb 0.341
2026-10-01 22:39:43,453 | DEBUG | step 899 epoch 1 loss 0.4647 step_s 0.0054 peak_mem_gb 0.341
2026-10-01 22:39:43,459 | DEBUG | step 900 epoch 1 loss 0.5223 step_s 0.0054 peak_mem_gb 0.341
2026-10-01 22:39:43,465 | DEBUG | step 901 epoch 1 loss 0.5204 step_s 0.0054 peak_mem_gb 0.341
2026-10-01 22:39:43,471 | DEBUG | step 902 epoch 1 loss 0.3537 step_s 0.0054 peak_mem_gb 0.341
2026-10-01 22:39:43,477 | DEBUG | step 903 epoch 1 loss 0.4007 step_s 0.0054 peak_mem_gb 0.341
2026-10-01 22:39:43,483 | DEBUG | step 904 epoch 1 loss 0.6697 step_s 0.0054 peak_mem_gb 0.341
2026-10-01 22:39:43,489 | DEBUG | step 905 epoch 1 loss 0.4699 step_s 0.0054 peak_mem_gb 0.341
2026-10-01 22:39:43,495 | DEBUG | step 906 epoch 1 loss 0.4194 step_s 0.0054 peak_mem_gb 0.341
2026-10-01 22:39:43,502 | DEBUG | step 907 epoch 1 loss 0.5347 step_s 0.0054 peak_mem_gb 0.341
2026-10-01 22:39:43,508 | DEBUG | step 908 epoch 1 loss 0.5035 step_s 0.0053 peak_mem_gb 0.341
2026-10-01 22:39:43,514 | DEBUG | step 909 epoch 1 loss 0.5387 step_s 0.0054 peak_mem_gb 0.341
2026-10-01 22:39:43,520 | DEBUG | step 910 epoch 1 loss 0.5032 step_s 0.0054 peak_mem_gb 0.341
2026-10-01 22:39:43,526 | DEBUG | step 911 epoch 1 loss 0.4345 step_s 0.0053 peak_mem_gb 0.341
2026-10-01 22:39:43,532 | DEBUG | step 912 epoch 1 loss 0.4429 step_s 0.0054 peak_mem_gb 0.341
2026-10-01 22:39:43,538 | DEBUG | step 913 epoch 1 loss 0.5392 step_s 0.0053 peak_mem_gb 0.341
2026-10-01 22:39:43,544 | DEBUG | step 914 epoch 1 loss 0.4612 step_s 0.0054 peak_mem_gb 0.341
2026-10-01 22:39:43,550 | DEBUG | step 915 epoch 1 loss 0.4392 step_s 0.0054 peak_mem_gb 0.341
2026-10-01 22:39:43,556 | DEBUG | step 916 epoch 1 loss 0.6138 step_s 0.0053 peak_mem_gb 0.341
2026-10-01 22:39:43,562 | DEBUG | step 917 epoch 1 loss 0.4659 step_s 0.0054 peak_mem_gb 0.341
2026-10-01 22:39:43,568 | DEBUG | step 918 epoch 1 loss 0.5306 step_s 0.0053 peak_mem_gb 0.341
2026-10-01 22:39:43,575 | DEBUG | step 919 epoch 1 loss 0.5263 step_s 0.0054 peak_mem_gb 0.341
2026-10-01 22:39:43,581 | DEBUG | step 920 epoch 1 loss 0.4586 step_s 0.0060 peak_mem_gb 0.341
2026-10-01 22:39:43,588 | DEBUG | step 921 epoch 1 loss 0.3475 step_s 0.0054 peak_mem_gb 0.341
2026-10-01 22:39:43,594 | DEBUG | step 922 epoch 1 loss 0.4680 step_s 0.0055 peak_mem_gb 0.341
2026-10-01 22:39:43,600 | DEBUG | step 923 epoch 1 loss 0.4937 step_s 0.0054 peak_mem_gb 0.341
2026-10-01 22:39:43,606 | DEBUG | step 924 epoch 1 loss 0.5251 step_s 0.0054 peak_mem_gb 0.341
2026-10-01 22:39:43,612 | DEBUG | step 925 epoch 1 loss 0.4058 step_s 0.0054 peak_mem_gb 0.341
2026-10-01 22:39:43,619 | DEBUG | step 926 epoch 1 loss 0.4513 step_s 0.0053 peak_mem_gb 0.341
2026-10-01 22:39:43,625 | DEBUG | step 927 epoch 1 loss 0.4130 step_s 0.0054 peak_mem_gb 0.341
2026-10-01 22:39:43,631 | DEBUG | step 928 epoch 1 loss 0.4260 step_s 0.0054 peak_mem_gb 0.341
2026-10-01 22:39:43,637 | DEBUG | step 929 epoch 1 loss 0.4109 step_s 0.0054 peak_mem_gb 0.341
2026-10-01 22:39:43,643 | DEBUG | step 930 epoch 1 loss 0.5393 step_s 0.0054 peak_mem_gb 0.341
2026-10-01 22:39:43,649 | DEBUG | step 931 epoch 1 loss 0.3126 step_s 0.0053 peak_mem_gb 0.341
2026-10-01 22:39:43,655 | DEBUG | step 932 epoch 1 loss 0.4662 step_s 0.0053 peak_mem_gb 0.341
2026-10-01 22:39:43,661 | DEBUG | step 933 epoch 1 loss 0.4340 step_s 0.0054 peak_mem_gb 0.341
2026-10-01 22:39:43,667 | DEBUG | step 934 epoch 1 loss 0.6444 step_s 0.0053 peak_mem_gb 0.341
2026-10-01 22:39:43,673 | DEBUG | step 935 epoch 1 loss 0.4341 step_s 0.0054 peak_mem_gb 0.341
2026-10-01 22:39:43,679 | DEBUG | step 936 epoch 1 loss 0.4343 step_s 0.0054 peak_mem_gb 0.341
2026-10-01 22:39:43,685 | DEBUG | step 937 epoch 1 loss 0.6853 step_s 0.0053 peak_mem_gb 0.341
2026-10-01 22:39:43,691 | DEBUG | step 938 epoch 1 loss 0.4529 step_s 0.0054 peak_mem_gb 0.341
2026-10-01 22:39:43,697 | DEBUG | step 939 epoch 1 loss 0.4300 step_s 0.0054 peak_mem_gb 0.341
2026-10-01 22:39:43,703 | DEBUG | step 940 epoch 1 loss 0.4560 step_s 0.0053 peak_mem_gb 0.341
2026-10-01 22:39:43,709 | DEBUG | step 941 epoch 1 loss 0.5965 step_s 0.0054 peak_mem_gb 0.341
2026-10-01 22:39:43,715 | DEBUG | step 942 epoch 1 loss 0.4478 step_s 0.0053 peak_mem_gb 0.341
2026-10-01 22:39:43,721 | DEBUG | step 943 epoch 1 loss 0.4282 step_s 0.0053 peak_mem_gb 0.341
2026-10-01 22:39:43,727 | DEBUG | step 944 epoch 1 loss 0.3792 step_s 0.0054 peak_mem_gb 0.341
2026-10-01 22:39:43,733 | DEBUG | step 945 epoch 1 loss 0.6090 step_s 0.0054 peak_mem_gb 0.341
2026-10-01 22:39:43,739 | DEBUG | step 946 epoch 1 loss 0.4845 step_s 0.0054 peak_mem_gb 0.341
2026-10-01 22:39:43,745 | DEBUG | step 947 epoch 1 loss 0.4441 step_s 0.0053 peak_mem_gb 0.341
2026-10-01 22:39:43,751 | DEBUG | step 948 epoch 1 loss 0.4523 step_s 0.0053 peak_mem_gb 0.341
2026-10-01 22:39:43,757 | DEBUG | step 949 epoch 1 loss 0.4892 step_s 0.0053 peak_mem_gb 0.341
2026-10-01 22:39:43,763 | DEBUG | step 950 epoch 1 loss 0.5092 step_s 0.0053 peak_mem_gb 0.341
2026-10-01 22:39:43,769 | DEBUG | step 951 epoch 1 loss 0.4596 step_s 0.0053 peak_mem_gb 0.341
2026-10-01 22:39:43,775 | DEBUG | step 952 epoch 1 loss 0.4243 step_s 0.0053 peak_mem_gb 0.341
2026-10-01 22:39:43,781 | DEBUG | step 953 epoch 1 loss 0.4608 step_s 0.0053 peak_mem_gb 0.341
2026-10-01 22:39:43,787 | DEBUG | step 954 epoch 1 loss 0.4904 step_s 0.0053 peak_mem_gb 0.341
2026-10-01 22:39:43,793 | DEBUG | step 955 epoch 1 loss 0.3569 step_s 0.0054 peak_mem_gb 0.341
2026-10-01 22:39:43,799 | DEBUG | step 956 epoch 1 loss 0.4558 step_s 0.0053 peak_mem_gb 0.341
2026-10-01 22:39:43,805 | DEBUG | step 957 epoch 1 loss 0.3700 step_s 0.0053 peak_mem_gb 0.341
2026-10-01 22:39:43,811 | DEBUG | step 958 epoch 1 loss 0.4075 step_s 0.0053 peak_mem_gb 0.341
2026-10-01 22:39:43,817 | DEBUG | step 959 epoch 1 loss 0.4472 step_s 0.0053 peak_mem_gb 0.341
2026-10-01 22:39:43,823 | DEBUG | step 960 epoch 1 loss 0.5456 step_s 0.0053 peak_mem_gb 0.341
2026-10-01 22:39:43,829 | DEBUG | step 961 epoch 1 loss 0.3649 step_s 0.0054 peak_mem_gb 0.341
2026-10-01 22:39:43,835 | DEBUG | step 962 epoch 1 loss 0.4244 step_s 0.0054 peak_mem_gb 0.341
2026-10-01 22:39:43,841 | DEBUG | step 963 epoch 1 loss 0.4736 step_s 0.0053 peak_mem_gb 0.341
2026-10-01 22:39:43,847 | DEBUG | step 964 epoch 1 loss 0.3589 step_s 0.0053 peak_mem_gb 0.341
2026-10-01 22:39:43,853 | DEBUG | step 965 epoch 1 loss 0.3601 step_s 0.0053 peak_mem_gb 0.341
2026-10-01 22:39:43,859 | DEBUG | step 966 epoch 1 loss 0.4680 step_s 0.0053 peak_mem_gb 0.341
2026-10-01 22:39:43,865 | DEBUG | step 967 epoch 1 loss 0.4648 step_s 0.0053 peak_mem_gb 0.341
2026-10-01 22:39:43,871 | DEBUG | step 968 epoch 1 loss 0.3168 step_s 0.0053 peak_mem_gb 0.341
2026-10-01 22:39:43,877 | DEBUG | step 969 epoch 1 loss 0.3963 step_s 0.0053 peak_mem_gb 0.341
2026-10-01 22:39:43,883 | DEBUG | step 970 epoch 1 loss 0.5099 step_s 0.0054 peak_mem_gb 0.341
2026-10-01 22:39:43,890 | DEBUG | step 971 epoch 1 loss 0.4937 step_s 0.0053 peak_mem_gb 0.341
2026-10-01 22:39:43,896 | DEBUG | step 972 epoch 1 loss 0.4047 step_s 0.0054 peak_mem_gb 0.341
2026-10-01 22:39:43,902 | DEBUG | step 973 epoch 1 loss 0.4239 step_s 0.0053 peak_mem_gb 0.341
2026-10-01 22:39:43,908 | DEBUG | step 974 epoch 1 loss 0.4118 step_s 0.0053 peak_mem_gb 0.341
2026-10-01 22:39:43,914 | DEBUG | step 975 epoch 1 loss 0.5060 step_s 0.0054 peak_mem_gb 0.341
2026-10-01 22:39:43,920 | DEBUG | step 976 epoch 1 loss 0.5168 step_s 0.0053 peak_mem_gb 0.341
2026-10-01 22:39:43,926 | DEBUG | step 977 epoch 1 loss 0.3628 step_s 0.0054 peak_mem_gb 0.341
2026-10-01 22:39:43,932 | DEBUG | step 978 epoch 1 loss 0.5597 step_s 0.0053 peak_mem_gb 0.341
2026-10-01 22:39:43,938 | DEBUG | step 979 epoch 1 loss 0.4194 step_s 0.0053 peak_mem_gb 0.341
2026-10-01 22:39:43,944 | DEBUG | step 980 epoch 1 loss 0.3922 step_s 0.0054 peak_mem_gb 0.341
2026-10-01 22:39:43,950 | DEBUG | step 981 epoch 1 loss 0.5236 step_s 0.0053 peak_mem_gb 0.341
2026-10-01 22:39:43,956 | DEBUG | step 982 epoch 1 loss 0.4774 step_s 0.0054 peak_mem_gb 0.341
2026-10-01 22:39:43,962 | DEBUG | step 983 epoch 1 loss 0.4341 step_s 0.0055 peak_mem_gb 0.341
2026-10-01 22:39:43,968 | DEBUG | step 984 epoch 1 loss 0.3424 step_s 0.0053 peak_mem_gb 0.341
2026-10-01 22:39:43,974 | DEBUG | step 985 epoch 1 loss 0.4511 step_s 0.0054 peak_mem_gb 0.341
2026-10-01 22:39:43,980 | DEBUG | step 986 epoch 1 loss 0.4398 step_s 0.0054 peak_mem_gb 0.341
2026-10-01 22:39:43,986 | DEBUG | step 987 epoch 1 loss 0.4025 step_s 0.0053 peak_mem_gb 0.341
2026-10-01 22:39:43,992 | DEBUG | step 988 epoch 1 loss 0.4413 step_s 0.0054 peak_mem_gb 0.341
2026-10-01 22:39:43,998 | DEBUG | step 989 epoch 1 loss 0.3888 step_s 0.0053 peak_mem_gb 0.341
2026-10-01 22:39:44,004 | DEBUG | step 990 epoch 1 loss 0.4486 step_s 0.0054 peak_mem_gb 0.341
2026-10-01 22:39:44,010 | DEBUG | step 991 epoch 1 loss 0.3156 step_s 0.0054 peak_mem_gb 0.341
2026-10-01 22:39:44,016 | DEBUG | step 992 epoch 1 loss 0.4270 step_s 0.0053 peak_mem_gb 0.341
2026-10-01 22:39:44,022 | DEBUG | step 993 epoch 1 loss 0.3175 step_s 0.0054 peak_mem_gb 0.341
2026-10-01 22:39:44,028 | DEBUG | step 994 epoch 1 loss 0.6848 step_s 0.0054 peak_mem_gb 0.341
2026-10-01 22:39:44,034 | DEBUG | step 995 epoch 1 loss 0.6036 step_s 0.0053 peak_mem_gb 0.341
2026-10-01 22:39:44,040 | DEBUG | step 996 epoch 1 loss 0.5803 step_s 0.0053 peak_mem_gb 0.341
2026-10-01 22:39:44,046 | DEBUG | step 997 epoch 1 loss 0.4724 step_s 0.0053 peak_mem_gb 0.341
2026-10-01 22:39:44,052 | DEBUG | step 998 epoch 1 loss 0.4169 step_s 0.0054 peak_mem_gb 0.341
2026-10-01 22:39:44,058 | DEBUG | step 999 epoch 1 loss 0.4519 step_s 0.0053 peak_mem_gb 0.341
2026-10-01 22:39:44,064 | INFO | step 1000 epoch 1 loss 0.4414 step_s 0.0054 peak_mem_gb 0.341
2026-10-01 22:39:44,071 | DEBUG | step 1001 epoch 1 loss 0.4833 step_s 0.0054 peak_mem_gb 0.341
2026-10-01 22:39:44,078 | DEBUG | step 1002 epoch 1 loss 0.5265 step_s 0.0056 peak_mem_gb 0.341
2026-10-01 22:39:44,084 | DEBUG | step 1003 epoch 1 loss 0.5087 step_s 0.0054 peak_mem_gb 0.341
2026-10-01 22:39:44,090 | DEBUG | step 1004 epoch 1 loss 0.4480 step_s 0.0053 peak_mem_gb 0.341
2026-10-01 22:39:44,096 | DEBUG | step 1005 epoch 1 loss 0.5646 step_s 0.0054 peak_mem_gb 0.341
2026-10-01 22:39:44,102 | DEBUG | step 1006 epoch 1 loss 0.5247 step_s 0.0053 peak_mem_gb 0.341
2026-10-01 22:39:44,108 | DEBUG | step 1007 epoch 1 loss 0.4907 step_s 0.0054 peak_mem_gb 0.341
2026-10-01 22:39:44,114 | DEBUG | step 1008 epoch 1 loss 0.4940 step_s 0.0053 peak_mem_gb 0.341
2026-10-01 22:39:44,120 | DEBUG | step 1009 epoch 1 loss 0.4835 step_s 0.0054 peak_mem_gb 0.341
2026-10-01 22:39:44,126 | DEBUG | step 1010 epoch 1 loss 0.4832 step_s 0.0054 peak_mem_gb 0.341
2026-10-01 22:39:44,132 | DEBUG | step 1011 epoch 1 loss 0.4109 step_s 0.0054 peak_mem_gb 0.341
2026-10-01 22:39:44,138 | DEBUG | step 1012 epoch 1 loss 0.5366 step_s 0.0053 peak_mem_gb 0.341
2026-10-01 22:39:44,144 | DEBUG | step 1013 epoch 1 loss 0.5895 step_s 0.0054 peak_mem_gb 0.341
2026-10-01 22:39:44,150 | DEBUG | step 1014 epoch 1 loss 0.3147 step_s 0.0053 peak_mem_gb 0.341
2026-10-01 22:39:44,156 | DEBUG | step 1015 epoch 1 loss 0.3551 step_s 0.0053 peak_mem_gb 0.341
2026-10-01 22:39:44,163 | DEBUG | step 1016 epoch 1 loss 0.5401 step_s 0.0054 peak_mem_gb 0.341
2026-10-01 22:39:44,168 | DEBUG | step 1017 epoch 1 loss 0.3170 step_s 0.0053 peak_mem_gb 0.341
2026-10-01 22:39:44,175 | DEBUG | step 1018 epoch 1 loss 0.3599 step_s 0.0054 peak_mem_gb 0.341
2026-10-01 22:39:44,181 | DEBUG | step 1019 epoch 1 loss 0.5987 step_s 0.0054 peak_mem_gb 0.341
2026-10-01 22:39:44,187 | DEBUG | step 1020 epoch 1 loss 0.4552 step_s 0.0056 peak_mem_gb 0.341
2026-10-01 22:39:44,193 | DEBUG | step 1021 epoch 1 loss 0.3969 step_s 0.0054 peak_mem_gb 0.341
2026-10-01 22:39:44,199 | DEBUG | step 1022 epoch 1 loss 0.5346 step_s 0.0054 peak_mem_gb 0.341
2026-10-01 22:39:44,205 | DEBUG | step 1023 epoch 1 loss 0.2929 step_s 0.0053 peak_mem_gb 0.341
2026-10-01 22:39:44,212 | DEBUG | step 1024 epoch 1 loss 0.2902 step_s 0.0054 peak_mem_gb 0.341
2026-10-01 22:39:44,218 | DEBUG | step 1025 epoch 1 loss 0.4761 step_s 0.0053 peak_mem_gb 0.341
2026-10-01 22:39:44,224 | DEBUG | step 1026 epoch 1 loss 0.3951 step_s 0.0053 peak_mem_gb 0.341
2026-10-01 22:39:44,230 | DEBUG | step 1027 epoch 1 loss 0.4797 step_s 0.0054 peak_mem_gb 0.341
2026-10-01 22:39:44,236 | DEBUG | step 1028 epoch 1 loss 0.5886 step_s 0.0053 peak_mem_gb 0.341
2026-10-01 22:39:44,242 | DEBUG | step 1029 epoch 1 loss 0.3600 step_s 0.0054 peak_mem_gb 0.341
2026-10-01 22:39:44,248 | DEBUG | step 1030 epoch 1 loss 0.3032 step_s 0.0054 peak_mem_gb 0.341
2026-10-01 22:39:44,254 | DEBUG | step 1031 epoch 1 loss 0.4955 step_s 0.0054 peak_mem_gb 0.341
2026-10-01 22:39:44,260 | DEBUG | step 1032 epoch 1 loss 0.4104 step_s 0.0053 peak_mem_gb 0.341
2026-10-01 22:39:44,266 | DEBUG | step 1033 epoch 1 loss 0.3407 step_s 0.0053 peak_mem_gb 0.341
2026-10-01 22:39:44,272 | DEBUG | step 1034 epoch 1 loss 0.4928 step_s 0.0053 peak_mem_gb 0.341
2026-10-01 22:39:44,278 | DEBUG | step 1035 epoch 1 loss 0.4140 step_s 0.0053 peak_mem_gb 0.341
2026-10-01 22:39:44,284 | DEBUG | step 1036 epoch 1 loss 0.4199 step_s 0.0054 peak_mem_gb 0.341
2026-10-01 22:39:44,290 | DEBUG | step 1037 epoch 1 loss 0.4912 step_s 0.0054 peak_mem_gb 0.341
2026-10-01 22:39:44,296 | DEBUG | step 1038 epoch 1 loss 0.3832 step_s 0.0053 peak_mem_gb 0.341
2026-10-01 22:39:44,302 | DEBUG | step 1039 epoch 1 loss 0.4046 step_s 0.0053 peak_mem_gb 0.341
2026-10-01 22:39:44,308 | DEBUG | step 1040 epoch 1 loss 0.3831 step_s 0.0054 peak_mem_gb 0.341
2026-10-01 22:39:44,314 | DEBUG | step 1041 epoch 1 loss 0.4023 step_s 0.0054 peak_mem_gb 0.341
2026-10-01 22:39:44,320 | DEBUG | step 1042 epoch 1 loss 0.2981 step_s 0.0054 peak_mem_gb 0.341
2026-10-01 22:39:44,326 | DEBUG | step 1043 epoch 1 loss 0.4201 step_s 0.0053 peak_mem_gb 0.341
2026-10-01 22:39:44,332 | DEBUG | step 1044 epoch 1 loss 0.3432 step_s 0.0054 peak_mem_gb 0.341
2026-10-01 22:39:44,338 | DEBUG | step 1045 epoch 1 loss 0.3827 step_s 0.0054 peak_mem_gb 0.341
2026-10-01 22:39:44,344 | DEBUG | step 1046 epoch 1 loss 0.5205 step_s 0.0053 peak_mem_gb 0.341
2026-10-01 22:39:44,351 | DEBUG | step 1047 epoch 1 loss 0.3380 step_s 0.0053 peak_mem_gb 0.341
2026-10-01 22:39:44,357 | DEBUG | step 1048 epoch 1 loss 0.4929 step_s 0.0053 peak_mem_gb 0.341
2026-10-01 22:39:44,363 | DEBUG | step 1049 epoch 1 loss 0.5185 step_s 0.0053 peak_mem_gb 0.341
2026-10-01 22:39:44,369 | DEBUG | step 1050 epoch 1 loss 0.4592 step_s 0.0053 peak_mem_gb 0.341
2026-10-01 22:39:44,375 | DEBUG | step 1051 epoch 1 loss 0.3744 step_s 0.0054 peak_mem_gb 0.341
2026-10-01 22:39:44,381 | DEBUG | step 1052 epoch 1 loss 0.5557 step_s 0.0053 peak_mem_gb 0.341
2026-10-01 22:39:44,387 | DEBUG | step 1053 epoch 1 loss 0.6270 step_s 0.0053 peak_mem_gb 0.341
2026-10-01 22:39:44,393 | DEBUG | step 1054 epoch 1 loss 0.5669 step_s 0.0054 peak_mem_gb 0.341
2026-10-01 22:39:44,399 | DEBUG | step 1055 epoch 1 loss 0.4234 step_s 0.0054 peak_mem_gb 0.341
2026-10-01 22:39:44,405 | DEBUG | step 1056 epoch 1 loss 0.5059 step_s 0.0053 peak_mem_gb 0.341
2026-10-01 22:39:44,411 | DEBUG | step 1057 epoch 1 loss 0.4909 step_s 0.0053 peak_mem_gb 0.341
2026-10-01 22:39:44,417 | DEBUG | step 1058 epoch 1 loss 0.4326 step_s 0.0054 peak_mem_gb 0.341
2026-10-01 22:39:44,423 | DEBUG | step 1059 epoch 1 loss 0.3848 step_s 0.0053 peak_mem_gb 0.341
2026-10-01 22:39:44,429 | DEBUG | step 1060 epoch 1 loss 0.4264 step_s 0.0054 peak_mem_gb 0.341
2026-10-01 22:39:44,435 | DEBUG | step 1061 epoch 1 loss 0.5614 step_s 0.0054 peak_mem_gb 0.341
2026-10-01 22:39:44,441 | DEBUG | step 1062 epoch 1 loss 0.3165 step_s 0.0053 peak_mem_gb 0.341
2026-10-01 22:39:44,447 | DEBUG | step 1063 epoch 1 loss 0.4171 step_s 0.0054 peak_mem_gb 0.341
2026-10-01 22:39:44,453 | DEBUG | step 1064 epoch 1 loss 0.3625 step_s 0.0054 peak_mem_gb 0.341
2026-10-01 22:39:44,459 | DEBUG | step 1065 epoch 1 loss 0.4560 step_s 0.0053 peak_mem_gb 0.341
2026-10-01 22:39:44,465 | DEBUG | step 1066 epoch 1 loss 0.4507 step_s 0.0054 peak_mem_gb 0.341
2026-10-01 22:39:44,471 | DEBUG | step 1067 epoch 1 loss 0.3329 step_s 0.0053 peak_mem_gb 0.341
2026-10-01 22:39:44,477 | DEBUG | step 1068 epoch 1 loss 0.3833 step_s 0.0053 peak_mem_gb 0.341
2026-10-01 22:39:44,483 | DEBUG | step 1069 epoch 1 loss 0.3986 step_s 0.0054 peak_mem_gb 0.341
2026-10-01 22:39:44,489 | DEBUG | step 1070 epoch 1 loss 0.5062 step_s 0.0053 peak_mem_gb 0.341
2026-10-01 22:39:44,495 | DEBUG | step 1071 epoch 1 loss 0.3062 step_s 0.0054 peak_mem_gb 0.341
2026-10-01 22:39:44,501 | DEBUG | step 1072 epoch 1 loss 0.4668 step_s 0.0053 peak_mem_gb 0.341
2026-10-01 22:39:44,507 | DEBUG | step 1073 epoch 1 loss 0.4589 step_s 0.0053 peak_mem_gb 0.341
2026-10-01 22:39:44,513 | DEBUG | step 1074 epoch 1 loss 0.3665 step_s 0.0054 peak_mem_gb 0.341
2026-10-01 22:39:44,519 | DEBUG | step 1075 epoch 1 loss 0.3847 step_s 0.0053 peak_mem_gb 0.341
2026-10-01 22:39:44,525 | DEBUG | step 1076 epoch 1 loss 0.4027 step_s 0.0053 peak_mem_gb 0.341
2026-10-01 22:39:44,531 | DEBUG | step 1077 epoch 1 loss 0.4662 step_s 0.0054 peak_mem_gb 0.341
2026-10-01 22:39:44,537 | DEBUG | step 1078 epoch 1 loss 0.4145 step_s 0.0053 peak_mem_gb 0.341
2026-10-01 22:39:44,543 | DEBUG | step 1079 epoch 1 loss 0.2265 step_s 0.0054 peak_mem_gb 0.341
2026-10-01 22:39:44,549 | DEBUG | step 1080 epoch 1 loss 0.3663 step_s 0.0053 peak_mem_gb 0.341
2026-10-01 22:39:44,555 | DEBUG | step 1081 epoch 1 loss 0.3656 step_s 0.0053 peak_mem_gb 0.341
2026-10-01 22:39:44,561 | DEBUG | step 1082 epoch 1 loss 0.4596 step_s 0.0054 peak_mem_gb 0.341
2026-10-01 22:39:44,567 | DEBUG | step 1083 epoch 1 loss 0.3744 step_s 0.0053 peak_mem_gb 0.341
2026-10-01 22:39:44,573 | DEBUG | step 1084 epoch 1 loss 0.3054 step_s 0.0053 peak_mem_gb 0.341
2026-10-01 22:39:44,579 | DEBUG | step 1085 epoch 1 loss 0.4012 step_s 0.0054 peak_mem_gb 0.341
2026-10-01 22:39:44,585 | DEBUG | step 1086 epoch 1 loss 0.5203 step_s 0.0054 peak_mem_gb 0.341
2026-10-01 22:39:44,591 | DEBUG | step 1087 epoch 1 loss 0.3606 step_s 0.0055 peak_mem_gb 0.341
2026-10-01 22:39:44,597 | DEBUG | step 1088 epoch 1 loss 0.3807 step_s 0.0054 peak_mem_gb 0.341
2026-10-01 22:39:44,603 | DEBUG | step 1089 epoch 1 loss 0.4922 step_s 0.0055 peak_mem_gb 0.341
2026-10-01 22:39:44,610 | DEBUG | step 1090 epoch 1 loss 0.4416 step_s 0.0054 peak_mem_gb 0.341
2026-10-01 22:39:44,616 | DEBUG | step 1091 epoch 1 loss 0.3979 step_s 0.0053 peak_mem_gb 0.341
2026-10-01 22:39:44,622 | DEBUG | step 1092 epoch 1 loss 0.3756 step_s 0.0054 peak_mem_gb 0.341
2026-10-01 22:39:44,628 | DEBUG | step 1093 epoch 1 loss 0.5527 step_s 0.0054 peak_mem_gb 0.341
2026-10-01 22:39:44,634 | DEBUG | step 1094 epoch 1 loss 0.4697 step_s 0.0053 peak_mem_gb 0.341
2026-10-01 22:39:44,640 | DEBUG | step 1095 epoch 1 loss 0.5083 step_s 0.0053 peak_mem_gb 0.341
2026-10-01 22:39:44,646 | DEBUG | step 1096 epoch 1 loss 0.3972 step_s 0.0054 peak_mem_gb 0.341
2026-10-01 22:39:44,652 | DEBUG | step 1097 epoch 1 loss 0.2794 step_s 0.0054 peak_mem_gb 0.341
2026-10-01 22:39:44,658 | DEBUG | step 1098 epoch 1 loss 0.5395 step_s 0.0053 peak_mem_gb 0.341
2026-10-01 22:39:44,664 | DEBUG | step 1099 epoch 1 loss 0.4411 step_s 0.0053 peak_mem_gb 0.341
2026-10-01 22:39:44,670 | DEBUG | step 1100 epoch 1 loss 0.4209 step_s 0.0053 peak_mem_gb 0.341
2026-10-01 22:39:44,676 | DEBUG | step 1101 epoch 1 loss 0.3456 step_s 0.0053 peak_mem_gb 0.341
2026-10-01 22:39:44,682 | DEBUG | step 1102 epoch 1 loss 0.5454 step_s 0.0054 peak_mem_gb 0.341
2026-10-01 22:39:44,688 | DEBUG | step 1103 epoch 1 loss 0.4810 step_s 0.0053 peak_mem_gb 0.341
2026-10-01 22:39:44,694 | DEBUG | step 1104 epoch 1 loss 0.3922 step_s 0.0053 peak_mem_gb 0.341
2026-10-01 22:39:44,700 | DEBUG | step 1105 epoch 1 loss 0.4761 step_s 0.0054 peak_mem_gb 0.341
2026-10-01 22:39:44,706 | DEBUG | step 1106 epoch 1 loss 0.3906 step_s 0.0053 peak_mem_gb 0.341
2026-10-01 22:39:44,712 | DEBUG | step 1107 epoch 1 loss 0.4140 step_s 0.0053 peak_mem_gb 0.341
2026-10-01 22:39:44,718 | DEBUG | step 1108 epoch 1 loss 0.4051 step_s 0.0054 peak_mem_gb 0.341
2026-10-01 22:39:44,724 | DEBUG | step 1109 epoch 1 loss 0.3656 step_s 0.0053 peak_mem_gb 0.341
2026-10-01 22:39:44,731 | DEBUG | step 1110 epoch 1 loss 0.2969 step_s 0.0059 peak_mem_gb 0.341
2026-10-01 22:39:44,737 | DEBUG | step 1111 epoch 1 loss 0.3727 step_s 0.0053 peak_mem_gb 0.341
2026-10-01 22:39:44,743 | DEBUG | step 1112 epoch 1 loss 0.3429 step_s 0.0054 peak_mem_gb 0.341
2026-10-01 22:39:44,749 | DEBUG | step 1113 epoch 1 loss 0.4504 step_s 0.0054 peak_mem_gb 0.341
2026-10-01 22:39:44,755 | DEBUG | step 1114 epoch 1 loss 0.3383 step_s 0.0053 peak_mem_gb 0.341
2026-10-01 22:39:44,761 | DEBUG | step 1115 epoch 1 loss 0.3738 step_s 0.0054 peak_mem_gb 0.341
2026-10-01 22:39:44,767 | DEBUG | step 1116 epoch 1 loss 0.5314 step_s 0.0054 peak_mem_gb 0.341
2026-10-01 22:39:44,773 | DEBUG | step 1117 epoch 1 loss 0.3140 step_s 0.0053 peak_mem_gb 0.341
2026-10-01 22:39:44,779 | DEBUG | step 1118 epoch 1 loss 0.3423 step_s 0.0053 peak_mem_gb 0.341
2026-10-01 22:39:44,785 | DEBUG | step 1119 epoch 1 loss 0.3878 step_s 0.0053 peak_mem_gb 0.341
2026-10-01 22:39:44,791 | DEBUG | step 1120 epoch 1 loss 0.6178 step_s 0.0053 peak_mem_gb 0.341
2026-10-01 22:39:44,797 | DEBUG | step 1121 epoch 1 loss 0.4216 step_s 0.0054 peak_mem_gb 0.341
2026-10-01 22:39:44,803 | DEBUG | step 1122 epoch 1 loss 0.5768 step_s 0.0053 peak_mem_gb 0.341
2026-10-01 22:39:44,809 | DEBUG | step 1123 epoch 1 loss 0.3161 step_s 0.0054 peak_mem_gb 0.341
2026-10-01 22:39:44,815 | DEBUG | step 1124 epoch 1 loss 0.4771 step_s 0.0053 peak_mem_gb 0.341
2026-10-01 22:39:44,821 | DEBUG | step 1125 epoch 1 loss 0.3679 step_s 0.0053 peak_mem_gb 0.341
2026-10-01 22:39:44,827 | DEBUG | step 1126 epoch 1 loss 0.5406 step_s 0.0055 peak_mem_gb 0.341
2026-10-01 22:39:44,833 | DEBUG | step 1127 epoch 1 loss 0.4752 step_s 0.0053 peak_mem_gb 0.341
2026-10-01 22:39:44,839 | DEBUG | step 1128 epoch 1 loss 0.3076 step_s 0.0053 peak_mem_gb 0.341
2026-10-01 22:39:44,845 | DEBUG | step 1129 epoch 1 loss 0.5231 step_s 0.0053 peak_mem_gb 0.341
2026-10-01 22:39:44,851 | DEBUG | step 1130 epoch 1 loss 0.5335 step_s 0.0053 peak_mem_gb 0.341
2026-10-01 22:39:44,857 | DEBUG | step 1131 epoch 1 loss 0.5205 step_s 0.0053 peak_mem_gb 0.341
2026-10-01 22:39:44,863 | DEBUG | step 1132 epoch 1 loss 0.3254 step_s 0.0054 peak_mem_gb 0.341
2026-10-01 22:39:44,869 | DEBUG | step 1133 epoch 1 loss 0.4758 step_s 0.0054 peak_mem_gb 0.341
2026-10-01 22:39:44,875 | DEBUG | step 1134 epoch 1 loss 0.3878 step_s 0.0053 peak_mem_gb 0.341
2026-10-01 22:39:44,881 | DEBUG | step 1135 epoch 1 loss 0.3320 step_s 0.0053 peak_mem_gb 0.341
2026-10-01 22:39:44,887 | DEBUG | step 1136 epoch 1 loss 0.4002 step_s 0.0053 peak_mem_gb 0.341
2026-10-01 22:39:44,893 | DEBUG | step 1137 epoch 1 loss 0.4322 step_s 0.0053 peak_mem_gb 0.341
2026-10-01 22:39:44,899 | DEBUG | step 1138 epoch 1 loss 0.3465 step_s 0.0053 peak_mem_gb 0.341
2026-10-01 22:39:44,905 | DEBUG | step 1139 epoch 1 loss 0.3422 step_s 0.0053 peak_mem_gb 0.341
2026-10-01 22:39:44,911 | DEBUG | step 1140 epoch 1 loss 0.3768 step_s 0.0053 peak_mem_gb 0.341
2026-10-01 22:39:44,917 | DEBUG | step 1141 epoch 1 loss 0.4773 step_s 0.0053 peak_mem_gb 0.341
2026-10-01 22:39:44,923 | DEBUG | step 1142 epoch 1 loss 0.3860 step_s 0.0053 peak_mem_gb 0.341
2026-10-01 22:39:44,929 | DEBUG | step 1143 epoch 1 loss 0.4645 step_s 0.0053 peak_mem_gb 0.341
2026-10-01 22:39:44,935 | DEBUG | step 1144 epoch 1 loss 0.4052 step_s 0.0053 peak_mem_gb 0.341
2026-10-01 22:39:44,941 | DEBUG | step 1145 epoch 1 loss 0.4328 step_s 0.0053 peak_mem_gb 0.341
2026-10-01 22:39:44,947 | DEBUG | step 1146 epoch 1 loss 0.3923 step_s 0.0053 peak_mem_gb 0.341
2026-10-01 22:39:44,953 | DEBUG | step 1147 epoch 1 loss 0.2274 step_s 0.0053 peak_mem_gb 0.341
2026-10-01 22:39:44,959 | DEBUG | step 1148 epoch 1 loss 0.5855 step_s 0.0054 peak_mem_gb 0.341
2026-10-01 22:39:44,965 | DEBUG | step 1149 epoch 1 loss 0.3720 step_s 0.0054 peak_mem_gb 0.341
2026-10-01 22:39:44,971 | DEBUG | step 1150 epoch 1 loss 0.3001 step_s 0.0054 peak_mem_gb 0.341
2026-10-01 22:39:44,977 | DEBUG | step 1151 epoch 1 loss 0.6349 step_s 0.0054 peak_mem_gb 0.341
2026-10-01 22:39:44,983 | DEBUG | step 1152 epoch 1 loss 0.3109 step_s 0.0053 peak_mem_gb 0.341
2026-10-01 22:39:44,989 | DEBUG | step 1153 epoch 1 loss 0.5077 step_s 0.0053 peak_mem_gb 0.341
2026-10-01 22:39:44,995 | DEBUG | step 1154 epoch 1 loss 0.4048 step_s 0.0054 peak_mem_gb 0.341
2026-10-01 22:39:45,001 | DEBUG | step 1155 epoch 1 loss 0.4758 step_s 0.0054 peak_mem_gb 0.341
2026-10-01 22:39:45,007 | DEBUG | step 1156 epoch 1 loss 0.4271 step_s 0.0053 peak_mem_gb 0.341
2026-10-01 22:39:45,013 | DEBUG | step 1157 epoch 1 loss 0.3544 step_s 0.0054 peak_mem_gb 0.341
2026-10-01 22:39:45,019 | DEBUG | step 1158 epoch 1 loss 0.3782 step_s 0.0053 peak_mem_gb 0.341
2026-10-01 22:39:45,025 | DEBUG | step 1159 epoch 1 loss 0.4513 step_s 0.0053 peak_mem_gb 0.341
2026-10-01 22:39:45,031 | DEBUG | step 1160 epoch 1 loss 0.4922 step_s 0.0054 peak_mem_gb 0.341
2026-10-01 22:39:45,037 | DEBUG | step 1161 epoch 1 loss 0.4069 step_s 0.0053 peak_mem_gb 0.341
2026-10-01 22:39:45,043 | DEBUG | step 1162 epoch 1 loss 0.3164 step_s 0.0053 peak_mem_gb 0.341
2026-10-01 22:39:45,049 | DEBUG | step 1163 epoch 1 loss 0.4108 step_s 0.0053 peak_mem_gb 0.341
2026-10-01 22:39:45,055 | DEBUG | step 1164 epoch 1 loss 0.3753 step_s 0.0053 peak_mem_gb 0.341
2026-10-01 22:39:45,061 | DEBUG | step 1165 epoch 1 loss 0.4135 step_s 0.0053 peak_mem_gb 0.341
2026-10-01 22:39:45,067 | DEBUG | step 1166 epoch 1 loss 0.3212 step_s 0.0054 peak_mem_gb 0.341
2026-10-01 22:39:45,073 | DEBUG | step 1167 epoch 1 loss 0.3600 step_s 0.0053 peak_mem_gb 0.341
2026-10-01 22:39:45,079 | DEBUG | step 1168 epoch 1 loss 0.4324 step_s 0.0054 peak_mem_gb 0.341
2026-10-01 22:39:45,085 | DEBUG | step 1169 epoch 1 loss 0.5132 step_s 0.0055 peak_mem_gb 0.341
2026-10-01 22:39:45,091 | DEBUG | step 1170 epoch 1 loss 0.3697 step_s 0.0055 peak_mem_gb 0.341
2026-10-01 22:39:45,098 | DEBUG | step 1171 epoch 1 loss 0.2965 step_s 0.0054 peak_mem_gb 0.341
2026-10-01 22:39:45,104 | DEBUG | step 1172 epoch 1 loss 0.4932 step_s 0.0053 peak_mem_gb 0.341
2026-10-01 22:39:45,110 | DEBUG | step 1173 epoch 1 loss 0.2609 step_s 0.0053 peak_mem_gb 0.341
2026-10-01 22:39:45,116 | DEBUG | step 1174 epoch 1 loss 0.4513 step_s 0.0053 peak_mem_gb 0.341
2026-10-01 22:39:45,122 | DEBUG | step 1175 epoch 1 loss 0.3294 step_s 0.0053 peak_mem_gb 0.341
2026-10-01 22:39:45,128 | DEBUG | step 1176 epoch 1 loss 0.4992 step_s 0.0053 peak_mem_gb 0.341
2026-10-01 22:39:45,134 | DEBUG | step 1177 epoch 1 loss 0.3264 step_s 0.0053 peak_mem_gb 0.341
2026-10-01 22:39:45,140 | DEBUG | step 1178 epoch 1 loss 0.4388 step_s 0.0053 peak_mem_gb 0.341
2026-10-01 22:39:45,146 | DEBUG | step 1179 epoch 1 loss 0.3068 step_s 0.0053 peak_mem_gb 0.341
2026-10-01 22:39:45,152 | DEBUG | step 1180 epoch 1 loss 0.2892 step_s 0.0053 peak_mem_gb 0.341
2026-10-01 22:39:45,158 | DEBUG | step 1181 epoch 1 loss 0.3788 step_s 0.0053 peak_mem_gb 0.341
2026-10-01 22:39:45,164 | DEBUG | step 1182 epoch 1 loss 0.3224 step_s 0.0053 peak_mem_gb 0.341
2026-10-01 22:39:45,170 | DEBUG | step 1183 epoch 1 loss 0.3937 step_s 0.0053 peak_mem_gb 0.341
2026-10-01 22:39:45,176 | DEBUG | step 1184 epoch 1 loss 0.2836 step_s 0.0054 peak_mem_gb 0.341
2026-10-01 22:39:45,182 | DEBUG | step 1185 epoch 1 loss 0.3922 step_s 0.0053 peak_mem_gb 0.341
2026-10-01 22:39:45,188 | DEBUG | step 1186 epoch 1 loss 0.3494 step_s 0.0053 peak_mem_gb 0.341
2026-10-01 22:39:45,194 | DEBUG | step 1187 epoch 1 loss 0.4879 step_s 0.0053 peak_mem_gb 0.341
2026-10-01 22:39:45,200 | DEBUG | step 1188 epoch 1 loss 0.3702 step_s 0.0053 peak_mem_gb 0.341
2026-10-01 22:39:45,206 | DEBUG | step 1189 epoch 1 loss 0.3133 step_s 0.0053 peak_mem_gb 0.341
2026-10-01 22:39:45,212 | DEBUG | step 1190 epoch 1 loss 0.4210 step_s 0.0053 peak_mem_gb 0.341
2026-10-01 22:39:45,218 | DEBUG | step 1191 epoch 1 loss 0.4880 step_s 0.0053 peak_mem_gb 0.341
2026-10-01 22:39:45,224 | DEBUG | step 1192 epoch 1 loss 0.3214 step_s 0.0054 peak_mem_gb 0.341
2026-10-01 22:39:45,230 | DEBUG | step 1193 epoch 1 loss 0.3821 step_s 0.0054 peak_mem_gb 0.341
2026-10-01 22:39:45,236 | DEBUG | step 1194 epoch 1 loss 0.3731 step_s 0.0054 peak_mem_gb 0.341
2026-10-01 22:39:45,242 | DEBUG | step 1195 epoch 1 loss 0.5043 step_s 0.0054 peak_mem_gb 0.341
2026-10-01 22:39:45,248 | DEBUG | step 1196 epoch 1 loss 0.5463 step_s 0.0054 peak_mem_gb 0.341
2026-10-01 22:39:45,254 | DEBUG | step 1197 epoch 1 loss 0.4789 step_s 0.0054 peak_mem_gb 0.341
2026-10-01 22:39:45,260 | DEBUG | step 1198 epoch 1 loss 0.4051 step_s 0.0053 peak_mem_gb 0.341
2026-10-01 22:39:45,266 | DEBUG | step 1199 epoch 1 loss 0.4336 step_s 0.0054 peak_mem_gb 0.341
2026-10-01 22:39:45,272 | INFO | step 1200 epoch 1 loss 0.4529 step_s 0.0053 peak_mem_gb 0.341
2026-10-01 22:39:45,279 | DEBUG | step 1201 epoch 1 loss 0.4001 step_s 0.0053 peak_mem_gb 0.341
2026-10-01 22:39:45,285 | DEBUG | step 1202 epoch 1 loss 0.3867 step_s 0.0054 peak_mem_gb 0.341
2026-10-01 22:39:45,291 | DEBUG | step 1203 epoch 1 loss 0.4007 step_s 0.0054 peak_mem_gb 0.341
2026-10-01 22:39:45,297 | DEBUG | step 1204 epoch 1 loss 0.3710 step_s 0.0053 peak_mem_gb 0.341
2026-10-01 22:39:45,303 | DEBUG | step 1205 epoch 1 loss 0.4375 step_s 0.0053 peak_mem_gb 0.341
2026-10-01 22:39:45,309 | DEBUG | step 1206 epoch 1 loss 0.3825 step_s 0.0053 peak_mem_gb 0.341
2026-10-01 22:39:45,315 | DEBUG | step 1207 epoch 1 loss 0.3345 step_s 0.0054 peak_mem_gb 0.341
2026-10-01 22:39:45,321 | DEBUG | step 1208 epoch 1 loss 0.4161 step_s 0.0053 peak_mem_gb 0.341
2026-10-01 22:39:45,328 | DEBUG | step 1209 epoch 1 loss 0.3788 step_s 0.0055 peak_mem_gb 0.341
2026-10-01 22:39:45,334 | DEBUG | step 1210 epoch 1 loss 0.3870 step_s 0.0054 peak_mem_gb 0.341
2026-10-01 22:39:45,340 | DEBUG | step 1211 epoch 1 loss 0.3633 step_s 0.0053 peak_mem_gb 0.341
2026-10-01 22:39:45,347 | DEBUG | step 1212 epoch 1 loss 0.4990 step_s 0.0060 peak_mem_gb 0.341
2026-10-01 22:39:45,353 | DEBUG | step 1213 epoch 1 loss 0.4221 step_s 0.0054 peak_mem_gb 0.341
2026-10-01 22:39:45,359 | DEBUG | step 1214 epoch 1 loss 0.3037 step_s 0.0054 peak_mem_gb 0.341
2026-10-01 22:39:45,365 | DEBUG | step 1215 epoch 1 loss 0.4724 step_s 0.0054 peak_mem_gb 0.341
2026-10-01 22:39:45,372 | DEBUG | step 1216 epoch 1 loss 0.3164 step_s 0.0054 peak_mem_gb 0.341
2026-10-01 22:39:45,378 | DEBUG | step 1217 epoch 1 loss 0.2407 step_s 0.0054 peak_mem_gb 0.341
2026-10-01 22:39:45,384 | DEBUG | step 1218 epoch 1 loss 0.5910 step_s 0.0054 peak_mem_gb 0.341
2026-10-01 22:39:45,390 | DEBUG | step 1219 epoch 1 loss 0.3343 step_s 0.0054 peak_mem_gb 0.341
2026-10-01 22:39:45,396 | DEBUG | step 1220 epoch 1 loss 0.4728 step_s 0.0054 peak_mem_gb 0.341
2026-10-01 22:39:45,402 | DEBUG | step 1221 epoch 1 loss 0.3081 step_s 0.0053 peak_mem_gb 0.341
2026-10-01 22:39:45,408 | DEBUG | step 1222 epoch 1 loss 0.3928 step_s 0.0053 peak_mem_gb 0.341
2026-10-01 22:39:45,414 | DEBUG | step 1223 epoch 1 loss 0.3093 step_s 0.0053 peak_mem_gb 0.341
2026-10-01 22:39:45,420 | DEBUG | step 1224 epoch 1 loss 0.3279 step_s 0.0053 peak_mem_gb 0.341
2026-10-01 22:39:45,426 | DEBUG | step 1225 epoch 1 loss 0.3916 step_s 0.0054 peak_mem_gb 0.341
2026-10-01 22:39:45,432 | DEBUG | step 1226 epoch 1 loss 0.4526 step_s 0.0053 peak_mem_gb 0.341
2026-10-01 22:39:45,438 | DEBUG | step 1227 epoch 1 loss 0.2673 step_s 0.0054 peak_mem_gb 0.341
2026-10-01 22:39:45,444 | DEBUG | step 1228 epoch 1 loss 0.3852 step_s 0.0054 peak_mem_gb 0.341
2026-10-01 22:39:45,450 | DEBUG | step 1229 epoch 1 loss 0.5098 step_s 0.0053 peak_mem_gb 0.341
2026-10-01 22:39:45,456 | DEBUG | step 1230 epoch 1 loss 0.3426 step_s 0.0053 peak_mem_gb 0.341
2026-10-01 22:39:45,462 | DEBUG | step 1231 epoch 1 loss 0.3220 step_s 0.0053 peak_mem_gb 0.341
2026-10-01 22:39:45,468 | DEBUG | step 1232 epoch 1 loss 0.3216 step_s 0.0054 peak_mem_gb 0.341
2026-10-01 22:39:45,474 | DEBUG | step 1233 epoch 1 loss 0.4262 step_s 0.0053 peak_mem_gb 0.341
2026-10-01 22:39:45,480 | DEBUG | step 1234 epoch 1 loss 0.3555 step_s 0.0054 peak_mem_gb 0.341
2026-10-01 22:39:45,486 | DEBUG | step 1235 epoch 1 loss 0.4161 step_s 0.0053 peak_mem_gb 0.341
2026-10-01 22:39:45,492 | DEBUG | step 1236 epoch 1 loss 0.3236 step_s 0.0054 peak_mem_gb 0.341
2026-10-01 22:39:45,498 | DEBUG | step 1237 epoch 1 loss 0.3473 step_s 0.0054 peak_mem_gb 0.341
2026-10-01 22:39:45,504 | DEBUG | step 1238 epoch 1 loss 0.3855 step_s 0.0054 peak_mem_gb 0.341
2026-10-01 22:39:45,510 | DEBUG | step 1239 epoch 1 loss 0.3477 step_s 0.0054 peak_mem_gb 0.341
2026-10-01 22:39:45,516 | DEBUG | step 1240 epoch 1 loss 0.2349 step_s 0.0053 peak_mem_gb 0.341
2026-10-01 22:39:45,522 | DEBUG | step 1241 epoch 1 loss 0.4150 step_s 0.0053 peak_mem_gb 0.341
2026-10-01 22:39:45,528 | DEBUG | step 1242 epoch 1 loss 0.3933 step_s 0.0054 peak_mem_gb 0.341
2026-10-01 22:39:45,534 | DEBUG | step 1243 epoch 1 loss 0.3315 step_s 0.0054 peak_mem_gb 0.341
2026-10-01 22:39:45,541 | DEBUG | step 1244 epoch 1 loss 0.3040 step_s 0.0054 peak_mem_gb 0.341
2026-10-01 22:39:45,547 | DEBUG | step 1245 epoch 1 loss 0.3779 step_s 0.0054 peak_mem_gb 0.341
2026-10-01 22:39:45,552 | DEBUG | step 1246 epoch 1 loss 0.5301 step_s 0.0053 peak_mem_gb 0.341
2026-10-01 22:39:45,558 | DEBUG | step 1247 epoch 1 loss 0.2597 step_s 0.0053 peak_mem_gb 0.341
2026-10-01 22:39:45,564 | DEBUG | step 1248 epoch 1 loss 0.4208 step_s 0.0053 peak_mem_gb 0.341
2026-10-01 22:39:45,570 | DEBUG | step 1249 epoch 1 loss 0.3350 step_s 0.0053 peak_mem_gb 0.341
2026-10-01 22:39:45,576 | DEBUG | step 1250 epoch 1 loss 0.2967 step_s 0.0054 peak_mem_gb 0.341
2026-10-01 22:39:45,582 | DEBUG | step 1251 epoch 1 loss 0.4483 step_s 0.0054 peak_mem_gb 0.341
2026-10-01 22:39:45,588 | DEBUG | step 1252 epoch 1 loss 0.3379 step_s 0.0053 peak_mem_gb 0.341
2026-10-01 22:39:45,594 | DEBUG | step 1253 epoch 1 loss 0.3676 step_s 0.0053 peak_mem_gb 0.341
2026-10-01 22:39:45,600 | DEBUG | step 1254 epoch 1 loss 0.3938 step_s 0.0053 peak_mem_gb 0.341
2026-10-01 22:39:45,606 | DEBUG | step 1255 epoch 1 loss 0.3539 step_s 0.0053 peak_mem_gb 0.341
2026-10-01 22:39:45,612 | DEBUG | step 1256 epoch 1 loss 0.3694 step_s 0.0053 peak_mem_gb 0.341
2026-10-01 22:39:45,618 | DEBUG | step 1257 epoch 1 loss 0.3935 step_s 0.0054 peak_mem_gb 0.341
2026-10-01 22:39:45,624 | DEBUG | step 1258 epoch 1 loss 0.3237 step_s 0.0054 peak_mem_gb 0.341
2026-10-01 22:39:45,630 | DEBUG | step 1259 epoch 1 loss 0.3158 step_s 0.0054 peak_mem_gb 0.341
2026-10-01 22:39:45,636 | DEBUG | step 1260 epoch 1 loss 0.4617 step_s 0.0053 peak_mem_gb 0.341
2026-10-01 22:39:45,642 | DEBUG | step 1261 epoch 1 loss 0.3103 step_s 0.0054 peak_mem_gb 0.341
2026-10-01 22:39:45,648 | DEBUG | step 1262 epoch 1 loss 0.4109 step_s 0.0054 peak_mem_gb 0.341
2026-10-01 22:39:45,654 | DEBUG | step 1263 epoch 1 loss 0.5117 step_s 0.0054 peak_mem_gb 0.341
2026-10-01 22:39:45,661 | DEBUG | step 1264 epoch 1 loss 0.4346 step_s 0.0054 peak_mem_gb 0.341
2026-10-01 22:39:45,667 | DEBUG | step 1265 epoch 1 loss 0.2797 step_s 0.0057 peak_mem_gb 0.341
2026-10-01 22:39:45,673 | DEBUG | step 1266 epoch 1 loss 0.3118 step_s 0.0054 peak_mem_gb 0.341
2026-10-01 22:39:45,680 | DEBUG | step 1267 epoch 1 loss 0.4356 step_s 0.0055 peak_mem_gb 0.341
2026-10-01 22:39:45,686 | DEBUG | step 1268 epoch 1 loss 0.3018 step_s 0.0054 peak_mem_gb 0.341
2026-10-01 22:39:45,692 | DEBUG | step 1269 epoch 1 loss 0.3618 step_s 0.0055 peak_mem_gb 0.341
2026-10-01 22:39:45,698 | DEBUG | step 1270 epoch 1 loss 0.4483 step_s 0.0054 peak_mem_gb 0.341
2026-10-01 22:39:45,705 | DEBUG | step 1271 epoch 1 loss 0.4313 step_s 0.0054 peak_mem_gb 0.341
2026-10-01 22:39:45,711 | DEBUG | step 1272 epoch 1 loss 0.4658 step_s 0.0054 peak_mem_gb 0.341
2026-10-01 22:39:45,717 | DEBUG | step 1273 epoch 1 loss 0.3963 step_s 0.0056 peak_mem_gb 0.341
2026-10-01 22:39:45,724 | DEBUG | step 1274 epoch 1 loss 0.3862 step_s 0.0054 peak_mem_gb 0.341
2026-10-01 22:39:45,730 | DEBUG | step 1275 epoch 1 loss 0.3664 step_s 0.0055 peak_mem_gb 0.341
2026-10-01 22:39:45,737 | DEBUG | step 1276 epoch 1 loss 0.4171 step_s 0.0054 peak_mem_gb 0.341
2026-10-01 22:39:45,743 | DEBUG | step 1277 epoch 1 loss 0.2988 step_s 0.0054 peak_mem_gb 0.341
2026-10-01 22:39:45,749 | DEBUG | step 1278 epoch 1 loss 0.3555 step_s 0.0054 peak_mem_gb 0.341
2026-10-01 22:39:45,755 | DEBUG | step 1279 epoch 1 loss 0.4026 step_s 0.0053 peak_mem_gb 0.341
2026-10-01 22:39:45,761 | DEBUG | step 1280 epoch 1 loss 0.4042 step_s 0.0054 peak_mem_gb 0.341
2026-10-01 22:39:45,767 | DEBUG | step 1281 epoch 1 loss 0.4658 step_s 0.0054 peak_mem_gb 0.341
2026-10-01 22:39:45,773 | DEBUG | step 1282 epoch 1 loss 0.4488 step_s 0.0053 peak_mem_gb 0.341
2026-10-01 22:39:45,779 | DEBUG | step 1283 epoch 1 loss 0.5006 step_s 0.0053 peak_mem_gb 0.341
2026-10-01 22:39:45,785 | DEBUG | step 1284 epoch 1 loss 0.2655 step_s 0.0053 peak_mem_gb 0.341
2026-10-01 22:39:45,791 | DEBUG | step 1285 epoch 1 loss 0.3470 step_s 0.0053 peak_mem_gb 0.341
2026-10-01 22:39:45,797 | DEBUG | step 1286 epoch 1 loss 0.2525 step_s 0.0053 peak_mem_gb 0.341
2026-10-01 22:39:45,803 | DEBUG | step 1287 epoch 1 loss 0.2349 step_s 0.0053 peak_mem_gb 0.341
2026-10-01 22:39:45,809 | DEBUG | step 1288 epoch 1 loss 0.5771 step_s 0.0054 peak_mem_gb 0.341
2026-10-01 22:39:45,816 | DEBUG | step 1289 epoch 1 loss 0.3256 step_s 0.0058 peak_mem_gb 0.341
2026-10-01 22:39:45,823 | DEBUG | step 1290 epoch 1 loss 0.4300 step_s 0.0058 peak_mem_gb 0.341
2026-10-01 22:39:45,830 | DEBUG | step 1291 epoch 1 loss 0.3298 step_s 0.0061 peak_mem_gb 0.341
2026-10-01 22:39:45,837 | DEBUG | step 1292 epoch 1 loss 0.3980 step_s 0.0061 peak_mem_gb 0.341
2026-10-01 22:39:45,844 | DEBUG | step 1293 epoch 1 loss 0.2486 step_s 0.0060 peak_mem_gb 0.341
2026-10-01 22:39:45,851 | DEBUG | step 1294 epoch 1 loss 0.4032 step_s 0.0059 peak_mem_gb 0.341
2026-10-01 22:39:45,858 | DEBUG | step 1295 epoch 1 loss 0.4712 step_s 0.0057 peak_mem_gb 0.341
2026-10-01 22:39:45,864 | DEBUG | step 1296 epoch 1 loss 0.3737 step_s 0.0055 peak_mem_gb 0.341
2026-10-01 22:39:45,871 | DEBUG | step 1297 epoch 1 loss 0.2646 step_s 0.0057 peak_mem_gb 0.341
2026-10-01 22:39:45,877 | DEBUG | step 1298 epoch 1 loss 0.3629 step_s 0.0055 peak_mem_gb 0.341
2026-10-01 22:39:45,884 | DEBUG | step 1299 epoch 1 loss 0.3901 step_s 0.0061 peak_mem_gb 0.341
2026-10-01 22:39:45,891 | DEBUG | step 1300 epoch 1 loss 0.3761 step_s 0.0063 peak_mem_gb 0.341
2026-10-01 22:39:45,898 | DEBUG | step 1301 epoch 1 loss 0.3637 step_s 0.0058 peak_mem_gb 0.341
2026-10-01 22:39:45,905 | DEBUG | step 1302 epoch 1 loss 0.4223 step_s 0.0057 peak_mem_gb 0.341
2026-10-01 22:39:45,912 | DEBUG | step 1303 epoch 1 loss 0.3602 step_s 0.0059 peak_mem_gb 0.341
2026-10-01 22:39:45,919 | DEBUG | step 1304 epoch 1 loss 0.3429 step_s 0.0063 peak_mem_gb 0.341
2026-10-01 22:39:45,926 | DEBUG | step 1305 epoch 1 loss 0.3459 step_s 0.0055 peak_mem_gb 0.341
2026-10-01 22:39:45,932 | DEBUG | step 1306 epoch 1 loss 0.4084 step_s 0.0058 peak_mem_gb 0.341
2026-10-01 22:39:45,939 | DEBUG | step 1307 epoch 1 loss 0.2797 step_s 0.0056 peak_mem_gb 0.341
2026-10-01 22:39:45,945 | DEBUG | step 1308 epoch 1 loss 0.4007 step_s 0.0054 peak_mem_gb 0.341
2026-10-01 22:39:45,951 | DEBUG | step 1309 epoch 1 loss 0.2258 step_s 0.0054 peak_mem_gb 0.341
2026-10-01 22:39:45,957 | DEBUG | step 1310 epoch 1 loss 0.3615 step_s 0.0054 peak_mem_gb 0.341
2026-10-01 22:39:45,964 | DEBUG | step 1311 epoch 1 loss 0.4334 step_s 0.0055 peak_mem_gb 0.341
2026-10-01 22:39:45,970 | DEBUG | step 1312 epoch 1 loss 0.3990 step_s 0.0056 peak_mem_gb 0.341
2026-10-01 22:39:45,977 | DEBUG | step 1313 epoch 1 loss 0.2961 step_s 0.0054 peak_mem_gb 0.341
2026-10-01 22:39:45,983 | DEBUG | step 1314 epoch 1 loss 0.3920 step_s 0.0055 peak_mem_gb 0.341
2026-10-01 22:39:45,989 | DEBUG | step 1315 epoch 1 loss 0.3926 step_s 0.0054 peak_mem_gb 0.341
2026-10-01 22:39:45,995 | DEBUG | step 1316 epoch 1 loss 0.3781 step_s 0.0054 peak_mem_gb 0.341
2026-10-01 22:39:46,001 | DEBUG | step 1317 epoch 1 loss 0.2731 step_s 0.0053 peak_mem_gb 0.341
2026-10-01 22:39:46,007 | DEBUG | step 1318 epoch 1 loss 0.3772 step_s 0.0054 peak_mem_gb 0.341
2026-10-01 22:39:46,014 | DEBUG | step 1319 epoch 1 loss 0.3344 step_s 0.0054 peak_mem_gb 0.341
2026-10-01 22:39:46,020 | DEBUG | step 1320 epoch 1 loss 0.2323 step_s 0.0053 peak_mem_gb 0.341
2026-10-01 22:39:46,026 | DEBUG | step 1321 epoch 1 loss 0.5275 step_s 0.0054 peak_mem_gb 0.341
2026-10-01 22:39:46,032 | DEBUG | step 1322 epoch 1 loss 0.4622 step_s 0.0054 peak_mem_gb 0.341
2026-10-01 22:39:46,038 | DEBUG | step 1323 epoch 1 loss 0.6502 step_s 0.0053 peak_mem_gb 0.341
2026-10-01 22:39:46,044 | DEBUG | step 1324 epoch 1 loss 0.6933 step_s 0.0054 peak_mem_gb 0.341
2026-10-01 22:39:46,050 | DEBUG | step 1325 epoch 1 loss 0.3848 step_s 0.0054 peak_mem_gb 0.341
2026-10-01 22:39:46,056 | DEBUG | step 1326 epoch 1 loss 0.3516 step_s 0.0054 peak_mem_gb 0.341
2026-10-01 22:39:46,062 | DEBUG | step 1327 epoch 1 loss 0.6269 step_s 0.0054 peak_mem_gb 0.341
2026-10-01 22:39:46,068 | DEBUG | step 1328 epoch 1 loss 0.4395 step_s 0.0054 peak_mem_gb 0.341
2026-10-01 22:39:46,075 | DEBUG | step 1329 epoch 1 loss 0.3265 step_s 0.0058 peak_mem_gb 0.341
2026-10-01 22:39:46,082 | DEBUG | step 1330 epoch 1 loss 0.3686 step_s 0.0055 peak_mem_gb 0.341
2026-10-01 22:39:46,088 | DEBUG | step 1331 epoch 1 loss 0.4476 step_s 0.0054 peak_mem_gb 0.341
2026-10-01 22:39:46,094 | DEBUG | step 1332 epoch 1 loss 0.4499 step_s 0.0054 peak_mem_gb 0.341
2026-10-01 22:39:46,100 | DEBUG | step 1333 epoch 1 loss 0.6029 step_s 0.0053 peak_mem_gb 0.341
2026-10-01 22:39:46,106 | DEBUG | step 1334 epoch 1 loss 0.4661 step_s 0.0053 peak_mem_gb 0.341
2026-10-01 22:39:46,113 | DEBUG | step 1335 epoch 1 loss 0.4964 step_s 0.0057 peak_mem_gb 0.341
2026-10-01 22:39:46,119 | DEBUG | step 1336 epoch 1 loss 0.3993 step_s 0.0054 peak_mem_gb 0.341
2026-10-01 22:39:46,125 | DEBUG | step 1337 epoch 1 loss 0.4348 step_s 0.0053 peak_mem_gb 0.341
2026-10-01 22:39:46,132 | DEBUG | step 1338 epoch 1 loss 0.4114 step_s 0.0053 peak_mem_gb 0.341
2026-10-01 22:39:46,138 | DEBUG | step 1339 epoch 1 loss 0.5115 step_s 0.0054 peak_mem_gb 0.341
2026-10-01 22:39:46,144 | DEBUG | step 1340 epoch 1 loss 0.3666 step_s 0.0054 peak_mem_gb 0.341
2026-10-01 22:39:46,150 | DEBUG | step 1341 epoch 1 loss 0.3729 step_s 0.0053 peak_mem_gb 0.341
2026-10-01 22:39:46,156 | DEBUG | step 1342 epoch 1 loss 0.3797 step_s 0.0054 peak_mem_gb 0.341
2026-10-01 22:39:46,162 | DEBUG | step 1343 epoch 1 loss 0.3877 step_s 0.0053 peak_mem_gb 0.341
2026-10-01 22:39:46,168 | DEBUG | step 1344 epoch 1 loss 0.3005 step_s 0.0053 peak_mem_gb 0.341
2026-10-01 22:39:46,174 | DEBUG | step 1345 epoch 1 loss 0.3088 step_s 0.0053 peak_mem_gb 0.341
2026-10-01 22:39:46,180 | DEBUG | step 1346 epoch 1 loss 0.4527 step_s 0.0054 peak_mem_gb 0.341
2026-10-01 22:39:46,186 | DEBUG | step 1347 epoch 1 loss 0.2024 step_s 0.0053 peak_mem_gb 0.341
2026-10-01 22:39:46,192 | DEBUG | step 1348 epoch 1 loss 0.4151 step_s 0.0054 peak_mem_gb 0.341
2026-10-01 22:39:46,198 | DEBUG | step 1349 epoch 1 loss 0.3784 step_s 0.0053 peak_mem_gb 0.341
2026-10-01 22:39:46,204 | DEBUG | step 1350 epoch 1 loss 0.4806 step_s 0.0053 peak_mem_gb 0.341
2026-10-01 22:39:46,210 | DEBUG | step 1351 epoch 1 loss 0.4176 step_s 0.0054 peak_mem_gb 0.341
2026-10-01 22:39:46,216 | DEBUG | step 1352 epoch 1 loss 0.6632 step_s 0.0054 peak_mem_gb 0.341
2026-10-01 22:39:46,222 | DEBUG | step 1353 epoch 1 loss 0.3974 step_s 0.0054 peak_mem_gb 0.341
2026-10-01 22:39:46,228 | DEBUG | step 1354 epoch 1 loss 0.4448 step_s 0.0054 peak_mem_gb 0.341
2026-10-01 22:39:46,234 | DEBUG | step 1355 epoch 1 loss 0.3881 step_s 0.0053 peak_mem_gb 0.341
2026-10-01 22:39:46,240 | DEBUG | step 1356 epoch 1 loss 0.2899 step_s 0.0054 peak_mem_gb 0.341
2026-10-01 22:39:46,246 | DEBUG | step 1357 epoch 1 loss 0.4245 step_s 0.0053 peak_mem_gb 0.341
2026-10-01 22:39:46,252 | DEBUG | step 1358 epoch 1 loss 0.6378 step_s 0.0054 peak_mem_gb 0.341
2026-10-01 22:39:46,258 | DEBUG | step 1359 epoch 1 loss 0.3470 step_s 0.0053 peak_mem_gb 0.341
2026-10-01 22:39:46,264 | DEBUG | step 1360 epoch 1 loss 0.4290 step_s 0.0054 peak_mem_gb 0.341
2026-10-01 22:39:46,270 | DEBUG | step 1361 epoch 1 loss 0.4679 step_s 0.0054 peak_mem_gb 0.341
2026-10-01 22:39:46,277 | DEBUG | step 1362 epoch 1 loss 0.3755 step_s 0.0053 peak_mem_gb 0.341
2026-10-01 22:39:46,283 | DEBUG | step 1363 epoch 1 loss 0.5196 step_s 0.0053 peak_mem_gb 0.341
2026-10-01 22:39:46,289 | DEBUG | step 1364 epoch 1 loss 0.4118 step_s 0.0054 peak_mem_gb 0.341
2026-10-01 22:39:46,295 | DEBUG | step 1365 epoch 1 loss 0.3638 step_s 0.0054 peak_mem_gb 0.341
2026-10-01 22:39:46,301 | DEBUG | step 1366 epoch 1 loss 0.3560 step_s 0.0053 peak_mem_gb 0.341
2026-10-01 22:39:46,307 | DEBUG | step 1367 epoch 1 loss 0.4192 step_s 0.0054 peak_mem_gb 0.341
2026-10-01 22:39:46,313 | DEBUG | step 1368 epoch 1 loss 0.3143 step_s 0.0054 peak_mem_gb 0.341
2026-10-01 22:39:46,319 | DEBUG | step 1369 epoch 1 loss 0.3680 step_s 0.0053 peak_mem_gb 0.341
2026-10-01 22:39:46,325 | DEBUG | step 1370 epoch 1 loss 0.3520 step_s 0.0054 peak_mem_gb 0.341
2026-10-01 22:39:46,331 | DEBUG | step 1371 epoch 1 loss 0.4181 step_s 0.0053 peak_mem_gb 0.341
2026-10-01 22:39:46,337 | DEBUG | step 1372 epoch 1 loss 0.5242 step_s 0.0053 peak_mem_gb 0.341
2026-10-01 22:39:46,343 | DEBUG | step 1373 epoch 1 loss 0.3882 step_s 0.0054 peak_mem_gb 0.341
2026-10-01 22:39:46,349 | DEBUG | step 1374 epoch 1 loss 0.5264 step_s 0.0055 peak_mem_gb 0.341
2026-10-01 22:39:46,355 | DEBUG | step 1375 epoch 1 loss 0.2716 step_s 0.0053 peak_mem_gb 0.341
2026-10-01 22:39:46,361 | DEBUG | step 1376 epoch 1 loss 0.3547 step_s 0.0054 peak_mem_gb 0.341
2026-10-01 22:39:46,368 | DEBUG | step 1377 epoch 1 loss 0.3257 step_s 0.0060 peak_mem_gb 0.341
2026-10-01 22:39:46,374 | DEBUG | step 1378 epoch 1 loss 0.3483 step_s 0.0053 peak_mem_gb 0.341
2026-10-01 22:39:46,380 | DEBUG | step 1379 epoch 1 loss 0.3152 step_s 0.0053 peak_mem_gb 0.341
2026-10-01 22:39:46,386 | DEBUG | step 1380 epoch 1 loss 0.2793 step_s 0.0054 peak_mem_gb 0.341
2026-10-01 22:39:46,392 | DEBUG | step 1381 epoch 1 loss 0.2854 step_s 0.0053 peak_mem_gb 0.341
2026-10-01 22:39:46,398 | DEBUG | step 1382 epoch 1 loss 0.3284 step_s 0.0053 peak_mem_gb 0.341
2026-10-01 22:39:46,404 | DEBUG | step 1383 epoch 1 loss 0.3545 step_s 0.0053 peak_mem_gb 0.341
2026-10-01 22:39:46,410 | DEBUG | step 1384 epoch 1 loss 0.5557 step_s 0.0054 peak_mem_gb 0.341
2026-10-01 22:39:46,416 | DEBUG | step 1385 epoch 1 loss 0.4451 step_s 0.0053 peak_mem_gb 0.341
2026-10-01 22:39:46,422 | DEBUG | step 1386 epoch 1 loss 0.4468 step_s 0.0053 peak_mem_gb 0.341
2026-10-01 22:39:46,428 | DEBUG | step 1387 epoch 1 loss 0.4394 step_s 0.0054 peak_mem_gb 0.341
2026-10-01 22:39:46,434 | DEBUG | step 1388 epoch 1 loss 0.4884 step_s 0.0053 peak_mem_gb 0.341
2026-10-01 22:39:46,440 | DEBUG | step 1389 epoch 1 loss 0.3457 step_s 0.0053 peak_mem_gb 0.341
2026-10-01 22:39:46,446 | DEBUG | step 1390 epoch 1 loss 0.3730 step_s 0.0053 peak_mem_gb 0.341
2026-10-01 22:39:46,452 | DEBUG | step 1391 epoch 1 loss 0.3446 step_s 0.0053 peak_mem_gb 0.341
2026-10-01 22:39:46,458 | DEBUG | step 1392 epoch 1 loss 0.3974 step_s 0.0053 peak_mem_gb 0.341
2026-10-01 22:39:46,464 | DEBUG | step 1393 epoch 1 loss 0.4970 step_s 0.0054 peak_mem_gb 0.341
2026-10-01 22:39:46,470 | DEBUG | step 1394 epoch 1 loss 0.3379 step_s 0.0053 peak_mem_gb 0.341
2026-10-01 22:39:46,476 | DEBUG | step 1395 epoch 1 loss 0.4179 step_s 0.0054 peak_mem_gb 0.341
2026-10-01 22:39:46,482 | DEBUG | step 1396 epoch 1 loss 0.4491 step_s 0.0054 peak_mem_gb 0.341
2026-10-01 22:39:46,488 | DEBUG | step 1397 epoch 1 loss 0.3912 step_s 0.0053 peak_mem_gb 0.341
2026-10-01 22:39:46,494 | DEBUG | step 1398 epoch 1 loss 0.3670 step_s 0.0054 peak_mem_gb 0.341
2026-10-01 22:39:46,500 | DEBUG | step 1399 epoch 1 loss 0.4603 step_s 0.0054 peak_mem_gb 0.341
2026-10-01 22:39:46,506 | INFO | step 1400 epoch 1 loss 0.4420 step_s 0.0054 peak_mem_gb 0.341
2026-10-01 22:39:46,513 | DEBUG | step 1401 epoch 1 loss 0.4355 step_s 0.0054 peak_mem_gb 0.341
2026-10-01 22:39:46,519 | DEBUG | step 1402 epoch 1 loss 0.4025 step_s 0.0054 peak_mem_gb 0.341
2026-10-01 22:39:46,526 | DEBUG | step 1403 epoch 1 loss 0.3250 step_s 0.0054 peak_mem_gb 0.341
2026-10-01 22:39:46,532 | DEBUG | step 1404 epoch 1 loss 0.3349 step_s 0.0054 peak_mem_gb 0.341
2026-10-01 22:39:46,538 | DEBUG | step 1405 epoch 1 loss 0.4355 step_s 0.0053 peak_mem_gb 0.341
2026-10-01 22:39:46,544 | DEBUG | step 1406 epoch 1 loss 0.3934 step_s 0.0054 peak_mem_gb 0.341
2026-10-01 22:39:46,550 | DEBUG | step 1407 epoch 1 loss 0.2500 step_s 0.0053 peak_mem_gb 0.341
2026-10-01 22:39:46,556 | DEBUG | step 1408 epoch 1 loss 0.4130 step_s 0.0054 peak_mem_gb 0.341
2026-10-01 22:39:46,562 | DEBUG | step 1409 epoch 1 loss 0.4191 step_s 0.0054 peak_mem_gb 0.341
2026-10-01 22:39:46,568 | DEBUG | step 1410 epoch 1 loss 0.4295 step_s 0.0053 peak_mem_gb 0.341
2026-10-01 22:39:46,574 | DEBUG | step 1411 epoch 1 loss 0.4018 step_s 0.0053 peak_mem_gb 0.341
2026-10-01 22:39:46,580 | DEBUG | step 1412 epoch 1 loss 0.4459 step_s 0.0053 peak_mem_gb 0.341
2026-10-01 22:39:46,586 | DEBUG | step 1413 epoch 1 loss 0.3152 step_s 0.0053 peak_mem_gb 0.341
2026-10-01 22:39:46,592 | DEBUG | step 1414 epoch 1 loss 0.4426 step_s 0.0054 peak_mem_gb 0.341
2026-10-01 22:39:46,598 | DEBUG | step 1415 epoch 1 loss 0.3039 step_s 0.0055 peak_mem_gb 0.341
2026-10-01 22:39:46,604 | DEBUG | step 1416 epoch 1 loss 0.4544 step_s 0.0053 peak_mem_gb 0.341
2026-10-01 22:39:46,610 | DEBUG | step 1417 epoch 1 loss 0.3904 step_s 0.0054 peak_mem_gb 0.341
2026-10-01 22:39:46,616 | DEBUG | step 1418 epoch 1 loss 0.4707 step_s 0.0053 peak_mem_gb 0.341
2026-10-01 22:39:46,622 | DEBUG | step 1419 epoch 1 loss 0.3779 step_s 0.0053 peak_mem_gb 0.341
2026-10-01 22:39:46,628 | DEBUG | step 1420 epoch 1 loss 0.3123 step_s 0.0053 peak_mem_gb 0.341
2026-10-01 22:39:46,634 | DEBUG | step 1421 epoch 1 loss 0.3757 step_s 0.0054 peak_mem_gb 0.341
2026-10-01 22:39:46,640 | DEBUG | step 1422 epoch 1 loss 0.4016 step_s 0.0053 peak_mem_gb 0.341
2026-10-01 22:39:46,646 | DEBUG | step 1423 epoch 1 loss 0.4516 step_s 0.0053 peak_mem_gb 0.341
2026-10-01 22:39:46,652 | DEBUG | step 1424 epoch 1 loss 0.3236 step_s 0.0053 peak_mem_gb 0.341
2026-10-01 22:39:46,658 | DEBUG | step 1425 epoch 1 loss 0.3342 step_s 0.0054 peak_mem_gb 0.341
2026-10-01 22:39:46,664 | DEBUG | step 1426 epoch 1 loss 0.2479 step_s 0.0053 peak_mem_gb 0.341
2026-10-01 22:39:46,670 | DEBUG | step 1427 epoch 1 loss 0.4460 step_s 0.0054 peak_mem_gb 0.341
2026-10-01 22:39:46,676 | DEBUG | step 1428 epoch 1 loss 0.3455 step_s 0.0055 peak_mem_gb 0.341
2026-10-01 22:39:46,682 | DEBUG | step 1429 epoch 1 loss 0.3847 step_s 0.0053 peak_mem_gb 0.341
2026-10-01 22:39:46,688 | DEBUG | step 1430 epoch 1 loss 0.3895 step_s 0.0054 peak_mem_gb 0.341
2026-10-01 22:39:46,694 | DEBUG | step 1431 epoch 1 loss 0.3101 step_s 0.0054 peak_mem_gb 0.341
2026-10-01 22:39:46,700 | DEBUG | step 1432 epoch 1 loss 0.4857 step_s 0.0054 peak_mem_gb 0.341
2026-10-01 22:39:46,707 | DEBUG | step 1433 epoch 1 loss 0.3456 step_s 0.0054 peak_mem_gb 0.341
2026-10-01 22:39:46,713 | DEBUG | step 1434 epoch 1 loss 0.4551 step_s 0.0054 peak_mem_gb 0.341
2026-10-01 22:39:46,719 | DEBUG | step 1435 epoch 1 loss 0.2818 step_s 0.0053 peak_mem_gb 0.341
2026-10-01 22:39:46,725 | DEBUG | step 1436 epoch 1 loss 0.4848 step_s 0.0054 peak_mem_gb 0.341
2026-10-01 22:39:46,731 | DEBUG | step 1437 epoch 1 loss 0.5022 step_s 0.0054 peak_mem_gb 0.341
2026-10-01 22:39:46,737 | DEBUG | step 1438 epoch 1 loss 0.2822 step_s 0.0054 peak_mem_gb 0.341
2026-10-01 22:39:46,743 | DEBUG | step 1439 epoch 1 loss 0.3915 step_s 0.0054 peak_mem_gb 0.341
2026-10-01 22:39:46,749 | DEBUG | step 1440 epoch 1 loss 0.4041 step_s 0.0053 peak_mem_gb 0.341
2026-10-01 22:39:46,755 | DEBUG | step 1441 epoch 1 loss 0.4014 step_s 0.0054 peak_mem_gb 0.341
2026-10-01 22:39:46,761 | DEBUG | step 1442 epoch 1 loss 0.4795 step_s 0.0054 peak_mem_gb 0.341
2026-10-01 22:39:46,767 | DEBUG | step 1443 epoch 1 loss 0.3316 step_s 0.0053 peak_mem_gb 0.341
2026-10-01 22:39:46,773 | DEBUG | step 1444 epoch 1 loss 0.3334 step_s 0.0053 peak_mem_gb 0.341
2026-10-01 22:39:46,779 | DEBUG | step 1445 epoch 1 loss 0.4892 step_s 0.0054 peak_mem_gb 0.341
2026-10-01 22:39:46,785 | DEBUG | step 1446 epoch 1 loss 0.4677 step_s 0.0053 peak_mem_gb 0.341
2026-10-01 22:39:46,791 | DEBUG | step 1447 epoch 1 loss 0.5319 step_s 0.0053 peak_mem_gb 0.341
2026-10-01 22:39:46,797 | DEBUG | step 1448 epoch 1 loss 0.3603 step_s 0.0054 peak_mem_gb 0.341
2026-10-01 22:39:46,803 | DEBUG | step 1449 epoch 1 loss 0.4192 step_s 0.0053 peak_mem_gb 0.341
2026-10-01 22:39:46,809 | DEBUG | step 1450 epoch 1 loss 0.4024 step_s 0.0053 peak_mem_gb 0.341
2026-10-01 22:39:46,815 | DEBUG | step 1451 epoch 1 loss 0.3878 step_s 0.0054 peak_mem_gb 0.341
2026-10-01 22:39:46,821 | DEBUG | step 1452 epoch 1 loss 0.4584 step_s 0.0053 peak_mem_gb 0.341
2026-10-01 22:39:46,827 | DEBUG | step 1453 epoch 1 loss 0.2702 step_s 0.0053 peak_mem_gb 0.341
2026-10-01 22:39:46,833 | DEBUG | step 1454 epoch 1 loss 0.4607 step_s 0.0054 peak_mem_gb 0.341
2026-10-01 22:39:46,839 | DEBUG | step 1455 epoch 1 loss 0.4013 step_s 0.0053 peak_mem_gb 0.341
2026-10-01 22:39:46,845 | DEBUG | step 1456 epoch 1 loss 0.4355 step_s 0.0054 peak_mem_gb 0.341
2026-10-01 22:39:46,851 | DEBUG | step 1457 epoch 1 loss 0.6060 step_s 0.0054 peak_mem_gb 0.341
2026-10-01 22:39:46,857 | DEBUG | step 1458 epoch 1 loss 0.4115 step_s 0.0053 peak_mem_gb 0.341
2026-10-01 22:39:46,863 | DEBUG | step 1459 epoch 1 loss 0.3399 step_s 0.0053 peak_mem_gb 0.341
2026-10-01 22:39:46,869 | DEBUG | step 1460 epoch 1 loss 0.4149 step_s 0.0053 peak_mem_gb 0.341
2026-10-01 22:39:46,875 | DEBUG | step 1461 epoch 1 loss 0.4462 step_s 0.0053 peak_mem_gb 0.341
2026-10-01 22:39:46,881 | DEBUG | step 1462 epoch 1 loss 0.3613 step_s 0.0054 peak_mem_gb 0.341
2026-10-01 22:39:46,887 | DEBUG | step 1463 epoch 1 loss 0.2833 step_s 0.0053 peak_mem_gb 0.341
2026-10-01 22:39:46,893 | DEBUG | step 1464 epoch 1 loss 0.4620 step_s 0.0053 peak_mem_gb 0.341
2026-10-01 22:39:46,899 | DEBUG | step 1465 epoch 1 loss 0.2451 step_s 0.0057 peak_mem_gb 0.341
2026-10-01 22:39:46,907 | DEBUG | step 1466 epoch 1 loss 0.3348 step_s 0.0069 peak_mem_gb 0.341
2026-10-01 22:39:46,914 | DEBUG | step 1467 epoch 1 loss 0.3424 step_s 0.0055 peak_mem_gb 0.341
2026-10-01 22:39:46,920 | DEBUG | step 1468 epoch 1 loss 0.4277 step_s 0.0053 peak_mem_gb 0.341
2026-10-01 22:39:46,926 | DEBUG | step 1469 epoch 1 loss 0.3438 step_s 0.0054 peak_mem_gb 0.341
2026-10-01 22:39:46,932 | DEBUG | step 1470 epoch 1 loss 0.3884 step_s 0.0054 peak_mem_gb 0.341
2026-10-01 22:39:46,938 | DEBUG | step 1471 epoch 1 loss 0.3732 step_s 0.0053 peak_mem_gb 0.341
2026-10-01 22:39:46,944 | DEBUG | step 1472 epoch 1 loss 0.3340 step_s 0.0054 peak_mem_gb 0.341
2026-10-01 22:39:46,950 | DEBUG | step 1473 epoch 1 loss 0.4547 step_s 0.0053 peak_mem_gb 0.341
2026-10-01 22:39:46,957 | DEBUG | step 1474 epoch 1 loss 0.3822 step_s 0.0054 peak_mem_gb 0.341
2026-10-01 22:39:46,963 | DEBUG | step 1475 epoch 1 loss 0.4922 step_s 0.0054 peak_mem_gb 0.341
2026-10-01 22:39:46,969 | DEBUG | step 1476 epoch 1 loss 0.3875 step_s 0.0053 peak_mem_gb 0.341
2026-10-01 22:39:46,975 | DEBUG | step 1477 epoch 1 loss 0.4031 step_s 0.0055 peak_mem_gb 0.341
2026-10-01 22:39:46,981 | DEBUG | step 1478 epoch 1 loss 0.2576 step_s 0.0054 peak_mem_gb 0.341
2026-10-01 22:39:46,987 | DEBUG | step 1479 epoch 1 loss 0.3878 step_s 0.0054 peak_mem_gb 0.341
2026-10-01 22:39:46,993 | DEBUG | step 1480 epoch 1 loss 0.4717 step_s 0.0054 peak_mem_gb 0.341
2026-10-01 22:39:46,999 | DEBUG | step 1481 epoch 1 loss 0.3381 step_s 0.0053 peak_mem_gb 0.341
2026-10-01 22:39:47,005 | DEBUG | step 1482 epoch 1 loss 0.2793 step_s 0.0054 peak_mem_gb 0.341
2026-10-01 22:39:47,011 | DEBUG | step 1483 epoch 1 loss 0.2954 step_s 0.0054 peak_mem_gb 0.341
2026-10-01 22:39:47,017 | DEBUG | step 1484 epoch 1 loss 0.5084 step_s 0.0054 peak_mem_gb 0.341
2026-10-01 22:39:47,023 | DEBUG | step 1485 epoch 1 loss 0.3670 step_s 0.0054 peak_mem_gb 0.341
2026-10-01 22:39:47,029 | DEBUG | step 1486 epoch 1 loss 0.3994 step_s 0.0054 peak_mem_gb 0.341
2026-10-01 22:39:47,036 | DEBUG | step 1487 epoch 1 loss 0.2382 step_s 0.0053 peak_mem_gb 0.341
2026-10-01 22:39:47,042 | DEBUG | step 1488 epoch 1 loss 0.3339 step_s 0.0053 peak_mem_gb 0.341
2026-10-01 22:39:47,048 | DEBUG | step 1489 epoch 1 loss 0.4233 step_s 0.0053 peak_mem_gb 0.341
2026-10-01 22:39:47,054 | DEBUG | step 1490 epoch 1 loss 0.3233 step_s 0.0053 peak_mem_gb 0.341
2026-10-01 22:39:47,060 | DEBUG | step 1491 epoch 1 loss 0.2660 step_s 0.0053 peak_mem_gb 0.341
2026-10-01 22:39:47,066 | DEBUG | step 1492 epoch 1 loss 0.3198 step_s 0.0054 peak_mem_gb 0.341
2026-10-01 22:39:47,072 | DEBUG | step 1493 epoch 1 loss 0.4152 step_s 0.0053 peak_mem_gb 0.341
2026-10-01 22:39:47,078 | DEBUG | step 1494 epoch 1 loss 0.3690 step_s 0.0054 peak_mem_gb 0.341
2026-10-01 22:39:47,084 | DEBUG | step 1495 epoch 1 loss 0.3432 step_s 0.0053 peak_mem_gb 0.341
2026-10-01 22:39:47,090 | DEBUG | step 1496 epoch 1 loss 0.3822 step_s 0.0053 peak_mem_gb 0.341
2026-10-01 22:39:47,096 | DEBUG | step 1497 epoch 1 loss 0.5142 step_s 0.0055 peak_mem_gb 0.341
2026-10-01 22:39:47,102 | DEBUG | step 1498 epoch 1 loss 0.3738 step_s 0.0053 peak_mem_gb 0.341
2026-10-01 22:39:47,108 | DEBUG | step 1499 epoch 1 loss 0.4251 step_s 0.0053 peak_mem_gb 0.341
2026-10-01 22:39:47,114 | DEBUG | step 1500 epoch 1 loss 0.3568 step_s 0.0054 peak_mem_gb 0.341
2026-10-01 22:39:47,120 | DEBUG | step 1501 epoch 1 loss 0.3954 step_s 0.0054 peak_mem_gb 0.341
2026-10-01 22:39:47,126 | DEBUG | step 1502 epoch 1 loss 0.2471 step_s 0.0054 peak_mem_gb 0.341
2026-10-01 22:39:47,132 | DEBUG | step 1503 epoch 1 loss 0.4264 step_s 0.0054 peak_mem_gb 0.341
2026-10-01 22:39:47,138 | DEBUG | step 1504 epoch 1 loss 0.2670 step_s 0.0053 peak_mem_gb 0.341
2026-10-01 22:39:47,144 | DEBUG | step 1505 epoch 1 loss 0.4004 step_s 0.0054 peak_mem_gb 0.341
2026-10-01 22:39:47,150 | DEBUG | step 1506 epoch 1 loss 0.4757 step_s 0.0054 peak_mem_gb 0.341
2026-10-01 22:39:47,156 | DEBUG | step 1507 epoch 1 loss 0.2954 step_s 0.0053 peak_mem_gb 0.341
2026-10-01 22:39:47,162 | DEBUG | step 1508 epoch 1 loss 0.3620 step_s 0.0053 peak_mem_gb 0.341
2026-10-01 22:39:47,168 | DEBUG | step 1509 epoch 1 loss 0.2826 step_s 0.0053 peak_mem_gb 0.341
2026-10-01 22:39:47,174 | DEBUG | step 1510 epoch 1 loss 0.5081 step_s 0.0054 peak_mem_gb 0.341
2026-10-01 22:39:47,180 | DEBUG | step 1511 epoch 1 loss 0.2729 step_s 0.0054 peak_mem_gb 0.341
2026-10-01 22:39:47,187 | DEBUG | step 1512 epoch 1 loss 0.2555 step_s 0.0054 peak_mem_gb 0.341
2026-10-01 22:39:47,193 | DEBUG | step 1513 epoch 1 loss 0.4640 step_s 0.0053 peak_mem_gb 0.341
2026-10-01 22:39:47,199 | DEBUG | step 1514 epoch 1 loss 0.3408 step_s 0.0054 peak_mem_gb 0.341
2026-10-01 22:39:47,205 | DEBUG | step 1515 epoch 1 loss 0.3669 step_s 0.0054 peak_mem_gb 0.341
2026-10-01 22:39:47,211 | DEBUG | step 1516 epoch 1 loss 0.3001 step_s 0.0053 peak_mem_gb 0.341
2026-10-01 22:39:47,217 | DEBUG | step 1517 epoch 1 loss 0.2868 step_s 0.0053 peak_mem_gb 0.341
2026-10-01 22:39:47,223 | DEBUG | step 1518 epoch 1 loss 0.4489 step_s 0.0053 peak_mem_gb 0.341
2026-10-01 22:39:47,229 | DEBUG | step 1519 epoch 1 loss 0.3372 step_s 0.0054 peak_mem_gb 0.341
2026-10-01 22:39:47,235 | DEBUG | step 1520 epoch 1 loss 0.3026 step_s 0.0053 peak_mem_gb 0.341
2026-10-01 22:39:47,241 | DEBUG | step 1521 epoch 1 loss 0.5297 step_s 0.0053 peak_mem_gb 0.341
2026-10-01 22:39:47,247 | DEBUG | step 1522 epoch 1 loss 0.2755 step_s 0.0053 peak_mem_gb 0.341
2026-10-01 22:39:47,253 | DEBUG | step 1523 epoch 1 loss 0.4048 step_s 0.0053 peak_mem_gb 0.341
2026-10-01 22:39:47,259 | DEBUG | step 1524 epoch 1 loss 0.4623 step_s 0.0054 peak_mem_gb 0.341
2026-10-01 22:39:47,265 | DEBUG | step 1525 epoch 1 loss 0.2882 step_s 0.0053 peak_mem_gb 0.341
2026-10-01 22:39:47,271 | DEBUG | step 1526 epoch 1 loss 0.3400 step_s 0.0054 peak_mem_gb 0.341
2026-10-01 22:39:47,277 | DEBUG | step 1527 epoch 1 loss 0.4423 step_s 0.0054 peak_mem_gb 0.341
2026-10-01 22:39:47,283 | DEBUG | step 1528 epoch 1 loss 0.3783 step_s 0.0053 peak_mem_gb 0.341
2026-10-01 22:39:47,289 | DEBUG | step 1529 epoch 1 loss 0.3372 step_s 0.0054 peak_mem_gb 0.341
2026-10-01 22:39:47,295 | DEBUG | step 1530 epoch 1 loss 0.3462 step_s 0.0054 peak_mem_gb 0.341
2026-10-01 22:39:47,301 | DEBUG | step 1531 epoch 1 loss 0.3442 step_s 0.0053 peak_mem_gb 0.341
2026-10-01 22:39:47,307 | DEBUG | step 1532 epoch 1 loss 0.2715 step_s 0.0053 peak_mem_gb 0.341
2026-10-01 22:39:47,313 | DEBUG | step 1533 epoch 1 loss 0.2719 step_s 0.0053 peak_mem_gb 0.341
2026-10-01 22:39:47,319 | DEBUG | step 1534 epoch 1 loss 0.4144 step_s 0.0053 peak_mem_gb 0.341
2026-10-01 22:39:47,325 | DEBUG | step 1535 epoch 1 loss 0.3750 step_s 0.0053 peak_mem_gb 0.341
2026-10-01 22:39:47,331 | DEBUG | step 1536 epoch 1 loss 0.3418 step_s 0.0053 peak_mem_gb 0.341
2026-10-01 22:39:47,337 | DEBUG | step 1537 epoch 1 loss 0.3177 step_s 0.0053 peak_mem_gb 0.341
2026-10-01 22:39:47,343 | DEBUG | step 1538 epoch 1 loss 0.3243 step_s 0.0053 peak_mem_gb 0.341
2026-10-01 22:39:47,349 | DEBUG | step 1539 epoch 1 loss 0.2994 step_s 0.0054 peak_mem_gb 0.341
2026-10-01 22:39:47,357 | DEBUG | step 1540 epoch 1 loss 0.2879 step_s 0.0065 peak_mem_gb 0.341
2026-10-01 22:39:47,363 | DEBUG | step 1541 epoch 1 loss 0.3091 step_s 0.0055 peak_mem_gb 0.341
2026-10-01 22:39:47,370 | DEBUG | step 1542 epoch 1 loss 0.3767 step_s 0.0060 peak_mem_gb 0.341
2026-10-01 22:39:47,376 | DEBUG | step 1543 epoch 1 loss 0.3152 step_s 0.0054 peak_mem_gb 0.341
2026-10-01 22:39:47,382 | DEBUG | step 1544 epoch 1 loss 0.2926 step_s 0.0054 peak_mem_gb 0.341
2026-10-01 22:39:47,388 | DEBUG | step 1545 epoch 1 loss 0.3853 step_s 0.0054 peak_mem_gb 0.341
2026-10-01 22:39:47,394 | DEBUG | step 1546 epoch 1 loss 0.3511 step_s 0.0054 peak_mem_gb 0.341
2026-10-01 22:39:47,400 | DEBUG | step 1547 epoch 1 loss 0.3830 step_s 0.0054 peak_mem_gb 0.341
2026-10-01 22:39:47,407 | DEBUG | step 1548 epoch 1 loss 0.3728 step_s 0.0053 peak_mem_gb 0.341
2026-10-01 22:39:47,413 | DEBUG | step 1549 epoch 1 loss 0.2902 step_s 0.0054 peak_mem_gb 0.341
2026-10-01 22:39:47,419 | DEBUG | step 1550 epoch 1 loss 0.2316 step_s 0.0053 peak_mem_gb 0.341
2026-10-01 22:39:47,426 | DEBUG | step 1551 epoch 1 loss 0.2853 step_s 0.0055 peak_mem_gb 0.341
2026-10-01 22:39:47,432 | DEBUG | step 1552 epoch 1 loss 0.4381 step_s 0.0054 peak_mem_gb 0.341
2026-10-01 22:39:47,438 | DEBUG | step 1553 epoch 1 loss 0.2732 step_s 0.0053 peak_mem_gb 0.341
2026-10-01 22:39:47,444 | DEBUG | step 1554 epoch 1 loss 0.3872 step_s 0.0053 peak_mem_gb 0.341
2026-10-01 22:39:47,450 | DEBUG | step 1555 epoch 1 loss 0.2752 step_s 0.0053 peak_mem_gb 0.341
2026-10-01 22:39:47,456 | DEBUG | step 1556 epoch 1 loss 0.1958 step_s 0.0053 peak_mem_gb 0.341
2026-10-01 22:39:47,462 | DEBUG | step 1557 epoch 1 loss 0.3143 step_s 0.0054 peak_mem_gb 0.341
2026-10-01 22:39:47,468 | DEBUG | step 1558 epoch 1 loss 0.1898 step_s 0.0054 peak_mem_gb 0.341
2026-10-01 22:39:47,474 | DEBUG | step 1559 epoch 1 loss 0.2262 step_s 0.0053 peak_mem_gb 0.341
2026-10-01 22:39:47,480 | DEBUG | step 1560 epoch 1 loss 0.3222 step_s 0.0054 peak_mem_gb 0.341
2026-10-01 22:39:47,487 | DEBUG | step 1561 epoch 1 loss 0.4144 step_s 0.0053 peak_mem_gb 0.341
2026-10-01 22:39:47,493 | DEBUG | step 1562 epoch 1 loss 0.3900 step_s 0.0053 peak_mem_gb 0.341
2026-10-01 22:39:47,552 | DEBUG | step 1563 epoch 1 loss 0.2437 step_s 0.0562 peak_mem_gb 0.341
2026-10-01 22:39:48,007 | INFO | epoch 1/5 train_loss 0.5123 val_f1_macro 0.8364 val_accuracy 0.8375
2026-10-01 22:39:48,106 | INFO | new best val_f1_macro 0.8364 -> task2_sentiment/sneha/checkpoints/charcnn_best.pt
2026-10-01 22:39:48,118 | DEBUG | step 1564 epoch 2 loss 0.3395 step_s 0.0071 peak_mem_gb 1.205
2026-10-01 22:39:48,126 | DEBUG | step 1565 epoch 2 loss 0.3365 step_s 0.0077 peak_mem_gb 1.205
2026-10-01 22:39:48,133 | DEBUG | step 1566 epoch 2 loss 0.4114 step_s 0.0054 peak_mem_gb 1.205
2026-10-01 22:39:48,139 | DEBUG | step 1567 epoch 2 loss 0.3760 step_s 0.0055 peak_mem_gb 1.205
2026-10-01 22:39:48,145 | DEBUG | step 1568 epoch 2 loss 0.3962 step_s 0.0057 peak_mem_gb 1.205
2026-10-01 22:39:48,152 | DEBUG | step 1569 epoch 2 loss 0.4517 step_s 0.0054 peak_mem_gb 1.205
2026-10-01 22:39:48,158 | DEBUG | step 1570 epoch 2 loss 0.4041 step_s 0.0054 peak_mem_gb 1.205
2026-10-01 22:39:48,164 | DEBUG | step 1571 epoch 2 loss 0.2989 step_s 0.0054 peak_mem_gb 1.205
2026-10-01 22:39:48,170 | DEBUG | step 1572 epoch 2 loss 0.2868 step_s 0.0054 peak_mem_gb 1.205
2026-10-01 22:39:48,177 | DEBUG | step 1573 epoch 2 loss 0.4308 step_s 0.0056 peak_mem_gb 1.205
2026-10-01 22:39:48,183 | DEBUG | step 1574 epoch 2 loss 0.3672 step_s 0.0055 peak_mem_gb 1.205
2026-10-01 22:39:48,189 | DEBUG | step 1575 epoch 2 loss 0.3759 step_s 0.0055 peak_mem_gb 1.205
2026-10-01 22:39:48,195 | DEBUG | step 1576 epoch 2 loss 0.3747 step_s 0.0055 peak_mem_gb 1.205
2026-10-01 22:39:48,202 | DEBUG | step 1577 epoch 2 loss 0.4197 step_s 0.0055 peak_mem_gb 1.205
2026-10-01 22:39:48,209 | DEBUG | step 1578 epoch 2 loss 0.4207 step_s 0.0054 peak_mem_gb 1.205
2026-10-01 22:39:48,215 | DEBUG | step 1579 epoch 2 loss 0.4095 step_s 0.0054 peak_mem_gb 1.205
2026-10-01 22:39:48,221 | DEBUG | step 1580 epoch 2 loss 0.6188 step_s 0.0054 peak_mem_gb 1.205
2026-10-01 22:39:48,227 | DEBUG | step 1581 epoch 2 loss 0.3960 step_s 0.0054 peak_mem_gb 1.205
2026-10-01 22:39:48,233 | DEBUG | step 1582 epoch 2 loss 0.4320 step_s 0.0054 peak_mem_gb 1.205
2026-10-01 22:39:48,239 | DEBUG | step 1583 epoch 2 loss 0.3229 step_s 0.0054 peak_mem_gb 1.205
2026-10-01 22:39:48,246 | DEBUG | step 1584 epoch 2 loss 0.3818 step_s 0.0054 peak_mem_gb 1.205
2026-10-01 22:39:48,252 | DEBUG | step 1585 epoch 2 loss 0.3880 step_s 0.0054 peak_mem_gb 1.205
2026-10-01 22:39:48,259 | DEBUG | step 1586 epoch 2 loss 0.3285 step_s 0.0059 peak_mem_gb 1.205
2026-10-01 22:39:48,265 | DEBUG | step 1587 epoch 2 loss 0.4298 step_s 0.0055 peak_mem_gb 1.205
2026-10-01 22:39:48,271 | DEBUG | step 1588 epoch 2 loss 0.3215 step_s 0.0055 peak_mem_gb 1.205
2026-10-01 22:39:48,278 | DEBUG | step 1589 epoch 2 loss 0.3155 step_s 0.0055 peak_mem_gb 1.205
2026-10-01 22:39:48,284 | DEBUG | step 1590 epoch 2 loss 0.3515 step_s 0.0054 peak_mem_gb 1.205
2026-10-01 22:39:48,290 | DEBUG | step 1591 epoch 2 loss 0.2949 step_s 0.0054 peak_mem_gb 1.205
2026-10-01 22:39:48,296 | DEBUG | step 1592 epoch 2 loss 0.3201 step_s 0.0055 peak_mem_gb 1.205
2026-10-01 22:39:48,302 | DEBUG | step 1593 epoch 2 loss 0.3153 step_s 0.0054 peak_mem_gb 1.205
2026-10-01 22:39:48,309 | DEBUG | step 1594 epoch 2 loss 0.2445 step_s 0.0054 peak_mem_gb 1.205
2026-10-01 22:39:48,315 | DEBUG | step 1595 epoch 2 loss 0.3167 step_s 0.0053 peak_mem_gb 1.205
2026-10-01 22:39:48,321 | DEBUG | step 1596 epoch 2 loss 0.2775 step_s 0.0054 peak_mem_gb 1.205
2026-10-01 22:39:48,327 | DEBUG | step 1597 epoch 2 loss 0.5744 step_s 0.0053 peak_mem_gb 1.205
2026-10-01 22:39:48,333 | DEBUG | step 1598 epoch 2 loss 0.3905 step_s 0.0054 peak_mem_gb 1.205
2026-10-01 22:39:48,339 | DEBUG | step 1599 epoch 2 loss 0.4049 step_s 0.0053 peak_mem_gb 1.205
2026-10-01 22:39:48,345 | INFO | step 1600 epoch 2 loss 0.3220 step_s 0.0053 peak_mem_gb 1.205
2026-10-01 22:39:48,352 | DEBUG | step 1601 epoch 2 loss 0.4572 step_s 0.0054 peak_mem_gb 1.205
2026-10-01 22:39:48,358 | DEBUG | step 1602 epoch 2 loss 0.5467 step_s 0.0054 peak_mem_gb 1.205
2026-10-01 22:39:48,365 | DEBUG | step 1603 epoch 2 loss 0.5611 step_s 0.0057 peak_mem_gb 1.205
2026-10-01 22:39:48,371 | DEBUG | step 1604 epoch 2 loss 0.2415 step_s 0.0054 peak_mem_gb 1.205
2026-10-01 22:39:48,377 | DEBUG | step 1605 epoch 2 loss 0.3503 step_s 0.0053 peak_mem_gb 1.205
2026-10-01 22:39:48,383 | DEBUG | step 1606 epoch 2 loss 0.3283 step_s 0.0054 peak_mem_gb 1.205
2026-10-01 22:39:48,389 | DEBUG | step 1607 epoch 2 loss 0.4325 step_s 0.0053 peak_mem_gb 1.205
2026-10-01 22:39:48,395 | DEBUG | step 1608 epoch 2 loss 0.3681 step_s 0.0053 peak_mem_gb 1.205
2026-10-01 22:39:48,401 | DEBUG | step 1609 epoch 2 loss 0.2836 step_s 0.0053 peak_mem_gb 1.205
2026-10-01 22:39:48,407 | DEBUG | step 1610 epoch 2 loss 0.3131 step_s 0.0053 peak_mem_gb 1.205
2026-10-01 22:39:48,413 | DEBUG | step 1611 epoch 2 loss 0.3952 step_s 0.0054 peak_mem_gb 1.205
2026-10-01 22:39:48,419 | DEBUG | step 1612 epoch 2 loss 0.3401 step_s 0.0053 peak_mem_gb 1.205
2026-10-01 22:39:48,425 | DEBUG | step 1613 epoch 2 loss 0.3668 step_s 0.0053 peak_mem_gb 1.205
2026-10-01 22:39:48,431 | DEBUG | step 1614 epoch 2 loss 0.2713 step_s 0.0055 peak_mem_gb 1.205
2026-10-01 22:39:48,437 | DEBUG | step 1615 epoch 2 loss 0.3858 step_s 0.0053 peak_mem_gb 1.205
2026-10-01 22:39:48,443 | DEBUG | step 1616 epoch 2 loss 0.4427 step_s 0.0053 peak_mem_gb 1.205
2026-10-01 22:39:48,449 | DEBUG | step 1617 epoch 2 loss 0.3209 step_s 0.0054 peak_mem_gb 1.205
2026-10-01 22:39:48,456 | DEBUG | step 1618 epoch 2 loss 0.3721 step_s 0.0054 peak_mem_gb 1.205
2026-10-01 22:39:48,462 | DEBUG | step 1619 epoch 2 loss 0.3845 step_s 0.0054 peak_mem_gb 1.205
2026-10-01 22:39:48,468 | DEBUG | step 1620 epoch 2 loss 0.3934 step_s 0.0053 peak_mem_gb 1.205
2026-10-01 22:39:48,474 | DEBUG | step 1621 epoch 2 loss 0.3001 step_s 0.0053 peak_mem_gb 1.205
2026-10-01 22:39:48,480 | DEBUG | step 1622 epoch 2 loss 0.3365 step_s 0.0053 peak_mem_gb 1.205
2026-10-01 22:39:48,486 | DEBUG | step 1623 epoch 2 loss 0.2095 step_s 0.0053 peak_mem_gb 1.205
2026-10-01 22:39:48,492 | DEBUG | step 1624 epoch 2 loss 0.2303 step_s 0.0053 peak_mem_gb 1.205
2026-10-01 22:39:48,498 | DEBUG | step 1625 epoch 2 loss 0.2224 step_s 0.0053 peak_mem_gb 1.205
2026-10-01 22:39:48,504 | DEBUG | step 1626 epoch 2 loss 0.3930 step_s 0.0054 peak_mem_gb 1.205
2026-10-01 22:39:48,510 | DEBUG | step 1627 epoch 2 loss 0.4049 step_s 0.0054 peak_mem_gb 1.205
2026-10-01 22:39:48,516 | DEBUG | step 1628 epoch 2 loss 0.3124 step_s 0.0054 peak_mem_gb 1.205
2026-10-01 22:39:48,522 | DEBUG | step 1629 epoch 2 loss 0.3024 step_s 0.0054 peak_mem_gb 1.205
2026-10-01 22:39:48,528 | DEBUG | step 1630 epoch 2 loss 0.3590 step_s 0.0053 peak_mem_gb 1.205
2026-10-01 22:39:48,534 | DEBUG | step 1631 epoch 2 loss 0.2710 step_s 0.0054 peak_mem_gb 1.205
2026-10-01 22:39:48,540 | DEBUG | step 1632 epoch 2 loss 0.2389 step_s 0.0053 peak_mem_gb 1.205
2026-10-01 22:39:48,546 | DEBUG | step 1633 epoch 2 loss 0.2577 step_s 0.0053 peak_mem_gb 1.205
2026-10-01 22:39:48,552 | DEBUG | step 1634 epoch 2 loss 0.5307 step_s 0.0053 peak_mem_gb 1.205
2026-10-01 22:39:48,558 | DEBUG | step 1635 epoch 2 loss 0.2992 step_s 0.0053 peak_mem_gb 1.205
2026-10-01 22:39:48,564 | DEBUG | step 1636 epoch 2 loss 0.3980 step_s 0.0054 peak_mem_gb 1.205
2026-10-01 22:39:48,570 | DEBUG | step 1637 epoch 2 loss 0.3357 step_s 0.0053 peak_mem_gb 1.205
2026-10-01 22:39:48,576 | DEBUG | step 1638 epoch 2 loss 0.2869 step_s 0.0053 peak_mem_gb 1.205
2026-10-01 22:39:48,582 | DEBUG | step 1639 epoch 2 loss 0.4106 step_s 0.0054 peak_mem_gb 1.205
2026-10-01 22:39:48,588 | DEBUG | step 1640 epoch 2 loss 0.3805 step_s 0.0053 peak_mem_gb 1.205
2026-10-01 22:39:48,594 | DEBUG | step 1641 epoch 2 loss 0.3439 step_s 0.0053 peak_mem_gb 1.205
2026-10-01 22:39:48,600 | DEBUG | step 1642 epoch 2 loss 0.2012 step_s 0.0053 peak_mem_gb 1.205
2026-10-01 22:39:48,606 | DEBUG | step 1643 epoch 2 loss 0.3113 step_s 0.0053 peak_mem_gb 1.205
2026-10-01 22:39:48,612 | DEBUG | step 1644 epoch 2 loss 0.3246 step_s 0.0054 peak_mem_gb 1.205
2026-10-01 22:39:48,618 | DEBUG | step 1645 epoch 2 loss 0.2619 step_s 0.0054 peak_mem_gb 1.205
2026-10-01 22:39:48,624 | DEBUG | step 1646 epoch 2 loss 0.4095 step_s 0.0054 peak_mem_gb 1.205
2026-10-01 22:39:48,630 | DEBUG | step 1647 epoch 2 loss 0.3663 step_s 0.0054 peak_mem_gb 1.205
2026-10-01 22:39:48,636 | DEBUG | step 1648 epoch 2 loss 0.3370 step_s 0.0053 peak_mem_gb 1.205
2026-10-01 22:39:48,642 | DEBUG | step 1649 epoch 2 loss 0.2703 step_s 0.0054 peak_mem_gb 1.205
2026-10-01 22:39:48,648 | DEBUG | step 1650 epoch 2 loss 0.2744 step_s 0.0054 peak_mem_gb 1.205
2026-10-01 22:39:48,654 | DEBUG | step 1651 epoch 2 loss 0.2298 step_s 0.0054 peak_mem_gb 1.205
2026-10-01 22:39:48,660 | DEBUG | step 1652 epoch 2 loss 0.3741 step_s 0.0053 peak_mem_gb 1.205
2026-10-01 22:39:48,666 | DEBUG | step 1653 epoch 2 loss 0.3225 step_s 0.0054 peak_mem_gb 1.205
2026-10-01 22:39:48,672 | DEBUG | step 1654 epoch 2 loss 0.3582 step_s 0.0053 peak_mem_gb 1.205
2026-10-01 22:39:48,678 | DEBUG | step 1655 epoch 2 loss 0.3349 step_s 0.0054 peak_mem_gb 1.205
2026-10-01 22:39:48,684 | DEBUG | step 1656 epoch 2 loss 0.2062 step_s 0.0053 peak_mem_gb 1.205
2026-10-01 22:39:48,690 | DEBUG | step 1657 epoch 2 loss 0.2939 step_s 0.0053 peak_mem_gb 1.205
2026-10-01 22:39:48,696 | DEBUG | step 1658 epoch 2 loss 0.4021 step_s 0.0053 peak_mem_gb 1.205
2026-10-01 22:39:48,702 | DEBUG | step 1659 epoch 2 loss 0.2200 step_s 0.0053 peak_mem_gb 1.205
2026-10-01 22:39:48,708 | DEBUG | step 1660 epoch 2 loss 0.3260 step_s 0.0053 peak_mem_gb 1.205
2026-10-01 22:39:48,714 | DEBUG | step 1661 epoch 2 loss 0.3911 step_s 0.0053 peak_mem_gb 1.205
2026-10-01 22:39:48,720 | DEBUG | step 1662 epoch 2 loss 0.3476 step_s 0.0053 peak_mem_gb 1.205
2026-10-01 22:39:48,727 | DEBUG | step 1663 epoch 2 loss 0.2543 step_s 0.0056 peak_mem_gb 1.205
2026-10-01 22:39:48,733 | DEBUG | step 1664 epoch 2 loss 0.5242 step_s 0.0053 peak_mem_gb 1.205
2026-10-01 22:39:48,739 | DEBUG | step 1665 epoch 2 loss 0.2050 step_s 0.0053 peak_mem_gb 1.205
2026-10-01 22:39:48,745 | DEBUG | step 1666 epoch 2 loss 0.2151 step_s 0.0053 peak_mem_gb 1.205
2026-10-01 22:39:48,751 | DEBUG | step 1667 epoch 2 loss 0.4586 step_s 0.0053 peak_mem_gb 1.205
2026-10-01 22:39:48,757 | DEBUG | step 1668 epoch 2 loss 0.2048 step_s 0.0053 peak_mem_gb 1.205
2026-10-01 22:39:48,763 | DEBUG | step 1669 epoch 2 loss 0.3372 step_s 0.0054 peak_mem_gb 1.205
2026-10-01 22:39:48,769 | DEBUG | step 1670 epoch 2 loss 0.2900 step_s 0.0053 peak_mem_gb 1.205
2026-10-01 22:39:48,775 | DEBUG | step 1671 epoch 2 loss 0.3484 step_s 0.0053 peak_mem_gb 1.205
2026-10-01 22:39:48,781 | DEBUG | step 1672 epoch 2 loss 0.2640 step_s 0.0053 peak_mem_gb 1.205
2026-10-01 22:39:48,787 | DEBUG | step 1673 epoch 2 loss 0.3632 step_s 0.0053 peak_mem_gb 1.205
2026-10-01 22:39:48,793 | DEBUG | step 1674 epoch 2 loss 0.3214 step_s 0.0053 peak_mem_gb 1.205
2026-10-01 22:39:48,799 | DEBUG | step 1675 epoch 2 loss 0.1583 step_s 0.0053 peak_mem_gb 1.205
2026-10-01 22:39:48,805 | DEBUG | step 1676 epoch 2 loss 0.3046 step_s 0.0053 peak_mem_gb 1.205
2026-10-01 22:39:48,811 | DEBUG | step 1677 epoch 2 loss 0.3370 step_s 0.0053 peak_mem_gb 1.205
2026-10-01 22:39:48,817 | DEBUG | step 1678 epoch 2 loss 0.2994 step_s 0.0053 peak_mem_gb 1.205
2026-10-01 22:39:48,823 | DEBUG | step 1679 epoch 2 loss 0.3602 step_s 0.0053 peak_mem_gb 1.205
2026-10-01 22:39:48,829 | DEBUG | step 1680 epoch 2 loss 0.4649 step_s 0.0054 peak_mem_gb 1.205
2026-10-01 22:39:48,835 | DEBUG | step 1681 epoch 2 loss 0.2120 step_s 0.0053 peak_mem_gb 1.205
2026-10-01 22:39:48,841 | DEBUG | step 1682 epoch 2 loss 0.4393 step_s 0.0054 peak_mem_gb 1.205
2026-10-01 22:39:48,847 | DEBUG | step 1683 epoch 2 loss 0.2579 step_s 0.0054 peak_mem_gb 1.205
2026-10-01 22:39:48,853 | DEBUG | step 1684 epoch 2 loss 0.2807 step_s 0.0054 peak_mem_gb 1.205
2026-10-01 22:39:48,859 | DEBUG | step 1685 epoch 2 loss 0.3587 step_s 0.0053 peak_mem_gb 1.205
2026-10-01 22:39:48,865 | DEBUG | step 1686 epoch 2 loss 0.2594 step_s 0.0053 peak_mem_gb 1.205
2026-10-01 22:39:48,871 | DEBUG | step 1687 epoch 2 loss 0.3107 step_s 0.0053 peak_mem_gb 1.205
2026-10-01 22:39:48,877 | DEBUG | step 1688 epoch 2 loss 0.2668 step_s 0.0053 peak_mem_gb 1.205
2026-10-01 22:39:48,883 | DEBUG | step 1689 epoch 2 loss 0.2644 step_s 0.0054 peak_mem_gb 1.205
2026-10-01 22:39:48,889 | DEBUG | step 1690 epoch 2 loss 0.2944 step_s 0.0054 peak_mem_gb 1.205
2026-10-01 22:39:48,895 | DEBUG | step 1691 epoch 2 loss 0.3627 step_s 0.0054 peak_mem_gb 1.205
2026-10-01 22:39:48,901 | DEBUG | step 1692 epoch 2 loss 0.2880 step_s 0.0054 peak_mem_gb 1.205
2026-10-01 22:39:48,907 | DEBUG | step 1693 epoch 2 loss 0.2658 step_s 0.0054 peak_mem_gb 1.205
2026-10-01 22:39:48,913 | DEBUG | step 1694 epoch 2 loss 0.3924 step_s 0.0053 peak_mem_gb 1.205
2026-10-01 22:39:48,919 | DEBUG | step 1695 epoch 2 loss 0.3063 step_s 0.0054 peak_mem_gb 1.205
2026-10-01 22:39:48,925 | DEBUG | step 1696 epoch 2 loss 0.4215 step_s 0.0053 peak_mem_gb 1.205
2026-10-01 22:39:48,931 | DEBUG | step 1697 epoch 2 loss 0.2412 step_s 0.0054 peak_mem_gb 1.205
2026-10-01 22:39:48,937 | DEBUG | step 1698 epoch 2 loss 0.2386 step_s 0.0053 peak_mem_gb 1.205
2026-10-01 22:39:48,943 | DEBUG | step 1699 epoch 2 loss 0.3249 step_s 0.0054 peak_mem_gb 1.205
2026-10-01 22:39:48,949 | DEBUG | step 1700 epoch 2 loss 0.2902 step_s 0.0054 peak_mem_gb 1.205
2026-10-01 22:39:48,955 | DEBUG | step 1701 epoch 2 loss 0.2769 step_s 0.0054 peak_mem_gb 1.205
2026-10-01 22:39:48,961 | DEBUG | step 1702 epoch 2 loss 0.2255 step_s 0.0053 peak_mem_gb 1.205
2026-10-01 22:39:48,967 | DEBUG | step 1703 epoch 2 loss 0.2169 step_s 0.0054 peak_mem_gb 1.205
2026-10-01 22:39:48,973 | DEBUG | step 1704 epoch 2 loss 0.3614 step_s 0.0053 peak_mem_gb 1.205
2026-10-01 22:39:48,980 | DEBUG | step 1705 epoch 2 loss 0.3581 step_s 0.0054 peak_mem_gb 1.205
2026-10-01 22:39:48,986 | DEBUG | step 1706 epoch 2 loss 0.3635 step_s 0.0053 peak_mem_gb 1.205
2026-10-01 22:39:48,992 | DEBUG | step 1707 epoch 2 loss 0.2701 step_s 0.0053 peak_mem_gb 1.205
2026-10-01 22:39:48,998 | DEBUG | step 1708 epoch 2 loss 0.3849 step_s 0.0053 peak_mem_gb 1.205
2026-10-01 22:39:49,004 | DEBUG | step 1709 epoch 2 loss 0.4819 step_s 0.0053 peak_mem_gb 1.205
2026-10-01 22:39:49,010 | DEBUG | step 1710 epoch 2 loss 0.3411 step_s 0.0053 peak_mem_gb 1.205
2026-10-01 22:39:49,016 | DEBUG | step 1711 epoch 2 loss 0.2983 step_s 0.0054 peak_mem_gb 1.205
2026-10-01 22:39:49,022 | DEBUG | step 1712 epoch 2 loss 0.3471 step_s 0.0054 peak_mem_gb 1.205
2026-10-01 22:39:49,028 | DEBUG | step 1713 epoch 2 loss 0.4917 step_s 0.0054 peak_mem_gb 1.205
2026-10-01 22:39:49,034 | DEBUG | step 1714 epoch 2 loss 0.4786 step_s 0.0054 peak_mem_gb 1.205
2026-10-01 22:39:49,040 | DEBUG | step 1715 epoch 2 loss 0.4041 step_s 0.0053 peak_mem_gb 1.205
2026-10-01 22:39:49,046 | DEBUG | step 1716 epoch 2 loss 0.2585 step_s 0.0053 peak_mem_gb 1.205
2026-10-01 22:39:49,052 | DEBUG | step 1717 epoch 2 loss 0.2378 step_s 0.0053 peak_mem_gb 1.205
2026-10-01 22:39:49,058 | DEBUG | step 1718 epoch 2 loss 0.3785 step_s 0.0053 peak_mem_gb 1.205
2026-10-01 22:39:49,064 | DEBUG | step 1719 epoch 2 loss 0.2886 step_s 0.0055 peak_mem_gb 1.205
2026-10-01 22:39:49,070 | DEBUG | step 1720 epoch 2 loss 0.4428 step_s 0.0054 peak_mem_gb 1.205
2026-10-01 22:39:49,076 | DEBUG | step 1721 epoch 2 loss 0.2795 step_s 0.0053 peak_mem_gb 1.205
2026-10-01 22:39:49,082 | DEBUG | step 1722 epoch 2 loss 0.2813 step_s 0.0054 peak_mem_gb 1.205
2026-10-01 22:39:49,088 | DEBUG | step 1723 epoch 2 loss 0.3895 step_s 0.0053 peak_mem_gb 1.205
2026-10-01 22:39:49,094 | DEBUG | step 1724 epoch 2 loss 0.4238 step_s 0.0054 peak_mem_gb 1.205
2026-10-01 22:39:49,100 | DEBUG | step 1725 epoch 2 loss 0.3871 step_s 0.0054 peak_mem_gb 1.205
2026-10-01 22:39:49,106 | DEBUG | step 1726 epoch 2 loss 0.2597 step_s 0.0053 peak_mem_gb 1.205
2026-10-01 22:39:49,112 | DEBUG | step 1727 epoch 2 loss 0.5525 step_s 0.0054 peak_mem_gb 1.205
2026-10-01 22:39:49,118 | DEBUG | step 1728 epoch 2 loss 0.3110 step_s 0.0053 peak_mem_gb 1.205
2026-10-01 22:39:49,124 | DEBUG | step 1729 epoch 2 loss 0.2762 step_s 0.0053 peak_mem_gb 1.205
2026-10-01 22:39:49,130 | DEBUG | step 1730 epoch 2 loss 0.2934 step_s 0.0054 peak_mem_gb 1.205
2026-10-01 22:39:49,136 | DEBUG | step 1731 epoch 2 loss 0.2879 step_s 0.0053 peak_mem_gb 1.205
2026-10-01 22:39:49,142 | DEBUG | step 1732 epoch 2 loss 0.3557 step_s 0.0054 peak_mem_gb 1.205
2026-10-01 22:39:49,149 | DEBUG | step 1733 epoch 2 loss 0.2942 step_s 0.0054 peak_mem_gb 1.205
2026-10-01 22:39:49,155 | DEBUG | step 1734 epoch 2 loss 0.2526 step_s 0.0054 peak_mem_gb 1.205
2026-10-01 22:39:49,161 | DEBUG | step 1735 epoch 2 loss 0.3571 step_s 0.0055 peak_mem_gb 1.205
2026-10-01 22:39:49,167 | DEBUG | step 1736 epoch 2 loss 0.2733 step_s 0.0055 peak_mem_gb 1.205
2026-10-01 22:39:49,173 | DEBUG | step 1737 epoch 2 loss 0.3475 step_s 0.0054 peak_mem_gb 1.205
2026-10-01 22:39:49,180 | DEBUG | step 1738 epoch 2 loss 0.2425 step_s 0.0054 peak_mem_gb 1.205
2026-10-01 22:39:49,186 | DEBUG | step 1739 epoch 2 loss 0.2077 step_s 0.0054 peak_mem_gb 1.205
2026-10-01 22:39:49,192 | DEBUG | step 1740 epoch 2 loss 0.1891 step_s 0.0054 peak_mem_gb 1.205
2026-10-01 22:39:49,198 | DEBUG | step 1741 epoch 2 loss 0.3215 step_s 0.0054 peak_mem_gb 1.205
2026-10-01 22:39:49,204 | DEBUG | step 1742 epoch 2 loss 0.4172 step_s 0.0053 peak_mem_gb 1.205
2026-10-01 22:39:49,210 | DEBUG | step 1743 epoch 2 loss 0.2202 step_s 0.0053 peak_mem_gb 1.205
2026-10-01 22:39:49,216 | DEBUG | step 1744 epoch 2 loss 0.3160 step_s 0.0053 peak_mem_gb 1.205
2026-10-01 22:39:49,222 | DEBUG | step 1745 epoch 2 loss 0.2205 step_s 0.0053 peak_mem_gb 1.205
2026-10-01 22:39:49,228 | DEBUG | step 1746 epoch 2 loss 0.3497 step_s 0.0053 peak_mem_gb 1.205
2026-10-01 22:39:49,234 | DEBUG | step 1747 epoch 2 loss 0.3189 step_s 0.0053 peak_mem_gb 1.205
2026-10-01 22:39:49,240 | DEBUG | step 1748 epoch 2 loss 0.4427 step_s 0.0053 peak_mem_gb 1.205
2026-10-01 22:39:49,246 | DEBUG | step 1749 epoch 2 loss 0.4178 step_s 0.0054 peak_mem_gb 1.205
2026-10-01 22:39:49,252 | DEBUG | step 1750 epoch 2 loss 0.3104 step_s 0.0053 peak_mem_gb 1.205
2026-10-01 22:39:49,258 | DEBUG | step 1751 epoch 2 loss 0.4241 step_s 0.0054 peak_mem_gb 1.205
2026-10-01 22:39:49,264 | DEBUG | step 1752 epoch 2 loss 0.3873 step_s 0.0053 peak_mem_gb 1.205
2026-10-01 22:39:49,270 | DEBUG | step 1753 epoch 2 loss 0.4595 step_s 0.0053 peak_mem_gb 1.205
2026-10-01 22:39:49,276 | DEBUG | step 1754 epoch 2 loss 0.4167 step_s 0.0053 peak_mem_gb 1.205
2026-10-01 22:39:49,282 | DEBUG | step 1755 epoch 2 loss 0.2683 step_s 0.0054 peak_mem_gb 1.205
2026-10-01 22:39:49,288 | DEBUG | step 1756 epoch 2 loss 0.4450 step_s 0.0053 peak_mem_gb 1.205
2026-10-01 22:39:49,294 | DEBUG | step 1757 epoch 2 loss 0.3273 step_s 0.0053 peak_mem_gb 1.205
2026-10-01 22:39:49,300 | DEBUG | step 1758 epoch 2 loss 0.3439 step_s 0.0054 peak_mem_gb 1.205
2026-10-01 22:39:49,306 | DEBUG | step 1759 epoch 2 loss 0.3263 step_s 0.0053 peak_mem_gb 1.205
2026-10-01 22:39:49,312 | DEBUG | step 1760 epoch 2 loss 0.3763 step_s 0.0053 peak_mem_gb 1.205
2026-10-01 22:39:49,318 | DEBUG | step 1761 epoch 2 loss 0.3424 step_s 0.0054 peak_mem_gb 1.205
2026-10-01 22:39:49,324 | DEBUG | step 1762 epoch 2 loss 0.2957 step_s 0.0053 peak_mem_gb 1.205
2026-10-01 22:39:49,331 | DEBUG | step 1763 epoch 2 loss 0.3800 step_s 0.0054 peak_mem_gb 1.205
2026-10-01 22:39:49,336 | DEBUG | step 1764 epoch 2 loss 0.3591 step_s 0.0053 peak_mem_gb 1.205
2026-10-01 22:39:49,342 | DEBUG | step 1765 epoch 2 loss 0.4143 step_s 0.0053 peak_mem_gb 1.205
2026-10-01 22:39:49,349 | DEBUG | step 1766 epoch 2 loss 0.3765 step_s 0.0054 peak_mem_gb 1.205
2026-10-01 22:39:49,354 | DEBUG | step 1767 epoch 2 loss 0.2931 step_s 0.0053 peak_mem_gb 1.205
2026-10-01 22:39:49,360 | DEBUG | step 1768 epoch 2 loss 0.4341 step_s 0.0053 peak_mem_gb 1.205
2026-10-01 22:39:49,367 | DEBUG | step 1769 epoch 2 loss 0.5056 step_s 0.0058 peak_mem_gb 1.205
2026-10-01 22:39:49,373 | DEBUG | step 1770 epoch 2 loss 0.2443 step_s 0.0054 peak_mem_gb 1.205
2026-10-01 22:39:49,379 | DEBUG | step 1771 epoch 2 loss 0.3238 step_s 0.0054 peak_mem_gb 1.205
2026-10-01 22:39:49,386 | DEBUG | step 1772 epoch 2 loss 0.3815 step_s 0.0061 peak_mem_gb 1.205
2026-10-01 22:39:49,392 | DEBUG | step 1773 epoch 2 loss 0.3138 step_s 0.0053 peak_mem_gb 1.205
2026-10-01 22:39:49,398 | DEBUG | step 1774 epoch 2 loss 0.4256 step_s 0.0054 peak_mem_gb 1.205
2026-10-01 22:39:49,404 | DEBUG | step 1775 epoch 2 loss 0.2772 step_s 0.0053 peak_mem_gb 1.205
2026-10-01 22:39:49,411 | DEBUG | step 1776 epoch 2 loss 0.3331 step_s 0.0054 peak_mem_gb 1.205
2026-10-01 22:39:49,417 | DEBUG | step 1777 epoch 2 loss 0.3201 step_s 0.0054 peak_mem_gb 1.205
2026-10-01 22:39:49,423 | DEBUG | step 1778 epoch 2 loss 0.2577 step_s 0.0054 peak_mem_gb 1.205
2026-10-01 22:39:49,429 | DEBUG | step 1779 epoch 2 loss 0.3995 step_s 0.0054 peak_mem_gb 1.205
2026-10-01 22:39:49,435 | DEBUG | step 1780 epoch 2 loss 0.2274 step_s 0.0053 peak_mem_gb 1.205
2026-10-01 22:39:49,441 | DEBUG | step 1781 epoch 2 loss 0.5167 step_s 0.0053 peak_mem_gb 1.205
2026-10-01 22:39:49,447 | DEBUG | step 1782 epoch 2 loss 0.6217 step_s 0.0054 peak_mem_gb 1.205
2026-10-01 22:39:49,453 | DEBUG | step 1783 epoch 2 loss 0.3032 step_s 0.0053 peak_mem_gb 1.205
2026-10-01 22:39:49,459 | DEBUG | step 1784 epoch 2 loss 0.3432 step_s 0.0053 peak_mem_gb 1.205
2026-10-01 22:39:49,465 | DEBUG | step 1785 epoch 2 loss 0.3862 step_s 0.0054 peak_mem_gb 1.205
2026-10-01 22:39:49,471 | DEBUG | step 1786 epoch 2 loss 0.3483 step_s 0.0053 peak_mem_gb 1.205
2026-10-01 22:39:49,479 | DEBUG | step 1787 epoch 2 loss 0.3755 step_s 0.0054 peak_mem_gb 1.205
2026-10-01 22:39:49,485 | DEBUG | step 1788 epoch 2 loss 0.5503 step_s 0.0053 peak_mem_gb 1.205
2026-10-01 22:39:49,491 | DEBUG | step 1789 epoch 2 loss 0.4265 step_s 0.0053 peak_mem_gb 1.205
2026-10-01 22:39:49,497 | DEBUG | step 1790 epoch 2 loss 0.5949 step_s 0.0054 peak_mem_gb 1.205
2026-10-01 22:39:49,503 | DEBUG | step 1791 epoch 2 loss 0.3314 step_s 0.0053 peak_mem_gb 1.205
2026-10-01 22:39:49,509 | DEBUG | step 1792 epoch 2 loss 0.4785 step_s 0.0054 peak_mem_gb 1.205
2026-10-01 22:39:49,515 | DEBUG | step 1793 epoch 2 loss 0.3860 step_s 0.0053 peak_mem_gb 1.205
2026-10-01 22:39:49,521 | DEBUG | step 1794 epoch 2 loss 0.2744 step_s 0.0054 peak_mem_gb 1.205
2026-10-01 22:39:49,527 | DEBUG | step 1795 epoch 2 loss 0.4374 step_s 0.0054 peak_mem_gb 1.205
2026-10-01 22:39:49,533 | DEBUG | step 1796 epoch 2 loss 0.3961 step_s 0.0054 peak_mem_gb 1.205
2026-10-01 22:39:49,539 | DEBUG | step 1797 epoch 2 loss 0.3643 step_s 0.0053 peak_mem_gb 1.205
2026-10-01 22:39:49,545 | DEBUG | step 1798 epoch 2 loss 0.2396 step_s 0.0053 peak_mem_gb 1.205
2026-10-01 22:39:49,551 | DEBUG | step 1799 epoch 2 loss 0.3188 step_s 0.0053 peak_mem_gb 1.205
2026-10-01 22:39:49,557 | INFO | step 1800 epoch 2 loss 0.4070 step_s 0.0054 peak_mem_gb 1.205
2026-10-01 22:39:49,564 | DEBUG | step 1801 epoch 2 loss 0.3298 step_s 0.0054 peak_mem_gb 1.205
2026-10-01 22:39:49,570 | DEBUG | step 1802 epoch 2 loss 0.3615 step_s 0.0054 peak_mem_gb 1.205
2026-10-01 22:39:49,576 | DEBUG | step 1803 epoch 2 loss 0.3919 step_s 0.0053 peak_mem_gb 1.205
2026-10-01 22:39:49,582 | DEBUG | step 1804 epoch 2 loss 0.3587 step_s 0.0054 peak_mem_gb 1.205
2026-10-01 22:39:49,588 | DEBUG | step 1805 epoch 2 loss 0.3211 step_s 0.0053 peak_mem_gb 1.205
2026-10-01 22:39:49,594 | DEBUG | step 1806 epoch 2 loss 0.2601 step_s 0.0054 peak_mem_gb 1.205
2026-10-01 22:39:49,601 | DEBUG | step 1807 epoch 2 loss 0.3354 step_s 0.0054 peak_mem_gb 1.205
2026-10-01 22:39:49,607 | DEBUG | step 1808 epoch 2 loss 0.3580 step_s 0.0054 peak_mem_gb 1.205
2026-10-01 22:39:49,613 | DEBUG | step 1809 epoch 2 loss 0.3858 step_s 0.0054 peak_mem_gb 1.205
2026-10-01 22:39:49,619 | DEBUG | step 1810 epoch 2 loss 0.4817 step_s 0.0053 peak_mem_gb 1.205
2026-10-01 22:39:49,625 | DEBUG | step 1811 epoch 2 loss 0.2770 step_s 0.0053 peak_mem_gb 1.205
2026-10-01 22:39:49,631 | DEBUG | step 1812 epoch 2 loss 0.3242 step_s 0.0053 peak_mem_gb 1.205
2026-10-01 22:39:49,636 | DEBUG | step 1813 epoch 2 loss 0.3252 step_s 0.0053 peak_mem_gb 1.205
2026-10-01 22:39:49,642 | DEBUG | step 1814 epoch 2 loss 0.3217 step_s 0.0053 peak_mem_gb 1.205
2026-10-01 22:39:49,648 | DEBUG | step 1815 epoch 2 loss 0.2782 step_s 0.0054 peak_mem_gb 1.205
2026-10-01 22:39:49,654 | DEBUG | step 1816 epoch 2 loss 0.4604 step_s 0.0053 peak_mem_gb 1.205
2026-10-01 22:39:49,661 | DEBUG | step 1817 epoch 2 loss 0.2408 step_s 0.0053 peak_mem_gb 1.205
2026-10-01 22:39:49,667 | DEBUG | step 1818 epoch 2 loss 0.3741 step_s 0.0053 peak_mem_gb 1.205
2026-10-01 22:39:49,672 | DEBUG | step 1819 epoch 2 loss 0.3343 step_s 0.0053 peak_mem_gb 1.205
2026-10-01 22:39:49,678 | DEBUG | step 1820 epoch 2 loss 0.4055 step_s 0.0053 peak_mem_gb 1.205
2026-10-01 22:39:49,684 | DEBUG | step 1821 epoch 2 loss 0.2186 step_s 0.0053 peak_mem_gb 1.205
2026-10-01 22:39:49,690 | DEBUG | step 1822 epoch 2 loss 0.2862 step_s 0.0053 peak_mem_gb 1.205
2026-10-01 22:39:49,696 | DEBUG | step 1823 epoch 2 loss 0.4288 step_s 0.0053 peak_mem_gb 1.205
2026-10-01 22:39:49,702 | DEBUG | step 1824 epoch 2 loss 0.4228 step_s 0.0053 peak_mem_gb 1.205
2026-10-01 22:39:49,708 | DEBUG | step 1825 epoch 2 loss 0.5051 step_s 0.0053 peak_mem_gb 1.205
2026-10-01 22:39:49,714 | DEBUG | step 1826 epoch 2 loss 0.3243 step_s 0.0053 peak_mem_gb 1.205
2026-10-01 22:39:49,720 | DEBUG | step 1827 epoch 2 loss 0.3371 step_s 0.0053 peak_mem_gb 1.205
2026-10-01 22:39:49,726 | DEBUG | step 1828 epoch 2 loss 0.2516 step_s 0.0053 peak_mem_gb 1.205
2026-10-01 22:39:49,732 | DEBUG | step 1829 epoch 2 loss 0.2615 step_s 0.0053 peak_mem_gb 1.205
2026-10-01 22:39:49,738 | DEBUG | step 1830 epoch 2 loss 0.3145 step_s 0.0054 peak_mem_gb 1.205
2026-10-01 22:39:49,744 | DEBUG | step 1831 epoch 2 loss 0.3510 step_s 0.0053 peak_mem_gb 1.205
2026-10-01 22:39:49,750 | DEBUG | step 1832 epoch 2 loss 0.2892 step_s 0.0053 peak_mem_gb 1.205
2026-10-01 22:39:49,756 | DEBUG | step 1833 epoch 2 loss 0.2661 step_s 0.0054 peak_mem_gb 1.205
2026-10-01 22:39:49,762 | DEBUG | step 1834 epoch 2 loss 0.2915 step_s 0.0053 peak_mem_gb 1.205
2026-10-01 22:39:49,768 | DEBUG | step 1835 epoch 2 loss 0.4169 step_s 0.0053 peak_mem_gb 1.205
2026-10-01 22:39:49,774 | DEBUG | step 1836 epoch 2 loss 0.3701 step_s 0.0053 peak_mem_gb 1.205
2026-10-01 22:39:49,780 | DEBUG | step 1837 epoch 2 loss 0.2995 step_s 0.0054 peak_mem_gb 1.205
2026-10-01 22:39:49,786 | DEBUG | step 1838 epoch 2 loss 0.2476 step_s 0.0053 peak_mem_gb 1.205
2026-10-01 22:39:49,792 | DEBUG | step 1839 epoch 2 loss 0.3969 step_s 0.0054 peak_mem_gb 1.205
2026-10-01 22:39:49,798 | DEBUG | step 1840 epoch 2 loss 0.3430 step_s 0.0054 peak_mem_gb 1.205
2026-10-01 22:39:49,804 | DEBUG | step 1841 epoch 2 loss 0.4627 step_s 0.0053 peak_mem_gb 1.205
2026-10-01 22:39:49,811 | DEBUG | step 1842 epoch 2 loss 0.2970 step_s 0.0054 peak_mem_gb 1.205
2026-10-01 22:39:49,817 | DEBUG | step 1843 epoch 2 loss 0.3665 step_s 0.0054 peak_mem_gb 1.205
2026-10-01 22:39:49,823 | DEBUG | step 1844 epoch 2 loss 0.4001 step_s 0.0054 peak_mem_gb 1.205
2026-10-01 22:39:49,829 | DEBUG | step 1845 epoch 2 loss 0.2742 step_s 0.0054 peak_mem_gb 1.205
2026-10-01 22:39:49,835 | DEBUG | step 1846 epoch 2 loss 0.2692 step_s 0.0054 peak_mem_gb 1.205
2026-10-01 22:39:49,841 | DEBUG | step 1847 epoch 2 loss 0.2120 step_s 0.0054 peak_mem_gb 1.205
2026-10-01 22:39:49,847 | DEBUG | step 1848 epoch 2 loss 0.2996 step_s 0.0054 peak_mem_gb 1.205
2026-10-01 22:39:49,854 | DEBUG | step 1849 epoch 2 loss 0.2724 step_s 0.0053 peak_mem_gb 1.205
2026-10-01 22:39:49,860 | DEBUG | step 1850 epoch 2 loss 0.4136 step_s 0.0054 peak_mem_gb 1.205
2026-10-01 22:39:49,866 | DEBUG | step 1851 epoch 2 loss 0.3270 step_s 0.0054 peak_mem_gb 1.205
2026-10-01 22:39:49,872 | DEBUG | step 1852 epoch 2 loss 0.3198 step_s 0.0054 peak_mem_gb 1.205
2026-10-01 22:39:49,878 | DEBUG | step 1853 epoch 2 loss 0.2873 step_s 0.0054 peak_mem_gb 1.205
2026-10-01 22:39:49,884 | DEBUG | step 1854 epoch 2 loss 0.3572 step_s 0.0053 peak_mem_gb 1.205
2026-10-01 22:39:49,890 | DEBUG | step 1855 epoch 2 loss 0.2564 step_s 0.0053 peak_mem_gb 1.205
2026-10-01 22:39:49,896 | DEBUG | step 1856 epoch 2 loss 0.3087 step_s 0.0054 peak_mem_gb 1.205
2026-10-01 22:39:49,903 | DEBUG | step 1857 epoch 2 loss 0.2811 step_s 0.0054 peak_mem_gb 1.205
2026-10-01 22:39:49,909 | DEBUG | step 1858 epoch 2 loss 0.4452 step_s 0.0053 peak_mem_gb 1.205
2026-10-01 22:39:49,915 | DEBUG | step 1859 epoch 2 loss 0.2919 step_s 0.0056 peak_mem_gb 1.205
2026-10-01 22:39:49,921 | DEBUG | step 1860 epoch 2 loss 0.2694 step_s 0.0053 peak_mem_gb 1.205
2026-10-01 22:39:49,927 | DEBUG | step 1861 epoch 2 loss 0.2872 step_s 0.0054 peak_mem_gb 1.205
2026-10-01 22:39:49,933 | DEBUG | step 1862 epoch 2 loss 0.2979 step_s 0.0054 peak_mem_gb 1.205
2026-10-01 22:39:49,939 | DEBUG | step 1863 epoch 2 loss 0.5043 step_s 0.0053 peak_mem_gb 1.205
2026-10-01 22:39:49,945 | DEBUG | step 1864 epoch 2 loss 0.2369 step_s 0.0054 peak_mem_gb 1.205
2026-10-01 22:39:49,951 | DEBUG | step 1865 epoch 2 loss 0.2682 step_s 0.0053 peak_mem_gb 1.205
2026-10-01 22:39:49,957 | DEBUG | step 1866 epoch 2 loss 0.3050 step_s 0.0053 peak_mem_gb 1.205
2026-10-01 22:39:49,963 | DEBUG | step 1867 epoch 2 loss 0.4393 step_s 0.0054 peak_mem_gb 1.205
2026-10-01 22:39:49,969 | DEBUG | step 1868 epoch 2 loss 0.2690 step_s 0.0054 peak_mem_gb 1.205
2026-10-01 22:39:49,975 | DEBUG | step 1869 epoch 2 loss 0.3622 step_s 0.0053 peak_mem_gb 1.205
2026-10-01 22:39:49,981 | DEBUG | step 1870 epoch 2 loss 0.2442 step_s 0.0054 peak_mem_gb 1.205
2026-10-01 22:39:49,987 | DEBUG | step 1871 epoch 2 loss 0.6425 step_s 0.0054 peak_mem_gb 1.205
2026-10-01 22:39:49,993 | DEBUG | step 1872 epoch 2 loss 0.3484 step_s 0.0054 peak_mem_gb 1.205
2026-10-01 22:39:49,999 | DEBUG | step 1873 epoch 2 loss 0.3453 step_s 0.0054 peak_mem_gb 1.205
2026-10-01 22:39:50,005 | DEBUG | step 1874 epoch 2 loss 0.3974 step_s 0.0054 peak_mem_gb 1.205
2026-10-01 22:39:50,011 | DEBUG | step 1875 epoch 2 loss 0.2166 step_s 0.0053 peak_mem_gb 1.205
2026-10-01 22:39:50,017 | DEBUG | step 1876 epoch 2 loss 0.3598 step_s 0.0053 peak_mem_gb 1.205
2026-10-01 22:39:50,023 | DEBUG | step 1877 epoch 2 loss 0.3554 step_s 0.0053 peak_mem_gb 1.205
2026-10-01 22:39:50,029 | DEBUG | step 1878 epoch 2 loss 0.3253 step_s 0.0054 peak_mem_gb 1.205
2026-10-01 22:39:50,035 | DEBUG | step 1879 epoch 2 loss 0.3514 step_s 0.0053 peak_mem_gb 1.205
2026-10-01 22:39:50,041 | DEBUG | step 1880 epoch 2 loss 0.3592 step_s 0.0053 peak_mem_gb 1.205
2026-10-01 22:39:50,047 | DEBUG | step 1881 epoch 2 loss 0.3684 step_s 0.0054 peak_mem_gb 1.205
2026-10-01 22:39:50,053 | DEBUG | step 1882 epoch 2 loss 0.3002 step_s 0.0053 peak_mem_gb 1.205
2026-10-01 22:39:50,059 | DEBUG | step 1883 epoch 2 loss 0.3597 step_s 0.0053 peak_mem_gb 1.205
2026-10-01 22:39:50,065 | DEBUG | step 1884 epoch 2 loss 0.2623 step_s 0.0053 peak_mem_gb 1.205
2026-10-01 22:39:50,071 | DEBUG | step 1885 epoch 2 loss 0.3659 step_s 0.0054 peak_mem_gb 1.205
2026-10-01 22:39:50,077 | DEBUG | step 1886 epoch 2 loss 0.2682 step_s 0.0054 peak_mem_gb 1.205
2026-10-01 22:39:50,083 | DEBUG | step 1887 epoch 2 loss 0.3892 step_s 0.0054 peak_mem_gb 1.205
2026-10-01 22:39:50,089 | DEBUG | step 1888 epoch 2 loss 0.2635 step_s 0.0054 peak_mem_gb 1.205
2026-10-01 22:39:50,096 | DEBUG | step 1889 epoch 2 loss 0.2338 step_s 0.0054 peak_mem_gb 1.205
2026-10-01 22:39:50,102 | DEBUG | step 1890 epoch 2 loss 0.3764 step_s 0.0053 peak_mem_gb 1.205
2026-10-01 22:39:50,108 | DEBUG | step 1891 epoch 2 loss 0.2740 step_s 0.0053 peak_mem_gb 1.205
2026-10-01 22:39:50,114 | DEBUG | step 1892 epoch 2 loss 0.2004 step_s 0.0053 peak_mem_gb 1.205
2026-10-01 22:39:50,120 | DEBUG | step 1893 epoch 2 loss 0.3092 step_s 0.0053 peak_mem_gb 1.205
2026-10-01 22:39:50,126 | DEBUG | step 1894 epoch 2 loss 0.2324 step_s 0.0054 peak_mem_gb 1.205
2026-10-01 22:39:50,132 | DEBUG | step 1895 epoch 2 loss 0.3956 step_s 0.0054 peak_mem_gb 1.205
2026-10-01 22:39:50,138 | DEBUG | step 1896 epoch 2 loss 0.3104 step_s 0.0053 peak_mem_gb 1.205
2026-10-01 22:39:50,144 | DEBUG | step 1897 epoch 2 loss 0.4859 step_s 0.0054 peak_mem_gb 1.205
2026-10-01 22:39:50,150 | DEBUG | step 1898 epoch 2 loss 0.3502 step_s 0.0054 peak_mem_gb 1.205
2026-10-01 22:39:50,156 | DEBUG | step 1899 epoch 2 loss 0.3184 step_s 0.0053 peak_mem_gb 1.205
2026-10-01 22:39:50,162 | DEBUG | step 1900 epoch 2 loss 0.2964 step_s 0.0054 peak_mem_gb 1.205
2026-10-01 22:39:50,168 | DEBUG | step 1901 epoch 2 loss 0.4589 step_s 0.0053 peak_mem_gb 1.205
2026-10-01 22:39:50,174 | DEBUG | step 1902 epoch 2 loss 0.3808 step_s 0.0054 peak_mem_gb 1.205
2026-10-01 22:39:50,180 | DEBUG | step 1903 epoch 2 loss 0.2621 step_s 0.0054 peak_mem_gb 1.205
2026-10-01 22:39:50,186 | DEBUG | step 1904 epoch 2 loss 0.2528 step_s 0.0053 peak_mem_gb 1.205
2026-10-01 22:39:50,192 | DEBUG | step 1905 epoch 2 loss 0.2481 step_s 0.0053 peak_mem_gb 1.205
2026-10-01 22:39:50,198 | DEBUG | step 1906 epoch 2 loss 0.3598 step_s 0.0054 peak_mem_gb 1.205
2026-10-01 22:39:50,204 | DEBUG | step 1907 epoch 2 loss 0.3065 step_s 0.0053 peak_mem_gb 1.205
2026-10-01 22:39:50,210 | DEBUG | step 1908 epoch 2 loss 0.3605 step_s 0.0054 peak_mem_gb 1.205
2026-10-01 22:39:50,216 | DEBUG | step 1909 epoch 2 loss 0.3377 step_s 0.0053 peak_mem_gb 1.205
2026-10-01 22:39:50,222 | DEBUG | step 1910 epoch 2 loss 0.2702 step_s 0.0053 peak_mem_gb 1.205
2026-10-01 22:39:50,228 | DEBUG | step 1911 epoch 2 loss 0.2706 step_s 0.0054 peak_mem_gb 1.205
2026-10-01 22:39:50,234 | DEBUG | step 1912 epoch 2 loss 0.1985 step_s 0.0053 peak_mem_gb 1.205
2026-10-01 22:39:50,240 | DEBUG | step 1913 epoch 2 loss 0.3577 step_s 0.0053 peak_mem_gb 1.205
2026-10-01 22:39:50,246 | DEBUG | step 1914 epoch 2 loss 0.3573 step_s 0.0054 peak_mem_gb 1.205
2026-10-01 22:39:50,252 | DEBUG | step 1915 epoch 2 loss 0.2916 step_s 0.0053 peak_mem_gb 1.205
2026-10-01 22:39:50,258 | DEBUG | step 1916 epoch 2 loss 0.2395 step_s 0.0054 peak_mem_gb 1.205
2026-10-01 22:39:50,264 | DEBUG | step 1917 epoch 2 loss 0.3650 step_s 0.0053 peak_mem_gb 1.205
2026-10-01 22:39:50,270 | DEBUG | step 1918 epoch 2 loss 0.3076 step_s 0.0053 peak_mem_gb 1.205
2026-10-01 22:39:50,276 | DEBUG | step 1919 epoch 2 loss 0.3046 step_s 0.0054 peak_mem_gb 1.205
2026-10-01 22:39:50,282 | DEBUG | step 1920 epoch 2 loss 0.4672 step_s 0.0054 peak_mem_gb 1.205
2026-10-01 22:39:50,288 | DEBUG | step 1921 epoch 2 loss 0.2659 step_s 0.0053 peak_mem_gb 1.205
2026-10-01 22:39:50,294 | DEBUG | step 1922 epoch 2 loss 0.3171 step_s 0.0054 peak_mem_gb 1.205
2026-10-01 22:39:50,300 | DEBUG | step 1923 epoch 2 loss 0.4539 step_s 0.0053 peak_mem_gb 1.205
2026-10-01 22:39:50,306 | DEBUG | step 1924 epoch 2 loss 0.4248 step_s 0.0054 peak_mem_gb 1.205
2026-10-01 22:39:50,312 | DEBUG | step 1925 epoch 2 loss 0.3595 step_s 0.0053 peak_mem_gb 1.205
2026-10-01 22:39:50,318 | DEBUG | step 1926 epoch 2 loss 0.3326 step_s 0.0053 peak_mem_gb 1.205
2026-10-01 22:39:50,324 | DEBUG | step 1927 epoch 2 loss 0.3279 step_s 0.0054 peak_mem_gb 1.205
2026-10-01 22:39:50,330 | DEBUG | step 1928 epoch 2 loss 0.4366 step_s 0.0054 peak_mem_gb 1.205
2026-10-01 22:39:50,336 | DEBUG | step 1929 epoch 2 loss 0.3652 step_s 0.0054 peak_mem_gb 1.205
2026-10-01 22:39:50,342 | DEBUG | step 1930 epoch 2 loss 0.3399 step_s 0.0053 peak_mem_gb 1.205
2026-10-01 22:39:50,348 | DEBUG | step 1931 epoch 2 loss 0.4174 step_s 0.0054 peak_mem_gb 1.205
2026-10-01 22:39:50,354 | DEBUG | step 1932 epoch 2 loss 0.2817 step_s 0.0054 peak_mem_gb 1.205
2026-10-01 22:39:50,360 | DEBUG | step 1933 epoch 2 loss 0.2073 step_s 0.0053 peak_mem_gb 1.205
2026-10-01 22:39:50,366 | DEBUG | step 1934 epoch 2 loss 0.3353 step_s 0.0054 peak_mem_gb 1.205
2026-10-01 22:39:50,372 | DEBUG | step 1935 epoch 2 loss 0.3688 step_s 0.0053 peak_mem_gb 1.205
2026-10-01 22:39:50,378 | DEBUG | step 1936 epoch 2 loss 0.3260 step_s 0.0053 peak_mem_gb 1.205
2026-10-01 22:39:50,384 | DEBUG | step 1937 epoch 2 loss 0.3365 step_s 0.0053 peak_mem_gb 1.205
2026-10-01 22:39:50,390 | DEBUG | step 1938 epoch 2 loss 0.4098 step_s 0.0053 peak_mem_gb 1.205
2026-10-01 22:39:50,396 | DEBUG | step 1939 epoch 2 loss 0.2381 step_s 0.0055 peak_mem_gb 1.205
2026-10-01 22:39:50,402 | DEBUG | step 1940 epoch 2 loss 0.3324 step_s 0.0053 peak_mem_gb 1.205
2026-10-01 22:39:50,408 | DEBUG | step 1941 epoch 2 loss 0.2560 step_s 0.0053 peak_mem_gb 1.205
2026-10-01 22:39:50,414 | DEBUG | step 1942 epoch 2 loss 0.2166 step_s 0.0054 peak_mem_gb 1.205
2026-10-01 22:39:50,420 | DEBUG | step 1943 epoch 2 loss 0.3522 step_s 0.0054 peak_mem_gb 1.205
2026-10-01 22:39:50,426 | DEBUG | step 1944 epoch 2 loss 0.5395 step_s 0.0053 peak_mem_gb 1.205
2026-10-01 22:39:50,432 | DEBUG | step 1945 epoch 2 loss 0.3932 step_s 0.0054 peak_mem_gb 1.205
2026-10-01 22:39:50,438 | DEBUG | step 1946 epoch 2 loss 0.2049 step_s 0.0054 peak_mem_gb 1.205
2026-10-01 22:39:50,444 | DEBUG | step 1947 epoch 2 loss 0.2522 step_s 0.0053 peak_mem_gb 1.205
2026-10-01 22:39:50,450 | DEBUG | step 1948 epoch 2 loss 0.2184 step_s 0.0054 peak_mem_gb 1.205
2026-10-01 22:39:50,456 | DEBUG | step 1949 epoch 2 loss 0.1974 step_s 0.0053 peak_mem_gb 1.205
2026-10-01 22:39:50,462 | DEBUG | step 1950 epoch 2 loss 0.2725 step_s 0.0054 peak_mem_gb 1.205
2026-10-01 22:39:50,468 | DEBUG | step 1951 epoch 2 loss 0.3717 step_s 0.0053 peak_mem_gb 1.205
2026-10-01 22:39:50,474 | DEBUG | step 1952 epoch 2 loss 0.3310 step_s 0.0053 peak_mem_gb 1.205
2026-10-01 22:39:50,480 | DEBUG | step 1953 epoch 2 loss 0.2368 step_s 0.0054 peak_mem_gb 1.205
2026-10-01 22:39:50,486 | DEBUG | step 1954 epoch 2 loss 0.1839 step_s 0.0054 peak_mem_gb 1.205
2026-10-01 22:39:50,492 | DEBUG | step 1955 epoch 2 loss 0.1805 step_s 0.0053 peak_mem_gb 1.205
2026-10-01 22:39:50,498 | DEBUG | step 1956 epoch 2 loss 0.3579 step_s 0.0054 peak_mem_gb 1.205
2026-10-01 22:39:50,504 | DEBUG | step 1957 epoch 2 loss 0.4080 step_s 0.0053 peak_mem_gb 1.205
2026-10-01 22:39:50,510 | DEBUG | step 1958 epoch 2 loss 0.2423 step_s 0.0053 peak_mem_gb 1.205
2026-10-01 22:39:50,516 | DEBUG | step 1959 epoch 2 loss 0.2118 step_s 0.0054 peak_mem_gb 1.205
2026-10-01 22:39:50,522 | DEBUG | step 1960 epoch 2 loss 0.2301 step_s 0.0054 peak_mem_gb 1.205
2026-10-01 22:39:50,529 | DEBUG | step 1961 epoch 2 loss 0.3210 step_s 0.0056 peak_mem_gb 1.205
2026-10-01 22:39:50,535 | DEBUG | step 1962 epoch 2 loss 0.2321 step_s 0.0056 peak_mem_gb 1.205
2026-10-01 22:39:50,542 | DEBUG | step 1963 epoch 2 loss 0.3400 step_s 0.0056 peak_mem_gb 1.205
2026-10-01 22:39:50,548 | DEBUG | step 1964 epoch 2 loss 0.3063 step_s 0.0054 peak_mem_gb 1.205
2026-10-01 22:39:50,554 | DEBUG | step 1965 epoch 2 loss 0.4610 step_s 0.0054 peak_mem_gb 1.205
2026-10-01 22:39:50,560 | DEBUG | step 1966 epoch 2 loss 0.2993 step_s 0.0054 peak_mem_gb 1.205
2026-10-01 22:39:50,567 | DEBUG | step 1967 epoch 2 loss 0.2839 step_s 0.0054 peak_mem_gb 1.205
2026-10-01 22:39:50,573 | DEBUG | step 1968 epoch 2 loss 0.4250 step_s 0.0054 peak_mem_gb 1.205
2026-10-01 22:39:50,579 | DEBUG | step 1969 epoch 2 loss 0.2691 step_s 0.0053 peak_mem_gb 1.205
2026-10-01 22:39:50,585 | DEBUG | step 1970 epoch 2 loss 0.2789 step_s 0.0053 peak_mem_gb 1.205
2026-10-01 22:39:50,591 | DEBUG | step 1971 epoch 2 loss 0.3118 step_s 0.0053 peak_mem_gb 1.205
2026-10-01 22:39:50,597 | DEBUG | step 1972 epoch 2 loss 0.2582 step_s 0.0053 peak_mem_gb 1.205
2026-10-01 22:39:50,603 | DEBUG | step 1973 epoch 2 loss 0.3773 step_s 0.0053 peak_mem_gb 1.205
2026-10-01 22:39:50,609 | DEBUG | step 1974 epoch 2 loss 0.3064 step_s 0.0054 peak_mem_gb 1.205
2026-10-01 22:39:50,615 | DEBUG | step 1975 epoch 2 loss 0.3721 step_s 0.0054 peak_mem_gb 1.205
2026-10-01 22:39:50,620 | DEBUG | step 1976 epoch 2 loss 0.2815 step_s 0.0053 peak_mem_gb 1.205
2026-10-01 22:39:50,626 | DEBUG | step 1977 epoch 2 loss 0.2633 step_s 0.0053 peak_mem_gb 1.205
2026-10-01 22:39:50,632 | DEBUG | step 1978 epoch 2 loss 0.4087 step_s 0.0053 peak_mem_gb 1.205
2026-10-01 22:39:50,639 | DEBUG | step 1979 epoch 2 loss 0.2991 step_s 0.0054 peak_mem_gb 1.205
2026-10-01 22:39:50,645 | DEBUG | step 1980 epoch 2 loss 0.2331 step_s 0.0054 peak_mem_gb 1.205
2026-10-01 22:39:50,651 | DEBUG | step 1981 epoch 2 loss 0.3836 step_s 0.0054 peak_mem_gb 1.205
2026-10-01 22:39:50,657 | DEBUG | step 1982 epoch 2 loss 0.4869 step_s 0.0053 peak_mem_gb 1.205
2026-10-01 22:39:50,663 | DEBUG | step 1983 epoch 2 loss 0.2432 step_s 0.0054 peak_mem_gb 1.205
2026-10-01 22:39:50,668 | DEBUG | step 1984 epoch 2 loss 0.3069 step_s 0.0053 peak_mem_gb 1.205
2026-10-01 22:39:50,674 | DEBUG | step 1985 epoch 2 loss 0.5787 step_s 0.0053 peak_mem_gb 1.205
2026-10-01 22:39:50,680 | DEBUG | step 1986 epoch 2 loss 0.4704 step_s 0.0053 peak_mem_gb 1.205
2026-10-01 22:39:50,687 | DEBUG | step 1987 epoch 2 loss 0.2004 step_s 0.0055 peak_mem_gb 1.205
2026-10-01 22:39:50,693 | DEBUG | step 1988 epoch 2 loss 0.2489 step_s 0.0053 peak_mem_gb 1.205
2026-10-01 22:39:50,699 | DEBUG | step 1989 epoch 2 loss 0.2951 step_s 0.0053 peak_mem_gb 1.205
2026-10-01 22:39:50,705 | DEBUG | step 1990 epoch 2 loss 0.2675 step_s 0.0054 peak_mem_gb 1.205
2026-10-01 22:39:50,711 | DEBUG | step 1991 epoch 2 loss 0.3978 step_s 0.0053 peak_mem_gb 1.205
2026-10-01 22:39:50,717 | DEBUG | step 1992 epoch 2 loss 0.2369 step_s 0.0054 peak_mem_gb 1.205
2026-10-01 22:39:50,723 | DEBUG | step 1993 epoch 2 loss 0.3004 step_s 0.0054 peak_mem_gb 1.205
2026-10-01 22:39:50,729 | DEBUG | step 1994 epoch 2 loss 0.2602 step_s 0.0054 peak_mem_gb 1.205
2026-10-01 22:39:50,735 | DEBUG | step 1995 epoch 2 loss 0.3681 step_s 0.0053 peak_mem_gb 1.205
2026-10-01 22:39:50,741 | DEBUG | step 1996 epoch 2 loss 0.3579 step_s 0.0053 peak_mem_gb 1.205
2026-10-01 22:39:50,747 | DEBUG | step 1997 epoch 2 loss 0.2350 step_s 0.0055 peak_mem_gb 1.205
2026-10-01 22:39:50,753 | DEBUG | step 1998 epoch 2 loss 0.2621 step_s 0.0054 peak_mem_gb 1.205
2026-10-01 22:39:50,759 | DEBUG | step 1999 epoch 2 loss 0.2510 step_s 0.0054 peak_mem_gb 1.205
2026-10-01 22:39:50,765 | INFO | step 2000 epoch 2 loss 0.1908 step_s 0.0054 peak_mem_gb 1.205
2026-10-01 22:39:50,772 | DEBUG | step 2001 epoch 2 loss 0.3045 step_s 0.0054 peak_mem_gb 1.205
2026-10-01 22:39:50,778 | DEBUG | step 2002 epoch 2 loss 0.3452 step_s 0.0054 peak_mem_gb 1.205
2026-10-01 22:39:50,784 | DEBUG | step 2003 epoch 2 loss 0.3789 step_s 0.0054 peak_mem_gb 1.205
2026-10-01 22:39:50,790 | DEBUG | step 2004 epoch 2 loss 0.4259 step_s 0.0053 peak_mem_gb 1.205
2026-10-01 22:39:50,797 | DEBUG | step 2005 epoch 2 loss 0.2890 step_s 0.0053 peak_mem_gb 1.205
2026-10-01 22:39:50,803 | DEBUG | step 2006 epoch 2 loss 0.2143 step_s 0.0054 peak_mem_gb 1.205
2026-10-01 22:39:50,809 | DEBUG | step 2007 epoch 2 loss 0.3778 step_s 0.0053 peak_mem_gb 1.205
2026-10-01 22:39:50,815 | DEBUG | step 2008 epoch 2 loss 0.2359 step_s 0.0054 peak_mem_gb 1.205
2026-10-01 22:39:50,821 | DEBUG | step 2009 epoch 2 loss 0.2293 step_s 0.0053 peak_mem_gb 1.205
2026-10-01 22:39:50,827 | DEBUG | step 2010 epoch 2 loss 0.4327 step_s 0.0054 peak_mem_gb 1.205
2026-10-01 22:39:50,833 | DEBUG | step 2011 epoch 2 loss 0.2156 step_s 0.0054 peak_mem_gb 1.205
2026-10-01 22:39:50,839 | DEBUG | step 2012 epoch 2 loss 0.3338 step_s 0.0054 peak_mem_gb 1.205
2026-10-01 22:39:50,845 | DEBUG | step 2013 epoch 2 loss 0.4142 step_s 0.0054 peak_mem_gb 1.205
2026-10-01 22:39:50,851 | DEBUG | step 2014 epoch 2 loss 0.3309 step_s 0.0053 peak_mem_gb 1.205
2026-10-01 22:39:50,857 | DEBUG | step 2015 epoch 2 loss 0.3505 step_s 0.0053 peak_mem_gb 1.205
2026-10-01 22:39:50,863 | DEBUG | step 2016 epoch 2 loss 0.2856 step_s 0.0053 peak_mem_gb 1.205
2026-10-01 22:39:50,869 | DEBUG | step 2017 epoch 2 loss 0.3273 step_s 0.0053 peak_mem_gb 1.205
2026-10-01 22:39:50,875 | DEBUG | step 2018 epoch 2 loss 0.2534 step_s 0.0053 peak_mem_gb 1.205
2026-10-01 22:39:50,881 | DEBUG | step 2019 epoch 2 loss 0.3491 step_s 0.0054 peak_mem_gb 1.205
2026-10-01 22:39:50,887 | DEBUG | step 2020 epoch 2 loss 0.3494 step_s 0.0053 peak_mem_gb 1.205
2026-10-01 22:39:50,893 | DEBUG | step 2021 epoch 2 loss 0.4419 step_s 0.0053 peak_mem_gb 1.205
2026-10-01 22:39:50,899 | DEBUG | step 2022 epoch 2 loss 0.2562 step_s 0.0053 peak_mem_gb 1.205
2026-10-01 22:39:50,904 | DEBUG | step 2023 epoch 2 loss 0.6709 step_s 0.0053 peak_mem_gb 1.205
2026-10-01 22:39:50,910 | DEBUG | step 2024 epoch 2 loss 0.2344 step_s 0.0053 peak_mem_gb 1.205
2026-10-01 22:39:50,916 | DEBUG | step 2025 epoch 2 loss 0.3416 step_s 0.0053 peak_mem_gb 1.205
2026-10-01 22:39:50,922 | DEBUG | step 2026 epoch 2 loss 0.5209 step_s 0.0053 peak_mem_gb 1.205
2026-10-01 22:39:50,928 | DEBUG | step 2027 epoch 2 loss 0.2108 step_s 0.0054 peak_mem_gb 1.205
2026-10-01 22:39:50,934 | DEBUG | step 2028 epoch 2 loss 0.4438 step_s 0.0053 peak_mem_gb 1.205
2026-10-01 22:39:50,940 | DEBUG | step 2029 epoch 2 loss 0.4211 step_s 0.0053 peak_mem_gb 1.205
2026-10-01 22:39:50,946 | DEBUG | step 2030 epoch 2 loss 0.4891 step_s 0.0054 peak_mem_gb 1.205
2026-10-01 22:39:50,952 | DEBUG | step 2031 epoch 2 loss 0.2642 step_s 0.0054 peak_mem_gb 1.205
2026-10-01 22:39:50,958 | DEBUG | step 2032 epoch 2 loss 0.2811 step_s 0.0053 peak_mem_gb 1.205
2026-10-01 22:39:50,964 | DEBUG | step 2033 epoch 2 loss 0.3077 step_s 0.0053 peak_mem_gb 1.205
2026-10-01 22:39:50,970 | DEBUG | step 2034 epoch 2 loss 0.3091 step_s 0.0053 peak_mem_gb 1.205
2026-10-01 22:39:50,976 | DEBUG | step 2035 epoch 2 loss 0.3387 step_s 0.0053 peak_mem_gb 1.205
2026-10-01 22:39:50,982 | DEBUG | step 2036 epoch 2 loss 0.3681 step_s 0.0053 peak_mem_gb 1.205
2026-10-01 22:39:50,988 | DEBUG | step 2037 epoch 2 loss 0.2968 step_s 0.0053 peak_mem_gb 1.205
2026-10-01 22:39:50,994 | DEBUG | step 2038 epoch 2 loss 0.3353 step_s 0.0053 peak_mem_gb 1.205
2026-10-01 22:39:51,000 | DEBUG | step 2039 epoch 2 loss 0.1966 step_s 0.0053 peak_mem_gb 1.205
2026-10-01 22:39:51,006 | DEBUG | step 2040 epoch 2 loss 0.3034 step_s 0.0053 peak_mem_gb 1.205
2026-10-01 22:39:51,012 | DEBUG | step 2041 epoch 2 loss 0.3578 step_s 0.0053 peak_mem_gb 1.205
2026-10-01 22:39:51,018 | DEBUG | step 2042 epoch 2 loss 0.2817 step_s 0.0053 peak_mem_gb 1.205
2026-10-01 22:39:51,024 | DEBUG | step 2043 epoch 2 loss 0.2005 step_s 0.0053 peak_mem_gb 1.205
2026-10-01 22:39:51,030 | DEBUG | step 2044 epoch 2 loss 0.1972 step_s 0.0054 peak_mem_gb 1.205
2026-10-01 22:39:51,036 | DEBUG | step 2045 epoch 2 loss 0.3424 step_s 0.0054 peak_mem_gb 1.205
2026-10-01 22:39:51,042 | DEBUG | step 2046 epoch 2 loss 0.2735 step_s 0.0053 peak_mem_gb 1.205
2026-10-01 22:39:51,048 | DEBUG | step 2047 epoch 2 loss 0.2952 step_s 0.0053 peak_mem_gb 1.205
2026-10-01 22:39:51,054 | DEBUG | step 2048 epoch 2 loss 0.4230 step_s 0.0053 peak_mem_gb 1.205
2026-10-01 22:39:51,060 | DEBUG | step 2049 epoch 2 loss 0.3343 step_s 0.0053 peak_mem_gb 1.205
2026-10-01 22:39:51,066 | DEBUG | step 2050 epoch 2 loss 0.2846 step_s 0.0054 peak_mem_gb 1.205
2026-10-01 22:39:51,072 | DEBUG | step 2051 epoch 2 loss 0.2351 step_s 0.0053 peak_mem_gb 1.205
2026-10-01 22:39:51,078 | DEBUG | step 2052 epoch 2 loss 0.4403 step_s 0.0054 peak_mem_gb 1.205
2026-10-01 22:39:51,084 | DEBUG | step 2053 epoch 2 loss 0.3609 step_s 0.0054 peak_mem_gb 1.205
2026-10-01 22:39:51,091 | DEBUG | step 2054 epoch 2 loss 0.3597 step_s 0.0053 peak_mem_gb 1.205
2026-10-01 22:39:51,097 | DEBUG | step 2055 epoch 2 loss 0.3457 step_s 0.0054 peak_mem_gb 1.205
2026-10-01 22:39:51,102 | DEBUG | step 2056 epoch 2 loss 0.3164 step_s 0.0053 peak_mem_gb 1.205
2026-10-01 22:39:51,109 | DEBUG | step 2057 epoch 2 loss 0.2744 step_s 0.0053 peak_mem_gb 1.205
2026-10-01 22:39:51,115 | DEBUG | step 2058 epoch 2 loss 0.3176 step_s 0.0054 peak_mem_gb 1.205
2026-10-01 22:39:51,121 | DEBUG | step 2059 epoch 2 loss 0.1853 step_s 0.0053 peak_mem_gb 1.205
2026-10-01 22:39:51,127 | DEBUG | step 2060 epoch 2 loss 0.2918 step_s 0.0053 peak_mem_gb 1.205
2026-10-01 22:39:51,132 | DEBUG | step 2061 epoch 2 loss 0.3093 step_s 0.0053 peak_mem_gb 1.205
2026-10-01 22:39:51,138 | DEBUG | step 2062 epoch 2 loss 0.3170 step_s 0.0052 peak_mem_gb 1.205
2026-10-01 22:39:51,144 | DEBUG | step 2063 epoch 2 loss 0.4114 step_s 0.0053 peak_mem_gb 1.205
2026-10-01 22:39:51,150 | DEBUG | step 2064 epoch 2 loss 0.4369 step_s 0.0053 peak_mem_gb 1.205
2026-10-01 22:39:51,156 | DEBUG | step 2065 epoch 2 loss 0.2443 step_s 0.0053 peak_mem_gb 1.205
2026-10-01 22:39:51,162 | DEBUG | step 2066 epoch 2 loss 0.3278 step_s 0.0053 peak_mem_gb 1.205
2026-10-01 22:39:51,168 | DEBUG | step 2067 epoch 2 loss 0.3709 step_s 0.0053 peak_mem_gb 1.205
2026-10-01 22:39:51,174 | DEBUG | step 2068 epoch 2 loss 0.1928 step_s 0.0053 peak_mem_gb 1.205
2026-10-01 22:39:51,180 | DEBUG | step 2069 epoch 2 loss 0.5529 step_s 0.0054 peak_mem_gb 1.205
2026-10-01 22:39:51,186 | DEBUG | step 2070 epoch 2 loss 0.5005 step_s 0.0054 peak_mem_gb 1.205
2026-10-01 22:39:51,192 | DEBUG | step 2071 epoch 2 loss 0.2507 step_s 0.0054 peak_mem_gb 1.205
2026-10-01 22:39:51,198 | DEBUG | step 2072 epoch 2 loss 0.3664 step_s 0.0053 peak_mem_gb 1.205
2026-10-01 22:39:51,204 | DEBUG | step 2073 epoch 2 loss 0.3629 step_s 0.0053 peak_mem_gb 1.205
2026-10-01 22:39:51,210 | DEBUG | step 2074 epoch 2 loss 0.3967 step_s 0.0053 peak_mem_gb 1.205
2026-10-01 22:39:51,216 | DEBUG | step 2075 epoch 2 loss 0.3149 step_s 0.0054 peak_mem_gb 1.205
2026-10-01 22:39:51,222 | DEBUG | step 2076 epoch 2 loss 0.3286 step_s 0.0053 peak_mem_gb 1.205
2026-10-01 22:39:51,228 | DEBUG | step 2077 epoch 2 loss 0.5476 step_s 0.0054 peak_mem_gb 1.205
2026-10-01 22:39:51,234 | DEBUG | step 2078 epoch 2 loss 0.2553 step_s 0.0053 peak_mem_gb 1.205
2026-10-01 22:39:51,240 | DEBUG | step 2079 epoch 2 loss 0.2792 step_s 0.0054 peak_mem_gb 1.205
2026-10-01 22:39:51,246 | DEBUG | step 2080 epoch 2 loss 0.2297 step_s 0.0053 peak_mem_gb 1.205
2026-10-01 22:39:51,252 | DEBUG | step 2081 epoch 2 loss 0.2802 step_s 0.0053 peak_mem_gb 1.205
2026-10-01 22:39:51,258 | DEBUG | step 2082 epoch 2 loss 0.4441 step_s 0.0053 peak_mem_gb 1.205
2026-10-01 22:39:51,264 | DEBUG | step 2083 epoch 2 loss 0.2858 step_s 0.0053 peak_mem_gb 1.205
2026-10-01 22:39:51,270 | DEBUG | step 2084 epoch 2 loss 0.2930 step_s 0.0053 peak_mem_gb 1.205
2026-10-01 22:39:51,276 | DEBUG | step 2085 epoch 2 loss 0.3593 step_s 0.0053 peak_mem_gb 1.205
2026-10-01 22:39:51,282 | DEBUG | step 2086 epoch 2 loss 0.3651 step_s 0.0054 peak_mem_gb 1.205
2026-10-01 22:39:51,288 | DEBUG | step 2087 epoch 2 loss 0.3153 step_s 0.0053 peak_mem_gb 1.205
2026-10-01 22:39:51,294 | DEBUG | step 2088 epoch 2 loss 0.2842 step_s 0.0053 peak_mem_gb 1.205
2026-10-01 22:39:51,300 | DEBUG | step 2089 epoch 2 loss 0.2685 step_s 0.0054 peak_mem_gb 1.205
2026-10-01 22:39:51,306 | DEBUG | step 2090 epoch 2 loss 0.2950 step_s 0.0054 peak_mem_gb 1.205
2026-10-01 22:39:51,312 | DEBUG | step 2091 epoch 2 loss 0.2288 step_s 0.0053 peak_mem_gb 1.205
2026-10-01 22:39:51,318 | DEBUG | step 2092 epoch 2 loss 0.4096 step_s 0.0053 peak_mem_gb 1.205
2026-10-01 22:39:51,324 | DEBUG | step 2093 epoch 2 loss 0.1600 step_s 0.0054 peak_mem_gb 1.205
2026-10-01 22:39:51,330 | DEBUG | step 2094 epoch 2 loss 0.2873 step_s 0.0053 peak_mem_gb 1.205
2026-10-01 22:39:51,336 | DEBUG | step 2095 epoch 2 loss 0.4550 step_s 0.0054 peak_mem_gb 1.205
2026-10-01 22:39:51,342 | DEBUG | step 2096 epoch 2 loss 0.3370 step_s 0.0053 peak_mem_gb 1.205
2026-10-01 22:39:51,348 | DEBUG | step 2097 epoch 2 loss 0.3086 step_s 0.0053 peak_mem_gb 1.205
2026-10-01 22:39:51,354 | DEBUG | step 2098 epoch 2 loss 0.2472 step_s 0.0053 peak_mem_gb 1.205
2026-10-01 22:39:51,360 | DEBUG | step 2099 epoch 2 loss 0.3894 step_s 0.0053 peak_mem_gb 1.205
2026-10-01 22:39:51,366 | DEBUG | step 2100 epoch 2 loss 0.3493 step_s 0.0054 peak_mem_gb 1.205
2026-10-01 22:39:51,372 | DEBUG | step 2101 epoch 2 loss 0.2576 step_s 0.0054 peak_mem_gb 1.205
2026-10-01 22:39:51,378 | DEBUG | step 2102 epoch 2 loss 0.4113 step_s 0.0053 peak_mem_gb 1.205
2026-10-01 22:39:51,384 | DEBUG | step 2103 epoch 2 loss 0.2807 step_s 0.0054 peak_mem_gb 1.205
2026-10-01 22:39:51,391 | DEBUG | step 2104 epoch 2 loss 0.3159 step_s 0.0056 peak_mem_gb 1.205
2026-10-01 22:39:51,397 | DEBUG | step 2105 epoch 2 loss 0.3216 step_s 0.0054 peak_mem_gb 1.205
2026-10-01 22:39:51,404 | DEBUG | step 2106 epoch 2 loss 0.2047 step_s 0.0063 peak_mem_gb 1.205
2026-10-01 22:39:51,410 | DEBUG | step 2107 epoch 2 loss 0.3345 step_s 0.0054 peak_mem_gb 1.205
2026-10-01 22:39:51,417 | DEBUG | step 2108 epoch 2 loss 0.3477 step_s 0.0054 peak_mem_gb 1.205
2026-10-01 22:39:51,423 | DEBUG | step 2109 epoch 2 loss 0.2572 step_s 0.0054 peak_mem_gb 1.205
2026-10-01 22:39:51,429 | DEBUG | step 2110 epoch 2 loss 0.2689 step_s 0.0054 peak_mem_gb 1.205
2026-10-01 22:39:51,435 | DEBUG | step 2111 epoch 2 loss 0.2151 step_s 0.0053 peak_mem_gb 1.205
2026-10-01 22:39:51,441 | DEBUG | step 2112 epoch 2 loss 0.1548 step_s 0.0053 peak_mem_gb 1.205
2026-10-01 22:39:51,447 | DEBUG | step 2113 epoch 2 loss 0.3338 step_s 0.0053 peak_mem_gb 1.205
2026-10-01 22:39:51,453 | DEBUG | step 2114 epoch 2 loss 0.2917 step_s 0.0053 peak_mem_gb 1.205
2026-10-01 22:39:51,459 | DEBUG | step 2115 epoch 2 loss 0.3041 step_s 0.0053 peak_mem_gb 1.205
2026-10-01 22:39:51,465 | DEBUG | step 2116 epoch 2 loss 0.2844 step_s 0.0053 peak_mem_gb 1.205
2026-10-01 22:39:51,471 | DEBUG | step 2117 epoch 2 loss 0.4755 step_s 0.0053 peak_mem_gb 1.205
2026-10-01 22:39:51,477 | DEBUG | step 2118 epoch 2 loss 0.3137 step_s 0.0054 peak_mem_gb 1.205
2026-10-01 22:39:51,483 | DEBUG | step 2119 epoch 2 loss 0.2983 step_s 0.0053 peak_mem_gb 1.205
2026-10-01 22:39:51,489 | DEBUG | step 2120 epoch 2 loss 0.3978 step_s 0.0053 peak_mem_gb 1.205
2026-10-01 22:39:51,495 | DEBUG | step 2121 epoch 2 loss 0.4296 step_s 0.0054 peak_mem_gb 1.205
2026-10-01 22:39:51,501 | DEBUG | step 2122 epoch 2 loss 0.3703 step_s 0.0053 peak_mem_gb 1.205
2026-10-01 22:39:51,507 | DEBUG | step 2123 epoch 2 loss 0.3716 step_s 0.0053 peak_mem_gb 1.205
2026-10-01 22:39:51,513 | DEBUG | step 2124 epoch 2 loss 0.4739 step_s 0.0054 peak_mem_gb 1.205
2026-10-01 22:39:51,519 | DEBUG | step 2125 epoch 2 loss 0.2434 step_s 0.0054 peak_mem_gb 1.205
2026-10-01 22:39:51,525 | DEBUG | step 2126 epoch 2 loss 0.2977 step_s 0.0054 peak_mem_gb 1.205
2026-10-01 22:39:51,531 | DEBUG | step 2127 epoch 2 loss 0.4453 step_s 0.0054 peak_mem_gb 1.205
2026-10-01 22:39:51,537 | DEBUG | step 2128 epoch 2 loss 0.3394 step_s 0.0053 peak_mem_gb 1.205
2026-10-01 22:39:51,544 | DEBUG | step 2129 epoch 2 loss 0.4000 step_s 0.0054 peak_mem_gb 1.205
2026-10-01 22:39:51,550 | DEBUG | step 2130 epoch 2 loss 0.3528 step_s 0.0054 peak_mem_gb 1.205
2026-10-01 22:39:51,556 | DEBUG | step 2131 epoch 2 loss 0.3296 step_s 0.0053 peak_mem_gb 1.205
2026-10-01 22:39:51,562 | DEBUG | step 2132 epoch 2 loss 0.2528 step_s 0.0054 peak_mem_gb 1.205
2026-10-01 22:39:51,568 | DEBUG | step 2133 epoch 2 loss 0.3170 step_s 0.0053 peak_mem_gb 1.205
2026-10-01 22:39:51,574 | DEBUG | step 2134 epoch 2 loss 0.3812 step_s 0.0054 peak_mem_gb 1.205
2026-10-01 22:39:51,580 | DEBUG | step 2135 epoch 2 loss 0.4004 step_s 0.0053 peak_mem_gb 1.205
2026-10-01 22:39:51,586 | DEBUG | step 2136 epoch 2 loss 0.4029 step_s 0.0053 peak_mem_gb 1.205
2026-10-01 22:39:51,592 | DEBUG | step 2137 epoch 2 loss 0.3355 step_s 0.0053 peak_mem_gb 1.205
2026-10-01 22:39:51,598 | DEBUG | step 2138 epoch 2 loss 0.2622 step_s 0.0053 peak_mem_gb 1.205
2026-10-01 22:39:51,604 | DEBUG | step 2139 epoch 2 loss 0.3139 step_s 0.0053 peak_mem_gb 1.205
2026-10-01 22:39:51,610 | DEBUG | step 2140 epoch 2 loss 0.2990 step_s 0.0054 peak_mem_gb 1.205
2026-10-01 22:39:51,616 | DEBUG | step 2141 epoch 2 loss 0.3735 step_s 0.0053 peak_mem_gb 1.205
2026-10-01 22:39:51,622 | DEBUG | step 2142 epoch 2 loss 0.4199 step_s 0.0053 peak_mem_gb 1.205
2026-10-01 22:39:51,628 | DEBUG | step 2143 epoch 2 loss 0.3732 step_s 0.0053 peak_mem_gb 1.205
2026-10-01 22:39:51,634 | DEBUG | step 2144 epoch 2 loss 0.3607 step_s 0.0054 peak_mem_gb 1.205
2026-10-01 22:39:51,640 | DEBUG | step 2145 epoch 2 loss 0.3062 step_s 0.0054 peak_mem_gb 1.205
2026-10-01 22:39:51,646 | DEBUG | step 2146 epoch 2 loss 0.3252 step_s 0.0054 peak_mem_gb 1.205
2026-10-01 22:39:51,652 | DEBUG | step 2147 epoch 2 loss 0.2787 step_s 0.0053 peak_mem_gb 1.205
2026-10-01 22:39:51,658 | DEBUG | step 2148 epoch 2 loss 0.3237 step_s 0.0054 peak_mem_gb 1.205
2026-10-01 22:39:51,664 | DEBUG | step 2149 epoch 2 loss 0.2149 step_s 0.0054 peak_mem_gb 1.205
2026-10-01 22:39:51,670 | DEBUG | step 2150 epoch 2 loss 0.2999 step_s 0.0053 peak_mem_gb 1.205
2026-10-01 22:39:51,676 | DEBUG | step 2151 epoch 2 loss 0.2127 step_s 0.0053 peak_mem_gb 1.205
2026-10-01 22:39:51,682 | DEBUG | step 2152 epoch 2 loss 0.2810 step_s 0.0054 peak_mem_gb 1.205
2026-10-01 22:39:51,688 | DEBUG | step 2153 epoch 2 loss 0.4250 step_s 0.0053 peak_mem_gb 1.205
2026-10-01 22:39:51,694 | DEBUG | step 2154 epoch 2 loss 0.3233 step_s 0.0053 peak_mem_gb 1.205
2026-10-01 22:39:51,700 | DEBUG | step 2155 epoch 2 loss 0.3099 step_s 0.0054 peak_mem_gb 1.205
2026-10-01 22:39:51,706 | DEBUG | step 2156 epoch 2 loss 0.3271 step_s 0.0053 peak_mem_gb 1.205
2026-10-01 22:39:51,712 | DEBUG | step 2157 epoch 2 loss 0.2657 step_s 0.0053 peak_mem_gb 1.205
2026-10-01 22:39:51,718 | DEBUG | step 2158 epoch 2 loss 0.3338 step_s 0.0054 peak_mem_gb 1.205
2026-10-01 22:39:51,724 | DEBUG | step 2159 epoch 2 loss 0.3333 step_s 0.0054 peak_mem_gb 1.205
2026-10-01 22:39:51,730 | DEBUG | step 2160 epoch 2 loss 0.4006 step_s 0.0054 peak_mem_gb 1.205
2026-10-01 22:39:51,736 | DEBUG | step 2161 epoch 2 loss 0.3798 step_s 0.0053 peak_mem_gb 1.205
2026-10-01 22:39:51,742 | DEBUG | step 2162 epoch 2 loss 0.1946 step_s 0.0053 peak_mem_gb 1.205
2026-10-01 22:39:51,748 | DEBUG | step 2163 epoch 2 loss 0.3144 step_s 0.0053 peak_mem_gb 1.205
2026-10-01 22:39:51,754 | DEBUG | step 2164 epoch 2 loss 0.3500 step_s 0.0053 peak_mem_gb 1.205
2026-10-01 22:39:51,760 | DEBUG | step 2165 epoch 2 loss 0.4332 step_s 0.0053 peak_mem_gb 1.205
2026-10-01 22:39:51,766 | DEBUG | step 2166 epoch 2 loss 0.2814 step_s 0.0054 peak_mem_gb 1.205
2026-10-01 22:39:51,772 | DEBUG | step 2167 epoch 2 loss 0.3043 step_s 0.0053 peak_mem_gb 1.205
2026-10-01 22:39:51,778 | DEBUG | step 2168 epoch 2 loss 0.3233 step_s 0.0053 peak_mem_gb 1.205
2026-10-01 22:39:51,784 | DEBUG | step 2169 epoch 2 loss 0.3550 step_s 0.0054 peak_mem_gb 1.205
2026-10-01 22:39:51,790 | DEBUG | step 2170 epoch 2 loss 0.3370 step_s 0.0054 peak_mem_gb 1.205
2026-10-01 22:39:51,796 | DEBUG | step 2171 epoch 2 loss 0.2321 step_s 0.0053 peak_mem_gb 1.205
2026-10-01 22:39:51,802 | DEBUG | step 2172 epoch 2 loss 0.2557 step_s 0.0053 peak_mem_gb 1.205
2026-10-01 22:39:51,808 | DEBUG | step 2173 epoch 2 loss 0.2253 step_s 0.0053 peak_mem_gb 1.205
2026-10-01 22:39:51,814 | DEBUG | step 2174 epoch 2 loss 0.2438 step_s 0.0054 peak_mem_gb 1.205
2026-10-01 22:39:51,820 | DEBUG | step 2175 epoch 2 loss 0.2552 step_s 0.0053 peak_mem_gb 1.205
2026-10-01 22:39:51,826 | DEBUG | step 2176 epoch 2 loss 0.3887 step_s 0.0053 peak_mem_gb 1.205
2026-10-01 22:39:51,832 | DEBUG | step 2177 epoch 2 loss 0.3348 step_s 0.0054 peak_mem_gb 1.205
2026-10-01 22:39:51,838 | DEBUG | step 2178 epoch 2 loss 0.3223 step_s 0.0053 peak_mem_gb 1.205
2026-10-01 22:39:51,844 | DEBUG | step 2179 epoch 2 loss 0.2151 step_s 0.0053 peak_mem_gb 1.205
2026-10-01 22:39:51,850 | DEBUG | step 2180 epoch 2 loss 0.2167 step_s 0.0054 peak_mem_gb 1.205
2026-10-01 22:39:51,856 | DEBUG | step 2181 epoch 2 loss 0.4828 step_s 0.0053 peak_mem_gb 1.205
2026-10-01 22:39:51,862 | DEBUG | step 2182 epoch 2 loss 0.2765 step_s 0.0053 peak_mem_gb 1.205
2026-10-01 22:39:51,868 | DEBUG | step 2183 epoch 2 loss 0.2897 step_s 0.0053 peak_mem_gb 1.205
2026-10-01 22:39:51,874 | DEBUG | step 2184 epoch 2 loss 0.2636 step_s 0.0053 peak_mem_gb 1.205
2026-10-01 22:39:51,880 | DEBUG | step 2185 epoch 2 loss 0.1982 step_s 0.0053 peak_mem_gb 1.205
2026-10-01 22:39:51,886 | DEBUG | step 2186 epoch 2 loss 0.2575 step_s 0.0053 peak_mem_gb 1.205
2026-10-01 22:39:51,892 | DEBUG | step 2187 epoch 2 loss 0.2251 step_s 0.0053 peak_mem_gb 1.205
2026-10-01 22:39:51,898 | DEBUG | step 2188 epoch 2 loss 0.3443 step_s 0.0053 peak_mem_gb 1.205
2026-10-01 22:39:51,904 | DEBUG | step 2189 epoch 2 loss 0.3952 step_s 0.0053 peak_mem_gb 1.205
2026-10-01 22:39:51,910 | DEBUG | step 2190 epoch 2 loss 0.3228 step_s 0.0053 peak_mem_gb 1.205
2026-10-01 22:39:51,916 | DEBUG | step 2191 epoch 2 loss 0.3324 step_s 0.0053 peak_mem_gb 1.205
2026-10-01 22:39:51,923 | DEBUG | step 2192 epoch 2 loss 0.3330 step_s 0.0054 peak_mem_gb 1.205
2026-10-01 22:39:51,929 | DEBUG | step 2193 epoch 2 loss 0.2121 step_s 0.0053 peak_mem_gb 1.205
2026-10-01 22:39:51,935 | DEBUG | step 2194 epoch 2 loss 0.5338 step_s 0.0053 peak_mem_gb 1.205
2026-10-01 22:39:51,941 | DEBUG | step 2195 epoch 2 loss 0.4646 step_s 0.0053 peak_mem_gb 1.205
2026-10-01 22:39:51,947 | DEBUG | step 2196 epoch 2 loss 0.2530 step_s 0.0054 peak_mem_gb 1.205
2026-10-01 22:39:51,953 | DEBUG | step 2197 epoch 2 loss 0.3019 step_s 0.0054 peak_mem_gb 1.205
2026-10-01 22:39:51,959 | DEBUG | step 2198 epoch 2 loss 0.3383 step_s 0.0054 peak_mem_gb 1.205
2026-10-01 22:39:51,965 | DEBUG | step 2199 epoch 2 loss 0.3767 step_s 0.0053 peak_mem_gb 1.205
2026-10-01 22:39:51,971 | INFO | step 2200 epoch 2 loss 0.2232 step_s 0.0053 peak_mem_gb 1.205
2026-10-01 22:39:51,978 | DEBUG | step 2201 epoch 2 loss 0.3139 step_s 0.0054 peak_mem_gb 1.205
2026-10-01 22:39:51,984 | DEBUG | step 2202 epoch 2 loss 0.3541 step_s 0.0054 peak_mem_gb 1.205
2026-10-01 22:39:51,991 | DEBUG | step 2203 epoch 2 loss 0.3414 step_s 0.0053 peak_mem_gb 1.205
2026-10-01 22:39:51,997 | DEBUG | step 2204 epoch 2 loss 0.3408 step_s 0.0053 peak_mem_gb 1.205
2026-10-01 22:39:52,003 | DEBUG | step 2205 epoch 2 loss 0.2860 step_s 0.0053 peak_mem_gb 1.205
2026-10-01 22:39:52,009 | DEBUG | step 2206 epoch 2 loss 0.3247 step_s 0.0053 peak_mem_gb 1.205
2026-10-01 22:39:52,015 | DEBUG | step 2207 epoch 2 loss 0.3189 step_s 0.0054 peak_mem_gb 1.205
2026-10-01 22:39:52,021 | DEBUG | step 2208 epoch 2 loss 0.2538 step_s 0.0053 peak_mem_gb 1.205
2026-10-01 22:39:52,027 | DEBUG | step 2209 epoch 2 loss 0.2666 step_s 0.0054 peak_mem_gb 1.205
2026-10-01 22:39:52,033 | DEBUG | step 2210 epoch 2 loss 0.2771 step_s 0.0054 peak_mem_gb 1.205
2026-10-01 22:39:52,039 | DEBUG | step 2211 epoch 2 loss 0.3999 step_s 0.0053 peak_mem_gb 1.205
2026-10-01 22:39:52,045 | DEBUG | step 2212 epoch 2 loss 0.4092 step_s 0.0054 peak_mem_gb 1.205
2026-10-01 22:39:52,051 | DEBUG | step 2213 epoch 2 loss 0.3176 step_s 0.0054 peak_mem_gb 1.205
2026-10-01 22:39:52,057 | DEBUG | step 2214 epoch 2 loss 0.4156 step_s 0.0053 peak_mem_gb 1.205
2026-10-01 22:39:52,063 | DEBUG | step 2215 epoch 2 loss 0.2149 step_s 0.0055 peak_mem_gb 1.205
2026-10-01 22:39:52,069 | DEBUG | step 2216 epoch 2 loss 0.2304 step_s 0.0053 peak_mem_gb 1.205
2026-10-01 22:39:52,075 | DEBUG | step 2217 epoch 2 loss 0.5016 step_s 0.0054 peak_mem_gb 1.205
2026-10-01 22:39:52,081 | DEBUG | step 2218 epoch 2 loss 0.2868 step_s 0.0054 peak_mem_gb 1.205
2026-10-01 22:39:52,087 | DEBUG | step 2219 epoch 2 loss 0.2910 step_s 0.0053 peak_mem_gb 1.205
2026-10-01 22:39:52,093 | DEBUG | step 2220 epoch 2 loss 0.3756 step_s 0.0053 peak_mem_gb 1.205
2026-10-01 22:39:52,100 | DEBUG | step 2221 epoch 2 loss 0.2639 step_s 0.0054 peak_mem_gb 1.205
2026-10-01 22:39:52,105 | DEBUG | step 2222 epoch 2 loss 0.3769 step_s 0.0053 peak_mem_gb 1.205
2026-10-01 22:39:52,112 | DEBUG | step 2223 epoch 2 loss 0.2978 step_s 0.0054 peak_mem_gb 1.205
2026-10-01 22:39:52,117 | DEBUG | step 2224 epoch 2 loss 0.3027 step_s 0.0053 peak_mem_gb 1.205
2026-10-01 22:39:52,124 | DEBUG | step 2225 epoch 2 loss 0.2858 step_s 0.0054 peak_mem_gb 1.205
2026-10-01 22:39:52,130 | DEBUG | step 2226 epoch 2 loss 0.3375 step_s 0.0053 peak_mem_gb 1.205
2026-10-01 22:39:52,136 | DEBUG | step 2227 epoch 2 loss 0.3351 step_s 0.0053 peak_mem_gb 1.205
2026-10-01 22:39:52,141 | DEBUG | step 2228 epoch 2 loss 0.3033 step_s 0.0053 peak_mem_gb 1.205
2026-10-01 22:39:52,148 | DEBUG | step 2229 epoch 2 loss 0.2329 step_s 0.0055 peak_mem_gb 1.205
2026-10-01 22:39:52,154 | DEBUG | step 2230 epoch 2 loss 0.2459 step_s 0.0053 peak_mem_gb 1.205
2026-10-01 22:39:52,160 | DEBUG | step 2231 epoch 2 loss 0.2593 step_s 0.0054 peak_mem_gb 1.205
2026-10-01 22:39:52,166 | DEBUG | step 2232 epoch 2 loss 0.1272 step_s 0.0053 peak_mem_gb 1.205
2026-10-01 22:39:52,172 | DEBUG | step 2233 epoch 2 loss 0.2167 step_s 0.0053 peak_mem_gb 1.205
2026-10-01 22:39:52,178 | DEBUG | step 2234 epoch 2 loss 0.4840 step_s 0.0055 peak_mem_gb 1.205
2026-10-01 22:39:52,184 | DEBUG | step 2235 epoch 2 loss 0.1977 step_s 0.0054 peak_mem_gb 1.205
2026-10-01 22:39:52,190 | DEBUG | step 2236 epoch 2 loss 0.1751 step_s 0.0054 peak_mem_gb 1.205
2026-10-01 22:39:52,196 | DEBUG | step 2237 epoch 2 loss 0.2629 step_s 0.0054 peak_mem_gb 1.205
2026-10-01 22:39:52,202 | DEBUG | step 2238 epoch 2 loss 0.1819 step_s 0.0054 peak_mem_gb 1.205
2026-10-01 22:39:52,208 | DEBUG | step 2239 epoch 2 loss 0.2527 step_s 0.0053 peak_mem_gb 1.205
2026-10-01 22:39:52,214 | DEBUG | step 2240 epoch 2 loss 0.1939 step_s 0.0053 peak_mem_gb 1.205
2026-10-01 22:39:52,220 | DEBUG | step 2241 epoch 2 loss 0.2595 step_s 0.0053 peak_mem_gb 1.205
2026-10-01 22:39:52,226 | DEBUG | step 2242 epoch 2 loss 0.3651 step_s 0.0053 peak_mem_gb 1.205
2026-10-01 22:39:52,232 | DEBUG | step 2243 epoch 2 loss 0.4231 step_s 0.0053 peak_mem_gb 1.205
2026-10-01 22:39:52,238 | DEBUG | step 2244 epoch 2 loss 0.2488 step_s 0.0053 peak_mem_gb 1.205
2026-10-01 22:39:52,244 | DEBUG | step 2245 epoch 2 loss 0.1848 step_s 0.0053 peak_mem_gb 1.205
2026-10-01 22:39:52,250 | DEBUG | step 2246 epoch 2 loss 0.2487 step_s 0.0054 peak_mem_gb 1.205
2026-10-01 22:39:52,256 | DEBUG | step 2247 epoch 2 loss 0.3405 step_s 0.0054 peak_mem_gb 1.205
2026-10-01 22:39:52,262 | DEBUG | step 2248 epoch 2 loss 0.3427 step_s 0.0053 peak_mem_gb 1.205
2026-10-01 22:39:52,268 | DEBUG | step 2249 epoch 2 loss 0.3974 step_s 0.0053 peak_mem_gb 1.205
2026-10-01 22:39:52,274 | DEBUG | step 2250 epoch 2 loss 0.3788 step_s 0.0054 peak_mem_gb 1.205
2026-10-01 22:39:52,280 | DEBUG | step 2251 epoch 2 loss 0.5214 step_s 0.0054 peak_mem_gb 1.205
2026-10-01 22:39:52,286 | DEBUG | step 2252 epoch 2 loss 0.2643 step_s 0.0053 peak_mem_gb 1.205
2026-10-01 22:39:52,292 | DEBUG | step 2253 epoch 2 loss 0.3906 step_s 0.0054 peak_mem_gb 1.205
2026-10-01 22:39:52,298 | DEBUG | step 2254 epoch 2 loss 0.2540 step_s 0.0054 peak_mem_gb 1.205
2026-10-01 22:39:52,304 | DEBUG | step 2255 epoch 2 loss 0.3359 step_s 0.0053 peak_mem_gb 1.205
2026-10-01 22:39:52,310 | DEBUG | step 2256 epoch 2 loss 0.3432 step_s 0.0053 peak_mem_gb 1.205
2026-10-01 22:39:52,316 | DEBUG | step 2257 epoch 2 loss 0.2419 step_s 0.0054 peak_mem_gb 1.205
2026-10-01 22:39:52,323 | DEBUG | step 2258 epoch 2 loss 0.3502 step_s 0.0054 peak_mem_gb 1.205
2026-10-01 22:39:52,329 | DEBUG | step 2259 epoch 2 loss 0.2728 step_s 0.0054 peak_mem_gb 1.205
2026-10-01 22:39:52,335 | DEBUG | step 2260 epoch 2 loss 0.3820 step_s 0.0053 peak_mem_gb 1.205
2026-10-01 22:39:52,340 | DEBUG | step 2261 epoch 2 loss 0.2567 step_s 0.0053 peak_mem_gb 1.205
2026-10-01 22:39:52,346 | DEBUG | step 2262 epoch 2 loss 0.2441 step_s 0.0053 peak_mem_gb 1.205
2026-10-01 22:39:52,352 | DEBUG | step 2263 epoch 2 loss 0.3695 step_s 0.0053 peak_mem_gb 1.205
2026-10-01 22:39:52,358 | DEBUG | step 2264 epoch 2 loss 0.2875 step_s 0.0053 peak_mem_gb 1.205
2026-10-01 22:39:52,364 | DEBUG | step 2265 epoch 2 loss 0.3443 step_s 0.0054 peak_mem_gb 1.205
2026-10-01 22:39:52,371 | DEBUG | step 2266 epoch 2 loss 0.3784 step_s 0.0054 peak_mem_gb 1.205
2026-10-01 22:39:52,377 | DEBUG | step 2267 epoch 2 loss 0.3442 step_s 0.0054 peak_mem_gb 1.205
2026-10-01 22:39:52,383 | DEBUG | step 2268 epoch 2 loss 0.3294 step_s 0.0054 peak_mem_gb 1.205
2026-10-01 22:39:52,389 | DEBUG | step 2269 epoch 2 loss 0.3405 step_s 0.0053 peak_mem_gb 1.205
2026-10-01 22:39:52,395 | DEBUG | step 2270 epoch 2 loss 0.3040 step_s 0.0054 peak_mem_gb 1.205
2026-10-01 22:39:52,401 | DEBUG | step 2271 epoch 2 loss 0.2728 step_s 0.0053 peak_mem_gb 1.205
2026-10-01 22:39:52,406 | DEBUG | step 2272 epoch 2 loss 0.3182 step_s 0.0053 peak_mem_gb 1.205
2026-10-01 22:39:52,413 | DEBUG | step 2273 epoch 2 loss 0.2950 step_s 0.0054 peak_mem_gb 1.205
2026-10-01 22:39:52,419 | DEBUG | step 2274 epoch 2 loss 0.2044 step_s 0.0054 peak_mem_gb 1.205
2026-10-01 22:39:52,425 | DEBUG | step 2275 epoch 2 loss 0.1807 step_s 0.0053 peak_mem_gb 1.205
2026-10-01 22:39:52,431 | DEBUG | step 2276 epoch 2 loss 0.3112 step_s 0.0054 peak_mem_gb 1.205
2026-10-01 22:39:52,437 | DEBUG | step 2277 epoch 2 loss 0.3100 step_s 0.0053 peak_mem_gb 1.205
2026-10-01 22:39:52,443 | DEBUG | step 2278 epoch 2 loss 0.4430 step_s 0.0053 peak_mem_gb 1.205
2026-10-01 22:39:52,449 | DEBUG | step 2279 epoch 2 loss 0.1957 step_s 0.0054 peak_mem_gb 1.205
2026-10-01 22:39:52,455 | DEBUG | step 2280 epoch 2 loss 0.2754 step_s 0.0053 peak_mem_gb 1.205
2026-10-01 22:39:52,461 | DEBUG | step 2281 epoch 2 loss 0.4760 step_s 0.0053 peak_mem_gb 1.205
2026-10-01 22:39:52,467 | DEBUG | step 2282 epoch 2 loss 0.4808 step_s 0.0053 peak_mem_gb 1.205
2026-10-01 22:39:52,473 | DEBUG | step 2283 epoch 2 loss 0.2850 step_s 0.0053 peak_mem_gb 1.205
2026-10-01 22:39:52,479 | DEBUG | step 2284 epoch 2 loss 0.3977 step_s 0.0053 peak_mem_gb 1.205
2026-10-01 22:39:52,485 | DEBUG | step 2285 epoch 2 loss 0.3725 step_s 0.0054 peak_mem_gb 1.205
2026-10-01 22:39:52,491 | DEBUG | step 2286 epoch 2 loss 0.3907 step_s 0.0053 peak_mem_gb 1.205
2026-10-01 22:39:52,497 | DEBUG | step 2287 epoch 2 loss 0.4020 step_s 0.0053 peak_mem_gb 1.205
2026-10-01 22:39:52,503 | DEBUG | step 2288 epoch 2 loss 0.3422 step_s 0.0053 peak_mem_gb 1.205
2026-10-01 22:39:52,509 | DEBUG | step 2289 epoch 2 loss 0.3263 step_s 0.0053 peak_mem_gb 1.205
2026-10-01 22:39:52,515 | DEBUG | step 2290 epoch 2 loss 0.3636 step_s 0.0053 peak_mem_gb 1.205
2026-10-01 22:39:52,521 | DEBUG | step 2291 epoch 2 loss 0.4262 step_s 0.0053 peak_mem_gb 1.205
2026-10-01 22:39:52,526 | DEBUG | step 2292 epoch 2 loss 0.3460 step_s 0.0053 peak_mem_gb 1.205
2026-10-01 22:39:52,532 | DEBUG | step 2293 epoch 2 loss 0.4007 step_s 0.0053 peak_mem_gb 1.205
2026-10-01 22:39:52,538 | DEBUG | step 2294 epoch 2 loss 0.2711 step_s 0.0053 peak_mem_gb 1.205
2026-10-01 22:39:52,545 | DEBUG | step 2295 epoch 2 loss 0.3369 step_s 0.0054 peak_mem_gb 1.205
2026-10-01 22:39:52,551 | DEBUG | step 2296 epoch 2 loss 0.4806 step_s 0.0054 peak_mem_gb 1.205
2026-10-01 22:39:52,557 | DEBUG | step 2297 epoch 2 loss 0.3816 step_s 0.0054 peak_mem_gb 1.205
2026-10-01 22:39:52,563 | DEBUG | step 2298 epoch 2 loss 0.2786 step_s 0.0053 peak_mem_gb 1.205
2026-10-01 22:39:52,569 | DEBUG | step 2299 epoch 2 loss 0.3163 step_s 0.0054 peak_mem_gb 1.205
2026-10-01 22:39:52,575 | DEBUG | step 2300 epoch 2 loss 0.2256 step_s 0.0054 peak_mem_gb 1.205
2026-10-01 22:39:52,581 | DEBUG | step 2301 epoch 2 loss 0.2528 step_s 0.0054 peak_mem_gb 1.205
2026-10-01 22:39:52,587 | DEBUG | step 2302 epoch 2 loss 0.2970 step_s 0.0053 peak_mem_gb 1.205
2026-10-01 22:39:52,593 | DEBUG | step 2303 epoch 2 loss 0.2788 step_s 0.0053 peak_mem_gb 1.205
2026-10-01 22:39:52,599 | DEBUG | step 2304 epoch 2 loss 0.2531 step_s 0.0053 peak_mem_gb 1.205
2026-10-01 22:39:52,605 | DEBUG | step 2305 epoch 2 loss 0.2355 step_s 0.0053 peak_mem_gb 1.205
2026-10-01 22:39:52,611 | DEBUG | step 2306 epoch 2 loss 0.2802 step_s 0.0053 peak_mem_gb 1.205
2026-10-01 22:39:52,617 | DEBUG | step 2307 epoch 2 loss 0.3155 step_s 0.0053 peak_mem_gb 1.205
2026-10-01 22:39:52,623 | DEBUG | step 2308 epoch 2 loss 0.3080 step_s 0.0053 peak_mem_gb 1.205
2026-10-01 22:39:52,629 | DEBUG | step 2309 epoch 2 loss 0.2809 step_s 0.0053 peak_mem_gb 1.205
2026-10-01 22:39:52,635 | DEBUG | step 2310 epoch 2 loss 0.1616 step_s 0.0054 peak_mem_gb 1.205
2026-10-01 22:39:52,641 | DEBUG | step 2311 epoch 2 loss 0.1926 step_s 0.0053 peak_mem_gb 1.205
2026-10-01 22:39:52,647 | DEBUG | step 2312 epoch 2 loss 0.2826 step_s 0.0053 peak_mem_gb 1.205
2026-10-01 22:39:52,653 | DEBUG | step 2313 epoch 2 loss 0.2630 step_s 0.0053 peak_mem_gb 1.205
2026-10-01 22:39:52,659 | DEBUG | step 2314 epoch 2 loss 0.3043 step_s 0.0053 peak_mem_gb 1.205
2026-10-01 22:39:52,665 | DEBUG | step 2315 epoch 2 loss 0.2377 step_s 0.0053 peak_mem_gb 1.205
2026-10-01 22:39:52,671 | DEBUG | step 2316 epoch 2 loss 0.5631 step_s 0.0054 peak_mem_gb 1.205
2026-10-01 22:39:52,677 | DEBUG | step 2317 epoch 2 loss 0.1906 step_s 0.0053 peak_mem_gb 1.205
2026-10-01 22:39:52,683 | DEBUG | step 2318 epoch 2 loss 0.1701 step_s 0.0053 peak_mem_gb 1.205
2026-10-01 22:39:52,689 | DEBUG | step 2319 epoch 2 loss 0.2261 step_s 0.0053 peak_mem_gb 1.205
2026-10-01 22:39:52,695 | DEBUG | step 2320 epoch 2 loss 0.2909 step_s 0.0053 peak_mem_gb 1.205
2026-10-01 22:39:52,701 | DEBUG | step 2321 epoch 2 loss 0.4628 step_s 0.0053 peak_mem_gb 1.205
2026-10-01 22:39:52,707 | DEBUG | step 2322 epoch 2 loss 0.4245 step_s 0.0053 peak_mem_gb 1.205
2026-10-01 22:39:52,713 | DEBUG | step 2323 epoch 2 loss 0.2476 step_s 0.0054 peak_mem_gb 1.205
2026-10-01 22:39:52,719 | DEBUG | step 2324 epoch 2 loss 0.3841 step_s 0.0054 peak_mem_gb 1.205
2026-10-01 22:39:52,725 | DEBUG | step 2325 epoch 2 loss 0.3155 step_s 0.0053 peak_mem_gb 1.205
2026-10-01 22:39:52,731 | DEBUG | step 2326 epoch 2 loss 0.3863 step_s 0.0054 peak_mem_gb 1.205
2026-10-01 22:39:52,737 | DEBUG | step 2327 epoch 2 loss 0.3349 step_s 0.0053 peak_mem_gb 1.205
2026-10-01 22:39:52,743 | DEBUG | step 2328 epoch 2 loss 0.3310 step_s 0.0053 peak_mem_gb 1.205
2026-10-01 22:39:52,749 | DEBUG | step 2329 epoch 2 loss 0.2902 step_s 0.0053 peak_mem_gb 1.205
2026-10-01 22:39:52,755 | DEBUG | step 2330 epoch 2 loss 0.3155 step_s 0.0053 peak_mem_gb 1.205
2026-10-01 22:39:52,761 | DEBUG | step 2331 epoch 2 loss 0.2764 step_s 0.0054 peak_mem_gb 1.205
2026-10-01 22:39:52,767 | DEBUG | step 2332 epoch 2 loss 0.3460 step_s 0.0054 peak_mem_gb 1.205
2026-10-01 22:39:52,773 | DEBUG | step 2333 epoch 2 loss 0.2923 step_s 0.0053 peak_mem_gb 1.205
2026-10-01 22:39:52,779 | DEBUG | step 2334 epoch 2 loss 0.3015 step_s 0.0054 peak_mem_gb 1.205
2026-10-01 22:39:52,785 | DEBUG | step 2335 epoch 2 loss 0.3938 step_s 0.0054 peak_mem_gb 1.205
2026-10-01 22:39:52,791 | DEBUG | step 2336 epoch 2 loss 0.3061 step_s 0.0053 peak_mem_gb 1.205
2026-10-01 22:39:52,797 | DEBUG | step 2337 epoch 2 loss 0.3047 step_s 0.0054 peak_mem_gb 1.205
2026-10-01 22:39:52,803 | DEBUG | step 2338 epoch 2 loss 0.3189 step_s 0.0054 peak_mem_gb 1.205
2026-10-01 22:39:52,809 | DEBUG | step 2339 epoch 2 loss 0.3446 step_s 0.0053 peak_mem_gb 1.205
2026-10-01 22:39:52,815 | DEBUG | step 2340 epoch 2 loss 0.2698 step_s 0.0054 peak_mem_gb 1.205
2026-10-01 22:39:52,821 | DEBUG | step 2341 epoch 2 loss 0.2284 step_s 0.0053 peak_mem_gb 1.205
2026-10-01 22:39:52,827 | DEBUG | step 2342 epoch 2 loss 0.3266 step_s 0.0054 peak_mem_gb 1.205
2026-10-01 22:39:52,833 | DEBUG | step 2343 epoch 2 loss 0.3264 step_s 0.0053 peak_mem_gb 1.205
2026-10-01 22:39:52,839 | DEBUG | step 2344 epoch 2 loss 0.3311 step_s 0.0053 peak_mem_gb 1.205
2026-10-01 22:39:52,845 | DEBUG | step 2345 epoch 2 loss 0.2463 step_s 0.0053 peak_mem_gb 1.205
2026-10-01 22:39:52,851 | DEBUG | step 2346 epoch 2 loss 0.4012 step_s 0.0054 peak_mem_gb 1.205
2026-10-01 22:39:52,857 | DEBUG | step 2347 epoch 2 loss 0.2973 step_s 0.0053 peak_mem_gb 1.205
2026-10-01 22:39:52,863 | DEBUG | step 2348 epoch 2 loss 0.2456 step_s 0.0054 peak_mem_gb 1.205
2026-10-01 22:39:52,869 | DEBUG | step 2349 epoch 2 loss 0.2197 step_s 0.0054 peak_mem_gb 1.205
2026-10-01 22:39:52,875 | DEBUG | step 2350 epoch 2 loss 0.2939 step_s 0.0053 peak_mem_gb 1.205
2026-10-01 22:39:52,881 | DEBUG | step 2351 epoch 2 loss 0.2891 step_s 0.0053 peak_mem_gb 1.205
2026-10-01 22:39:52,887 | DEBUG | step 2352 epoch 2 loss 0.2088 step_s 0.0053 peak_mem_gb 1.205
2026-10-01 22:39:52,893 | DEBUG | step 2353 epoch 2 loss 0.3033 step_s 0.0053 peak_mem_gb 1.205
2026-10-01 22:39:52,899 | DEBUG | step 2354 epoch 2 loss 0.2442 step_s 0.0054 peak_mem_gb 1.205
2026-10-01 22:39:52,905 | DEBUG | step 2355 epoch 2 loss 0.3859 step_s 0.0053 peak_mem_gb 1.205
2026-10-01 22:39:52,911 | DEBUG | step 2356 epoch 2 loss 0.2634 step_s 0.0054 peak_mem_gb 1.205
2026-10-01 22:39:52,917 | DEBUG | step 2357 epoch 2 loss 0.3237 step_s 0.0054 peak_mem_gb 1.205
2026-10-01 22:39:52,924 | DEBUG | step 2358 epoch 2 loss 0.2589 step_s 0.0053 peak_mem_gb 1.205
2026-10-01 22:39:52,930 | DEBUG | step 2359 epoch 2 loss 0.3554 step_s 0.0054 peak_mem_gb 1.205
2026-10-01 22:39:52,936 | DEBUG | step 2360 epoch 2 loss 0.1545 step_s 0.0054 peak_mem_gb 1.205
2026-10-01 22:39:52,942 | DEBUG | step 2361 epoch 2 loss 0.3937 step_s 0.0053 peak_mem_gb 1.205
2026-10-01 22:39:52,948 | DEBUG | step 2362 epoch 2 loss 0.2382 step_s 0.0053 peak_mem_gb 1.205
2026-10-01 22:39:52,954 | DEBUG | step 2363 epoch 2 loss 0.3004 step_s 0.0053 peak_mem_gb 1.205
2026-10-01 22:39:52,960 | DEBUG | step 2364 epoch 2 loss 0.3585 step_s 0.0053 peak_mem_gb 1.205
2026-10-01 22:39:52,966 | DEBUG | step 2365 epoch 2 loss 0.2232 step_s 0.0054 peak_mem_gb 1.205
2026-10-01 22:39:52,972 | DEBUG | step 2366 epoch 2 loss 0.2934 step_s 0.0053 peak_mem_gb 1.205
2026-10-01 22:39:52,978 | DEBUG | step 2367 epoch 2 loss 0.2488 step_s 0.0053 peak_mem_gb 1.205
2026-10-01 22:39:52,984 | DEBUG | step 2368 epoch 2 loss 0.3710 step_s 0.0054 peak_mem_gb 1.205
2026-10-01 22:39:52,990 | DEBUG | step 2369 epoch 2 loss 0.2318 step_s 0.0053 peak_mem_gb 1.205
2026-10-01 22:39:52,996 | DEBUG | step 2370 epoch 2 loss 0.2910 step_s 0.0054 peak_mem_gb 1.205
2026-10-01 22:39:53,002 | DEBUG | step 2371 epoch 2 loss 0.2857 step_s 0.0053 peak_mem_gb 1.205
2026-10-01 22:39:53,008 | DEBUG | step 2372 epoch 2 loss 0.3396 step_s 0.0053 peak_mem_gb 1.205
2026-10-01 22:39:53,014 | DEBUG | step 2373 epoch 2 loss 0.4960 step_s 0.0054 peak_mem_gb 1.205
2026-10-01 22:39:53,020 | DEBUG | step 2374 epoch 2 loss 0.4069 step_s 0.0054 peak_mem_gb 1.205
2026-10-01 22:39:53,026 | DEBUG | step 2375 epoch 2 loss 0.2801 step_s 0.0053 peak_mem_gb 1.205
2026-10-01 22:39:53,032 | DEBUG | step 2376 epoch 2 loss 0.3298 step_s 0.0053 peak_mem_gb 1.205
2026-10-01 22:39:53,038 | DEBUG | step 2377 epoch 2 loss 0.3058 step_s 0.0053 peak_mem_gb 1.205
2026-10-01 22:39:53,044 | DEBUG | step 2378 epoch 2 loss 0.4051 step_s 0.0053 peak_mem_gb 1.205
2026-10-01 22:39:53,050 | DEBUG | step 2379 epoch 2 loss 0.3539 step_s 0.0054 peak_mem_gb 1.205
2026-10-01 22:39:53,056 | DEBUG | step 2380 epoch 2 loss 0.2642 step_s 0.0053 peak_mem_gb 1.205
2026-10-01 22:39:53,062 | DEBUG | step 2381 epoch 2 loss 0.3495 step_s 0.0053 peak_mem_gb 1.205
2026-10-01 22:39:53,068 | DEBUG | step 2382 epoch 2 loss 0.2813 step_s 0.0054 peak_mem_gb 1.205
2026-10-01 22:39:53,074 | DEBUG | step 2383 epoch 2 loss 0.1781 step_s 0.0053 peak_mem_gb 1.205
2026-10-01 22:39:53,080 | DEBUG | step 2384 epoch 2 loss 0.3613 step_s 0.0054 peak_mem_gb 1.205
2026-10-01 22:39:53,086 | DEBUG | step 2385 epoch 2 loss 0.3458 step_s 0.0054 peak_mem_gb 1.205
2026-10-01 22:39:53,092 | DEBUG | step 2386 epoch 2 loss 0.3150 step_s 0.0053 peak_mem_gb 1.205
2026-10-01 22:39:53,099 | DEBUG | step 2387 epoch 2 loss 0.2348 step_s 0.0054 peak_mem_gb 1.205
2026-10-01 22:39:53,105 | DEBUG | step 2388 epoch 2 loss 0.3044 step_s 0.0053 peak_mem_gb 1.205
2026-10-01 22:39:53,111 | DEBUG | step 2389 epoch 2 loss 0.2816 step_s 0.0053 peak_mem_gb 1.205
2026-10-01 22:39:53,117 | DEBUG | step 2390 epoch 2 loss 0.3187 step_s 0.0053 peak_mem_gb 1.205
2026-10-01 22:39:53,123 | DEBUG | step 2391 epoch 2 loss 0.2385 step_s 0.0053 peak_mem_gb 1.205
2026-10-01 22:39:53,129 | DEBUG | step 2392 epoch 2 loss 0.2160 step_s 0.0053 peak_mem_gb 1.205
2026-10-01 22:39:53,135 | DEBUG | step 2393 epoch 2 loss 0.3590 step_s 0.0054 peak_mem_gb 1.205
2026-10-01 22:39:53,141 | DEBUG | step 2394 epoch 2 loss 0.2639 step_s 0.0053 peak_mem_gb 1.205
2026-10-01 22:39:53,147 | DEBUG | step 2395 epoch 2 loss 0.3520 step_s 0.0054 peak_mem_gb 1.205
2026-10-01 22:39:53,153 | DEBUG | step 2396 epoch 2 loss 0.3265 step_s 0.0053 peak_mem_gb 1.205
2026-10-01 22:39:53,159 | DEBUG | step 2397 epoch 2 loss 0.1783 step_s 0.0053 peak_mem_gb 1.205
2026-10-01 22:39:53,165 | DEBUG | step 2398 epoch 2 loss 0.3385 step_s 0.0054 peak_mem_gb 1.205
2026-10-01 22:39:53,171 | DEBUG | step 2399 epoch 2 loss 0.1584 step_s 0.0054 peak_mem_gb 1.205
2026-10-01 22:39:53,177 | INFO | step 2400 epoch 2 loss 0.2012 step_s 0.0054 peak_mem_gb 1.205
2026-10-01 22:39:53,184 | DEBUG | step 2401 epoch 2 loss 0.1635 step_s 0.0054 peak_mem_gb 1.205
2026-10-01 22:39:53,190 | DEBUG | step 2402 epoch 2 loss 0.2191 step_s 0.0053 peak_mem_gb 1.205
2026-10-01 22:39:53,196 | DEBUG | step 2403 epoch 2 loss 0.2999 step_s 0.0054 peak_mem_gb 1.205
2026-10-01 22:39:53,202 | DEBUG | step 2404 epoch 2 loss 0.2852 step_s 0.0053 peak_mem_gb 1.205
2026-10-01 22:39:53,208 | DEBUG | step 2405 epoch 2 loss 0.3310 step_s 0.0053 peak_mem_gb 1.205
2026-10-01 22:39:53,214 | DEBUG | step 2406 epoch 2 loss 0.3788 step_s 0.0054 peak_mem_gb 1.205
2026-10-01 22:39:53,220 | DEBUG | step 2407 epoch 2 loss 0.3482 step_s 0.0053 peak_mem_gb 1.205
2026-10-01 22:39:53,226 | DEBUG | step 2408 epoch 2 loss 0.3608 step_s 0.0053 peak_mem_gb 1.205
2026-10-01 22:39:53,232 | DEBUG | step 2409 epoch 2 loss 0.3067 step_s 0.0053 peak_mem_gb 1.205
2026-10-01 22:39:53,238 | DEBUG | step 2410 epoch 2 loss 0.3681 step_s 0.0054 peak_mem_gb 1.205
2026-10-01 22:39:53,244 | DEBUG | step 2411 epoch 2 loss 0.3225 step_s 0.0053 peak_mem_gb 1.205
2026-10-01 22:39:53,250 | DEBUG | step 2412 epoch 2 loss 0.2886 step_s 0.0054 peak_mem_gb 1.205
2026-10-01 22:39:53,256 | DEBUG | step 2413 epoch 2 loss 0.3498 step_s 0.0053 peak_mem_gb 1.205
2026-10-01 22:39:53,262 | DEBUG | step 2414 epoch 2 loss 0.2716 step_s 0.0054 peak_mem_gb 1.205
2026-10-01 22:39:53,268 | DEBUG | step 2415 epoch 2 loss 0.3026 step_s 0.0054 peak_mem_gb 1.205
2026-10-01 22:39:53,274 | DEBUG | step 2416 epoch 2 loss 0.2028 step_s 0.0053 peak_mem_gb 1.205
2026-10-01 22:39:53,280 | DEBUG | step 2417 epoch 2 loss 0.3895 step_s 0.0053 peak_mem_gb 1.205
2026-10-01 22:39:53,286 | DEBUG | step 2418 epoch 2 loss 0.3260 step_s 0.0053 peak_mem_gb 1.205
2026-10-01 22:39:53,292 | DEBUG | step 2419 epoch 2 loss 0.3969 step_s 0.0053 peak_mem_gb 1.205
2026-10-01 22:39:53,298 | DEBUG | step 2420 epoch 2 loss 0.3315 step_s 0.0054 peak_mem_gb 1.205
2026-10-01 22:39:53,304 | DEBUG | step 2421 epoch 2 loss 0.3985 step_s 0.0053 peak_mem_gb 1.205
2026-10-01 22:39:53,310 | DEBUG | step 2422 epoch 2 loss 0.3538 step_s 0.0053 peak_mem_gb 1.205
2026-10-01 22:39:53,316 | DEBUG | step 2423 epoch 2 loss 0.4471 step_s 0.0053 peak_mem_gb 1.205
2026-10-01 22:39:53,322 | DEBUG | step 2424 epoch 2 loss 0.2739 step_s 0.0053 peak_mem_gb 1.205
2026-10-01 22:39:53,328 | DEBUG | step 2425 epoch 2 loss 0.3175 step_s 0.0054 peak_mem_gb 1.205
2026-10-01 22:39:53,334 | DEBUG | step 2426 epoch 2 loss 0.3516 step_s 0.0054 peak_mem_gb 1.205
2026-10-01 22:39:53,340 | DEBUG | step 2427 epoch 2 loss 0.3928 step_s 0.0054 peak_mem_gb 1.205
2026-10-01 22:39:53,346 | DEBUG | step 2428 epoch 2 loss 0.2758 step_s 0.0053 peak_mem_gb 1.205
2026-10-01 22:39:53,352 | DEBUG | step 2429 epoch 2 loss 0.4195 step_s 0.0054 peak_mem_gb 1.205
2026-10-01 22:39:53,358 | DEBUG | step 2430 epoch 2 loss 0.2762 step_s 0.0053 peak_mem_gb 1.205
2026-10-01 22:39:53,364 | DEBUG | step 2431 epoch 2 loss 0.3558 step_s 0.0054 peak_mem_gb 1.205
2026-10-01 22:39:53,370 | DEBUG | step 2432 epoch 2 loss 0.3802 step_s 0.0054 peak_mem_gb 1.205
2026-10-01 22:39:53,376 | DEBUG | step 2433 epoch 2 loss 0.4240 step_s 0.0053 peak_mem_gb 1.205
2026-10-01 22:39:53,382 | DEBUG | step 2434 epoch 2 loss 0.2710 step_s 0.0054 peak_mem_gb 1.205
2026-10-01 22:39:53,388 | DEBUG | step 2435 epoch 2 loss 0.3333 step_s 0.0053 peak_mem_gb 1.205
2026-10-01 22:39:53,394 | DEBUG | step 2436 epoch 2 loss 0.2478 step_s 0.0053 peak_mem_gb 1.205
2026-10-01 22:39:53,400 | DEBUG | step 2437 epoch 2 loss 0.3452 step_s 0.0053 peak_mem_gb 1.205
2026-10-01 22:39:53,406 | DEBUG | step 2438 epoch 2 loss 0.4408 step_s 0.0054 peak_mem_gb 1.205
2026-10-01 22:39:53,413 | DEBUG | step 2439 epoch 2 loss 0.3008 step_s 0.0055 peak_mem_gb 1.205
2026-10-01 22:39:53,419 | DEBUG | step 2440 epoch 2 loss 0.3940 step_s 0.0055 peak_mem_gb 1.205
2026-10-01 22:39:53,426 | DEBUG | step 2441 epoch 2 loss 0.2566 step_s 0.0060 peak_mem_gb 1.205
2026-10-01 22:39:53,433 | DEBUG | step 2442 epoch 2 loss 0.3620 step_s 0.0055 peak_mem_gb 1.205
2026-10-01 22:39:53,439 | DEBUG | step 2443 epoch 2 loss 0.3158 step_s 0.0054 peak_mem_gb 1.205
2026-10-01 22:39:53,445 | DEBUG | step 2444 epoch 2 loss 0.2907 step_s 0.0053 peak_mem_gb 1.205
2026-10-01 22:39:53,451 | DEBUG | step 2445 epoch 2 loss 0.2590 step_s 0.0054 peak_mem_gb 1.205
2026-10-01 22:39:53,457 | DEBUG | step 2446 epoch 2 loss 0.2115 step_s 0.0053 peak_mem_gb 1.205
2026-10-01 22:39:53,463 | DEBUG | step 2447 epoch 2 loss 0.3215 step_s 0.0053 peak_mem_gb 1.205
2026-10-01 22:39:53,469 | DEBUG | step 2448 epoch 2 loss 0.2419 step_s 0.0053 peak_mem_gb 1.205
2026-10-01 22:39:53,475 | DEBUG | step 2449 epoch 2 loss 0.3214 step_s 0.0053 peak_mem_gb 1.205
2026-10-01 22:39:53,481 | DEBUG | step 2450 epoch 2 loss 0.1717 step_s 0.0054 peak_mem_gb 1.205
2026-10-01 22:39:53,487 | DEBUG | step 2451 epoch 2 loss 0.3473 step_s 0.0053 peak_mem_gb 1.205
2026-10-01 22:39:53,493 | DEBUG | step 2452 epoch 2 loss 0.3008 step_s 0.0053 peak_mem_gb 1.205
2026-10-01 22:39:53,499 | DEBUG | step 2453 epoch 2 loss 0.4003 step_s 0.0054 peak_mem_gb 1.205
2026-10-01 22:39:53,505 | DEBUG | step 2454 epoch 2 loss 0.3236 step_s 0.0053 peak_mem_gb 1.205
2026-10-01 22:39:53,511 | DEBUG | step 2455 epoch 2 loss 0.3159 step_s 0.0053 peak_mem_gb 1.205
2026-10-01 22:39:53,517 | DEBUG | step 2456 epoch 2 loss 0.2425 step_s 0.0054 peak_mem_gb 1.205
2026-10-01 22:39:53,523 | DEBUG | step 2457 epoch 2 loss 0.3190 step_s 0.0053 peak_mem_gb 1.205
2026-10-01 22:39:53,529 | DEBUG | step 2458 epoch 2 loss 0.4409 step_s 0.0053 peak_mem_gb 1.205
2026-10-01 22:39:53,535 | DEBUG | step 2459 epoch 2 loss 0.2722 step_s 0.0054 peak_mem_gb 1.205
2026-10-01 22:39:53,541 | DEBUG | step 2460 epoch 2 loss 0.3114 step_s 0.0054 peak_mem_gb 1.205
2026-10-01 22:39:53,547 | DEBUG | step 2461 epoch 2 loss 0.2708 step_s 0.0053 peak_mem_gb 1.205
2026-10-01 22:39:53,553 | DEBUG | step 2462 epoch 2 loss 0.2531 step_s 0.0053 peak_mem_gb 1.205
2026-10-01 22:39:53,559 | DEBUG | step 2463 epoch 2 loss 0.3349 step_s 0.0053 peak_mem_gb 1.205
2026-10-01 22:39:53,565 | DEBUG | step 2464 epoch 2 loss 0.3361 step_s 0.0053 peak_mem_gb 1.205
2026-10-01 22:39:53,571 | DEBUG | step 2465 epoch 2 loss 0.2221 step_s 0.0053 peak_mem_gb 1.205
2026-10-01 22:39:53,577 | DEBUG | step 2466 epoch 2 loss 0.3407 step_s 0.0053 peak_mem_gb 1.205
2026-10-01 22:39:53,583 | DEBUG | step 2467 epoch 2 loss 0.1395 step_s 0.0053 peak_mem_gb 1.205
2026-10-01 22:39:53,589 | DEBUG | step 2468 epoch 2 loss 0.2517 step_s 0.0053 peak_mem_gb 1.205
2026-10-01 22:39:53,595 | DEBUG | step 2469 epoch 2 loss 0.2077 step_s 0.0054 peak_mem_gb 1.205
2026-10-01 22:39:53,601 | DEBUG | step 2470 epoch 2 loss 0.3009 step_s 0.0054 peak_mem_gb 1.205
2026-10-01 22:39:53,607 | DEBUG | step 2471 epoch 2 loss 0.3019 step_s 0.0053 peak_mem_gb 1.205
2026-10-01 22:39:53,613 | DEBUG | step 2472 epoch 2 loss 0.3188 step_s 0.0054 peak_mem_gb 1.205
2026-10-01 22:39:53,619 | DEBUG | step 2473 epoch 2 loss 0.2376 step_s 0.0053 peak_mem_gb 1.205
2026-10-01 22:39:53,625 | DEBUG | step 2474 epoch 2 loss 0.2210 step_s 0.0053 peak_mem_gb 1.205
2026-10-01 22:39:53,631 | DEBUG | step 2475 epoch 2 loss 0.2969 step_s 0.0053 peak_mem_gb 1.205
2026-10-01 22:39:53,637 | DEBUG | step 2476 epoch 2 loss 0.2218 step_s 0.0053 peak_mem_gb 1.205
2026-10-01 22:39:53,643 | DEBUG | step 2477 epoch 2 loss 0.3100 step_s 0.0054 peak_mem_gb 1.205
2026-10-01 22:39:53,649 | DEBUG | step 2478 epoch 2 loss 0.2663 step_s 0.0053 peak_mem_gb 1.205
2026-10-01 22:39:53,655 | DEBUG | step 2479 epoch 2 loss 0.3215 step_s 0.0053 peak_mem_gb 1.205
2026-10-01 22:39:53,661 | DEBUG | step 2480 epoch 2 loss 0.2191 step_s 0.0054 peak_mem_gb 1.205
2026-10-01 22:39:53,667 | DEBUG | step 2481 epoch 2 loss 0.1976 step_s 0.0053 peak_mem_gb 1.205
2026-10-01 22:39:53,673 | DEBUG | step 2482 epoch 2 loss 0.1942 step_s 0.0053 peak_mem_gb 1.205
2026-10-01 22:39:53,679 | DEBUG | step 2483 epoch 2 loss 0.2341 step_s 0.0053 peak_mem_gb 1.205
2026-10-01 22:39:53,685 | DEBUG | step 2484 epoch 2 loss 0.5012 step_s 0.0053 peak_mem_gb 1.205
2026-10-01 22:39:53,691 | DEBUG | step 2485 epoch 2 loss 0.2376 step_s 0.0054 peak_mem_gb 1.205
2026-10-01 22:39:53,697 | DEBUG | step 2486 epoch 2 loss 0.3454 step_s 0.0054 peak_mem_gb 1.205
2026-10-01 22:39:53,703 | DEBUG | step 2487 epoch 2 loss 0.1554 step_s 0.0054 peak_mem_gb 1.205
2026-10-01 22:39:53,709 | DEBUG | step 2488 epoch 2 loss 0.4340 step_s 0.0053 peak_mem_gb 1.205
2026-10-01 22:39:53,715 | DEBUG | step 2489 epoch 2 loss 0.3206 step_s 0.0054 peak_mem_gb 1.205
2026-10-01 22:39:53,721 | DEBUG | step 2490 epoch 2 loss 0.4002 step_s 0.0054 peak_mem_gb 1.205
2026-10-01 22:39:53,728 | DEBUG | step 2491 epoch 2 loss 0.3423 step_s 0.0054 peak_mem_gb 1.205
2026-10-01 22:39:53,734 | DEBUG | step 2492 epoch 2 loss 0.4461 step_s 0.0054 peak_mem_gb 1.205
2026-10-01 22:39:53,740 | DEBUG | step 2493 epoch 2 loss 0.3057 step_s 0.0055 peak_mem_gb 1.205
2026-10-01 22:39:53,746 | DEBUG | step 2494 epoch 2 loss 0.2038 step_s 0.0053 peak_mem_gb 1.205
2026-10-01 22:39:53,752 | DEBUG | step 2495 epoch 2 loss 0.2885 step_s 0.0054 peak_mem_gb 1.205
2026-10-01 22:39:53,758 | DEBUG | step 2496 epoch 2 loss 0.2858 step_s 0.0054 peak_mem_gb 1.205
2026-10-01 22:39:53,764 | DEBUG | step 2497 epoch 2 loss 0.3794 step_s 0.0054 peak_mem_gb 1.205
2026-10-01 22:39:53,770 | DEBUG | step 2498 epoch 2 loss 0.2517 step_s 0.0054 peak_mem_gb 1.205
2026-10-01 22:39:53,777 | DEBUG | step 2499 epoch 2 loss 0.4047 step_s 0.0054 peak_mem_gb 1.205
2026-10-01 22:39:53,783 | DEBUG | step 2500 epoch 2 loss 0.3413 step_s 0.0054 peak_mem_gb 1.205
2026-10-01 22:39:53,789 | DEBUG | step 2501 epoch 2 loss 0.2772 step_s 0.0054 peak_mem_gb 1.205
2026-10-01 22:39:53,795 | DEBUG | step 2502 epoch 2 loss 0.2841 step_s 0.0054 peak_mem_gb 1.205
2026-10-01 22:39:53,801 | DEBUG | step 2503 epoch 2 loss 0.3076 step_s 0.0054 peak_mem_gb 1.205
2026-10-01 22:39:53,807 | DEBUG | step 2504 epoch 2 loss 0.3793 step_s 0.0053 peak_mem_gb 1.205
2026-10-01 22:39:53,813 | DEBUG | step 2505 epoch 2 loss 0.3056 step_s 0.0054 peak_mem_gb 1.205
2026-10-01 22:39:53,819 | DEBUG | step 2506 epoch 2 loss 0.2699 step_s 0.0054 peak_mem_gb 1.205
2026-10-01 22:39:53,825 | DEBUG | step 2507 epoch 2 loss 0.2638 step_s 0.0054 peak_mem_gb 1.205
2026-10-01 22:39:53,831 | DEBUG | step 2508 epoch 2 loss 0.3267 step_s 0.0054 peak_mem_gb 1.205
2026-10-01 22:39:53,837 | DEBUG | step 2509 epoch 2 loss 0.2182 step_s 0.0053 peak_mem_gb 1.205
2026-10-01 22:39:53,844 | DEBUG | step 2510 epoch 2 loss 0.3155 step_s 0.0054 peak_mem_gb 1.205
2026-10-01 22:39:53,850 | DEBUG | step 2511 epoch 2 loss 0.1748 step_s 0.0054 peak_mem_gb 1.205
2026-10-01 22:39:53,856 | DEBUG | step 2512 epoch 2 loss 0.2449 step_s 0.0053 peak_mem_gb 1.205
2026-10-01 22:39:53,862 | DEBUG | step 2513 epoch 2 loss 0.2817 step_s 0.0053 peak_mem_gb 1.205
2026-10-01 22:39:53,868 | DEBUG | step 2514 epoch 2 loss 0.3711 step_s 0.0053 peak_mem_gb 1.205
2026-10-01 22:39:53,874 | DEBUG | step 2515 epoch 2 loss 0.1730 step_s 0.0053 peak_mem_gb 1.205
2026-10-01 22:39:53,880 | DEBUG | step 2516 epoch 2 loss 0.2278 step_s 0.0053 peak_mem_gb 1.205
2026-10-01 22:39:53,886 | DEBUG | step 2517 epoch 2 loss 0.4223 step_s 0.0054 peak_mem_gb 1.205
2026-10-01 22:39:53,892 | DEBUG | step 2518 epoch 2 loss 0.3068 step_s 0.0053 peak_mem_gb 1.205
2026-10-01 22:39:53,898 | DEBUG | step 2519 epoch 2 loss 0.4233 step_s 0.0053 peak_mem_gb 1.205
2026-10-01 22:39:53,904 | DEBUG | step 2520 epoch 2 loss 0.1270 step_s 0.0053 peak_mem_gb 1.205
2026-10-01 22:39:53,910 | DEBUG | step 2521 epoch 2 loss 0.4773 step_s 0.0053 peak_mem_gb 1.205
2026-10-01 22:39:53,916 | DEBUG | step 2522 epoch 2 loss 0.2382 step_s 0.0053 peak_mem_gb 1.205
2026-10-01 22:39:53,922 | DEBUG | step 2523 epoch 2 loss 0.2116 step_s 0.0053 peak_mem_gb 1.205
2026-10-01 22:39:53,928 | DEBUG | step 2524 epoch 2 loss 0.3310 step_s 0.0053 peak_mem_gb 1.205
2026-10-01 22:39:53,934 | DEBUG | step 2525 epoch 2 loss 0.1470 step_s 0.0053 peak_mem_gb 1.205
2026-10-01 22:39:53,940 | DEBUG | step 2526 epoch 2 loss 0.4447 step_s 0.0054 peak_mem_gb 1.205
2026-10-01 22:39:53,946 | DEBUG | step 2527 epoch 2 loss 0.4250 step_s 0.0053 peak_mem_gb 1.205
2026-10-01 22:39:53,952 | DEBUG | step 2528 epoch 2 loss 0.3094 step_s 0.0053 peak_mem_gb 1.205
2026-10-01 22:39:53,958 | DEBUG | step 2529 epoch 2 loss 0.2309 step_s 0.0053 peak_mem_gb 1.205
2026-10-01 22:39:53,964 | DEBUG | step 2530 epoch 2 loss 0.1880 step_s 0.0053 peak_mem_gb 1.205
2026-10-01 22:39:53,969 | DEBUG | step 2531 epoch 2 loss 0.3096 step_s 0.0053 peak_mem_gb 1.205
2026-10-01 22:39:53,975 | DEBUG | step 2532 epoch 2 loss 0.3328 step_s 0.0054 peak_mem_gb 1.205
2026-10-01 22:39:53,982 | DEBUG | step 2533 epoch 2 loss 0.3965 step_s 0.0054 peak_mem_gb 1.205
2026-10-01 22:39:53,988 | DEBUG | step 2534 epoch 2 loss 0.2559 step_s 0.0053 peak_mem_gb 1.205
2026-10-01 22:39:53,994 | DEBUG | step 2535 epoch 2 loss 0.3396 step_s 0.0054 peak_mem_gb 1.205
2026-10-01 22:39:54,000 | DEBUG | step 2536 epoch 2 loss 0.3761 step_s 0.0054 peak_mem_gb 1.205
2026-10-01 22:39:54,006 | DEBUG | step 2537 epoch 2 loss 0.2466 step_s 0.0054 peak_mem_gb 1.205
2026-10-01 22:39:54,012 | DEBUG | step 2538 epoch 2 loss 0.3165 step_s 0.0054 peak_mem_gb 1.205
2026-10-01 22:39:54,018 | DEBUG | step 2539 epoch 2 loss 0.2799 step_s 0.0054 peak_mem_gb 1.205
2026-10-01 22:39:54,024 | DEBUG | step 2540 epoch 2 loss 0.2183 step_s 0.0054 peak_mem_gb 1.205
2026-10-01 22:39:54,031 | DEBUG | step 2541 epoch 2 loss 0.3054 step_s 0.0053 peak_mem_gb 1.205
2026-10-01 22:39:54,037 | DEBUG | step 2542 epoch 2 loss 0.1751 step_s 0.0054 peak_mem_gb 1.205
2026-10-01 22:39:54,043 | DEBUG | step 2543 epoch 2 loss 0.2041 step_s 0.0054 peak_mem_gb 1.205
2026-10-01 22:39:54,049 | DEBUG | step 2544 epoch 2 loss 0.2615 step_s 0.0054 peak_mem_gb 1.205
2026-10-01 22:39:54,055 | DEBUG | step 2545 epoch 2 loss 0.3806 step_s 0.0054 peak_mem_gb 1.205
2026-10-01 22:39:54,061 | DEBUG | step 2546 epoch 2 loss 0.2218 step_s 0.0053 peak_mem_gb 1.205
2026-10-01 22:39:54,067 | DEBUG | step 2547 epoch 2 loss 0.2990 step_s 0.0053 peak_mem_gb 1.205
2026-10-01 22:39:54,073 | DEBUG | step 2548 epoch 2 loss 0.2451 step_s 0.0053 peak_mem_gb 1.205
2026-10-01 22:39:54,079 | DEBUG | step 2549 epoch 2 loss 0.3138 step_s 0.0053 peak_mem_gb 1.205
2026-10-01 22:39:54,085 | DEBUG | step 2550 epoch 2 loss 0.2724 step_s 0.0054 peak_mem_gb 1.205
2026-10-01 22:39:54,091 | DEBUG | step 2551 epoch 2 loss 0.2071 step_s 0.0053 peak_mem_gb 1.205
2026-10-01 22:39:54,097 | DEBUG | step 2552 epoch 2 loss 0.2224 step_s 0.0053 peak_mem_gb 1.205
2026-10-01 22:39:54,103 | DEBUG | step 2553 epoch 2 loss 0.3122 step_s 0.0053 peak_mem_gb 1.205
2026-10-01 22:39:54,109 | DEBUG | step 2554 epoch 2 loss 0.2047 step_s 0.0053 peak_mem_gb 1.205
2026-10-01 22:39:54,115 | DEBUG | step 2555 epoch 2 loss 0.3702 step_s 0.0053 peak_mem_gb 1.205
2026-10-01 22:39:54,121 | DEBUG | step 2556 epoch 2 loss 0.2831 step_s 0.0053 peak_mem_gb 1.205
2026-10-01 22:39:54,127 | DEBUG | step 2557 epoch 2 loss 0.3360 step_s 0.0053 peak_mem_gb 1.205
2026-10-01 22:39:54,133 | DEBUG | step 2558 epoch 2 loss 0.1703 step_s 0.0053 peak_mem_gb 1.205
2026-10-01 22:39:54,139 | DEBUG | step 2559 epoch 2 loss 0.1769 step_s 0.0053 peak_mem_gb 1.205
2026-10-01 22:39:54,145 | DEBUG | step 2560 epoch 2 loss 0.3896 step_s 0.0054 peak_mem_gb 1.205
2026-10-01 22:39:54,151 | DEBUG | step 2561 epoch 2 loss 0.2454 step_s 0.0054 peak_mem_gb 1.205
2026-10-01 22:39:54,157 | DEBUG | step 2562 epoch 2 loss 0.3849 step_s 0.0053 peak_mem_gb 1.205
2026-10-01 22:39:54,163 | DEBUG | step 2563 epoch 2 loss 0.2833 step_s 0.0053 peak_mem_gb 1.205
2026-10-01 22:39:54,169 | DEBUG | step 2564 epoch 2 loss 0.2547 step_s 0.0054 peak_mem_gb 1.205
2026-10-01 22:39:54,175 | DEBUG | step 2565 epoch 2 loss 0.3410 step_s 0.0053 peak_mem_gb 1.205
2026-10-01 22:39:54,181 | DEBUG | step 2566 epoch 2 loss 0.2730 step_s 0.0053 peak_mem_gb 1.205
2026-10-01 22:39:54,187 | DEBUG | step 2567 epoch 2 loss 0.3506 step_s 0.0053 peak_mem_gb 1.205
2026-10-01 22:39:54,193 | DEBUG | step 2568 epoch 2 loss 0.2038 step_s 0.0053 peak_mem_gb 1.205
2026-10-01 22:39:54,199 | DEBUG | step 2569 epoch 2 loss 0.2159 step_s 0.0053 peak_mem_gb 1.205
2026-10-01 22:39:54,205 | DEBUG | step 2570 epoch 2 loss 0.2257 step_s 0.0053 peak_mem_gb 1.205
2026-10-01 22:39:54,211 | DEBUG | step 2571 epoch 2 loss 0.2620 step_s 0.0053 peak_mem_gb 1.205
2026-10-01 22:39:54,217 | DEBUG | step 2572 epoch 2 loss 0.2426 step_s 0.0054 peak_mem_gb 1.205
2026-10-01 22:39:54,223 | DEBUG | step 2573 epoch 2 loss 0.3178 step_s 0.0053 peak_mem_gb 1.205
2026-10-01 22:39:54,229 | DEBUG | step 2574 epoch 2 loss 0.2584 step_s 0.0053 peak_mem_gb 1.205
2026-10-01 22:39:54,235 | DEBUG | step 2575 epoch 2 loss 0.3009 step_s 0.0053 peak_mem_gb 1.205
2026-10-01 22:39:54,241 | DEBUG | step 2576 epoch 2 loss 0.2944 step_s 0.0053 peak_mem_gb 1.205
2026-10-01 22:39:54,247 | DEBUG | step 2577 epoch 2 loss 0.3172 step_s 0.0052 peak_mem_gb 1.205
2026-10-01 22:39:54,253 | DEBUG | step 2578 epoch 2 loss 0.3166 step_s 0.0053 peak_mem_gb 1.205
2026-10-01 22:39:54,259 | DEBUG | step 2579 epoch 2 loss 0.2880 step_s 0.0053 peak_mem_gb 1.205
2026-10-01 22:39:54,265 | DEBUG | step 2580 epoch 2 loss 0.2484 step_s 0.0054 peak_mem_gb 1.205
2026-10-01 22:39:54,271 | DEBUG | step 2581 epoch 2 loss 0.3842 step_s 0.0053 peak_mem_gb 1.205
2026-10-01 22:39:54,276 | DEBUG | step 2582 epoch 2 loss 0.1574 step_s 0.0053 peak_mem_gb 1.205
2026-10-01 22:39:54,282 | DEBUG | step 2583 epoch 2 loss 0.5018 step_s 0.0053 peak_mem_gb 1.205
2026-10-01 22:39:54,288 | DEBUG | step 2584 epoch 2 loss 0.2713 step_s 0.0053 peak_mem_gb 1.205
2026-10-01 22:39:54,294 | DEBUG | step 2585 epoch 2 loss 0.4486 step_s 0.0053 peak_mem_gb 1.205
2026-10-01 22:39:54,300 | DEBUG | step 2586 epoch 2 loss 0.2397 step_s 0.0053 peak_mem_gb 1.205
2026-10-01 22:39:54,306 | DEBUG | step 2587 epoch 2 loss 0.3254 step_s 0.0053 peak_mem_gb 1.205
2026-10-01 22:39:54,312 | DEBUG | step 2588 epoch 2 loss 0.3106 step_s 0.0053 peak_mem_gb 1.205
2026-10-01 22:39:54,318 | DEBUG | step 2589 epoch 2 loss 0.2609 step_s 0.0053 peak_mem_gb 1.205
2026-10-01 22:39:54,324 | DEBUG | step 2590 epoch 2 loss 0.2589 step_s 0.0053 peak_mem_gb 1.205
2026-10-01 22:39:54,330 | DEBUG | step 2591 epoch 2 loss 0.2805 step_s 0.0054 peak_mem_gb 1.205
2026-10-01 22:39:54,336 | DEBUG | step 2592 epoch 2 loss 0.2695 step_s 0.0054 peak_mem_gb 1.205
2026-10-01 22:39:54,342 | DEBUG | step 2593 epoch 2 loss 0.2836 step_s 0.0053 peak_mem_gb 1.205
2026-10-01 22:39:54,348 | DEBUG | step 2594 epoch 2 loss 0.2586 step_s 0.0053 peak_mem_gb 1.205
2026-10-01 22:39:54,354 | DEBUG | step 2595 epoch 2 loss 0.3005 step_s 0.0053 peak_mem_gb 1.205
2026-10-01 22:39:54,360 | DEBUG | step 2596 epoch 2 loss 0.2785 step_s 0.0053 peak_mem_gb 1.205
2026-10-01 22:39:54,366 | DEBUG | step 2597 epoch 2 loss 0.2509 step_s 0.0053 peak_mem_gb 1.205
2026-10-01 22:39:54,372 | DEBUG | step 2598 epoch 2 loss 0.3027 step_s 0.0053 peak_mem_gb 1.205
2026-10-01 22:39:54,378 | DEBUG | step 2599 epoch 2 loss 0.2903 step_s 0.0053 peak_mem_gb 1.205
2026-10-01 22:39:54,384 | INFO | step 2600 epoch 2 loss 0.3370 step_s 0.0053 peak_mem_gb 1.205
2026-10-01 22:39:54,391 | DEBUG | step 2601 epoch 2 loss 0.2201 step_s 0.0054 peak_mem_gb 1.205
2026-10-01 22:39:54,397 | DEBUG | step 2602 epoch 2 loss 0.2921 step_s 0.0053 peak_mem_gb 1.205
2026-10-01 22:39:54,403 | DEBUG | step 2603 epoch 2 loss 0.3105 step_s 0.0054 peak_mem_gb 1.205
2026-10-01 22:39:54,409 | DEBUG | step 2604 epoch 2 loss 0.2885 step_s 0.0053 peak_mem_gb 1.205
2026-10-01 22:39:54,415 | DEBUG | step 2605 epoch 2 loss 0.2238 step_s 0.0053 peak_mem_gb 1.205
2026-10-01 22:39:54,421 | DEBUG | step 2606 epoch 2 loss 0.2612 step_s 0.0053 peak_mem_gb 1.205
2026-10-01 22:39:54,427 | DEBUG | step 2607 epoch 2 loss 0.3031 step_s 0.0053 peak_mem_gb 1.205
2026-10-01 22:39:54,433 | DEBUG | step 2608 epoch 2 loss 0.2912 step_s 0.0057 peak_mem_gb 1.205
2026-10-01 22:39:54,439 | DEBUG | step 2609 epoch 2 loss 0.2631 step_s 0.0054 peak_mem_gb 1.205
2026-10-01 22:39:54,445 | DEBUG | step 2610 epoch 2 loss 0.3380 step_s 0.0054 peak_mem_gb 1.205
2026-10-01 22:39:54,452 | DEBUG | step 2611 epoch 2 loss 0.3862 step_s 0.0055 peak_mem_gb 1.205
2026-10-01 22:39:54,458 | DEBUG | step 2612 epoch 2 loss 0.3708 step_s 0.0053 peak_mem_gb 1.205
2026-10-01 22:39:54,464 | DEBUG | step 2613 epoch 2 loss 0.1693 step_s 0.0053 peak_mem_gb 1.205
2026-10-01 22:39:54,470 | DEBUG | step 2614 epoch 2 loss 0.2845 step_s 0.0054 peak_mem_gb 1.205
2026-10-01 22:39:54,476 | DEBUG | step 2615 epoch 2 loss 0.4352 step_s 0.0053 peak_mem_gb 1.205
2026-10-01 22:39:54,482 | DEBUG | step 2616 epoch 2 loss 0.1972 step_s 0.0053 peak_mem_gb 1.205
2026-10-01 22:39:54,488 | DEBUG | step 2617 epoch 2 loss 0.3025 step_s 0.0053 peak_mem_gb 1.205
2026-10-01 22:39:54,494 | DEBUG | step 2618 epoch 2 loss 0.1959 step_s 0.0053 peak_mem_gb 1.205
2026-10-01 22:39:54,500 | DEBUG | step 2619 epoch 2 loss 0.2698 step_s 0.0054 peak_mem_gb 1.205
2026-10-01 22:39:54,506 | DEBUG | step 2620 epoch 2 loss 0.3520 step_s 0.0053 peak_mem_gb 1.205
2026-10-01 22:39:54,512 | DEBUG | step 2621 epoch 2 loss 0.4585 step_s 0.0053 peak_mem_gb 1.205
2026-10-01 22:39:54,518 | DEBUG | step 2622 epoch 2 loss 0.2350 step_s 0.0053 peak_mem_gb 1.205
2026-10-01 22:39:54,524 | DEBUG | step 2623 epoch 2 loss 0.3468 step_s 0.0054 peak_mem_gb 1.205
2026-10-01 22:39:54,530 | DEBUG | step 2624 epoch 2 loss 0.2710 step_s 0.0054 peak_mem_gb 1.205
2026-10-01 22:39:54,536 | DEBUG | step 2625 epoch 2 loss 0.2336 step_s 0.0053 peak_mem_gb 1.205
2026-10-01 22:39:54,542 | DEBUG | step 2626 epoch 2 loss 0.4551 step_s 0.0053 peak_mem_gb 1.205
2026-10-01 22:39:54,548 | DEBUG | step 2627 epoch 2 loss 0.3997 step_s 0.0053 peak_mem_gb 1.205
2026-10-01 22:39:54,554 | DEBUG | step 2628 epoch 2 loss 0.3336 step_s 0.0053 peak_mem_gb 1.205
2026-10-01 22:39:54,560 | DEBUG | step 2629 epoch 2 loss 0.2808 step_s 0.0054 peak_mem_gb 1.205
2026-10-01 22:39:54,566 | DEBUG | step 2630 epoch 2 loss 0.2084 step_s 0.0053 peak_mem_gb 1.205
2026-10-01 22:39:54,572 | DEBUG | step 2631 epoch 2 loss 0.2950 step_s 0.0053 peak_mem_gb 1.205
2026-10-01 22:39:54,578 | DEBUG | step 2632 epoch 2 loss 0.2811 step_s 0.0053 peak_mem_gb 1.205
2026-10-01 22:39:54,584 | DEBUG | step 2633 epoch 2 loss 0.3493 step_s 0.0053 peak_mem_gb 1.205
2026-10-01 22:39:54,590 | DEBUG | step 2634 epoch 2 loss 0.3629 step_s 0.0053 peak_mem_gb 1.205
2026-10-01 22:39:54,596 | DEBUG | step 2635 epoch 2 loss 0.2200 step_s 0.0053 peak_mem_gb 1.205
2026-10-01 22:39:54,604 | DEBUG | step 2636 epoch 2 loss 0.2546 step_s 0.0054 peak_mem_gb 1.205
2026-10-01 22:39:54,610 | DEBUG | step 2637 epoch 2 loss 0.2501 step_s 0.0053 peak_mem_gb 1.205
2026-10-01 22:39:54,616 | DEBUG | step 2638 epoch 2 loss 0.3214 step_s 0.0054 peak_mem_gb 1.205
2026-10-01 22:39:54,622 | DEBUG | step 2639 epoch 2 loss 0.2460 step_s 0.0053 peak_mem_gb 1.205
2026-10-01 22:39:54,628 | DEBUG | step 2640 epoch 2 loss 0.2713 step_s 0.0054 peak_mem_gb 1.205
2026-10-01 22:39:54,634 | DEBUG | step 2641 epoch 2 loss 0.2146 step_s 0.0053 peak_mem_gb 1.205
2026-10-01 22:39:54,640 | DEBUG | step 2642 epoch 2 loss 0.3309 step_s 0.0054 peak_mem_gb 1.205
2026-10-01 22:39:54,646 | DEBUG | step 2643 epoch 2 loss 0.2154 step_s 0.0053 peak_mem_gb 1.205
2026-10-01 22:39:54,652 | DEBUG | step 2644 epoch 2 loss 0.4575 step_s 0.0054 peak_mem_gb 1.205
2026-10-01 22:39:54,658 | DEBUG | step 2645 epoch 2 loss 0.2816 step_s 0.0053 peak_mem_gb 1.205
2026-10-01 22:39:54,664 | DEBUG | step 2646 epoch 2 loss 0.2029 step_s 0.0053 peak_mem_gb 1.205
2026-10-01 22:39:54,670 | DEBUG | step 2647 epoch 2 loss 0.2743 step_s 0.0053 peak_mem_gb 1.205
2026-10-01 22:39:54,676 | DEBUG | step 2648 epoch 2 loss 0.4377 step_s 0.0053 peak_mem_gb 1.205
2026-10-01 22:39:54,682 | DEBUG | step 2649 epoch 2 loss 0.2074 step_s 0.0053 peak_mem_gb 1.205
2026-10-01 22:39:54,688 | DEBUG | step 2650 epoch 2 loss 0.3231 step_s 0.0053 peak_mem_gb 1.205
2026-10-01 22:39:54,694 | DEBUG | step 2651 epoch 2 loss 0.4682 step_s 0.0053 peak_mem_gb 1.205
2026-10-01 22:39:54,700 | DEBUG | step 2652 epoch 2 loss 0.2918 step_s 0.0053 peak_mem_gb 1.205
2026-10-01 22:39:54,706 | DEBUG | step 2653 epoch 2 loss 0.3214 step_s 0.0053 peak_mem_gb 1.205
2026-10-01 22:39:54,712 | DEBUG | step 2654 epoch 2 loss 0.3021 step_s 0.0053 peak_mem_gb 1.205
2026-10-01 22:39:54,718 | DEBUG | step 2655 epoch 2 loss 0.3398 step_s 0.0053 peak_mem_gb 1.205
2026-10-01 22:39:54,724 | DEBUG | step 2656 epoch 2 loss 0.1967 step_s 0.0053 peak_mem_gb 1.205
2026-10-01 22:39:54,730 | DEBUG | step 2657 epoch 2 loss 0.2420 step_s 0.0053 peak_mem_gb 1.205
2026-10-01 22:39:54,736 | DEBUG | step 2658 epoch 2 loss 0.3417 step_s 0.0054 peak_mem_gb 1.205
2026-10-01 22:39:54,742 | DEBUG | step 2659 epoch 2 loss 0.2045 step_s 0.0053 peak_mem_gb 1.205
2026-10-01 22:39:54,748 | DEBUG | step 2660 epoch 2 loss 0.3318 step_s 0.0054 peak_mem_gb 1.205
2026-10-01 22:39:54,754 | DEBUG | step 2661 epoch 2 loss 0.4050 step_s 0.0053 peak_mem_gb 1.205
2026-10-01 22:39:54,760 | DEBUG | step 2662 epoch 2 loss 0.3461 step_s 0.0053 peak_mem_gb 1.205
2026-10-01 22:39:54,766 | DEBUG | step 2663 epoch 2 loss 0.3609 step_s 0.0053 peak_mem_gb 1.205
2026-10-01 22:39:54,772 | DEBUG | step 2664 epoch 2 loss 0.2397 step_s 0.0054 peak_mem_gb 1.205
2026-10-01 22:39:54,778 | DEBUG | step 2665 epoch 2 loss 0.3051 step_s 0.0054 peak_mem_gb 1.205
2026-10-01 22:39:54,784 | DEBUG | step 2666 epoch 2 loss 0.3141 step_s 0.0053 peak_mem_gb 1.205
2026-10-01 22:39:54,790 | DEBUG | step 2667 epoch 2 loss 0.2616 step_s 0.0053 peak_mem_gb 1.205
2026-10-01 22:39:54,796 | DEBUG | step 2668 epoch 2 loss 0.1407 step_s 0.0054 peak_mem_gb 1.205
2026-10-01 22:39:54,802 | DEBUG | step 2669 epoch 2 loss 0.5742 step_s 0.0054 peak_mem_gb 1.205
2026-10-01 22:39:54,808 | DEBUG | step 2670 epoch 2 loss 0.3664 step_s 0.0053 peak_mem_gb 1.205
2026-10-01 22:39:54,815 | DEBUG | step 2671 epoch 2 loss 0.3617 step_s 0.0056 peak_mem_gb 1.205
2026-10-01 22:39:54,821 | DEBUG | step 2672 epoch 2 loss 0.3001 step_s 0.0053 peak_mem_gb 1.205
2026-10-01 22:39:54,827 | DEBUG | step 2673 epoch 2 loss 0.2910 step_s 0.0053 peak_mem_gb 1.205
2026-10-01 22:39:54,833 | DEBUG | step 2674 epoch 2 loss 0.2916 step_s 0.0053 peak_mem_gb 1.205
2026-10-01 22:39:54,839 | DEBUG | step 2675 epoch 2 loss 0.2837 step_s 0.0053 peak_mem_gb 1.205
2026-10-01 22:39:54,845 | DEBUG | step 2676 epoch 2 loss 0.3069 step_s 0.0053 peak_mem_gb 1.205
2026-10-01 22:39:54,851 | DEBUG | step 2677 epoch 2 loss 0.2887 step_s 0.0053 peak_mem_gb 1.205
2026-10-01 22:39:54,856 | DEBUG | step 2678 epoch 2 loss 0.4021 step_s 0.0053 peak_mem_gb 1.205
2026-10-01 22:39:54,862 | DEBUG | step 2679 epoch 2 loss 0.3063 step_s 0.0053 peak_mem_gb 1.205
2026-10-01 22:39:54,868 | DEBUG | step 2680 epoch 2 loss 0.2583 step_s 0.0053 peak_mem_gb 1.205
2026-10-01 22:39:54,874 | DEBUG | step 2681 epoch 2 loss 0.2372 step_s 0.0053 peak_mem_gb 1.205
2026-10-01 22:39:54,880 | DEBUG | step 2682 epoch 2 loss 0.2674 step_s 0.0053 peak_mem_gb 1.205
2026-10-01 22:39:54,886 | DEBUG | step 2683 epoch 2 loss 0.3607 step_s 0.0054 peak_mem_gb 1.205
2026-10-01 22:39:54,892 | DEBUG | step 2684 epoch 2 loss 0.3567 step_s 0.0054 peak_mem_gb 1.205
2026-10-01 22:39:54,898 | DEBUG | step 2685 epoch 2 loss 0.2803 step_s 0.0054 peak_mem_gb 1.205
2026-10-01 22:39:54,904 | DEBUG | step 2686 epoch 2 loss 0.2754 step_s 0.0053 peak_mem_gb 1.205
2026-10-01 22:39:54,910 | DEBUG | step 2687 epoch 2 loss 0.2593 step_s 0.0054 peak_mem_gb 1.205
2026-10-01 22:39:54,916 | DEBUG | step 2688 epoch 2 loss 0.1374 step_s 0.0053 peak_mem_gb 1.205
2026-10-01 22:39:54,922 | DEBUG | step 2689 epoch 2 loss 0.2020 step_s 0.0053 peak_mem_gb 1.205
2026-10-01 22:39:54,928 | DEBUG | step 2690 epoch 2 loss 0.1585 step_s 0.0053 peak_mem_gb 1.205
2026-10-01 22:39:54,934 | DEBUG | step 2691 epoch 2 loss 0.2799 step_s 0.0053 peak_mem_gb 1.205
2026-10-01 22:39:54,940 | DEBUG | step 2692 epoch 2 loss 0.2847 step_s 0.0053 peak_mem_gb 1.205
2026-10-01 22:39:54,946 | DEBUG | step 2693 epoch 2 loss 0.2793 step_s 0.0053 peak_mem_gb 1.205
2026-10-01 22:39:54,952 | DEBUG | step 2694 epoch 2 loss 0.2978 step_s 0.0053 peak_mem_gb 1.205
2026-10-01 22:39:54,958 | DEBUG | step 2695 epoch 2 loss 0.3388 step_s 0.0053 peak_mem_gb 1.205
2026-10-01 22:39:54,964 | DEBUG | step 2696 epoch 2 loss 0.2891 step_s 0.0053 peak_mem_gb 1.205
2026-10-01 22:39:54,970 | DEBUG | step 2697 epoch 2 loss 0.2874 step_s 0.0053 peak_mem_gb 1.205
2026-10-01 22:39:54,976 | DEBUG | step 2698 epoch 2 loss 0.3519 step_s 0.0053 peak_mem_gb 1.205
2026-10-01 22:39:54,982 | DEBUG | step 2699 epoch 2 loss 0.4350 step_s 0.0054 peak_mem_gb 1.205
2026-10-01 22:39:54,988 | DEBUG | step 2700 epoch 2 loss 0.3819 step_s 0.0053 peak_mem_gb 1.205
2026-10-01 22:39:54,994 | DEBUG | step 2701 epoch 2 loss 0.2371 step_s 0.0054 peak_mem_gb 1.205
2026-10-01 22:39:55,000 | DEBUG | step 2702 epoch 2 loss 0.5520 step_s 0.0053 peak_mem_gb 1.205
2026-10-01 22:39:55,006 | DEBUG | step 2703 epoch 2 loss 0.3212 step_s 0.0054 peak_mem_gb 1.205
2026-10-01 22:39:55,012 | DEBUG | step 2704 epoch 2 loss 0.4099 step_s 0.0053 peak_mem_gb 1.205
2026-10-01 22:39:55,018 | DEBUG | step 2705 epoch 2 loss 0.3352 step_s 0.0054 peak_mem_gb 1.205
2026-10-01 22:39:55,024 | DEBUG | step 2706 epoch 2 loss 0.3276 step_s 0.0054 peak_mem_gb 1.205
2026-10-01 22:39:55,030 | DEBUG | step 2707 epoch 2 loss 0.6039 step_s 0.0053 peak_mem_gb 1.205
2026-10-01 22:39:55,036 | DEBUG | step 2708 epoch 2 loss 0.2368 step_s 0.0054 peak_mem_gb 1.205
2026-10-01 22:39:55,042 | DEBUG | step 2709 epoch 2 loss 0.3473 step_s 0.0053 peak_mem_gb 1.205
2026-10-01 22:39:55,048 | DEBUG | step 2710 epoch 2 loss 0.3902 step_s 0.0053 peak_mem_gb 1.205
2026-10-01 22:39:55,054 | DEBUG | step 2711 epoch 2 loss 0.3513 step_s 0.0053 peak_mem_gb 1.205
2026-10-01 22:39:55,060 | DEBUG | step 2712 epoch 2 loss 0.3811 step_s 0.0053 peak_mem_gb 1.205
2026-10-01 22:39:55,066 | DEBUG | step 2713 epoch 2 loss 0.3723 step_s 0.0054 peak_mem_gb 1.205
2026-10-01 22:39:55,072 | DEBUG | step 2714 epoch 2 loss 0.2618 step_s 0.0053 peak_mem_gb 1.205
2026-10-01 22:39:55,078 | DEBUG | step 2715 epoch 2 loss 0.3525 step_s 0.0053 peak_mem_gb 1.205
2026-10-01 22:39:55,084 | DEBUG | step 2716 epoch 2 loss 0.3470 step_s 0.0053 peak_mem_gb 1.205
2026-10-01 22:39:55,090 | DEBUG | step 2717 epoch 2 loss 0.4105 step_s 0.0054 peak_mem_gb 1.205
2026-10-01 22:39:55,096 | DEBUG | step 2718 epoch 2 loss 0.4257 step_s 0.0054 peak_mem_gb 1.205
2026-10-01 22:39:55,102 | DEBUG | step 2719 epoch 2 loss 0.2924 step_s 0.0053 peak_mem_gb 1.205
2026-10-01 22:39:55,108 | DEBUG | step 2720 epoch 2 loss 0.3603 step_s 0.0054 peak_mem_gb 1.205
2026-10-01 22:39:55,114 | DEBUG | step 2721 epoch 2 loss 0.3433 step_s 0.0053 peak_mem_gb 1.205
2026-10-01 22:39:55,120 | DEBUG | step 2722 epoch 2 loss 0.3484 step_s 0.0053 peak_mem_gb 1.205
2026-10-01 22:39:55,126 | DEBUG | step 2723 epoch 2 loss 0.2845 step_s 0.0053 peak_mem_gb 1.205
2026-10-01 22:39:55,132 | DEBUG | step 2724 epoch 2 loss 0.3499 step_s 0.0053 peak_mem_gb 1.205
2026-10-01 22:39:55,138 | DEBUG | step 2725 epoch 2 loss 0.3015 step_s 0.0053 peak_mem_gb 1.205
2026-10-01 22:39:55,144 | DEBUG | step 2726 epoch 2 loss 0.3412 step_s 0.0053 peak_mem_gb 1.205
2026-10-01 22:39:55,150 | DEBUG | step 2727 epoch 2 loss 0.2018 step_s 0.0054 peak_mem_gb 1.205
2026-10-01 22:39:55,156 | DEBUG | step 2728 epoch 2 loss 0.3336 step_s 0.0053 peak_mem_gb 1.205
2026-10-01 22:39:55,162 | DEBUG | step 2729 epoch 2 loss 0.3351 step_s 0.0053 peak_mem_gb 1.205
2026-10-01 22:39:55,168 | DEBUG | step 2730 epoch 2 loss 0.2917 step_s 0.0054 peak_mem_gb 1.205
2026-10-01 22:39:55,174 | DEBUG | step 2731 epoch 2 loss 0.3369 step_s 0.0054 peak_mem_gb 1.205
2026-10-01 22:39:55,180 | DEBUG | step 2732 epoch 2 loss 0.3839 step_s 0.0053 peak_mem_gb 1.205
2026-10-01 22:39:55,186 | DEBUG | step 2733 epoch 2 loss 0.1661 step_s 0.0054 peak_mem_gb 1.205
2026-10-01 22:39:55,192 | DEBUG | step 2734 epoch 2 loss 0.2561 step_s 0.0053 peak_mem_gb 1.205
2026-10-01 22:39:55,198 | DEBUG | step 2735 epoch 2 loss 0.3691 step_s 0.0053 peak_mem_gb 1.205
2026-10-01 22:39:55,204 | DEBUG | step 2736 epoch 2 loss 0.2133 step_s 0.0052 peak_mem_gb 1.205
2026-10-01 22:39:55,210 | DEBUG | step 2737 epoch 2 loss 0.2414 step_s 0.0053 peak_mem_gb 1.205
2026-10-01 22:39:55,216 | DEBUG | step 2738 epoch 2 loss 0.1812 step_s 0.0053 peak_mem_gb 1.205
2026-10-01 22:39:55,222 | DEBUG | step 2739 epoch 2 loss 0.2340 step_s 0.0053 peak_mem_gb 1.205
2026-10-01 22:39:55,228 | DEBUG | step 2740 epoch 2 loss 0.2621 step_s 0.0054 peak_mem_gb 1.205
2026-10-01 22:39:55,234 | DEBUG | step 2741 epoch 2 loss 0.3306 step_s 0.0053 peak_mem_gb 1.205
2026-10-01 22:39:55,240 | DEBUG | step 2742 epoch 2 loss 0.2452 step_s 0.0053 peak_mem_gb 1.205
2026-10-01 22:39:55,246 | DEBUG | step 2743 epoch 2 loss 0.2611 step_s 0.0054 peak_mem_gb 1.205
2026-10-01 22:39:55,252 | DEBUG | step 2744 epoch 2 loss 0.3910 step_s 0.0054 peak_mem_gb 1.205
2026-10-01 22:39:55,258 | DEBUG | step 2745 epoch 2 loss 0.2732 step_s 0.0053 peak_mem_gb 1.205
2026-10-01 22:39:55,264 | DEBUG | step 2746 epoch 2 loss 0.3962 step_s 0.0053 peak_mem_gb 1.205
2026-10-01 22:39:55,270 | DEBUG | step 2747 epoch 2 loss 0.3160 step_s 0.0053 peak_mem_gb 1.205
2026-10-01 22:39:55,276 | DEBUG | step 2748 epoch 2 loss 0.3138 step_s 0.0054 peak_mem_gb 1.205
2026-10-01 22:39:55,282 | DEBUG | step 2749 epoch 2 loss 0.2242 step_s 0.0054 peak_mem_gb 1.205
2026-10-01 22:39:55,288 | DEBUG | step 2750 epoch 2 loss 0.2982 step_s 0.0053 peak_mem_gb 1.205
2026-10-01 22:39:55,294 | DEBUG | step 2751 epoch 2 loss 0.1536 step_s 0.0053 peak_mem_gb 1.205
2026-10-01 22:39:55,300 | DEBUG | step 2752 epoch 2 loss 0.3384 step_s 0.0054 peak_mem_gb 1.205
2026-10-01 22:39:55,306 | DEBUG | step 2753 epoch 2 loss 0.3712 step_s 0.0054 peak_mem_gb 1.205
2026-10-01 22:39:55,312 | DEBUG | step 2754 epoch 2 loss 0.3031 step_s 0.0053 peak_mem_gb 1.205
2026-10-01 22:39:55,318 | DEBUG | step 2755 epoch 2 loss 0.2672 step_s 0.0053 peak_mem_gb 1.205
2026-10-01 22:39:55,324 | DEBUG | step 2756 epoch 2 loss 0.2938 step_s 0.0054 peak_mem_gb 1.205
2026-10-01 22:39:55,330 | DEBUG | step 2757 epoch 2 loss 0.2235 step_s 0.0053 peak_mem_gb 1.205
2026-10-01 22:39:55,336 | DEBUG | step 2758 epoch 2 loss 0.1498 step_s 0.0053 peak_mem_gb 1.205
2026-10-01 22:39:55,342 | DEBUG | step 2759 epoch 2 loss 0.3080 step_s 0.0054 peak_mem_gb 1.205
2026-10-01 22:39:55,348 | DEBUG | step 2760 epoch 2 loss 0.3127 step_s 0.0053 peak_mem_gb 1.205
2026-10-01 22:39:55,354 | DEBUG | step 2761 epoch 2 loss 0.4004 step_s 0.0053 peak_mem_gb 1.205
2026-10-01 22:39:55,360 | DEBUG | step 2762 epoch 2 loss 0.3812 step_s 0.0053 peak_mem_gb 1.205
2026-10-01 22:39:55,366 | DEBUG | step 2763 epoch 2 loss 0.5700 step_s 0.0053 peak_mem_gb 1.205
2026-10-01 22:39:55,372 | DEBUG | step 2764 epoch 2 loss 0.2398 step_s 0.0053 peak_mem_gb 1.205
2026-10-01 22:39:55,378 | DEBUG | step 2765 epoch 2 loss 0.3056 step_s 0.0054 peak_mem_gb 1.205
2026-10-01 22:39:55,384 | DEBUG | step 2766 epoch 2 loss 0.4099 step_s 0.0054 peak_mem_gb 1.205
2026-10-01 22:39:55,390 | DEBUG | step 2767 epoch 2 loss 0.3495 step_s 0.0054 peak_mem_gb 1.205
2026-10-01 22:39:55,396 | DEBUG | step 2768 epoch 2 loss 0.2264 step_s 0.0053 peak_mem_gb 1.205
2026-10-01 22:39:55,402 | DEBUG | step 2769 epoch 2 loss 0.2347 step_s 0.0054 peak_mem_gb 1.205
2026-10-01 22:39:55,408 | DEBUG | step 2770 epoch 2 loss 0.2279 step_s 0.0053 peak_mem_gb 1.205
2026-10-01 22:39:55,414 | DEBUG | step 2771 epoch 2 loss 0.2324 step_s 0.0053 peak_mem_gb 1.205
2026-10-01 22:39:55,420 | DEBUG | step 2772 epoch 2 loss 0.2935 step_s 0.0053 peak_mem_gb 1.205
2026-10-01 22:39:55,426 | DEBUG | step 2773 epoch 2 loss 0.2876 step_s 0.0053 peak_mem_gb 1.205
2026-10-01 22:39:55,432 | DEBUG | step 2774 epoch 2 loss 0.2175 step_s 0.0054 peak_mem_gb 1.205
2026-10-01 22:39:55,439 | DEBUG | step 2775 epoch 2 loss 0.4035 step_s 0.0057 peak_mem_gb 1.205
2026-10-01 22:39:55,445 | DEBUG | step 2776 epoch 2 loss 0.3025 step_s 0.0054 peak_mem_gb 1.205
2026-10-01 22:39:55,452 | DEBUG | step 2777 epoch 2 loss 0.3203 step_s 0.0062 peak_mem_gb 1.205
2026-10-01 22:39:55,458 | DEBUG | step 2778 epoch 2 loss 0.2736 step_s 0.0055 peak_mem_gb 1.205
2026-10-01 22:39:55,464 | DEBUG | step 2779 epoch 2 loss 0.2081 step_s 0.0053 peak_mem_gb 1.205
2026-10-01 22:39:55,471 | DEBUG | step 2780 epoch 2 loss 0.2818 step_s 0.0054 peak_mem_gb 1.205
2026-10-01 22:39:55,477 | DEBUG | step 2781 epoch 2 loss 0.3995 step_s 0.0054 peak_mem_gb 1.205
2026-10-01 22:39:55,483 | DEBUG | step 2782 epoch 2 loss 0.4187 step_s 0.0054 peak_mem_gb 1.205
2026-10-01 22:39:55,489 | DEBUG | step 2783 epoch 2 loss 0.3315 step_s 0.0053 peak_mem_gb 1.205
2026-10-01 22:39:55,495 | DEBUG | step 2784 epoch 2 loss 0.2387 step_s 0.0053 peak_mem_gb 1.205
2026-10-01 22:39:55,501 | DEBUG | step 2785 epoch 2 loss 0.3946 step_s 0.0053 peak_mem_gb 1.205
2026-10-01 22:39:55,507 | DEBUG | step 2786 epoch 2 loss 0.3468 step_s 0.0053 peak_mem_gb 1.205
2026-10-01 22:39:55,513 | DEBUG | step 2787 epoch 2 loss 0.1611 step_s 0.0053 peak_mem_gb 1.205
2026-10-01 22:39:55,519 | DEBUG | step 2788 epoch 2 loss 0.2238 step_s 0.0054 peak_mem_gb 1.205
2026-10-01 22:39:55,525 | DEBUG | step 2789 epoch 2 loss 0.1134 step_s 0.0053 peak_mem_gb 1.205
2026-10-01 22:39:55,531 | DEBUG | step 2790 epoch 2 loss 0.2835 step_s 0.0054 peak_mem_gb 1.205
2026-10-01 22:39:55,537 | DEBUG | step 2791 epoch 2 loss 0.2512 step_s 0.0054 peak_mem_gb 1.205
2026-10-01 22:39:55,543 | DEBUG | step 2792 epoch 2 loss 0.3798 step_s 0.0053 peak_mem_gb 1.205
2026-10-01 22:39:55,549 | DEBUG | step 2793 epoch 2 loss 0.1780 step_s 0.0053 peak_mem_gb 1.205
2026-10-01 22:39:55,555 | DEBUG | step 2794 epoch 2 loss 0.2949 step_s 0.0054 peak_mem_gb 1.205
2026-10-01 22:39:55,561 | DEBUG | step 2795 epoch 2 loss 0.3150 step_s 0.0054 peak_mem_gb 1.205
2026-10-01 22:39:55,567 | DEBUG | step 2796 epoch 2 loss 0.2309 step_s 0.0053 peak_mem_gb 1.205
2026-10-01 22:39:55,573 | DEBUG | step 2797 epoch 2 loss 0.2985 step_s 0.0053 peak_mem_gb 1.205
2026-10-01 22:39:55,579 | DEBUG | step 2798 epoch 2 loss 0.2180 step_s 0.0053 peak_mem_gb 1.205
2026-10-01 22:39:55,585 | DEBUG | step 2799 epoch 2 loss 0.3341 step_s 0.0054 peak_mem_gb 1.205
2026-10-01 22:39:55,591 | INFO | step 2800 epoch 2 loss 0.3769 step_s 0.0053 peak_mem_gb 1.205
2026-10-01 22:39:55,598 | DEBUG | step 2801 epoch 2 loss 0.2079 step_s 0.0056 peak_mem_gb 1.205
2026-10-01 22:39:55,604 | DEBUG | step 2802 epoch 2 loss 0.2564 step_s 0.0054 peak_mem_gb 1.205
2026-10-01 22:39:55,611 | DEBUG | step 2803 epoch 2 loss 0.2643 step_s 0.0054 peak_mem_gb 1.205
2026-10-01 22:39:55,617 | DEBUG | step 2804 epoch 2 loss 0.2010 step_s 0.0054 peak_mem_gb 1.205
2026-10-01 22:39:55,625 | DEBUG | step 2805 epoch 2 loss 0.3507 step_s 0.0054 peak_mem_gb 1.205
2026-10-01 22:39:55,631 | DEBUG | step 2806 epoch 2 loss 0.2446 step_s 0.0053 peak_mem_gb 1.205
2026-10-01 22:39:55,637 | DEBUG | step 2807 epoch 2 loss 0.4079 step_s 0.0053 peak_mem_gb 1.205
2026-10-01 22:39:55,643 | DEBUG | step 2808 epoch 2 loss 0.2109 step_s 0.0054 peak_mem_gb 1.205
2026-10-01 22:39:55,649 | DEBUG | step 2809 epoch 2 loss 0.2731 step_s 0.0054 peak_mem_gb 1.205
2026-10-01 22:39:55,655 | DEBUG | step 2810 epoch 2 loss 0.2214 step_s 0.0054 peak_mem_gb 1.205
2026-10-01 22:39:55,661 | DEBUG | step 2811 epoch 2 loss 0.1928 step_s 0.0053 peak_mem_gb 1.205
2026-10-01 22:39:55,667 | DEBUG | step 2812 epoch 2 loss 0.2616 step_s 0.0054 peak_mem_gb 1.205
2026-10-01 22:39:55,673 | DEBUG | step 2813 epoch 2 loss 0.2037 step_s 0.0053 peak_mem_gb 1.205
2026-10-01 22:39:55,679 | DEBUG | step 2814 epoch 2 loss 0.2078 step_s 0.0054 peak_mem_gb 1.205
2026-10-01 22:39:55,685 | DEBUG | step 2815 epoch 2 loss 0.3696 step_s 0.0053 peak_mem_gb 1.205
2026-10-01 22:39:55,691 | DEBUG | step 2816 epoch 2 loss 0.3207 step_s 0.0053 peak_mem_gb 1.205
2026-10-01 22:39:55,697 | DEBUG | step 2817 epoch 2 loss 0.2290 step_s 0.0053 peak_mem_gb 1.205
2026-10-01 22:39:55,703 | DEBUG | step 2818 epoch 2 loss 0.1853 step_s 0.0053 peak_mem_gb 1.205
2026-10-01 22:39:55,709 | DEBUG | step 2819 epoch 2 loss 0.2679 step_s 0.0053 peak_mem_gb 1.205
2026-10-01 22:39:55,715 | DEBUG | step 2820 epoch 2 loss 0.2043 step_s 0.0054 peak_mem_gb 1.205
2026-10-01 22:39:55,721 | DEBUG | step 2821 epoch 2 loss 0.3466 step_s 0.0053 peak_mem_gb 1.205
2026-10-01 22:39:55,727 | DEBUG | step 2822 epoch 2 loss 0.3770 step_s 0.0053 peak_mem_gb 1.205
2026-10-01 22:39:55,733 | DEBUG | step 2823 epoch 2 loss 0.2395 step_s 0.0053 peak_mem_gb 1.205
2026-10-01 22:39:55,738 | DEBUG | step 2824 epoch 2 loss 0.2908 step_s 0.0053 peak_mem_gb 1.205
2026-10-01 22:39:55,744 | DEBUG | step 2825 epoch 2 loss 0.2814 step_s 0.0053 peak_mem_gb 1.205
2026-10-01 22:39:55,750 | DEBUG | step 2826 epoch 2 loss 0.2743 step_s 0.0053 peak_mem_gb 1.205
2026-10-01 22:39:55,756 | DEBUG | step 2827 epoch 2 loss 0.3308 step_s 0.0053 peak_mem_gb 1.205
2026-10-01 22:39:55,763 | DEBUG | step 2828 epoch 2 loss 0.1484 step_s 0.0054 peak_mem_gb 1.205
2026-10-01 22:39:55,769 | DEBUG | step 2829 epoch 2 loss 0.2716 step_s 0.0053 peak_mem_gb 1.205
2026-10-01 22:39:55,775 | DEBUG | step 2830 epoch 2 loss 0.4838 step_s 0.0053 peak_mem_gb 1.205
2026-10-01 22:39:55,781 | DEBUG | step 2831 epoch 2 loss 0.3149 step_s 0.0053 peak_mem_gb 1.205
2026-10-01 22:39:55,787 | DEBUG | step 2832 epoch 2 loss 0.2910 step_s 0.0054 peak_mem_gb 1.205
2026-10-01 22:39:55,793 | DEBUG | step 2833 epoch 2 loss 0.3749 step_s 0.0053 peak_mem_gb 1.205
2026-10-01 22:39:55,799 | DEBUG | step 2834 epoch 2 loss 0.2979 step_s 0.0053 peak_mem_gb 1.205
2026-10-01 22:39:55,805 | DEBUG | step 2835 epoch 2 loss 0.2983 step_s 0.0058 peak_mem_gb 1.205
2026-10-01 22:39:55,811 | DEBUG | step 2836 epoch 2 loss 0.2926 step_s 0.0054 peak_mem_gb 1.205
2026-10-01 22:39:55,818 | DEBUG | step 2837 epoch 2 loss 0.2623 step_s 0.0055 peak_mem_gb 1.205
2026-10-01 22:39:55,824 | DEBUG | step 2838 epoch 2 loss 0.2559 step_s 0.0057 peak_mem_gb 1.205
2026-10-01 22:39:55,831 | DEBUG | step 2839 epoch 2 loss 0.2181 step_s 0.0060 peak_mem_gb 1.205
2026-10-01 22:39:55,838 | DEBUG | step 2840 epoch 2 loss 0.3030 step_s 0.0062 peak_mem_gb 1.205
2026-10-01 22:39:55,845 | DEBUG | step 2841 epoch 2 loss 0.2915 step_s 0.0059 peak_mem_gb 1.205
2026-10-01 22:39:55,852 | DEBUG | step 2842 epoch 2 loss 0.2914 step_s 0.0055 peak_mem_gb 1.205
2026-10-01 22:39:55,858 | DEBUG | step 2843 epoch 2 loss 0.2695 step_s 0.0056 peak_mem_gb 1.205
2026-10-01 22:39:55,865 | DEBUG | step 2844 epoch 2 loss 0.4962 step_s 0.0054 peak_mem_gb 1.205
2026-10-01 22:39:55,871 | DEBUG | step 2845 epoch 2 loss 0.3312 step_s 0.0055 peak_mem_gb 1.205
2026-10-01 22:39:55,877 | DEBUG | step 2846 epoch 2 loss 0.3702 step_s 0.0056 peak_mem_gb 1.205
2026-10-01 22:39:55,884 | DEBUG | step 2847 epoch 2 loss 0.2632 step_s 0.0059 peak_mem_gb 1.205
2026-10-01 22:39:55,891 | DEBUG | step 2848 epoch 2 loss 0.2996 step_s 0.0058 peak_mem_gb 1.205
2026-10-01 22:39:55,898 | DEBUG | step 2849 epoch 2 loss 0.2234 step_s 0.0058 peak_mem_gb 1.205
2026-10-01 22:39:55,905 | DEBUG | step 2850 epoch 2 loss 0.3508 step_s 0.0057 peak_mem_gb 1.205
2026-10-01 22:39:55,912 | DEBUG | step 2851 epoch 2 loss 0.2765 step_s 0.0064 peak_mem_gb 1.205
2026-10-01 22:39:55,920 | DEBUG | step 2852 epoch 2 loss 0.3038 step_s 0.0065 peak_mem_gb 1.205
2026-10-01 22:39:55,927 | DEBUG | step 2853 epoch 2 loss 0.4144 step_s 0.0057 peak_mem_gb 1.205
2026-10-01 22:39:55,933 | DEBUG | step 2854 epoch 2 loss 0.4530 step_s 0.0056 peak_mem_gb 1.205
2026-10-01 22:39:55,939 | DEBUG | step 2855 epoch 2 loss 0.3202 step_s 0.0055 peak_mem_gb 1.205
2026-10-01 22:39:55,945 | DEBUG | step 2856 epoch 2 loss 0.3991 step_s 0.0053 peak_mem_gb 1.205
2026-10-01 22:39:55,952 | DEBUG | step 2857 epoch 2 loss 0.4525 step_s 0.0053 peak_mem_gb 1.205
2026-10-01 22:39:55,958 | DEBUG | step 2858 epoch 2 loss 0.3446 step_s 0.0055 peak_mem_gb 1.205
2026-10-01 22:39:55,964 | DEBUG | step 2859 epoch 2 loss 0.2251 step_s 0.0055 peak_mem_gb 1.205
2026-10-01 22:39:55,971 | DEBUG | step 2860 epoch 2 loss 0.2803 step_s 0.0056 peak_mem_gb 1.205
2026-10-01 22:39:55,977 | DEBUG | step 2861 epoch 2 loss 0.2792 step_s 0.0055 peak_mem_gb 1.205
2026-10-01 22:39:55,983 | DEBUG | step 2862 epoch 2 loss 0.3557 step_s 0.0055 peak_mem_gb 1.205
2026-10-01 22:39:55,990 | DEBUG | step 2863 epoch 2 loss 0.2722 step_s 0.0053 peak_mem_gb 1.205
2026-10-01 22:39:55,996 | DEBUG | step 2864 epoch 2 loss 0.3634 step_s 0.0054 peak_mem_gb 1.205
2026-10-01 22:39:56,002 | DEBUG | step 2865 epoch 2 loss 0.2366 step_s 0.0053 peak_mem_gb 1.205
2026-10-01 22:39:56,008 | DEBUG | step 2866 epoch 2 loss 0.2783 step_s 0.0054 peak_mem_gb 1.205
2026-10-01 22:39:56,014 | DEBUG | step 2867 epoch 2 loss 0.3424 step_s 0.0053 peak_mem_gb 1.205
2026-10-01 22:39:56,020 | DEBUG | step 2868 epoch 2 loss 0.3137 step_s 0.0054 peak_mem_gb 1.205
2026-10-01 22:39:56,026 | DEBUG | step 2869 epoch 2 loss 0.3861 step_s 0.0054 peak_mem_gb 1.205
2026-10-01 22:39:56,032 | DEBUG | step 2870 epoch 2 loss 0.3490 step_s 0.0054 peak_mem_gb 1.205
2026-10-01 22:39:56,038 | DEBUG | step 2871 epoch 2 loss 0.2798 step_s 0.0053 peak_mem_gb 1.205
2026-10-01 22:39:56,044 | DEBUG | step 2872 epoch 2 loss 0.2183 step_s 0.0053 peak_mem_gb 1.205
2026-10-01 22:39:56,051 | DEBUG | step 2873 epoch 2 loss 0.2848 step_s 0.0053 peak_mem_gb 1.205
2026-10-01 22:39:56,057 | DEBUG | step 2874 epoch 2 loss 0.2648 step_s 0.0053 peak_mem_gb 1.205
2026-10-01 22:39:56,063 | DEBUG | step 2875 epoch 2 loss 0.5863 step_s 0.0054 peak_mem_gb 1.205
2026-10-01 22:39:56,069 | DEBUG | step 2876 epoch 2 loss 0.2133 step_s 0.0054 peak_mem_gb 1.205
2026-10-01 22:39:56,075 | DEBUG | step 2877 epoch 2 loss 0.1918 step_s 0.0054 peak_mem_gb 1.205
2026-10-01 22:39:56,081 | DEBUG | step 2878 epoch 2 loss 0.1354 step_s 0.0053 peak_mem_gb 1.205
2026-10-01 22:39:56,087 | DEBUG | step 2879 epoch 2 loss 0.2493 step_s 0.0053 peak_mem_gb 1.205
2026-10-01 22:39:56,093 | DEBUG | step 2880 epoch 2 loss 0.2944 step_s 0.0053 peak_mem_gb 1.205
2026-10-01 22:39:56,099 | DEBUG | step 2881 epoch 2 loss 0.1589 step_s 0.0054 peak_mem_gb 1.205
2026-10-01 22:39:56,106 | DEBUG | step 2882 epoch 2 loss 0.4046 step_s 0.0053 peak_mem_gb 1.205
2026-10-01 22:39:56,112 | DEBUG | step 2883 epoch 2 loss 0.3741 step_s 0.0054 peak_mem_gb 1.205
2026-10-01 22:39:56,118 | DEBUG | step 2884 epoch 2 loss 0.2259 step_s 0.0055 peak_mem_gb 1.205
2026-10-01 22:39:56,124 | DEBUG | step 2885 epoch 2 loss 0.3749 step_s 0.0054 peak_mem_gb 1.205
2026-10-01 22:39:56,130 | DEBUG | step 2886 epoch 2 loss 0.3389 step_s 0.0054 peak_mem_gb 1.205
2026-10-01 22:39:56,136 | DEBUG | step 2887 epoch 2 loss 0.2209 step_s 0.0054 peak_mem_gb 1.205
2026-10-01 22:39:56,142 | DEBUG | step 2888 epoch 2 loss 0.2326 step_s 0.0053 peak_mem_gb 1.205
2026-10-01 22:39:56,148 | DEBUG | step 2889 epoch 2 loss 0.3019 step_s 0.0054 peak_mem_gb 1.205
2026-10-01 22:39:56,154 | DEBUG | step 2890 epoch 2 loss 0.2149 step_s 0.0053 peak_mem_gb 1.205
2026-10-01 22:39:56,160 | DEBUG | step 2891 epoch 2 loss 0.3036 step_s 0.0053 peak_mem_gb 1.205
2026-10-01 22:39:56,166 | DEBUG | step 2892 epoch 2 loss 0.2578 step_s 0.0054 peak_mem_gb 1.205
2026-10-01 22:39:56,172 | DEBUG | step 2893 epoch 2 loss 0.3165 step_s 0.0053 peak_mem_gb 1.205
2026-10-01 22:39:56,178 | DEBUG | step 2894 epoch 2 loss 0.2838 step_s 0.0053 peak_mem_gb 1.205
2026-10-01 22:39:56,184 | DEBUG | step 2895 epoch 2 loss 0.2560 step_s 0.0053 peak_mem_gb 1.205
2026-10-01 22:39:56,190 | DEBUG | step 2896 epoch 2 loss 0.2178 step_s 0.0053 peak_mem_gb 1.205
2026-10-01 22:39:56,196 | DEBUG | step 2897 epoch 2 loss 0.2588 step_s 0.0053 peak_mem_gb 1.205
2026-10-01 22:39:56,203 | DEBUG | step 2898 epoch 2 loss 0.3305 step_s 0.0054 peak_mem_gb 1.205
2026-10-01 22:39:56,209 | DEBUG | step 2899 epoch 2 loss 0.3417 step_s 0.0053 peak_mem_gb 1.205
2026-10-01 22:39:56,215 | DEBUG | step 2900 epoch 2 loss 0.3110 step_s 0.0053 peak_mem_gb 1.205
2026-10-01 22:39:56,221 | DEBUG | step 2901 epoch 2 loss 0.2379 step_s 0.0054 peak_mem_gb 1.205
2026-10-01 22:39:56,227 | DEBUG | step 2902 epoch 2 loss 0.3049 step_s 0.0054 peak_mem_gb 1.205
2026-10-01 22:39:56,232 | DEBUG | step 2903 epoch 2 loss 0.3041 step_s 0.0053 peak_mem_gb 1.205
2026-10-01 22:39:56,238 | DEBUG | step 2904 epoch 2 loss 0.2402 step_s 0.0053 peak_mem_gb 1.205
2026-10-01 22:39:56,244 | DEBUG | step 2905 epoch 2 loss 0.2270 step_s 0.0053 peak_mem_gb 1.205
2026-10-01 22:39:56,250 | DEBUG | step 2906 epoch 2 loss 0.1808 step_s 0.0054 peak_mem_gb 1.205
2026-10-01 22:39:56,256 | DEBUG | step 2907 epoch 2 loss 0.3825 step_s 0.0054 peak_mem_gb 1.205
2026-10-01 22:39:56,262 | DEBUG | step 2908 epoch 2 loss 0.3754 step_s 0.0053 peak_mem_gb 1.205
2026-10-01 22:39:56,268 | DEBUG | step 2909 epoch 2 loss 0.2603 step_s 0.0053 peak_mem_gb 1.205
2026-10-01 22:39:56,274 | DEBUG | step 2910 epoch 2 loss 0.4478 step_s 0.0053 peak_mem_gb 1.205
2026-10-01 22:39:56,280 | DEBUG | step 2911 epoch 2 loss 0.2605 step_s 0.0053 peak_mem_gb 1.205
2026-10-01 22:39:56,286 | DEBUG | step 2912 epoch 2 loss 0.3025 step_s 0.0053 peak_mem_gb 1.205
2026-10-01 22:39:56,292 | DEBUG | step 2913 epoch 2 loss 0.3531 step_s 0.0053 peak_mem_gb 1.205
2026-10-01 22:39:56,298 | DEBUG | step 2914 epoch 2 loss 0.5003 step_s 0.0054 peak_mem_gb 1.205
2026-10-01 22:39:56,304 | DEBUG | step 2915 epoch 2 loss 0.4696 step_s 0.0053 peak_mem_gb 1.205
2026-10-01 22:39:56,310 | DEBUG | step 2916 epoch 2 loss 0.3321 step_s 0.0054 peak_mem_gb 1.205
2026-10-01 22:39:56,316 | DEBUG | step 2917 epoch 2 loss 0.3481 step_s 0.0053 peak_mem_gb 1.205
2026-10-01 22:39:56,322 | DEBUG | step 2918 epoch 2 loss 0.4108 step_s 0.0054 peak_mem_gb 1.205
2026-10-01 22:39:56,328 | DEBUG | step 2919 epoch 2 loss 0.2668 step_s 0.0053 peak_mem_gb 1.205
2026-10-01 22:39:56,334 | DEBUG | step 2920 epoch 2 loss 0.4332 step_s 0.0053 peak_mem_gb 1.205
2026-10-01 22:39:56,340 | DEBUG | step 2921 epoch 2 loss 0.3087 step_s 0.0054 peak_mem_gb 1.205
2026-10-01 22:39:56,346 | DEBUG | step 2922 epoch 2 loss 0.2818 step_s 0.0053 peak_mem_gb 1.205
2026-10-01 22:39:56,352 | DEBUG | step 2923 epoch 2 loss 0.4148 step_s 0.0054 peak_mem_gb 1.205
2026-10-01 22:39:56,358 | DEBUG | step 2924 epoch 2 loss 0.3094 step_s 0.0053 peak_mem_gb 1.205
2026-10-01 22:39:56,364 | DEBUG | step 2925 epoch 2 loss 0.2738 step_s 0.0053 peak_mem_gb 1.205
2026-10-01 22:39:56,370 | DEBUG | step 2926 epoch 2 loss 0.3096 step_s 0.0053 peak_mem_gb 1.205
2026-10-01 22:39:56,376 | DEBUG | step 2927 epoch 2 loss 0.2795 step_s 0.0054 peak_mem_gb 1.205
2026-10-01 22:39:56,382 | DEBUG | step 2928 epoch 2 loss 0.2952 step_s 0.0053 peak_mem_gb 1.205
2026-10-01 22:39:56,388 | DEBUG | step 2929 epoch 2 loss 0.4746 step_s 0.0054 peak_mem_gb 1.205
2026-10-01 22:39:56,394 | DEBUG | step 2930 epoch 2 loss 0.1700 step_s 0.0053 peak_mem_gb 1.205
2026-10-01 22:39:56,400 | DEBUG | step 2931 epoch 2 loss 0.2129 step_s 0.0053 peak_mem_gb 1.205
2026-10-01 22:39:56,406 | DEBUG | step 2932 epoch 2 loss 0.2525 step_s 0.0053 peak_mem_gb 1.205
2026-10-01 22:39:56,412 | DEBUG | step 2933 epoch 2 loss 0.2258 step_s 0.0053 peak_mem_gb 1.205
2026-10-01 22:39:56,418 | DEBUG | step 2934 epoch 2 loss 0.2470 step_s 0.0053 peak_mem_gb 1.205
2026-10-01 22:39:56,424 | DEBUG | step 2935 epoch 2 loss 0.3037 step_s 0.0054 peak_mem_gb 1.205
2026-10-01 22:39:56,430 | DEBUG | step 2936 epoch 2 loss 0.2508 step_s 0.0053 peak_mem_gb 1.205
2026-10-01 22:39:56,436 | DEBUG | step 2937 epoch 2 loss 0.3478 step_s 0.0054 peak_mem_gb 1.205
2026-10-01 22:39:56,442 | DEBUG | step 2938 epoch 2 loss 0.2817 step_s 0.0053 peak_mem_gb 1.205
2026-10-01 22:39:56,448 | DEBUG | step 2939 epoch 2 loss 0.3277 step_s 0.0053 peak_mem_gb 1.205
2026-10-01 22:39:56,454 | DEBUG | step 2940 epoch 2 loss 0.3823 step_s 0.0053 peak_mem_gb 1.205
2026-10-01 22:39:56,460 | DEBUG | step 2941 epoch 2 loss 0.2534 step_s 0.0053 peak_mem_gb 1.205
2026-10-01 22:39:56,466 | DEBUG | step 2942 epoch 2 loss 0.2698 step_s 0.0057 peak_mem_gb 1.205
2026-10-01 22:39:56,472 | DEBUG | step 2943 epoch 2 loss 0.1708 step_s 0.0053 peak_mem_gb 1.205
2026-10-01 22:39:56,479 | DEBUG | step 2944 epoch 2 loss 0.3059 step_s 0.0054 peak_mem_gb 1.205
2026-10-01 22:39:56,485 | DEBUG | step 2945 epoch 2 loss 0.1634 step_s 0.0053 peak_mem_gb 1.205
2026-10-01 22:39:56,491 | DEBUG | step 2946 epoch 2 loss 0.3746 step_s 0.0053 peak_mem_gb 1.205
2026-10-01 22:39:56,497 | DEBUG | step 2947 epoch 2 loss 0.3331 step_s 0.0054 peak_mem_gb 1.205
2026-10-01 22:39:56,503 | DEBUG | step 2948 epoch 2 loss 0.2816 step_s 0.0054 peak_mem_gb 1.205
2026-10-01 22:39:56,508 | DEBUG | step 2949 epoch 2 loss 0.1734 step_s 0.0053 peak_mem_gb 1.205
2026-10-01 22:39:56,514 | DEBUG | step 2950 epoch 2 loss 0.5108 step_s 0.0053 peak_mem_gb 1.205
2026-10-01 22:39:56,520 | DEBUG | step 2951 epoch 2 loss 0.3231 step_s 0.0053 peak_mem_gb 1.205
2026-10-01 22:39:56,526 | DEBUG | step 2952 epoch 2 loss 0.2537 step_s 0.0053 peak_mem_gb 1.205
2026-10-01 22:39:56,533 | DEBUG | step 2953 epoch 2 loss 0.5019 step_s 0.0054 peak_mem_gb 1.205
2026-10-01 22:39:56,539 | DEBUG | step 2954 epoch 2 loss 0.2140 step_s 0.0053 peak_mem_gb 1.205
2026-10-01 22:39:56,545 | DEBUG | step 2955 epoch 2 loss 0.2169 step_s 0.0054 peak_mem_gb 1.205
2026-10-01 22:39:56,551 | DEBUG | step 2956 epoch 2 loss 0.3003 step_s 0.0053 peak_mem_gb 1.205
2026-10-01 22:39:56,557 | DEBUG | step 2957 epoch 2 loss 0.2799 step_s 0.0054 peak_mem_gb 1.205
2026-10-01 22:39:56,563 | DEBUG | step 2958 epoch 2 loss 0.2741 step_s 0.0054 peak_mem_gb 1.205
2026-10-01 22:39:56,569 | DEBUG | step 2959 epoch 2 loss 0.2545 step_s 0.0054 peak_mem_gb 1.205
2026-10-01 22:39:56,575 | DEBUG | step 2960 epoch 2 loss 0.3177 step_s 0.0053 peak_mem_gb 1.205
2026-10-01 22:39:56,581 | DEBUG | step 2961 epoch 2 loss 0.2828 step_s 0.0053 peak_mem_gb 1.205
2026-10-01 22:39:56,587 | DEBUG | step 2962 epoch 2 loss 0.2422 step_s 0.0053 peak_mem_gb 1.205
2026-10-01 22:39:56,593 | DEBUG | step 2963 epoch 2 loss 0.4587 step_s 0.0053 peak_mem_gb 1.205
2026-10-01 22:39:56,599 | DEBUG | step 2964 epoch 2 loss 0.2274 step_s 0.0053 peak_mem_gb 1.205
2026-10-01 22:39:56,605 | DEBUG | step 2965 epoch 2 loss 0.1625 step_s 0.0054 peak_mem_gb 1.205
2026-10-01 22:39:56,611 | DEBUG | step 2966 epoch 2 loss 0.2744 step_s 0.0053 peak_mem_gb 1.205
2026-10-01 22:39:56,617 | DEBUG | step 2967 epoch 2 loss 0.3076 step_s 0.0054 peak_mem_gb 1.205
2026-10-01 22:39:56,623 | DEBUG | step 2968 epoch 2 loss 0.3800 step_s 0.0053 peak_mem_gb 1.205
2026-10-01 22:39:56,629 | DEBUG | step 2969 epoch 2 loss 0.3027 step_s 0.0054 peak_mem_gb 1.205
2026-10-01 22:39:56,635 | DEBUG | step 2970 epoch 2 loss 0.2803 step_s 0.0053 peak_mem_gb 1.205
2026-10-01 22:39:56,641 | DEBUG | step 2971 epoch 2 loss 0.2559 step_s 0.0053 peak_mem_gb 1.205
2026-10-01 22:39:56,647 | DEBUG | step 2972 epoch 2 loss 0.2873 step_s 0.0053 peak_mem_gb 1.205
2026-10-01 22:39:56,653 | DEBUG | step 2973 epoch 2 loss 0.1898 step_s 0.0053 peak_mem_gb 1.205
2026-10-01 22:39:56,659 | DEBUG | step 2974 epoch 2 loss 0.0887 step_s 0.0054 peak_mem_gb 1.205
2026-10-01 22:39:56,665 | DEBUG | step 2975 epoch 2 loss 0.2007 step_s 0.0053 peak_mem_gb 1.205
2026-10-01 22:39:56,672 | DEBUG | step 2976 epoch 2 loss 0.1929 step_s 0.0053 peak_mem_gb 1.205
2026-10-01 22:39:56,678 | DEBUG | step 2977 epoch 2 loss 0.2678 step_s 0.0054 peak_mem_gb 1.205
2026-10-01 22:39:56,684 | DEBUG | step 2978 epoch 2 loss 0.2699 step_s 0.0054 peak_mem_gb 1.205
2026-10-01 22:39:56,690 | DEBUG | step 2979 epoch 2 loss 0.3697 step_s 0.0053 peak_mem_gb 1.205
2026-10-01 22:39:56,696 | DEBUG | step 2980 epoch 2 loss 0.3478 step_s 0.0053 peak_mem_gb 1.205
2026-10-01 22:39:56,702 | DEBUG | step 2981 epoch 2 loss 0.3582 step_s 0.0053 peak_mem_gb 1.205
2026-10-01 22:39:56,708 | DEBUG | step 2982 epoch 2 loss 0.3544 step_s 0.0053 peak_mem_gb 1.205
2026-10-01 22:39:56,714 | DEBUG | step 2983 epoch 2 loss 0.2833 step_s 0.0053 peak_mem_gb 1.205
2026-10-01 22:39:56,720 | DEBUG | step 2984 epoch 2 loss 0.3035 step_s 0.0054 peak_mem_gb 1.205
2026-10-01 22:39:56,726 | DEBUG | step 2985 epoch 2 loss 0.1699 step_s 0.0053 peak_mem_gb 1.205
2026-10-01 22:39:56,732 | DEBUG | step 2986 epoch 2 loss 0.2021 step_s 0.0054 peak_mem_gb 1.205
2026-10-01 22:39:56,738 | DEBUG | step 2987 epoch 2 loss 0.2378 step_s 0.0053 peak_mem_gb 1.205
2026-10-01 22:39:56,744 | DEBUG | step 2988 epoch 2 loss 0.2674 step_s 0.0053 peak_mem_gb 1.205
2026-10-01 22:39:56,750 | DEBUG | step 2989 epoch 2 loss 0.3884 step_s 0.0053 peak_mem_gb 1.205
2026-10-01 22:39:56,756 | DEBUG | step 2990 epoch 2 loss 0.3213 step_s 0.0053 peak_mem_gb 1.205
2026-10-01 22:39:56,762 | DEBUG | step 2991 epoch 2 loss 0.2119 step_s 0.0053 peak_mem_gb 1.205
2026-10-01 22:39:56,768 | DEBUG | step 2992 epoch 2 loss 0.3438 step_s 0.0053 peak_mem_gb 1.205
2026-10-01 22:39:56,774 | DEBUG | step 2993 epoch 2 loss 0.1924 step_s 0.0053 peak_mem_gb 1.205
2026-10-01 22:39:56,780 | DEBUG | step 2994 epoch 2 loss 0.2419 step_s 0.0053 peak_mem_gb 1.205
2026-10-01 22:39:56,786 | DEBUG | step 2995 epoch 2 loss 0.3120 step_s 0.0054 peak_mem_gb 1.205
2026-10-01 22:39:56,792 | DEBUG | step 2996 epoch 2 loss 0.3290 step_s 0.0053 peak_mem_gb 1.205
2026-10-01 22:39:56,798 | DEBUG | step 2997 epoch 2 loss 0.2317 step_s 0.0054 peak_mem_gb 1.205
2026-10-01 22:39:56,804 | DEBUG | step 2998 epoch 2 loss 0.2462 step_s 0.0054 peak_mem_gb 1.205
2026-10-01 22:39:56,810 | DEBUG | step 2999 epoch 2 loss 0.3127 step_s 0.0053 peak_mem_gb 1.205
2026-10-01 22:39:56,817 | INFO | step 3000 epoch 2 loss 0.2708 step_s 0.0059 peak_mem_gb 1.205
2026-10-01 22:39:56,824 | DEBUG | step 3001 epoch 2 loss 0.2398 step_s 0.0055 peak_mem_gb 1.205
2026-10-01 22:39:56,831 | DEBUG | step 3002 epoch 2 loss 0.2159 step_s 0.0057 peak_mem_gb 1.205
2026-10-01 22:39:56,837 | DEBUG | step 3003 epoch 2 loss 0.3937 step_s 0.0054 peak_mem_gb 1.205
2026-10-01 22:39:56,843 | DEBUG | step 3004 epoch 2 loss 0.3893 step_s 0.0054 peak_mem_gb 1.205
2026-10-01 22:39:56,849 | DEBUG | step 3005 epoch 2 loss 0.2050 step_s 0.0054 peak_mem_gb 1.205
2026-10-01 22:39:56,855 | DEBUG | step 3006 epoch 2 loss 0.2809 step_s 0.0054 peak_mem_gb 1.205
2026-10-01 22:39:56,861 | DEBUG | step 3007 epoch 2 loss 0.2045 step_s 0.0053 peak_mem_gb 1.205
2026-10-01 22:39:56,867 | DEBUG | step 3008 epoch 2 loss 0.2821 step_s 0.0054 peak_mem_gb 1.205
2026-10-01 22:39:56,873 | DEBUG | step 3009 epoch 2 loss 0.2651 step_s 0.0053 peak_mem_gb 1.205
2026-10-01 22:39:56,879 | DEBUG | step 3010 epoch 2 loss 0.1636 step_s 0.0054 peak_mem_gb 1.205
2026-10-01 22:39:56,886 | DEBUG | step 3011 epoch 2 loss 0.3804 step_s 0.0054 peak_mem_gb 1.205
2026-10-01 22:39:56,892 | DEBUG | step 3012 epoch 2 loss 0.3083 step_s 0.0054 peak_mem_gb 1.205
2026-10-01 22:39:56,898 | DEBUG | step 3013 epoch 2 loss 0.2543 step_s 0.0054 peak_mem_gb 1.205
2026-10-01 22:39:56,905 | DEBUG | step 3014 epoch 2 loss 0.2863 step_s 0.0063 peak_mem_gb 1.205
2026-10-01 22:39:56,911 | DEBUG | step 3015 epoch 2 loss 0.3725 step_s 0.0055 peak_mem_gb 1.205
2026-10-01 22:39:56,918 | DEBUG | step 3016 epoch 2 loss 0.3660 step_s 0.0054 peak_mem_gb 1.205
2026-10-01 22:39:56,924 | DEBUG | step 3017 epoch 2 loss 0.4267 step_s 0.0053 peak_mem_gb 1.205
2026-10-01 22:39:56,930 | DEBUG | step 3018 epoch 2 loss 0.3103 step_s 0.0054 peak_mem_gb 1.205
2026-10-01 22:39:56,936 | DEBUG | step 3019 epoch 2 loss 0.3237 step_s 0.0054 peak_mem_gb 1.205
2026-10-01 22:39:56,942 | DEBUG | step 3020 epoch 2 loss 0.5036 step_s 0.0054 peak_mem_gb 1.205
2026-10-01 22:39:56,949 | DEBUG | step 3021 epoch 2 loss 0.4014 step_s 0.0060 peak_mem_gb 1.205
2026-10-01 22:39:56,955 | DEBUG | step 3022 epoch 2 loss 0.3995 step_s 0.0054 peak_mem_gb 1.205
2026-10-01 22:39:56,961 | DEBUG | step 3023 epoch 2 loss 0.3469 step_s 0.0054 peak_mem_gb 1.205
2026-10-01 22:39:56,967 | DEBUG | step 3024 epoch 2 loss 0.2896 step_s 0.0054 peak_mem_gb 1.205
2026-10-01 22:39:56,973 | DEBUG | step 3025 epoch 2 loss 0.3925 step_s 0.0053 peak_mem_gb 1.205
2026-10-01 22:39:56,979 | DEBUG | step 3026 epoch 2 loss 0.4043 step_s 0.0054 peak_mem_gb 1.205
2026-10-01 22:39:56,985 | DEBUG | step 3027 epoch 2 loss 0.4201 step_s 0.0054 peak_mem_gb 1.205
2026-10-01 22:39:56,991 | DEBUG | step 3028 epoch 2 loss 0.3732 step_s 0.0054 peak_mem_gb 1.205
2026-10-01 22:39:56,997 | DEBUG | step 3029 epoch 2 loss 0.3179 step_s 0.0054 peak_mem_gb 1.205
2026-10-01 22:39:57,003 | DEBUG | step 3030 epoch 2 loss 0.3403 step_s 0.0054 peak_mem_gb 1.205
2026-10-01 22:39:57,009 | DEBUG | step 3031 epoch 2 loss 0.4203 step_s 0.0054 peak_mem_gb 1.205
2026-10-01 22:39:57,015 | DEBUG | step 3032 epoch 2 loss 0.3550 step_s 0.0054 peak_mem_gb 1.205
2026-10-01 22:39:57,021 | DEBUG | step 3033 epoch 2 loss 0.2731 step_s 0.0054 peak_mem_gb 1.205
2026-10-01 22:39:57,028 | DEBUG | step 3034 epoch 2 loss 0.2530 step_s 0.0053 peak_mem_gb 1.205
2026-10-01 22:39:57,033 | DEBUG | step 3035 epoch 2 loss 0.2972 step_s 0.0053 peak_mem_gb 1.205
2026-10-01 22:39:57,040 | DEBUG | step 3036 epoch 2 loss 0.3632 step_s 0.0054 peak_mem_gb 1.205
2026-10-01 22:39:57,046 | DEBUG | step 3037 epoch 2 loss 0.2935 step_s 0.0054 peak_mem_gb 1.205
2026-10-01 22:39:57,052 | DEBUG | step 3038 epoch 2 loss 0.3572 step_s 0.0054 peak_mem_gb 1.205
2026-10-01 22:39:57,058 | DEBUG | step 3039 epoch 2 loss 0.3951 step_s 0.0054 peak_mem_gb 1.205
2026-10-01 22:39:57,064 | DEBUG | step 3040 epoch 2 loss 0.3538 step_s 0.0053 peak_mem_gb 1.205
2026-10-01 22:39:57,070 | DEBUG | step 3041 epoch 2 loss 0.2679 step_s 0.0054 peak_mem_gb 1.205
2026-10-01 22:39:57,076 | DEBUG | step 3042 epoch 2 loss 0.3234 step_s 0.0053 peak_mem_gb 1.205
2026-10-01 22:39:57,082 | DEBUG | step 3043 epoch 2 loss 0.2565 step_s 0.0053 peak_mem_gb 1.205
2026-10-01 22:39:57,088 | DEBUG | step 3044 epoch 2 loss 0.3693 step_s 0.0054 peak_mem_gb 1.205
2026-10-01 22:39:57,094 | DEBUG | step 3045 epoch 2 loss 0.4277 step_s 0.0053 peak_mem_gb 1.205
2026-10-01 22:39:57,100 | DEBUG | step 3046 epoch 2 loss 0.2778 step_s 0.0054 peak_mem_gb 1.205
2026-10-01 22:39:57,106 | DEBUG | step 3047 epoch 2 loss 0.3070 step_s 0.0053 peak_mem_gb 1.205
2026-10-01 22:39:57,112 | DEBUG | step 3048 epoch 2 loss 0.2811 step_s 0.0054 peak_mem_gb 1.205
2026-10-01 22:39:57,118 | DEBUG | step 3049 epoch 2 loss 0.2092 step_s 0.0053 peak_mem_gb 1.205
2026-10-01 22:39:57,124 | DEBUG | step 3050 epoch 2 loss 0.2750 step_s 0.0053 peak_mem_gb 1.205
2026-10-01 22:39:57,130 | DEBUG | step 3051 epoch 2 loss 0.2426 step_s 0.0053 peak_mem_gb 1.205
2026-10-01 22:39:57,136 | DEBUG | step 3052 epoch 2 loss 0.1355 step_s 0.0054 peak_mem_gb 1.205
2026-10-01 22:39:57,142 | DEBUG | step 3053 epoch 2 loss 0.3555 step_s 0.0053 peak_mem_gb 1.205
2026-10-01 22:39:57,148 | DEBUG | step 3054 epoch 2 loss 0.2296 step_s 0.0053 peak_mem_gb 1.205
2026-10-01 22:39:57,154 | DEBUG | step 3055 epoch 2 loss 0.2225 step_s 0.0054 peak_mem_gb 1.205
2026-10-01 22:39:57,160 | DEBUG | step 3056 epoch 2 loss 0.2666 step_s 0.0053 peak_mem_gb 1.205
2026-10-01 22:39:57,166 | DEBUG | step 3057 epoch 2 loss 0.3482 step_s 0.0054 peak_mem_gb 1.205
2026-10-01 22:39:57,172 | DEBUG | step 3058 epoch 2 loss 0.3180 step_s 0.0054 peak_mem_gb 1.205
2026-10-01 22:39:57,178 | DEBUG | step 3059 epoch 2 loss 0.2683 step_s 0.0054 peak_mem_gb 1.205
2026-10-01 22:39:57,184 | DEBUG | step 3060 epoch 2 loss 0.3951 step_s 0.0053 peak_mem_gb 1.205
2026-10-01 22:39:57,190 | DEBUG | step 3061 epoch 2 loss 0.3856 step_s 0.0054 peak_mem_gb 1.205
2026-10-01 22:39:57,196 | DEBUG | step 3062 epoch 2 loss 0.1995 step_s 0.0054 peak_mem_gb 1.205
2026-10-01 22:39:57,202 | DEBUG | step 3063 epoch 2 loss 0.2109 step_s 0.0054 peak_mem_gb 1.205
2026-10-01 22:39:57,208 | DEBUG | step 3064 epoch 2 loss 0.2108 step_s 0.0053 peak_mem_gb 1.205
2026-10-01 22:39:57,214 | DEBUG | step 3065 epoch 2 loss 0.2899 step_s 0.0053 peak_mem_gb 1.205
2026-10-01 22:39:57,221 | DEBUG | step 3066 epoch 2 loss 0.2733 step_s 0.0054 peak_mem_gb 1.205
2026-10-01 22:39:57,227 | DEBUG | step 3067 epoch 2 loss 0.3594 step_s 0.0054 peak_mem_gb 1.205
2026-10-01 22:39:57,233 | DEBUG | step 3068 epoch 2 loss 0.2842 step_s 0.0054 peak_mem_gb 1.205
2026-10-01 22:39:57,239 | DEBUG | step 3069 epoch 2 loss 0.2644 step_s 0.0054 peak_mem_gb 1.205
2026-10-01 22:39:57,244 | DEBUG | step 3070 epoch 2 loss 0.2983 step_s 0.0053 peak_mem_gb 1.205
2026-10-01 22:39:57,250 | DEBUG | step 3071 epoch 2 loss 0.2167 step_s 0.0053 peak_mem_gb 1.205
2026-10-01 22:39:57,256 | DEBUG | step 3072 epoch 2 loss 0.1838 step_s 0.0053 peak_mem_gb 1.205
2026-10-01 22:39:57,262 | DEBUG | step 3073 epoch 2 loss 0.3090 step_s 0.0053 peak_mem_gb 1.205
2026-10-01 22:39:57,268 | DEBUG | step 3074 epoch 2 loss 0.2060 step_s 0.0053 peak_mem_gb 1.205
2026-10-01 22:39:57,274 | DEBUG | step 3075 epoch 2 loss 0.2952 step_s 0.0053 peak_mem_gb 1.205
2026-10-01 22:39:57,280 | DEBUG | step 3076 epoch 2 loss 0.1961 step_s 0.0054 peak_mem_gb 1.205
2026-10-01 22:39:57,286 | DEBUG | step 3077 epoch 2 loss 0.5365 step_s 0.0054 peak_mem_gb 1.205
2026-10-01 22:39:57,292 | DEBUG | step 3078 epoch 2 loss 0.3301 step_s 0.0054 peak_mem_gb 1.205
2026-10-01 22:39:57,298 | DEBUG | step 3079 epoch 2 loss 0.4656 step_s 0.0053 peak_mem_gb 1.205
2026-10-01 22:39:57,304 | DEBUG | step 3080 epoch 2 loss 0.3147 step_s 0.0054 peak_mem_gb 1.205
2026-10-01 22:39:57,310 | DEBUG | step 3081 epoch 2 loss 0.2868 step_s 0.0053 peak_mem_gb 1.205
2026-10-01 22:39:57,316 | DEBUG | step 3082 epoch 2 loss 0.3147 step_s 0.0054 peak_mem_gb 1.205
2026-10-01 22:39:57,322 | DEBUG | step 3083 epoch 2 loss 0.2039 step_s 0.0054 peak_mem_gb 1.205
2026-10-01 22:39:57,328 | DEBUG | step 3084 epoch 2 loss 0.4395 step_s 0.0053 peak_mem_gb 1.205
2026-10-01 22:39:57,334 | DEBUG | step 3085 epoch 2 loss 0.3729 step_s 0.0054 peak_mem_gb 1.205
2026-10-01 22:39:57,341 | DEBUG | step 3086 epoch 2 loss 0.3218 step_s 0.0056 peak_mem_gb 1.205
2026-10-01 22:39:57,346 | DEBUG | step 3087 epoch 2 loss 0.2868 step_s 0.0053 peak_mem_gb 1.205
2026-10-01 22:39:57,352 | DEBUG | step 3088 epoch 2 loss 0.2477 step_s 0.0053 peak_mem_gb 1.205
2026-10-01 22:39:57,359 | DEBUG | step 3089 epoch 2 loss 0.2351 step_s 0.0053 peak_mem_gb 1.205
2026-10-01 22:39:57,364 | DEBUG | step 3090 epoch 2 loss 0.2658 step_s 0.0053 peak_mem_gb 1.205
2026-10-01 22:39:57,370 | DEBUG | step 3091 epoch 2 loss 0.2566 step_s 0.0053 peak_mem_gb 1.205
2026-10-01 22:39:57,376 | DEBUG | step 3092 epoch 2 loss 0.2302 step_s 0.0053 peak_mem_gb 1.205
2026-10-01 22:39:57,382 | DEBUG | step 3093 epoch 2 loss 0.2120 step_s 0.0053 peak_mem_gb 1.205
2026-10-01 22:39:57,388 | DEBUG | step 3094 epoch 2 loss 0.2994 step_s 0.0053 peak_mem_gb 1.205
2026-10-01 22:39:57,394 | DEBUG | step 3095 epoch 2 loss 0.2303 step_s 0.0053 peak_mem_gb 1.205
2026-10-01 22:39:57,400 | DEBUG | step 3096 epoch 2 loss 0.2583 step_s 0.0054 peak_mem_gb 1.205
2026-10-01 22:39:57,406 | DEBUG | step 3097 epoch 2 loss 0.2793 step_s 0.0053 peak_mem_gb 1.205
2026-10-01 22:39:57,412 | DEBUG | step 3098 epoch 2 loss 0.3035 step_s 0.0053 peak_mem_gb 1.205
2026-10-01 22:39:57,418 | DEBUG | step 3099 epoch 2 loss 0.2864 step_s 0.0054 peak_mem_gb 1.205
2026-10-01 22:39:57,424 | DEBUG | step 3100 epoch 2 loss 0.2428 step_s 0.0053 peak_mem_gb 1.205
2026-10-01 22:39:57,430 | DEBUG | step 3101 epoch 2 loss 0.3615 step_s 0.0054 peak_mem_gb 1.205
2026-10-01 22:39:57,436 | DEBUG | step 3102 epoch 2 loss 0.2546 step_s 0.0054 peak_mem_gb 1.205
2026-10-01 22:39:57,442 | DEBUG | step 3103 epoch 2 loss 0.3728 step_s 0.0053 peak_mem_gb 1.205
2026-10-01 22:39:57,448 | DEBUG | step 3104 epoch 2 loss 0.3253 step_s 0.0053 peak_mem_gb 1.205
2026-10-01 22:39:57,455 | DEBUG | step 3105 epoch 2 loss 0.2455 step_s 0.0057 peak_mem_gb 1.205
2026-10-01 22:39:57,461 | DEBUG | step 3106 epoch 2 loss 0.2888 step_s 0.0054 peak_mem_gb 1.205
2026-10-01 22:39:57,468 | DEBUG | step 3107 epoch 2 loss 0.3730 step_s 0.0057 peak_mem_gb 1.205
2026-10-01 22:39:57,474 | DEBUG | step 3108 epoch 2 loss 0.4156 step_s 0.0055 peak_mem_gb 1.205
2026-10-01 22:39:57,480 | DEBUG | step 3109 epoch 2 loss 0.3089 step_s 0.0054 peak_mem_gb 1.205
2026-10-01 22:39:57,486 | DEBUG | step 3110 epoch 2 loss 0.1849 step_s 0.0054 peak_mem_gb 1.205
2026-10-01 22:39:57,492 | DEBUG | step 3111 epoch 2 loss 0.2846 step_s 0.0053 peak_mem_gb 1.205
2026-10-01 22:39:57,498 | DEBUG | step 3112 epoch 2 loss 0.2433 step_s 0.0054 peak_mem_gb 1.205
2026-10-01 22:39:57,505 | DEBUG | step 3113 epoch 2 loss 0.2743 step_s 0.0053 peak_mem_gb 1.205
2026-10-01 22:39:57,511 | DEBUG | step 3114 epoch 2 loss 0.2587 step_s 0.0053 peak_mem_gb 1.205
2026-10-01 22:39:57,517 | DEBUG | step 3115 epoch 2 loss 0.3039 step_s 0.0054 peak_mem_gb 1.205
2026-10-01 22:39:57,523 | DEBUG | step 3116 epoch 2 loss 0.2582 step_s 0.0053 peak_mem_gb 1.205
2026-10-01 22:39:57,529 | DEBUG | step 3117 epoch 2 loss 0.2688 step_s 0.0053 peak_mem_gb 1.205
2026-10-01 22:39:57,535 | DEBUG | step 3118 epoch 2 loss 0.3692 step_s 0.0054 peak_mem_gb 1.205
2026-10-01 22:39:57,541 | DEBUG | step 3119 epoch 2 loss 0.2648 step_s 0.0053 peak_mem_gb 1.205
2026-10-01 22:39:57,547 | DEBUG | step 3120 epoch 2 loss 0.2282 step_s 0.0054 peak_mem_gb 1.205
2026-10-01 22:39:57,553 | DEBUG | step 3121 epoch 2 loss 0.3243 step_s 0.0054 peak_mem_gb 1.205
2026-10-01 22:39:57,559 | DEBUG | step 3122 epoch 2 loss 0.3015 step_s 0.0054 peak_mem_gb 1.205
2026-10-01 22:39:57,565 | DEBUG | step 3123 epoch 2 loss 0.2962 step_s 0.0053 peak_mem_gb 1.205
2026-10-01 22:39:57,571 | DEBUG | step 3124 epoch 2 loss 0.3205 step_s 0.0053 peak_mem_gb 1.205
2026-10-01 22:39:57,577 | DEBUG | step 3125 epoch 2 loss 0.3071 step_s 0.0054 peak_mem_gb 1.205
2026-10-01 22:39:57,585 | DEBUG | step 3126 epoch 2 loss 0.1413 step_s 0.0043 peak_mem_gb 1.205
2026-10-01 22:39:58,011 | INFO | epoch 2/5 train_loss 0.3137 val_f1_macro 0.8863 val_accuracy 0.8863
2026-10-01 22:39:58,140 | INFO | new best val_f1_macro 0.8863 -> task2_sentiment/sneha/checkpoints/charcnn_best.pt
2026-10-01 22:39:58,151 | DEBUG | step 3127 epoch 3 loss 0.2529 step_s 0.0069 peak_mem_gb 1.205
2026-10-01 22:39:58,158 | DEBUG | step 3128 epoch 3 loss 0.2111 step_s 0.0059 peak_mem_gb 1.205
2026-10-01 22:39:58,165 | DEBUG | step 3129 epoch 3 loss 0.2032 step_s 0.0055 peak_mem_gb 1.205
2026-10-01 22:39:58,172 | DEBUG | step 3130 epoch 3 loss 0.1875 step_s 0.0056 peak_mem_gb 1.205
2026-10-01 22:39:58,179 | DEBUG | step 3131 epoch 3 loss 0.3574 step_s 0.0058 peak_mem_gb 1.205
2026-10-01 22:39:58,185 | DEBUG | step 3132 epoch 3 loss 0.2334 step_s 0.0056 peak_mem_gb 1.205
2026-10-01 22:39:58,192 | DEBUG | step 3133 epoch 3 loss 0.3156 step_s 0.0056 peak_mem_gb 1.205
2026-10-01 22:39:58,198 | DEBUG | step 3134 epoch 3 loss 0.2645 step_s 0.0055 peak_mem_gb 1.205
2026-10-01 22:39:58,204 | DEBUG | step 3135 epoch 3 loss 0.3605 step_s 0.0055 peak_mem_gb 1.205
2026-10-01 22:39:58,210 | DEBUG | step 3136 epoch 3 loss 0.2106 step_s 0.0056 peak_mem_gb 1.205
2026-10-01 22:39:58,217 | DEBUG | step 3137 epoch 3 loss 0.2330 step_s 0.0056 peak_mem_gb 1.205
2026-10-01 22:39:58,223 | DEBUG | step 3138 epoch 3 loss 0.2555 step_s 0.0055 peak_mem_gb 1.205
2026-10-01 22:39:58,229 | DEBUG | step 3139 epoch 3 loss 0.2320 step_s 0.0057 peak_mem_gb 1.205
2026-10-01 22:39:58,235 | DEBUG | step 3140 epoch 3 loss 0.2979 step_s 0.0056 peak_mem_gb 1.205
2026-10-01 22:39:58,242 | DEBUG | step 3141 epoch 3 loss 0.1631 step_s 0.0056 peak_mem_gb 1.205
2026-10-01 22:39:58,248 | DEBUG | step 3142 epoch 3 loss 0.2011 step_s 0.0056 peak_mem_gb 1.205
2026-10-01 22:39:58,255 | DEBUG | step 3143 epoch 3 loss 0.2068 step_s 0.0056 peak_mem_gb 1.205
2026-10-01 22:39:58,261 | DEBUG | step 3144 epoch 3 loss 0.2244 step_s 0.0055 peak_mem_gb 1.205
2026-10-01 22:39:58,267 | DEBUG | step 3145 epoch 3 loss 0.3149 step_s 0.0055 peak_mem_gb 1.205
2026-10-01 22:39:58,274 | DEBUG | step 3146 epoch 3 loss 0.1751 step_s 0.0057 peak_mem_gb 1.205
2026-10-01 22:39:58,280 | DEBUG | step 3147 epoch 3 loss 0.3321 step_s 0.0055 peak_mem_gb 1.205
2026-10-01 22:39:58,286 | DEBUG | step 3148 epoch 3 loss 0.1598 step_s 0.0056 peak_mem_gb 1.205
2026-10-01 22:39:58,292 | DEBUG | step 3149 epoch 3 loss 0.1283 step_s 0.0055 peak_mem_gb 1.205
2026-10-01 22:39:58,299 | DEBUG | step 3150 epoch 3 loss 0.1609 step_s 0.0058 peak_mem_gb 1.205
2026-10-01 22:39:58,305 | DEBUG | step 3151 epoch 3 loss 0.2309 step_s 0.0056 peak_mem_gb 1.205
2026-10-01 22:39:58,312 | DEBUG | step 3152 epoch 3 loss 0.2655 step_s 0.0069 peak_mem_gb 1.205
2026-10-01 22:39:58,319 | DEBUG | step 3153 epoch 3 loss 0.2814 step_s 0.0054 peak_mem_gb 1.205
2026-10-01 22:39:58,325 | DEBUG | step 3154 epoch 3 loss 0.2859 step_s 0.0054 peak_mem_gb 1.205
2026-10-01 22:39:58,331 | DEBUG | step 3155 epoch 3 loss 0.2549 step_s 0.0054 peak_mem_gb 1.205
2026-10-01 22:39:58,337 | DEBUG | step 3156 epoch 3 loss 0.2301 step_s 0.0055 peak_mem_gb 1.205
2026-10-01 22:39:58,344 | DEBUG | step 3157 epoch 3 loss 0.2008 step_s 0.0057 peak_mem_gb 1.205
2026-10-01 22:39:58,350 | DEBUG | step 3158 epoch 3 loss 0.3191 step_s 0.0057 peak_mem_gb 1.205
2026-10-01 22:39:58,356 | DEBUG | step 3159 epoch 3 loss 0.2647 step_s 0.0053 peak_mem_gb 1.205
2026-10-01 22:39:58,362 | DEBUG | step 3160 epoch 3 loss 0.2883 step_s 0.0054 peak_mem_gb 1.205
2026-10-01 22:39:58,368 | DEBUG | step 3161 epoch 3 loss 0.3159 step_s 0.0053 peak_mem_gb 1.205
2026-10-01 22:39:58,375 | DEBUG | step 3162 epoch 3 loss 0.2437 step_s 0.0054 peak_mem_gb 1.205
2026-10-01 22:39:58,380 | DEBUG | step 3163 epoch 3 loss 0.1734 step_s 0.0053 peak_mem_gb 1.205
2026-10-01 22:39:58,386 | DEBUG | step 3164 epoch 3 loss 0.1637 step_s 0.0053 peak_mem_gb 1.205
2026-10-01 22:39:58,392 | DEBUG | step 3165 epoch 3 loss 0.3377 step_s 0.0053 peak_mem_gb 1.205
2026-10-01 22:39:58,398 | DEBUG | step 3166 epoch 3 loss 0.2740 step_s 0.0053 peak_mem_gb 1.205
2026-10-01 22:39:58,404 | DEBUG | step 3167 epoch 3 loss 0.4064 step_s 0.0054 peak_mem_gb 1.205
2026-10-01 22:39:58,410 | DEBUG | step 3168 epoch 3 loss 0.2329 step_s 0.0053 peak_mem_gb 1.205
2026-10-01 22:39:58,417 | DEBUG | step 3169 epoch 3 loss 0.1721 step_s 0.0053 peak_mem_gb 1.205
2026-10-01 22:39:58,422 | DEBUG | step 3170 epoch 3 loss 0.2460 step_s 0.0053 peak_mem_gb 1.205
2026-10-01 22:39:58,428 | DEBUG | step 3171 epoch 3 loss 0.3234 step_s 0.0053 peak_mem_gb 1.205
2026-10-01 22:39:58,434 | DEBUG | step 3172 epoch 3 loss 0.2605 step_s 0.0054 peak_mem_gb 1.205
2026-10-01 22:39:58,440 | DEBUG | step 3173 epoch 3 loss 0.3193 step_s 0.0053 peak_mem_gb 1.205
2026-10-01 22:39:58,446 | DEBUG | step 3174 epoch 3 loss 0.2231 step_s 0.0053 peak_mem_gb 1.205
2026-10-01 22:39:58,452 | DEBUG | step 3175 epoch 3 loss 0.1841 step_s 0.0053 peak_mem_gb 1.205
2026-10-01 22:39:58,458 | DEBUG | step 3176 epoch 3 loss 0.1827 step_s 0.0053 peak_mem_gb 1.205
2026-10-01 22:39:58,464 | DEBUG | step 3177 epoch 3 loss 0.1379 step_s 0.0053 peak_mem_gb 1.205
2026-10-01 22:39:58,470 | DEBUG | step 3178 epoch 3 loss 0.2637 step_s 0.0053 peak_mem_gb 1.205
2026-10-01 22:39:58,476 | DEBUG | step 3179 epoch 3 loss 0.2392 step_s 0.0055 peak_mem_gb 1.205
2026-10-01 22:39:58,482 | DEBUG | step 3180 epoch 3 loss 0.4850 step_s 0.0053 peak_mem_gb 1.205
2026-10-01 22:39:58,488 | DEBUG | step 3181 epoch 3 loss 0.2897 step_s 0.0053 peak_mem_gb 1.205
2026-10-01 22:39:58,494 | DEBUG | step 3182 epoch 3 loss 0.1900 step_s 0.0054 peak_mem_gb 1.205
2026-10-01 22:39:58,500 | DEBUG | step 3183 epoch 3 loss 0.2877 step_s 0.0054 peak_mem_gb 1.205
2026-10-01 22:39:58,506 | DEBUG | step 3184 epoch 3 loss 0.2943 step_s 0.0054 peak_mem_gb 1.205
2026-10-01 22:39:58,513 | DEBUG | step 3185 epoch 3 loss 0.1625 step_s 0.0053 peak_mem_gb 1.205
2026-10-01 22:39:58,518 | DEBUG | step 3186 epoch 3 loss 0.1997 step_s 0.0053 peak_mem_gb 1.205
2026-10-01 22:39:58,524 | DEBUG | step 3187 epoch 3 loss 0.2313 step_s 0.0053 peak_mem_gb 1.205
2026-10-01 22:39:58,531 | DEBUG | step 3188 epoch 3 loss 0.2625 step_s 0.0053 peak_mem_gb 1.205
2026-10-01 22:39:58,537 | DEBUG | step 3189 epoch 3 loss 0.2467 step_s 0.0054 peak_mem_gb 1.205
2026-10-01 22:39:58,543 | DEBUG | step 3190 epoch 3 loss 0.2803 step_s 0.0053 peak_mem_gb 1.205
2026-10-01 22:39:58,549 | DEBUG | step 3191 epoch 3 loss 0.1633 step_s 0.0053 peak_mem_gb 1.205
2026-10-01 22:39:58,555 | DEBUG | step 3192 epoch 3 loss 0.2587 step_s 0.0054 peak_mem_gb 1.205
2026-10-01 22:39:58,561 | DEBUG | step 3193 epoch 3 loss 0.2438 step_s 0.0053 peak_mem_gb 1.205
2026-10-01 22:39:58,567 | DEBUG | step 3194 epoch 3 loss 0.3903 step_s 0.0053 peak_mem_gb 1.205
2026-10-01 22:39:58,573 | DEBUG | step 3195 epoch 3 loss 0.4475 step_s 0.0053 peak_mem_gb 1.205
2026-10-01 22:39:58,579 | DEBUG | step 3196 epoch 3 loss 0.1734 step_s 0.0053 peak_mem_gb 1.205
2026-10-01 22:39:58,585 | DEBUG | step 3197 epoch 3 loss 0.2374 step_s 0.0054 peak_mem_gb 1.205
2026-10-01 22:39:58,591 | DEBUG | step 3198 epoch 3 loss 0.4086 step_s 0.0053 peak_mem_gb 1.205
2026-10-01 22:39:58,597 | DEBUG | step 3199 epoch 3 loss 0.1770 step_s 0.0053 peak_mem_gb 1.205
2026-10-01 22:39:58,603 | INFO | step 3200 epoch 3 loss 0.3858 step_s 0.0054 peak_mem_gb 1.205
2026-10-01 22:39:58,610 | DEBUG | step 3201 epoch 3 loss 0.3655 step_s 0.0054 peak_mem_gb 1.205
2026-10-01 22:39:58,616 | DEBUG | step 3202 epoch 3 loss 0.2345 step_s 0.0053 peak_mem_gb 1.205
2026-10-01 22:39:58,622 | DEBUG | step 3203 epoch 3 loss 0.2399 step_s 0.0053 peak_mem_gb 1.205
2026-10-01 22:39:58,628 | DEBUG | step 3204 epoch 3 loss 0.2861 step_s 0.0053 peak_mem_gb 1.205
2026-10-01 22:39:58,634 | DEBUG | step 3205 epoch 3 loss 0.3263 step_s 0.0054 peak_mem_gb 1.205
2026-10-01 22:39:58,640 | DEBUG | step 3206 epoch 3 loss 0.3019 step_s 0.0053 peak_mem_gb 1.205
2026-10-01 22:39:58,646 | DEBUG | step 3207 epoch 3 loss 0.2790 step_s 0.0053 peak_mem_gb 1.205
2026-10-01 22:39:58,652 | DEBUG | step 3208 epoch 3 loss 0.2504 step_s 0.0054 peak_mem_gb 1.205
2026-10-01 22:39:58,659 | DEBUG | step 3209 epoch 3 loss 0.2650 step_s 0.0053 peak_mem_gb 1.205
2026-10-01 22:39:58,665 | DEBUG | step 3210 epoch 3 loss 0.2923 step_s 0.0054 peak_mem_gb 1.205
2026-10-01 22:39:58,671 | DEBUG | step 3211 epoch 3 loss 0.2001 step_s 0.0053 peak_mem_gb 1.205
2026-10-01 22:39:58,677 | DEBUG | step 3212 epoch 3 loss 0.2173 step_s 0.0053 peak_mem_gb 1.205
2026-10-01 22:39:58,683 | DEBUG | step 3213 epoch 3 loss 0.2777 step_s 0.0054 peak_mem_gb 1.205
2026-10-01 22:39:58,689 | DEBUG | step 3214 epoch 3 loss 0.2539 step_s 0.0053 peak_mem_gb 1.205
2026-10-01 22:39:58,695 | DEBUG | step 3215 epoch 3 loss 0.2764 step_s 0.0054 peak_mem_gb 1.205
2026-10-01 22:39:58,701 | DEBUG | step 3216 epoch 3 loss 0.2065 step_s 0.0053 peak_mem_gb 1.205
2026-10-01 22:39:58,707 | DEBUG | step 3217 epoch 3 loss 0.2073 step_s 0.0054 peak_mem_gb 1.205
2026-10-01 22:39:58,715 | DEBUG | step 3218 epoch 3 loss 0.2834 step_s 0.0055 peak_mem_gb 1.205
2026-10-01 22:39:58,721 | DEBUG | step 3219 epoch 3 loss 0.3213 step_s 0.0053 peak_mem_gb 1.205
2026-10-01 22:39:58,727 | DEBUG | step 3220 epoch 3 loss 0.2704 step_s 0.0053 peak_mem_gb 1.205
2026-10-01 22:39:58,733 | DEBUG | step 3221 epoch 3 loss 0.2728 step_s 0.0053 peak_mem_gb 1.205
2026-10-01 22:39:58,739 | DEBUG | step 3222 epoch 3 loss 0.2777 step_s 0.0053 peak_mem_gb 1.205
2026-10-01 22:39:58,745 | DEBUG | step 3223 epoch 3 loss 0.2448 step_s 0.0053 peak_mem_gb 1.205
2026-10-01 22:39:58,751 | DEBUG | step 3224 epoch 3 loss 0.2242 step_s 0.0053 peak_mem_gb 1.205
2026-10-01 22:39:58,757 | DEBUG | step 3225 epoch 3 loss 0.2167 step_s 0.0053 peak_mem_gb 1.205
2026-10-01 22:39:58,763 | DEBUG | step 3226 epoch 3 loss 0.2278 step_s 0.0053 peak_mem_gb 1.205
2026-10-01 22:39:58,769 | DEBUG | step 3227 epoch 3 loss 0.3693 step_s 0.0054 peak_mem_gb 1.205
2026-10-01 22:39:58,775 | DEBUG | step 3228 epoch 3 loss 0.1538 step_s 0.0053 peak_mem_gb 1.205
2026-10-01 22:39:58,781 | DEBUG | step 3229 epoch 3 loss 0.1927 step_s 0.0054 peak_mem_gb 1.205
2026-10-01 22:39:58,787 | DEBUG | step 3230 epoch 3 loss 0.3076 step_s 0.0054 peak_mem_gb 1.205
2026-10-01 22:39:58,793 | DEBUG | step 3231 epoch 3 loss 0.1214 step_s 0.0054 peak_mem_gb 1.205
2026-10-01 22:39:58,799 | DEBUG | step 3232 epoch 3 loss 0.2944 step_s 0.0053 peak_mem_gb 1.205
2026-10-01 22:39:58,805 | DEBUG | step 3233 epoch 3 loss 0.2505 step_s 0.0053 peak_mem_gb 1.205
2026-10-01 22:39:58,811 | DEBUG | step 3234 epoch 3 loss 0.2270 step_s 0.0053 peak_mem_gb 1.205
2026-10-01 22:39:58,817 | DEBUG | step 3235 epoch 3 loss 0.1832 step_s 0.0053 peak_mem_gb 1.205
2026-10-01 22:39:58,823 | DEBUG | step 3236 epoch 3 loss 0.2094 step_s 0.0054 peak_mem_gb 1.205
2026-10-01 22:39:58,829 | DEBUG | step 3237 epoch 3 loss 0.2591 step_s 0.0053 peak_mem_gb 1.205
2026-10-01 22:39:58,835 | DEBUG | step 3238 epoch 3 loss 0.2276 step_s 0.0053 peak_mem_gb 1.205
2026-10-01 22:39:58,841 | DEBUG | step 3239 epoch 3 loss 0.2270 step_s 0.0054 peak_mem_gb 1.205
2026-10-01 22:39:58,847 | DEBUG | step 3240 epoch 3 loss 0.2290 step_s 0.0053 peak_mem_gb 1.205
2026-10-01 22:39:58,853 | DEBUG | step 3241 epoch 3 loss 0.3937 step_s 0.0053 peak_mem_gb 1.205
2026-10-01 22:39:58,859 | DEBUG | step 3242 epoch 3 loss 0.2473 step_s 0.0054 peak_mem_gb 1.205
2026-10-01 22:39:58,865 | DEBUG | step 3243 epoch 3 loss 0.4659 step_s 0.0054 peak_mem_gb 1.205
2026-10-01 22:39:58,871 | DEBUG | step 3244 epoch 3 loss 0.2479 step_s 0.0054 peak_mem_gb 1.205
2026-10-01 22:39:58,877 | DEBUG | step 3245 epoch 3 loss 0.3838 step_s 0.0053 peak_mem_gb 1.205
2026-10-01 22:39:58,884 | DEBUG | step 3246 epoch 3 loss 0.6300 step_s 0.0054 peak_mem_gb 1.205
2026-10-01 22:39:58,889 | DEBUG | step 3247 epoch 3 loss 0.2406 step_s 0.0053 peak_mem_gb 1.205
2026-10-01 22:39:58,895 | DEBUG | step 3248 epoch 3 loss 0.2190 step_s 0.0053 peak_mem_gb 1.205
2026-10-01 22:39:58,902 | DEBUG | step 3249 epoch 3 loss 0.4226 step_s 0.0054 peak_mem_gb 1.205
2026-10-01 22:39:58,908 | DEBUG | step 3250 epoch 3 loss 0.2986 step_s 0.0053 peak_mem_gb 1.205
2026-10-01 22:39:58,914 | DEBUG | step 3251 epoch 3 loss 0.2890 step_s 0.0053 peak_mem_gb 1.205
2026-10-01 22:39:58,920 | DEBUG | step 3252 epoch 3 loss 0.3415 step_s 0.0054 peak_mem_gb 1.205
2026-10-01 22:39:58,926 | DEBUG | step 3253 epoch 3 loss 0.1482 step_s 0.0054 peak_mem_gb 1.205
2026-10-01 22:39:58,932 | DEBUG | step 3254 epoch 3 loss 0.2757 step_s 0.0054 peak_mem_gb 1.205
2026-10-01 22:39:58,938 | DEBUG | step 3255 epoch 3 loss 0.1796 step_s 0.0054 peak_mem_gb 1.205
2026-10-01 22:39:58,944 | DEBUG | step 3256 epoch 3 loss 0.2499 step_s 0.0053 peak_mem_gb 1.205
2026-10-01 22:39:58,950 | DEBUG | step 3257 epoch 3 loss 0.2867 step_s 0.0053 peak_mem_gb 1.205
2026-10-01 22:39:58,956 | DEBUG | step 3258 epoch 3 loss 0.2645 step_s 0.0054 peak_mem_gb 1.205
2026-10-01 22:39:58,962 | DEBUG | step 3259 epoch 3 loss 0.2244 step_s 0.0053 peak_mem_gb 1.205
2026-10-01 22:39:58,968 | DEBUG | step 3260 epoch 3 loss 0.2707 step_s 0.0054 peak_mem_gb 1.205
2026-10-01 22:39:58,974 | DEBUG | step 3261 epoch 3 loss 0.2086 step_s 0.0053 peak_mem_gb 1.205
2026-10-01 22:39:58,980 | DEBUG | step 3262 epoch 3 loss 0.3179 step_s 0.0054 peak_mem_gb 1.205
2026-10-01 22:39:58,986 | DEBUG | step 3263 epoch 3 loss 0.3166 step_s 0.0053 peak_mem_gb 1.205
2026-10-01 22:39:58,992 | DEBUG | step 3264 epoch 3 loss 0.2207 step_s 0.0053 peak_mem_gb 1.205
2026-10-01 22:39:58,998 | DEBUG | step 3265 epoch 3 loss 0.1925 step_s 0.0054 peak_mem_gb 1.205
2026-10-01 22:39:59,004 | DEBUG | step 3266 epoch 3 loss 0.2409 step_s 0.0053 peak_mem_gb 1.205
2026-10-01 22:39:59,010 | DEBUG | step 3267 epoch 3 loss 0.2180 step_s 0.0053 peak_mem_gb 1.205
2026-10-01 22:39:59,016 | DEBUG | step 3268 epoch 3 loss 0.3246 step_s 0.0054 peak_mem_gb 1.205
2026-10-01 22:39:59,022 | DEBUG | step 3269 epoch 3 loss 0.1563 step_s 0.0053 peak_mem_gb 1.205
2026-10-01 22:39:59,028 | DEBUG | step 3270 epoch 3 loss 0.2492 step_s 0.0054 peak_mem_gb 1.205
2026-10-01 22:39:59,034 | DEBUG | step 3271 epoch 3 loss 0.1901 step_s 0.0054 peak_mem_gb 1.205
2026-10-01 22:39:59,040 | DEBUG | step 3272 epoch 3 loss 0.1347 step_s 0.0053 peak_mem_gb 1.205
2026-10-01 22:39:59,046 | DEBUG | step 3273 epoch 3 loss 0.1384 step_s 0.0053 peak_mem_gb 1.205
2026-10-01 22:39:59,052 | DEBUG | step 3274 epoch 3 loss 0.2428 step_s 0.0054 peak_mem_gb 1.205
2026-10-01 22:39:59,058 | DEBUG | step 3275 epoch 3 loss 0.2210 step_s 0.0053 peak_mem_gb 1.205
2026-10-01 22:39:59,064 | DEBUG | step 3276 epoch 3 loss 0.2707 step_s 0.0053 peak_mem_gb 1.205
2026-10-01 22:39:59,070 | DEBUG | step 3277 epoch 3 loss 0.2309 step_s 0.0053 peak_mem_gb 1.205
2026-10-01 22:39:59,076 | DEBUG | step 3278 epoch 3 loss 0.1851 step_s 0.0054 peak_mem_gb 1.205
2026-10-01 22:39:59,082 | DEBUG | step 3279 epoch 3 loss 0.1856 step_s 0.0054 peak_mem_gb 1.205
2026-10-01 22:39:59,088 | DEBUG | step 3280 epoch 3 loss 0.4894 step_s 0.0054 peak_mem_gb 1.205
2026-10-01 22:39:59,094 | DEBUG | step 3281 epoch 3 loss 0.2388 step_s 0.0054 peak_mem_gb 1.205
2026-10-01 22:39:59,100 | DEBUG | step 3282 epoch 3 loss 0.2290 step_s 0.0054 peak_mem_gb 1.205
2026-10-01 22:39:59,106 | DEBUG | step 3283 epoch 3 loss 0.4104 step_s 0.0054 peak_mem_gb 1.205
2026-10-01 22:39:59,112 | DEBUG | step 3284 epoch 3 loss 0.2355 step_s 0.0053 peak_mem_gb 1.205
2026-10-01 22:39:59,118 | DEBUG | step 3285 epoch 3 loss 0.3039 step_s 0.0054 peak_mem_gb 1.205
2026-10-01 22:39:59,124 | DEBUG | step 3286 epoch 3 loss 0.2128 step_s 0.0053 peak_mem_gb 1.205
2026-10-01 22:39:59,130 | DEBUG | step 3287 epoch 3 loss 0.2569 step_s 0.0054 peak_mem_gb 1.205
2026-10-01 22:39:59,136 | DEBUG | step 3288 epoch 3 loss 0.3319 step_s 0.0053 peak_mem_gb 1.205
2026-10-01 22:39:59,142 | DEBUG | step 3289 epoch 3 loss 0.1408 step_s 0.0053 peak_mem_gb 1.205
2026-10-01 22:39:59,148 | DEBUG | step 3290 epoch 3 loss 0.2424 step_s 0.0053 peak_mem_gb 1.205
2026-10-01 22:39:59,154 | DEBUG | step 3291 epoch 3 loss 0.2889 step_s 0.0054 peak_mem_gb 1.205
2026-10-01 22:39:59,160 | DEBUG | step 3292 epoch 3 loss 0.2572 step_s 0.0053 peak_mem_gb 1.205
2026-10-01 22:39:59,166 | DEBUG | step 3293 epoch 3 loss 0.2676 step_s 0.0054 peak_mem_gb 1.205
2026-10-01 22:39:59,172 | DEBUG | step 3294 epoch 3 loss 0.1925 step_s 0.0053 peak_mem_gb 1.205
2026-10-01 22:39:59,178 | DEBUG | step 3295 epoch 3 loss 0.2480 step_s 0.0054 peak_mem_gb 1.205
2026-10-01 22:39:59,185 | DEBUG | step 3296 epoch 3 loss 0.3624 step_s 0.0056 peak_mem_gb 1.205
2026-10-01 22:39:59,191 | DEBUG | step 3297 epoch 3 loss 0.2523 step_s 0.0055 peak_mem_gb 1.205
2026-10-01 22:39:59,197 | DEBUG | step 3298 epoch 3 loss 0.2869 step_s 0.0053 peak_mem_gb 1.205
2026-10-01 22:39:59,203 | DEBUG | step 3299 epoch 3 loss 0.2574 step_s 0.0053 peak_mem_gb 1.205
2026-10-01 22:39:59,209 | DEBUG | step 3300 epoch 3 loss 0.3433 step_s 0.0053 peak_mem_gb 1.205
2026-10-01 22:39:59,215 | DEBUG | step 3301 epoch 3 loss 0.1842 step_s 0.0053 peak_mem_gb 1.205
2026-10-01 22:39:59,221 | DEBUG | step 3302 epoch 3 loss 0.3309 step_s 0.0053 peak_mem_gb 1.205
2026-10-01 22:39:59,227 | DEBUG | step 3303 epoch 3 loss 0.2094 step_s 0.0054 peak_mem_gb 1.205
2026-10-01 22:39:59,233 | DEBUG | step 3304 epoch 3 loss 0.1262 step_s 0.0054 peak_mem_gb 1.205
2026-10-01 22:39:59,239 | DEBUG | step 3305 epoch 3 loss 0.1810 step_s 0.0053 peak_mem_gb 1.205
2026-10-01 22:39:59,245 | DEBUG | step 3306 epoch 3 loss 0.2183 step_s 0.0053 peak_mem_gb 1.205
2026-10-01 22:39:59,251 | DEBUG | step 3307 epoch 3 loss 0.3202 step_s 0.0054 peak_mem_gb 1.205
2026-10-01 22:39:59,257 | DEBUG | step 3308 epoch 3 loss 0.2429 step_s 0.0053 peak_mem_gb 1.205
2026-10-01 22:39:59,263 | DEBUG | step 3309 epoch 3 loss 0.2854 step_s 0.0053 peak_mem_gb 1.205
2026-10-01 22:39:59,269 | DEBUG | step 3310 epoch 3 loss 0.1839 step_s 0.0053 peak_mem_gb 1.205
2026-10-01 22:39:59,275 | DEBUG | step 3311 epoch 3 loss 0.2162 step_s 0.0053 peak_mem_gb 1.205
2026-10-01 22:39:59,281 | DEBUG | step 3312 epoch 3 loss 0.5540 step_s 0.0054 peak_mem_gb 1.205
2026-10-01 22:39:59,287 | DEBUG | step 3313 epoch 3 loss 0.2186 step_s 0.0053 peak_mem_gb 1.205
2026-10-01 22:39:59,293 | DEBUG | step 3314 epoch 3 loss 0.2692 step_s 0.0053 peak_mem_gb 1.205
2026-10-01 22:39:59,299 | DEBUG | step 3315 epoch 3 loss 0.2794 step_s 0.0053 peak_mem_gb 1.205
2026-10-01 22:39:59,305 | DEBUG | step 3316 epoch 3 loss 0.2470 step_s 0.0054 peak_mem_gb 1.205
2026-10-01 22:39:59,311 | DEBUG | step 3317 epoch 3 loss 0.3480 step_s 0.0053 peak_mem_gb 1.205
2026-10-01 22:39:59,317 | DEBUG | step 3318 epoch 3 loss 0.3126 step_s 0.0053 peak_mem_gb 1.205
2026-10-01 22:39:59,323 | DEBUG | step 3319 epoch 3 loss 0.2346 step_s 0.0053 peak_mem_gb 1.205
2026-10-01 22:39:59,329 | DEBUG | step 3320 epoch 3 loss 0.2072 step_s 0.0053 peak_mem_gb 1.205
2026-10-01 22:39:59,335 | DEBUG | step 3321 epoch 3 loss 0.3786 step_s 0.0053 peak_mem_gb 1.205
2026-10-01 22:39:59,341 | DEBUG | step 3322 epoch 3 loss 0.3764 step_s 0.0053 peak_mem_gb 1.205
2026-10-01 22:39:59,347 | DEBUG | step 3323 epoch 3 loss 0.2129 step_s 0.0053 peak_mem_gb 1.205
2026-10-01 22:39:59,353 | DEBUG | step 3324 epoch 3 loss 0.3059 step_s 0.0054 peak_mem_gb 1.205
2026-10-01 22:39:59,359 | DEBUG | step 3325 epoch 3 loss 0.3668 step_s 0.0053 peak_mem_gb 1.205
2026-10-01 22:39:59,365 | DEBUG | step 3326 epoch 3 loss 0.2232 step_s 0.0053 peak_mem_gb 1.205
2026-10-01 22:39:59,371 | DEBUG | step 3327 epoch 3 loss 0.3113 step_s 0.0054 peak_mem_gb 1.205
2026-10-01 22:39:59,377 | DEBUG | step 3328 epoch 3 loss 0.2584 step_s 0.0054 peak_mem_gb 1.205
2026-10-01 22:39:59,383 | DEBUG | step 3329 epoch 3 loss 0.3195 step_s 0.0053 peak_mem_gb 1.205
2026-10-01 22:39:59,389 | DEBUG | step 3330 epoch 3 loss 0.2372 step_s 0.0053 peak_mem_gb 1.205
2026-10-01 22:39:59,395 | DEBUG | step 3331 epoch 3 loss 0.2375 step_s 0.0053 peak_mem_gb 1.205
2026-10-01 22:39:59,401 | DEBUG | step 3332 epoch 3 loss 0.1986 step_s 0.0054 peak_mem_gb 1.205
2026-10-01 22:39:59,407 | DEBUG | step 3333 epoch 3 loss 0.3532 step_s 0.0053 peak_mem_gb 1.205
2026-10-01 22:39:59,413 | DEBUG | step 3334 epoch 3 loss 0.4292 step_s 0.0053 peak_mem_gb 1.205
2026-10-01 22:39:59,419 | DEBUG | step 3335 epoch 3 loss 0.2307 step_s 0.0053 peak_mem_gb 1.205
2026-10-01 22:39:59,425 | DEBUG | step 3336 epoch 3 loss 0.1750 step_s 0.0054 peak_mem_gb 1.205
2026-10-01 22:39:59,431 | DEBUG | step 3337 epoch 3 loss 0.2511 step_s 0.0054 peak_mem_gb 1.205
2026-10-01 22:39:59,437 | DEBUG | step 3338 epoch 3 loss 0.5086 step_s 0.0054 peak_mem_gb 1.205
2026-10-01 22:39:59,443 | DEBUG | step 3339 epoch 3 loss 0.2474 step_s 0.0053 peak_mem_gb 1.205
2026-10-01 22:39:59,449 | DEBUG | step 3340 epoch 3 loss 0.2253 step_s 0.0053 peak_mem_gb 1.205
2026-10-01 22:39:59,455 | DEBUG | step 3341 epoch 3 loss 0.2772 step_s 0.0053 peak_mem_gb 1.205
2026-10-01 22:39:59,461 | DEBUG | step 3342 epoch 3 loss 0.2466 step_s 0.0053 peak_mem_gb 1.205
2026-10-01 22:39:59,467 | DEBUG | step 3343 epoch 3 loss 0.2139 step_s 0.0054 peak_mem_gb 1.205
2026-10-01 22:39:59,473 | DEBUG | step 3344 epoch 3 loss 0.3257 step_s 0.0055 peak_mem_gb 1.205
2026-10-01 22:39:59,480 | DEBUG | step 3345 epoch 3 loss 0.3685 step_s 0.0054 peak_mem_gb 1.205
2026-10-01 22:39:59,487 | DEBUG | step 3346 epoch 3 loss 0.2805 step_s 0.0060 peak_mem_gb 1.205
2026-10-01 22:39:59,493 | DEBUG | step 3347 epoch 3 loss 0.2554 step_s 0.0054 peak_mem_gb 1.205
2026-10-01 22:39:59,499 | DEBUG | step 3348 epoch 3 loss 0.3013 step_s 0.0054 peak_mem_gb 1.205
2026-10-01 22:39:59,505 | DEBUG | step 3349 epoch 3 loss 0.2746 step_s 0.0054 peak_mem_gb 1.205
2026-10-01 22:39:59,511 | DEBUG | step 3350 epoch 3 loss 0.2569 step_s 0.0053 peak_mem_gb 1.205
2026-10-01 22:39:59,517 | DEBUG | step 3351 epoch 3 loss 0.2251 step_s 0.0053 peak_mem_gb 1.205
2026-10-01 22:39:59,523 | DEBUG | step 3352 epoch 3 loss 0.3412 step_s 0.0053 peak_mem_gb 1.205
2026-10-01 22:39:59,529 | DEBUG | step 3353 epoch 3 loss 0.3098 step_s 0.0053 peak_mem_gb 1.205
2026-10-01 22:39:59,535 | DEBUG | step 3354 epoch 3 loss 0.1752 step_s 0.0053 peak_mem_gb 1.205
2026-10-01 22:39:59,541 | DEBUG | step 3355 epoch 3 loss 0.2852 step_s 0.0053 peak_mem_gb 1.205
2026-10-01 22:39:59,547 | DEBUG | step 3356 epoch 3 loss 0.3136 step_s 0.0053 peak_mem_gb 1.205
2026-10-01 22:39:59,553 | DEBUG | step 3357 epoch 3 loss 0.2121 step_s 0.0054 peak_mem_gb 1.205
2026-10-01 22:39:59,559 | DEBUG | step 3358 epoch 3 loss 0.3268 step_s 0.0053 peak_mem_gb 1.205
2026-10-01 22:39:59,565 | DEBUG | step 3359 epoch 3 loss 0.1930 step_s 0.0054 peak_mem_gb 1.205
2026-10-01 22:39:59,571 | DEBUG | step 3360 epoch 3 loss 0.2689 step_s 0.0054 peak_mem_gb 1.205
2026-10-01 22:39:59,577 | DEBUG | step 3361 epoch 3 loss 0.2512 step_s 0.0053 peak_mem_gb 1.205
2026-10-01 22:39:59,583 | DEBUG | step 3362 epoch 3 loss 0.4033 step_s 0.0053 peak_mem_gb 1.205
2026-10-01 22:39:59,589 | DEBUG | step 3363 epoch 3 loss 0.3061 step_s 0.0054 peak_mem_gb 1.205
2026-10-01 22:39:59,595 | DEBUG | step 3364 epoch 3 loss 0.2153 step_s 0.0053 peak_mem_gb 1.205
2026-10-01 22:39:59,601 | DEBUG | step 3365 epoch 3 loss 0.2139 step_s 0.0054 peak_mem_gb 1.205
2026-10-01 22:39:59,607 | DEBUG | step 3366 epoch 3 loss 0.1947 step_s 0.0054 peak_mem_gb 1.205
2026-10-01 22:39:59,613 | DEBUG | step 3367 epoch 3 loss 0.2273 step_s 0.0053 peak_mem_gb 1.205
2026-10-01 22:39:59,619 | DEBUG | step 3368 epoch 3 loss 0.1571 step_s 0.0053 peak_mem_gb 1.205
2026-10-01 22:39:59,625 | DEBUG | step 3369 epoch 3 loss 0.3512 step_s 0.0053 peak_mem_gb 1.205
2026-10-01 22:39:59,631 | DEBUG | step 3370 epoch 3 loss 0.2973 step_s 0.0053 peak_mem_gb 1.205
2026-10-01 22:39:59,637 | DEBUG | step 3371 epoch 3 loss 0.2213 step_s 0.0054 peak_mem_gb 1.205
2026-10-01 22:39:59,643 | DEBUG | step 3372 epoch 3 loss 0.2244 step_s 0.0053 peak_mem_gb 1.205
2026-10-01 22:39:59,649 | DEBUG | step 3373 epoch 3 loss 0.2546 step_s 0.0053 peak_mem_gb 1.205
2026-10-01 22:39:59,655 | DEBUG | step 3374 epoch 3 loss 0.2739 step_s 0.0054 peak_mem_gb 1.205
2026-10-01 22:39:59,661 | DEBUG | step 3375 epoch 3 loss 0.1467 step_s 0.0053 peak_mem_gb 1.205
2026-10-01 22:39:59,667 | DEBUG | step 3376 epoch 3 loss 0.2494 step_s 0.0054 peak_mem_gb 1.205
2026-10-01 22:39:59,673 | DEBUG | step 3377 epoch 3 loss 0.3100 step_s 0.0053 peak_mem_gb 1.205
2026-10-01 22:39:59,679 | DEBUG | step 3378 epoch 3 loss 0.2188 step_s 0.0053 peak_mem_gb 1.205
2026-10-01 22:39:59,685 | DEBUG | step 3379 epoch 3 loss 0.4177 step_s 0.0054 peak_mem_gb 1.205
2026-10-01 22:39:59,691 | DEBUG | step 3380 epoch 3 loss 0.2543 step_s 0.0053 peak_mem_gb 1.205
2026-10-01 22:39:59,697 | DEBUG | step 3381 epoch 3 loss 0.0942 step_s 0.0054 peak_mem_gb 1.205
2026-10-01 22:39:59,703 | DEBUG | step 3382 epoch 3 loss 0.1189 step_s 0.0053 peak_mem_gb 1.205
2026-10-01 22:39:59,709 | DEBUG | step 3383 epoch 3 loss 0.2741 step_s 0.0053 peak_mem_gb 1.205
2026-10-01 22:39:59,714 | DEBUG | step 3384 epoch 3 loss 0.2315 step_s 0.0053 peak_mem_gb 1.205
2026-10-01 22:39:59,721 | DEBUG | step 3385 epoch 3 loss 0.2968 step_s 0.0053 peak_mem_gb 1.205
2026-10-01 22:39:59,727 | DEBUG | step 3386 epoch 3 loss 0.2893 step_s 0.0054 peak_mem_gb 1.205
2026-10-01 22:39:59,733 | DEBUG | step 3387 epoch 3 loss 0.1868 step_s 0.0054 peak_mem_gb 1.205
2026-10-01 22:39:59,740 | DEBUG | step 3388 epoch 3 loss 0.2773 step_s 0.0054 peak_mem_gb 1.205
2026-10-01 22:39:59,746 | DEBUG | step 3389 epoch 3 loss 0.3361 step_s 0.0054 peak_mem_gb 1.205
2026-10-01 22:39:59,752 | DEBUG | step 3390 epoch 3 loss 0.3575 step_s 0.0054 peak_mem_gb 1.205
2026-10-01 22:39:59,758 | DEBUG | step 3391 epoch 3 loss 0.2262 step_s 0.0054 peak_mem_gb 1.205
2026-10-01 22:39:59,764 | DEBUG | step 3392 epoch 3 loss 0.2533 step_s 0.0053 peak_mem_gb 1.205
2026-10-01 22:39:59,770 | DEBUG | step 3393 epoch 3 loss 0.2641 step_s 0.0053 peak_mem_gb 1.205
2026-10-01 22:39:59,776 | DEBUG | step 3394 epoch 3 loss 0.3773 step_s 0.0053 peak_mem_gb 1.205
2026-10-01 22:39:59,782 | DEBUG | step 3395 epoch 3 loss 0.3112 step_s 0.0053 peak_mem_gb 1.205
2026-10-01 22:39:59,788 | DEBUG | step 3396 epoch 3 loss 0.3891 step_s 0.0054 peak_mem_gb 1.205
2026-10-01 22:39:59,794 | DEBUG | step 3397 epoch 3 loss 0.3439 step_s 0.0053 peak_mem_gb 1.205
2026-10-01 22:39:59,800 | DEBUG | step 3398 epoch 3 loss 0.3465 step_s 0.0054 peak_mem_gb 1.205
2026-10-01 22:39:59,806 | DEBUG | step 3399 epoch 3 loss 0.2551 step_s 0.0053 peak_mem_gb 1.205
2026-10-01 22:39:59,812 | INFO | step 3400 epoch 3 loss 0.3222 step_s 0.0053 peak_mem_gb 1.205
2026-10-01 22:39:59,819 | DEBUG | step 3401 epoch 3 loss 0.2467 step_s 0.0054 peak_mem_gb 1.205
2026-10-01 22:39:59,825 | DEBUG | step 3402 epoch 3 loss 0.2159 step_s 0.0053 peak_mem_gb 1.205
2026-10-01 22:39:59,831 | DEBUG | step 3403 epoch 3 loss 0.2890 step_s 0.0054 peak_mem_gb 1.205
2026-10-01 22:39:59,838 | DEBUG | step 3404 epoch 3 loss 0.3175 step_s 0.0054 peak_mem_gb 1.205
2026-10-01 22:39:59,844 | DEBUG | step 3405 epoch 3 loss 0.2587 step_s 0.0053 peak_mem_gb 1.205
2026-10-01 22:39:59,850 | DEBUG | step 3406 epoch 3 loss 0.3975 step_s 0.0053 peak_mem_gb 1.205
2026-10-01 22:39:59,856 | DEBUG | step 3407 epoch 3 loss 0.3391 step_s 0.0054 peak_mem_gb 1.205
2026-10-01 22:39:59,862 | DEBUG | step 3408 epoch 3 loss 0.3013 step_s 0.0053 peak_mem_gb 1.205
2026-10-01 22:39:59,868 | DEBUG | step 3409 epoch 3 loss 0.2761 step_s 0.0054 peak_mem_gb 1.205
2026-10-01 22:39:59,874 | DEBUG | step 3410 epoch 3 loss 0.4480 step_s 0.0053 peak_mem_gb 1.205
2026-10-01 22:39:59,880 | DEBUG | step 3411 epoch 3 loss 0.1519 step_s 0.0053 peak_mem_gb 1.205
2026-10-01 22:39:59,886 | DEBUG | step 3412 epoch 3 loss 0.2112 step_s 0.0055 peak_mem_gb 1.205
2026-10-01 22:39:59,892 | DEBUG | step 3413 epoch 3 loss 0.2463 step_s 0.0054 peak_mem_gb 1.205
2026-10-01 22:39:59,898 | DEBUG | step 3414 epoch 3 loss 0.1833 step_s 0.0053 peak_mem_gb 1.205
2026-10-01 22:39:59,904 | DEBUG | step 3415 epoch 3 loss 0.3943 step_s 0.0054 peak_mem_gb 1.205
2026-10-01 22:39:59,910 | DEBUG | step 3416 epoch 3 loss 0.2428 step_s 0.0053 peak_mem_gb 1.205
2026-10-01 22:39:59,916 | DEBUG | step 3417 epoch 3 loss 0.1519 step_s 0.0054 peak_mem_gb 1.205
2026-10-01 22:39:59,922 | DEBUG | step 3418 epoch 3 loss 0.2368 step_s 0.0054 peak_mem_gb 1.205
2026-10-01 22:39:59,928 | DEBUG | step 3419 epoch 3 loss 0.4383 step_s 0.0053 peak_mem_gb 1.205
2026-10-01 22:39:59,934 | DEBUG | step 3420 epoch 3 loss 0.3153 step_s 0.0054 peak_mem_gb 1.205
2026-10-01 22:39:59,940 | DEBUG | step 3421 epoch 3 loss 0.1886 step_s 0.0053 peak_mem_gb 1.205
2026-10-01 22:39:59,946 | DEBUG | step 3422 epoch 3 loss 0.2446 step_s 0.0053 peak_mem_gb 1.205
2026-10-01 22:39:59,952 | DEBUG | step 3423 epoch 3 loss 0.2556 step_s 0.0054 peak_mem_gb 1.205
2026-10-01 22:39:59,958 | DEBUG | step 3424 epoch 3 loss 0.3852 step_s 0.0054 peak_mem_gb 1.205
2026-10-01 22:39:59,964 | DEBUG | step 3425 epoch 3 loss 0.2125 step_s 0.0054 peak_mem_gb 1.205
2026-10-01 22:39:59,970 | DEBUG | step 3426 epoch 3 loss 0.2480 step_s 0.0054 peak_mem_gb 1.205
2026-10-01 22:39:59,976 | DEBUG | step 3427 epoch 3 loss 0.2857 step_s 0.0053 peak_mem_gb 1.205
2026-10-01 22:39:59,982 | DEBUG | step 3428 epoch 3 loss 0.1675 step_s 0.0053 peak_mem_gb 1.205
2026-10-01 22:39:59,988 | DEBUG | step 3429 epoch 3 loss 0.2092 step_s 0.0054 peak_mem_gb 1.205
2026-10-01 22:39:59,994 | DEBUG | step 3430 epoch 3 loss 0.3066 step_s 0.0054 peak_mem_gb 1.205
2026-10-01 22:40:00,000 | DEBUG | step 3431 epoch 3 loss 0.2075 step_s 0.0054 peak_mem_gb 1.205
2026-10-01 22:40:00,006 | DEBUG | step 3432 epoch 3 loss 0.2101 step_s 0.0053 peak_mem_gb 1.205
2026-10-01 22:40:00,013 | DEBUG | step 3433 epoch 3 loss 0.1980 step_s 0.0059 peak_mem_gb 1.205
2026-10-01 22:40:00,020 | DEBUG | step 3434 epoch 3 loss 0.5433 step_s 0.0057 peak_mem_gb 1.205
2026-10-01 22:40:00,027 | DEBUG | step 3435 epoch 3 loss 0.3551 step_s 0.0055 peak_mem_gb 1.205
2026-10-01 22:40:00,033 | DEBUG | step 3436 epoch 3 loss 0.2864 step_s 0.0054 peak_mem_gb 1.205
2026-10-01 22:40:00,039 | DEBUG | step 3437 epoch 3 loss 0.1767 step_s 0.0055 peak_mem_gb 1.205
2026-10-01 22:40:00,045 | DEBUG | step 3438 epoch 3 loss 0.2882 step_s 0.0053 peak_mem_gb 1.205
2026-10-01 22:40:00,051 | DEBUG | step 3439 epoch 3 loss 0.5306 step_s 0.0054 peak_mem_gb 1.205
2026-10-01 22:40:00,057 | DEBUG | step 3440 epoch 3 loss 0.2405 step_s 0.0054 peak_mem_gb 1.205
2026-10-01 22:40:00,063 | DEBUG | step 3441 epoch 3 loss 0.2285 step_s 0.0054 peak_mem_gb 1.205
2026-10-01 22:40:00,069 | DEBUG | step 3442 epoch 3 loss 0.2903 step_s 0.0053 peak_mem_gb 1.205
2026-10-01 22:40:00,075 | DEBUG | step 3443 epoch 3 loss 0.3321 step_s 0.0054 peak_mem_gb 1.205
2026-10-01 22:40:00,081 | DEBUG | step 3444 epoch 3 loss 0.4825 step_s 0.0053 peak_mem_gb 1.205
2026-10-01 22:40:00,088 | DEBUG | step 3445 epoch 3 loss 0.2677 step_s 0.0054 peak_mem_gb 1.205
2026-10-01 22:40:00,094 | DEBUG | step 3446 epoch 3 loss 0.2821 step_s 0.0053 peak_mem_gb 1.205
2026-10-01 22:40:00,099 | DEBUG | step 3447 epoch 3 loss 0.2725 step_s 0.0053 peak_mem_gb 1.205
2026-10-01 22:40:00,106 | DEBUG | step 3448 epoch 3 loss 0.2295 step_s 0.0053 peak_mem_gb 1.205
2026-10-01 22:40:00,112 | DEBUG | step 3449 epoch 3 loss 0.2877 step_s 0.0053 peak_mem_gb 1.205
2026-10-01 22:40:00,118 | DEBUG | step 3450 epoch 3 loss 0.3678 step_s 0.0053 peak_mem_gb 1.205
2026-10-01 22:40:00,124 | DEBUG | step 3451 epoch 3 loss 0.3508 step_s 0.0054 peak_mem_gb 1.205
2026-10-01 22:40:00,130 | DEBUG | step 3452 epoch 3 loss 0.3407 step_s 0.0054 peak_mem_gb 1.205
2026-10-01 22:40:00,136 | DEBUG | step 3453 epoch 3 loss 0.2419 step_s 0.0055 peak_mem_gb 1.205
2026-10-01 22:40:00,142 | DEBUG | step 3454 epoch 3 loss 0.2555 step_s 0.0053 peak_mem_gb 1.205
2026-10-01 22:40:00,148 | DEBUG | step 3455 epoch 3 loss 0.2970 step_s 0.0054 peak_mem_gb 1.205
2026-10-01 22:40:00,154 | DEBUG | step 3456 epoch 3 loss 0.2923 step_s 0.0054 peak_mem_gb 1.205
2026-10-01 22:40:00,160 | DEBUG | step 3457 epoch 3 loss 0.2108 step_s 0.0053 peak_mem_gb 1.205
2026-10-01 22:40:00,166 | DEBUG | step 3458 epoch 3 loss 0.2624 step_s 0.0053 peak_mem_gb 1.205
2026-10-01 22:40:00,172 | DEBUG | step 3459 epoch 3 loss 0.2248 step_s 0.0054 peak_mem_gb 1.205
2026-10-01 22:40:00,178 | DEBUG | step 3460 epoch 3 loss 0.2689 step_s 0.0053 peak_mem_gb 1.205
2026-10-01 22:40:00,184 | DEBUG | step 3461 epoch 3 loss 0.2835 step_s 0.0053 peak_mem_gb 1.205
2026-10-01 22:40:00,190 | DEBUG | step 3462 epoch 3 loss 0.3814 step_s 0.0053 peak_mem_gb 1.205
2026-10-01 22:40:00,196 | DEBUG | step 3463 epoch 3 loss 0.1529 step_s 0.0054 peak_mem_gb 1.205
2026-10-01 22:40:00,202 | DEBUG | step 3464 epoch 3 loss 0.3244 step_s 0.0054 peak_mem_gb 1.205
2026-10-01 22:40:00,208 | DEBUG | step 3465 epoch 3 loss 0.1927 step_s 0.0053 peak_mem_gb 1.205
2026-10-01 22:40:00,214 | DEBUG | step 3466 epoch 3 loss 0.1029 step_s 0.0053 peak_mem_gb 1.205
2026-10-01 22:40:00,220 | DEBUG | step 3467 epoch 3 loss 0.2304 step_s 0.0053 peak_mem_gb 1.205
2026-10-01 22:40:00,226 | DEBUG | step 3468 epoch 3 loss 0.1163 step_s 0.0054 peak_mem_gb 1.205
2026-10-01 22:40:00,232 | DEBUG | step 3469 epoch 3 loss 0.1677 step_s 0.0053 peak_mem_gb 1.205
2026-10-01 22:40:00,238 | DEBUG | step 3470 epoch 3 loss 0.3662 step_s 0.0054 peak_mem_gb 1.205
2026-10-01 22:40:00,244 | DEBUG | step 3471 epoch 3 loss 0.1763 step_s 0.0054 peak_mem_gb 1.205
2026-10-01 22:40:00,250 | DEBUG | step 3472 epoch 3 loss 0.3335 step_s 0.0053 peak_mem_gb 1.205
2026-10-01 22:40:00,256 | DEBUG | step 3473 epoch 3 loss 0.1714 step_s 0.0053 peak_mem_gb 1.205
2026-10-01 22:40:00,263 | DEBUG | step 3474 epoch 3 loss 0.2146 step_s 0.0055 peak_mem_gb 1.205
2026-10-01 22:40:00,269 | DEBUG | step 3475 epoch 3 loss 0.4149 step_s 0.0054 peak_mem_gb 1.205
2026-10-01 22:40:00,275 | DEBUG | step 3476 epoch 3 loss 0.2865 step_s 0.0053 peak_mem_gb 1.205
2026-10-01 22:40:00,281 | DEBUG | step 3477 epoch 3 loss 0.3278 step_s 0.0054 peak_mem_gb 1.205
2026-10-01 22:40:00,287 | DEBUG | step 3478 epoch 3 loss 0.2619 step_s 0.0053 peak_mem_gb 1.205
2026-10-01 22:40:00,293 | DEBUG | step 3479 epoch 3 loss 0.2810 step_s 0.0053 peak_mem_gb 1.205
2026-10-01 22:40:00,299 | DEBUG | step 3480 epoch 3 loss 0.4939 step_s 0.0053 peak_mem_gb 1.205
2026-10-01 22:40:00,305 | DEBUG | step 3481 epoch 3 loss 0.2409 step_s 0.0053 peak_mem_gb 1.205
2026-10-01 22:40:00,311 | DEBUG | step 3482 epoch 3 loss 0.3635 step_s 0.0054 peak_mem_gb 1.205
2026-10-01 22:40:00,317 | DEBUG | step 3483 epoch 3 loss 0.0988 step_s 0.0053 peak_mem_gb 1.205
2026-10-01 22:40:00,323 | DEBUG | step 3484 epoch 3 loss 0.1599 step_s 0.0054 peak_mem_gb 1.205
2026-10-01 22:40:00,329 | DEBUG | step 3485 epoch 3 loss 0.2339 step_s 0.0054 peak_mem_gb 1.205
2026-10-01 22:40:00,335 | DEBUG | step 3486 epoch 3 loss 0.3559 step_s 0.0054 peak_mem_gb 1.205
2026-10-01 22:40:00,341 | DEBUG | step 3487 epoch 3 loss 0.3896 step_s 0.0054 peak_mem_gb 1.205
2026-10-01 22:40:00,347 | DEBUG | step 3488 epoch 3 loss 0.2389 step_s 0.0053 peak_mem_gb 1.205
2026-10-01 22:40:00,354 | DEBUG | step 3489 epoch 3 loss 0.3298 step_s 0.0053 peak_mem_gb 1.205
2026-10-01 22:40:00,360 | DEBUG | step 3490 epoch 3 loss 0.1723 step_s 0.0054 peak_mem_gb 1.205
2026-10-01 22:40:00,366 | DEBUG | step 3491 epoch 3 loss 0.2269 step_s 0.0054 peak_mem_gb 1.205
2026-10-01 22:40:00,372 | DEBUG | step 3492 epoch 3 loss 0.3241 step_s 0.0054 peak_mem_gb 1.205
2026-10-01 22:40:00,378 | DEBUG | step 3493 epoch 3 loss 0.3414 step_s 0.0053 peak_mem_gb 1.205
2026-10-01 22:40:00,384 | DEBUG | step 3494 epoch 3 loss 0.2041 step_s 0.0053 peak_mem_gb 1.205
2026-10-01 22:40:00,390 | DEBUG | step 3495 epoch 3 loss 0.2570 step_s 0.0053 peak_mem_gb 1.205
2026-10-01 22:40:00,396 | DEBUG | step 3496 epoch 3 loss 0.3161 step_s 0.0053 peak_mem_gb 1.205
2026-10-01 22:40:00,402 | DEBUG | step 3497 epoch 3 loss 0.3670 step_s 0.0056 peak_mem_gb 1.205
2026-10-01 22:40:00,408 | DEBUG | step 3498 epoch 3 loss 0.2122 step_s 0.0054 peak_mem_gb 1.205
2026-10-01 22:40:00,414 | DEBUG | step 3499 epoch 3 loss 0.2150 step_s 0.0054 peak_mem_gb 1.205
2026-10-01 22:40:00,420 | DEBUG | step 3500 epoch 3 loss 0.3253 step_s 0.0057 peak_mem_gb 1.205
2026-10-01 22:40:00,427 | DEBUG | step 3501 epoch 3 loss 0.4013 step_s 0.0054 peak_mem_gb 1.205
2026-10-01 22:40:00,433 | DEBUG | step 3502 epoch 3 loss 0.2246 step_s 0.0053 peak_mem_gb 1.205
2026-10-01 22:40:00,439 | DEBUG | step 3503 epoch 3 loss 0.2367 step_s 0.0054 peak_mem_gb 1.205
2026-10-01 22:40:00,445 | DEBUG | step 3504 epoch 3 loss 0.3982 step_s 0.0053 peak_mem_gb 1.205
2026-10-01 22:40:00,451 | DEBUG | step 3505 epoch 3 loss 0.2856 step_s 0.0053 peak_mem_gb 1.205
2026-10-01 22:40:00,457 | DEBUG | step 3506 epoch 3 loss 0.3096 step_s 0.0053 peak_mem_gb 1.205
2026-10-01 22:40:00,463 | DEBUG | step 3507 epoch 3 loss 0.2021 step_s 0.0053 peak_mem_gb 1.205
2026-10-01 22:40:00,469 | DEBUG | step 3508 epoch 3 loss 0.2115 step_s 0.0053 peak_mem_gb 1.205
2026-10-01 22:40:00,475 | DEBUG | step 3509 epoch 3 loss 0.3842 step_s 0.0053 peak_mem_gb 1.205
2026-10-01 22:40:00,481 | DEBUG | step 3510 epoch 3 loss 0.2591 step_s 0.0053 peak_mem_gb 1.205
2026-10-01 22:40:00,487 | DEBUG | step 3511 epoch 3 loss 0.4211 step_s 0.0053 peak_mem_gb 1.205
2026-10-01 22:40:00,493 | DEBUG | step 3512 epoch 3 loss 0.3239 step_s 0.0053 peak_mem_gb 1.205
2026-10-01 22:40:00,499 | DEBUG | step 3513 epoch 3 loss 0.2183 step_s 0.0055 peak_mem_gb 1.205
2026-10-01 22:40:00,505 | DEBUG | step 3514 epoch 3 loss 0.3208 step_s 0.0054 peak_mem_gb 1.205
2026-10-01 22:40:00,511 | DEBUG | step 3515 epoch 3 loss 0.2393 step_s 0.0053 peak_mem_gb 1.205
2026-10-01 22:40:00,517 | DEBUG | step 3516 epoch 3 loss 0.3096 step_s 0.0054 peak_mem_gb 1.205
2026-10-01 22:40:00,523 | DEBUG | step 3517 epoch 3 loss 0.2886 step_s 0.0053 peak_mem_gb 1.205
2026-10-01 22:40:00,529 | DEBUG | step 3518 epoch 3 loss 0.3292 step_s 0.0053 peak_mem_gb 1.205
2026-10-01 22:40:00,535 | DEBUG | step 3519 epoch 3 loss 0.2435 step_s 0.0054 peak_mem_gb 1.205
2026-10-01 22:40:00,541 | DEBUG | step 3520 epoch 3 loss 0.2241 step_s 0.0053 peak_mem_gb 1.205
2026-10-01 22:40:00,547 | DEBUG | step 3521 epoch 3 loss 0.2187 step_s 0.0054 peak_mem_gb 1.205
2026-10-01 22:40:00,553 | DEBUG | step 3522 epoch 3 loss 0.2089 step_s 0.0054 peak_mem_gb 1.205
2026-10-01 22:40:00,560 | DEBUG | step 3523 epoch 3 loss 0.3114 step_s 0.0054 peak_mem_gb 1.205
2026-10-01 22:40:00,566 | DEBUG | step 3524 epoch 3 loss 0.2753 step_s 0.0053 peak_mem_gb 1.205
2026-10-01 22:40:00,572 | DEBUG | step 3525 epoch 3 loss 0.2255 step_s 0.0054 peak_mem_gb 1.205
2026-10-01 22:40:00,578 | DEBUG | step 3526 epoch 3 loss 0.2566 step_s 0.0053 peak_mem_gb 1.205
2026-10-01 22:40:00,584 | DEBUG | step 3527 epoch 3 loss 0.1500 step_s 0.0053 peak_mem_gb 1.205
2026-10-01 22:40:00,590 | DEBUG | step 3528 epoch 3 loss 0.2008 step_s 0.0053 peak_mem_gb 1.205
2026-10-01 22:40:00,596 | DEBUG | step 3529 epoch 3 loss 0.2229 step_s 0.0053 peak_mem_gb 1.205
2026-10-01 22:40:00,602 | DEBUG | step 3530 epoch 3 loss 0.3031 step_s 0.0054 peak_mem_gb 1.205
2026-10-01 22:40:00,608 | DEBUG | step 3531 epoch 3 loss 0.2769 step_s 0.0053 peak_mem_gb 1.205
2026-10-01 22:40:00,614 | DEBUG | step 3532 epoch 3 loss 0.2785 step_s 0.0053 peak_mem_gb 1.205
2026-10-01 22:40:00,620 | DEBUG | step 3533 epoch 3 loss 0.3621 step_s 0.0053 peak_mem_gb 1.205
2026-10-01 22:40:00,626 | DEBUG | step 3534 epoch 3 loss 0.3514 step_s 0.0054 peak_mem_gb 1.205
2026-10-01 22:40:00,632 | DEBUG | step 3535 epoch 3 loss 0.2277 step_s 0.0053 peak_mem_gb 1.205
2026-10-01 22:40:00,638 | DEBUG | step 3536 epoch 3 loss 0.3006 step_s 0.0054 peak_mem_gb 1.205
2026-10-01 22:40:00,644 | DEBUG | step 3537 epoch 3 loss 0.2252 step_s 0.0054 peak_mem_gb 1.205
2026-10-01 22:40:00,650 | DEBUG | step 3538 epoch 3 loss 0.3282 step_s 0.0053 peak_mem_gb 1.205
2026-10-01 22:40:00,656 | DEBUG | step 3539 epoch 3 loss 0.1839 step_s 0.0054 peak_mem_gb 1.205
2026-10-01 22:40:00,662 | DEBUG | step 3540 epoch 3 loss 0.2356 step_s 0.0053 peak_mem_gb 1.205
2026-10-01 22:40:00,668 | DEBUG | step 3541 epoch 3 loss 0.2461 step_s 0.0053 peak_mem_gb 1.205
2026-10-01 22:40:00,674 | DEBUG | step 3542 epoch 3 loss 0.2209 step_s 0.0054 peak_mem_gb 1.205
2026-10-01 22:40:00,680 | DEBUG | step 3543 epoch 3 loss 0.1733 step_s 0.0053 peak_mem_gb 1.205
2026-10-01 22:40:00,686 | DEBUG | step 3544 epoch 3 loss 0.2578 step_s 0.0054 peak_mem_gb 1.205
2026-10-01 22:40:00,693 | DEBUG | step 3545 epoch 3 loss 0.1884 step_s 0.0053 peak_mem_gb 1.205
2026-10-01 22:40:00,698 | DEBUG | step 3546 epoch 3 loss 0.2896 step_s 0.0053 peak_mem_gb 1.205
2026-10-01 22:40:00,705 | DEBUG | step 3547 epoch 3 loss 0.2696 step_s 0.0054 peak_mem_gb 1.205
2026-10-01 22:40:00,711 | DEBUG | step 3548 epoch 3 loss 0.1895 step_s 0.0054 peak_mem_gb 1.205
2026-10-01 22:40:00,717 | DEBUG | step 3549 epoch 3 loss 0.1793 step_s 0.0054 peak_mem_gb 1.205
2026-10-01 22:40:00,723 | DEBUG | step 3550 epoch 3 loss 0.2779 step_s 0.0054 peak_mem_gb 1.205
2026-10-01 22:40:00,729 | DEBUG | step 3551 epoch 3 loss 0.1752 step_s 0.0053 peak_mem_gb 1.205
2026-10-01 22:40:00,735 | DEBUG | step 3552 epoch 3 loss 0.2212 step_s 0.0054 peak_mem_gb 1.205
2026-10-01 22:40:00,741 | DEBUG | step 3553 epoch 3 loss 0.2690 step_s 0.0053 peak_mem_gb 1.205
2026-10-01 22:40:00,747 | DEBUG | step 3554 epoch 3 loss 0.3874 step_s 0.0054 peak_mem_gb 1.205
2026-10-01 22:40:00,753 | DEBUG | step 3555 epoch 3 loss 0.2579 step_s 0.0053 peak_mem_gb 1.205
2026-10-01 22:40:00,759 | DEBUG | step 3556 epoch 3 loss 0.3533 step_s 0.0053 peak_mem_gb 1.205
2026-10-01 22:40:00,765 | DEBUG | step 3557 epoch 3 loss 0.1626 step_s 0.0053 peak_mem_gb 1.205
2026-10-01 22:40:00,771 | DEBUG | step 3558 epoch 3 loss 0.3345 step_s 0.0053 peak_mem_gb 1.205
2026-10-01 22:40:00,777 | DEBUG | step 3559 epoch 3 loss 0.3247 step_s 0.0053 peak_mem_gb 1.205
2026-10-01 22:40:00,783 | DEBUG | step 3560 epoch 3 loss 0.3233 step_s 0.0053 peak_mem_gb 1.205
2026-10-01 22:40:00,789 | DEBUG | step 3561 epoch 3 loss 0.3507 step_s 0.0054 peak_mem_gb 1.205
2026-10-01 22:40:00,795 | DEBUG | step 3562 epoch 3 loss 0.1768 step_s 0.0053 peak_mem_gb 1.205
2026-10-01 22:40:00,801 | DEBUG | step 3563 epoch 3 loss 0.2948 step_s 0.0053 peak_mem_gb 1.205
2026-10-01 22:40:00,807 | DEBUG | step 3564 epoch 3 loss 0.6320 step_s 0.0053 peak_mem_gb 1.205
2026-10-01 22:40:00,813 | DEBUG | step 3565 epoch 3 loss 0.2329 step_s 0.0053 peak_mem_gb 1.205
2026-10-01 22:40:00,819 | DEBUG | step 3566 epoch 3 loss 0.2820 step_s 0.0053 peak_mem_gb 1.205
2026-10-01 22:40:00,825 | DEBUG | step 3567 epoch 3 loss 0.2966 step_s 0.0053 peak_mem_gb 1.205
2026-10-01 22:40:00,831 | DEBUG | step 3568 epoch 3 loss 0.2643 step_s 0.0053 peak_mem_gb 1.205
2026-10-01 22:40:00,837 | DEBUG | step 3569 epoch 3 loss 0.1598 step_s 0.0053 peak_mem_gb 1.205
2026-10-01 22:40:00,843 | DEBUG | step 3570 epoch 3 loss 0.2545 step_s 0.0053 peak_mem_gb 1.205
2026-10-01 22:40:00,849 | DEBUG | step 3571 epoch 3 loss 0.2990 step_s 0.0054 peak_mem_gb 1.205
2026-10-01 22:40:00,855 | DEBUG | step 3572 epoch 3 loss 0.3651 step_s 0.0054 peak_mem_gb 1.205
2026-10-01 22:40:00,861 | DEBUG | step 3573 epoch 3 loss 0.2331 step_s 0.0053 peak_mem_gb 1.205
2026-10-01 22:40:00,867 | DEBUG | step 3574 epoch 3 loss 0.3314 step_s 0.0053 peak_mem_gb 1.205
2026-10-01 22:40:00,873 | DEBUG | step 3575 epoch 3 loss 0.2486 step_s 0.0054 peak_mem_gb 1.205
2026-10-01 22:40:00,879 | DEBUG | step 3576 epoch 3 loss 0.3027 step_s 0.0054 peak_mem_gb 1.205
2026-10-01 22:40:00,885 | DEBUG | step 3577 epoch 3 loss 0.1866 step_s 0.0054 peak_mem_gb 1.205
2026-10-01 22:40:00,891 | DEBUG | step 3578 epoch 3 loss 0.2350 step_s 0.0053 peak_mem_gb 1.205
2026-10-01 22:40:00,897 | DEBUG | step 3579 epoch 3 loss 0.2004 step_s 0.0053 peak_mem_gb 1.205
2026-10-01 22:40:00,903 | DEBUG | step 3580 epoch 3 loss 0.2359 step_s 0.0053 peak_mem_gb 1.205
2026-10-01 22:40:00,909 | DEBUG | step 3581 epoch 3 loss 0.2547 step_s 0.0053 peak_mem_gb 1.205
2026-10-01 22:40:00,915 | DEBUG | step 3582 epoch 3 loss 0.3518 step_s 0.0053 peak_mem_gb 1.205
2026-10-01 22:40:00,921 | DEBUG | step 3583 epoch 3 loss 0.3172 step_s 0.0054 peak_mem_gb 1.205
2026-10-01 22:40:00,927 | DEBUG | step 3584 epoch 3 loss 0.1784 step_s 0.0053 peak_mem_gb 1.205
2026-10-01 22:40:00,933 | DEBUG | step 3585 epoch 3 loss 0.2220 step_s 0.0053 peak_mem_gb 1.205
2026-10-01 22:40:00,939 | DEBUG | step 3586 epoch 3 loss 0.2388 step_s 0.0054 peak_mem_gb 1.205
2026-10-01 22:40:00,945 | DEBUG | step 3587 epoch 3 loss 0.1815 step_s 0.0054 peak_mem_gb 1.205
2026-10-01 22:40:00,951 | DEBUG | step 3588 epoch 3 loss 0.1376 step_s 0.0053 peak_mem_gb 1.205
2026-10-01 22:40:00,957 | DEBUG | step 3589 epoch 3 loss 0.1373 step_s 0.0053 peak_mem_gb 1.205
2026-10-01 22:40:00,963 | DEBUG | step 3590 epoch 3 loss 0.1978 step_s 0.0053 peak_mem_gb 1.205
2026-10-01 22:40:00,969 | DEBUG | step 3591 epoch 3 loss 0.1158 step_s 0.0053 peak_mem_gb 1.205
2026-10-01 22:40:00,975 | DEBUG | step 3592 epoch 3 loss 0.1877 step_s 0.0053 peak_mem_gb 1.205
2026-10-01 22:40:00,981 | DEBUG | step 3593 epoch 3 loss 0.3378 step_s 0.0053 peak_mem_gb 1.205
2026-10-01 22:40:00,987 | DEBUG | step 3594 epoch 3 loss 0.1338 step_s 0.0053 peak_mem_gb 1.205
2026-10-01 22:40:00,993 | DEBUG | step 3595 epoch 3 loss 0.2483 step_s 0.0054 peak_mem_gb 1.205
2026-10-01 22:40:00,999 | DEBUG | step 3596 epoch 3 loss 0.3192 step_s 0.0053 peak_mem_gb 1.205
2026-10-01 22:40:01,005 | DEBUG | step 3597 epoch 3 loss 0.3004 step_s 0.0054 peak_mem_gb 1.205
2026-10-01 22:40:01,011 | DEBUG | step 3598 epoch 3 loss 0.2257 step_s 0.0053 peak_mem_gb 1.205
2026-10-01 22:40:01,017 | DEBUG | step 3599 epoch 3 loss 0.4146 step_s 0.0053 peak_mem_gb 1.205
2026-10-01 22:40:01,023 | INFO | step 3600 epoch 3 loss 0.2549 step_s 0.0054 peak_mem_gb 1.205
2026-10-01 22:40:01,030 | DEBUG | step 3601 epoch 3 loss 0.2226 step_s 0.0054 peak_mem_gb 1.205
2026-10-01 22:40:01,036 | DEBUG | step 3602 epoch 3 loss 0.5115 step_s 0.0054 peak_mem_gb 1.205
2026-10-01 22:40:01,042 | DEBUG | step 3603 epoch 3 loss 0.3542 step_s 0.0054 peak_mem_gb 1.205
2026-10-01 22:40:01,048 | DEBUG | step 3604 epoch 3 loss 0.2397 step_s 0.0053 peak_mem_gb 1.205
2026-10-01 22:40:01,054 | DEBUG | step 3605 epoch 3 loss 0.2659 step_s 0.0054 peak_mem_gb 1.205
2026-10-01 22:40:01,060 | DEBUG | step 3606 epoch 3 loss 0.1983 step_s 0.0054 peak_mem_gb 1.205
2026-10-01 22:40:01,066 | DEBUG | step 3607 epoch 3 loss 0.2794 step_s 0.0053 peak_mem_gb 1.205
2026-10-01 22:40:01,073 | DEBUG | step 3608 epoch 3 loss 0.4581 step_s 0.0054 peak_mem_gb 1.205
2026-10-01 22:40:01,079 | DEBUG | step 3609 epoch 3 loss 0.3717 step_s 0.0053 peak_mem_gb 1.205
2026-10-01 22:40:01,085 | DEBUG | step 3610 epoch 3 loss 0.2660 step_s 0.0054 peak_mem_gb 1.205
2026-10-01 22:40:01,091 | DEBUG | step 3611 epoch 3 loss 0.2851 step_s 0.0054 peak_mem_gb 1.205
2026-10-01 22:40:01,097 | DEBUG | step 3612 epoch 3 loss 0.3470 step_s 0.0054 peak_mem_gb 1.205
2026-10-01 22:40:01,103 | DEBUG | step 3613 epoch 3 loss 0.3412 step_s 0.0055 peak_mem_gb 1.205
2026-10-01 22:40:01,109 | DEBUG | step 3614 epoch 3 loss 0.2895 step_s 0.0053 peak_mem_gb 1.205
2026-10-01 22:40:01,115 | DEBUG | step 3615 epoch 3 loss 0.2236 step_s 0.0054 peak_mem_gb 1.205
2026-10-01 22:40:01,121 | DEBUG | step 3616 epoch 3 loss 0.2823 step_s 0.0054 peak_mem_gb 1.205
2026-10-01 22:40:01,127 | DEBUG | step 3617 epoch 3 loss 0.1591 step_s 0.0053 peak_mem_gb 1.205
2026-10-01 22:40:01,133 | DEBUG | step 3618 epoch 3 loss 0.1413 step_s 0.0054 peak_mem_gb 1.205
2026-10-01 22:40:01,139 | DEBUG | step 3619 epoch 3 loss 0.2524 step_s 0.0054 peak_mem_gb 1.205
2026-10-01 22:40:01,145 | DEBUG | step 3620 epoch 3 loss 0.2207 step_s 0.0053 peak_mem_gb 1.205
2026-10-01 22:40:01,151 | DEBUG | step 3621 epoch 3 loss 0.2490 step_s 0.0054 peak_mem_gb 1.205
2026-10-01 22:40:01,157 | DEBUG | step 3622 epoch 3 loss 0.2236 step_s 0.0053 peak_mem_gb 1.205
2026-10-01 22:40:01,163 | DEBUG | step 3623 epoch 3 loss 0.2844 step_s 0.0053 peak_mem_gb 1.205
2026-10-01 22:40:01,169 | DEBUG | step 3624 epoch 3 loss 0.3231 step_s 0.0054 peak_mem_gb 1.205
2026-10-01 22:40:01,175 | DEBUG | step 3625 epoch 3 loss 0.2423 step_s 0.0054 peak_mem_gb 1.205
2026-10-01 22:40:01,181 | DEBUG | step 3626 epoch 3 loss 0.2449 step_s 0.0053 peak_mem_gb 1.205
2026-10-01 22:40:01,187 | DEBUG | step 3627 epoch 3 loss 0.2369 step_s 0.0053 peak_mem_gb 1.205
2026-10-01 22:40:01,193 | DEBUG | step 3628 epoch 3 loss 0.2216 step_s 0.0053 peak_mem_gb 1.205
2026-10-01 22:40:01,199 | DEBUG | step 3629 epoch 3 loss 0.2747 step_s 0.0054 peak_mem_gb 1.205
2026-10-01 22:40:01,205 | DEBUG | step 3630 epoch 3 loss 0.2886 step_s 0.0053 peak_mem_gb 1.205
2026-10-01 22:40:01,211 | DEBUG | step 3631 epoch 3 loss 0.2882 step_s 0.0054 peak_mem_gb 1.205
2026-10-01 22:40:01,217 | DEBUG | step 3632 epoch 3 loss 0.2661 step_s 0.0053 peak_mem_gb 1.205
2026-10-01 22:40:01,223 | DEBUG | step 3633 epoch 3 loss 0.1489 step_s 0.0054 peak_mem_gb 1.205
2026-10-01 22:40:01,229 | DEBUG | step 3634 epoch 3 loss 0.3384 step_s 0.0054 peak_mem_gb 1.205
2026-10-01 22:40:01,235 | DEBUG | step 3635 epoch 3 loss 0.3593 step_s 0.0054 peak_mem_gb 1.205
2026-10-01 22:40:01,241 | DEBUG | step 3636 epoch 3 loss 0.3092 step_s 0.0053 peak_mem_gb 1.205
2026-10-01 22:40:01,247 | DEBUG | step 3637 epoch 3 loss 0.2760 step_s 0.0054 peak_mem_gb 1.205
2026-10-01 22:40:01,253 | DEBUG | step 3638 epoch 3 loss 0.2634 step_s 0.0054 peak_mem_gb 1.205
2026-10-01 22:40:01,259 | DEBUG | step 3639 epoch 3 loss 0.3902 step_s 0.0053 peak_mem_gb 1.205
2026-10-01 22:40:01,265 | DEBUG | step 3640 epoch 3 loss 0.3820 step_s 0.0053 peak_mem_gb 1.205
2026-10-01 22:40:01,271 | DEBUG | step 3641 epoch 3 loss 0.5149 step_s 0.0054 peak_mem_gb 1.205
2026-10-01 22:40:01,277 | DEBUG | step 3642 epoch 3 loss 0.4325 step_s 0.0053 peak_mem_gb 1.205
2026-10-01 22:40:01,283 | DEBUG | step 3643 epoch 3 loss 0.1971 step_s 0.0054 peak_mem_gb 1.205
2026-10-01 22:40:01,289 | DEBUG | step 3644 epoch 3 loss 0.1903 step_s 0.0053 peak_mem_gb 1.205
2026-10-01 22:40:01,295 | DEBUG | step 3645 epoch 3 loss 0.2827 step_s 0.0054 peak_mem_gb 1.205
2026-10-01 22:40:01,301 | DEBUG | step 3646 epoch 3 loss 0.1853 step_s 0.0054 peak_mem_gb 1.205
2026-10-01 22:40:01,307 | DEBUG | step 3647 epoch 3 loss 0.2820 step_s 0.0054 peak_mem_gb 1.205
2026-10-01 22:40:01,313 | DEBUG | step 3648 epoch 3 loss 0.2229 step_s 0.0053 peak_mem_gb 1.205
2026-10-01 22:40:01,320 | DEBUG | step 3649 epoch 3 loss 0.3426 step_s 0.0054 peak_mem_gb 1.205
2026-10-01 22:40:01,326 | DEBUG | step 3650 epoch 3 loss 0.2906 step_s 0.0055 peak_mem_gb 1.205
2026-10-01 22:40:01,332 | DEBUG | step 3651 epoch 3 loss 0.2030 step_s 0.0053 peak_mem_gb 1.205
2026-10-01 22:40:01,338 | DEBUG | step 3652 epoch 3 loss 0.2931 step_s 0.0053 peak_mem_gb 1.205
2026-10-01 22:40:01,344 | DEBUG | step 3653 epoch 3 loss 0.2703 step_s 0.0054 peak_mem_gb 1.205
2026-10-01 22:40:01,350 | DEBUG | step 3654 epoch 3 loss 0.2492 step_s 0.0053 peak_mem_gb 1.205
2026-10-01 22:40:01,356 | DEBUG | step 3655 epoch 3 loss 0.2342 step_s 0.0053 peak_mem_gb 1.205
2026-10-01 22:40:01,362 | DEBUG | step 3656 epoch 3 loss 0.1671 step_s 0.0054 peak_mem_gb 1.205
2026-10-01 22:40:01,368 | DEBUG | step 3657 epoch 3 loss 0.2015 step_s 0.0054 peak_mem_gb 1.205
2026-10-01 22:40:01,374 | DEBUG | step 3658 epoch 3 loss 0.2647 step_s 0.0054 peak_mem_gb 1.205
2026-10-01 22:40:01,380 | DEBUG | step 3659 epoch 3 loss 0.2999 step_s 0.0053 peak_mem_gb 1.205
2026-10-01 22:40:01,386 | DEBUG | step 3660 epoch 3 loss 0.1339 step_s 0.0053 peak_mem_gb 1.205
2026-10-01 22:40:01,392 | DEBUG | step 3661 epoch 3 loss 0.3028 step_s 0.0053 peak_mem_gb 1.205
2026-10-01 22:40:01,398 | DEBUG | step 3662 epoch 3 loss 0.2234 step_s 0.0053 peak_mem_gb 1.205
2026-10-01 22:40:01,404 | DEBUG | step 3663 epoch 3 loss 0.1941 step_s 0.0053 peak_mem_gb 1.205
2026-10-01 22:40:01,410 | DEBUG | step 3664 epoch 3 loss 0.2196 step_s 0.0054 peak_mem_gb 1.205
2026-10-01 22:40:01,416 | DEBUG | step 3665 epoch 3 loss 0.3404 step_s 0.0054 peak_mem_gb 1.205
2026-10-01 22:40:01,422 | DEBUG | step 3666 epoch 3 loss 0.4392 step_s 0.0054 peak_mem_gb 1.205
2026-10-01 22:40:01,428 | DEBUG | step 3667 epoch 3 loss 0.2080 step_s 0.0054 peak_mem_gb 1.205
2026-10-01 22:40:01,434 | DEBUG | step 3668 epoch 3 loss 0.3117 step_s 0.0053 peak_mem_gb 1.205
2026-10-01 22:40:01,440 | DEBUG | step 3669 epoch 3 loss 0.2989 step_s 0.0054 peak_mem_gb 1.205
2026-10-01 22:40:01,446 | DEBUG | step 3670 epoch 3 loss 0.2615 step_s 0.0054 peak_mem_gb 1.205
2026-10-01 22:40:01,452 | DEBUG | step 3671 epoch 3 loss 0.2102 step_s 0.0053 peak_mem_gb 1.205
2026-10-01 22:40:01,458 | DEBUG | step 3672 epoch 3 loss 0.1435 step_s 0.0053 peak_mem_gb 1.205
2026-10-01 22:40:01,464 | DEBUG | step 3673 epoch 3 loss 0.2176 step_s 0.0054 peak_mem_gb 1.205
2026-10-01 22:40:01,470 | DEBUG | step 3674 epoch 3 loss 0.2929 step_s 0.0053 peak_mem_gb 1.205
2026-10-01 22:40:01,476 | DEBUG | step 3675 epoch 3 loss 0.2389 step_s 0.0053 peak_mem_gb 1.205
2026-10-01 22:40:01,482 | DEBUG | step 3676 epoch 3 loss 0.2279 step_s 0.0053 peak_mem_gb 1.205
2026-10-01 22:40:01,488 | DEBUG | step 3677 epoch 3 loss 0.1308 step_s 0.0054 peak_mem_gb 1.205
2026-10-01 22:40:01,494 | DEBUG | step 3678 epoch 3 loss 0.3436 step_s 0.0054 peak_mem_gb 1.205
2026-10-01 22:40:01,500 | DEBUG | step 3679 epoch 3 loss 0.3256 step_s 0.0054 peak_mem_gb 1.205
2026-10-01 22:40:01,507 | DEBUG | step 3680 epoch 3 loss 0.2004 step_s 0.0059 peak_mem_gb 1.205
2026-10-01 22:40:01,513 | DEBUG | step 3681 epoch 3 loss 0.2735 step_s 0.0053 peak_mem_gb 1.205
2026-10-01 22:40:01,520 | DEBUG | step 3682 epoch 3 loss 0.2897 step_s 0.0054 peak_mem_gb 1.205
2026-10-01 22:40:01,526 | DEBUG | step 3683 epoch 3 loss 0.3106 step_s 0.0054 peak_mem_gb 1.205
2026-10-01 22:40:01,532 | DEBUG | step 3684 epoch 3 loss 0.2794 step_s 0.0053 peak_mem_gb 1.205
2026-10-01 22:40:01,538 | DEBUG | step 3685 epoch 3 loss 0.1562 step_s 0.0053 peak_mem_gb 1.205
2026-10-01 22:40:01,544 | DEBUG | step 3686 epoch 3 loss 0.2900 step_s 0.0053 peak_mem_gb 1.205
2026-10-01 22:40:01,550 | DEBUG | step 3687 epoch 3 loss 0.1868 step_s 0.0053 peak_mem_gb 1.205
2026-10-01 22:40:01,556 | DEBUG | step 3688 epoch 3 loss 0.2012 step_s 0.0054 peak_mem_gb 1.205
2026-10-01 22:40:01,562 | DEBUG | step 3689 epoch 3 loss 0.3182 step_s 0.0053 peak_mem_gb 1.205
2026-10-01 22:40:01,568 | DEBUG | step 3690 epoch 3 loss 0.3169 step_s 0.0054 peak_mem_gb 1.205
2026-10-01 22:40:01,574 | DEBUG | step 3691 epoch 3 loss 0.2298 step_s 0.0053 peak_mem_gb 1.205
2026-10-01 22:40:01,580 | DEBUG | step 3692 epoch 3 loss 0.2573 step_s 0.0054 peak_mem_gb 1.205
2026-10-01 22:40:01,586 | DEBUG | step 3693 epoch 3 loss 0.2791 step_s 0.0053 peak_mem_gb 1.205
2026-10-01 22:40:01,592 | DEBUG | step 3694 epoch 3 loss 0.2743 step_s 0.0054 peak_mem_gb 1.205
2026-10-01 22:40:01,598 | DEBUG | step 3695 epoch 3 loss 0.3009 step_s 0.0053 peak_mem_gb 1.205
2026-10-01 22:40:01,604 | DEBUG | step 3696 epoch 3 loss 0.1323 step_s 0.0055 peak_mem_gb 1.205
2026-10-01 22:40:01,610 | DEBUG | step 3697 epoch 3 loss 0.4576 step_s 0.0053 peak_mem_gb 1.205
2026-10-01 22:40:01,616 | DEBUG | step 3698 epoch 3 loss 0.1837 step_s 0.0054 peak_mem_gb 1.205
2026-10-01 22:40:01,622 | DEBUG | step 3699 epoch 3 loss 0.3156 step_s 0.0053 peak_mem_gb 1.205
2026-10-01 22:40:01,628 | DEBUG | step 3700 epoch 3 loss 0.2180 step_s 0.0053 peak_mem_gb 1.205
2026-10-01 22:40:01,634 | DEBUG | step 3701 epoch 3 loss 0.2838 step_s 0.0053 peak_mem_gb 1.205
2026-10-01 22:40:01,640 | DEBUG | step 3702 epoch 3 loss 0.2377 step_s 0.0053 peak_mem_gb 1.205
2026-10-01 22:40:01,646 | DEBUG | step 3703 epoch 3 loss 0.1758 step_s 0.0054 peak_mem_gb 1.205
2026-10-01 22:40:01,652 | DEBUG | step 3704 epoch 3 loss 0.2432 step_s 0.0054 peak_mem_gb 1.205
2026-10-01 22:40:01,659 | DEBUG | step 3705 epoch 3 loss 0.2251 step_s 0.0054 peak_mem_gb 1.205
2026-10-01 22:40:01,664 | DEBUG | step 3706 epoch 3 loss 0.2706 step_s 0.0053 peak_mem_gb 1.205
2026-10-01 22:40:01,670 | DEBUG | step 3707 epoch 3 loss 0.2661 step_s 0.0053 peak_mem_gb 1.205
2026-10-01 22:40:01,676 | DEBUG | step 3708 epoch 3 loss 0.2950 step_s 0.0053 peak_mem_gb 1.205
2026-10-01 22:40:01,682 | DEBUG | step 3709 epoch 3 loss 0.2499 step_s 0.0054 peak_mem_gb 1.205
2026-10-01 22:40:01,688 | DEBUG | step 3710 epoch 3 loss 0.1087 step_s 0.0053 peak_mem_gb 1.205
2026-10-01 22:40:01,694 | DEBUG | step 3711 epoch 3 loss 0.3991 step_s 0.0054 peak_mem_gb 1.205
2026-10-01 22:40:01,700 | DEBUG | step 3712 epoch 3 loss 0.2148 step_s 0.0054 peak_mem_gb 1.205
2026-10-01 22:40:01,706 | DEBUG | step 3713 epoch 3 loss 0.2566 step_s 0.0053 peak_mem_gb 1.205
2026-10-01 22:40:01,712 | DEBUG | step 3714 epoch 3 loss 0.1980 step_s 0.0053 peak_mem_gb 1.205
2026-10-01 22:40:01,718 | DEBUG | step 3715 epoch 3 loss 0.1874 step_s 0.0054 peak_mem_gb 1.205
2026-10-01 22:40:01,724 | DEBUG | step 3716 epoch 3 loss 0.3088 step_s 0.0053 peak_mem_gb 1.205
2026-10-01 22:40:01,730 | DEBUG | step 3717 epoch 3 loss 0.2012 step_s 0.0054 peak_mem_gb 1.205
2026-10-01 22:40:01,736 | DEBUG | step 3718 epoch 3 loss 0.2476 step_s 0.0053 peak_mem_gb 1.205
2026-10-01 22:40:01,742 | DEBUG | step 3719 epoch 3 loss 0.1998 step_s 0.0054 peak_mem_gb 1.205
2026-10-01 22:40:01,748 | DEBUG | step 3720 epoch 3 loss 0.3074 step_s 0.0053 peak_mem_gb 1.205
2026-10-01 22:40:01,754 | DEBUG | step 3721 epoch 3 loss 0.2794 step_s 0.0053 peak_mem_gb 1.205
2026-10-01 22:40:01,760 | DEBUG | step 3722 epoch 3 loss 0.2921 step_s 0.0053 peak_mem_gb 1.205
2026-10-01 22:40:01,766 | DEBUG | step 3723 epoch 3 loss 0.2834 step_s 0.0053 peak_mem_gb 1.205
2026-10-01 22:40:01,772 | DEBUG | step 3724 epoch 3 loss 0.3297 step_s 0.0054 peak_mem_gb 1.205
2026-10-01 22:40:01,778 | DEBUG | step 3725 epoch 3 loss 0.3389 step_s 0.0053 peak_mem_gb 1.205
2026-10-01 22:40:01,784 | DEBUG | step 3726 epoch 3 loss 0.3709 step_s 0.0053 peak_mem_gb 1.205
2026-10-01 22:40:01,790 | DEBUG | step 3727 epoch 3 loss 0.1713 step_s 0.0053 peak_mem_gb 1.205
2026-10-01 22:40:01,796 | DEBUG | step 3728 epoch 3 loss 0.2675 step_s 0.0053 peak_mem_gb 1.205
2026-10-01 22:40:01,802 | DEBUG | step 3729 epoch 3 loss 0.2518 step_s 0.0053 peak_mem_gb 1.205
2026-10-01 22:40:01,808 | DEBUG | step 3730 epoch 3 loss 0.3501 step_s 0.0053 peak_mem_gb 1.205
2026-10-01 22:40:01,814 | DEBUG | step 3731 epoch 3 loss 0.3350 step_s 0.0054 peak_mem_gb 1.205
2026-10-01 22:40:01,820 | DEBUG | step 3732 epoch 3 loss 0.2125 step_s 0.0053 peak_mem_gb 1.205
2026-10-01 22:40:01,826 | DEBUG | step 3733 epoch 3 loss 0.2519 step_s 0.0053 peak_mem_gb 1.205
2026-10-01 22:40:01,832 | DEBUG | step 3734 epoch 3 loss 0.2323 step_s 0.0053 peak_mem_gb 1.205
2026-10-01 22:40:01,838 | DEBUG | step 3735 epoch 3 loss 0.2576 step_s 0.0053 peak_mem_gb 1.205
2026-10-01 22:40:01,844 | DEBUG | step 3736 epoch 3 loss 0.2098 step_s 0.0053 peak_mem_gb 1.205
2026-10-01 22:40:01,850 | DEBUG | step 3737 epoch 3 loss 0.3256 step_s 0.0053 peak_mem_gb 1.205
2026-10-01 22:40:01,856 | DEBUG | step 3738 epoch 3 loss 0.3316 step_s 0.0054 peak_mem_gb 1.205
2026-10-01 22:40:01,862 | DEBUG | step 3739 epoch 3 loss 0.2295 step_s 0.0053 peak_mem_gb 1.205
2026-10-01 22:40:01,868 | DEBUG | step 3740 epoch 3 loss 0.2816 step_s 0.0053 peak_mem_gb 1.205
2026-10-01 22:40:01,874 | DEBUG | step 3741 epoch 3 loss 0.2082 step_s 0.0053 peak_mem_gb 1.205
2026-10-01 22:40:01,880 | DEBUG | step 3742 epoch 3 loss 0.3436 step_s 0.0053 peak_mem_gb 1.205
2026-10-01 22:40:01,886 | DEBUG | step 3743 epoch 3 loss 0.2691 step_s 0.0054 peak_mem_gb 1.205
2026-10-01 22:40:01,892 | DEBUG | step 3744 epoch 3 loss 0.2622 step_s 0.0053 peak_mem_gb 1.205
2026-10-01 22:40:01,898 | DEBUG | step 3745 epoch 3 loss 0.3211 step_s 0.0053 peak_mem_gb 1.205
2026-10-01 22:40:01,904 | DEBUG | step 3746 epoch 3 loss 0.1867 step_s 0.0053 peak_mem_gb 1.205
2026-10-01 22:40:01,910 | DEBUG | step 3747 epoch 3 loss 0.2479 step_s 0.0053 peak_mem_gb 1.205
2026-10-01 22:40:01,916 | DEBUG | step 3748 epoch 3 loss 0.2460 step_s 0.0053 peak_mem_gb 1.205
2026-10-01 22:40:01,922 | DEBUG | step 3749 epoch 3 loss 0.2678 step_s 0.0053 peak_mem_gb 1.205
2026-10-01 22:40:01,928 | DEBUG | step 3750 epoch 3 loss 0.4768 step_s 0.0053 peak_mem_gb 1.205
2026-10-01 22:40:01,934 | DEBUG | step 3751 epoch 3 loss 0.2291 step_s 0.0054 peak_mem_gb 1.205
2026-10-01 22:40:01,940 | DEBUG | step 3752 epoch 3 loss 0.2792 step_s 0.0054 peak_mem_gb 1.205
2026-10-01 22:40:01,946 | DEBUG | step 3753 epoch 3 loss 0.4014 step_s 0.0053 peak_mem_gb 1.205
2026-10-01 22:40:01,952 | DEBUG | step 3754 epoch 3 loss 0.2742 step_s 0.0053 peak_mem_gb 1.205
2026-10-01 22:40:01,959 | DEBUG | step 3755 epoch 3 loss 0.3532 step_s 0.0054 peak_mem_gb 1.205
2026-10-01 22:40:01,964 | DEBUG | step 3756 epoch 3 loss 0.1840 step_s 0.0053 peak_mem_gb 1.205
2026-10-01 22:40:01,970 | DEBUG | step 3757 epoch 3 loss 0.3982 step_s 0.0053 peak_mem_gb 1.205
2026-10-01 22:40:01,976 | DEBUG | step 3758 epoch 3 loss 0.2235 step_s 0.0053 peak_mem_gb 1.205
2026-10-01 22:40:01,982 | DEBUG | step 3759 epoch 3 loss 0.2261 step_s 0.0053 peak_mem_gb 1.205
2026-10-01 22:40:01,988 | DEBUG | step 3760 epoch 3 loss 0.3178 step_s 0.0053 peak_mem_gb 1.205
2026-10-01 22:40:01,994 | DEBUG | step 3761 epoch 3 loss 0.3083 step_s 0.0053 peak_mem_gb 1.205
2026-10-01 22:40:02,000 | DEBUG | step 3762 epoch 3 loss 0.2186 step_s 0.0053 peak_mem_gb 1.205
2026-10-01 22:40:02,007 | DEBUG | step 3763 epoch 3 loss 0.2095 step_s 0.0054 peak_mem_gb 1.205
2026-10-01 22:40:02,012 | DEBUG | step 3764 epoch 3 loss 0.2478 step_s 0.0053 peak_mem_gb 1.205
2026-10-01 22:40:02,018 | DEBUG | step 3765 epoch 3 loss 0.2046 step_s 0.0053 peak_mem_gb 1.205
2026-10-01 22:40:02,024 | DEBUG | step 3766 epoch 3 loss 0.3287 step_s 0.0053 peak_mem_gb 1.205
2026-10-01 22:40:02,030 | DEBUG | step 3767 epoch 3 loss 0.2618 step_s 0.0055 peak_mem_gb 1.205
2026-10-01 22:40:02,036 | DEBUG | step 3768 epoch 3 loss 0.2218 step_s 0.0054 peak_mem_gb 1.205
2026-10-01 22:40:02,043 | DEBUG | step 3769 epoch 3 loss 0.2279 step_s 0.0054 peak_mem_gb 1.205
2026-10-01 22:40:02,049 | DEBUG | step 3770 epoch 3 loss 0.2260 step_s 0.0053 peak_mem_gb 1.205
2026-10-01 22:40:02,055 | DEBUG | step 3771 epoch 3 loss 0.1252 step_s 0.0053 peak_mem_gb 1.205
2026-10-01 22:40:02,061 | DEBUG | step 3772 epoch 3 loss 0.2753 step_s 0.0053 peak_mem_gb 1.205
2026-10-01 22:40:02,067 | DEBUG | step 3773 epoch 3 loss 0.2767 step_s 0.0053 peak_mem_gb 1.205
2026-10-01 22:40:02,073 | DEBUG | step 3774 epoch 3 loss 0.1942 step_s 0.0053 peak_mem_gb 1.205
2026-10-01 22:40:02,079 | DEBUG | step 3775 epoch 3 loss 0.1192 step_s 0.0054 peak_mem_gb 1.205
2026-10-01 22:40:02,085 | DEBUG | step 3776 epoch 3 loss 0.1758 step_s 0.0053 peak_mem_gb 1.205
2026-10-01 22:40:02,091 | DEBUG | step 3777 epoch 3 loss 0.2419 step_s 0.0053 peak_mem_gb 1.205
2026-10-01 22:40:02,097 | DEBUG | step 3778 epoch 3 loss 0.3742 step_s 0.0053 peak_mem_gb 1.205
2026-10-01 22:40:02,103 | DEBUG | step 3779 epoch 3 loss 0.3006 step_s 0.0054 peak_mem_gb 1.205
2026-10-01 22:40:02,109 | DEBUG | step 3780 epoch 3 loss 0.2816 step_s 0.0053 peak_mem_gb 1.205
2026-10-01 22:40:02,115 | DEBUG | step 3781 epoch 3 loss 0.1786 step_s 0.0053 peak_mem_gb 1.205
2026-10-01 22:40:02,121 | DEBUG | step 3782 epoch 3 loss 0.1606 step_s 0.0053 peak_mem_gb 1.205
2026-10-01 22:40:02,127 | DEBUG | step 3783 epoch 3 loss 0.3619 step_s 0.0053 peak_mem_gb 1.205
2026-10-01 22:40:02,133 | DEBUG | step 3784 epoch 3 loss 0.2054 step_s 0.0053 peak_mem_gb 1.205
2026-10-01 22:40:02,139 | DEBUG | step 3785 epoch 3 loss 0.5416 step_s 0.0053 peak_mem_gb 1.205
2026-10-01 22:40:02,145 | DEBUG | step 3786 epoch 3 loss 0.2638 step_s 0.0053 peak_mem_gb 1.205
2026-10-01 22:40:02,151 | DEBUG | step 3787 epoch 3 loss 0.2558 step_s 0.0053 peak_mem_gb 1.205
2026-10-01 22:40:02,157 | DEBUG | step 3788 epoch 3 loss 0.3278 step_s 0.0053 peak_mem_gb 1.205
2026-10-01 22:40:02,163 | DEBUG | step 3789 epoch 3 loss 0.2611 step_s 0.0053 peak_mem_gb 1.205
2026-10-01 22:40:02,169 | DEBUG | step 3790 epoch 3 loss 0.4389 step_s 0.0054 peak_mem_gb 1.205
2026-10-01 22:40:02,175 | DEBUG | step 3791 epoch 3 loss 0.3398 step_s 0.0054 peak_mem_gb 1.205
2026-10-01 22:40:02,181 | DEBUG | step 3792 epoch 3 loss 0.2939 step_s 0.0053 peak_mem_gb 1.205
2026-10-01 22:40:02,187 | DEBUG | step 3793 epoch 3 loss 0.2628 step_s 0.0054 peak_mem_gb 1.205
2026-10-01 22:40:02,193 | DEBUG | step 3794 epoch 3 loss 0.2534 step_s 0.0053 peak_mem_gb 1.205
2026-10-01 22:40:02,199 | DEBUG | step 3795 epoch 3 loss 0.2370 step_s 0.0054 peak_mem_gb 1.205
2026-10-01 22:40:02,205 | DEBUG | step 3796 epoch 3 loss 0.2507 step_s 0.0054 peak_mem_gb 1.205
2026-10-01 22:40:02,211 | DEBUG | step 3797 epoch 3 loss 0.3558 step_s 0.0054 peak_mem_gb 1.205
2026-10-01 22:40:02,217 | DEBUG | step 3798 epoch 3 loss 0.2735 step_s 0.0054 peak_mem_gb 1.205
2026-10-01 22:40:02,223 | DEBUG | step 3799 epoch 3 loss 0.2245 step_s 0.0053 peak_mem_gb 1.205
2026-10-01 22:40:02,229 | INFO | step 3800 epoch 3 loss 0.1896 step_s 0.0054 peak_mem_gb 1.205
2026-10-01 22:40:02,236 | DEBUG | step 3801 epoch 3 loss 0.3034 step_s 0.0054 peak_mem_gb 1.205
2026-10-01 22:40:02,242 | DEBUG | step 3802 epoch 3 loss 0.2115 step_s 0.0054 peak_mem_gb 1.205
2026-10-01 22:40:02,248 | DEBUG | step 3803 epoch 3 loss 0.2207 step_s 0.0053 peak_mem_gb 1.205
2026-10-01 22:40:02,254 | DEBUG | step 3804 epoch 3 loss 0.1756 step_s 0.0053 peak_mem_gb 1.205
2026-10-01 22:40:02,260 | DEBUG | step 3805 epoch 3 loss 0.1670 step_s 0.0053 peak_mem_gb 1.205
2026-10-01 22:40:02,266 | DEBUG | step 3806 epoch 3 loss 0.1658 step_s 0.0053 peak_mem_gb 1.205
2026-10-01 22:40:02,272 | DEBUG | step 3807 epoch 3 loss 0.2334 step_s 0.0054 peak_mem_gb 1.205
2026-10-01 22:40:02,278 | DEBUG | step 3808 epoch 3 loss 0.1945 step_s 0.0053 peak_mem_gb 1.205
2026-10-01 22:40:02,285 | DEBUG | step 3809 epoch 3 loss 0.2004 step_s 0.0053 peak_mem_gb 1.205
2026-10-01 22:40:02,290 | DEBUG | step 3810 epoch 3 loss 0.4050 step_s 0.0053 peak_mem_gb 1.205
2026-10-01 22:40:02,296 | DEBUG | step 3811 epoch 3 loss 0.1557 step_s 0.0053 peak_mem_gb 1.205
2026-10-01 22:40:02,302 | DEBUG | step 3812 epoch 3 loss 0.1941 step_s 0.0054 peak_mem_gb 1.205
2026-10-01 22:40:02,308 | DEBUG | step 3813 epoch 3 loss 0.2721 step_s 0.0053 peak_mem_gb 1.205
2026-10-01 22:40:02,315 | DEBUG | step 3814 epoch 3 loss 0.2808 step_s 0.0054 peak_mem_gb 1.205
2026-10-01 22:40:02,321 | DEBUG | step 3815 epoch 3 loss 0.3196 step_s 0.0053 peak_mem_gb 1.205
2026-10-01 22:40:02,327 | DEBUG | step 3816 epoch 3 loss 0.3949 step_s 0.0054 peak_mem_gb 1.205
2026-10-01 22:40:02,333 | DEBUG | step 3817 epoch 3 loss 0.1712 step_s 0.0054 peak_mem_gb 1.205
2026-10-01 22:40:02,339 | DEBUG | step 3818 epoch 3 loss 0.3443 step_s 0.0054 peak_mem_gb 1.205
2026-10-01 22:40:02,345 | DEBUG | step 3819 epoch 3 loss 0.2766 step_s 0.0053 peak_mem_gb 1.205
2026-10-01 22:40:02,351 | DEBUG | step 3820 epoch 3 loss 0.2206 step_s 0.0054 peak_mem_gb 1.205
2026-10-01 22:40:02,357 | DEBUG | step 3821 epoch 3 loss 0.2712 step_s 0.0053 peak_mem_gb 1.205
2026-10-01 22:40:02,363 | DEBUG | step 3822 epoch 3 loss 0.2158 step_s 0.0053 peak_mem_gb 1.205
2026-10-01 22:40:02,369 | DEBUG | step 3823 epoch 3 loss 0.2086 step_s 0.0053 peak_mem_gb 1.205
2026-10-01 22:40:02,375 | DEBUG | step 3824 epoch 3 loss 0.2160 step_s 0.0053 peak_mem_gb 1.205
2026-10-01 22:40:02,382 | DEBUG | step 3825 epoch 3 loss 0.1905 step_s 0.0055 peak_mem_gb 1.205
2026-10-01 22:40:02,388 | DEBUG | step 3826 epoch 3 loss 0.1916 step_s 0.0053 peak_mem_gb 1.205
2026-10-01 22:40:02,394 | DEBUG | step 3827 epoch 3 loss 0.3672 step_s 0.0053 peak_mem_gb 1.205
2026-10-01 22:40:02,400 | DEBUG | step 3828 epoch 3 loss 0.2415 step_s 0.0053 peak_mem_gb 1.205
2026-10-01 22:40:02,406 | DEBUG | step 3829 epoch 3 loss 0.3051 step_s 0.0054 peak_mem_gb 1.205
2026-10-01 22:40:02,412 | DEBUG | step 3830 epoch 3 loss 0.1784 step_s 0.0053 peak_mem_gb 1.205
2026-10-01 22:40:02,418 | DEBUG | step 3831 epoch 3 loss 0.1677 step_s 0.0054 peak_mem_gb 1.205
2026-10-01 22:40:02,424 | DEBUG | step 3832 epoch 3 loss 0.2088 step_s 0.0053 peak_mem_gb 1.205
2026-10-01 22:40:02,430 | DEBUG | step 3833 epoch 3 loss 0.2951 step_s 0.0053 peak_mem_gb 1.205
2026-10-01 22:40:02,436 | DEBUG | step 3834 epoch 3 loss 0.2891 step_s 0.0055 peak_mem_gb 1.205
2026-10-01 22:40:02,442 | DEBUG | step 3835 epoch 3 loss 0.2418 step_s 0.0053 peak_mem_gb 1.205
2026-10-01 22:40:02,448 | DEBUG | step 3836 epoch 3 loss 0.2592 step_s 0.0053 peak_mem_gb 1.205
2026-10-01 22:40:02,454 | DEBUG | step 3837 epoch 3 loss 0.3986 step_s 0.0053 peak_mem_gb 1.205
2026-10-01 22:40:02,460 | DEBUG | step 3838 epoch 3 loss 0.3618 step_s 0.0054 peak_mem_gb 1.205
2026-10-01 22:40:02,466 | DEBUG | step 3839 epoch 3 loss 0.3631 step_s 0.0054 peak_mem_gb 1.205
2026-10-01 22:40:02,472 | DEBUG | step 3840 epoch 3 loss 0.3240 step_s 0.0054 peak_mem_gb 1.205
2026-10-01 22:40:02,479 | DEBUG | step 3841 epoch 3 loss 0.3039 step_s 0.0053 peak_mem_gb 1.205
2026-10-01 22:40:02,484 | DEBUG | step 3842 epoch 3 loss 0.2373 step_s 0.0053 peak_mem_gb 1.205
2026-10-01 22:40:02,490 | DEBUG | step 3843 epoch 3 loss 0.2924 step_s 0.0054 peak_mem_gb 1.205
2026-10-01 22:40:02,496 | DEBUG | step 3844 epoch 3 loss 0.2949 step_s 0.0053 peak_mem_gb 1.205
2026-10-01 22:40:02,502 | DEBUG | step 3845 epoch 3 loss 0.2431 step_s 0.0054 peak_mem_gb 1.205
2026-10-01 22:40:02,509 | DEBUG | step 3846 epoch 3 loss 0.1839 step_s 0.0056 peak_mem_gb 1.205
2026-10-01 22:40:02,515 | DEBUG | step 3847 epoch 3 loss 0.2809 step_s 0.0053 peak_mem_gb 1.205
2026-10-01 22:40:02,521 | DEBUG | step 3848 epoch 3 loss 0.3248 step_s 0.0054 peak_mem_gb 1.205
2026-10-01 22:40:02,527 | DEBUG | step 3849 epoch 3 loss 0.1795 step_s 0.0053 peak_mem_gb 1.205
2026-10-01 22:40:02,533 | DEBUG | step 3850 epoch 3 loss 0.3274 step_s 0.0053 peak_mem_gb 1.205
2026-10-01 22:40:02,539 | DEBUG | step 3851 epoch 3 loss 0.3130 step_s 0.0053 peak_mem_gb 1.205
2026-10-01 22:40:02,545 | DEBUG | step 3852 epoch 3 loss 0.3608 step_s 0.0053 peak_mem_gb 1.205
2026-10-01 22:40:02,551 | DEBUG | step 3853 epoch 3 loss 0.2774 step_s 0.0054 peak_mem_gb 1.205
2026-10-01 22:40:02,557 | DEBUG | step 3854 epoch 3 loss 0.2286 step_s 0.0054 peak_mem_gb 1.205
2026-10-01 22:40:02,563 | DEBUG | step 3855 epoch 3 loss 0.2132 step_s 0.0053 peak_mem_gb 1.205
2026-10-01 22:40:02,569 | DEBUG | step 3856 epoch 3 loss 0.2046 step_s 0.0053 peak_mem_gb 1.205
2026-10-01 22:40:02,575 | DEBUG | step 3857 epoch 3 loss 0.3041 step_s 0.0053 peak_mem_gb 1.205
2026-10-01 22:40:02,581 | DEBUG | step 3858 epoch 3 loss 0.4275 step_s 0.0053 peak_mem_gb 1.205
2026-10-01 22:40:02,587 | DEBUG | step 3859 epoch 3 loss 0.2317 step_s 0.0053 peak_mem_gb 1.205
2026-10-01 22:40:02,593 | DEBUG | step 3860 epoch 3 loss 0.2456 step_s 0.0054 peak_mem_gb 1.205
2026-10-01 22:40:02,598 | DEBUG | step 3861 epoch 3 loss 0.2999 step_s 0.0053 peak_mem_gb 1.205
2026-10-01 22:40:02,605 | DEBUG | step 3862 epoch 3 loss 0.2457 step_s 0.0054 peak_mem_gb 1.205
2026-10-01 22:40:02,611 | DEBUG | step 3863 epoch 3 loss 0.2229 step_s 0.0053 peak_mem_gb 1.205
2026-10-01 22:40:02,616 | DEBUG | step 3864 epoch 3 loss 0.2186 step_s 0.0053 peak_mem_gb 1.205
2026-10-01 22:40:02,623 | DEBUG | step 3865 epoch 3 loss 0.2163 step_s 0.0054 peak_mem_gb 1.205
2026-10-01 22:40:02,629 | DEBUG | step 3866 epoch 3 loss 0.2814 step_s 0.0053 peak_mem_gb 1.205
2026-10-01 22:40:02,635 | DEBUG | step 3867 epoch 3 loss 0.2366 step_s 0.0054 peak_mem_gb 1.205
2026-10-01 22:40:02,639 | DEBUG | step 3868 epoch 3 loss 0.1500 step_s 0.0054 peak_mem_gb 1.205
2026-10-01 22:40:02,645 | DEBUG | step 3869 epoch 3 loss 0.3952 step_s 0.0054 peak_mem_gb 1.205
2026-10-01 22:40:02,651 | DEBUG | step 3870 epoch 3 loss 0.2481 step_s 0.0054 peak_mem_gb 1.205
2026-10-01 22:40:02,657 | DEBUG | step 3871 epoch 3 loss 0.2134 step_s 0.0053 peak_mem_gb 1.205
2026-10-01 22:40:02,663 | DEBUG | step 3872 epoch 3 loss 0.1823 step_s 0.0053 peak_mem_gb 1.205
2026-10-01 22:40:02,669 | DEBUG | step 3873 epoch 3 loss 0.2311 step_s 0.0053 peak_mem_gb 1.205
2026-10-01 22:40:02,675 | DEBUG | step 3874 epoch 3 loss 0.4402 step_s 0.0053 peak_mem_gb 1.205
2026-10-01 22:40:02,681 | DEBUG | step 3875 epoch 3 loss 0.3347 step_s 0.0053 peak_mem_gb 1.205
2026-10-01 22:40:02,687 | DEBUG | step 3876 epoch 3 loss 0.2661 step_s 0.0054 peak_mem_gb 1.205
2026-10-01 22:40:02,693 | DEBUG | step 3877 epoch 3 loss 0.3233 step_s 0.0054 peak_mem_gb 1.205
2026-10-01 22:40:02,699 | DEBUG | step 3878 epoch 3 loss 0.3082 step_s 0.0054 peak_mem_gb 1.205
2026-10-01 22:40:02,705 | DEBUG | step 3879 epoch 3 loss 0.1660 step_s 0.0054 peak_mem_gb 1.205
2026-10-01 22:40:02,711 | DEBUG | step 3880 epoch 3 loss 0.3206 step_s 0.0053 peak_mem_gb 1.205
2026-10-01 22:40:02,718 | DEBUG | step 3881 epoch 3 loss 0.3343 step_s 0.0054 peak_mem_gb 1.205
2026-10-01 22:40:02,724 | DEBUG | step 3882 epoch 3 loss 0.3032 step_s 0.0053 peak_mem_gb 1.205
2026-10-01 22:40:02,730 | DEBUG | step 3883 epoch 3 loss 0.3318 step_s 0.0054 peak_mem_gb 1.205
2026-10-01 22:40:02,736 | DEBUG | step 3884 epoch 3 loss 0.1722 step_s 0.0054 peak_mem_gb 1.205
2026-10-01 22:40:02,742 | DEBUG | step 3885 epoch 3 loss 0.2912 step_s 0.0055 peak_mem_gb 1.205
2026-10-01 22:40:02,748 | DEBUG | step 3886 epoch 3 loss 0.3098 step_s 0.0054 peak_mem_gb 1.205
2026-10-01 22:40:02,754 | DEBUG | step 3887 epoch 3 loss 0.2594 step_s 0.0053 peak_mem_gb 1.205
2026-10-01 22:40:02,760 | DEBUG | step 3888 epoch 3 loss 0.2274 step_s 0.0054 peak_mem_gb 1.205
2026-10-01 22:40:02,767 | DEBUG | step 3889 epoch 3 loss 0.3319 step_s 0.0053 peak_mem_gb 1.205
2026-10-01 22:40:02,773 | DEBUG | step 3890 epoch 3 loss 0.1473 step_s 0.0053 peak_mem_gb 1.205
2026-10-01 22:40:02,779 | DEBUG | step 3891 epoch 3 loss 0.2455 step_s 0.0053 peak_mem_gb 1.205
2026-10-01 22:40:02,785 | DEBUG | step 3892 epoch 3 loss 0.3363 step_s 0.0053 peak_mem_gb 1.205
2026-10-01 22:40:02,791 | DEBUG | step 3893 epoch 3 loss 0.2114 step_s 0.0054 peak_mem_gb 1.205
2026-10-01 22:40:02,797 | DEBUG | step 3894 epoch 3 loss 0.2109 step_s 0.0054 peak_mem_gb 1.205
2026-10-01 22:40:02,803 | DEBUG | step 3895 epoch 3 loss 0.3041 step_s 0.0054 peak_mem_gb 1.205
2026-10-01 22:40:02,809 | DEBUG | step 3896 epoch 3 loss 0.3004 step_s 0.0053 peak_mem_gb 1.205
2026-10-01 22:40:02,815 | DEBUG | step 3897 epoch 3 loss 0.2565 step_s 0.0054 peak_mem_gb 1.205
2026-10-01 22:40:02,821 | DEBUG | step 3898 epoch 3 loss 0.2235 step_s 0.0054 peak_mem_gb 1.205
2026-10-01 22:40:02,827 | DEBUG | step 3899 epoch 3 loss 0.2193 step_s 0.0054 peak_mem_gb 1.205
2026-10-01 22:40:02,833 | DEBUG | step 3900 epoch 3 loss 0.3122 step_s 0.0054 peak_mem_gb 1.205
2026-10-01 22:40:02,839 | DEBUG | step 3901 epoch 3 loss 0.2939 step_s 0.0054 peak_mem_gb 1.205
2026-10-01 22:40:02,845 | DEBUG | step 3902 epoch 3 loss 0.1328 step_s 0.0054 peak_mem_gb 1.205
2026-10-01 22:40:02,851 | DEBUG | step 3903 epoch 3 loss 0.2905 step_s 0.0054 peak_mem_gb 1.205
2026-10-01 22:40:02,858 | DEBUG | step 3904 epoch 3 loss 0.2760 step_s 0.0054 peak_mem_gb 1.205
2026-10-01 22:40:02,864 | DEBUG | step 3905 epoch 3 loss 0.3904 step_s 0.0053 peak_mem_gb 1.205
2026-10-01 22:40:02,870 | DEBUG | step 3906 epoch 3 loss 0.1725 step_s 0.0054 peak_mem_gb 1.205
2026-10-01 22:40:02,876 | DEBUG | step 3907 epoch 3 loss 0.2514 step_s 0.0053 peak_mem_gb 1.205
2026-10-01 22:40:02,882 | DEBUG | step 3908 epoch 3 loss 0.2592 step_s 0.0054 peak_mem_gb 1.205
2026-10-01 22:40:02,888 | DEBUG | step 3909 epoch 3 loss 0.1748 step_s 0.0054 peak_mem_gb 1.205
2026-10-01 22:40:02,894 | DEBUG | step 3910 epoch 3 loss 0.2365 step_s 0.0054 peak_mem_gb 1.205
2026-10-01 22:40:02,900 | DEBUG | step 3911 epoch 3 loss 0.2127 step_s 0.0054 peak_mem_gb 1.205
2026-10-01 22:40:02,906 | DEBUG | step 3912 epoch 3 loss 0.1934 step_s 0.0054 peak_mem_gb 1.205
2026-10-01 22:40:02,912 | DEBUG | step 3913 epoch 3 loss 0.2931 step_s 0.0053 peak_mem_gb 1.205
2026-10-01 22:40:02,918 | DEBUG | step 3914 epoch 3 loss 0.2107 step_s 0.0054 peak_mem_gb 1.205
2026-10-01 22:40:02,924 | DEBUG | step 3915 epoch 3 loss 0.2096 step_s 0.0053 peak_mem_gb 1.205
2026-10-01 22:40:02,930 | DEBUG | step 3916 epoch 3 loss 0.1857 step_s 0.0053 peak_mem_gb 1.205
2026-10-01 22:40:02,936 | DEBUG | step 3917 epoch 3 loss 0.2618 step_s 0.0053 peak_mem_gb 1.205
2026-10-01 22:40:02,942 | DEBUG | step 3918 epoch 3 loss 0.2089 step_s 0.0053 peak_mem_gb 1.205
2026-10-01 22:40:02,948 | DEBUG | step 3919 epoch 3 loss 0.2456 step_s 0.0053 peak_mem_gb 1.205
2026-10-01 22:40:02,954 | DEBUG | step 3920 epoch 3 loss 0.1731 step_s 0.0053 peak_mem_gb 1.205
2026-10-01 22:40:02,960 | DEBUG | step 3921 epoch 3 loss 0.4564 step_s 0.0053 peak_mem_gb 1.205
2026-10-01 22:40:02,966 | DEBUG | step 3922 epoch 3 loss 0.3695 step_s 0.0054 peak_mem_gb 1.205
2026-10-01 22:40:02,972 | DEBUG | step 3923 epoch 3 loss 0.2171 step_s 0.0054 peak_mem_gb 1.205
2026-10-01 22:40:02,978 | DEBUG | step 3924 epoch 3 loss 0.3987 step_s 0.0054 peak_mem_gb 1.205
2026-10-01 22:40:02,984 | DEBUG | step 3925 epoch 3 loss 0.2731 step_s 0.0054 peak_mem_gb 1.205
2026-10-01 22:40:02,990 | DEBUG | step 3926 epoch 3 loss 0.3836 step_s 0.0053 peak_mem_gb 1.205
2026-10-01 22:40:02,996 | DEBUG | step 3927 epoch 3 loss 0.3683 step_s 0.0053 peak_mem_gb 1.205
2026-10-01 22:40:03,002 | DEBUG | step 3928 epoch 3 loss 0.4075 step_s 0.0054 peak_mem_gb 1.205
2026-10-01 22:40:03,008 | DEBUG | step 3929 epoch 3 loss 0.2239 step_s 0.0054 peak_mem_gb 1.205
2026-10-01 22:40:03,014 | DEBUG | step 3930 epoch 3 loss 0.3317 step_s 0.0054 peak_mem_gb 1.205
2026-10-01 22:40:03,021 | DEBUG | step 3931 epoch 3 loss 0.2295 step_s 0.0054 peak_mem_gb 1.205
2026-10-01 22:40:03,026 | DEBUG | step 3932 epoch 3 loss 0.3825 step_s 0.0053 peak_mem_gb 1.205
2026-10-01 22:40:03,032 | DEBUG | step 3933 epoch 3 loss 0.3043 step_s 0.0053 peak_mem_gb 1.205
2026-10-01 22:40:03,038 | DEBUG | step 3934 epoch 3 loss 0.2048 step_s 0.0053 peak_mem_gb 1.205
2026-10-01 22:40:03,044 | DEBUG | step 3935 epoch 3 loss 0.2073 step_s 0.0053 peak_mem_gb 1.205
2026-10-01 22:40:03,050 | DEBUG | step 3936 epoch 3 loss 0.1894 step_s 0.0054 peak_mem_gb 1.205
2026-10-01 22:40:03,057 | DEBUG | step 3937 epoch 3 loss 0.3269 step_s 0.0054 peak_mem_gb 1.205
2026-10-01 22:40:03,062 | DEBUG | step 3938 epoch 3 loss 0.2198 step_s 0.0053 peak_mem_gb 1.205
2026-10-01 22:40:03,069 | DEBUG | step 3939 epoch 3 loss 0.3048 step_s 0.0054 peak_mem_gb 1.205
2026-10-01 22:40:03,075 | DEBUG | step 3940 epoch 3 loss 0.2924 step_s 0.0054 peak_mem_gb 1.205
2026-10-01 22:40:03,081 | DEBUG | step 3941 epoch 3 loss 0.2990 step_s 0.0053 peak_mem_gb 1.205
2026-10-01 22:40:03,087 | DEBUG | step 3942 epoch 3 loss 0.2158 step_s 0.0053 peak_mem_gb 1.205
2026-10-01 22:40:03,093 | DEBUG | step 3943 epoch 3 loss 0.2278 step_s 0.0054 peak_mem_gb 1.205
2026-10-01 22:40:03,099 | DEBUG | step 3944 epoch 3 loss 0.2574 step_s 0.0054 peak_mem_gb 1.205
2026-10-01 22:40:03,105 | DEBUG | step 3945 epoch 3 loss 0.1878 step_s 0.0054 peak_mem_gb 1.205
2026-10-01 22:40:03,111 | DEBUG | step 3946 epoch 3 loss 0.2811 step_s 0.0054 peak_mem_gb 1.205
2026-10-01 22:40:03,117 | DEBUG | step 3947 epoch 3 loss 0.2637 step_s 0.0054 peak_mem_gb 1.205
2026-10-01 22:40:03,123 | DEBUG | step 3948 epoch 3 loss 0.2263 step_s 0.0053 peak_mem_gb 1.205
2026-10-01 22:40:03,129 | DEBUG | step 3949 epoch 3 loss 0.2946 step_s 0.0053 peak_mem_gb 1.205
2026-10-01 22:40:03,135 | DEBUG | step 3950 epoch 3 loss 0.2415 step_s 0.0054 peak_mem_gb 1.205
2026-10-01 22:40:03,141 | DEBUG | step 3951 epoch 3 loss 0.1386 step_s 0.0054 peak_mem_gb 1.205
2026-10-01 22:40:03,147 | DEBUG | step 3952 epoch 3 loss 0.3290 step_s 0.0053 peak_mem_gb 1.205
2026-10-01 22:40:03,153 | DEBUG | step 3953 epoch 3 loss 0.2747 step_s 0.0053 peak_mem_gb 1.205
2026-10-01 22:40:03,159 | DEBUG | step 3954 epoch 3 loss 0.2600 step_s 0.0053 peak_mem_gb 1.205
2026-10-01 22:40:03,165 | DEBUG | step 3955 epoch 3 loss 0.1506 step_s 0.0053 peak_mem_gb 1.205
2026-10-01 22:40:03,171 | DEBUG | step 3956 epoch 3 loss 0.2078 step_s 0.0054 peak_mem_gb 1.205
2026-10-01 22:40:03,177 | DEBUG | step 3957 epoch 3 loss 0.4476 step_s 0.0054 peak_mem_gb 1.205
2026-10-01 22:40:03,183 | DEBUG | step 3958 epoch 3 loss 0.1477 step_s 0.0053 peak_mem_gb 1.205
2026-10-01 22:40:03,189 | DEBUG | step 3959 epoch 3 loss 0.2492 step_s 0.0054 peak_mem_gb 1.205
2026-10-01 22:40:03,195 | DEBUG | step 3960 epoch 3 loss 0.4526 step_s 0.0053 peak_mem_gb 1.205
2026-10-01 22:40:03,201 | DEBUG | step 3961 epoch 3 loss 0.3283 step_s 0.0054 peak_mem_gb 1.205
2026-10-01 22:40:03,207 | DEBUG | step 3962 epoch 3 loss 0.1610 step_s 0.0053 peak_mem_gb 1.205
2026-10-01 22:40:03,213 | DEBUG | step 3963 epoch 3 loss 0.2801 step_s 0.0054 peak_mem_gb 1.205
2026-10-01 22:40:03,219 | DEBUG | step 3964 epoch 3 loss 0.1900 step_s 0.0054 peak_mem_gb 1.205
2026-10-01 22:40:03,225 | DEBUG | step 3965 epoch 3 loss 0.2857 step_s 0.0054 peak_mem_gb 1.205
2026-10-01 22:40:03,231 | DEBUG | step 3966 epoch 3 loss 0.2126 step_s 0.0053 peak_mem_gb 1.205
2026-10-01 22:40:03,237 | DEBUG | step 3967 epoch 3 loss 0.3117 step_s 0.0053 peak_mem_gb 1.205
2026-10-01 22:40:03,243 | DEBUG | step 3968 epoch 3 loss 0.2651 step_s 0.0053 peak_mem_gb 1.205
2026-10-01 22:40:03,249 | DEBUG | step 3969 epoch 3 loss 0.3042 step_s 0.0053 peak_mem_gb 1.205
2026-10-01 22:40:03,255 | DEBUG | step 3970 epoch 3 loss 0.1572 step_s 0.0054 peak_mem_gb 1.205
2026-10-01 22:40:03,261 | DEBUG | step 3971 epoch 3 loss 0.2136 step_s 0.0053 peak_mem_gb 1.205
2026-10-01 22:40:03,267 | DEBUG | step 3972 epoch 3 loss 0.1947 step_s 0.0053 peak_mem_gb 1.205
2026-10-01 22:40:03,273 | DEBUG | step 3973 epoch 3 loss 0.2830 step_s 0.0054 peak_mem_gb 1.205
2026-10-01 22:40:03,279 | DEBUG | step 3974 epoch 3 loss 0.2969 step_s 0.0053 peak_mem_gb 1.205
2026-10-01 22:40:03,285 | DEBUG | step 3975 epoch 3 loss 0.3087 step_s 0.0053 peak_mem_gb 1.205
2026-10-01 22:40:03,291 | DEBUG | step 3976 epoch 3 loss 0.1900 step_s 0.0053 peak_mem_gb 1.205
2026-10-01 22:40:03,297 | DEBUG | step 3977 epoch 3 loss 0.3252 step_s 0.0053 peak_mem_gb 1.205
2026-10-01 22:40:03,303 | DEBUG | step 3978 epoch 3 loss 0.2904 step_s 0.0053 peak_mem_gb 1.205
2026-10-01 22:40:03,309 | DEBUG | step 3979 epoch 3 loss 0.2929 step_s 0.0053 peak_mem_gb 1.205
2026-10-01 22:40:03,315 | DEBUG | step 3980 epoch 3 loss 0.2306 step_s 0.0053 peak_mem_gb 1.205
2026-10-01 22:40:03,321 | DEBUG | step 3981 epoch 3 loss 0.3193 step_s 0.0054 peak_mem_gb 1.205
2026-10-01 22:40:03,327 | DEBUG | step 3982 epoch 3 loss 0.2576 step_s 0.0053 peak_mem_gb 1.205
2026-10-01 22:40:03,333 | DEBUG | step 3983 epoch 3 loss 0.2233 step_s 0.0053 peak_mem_gb 1.205
2026-10-01 22:40:03,339 | DEBUG | step 3984 epoch 3 loss 0.2386 step_s 0.0054 peak_mem_gb 1.205
2026-10-01 22:40:03,345 | DEBUG | step 3985 epoch 3 loss 0.2606 step_s 0.0053 peak_mem_gb 1.205
2026-10-01 22:40:03,351 | DEBUG | step 3986 epoch 3 loss 0.2426 step_s 0.0053 peak_mem_gb 1.205
2026-10-01 22:40:03,357 | DEBUG | step 3987 epoch 3 loss 0.1781 step_s 0.0053 peak_mem_gb 1.205
2026-10-01 22:40:03,363 | DEBUG | step 3988 epoch 3 loss 0.2259 step_s 0.0054 peak_mem_gb 1.205
2026-10-01 22:40:03,369 | DEBUG | step 3989 epoch 3 loss 0.1877 step_s 0.0053 peak_mem_gb 1.205
2026-10-01 22:40:03,375 | DEBUG | step 3990 epoch 3 loss 0.2435 step_s 0.0053 peak_mem_gb 1.205
2026-10-01 22:40:03,381 | DEBUG | step 3991 epoch 3 loss 0.1745 step_s 0.0053 peak_mem_gb 1.205
2026-10-01 22:40:03,387 | DEBUG | step 3992 epoch 3 loss 0.2395 step_s 0.0053 peak_mem_gb 1.205
2026-10-01 22:40:03,393 | DEBUG | step 3993 epoch 3 loss 0.1681 step_s 0.0054 peak_mem_gb 1.205
2026-10-01 22:40:03,399 | DEBUG | step 3994 epoch 3 loss 0.2494 step_s 0.0053 peak_mem_gb 1.205
2026-10-01 22:40:03,405 | DEBUG | step 3995 epoch 3 loss 0.3271 step_s 0.0054 peak_mem_gb 1.205
2026-10-01 22:40:03,411 | DEBUG | step 3996 epoch 3 loss 0.2997 step_s 0.0053 peak_mem_gb 1.205
2026-10-01 22:40:03,417 | DEBUG | step 3997 epoch 3 loss 0.3842 step_s 0.0053 peak_mem_gb 1.205
2026-10-01 22:40:03,423 | DEBUG | step 3998 epoch 3 loss 0.2375 step_s 0.0053 peak_mem_gb 1.205
2026-10-01 22:40:03,428 | DEBUG | step 3999 epoch 3 loss 0.1886 step_s 0.0053 peak_mem_gb 1.205
2026-10-01 22:40:03,434 | INFO | step 4000 epoch 3 loss 0.0966 step_s 0.0053 peak_mem_gb 1.205
2026-10-01 22:40:03,441 | DEBUG | step 4001 epoch 3 loss 0.4005 step_s 0.0053 peak_mem_gb 1.205
2026-10-01 22:40:03,447 | DEBUG | step 4002 epoch 3 loss 0.1669 step_s 0.0054 peak_mem_gb 1.205
2026-10-01 22:40:03,453 | DEBUG | step 4003 epoch 3 loss 0.2774 step_s 0.0054 peak_mem_gb 1.205
2026-10-01 22:40:03,460 | DEBUG | step 4004 epoch 3 loss 0.3139 step_s 0.0054 peak_mem_gb 1.205
2026-10-01 22:40:03,466 | DEBUG | step 4005 epoch 3 loss 0.3187 step_s 0.0053 peak_mem_gb 1.205
2026-10-01 22:40:03,472 | DEBUG | step 4006 epoch 3 loss 0.3883 step_s 0.0054 peak_mem_gb 1.205
2026-10-01 22:40:03,478 | DEBUG | step 4007 epoch 3 loss 0.1408 step_s 0.0053 peak_mem_gb 1.205
2026-10-01 22:40:03,484 | DEBUG | step 4008 epoch 3 loss 0.3063 step_s 0.0053 peak_mem_gb 1.205
2026-10-01 22:40:03,490 | DEBUG | step 4009 epoch 3 loss 0.2338 step_s 0.0053 peak_mem_gb 1.205
2026-10-01 22:40:03,496 | DEBUG | step 4010 epoch 3 loss 0.3631 step_s 0.0053 peak_mem_gb 1.205
2026-10-01 22:40:03,502 | DEBUG | step 4011 epoch 3 loss 0.1739 step_s 0.0054 peak_mem_gb 1.205
2026-10-01 22:40:03,508 | DEBUG | step 4012 epoch 3 loss 0.2335 step_s 0.0054 peak_mem_gb 1.205
2026-10-01 22:40:03,514 | DEBUG | step 4013 epoch 3 loss 0.2630 step_s 0.0054 peak_mem_gb 1.205
2026-10-01 22:40:03,521 | DEBUG | step 4014 epoch 3 loss 0.3853 step_s 0.0059 peak_mem_gb 1.205
2026-10-01 22:40:03,527 | DEBUG | step 4015 epoch 3 loss 0.3458 step_s 0.0054 peak_mem_gb 1.205
2026-10-01 22:40:03,533 | DEBUG | step 4016 epoch 3 loss 0.3166 step_s 0.0054 peak_mem_gb 1.205
2026-10-01 22:40:03,539 | DEBUG | step 4017 epoch 3 loss 0.2492 step_s 0.0054 peak_mem_gb 1.205
2026-10-01 22:40:03,545 | DEBUG | step 4018 epoch 3 loss 0.1965 step_s 0.0053 peak_mem_gb 1.205
2026-10-01 22:40:03,552 | DEBUG | step 4019 epoch 3 loss 0.2256 step_s 0.0054 peak_mem_gb 1.205
2026-10-01 22:40:03,558 | DEBUG | step 4020 epoch 3 loss 0.2312 step_s 0.0053 peak_mem_gb 1.205
2026-10-01 22:40:03,564 | DEBUG | step 4021 epoch 3 loss 0.4547 step_s 0.0053 peak_mem_gb 1.205
2026-10-01 22:40:03,570 | DEBUG | step 4022 epoch 3 loss 0.2262 step_s 0.0054 peak_mem_gb 1.205
2026-10-01 22:40:03,576 | DEBUG | step 4023 epoch 3 loss 0.3553 step_s 0.0053 peak_mem_gb 1.205
2026-10-01 22:40:03,582 | DEBUG | step 4024 epoch 3 loss 0.2911 step_s 0.0053 peak_mem_gb 1.205
2026-10-01 22:40:03,588 | DEBUG | step 4025 epoch 3 loss 0.2309 step_s 0.0053 peak_mem_gb 1.205
2026-10-01 22:40:03,594 | DEBUG | step 4026 epoch 3 loss 0.2718 step_s 0.0054 peak_mem_gb 1.205
2026-10-01 22:40:03,600 | DEBUG | step 4027 epoch 3 loss 0.1713 step_s 0.0053 peak_mem_gb 1.205
2026-10-01 22:40:03,606 | DEBUG | step 4028 epoch 3 loss 0.2455 step_s 0.0054 peak_mem_gb 1.205
2026-10-01 22:40:03,612 | DEBUG | step 4029 epoch 3 loss 0.2836 step_s 0.0053 peak_mem_gb 1.205
2026-10-01 22:40:03,618 | DEBUG | step 4030 epoch 3 loss 0.3301 step_s 0.0054 peak_mem_gb 1.205
2026-10-01 22:40:03,624 | DEBUG | step 4031 epoch 3 loss 0.3107 step_s 0.0054 peak_mem_gb 1.205
2026-10-01 22:40:03,630 | DEBUG | step 4032 epoch 3 loss 0.2128 step_s 0.0054 peak_mem_gb 1.205
2026-10-01 22:40:03,636 | DEBUG | step 4033 epoch 3 loss 0.3078 step_s 0.0054 peak_mem_gb 1.205
2026-10-01 22:40:03,642 | DEBUG | step 4034 epoch 3 loss 0.1847 step_s 0.0053 peak_mem_gb 1.205
2026-10-01 22:40:03,648 | DEBUG | step 4035 epoch 3 loss 0.2151 step_s 0.0053 peak_mem_gb 1.205
2026-10-01 22:40:03,654 | DEBUG | step 4036 epoch 3 loss 0.3848 step_s 0.0054 peak_mem_gb 1.205
2026-10-01 22:40:03,660 | DEBUG | step 4037 epoch 3 loss 0.3610 step_s 0.0053 peak_mem_gb 1.205
2026-10-01 22:40:03,666 | DEBUG | step 4038 epoch 3 loss 0.2225 step_s 0.0054 peak_mem_gb 1.205
2026-10-01 22:40:03,672 | DEBUG | step 4039 epoch 3 loss 0.2611 step_s 0.0053 peak_mem_gb 1.205
2026-10-01 22:40:03,678 | DEBUG | step 4040 epoch 3 loss 0.2573 step_s 0.0053 peak_mem_gb 1.205
2026-10-01 22:40:03,684 | DEBUG | step 4041 epoch 3 loss 0.1879 step_s 0.0053 peak_mem_gb 1.205
2026-10-01 22:40:03,690 | DEBUG | step 4042 epoch 3 loss 0.2032 step_s 0.0053 peak_mem_gb 1.205
2026-10-01 22:40:03,696 | DEBUG | step 4043 epoch 3 loss 0.2748 step_s 0.0053 peak_mem_gb 1.205
2026-10-01 22:40:03,702 | DEBUG | step 4044 epoch 3 loss 0.1760 step_s 0.0054 peak_mem_gb 1.205
2026-10-01 22:40:03,708 | DEBUG | step 4045 epoch 3 loss 0.2340 step_s 0.0053 peak_mem_gb 1.205
2026-10-01 22:40:03,714 | DEBUG | step 4046 epoch 3 loss 0.3418 step_s 0.0054 peak_mem_gb 1.205
2026-10-01 22:40:03,720 | DEBUG | step 4047 epoch 3 loss 0.2067 step_s 0.0053 peak_mem_gb 1.205
2026-10-01 22:40:03,726 | DEBUG | step 4048 epoch 3 loss 0.2867 step_s 0.0053 peak_mem_gb 1.205
2026-10-01 22:40:03,732 | DEBUG | step 4049 epoch 3 loss 0.2682 step_s 0.0054 peak_mem_gb 1.205
2026-10-01 22:40:03,738 | DEBUG | step 4050 epoch 3 loss 0.1639 step_s 0.0053 peak_mem_gb 1.205
2026-10-01 22:40:03,744 | DEBUG | step 4051 epoch 3 loss 0.2867 step_s 0.0054 peak_mem_gb 1.205
2026-10-01 22:40:03,750 | DEBUG | step 4052 epoch 3 loss 0.2250 step_s 0.0054 peak_mem_gb 1.205
2026-10-01 22:40:03,756 | DEBUG | step 4053 epoch 3 loss 0.2089 step_s 0.0054 peak_mem_gb 1.205
2026-10-01 22:40:03,762 | DEBUG | step 4054 epoch 3 loss 0.2755 step_s 0.0053 peak_mem_gb 1.205
2026-10-01 22:40:03,768 | DEBUG | step 4055 epoch 3 loss 0.2645 step_s 0.0054 peak_mem_gb 1.205
2026-10-01 22:40:03,774 | DEBUG | step 4056 epoch 3 loss 0.1357 step_s 0.0053 peak_mem_gb 1.205
2026-10-01 22:40:03,780 | DEBUG | step 4057 epoch 3 loss 0.1952 step_s 0.0053 peak_mem_gb 1.205
2026-10-01 22:40:03,786 | DEBUG | step 4058 epoch 3 loss 0.3131 step_s 0.0054 peak_mem_gb 1.205
2026-10-01 22:40:03,792 | DEBUG | step 4059 epoch 3 loss 0.2299 step_s 0.0053 peak_mem_gb 1.205
2026-10-01 22:40:03,798 | DEBUG | step 4060 epoch 3 loss 0.2072 step_s 0.0054 peak_mem_gb 1.205
2026-10-01 22:40:03,804 | DEBUG | step 4061 epoch 3 loss 0.1569 step_s 0.0053 peak_mem_gb 1.205
2026-10-01 22:40:03,810 | DEBUG | step 4062 epoch 3 loss 0.3421 step_s 0.0053 peak_mem_gb 1.205
2026-10-01 22:40:03,816 | DEBUG | step 4063 epoch 3 loss 0.2919 step_s 0.0053 peak_mem_gb 1.205
2026-10-01 22:40:03,822 | DEBUG | step 4064 epoch 3 loss 0.1342 step_s 0.0053 peak_mem_gb 1.205
2026-10-01 22:40:03,828 | DEBUG | step 4065 epoch 3 loss 0.1775 step_s 0.0053 peak_mem_gb 1.205
2026-10-01 22:40:03,834 | DEBUG | step 4066 epoch 3 loss 0.2901 step_s 0.0053 peak_mem_gb 1.205
2026-10-01 22:40:03,840 | DEBUG | step 4067 epoch 3 loss 0.1480 step_s 0.0054 peak_mem_gb 1.205
2026-10-01 22:40:03,846 | DEBUG | step 4068 epoch 3 loss 0.1840 step_s 0.0053 peak_mem_gb 1.205
2026-10-01 22:40:03,852 | DEBUG | step 4069 epoch 3 loss 0.1813 step_s 0.0053 peak_mem_gb 1.205
2026-10-01 22:40:03,858 | DEBUG | step 4070 epoch 3 loss 0.3062 step_s 0.0054 peak_mem_gb 1.205
2026-10-01 22:40:03,864 | DEBUG | step 4071 epoch 3 loss 0.2871 step_s 0.0053 peak_mem_gb 1.205
2026-10-01 22:40:03,870 | DEBUG | step 4072 epoch 3 loss 0.1593 step_s 0.0054 peak_mem_gb 1.205
2026-10-01 22:40:03,877 | DEBUG | step 4073 epoch 3 loss 0.1932 step_s 0.0053 peak_mem_gb 1.205
2026-10-01 22:40:03,882 | DEBUG | step 4074 epoch 3 loss 0.2614 step_s 0.0053 peak_mem_gb 1.205
2026-10-01 22:40:03,889 | DEBUG | step 4075 epoch 3 loss 0.1931 step_s 0.0054 peak_mem_gb 1.205
2026-10-01 22:40:03,895 | DEBUG | step 4076 epoch 3 loss 0.2356 step_s 0.0053 peak_mem_gb 1.205
2026-10-01 22:40:03,901 | DEBUG | step 4077 epoch 3 loss 0.1594 step_s 0.0053 peak_mem_gb 1.205
2026-10-01 22:40:03,907 | DEBUG | step 4078 epoch 3 loss 0.1650 step_s 0.0053 peak_mem_gb 1.205
2026-10-01 22:40:03,913 | DEBUG | step 4079 epoch 3 loss 0.1919 step_s 0.0053 peak_mem_gb 1.205
2026-10-01 22:40:03,919 | DEBUG | step 4080 epoch 3 loss 0.1865 step_s 0.0054 peak_mem_gb 1.205
2026-10-01 22:40:03,925 | DEBUG | step 4081 epoch 3 loss 0.3358 step_s 0.0053 peak_mem_gb 1.205
2026-10-01 22:40:03,931 | DEBUG | step 4082 epoch 3 loss 0.2687 step_s 0.0053 peak_mem_gb 1.205
2026-10-01 22:40:03,937 | DEBUG | step 4083 epoch 3 loss 0.1609 step_s 0.0054 peak_mem_gb 1.205
2026-10-01 22:40:03,943 | DEBUG | step 4084 epoch 3 loss 0.4196 step_s 0.0054 peak_mem_gb 1.205
2026-10-01 22:40:03,949 | DEBUG | step 4085 epoch 3 loss 0.2092 step_s 0.0053 peak_mem_gb 1.205
2026-10-01 22:40:03,955 | DEBUG | step 4086 epoch 3 loss 0.1783 step_s 0.0053 peak_mem_gb 1.205
2026-10-01 22:40:03,961 | DEBUG | step 4087 epoch 3 loss 0.2112 step_s 0.0053 peak_mem_gb 1.205
2026-10-01 22:40:03,967 | DEBUG | step 4088 epoch 3 loss 0.3647 step_s 0.0054 peak_mem_gb 1.205
2026-10-01 22:40:03,973 | DEBUG | step 4089 epoch 3 loss 0.2454 step_s 0.0054 peak_mem_gb 1.205
2026-10-01 22:40:03,979 | DEBUG | step 4090 epoch 3 loss 0.4323 step_s 0.0053 peak_mem_gb 1.205
2026-10-01 22:40:03,985 | DEBUG | step 4091 epoch 3 loss 0.3073 step_s 0.0058 peak_mem_gb 1.205
2026-10-01 22:40:03,992 | DEBUG | step 4092 epoch 3 loss 0.2472 step_s 0.0053 peak_mem_gb 1.205
2026-10-01 22:40:03,998 | DEBUG | step 4093 epoch 3 loss 0.2144 step_s 0.0053 peak_mem_gb 1.205
2026-10-01 22:40:04,004 | DEBUG | step 4094 epoch 3 loss 0.3939 step_s 0.0053 peak_mem_gb 1.205
2026-10-01 22:40:04,010 | DEBUG | step 4095 epoch 3 loss 0.1385 step_s 0.0054 peak_mem_gb 1.205
2026-10-01 22:40:04,016 | DEBUG | step 4096 epoch 3 loss 0.2554 step_s 0.0053 peak_mem_gb 1.205
2026-10-01 22:40:04,022 | DEBUG | step 4097 epoch 3 loss 0.3144 step_s 0.0054 peak_mem_gb 1.205
2026-10-01 22:40:04,028 | DEBUG | step 4098 epoch 3 loss 0.1788 step_s 0.0054 peak_mem_gb 1.205
2026-10-01 22:40:04,034 | DEBUG | step 4099 epoch 3 loss 0.3352 step_s 0.0054 peak_mem_gb 1.205
2026-10-01 22:40:04,040 | DEBUG | step 4100 epoch 3 loss 0.3422 step_s 0.0053 peak_mem_gb 1.205
2026-10-01 22:40:04,046 | DEBUG | step 4101 epoch 3 loss 0.2545 step_s 0.0054 peak_mem_gb 1.205
2026-10-01 22:40:04,052 | DEBUG | step 4102 epoch 3 loss 0.2840 step_s 0.0053 peak_mem_gb 1.205
2026-10-01 22:40:04,058 | DEBUG | step 4103 epoch 3 loss 0.2613 step_s 0.0053 peak_mem_gb 1.205
2026-10-01 22:40:04,064 | DEBUG | step 4104 epoch 3 loss 0.2375 step_s 0.0053 peak_mem_gb 1.205
2026-10-01 22:40:04,070 | DEBUG | step 4105 epoch 3 loss 0.1910 step_s 0.0054 peak_mem_gb 1.205
2026-10-01 22:40:04,076 | DEBUG | step 4106 epoch 3 loss 0.3635 step_s 0.0053 peak_mem_gb 1.205
2026-10-01 22:40:04,082 | DEBUG | step 4107 epoch 3 loss 0.2286 step_s 0.0054 peak_mem_gb 1.205
2026-10-01 22:40:04,088 | DEBUG | step 4108 epoch 3 loss 0.1888 step_s 0.0053 peak_mem_gb 1.205
2026-10-01 22:40:04,094 | DEBUG | step 4109 epoch 3 loss 0.3613 step_s 0.0053 peak_mem_gb 1.205
2026-10-01 22:40:04,100 | DEBUG | step 4110 epoch 3 loss 0.2692 step_s 0.0053 peak_mem_gb 1.205
2026-10-01 22:40:04,106 | DEBUG | step 4111 epoch 3 loss 0.2723 step_s 0.0054 peak_mem_gb 1.205
2026-10-01 22:40:04,112 | DEBUG | step 4112 epoch 3 loss 0.1371 step_s 0.0053 peak_mem_gb 1.205
2026-10-01 22:40:04,118 | DEBUG | step 4113 epoch 3 loss 0.3139 step_s 0.0054 peak_mem_gb 1.205
2026-10-01 22:40:04,124 | DEBUG | step 4114 epoch 3 loss 0.2620 step_s 0.0053 peak_mem_gb 1.205
2026-10-01 22:40:04,130 | DEBUG | step 4115 epoch 3 loss 0.1821 step_s 0.0053 peak_mem_gb 1.205
2026-10-01 22:40:04,136 | DEBUG | step 4116 epoch 3 loss 0.2244 step_s 0.0054 peak_mem_gb 1.205
2026-10-01 22:40:04,142 | DEBUG | step 4117 epoch 3 loss 0.1910 step_s 0.0053 peak_mem_gb 1.205
2026-10-01 22:40:04,148 | DEBUG | step 4118 epoch 3 loss 0.2282 step_s 0.0053 peak_mem_gb 1.205
2026-10-01 22:40:04,154 | DEBUG | step 4119 epoch 3 loss 0.2973 step_s 0.0054 peak_mem_gb 1.205
2026-10-01 22:40:04,160 | DEBUG | step 4120 epoch 3 loss 0.2614 step_s 0.0054 peak_mem_gb 1.205
2026-10-01 22:40:04,166 | DEBUG | step 4121 epoch 3 loss 0.1949 step_s 0.0054 peak_mem_gb 1.205
2026-10-01 22:40:04,172 | DEBUG | step 4122 epoch 3 loss 0.3497 step_s 0.0053 peak_mem_gb 1.205
2026-10-01 22:40:04,178 | DEBUG | step 4123 epoch 3 loss 0.2604 step_s 0.0053 peak_mem_gb 1.205
2026-10-01 22:40:04,184 | DEBUG | step 4124 epoch 3 loss 0.1764 step_s 0.0054 peak_mem_gb 1.205
2026-10-01 22:40:04,190 | DEBUG | step 4125 epoch 3 loss 0.2697 step_s 0.0053 peak_mem_gb 1.205
2026-10-01 22:40:04,196 | DEBUG | step 4126 epoch 3 loss 0.1646 step_s 0.0054 peak_mem_gb 1.205
2026-10-01 22:40:04,202 | DEBUG | step 4127 epoch 3 loss 0.2527 step_s 0.0053 peak_mem_gb 1.205
2026-10-01 22:40:04,208 | DEBUG | step 4128 epoch 3 loss 0.1863 step_s 0.0053 peak_mem_gb 1.205
2026-10-01 22:40:04,214 | DEBUG | step 4129 epoch 3 loss 0.1999 step_s 0.0053 peak_mem_gb 1.205
2026-10-01 22:40:04,220 | DEBUG | step 4130 epoch 3 loss 0.3344 step_s 0.0053 peak_mem_gb 1.205
2026-10-01 22:40:04,226 | DEBUG | step 4131 epoch 3 loss 0.2013 step_s 0.0053 peak_mem_gb 1.205
2026-10-01 22:40:04,232 | DEBUG | step 4132 epoch 3 loss 0.4582 step_s 0.0053 peak_mem_gb 1.205
2026-10-01 22:40:04,238 | DEBUG | step 4133 epoch 3 loss 0.3251 step_s 0.0053 peak_mem_gb 1.205
2026-10-01 22:40:04,244 | DEBUG | step 4134 epoch 3 loss 0.1739 step_s 0.0054 peak_mem_gb 1.205
2026-10-01 22:40:04,250 | DEBUG | step 4135 epoch 3 loss 0.3271 step_s 0.0054 peak_mem_gb 1.205
2026-10-01 22:40:04,256 | DEBUG | step 4136 epoch 3 loss 0.3917 step_s 0.0053 peak_mem_gb 1.205
2026-10-01 22:40:04,262 | DEBUG | step 4137 epoch 3 loss 0.2652 step_s 0.0054 peak_mem_gb 1.205
2026-10-01 22:40:04,269 | DEBUG | step 4138 epoch 3 loss 0.2048 step_s 0.0054 peak_mem_gb 1.205
2026-10-01 22:40:04,275 | DEBUG | step 4139 epoch 3 loss 0.2680 step_s 0.0055 peak_mem_gb 1.205
2026-10-01 22:40:04,281 | DEBUG | step 4140 epoch 3 loss 0.2889 step_s 0.0054 peak_mem_gb 1.205
2026-10-01 22:40:04,287 | DEBUG | step 4141 epoch 3 loss 0.3312 step_s 0.0053 peak_mem_gb 1.205
2026-10-01 22:40:04,293 | DEBUG | step 4142 epoch 3 loss 0.3878 step_s 0.0053 peak_mem_gb 1.205
2026-10-01 22:40:04,299 | DEBUG | step 4143 epoch 3 loss 0.2288 step_s 0.0053 peak_mem_gb 1.205
2026-10-01 22:40:04,305 | DEBUG | step 4144 epoch 3 loss 0.3082 step_s 0.0053 peak_mem_gb 1.205
2026-10-01 22:40:04,311 | DEBUG | step 4145 epoch 3 loss 0.2814 step_s 0.0053 peak_mem_gb 1.205
2026-10-01 22:40:04,317 | DEBUG | step 4146 epoch 3 loss 0.2339 step_s 0.0053 peak_mem_gb 1.205
2026-10-01 22:40:04,323 | DEBUG | step 4147 epoch 3 loss 0.2316 step_s 0.0054 peak_mem_gb 1.205
2026-10-01 22:40:04,329 | DEBUG | step 4148 epoch 3 loss 0.2593 step_s 0.0053 peak_mem_gb 1.205
2026-10-01 22:40:04,335 | DEBUG | step 4149 epoch 3 loss 0.3405 step_s 0.0054 peak_mem_gb 1.205
2026-10-01 22:40:04,341 | DEBUG | step 4150 epoch 3 loss 0.2844 step_s 0.0054 peak_mem_gb 1.205
2026-10-01 22:40:04,347 | DEBUG | step 4151 epoch 3 loss 0.1764 step_s 0.0054 peak_mem_gb 1.205
2026-10-01 22:40:04,353 | DEBUG | step 4152 epoch 3 loss 0.3174 step_s 0.0054 peak_mem_gb 1.205
2026-10-01 22:40:04,359 | DEBUG | step 4153 epoch 3 loss 0.2322 step_s 0.0053 peak_mem_gb 1.205
2026-10-01 22:40:04,365 | DEBUG | step 4154 epoch 3 loss 0.2562 step_s 0.0053 peak_mem_gb 1.205
2026-10-01 22:40:04,371 | DEBUG | step 4155 epoch 3 loss 0.3294 step_s 0.0054 peak_mem_gb 1.205
2026-10-01 22:40:04,377 | DEBUG | step 4156 epoch 3 loss 0.3803 step_s 0.0053 peak_mem_gb 1.205
2026-10-01 22:40:04,383 | DEBUG | step 4157 epoch 3 loss 0.3031 step_s 0.0054 peak_mem_gb 1.205
2026-10-01 22:40:04,389 | DEBUG | step 4158 epoch 3 loss 0.3516 step_s 0.0054 peak_mem_gb 1.205
2026-10-01 22:40:04,396 | DEBUG | step 4159 epoch 3 loss 0.1892 step_s 0.0054 peak_mem_gb 1.205
2026-10-01 22:40:04,402 | DEBUG | step 4160 epoch 3 loss 0.4038 step_s 0.0054 peak_mem_gb 1.205
2026-10-01 22:40:04,408 | DEBUG | step 4161 epoch 3 loss 0.3849 step_s 0.0053 peak_mem_gb 1.205
2026-10-01 22:40:04,414 | DEBUG | step 4162 epoch 3 loss 0.3378 step_s 0.0053 peak_mem_gb 1.205
2026-10-01 22:40:04,420 | DEBUG | step 4163 epoch 3 loss 0.2598 step_s 0.0054 peak_mem_gb 1.205
2026-10-01 22:40:04,426 | DEBUG | step 4164 epoch 3 loss 0.2508 step_s 0.0054 peak_mem_gb 1.205
2026-10-01 22:40:04,432 | DEBUG | step 4165 epoch 3 loss 0.1574 step_s 0.0053 peak_mem_gb 1.205
2026-10-01 22:40:04,439 | DEBUG | step 4166 epoch 3 loss 0.2727 step_s 0.0054 peak_mem_gb 1.205
2026-10-01 22:40:04,445 | DEBUG | step 4167 epoch 3 loss 0.1596 step_s 0.0054 peak_mem_gb 1.205
2026-10-01 22:40:04,451 | DEBUG | step 4168 epoch 3 loss 0.2672 step_s 0.0054 peak_mem_gb 1.205
2026-10-01 22:40:04,457 | DEBUG | step 4169 epoch 3 loss 0.2435 step_s 0.0054 peak_mem_gb 1.205
2026-10-01 22:40:04,463 | DEBUG | step 4170 epoch 3 loss 0.1989 step_s 0.0054 peak_mem_gb 1.205
2026-10-01 22:40:04,469 | DEBUG | step 4171 epoch 3 loss 0.2816 step_s 0.0053 peak_mem_gb 1.205
2026-10-01 22:40:04,475 | DEBUG | step 4172 epoch 3 loss 0.1622 step_s 0.0053 peak_mem_gb 1.205
2026-10-01 22:40:04,481 | DEBUG | step 4173 epoch 3 loss 0.2683 step_s 0.0054 peak_mem_gb 1.205
2026-10-01 22:40:04,487 | DEBUG | step 4174 epoch 3 loss 0.1915 step_s 0.0053 peak_mem_gb 1.205
2026-10-01 22:40:04,493 | DEBUG | step 4175 epoch 3 loss 0.4223 step_s 0.0054 peak_mem_gb 1.205
2026-10-01 22:40:04,499 | DEBUG | step 4176 epoch 3 loss 0.2262 step_s 0.0053 peak_mem_gb 1.205
2026-10-01 22:40:04,505 | DEBUG | step 4177 epoch 3 loss 0.1855 step_s 0.0053 peak_mem_gb 1.205
2026-10-01 22:40:04,511 | DEBUG | step 4178 epoch 3 loss 0.2979 step_s 0.0053 peak_mem_gb 1.205
2026-10-01 22:40:04,517 | DEBUG | step 4179 epoch 3 loss 0.2059 step_s 0.0054 peak_mem_gb 1.205
2026-10-01 22:40:04,523 | DEBUG | step 4180 epoch 3 loss 0.1678 step_s 0.0054 peak_mem_gb 1.205
2026-10-01 22:40:04,529 | DEBUG | step 4181 epoch 3 loss 0.4228 step_s 0.0055 peak_mem_gb 1.205
2026-10-01 22:40:04,535 | DEBUG | step 4182 epoch 3 loss 0.2469 step_s 0.0053 peak_mem_gb 1.205
2026-10-01 22:40:04,541 | DEBUG | step 4183 epoch 3 loss 0.2174 step_s 0.0053 peak_mem_gb 1.205
2026-10-01 22:40:04,547 | DEBUG | step 4184 epoch 3 loss 0.2549 step_s 0.0053 peak_mem_gb 1.205
2026-10-01 22:40:04,553 | DEBUG | step 4185 epoch 3 loss 0.1386 step_s 0.0053 peak_mem_gb 1.205
2026-10-01 22:40:04,559 | DEBUG | step 4186 epoch 3 loss 0.2199 step_s 0.0053 peak_mem_gb 1.205
2026-10-01 22:40:04,565 | DEBUG | step 4187 epoch 3 loss 0.2914 step_s 0.0053 peak_mem_gb 1.205
2026-10-01 22:40:04,571 | DEBUG | step 4188 epoch 3 loss 0.4314 step_s 0.0054 peak_mem_gb 1.205
2026-10-01 22:40:04,577 | DEBUG | step 4189 epoch 3 loss 0.2460 step_s 0.0053 peak_mem_gb 1.205
2026-10-01 22:40:04,583 | DEBUG | step 4190 epoch 3 loss 0.1216 step_s 0.0053 peak_mem_gb 1.205
2026-10-01 22:40:04,589 | DEBUG | step 4191 epoch 3 loss 0.1521 step_s 0.0054 peak_mem_gb 1.205
2026-10-01 22:40:04,595 | DEBUG | step 4192 epoch 3 loss 0.1547 step_s 0.0053 peak_mem_gb 1.205
2026-10-01 22:40:04,601 | DEBUG | step 4193 epoch 3 loss 0.3115 step_s 0.0053 peak_mem_gb 1.205
2026-10-01 22:40:04,607 | DEBUG | step 4194 epoch 3 loss 0.3596 step_s 0.0053 peak_mem_gb 1.205
2026-10-01 22:40:04,613 | DEBUG | step 4195 epoch 3 loss 0.4919 step_s 0.0053 peak_mem_gb 1.205
2026-10-01 22:40:04,619 | DEBUG | step 4196 epoch 3 loss 0.2238 step_s 0.0053 peak_mem_gb 1.205
2026-10-01 22:40:04,625 | DEBUG | step 4197 epoch 3 loss 0.2956 step_s 0.0054 peak_mem_gb 1.205
2026-10-01 22:40:04,631 | DEBUG | step 4198 epoch 3 loss 0.3346 step_s 0.0053 peak_mem_gb 1.205
2026-10-01 22:40:04,637 | DEBUG | step 4199 epoch 3 loss 0.3205 step_s 0.0054 peak_mem_gb 1.205
2026-10-01 22:40:04,643 | INFO | step 4200 epoch 3 loss 0.3733 step_s 0.0054 peak_mem_gb 1.205
2026-10-01 22:40:04,650 | DEBUG | step 4201 epoch 3 loss 0.1923 step_s 0.0054 peak_mem_gb 1.205
2026-10-01 22:40:04,656 | DEBUG | step 4202 epoch 3 loss 0.2601 step_s 0.0053 peak_mem_gb 1.205
2026-10-01 22:40:04,662 | DEBUG | step 4203 epoch 3 loss 0.3630 step_s 0.0054 peak_mem_gb 1.205
2026-10-01 22:40:04,668 | DEBUG | step 4204 epoch 3 loss 0.2251 step_s 0.0054 peak_mem_gb 1.205
2026-10-01 22:40:04,674 | DEBUG | step 4205 epoch 3 loss 0.1962 step_s 0.0053 peak_mem_gb 1.205
2026-10-01 22:40:04,680 | DEBUG | step 4206 epoch 3 loss 0.2058 step_s 0.0054 peak_mem_gb 1.205
2026-10-01 22:40:04,687 | DEBUG | step 4207 epoch 3 loss 0.2139 step_s 0.0055 peak_mem_gb 1.205
2026-10-01 22:40:04,693 | DEBUG | step 4208 epoch 3 loss 0.3055 step_s 0.0053 peak_mem_gb 1.205
2026-10-01 22:40:04,699 | DEBUG | step 4209 epoch 3 loss 0.6643 step_s 0.0053 peak_mem_gb 1.205
2026-10-01 22:40:04,705 | DEBUG | step 4210 epoch 3 loss 0.2171 step_s 0.0054 peak_mem_gb 1.205
2026-10-01 22:40:04,711 | DEBUG | step 4211 epoch 3 loss 0.2382 step_s 0.0053 peak_mem_gb 1.205
2026-10-01 22:40:04,717 | DEBUG | step 4212 epoch 3 loss 0.3824 step_s 0.0053 peak_mem_gb 1.205
2026-10-01 22:40:04,723 | DEBUG | step 4213 epoch 3 loss 0.2078 step_s 0.0054 peak_mem_gb 1.205
2026-10-01 22:40:04,729 | DEBUG | step 4214 epoch 3 loss 0.3180 step_s 0.0056 peak_mem_gb 1.205
2026-10-01 22:40:04,735 | DEBUG | step 4215 epoch 3 loss 0.2489 step_s 0.0053 peak_mem_gb 1.205
2026-10-01 22:40:04,741 | DEBUG | step 4216 epoch 3 loss 0.2226 step_s 0.0053 peak_mem_gb 1.205
2026-10-01 22:40:04,747 | DEBUG | step 4217 epoch 3 loss 0.2712 step_s 0.0054 peak_mem_gb 1.205
2026-10-01 22:40:04,753 | DEBUG | step 4218 epoch 3 loss 0.2399 step_s 0.0053 peak_mem_gb 1.205
2026-10-01 22:40:04,759 | DEBUG | step 4219 epoch 3 loss 0.3263 step_s 0.0053 peak_mem_gb 1.205
2026-10-01 22:40:04,765 | DEBUG | step 4220 epoch 3 loss 0.1752 step_s 0.0054 peak_mem_gb 1.205
2026-10-01 22:40:04,771 | DEBUG | step 4221 epoch 3 loss 0.2066 step_s 0.0054 peak_mem_gb 1.205
2026-10-01 22:40:04,777 | DEBUG | step 4222 epoch 3 loss 0.2509 step_s 0.0053 peak_mem_gb 1.205
2026-10-01 22:40:04,783 | DEBUG | step 4223 epoch 3 loss 0.1968 step_s 0.0053 peak_mem_gb 1.205
2026-10-01 22:40:04,789 | DEBUG | step 4224 epoch 3 loss 0.2718 step_s 0.0054 peak_mem_gb 1.205
2026-10-01 22:40:04,795 | DEBUG | step 4225 epoch 3 loss 0.1838 step_s 0.0053 peak_mem_gb 1.205
2026-10-01 22:40:04,801 | DEBUG | step 4226 epoch 3 loss 0.2031 step_s 0.0054 peak_mem_gb 1.205
2026-10-01 22:40:04,807 | DEBUG | step 4227 epoch 3 loss 0.1798 step_s 0.0054 peak_mem_gb 1.205
2026-10-01 22:40:04,813 | DEBUG | step 4228 epoch 3 loss 0.2061 step_s 0.0054 peak_mem_gb 1.205
2026-10-01 22:40:04,819 | DEBUG | step 4229 epoch 3 loss 0.2640 step_s 0.0053 peak_mem_gb 1.205
2026-10-01 22:40:04,825 | DEBUG | step 4230 epoch 3 loss 0.3304 step_s 0.0053 peak_mem_gb 1.205
2026-10-01 22:40:04,831 | DEBUG | step 4231 epoch 3 loss 0.2860 step_s 0.0053 peak_mem_gb 1.205
2026-10-01 22:40:04,837 | DEBUG | step 4232 epoch 3 loss 0.2528 step_s 0.0053 peak_mem_gb 1.205
2026-10-01 22:40:04,843 | DEBUG | step 4233 epoch 3 loss 0.2292 step_s 0.0053 peak_mem_gb 1.205
2026-10-01 22:40:04,849 | DEBUG | step 4234 epoch 3 loss 0.1730 step_s 0.0053 peak_mem_gb 1.205
2026-10-01 22:40:04,855 | DEBUG | step 4235 epoch 3 loss 0.2775 step_s 0.0054 peak_mem_gb 1.205
2026-10-01 22:40:04,862 | DEBUG | step 4236 epoch 3 loss 0.0841 step_s 0.0054 peak_mem_gb 1.205
2026-10-01 22:40:04,867 | DEBUG | step 4237 epoch 3 loss 0.2024 step_s 0.0053 peak_mem_gb 1.205
2026-10-01 22:40:04,873 | DEBUG | step 4238 epoch 3 loss 0.2056 step_s 0.0053 peak_mem_gb 1.205
2026-10-01 22:40:04,880 | DEBUG | step 4239 epoch 3 loss 0.2435 step_s 0.0053 peak_mem_gb 1.205
2026-10-01 22:40:04,885 | DEBUG | step 4240 epoch 3 loss 0.3993 step_s 0.0053 peak_mem_gb 1.205
2026-10-01 22:40:04,892 | DEBUG | step 4241 epoch 3 loss 0.2986 step_s 0.0053 peak_mem_gb 1.205
2026-10-01 22:40:04,897 | DEBUG | step 4242 epoch 3 loss 0.3074 step_s 0.0053 peak_mem_gb 1.205
2026-10-01 22:40:04,904 | DEBUG | step 4243 epoch 3 loss 0.3658 step_s 0.0054 peak_mem_gb 1.205
2026-10-01 22:40:04,910 | DEBUG | step 4244 epoch 3 loss 0.2497 step_s 0.0053 peak_mem_gb 1.205
2026-10-01 22:40:04,916 | DEBUG | step 4245 epoch 3 loss 0.4910 step_s 0.0053 peak_mem_gb 1.205
2026-10-01 22:40:04,922 | DEBUG | step 4246 epoch 3 loss 0.2244 step_s 0.0054 peak_mem_gb 1.205
2026-10-01 22:40:04,928 | DEBUG | step 4247 epoch 3 loss 0.2661 step_s 0.0054 peak_mem_gb 1.205
2026-10-01 22:40:04,934 | DEBUG | step 4248 epoch 3 loss 0.4013 step_s 0.0053 peak_mem_gb 1.205
2026-10-01 22:40:04,940 | DEBUG | step 4249 epoch 3 loss 0.3688 step_s 0.0054 peak_mem_gb 1.205
2026-10-01 22:40:04,946 | DEBUG | step 4250 epoch 3 loss 0.2305 step_s 0.0053 peak_mem_gb 1.205
2026-10-01 22:40:04,952 | DEBUG | step 4251 epoch 3 loss 0.2984 step_s 0.0054 peak_mem_gb 1.205
2026-10-01 22:40:04,958 | DEBUG | step 4252 epoch 3 loss 0.2273 step_s 0.0054 peak_mem_gb 1.205
2026-10-01 22:40:04,964 | DEBUG | step 4253 epoch 3 loss 0.2674 step_s 0.0053 peak_mem_gb 1.205
2026-10-01 22:40:04,970 | DEBUG | step 4254 epoch 3 loss 0.4147 step_s 0.0054 peak_mem_gb 1.205
2026-10-01 22:40:04,976 | DEBUG | step 4255 epoch 3 loss 0.2849 step_s 0.0053 peak_mem_gb 1.205
2026-10-01 22:40:04,982 | DEBUG | step 4256 epoch 3 loss 0.2789 step_s 0.0054 peak_mem_gb 1.205
2026-10-01 22:40:04,988 | DEBUG | step 4257 epoch 3 loss 0.3444 step_s 0.0054 peak_mem_gb 1.205
2026-10-01 22:40:04,994 | DEBUG | step 4258 epoch 3 loss 0.3000 step_s 0.0054 peak_mem_gb 1.205
2026-10-01 22:40:05,000 | DEBUG | step 4259 epoch 3 loss 0.3699 step_s 0.0053 peak_mem_gb 1.205
2026-10-01 22:40:05,006 | DEBUG | step 4260 epoch 3 loss 0.2917 step_s 0.0053 peak_mem_gb 1.205
2026-10-01 22:40:05,012 | DEBUG | step 4261 epoch 3 loss 0.4274 step_s 0.0053 peak_mem_gb 1.205
2026-10-01 22:40:05,018 | DEBUG | step 4262 epoch 3 loss 0.3021 step_s 0.0054 peak_mem_gb 1.205
2026-10-01 22:40:05,024 | DEBUG | step 4263 epoch 3 loss 0.2682 step_s 0.0053 peak_mem_gb 1.205
2026-10-01 22:40:05,030 | DEBUG | step 4264 epoch 3 loss 0.2460 step_s 0.0053 peak_mem_gb 1.205
2026-10-01 22:40:05,036 | DEBUG | step 4265 epoch 3 loss 0.2663 step_s 0.0053 peak_mem_gb 1.205
2026-10-01 22:40:05,042 | DEBUG | step 4266 epoch 3 loss 0.1796 step_s 0.0054 peak_mem_gb 1.205
2026-10-01 22:40:05,048 | DEBUG | step 4267 epoch 3 loss 0.4213 step_s 0.0054 peak_mem_gb 1.205
2026-10-01 22:40:05,054 | DEBUG | step 4268 epoch 3 loss 0.2808 step_s 0.0053 peak_mem_gb 1.205
2026-10-01 22:40:05,060 | DEBUG | step 4269 epoch 3 loss 0.2368 step_s 0.0053 peak_mem_gb 1.205
2026-10-01 22:40:05,066 | DEBUG | step 4270 epoch 3 loss 0.2691 step_s 0.0053 peak_mem_gb 1.205
2026-10-01 22:40:05,072 | DEBUG | step 4271 epoch 3 loss 0.3178 step_s 0.0053 peak_mem_gb 1.205
2026-10-01 22:40:05,078 | DEBUG | step 4272 epoch 3 loss 0.2346 step_s 0.0054 peak_mem_gb 1.205
2026-10-01 22:40:05,085 | DEBUG | step 4273 epoch 3 loss 0.2619 step_s 0.0054 peak_mem_gb 1.205
2026-10-01 22:40:05,091 | DEBUG | step 4274 epoch 3 loss 0.2570 step_s 0.0053 peak_mem_gb 1.205
2026-10-01 22:40:05,097 | DEBUG | step 4275 epoch 3 loss 0.2812 step_s 0.0054 peak_mem_gb 1.205
2026-10-01 22:40:05,103 | DEBUG | step 4276 epoch 3 loss 0.3124 step_s 0.0054 peak_mem_gb 1.205
2026-10-01 22:40:05,109 | DEBUG | step 4277 epoch 3 loss 0.3467 step_s 0.0054 peak_mem_gb 1.205
2026-10-01 22:40:05,115 | DEBUG | step 4278 epoch 3 loss 0.2123 step_s 0.0053 peak_mem_gb 1.205
2026-10-01 22:40:05,121 | DEBUG | step 4279 epoch 3 loss 0.2636 step_s 0.0054 peak_mem_gb 1.205
2026-10-01 22:40:05,127 | DEBUG | step 4280 epoch 3 loss 0.2757 step_s 0.0054 peak_mem_gb 1.205
2026-10-01 22:40:05,133 | DEBUG | step 4281 epoch 3 loss 0.1753 step_s 0.0054 peak_mem_gb 1.205
2026-10-01 22:40:05,139 | DEBUG | step 4282 epoch 3 loss 0.4959 step_s 0.0054 peak_mem_gb 1.205
2026-10-01 22:40:05,145 | DEBUG | step 4283 epoch 3 loss 0.2848 step_s 0.0053 peak_mem_gb 1.205
2026-10-01 22:40:05,151 | DEBUG | step 4284 epoch 3 loss 0.2869 step_s 0.0053 peak_mem_gb 1.205
2026-10-01 22:40:05,157 | DEBUG | step 4285 epoch 3 loss 0.2060 step_s 0.0054 peak_mem_gb 1.205
2026-10-01 22:40:05,163 | DEBUG | step 4286 epoch 3 loss 0.1637 step_s 0.0053 peak_mem_gb 1.205
2026-10-01 22:40:05,169 | DEBUG | step 4287 epoch 3 loss 0.2153 step_s 0.0053 peak_mem_gb 1.205
2026-10-01 22:40:05,175 | DEBUG | step 4288 epoch 3 loss 0.2717 step_s 0.0054 peak_mem_gb 1.205
2026-10-01 22:40:05,181 | DEBUG | step 4289 epoch 3 loss 0.1582 step_s 0.0054 peak_mem_gb 1.205
2026-10-01 22:40:05,187 | DEBUG | step 4290 epoch 3 loss 0.2487 step_s 0.0053 peak_mem_gb 1.205
2026-10-01 22:40:05,193 | DEBUG | step 4291 epoch 3 loss 0.2029 step_s 0.0053 peak_mem_gb 1.205
2026-10-01 22:40:05,199 | DEBUG | step 4292 epoch 3 loss 0.1077 step_s 0.0053 peak_mem_gb 1.205
2026-10-01 22:40:05,205 | DEBUG | step 4293 epoch 3 loss 0.1565 step_s 0.0054 peak_mem_gb 1.205
2026-10-01 22:40:05,211 | DEBUG | step 4294 epoch 3 loss 0.1768 step_s 0.0053 peak_mem_gb 1.205
2026-10-01 22:40:05,217 | DEBUG | step 4295 epoch 3 loss 0.2714 step_s 0.0055 peak_mem_gb 1.205
2026-10-01 22:40:05,223 | DEBUG | step 4296 epoch 3 loss 0.2083 step_s 0.0054 peak_mem_gb 1.205
2026-10-01 22:40:05,229 | DEBUG | step 4297 epoch 3 loss 0.3031 step_s 0.0054 peak_mem_gb 1.205
2026-10-01 22:40:05,235 | DEBUG | step 4298 epoch 3 loss 0.1858 step_s 0.0054 peak_mem_gb 1.205
2026-10-01 22:40:05,241 | DEBUG | step 4299 epoch 3 loss 0.1108 step_s 0.0053 peak_mem_gb 1.205
2026-10-01 22:40:05,247 | DEBUG | step 4300 epoch 3 loss 0.1224 step_s 0.0054 peak_mem_gb 1.205
2026-10-01 22:40:05,253 | DEBUG | step 4301 epoch 3 loss 0.2337 step_s 0.0053 peak_mem_gb 1.205
2026-10-01 22:40:05,259 | DEBUG | step 4302 epoch 3 loss 0.1449 step_s 0.0053 peak_mem_gb 1.205
2026-10-01 22:40:05,265 | DEBUG | step 4303 epoch 3 loss 0.2061 step_s 0.0053 peak_mem_gb 1.205
2026-10-01 22:40:05,271 | DEBUG | step 4304 epoch 3 loss 0.1450 step_s 0.0053 peak_mem_gb 1.205
2026-10-01 22:40:05,277 | DEBUG | step 4305 epoch 3 loss 0.1978 step_s 0.0053 peak_mem_gb 1.205
2026-10-01 22:40:05,283 | DEBUG | step 4306 epoch 3 loss 0.2132 step_s 0.0054 peak_mem_gb 1.205
2026-10-01 22:40:05,289 | DEBUG | step 4307 epoch 3 loss 0.5354 step_s 0.0054 peak_mem_gb 1.205
2026-10-01 22:40:05,295 | DEBUG | step 4308 epoch 3 loss 0.2521 step_s 0.0053 peak_mem_gb 1.205
2026-10-01 22:40:05,301 | DEBUG | step 4309 epoch 3 loss 0.2727 step_s 0.0053 peak_mem_gb 1.205
2026-10-01 22:40:05,307 | DEBUG | step 4310 epoch 3 loss 0.4015 step_s 0.0053 peak_mem_gb 1.205
2026-10-01 22:40:05,313 | DEBUG | step 4311 epoch 3 loss 0.1819 step_s 0.0053 peak_mem_gb 1.205
2026-10-01 22:40:05,319 | DEBUG | step 4312 epoch 3 loss 0.2318 step_s 0.0053 peak_mem_gb 1.205
2026-10-01 22:40:05,325 | DEBUG | step 4313 epoch 3 loss 0.1845 step_s 0.0053 peak_mem_gb 1.205
2026-10-01 22:40:05,331 | DEBUG | step 4314 epoch 3 loss 0.2527 step_s 0.0053 peak_mem_gb 1.205
2026-10-01 22:40:05,337 | DEBUG | step 4315 epoch 3 loss 0.2046 step_s 0.0053 peak_mem_gb 1.205
2026-10-01 22:40:05,343 | DEBUG | step 4316 epoch 3 loss 0.1567 step_s 0.0053 peak_mem_gb 1.205
2026-10-01 22:40:05,349 | DEBUG | step 4317 epoch 3 loss 0.2288 step_s 0.0053 peak_mem_gb 1.205
2026-10-01 22:40:05,355 | DEBUG | step 4318 epoch 3 loss 0.2780 step_s 0.0054 peak_mem_gb 1.205
2026-10-01 22:40:05,361 | DEBUG | step 4319 epoch 3 loss 0.2157 step_s 0.0053 peak_mem_gb 1.205
2026-10-01 22:40:05,367 | DEBUG | step 4320 epoch 3 loss 0.2561 step_s 0.0053 peak_mem_gb 1.205
2026-10-01 22:40:05,373 | DEBUG | step 4321 epoch 3 loss 0.2340 step_s 0.0053 peak_mem_gb 1.205
2026-10-01 22:40:05,379 | DEBUG | step 4322 epoch 3 loss 0.2429 step_s 0.0053 peak_mem_gb 1.205
2026-10-01 22:40:05,385 | DEBUG | step 4323 epoch 3 loss 0.3329 step_s 0.0054 peak_mem_gb 1.205
2026-10-01 22:40:05,391 | DEBUG | step 4324 epoch 3 loss 0.3044 step_s 0.0053 peak_mem_gb 1.205
2026-10-01 22:40:05,397 | DEBUG | step 4325 epoch 3 loss 0.2902 step_s 0.0053 peak_mem_gb 1.205
2026-10-01 22:40:05,403 | DEBUG | step 4326 epoch 3 loss 0.3358 step_s 0.0053 peak_mem_gb 1.205
2026-10-01 22:40:05,409 | DEBUG | step 4327 epoch 3 loss 0.2294 step_s 0.0054 peak_mem_gb 1.205
2026-10-01 22:40:05,415 | DEBUG | step 4328 epoch 3 loss 0.2944 step_s 0.0053 peak_mem_gb 1.205
2026-10-01 22:40:05,421 | DEBUG | step 4329 epoch 3 loss 0.1673 step_s 0.0054 peak_mem_gb 1.205
2026-10-01 22:40:05,427 | DEBUG | step 4330 epoch 3 loss 0.2214 step_s 0.0053 peak_mem_gb 1.205
2026-10-01 22:40:05,433 | DEBUG | step 4331 epoch 3 loss 0.1622 step_s 0.0053 peak_mem_gb 1.205
2026-10-01 22:40:05,439 | DEBUG | step 4332 epoch 3 loss 0.2093 step_s 0.0054 peak_mem_gb 1.205
2026-10-01 22:40:05,445 | DEBUG | step 4333 epoch 3 loss 0.3030 step_s 0.0053 peak_mem_gb 1.205
2026-10-01 22:40:05,451 | DEBUG | step 4334 epoch 3 loss 0.3321 step_s 0.0053 peak_mem_gb 1.205
2026-10-01 22:40:05,457 | DEBUG | step 4335 epoch 3 loss 0.2475 step_s 0.0053 peak_mem_gb 1.205
2026-10-01 22:40:05,463 | DEBUG | step 4336 epoch 3 loss 0.2677 step_s 0.0053 peak_mem_gb 1.205
2026-10-01 22:40:05,469 | DEBUG | step 4337 epoch 3 loss 0.3465 step_s 0.0053 peak_mem_gb 1.205
2026-10-01 22:40:05,475 | DEBUG | step 4338 epoch 3 loss 0.1489 step_s 0.0053 peak_mem_gb 1.205
2026-10-01 22:40:05,481 | DEBUG | step 4339 epoch 3 loss 0.1818 step_s 0.0053 peak_mem_gb 1.205
2026-10-01 22:40:05,487 | DEBUG | step 4340 epoch 3 loss 0.1691 step_s 0.0054 peak_mem_gb 1.205
2026-10-01 22:40:05,493 | DEBUG | step 4341 epoch 3 loss 0.1790 step_s 0.0053 peak_mem_gb 1.205
2026-10-01 22:40:05,499 | DEBUG | step 4342 epoch 3 loss 0.2271 step_s 0.0054 peak_mem_gb 1.205
2026-10-01 22:40:05,505 | DEBUG | step 4343 epoch 3 loss 0.1536 step_s 0.0053 peak_mem_gb 1.205
2026-10-01 22:40:05,511 | DEBUG | step 4344 epoch 3 loss 0.1048 step_s 0.0053 peak_mem_gb 1.205
2026-10-01 22:40:05,517 | DEBUG | step 4345 epoch 3 loss 0.2877 step_s 0.0054 peak_mem_gb 1.205
2026-10-01 22:40:05,524 | DEBUG | step 4346 epoch 3 loss 0.2511 step_s 0.0055 peak_mem_gb 1.205
2026-10-01 22:40:05,530 | DEBUG | step 4347 epoch 3 loss 0.1297 step_s 0.0054 peak_mem_gb 1.205
2026-10-01 22:40:05,537 | DEBUG | step 4348 epoch 3 loss 0.2094 step_s 0.0059 peak_mem_gb 1.205
2026-10-01 22:40:05,543 | DEBUG | step 4349 epoch 3 loss 0.2494 step_s 0.0053 peak_mem_gb 1.205
2026-10-01 22:40:05,549 | DEBUG | step 4350 epoch 3 loss 0.1911 step_s 0.0054 peak_mem_gb 1.205
2026-10-01 22:40:05,555 | DEBUG | step 4351 epoch 3 loss 0.2527 step_s 0.0054 peak_mem_gb 1.205
2026-10-01 22:40:05,561 | DEBUG | step 4352 epoch 3 loss 0.2412 step_s 0.0054 peak_mem_gb 1.205
2026-10-01 22:40:05,567 | DEBUG | step 4353 epoch 3 loss 0.6278 step_s 0.0053 peak_mem_gb 1.205
2026-10-01 22:40:05,573 | DEBUG | step 4354 epoch 3 loss 0.2291 step_s 0.0053 peak_mem_gb 1.205
2026-10-01 22:40:05,579 | DEBUG | step 4355 epoch 3 loss 0.2168 step_s 0.0054 peak_mem_gb 1.205
2026-10-01 22:40:05,585 | DEBUG | step 4356 epoch 3 loss 0.4643 step_s 0.0054 peak_mem_gb 1.205
2026-10-01 22:40:05,591 | DEBUG | step 4357 epoch 3 loss 0.3940 step_s 0.0054 peak_mem_gb 1.205
2026-10-01 22:40:05,597 | DEBUG | step 4358 epoch 3 loss 0.2996 step_s 0.0054 peak_mem_gb 1.205
2026-10-01 22:40:05,603 | DEBUG | step 4359 epoch 3 loss 0.2125 step_s 0.0054 peak_mem_gb 1.205
2026-10-01 22:40:05,609 | DEBUG | step 4360 epoch 3 loss 0.2802 step_s 0.0053 peak_mem_gb 1.205
2026-10-01 22:40:05,615 | DEBUG | step 4361 epoch 3 loss 0.2768 step_s 0.0053 peak_mem_gb 1.205
2026-10-01 22:40:05,621 | DEBUG | step 4362 epoch 3 loss 0.3414 step_s 0.0053 peak_mem_gb 1.205
2026-10-01 22:40:05,627 | DEBUG | step 4363 epoch 3 loss 0.2671 step_s 0.0053 peak_mem_gb 1.205
2026-10-01 22:40:05,633 | DEBUG | step 4364 epoch 3 loss 0.1586 step_s 0.0053 peak_mem_gb 1.205
2026-10-01 22:40:05,639 | DEBUG | step 4365 epoch 3 loss 0.2009 step_s 0.0053 peak_mem_gb 1.205
2026-10-01 22:40:05,645 | DEBUG | step 4366 epoch 3 loss 0.3284 step_s 0.0053 peak_mem_gb 1.205
2026-10-01 22:40:05,651 | DEBUG | step 4367 epoch 3 loss 0.1680 step_s 0.0053 peak_mem_gb 1.205
2026-10-01 22:40:05,657 | DEBUG | step 4368 epoch 3 loss 0.2628 step_s 0.0053 peak_mem_gb 1.205
2026-10-01 22:40:05,663 | DEBUG | step 4369 epoch 3 loss 0.2552 step_s 0.0053 peak_mem_gb 1.205
2026-10-01 22:40:05,669 | DEBUG | step 4370 epoch 3 loss 0.2860 step_s 0.0053 peak_mem_gb 1.205
2026-10-01 22:40:05,675 | DEBUG | step 4371 epoch 3 loss 0.1919 step_s 0.0053 peak_mem_gb 1.205
2026-10-01 22:40:05,681 | DEBUG | step 4372 epoch 3 loss 0.2063 step_s 0.0053 peak_mem_gb 1.205
2026-10-01 22:40:05,687 | DEBUG | step 4373 epoch 3 loss 0.4104 step_s 0.0053 peak_mem_gb 1.205
2026-10-01 22:40:05,693 | DEBUG | step 4374 epoch 3 loss 0.2104 step_s 0.0053 peak_mem_gb 1.205
2026-10-01 22:40:05,699 | DEBUG | step 4375 epoch 3 loss 0.2602 step_s 0.0054 peak_mem_gb 1.205
2026-10-01 22:40:05,705 | DEBUG | step 4376 epoch 3 loss 0.2017 step_s 0.0053 peak_mem_gb 1.205
2026-10-01 22:40:05,711 | DEBUG | step 4377 epoch 3 loss 0.2609 step_s 0.0053 peak_mem_gb 1.205
2026-10-01 22:40:05,717 | DEBUG | step 4378 epoch 3 loss 0.2735 step_s 0.0053 peak_mem_gb 1.205
2026-10-01 22:40:05,723 | DEBUG | step 4379 epoch 3 loss 0.1761 step_s 0.0054 peak_mem_gb 1.205
2026-10-01 22:40:05,729 | DEBUG | step 4380 epoch 3 loss 0.1593 step_s 0.0053 peak_mem_gb 1.205
2026-10-01 22:40:05,735 | DEBUG | step 4381 epoch 3 loss 0.2225 step_s 0.0053 peak_mem_gb 1.205
2026-10-01 22:40:05,741 | DEBUG | step 4382 epoch 3 loss 0.2423 step_s 0.0053 peak_mem_gb 1.205
2026-10-01 22:40:05,747 | DEBUG | step 4383 epoch 3 loss 0.3271 step_s 0.0054 peak_mem_gb 1.205
2026-10-01 22:40:05,753 | DEBUG | step 4384 epoch 3 loss 0.2590 step_s 0.0053 peak_mem_gb 1.205
2026-10-01 22:40:05,759 | DEBUG | step 4385 epoch 3 loss 0.2425 step_s 0.0053 peak_mem_gb 1.205
2026-10-01 22:40:05,765 | DEBUG | step 4386 epoch 3 loss 0.3151 step_s 0.0053 peak_mem_gb 1.205
2026-10-01 22:40:05,771 | DEBUG | step 4387 epoch 3 loss 0.1743 step_s 0.0053 peak_mem_gb 1.205
2026-10-01 22:40:05,777 | DEBUG | step 4388 epoch 3 loss 0.1600 step_s 0.0053 peak_mem_gb 1.205
2026-10-01 22:40:05,783 | DEBUG | step 4389 epoch 3 loss 0.2703 step_s 0.0053 peak_mem_gb 1.205
2026-10-01 22:40:05,789 | DEBUG | step 4390 epoch 3 loss 0.4044 step_s 0.0054 peak_mem_gb 1.205
2026-10-01 22:40:05,795 | DEBUG | step 4391 epoch 3 loss 0.4029 step_s 0.0055 peak_mem_gb 1.205
2026-10-01 22:40:05,801 | DEBUG | step 4392 epoch 3 loss 0.3326 step_s 0.0053 peak_mem_gb 1.205
2026-10-01 22:40:05,807 | DEBUG | step 4393 epoch 3 loss 0.2794 step_s 0.0053 peak_mem_gb 1.205
2026-10-01 22:40:05,813 | DEBUG | step 4394 epoch 3 loss 0.3362 step_s 0.0054 peak_mem_gb 1.205
2026-10-01 22:40:05,820 | DEBUG | step 4395 epoch 3 loss 0.2431 step_s 0.0056 peak_mem_gb 1.205
2026-10-01 22:40:05,826 | DEBUG | step 4396 epoch 3 loss 0.2040 step_s 0.0058 peak_mem_gb 1.205
2026-10-01 22:40:05,833 | DEBUG | step 4397 epoch 3 loss 0.2254 step_s 0.0058 peak_mem_gb 1.205
2026-10-01 22:40:05,840 | DEBUG | step 4398 epoch 3 loss 0.2506 step_s 0.0062 peak_mem_gb 1.205
2026-10-01 22:40:05,847 | DEBUG | step 4399 epoch 3 loss 0.2275 step_s 0.0059 peak_mem_gb 1.205
2026-10-01 22:40:05,854 | INFO | step 4400 epoch 3 loss 0.2434 step_s 0.0057 peak_mem_gb 1.205
2026-10-01 22:40:05,862 | DEBUG | step 4401 epoch 3 loss 0.3695 step_s 0.0061 peak_mem_gb 1.205
2026-10-01 22:40:05,870 | DEBUG | step 4402 epoch 3 loss 0.2352 step_s 0.0058 peak_mem_gb 1.205
2026-10-01 22:40:05,876 | DEBUG | step 4403 epoch 3 loss 0.2655 step_s 0.0056 peak_mem_gb 1.205
2026-10-01 22:40:05,883 | DEBUG | step 4404 epoch 3 loss 0.1812 step_s 0.0056 peak_mem_gb 1.205
2026-10-01 22:40:05,891 | DEBUG | step 4405 epoch 3 loss 0.3393 step_s 0.0074 peak_mem_gb 1.205
2026-10-01 22:40:05,898 | DEBUG | step 4406 epoch 3 loss 0.2589 step_s 0.0057 peak_mem_gb 1.205
2026-10-01 22:40:05,907 | DEBUG | step 4407 epoch 3 loss 0.2291 step_s 0.0077 peak_mem_gb 1.205
2026-10-01 22:40:05,913 | DEBUG | step 4408 epoch 3 loss 0.4586 step_s 0.0057 peak_mem_gb 1.205
2026-10-01 22:40:05,921 | DEBUG | step 4409 epoch 3 loss 0.2017 step_s 0.0062 peak_mem_gb 1.205
2026-10-01 22:40:05,927 | DEBUG | step 4410 epoch 3 loss 0.2422 step_s 0.0055 peak_mem_gb 1.205
2026-10-01 22:40:05,933 | DEBUG | step 4411 epoch 3 loss 0.3878 step_s 0.0055 peak_mem_gb 1.205
2026-10-01 22:40:05,940 | DEBUG | step 4412 epoch 3 loss 0.1503 step_s 0.0054 peak_mem_gb 1.205
2026-10-01 22:40:05,946 | DEBUG | step 4413 epoch 3 loss 0.3147 step_s 0.0055 peak_mem_gb 1.205
2026-10-01 22:40:05,952 | DEBUG | step 4414 epoch 3 loss 0.3891 step_s 0.0057 peak_mem_gb 1.205
2026-10-01 22:40:05,959 | DEBUG | step 4415 epoch 3 loss 0.1850 step_s 0.0055 peak_mem_gb 1.205
2026-10-01 22:40:05,966 | DEBUG | step 4416 epoch 3 loss 0.2673 step_s 0.0060 peak_mem_gb 1.205
2026-10-01 22:40:05,972 | DEBUG | step 4417 epoch 3 loss 0.2598 step_s 0.0054 peak_mem_gb 1.205
2026-10-01 22:40:05,979 | DEBUG | step 4418 epoch 3 loss 0.3080 step_s 0.0054 peak_mem_gb 1.205
2026-10-01 22:40:05,985 | DEBUG | step 4419 epoch 3 loss 0.1774 step_s 0.0054 peak_mem_gb 1.205
2026-10-01 22:40:05,991 | DEBUG | step 4420 epoch 3 loss 0.2933 step_s 0.0053 peak_mem_gb 1.205
2026-10-01 22:40:05,997 | DEBUG | step 4421 epoch 3 loss 0.2357 step_s 0.0054 peak_mem_gb 1.205
2026-10-01 22:40:06,003 | DEBUG | step 4422 epoch 3 loss 0.2298 step_s 0.0054 peak_mem_gb 1.205
2026-10-01 22:40:06,009 | DEBUG | step 4423 epoch 3 loss 0.2625 step_s 0.0053 peak_mem_gb 1.205
2026-10-01 22:40:06,015 | DEBUG | step 4424 epoch 3 loss 0.2349 step_s 0.0053 peak_mem_gb 1.205
2026-10-01 22:40:06,021 | DEBUG | step 4425 epoch 3 loss 0.1468 step_s 0.0053 peak_mem_gb 1.205
2026-10-01 22:40:06,028 | DEBUG | step 4426 epoch 3 loss 0.2213 step_s 0.0064 peak_mem_gb 1.205
2026-10-01 22:40:06,034 | DEBUG | step 4427 epoch 3 loss 0.2415 step_s 0.0053 peak_mem_gb 1.205
2026-10-01 22:40:06,041 | DEBUG | step 4428 epoch 3 loss 0.2144 step_s 0.0054 peak_mem_gb 1.205
2026-10-01 22:40:06,047 | DEBUG | step 4429 epoch 3 loss 0.2257 step_s 0.0053 peak_mem_gb 1.205
2026-10-01 22:40:06,053 | DEBUG | step 4430 epoch 3 loss 0.2281 step_s 0.0054 peak_mem_gb 1.205
2026-10-01 22:40:06,059 | DEBUG | step 4431 epoch 3 loss 0.2491 step_s 0.0054 peak_mem_gb 1.205
2026-10-01 22:40:06,065 | DEBUG | step 4432 epoch 3 loss 0.1716 step_s 0.0054 peak_mem_gb 1.205
2026-10-01 22:40:06,071 | DEBUG | step 4433 epoch 3 loss 0.2906 step_s 0.0054 peak_mem_gb 1.205
2026-10-01 22:40:06,077 | DEBUG | step 4434 epoch 3 loss 0.3032 step_s 0.0054 peak_mem_gb 1.205
2026-10-01 22:40:06,083 | DEBUG | step 4435 epoch 3 loss 0.2855 step_s 0.0054 peak_mem_gb 1.205
2026-10-01 22:40:06,089 | DEBUG | step 4436 epoch 3 loss 0.2515 step_s 0.0053 peak_mem_gb 1.205
2026-10-01 22:40:06,095 | DEBUG | step 4437 epoch 3 loss 0.3020 step_s 0.0053 peak_mem_gb 1.205
2026-10-01 22:40:06,101 | DEBUG | step 4438 epoch 3 loss 0.3376 step_s 0.0054 peak_mem_gb 1.205
2026-10-01 22:40:06,107 | DEBUG | step 4439 epoch 3 loss 0.2714 step_s 0.0053 peak_mem_gb 1.205
2026-10-01 22:40:06,113 | DEBUG | step 4440 epoch 3 loss 0.1719 step_s 0.0053 peak_mem_gb 1.205
2026-10-01 22:40:06,119 | DEBUG | step 4441 epoch 3 loss 0.1646 step_s 0.0053 peak_mem_gb 1.205
2026-10-01 22:40:06,125 | DEBUG | step 4442 epoch 3 loss 0.1836 step_s 0.0054 peak_mem_gb 1.205
2026-10-01 22:40:06,131 | DEBUG | step 4443 epoch 3 loss 0.1734 step_s 0.0054 peak_mem_gb 1.205
2026-10-01 22:40:06,138 | DEBUG | step 4444 epoch 3 loss 0.2228 step_s 0.0054 peak_mem_gb 1.205
2026-10-01 22:40:06,144 | DEBUG | step 4445 epoch 3 loss 0.2586 step_s 0.0053 peak_mem_gb 1.205
2026-10-01 22:40:06,149 | DEBUG | step 4446 epoch 3 loss 0.1876 step_s 0.0053 peak_mem_gb 1.205
2026-10-01 22:40:06,155 | DEBUG | step 4447 epoch 3 loss 0.2885 step_s 0.0053 peak_mem_gb 1.205
2026-10-01 22:40:06,161 | DEBUG | step 4448 epoch 3 loss 0.1190 step_s 0.0053 peak_mem_gb 1.205
2026-10-01 22:40:06,167 | DEBUG | step 4449 epoch 3 loss 0.2354 step_s 0.0053 peak_mem_gb 1.205
2026-10-01 22:40:06,173 | DEBUG | step 4450 epoch 3 loss 0.1484 step_s 0.0054 peak_mem_gb 1.205
2026-10-01 22:40:06,179 | DEBUG | step 4451 epoch 3 loss 0.2370 step_s 0.0054 peak_mem_gb 1.205
2026-10-01 22:40:06,185 | DEBUG | step 4452 epoch 3 loss 0.1591 step_s 0.0053 peak_mem_gb 1.205
2026-10-01 22:40:06,191 | DEBUG | step 4453 epoch 3 loss 0.2164 step_s 0.0053 peak_mem_gb 1.205
2026-10-01 22:40:06,197 | DEBUG | step 4454 epoch 3 loss 0.2065 step_s 0.0053 peak_mem_gb 1.205
2026-10-01 22:40:06,203 | DEBUG | step 4455 epoch 3 loss 0.2885 step_s 0.0054 peak_mem_gb 1.205
2026-10-01 22:40:06,209 | DEBUG | step 4456 epoch 3 loss 0.4855 step_s 0.0053 peak_mem_gb 1.205
2026-10-01 22:40:06,215 | DEBUG | step 4457 epoch 3 loss 0.3180 step_s 0.0053 peak_mem_gb 1.205
2026-10-01 22:40:06,221 | DEBUG | step 4458 epoch 3 loss 0.3477 step_s 0.0053 peak_mem_gb 1.205
2026-10-01 22:40:06,227 | DEBUG | step 4459 epoch 3 loss 0.2479 step_s 0.0053 peak_mem_gb 1.205
2026-10-01 22:40:06,233 | DEBUG | step 4460 epoch 3 loss 0.3295 step_s 0.0054 peak_mem_gb 1.205
2026-10-01 22:40:06,239 | DEBUG | step 4461 epoch 3 loss 0.2620 step_s 0.0054 peak_mem_gb 1.205
2026-10-01 22:40:06,245 | DEBUG | step 4462 epoch 3 loss 0.1695 step_s 0.0053 peak_mem_gb 1.205
2026-10-01 22:40:06,251 | DEBUG | step 4463 epoch 3 loss 0.3480 step_s 0.0053 peak_mem_gb 1.205
2026-10-01 22:40:06,257 | DEBUG | step 4464 epoch 3 loss 0.2985 step_s 0.0054 peak_mem_gb 1.205
2026-10-01 22:40:06,263 | DEBUG | step 4465 epoch 3 loss 0.2221 step_s 0.0053 peak_mem_gb 1.205
2026-10-01 22:40:06,269 | DEBUG | step 4466 epoch 3 loss 0.2416 step_s 0.0053 peak_mem_gb 1.205
2026-10-01 22:40:06,275 | DEBUG | step 4467 epoch 3 loss 0.3060 step_s 0.0053 peak_mem_gb 1.205
2026-10-01 22:40:06,281 | DEBUG | step 4468 epoch 3 loss 0.2084 step_s 0.0053 peak_mem_gb 1.205
2026-10-01 22:40:06,287 | DEBUG | step 4469 epoch 3 loss 0.3318 step_s 0.0053 peak_mem_gb 1.205
2026-10-01 22:40:06,293 | DEBUG | step 4470 epoch 3 loss 0.1987 step_s 0.0054 peak_mem_gb 1.205
2026-10-01 22:40:06,299 | DEBUG | step 4471 epoch 3 loss 0.3213 step_s 0.0053 peak_mem_gb 1.205
2026-10-01 22:40:06,305 | DEBUG | step 4472 epoch 3 loss 0.3013 step_s 0.0053 peak_mem_gb 1.205
2026-10-01 22:40:06,311 | DEBUG | step 4473 epoch 3 loss 0.2882 step_s 0.0053 peak_mem_gb 1.205
2026-10-01 22:40:06,317 | DEBUG | step 4474 epoch 3 loss 0.1773 step_s 0.0053 peak_mem_gb 1.205
2026-10-01 22:40:06,323 | DEBUG | step 4475 epoch 3 loss 0.3959 step_s 0.0054 peak_mem_gb 1.205
2026-10-01 22:40:06,329 | DEBUG | step 4476 epoch 3 loss 0.3436 step_s 0.0053 peak_mem_gb 1.205
2026-10-01 22:40:06,335 | DEBUG | step 4477 epoch 3 loss 0.2035 step_s 0.0053 peak_mem_gb 1.205
2026-10-01 22:40:06,341 | DEBUG | step 4478 epoch 3 loss 0.1685 step_s 0.0053 peak_mem_gb 1.205
2026-10-01 22:40:06,347 | DEBUG | step 4479 epoch 3 loss 0.3667 step_s 0.0053 peak_mem_gb 1.205
2026-10-01 22:40:06,353 | DEBUG | step 4480 epoch 3 loss 0.5108 step_s 0.0054 peak_mem_gb 1.205
2026-10-01 22:40:06,359 | DEBUG | step 4481 epoch 3 loss 0.1483 step_s 0.0053 peak_mem_gb 1.205
2026-10-01 22:40:06,365 | DEBUG | step 4482 epoch 3 loss 0.2196 step_s 0.0053 peak_mem_gb 1.205
2026-10-01 22:40:06,371 | DEBUG | step 4483 epoch 3 loss 0.2869 step_s 0.0053 peak_mem_gb 1.205
2026-10-01 22:40:06,377 | DEBUG | step 4484 epoch 3 loss 0.3011 step_s 0.0053 peak_mem_gb 1.205
2026-10-01 22:40:06,383 | DEBUG | step 4485 epoch 3 loss 0.3234 step_s 0.0053 peak_mem_gb 1.205
2026-10-01 22:40:06,389 | DEBUG | step 4486 epoch 3 loss 0.3656 step_s 0.0053 peak_mem_gb 1.205
2026-10-01 22:40:06,395 | DEBUG | step 4487 epoch 3 loss 0.2685 step_s 0.0053 peak_mem_gb 1.205
2026-10-01 22:40:06,401 | DEBUG | step 4488 epoch 3 loss 0.2913 step_s 0.0053 peak_mem_gb 1.205
2026-10-01 22:40:06,407 | DEBUG | step 4489 epoch 3 loss 0.3256 step_s 0.0053 peak_mem_gb 1.205
2026-10-01 22:40:06,413 | DEBUG | step 4490 epoch 3 loss 0.2937 step_s 0.0053 peak_mem_gb 1.205
2026-10-01 22:40:06,419 | DEBUG | step 4491 epoch 3 loss 0.2982 step_s 0.0053 peak_mem_gb 1.205
2026-10-01 22:40:06,425 | DEBUG | step 4492 epoch 3 loss 0.3521 step_s 0.0053 peak_mem_gb 1.205
2026-10-01 22:40:06,431 | DEBUG | step 4493 epoch 3 loss 0.1745 step_s 0.0053 peak_mem_gb 1.205
2026-10-01 22:40:06,437 | DEBUG | step 4494 epoch 3 loss 0.2900 step_s 0.0054 peak_mem_gb 1.205
2026-10-01 22:40:06,443 | DEBUG | step 4495 epoch 3 loss 0.2187 step_s 0.0053 peak_mem_gb 1.205
2026-10-01 22:40:06,449 | DEBUG | step 4496 epoch 3 loss 0.3740 step_s 0.0053 peak_mem_gb 1.205
2026-10-01 22:40:06,455 | DEBUG | step 4497 epoch 3 loss 0.3171 step_s 0.0053 peak_mem_gb 1.205
2026-10-01 22:40:06,461 | DEBUG | step 4498 epoch 3 loss 0.2260 step_s 0.0053 peak_mem_gb 1.205
2026-10-01 22:40:06,467 | DEBUG | step 4499 epoch 3 loss 0.1887 step_s 0.0053 peak_mem_gb 1.205
2026-10-01 22:40:06,473 | DEBUG | step 4500 epoch 3 loss 0.2639 step_s 0.0054 peak_mem_gb 1.205
2026-10-01 22:40:06,479 | DEBUG | step 4501 epoch 3 loss 0.3512 step_s 0.0053 peak_mem_gb 1.205
2026-10-01 22:40:06,485 | DEBUG | step 4502 epoch 3 loss 0.2278 step_s 0.0054 peak_mem_gb 1.205
2026-10-01 22:40:06,491 | DEBUG | step 4503 epoch 3 loss 0.2043 step_s 0.0054 peak_mem_gb 1.205
2026-10-01 22:40:06,497 | DEBUG | step 4504 epoch 3 loss 0.2548 step_s 0.0053 peak_mem_gb 1.205
2026-10-01 22:40:06,503 | DEBUG | step 4505 epoch 3 loss 0.2042 step_s 0.0054 peak_mem_gb 1.205
2026-10-01 22:40:06,509 | DEBUG | step 4506 epoch 3 loss 0.3271 step_s 0.0053 peak_mem_gb 1.205
2026-10-01 22:40:06,515 | DEBUG | step 4507 epoch 3 loss 0.2627 step_s 0.0053 peak_mem_gb 1.205
2026-10-01 22:40:06,522 | DEBUG | step 4508 epoch 3 loss 0.2535 step_s 0.0053 peak_mem_gb 1.205
2026-10-01 22:40:06,528 | DEBUG | step 4509 epoch 3 loss 0.4481 step_s 0.0054 peak_mem_gb 1.205
2026-10-01 22:40:06,534 | DEBUG | step 4510 epoch 3 loss 0.2524 step_s 0.0054 peak_mem_gb 1.205
2026-10-01 22:40:06,540 | DEBUG | step 4511 epoch 3 loss 0.3265 step_s 0.0054 peak_mem_gb 1.205
2026-10-01 22:40:06,546 | DEBUG | step 4512 epoch 3 loss 0.2187 step_s 0.0057 peak_mem_gb 1.205
2026-10-01 22:40:06,552 | DEBUG | step 4513 epoch 3 loss 0.3415 step_s 0.0054 peak_mem_gb 1.205
2026-10-01 22:40:06,558 | DEBUG | step 4514 epoch 3 loss 0.1567 step_s 0.0053 peak_mem_gb 1.205
2026-10-01 22:40:06,565 | DEBUG | step 4515 epoch 3 loss 0.3139 step_s 0.0054 peak_mem_gb 1.205
2026-10-01 22:40:06,571 | DEBUG | step 4516 epoch 3 loss 0.3815 step_s 0.0053 peak_mem_gb 1.205
2026-10-01 22:40:06,576 | DEBUG | step 4517 epoch 3 loss 0.2622 step_s 0.0053 peak_mem_gb 1.205
2026-10-01 22:40:06,583 | DEBUG | step 4518 epoch 3 loss 0.2276 step_s 0.0054 peak_mem_gb 1.205
2026-10-01 22:40:06,589 | DEBUG | step 4519 epoch 3 loss 0.2608 step_s 0.0054 peak_mem_gb 1.205
2026-10-01 22:40:06,595 | DEBUG | step 4520 epoch 3 loss 0.2306 step_s 0.0053 peak_mem_gb 1.205
2026-10-01 22:40:06,601 | DEBUG | step 4521 epoch 3 loss 0.2435 step_s 0.0053 peak_mem_gb 1.205
2026-10-01 22:40:06,607 | DEBUG | step 4522 epoch 3 loss 0.1956 step_s 0.0054 peak_mem_gb 1.205
2026-10-01 22:40:06,613 | DEBUG | step 4523 epoch 3 loss 0.3746 step_s 0.0053 peak_mem_gb 1.205
2026-10-01 22:40:06,619 | DEBUG | step 4524 epoch 3 loss 0.3034 step_s 0.0053 peak_mem_gb 1.205
2026-10-01 22:40:06,625 | DEBUG | step 4525 epoch 3 loss 0.2272 step_s 0.0053 peak_mem_gb 1.205
2026-10-01 22:40:06,631 | DEBUG | step 4526 epoch 3 loss 0.1864 step_s 0.0053 peak_mem_gb 1.205
2026-10-01 22:40:06,637 | DEBUG | step 4527 epoch 3 loss 0.1422 step_s 0.0054 peak_mem_gb 1.205
2026-10-01 22:40:06,643 | DEBUG | step 4528 epoch 3 loss 0.2440 step_s 0.0054 peak_mem_gb 1.205
2026-10-01 22:40:06,649 | DEBUG | step 4529 epoch 3 loss 0.2466 step_s 0.0053 peak_mem_gb 1.205
2026-10-01 22:40:06,655 | DEBUG | step 4530 epoch 3 loss 0.2321 step_s 0.0054 peak_mem_gb 1.205
2026-10-01 22:40:06,661 | DEBUG | step 4531 epoch 3 loss 0.2473 step_s 0.0053 peak_mem_gb 1.205
2026-10-01 22:40:06,667 | DEBUG | step 4532 epoch 3 loss 0.1618 step_s 0.0053 peak_mem_gb 1.205
2026-10-01 22:40:06,673 | DEBUG | step 4533 epoch 3 loss 0.2798 step_s 0.0054 peak_mem_gb 1.205
2026-10-01 22:40:06,679 | DEBUG | step 4534 epoch 3 loss 0.2334 step_s 0.0053 peak_mem_gb 1.205
2026-10-01 22:40:06,685 | DEBUG | step 4535 epoch 3 loss 0.2470 step_s 0.0054 peak_mem_gb 1.205
2026-10-01 22:40:06,690 | DEBUG | step 4536 epoch 3 loss 0.4200 step_s 0.0053 peak_mem_gb 1.205
2026-10-01 22:40:06,696 | DEBUG | step 4537 epoch 3 loss 0.3778 step_s 0.0053 peak_mem_gb 1.205
2026-10-01 22:40:06,702 | DEBUG | step 4538 epoch 3 loss 0.1969 step_s 0.0053 peak_mem_gb 1.205
2026-10-01 22:40:06,709 | DEBUG | step 4539 epoch 3 loss 0.2602 step_s 0.0053 peak_mem_gb 1.205
2026-10-01 22:40:06,714 | DEBUG | step 4540 epoch 3 loss 0.2333 step_s 0.0053 peak_mem_gb 1.205
2026-10-01 22:40:06,721 | DEBUG | step 4541 epoch 3 loss 0.1798 step_s 0.0058 peak_mem_gb 1.205
2026-10-01 22:40:06,727 | DEBUG | step 4542 epoch 3 loss 0.2200 step_s 0.0053 peak_mem_gb 1.205
2026-10-01 22:40:06,733 | DEBUG | step 4543 epoch 3 loss 0.2118 step_s 0.0052 peak_mem_gb 1.205
2026-10-01 22:40:06,739 | DEBUG | step 4544 epoch 3 loss 0.1499 step_s 0.0054 peak_mem_gb 1.205
2026-10-01 22:40:06,745 | DEBUG | step 4545 epoch 3 loss 0.2475 step_s 0.0053 peak_mem_gb 1.205
2026-10-01 22:40:06,751 | DEBUG | step 4546 epoch 3 loss 0.2043 step_s 0.0053 peak_mem_gb 1.205
2026-10-01 22:40:06,757 | DEBUG | step 4547 epoch 3 loss 0.1218 step_s 0.0054 peak_mem_gb 1.205
2026-10-01 22:40:06,763 | DEBUG | step 4548 epoch 3 loss 0.2546 step_s 0.0054 peak_mem_gb 1.205
2026-10-01 22:40:06,769 | DEBUG | step 4549 epoch 3 loss 0.2248 step_s 0.0054 peak_mem_gb 1.205
2026-10-01 22:40:06,775 | DEBUG | step 4550 epoch 3 loss 0.3544 step_s 0.0053 peak_mem_gb 1.205
2026-10-01 22:40:06,781 | DEBUG | step 4551 epoch 3 loss 0.3860 step_s 0.0054 peak_mem_gb 1.205
2026-10-01 22:40:06,787 | DEBUG | step 4552 epoch 3 loss 0.1563 step_s 0.0054 peak_mem_gb 1.205
2026-10-01 22:40:06,793 | DEBUG | step 4553 epoch 3 loss 0.2812 step_s 0.0053 peak_mem_gb 1.205
2026-10-01 22:40:06,799 | DEBUG | step 4554 epoch 3 loss 0.4365 step_s 0.0053 peak_mem_gb 1.205
2026-10-01 22:40:06,805 | DEBUG | step 4555 epoch 3 loss 0.2634 step_s 0.0053 peak_mem_gb 1.205
2026-10-01 22:40:06,811 | DEBUG | step 4556 epoch 3 loss 0.1383 step_s 0.0053 peak_mem_gb 1.205
2026-10-01 22:40:06,817 | DEBUG | step 4557 epoch 3 loss 0.3878 step_s 0.0053 peak_mem_gb 1.205
2026-10-01 22:40:06,823 | DEBUG | step 4558 epoch 3 loss 0.2655 step_s 0.0055 peak_mem_gb 1.205
2026-10-01 22:40:06,829 | DEBUG | step 4559 epoch 3 loss 0.2776 step_s 0.0053 peak_mem_gb 1.205
2026-10-01 22:40:06,835 | DEBUG | step 4560 epoch 3 loss 0.2900 step_s 0.0053 peak_mem_gb 1.205
2026-10-01 22:40:06,841 | DEBUG | step 4561 epoch 3 loss 0.1344 step_s 0.0054 peak_mem_gb 1.205
2026-10-01 22:40:06,847 | DEBUG | step 4562 epoch 3 loss 0.2897 step_s 0.0053 peak_mem_gb 1.205
2026-10-01 22:40:06,853 | DEBUG | step 4563 epoch 3 loss 0.4910 step_s 0.0053 peak_mem_gb 1.205
2026-10-01 22:40:06,859 | DEBUG | step 4564 epoch 3 loss 0.2755 step_s 0.0053 peak_mem_gb 1.205
2026-10-01 22:40:06,865 | DEBUG | step 4565 epoch 3 loss 0.2274 step_s 0.0054 peak_mem_gb 1.205
2026-10-01 22:40:06,871 | DEBUG | step 4566 epoch 3 loss 0.3335 step_s 0.0053 peak_mem_gb 1.205
2026-10-01 22:40:06,877 | DEBUG | step 4567 epoch 3 loss 0.2578 step_s 0.0054 peak_mem_gb 1.205
2026-10-01 22:40:06,884 | DEBUG | step 4568 epoch 3 loss 0.2353 step_s 0.0057 peak_mem_gb 1.205
2026-10-01 22:40:06,890 | DEBUG | step 4569 epoch 3 loss 0.2472 step_s 0.0054 peak_mem_gb 1.205
2026-10-01 22:40:06,896 | DEBUG | step 4570 epoch 3 loss 0.2949 step_s 0.0053 peak_mem_gb 1.205
2026-10-01 22:40:06,902 | DEBUG | step 4571 epoch 3 loss 0.2527 step_s 0.0054 peak_mem_gb 1.205
2026-10-01 22:40:06,908 | DEBUG | step 4572 epoch 3 loss 0.2373 step_s 0.0054 peak_mem_gb 1.205
2026-10-01 22:40:06,915 | DEBUG | step 4573 epoch 3 loss 0.3433 step_s 0.0058 peak_mem_gb 1.205
2026-10-01 22:40:06,922 | DEBUG | step 4574 epoch 3 loss 0.1949 step_s 0.0059 peak_mem_gb 1.205
2026-10-01 22:40:06,928 | DEBUG | step 4575 epoch 3 loss 0.2492 step_s 0.0054 peak_mem_gb 1.205
2026-10-01 22:40:06,934 | DEBUG | step 4576 epoch 3 loss 0.1658 step_s 0.0053 peak_mem_gb 1.205
2026-10-01 22:40:06,940 | DEBUG | step 4577 epoch 3 loss 0.3243 step_s 0.0054 peak_mem_gb 1.205
2026-10-01 22:40:06,946 | DEBUG | step 4578 epoch 3 loss 0.4306 step_s 0.0053 peak_mem_gb 1.205
2026-10-01 22:40:06,952 | DEBUG | step 4579 epoch 3 loss 0.3425 step_s 0.0053 peak_mem_gb 1.205
2026-10-01 22:40:06,958 | DEBUG | step 4580 epoch 3 loss 0.1842 step_s 0.0053 peak_mem_gb 1.205
2026-10-01 22:40:06,964 | DEBUG | step 4581 epoch 3 loss 0.2905 step_s 0.0053 peak_mem_gb 1.205
2026-10-01 22:40:06,971 | DEBUG | step 4582 epoch 3 loss 0.3932 step_s 0.0054 peak_mem_gb 1.205
2026-10-01 22:40:06,977 | DEBUG | step 4583 epoch 3 loss 0.2496 step_s 0.0053 peak_mem_gb 1.205
2026-10-01 22:40:06,983 | DEBUG | step 4584 epoch 3 loss 0.3825 step_s 0.0053 peak_mem_gb 1.205
2026-10-01 22:40:06,990 | DEBUG | step 4585 epoch 3 loss 0.2507 step_s 0.0058 peak_mem_gb 1.205
2026-10-01 22:40:06,996 | DEBUG | step 4586 epoch 3 loss 0.2728 step_s 0.0053 peak_mem_gb 1.205
2026-10-01 22:40:07,002 | DEBUG | step 4587 epoch 3 loss 0.2770 step_s 0.0054 peak_mem_gb 1.205
2026-10-01 22:40:07,008 | DEBUG | step 4588 epoch 3 loss 0.3034 step_s 0.0053 peak_mem_gb 1.205
2026-10-01 22:40:07,014 | DEBUG | step 4589 epoch 3 loss 0.3571 step_s 0.0054 peak_mem_gb 1.205
2026-10-01 22:40:07,020 | DEBUG | step 4590 epoch 3 loss 0.2610 step_s 0.0054 peak_mem_gb 1.205
2026-10-01 22:40:07,026 | DEBUG | step 4591 epoch 3 loss 0.3023 step_s 0.0054 peak_mem_gb 1.205
2026-10-01 22:40:07,032 | DEBUG | step 4592 epoch 3 loss 0.2768 step_s 0.0053 peak_mem_gb 1.205
2026-10-01 22:40:07,038 | DEBUG | step 4593 epoch 3 loss 0.2545 step_s 0.0054 peak_mem_gb 1.205
2026-10-01 22:40:07,044 | DEBUG | step 4594 epoch 3 loss 0.3743 step_s 0.0053 peak_mem_gb 1.205
2026-10-01 22:40:07,050 | DEBUG | step 4595 epoch 3 loss 0.3320 step_s 0.0053 peak_mem_gb 1.205
2026-10-01 22:40:07,057 | DEBUG | step 4596 epoch 3 loss 0.1619 step_s 0.0054 peak_mem_gb 1.205
2026-10-01 22:40:07,063 | DEBUG | step 4597 epoch 3 loss 0.3252 step_s 0.0053 peak_mem_gb 1.205
2026-10-01 22:40:07,069 | DEBUG | step 4598 epoch 3 loss 0.2055 step_s 0.0054 peak_mem_gb 1.205
2026-10-01 22:40:07,075 | DEBUG | step 4599 epoch 3 loss 0.1912 step_s 0.0054 peak_mem_gb 1.205
2026-10-01 22:40:07,081 | INFO | step 4600 epoch 3 loss 0.3244 step_s 0.0053 peak_mem_gb 1.205
2026-10-01 22:40:07,088 | DEBUG | step 4601 epoch 3 loss 0.2915 step_s 0.0054 peak_mem_gb 1.205
2026-10-01 22:40:07,094 | DEBUG | step 4602 epoch 3 loss 0.2077 step_s 0.0054 peak_mem_gb 1.205
2026-10-01 22:40:07,100 | DEBUG | step 4603 epoch 3 loss 0.2963 step_s 0.0053 peak_mem_gb 1.205
2026-10-01 22:40:07,106 | DEBUG | step 4604 epoch 3 loss 0.1941 step_s 0.0054 peak_mem_gb 1.205
2026-10-01 22:40:07,112 | DEBUG | step 4605 epoch 3 loss 0.3123 step_s 0.0054 peak_mem_gb 1.205
2026-10-01 22:40:07,118 | DEBUG | step 4606 epoch 3 loss 0.1678 step_s 0.0053 peak_mem_gb 1.205
2026-10-01 22:40:07,124 | DEBUG | step 4607 epoch 3 loss 0.2792 step_s 0.0054 peak_mem_gb 1.205
2026-10-01 22:40:07,130 | DEBUG | step 4608 epoch 3 loss 0.3101 step_s 0.0053 peak_mem_gb 1.205
2026-10-01 22:40:07,136 | DEBUG | step 4609 epoch 3 loss 0.2736 step_s 0.0054 peak_mem_gb 1.205
2026-10-01 22:40:07,142 | DEBUG | step 4610 epoch 3 loss 0.2031 step_s 0.0054 peak_mem_gb 1.205
2026-10-01 22:40:07,148 | DEBUG | step 4611 epoch 3 loss 0.2628 step_s 0.0054 peak_mem_gb 1.205
2026-10-01 22:40:07,154 | DEBUG | step 4612 epoch 3 loss 0.1302 step_s 0.0053 peak_mem_gb 1.205
2026-10-01 22:40:07,160 | DEBUG | step 4613 epoch 3 loss 0.2231 step_s 0.0053 peak_mem_gb 1.205
2026-10-01 22:40:07,167 | DEBUG | step 4614 epoch 3 loss 0.2913 step_s 0.0053 peak_mem_gb 1.205
2026-10-01 22:40:07,173 | DEBUG | step 4615 epoch 3 loss 0.2380 step_s 0.0054 peak_mem_gb 1.205
2026-10-01 22:40:07,179 | DEBUG | step 4616 epoch 3 loss 0.2478 step_s 0.0053 peak_mem_gb 1.205
2026-10-01 22:40:07,185 | DEBUG | step 4617 epoch 3 loss 0.2707 step_s 0.0054 peak_mem_gb 1.205
2026-10-01 22:40:07,191 | DEBUG | step 4618 epoch 3 loss 0.2699 step_s 0.0053 peak_mem_gb 1.205
2026-10-01 22:40:07,197 | DEBUG | step 4619 epoch 3 loss 0.2274 step_s 0.0053 peak_mem_gb 1.205
2026-10-01 22:40:07,203 | DEBUG | step 4620 epoch 3 loss 0.2361 step_s 0.0053 peak_mem_gb 1.205
2026-10-01 22:40:07,209 | DEBUG | step 4621 epoch 3 loss 0.2584 step_s 0.0053 peak_mem_gb 1.205
2026-10-01 22:40:07,215 | DEBUG | step 4622 epoch 3 loss 0.1782 step_s 0.0053 peak_mem_gb 1.205
2026-10-01 22:40:07,221 | DEBUG | step 4623 epoch 3 loss 0.3198 step_s 0.0053 peak_mem_gb 1.205
2026-10-01 22:40:07,227 | DEBUG | step 4624 epoch 3 loss 0.2236 step_s 0.0053 peak_mem_gb 1.205
2026-10-01 22:40:07,233 | DEBUG | step 4625 epoch 3 loss 0.1838 step_s 0.0053 peak_mem_gb 1.205
2026-10-01 22:40:07,239 | DEBUG | step 4626 epoch 3 loss 0.1526 step_s 0.0054 peak_mem_gb 1.205
2026-10-01 22:40:07,245 | DEBUG | step 4627 epoch 3 loss 0.3420 step_s 0.0053 peak_mem_gb 1.205
2026-10-01 22:40:07,251 | DEBUG | step 4628 epoch 3 loss 0.3430 step_s 0.0053 peak_mem_gb 1.205
2026-10-01 22:40:07,257 | DEBUG | step 4629 epoch 3 loss 0.1934 step_s 0.0053 peak_mem_gb 1.205
2026-10-01 22:40:07,263 | DEBUG | step 4630 epoch 3 loss 0.2708 step_s 0.0053 peak_mem_gb 1.205
2026-10-01 22:40:07,269 | DEBUG | step 4631 epoch 3 loss 0.3923 step_s 0.0053 peak_mem_gb 1.205
2026-10-01 22:40:07,275 | DEBUG | step 4632 epoch 3 loss 0.2030 step_s 0.0053 peak_mem_gb 1.205
2026-10-01 22:40:07,281 | DEBUG | step 4633 epoch 3 loss 0.2829 step_s 0.0053 peak_mem_gb 1.205
2026-10-01 22:40:07,287 | DEBUG | step 4634 epoch 3 loss 0.3459 step_s 0.0054 peak_mem_gb 1.205
2026-10-01 22:40:07,293 | DEBUG | step 4635 epoch 3 loss 0.2247 step_s 0.0053 peak_mem_gb 1.205
2026-10-01 22:40:07,299 | DEBUG | step 4636 epoch 3 loss 0.1987 step_s 0.0053 peak_mem_gb 1.205
2026-10-01 22:40:07,305 | DEBUG | step 4637 epoch 3 loss 0.2792 step_s 0.0054 peak_mem_gb 1.205
2026-10-01 22:40:07,311 | DEBUG | step 4638 epoch 3 loss 0.2120 step_s 0.0053 peak_mem_gb 1.205
2026-10-01 22:40:07,317 | DEBUG | step 4639 epoch 3 loss 0.1414 step_s 0.0053 peak_mem_gb 1.205
2026-10-01 22:40:07,323 | DEBUG | step 4640 epoch 3 loss 0.2790 step_s 0.0053 peak_mem_gb 1.205
2026-10-01 22:40:07,329 | DEBUG | step 4641 epoch 3 loss 0.2303 step_s 0.0053 peak_mem_gb 1.205
2026-10-01 22:40:07,335 | DEBUG | step 4642 epoch 3 loss 0.2845 step_s 0.0053 peak_mem_gb 1.205
2026-10-01 22:40:07,341 | DEBUG | step 4643 epoch 3 loss 0.3905 step_s 0.0054 peak_mem_gb 1.205
2026-10-01 22:40:07,347 | DEBUG | step 4644 epoch 3 loss 0.2891 step_s 0.0053 peak_mem_gb 1.205
2026-10-01 22:40:07,352 | DEBUG | step 4645 epoch 3 loss 0.2038 step_s 0.0053 peak_mem_gb 1.205
2026-10-01 22:40:07,358 | DEBUG | step 4646 epoch 3 loss 0.2171 step_s 0.0053 peak_mem_gb 1.205
2026-10-01 22:40:07,364 | DEBUG | step 4647 epoch 3 loss 0.1929 step_s 0.0053 peak_mem_gb 1.205
2026-10-01 22:40:07,370 | DEBUG | step 4648 epoch 3 loss 0.4161 step_s 0.0053 peak_mem_gb 1.205
2026-10-01 22:40:07,377 | DEBUG | step 4649 epoch 3 loss 0.3238 step_s 0.0059 peak_mem_gb 1.205
2026-10-01 22:40:07,383 | DEBUG | step 4650 epoch 3 loss 0.1618 step_s 0.0053 peak_mem_gb 1.205
2026-10-01 22:40:07,389 | DEBUG | step 4651 epoch 3 loss 0.1944 step_s 0.0053 peak_mem_gb 1.205
2026-10-01 22:40:07,395 | DEBUG | step 4652 epoch 3 loss 0.4317 step_s 0.0053 peak_mem_gb 1.205
2026-10-01 22:40:07,401 | DEBUG | step 4653 epoch 3 loss 0.2856 step_s 0.0053 peak_mem_gb 1.205
2026-10-01 22:40:07,407 | DEBUG | step 4654 epoch 3 loss 0.2249 step_s 0.0053 peak_mem_gb 1.205
2026-10-01 22:40:07,413 | DEBUG | step 4655 epoch 3 loss 0.1709 step_s 0.0055 peak_mem_gb 1.205
2026-10-01 22:40:07,419 | DEBUG | step 4656 epoch 3 loss 0.2850 step_s 0.0054 peak_mem_gb 1.205
2026-10-01 22:40:07,425 | DEBUG | step 4657 epoch 3 loss 0.2216 step_s 0.0053 peak_mem_gb 1.205
2026-10-01 22:40:07,431 | DEBUG | step 4658 epoch 3 loss 0.3421 step_s 0.0053 peak_mem_gb 1.205
2026-10-01 22:40:07,437 | DEBUG | step 4659 epoch 3 loss 0.2203 step_s 0.0053 peak_mem_gb 1.205
2026-10-01 22:40:07,443 | DEBUG | step 4660 epoch 3 loss 0.3252 step_s 0.0053 peak_mem_gb 1.205
2026-10-01 22:40:07,449 | DEBUG | step 4661 epoch 3 loss 0.3116 step_s 0.0053 peak_mem_gb 1.205
2026-10-01 22:40:07,455 | DEBUG | step 4662 epoch 3 loss 0.1390 step_s 0.0053 peak_mem_gb 1.205
2026-10-01 22:40:07,461 | DEBUG | step 4663 epoch 3 loss 0.1990 step_s 0.0055 peak_mem_gb 1.205
2026-10-01 22:40:07,467 | DEBUG | step 4664 epoch 3 loss 0.2161 step_s 0.0053 peak_mem_gb 1.205
2026-10-01 22:40:07,473 | DEBUG | step 4665 epoch 3 loss 0.3404 step_s 0.0054 peak_mem_gb 1.205
2026-10-01 22:40:07,479 | DEBUG | step 4666 epoch 3 loss 0.1756 step_s 0.0053 peak_mem_gb 1.205
2026-10-01 22:40:07,485 | DEBUG | step 4667 epoch 3 loss 0.3154 step_s 0.0053 peak_mem_gb 1.205
2026-10-01 22:40:07,491 | DEBUG | step 4668 epoch 3 loss 0.2107 step_s 0.0053 peak_mem_gb 1.205
2026-10-01 22:40:07,497 | DEBUG | step 4669 epoch 3 loss 0.2516 step_s 0.0054 peak_mem_gb 1.205
2026-10-01 22:40:07,503 | DEBUG | step 4670 epoch 3 loss 0.2627 step_s 0.0053 peak_mem_gb 1.205
2026-10-01 22:40:07,509 | DEBUG | step 4671 epoch 3 loss 0.2953 step_s 0.0053 peak_mem_gb 1.205
2026-10-01 22:40:07,515 | DEBUG | step 4672 epoch 3 loss 0.2127 step_s 0.0054 peak_mem_gb 1.205
2026-10-01 22:40:07,521 | DEBUG | step 4673 epoch 3 loss 0.2431 step_s 0.0054 peak_mem_gb 1.205
2026-10-01 22:40:07,527 | DEBUG | step 4674 epoch 3 loss 0.2361 step_s 0.0053 peak_mem_gb 1.205
2026-10-01 22:40:07,533 | DEBUG | step 4675 epoch 3 loss 0.4080 step_s 0.0053 peak_mem_gb 1.205
2026-10-01 22:40:07,539 | DEBUG | step 4676 epoch 3 loss 0.1635 step_s 0.0054 peak_mem_gb 1.205
2026-10-01 22:40:07,545 | DEBUG | step 4677 epoch 3 loss 0.2516 step_s 0.0054 peak_mem_gb 1.205
2026-10-01 22:40:07,552 | DEBUG | step 4678 epoch 3 loss 0.2002 step_s 0.0055 peak_mem_gb 1.205
2026-10-01 22:40:07,559 | DEBUG | step 4679 epoch 3 loss 0.2337 step_s 0.0066 peak_mem_gb 1.205
2026-10-01 22:40:07,565 | DEBUG | step 4680 epoch 3 loss 0.1940 step_s 0.0054 peak_mem_gb 1.205
2026-10-01 22:40:07,572 | DEBUG | step 4681 epoch 3 loss 0.3378 step_s 0.0054 peak_mem_gb 1.205
2026-10-01 22:40:07,578 | DEBUG | step 4682 epoch 3 loss 0.2544 step_s 0.0053 peak_mem_gb 1.205
2026-10-01 22:40:07,584 | DEBUG | step 4683 epoch 3 loss 0.1945 step_s 0.0053 peak_mem_gb 1.205
2026-10-01 22:40:07,590 | DEBUG | step 4684 epoch 3 loss 0.2757 step_s 0.0054 peak_mem_gb 1.205
2026-10-01 22:40:07,596 | DEBUG | step 4685 epoch 3 loss 0.3328 step_s 0.0053 peak_mem_gb 1.205
2026-10-01 22:40:07,602 | DEBUG | step 4686 epoch 3 loss 0.2501 step_s 0.0054 peak_mem_gb 1.205
2026-10-01 22:40:07,608 | DEBUG | step 4687 epoch 3 loss 0.2089 step_s 0.0054 peak_mem_gb 1.205
2026-10-01 22:40:07,614 | DEBUG | step 4688 epoch 3 loss 0.2079 step_s 0.0054 peak_mem_gb 1.205
2026-10-01 22:40:07,621 | DEBUG | step 4689 epoch 3 loss 0.4280 step_s 0.0043 peak_mem_gb 1.205
2026-10-01 22:40:08,047 | INFO | epoch 3/5 train_loss 0.2636 val_f1_macro 0.8854 val_accuracy 0.8858
2026-10-01 22:40:08,058 | DEBUG | step 4690 epoch 4 loss 0.2772 step_s 0.0063 peak_mem_gb 1.205
2026-10-01 22:40:08,065 | DEBUG | step 4691 epoch 4 loss 0.3255 step_s 0.0059 peak_mem_gb 1.205
2026-10-01 22:40:08,072 | DEBUG | step 4692 epoch 4 loss 0.1689 step_s 0.0056 peak_mem_gb 1.205
2026-10-01 22:40:08,079 | DEBUG | step 4693 epoch 4 loss 0.1631 step_s 0.0061 peak_mem_gb 1.205
2026-10-01 22:40:08,085 | DEBUG | step 4694 epoch 4 loss 0.1363 step_s 0.0055 peak_mem_gb 1.205
2026-10-01 22:40:08,091 | DEBUG | step 4695 epoch 4 loss 0.1670 step_s 0.0055 peak_mem_gb 1.205
2026-10-01 22:40:08,098 | DEBUG | step 4696 epoch 4 loss 0.2819 step_s 0.0055 peak_mem_gb 1.205
2026-10-01 22:40:08,104 | DEBUG | step 4697 epoch 4 loss 0.1639 step_s 0.0055 peak_mem_gb 1.205
2026-10-01 22:40:08,110 | DEBUG | step 4698 epoch 4 loss 0.1359 step_s 0.0058 peak_mem_gb 1.205
2026-10-01 22:40:08,117 | DEBUG | step 4699 epoch 4 loss 0.2008 step_s 0.0055 peak_mem_gb 1.205
2026-10-01 22:40:08,123 | DEBUG | step 4700 epoch 4 loss 0.1885 step_s 0.0057 peak_mem_gb 1.205
2026-10-01 22:40:08,130 | DEBUG | step 4701 epoch 4 loss 0.1931 step_s 0.0055 peak_mem_gb 1.205
2026-10-01 22:40:08,136 | DEBUG | step 4702 epoch 4 loss 0.1351 step_s 0.0055 peak_mem_gb 1.205
2026-10-01 22:40:08,143 | DEBUG | step 4703 epoch 4 loss 0.2326 step_s 0.0055 peak_mem_gb 1.205
2026-10-01 22:40:08,149 | DEBUG | step 4704 epoch 4 loss 0.2404 step_s 0.0054 peak_mem_gb 1.205
2026-10-01 22:40:08,155 | DEBUG | step 4705 epoch 4 loss 0.2637 step_s 0.0055 peak_mem_gb 1.205
2026-10-01 22:40:08,162 | DEBUG | step 4706 epoch 4 loss 0.2720 step_s 0.0054 peak_mem_gb 1.205
2026-10-01 22:40:08,168 | DEBUG | step 4707 epoch 4 loss 0.2477 step_s 0.0055 peak_mem_gb 1.205
2026-10-01 22:40:08,174 | DEBUG | step 4708 epoch 4 loss 0.2899 step_s 0.0056 peak_mem_gb 1.205
2026-10-01 22:40:08,180 | DEBUG | step 4709 epoch 4 loss 0.3045 step_s 0.0055 peak_mem_gb 1.205
2026-10-01 22:40:08,187 | DEBUG | step 4710 epoch 4 loss 0.3226 step_s 0.0055 peak_mem_gb 1.205
2026-10-01 22:40:08,193 | DEBUG | step 4711 epoch 4 loss 0.2651 step_s 0.0055 peak_mem_gb 1.205
2026-10-01 22:40:08,199 | DEBUG | step 4712 epoch 4 loss 0.1782 step_s 0.0055 peak_mem_gb 1.205
2026-10-01 22:40:08,205 | DEBUG | step 4713 epoch 4 loss 0.2556 step_s 0.0055 peak_mem_gb 1.205
2026-10-01 22:40:08,212 | DEBUG | step 4714 epoch 4 loss 0.2092 step_s 0.0055 peak_mem_gb 1.205
2026-10-01 22:40:08,218 | DEBUG | step 4715 epoch 4 loss 0.1814 step_s 0.0055 peak_mem_gb 1.205
2026-10-01 22:40:08,224 | DEBUG | step 4716 epoch 4 loss 0.1569 step_s 0.0055 peak_mem_gb 1.205
2026-10-01 22:40:08,230 | DEBUG | step 4717 epoch 4 loss 0.3433 step_s 0.0055 peak_mem_gb 1.205
2026-10-01 22:40:08,236 | DEBUG | step 4718 epoch 4 loss 0.2433 step_s 0.0055 peak_mem_gb 1.205
2026-10-01 22:40:08,243 | DEBUG | step 4719 epoch 4 loss 0.2308 step_s 0.0054 peak_mem_gb 1.205
2026-10-01 22:40:08,249 | DEBUG | step 4720 epoch 4 loss 0.2772 step_s 0.0056 peak_mem_gb 1.205
2026-10-01 22:40:08,255 | DEBUG | step 4721 epoch 4 loss 0.1368 step_s 0.0054 peak_mem_gb 1.205
2026-10-01 22:40:08,262 | DEBUG | step 4722 epoch 4 loss 0.2391 step_s 0.0054 peak_mem_gb 1.205
2026-10-01 22:40:08,268 | DEBUG | step 4723 epoch 4 loss 0.2080 step_s 0.0054 peak_mem_gb 1.205
2026-10-01 22:40:08,274 | DEBUG | step 4724 epoch 4 loss 0.2730 step_s 0.0054 peak_mem_gb 1.205
2026-10-01 22:40:08,280 | DEBUG | step 4725 epoch 4 loss 0.1274 step_s 0.0054 peak_mem_gb 1.205
2026-10-01 22:40:08,286 | DEBUG | step 4726 epoch 4 loss 0.0951 step_s 0.0053 peak_mem_gb 1.205
2026-10-01 22:40:08,292 | DEBUG | step 4727 epoch 4 loss 0.1665 step_s 0.0053 peak_mem_gb 1.205
2026-10-01 22:40:08,298 | DEBUG | step 4728 epoch 4 loss 0.2345 step_s 0.0053 peak_mem_gb 1.205
2026-10-01 22:40:08,304 | DEBUG | step 4729 epoch 4 loss 0.1898 step_s 0.0054 peak_mem_gb 1.205
2026-10-01 22:40:08,310 | DEBUG | step 4730 epoch 4 loss 0.4151 step_s 0.0054 peak_mem_gb 1.205
2026-10-01 22:40:08,316 | DEBUG | step 4731 epoch 4 loss 0.3654 step_s 0.0053 peak_mem_gb 1.205
2026-10-01 22:40:08,322 | DEBUG | step 4732 epoch 4 loss 0.4023 step_s 0.0053 peak_mem_gb 1.205
2026-10-01 22:40:08,328 | DEBUG | step 4733 epoch 4 loss 0.1616 step_s 0.0053 peak_mem_gb 1.205
2026-10-01 22:40:08,334 | DEBUG | step 4734 epoch 4 loss 0.3039 step_s 0.0053 peak_mem_gb 1.205
2026-10-01 22:40:08,340 | DEBUG | step 4735 epoch 4 loss 0.2431 step_s 0.0054 peak_mem_gb 1.205
2026-10-01 22:40:08,346 | DEBUG | step 4736 epoch 4 loss 0.3075 step_s 0.0053 peak_mem_gb 1.205
2026-10-01 22:40:08,352 | DEBUG | step 4737 epoch 4 loss 0.1487 step_s 0.0054 peak_mem_gb 1.205
2026-10-01 22:40:08,359 | DEBUG | step 4738 epoch 4 loss 0.1815 step_s 0.0054 peak_mem_gb 1.205
2026-10-01 22:40:08,365 | DEBUG | step 4739 epoch 4 loss 0.2773 step_s 0.0053 peak_mem_gb 1.205
2026-10-01 22:40:08,371 | DEBUG | step 4740 epoch 4 loss 0.1428 step_s 0.0053 peak_mem_gb 1.205
2026-10-01 22:40:08,377 | DEBUG | step 4741 epoch 4 loss 0.1497 step_s 0.0054 peak_mem_gb 1.205
2026-10-01 22:40:08,383 | DEBUG | step 4742 epoch 4 loss 0.4597 step_s 0.0053 peak_mem_gb 1.205
2026-10-01 22:40:08,389 | DEBUG | step 4743 epoch 4 loss 0.1826 step_s 0.0054 peak_mem_gb 1.205
2026-10-01 22:40:08,395 | DEBUG | step 4744 epoch 4 loss 0.2254 step_s 0.0054 peak_mem_gb 1.205
2026-10-01 22:40:08,401 | DEBUG | step 4745 epoch 4 loss 0.1971 step_s 0.0054 peak_mem_gb 1.205
2026-10-01 22:40:08,407 | DEBUG | step 4746 epoch 4 loss 0.2060 step_s 0.0054 peak_mem_gb 1.205
2026-10-01 22:40:08,413 | DEBUG | step 4747 epoch 4 loss 0.1826 step_s 0.0053 peak_mem_gb 1.205
2026-10-01 22:40:08,419 | DEBUG | step 4748 epoch 4 loss 0.1509 step_s 0.0053 peak_mem_gb 1.205
2026-10-01 22:40:08,425 | DEBUG | step 4749 epoch 4 loss 0.1417 step_s 0.0053 peak_mem_gb 1.205
2026-10-01 22:40:08,431 | DEBUG | step 4750 epoch 4 loss 0.3262 step_s 0.0053 peak_mem_gb 1.205
2026-10-01 22:40:08,437 | DEBUG | step 4751 epoch 4 loss 0.1483 step_s 0.0053 peak_mem_gb 1.205
2026-10-01 22:40:08,443 | DEBUG | step 4752 epoch 4 loss 0.2052 step_s 0.0053 peak_mem_gb 1.205
2026-10-01 22:40:08,449 | DEBUG | step 4753 epoch 4 loss 0.1960 step_s 0.0053 peak_mem_gb 1.205
2026-10-01 22:40:08,455 | DEBUG | step 4754 epoch 4 loss 0.2842 step_s 0.0054 peak_mem_gb 1.205
2026-10-01 22:40:08,461 | DEBUG | step 4755 epoch 4 loss 0.1575 step_s 0.0054 peak_mem_gb 1.205
2026-10-01 22:40:08,467 | DEBUG | step 4756 epoch 4 loss 0.3883 step_s 0.0053 peak_mem_gb 1.205
2026-10-01 22:40:08,473 | DEBUG | step 4757 epoch 4 loss 0.2797 step_s 0.0053 peak_mem_gb 1.205
2026-10-01 22:40:08,479 | DEBUG | step 4758 epoch 4 loss 0.2624 step_s 0.0053 peak_mem_gb 1.205
2026-10-01 22:40:08,485 | DEBUG | step 4759 epoch 4 loss 0.2685 step_s 0.0054 peak_mem_gb 1.205
2026-10-01 22:40:08,491 | DEBUG | step 4760 epoch 4 loss 0.3494 step_s 0.0053 peak_mem_gb 1.205
2026-10-01 22:40:08,497 | DEBUG | step 4761 epoch 4 loss 0.1588 step_s 0.0053 peak_mem_gb 1.205
2026-10-01 22:40:08,503 | DEBUG | step 4762 epoch 4 loss 0.3075 step_s 0.0054 peak_mem_gb 1.205
2026-10-01 22:40:08,509 | DEBUG | step 4763 epoch 4 loss 0.1495 step_s 0.0053 peak_mem_gb 1.205
2026-10-01 22:40:08,515 | DEBUG | step 4764 epoch 4 loss 0.1895 step_s 0.0053 peak_mem_gb 1.205
2026-10-01 22:40:08,521 | DEBUG | step 4765 epoch 4 loss 0.1710 step_s 0.0054 peak_mem_gb 1.205
2026-10-01 22:40:08,527 | DEBUG | step 4766 epoch 4 loss 0.2132 step_s 0.0053 peak_mem_gb 1.205
2026-10-01 22:40:08,533 | DEBUG | step 4767 epoch 4 loss 0.2093 step_s 0.0054 peak_mem_gb 1.205
2026-10-01 22:40:08,539 | DEBUG | step 4768 epoch 4 loss 0.1827 step_s 0.0053 peak_mem_gb 1.205
2026-10-01 22:40:08,545 | DEBUG | step 4769 epoch 4 loss 0.1344 step_s 0.0053 peak_mem_gb 1.205
2026-10-01 22:40:08,552 | DEBUG | step 4770 epoch 4 loss 0.1577 step_s 0.0053 peak_mem_gb 1.205
2026-10-01 22:40:08,558 | DEBUG | step 4771 epoch 4 loss 0.1994 step_s 0.0054 peak_mem_gb 1.205
2026-10-01 22:40:08,564 | DEBUG | step 4772 epoch 4 loss 0.1888 step_s 0.0054 peak_mem_gb 1.205
2026-10-01 22:40:08,570 | DEBUG | step 4773 epoch 4 loss 0.3102 step_s 0.0056 peak_mem_gb 1.205
2026-10-01 22:40:08,576 | DEBUG | step 4774 epoch 4 loss 0.1604 step_s 0.0053 peak_mem_gb 1.205
2026-10-01 22:40:08,582 | DEBUG | step 4775 epoch 4 loss 0.1395 step_s 0.0053 peak_mem_gb 1.205
2026-10-01 22:40:08,589 | DEBUG | step 4776 epoch 4 loss 0.1970 step_s 0.0054 peak_mem_gb 1.205
2026-10-01 22:40:08,595 | DEBUG | step 4777 epoch 4 loss 0.2495 step_s 0.0053 peak_mem_gb 1.205
2026-10-01 22:40:08,601 | DEBUG | step 4778 epoch 4 loss 0.1704 step_s 0.0053 peak_mem_gb 1.205
2026-10-01 22:40:08,607 | DEBUG | step 4779 epoch 4 loss 0.1930 step_s 0.0054 peak_mem_gb 1.205
2026-10-01 22:40:08,613 | DEBUG | step 4780 epoch 4 loss 0.2056 step_s 0.0054 peak_mem_gb 1.205
2026-10-01 22:40:08,619 | DEBUG | step 4781 epoch 4 loss 0.1318 step_s 0.0053 peak_mem_gb 1.205
2026-10-01 22:40:08,625 | DEBUG | step 4782 epoch 4 loss 0.1144 step_s 0.0053 peak_mem_gb 1.205
2026-10-01 22:40:08,631 | DEBUG | step 4783 epoch 4 loss 0.3416 step_s 0.0054 peak_mem_gb 1.205
2026-10-01 22:40:08,637 | DEBUG | step 4784 epoch 4 loss 0.1886 step_s 0.0054 peak_mem_gb 1.205
2026-10-01 22:40:08,643 | DEBUG | step 4785 epoch 4 loss 0.2168 step_s 0.0054 peak_mem_gb 1.205
2026-10-01 22:40:08,650 | DEBUG | step 4786 epoch 4 loss 0.0877 step_s 0.0054 peak_mem_gb 1.205
2026-10-01 22:40:08,656 | DEBUG | step 4787 epoch 4 loss 0.1231 step_s 0.0054 peak_mem_gb 1.205
2026-10-01 22:40:08,661 | DEBUG | step 4788 epoch 4 loss 0.2168 step_s 0.0053 peak_mem_gb 1.205
2026-10-01 22:40:08,668 | DEBUG | step 4789 epoch 4 loss 0.2863 step_s 0.0053 peak_mem_gb 1.205
2026-10-01 22:40:08,674 | DEBUG | step 4790 epoch 4 loss 0.2719 step_s 0.0054 peak_mem_gb 1.205
2026-10-01 22:40:08,680 | DEBUG | step 4791 epoch 4 loss 0.2807 step_s 0.0054 peak_mem_gb 1.205
2026-10-01 22:40:08,686 | DEBUG | step 4792 epoch 4 loss 0.1868 step_s 0.0053 peak_mem_gb 1.205
2026-10-01 22:40:08,692 | DEBUG | step 4793 epoch 4 loss 0.2679 step_s 0.0054 peak_mem_gb 1.205
2026-10-01 22:40:08,698 | DEBUG | step 4794 epoch 4 loss 0.1131 step_s 0.0053 peak_mem_gb 1.205
2026-10-01 22:40:08,704 | DEBUG | step 4795 epoch 4 loss 0.3312 step_s 0.0053 peak_mem_gb 1.205
2026-10-01 22:40:08,710 | DEBUG | step 4796 epoch 4 loss 0.3341 step_s 0.0053 peak_mem_gb 1.205
2026-10-01 22:40:08,716 | DEBUG | step 4797 epoch 4 loss 0.2570 step_s 0.0053 peak_mem_gb 1.205
2026-10-01 22:40:08,722 | DEBUG | step 4798 epoch 4 loss 0.1645 step_s 0.0053 peak_mem_gb 1.205
2026-10-01 22:40:08,728 | DEBUG | step 4799 epoch 4 loss 0.1930 step_s 0.0054 peak_mem_gb 1.205
2026-10-01 22:40:08,734 | INFO | step 4800 epoch 4 loss 0.1107 step_s 0.0053 peak_mem_gb 1.205
2026-10-01 22:40:08,741 | DEBUG | step 4801 epoch 4 loss 0.3047 step_s 0.0055 peak_mem_gb 1.205
2026-10-01 22:40:08,747 | DEBUG | step 4802 epoch 4 loss 0.1753 step_s 0.0053 peak_mem_gb 1.205
2026-10-01 22:40:08,753 | DEBUG | step 4803 epoch 4 loss 0.3414 step_s 0.0054 peak_mem_gb 1.205
2026-10-01 22:40:08,759 | DEBUG | step 4804 epoch 4 loss 0.2798 step_s 0.0054 peak_mem_gb 1.205
2026-10-01 22:40:08,765 | DEBUG | step 4805 epoch 4 loss 0.1123 step_s 0.0054 peak_mem_gb 1.205
2026-10-01 22:40:08,771 | DEBUG | step 4806 epoch 4 loss 0.2914 step_s 0.0054 peak_mem_gb 1.205
2026-10-01 22:40:08,777 | DEBUG | step 4807 epoch 4 loss 0.3364 step_s 0.0053 peak_mem_gb 1.205
2026-10-01 22:40:08,783 | DEBUG | step 4808 epoch 4 loss 0.3333 step_s 0.0053 peak_mem_gb 1.205
2026-10-01 22:40:08,789 | DEBUG | step 4809 epoch 4 loss 0.1947 step_s 0.0054 peak_mem_gb 1.205
2026-10-01 22:40:08,795 | DEBUG | step 4810 epoch 4 loss 0.1459 step_s 0.0054 peak_mem_gb 1.205
2026-10-01 22:40:08,801 | DEBUG | step 4811 epoch 4 loss 0.2349 step_s 0.0053 peak_mem_gb 1.205
2026-10-01 22:40:08,807 | DEBUG | step 4812 epoch 4 loss 0.1832 step_s 0.0053 peak_mem_gb 1.205
2026-10-01 22:40:08,813 | DEBUG | step 4813 epoch 4 loss 0.2340 step_s 0.0053 peak_mem_gb 1.205
2026-10-01 22:40:08,819 | DEBUG | step 4814 epoch 4 loss 0.2224 step_s 0.0053 peak_mem_gb 1.205
2026-10-01 22:40:08,825 | DEBUG | step 4815 epoch 4 loss 0.1716 step_s 0.0054 peak_mem_gb 1.205
2026-10-01 22:40:08,831 | DEBUG | step 4816 epoch 4 loss 0.1929 step_s 0.0053 peak_mem_gb 1.205
2026-10-01 22:40:08,837 | DEBUG | step 4817 epoch 4 loss 0.1688 step_s 0.0054 peak_mem_gb 1.205
2026-10-01 22:40:08,843 | DEBUG | step 4818 epoch 4 loss 0.2338 step_s 0.0053 peak_mem_gb 1.205
2026-10-01 22:40:08,849 | DEBUG | step 4819 epoch 4 loss 0.2119 step_s 0.0053 peak_mem_gb 1.205
2026-10-01 22:40:08,855 | DEBUG | step 4820 epoch 4 loss 0.2001 step_s 0.0054 peak_mem_gb 1.205
2026-10-01 22:40:08,861 | DEBUG | step 4821 epoch 4 loss 0.2281 step_s 0.0053 peak_mem_gb 1.205
2026-10-01 22:40:08,867 | DEBUG | step 4822 epoch 4 loss 0.1992 step_s 0.0053 peak_mem_gb 1.205
2026-10-01 22:40:08,873 | DEBUG | step 4823 epoch 4 loss 0.2223 step_s 0.0054 peak_mem_gb 1.205
2026-10-01 22:40:08,879 | DEBUG | step 4824 epoch 4 loss 0.2232 step_s 0.0054 peak_mem_gb 1.205
2026-10-01 22:40:08,885 | DEBUG | step 4825 epoch 4 loss 0.1535 step_s 0.0054 peak_mem_gb 1.205
2026-10-01 22:40:08,892 | DEBUG | step 4826 epoch 4 loss 0.3019 step_s 0.0054 peak_mem_gb 1.205
2026-10-01 22:40:08,898 | DEBUG | step 4827 epoch 4 loss 0.0938 step_s 0.0054 peak_mem_gb 1.205
2026-10-01 22:40:08,904 | DEBUG | step 4828 epoch 4 loss 0.2313 step_s 0.0056 peak_mem_gb 1.205
2026-10-01 22:40:08,910 | DEBUG | step 4829 epoch 4 loss 0.2032 step_s 0.0054 peak_mem_gb 1.205
2026-10-01 22:40:08,917 | DEBUG | step 4830 epoch 4 loss 0.0889 step_s 0.0055 peak_mem_gb 1.205
2026-10-01 22:40:08,923 | DEBUG | step 4831 epoch 4 loss 0.2680 step_s 0.0054 peak_mem_gb 1.205
2026-10-01 22:40:08,929 | DEBUG | step 4832 epoch 4 loss 0.1482 step_s 0.0054 peak_mem_gb 1.205
2026-10-01 22:40:08,935 | DEBUG | step 4833 epoch 4 loss 0.2794 step_s 0.0053 peak_mem_gb 1.205
2026-10-01 22:40:08,941 | DEBUG | step 4834 epoch 4 loss 0.3356 step_s 0.0054 peak_mem_gb 1.205
2026-10-01 22:40:08,947 | DEBUG | step 4835 epoch 4 loss 0.1125 step_s 0.0053 peak_mem_gb 1.205
2026-10-01 22:40:08,953 | DEBUG | step 4836 epoch 4 loss 0.2108 step_s 0.0054 peak_mem_gb 1.205
2026-10-01 22:40:08,959 | DEBUG | step 4837 epoch 4 loss 0.2892 step_s 0.0054 peak_mem_gb 1.205
2026-10-01 22:40:08,965 | DEBUG | step 4838 epoch 4 loss 0.3069 step_s 0.0053 peak_mem_gb 1.205
2026-10-01 22:40:08,971 | DEBUG | step 4839 epoch 4 loss 0.2242 step_s 0.0053 peak_mem_gb 1.205
2026-10-01 22:40:08,977 | DEBUG | step 4840 epoch 4 loss 0.2822 step_s 0.0053 peak_mem_gb 1.205
2026-10-01 22:40:08,983 | DEBUG | step 4841 epoch 4 loss 0.2978 step_s 0.0054 peak_mem_gb 1.205
2026-10-01 22:40:08,989 | DEBUG | step 4842 epoch 4 loss 0.2853 step_s 0.0053 peak_mem_gb 1.205
2026-10-01 22:40:08,995 | DEBUG | step 4843 epoch 4 loss 0.3070 step_s 0.0053 peak_mem_gb 1.205
2026-10-01 22:40:09,001 | DEBUG | step 4844 epoch 4 loss 0.2596 step_s 0.0053 peak_mem_gb 1.205
2026-10-01 22:40:09,007 | DEBUG | step 4845 epoch 4 loss 0.2769 step_s 0.0054 peak_mem_gb 1.205
2026-10-01 22:40:09,013 | DEBUG | step 4846 epoch 4 loss 0.2504 step_s 0.0053 peak_mem_gb 1.205
2026-10-01 22:40:09,019 | DEBUG | step 4847 epoch 4 loss 0.1907 step_s 0.0053 peak_mem_gb 1.205
2026-10-01 22:40:09,025 | DEBUG | step 4848 epoch 4 loss 0.2556 step_s 0.0054 peak_mem_gb 1.205
2026-10-01 22:40:09,032 | DEBUG | step 4849 epoch 4 loss 0.3378 step_s 0.0062 peak_mem_gb 1.205
2026-10-01 22:40:09,038 | DEBUG | step 4850 epoch 4 loss 0.2512 step_s 0.0054 peak_mem_gb 1.205
2026-10-01 22:40:09,044 | DEBUG | step 4851 epoch 4 loss 0.1772 step_s 0.0053 peak_mem_gb 1.205
2026-10-01 22:40:09,050 | DEBUG | step 4852 epoch 4 loss 0.2358 step_s 0.0053 peak_mem_gb 1.205
2026-10-01 22:40:09,057 | DEBUG | step 4853 epoch 4 loss 0.2328 step_s 0.0057 peak_mem_gb 1.205
2026-10-01 22:40:09,063 | DEBUG | step 4854 epoch 4 loss 0.2492 step_s 0.0054 peak_mem_gb 1.205
2026-10-01 22:40:09,069 | DEBUG | step 4855 epoch 4 loss 0.2213 step_s 0.0053 peak_mem_gb 1.205
2026-10-01 22:40:09,075 | DEBUG | step 4856 epoch 4 loss 0.3273 step_s 0.0053 peak_mem_gb 1.205
2026-10-01 22:40:09,081 | DEBUG | step 4857 epoch 4 loss 0.1821 step_s 0.0053 peak_mem_gb 1.205
2026-10-01 22:40:09,087 | DEBUG | step 4858 epoch 4 loss 0.2574 step_s 0.0053 peak_mem_gb 1.205
2026-10-01 22:40:09,093 | DEBUG | step 4859 epoch 4 loss 0.2195 step_s 0.0053 peak_mem_gb 1.205
2026-10-01 22:40:09,099 | DEBUG | step 4860 epoch 4 loss 0.1833 step_s 0.0053 peak_mem_gb 1.205
2026-10-01 22:40:09,105 | DEBUG | step 4861 epoch 4 loss 0.2620 step_s 0.0054 peak_mem_gb 1.205
2026-10-01 22:40:09,111 | DEBUG | step 4862 epoch 4 loss 0.2204 step_s 0.0053 peak_mem_gb 1.205
2026-10-01 22:40:09,117 | DEBUG | step 4863 epoch 4 loss 0.1751 step_s 0.0054 peak_mem_gb 1.205
2026-10-01 22:40:09,123 | DEBUG | step 4864 epoch 4 loss 0.2300 step_s 0.0054 peak_mem_gb 1.205
2026-10-01 22:40:09,129 | DEBUG | step 4865 epoch 4 loss 0.3024 step_s 0.0054 peak_mem_gb 1.205
2026-10-01 22:40:09,135 | DEBUG | step 4866 epoch 4 loss 0.2451 step_s 0.0054 peak_mem_gb 1.205
2026-10-01 22:40:09,141 | DEBUG | step 4867 epoch 4 loss 0.2822 step_s 0.0054 peak_mem_gb 1.205
2026-10-01 22:40:09,147 | DEBUG | step 4868 epoch 4 loss 0.1485 step_s 0.0053 peak_mem_gb 1.205
2026-10-01 22:40:09,153 | DEBUG | step 4869 epoch 4 loss 0.3708 step_s 0.0054 peak_mem_gb 1.205
2026-10-01 22:40:09,159 | DEBUG | step 4870 epoch 4 loss 0.1607 step_s 0.0053 peak_mem_gb 1.205
2026-10-01 22:40:09,165 | DEBUG | step 4871 epoch 4 loss 0.1745 step_s 0.0054 peak_mem_gb 1.205
2026-10-01 22:40:09,171 | DEBUG | step 4872 epoch 4 loss 0.1650 step_s 0.0054 peak_mem_gb 1.205
2026-10-01 22:40:09,177 | DEBUG | step 4873 epoch 4 loss 0.1798 step_s 0.0053 peak_mem_gb 1.205
2026-10-01 22:40:09,183 | DEBUG | step 4874 epoch 4 loss 0.2673 step_s 0.0053 peak_mem_gb 1.205
2026-10-01 22:40:09,189 | DEBUG | step 4875 epoch 4 loss 0.1668 step_s 0.0053 peak_mem_gb 1.205
2026-10-01 22:40:09,195 | DEBUG | step 4876 epoch 4 loss 0.2104 step_s 0.0053 peak_mem_gb 1.205
2026-10-01 22:40:09,201 | DEBUG | step 4877 epoch 4 loss 0.2844 step_s 0.0054 peak_mem_gb 1.205
2026-10-01 22:40:09,208 | DEBUG | step 4878 epoch 4 loss 0.1746 step_s 0.0056 peak_mem_gb 1.205
2026-10-01 22:40:09,214 | DEBUG | step 4879 epoch 4 loss 0.2518 step_s 0.0054 peak_mem_gb 1.205
2026-10-01 22:40:09,220 | DEBUG | step 4880 epoch 4 loss 0.0917 step_s 0.0053 peak_mem_gb 1.205
2026-10-01 22:40:09,226 | DEBUG | step 4881 epoch 4 loss 0.2514 step_s 0.0053 peak_mem_gb 1.205
2026-10-01 22:40:09,232 | DEBUG | step 4882 epoch 4 loss 0.2028 step_s 0.0054 peak_mem_gb 1.205
2026-10-01 22:40:09,239 | DEBUG | step 4883 epoch 4 loss 0.2810 step_s 0.0054 peak_mem_gb 1.205
2026-10-01 22:40:09,245 | DEBUG | step 4884 epoch 4 loss 0.1521 step_s 0.0053 peak_mem_gb 1.205
2026-10-01 22:40:09,251 | DEBUG | step 4885 epoch 4 loss 0.1228 step_s 0.0053 peak_mem_gb 1.205
2026-10-01 22:40:09,257 | DEBUG | step 4886 epoch 4 loss 0.0904 step_s 0.0054 peak_mem_gb 1.205
2026-10-01 22:40:09,263 | DEBUG | step 4887 epoch 4 loss 0.1595 step_s 0.0053 peak_mem_gb 1.205
2026-10-01 22:40:09,269 | DEBUG | step 4888 epoch 4 loss 0.1460 step_s 0.0054 peak_mem_gb 1.205
2026-10-01 22:40:09,275 | DEBUG | step 4889 epoch 4 loss 0.2686 step_s 0.0053 peak_mem_gb 1.205
2026-10-01 22:40:09,281 | DEBUG | step 4890 epoch 4 loss 0.2894 step_s 0.0053 peak_mem_gb 1.205
2026-10-01 22:40:09,287 | DEBUG | step 4891 epoch 4 loss 0.3545 step_s 0.0053 peak_mem_gb 1.205
2026-10-01 22:40:09,293 | DEBUG | step 4892 epoch 4 loss 0.1831 step_s 0.0053 peak_mem_gb 1.205
2026-10-01 22:40:09,299 | DEBUG | step 4893 epoch 4 loss 0.2262 step_s 0.0053 peak_mem_gb 1.205
2026-10-01 22:40:09,305 | DEBUG | step 4894 epoch 4 loss 0.1384 step_s 0.0053 peak_mem_gb 1.205
2026-10-01 22:40:09,311 | DEBUG | step 4895 epoch 4 loss 0.3262 step_s 0.0053 peak_mem_gb 1.205
2026-10-01 22:40:09,317 | DEBUG | step 4896 epoch 4 loss 0.3377 step_s 0.0053 peak_mem_gb 1.205
2026-10-01 22:40:09,323 | DEBUG | step 4897 epoch 4 loss 0.2114 step_s 0.0053 peak_mem_gb 1.205
2026-10-01 22:40:09,329 | DEBUG | step 4898 epoch 4 loss 0.1586 step_s 0.0053 peak_mem_gb 1.205
2026-10-01 22:40:09,335 | DEBUG | step 4899 epoch 4 loss 0.2885 step_s 0.0053 peak_mem_gb 1.205
2026-10-01 22:40:09,341 | DEBUG | step 4900 epoch 4 loss 0.2111 step_s 0.0053 peak_mem_gb 1.205
2026-10-01 22:40:09,347 | DEBUG | step 4901 epoch 4 loss 0.1846 step_s 0.0053 peak_mem_gb 1.205
2026-10-01 22:40:09,353 | DEBUG | step 4902 epoch 4 loss 0.2227 step_s 0.0053 peak_mem_gb 1.205
2026-10-01 22:40:09,359 | DEBUG | step 4903 epoch 4 loss 0.2287 step_s 0.0053 peak_mem_gb 1.205
2026-10-01 22:40:09,365 | DEBUG | step 4904 epoch 4 loss 0.2974 step_s 0.0054 peak_mem_gb 1.205
2026-10-01 22:40:09,371 | DEBUG | step 4905 epoch 4 loss 0.2780 step_s 0.0054 peak_mem_gb 1.205
2026-10-01 22:40:09,377 | DEBUG | step 4906 epoch 4 loss 0.1680 step_s 0.0053 peak_mem_gb 1.205
2026-10-01 22:40:09,383 | DEBUG | step 4907 epoch 4 loss 0.1616 step_s 0.0053 peak_mem_gb 1.205
2026-10-01 22:40:09,389 | DEBUG | step 4908 epoch 4 loss 0.2304 step_s 0.0054 peak_mem_gb 1.205
2026-10-01 22:40:09,395 | DEBUG | step 4909 epoch 4 loss 0.2170 step_s 0.0053 peak_mem_gb 1.205
2026-10-01 22:40:09,401 | DEBUG | step 4910 epoch 4 loss 0.2710 step_s 0.0053 peak_mem_gb 1.205
2026-10-01 22:40:09,407 | DEBUG | step 4911 epoch 4 loss 0.2691 step_s 0.0053 peak_mem_gb 1.205
2026-10-01 22:40:09,413 | DEBUG | step 4912 epoch 4 loss 0.2335 step_s 0.0053 peak_mem_gb 1.205
2026-10-01 22:40:09,419 | DEBUG | step 4913 epoch 4 loss 0.2274 step_s 0.0053 peak_mem_gb 1.205
2026-10-01 22:40:09,425 | DEBUG | step 4914 epoch 4 loss 0.1824 step_s 0.0054 peak_mem_gb 1.205
2026-10-01 22:40:09,431 | DEBUG | step 4915 epoch 4 loss 0.2549 step_s 0.0053 peak_mem_gb 1.205
2026-10-01 22:40:09,437 | DEBUG | step 4916 epoch 4 loss 0.1635 step_s 0.0053 peak_mem_gb 1.205
2026-10-01 22:40:09,443 | DEBUG | step 4917 epoch 4 loss 0.1577 step_s 0.0053 peak_mem_gb 1.205
2026-10-01 22:40:09,449 | DEBUG | step 4918 epoch 4 loss 0.3687 step_s 0.0054 peak_mem_gb 1.205
2026-10-01 22:40:09,455 | DEBUG | step 4919 epoch 4 loss 0.1904 step_s 0.0054 peak_mem_gb 1.205
2026-10-01 22:40:09,461 | DEBUG | step 4920 epoch 4 loss 0.4226 step_s 0.0053 peak_mem_gb 1.205
2026-10-01 22:40:09,467 | DEBUG | step 4921 epoch 4 loss 0.2054 step_s 0.0053 peak_mem_gb 1.205
2026-10-01 22:40:09,473 | DEBUG | step 4922 epoch 4 loss 0.2982 step_s 0.0054 peak_mem_gb 1.205
2026-10-01 22:40:09,479 | DEBUG | step 4923 epoch 4 loss 0.2084 step_s 0.0053 peak_mem_gb 1.205
2026-10-01 22:40:09,485 | DEBUG | step 4924 epoch 4 loss 0.1662 step_s 0.0053 peak_mem_gb 1.205
2026-10-01 22:40:09,491 | DEBUG | step 4925 epoch 4 loss 0.1931 step_s 0.0054 peak_mem_gb 1.205
2026-10-01 22:40:09,497 | DEBUG | step 4926 epoch 4 loss 0.2264 step_s 0.0053 peak_mem_gb 1.205
2026-10-01 22:40:09,503 | DEBUG | step 4927 epoch 4 loss 0.2834 step_s 0.0053 peak_mem_gb 1.205
2026-10-01 22:40:09,509 | DEBUG | step 4928 epoch 4 loss 0.3497 step_s 0.0054 peak_mem_gb 1.205
2026-10-01 22:40:09,515 | DEBUG | step 4929 epoch 4 loss 0.1974 step_s 0.0053 peak_mem_gb 1.205
2026-10-01 22:40:09,521 | DEBUG | step 4930 epoch 4 loss 0.2404 step_s 0.0054 peak_mem_gb 1.205
2026-10-01 22:40:09,527 | DEBUG | step 4931 epoch 4 loss 0.3420 step_s 0.0053 peak_mem_gb 1.205
2026-10-01 22:40:09,533 | DEBUG | step 4932 epoch 4 loss 0.2185 step_s 0.0054 peak_mem_gb 1.205
2026-10-01 22:40:09,539 | DEBUG | step 4933 epoch 4 loss 0.1655 step_s 0.0054 peak_mem_gb 1.205
2026-10-01 22:40:09,545 | DEBUG | step 4934 epoch 4 loss 0.2140 step_s 0.0053 peak_mem_gb 1.205
2026-10-01 22:40:09,551 | DEBUG | step 4935 epoch 4 loss 0.1919 step_s 0.0054 peak_mem_gb 1.205
2026-10-01 22:40:09,557 | DEBUG | step 4936 epoch 4 loss 0.3447 step_s 0.0054 peak_mem_gb 1.205
2026-10-01 22:40:09,563 | DEBUG | step 4937 epoch 4 loss 0.1849 step_s 0.0054 peak_mem_gb 1.205
2026-10-01 22:40:09,570 | DEBUG | step 4938 epoch 4 loss 0.2538 step_s 0.0054 peak_mem_gb 1.205
2026-10-01 22:40:09,576 | DEBUG | step 4939 epoch 4 loss 0.2157 step_s 0.0053 peak_mem_gb 1.205
2026-10-01 22:40:09,583 | DEBUG | step 4940 epoch 4 loss 0.3920 step_s 0.0061 peak_mem_gb 1.205
2026-10-01 22:40:09,589 | DEBUG | step 4941 epoch 4 loss 0.2790 step_s 0.0055 peak_mem_gb 1.205
2026-10-01 22:40:09,595 | DEBUG | step 4942 epoch 4 loss 0.1864 step_s 0.0054 peak_mem_gb 1.205
2026-10-01 22:40:09,601 | DEBUG | step 4943 epoch 4 loss 0.2029 step_s 0.0053 peak_mem_gb 1.205
2026-10-01 22:40:09,607 | DEBUG | step 4944 epoch 4 loss 0.3426 step_s 0.0054 peak_mem_gb 1.205
2026-10-01 22:40:09,613 | DEBUG | step 4945 epoch 4 loss 0.2499 step_s 0.0053 peak_mem_gb 1.205
2026-10-01 22:40:09,619 | DEBUG | step 4946 epoch 4 loss 0.2763 step_s 0.0053 peak_mem_gb 1.205
2026-10-01 22:40:09,625 | DEBUG | step 4947 epoch 4 loss 0.2134 step_s 0.0054 peak_mem_gb 1.205
2026-10-01 22:40:09,631 | DEBUG | step 4948 epoch 4 loss 0.3009 step_s 0.0053 peak_mem_gb 1.205
2026-10-01 22:40:09,637 | DEBUG | step 4949 epoch 4 loss 0.2483 step_s 0.0054 peak_mem_gb 1.205
2026-10-01 22:40:09,643 | DEBUG | step 4950 epoch 4 loss 0.1728 step_s 0.0053 peak_mem_gb 1.205
2026-10-01 22:40:09,649 | DEBUG | step 4951 epoch 4 loss 0.2654 step_s 0.0054 peak_mem_gb 1.205
2026-10-01 22:40:09,655 | DEBUG | step 4952 epoch 4 loss 0.2601 step_s 0.0054 peak_mem_gb 1.205
2026-10-01 22:40:09,661 | DEBUG | step 4953 epoch 4 loss 0.2062 step_s 0.0053 peak_mem_gb 1.205
2026-10-01 22:40:09,667 | DEBUG | step 4954 epoch 4 loss 0.2037 step_s 0.0053 peak_mem_gb 1.205
2026-10-01 22:40:09,674 | DEBUG | step 4955 epoch 4 loss 0.1560 step_s 0.0054 peak_mem_gb 1.205
2026-10-01 22:40:09,679 | DEBUG | step 4956 epoch 4 loss 0.1592 step_s 0.0053 peak_mem_gb 1.205
2026-10-01 22:40:09,685 | DEBUG | step 4957 epoch 4 loss 0.1524 step_s 0.0053 peak_mem_gb 1.205
2026-10-01 22:40:09,691 | DEBUG | step 4958 epoch 4 loss 0.2345 step_s 0.0054 peak_mem_gb 1.205
2026-10-01 22:40:09,697 | DEBUG | step 4959 epoch 4 loss 0.1794 step_s 0.0054 peak_mem_gb 1.205
2026-10-01 22:40:09,703 | DEBUG | step 4960 epoch 4 loss 0.1990 step_s 0.0054 peak_mem_gb 1.205
2026-10-01 22:40:09,710 | DEBUG | step 4961 epoch 4 loss 0.2494 step_s 0.0054 peak_mem_gb 1.205
2026-10-01 22:40:09,716 | DEBUG | step 4962 epoch 4 loss 0.3455 step_s 0.0054 peak_mem_gb 1.205
2026-10-01 22:40:09,722 | DEBUG | step 4963 epoch 4 loss 0.1606 step_s 0.0054 peak_mem_gb 1.205
2026-10-01 22:40:09,728 | DEBUG | step 4964 epoch 4 loss 0.1449 step_s 0.0053 peak_mem_gb 1.205
2026-10-01 22:40:09,734 | DEBUG | step 4965 epoch 4 loss 0.1434 step_s 0.0053 peak_mem_gb 1.205
2026-10-01 22:40:09,740 | DEBUG | step 4966 epoch 4 loss 0.2542 step_s 0.0053 peak_mem_gb 1.205
2026-10-01 22:40:09,746 | DEBUG | step 4967 epoch 4 loss 0.1020 step_s 0.0053 peak_mem_gb 1.205
2026-10-01 22:40:09,752 | DEBUG | step 4968 epoch 4 loss 0.1776 step_s 0.0054 peak_mem_gb 1.205
2026-10-01 22:40:09,758 | DEBUG | step 4969 epoch 4 loss 0.2812 step_s 0.0054 peak_mem_gb 1.205
2026-10-01 22:40:09,764 | DEBUG | step 4970 epoch 4 loss 0.2418 step_s 0.0053 peak_mem_gb 1.205
2026-10-01 22:40:09,770 | DEBUG | step 4971 epoch 4 loss 0.2154 step_s 0.0054 peak_mem_gb 1.205
2026-10-01 22:40:09,776 | DEBUG | step 4972 epoch 4 loss 0.1608 step_s 0.0054 peak_mem_gb 1.205
2026-10-01 22:40:09,782 | DEBUG | step 4973 epoch 4 loss 0.2572 step_s 0.0054 peak_mem_gb 1.205
2026-10-01 22:40:09,788 | DEBUG | step 4974 epoch 4 loss 0.2719 step_s 0.0054 peak_mem_gb 1.205
2026-10-01 22:40:09,794 | DEBUG | step 4975 epoch 4 loss 0.2097 step_s 0.0054 peak_mem_gb 1.205
2026-10-01 22:40:09,800 | DEBUG | step 4976 epoch 4 loss 0.2579 step_s 0.0053 peak_mem_gb 1.205
2026-10-01 22:40:09,806 | DEBUG | step 4977 epoch 4 loss 0.2431 step_s 0.0054 peak_mem_gb 1.205
2026-10-01 22:40:09,812 | DEBUG | step 4978 epoch 4 loss 0.1938 step_s 0.0053 peak_mem_gb 1.205
2026-10-01 22:40:09,818 | DEBUG | step 4979 epoch 4 loss 0.1430 step_s 0.0053 peak_mem_gb 1.205
2026-10-01 22:40:09,824 | DEBUG | step 4980 epoch 4 loss 0.3236 step_s 0.0053 peak_mem_gb 1.205
2026-10-01 22:40:09,830 | DEBUG | step 4981 epoch 4 loss 0.0961 step_s 0.0053 peak_mem_gb 1.205
2026-10-01 22:40:09,836 | DEBUG | step 4982 epoch 4 loss 0.2066 step_s 0.0053 peak_mem_gb 1.205
2026-10-01 22:40:09,842 | DEBUG | step 4983 epoch 4 loss 0.2349 step_s 0.0054 peak_mem_gb 1.205
2026-10-01 22:40:09,848 | DEBUG | step 4984 epoch 4 loss 0.2515 step_s 0.0053 peak_mem_gb 1.205
2026-10-01 22:40:09,855 | DEBUG | step 4985 epoch 4 loss 0.2171 step_s 0.0054 peak_mem_gb 1.205
2026-10-01 22:40:09,861 | DEBUG | step 4986 epoch 4 loss 0.2017 step_s 0.0054 peak_mem_gb 1.205
2026-10-01 22:40:09,867 | DEBUG | step 4987 epoch 4 loss 0.2158 step_s 0.0054 peak_mem_gb 1.205
2026-10-01 22:40:09,873 | DEBUG | step 4988 epoch 4 loss 0.2434 step_s 0.0053 peak_mem_gb 1.205
2026-10-01 22:40:09,879 | DEBUG | step 4989 epoch 4 loss 0.3173 step_s 0.0053 peak_mem_gb 1.205
2026-10-01 22:40:09,884 | DEBUG | step 4990 epoch 4 loss 0.2499 step_s 0.0053 peak_mem_gb 1.205
2026-10-01 22:40:09,890 | DEBUG | step 4991 epoch 4 loss 0.1979 step_s 0.0053 peak_mem_gb 1.205
2026-10-01 22:40:09,896 | DEBUG | step 4992 epoch 4 loss 0.2970 step_s 0.0053 peak_mem_gb 1.205
2026-10-01 22:40:09,902 | DEBUG | step 4993 epoch 4 loss 0.2488 step_s 0.0053 peak_mem_gb 1.205
2026-10-01 22:40:09,909 | DEBUG | step 4994 epoch 4 loss 0.2078 step_s 0.0054 peak_mem_gb 1.205
2026-10-01 22:40:09,915 | DEBUG | step 4995 epoch 4 loss 0.3554 step_s 0.0053 peak_mem_gb 1.205
2026-10-01 22:40:09,921 | DEBUG | step 4996 epoch 4 loss 0.3254 step_s 0.0054 peak_mem_gb 1.205
2026-10-01 22:40:09,927 | DEBUG | step 4997 epoch 4 loss 0.2226 step_s 0.0053 peak_mem_gb 1.205
2026-10-01 22:40:09,933 | DEBUG | step 4998 epoch 4 loss 0.2041 step_s 0.0053 peak_mem_gb 1.205
2026-10-01 22:40:09,939 | DEBUG | step 4999 epoch 4 loss 0.1558 step_s 0.0054 peak_mem_gb 1.205
2026-10-01 22:40:09,945 | INFO | step 5000 epoch 4 loss 0.1489 step_s 0.0054 peak_mem_gb 1.205
2026-10-01 22:40:09,951 | DEBUG | step 5001 epoch 4 loss 0.2575 step_s 0.0054 peak_mem_gb 1.205
2026-10-01 22:40:09,958 | DEBUG | step 5002 epoch 4 loss 0.2269 step_s 0.0055 peak_mem_gb 1.205
2026-10-01 22:40:09,964 | DEBUG | step 5003 epoch 4 loss 0.1838 step_s 0.0053 peak_mem_gb 1.205
2026-10-01 22:40:09,971 | DEBUG | step 5004 epoch 4 loss 0.4393 step_s 0.0055 peak_mem_gb 1.205
2026-10-01 22:40:09,977 | DEBUG | step 5005 epoch 4 loss 0.3132 step_s 0.0054 peak_mem_gb 1.205
2026-10-01 22:40:09,983 | DEBUG | step 5006 epoch 4 loss 0.2274 step_s 0.0053 peak_mem_gb 1.205
2026-10-01 22:40:09,989 | DEBUG | step 5007 epoch 4 loss 0.2370 step_s 0.0056 peak_mem_gb 1.205
2026-10-01 22:40:09,995 | DEBUG | step 5008 epoch 4 loss 0.2801 step_s 0.0054 peak_mem_gb 1.205
2026-10-01 22:40:10,002 | DEBUG | step 5009 epoch 4 loss 0.1820 step_s 0.0053 peak_mem_gb 1.205
2026-10-01 22:40:10,008 | DEBUG | step 5010 epoch 4 loss 0.2414 step_s 0.0053 peak_mem_gb 1.205
2026-10-01 22:40:10,014 | DEBUG | step 5011 epoch 4 loss 0.2524 step_s 0.0053 peak_mem_gb 1.205
2026-10-01 22:40:10,020 | DEBUG | step 5012 epoch 4 loss 0.2344 step_s 0.0053 peak_mem_gb 1.205
2026-10-01 22:40:10,026 | DEBUG | step 5013 epoch 4 loss 0.2222 step_s 0.0054 peak_mem_gb 1.205
2026-10-01 22:40:10,032 | DEBUG | step 5014 epoch 4 loss 0.2512 step_s 0.0053 peak_mem_gb 1.205
2026-10-01 22:40:10,038 | DEBUG | step 5015 epoch 4 loss 0.3720 step_s 0.0054 peak_mem_gb 1.205
2026-10-01 22:40:10,044 | DEBUG | step 5016 epoch 4 loss 0.2664 step_s 0.0053 peak_mem_gb 1.205
2026-10-01 22:40:10,050 | DEBUG | step 5017 epoch 4 loss 0.2441 step_s 0.0053 peak_mem_gb 1.205
2026-10-01 22:40:10,056 | DEBUG | step 5018 epoch 4 loss 0.1536 step_s 0.0054 peak_mem_gb 1.205
2026-10-01 22:40:10,062 | DEBUG | step 5019 epoch 4 loss 0.1268 step_s 0.0053 peak_mem_gb 1.205
2026-10-01 22:40:10,068 | DEBUG | step 5020 epoch 4 loss 0.4019 step_s 0.0053 peak_mem_gb 1.205
2026-10-01 22:40:10,074 | DEBUG | step 5021 epoch 4 loss 0.2613 step_s 0.0054 peak_mem_gb 1.205
2026-10-01 22:40:10,080 | DEBUG | step 5022 epoch 4 loss 0.2620 step_s 0.0053 peak_mem_gb 1.205
2026-10-01 22:40:10,086 | DEBUG | step 5023 epoch 4 loss 0.2158 step_s 0.0055 peak_mem_gb 1.205
2026-10-01 22:40:10,092 | DEBUG | step 5024 epoch 4 loss 0.3495 step_s 0.0054 peak_mem_gb 1.205
2026-10-01 22:40:10,098 | DEBUG | step 5025 epoch 4 loss 0.2626 step_s 0.0054 peak_mem_gb 1.205
2026-10-01 22:40:10,104 | DEBUG | step 5026 epoch 4 loss 0.2048 step_s 0.0053 peak_mem_gb 1.205
2026-10-01 22:40:10,110 | DEBUG | step 5027 epoch 4 loss 0.1518 step_s 0.0053 peak_mem_gb 1.205
2026-10-01 22:40:10,116 | DEBUG | step 5028 epoch 4 loss 0.2434 step_s 0.0053 peak_mem_gb 1.205
2026-10-01 22:40:10,122 | DEBUG | step 5029 epoch 4 loss 0.2546 step_s 0.0054 peak_mem_gb 1.205
2026-10-01 22:40:10,128 | DEBUG | step 5030 epoch 4 loss 0.4251 step_s 0.0053 peak_mem_gb 1.205
2026-10-01 22:40:10,134 | DEBUG | step 5031 epoch 4 loss 0.2602 step_s 0.0054 peak_mem_gb 1.205
2026-10-01 22:40:10,140 | DEBUG | step 5032 epoch 4 loss 0.1958 step_s 0.0053 peak_mem_gb 1.205
2026-10-01 22:40:10,146 | DEBUG | step 5033 epoch 4 loss 0.2394 step_s 0.0053 peak_mem_gb 1.205
2026-10-01 22:40:10,152 | DEBUG | step 5034 epoch 4 loss 0.2180 step_s 0.0054 peak_mem_gb 1.205
2026-10-01 22:40:10,158 | DEBUG | step 5035 epoch 4 loss 0.1982 step_s 0.0053 peak_mem_gb 1.205
2026-10-01 22:40:10,164 | DEBUG | step 5036 epoch 4 loss 0.1643 step_s 0.0053 peak_mem_gb 1.205
2026-10-01 22:40:10,170 | DEBUG | step 5037 epoch 4 loss 0.2368 step_s 0.0053 peak_mem_gb 1.205
2026-10-01 22:40:10,176 | DEBUG | step 5038 epoch 4 loss 0.2133 step_s 0.0054 peak_mem_gb 1.205
2026-10-01 22:40:10,182 | DEBUG | step 5039 epoch 4 loss 0.2798 step_s 0.0053 peak_mem_gb 1.205
2026-10-01 22:40:10,188 | DEBUG | step 5040 epoch 4 loss 0.1351 step_s 0.0054 peak_mem_gb 1.205
2026-10-01 22:40:10,194 | DEBUG | step 5041 epoch 4 loss 0.2668 step_s 0.0053 peak_mem_gb 1.205
2026-10-01 22:40:10,201 | DEBUG | step 5042 epoch 4 loss 0.2161 step_s 0.0054 peak_mem_gb 1.205
2026-10-01 22:40:10,206 | DEBUG | step 5043 epoch 4 loss 0.1499 step_s 0.0053 peak_mem_gb 1.205
2026-10-01 22:40:10,213 | DEBUG | step 5044 epoch 4 loss 0.1884 step_s 0.0053 peak_mem_gb 1.205
2026-10-01 22:40:10,219 | DEBUG | step 5045 epoch 4 loss 0.1527 step_s 0.0053 peak_mem_gb 1.205
2026-10-01 22:40:10,225 | DEBUG | step 5046 epoch 4 loss 0.1480 step_s 0.0054 peak_mem_gb 1.205
2026-10-01 22:40:10,231 | DEBUG | step 5047 epoch 4 loss 0.2165 step_s 0.0053 peak_mem_gb 1.205
2026-10-01 22:40:10,237 | DEBUG | step 5048 epoch 4 loss 0.2620 step_s 0.0054 peak_mem_gb 1.205
2026-10-01 22:40:10,243 | DEBUG | step 5049 epoch 4 loss 0.1565 step_s 0.0054 peak_mem_gb 1.205
2026-10-01 22:40:10,249 | DEBUG | step 5050 epoch 4 loss 0.1354 step_s 0.0053 peak_mem_gb 1.205
2026-10-01 22:40:10,255 | DEBUG | step 5051 epoch 4 loss 0.2172 step_s 0.0054 peak_mem_gb 1.205
2026-10-01 22:40:10,261 | DEBUG | step 5052 epoch 4 loss 0.1707 step_s 0.0054 peak_mem_gb 1.205
2026-10-01 22:40:10,267 | DEBUG | step 5053 epoch 4 loss 0.2641 step_s 0.0053 peak_mem_gb 1.205
2026-10-01 22:40:10,273 | DEBUG | step 5054 epoch 4 loss 0.1592 step_s 0.0054 peak_mem_gb 1.205
2026-10-01 22:40:10,279 | DEBUG | step 5055 epoch 4 loss 0.2057 step_s 0.0053 peak_mem_gb 1.205
2026-10-01 22:40:10,285 | DEBUG | step 5056 epoch 4 loss 0.1007 step_s 0.0053 peak_mem_gb 1.205
2026-10-01 22:40:10,291 | DEBUG | step 5057 epoch 4 loss 0.1508 step_s 0.0053 peak_mem_gb 1.205
2026-10-01 22:40:10,297 | DEBUG | step 5058 epoch 4 loss 0.3611 step_s 0.0054 peak_mem_gb 1.205
2026-10-01 22:40:10,303 | DEBUG | step 5059 epoch 4 loss 0.1656 step_s 0.0054 peak_mem_gb 1.205
2026-10-01 22:40:10,309 | DEBUG | step 5060 epoch 4 loss 0.4230 step_s 0.0053 peak_mem_gb 1.205
2026-10-01 22:40:10,315 | DEBUG | step 5061 epoch 4 loss 0.1689 step_s 0.0053 peak_mem_gb 1.205
2026-10-01 22:40:10,321 | DEBUG | step 5062 epoch 4 loss 0.2865 step_s 0.0054 peak_mem_gb 1.205
2026-10-01 22:40:10,327 | DEBUG | step 5063 epoch 4 loss 0.3267 step_s 0.0054 peak_mem_gb 1.205
2026-10-01 22:40:10,333 | DEBUG | step 5064 epoch 4 loss 0.1992 step_s 0.0053 peak_mem_gb 1.205
2026-10-01 22:40:10,339 | DEBUG | step 5065 epoch 4 loss 0.1535 step_s 0.0053 peak_mem_gb 1.205
2026-10-01 22:40:10,345 | DEBUG | step 5066 epoch 4 loss 0.1664 step_s 0.0054 peak_mem_gb 1.205
2026-10-01 22:40:10,351 | DEBUG | step 5067 epoch 4 loss 0.1815 step_s 0.0053 peak_mem_gb 1.205
2026-10-01 22:40:10,357 | DEBUG | step 5068 epoch 4 loss 0.2146 step_s 0.0053 peak_mem_gb 1.205
2026-10-01 22:40:10,363 | DEBUG | step 5069 epoch 4 loss 0.1829 step_s 0.0053 peak_mem_gb 1.205
2026-10-01 22:40:10,369 | DEBUG | step 5070 epoch 4 loss 0.2310 step_s 0.0054 peak_mem_gb 1.205
2026-10-01 22:40:10,375 | DEBUG | step 5071 epoch 4 loss 0.3402 step_s 0.0054 peak_mem_gb 1.205
2026-10-01 22:40:10,381 | DEBUG | step 5072 epoch 4 loss 0.1761 step_s 0.0053 peak_mem_gb 1.205
2026-10-01 22:40:10,387 | DEBUG | step 5073 epoch 4 loss 0.2332 step_s 0.0054 peak_mem_gb 1.205
2026-10-01 22:40:10,393 | DEBUG | step 5074 epoch 4 loss 0.2764 step_s 0.0054 peak_mem_gb 1.205
2026-10-01 22:40:10,399 | DEBUG | step 5075 epoch 4 loss 0.2126 step_s 0.0053 peak_mem_gb 1.205
2026-10-01 22:40:10,405 | DEBUG | step 5076 epoch 4 loss 0.3110 step_s 0.0054 peak_mem_gb 1.205
2026-10-01 22:40:10,411 | DEBUG | step 5077 epoch 4 loss 0.2019 step_s 0.0053 peak_mem_gb 1.205
2026-10-01 22:40:10,417 | DEBUG | step 5078 epoch 4 loss 0.1585 step_s 0.0054 peak_mem_gb 1.205
2026-10-01 22:40:10,423 | DEBUG | step 5079 epoch 4 loss 0.2294 step_s 0.0054 peak_mem_gb 1.205
2026-10-01 22:40:10,429 | DEBUG | step 5080 epoch 4 loss 0.2302 step_s 0.0053 peak_mem_gb 1.205
2026-10-01 22:40:10,435 | DEBUG | step 5081 epoch 4 loss 0.2428 step_s 0.0053 peak_mem_gb 1.205
2026-10-01 22:40:10,441 | DEBUG | step 5082 epoch 4 loss 0.2710 step_s 0.0053 peak_mem_gb 1.205
2026-10-01 22:40:10,447 | DEBUG | step 5083 epoch 4 loss 0.1790 step_s 0.0053 peak_mem_gb 1.205
2026-10-01 22:40:10,453 | DEBUG | step 5084 epoch 4 loss 0.4384 step_s 0.0054 peak_mem_gb 1.205
2026-10-01 22:40:10,459 | DEBUG | step 5085 epoch 4 loss 0.1003 step_s 0.0053 peak_mem_gb 1.205
2026-10-01 22:40:10,465 | DEBUG | step 5086 epoch 4 loss 0.2252 step_s 0.0053 peak_mem_gb 1.205
2026-10-01 22:40:10,471 | DEBUG | step 5087 epoch 4 loss 0.3892 step_s 0.0053 peak_mem_gb 1.205
2026-10-01 22:40:10,477 | DEBUG | step 5088 epoch 4 loss 0.4372 step_s 0.0053 peak_mem_gb 1.205
2026-10-01 22:40:10,483 | DEBUG | step 5089 epoch 4 loss 0.1834 step_s 0.0053 peak_mem_gb 1.205
2026-10-01 22:40:10,489 | DEBUG | step 5090 epoch 4 loss 0.1534 step_s 0.0054 peak_mem_gb 1.205
2026-10-01 22:40:10,495 | DEBUG | step 5091 epoch 4 loss 0.3041 step_s 0.0054 peak_mem_gb 1.205
2026-10-01 22:40:10,501 | DEBUG | step 5092 epoch 4 loss 0.2213 step_s 0.0053 peak_mem_gb 1.205
2026-10-01 22:40:10,508 | DEBUG | step 5093 epoch 4 loss 0.2468 step_s 0.0061 peak_mem_gb 1.205
2026-10-01 22:40:10,514 | DEBUG | step 5094 epoch 4 loss 0.2247 step_s 0.0054 peak_mem_gb 1.205
2026-10-01 22:40:10,520 | DEBUG | step 5095 epoch 4 loss 0.1501 step_s 0.0054 peak_mem_gb 1.205
2026-10-01 22:40:10,526 | DEBUG | step 5096 epoch 4 loss 0.1596 step_s 0.0053 peak_mem_gb 1.205
2026-10-01 22:40:10,532 | DEBUG | step 5097 epoch 4 loss 0.3138 step_s 0.0054 peak_mem_gb 1.205
2026-10-01 22:40:10,538 | DEBUG | step 5098 epoch 4 loss 0.2489 step_s 0.0053 peak_mem_gb 1.205
2026-10-01 22:40:10,544 | DEBUG | step 5099 epoch 4 loss 0.2531 step_s 0.0053 peak_mem_gb 1.205
2026-10-01 22:40:10,550 | DEBUG | step 5100 epoch 4 loss 0.2806 step_s 0.0053 peak_mem_gb 1.205
2026-10-01 22:40:10,556 | DEBUG | step 5101 epoch 4 loss 0.2733 step_s 0.0053 peak_mem_gb 1.205
2026-10-01 22:40:10,562 | DEBUG | step 5102 epoch 4 loss 0.2397 step_s 0.0054 peak_mem_gb 1.205
2026-10-01 22:40:10,569 | DEBUG | step 5103 epoch 4 loss 0.1643 step_s 0.0062 peak_mem_gb 1.205
2026-10-01 22:40:10,576 | DEBUG | step 5104 epoch 4 loss 0.1755 step_s 0.0057 peak_mem_gb 1.205
2026-10-01 22:40:10,582 | DEBUG | step 5105 epoch 4 loss 0.1162 step_s 0.0055 peak_mem_gb 1.205
2026-10-01 22:40:10,589 | DEBUG | step 5106 epoch 4 loss 0.2894 step_s 0.0054 peak_mem_gb 1.205
2026-10-01 22:40:10,595 | DEBUG | step 5107 epoch 4 loss 0.4650 step_s 0.0056 peak_mem_gb 1.205
2026-10-01 22:40:10,601 | DEBUG | step 5108 epoch 4 loss 0.2328 step_s 0.0054 peak_mem_gb 1.205
2026-10-01 22:40:10,607 | DEBUG | step 5109 epoch 4 loss 0.1917 step_s 0.0053 peak_mem_gb 1.205
2026-10-01 22:40:10,613 | DEBUG | step 5110 epoch 4 loss 0.2457 step_s 0.0054 peak_mem_gb 1.205
2026-10-01 22:40:10,619 | DEBUG | step 5111 epoch 4 loss 0.3228 step_s 0.0053 peak_mem_gb 1.205
2026-10-01 22:40:10,625 | DEBUG | step 5112 epoch 4 loss 0.2121 step_s 0.0054 peak_mem_gb 1.205
2026-10-01 22:40:10,631 | DEBUG | step 5113 epoch 4 loss 0.1486 step_s 0.0054 peak_mem_gb 1.205
2026-10-01 22:40:10,637 | DEBUG | step 5114 epoch 4 loss 0.2603 step_s 0.0053 peak_mem_gb 1.205
2026-10-01 22:40:10,643 | DEBUG | step 5115 epoch 4 loss 0.2732 step_s 0.0054 peak_mem_gb 1.205
2026-10-01 22:40:10,649 | DEBUG | step 5116 epoch 4 loss 0.3096 step_s 0.0054 peak_mem_gb 1.205
2026-10-01 22:40:10,655 | DEBUG | step 5117 epoch 4 loss 0.2898 step_s 0.0054 peak_mem_gb 1.205
2026-10-01 22:40:10,662 | DEBUG | step 5118 epoch 4 loss 0.1558 step_s 0.0054 peak_mem_gb 1.205
2026-10-01 22:40:10,668 | DEBUG | step 5119 epoch 4 loss 0.1817 step_s 0.0053 peak_mem_gb 1.205
2026-10-01 22:40:10,674 | DEBUG | step 5120 epoch 4 loss 0.3286 step_s 0.0054 peak_mem_gb 1.205
2026-10-01 22:40:10,680 | DEBUG | step 5121 epoch 4 loss 0.1258 step_s 0.0054 peak_mem_gb 1.205
2026-10-01 22:40:10,686 | DEBUG | step 5122 epoch 4 loss 0.2474 step_s 0.0053 peak_mem_gb 1.205
2026-10-01 22:40:10,692 | DEBUG | step 5123 epoch 4 loss 0.1679 step_s 0.0054 peak_mem_gb 1.205
2026-10-01 22:40:10,698 | DEBUG | step 5124 epoch 4 loss 0.2523 step_s 0.0054 peak_mem_gb 1.205
2026-10-01 22:40:10,704 | DEBUG | step 5125 epoch 4 loss 0.2136 step_s 0.0054 peak_mem_gb 1.205
2026-10-01 22:40:10,710 | DEBUG | step 5126 epoch 4 loss 0.2599 step_s 0.0053 peak_mem_gb 1.205
2026-10-01 22:40:10,716 | DEBUG | step 5127 epoch 4 loss 0.3577 step_s 0.0053 peak_mem_gb 1.205
2026-10-01 22:40:10,722 | DEBUG | step 5128 epoch 4 loss 0.2073 step_s 0.0054 peak_mem_gb 1.205
2026-10-01 22:40:10,729 | DEBUG | step 5129 epoch 4 loss 0.2633 step_s 0.0053 peak_mem_gb 1.205
2026-10-01 22:40:10,735 | DEBUG | step 5130 epoch 4 loss 0.2731 step_s 0.0053 peak_mem_gb 1.205
2026-10-01 22:40:10,741 | DEBUG | step 5131 epoch 4 loss 0.1951 step_s 0.0054 peak_mem_gb 1.205
2026-10-01 22:40:10,747 | DEBUG | step 5132 epoch 4 loss 0.3123 step_s 0.0053 peak_mem_gb 1.205
2026-10-01 22:40:10,754 | DEBUG | step 5133 epoch 4 loss 0.1536 step_s 0.0066 peak_mem_gb 1.205
2026-10-01 22:40:10,760 | DEBUG | step 5134 epoch 4 loss 0.1872 step_s 0.0053 peak_mem_gb 1.205
2026-10-01 22:40:10,766 | DEBUG | step 5135 epoch 4 loss 0.1451 step_s 0.0053 peak_mem_gb 1.205
2026-10-01 22:40:10,772 | DEBUG | step 5136 epoch 4 loss 0.3133 step_s 0.0054 peak_mem_gb 1.205
2026-10-01 22:40:10,778 | DEBUG | step 5137 epoch 4 loss 0.1917 step_s 0.0054 peak_mem_gb 1.205
2026-10-01 22:40:10,784 | DEBUG | step 5138 epoch 4 loss 0.3048 step_s 0.0053 peak_mem_gb 1.205
2026-10-01 22:40:10,790 | DEBUG | step 5139 epoch 4 loss 0.2341 step_s 0.0054 peak_mem_gb 1.205
2026-10-01 22:40:10,796 | DEBUG | step 5140 epoch 4 loss 0.3893 step_s 0.0053 peak_mem_gb 1.205
2026-10-01 22:40:10,803 | DEBUG | step 5141 epoch 4 loss 0.3138 step_s 0.0058 peak_mem_gb 1.205
2026-10-01 22:40:10,809 | DEBUG | step 5142 epoch 4 loss 0.3335 step_s 0.0054 peak_mem_gb 1.205
2026-10-01 22:40:10,815 | DEBUG | step 5143 epoch 4 loss 0.3617 step_s 0.0053 peak_mem_gb 1.205
2026-10-01 22:40:10,821 | DEBUG | step 5144 epoch 4 loss 0.2076 step_s 0.0053 peak_mem_gb 1.205
2026-10-01 22:40:10,827 | DEBUG | step 5145 epoch 4 loss 0.4749 step_s 0.0053 peak_mem_gb 1.205
2026-10-01 22:40:10,833 | DEBUG | step 5146 epoch 4 loss 0.3641 step_s 0.0053 peak_mem_gb 1.205
2026-10-01 22:40:10,839 | DEBUG | step 5147 epoch 4 loss 0.2367 step_s 0.0053 peak_mem_gb 1.205
2026-10-01 22:40:10,845 | DEBUG | step 5148 epoch 4 loss 0.5950 step_s 0.0053 peak_mem_gb 1.205
2026-10-01 22:40:10,851 | DEBUG | step 5149 epoch 4 loss 0.3632 step_s 0.0054 peak_mem_gb 1.205
2026-10-01 22:40:10,857 | DEBUG | step 5150 epoch 4 loss 0.3610 step_s 0.0053 peak_mem_gb 1.205
2026-10-01 22:40:10,863 | DEBUG | step 5151 epoch 4 loss 0.1804 step_s 0.0053 peak_mem_gb 1.205
2026-10-01 22:40:10,869 | DEBUG | step 5152 epoch 4 loss 0.2686 step_s 0.0053 peak_mem_gb 1.205
2026-10-01 22:40:10,875 | DEBUG | step 5153 epoch 4 loss 0.3870 step_s 0.0054 peak_mem_gb 1.205
2026-10-01 22:40:10,881 | DEBUG | step 5154 epoch 4 loss 0.4752 step_s 0.0053 peak_mem_gb 1.205
2026-10-01 22:40:10,887 | DEBUG | step 5155 epoch 4 loss 0.3822 step_s 0.0054 peak_mem_gb 1.205
2026-10-01 22:40:10,893 | DEBUG | step 5156 epoch 4 loss 0.3130 step_s 0.0054 peak_mem_gb 1.205
2026-10-01 22:40:10,899 | DEBUG | step 5157 epoch 4 loss 0.2827 step_s 0.0053 peak_mem_gb 1.205
2026-10-01 22:40:10,905 | DEBUG | step 5158 epoch 4 loss 0.2040 step_s 0.0054 peak_mem_gb 1.205
2026-10-01 22:40:10,911 | DEBUG | step 5159 epoch 4 loss 0.2512 step_s 0.0053 peak_mem_gb 1.205
2026-10-01 22:40:10,917 | DEBUG | step 5160 epoch 4 loss 0.2077 step_s 0.0054 peak_mem_gb 1.205
2026-10-01 22:40:10,923 | DEBUG | step 5161 epoch 4 loss 0.3366 step_s 0.0054 peak_mem_gb 1.205
2026-10-01 22:40:10,929 | DEBUG | step 5162 epoch 4 loss 0.2183 step_s 0.0053 peak_mem_gb 1.205
2026-10-01 22:40:10,935 | DEBUG | step 5163 epoch 4 loss 0.2808 step_s 0.0053 peak_mem_gb 1.205
2026-10-01 22:40:10,941 | DEBUG | step 5164 epoch 4 loss 0.2209 step_s 0.0053 peak_mem_gb 1.205
2026-10-01 22:40:10,947 | DEBUG | step 5165 epoch 4 loss 0.2422 step_s 0.0053 peak_mem_gb 1.205
2026-10-01 22:40:10,953 | DEBUG | step 5166 epoch 4 loss 0.2621 step_s 0.0053 peak_mem_gb 1.205
2026-10-01 22:40:10,959 | DEBUG | step 5167 epoch 4 loss 0.2975 step_s 0.0054 peak_mem_gb 1.205
2026-10-01 22:40:10,965 | DEBUG | step 5168 epoch 4 loss 0.4607 step_s 0.0053 peak_mem_gb 1.205
2026-10-01 22:40:10,971 | DEBUG | step 5169 epoch 4 loss 0.3525 step_s 0.0054 peak_mem_gb 1.205
2026-10-01 22:40:10,977 | DEBUG | step 5170 epoch 4 loss 0.2935 step_s 0.0053 peak_mem_gb 1.205
2026-10-01 22:40:10,983 | DEBUG | step 5171 epoch 4 loss 0.3498 step_s 0.0053 peak_mem_gb 1.205
2026-10-01 22:40:10,989 | DEBUG | step 5172 epoch 4 loss 0.2701 step_s 0.0054 peak_mem_gb 1.205
2026-10-01 22:40:10,995 | DEBUG | step 5173 epoch 4 loss 0.3534 step_s 0.0053 peak_mem_gb 1.205
2026-10-01 22:40:11,001 | DEBUG | step 5174 epoch 4 loss 0.1510 step_s 0.0053 peak_mem_gb 1.205
2026-10-01 22:40:11,007 | DEBUG | step 5175 epoch 4 loss 0.2093 step_s 0.0054 peak_mem_gb 1.205
2026-10-01 22:40:11,013 | DEBUG | step 5176 epoch 4 loss 0.2211 step_s 0.0054 peak_mem_gb 1.205
2026-10-01 22:40:11,019 | DEBUG | step 5177 epoch 4 loss 0.3419 step_s 0.0053 peak_mem_gb 1.205
2026-10-01 22:40:11,025 | DEBUG | step 5178 epoch 4 loss 0.2292 step_s 0.0053 peak_mem_gb 1.205
2026-10-01 22:40:11,031 | DEBUG | step 5179 epoch 4 loss 0.2697 step_s 0.0054 peak_mem_gb 1.205
2026-10-01 22:40:11,037 | DEBUG | step 5180 epoch 4 loss 0.2015 step_s 0.0054 peak_mem_gb 1.205
2026-10-01 22:40:11,043 | DEBUG | step 5181 epoch 4 loss 0.1279 step_s 0.0053 peak_mem_gb 1.205
2026-10-01 22:40:11,049 | DEBUG | step 5182 epoch 4 loss 0.2003 step_s 0.0053 peak_mem_gb 1.205
2026-10-01 22:40:11,055 | DEBUG | step 5183 epoch 4 loss 0.2372 step_s 0.0054 peak_mem_gb 1.205
2026-10-01 22:40:11,061 | DEBUG | step 5184 epoch 4 loss 0.1753 step_s 0.0054 peak_mem_gb 1.205
2026-10-01 22:40:11,067 | DEBUG | step 5185 epoch 4 loss 0.2467 step_s 0.0053 peak_mem_gb 1.205
2026-10-01 22:40:11,073 | DEBUG | step 5186 epoch 4 loss 0.2305 step_s 0.0053 peak_mem_gb 1.205
2026-10-01 22:40:11,079 | DEBUG | step 5187 epoch 4 loss 0.2432 step_s 0.0053 peak_mem_gb 1.205
2026-10-01 22:40:11,085 | DEBUG | step 5188 epoch 4 loss 0.2885 step_s 0.0054 peak_mem_gb 1.205
2026-10-01 22:40:11,091 | DEBUG | step 5189 epoch 4 loss 0.2488 step_s 0.0054 peak_mem_gb 1.205
2026-10-01 22:40:11,097 | DEBUG | step 5190 epoch 4 loss 0.3444 step_s 0.0053 peak_mem_gb 1.205
2026-10-01 22:40:11,103 | DEBUG | step 5191 epoch 4 loss 0.2452 step_s 0.0054 peak_mem_gb 1.205
2026-10-01 22:40:11,109 | DEBUG | step 5192 epoch 4 loss 0.4056 step_s 0.0053 peak_mem_gb 1.205
2026-10-01 22:40:11,115 | DEBUG | step 5193 epoch 4 loss 0.2677 step_s 0.0053 peak_mem_gb 1.205
2026-10-01 22:40:11,121 | DEBUG | step 5194 epoch 4 loss 0.1803 step_s 0.0053 peak_mem_gb 1.205
2026-10-01 22:40:11,127 | DEBUG | step 5195 epoch 4 loss 0.2681 step_s 0.0053 peak_mem_gb 1.205
2026-10-01 22:40:11,133 | DEBUG | step 5196 epoch 4 loss 0.3079 step_s 0.0053 peak_mem_gb 1.205
2026-10-01 22:40:11,139 | DEBUG | step 5197 epoch 4 loss 0.3266 step_s 0.0053 peak_mem_gb 1.205
2026-10-01 22:40:11,145 | DEBUG | step 5198 epoch 4 loss 0.1383 step_s 0.0053 peak_mem_gb 1.205
2026-10-01 22:40:11,151 | DEBUG | step 5199 epoch 4 loss 0.1799 step_s 0.0054 peak_mem_gb 1.205
2026-10-01 22:40:11,157 | INFO | step 5200 epoch 4 loss 0.2297 step_s 0.0054 peak_mem_gb 1.205
2026-10-01 22:40:11,164 | DEBUG | step 5201 epoch 4 loss 0.1869 step_s 0.0054 peak_mem_gb 1.205
2026-10-01 22:40:11,170 | DEBUG | step 5202 epoch 4 loss 0.2118 step_s 0.0056 peak_mem_gb 1.205
2026-10-01 22:40:11,177 | DEBUG | step 5203 epoch 4 loss 0.3960 step_s 0.0054 peak_mem_gb 1.205
2026-10-01 22:40:11,183 | DEBUG | step 5204 epoch 4 loss 0.1104 step_s 0.0053 peak_mem_gb 1.205
2026-10-01 22:40:11,189 | DEBUG | step 5205 epoch 4 loss 0.1760 step_s 0.0053 peak_mem_gb 1.205
2026-10-01 22:40:11,195 | DEBUG | step 5206 epoch 4 loss 0.1865 step_s 0.0054 peak_mem_gb 1.205
2026-10-01 22:40:11,201 | DEBUG | step 5207 epoch 4 loss 0.2387 step_s 0.0053 peak_mem_gb 1.205
2026-10-01 22:40:11,207 | DEBUG | step 5208 epoch 4 loss 0.1898 step_s 0.0054 peak_mem_gb 1.205
2026-10-01 22:40:11,213 | DEBUG | step 5209 epoch 4 loss 0.2040 step_s 0.0053 peak_mem_gb 1.205
2026-10-01 22:40:11,219 | DEBUG | step 5210 epoch 4 loss 0.1922 step_s 0.0053 peak_mem_gb 1.205
2026-10-01 22:40:11,225 | DEBUG | step 5211 epoch 4 loss 0.1985 step_s 0.0053 peak_mem_gb 1.205
2026-10-01 22:40:11,231 | DEBUG | step 5212 epoch 4 loss 0.2472 step_s 0.0053 peak_mem_gb 1.205
2026-10-01 22:40:11,238 | DEBUG | step 5213 epoch 4 loss 0.1975 step_s 0.0061 peak_mem_gb 1.205
2026-10-01 22:40:11,244 | DEBUG | step 5214 epoch 4 loss 0.1956 step_s 0.0053 peak_mem_gb 1.205
2026-10-01 22:40:11,250 | DEBUG | step 5215 epoch 4 loss 0.2235 step_s 0.0054 peak_mem_gb 1.205
2026-10-01 22:40:11,256 | DEBUG | step 5216 epoch 4 loss 0.2735 step_s 0.0054 peak_mem_gb 1.205
2026-10-01 22:40:11,262 | DEBUG | step 5217 epoch 4 loss 0.1431 step_s 0.0053 peak_mem_gb 1.205
2026-10-01 22:40:11,268 | DEBUG | step 5218 epoch 4 loss 0.3409 step_s 0.0054 peak_mem_gb 1.205
2026-10-01 22:40:11,274 | DEBUG | step 5219 epoch 4 loss 0.1700 step_s 0.0053 peak_mem_gb 1.205
2026-10-01 22:40:11,280 | DEBUG | step 5220 epoch 4 loss 0.1292 step_s 0.0053 peak_mem_gb 1.205
2026-10-01 22:40:11,286 | DEBUG | step 5221 epoch 4 loss 0.3243 step_s 0.0054 peak_mem_gb 1.205
2026-10-01 22:40:11,292 | DEBUG | step 5222 epoch 4 loss 0.2382 step_s 0.0054 peak_mem_gb 1.205
2026-10-01 22:40:11,298 | DEBUG | step 5223 epoch 4 loss 0.2694 step_s 0.0053 peak_mem_gb 1.205
2026-10-01 22:40:11,304 | DEBUG | step 5224 epoch 4 loss 0.2315 step_s 0.0054 peak_mem_gb 1.205
2026-10-01 22:40:11,310 | DEBUG | step 5225 epoch 4 loss 0.2299 step_s 0.0054 peak_mem_gb 1.205
2026-10-01 22:40:11,316 | DEBUG | step 5226 epoch 4 loss 0.1193 step_s 0.0053 peak_mem_gb 1.205
2026-10-01 22:40:11,322 | DEBUG | step 5227 epoch 4 loss 0.1741 step_s 0.0054 peak_mem_gb 1.205
2026-10-01 22:40:11,328 | DEBUG | step 5228 epoch 4 loss 0.1908 step_s 0.0053 peak_mem_gb 1.205
2026-10-01 22:40:11,334 | DEBUG | step 5229 epoch 4 loss 0.2393 step_s 0.0054 peak_mem_gb 1.205
2026-10-01 22:40:11,340 | DEBUG | step 5230 epoch 4 loss 0.2533 step_s 0.0053 peak_mem_gb 1.205
2026-10-01 22:40:11,346 | DEBUG | step 5231 epoch 4 loss 0.1591 step_s 0.0054 peak_mem_gb 1.205
2026-10-01 22:40:11,352 | DEBUG | step 5232 epoch 4 loss 0.2502 step_s 0.0053 peak_mem_gb 1.205
2026-10-01 22:40:11,359 | DEBUG | step 5233 epoch 4 loss 0.2402 step_s 0.0054 peak_mem_gb 1.205
2026-10-01 22:40:11,365 | DEBUG | step 5234 epoch 4 loss 0.2532 step_s 0.0054 peak_mem_gb 1.205
2026-10-01 22:40:11,371 | DEBUG | step 5235 epoch 4 loss 0.3100 step_s 0.0054 peak_mem_gb 1.205
2026-10-01 22:40:11,377 | DEBUG | step 5236 epoch 4 loss 0.1840 step_s 0.0054 peak_mem_gb 1.205
2026-10-01 22:40:11,383 | DEBUG | step 5237 epoch 4 loss 0.2836 step_s 0.0053 peak_mem_gb 1.205
2026-10-01 22:40:11,389 | DEBUG | step 5238 epoch 4 loss 0.2486 step_s 0.0053 peak_mem_gb 1.205
2026-10-01 22:40:11,395 | DEBUG | step 5239 epoch 4 loss 0.1682 step_s 0.0053 peak_mem_gb 1.205
2026-10-01 22:40:11,401 | DEBUG | step 5240 epoch 4 loss 0.2686 step_s 0.0053 peak_mem_gb 1.205
2026-10-01 22:40:11,407 | DEBUG | step 5241 epoch 4 loss 0.2292 step_s 0.0054 peak_mem_gb 1.205
2026-10-01 22:40:11,413 | DEBUG | step 5242 epoch 4 loss 0.1757 step_s 0.0054 peak_mem_gb 1.205
2026-10-01 22:40:11,419 | DEBUG | step 5243 epoch 4 loss 0.2338 step_s 0.0053 peak_mem_gb 1.205
2026-10-01 22:40:11,425 | DEBUG | step 5244 epoch 4 loss 0.3141 step_s 0.0053 peak_mem_gb 1.205
2026-10-01 22:40:11,431 | DEBUG | step 5245 epoch 4 loss 0.3312 step_s 0.0054 peak_mem_gb 1.205
2026-10-01 22:40:11,437 | DEBUG | step 5246 epoch 4 loss 0.2216 step_s 0.0053 peak_mem_gb 1.205
2026-10-01 22:40:11,443 | DEBUG | step 5247 epoch 4 loss 0.2034 step_s 0.0054 peak_mem_gb 1.205
2026-10-01 22:40:11,449 | DEBUG | step 5248 epoch 4 loss 0.3165 step_s 0.0053 peak_mem_gb 1.205
2026-10-01 22:40:11,455 | DEBUG | step 5249 epoch 4 loss 0.2745 step_s 0.0053 peak_mem_gb 1.205
2026-10-01 22:40:11,461 | DEBUG | step 5250 epoch 4 loss 0.2576 step_s 0.0053 peak_mem_gb 1.205
2026-10-01 22:40:11,467 | DEBUG | step 5251 epoch 4 loss 0.1657 step_s 0.0053 peak_mem_gb 1.205
2026-10-01 22:40:11,472 | DEBUG | step 5252 epoch 4 loss 0.1846 step_s 0.0053 peak_mem_gb 1.205
2026-10-01 22:40:11,479 | DEBUG | step 5253 epoch 4 loss 0.1950 step_s 0.0054 peak_mem_gb 1.205
2026-10-01 22:40:11,485 | DEBUG | step 5254 epoch 4 loss 0.2135 step_s 0.0054 peak_mem_gb 1.205
2026-10-01 22:40:11,491 | DEBUG | step 5255 epoch 4 loss 0.2089 step_s 0.0053 peak_mem_gb 1.205
2026-10-01 22:40:11,497 | DEBUG | step 5256 epoch 4 loss 0.2298 step_s 0.0054 peak_mem_gb 1.205
2026-10-01 22:40:11,503 | DEBUG | step 5257 epoch 4 loss 0.3437 step_s 0.0053 peak_mem_gb 1.205
2026-10-01 22:40:11,509 | DEBUG | step 5258 epoch 4 loss 0.1224 step_s 0.0056 peak_mem_gb 1.205
2026-10-01 22:40:11,515 | DEBUG | step 5259 epoch 4 loss 0.4613 step_s 0.0053 peak_mem_gb 1.205
2026-10-01 22:40:11,521 | DEBUG | step 5260 epoch 4 loss 0.1695 step_s 0.0054 peak_mem_gb 1.205
2026-10-01 22:40:11,527 | DEBUG | step 5261 epoch 4 loss 0.1862 step_s 0.0054 peak_mem_gb 1.205
2026-10-01 22:40:11,533 | DEBUG | step 5262 epoch 4 loss 0.2023 step_s 0.0053 peak_mem_gb 1.205
2026-10-01 22:40:11,539 | DEBUG | step 5263 epoch 4 loss 0.1188 step_s 0.0054 peak_mem_gb 1.205
2026-10-01 22:40:11,545 | DEBUG | step 5264 epoch 4 loss 0.1717 step_s 0.0053 peak_mem_gb 1.205
2026-10-01 22:40:11,551 | DEBUG | step 5265 epoch 4 loss 0.3189 step_s 0.0053 peak_mem_gb 1.205
2026-10-01 22:40:11,557 | DEBUG | step 5266 epoch 4 loss 0.2406 step_s 0.0054 peak_mem_gb 1.205
2026-10-01 22:40:11,563 | DEBUG | step 5267 epoch 4 loss 0.1472 step_s 0.0054 peak_mem_gb 1.205
2026-10-01 22:40:11,569 | DEBUG | step 5268 epoch 4 loss 0.2255 step_s 0.0053 peak_mem_gb 1.205
2026-10-01 22:40:11,575 | DEBUG | step 5269 epoch 4 loss 0.2822 step_s 0.0054 peak_mem_gb 1.205
2026-10-01 22:40:11,581 | DEBUG | step 5270 epoch 4 loss 0.2901 step_s 0.0053 peak_mem_gb 1.205
2026-10-01 22:40:11,587 | DEBUG | step 5271 epoch 4 loss 0.1747 step_s 0.0054 peak_mem_gb 1.205
2026-10-01 22:40:11,593 | DEBUG | step 5272 epoch 4 loss 0.3213 step_s 0.0054 peak_mem_gb 1.205
2026-10-01 22:40:11,600 | DEBUG | step 5273 epoch 4 loss 0.1979 step_s 0.0054 peak_mem_gb 1.205
2026-10-01 22:40:11,607 | DEBUG | step 5274 epoch 4 loss 0.1822 step_s 0.0058 peak_mem_gb 1.205
2026-10-01 22:40:11,613 | DEBUG | step 5275 epoch 4 loss 0.3485 step_s 0.0054 peak_mem_gb 1.205
2026-10-01 22:40:11,619 | DEBUG | step 5276 epoch 4 loss 0.1837 step_s 0.0054 peak_mem_gb 1.205
2026-10-01 22:40:11,625 | DEBUG | step 5277 epoch 4 loss 0.1831 step_s 0.0054 peak_mem_gb 1.205
2026-10-01 22:40:11,631 | DEBUG | step 5278 epoch 4 loss 0.2012 step_s 0.0054 peak_mem_gb 1.205
2026-10-01 22:40:11,637 | DEBUG | step 5279 epoch 4 loss 0.3966 step_s 0.0053 peak_mem_gb 1.205
2026-10-01 22:40:11,643 | DEBUG | step 5280 epoch 4 loss 0.3260 step_s 0.0054 peak_mem_gb 1.205
2026-10-01 22:40:11,649 | DEBUG | step 5281 epoch 4 loss 0.1474 step_s 0.0053 peak_mem_gb 1.205
2026-10-01 22:40:11,655 | DEBUG | step 5282 epoch 4 loss 0.2035 step_s 0.0053 peak_mem_gb 1.205
2026-10-01 22:40:11,661 | DEBUG | step 5283 epoch 4 loss 0.2468 step_s 0.0053 peak_mem_gb 1.205
2026-10-01 22:40:11,667 | DEBUG | step 5284 epoch 4 loss 0.2551 step_s 0.0053 peak_mem_gb 1.205
2026-10-01 22:40:11,673 | DEBUG | step 5285 epoch 4 loss 0.2318 step_s 0.0053 peak_mem_gb 1.205
2026-10-01 22:40:11,679 | DEBUG | step 5286 epoch 4 loss 0.2262 step_s 0.0053 peak_mem_gb 1.205
2026-10-01 22:40:11,685 | DEBUG | step 5287 epoch 4 loss 0.1592 step_s 0.0053 peak_mem_gb 1.205
2026-10-01 22:40:11,691 | DEBUG | step 5288 epoch 4 loss 0.3820 step_s 0.0053 peak_mem_gb 1.205
2026-10-01 22:40:11,697 | DEBUG | step 5289 epoch 4 loss 0.3143 step_s 0.0053 peak_mem_gb 1.205
2026-10-01 22:40:11,703 | DEBUG | step 5290 epoch 4 loss 0.2558 step_s 0.0053 peak_mem_gb 1.205
2026-10-01 22:40:11,709 | DEBUG | step 5291 epoch 4 loss 0.1905 step_s 0.0054 peak_mem_gb 1.205
2026-10-01 22:40:11,715 | DEBUG | step 5292 epoch 4 loss 0.3157 step_s 0.0053 peak_mem_gb 1.205
2026-10-01 22:40:11,721 | DEBUG | step 5293 epoch 4 loss 0.2322 step_s 0.0053 peak_mem_gb 1.205
2026-10-01 22:40:11,727 | DEBUG | step 5294 epoch 4 loss 0.2738 step_s 0.0053 peak_mem_gb 1.205
2026-10-01 22:40:11,733 | DEBUG | step 5295 epoch 4 loss 0.2571 step_s 0.0053 peak_mem_gb 1.205
2026-10-01 22:40:11,739 | DEBUG | step 5296 epoch 4 loss 0.2404 step_s 0.0054 peak_mem_gb 1.205
2026-10-01 22:40:11,745 | DEBUG | step 5297 epoch 4 loss 0.1774 step_s 0.0054 peak_mem_gb 1.205
2026-10-01 22:40:11,751 | DEBUG | step 5298 epoch 4 loss 0.2165 step_s 0.0053 peak_mem_gb 1.205
2026-10-01 22:40:11,757 | DEBUG | step 5299 epoch 4 loss 0.2009 step_s 0.0053 peak_mem_gb 1.205
2026-10-01 22:40:11,763 | DEBUG | step 5300 epoch 4 loss 0.3411 step_s 0.0053 peak_mem_gb 1.205
2026-10-01 22:40:11,769 | DEBUG | step 5301 epoch 4 loss 0.2474 step_s 0.0054 peak_mem_gb 1.205
2026-10-01 22:40:11,775 | DEBUG | step 5302 epoch 4 loss 0.1962 step_s 0.0053 peak_mem_gb 1.205
2026-10-01 22:40:11,781 | DEBUG | step 5303 epoch 4 loss 0.3679 step_s 0.0054 peak_mem_gb 1.205
2026-10-01 22:40:11,787 | DEBUG | step 5304 epoch 4 loss 0.1853 step_s 0.0053 peak_mem_gb 1.205
2026-10-01 22:40:11,793 | DEBUG | step 5305 epoch 4 loss 0.2688 step_s 0.0054 peak_mem_gb 1.205
2026-10-01 22:40:11,799 | DEBUG | step 5306 epoch 4 loss 0.2034 step_s 0.0053 peak_mem_gb 1.205
2026-10-01 22:40:11,805 | DEBUG | step 5307 epoch 4 loss 0.1598 step_s 0.0054 peak_mem_gb 1.205
2026-10-01 22:40:11,811 | DEBUG | step 5308 epoch 4 loss 0.3330 step_s 0.0054 peak_mem_gb 1.205
2026-10-01 22:40:11,817 | DEBUG | step 5309 epoch 4 loss 0.2179 step_s 0.0053 peak_mem_gb 1.205
2026-10-01 22:40:11,823 | DEBUG | step 5310 epoch 4 loss 0.2561 step_s 0.0054 peak_mem_gb 1.205
2026-10-01 22:40:11,829 | DEBUG | step 5311 epoch 4 loss 0.3298 step_s 0.0054 peak_mem_gb 1.205
2026-10-01 22:40:11,835 | DEBUG | step 5312 epoch 4 loss 0.2117 step_s 0.0053 peak_mem_gb 1.205
2026-10-01 22:40:11,841 | DEBUG | step 5313 epoch 4 loss 0.1708 step_s 0.0053 peak_mem_gb 1.205
2026-10-01 22:40:11,847 | DEBUG | step 5314 epoch 4 loss 0.2955 step_s 0.0053 peak_mem_gb 1.205
2026-10-01 22:40:11,853 | DEBUG | step 5315 epoch 4 loss 0.2083 step_s 0.0053 peak_mem_gb 1.205
2026-10-01 22:40:11,859 | DEBUG | step 5316 epoch 4 loss 0.1386 step_s 0.0053 peak_mem_gb 1.205
2026-10-01 22:40:11,865 | DEBUG | step 5317 epoch 4 loss 0.1992 step_s 0.0053 peak_mem_gb 1.205
2026-10-01 22:40:11,871 | DEBUG | step 5318 epoch 4 loss 0.1816 step_s 0.0053 peak_mem_gb 1.205
2026-10-01 22:40:11,877 | DEBUG | step 5319 epoch 4 loss 0.2437 step_s 0.0054 peak_mem_gb 1.205
2026-10-01 22:40:11,883 | DEBUG | step 5320 epoch 4 loss 0.2043 step_s 0.0053 peak_mem_gb 1.205
2026-10-01 22:40:11,889 | DEBUG | step 5321 epoch 4 loss 0.2600 step_s 0.0053 peak_mem_gb 1.205
2026-10-01 22:40:11,895 | DEBUG | step 5322 epoch 4 loss 0.2634 step_s 0.0054 peak_mem_gb 1.205
2026-10-01 22:40:11,901 | DEBUG | step 5323 epoch 4 loss 0.1833 step_s 0.0053 peak_mem_gb 1.205
2026-10-01 22:40:11,907 | DEBUG | step 5324 epoch 4 loss 0.1411 step_s 0.0053 peak_mem_gb 1.205
2026-10-01 22:40:11,913 | DEBUG | step 5325 epoch 4 loss 0.1743 step_s 0.0053 peak_mem_gb 1.205
2026-10-01 22:40:11,919 | DEBUG | step 5326 epoch 4 loss 0.1420 step_s 0.0053 peak_mem_gb 1.205
2026-10-01 22:40:11,925 | DEBUG | step 5327 epoch 4 loss 0.1765 step_s 0.0054 peak_mem_gb 1.205
2026-10-01 22:40:11,931 | DEBUG | step 5328 epoch 4 loss 0.2037 step_s 0.0053 peak_mem_gb 1.205
2026-10-01 22:40:11,937 | DEBUG | step 5329 epoch 4 loss 0.1845 step_s 0.0053 peak_mem_gb 1.205
2026-10-01 22:40:11,943 | DEBUG | step 5330 epoch 4 loss 0.1473 step_s 0.0054 peak_mem_gb 1.205
2026-10-01 22:40:11,949 | DEBUG | step 5331 epoch 4 loss 0.1887 step_s 0.0054 peak_mem_gb 1.205
2026-10-01 22:40:11,955 | DEBUG | step 5332 epoch 4 loss 0.1944 step_s 0.0054 peak_mem_gb 1.205
2026-10-01 22:40:11,961 | DEBUG | step 5333 epoch 4 loss 0.1195 step_s 0.0053 peak_mem_gb 1.205
2026-10-01 22:40:11,966 | DEBUG | step 5334 epoch 4 loss 0.1753 step_s 0.0053 peak_mem_gb 1.205
2026-10-01 22:40:11,972 | DEBUG | step 5335 epoch 4 loss 0.3649 step_s 0.0053 peak_mem_gb 1.205
2026-10-01 22:40:11,978 | DEBUG | step 5336 epoch 4 loss 0.2986 step_s 0.0053 peak_mem_gb 1.205
2026-10-01 22:40:11,984 | DEBUG | step 5337 epoch 4 loss 0.2461 step_s 0.0053 peak_mem_gb 1.205
2026-10-01 22:40:11,990 | DEBUG | step 5338 epoch 4 loss 0.2032 step_s 0.0053 peak_mem_gb 1.205
2026-10-01 22:40:11,996 | DEBUG | step 5339 epoch 4 loss 0.3156 step_s 0.0053 peak_mem_gb 1.205
2026-10-01 22:40:12,002 | DEBUG | step 5340 epoch 4 loss 0.1897 step_s 0.0053 peak_mem_gb 1.205
2026-10-01 22:40:12,008 | DEBUG | step 5341 epoch 4 loss 0.3232 step_s 0.0053 peak_mem_gb 1.205
2026-10-01 22:40:12,014 | DEBUG | step 5342 epoch 4 loss 0.1814 step_s 0.0053 peak_mem_gb 1.205
2026-10-01 22:40:12,020 | DEBUG | step 5343 epoch 4 loss 0.1995 step_s 0.0053 peak_mem_gb 1.205
2026-10-01 22:40:12,026 | DEBUG | step 5344 epoch 4 loss 0.1945 step_s 0.0054 peak_mem_gb 1.205
2026-10-01 22:40:12,032 | DEBUG | step 5345 epoch 4 loss 0.2056 step_s 0.0053 peak_mem_gb 1.205
2026-10-01 22:40:12,039 | DEBUG | step 5346 epoch 4 loss 0.2451 step_s 0.0054 peak_mem_gb 1.205
2026-10-01 22:40:12,045 | DEBUG | step 5347 epoch 4 loss 0.1880 step_s 0.0054 peak_mem_gb 1.205
2026-10-01 22:40:12,051 | DEBUG | step 5348 epoch 4 loss 0.2104 step_s 0.0053 peak_mem_gb 1.205
2026-10-01 22:40:12,057 | DEBUG | step 5349 epoch 4 loss 0.2735 step_s 0.0053 peak_mem_gb 1.205
2026-10-01 22:40:12,063 | DEBUG | step 5350 epoch 4 loss 0.2075 step_s 0.0053 peak_mem_gb 1.205
2026-10-01 22:40:12,069 | DEBUG | step 5351 epoch 4 loss 0.1298 step_s 0.0053 peak_mem_gb 1.205
2026-10-01 22:40:12,075 | DEBUG | step 5352 epoch 4 loss 0.2258 step_s 0.0053 peak_mem_gb 1.205
2026-10-01 22:40:12,081 | DEBUG | step 5353 epoch 4 loss 0.2055 step_s 0.0054 peak_mem_gb 1.205
2026-10-01 22:40:12,087 | DEBUG | step 5354 epoch 4 loss 0.1531 step_s 0.0054 peak_mem_gb 1.205
2026-10-01 22:40:12,093 | DEBUG | step 5355 epoch 4 loss 0.1924 step_s 0.0054 peak_mem_gb 1.205
2026-10-01 22:40:12,099 | DEBUG | step 5356 epoch 4 loss 0.2708 step_s 0.0053 peak_mem_gb 1.205
2026-10-01 22:40:12,105 | DEBUG | step 5357 epoch 4 loss 0.1669 step_s 0.0053 peak_mem_gb 1.205
2026-10-01 22:40:12,111 | DEBUG | step 5358 epoch 4 loss 0.1864 step_s 0.0053 peak_mem_gb 1.205
2026-10-01 22:40:12,117 | DEBUG | step 5359 epoch 4 loss 0.1473 step_s 0.0054 peak_mem_gb 1.205
2026-10-01 22:40:12,123 | DEBUG | step 5360 epoch 4 loss 0.2288 step_s 0.0053 peak_mem_gb 1.205
2026-10-01 22:40:12,129 | DEBUG | step 5361 epoch 4 loss 0.3062 step_s 0.0053 peak_mem_gb 1.205
2026-10-01 22:40:12,135 | DEBUG | step 5362 epoch 4 loss 0.2636 step_s 0.0053 peak_mem_gb 1.205
2026-10-01 22:40:12,141 | DEBUG | step 5363 epoch 4 loss 0.3025 step_s 0.0054 peak_mem_gb 1.205
2026-10-01 22:40:12,147 | DEBUG | step 5364 epoch 4 loss 0.1900 step_s 0.0053 peak_mem_gb 1.205
2026-10-01 22:40:12,153 | DEBUG | step 5365 epoch 4 loss 0.2282 step_s 0.0053 peak_mem_gb 1.205
2026-10-01 22:40:12,159 | DEBUG | step 5366 epoch 4 loss 0.3378 step_s 0.0054 peak_mem_gb 1.205
2026-10-01 22:40:12,165 | DEBUG | step 5367 epoch 4 loss 0.0877 step_s 0.0053 peak_mem_gb 1.205
2026-10-01 22:40:12,171 | DEBUG | step 5368 epoch 4 loss 0.1529 step_s 0.0055 peak_mem_gb 1.205
2026-10-01 22:40:12,177 | DEBUG | step 5369 epoch 4 loss 0.2768 step_s 0.0054 peak_mem_gb 1.205
2026-10-01 22:40:12,183 | DEBUG | step 5370 epoch 4 loss 0.1634 step_s 0.0054 peak_mem_gb 1.205
2026-10-01 22:40:12,190 | DEBUG | step 5371 epoch 4 loss 0.1876 step_s 0.0054 peak_mem_gb 1.205
2026-10-01 22:40:12,196 | DEBUG | step 5372 epoch 4 loss 0.1582 step_s 0.0054 peak_mem_gb 1.205
2026-10-01 22:40:12,202 | DEBUG | step 5373 epoch 4 loss 0.2700 step_s 0.0053 peak_mem_gb 1.205
2026-10-01 22:40:12,208 | DEBUG | step 5374 epoch 4 loss 0.1322 step_s 0.0053 peak_mem_gb 1.205
2026-10-01 22:40:12,213 | DEBUG | step 5375 epoch 4 loss 0.1036 step_s 0.0053 peak_mem_gb 1.205
2026-10-01 22:40:12,219 | DEBUG | step 5376 epoch 4 loss 0.2291 step_s 0.0053 peak_mem_gb 1.205
2026-10-01 22:40:12,226 | DEBUG | step 5377 epoch 4 loss 0.1699 step_s 0.0053 peak_mem_gb 1.205
2026-10-01 22:40:12,232 | DEBUG | step 5378 epoch 4 loss 0.1938 step_s 0.0054 peak_mem_gb 1.205
2026-10-01 22:40:12,238 | DEBUG | step 5379 epoch 4 loss 0.2965 step_s 0.0053 peak_mem_gb 1.205
2026-10-01 22:40:12,244 | DEBUG | step 5380 epoch 4 loss 0.1986 step_s 0.0054 peak_mem_gb 1.205
2026-10-01 22:40:12,250 | DEBUG | step 5381 epoch 4 loss 0.2321 step_s 0.0054 peak_mem_gb 1.205
2026-10-01 22:40:12,256 | DEBUG | step 5382 epoch 4 loss 0.2744 step_s 0.0054 peak_mem_gb 1.205
2026-10-01 22:40:12,262 | DEBUG | step 5383 epoch 4 loss 0.2266 step_s 0.0054 peak_mem_gb 1.205
2026-10-01 22:40:12,268 | DEBUG | step 5384 epoch 4 loss 0.1594 step_s 0.0053 peak_mem_gb 1.205
2026-10-01 22:40:12,274 | DEBUG | step 5385 epoch 4 loss 0.1747 step_s 0.0054 peak_mem_gb 1.205
2026-10-01 22:40:12,280 | DEBUG | step 5386 epoch 4 loss 0.1810 step_s 0.0053 peak_mem_gb 1.205
2026-10-01 22:40:12,286 | DEBUG | step 5387 epoch 4 loss 0.2206 step_s 0.0053 peak_mem_gb 1.205
2026-10-01 22:40:12,291 | DEBUG | step 5388 epoch 4 loss 0.2431 step_s 0.0054 peak_mem_gb 1.205
2026-10-01 22:40:12,297 | DEBUG | step 5389 epoch 4 loss 0.2408 step_s 0.0053 peak_mem_gb 1.205
2026-10-01 22:40:12,303 | DEBUG | step 5390 epoch 4 loss 0.2148 step_s 0.0053 peak_mem_gb 1.205
2026-10-01 22:40:12,309 | DEBUG | step 5391 epoch 4 loss 0.1595 step_s 0.0054 peak_mem_gb 1.205
2026-10-01 22:40:12,315 | DEBUG | step 5392 epoch 4 loss 0.2251 step_s 0.0053 peak_mem_gb 1.205
2026-10-01 22:40:12,321 | DEBUG | step 5393 epoch 4 loss 0.1353 step_s 0.0054 peak_mem_gb 1.205
2026-10-01 22:40:12,327 | DEBUG | step 5394 epoch 4 loss 0.0997 step_s 0.0053 peak_mem_gb 1.205
2026-10-01 22:40:12,333 | DEBUG | step 5395 epoch 4 loss 0.1653 step_s 0.0054 peak_mem_gb 1.205
2026-10-01 22:40:12,339 | DEBUG | step 5396 epoch 4 loss 0.1124 step_s 0.0054 peak_mem_gb 1.205
2026-10-01 22:40:12,345 | DEBUG | step 5397 epoch 4 loss 0.1599 step_s 0.0054 peak_mem_gb 1.205
2026-10-01 22:40:12,351 | DEBUG | step 5398 epoch 4 loss 0.1821 step_s 0.0054 peak_mem_gb 1.205
2026-10-01 22:40:12,358 | DEBUG | step 5399 epoch 4 loss 0.1619 step_s 0.0053 peak_mem_gb 1.205
2026-10-01 22:40:12,364 | INFO | step 5400 epoch 4 loss 0.2711 step_s 0.0054 peak_mem_gb 1.205
2026-10-01 22:40:12,371 | DEBUG | step 5401 epoch 4 loss 0.1953 step_s 0.0054 peak_mem_gb 1.205
2026-10-01 22:40:12,377 | DEBUG | step 5402 epoch 4 loss 0.2013 step_s 0.0054 peak_mem_gb 1.205
2026-10-01 22:40:12,383 | DEBUG | step 5403 epoch 4 loss 0.1066 step_s 0.0053 peak_mem_gb 1.205
2026-10-01 22:40:12,389 | DEBUG | step 5404 epoch 4 loss 0.1393 step_s 0.0053 peak_mem_gb 1.205
2026-10-01 22:40:12,395 | DEBUG | step 5405 epoch 4 loss 0.2513 step_s 0.0053 peak_mem_gb 1.205
2026-10-01 22:40:12,401 | DEBUG | step 5406 epoch 4 loss 0.1382 step_s 0.0053 peak_mem_gb 1.205
2026-10-01 22:40:12,407 | DEBUG | step 5407 epoch 4 loss 0.1507 step_s 0.0054 peak_mem_gb 1.205
2026-10-01 22:40:12,413 | DEBUG | step 5408 epoch 4 loss 0.3044 step_s 0.0054 peak_mem_gb 1.205
2026-10-01 22:40:12,419 | DEBUG | step 5409 epoch 4 loss 0.3554 step_s 0.0054 peak_mem_gb 1.205
2026-10-01 22:40:12,425 | DEBUG | step 5410 epoch 4 loss 0.1836 step_s 0.0053 peak_mem_gb 1.205
2026-10-01 22:40:12,431 | DEBUG | step 5411 epoch 4 loss 0.2319 step_s 0.0053 peak_mem_gb 1.205
2026-10-01 22:40:12,437 | DEBUG | step 5412 epoch 4 loss 0.1454 step_s 0.0053 peak_mem_gb 1.205
2026-10-01 22:40:12,443 | DEBUG | step 5413 epoch 4 loss 0.1549 step_s 0.0054 peak_mem_gb 1.205
2026-10-01 22:40:12,449 | DEBUG | step 5414 epoch 4 loss 0.2007 step_s 0.0053 peak_mem_gb 1.205
2026-10-01 22:40:12,455 | DEBUG | step 5415 epoch 4 loss 0.2350 step_s 0.0053 peak_mem_gb 1.205
2026-10-01 22:40:12,461 | DEBUG | step 5416 epoch 4 loss 0.3838 step_s 0.0053 peak_mem_gb 1.205
2026-10-01 22:40:12,468 | DEBUG | step 5417 epoch 4 loss 0.2669 step_s 0.0065 peak_mem_gb 1.205
2026-10-01 22:40:12,474 | DEBUG | step 5418 epoch 4 loss 0.2102 step_s 0.0053 peak_mem_gb 1.205
2026-10-01 22:40:12,480 | DEBUG | step 5419 epoch 4 loss 0.2353 step_s 0.0053 peak_mem_gb 1.205
2026-10-01 22:40:12,486 | DEBUG | step 5420 epoch 4 loss 0.2881 step_s 0.0053 peak_mem_gb 1.205
2026-10-01 22:40:12,492 | DEBUG | step 5421 epoch 4 loss 0.1966 step_s 0.0053 peak_mem_gb 1.205
2026-10-01 22:40:12,498 | DEBUG | step 5422 epoch 4 loss 0.2095 step_s 0.0053 peak_mem_gb 1.205
2026-10-01 22:40:12,504 | DEBUG | step 5423 epoch 4 loss 0.2029 step_s 0.0053 peak_mem_gb 1.205
2026-10-01 22:40:12,510 | DEBUG | step 5424 epoch 4 loss 0.1729 step_s 0.0054 peak_mem_gb 1.205
2026-10-01 22:40:12,516 | DEBUG | step 5425 epoch 4 loss 0.2402 step_s 0.0054 peak_mem_gb 1.205
2026-10-01 22:40:12,522 | DEBUG | step 5426 epoch 4 loss 0.1839 step_s 0.0054 peak_mem_gb 1.205
2026-10-01 22:40:12,528 | DEBUG | step 5427 epoch 4 loss 0.1379 step_s 0.0053 peak_mem_gb 1.205
2026-10-01 22:40:12,534 | DEBUG | step 5428 epoch 4 loss 0.2267 step_s 0.0054 peak_mem_gb 1.205
2026-10-01 22:40:12,540 | DEBUG | step 5429 epoch 4 loss 0.3388 step_s 0.0054 peak_mem_gb 1.205
2026-10-01 22:40:12,546 | DEBUG | step 5430 epoch 4 loss 0.4295 step_s 0.0053 peak_mem_gb 1.205
2026-10-01 22:40:12,552 | DEBUG | step 5431 epoch 4 loss 0.3502 step_s 0.0053 peak_mem_gb 1.205
2026-10-01 22:40:12,559 | DEBUG | step 5432 epoch 4 loss 0.1667 step_s 0.0054 peak_mem_gb 1.205
2026-10-01 22:40:12,565 | DEBUG | step 5433 epoch 4 loss 0.1478 step_s 0.0053 peak_mem_gb 1.205
2026-10-01 22:40:12,571 | DEBUG | step 5434 epoch 4 loss 0.2012 step_s 0.0054 peak_mem_gb 1.205
2026-10-01 22:40:12,577 | DEBUG | step 5435 epoch 4 loss 0.2079 step_s 0.0054 peak_mem_gb 1.205
2026-10-01 22:40:12,583 | DEBUG | step 5436 epoch 4 loss 0.1384 step_s 0.0053 peak_mem_gb 1.205
2026-10-01 22:40:12,589 | DEBUG | step 5437 epoch 4 loss 0.1901 step_s 0.0054 peak_mem_gb 1.205
2026-10-01 22:40:12,595 | DEBUG | step 5438 epoch 4 loss 0.3958 step_s 0.0054 peak_mem_gb 1.205
2026-10-01 22:40:12,601 | DEBUG | step 5439 epoch 4 loss 0.2972 step_s 0.0054 peak_mem_gb 1.205
2026-10-01 22:40:12,607 | DEBUG | step 5440 epoch 4 loss 0.2875 step_s 0.0053 peak_mem_gb 1.205
2026-10-01 22:40:12,613 | DEBUG | step 5441 epoch 4 loss 0.3037 step_s 0.0054 peak_mem_gb 1.205
2026-10-01 22:40:12,619 | DEBUG | step 5442 epoch 4 loss 0.2626 step_s 0.0053 peak_mem_gb 1.205
2026-10-01 22:40:12,625 | DEBUG | step 5443 epoch 4 loss 0.2959 step_s 0.0054 peak_mem_gb 1.205
2026-10-01 22:40:12,631 | DEBUG | step 5444 epoch 4 loss 0.2454 step_s 0.0053 peak_mem_gb 1.205
2026-10-01 22:40:12,637 | DEBUG | step 5445 epoch 4 loss 0.1587 step_s 0.0053 peak_mem_gb 1.205
2026-10-01 22:40:12,643 | DEBUG | step 5446 epoch 4 loss 0.2849 step_s 0.0054 peak_mem_gb 1.205
2026-10-01 22:40:12,649 | DEBUG | step 5447 epoch 4 loss 0.3018 step_s 0.0053 peak_mem_gb 1.205
2026-10-01 22:40:12,655 | DEBUG | step 5448 epoch 4 loss 0.2166 step_s 0.0053 peak_mem_gb 1.205
2026-10-01 22:40:12,661 | DEBUG | step 5449 epoch 4 loss 0.3646 step_s 0.0054 peak_mem_gb 1.205
2026-10-01 22:40:12,667 | DEBUG | step 5450 epoch 4 loss 0.1538 step_s 0.0053 peak_mem_gb 1.205
2026-10-01 22:40:12,673 | DEBUG | step 5451 epoch 4 loss 0.2297 step_s 0.0054 peak_mem_gb 1.205
2026-10-01 22:40:12,679 | DEBUG | step 5452 epoch 4 loss 0.1145 step_s 0.0054 peak_mem_gb 1.205
2026-10-01 22:40:12,685 | DEBUG | step 5453 epoch 4 loss 0.2127 step_s 0.0053 peak_mem_gb 1.205
2026-10-01 22:40:12,691 | DEBUG | step 5454 epoch 4 loss 0.2502 step_s 0.0053 peak_mem_gb 1.205
2026-10-01 22:40:12,697 | DEBUG | step 5455 epoch 4 loss 0.1986 step_s 0.0053 peak_mem_gb 1.205
2026-10-01 22:40:12,703 | DEBUG | step 5456 epoch 4 loss 0.1765 step_s 0.0054 peak_mem_gb 1.205
2026-10-01 22:40:12,709 | DEBUG | step 5457 epoch 4 loss 0.1605 step_s 0.0054 peak_mem_gb 1.205
2026-10-01 22:40:12,715 | DEBUG | step 5458 epoch 4 loss 0.1920 step_s 0.0054 peak_mem_gb 1.205
2026-10-01 22:40:12,722 | DEBUG | step 5459 epoch 4 loss 0.2082 step_s 0.0054 peak_mem_gb 1.205
2026-10-01 22:40:12,728 | DEBUG | step 5460 epoch 4 loss 0.2554 step_s 0.0054 peak_mem_gb 1.205
2026-10-01 22:40:12,734 | DEBUG | step 5461 epoch 4 loss 0.1934 step_s 0.0054 peak_mem_gb 1.205
2026-10-01 22:40:12,740 | DEBUG | step 5462 epoch 4 loss 0.1688 step_s 0.0053 peak_mem_gb 1.205
2026-10-01 22:40:12,746 | DEBUG | step 5463 epoch 4 loss 0.3416 step_s 0.0053 peak_mem_gb 1.205
2026-10-01 22:40:12,752 | DEBUG | step 5464 epoch 4 loss 0.3134 step_s 0.0053 peak_mem_gb 1.205
2026-10-01 22:40:12,758 | DEBUG | step 5465 epoch 4 loss 0.2600 step_s 0.0053 peak_mem_gb 1.205
2026-10-01 22:40:12,764 | DEBUG | step 5466 epoch 4 loss 0.4000 step_s 0.0053 peak_mem_gb 1.205
2026-10-01 22:40:12,770 | DEBUG | step 5467 epoch 4 loss 0.2290 step_s 0.0055 peak_mem_gb 1.205
2026-10-01 22:40:12,777 | DEBUG | step 5468 epoch 4 loss 0.3701 step_s 0.0054 peak_mem_gb 1.205
2026-10-01 22:40:12,783 | DEBUG | step 5469 epoch 4 loss 0.1728 step_s 0.0054 peak_mem_gb 1.205
2026-10-01 22:40:12,789 | DEBUG | step 5470 epoch 4 loss 0.1633 step_s 0.0054 peak_mem_gb 1.205
2026-10-01 22:40:12,795 | DEBUG | step 5471 epoch 4 loss 0.2784 step_s 0.0053 peak_mem_gb 1.205
2026-10-01 22:40:12,801 | DEBUG | step 5472 epoch 4 loss 0.2005 step_s 0.0053 peak_mem_gb 1.205
2026-10-01 22:40:12,807 | DEBUG | step 5473 epoch 4 loss 0.3615 step_s 0.0054 peak_mem_gb 1.205
2026-10-01 22:40:12,813 | DEBUG | step 5474 epoch 4 loss 0.3912 step_s 0.0054 peak_mem_gb 1.205
2026-10-01 22:40:12,819 | DEBUG | step 5475 epoch 4 loss 0.3046 step_s 0.0053 peak_mem_gb 1.205
2026-10-01 22:40:12,825 | DEBUG | step 5476 epoch 4 loss 0.2437 step_s 0.0053 peak_mem_gb 1.205
2026-10-01 22:40:12,831 | DEBUG | step 5477 epoch 4 loss 0.2418 step_s 0.0053 peak_mem_gb 1.205
2026-10-01 22:40:12,837 | DEBUG | step 5478 epoch 4 loss 0.3373 step_s 0.0053 peak_mem_gb 1.205
2026-10-01 22:40:12,843 | DEBUG | step 5479 epoch 4 loss 0.2478 step_s 0.0053 peak_mem_gb 1.205
2026-10-01 22:40:12,849 | DEBUG | step 5480 epoch 4 loss 0.1571 step_s 0.0053 peak_mem_gb 1.205
2026-10-01 22:40:12,855 | DEBUG | step 5481 epoch 4 loss 0.2359 step_s 0.0053 peak_mem_gb 1.205
2026-10-01 22:40:12,861 | DEBUG | step 5482 epoch 4 loss 0.2501 step_s 0.0054 peak_mem_gb 1.205
2026-10-01 22:40:12,867 | DEBUG | step 5483 epoch 4 loss 0.2254 step_s 0.0053 peak_mem_gb 1.205
2026-10-01 22:40:12,873 | DEBUG | step 5484 epoch 4 loss 0.1838 step_s 0.0053 peak_mem_gb 1.205
2026-10-01 22:40:12,879 | DEBUG | step 5485 epoch 4 loss 0.2202 step_s 0.0053 peak_mem_gb 1.205
2026-10-01 22:40:12,885 | DEBUG | step 5486 epoch 4 loss 0.3349 step_s 0.0053 peak_mem_gb 1.205
2026-10-01 22:40:12,891 | DEBUG | step 5487 epoch 4 loss 0.2298 step_s 0.0054 peak_mem_gb 1.205
2026-10-01 22:40:12,897 | DEBUG | step 5488 epoch 4 loss 0.1948 step_s 0.0054 peak_mem_gb 1.205
2026-10-01 22:40:12,903 | DEBUG | step 5489 epoch 4 loss 0.4016 step_s 0.0053 peak_mem_gb 1.205
2026-10-01 22:40:12,909 | DEBUG | step 5490 epoch 4 loss 0.2802 step_s 0.0054 peak_mem_gb 1.205
2026-10-01 22:40:12,915 | DEBUG | step 5491 epoch 4 loss 0.2372 step_s 0.0053 peak_mem_gb 1.205
2026-10-01 22:40:12,921 | DEBUG | step 5492 epoch 4 loss 0.2751 step_s 0.0053 peak_mem_gb 1.205
2026-10-01 22:40:12,927 | DEBUG | step 5493 epoch 4 loss 0.1452 step_s 0.0053 peak_mem_gb 1.205
2026-10-01 22:40:12,933 | DEBUG | step 5494 epoch 4 loss 0.2359 step_s 0.0053 peak_mem_gb 1.205
2026-10-01 22:40:12,939 | DEBUG | step 5495 epoch 4 loss 0.3079 step_s 0.0053 peak_mem_gb 1.205
2026-10-01 22:40:12,945 | DEBUG | step 5496 epoch 4 loss 0.2681 step_s 0.0054 peak_mem_gb 1.205
2026-10-01 22:40:12,951 | DEBUG | step 5497 epoch 4 loss 0.1799 step_s 0.0054 peak_mem_gb 1.205
2026-10-01 22:40:12,957 | DEBUG | step 5498 epoch 4 loss 0.1959 step_s 0.0053 peak_mem_gb 1.205
2026-10-01 22:40:12,963 | DEBUG | step 5499 epoch 4 loss 0.2720 step_s 0.0053 peak_mem_gb 1.205
2026-10-01 22:40:12,969 | DEBUG | step 5500 epoch 4 loss 0.2924 step_s 0.0053 peak_mem_gb 1.205
2026-10-01 22:40:12,975 | DEBUG | step 5501 epoch 4 loss 0.3071 step_s 0.0053 peak_mem_gb 1.205
2026-10-01 22:40:12,981 | DEBUG | step 5502 epoch 4 loss 0.2046 step_s 0.0053 peak_mem_gb 1.205
2026-10-01 22:40:12,986 | DEBUG | step 5503 epoch 4 loss 0.1217 step_s 0.0053 peak_mem_gb 1.205
2026-10-01 22:40:12,992 | DEBUG | step 5504 epoch 4 loss 0.2254 step_s 0.0053 peak_mem_gb 1.205
2026-10-01 22:40:12,999 | DEBUG | step 5505 epoch 4 loss 0.1892 step_s 0.0053 peak_mem_gb 1.205
2026-10-01 22:40:13,005 | DEBUG | step 5506 epoch 4 loss 0.2346 step_s 0.0053 peak_mem_gb 1.205
2026-10-01 22:40:13,011 | DEBUG | step 5507 epoch 4 loss 0.2964 step_s 0.0054 peak_mem_gb 1.205
2026-10-01 22:40:13,017 | DEBUG | step 5508 epoch 4 loss 0.2814 step_s 0.0053 peak_mem_gb 1.205
2026-10-01 22:40:13,023 | DEBUG | step 5509 epoch 4 loss 0.2015 step_s 0.0054 peak_mem_gb 1.205
2026-10-01 22:40:13,029 | DEBUG | step 5510 epoch 4 loss 0.2002 step_s 0.0054 peak_mem_gb 1.205
2026-10-01 22:40:13,035 | DEBUG | step 5511 epoch 4 loss 0.2489 step_s 0.0054 peak_mem_gb 1.205
2026-10-01 22:40:13,041 | DEBUG | step 5512 epoch 4 loss 0.4158 step_s 0.0054 peak_mem_gb 1.205
2026-10-01 22:40:13,047 | DEBUG | step 5513 epoch 4 loss 0.1323 step_s 0.0053 peak_mem_gb 1.205
2026-10-01 22:40:13,053 | DEBUG | step 5514 epoch 4 loss 0.2704 step_s 0.0053 peak_mem_gb 1.205
2026-10-01 22:40:13,059 | DEBUG | step 5515 epoch 4 loss 0.2217 step_s 0.0053 peak_mem_gb 1.205
2026-10-01 22:40:13,065 | DEBUG | step 5516 epoch 4 loss 0.2142 step_s 0.0053 peak_mem_gb 1.205
2026-10-01 22:40:13,071 | DEBUG | step 5517 epoch 4 loss 0.2423 step_s 0.0053 peak_mem_gb 1.205
2026-10-01 22:40:13,077 | DEBUG | step 5518 epoch 4 loss 0.2920 step_s 0.0054 peak_mem_gb 1.205
2026-10-01 22:40:13,083 | DEBUG | step 5519 epoch 4 loss 0.2162 step_s 0.0053 peak_mem_gb 1.205
2026-10-01 22:40:13,089 | DEBUG | step 5520 epoch 4 loss 0.2913 step_s 0.0054 peak_mem_gb 1.205
2026-10-01 22:40:13,095 | DEBUG | step 5521 epoch 4 loss 0.1873 step_s 0.0053 peak_mem_gb 1.205
2026-10-01 22:40:13,101 | DEBUG | step 5522 epoch 4 loss 0.3185 step_s 0.0053 peak_mem_gb 1.205
2026-10-01 22:40:13,107 | DEBUG | step 5523 epoch 4 loss 0.1902 step_s 0.0054 peak_mem_gb 1.205
2026-10-01 22:40:13,113 | DEBUG | step 5524 epoch 4 loss 0.3867 step_s 0.0053 peak_mem_gb 1.205
2026-10-01 22:40:13,119 | DEBUG | step 5525 epoch 4 loss 0.3348 step_s 0.0053 peak_mem_gb 1.205
2026-10-01 22:40:13,125 | DEBUG | step 5526 epoch 4 loss 0.2398 step_s 0.0053 peak_mem_gb 1.205
2026-10-01 22:40:13,131 | DEBUG | step 5527 epoch 4 loss 0.3229 step_s 0.0053 peak_mem_gb 1.205
2026-10-01 22:40:13,137 | DEBUG | step 5528 epoch 4 loss 0.3966 step_s 0.0053 peak_mem_gb 1.205
2026-10-01 22:40:13,143 | DEBUG | step 5529 epoch 4 loss 0.2137 step_s 0.0054 peak_mem_gb 1.205
2026-10-01 22:40:13,149 | DEBUG | step 5530 epoch 4 loss 0.1856 step_s 0.0053 peak_mem_gb 1.205
2026-10-01 22:40:13,156 | DEBUG | step 5531 epoch 4 loss 0.2980 step_s 0.0057 peak_mem_gb 1.205
2026-10-01 22:40:13,162 | DEBUG | step 5532 epoch 4 loss 0.2385 step_s 0.0054 peak_mem_gb 1.205
2026-10-01 22:40:13,168 | DEBUG | step 5533 epoch 4 loss 0.3173 step_s 0.0053 peak_mem_gb 1.205
2026-10-01 22:40:13,174 | DEBUG | step 5534 epoch 4 loss 0.2583 step_s 0.0056 peak_mem_gb 1.205
2026-10-01 22:40:13,181 | DEBUG | step 5535 epoch 4 loss 0.1530 step_s 0.0054 peak_mem_gb 1.205
2026-10-01 22:40:13,187 | DEBUG | step 5536 epoch 4 loss 0.1924 step_s 0.0053 peak_mem_gb 1.205
2026-10-01 22:40:13,193 | DEBUG | step 5537 epoch 4 loss 0.1700 step_s 0.0053 peak_mem_gb 1.205
2026-10-01 22:40:13,199 | DEBUG | step 5538 epoch 4 loss 0.3631 step_s 0.0053 peak_mem_gb 1.205
2026-10-01 22:40:13,205 | DEBUG | step 5539 epoch 4 loss 0.1758 step_s 0.0053 peak_mem_gb 1.205
2026-10-01 22:40:13,211 | DEBUG | step 5540 epoch 4 loss 0.4298 step_s 0.0054 peak_mem_gb 1.205
2026-10-01 22:40:13,217 | DEBUG | step 5541 epoch 4 loss 0.2402 step_s 0.0054 peak_mem_gb 1.205
2026-10-01 22:40:13,223 | DEBUG | step 5542 epoch 4 loss 0.1942 step_s 0.0054 peak_mem_gb 1.205
2026-10-01 22:40:13,229 | DEBUG | step 5543 epoch 4 loss 0.2936 step_s 0.0053 peak_mem_gb 1.205
2026-10-01 22:40:13,235 | DEBUG | step 5544 epoch 4 loss 0.2490 step_s 0.0053 peak_mem_gb 1.205
2026-10-01 22:40:13,241 | DEBUG | step 5545 epoch 4 loss 0.1660 step_s 0.0054 peak_mem_gb 1.205
2026-10-01 22:40:13,247 | DEBUG | step 5546 epoch 4 loss 0.3529 step_s 0.0053 peak_mem_gb 1.205
2026-10-01 22:40:13,253 | DEBUG | step 5547 epoch 4 loss 0.2467 step_s 0.0054 peak_mem_gb 1.205
2026-10-01 22:40:13,259 | DEBUG | step 5548 epoch 4 loss 0.1801 step_s 0.0053 peak_mem_gb 1.205
2026-10-01 22:40:13,265 | DEBUG | step 5549 epoch 4 loss 0.3825 step_s 0.0053 peak_mem_gb 1.205
2026-10-01 22:40:13,271 | DEBUG | step 5550 epoch 4 loss 0.3210 step_s 0.0053 peak_mem_gb 1.205
2026-10-01 22:40:13,277 | DEBUG | step 5551 epoch 4 loss 0.1894 step_s 0.0054 peak_mem_gb 1.205
2026-10-01 22:40:13,283 | DEBUG | step 5552 epoch 4 loss 0.2520 step_s 0.0054 peak_mem_gb 1.205
2026-10-01 22:40:13,289 | DEBUG | step 5553 epoch 4 loss 0.2050 step_s 0.0054 peak_mem_gb 1.205
2026-10-01 22:40:13,295 | DEBUG | step 5554 epoch 4 loss 0.2277 step_s 0.0054 peak_mem_gb 1.205
2026-10-01 22:40:13,301 | DEBUG | step 5555 epoch 4 loss 0.1811 step_s 0.0054 peak_mem_gb 1.205
2026-10-01 22:40:13,307 | DEBUG | step 5556 epoch 4 loss 0.2515 step_s 0.0054 peak_mem_gb 1.205
2026-10-01 22:40:13,313 | DEBUG | step 5557 epoch 4 loss 0.2687 step_s 0.0053 peak_mem_gb 1.205
2026-10-01 22:40:13,319 | DEBUG | step 5558 epoch 4 loss 0.2305 step_s 0.0053 peak_mem_gb 1.205
2026-10-01 22:40:13,325 | DEBUG | step 5559 epoch 4 loss 0.1942 step_s 0.0054 peak_mem_gb 1.205
2026-10-01 22:40:13,331 | DEBUG | step 5560 epoch 4 loss 0.3851 step_s 0.0053 peak_mem_gb 1.205
2026-10-01 22:40:13,337 | DEBUG | step 5561 epoch 4 loss 0.2735 step_s 0.0053 peak_mem_gb 1.205
2026-10-01 22:40:13,343 | DEBUG | step 5562 epoch 4 loss 0.2842 step_s 0.0054 peak_mem_gb 1.205
2026-10-01 22:40:13,349 | DEBUG | step 5563 epoch 4 loss 0.2264 step_s 0.0053 peak_mem_gb 1.205
2026-10-01 22:40:13,355 | DEBUG | step 5564 epoch 4 loss 0.1277 step_s 0.0053 peak_mem_gb 1.205
2026-10-01 22:40:13,361 | DEBUG | step 5565 epoch 4 loss 0.2252 step_s 0.0054 peak_mem_gb 1.205
2026-10-01 22:40:13,367 | DEBUG | step 5566 epoch 4 loss 0.1863 step_s 0.0053 peak_mem_gb 1.205
2026-10-01 22:40:13,373 | DEBUG | step 5567 epoch 4 loss 0.2488 step_s 0.0053 peak_mem_gb 1.205
2026-10-01 22:40:13,379 | DEBUG | step 5568 epoch 4 loss 0.1885 step_s 0.0053 peak_mem_gb 1.205
2026-10-01 22:40:13,385 | DEBUG | step 5569 epoch 4 loss 0.1387 step_s 0.0053 peak_mem_gb 1.205
2026-10-01 22:40:13,391 | DEBUG | step 5570 epoch 4 loss 0.2548 step_s 0.0054 peak_mem_gb 1.205
2026-10-01 22:40:13,397 | DEBUG | step 5571 epoch 4 loss 0.2083 step_s 0.0053 peak_mem_gb 1.205
2026-10-01 22:40:13,403 | DEBUG | step 5572 epoch 4 loss 0.2291 step_s 0.0053 peak_mem_gb 1.205
2026-10-01 22:40:13,409 | DEBUG | step 5573 epoch 4 loss 0.1891 step_s 0.0054 peak_mem_gb 1.205
2026-10-01 22:40:13,415 | DEBUG | step 5574 epoch 4 loss 0.2337 step_s 0.0053 peak_mem_gb 1.205
2026-10-01 22:40:13,421 | DEBUG | step 5575 epoch 4 loss 0.3917 step_s 0.0054 peak_mem_gb 1.205
2026-10-01 22:40:13,427 | DEBUG | step 5576 epoch 4 loss 0.4469 step_s 0.0054 peak_mem_gb 1.205
2026-10-01 22:40:13,433 | DEBUG | step 5577 epoch 4 loss 0.1611 step_s 0.0054 peak_mem_gb 1.205
2026-10-01 22:40:13,439 | DEBUG | step 5578 epoch 4 loss 0.2925 step_s 0.0054 peak_mem_gb 1.205
2026-10-01 22:40:13,445 | DEBUG | step 5579 epoch 4 loss 0.3737 step_s 0.0053 peak_mem_gb 1.205
2026-10-01 22:40:13,451 | DEBUG | step 5580 epoch 4 loss 0.2662 step_s 0.0053 peak_mem_gb 1.205
2026-10-01 22:40:13,457 | DEBUG | step 5581 epoch 4 loss 0.2868 step_s 0.0054 peak_mem_gb 1.205
2026-10-01 22:40:13,463 | DEBUG | step 5582 epoch 4 loss 0.1814 step_s 0.0053 peak_mem_gb 1.205
2026-10-01 22:40:13,469 | DEBUG | step 5583 epoch 4 loss 0.2248 step_s 0.0053 peak_mem_gb 1.205
2026-10-01 22:40:13,475 | DEBUG | step 5584 epoch 4 loss 0.2524 step_s 0.0053 peak_mem_gb 1.205
2026-10-01 22:40:13,481 | DEBUG | step 5585 epoch 4 loss 0.3146 step_s 0.0053 peak_mem_gb 1.205
2026-10-01 22:40:13,487 | DEBUG | step 5586 epoch 4 loss 0.2460 step_s 0.0054 peak_mem_gb 1.205
2026-10-01 22:40:13,493 | DEBUG | step 5587 epoch 4 loss 0.2327 step_s 0.0054 peak_mem_gb 1.205
2026-10-01 22:40:13,499 | DEBUG | step 5588 epoch 4 loss 0.2753 step_s 0.0053 peak_mem_gb 1.205
2026-10-01 22:40:13,505 | DEBUG | step 5589 epoch 4 loss 0.1919 step_s 0.0053 peak_mem_gb 1.205
2026-10-01 22:40:13,511 | DEBUG | step 5590 epoch 4 loss 0.4053 step_s 0.0053 peak_mem_gb 1.205
2026-10-01 22:40:13,517 | DEBUG | step 5591 epoch 4 loss 0.2192 step_s 0.0054 peak_mem_gb 1.205
2026-10-01 22:40:13,523 | DEBUG | step 5592 epoch 4 loss 0.2401 step_s 0.0054 peak_mem_gb 1.205
2026-10-01 22:40:13,529 | DEBUG | step 5593 epoch 4 loss 0.2253 step_s 0.0053 peak_mem_gb 1.205
2026-10-01 22:40:13,535 | DEBUG | step 5594 epoch 4 loss 0.2276 step_s 0.0054 peak_mem_gb 1.205
2026-10-01 22:40:13,541 | DEBUG | step 5595 epoch 4 loss 0.2346 step_s 0.0053 peak_mem_gb 1.205
2026-10-01 22:40:13,547 | DEBUG | step 5596 epoch 4 loss 0.2893 step_s 0.0053 peak_mem_gb 1.205
2026-10-01 22:40:13,553 | DEBUG | step 5597 epoch 4 loss 0.3015 step_s 0.0053 peak_mem_gb 1.205
2026-10-01 22:40:13,559 | DEBUG | step 5598 epoch 4 loss 0.2173 step_s 0.0054 peak_mem_gb 1.205
2026-10-01 22:40:13,565 | DEBUG | step 5599 epoch 4 loss 0.1725 step_s 0.0053 peak_mem_gb 1.205
2026-10-01 22:40:13,571 | INFO | step 5600 epoch 4 loss 0.2706 step_s 0.0053 peak_mem_gb 1.205
2026-10-01 22:40:13,578 | DEBUG | step 5601 epoch 4 loss 0.2621 step_s 0.0057 peak_mem_gb 1.205
2026-10-01 22:40:13,584 | DEBUG | step 5602 epoch 4 loss 0.2083 step_s 0.0053 peak_mem_gb 1.205
2026-10-01 22:40:13,590 | DEBUG | step 5603 epoch 4 loss 0.2100 step_s 0.0054 peak_mem_gb 1.205
2026-10-01 22:40:13,596 | DEBUG | step 5604 epoch 4 loss 0.2146 step_s 0.0053 peak_mem_gb 1.205
2026-10-01 22:40:13,602 | DEBUG | step 5605 epoch 4 loss 0.1797 step_s 0.0053 peak_mem_gb 1.205
2026-10-01 22:40:13,609 | DEBUG | step 5606 epoch 4 loss 0.2070 step_s 0.0054 peak_mem_gb 1.205
2026-10-01 22:40:13,615 | DEBUG | step 5607 epoch 4 loss 0.1758 step_s 0.0054 peak_mem_gb 1.205
2026-10-01 22:40:13,621 | DEBUG | step 5608 epoch 4 loss 0.2184 step_s 0.0055 peak_mem_gb 1.205
2026-10-01 22:40:13,628 | DEBUG | step 5609 epoch 4 loss 0.1455 step_s 0.0057 peak_mem_gb 1.205
2026-10-01 22:40:13,634 | DEBUG | step 5610 epoch 4 loss 0.2033 step_s 0.0054 peak_mem_gb 1.205
2026-10-01 22:40:13,640 | DEBUG | step 5611 epoch 4 loss 0.2382 step_s 0.0054 peak_mem_gb 1.205
2026-10-01 22:40:13,646 | DEBUG | step 5612 epoch 4 loss 0.1583 step_s 0.0054 peak_mem_gb 1.205
2026-10-01 22:40:13,652 | DEBUG | step 5613 epoch 4 loss 0.2676 step_s 0.0053 peak_mem_gb 1.205
2026-10-01 22:40:13,658 | DEBUG | step 5614 epoch 4 loss 0.2957 step_s 0.0053 peak_mem_gb 1.205
2026-10-01 22:40:13,665 | DEBUG | step 5615 epoch 4 loss 0.1708 step_s 0.0053 peak_mem_gb 1.205
2026-10-01 22:40:13,671 | DEBUG | step 5616 epoch 4 loss 0.2745 step_s 0.0054 peak_mem_gb 1.205
2026-10-01 22:40:13,677 | DEBUG | step 5617 epoch 4 loss 0.3124 step_s 0.0054 peak_mem_gb 1.205
2026-10-01 22:40:13,683 | DEBUG | step 5618 epoch 4 loss 0.2693 step_s 0.0054 peak_mem_gb 1.205
2026-10-01 22:40:13,689 | DEBUG | step 5619 epoch 4 loss 0.1526 step_s 0.0053 peak_mem_gb 1.205
2026-10-01 22:40:13,695 | DEBUG | step 5620 epoch 4 loss 0.1406 step_s 0.0054 peak_mem_gb 1.205
2026-10-01 22:40:13,701 | DEBUG | step 5621 epoch 4 loss 0.1697 step_s 0.0053 peak_mem_gb 1.205
2026-10-01 22:40:13,707 | DEBUG | step 5622 epoch 4 loss 0.2442 step_s 0.0054 peak_mem_gb 1.205
2026-10-01 22:40:13,713 | DEBUG | step 5623 epoch 4 loss 0.2665 step_s 0.0053 peak_mem_gb 1.205
2026-10-01 22:40:13,719 | DEBUG | step 5624 epoch 4 loss 0.1736 step_s 0.0053 peak_mem_gb 1.205
2026-10-01 22:40:13,725 | DEBUG | step 5625 epoch 4 loss 0.2502 step_s 0.0053 peak_mem_gb 1.205
2026-10-01 22:40:13,731 | DEBUG | step 5626 epoch 4 loss 0.2490 step_s 0.0053 peak_mem_gb 1.205
2026-10-01 22:40:13,737 | DEBUG | step 5627 epoch 4 loss 0.2946 step_s 0.0053 peak_mem_gb 1.205
2026-10-01 22:40:13,743 | DEBUG | step 5628 epoch 4 loss 0.3907 step_s 0.0053 peak_mem_gb 1.205
2026-10-01 22:40:13,749 | DEBUG | step 5629 epoch 4 loss 0.2368 step_s 0.0053 peak_mem_gb 1.205
2026-10-01 22:40:13,755 | DEBUG | step 5630 epoch 4 loss 0.1719 step_s 0.0053 peak_mem_gb 1.205
2026-10-01 22:40:13,761 | DEBUG | step 5631 epoch 4 loss 0.3322 step_s 0.0054 peak_mem_gb 1.205
2026-10-01 22:40:13,767 | DEBUG | step 5632 epoch 4 loss 0.3361 step_s 0.0053 peak_mem_gb 1.205
2026-10-01 22:40:13,773 | DEBUG | step 5633 epoch 4 loss 0.3003 step_s 0.0054 peak_mem_gb 1.205
2026-10-01 22:40:13,779 | DEBUG | step 5634 epoch 4 loss 0.1984 step_s 0.0054 peak_mem_gb 1.205
2026-10-01 22:40:13,785 | DEBUG | step 5635 epoch 4 loss 0.1162 step_s 0.0053 peak_mem_gb 1.205
2026-10-01 22:40:13,791 | DEBUG | step 5636 epoch 4 loss 0.2080 step_s 0.0054 peak_mem_gb 1.205
2026-10-01 22:40:13,797 | DEBUG | step 5637 epoch 4 loss 0.1677 step_s 0.0053 peak_mem_gb 1.205
2026-10-01 22:40:13,803 | DEBUG | step 5638 epoch 4 loss 0.1494 step_s 0.0054 peak_mem_gb 1.205
2026-10-01 22:40:13,809 | DEBUG | step 5639 epoch 4 loss 0.2304 step_s 0.0053 peak_mem_gb 1.205
2026-10-01 22:40:13,815 | DEBUG | step 5640 epoch 4 loss 0.1649 step_s 0.0053 peak_mem_gb 1.205
2026-10-01 22:40:13,821 | DEBUG | step 5641 epoch 4 loss 0.2375 step_s 0.0053 peak_mem_gb 1.205
2026-10-01 22:40:13,827 | DEBUG | step 5642 epoch 4 loss 0.1819 step_s 0.0053 peak_mem_gb 1.205
2026-10-01 22:40:13,833 | DEBUG | step 5643 epoch 4 loss 0.1406 step_s 0.0053 peak_mem_gb 1.205
2026-10-01 22:40:13,839 | DEBUG | step 5644 epoch 4 loss 0.3450 step_s 0.0054 peak_mem_gb 1.205
2026-10-01 22:40:13,845 | DEBUG | step 5645 epoch 4 loss 0.1581 step_s 0.0054 peak_mem_gb 1.205
2026-10-01 22:40:13,851 | DEBUG | step 5646 epoch 4 loss 0.3291 step_s 0.0053 peak_mem_gb 1.205
2026-10-01 22:40:13,857 | DEBUG | step 5647 epoch 4 loss 0.2599 step_s 0.0053 peak_mem_gb 1.205
2026-10-01 22:40:13,862 | DEBUG | step 5648 epoch 4 loss 0.1732 step_s 0.0053 peak_mem_gb 1.205
2026-10-01 22:40:13,869 | DEBUG | step 5649 epoch 4 loss 0.1312 step_s 0.0053 peak_mem_gb 1.205
2026-10-01 22:40:13,875 | DEBUG | step 5650 epoch 4 loss 0.2660 step_s 0.0054 peak_mem_gb 1.205
2026-10-01 22:40:13,881 | DEBUG | step 5651 epoch 4 loss 0.2101 step_s 0.0053 peak_mem_gb 1.205
2026-10-01 22:40:13,887 | DEBUG | step 5652 epoch 4 loss 0.2334 step_s 0.0054 peak_mem_gb 1.205
2026-10-01 22:40:13,893 | DEBUG | step 5653 epoch 4 loss 0.1249 step_s 0.0054 peak_mem_gb 1.205
2026-10-01 22:40:13,899 | DEBUG | step 5654 epoch 4 loss 0.2919 step_s 0.0053 peak_mem_gb 1.205
2026-10-01 22:40:13,905 | DEBUG | step 5655 epoch 4 loss 0.6716 step_s 0.0053 peak_mem_gb 1.205
2026-10-01 22:40:13,911 | DEBUG | step 5656 epoch 4 loss 0.1857 step_s 0.0053 peak_mem_gb 1.205
2026-10-01 22:40:13,917 | DEBUG | step 5657 epoch 4 loss 0.2394 step_s 0.0053 peak_mem_gb 1.205
2026-10-01 22:40:13,923 | DEBUG | step 5658 epoch 4 loss 0.1670 step_s 0.0053 peak_mem_gb 1.205
2026-10-01 22:40:13,929 | DEBUG | step 5659 epoch 4 loss 0.2900 step_s 0.0053 peak_mem_gb 1.205
2026-10-01 22:40:13,935 | DEBUG | step 5660 epoch 4 loss 0.2663 step_s 0.0054 peak_mem_gb 1.205
2026-10-01 22:40:13,941 | DEBUG | step 5661 epoch 4 loss 0.3227 step_s 0.0053 peak_mem_gb 1.205
2026-10-01 22:40:13,947 | DEBUG | step 5662 epoch 4 loss 0.1657 step_s 0.0053 peak_mem_gb 1.205
2026-10-01 22:40:13,953 | DEBUG | step 5663 epoch 4 loss 0.2812 step_s 0.0053 peak_mem_gb 1.205
2026-10-01 22:40:13,959 | DEBUG | step 5664 epoch 4 loss 0.1783 step_s 0.0053 peak_mem_gb 1.205
2026-10-01 22:40:13,965 | DEBUG | step 5665 epoch 4 loss 0.1958 step_s 0.0053 peak_mem_gb 1.205
2026-10-01 22:40:13,971 | DEBUG | step 5666 epoch 4 loss 0.1980 step_s 0.0053 peak_mem_gb 1.205
2026-10-01 22:40:13,977 | DEBUG | step 5667 epoch 4 loss 0.2140 step_s 0.0054 peak_mem_gb 1.205
2026-10-01 22:40:13,983 | DEBUG | step 5668 epoch 4 loss 0.4087 step_s 0.0053 peak_mem_gb 1.205
2026-10-01 22:40:13,989 | DEBUG | step 5669 epoch 4 loss 0.2043 step_s 0.0053 peak_mem_gb 1.205
2026-10-01 22:40:13,995 | DEBUG | step 5670 epoch 4 loss 0.2400 step_s 0.0053 peak_mem_gb 1.205
2026-10-01 22:40:14,001 | DEBUG | step 5671 epoch 4 loss 0.2116 step_s 0.0053 peak_mem_gb 1.205
2026-10-01 22:40:14,007 | DEBUG | step 5672 epoch 4 loss 0.2939 step_s 0.0053 peak_mem_gb 1.205
2026-10-01 22:40:14,013 | DEBUG | step 5673 epoch 4 loss 0.1417 step_s 0.0054 peak_mem_gb 1.205
2026-10-01 22:40:14,019 | DEBUG | step 5674 epoch 4 loss 0.2112 step_s 0.0053 peak_mem_gb 1.205
2026-10-01 22:40:14,025 | DEBUG | step 5675 epoch 4 loss 0.1311 step_s 0.0054 peak_mem_gb 1.205
2026-10-01 22:40:14,031 | DEBUG | step 5676 epoch 4 loss 0.1692 step_s 0.0053 peak_mem_gb 1.205
2026-10-01 22:40:14,037 | DEBUG | step 5677 epoch 4 loss 0.2111 step_s 0.0053 peak_mem_gb 1.205
2026-10-01 22:40:14,043 | DEBUG | step 5678 epoch 4 loss 0.2088 step_s 0.0053 peak_mem_gb 1.205
2026-10-01 22:40:14,049 | DEBUG | step 5679 epoch 4 loss 0.0909 step_s 0.0053 peak_mem_gb 1.205
2026-10-01 22:40:14,057 | DEBUG | step 5680 epoch 4 loss 0.2183 step_s 0.0055 peak_mem_gb 1.205
2026-10-01 22:40:14,063 | DEBUG | step 5681 epoch 4 loss 0.1681 step_s 0.0054 peak_mem_gb 1.205
2026-10-01 22:40:14,069 | DEBUG | step 5682 epoch 4 loss 0.5021 step_s 0.0053 peak_mem_gb 1.205
2026-10-01 22:40:14,075 | DEBUG | step 5683 epoch 4 loss 0.1277 step_s 0.0054 peak_mem_gb 1.205
2026-10-01 22:40:14,081 | DEBUG | step 5684 epoch 4 loss 0.1267 step_s 0.0053 peak_mem_gb 1.205
2026-10-01 22:40:14,087 | DEBUG | step 5685 epoch 4 loss 0.2046 step_s 0.0053 peak_mem_gb 1.205
2026-10-01 22:40:14,094 | DEBUG | step 5686 epoch 4 loss 0.2052 step_s 0.0055 peak_mem_gb 1.205
2026-10-01 22:40:14,100 | DEBUG | step 5687 epoch 4 loss 0.3320 step_s 0.0054 peak_mem_gb 1.205
2026-10-01 22:40:14,106 | DEBUG | step 5688 epoch 4 loss 0.1955 step_s 0.0054 peak_mem_gb 1.205
2026-10-01 22:40:14,112 | DEBUG | step 5689 epoch 4 loss 0.3284 step_s 0.0053 peak_mem_gb 1.205
2026-10-01 22:40:14,118 | DEBUG | step 5690 epoch 4 loss 0.1408 step_s 0.0054 peak_mem_gb 1.205
2026-10-01 22:40:14,124 | DEBUG | step 5691 epoch 4 loss 0.2509 step_s 0.0054 peak_mem_gb 1.205
2026-10-01 22:40:14,130 | DEBUG | step 5692 epoch 4 loss 0.2821 step_s 0.0054 peak_mem_gb 1.205
2026-10-01 22:40:14,136 | DEBUG | step 5693 epoch 4 loss 0.1177 step_s 0.0053 peak_mem_gb 1.205
2026-10-01 22:40:14,142 | DEBUG | step 5694 epoch 4 loss 0.2908 step_s 0.0053 peak_mem_gb 1.205
2026-10-01 22:40:14,148 | DEBUG | step 5695 epoch 4 loss 0.2276 step_s 0.0053 peak_mem_gb 1.205
2026-10-01 22:40:14,154 | DEBUG | step 5696 epoch 4 loss 0.1616 step_s 0.0054 peak_mem_gb 1.205
2026-10-01 22:40:14,160 | DEBUG | step 5697 epoch 4 loss 0.2217 step_s 0.0054 peak_mem_gb 1.205
2026-10-01 22:40:14,166 | DEBUG | step 5698 epoch 4 loss 0.2917 step_s 0.0053 peak_mem_gb 1.205
2026-10-01 22:40:14,172 | DEBUG | step 5699 epoch 4 loss 0.1961 step_s 0.0054 peak_mem_gb 1.205
2026-10-01 22:40:14,178 | DEBUG | step 5700 epoch 4 loss 0.3137 step_s 0.0053 peak_mem_gb 1.205
2026-10-01 22:40:14,184 | DEBUG | step 5701 epoch 4 loss 0.3007 step_s 0.0054 peak_mem_gb 1.205
2026-10-01 22:40:14,190 | DEBUG | step 5702 epoch 4 loss 0.2467 step_s 0.0053 peak_mem_gb 1.205
2026-10-01 22:40:14,196 | DEBUG | step 5703 epoch 4 loss 0.2619 step_s 0.0053 peak_mem_gb 1.205
2026-10-01 22:40:14,202 | DEBUG | step 5704 epoch 4 loss 0.1340 step_s 0.0053 peak_mem_gb 1.205
2026-10-01 22:40:14,208 | DEBUG | step 5705 epoch 4 loss 0.1722 step_s 0.0053 peak_mem_gb 1.205
2026-10-01 22:40:14,214 | DEBUG | step 5706 epoch 4 loss 0.3813 step_s 0.0053 peak_mem_gb 1.205
2026-10-01 22:40:14,220 | DEBUG | step 5707 epoch 4 loss 0.2225 step_s 0.0054 peak_mem_gb 1.205
2026-10-01 22:40:14,226 | DEBUG | step 5708 epoch 4 loss 0.1850 step_s 0.0054 peak_mem_gb 1.205
2026-10-01 22:40:14,232 | DEBUG | step 5709 epoch 4 loss 0.1371 step_s 0.0055 peak_mem_gb 1.205
2026-10-01 22:40:14,238 | DEBUG | step 5710 epoch 4 loss 0.3114 step_s 0.0053 peak_mem_gb 1.205
2026-10-01 22:40:14,244 | DEBUG | step 5711 epoch 4 loss 0.1631 step_s 0.0053 peak_mem_gb 1.205
2026-10-01 22:40:14,250 | DEBUG | step 5712 epoch 4 loss 0.2273 step_s 0.0053 peak_mem_gb 1.205
2026-10-01 22:40:14,256 | DEBUG | step 5713 epoch 4 loss 0.1443 step_s 0.0054 peak_mem_gb 1.205
2026-10-01 22:40:14,262 | DEBUG | step 5714 epoch 4 loss 0.2148 step_s 0.0053 peak_mem_gb 1.205
2026-10-01 22:40:14,268 | DEBUG | step 5715 epoch 4 loss 0.2080 step_s 0.0054 peak_mem_gb 1.205
2026-10-01 22:40:14,274 | DEBUG | step 5716 epoch 4 loss 0.2273 step_s 0.0054 peak_mem_gb 1.205
2026-10-01 22:40:14,280 | DEBUG | step 5717 epoch 4 loss 0.1345 step_s 0.0053 peak_mem_gb 1.205
2026-10-01 22:40:14,286 | DEBUG | step 5718 epoch 4 loss 0.2209 step_s 0.0053 peak_mem_gb 1.205
2026-10-01 22:40:14,292 | DEBUG | step 5719 epoch 4 loss 0.2287 step_s 0.0053 peak_mem_gb 1.205
2026-10-01 22:40:14,298 | DEBUG | step 5720 epoch 4 loss 0.1024 step_s 0.0053 peak_mem_gb 1.205
2026-10-01 22:40:14,304 | DEBUG | step 5721 epoch 4 loss 0.2878 step_s 0.0053 peak_mem_gb 1.205
2026-10-01 22:40:14,310 | DEBUG | step 5722 epoch 4 loss 0.1681 step_s 0.0054 peak_mem_gb 1.205
2026-10-01 22:40:14,316 | DEBUG | step 5723 epoch 4 loss 0.2671 step_s 0.0054 peak_mem_gb 1.205
2026-10-01 22:40:14,322 | DEBUG | step 5724 epoch 4 loss 0.1490 step_s 0.0053 peak_mem_gb 1.205
2026-10-01 22:40:14,328 | DEBUG | step 5725 epoch 4 loss 0.2125 step_s 0.0054 peak_mem_gb 1.205
2026-10-01 22:40:14,334 | DEBUG | step 5726 epoch 4 loss 0.1905 step_s 0.0053 peak_mem_gb 1.205
2026-10-01 22:40:14,340 | DEBUG | step 5727 epoch 4 loss 0.3021 step_s 0.0053 peak_mem_gb 1.205
2026-10-01 22:40:14,346 | DEBUG | step 5728 epoch 4 loss 0.2224 step_s 0.0054 peak_mem_gb 1.205
2026-10-01 22:40:14,352 | DEBUG | step 5729 epoch 4 loss 0.2171 step_s 0.0053 peak_mem_gb 1.205
2026-10-01 22:40:14,358 | DEBUG | step 5730 epoch 4 loss 0.2618 step_s 0.0054 peak_mem_gb 1.205
2026-10-01 22:40:14,364 | DEBUG | step 5731 epoch 4 loss 0.2370 step_s 0.0053 peak_mem_gb 1.205
2026-10-01 22:40:14,370 | DEBUG | step 5732 epoch 4 loss 0.1969 step_s 0.0054 peak_mem_gb 1.205
2026-10-01 22:40:14,376 | DEBUG | step 5733 epoch 4 loss 0.2004 step_s 0.0053 peak_mem_gb 1.205
2026-10-01 22:40:14,382 | DEBUG | step 5734 epoch 4 loss 0.1161 step_s 0.0053 peak_mem_gb 1.205
2026-10-01 22:40:14,388 | DEBUG | step 5735 epoch 4 loss 0.1362 step_s 0.0053 peak_mem_gb 1.205
2026-10-01 22:40:14,394 | DEBUG | step 5736 epoch 4 loss 0.3234 step_s 0.0053 peak_mem_gb 1.205
2026-10-01 22:40:14,400 | DEBUG | step 5737 epoch 4 loss 0.3987 step_s 0.0053 peak_mem_gb 1.205
2026-10-01 22:40:14,406 | DEBUG | step 5738 epoch 4 loss 0.2762 step_s 0.0053 peak_mem_gb 1.205
2026-10-01 22:40:14,412 | DEBUG | step 5739 epoch 4 loss 0.1792 step_s 0.0053 peak_mem_gb 1.205
2026-10-01 22:40:14,418 | DEBUG | step 5740 epoch 4 loss 0.1982 step_s 0.0053 peak_mem_gb 1.205
2026-10-01 22:40:14,424 | DEBUG | step 5741 epoch 4 loss 0.2542 step_s 0.0054 peak_mem_gb 1.205
2026-10-01 22:40:14,430 | DEBUG | step 5742 epoch 4 loss 0.2726 step_s 0.0053 peak_mem_gb 1.205
2026-10-01 22:40:14,436 | DEBUG | step 5743 epoch 4 loss 0.2239 step_s 0.0053 peak_mem_gb 1.205
2026-10-01 22:40:14,442 | DEBUG | step 5744 epoch 4 loss 0.2159 step_s 0.0054 peak_mem_gb 1.205
2026-10-01 22:40:14,448 | DEBUG | step 5745 epoch 4 loss 0.2491 step_s 0.0053 peak_mem_gb 1.205
2026-10-01 22:40:14,454 | DEBUG | step 5746 epoch 4 loss 0.3523 step_s 0.0054 peak_mem_gb 1.205
2026-10-01 22:40:14,460 | DEBUG | step 5747 epoch 4 loss 0.2864 step_s 0.0054 peak_mem_gb 1.205
2026-10-01 22:40:14,466 | DEBUG | step 5748 epoch 4 loss 0.1778 step_s 0.0053 peak_mem_gb 1.205
2026-10-01 22:40:14,472 | DEBUG | step 5749 epoch 4 loss 0.3699 step_s 0.0053 peak_mem_gb 1.205
2026-10-01 22:40:14,478 | DEBUG | step 5750 epoch 4 loss 0.2067 step_s 0.0054 peak_mem_gb 1.205
2026-10-01 22:40:14,484 | DEBUG | step 5751 epoch 4 loss 0.3110 step_s 0.0053 peak_mem_gb 1.205
2026-10-01 22:40:14,492 | DEBUG | step 5752 epoch 4 loss 0.1675 step_s 0.0068 peak_mem_gb 1.205
2026-10-01 22:40:14,498 | DEBUG | step 5753 epoch 4 loss 0.1465 step_s 0.0054 peak_mem_gb 1.205
2026-10-01 22:40:14,504 | DEBUG | step 5754 epoch 4 loss 0.1832 step_s 0.0053 peak_mem_gb 1.205
2026-10-01 22:40:14,510 | DEBUG | step 5755 epoch 4 loss 0.2526 step_s 0.0054 peak_mem_gb 1.205
2026-10-01 22:40:14,516 | DEBUG | step 5756 epoch 4 loss 0.1721 step_s 0.0053 peak_mem_gb 1.205
2026-10-01 22:40:14,522 | DEBUG | step 5757 epoch 4 loss 0.2212 step_s 0.0054 peak_mem_gb 1.205
2026-10-01 22:40:14,528 | DEBUG | step 5758 epoch 4 loss 0.2425 step_s 0.0054 peak_mem_gb 1.205
2026-10-01 22:40:14,534 | DEBUG | step 5759 epoch 4 loss 0.3327 step_s 0.0054 peak_mem_gb 1.205
2026-10-01 22:40:14,540 | DEBUG | step 5760 epoch 4 loss 0.2547 step_s 0.0054 peak_mem_gb 1.205
2026-10-01 22:40:14,546 | DEBUG | step 5761 epoch 4 loss 0.2431 step_s 0.0053 peak_mem_gb 1.205
2026-10-01 22:40:14,552 | DEBUG | step 5762 epoch 4 loss 0.3157 step_s 0.0053 peak_mem_gb 1.205
2026-10-01 22:40:14,558 | DEBUG | step 5763 epoch 4 loss 0.2937 step_s 0.0054 peak_mem_gb 1.205
2026-10-01 22:40:14,564 | DEBUG | step 5764 epoch 4 loss 0.2036 step_s 0.0053 peak_mem_gb 1.205
2026-10-01 22:40:14,570 | DEBUG | step 5765 epoch 4 loss 0.2916 step_s 0.0053 peak_mem_gb 1.205
2026-10-01 22:40:14,576 | DEBUG | step 5766 epoch 4 loss 0.2250 step_s 0.0053 peak_mem_gb 1.205
2026-10-01 22:40:14,582 | DEBUG | step 5767 epoch 4 loss 0.1422 step_s 0.0054 peak_mem_gb 1.205
2026-10-01 22:40:14,588 | DEBUG | step 5768 epoch 4 loss 0.2937 step_s 0.0054 peak_mem_gb 1.205
2026-10-01 22:40:14,594 | DEBUG | step 5769 epoch 4 loss 0.3953 step_s 0.0053 peak_mem_gb 1.205
2026-10-01 22:40:14,600 | DEBUG | step 5770 epoch 4 loss 0.3004 step_s 0.0053 peak_mem_gb 1.205
2026-10-01 22:40:14,606 | DEBUG | step 5771 epoch 4 loss 0.1665 step_s 0.0053 peak_mem_gb 1.205
2026-10-01 22:40:14,612 | DEBUG | step 5772 epoch 4 loss 0.1060 step_s 0.0053 peak_mem_gb 1.205
2026-10-01 22:40:14,618 | DEBUG | step 5773 epoch 4 loss 0.2641 step_s 0.0053 peak_mem_gb 1.205
2026-10-01 22:40:14,624 | DEBUG | step 5774 epoch 4 loss 0.2411 step_s 0.0054 peak_mem_gb 1.205
2026-10-01 22:40:14,630 | DEBUG | step 5775 epoch 4 loss 0.2956 step_s 0.0056 peak_mem_gb 1.205
2026-10-01 22:40:14,636 | DEBUG | step 5776 epoch 4 loss 0.4399 step_s 0.0053 peak_mem_gb 1.205
2026-10-01 22:40:14,642 | DEBUG | step 5777 epoch 4 loss 0.4503 step_s 0.0053 peak_mem_gb 1.205
2026-10-01 22:40:14,648 | DEBUG | step 5778 epoch 4 loss 0.2376 step_s 0.0053 peak_mem_gb 1.205
2026-10-01 22:40:14,654 | DEBUG | step 5779 epoch 4 loss 0.2799 step_s 0.0054 peak_mem_gb 1.205
2026-10-01 22:40:14,660 | DEBUG | step 5780 epoch 4 loss 0.1800 step_s 0.0054 peak_mem_gb 1.205
2026-10-01 22:40:14,666 | DEBUG | step 5781 epoch 4 loss 0.1244 step_s 0.0053 peak_mem_gb 1.205
2026-10-01 22:40:14,672 | DEBUG | step 5782 epoch 4 loss 0.2418 step_s 0.0053 peak_mem_gb 1.205
2026-10-01 22:40:14,678 | DEBUG | step 5783 epoch 4 loss 0.2902 step_s 0.0054 peak_mem_gb 1.205
2026-10-01 22:40:14,684 | DEBUG | step 5784 epoch 4 loss 0.1873 step_s 0.0053 peak_mem_gb 1.205
2026-10-01 22:40:14,690 | DEBUG | step 5785 epoch 4 loss 0.2512 step_s 0.0054 peak_mem_gb 1.205
2026-10-01 22:40:14,696 | DEBUG | step 5786 epoch 4 loss 0.2282 step_s 0.0053 peak_mem_gb 1.205
2026-10-01 22:40:14,702 | DEBUG | step 5787 epoch 4 loss 0.3103 step_s 0.0053 peak_mem_gb 1.205
2026-10-01 22:40:14,708 | DEBUG | step 5788 epoch 4 loss 0.2464 step_s 0.0053 peak_mem_gb 1.205
2026-10-01 22:40:14,714 | DEBUG | step 5789 epoch 4 loss 0.2931 step_s 0.0053 peak_mem_gb 1.205
2026-10-01 22:40:14,720 | DEBUG | step 5790 epoch 4 loss 0.2642 step_s 0.0053 peak_mem_gb 1.205
2026-10-01 22:40:14,726 | DEBUG | step 5791 epoch 4 loss 0.2668 step_s 0.0053 peak_mem_gb 1.205
2026-10-01 22:40:14,732 | DEBUG | step 5792 epoch 4 loss 0.3461 step_s 0.0053 peak_mem_gb 1.205
2026-10-01 22:40:14,738 | DEBUG | step 5793 epoch 4 loss 0.2382 step_s 0.0053 peak_mem_gb 1.205
2026-10-01 22:40:14,744 | DEBUG | step 5794 epoch 4 loss 0.2032 step_s 0.0053 peak_mem_gb 1.205
2026-10-01 22:40:14,750 | DEBUG | step 5795 epoch 4 loss 0.1971 step_s 0.0053 peak_mem_gb 1.205
2026-10-01 22:40:14,756 | DEBUG | step 5796 epoch 4 loss 0.1903 step_s 0.0053 peak_mem_gb 1.205
2026-10-01 22:40:14,762 | DEBUG | step 5797 epoch 4 loss 0.3560 step_s 0.0053 peak_mem_gb 1.205
2026-10-01 22:40:14,768 | DEBUG | step 5798 epoch 4 loss 0.2453 step_s 0.0053 peak_mem_gb 1.205
2026-10-01 22:40:14,774 | DEBUG | step 5799 epoch 4 loss 0.2391 step_s 0.0055 peak_mem_gb 1.205
2026-10-01 22:40:14,780 | INFO | step 5800 epoch 4 loss 0.2258 step_s 0.0054 peak_mem_gb 1.205
2026-10-01 22:40:14,787 | DEBUG | step 5801 epoch 4 loss 0.2285 step_s 0.0054 peak_mem_gb 1.205
2026-10-01 22:40:14,794 | DEBUG | step 5802 epoch 4 loss 0.3115 step_s 0.0055 peak_mem_gb 1.205
2026-10-01 22:40:14,800 | DEBUG | step 5803 epoch 4 loss 0.4778 step_s 0.0054 peak_mem_gb 1.205
2026-10-01 22:40:14,806 | DEBUG | step 5804 epoch 4 loss 0.2165 step_s 0.0054 peak_mem_gb 1.205
2026-10-01 22:40:14,812 | DEBUG | step 5805 epoch 4 loss 0.1980 step_s 0.0054 peak_mem_gb 1.205
2026-10-01 22:40:14,818 | DEBUG | step 5806 epoch 4 loss 0.2865 step_s 0.0053 peak_mem_gb 1.205
2026-10-01 22:40:14,824 | DEBUG | step 5807 epoch 4 loss 0.1716 step_s 0.0054 peak_mem_gb 1.205
2026-10-01 22:40:14,830 | DEBUG | step 5808 epoch 4 loss 0.1976 step_s 0.0053 peak_mem_gb 1.205
2026-10-01 22:40:14,837 | DEBUG | step 5809 epoch 4 loss 0.1781 step_s 0.0053 peak_mem_gb 1.205
2026-10-01 22:40:14,844 | DEBUG | step 5810 epoch 4 loss 0.3730 step_s 0.0064 peak_mem_gb 1.205
2026-10-01 22:40:14,850 | DEBUG | step 5811 epoch 4 loss 0.1833 step_s 0.0054 peak_mem_gb 1.205
2026-10-01 22:40:14,856 | DEBUG | step 5812 epoch 4 loss 0.2787 step_s 0.0054 peak_mem_gb 1.205
2026-10-01 22:40:14,862 | DEBUG | step 5813 epoch 4 loss 0.1449 step_s 0.0054 peak_mem_gb 1.205
2026-10-01 22:40:14,868 | DEBUG | step 5814 epoch 4 loss 0.2183 step_s 0.0053 peak_mem_gb 1.205
2026-10-01 22:40:14,874 | DEBUG | step 5815 epoch 4 loss 0.2114 step_s 0.0054 peak_mem_gb 1.205
2026-10-01 22:40:14,880 | DEBUG | step 5816 epoch 4 loss 0.3391 step_s 0.0053 peak_mem_gb 1.205
2026-10-01 22:40:14,886 | DEBUG | step 5817 epoch 4 loss 0.1410 step_s 0.0053 peak_mem_gb 1.205
2026-10-01 22:40:14,892 | DEBUG | step 5818 epoch 4 loss 0.2019 step_s 0.0054 peak_mem_gb 1.205
2026-10-01 22:40:14,898 | DEBUG | step 5819 epoch 4 loss 0.3570 step_s 0.0053 peak_mem_gb 1.205
2026-10-01 22:40:14,905 | DEBUG | step 5820 epoch 4 loss 0.1853 step_s 0.0057 peak_mem_gb 1.205
2026-10-01 22:40:14,911 | DEBUG | step 5821 epoch 4 loss 0.2073 step_s 0.0054 peak_mem_gb 1.205
2026-10-01 22:40:14,917 | DEBUG | step 5822 epoch 4 loss 0.3108 step_s 0.0053 peak_mem_gb 1.205
2026-10-01 22:40:14,923 | DEBUG | step 5823 epoch 4 loss 0.2548 step_s 0.0053 peak_mem_gb 1.205
2026-10-01 22:40:14,929 | DEBUG | step 5824 epoch 4 loss 0.2834 step_s 0.0053 peak_mem_gb 1.205
2026-10-01 22:40:14,935 | DEBUG | step 5825 epoch 4 loss 0.2258 step_s 0.0054 peak_mem_gb 1.205
2026-10-01 22:40:14,941 | DEBUG | step 5826 epoch 4 loss 0.3072 step_s 0.0053 peak_mem_gb 1.205
2026-10-01 22:40:14,947 | DEBUG | step 5827 epoch 4 loss 0.1540 step_s 0.0053 peak_mem_gb 1.205
2026-10-01 22:40:14,953 | DEBUG | step 5828 epoch 4 loss 0.1641 step_s 0.0053 peak_mem_gb 1.205
2026-10-01 22:40:14,959 | DEBUG | step 5829 epoch 4 loss 0.2692 step_s 0.0054 peak_mem_gb 1.205
2026-10-01 22:40:14,965 | DEBUG | step 5830 epoch 4 loss 0.2123 step_s 0.0054 peak_mem_gb 1.205
2026-10-01 22:40:14,971 | DEBUG | step 5831 epoch 4 loss 0.1814 step_s 0.0053 peak_mem_gb 1.205
2026-10-01 22:40:14,977 | DEBUG | step 5832 epoch 4 loss 0.1926 step_s 0.0054 peak_mem_gb 1.205
2026-10-01 22:40:14,983 | DEBUG | step 5833 epoch 4 loss 0.2726 step_s 0.0053 peak_mem_gb 1.205
2026-10-01 22:40:14,989 | DEBUG | step 5834 epoch 4 loss 0.3159 step_s 0.0053 peak_mem_gb 1.205
2026-10-01 22:40:14,995 | DEBUG | step 5835 epoch 4 loss 0.3231 step_s 0.0054 peak_mem_gb 1.205
2026-10-01 22:40:15,001 | DEBUG | step 5836 epoch 4 loss 0.1751 step_s 0.0054 peak_mem_gb 1.205
2026-10-01 22:40:15,007 | DEBUG | step 5837 epoch 4 loss 0.1653 step_s 0.0054 peak_mem_gb 1.205
2026-10-01 22:40:15,013 | DEBUG | step 5838 epoch 4 loss 0.2536 step_s 0.0053 peak_mem_gb 1.205
2026-10-01 22:40:15,019 | DEBUG | step 5839 epoch 4 loss 0.2044 step_s 0.0054 peak_mem_gb 1.205
2026-10-01 22:40:15,025 | DEBUG | step 5840 epoch 4 loss 0.2345 step_s 0.0054 peak_mem_gb 1.205
2026-10-01 22:40:15,031 | DEBUG | step 5841 epoch 4 loss 0.2044 step_s 0.0053 peak_mem_gb 1.205
2026-10-01 22:40:15,037 | DEBUG | step 5842 epoch 4 loss 0.2349 step_s 0.0053 peak_mem_gb 1.205
2026-10-01 22:40:15,043 | DEBUG | step 5843 epoch 4 loss 0.2995 step_s 0.0053 peak_mem_gb 1.205
2026-10-01 22:40:15,049 | DEBUG | step 5844 epoch 4 loss 0.2385 step_s 0.0053 peak_mem_gb 1.205
2026-10-01 22:40:15,055 | DEBUG | step 5845 epoch 4 loss 0.3465 step_s 0.0053 peak_mem_gb 1.205
2026-10-01 22:40:15,061 | DEBUG | step 5846 epoch 4 loss 0.3278 step_s 0.0053 peak_mem_gb 1.205
2026-10-01 22:40:15,067 | DEBUG | step 5847 epoch 4 loss 0.1753 step_s 0.0053 peak_mem_gb 1.205
2026-10-01 22:40:15,073 | DEBUG | step 5848 epoch 4 loss 0.2250 step_s 0.0054 peak_mem_gb 1.205
2026-10-01 22:40:15,079 | DEBUG | step 5849 epoch 4 loss 0.1624 step_s 0.0054 peak_mem_gb 1.205
2026-10-01 22:40:15,085 | DEBUG | step 5850 epoch 4 loss 0.1657 step_s 0.0054 peak_mem_gb 1.205
2026-10-01 22:40:15,091 | DEBUG | step 5851 epoch 4 loss 0.1681 step_s 0.0054 peak_mem_gb 1.205
2026-10-01 22:40:15,098 | DEBUG | step 5852 epoch 4 loss 0.2645 step_s 0.0054 peak_mem_gb 1.205
2026-10-01 22:40:15,104 | DEBUG | step 5853 epoch 4 loss 0.1719 step_s 0.0053 peak_mem_gb 1.205
2026-10-01 22:40:15,110 | DEBUG | step 5854 epoch 4 loss 0.1106 step_s 0.0054 peak_mem_gb 1.205
2026-10-01 22:40:15,116 | DEBUG | step 5855 epoch 4 loss 0.2912 step_s 0.0053 peak_mem_gb 1.205
2026-10-01 22:40:15,122 | DEBUG | step 5856 epoch 4 loss 0.3048 step_s 0.0054 peak_mem_gb 1.205
2026-10-01 22:40:15,128 | DEBUG | step 5857 epoch 4 loss 0.2011 step_s 0.0054 peak_mem_gb 1.205
2026-10-01 22:40:15,134 | DEBUG | step 5858 epoch 4 loss 0.1237 step_s 0.0054 peak_mem_gb 1.205
2026-10-01 22:40:15,140 | DEBUG | step 5859 epoch 4 loss 0.2936 step_s 0.0054 peak_mem_gb 1.205
2026-10-01 22:40:15,146 | DEBUG | step 5860 epoch 4 loss 0.2827 step_s 0.0054 peak_mem_gb 1.205
2026-10-01 22:40:15,152 | DEBUG | step 5861 epoch 4 loss 0.2278 step_s 0.0053 peak_mem_gb 1.205
2026-10-01 22:40:15,158 | DEBUG | step 5862 epoch 4 loss 0.1424 step_s 0.0054 peak_mem_gb 1.205
2026-10-01 22:40:15,164 | DEBUG | step 5863 epoch 4 loss 0.1560 step_s 0.0053 peak_mem_gb 1.205
2026-10-01 22:40:15,170 | DEBUG | step 5864 epoch 4 loss 0.2061 step_s 0.0054 peak_mem_gb 1.205
2026-10-01 22:40:15,176 | DEBUG | step 5865 epoch 4 loss 0.1812 step_s 0.0053 peak_mem_gb 1.205
2026-10-01 22:40:15,182 | DEBUG | step 5866 epoch 4 loss 0.1406 step_s 0.0053 peak_mem_gb 1.205
2026-10-01 22:40:15,188 | DEBUG | step 5867 epoch 4 loss 0.2046 step_s 0.0053 peak_mem_gb 1.205
2026-10-01 22:40:15,194 | DEBUG | step 5868 epoch 4 loss 0.2883 step_s 0.0054 peak_mem_gb 1.205
2026-10-01 22:40:15,200 | DEBUG | step 5869 epoch 4 loss 0.2328 step_s 0.0054 peak_mem_gb 1.205
2026-10-01 22:40:15,207 | DEBUG | step 5870 epoch 4 loss 0.4079 step_s 0.0054 peak_mem_gb 1.205
2026-10-01 22:40:15,213 | DEBUG | step 5871 epoch 4 loss 0.1949 step_s 0.0054 peak_mem_gb 1.205
2026-10-01 22:40:15,219 | DEBUG | step 5872 epoch 4 loss 0.1651 step_s 0.0053 peak_mem_gb 1.205
2026-10-01 22:40:15,225 | DEBUG | step 5873 epoch 4 loss 0.2181 step_s 0.0054 peak_mem_gb 1.205
2026-10-01 22:40:15,231 | DEBUG | step 5874 epoch 4 loss 0.2565 step_s 0.0054 peak_mem_gb 1.205
2026-10-01 22:40:15,237 | DEBUG | step 5875 epoch 4 loss 0.3305 step_s 0.0054 peak_mem_gb 1.205
2026-10-01 22:40:15,243 | DEBUG | step 5876 epoch 4 loss 0.2082 step_s 0.0053 peak_mem_gb 1.205
2026-10-01 22:40:15,249 | DEBUG | step 5877 epoch 4 loss 0.1896 step_s 0.0054 peak_mem_gb 1.205
2026-10-01 22:40:15,255 | DEBUG | step 5878 epoch 4 loss 0.2768 step_s 0.0054 peak_mem_gb 1.205
2026-10-01 22:40:15,261 | DEBUG | step 5879 epoch 4 loss 0.2907 step_s 0.0054 peak_mem_gb 1.205
2026-10-01 22:40:15,267 | DEBUG | step 5880 epoch 4 loss 0.2332 step_s 0.0054 peak_mem_gb 1.205
2026-10-01 22:40:15,273 | DEBUG | step 5881 epoch 4 loss 0.3609 step_s 0.0054 peak_mem_gb 1.205
2026-10-01 22:40:15,279 | DEBUG | step 5882 epoch 4 loss 0.1925 step_s 0.0054 peak_mem_gb 1.205
2026-10-01 22:40:15,285 | DEBUG | step 5883 epoch 4 loss 0.3202 step_s 0.0053 peak_mem_gb 1.205
2026-10-01 22:40:15,291 | DEBUG | step 5884 epoch 4 loss 0.2716 step_s 0.0054 peak_mem_gb 1.205
2026-10-01 22:40:15,297 | DEBUG | step 5885 epoch 4 loss 0.2632 step_s 0.0054 peak_mem_gb 1.205
2026-10-01 22:40:15,303 | DEBUG | step 5886 epoch 4 loss 0.2896 step_s 0.0053 peak_mem_gb 1.205
2026-10-01 22:40:15,309 | DEBUG | step 5887 epoch 4 loss 0.2696 step_s 0.0053 peak_mem_gb 1.205
2026-10-01 22:40:15,315 | DEBUG | step 5888 epoch 4 loss 0.2732 step_s 0.0053 peak_mem_gb 1.205
2026-10-01 22:40:15,321 | DEBUG | step 5889 epoch 4 loss 0.2915 step_s 0.0054 peak_mem_gb 1.205
2026-10-01 22:40:15,327 | DEBUG | step 5890 epoch 4 loss 0.2811 step_s 0.0054 peak_mem_gb 1.205
2026-10-01 22:40:15,333 | DEBUG | step 5891 epoch 4 loss 0.2253 step_s 0.0053 peak_mem_gb 1.205
2026-10-01 22:40:15,339 | DEBUG | step 5892 epoch 4 loss 0.2230 step_s 0.0054 peak_mem_gb 1.205
2026-10-01 22:40:15,345 | DEBUG | step 5893 epoch 4 loss 0.2792 step_s 0.0054 peak_mem_gb 1.205
2026-10-01 22:40:15,351 | DEBUG | step 5894 epoch 4 loss 0.2873 step_s 0.0054 peak_mem_gb 1.205
2026-10-01 22:40:15,357 | DEBUG | step 5895 epoch 4 loss 0.2624 step_s 0.0054 peak_mem_gb 1.205
2026-10-01 22:40:15,363 | DEBUG | step 5896 epoch 4 loss 0.2888 step_s 0.0054 peak_mem_gb 1.205
2026-10-01 22:40:15,369 | DEBUG | step 5897 epoch 4 loss 0.1892 step_s 0.0053 peak_mem_gb 1.205
2026-10-01 22:40:15,375 | DEBUG | step 5898 epoch 4 loss 0.2696 step_s 0.0053 peak_mem_gb 1.205
2026-10-01 22:40:15,381 | DEBUG | step 5899 epoch 4 loss 0.2313 step_s 0.0053 peak_mem_gb 1.205
2026-10-01 22:40:15,387 | DEBUG | step 5900 epoch 4 loss 0.2246 step_s 0.0054 peak_mem_gb 1.205
2026-10-01 22:40:15,393 | DEBUG | step 5901 epoch 4 loss 0.2207 step_s 0.0053 peak_mem_gb 1.205
2026-10-01 22:40:15,399 | DEBUG | step 5902 epoch 4 loss 0.2331 step_s 0.0053 peak_mem_gb 1.205
2026-10-01 22:40:15,405 | DEBUG | step 5903 epoch 4 loss 0.1699 step_s 0.0054 peak_mem_gb 1.205
2026-10-01 22:40:15,411 | DEBUG | step 5904 epoch 4 loss 0.3480 step_s 0.0054 peak_mem_gb 1.205
2026-10-01 22:40:15,417 | DEBUG | step 5905 epoch 4 loss 0.3211 step_s 0.0053 peak_mem_gb 1.205
2026-10-01 22:40:15,423 | DEBUG | step 5906 epoch 4 loss 0.2338 step_s 0.0054 peak_mem_gb 1.205
2026-10-01 22:40:15,429 | DEBUG | step 5907 epoch 4 loss 0.2529 step_s 0.0053 peak_mem_gb 1.205
2026-10-01 22:40:15,435 | DEBUG | step 5908 epoch 4 loss 0.2747 step_s 0.0053 peak_mem_gb 1.205
2026-10-01 22:40:15,441 | DEBUG | step 5909 epoch 4 loss 0.2500 step_s 0.0054 peak_mem_gb 1.205
2026-10-01 22:40:15,447 | DEBUG | step 5910 epoch 4 loss 0.1120 step_s 0.0054 peak_mem_gb 1.205
2026-10-01 22:40:15,453 | DEBUG | step 5911 epoch 4 loss 0.2194 step_s 0.0054 peak_mem_gb 1.205
2026-10-01 22:40:15,459 | DEBUG | step 5912 epoch 4 loss 0.2389 step_s 0.0053 peak_mem_gb 1.205
2026-10-01 22:40:15,465 | DEBUG | step 5913 epoch 4 loss 0.2402 step_s 0.0053 peak_mem_gb 1.205
2026-10-01 22:40:15,471 | DEBUG | step 5914 epoch 4 loss 0.2078 step_s 0.0053 peak_mem_gb 1.205
2026-10-01 22:40:15,477 | DEBUG | step 5915 epoch 4 loss 0.2634 step_s 0.0054 peak_mem_gb 1.205
2026-10-01 22:40:15,483 | DEBUG | step 5916 epoch 4 loss 0.2033 step_s 0.0054 peak_mem_gb 1.205
2026-10-01 22:40:15,489 | DEBUG | step 5917 epoch 4 loss 0.1650 step_s 0.0053 peak_mem_gb 1.205
2026-10-01 22:40:15,495 | DEBUG | step 5918 epoch 4 loss 0.2412 step_s 0.0053 peak_mem_gb 1.205
2026-10-01 22:40:15,501 | DEBUG | step 5919 epoch 4 loss 0.2796 step_s 0.0053 peak_mem_gb 1.205
2026-10-01 22:40:15,507 | DEBUG | step 5920 epoch 4 loss 0.2568 step_s 0.0053 peak_mem_gb 1.205
2026-10-01 22:40:15,513 | DEBUG | step 5921 epoch 4 loss 0.5135 step_s 0.0053 peak_mem_gb 1.205
2026-10-01 22:40:15,519 | DEBUG | step 5922 epoch 4 loss 0.2529 step_s 0.0053 peak_mem_gb 1.205
2026-10-01 22:40:15,525 | DEBUG | step 5923 epoch 4 loss 0.3190 step_s 0.0054 peak_mem_gb 1.205
2026-10-01 22:40:15,531 | DEBUG | step 5924 epoch 4 loss 0.1375 step_s 0.0053 peak_mem_gb 1.205
2026-10-01 22:40:15,537 | DEBUG | step 5925 epoch 4 loss 0.2096 step_s 0.0053 peak_mem_gb 1.205
2026-10-01 22:40:15,543 | DEBUG | step 5926 epoch 4 loss 0.2758 step_s 0.0054 peak_mem_gb 1.205
2026-10-01 22:40:15,549 | DEBUG | step 5927 epoch 4 loss 0.2219 step_s 0.0053 peak_mem_gb 1.205
2026-10-01 22:40:15,555 | DEBUG | step 5928 epoch 4 loss 0.1919 step_s 0.0053 peak_mem_gb 1.205
2026-10-01 22:40:15,561 | DEBUG | step 5929 epoch 4 loss 0.1901 step_s 0.0054 peak_mem_gb 1.205
2026-10-01 22:40:15,567 | DEBUG | step 5930 epoch 4 loss 0.2601 step_s 0.0053 peak_mem_gb 1.205
2026-10-01 22:40:15,573 | DEBUG | step 5931 epoch 4 loss 0.1576 step_s 0.0053 peak_mem_gb 1.205
2026-10-01 22:40:15,579 | DEBUG | step 5932 epoch 4 loss 0.2510 step_s 0.0053 peak_mem_gb 1.205
2026-10-01 22:40:15,585 | DEBUG | step 5933 epoch 4 loss 0.2264 step_s 0.0053 peak_mem_gb 1.205
2026-10-01 22:40:15,591 | DEBUG | step 5934 epoch 4 loss 0.1992 step_s 0.0054 peak_mem_gb 1.205
2026-10-01 22:40:15,597 | DEBUG | step 5935 epoch 4 loss 0.2662 step_s 0.0053 peak_mem_gb 1.205
2026-10-01 22:40:15,603 | DEBUG | step 5936 epoch 4 loss 0.2131 step_s 0.0053 peak_mem_gb 1.205
2026-10-01 22:40:15,609 | DEBUG | step 5937 epoch 4 loss 0.1308 step_s 0.0053 peak_mem_gb 1.205
2026-10-01 22:40:15,615 | DEBUG | step 5938 epoch 4 loss 0.2459 step_s 0.0053 peak_mem_gb 1.205
2026-10-01 22:40:15,621 | DEBUG | step 5939 epoch 4 loss 0.2171 step_s 0.0053 peak_mem_gb 1.205
2026-10-01 22:40:15,627 | DEBUG | step 5940 epoch 4 loss 0.2290 step_s 0.0053 peak_mem_gb 1.205
2026-10-01 22:40:15,635 | DEBUG | step 5941 epoch 4 loss 0.1599 step_s 0.0066 peak_mem_gb 1.205
2026-10-01 22:40:15,641 | DEBUG | step 5942 epoch 4 loss 0.1225 step_s 0.0054 peak_mem_gb 1.205
2026-10-01 22:40:15,648 | DEBUG | step 5943 epoch 4 loss 0.1904 step_s 0.0063 peak_mem_gb 1.205
2026-10-01 22:40:15,654 | DEBUG | step 5944 epoch 4 loss 0.2414 step_s 0.0054 peak_mem_gb 1.205
2026-10-01 22:40:15,660 | DEBUG | step 5945 epoch 4 loss 0.2040 step_s 0.0054 peak_mem_gb 1.205
2026-10-01 22:40:15,666 | DEBUG | step 5946 epoch 4 loss 0.1195 step_s 0.0054 peak_mem_gb 1.205
2026-10-01 22:40:15,673 | DEBUG | step 5947 epoch 4 loss 0.2701 step_s 0.0054 peak_mem_gb 1.205
2026-10-01 22:40:15,679 | DEBUG | step 5948 epoch 4 loss 0.2685 step_s 0.0053 peak_mem_gb 1.205
2026-10-01 22:40:15,685 | DEBUG | step 5949 epoch 4 loss 0.2650 step_s 0.0054 peak_mem_gb 1.205
2026-10-01 22:40:15,691 | DEBUG | step 5950 epoch 4 loss 0.1665 step_s 0.0054 peak_mem_gb 1.205
2026-10-01 22:40:15,697 | DEBUG | step 5951 epoch 4 loss 0.2973 step_s 0.0053 peak_mem_gb 1.205
2026-10-01 22:40:15,703 | DEBUG | step 5952 epoch 4 loss 0.1722 step_s 0.0053 peak_mem_gb 1.205
2026-10-01 22:40:15,709 | DEBUG | step 5953 epoch 4 loss 0.1581 step_s 0.0058 peak_mem_gb 1.205
2026-10-01 22:40:15,715 | DEBUG | step 5954 epoch 4 loss 0.2158 step_s 0.0053 peak_mem_gb 1.205
2026-10-01 22:40:15,721 | DEBUG | step 5955 epoch 4 loss 0.2677 step_s 0.0053 peak_mem_gb 1.205
2026-10-01 22:40:15,727 | DEBUG | step 5956 epoch 4 loss 0.2464 step_s 0.0054 peak_mem_gb 1.205
2026-10-01 22:40:15,733 | DEBUG | step 5957 epoch 4 loss 0.1621 step_s 0.0053 peak_mem_gb 1.205
2026-10-01 22:40:15,739 | DEBUG | step 5958 epoch 4 loss 0.3124 step_s 0.0053 peak_mem_gb 1.205
2026-10-01 22:40:15,745 | DEBUG | step 5959 epoch 4 loss 0.3257 step_s 0.0053 peak_mem_gb 1.205
2026-10-01 22:40:15,751 | DEBUG | step 5960 epoch 4 loss 0.1371 step_s 0.0053 peak_mem_gb 1.205
2026-10-01 22:40:15,758 | DEBUG | step 5961 epoch 4 loss 0.2097 step_s 0.0054 peak_mem_gb 1.205
2026-10-01 22:40:15,764 | DEBUG | step 5962 epoch 4 loss 0.1214 step_s 0.0054 peak_mem_gb 1.205
2026-10-01 22:40:15,770 | DEBUG | step 5963 epoch 4 loss 0.2193 step_s 0.0053 peak_mem_gb 1.205
2026-10-01 22:40:15,775 | DEBUG | step 5964 epoch 4 loss 0.1476 step_s 0.0053 peak_mem_gb 1.205
2026-10-01 22:40:15,781 | DEBUG | step 5965 epoch 4 loss 0.1592 step_s 0.0053 peak_mem_gb 1.205
2026-10-01 22:40:15,787 | DEBUG | step 5966 epoch 4 loss 0.2922 step_s 0.0053 peak_mem_gb 1.205
2026-10-01 22:40:15,793 | DEBUG | step 5967 epoch 4 loss 0.1481 step_s 0.0053 peak_mem_gb 1.205
2026-10-01 22:40:15,799 | DEBUG | step 5968 epoch 4 loss 0.2636 step_s 0.0053 peak_mem_gb 1.205
2026-10-01 22:40:15,806 | DEBUG | step 5969 epoch 4 loss 0.2590 step_s 0.0054 peak_mem_gb 1.205
2026-10-01 22:40:15,812 | DEBUG | step 5970 epoch 4 loss 0.2566 step_s 0.0054 peak_mem_gb 1.205
2026-10-01 22:40:15,818 | DEBUG | step 5971 epoch 4 loss 0.2237 step_s 0.0054 peak_mem_gb 1.205
2026-10-01 22:40:15,824 | DEBUG | step 5972 epoch 4 loss 0.2199 step_s 0.0054 peak_mem_gb 1.205
2026-10-01 22:40:15,830 | DEBUG | step 5973 epoch 4 loss 0.2071 step_s 0.0056 peak_mem_gb 1.205
2026-10-01 22:40:15,837 | DEBUG | step 5974 epoch 4 loss 0.1966 step_s 0.0058 peak_mem_gb 1.205
2026-10-01 22:40:15,844 | DEBUG | step 5975 epoch 4 loss 0.3228 step_s 0.0059 peak_mem_gb 1.205
2026-10-01 22:40:15,851 | DEBUG | step 5976 epoch 4 loss 0.3447 step_s 0.0063 peak_mem_gb 1.205
2026-10-01 22:40:15,858 | DEBUG | step 5977 epoch 4 loss 0.1822 step_s 0.0058 peak_mem_gb 1.205
2026-10-01 22:40:15,865 | DEBUG | step 5978 epoch 4 loss 0.2860 step_s 0.0056 peak_mem_gb 1.205
2026-10-01 22:40:15,871 | DEBUG | step 5979 epoch 4 loss 0.2309 step_s 0.0056 peak_mem_gb 1.205
2026-10-01 22:40:15,878 | DEBUG | step 5980 epoch 4 loss 0.1747 step_s 0.0055 peak_mem_gb 1.205
2026-10-01 22:40:15,884 | DEBUG | step 5981 epoch 4 loss 0.1371 step_s 0.0055 peak_mem_gb 1.205
2026-10-01 22:40:15,891 | DEBUG | step 5982 epoch 4 loss 0.2203 step_s 0.0060 peak_mem_gb 1.205
2026-10-01 22:40:15,898 | DEBUG | step 5983 epoch 4 loss 0.1895 step_s 0.0064 peak_mem_gb 1.205
2026-10-01 22:40:15,905 | DEBUG | step 5984 epoch 4 loss 0.2194 step_s 0.0062 peak_mem_gb 1.205
2026-10-01 22:40:15,912 | DEBUG | step 5985 epoch 4 loss 0.2450 step_s 0.0057 peak_mem_gb 1.205
2026-10-01 22:40:15,919 | DEBUG | step 5986 epoch 4 loss 0.2108 step_s 0.0059 peak_mem_gb 1.205
2026-10-01 22:40:15,926 | DEBUG | step 5987 epoch 4 loss 0.2794 step_s 0.0058 peak_mem_gb 1.205
2026-10-01 22:40:15,933 | DEBUG | step 5988 epoch 4 loss 0.1713 step_s 0.0059 peak_mem_gb 1.205
2026-10-01 22:40:15,939 | DEBUG | step 5989 epoch 4 loss 0.2352 step_s 0.0055 peak_mem_gb 1.205
2026-10-01 22:40:15,946 | DEBUG | step 5990 epoch 4 loss 0.1928 step_s 0.0062 peak_mem_gb 1.205
2026-10-01 22:40:15,953 | DEBUG | step 5991 epoch 4 loss 0.2238 step_s 0.0054 peak_mem_gb 1.205
2026-10-01 22:40:15,959 | DEBUG | step 5992 epoch 4 loss 0.2087 step_s 0.0054 peak_mem_gb 1.205
2026-10-01 22:40:15,965 | DEBUG | step 5993 epoch 4 loss 0.2732 step_s 0.0054 peak_mem_gb 1.205
2026-10-01 22:40:15,972 | DEBUG | step 5994 epoch 4 loss 0.3878 step_s 0.0055 peak_mem_gb 1.205
2026-10-01 22:40:15,978 | DEBUG | step 5995 epoch 4 loss 0.1710 step_s 0.0056 peak_mem_gb 1.205
2026-10-01 22:40:15,985 | DEBUG | step 5996 epoch 4 loss 0.1052 step_s 0.0056 peak_mem_gb 1.205
2026-10-01 22:40:15,991 | DEBUG | step 5997 epoch 4 loss 0.1788 step_s 0.0054 peak_mem_gb 1.205
2026-10-01 22:40:15,997 | DEBUG | step 5998 epoch 4 loss 0.2939 step_s 0.0054 peak_mem_gb 1.205
2026-10-01 22:40:16,003 | DEBUG | step 5999 epoch 4 loss 0.2263 step_s 0.0053 peak_mem_gb 1.205
2026-10-01 22:40:16,009 | INFO | step 6000 epoch 4 loss 0.2120 step_s 0.0055 peak_mem_gb 1.205
2026-10-01 22:40:16,017 | DEBUG | step 6001 epoch 4 loss 0.3431 step_s 0.0055 peak_mem_gb 1.205
2026-10-01 22:40:16,023 | DEBUG | step 6002 epoch 4 loss 0.1309 step_s 0.0054 peak_mem_gb 1.205
2026-10-01 22:40:16,029 | DEBUG | step 6003 epoch 4 loss 0.2879 step_s 0.0054 peak_mem_gb 1.205
2026-10-01 22:40:16,035 | DEBUG | step 6004 epoch 4 loss 0.2009 step_s 0.0053 peak_mem_gb 1.205
2026-10-01 22:40:16,041 | DEBUG | step 6005 epoch 4 loss 0.2640 step_s 0.0054 peak_mem_gb 1.205
2026-10-01 22:40:16,047 | DEBUG | step 6006 epoch 4 loss 0.2688 step_s 0.0054 peak_mem_gb 1.205
2026-10-01 22:40:16,053 | DEBUG | step 6007 epoch 4 loss 0.1569 step_s 0.0053 peak_mem_gb 1.205
2026-10-01 22:40:16,059 | DEBUG | step 6008 epoch 4 loss 0.2076 step_s 0.0054 peak_mem_gb 1.205
2026-10-01 22:40:16,066 | DEBUG | step 6009 epoch 4 loss 0.2176 step_s 0.0055 peak_mem_gb 1.205
2026-10-01 22:40:16,072 | DEBUG | step 6010 epoch 4 loss 0.3050 step_s 0.0053 peak_mem_gb 1.205
2026-10-01 22:40:16,078 | DEBUG | step 6011 epoch 4 loss 0.2503 step_s 0.0054 peak_mem_gb 1.205
2026-10-01 22:40:16,084 | DEBUG | step 6012 epoch 4 loss 0.1776 step_s 0.0054 peak_mem_gb 1.205
2026-10-01 22:40:16,090 | DEBUG | step 6013 epoch 4 loss 0.4851 step_s 0.0054 peak_mem_gb 1.205
2026-10-01 22:40:16,096 | DEBUG | step 6014 epoch 4 loss 0.1367 step_s 0.0054 peak_mem_gb 1.205
2026-10-01 22:40:16,102 | DEBUG | step 6015 epoch 4 loss 0.3316 step_s 0.0054 peak_mem_gb 1.205
2026-10-01 22:40:16,108 | DEBUG | step 6016 epoch 4 loss 0.2570 step_s 0.0054 peak_mem_gb 1.205
2026-10-01 22:40:16,115 | DEBUG | step 6017 epoch 4 loss 0.1429 step_s 0.0054 peak_mem_gb 1.205
2026-10-01 22:40:16,122 | DEBUG | step 6018 epoch 4 loss 0.3364 step_s 0.0054 peak_mem_gb 1.205
2026-10-01 22:40:16,128 | DEBUG | step 6019 epoch 4 loss 0.3145 step_s 0.0054 peak_mem_gb 1.205
2026-10-01 22:40:16,134 | DEBUG | step 6020 epoch 4 loss 0.2075 step_s 0.0053 peak_mem_gb 1.205
2026-10-01 22:40:16,140 | DEBUG | step 6021 epoch 4 loss 0.2440 step_s 0.0053 peak_mem_gb 1.205
2026-10-01 22:40:16,147 | DEBUG | step 6022 epoch 4 loss 0.2103 step_s 0.0054 peak_mem_gb 1.205
2026-10-01 22:40:16,153 | DEBUG | step 6023 epoch 4 loss 0.1967 step_s 0.0053 peak_mem_gb 1.205
2026-10-01 22:40:16,159 | DEBUG | step 6024 epoch 4 loss 0.1509 step_s 0.0055 peak_mem_gb 1.205
2026-10-01 22:40:16,166 | DEBUG | step 6025 epoch 4 loss 0.1967 step_s 0.0061 peak_mem_gb 1.205
2026-10-01 22:40:16,173 | DEBUG | step 6026 epoch 4 loss 0.1202 step_s 0.0058 peak_mem_gb 1.205
2026-10-01 22:40:16,179 | DEBUG | step 6027 epoch 4 loss 0.1910 step_s 0.0054 peak_mem_gb 1.205
2026-10-01 22:40:16,185 | DEBUG | step 6028 epoch 4 loss 0.2290 step_s 0.0053 peak_mem_gb 1.205
2026-10-01 22:40:16,192 | DEBUG | step 6029 epoch 4 loss 0.1302 step_s 0.0055 peak_mem_gb 1.205
2026-10-01 22:40:16,198 | DEBUG | step 6030 epoch 4 loss 0.4144 step_s 0.0054 peak_mem_gb 1.205
2026-10-01 22:40:16,204 | DEBUG | step 6031 epoch 4 loss 0.2703 step_s 0.0054 peak_mem_gb 1.205
2026-10-01 22:40:16,210 | DEBUG | step 6032 epoch 4 loss 0.2239 step_s 0.0053 peak_mem_gb 1.205
2026-10-01 22:40:16,216 | DEBUG | step 6033 epoch 4 loss 0.3136 step_s 0.0053 peak_mem_gb 1.205
2026-10-01 22:40:16,222 | DEBUG | step 6034 epoch 4 loss 0.1966 step_s 0.0053 peak_mem_gb 1.205
2026-10-01 22:40:16,228 | DEBUG | step 6035 epoch 4 loss 0.1423 step_s 0.0053 peak_mem_gb 1.205
2026-10-01 22:40:16,234 | DEBUG | step 6036 epoch 4 loss 0.2307 step_s 0.0054 peak_mem_gb 1.205
2026-10-01 22:40:16,240 | DEBUG | step 6037 epoch 4 loss 0.1960 step_s 0.0053 peak_mem_gb 1.205
2026-10-01 22:40:16,246 | DEBUG | step 6038 epoch 4 loss 0.1981 step_s 0.0054 peak_mem_gb 1.205
2026-10-01 22:40:16,252 | DEBUG | step 6039 epoch 4 loss 0.2739 step_s 0.0054 peak_mem_gb 1.205
2026-10-01 22:40:16,258 | DEBUG | step 6040 epoch 4 loss 0.2462 step_s 0.0053 peak_mem_gb 1.205
2026-10-01 22:40:16,264 | DEBUG | step 6041 epoch 4 loss 0.1240 step_s 0.0053 peak_mem_gb 1.205
2026-10-01 22:40:16,271 | DEBUG | step 6042 epoch 4 loss 0.1462 step_s 0.0055 peak_mem_gb 1.205
2026-10-01 22:40:16,277 | DEBUG | step 6043 epoch 4 loss 0.2354 step_s 0.0054 peak_mem_gb 1.205
2026-10-01 22:40:16,283 | DEBUG | step 6044 epoch 4 loss 0.2806 step_s 0.0053 peak_mem_gb 1.205
2026-10-01 22:40:16,289 | DEBUG | step 6045 epoch 4 loss 0.1456 step_s 0.0053 peak_mem_gb 1.205
2026-10-01 22:40:16,295 | DEBUG | step 6046 epoch 4 loss 0.3556 step_s 0.0053 peak_mem_gb 1.205
2026-10-01 22:40:16,301 | DEBUG | step 6047 epoch 4 loss 0.1179 step_s 0.0055 peak_mem_gb 1.205
2026-10-01 22:40:16,307 | DEBUG | step 6048 epoch 4 loss 0.1958 step_s 0.0053 peak_mem_gb 1.205
2026-10-01 22:40:16,313 | DEBUG | step 6049 epoch 4 loss 0.2887 step_s 0.0054 peak_mem_gb 1.205
2026-10-01 22:40:16,319 | DEBUG | step 6050 epoch 4 loss 0.1156 step_s 0.0053 peak_mem_gb 1.205
2026-10-01 22:40:16,325 | DEBUG | step 6051 epoch 4 loss 0.1643 step_s 0.0053 peak_mem_gb 1.205
2026-10-01 22:40:16,331 | DEBUG | step 6052 epoch 4 loss 0.1169 step_s 0.0053 peak_mem_gb 1.205
2026-10-01 22:40:16,337 | DEBUG | step 6053 epoch 4 loss 0.3127 step_s 0.0053 peak_mem_gb 1.205
2026-10-01 22:40:16,343 | DEBUG | step 6054 epoch 4 loss 0.3120 step_s 0.0053 peak_mem_gb 1.205
2026-10-01 22:40:16,349 | DEBUG | step 6055 epoch 4 loss 0.1973 step_s 0.0053 peak_mem_gb 1.205
2026-10-01 22:40:16,355 | DEBUG | step 6056 epoch 4 loss 0.1298 step_s 0.0054 peak_mem_gb 1.205
2026-10-01 22:40:16,361 | DEBUG | step 6057 epoch 4 loss 0.2064 step_s 0.0054 peak_mem_gb 1.205
2026-10-01 22:40:16,367 | DEBUG | step 6058 epoch 4 loss 0.2497 step_s 0.0053 peak_mem_gb 1.205
2026-10-01 22:40:16,373 | DEBUG | step 6059 epoch 4 loss 0.2585 step_s 0.0053 peak_mem_gb 1.205
2026-10-01 22:40:16,379 | DEBUG | step 6060 epoch 4 loss 0.1618 step_s 0.0054 peak_mem_gb 1.205
2026-10-01 22:40:16,385 | DEBUG | step 6061 epoch 4 loss 0.1403 step_s 0.0053 peak_mem_gb 1.205
2026-10-01 22:40:16,391 | DEBUG | step 6062 epoch 4 loss 0.2219 step_s 0.0054 peak_mem_gb 1.205
2026-10-01 22:40:16,397 | DEBUG | step 6063 epoch 4 loss 0.1366 step_s 0.0054 peak_mem_gb 1.205
2026-10-01 22:40:16,403 | DEBUG | step 6064 epoch 4 loss 0.2128 step_s 0.0053 peak_mem_gb 1.205
2026-10-01 22:40:16,409 | DEBUG | step 6065 epoch 4 loss 0.3627 step_s 0.0054 peak_mem_gb 1.205
2026-10-01 22:40:16,415 | DEBUG | step 6066 epoch 4 loss 0.2604 step_s 0.0053 peak_mem_gb 1.205
2026-10-01 22:40:16,421 | DEBUG | step 6067 epoch 4 loss 0.1640 step_s 0.0053 peak_mem_gb 1.205
2026-10-01 22:40:16,427 | DEBUG | step 6068 epoch 4 loss 0.1637 step_s 0.0053 peak_mem_gb 1.205
2026-10-01 22:40:16,433 | DEBUG | step 6069 epoch 4 loss 0.0995 step_s 0.0053 peak_mem_gb 1.205
2026-10-01 22:40:16,439 | DEBUG | step 6070 epoch 4 loss 0.2517 step_s 0.0054 peak_mem_gb 1.205
2026-10-01 22:40:16,445 | DEBUG | step 6071 epoch 4 loss 0.1968 step_s 0.0053 peak_mem_gb 1.205
2026-10-01 22:40:16,451 | DEBUG | step 6072 epoch 4 loss 0.1532 step_s 0.0053 peak_mem_gb 1.205
2026-10-01 22:40:16,457 | DEBUG | step 6073 epoch 4 loss 0.1831 step_s 0.0053 peak_mem_gb 1.205
2026-10-01 22:40:16,463 | DEBUG | step 6074 epoch 4 loss 0.1841 step_s 0.0053 peak_mem_gb 1.205
2026-10-01 22:40:16,469 | DEBUG | step 6075 epoch 4 loss 0.1754 step_s 0.0053 peak_mem_gb 1.205
2026-10-01 22:40:16,475 | DEBUG | step 6076 epoch 4 loss 0.2938 step_s 0.0054 peak_mem_gb 1.205
2026-10-01 22:40:16,481 | DEBUG | step 6077 epoch 4 loss 0.2302 step_s 0.0053 peak_mem_gb 1.205
2026-10-01 22:40:16,487 | DEBUG | step 6078 epoch 4 loss 0.2379 step_s 0.0053 peak_mem_gb 1.205
2026-10-01 22:40:16,493 | DEBUG | step 6079 epoch 4 loss 0.2070 step_s 0.0053 peak_mem_gb 1.205
2026-10-01 22:40:16,499 | DEBUG | step 6080 epoch 4 loss 0.1335 step_s 0.0053 peak_mem_gb 1.205
2026-10-01 22:40:16,505 | DEBUG | step 6081 epoch 4 loss 0.1628 step_s 0.0053 peak_mem_gb 1.205
2026-10-01 22:40:16,511 | DEBUG | step 6082 epoch 4 loss 0.2613 step_s 0.0053 peak_mem_gb 1.205
2026-10-01 22:40:16,517 | DEBUG | step 6083 epoch 4 loss 0.1813 step_s 0.0053 peak_mem_gb 1.205
2026-10-01 22:40:16,523 | DEBUG | step 6084 epoch 4 loss 0.2016 step_s 0.0053 peak_mem_gb 1.205
2026-10-01 22:40:16,529 | DEBUG | step 6085 epoch 4 loss 0.3576 step_s 0.0054 peak_mem_gb 1.205
2026-10-01 22:40:16,535 | DEBUG | step 6086 epoch 4 loss 0.2209 step_s 0.0054 peak_mem_gb 1.205
2026-10-01 22:40:16,541 | DEBUG | step 6087 epoch 4 loss 0.2569 step_s 0.0053 peak_mem_gb 1.205
2026-10-01 22:40:16,547 | DEBUG | step 6088 epoch 4 loss 0.3513 step_s 0.0054 peak_mem_gb 1.205
2026-10-01 22:40:16,553 | DEBUG | step 6089 epoch 4 loss 0.1298 step_s 0.0053 peak_mem_gb 1.205
2026-10-01 22:40:16,559 | DEBUG | step 6090 epoch 4 loss 0.2171 step_s 0.0053 peak_mem_gb 1.205
2026-10-01 22:40:16,565 | DEBUG | step 6091 epoch 4 loss 0.2741 step_s 0.0053 peak_mem_gb 1.205
2026-10-01 22:40:16,571 | DEBUG | step 6092 epoch 4 loss 0.2382 step_s 0.0056 peak_mem_gb 1.205
2026-10-01 22:40:16,577 | DEBUG | step 6093 epoch 4 loss 0.3035 step_s 0.0053 peak_mem_gb 1.205
2026-10-01 22:40:16,583 | DEBUG | step 6094 epoch 4 loss 0.1975 step_s 0.0054 peak_mem_gb 1.205
2026-10-01 22:40:16,589 | DEBUG | step 6095 epoch 4 loss 0.2520 step_s 0.0053 peak_mem_gb 1.205
2026-10-01 22:40:16,595 | DEBUG | step 6096 epoch 4 loss 0.3518 step_s 0.0054 peak_mem_gb 1.205
2026-10-01 22:40:16,601 | DEBUG | step 6097 epoch 4 loss 0.2931 step_s 0.0053 peak_mem_gb 1.205
2026-10-01 22:40:16,607 | DEBUG | step 6098 epoch 4 loss 0.2007 step_s 0.0053 peak_mem_gb 1.205
2026-10-01 22:40:16,613 | DEBUG | step 6099 epoch 4 loss 0.1069 step_s 0.0054 peak_mem_gb 1.205
2026-10-01 22:40:16,619 | DEBUG | step 6100 epoch 4 loss 0.1659 step_s 0.0053 peak_mem_gb 1.205
2026-10-01 22:40:16,625 | DEBUG | step 6101 epoch 4 loss 0.1451 step_s 0.0054 peak_mem_gb 1.205
2026-10-01 22:40:16,631 | DEBUG | step 6102 epoch 4 loss 0.1332 step_s 0.0053 peak_mem_gb 1.205
2026-10-01 22:40:16,637 | DEBUG | step 6103 epoch 4 loss 0.2562 step_s 0.0053 peak_mem_gb 1.205
2026-10-01 22:40:16,643 | DEBUG | step 6104 epoch 4 loss 0.1468 step_s 0.0054 peak_mem_gb 1.205
2026-10-01 22:40:16,649 | DEBUG | step 6105 epoch 4 loss 0.1786 step_s 0.0056 peak_mem_gb 1.205
2026-10-01 22:40:16,655 | DEBUG | step 6106 epoch 4 loss 0.1992 step_s 0.0053 peak_mem_gb 1.205
2026-10-01 22:40:16,661 | DEBUG | step 6107 epoch 4 loss 0.1956 step_s 0.0054 peak_mem_gb 1.205
2026-10-01 22:40:16,667 | DEBUG | step 6108 epoch 4 loss 0.2004 step_s 0.0054 peak_mem_gb 1.205
2026-10-01 22:40:16,673 | DEBUG | step 6109 epoch 4 loss 0.1998 step_s 0.0053 peak_mem_gb 1.205
2026-10-01 22:40:16,679 | DEBUG | step 6110 epoch 4 loss 0.1794 step_s 0.0054 peak_mem_gb 1.205
2026-10-01 22:40:16,685 | DEBUG | step 6111 epoch 4 loss 0.1899 step_s 0.0054 peak_mem_gb 1.205
2026-10-01 22:40:16,691 | DEBUG | step 6112 epoch 4 loss 0.3001 step_s 0.0053 peak_mem_gb 1.205
2026-10-01 22:40:16,698 | DEBUG | step 6113 epoch 4 loss 0.2929 step_s 0.0054 peak_mem_gb 1.205
2026-10-01 22:40:16,704 | DEBUG | step 6114 epoch 4 loss 0.2055 step_s 0.0053 peak_mem_gb 1.205
2026-10-01 22:40:16,710 | DEBUG | step 6115 epoch 4 loss 0.1680 step_s 0.0054 peak_mem_gb 1.205
2026-10-01 22:40:16,716 | DEBUG | step 6116 epoch 4 loss 0.1473 step_s 0.0053 peak_mem_gb 1.205
2026-10-01 22:40:16,722 | DEBUG | step 6117 epoch 4 loss 0.2681 step_s 0.0053 peak_mem_gb 1.205
2026-10-01 22:40:16,728 | DEBUG | step 6118 epoch 4 loss 0.1753 step_s 0.0054 peak_mem_gb 1.205
2026-10-01 22:40:16,734 | DEBUG | step 6119 epoch 4 loss 0.2722 step_s 0.0054 peak_mem_gb 1.205
2026-10-01 22:40:16,740 | DEBUG | step 6120 epoch 4 loss 0.4344 step_s 0.0053 peak_mem_gb 1.205
2026-10-01 22:40:16,746 | DEBUG | step 6121 epoch 4 loss 0.1606 step_s 0.0054 peak_mem_gb 1.205
2026-10-01 22:40:16,752 | DEBUG | step 6122 epoch 4 loss 0.2527 step_s 0.0054 peak_mem_gb 1.205
2026-10-01 22:40:16,758 | DEBUG | step 6123 epoch 4 loss 0.1312 step_s 0.0053 peak_mem_gb 1.205
2026-10-01 22:40:16,764 | DEBUG | step 6124 epoch 4 loss 0.1951 step_s 0.0053 peak_mem_gb 1.205
2026-10-01 22:40:16,770 | DEBUG | step 6125 epoch 4 loss 0.3475 step_s 0.0053 peak_mem_gb 1.205
2026-10-01 22:40:16,776 | DEBUG | step 6126 epoch 4 loss 0.1708 step_s 0.0054 peak_mem_gb 1.205
2026-10-01 22:40:16,782 | DEBUG | step 6127 epoch 4 loss 0.1970 step_s 0.0054 peak_mem_gb 1.205
2026-10-01 22:40:16,788 | DEBUG | step 6128 epoch 4 loss 0.1453 step_s 0.0054 peak_mem_gb 1.205
2026-10-01 22:40:16,794 | DEBUG | step 6129 epoch 4 loss 0.2998 step_s 0.0054 peak_mem_gb 1.205
2026-10-01 22:40:16,800 | DEBUG | step 6130 epoch 4 loss 0.3849 step_s 0.0053 peak_mem_gb 1.205
2026-10-01 22:40:16,806 | DEBUG | step 6131 epoch 4 loss 0.1618 step_s 0.0053 peak_mem_gb 1.205
2026-10-01 22:40:16,812 | DEBUG | step 6132 epoch 4 loss 0.1393 step_s 0.0054 peak_mem_gb 1.205
2026-10-01 22:40:16,818 | DEBUG | step 6133 epoch 4 loss 0.2795 step_s 0.0053 peak_mem_gb 1.205
2026-10-01 22:40:16,824 | DEBUG | step 6134 epoch 4 loss 0.2561 step_s 0.0053 peak_mem_gb 1.205
2026-10-01 22:40:16,830 | DEBUG | step 6135 epoch 4 loss 0.2303 step_s 0.0053 peak_mem_gb 1.205
2026-10-01 22:40:16,836 | DEBUG | step 6136 epoch 4 loss 0.1837 step_s 0.0053 peak_mem_gb 1.205
2026-10-01 22:40:16,842 | DEBUG | step 6137 epoch 4 loss 0.2027 step_s 0.0054 peak_mem_gb 1.205
2026-10-01 22:40:16,848 | DEBUG | step 6138 epoch 4 loss 0.2769 step_s 0.0053 peak_mem_gb 1.205
2026-10-01 22:40:16,854 | DEBUG | step 6139 epoch 4 loss 0.1702 step_s 0.0054 peak_mem_gb 1.205
2026-10-01 22:40:16,861 | DEBUG | step 6140 epoch 4 loss 0.2303 step_s 0.0054 peak_mem_gb 1.205
2026-10-01 22:40:16,867 | DEBUG | step 6141 epoch 4 loss 0.1448 step_s 0.0054 peak_mem_gb 1.205
2026-10-01 22:40:16,873 | DEBUG | step 6142 epoch 4 loss 0.1372 step_s 0.0054 peak_mem_gb 1.205
2026-10-01 22:40:16,879 | DEBUG | step 6143 epoch 4 loss 0.2908 step_s 0.0054 peak_mem_gb 1.205
2026-10-01 22:40:16,885 | DEBUG | step 6144 epoch 4 loss 0.2658 step_s 0.0054 peak_mem_gb 1.205
2026-10-01 22:40:16,891 | DEBUG | step 6145 epoch 4 loss 0.2039 step_s 0.0054 peak_mem_gb 1.205
2026-10-01 22:40:16,898 | DEBUG | step 6146 epoch 4 loss 0.2695 step_s 0.0053 peak_mem_gb 1.205
2026-10-01 22:40:16,904 | DEBUG | step 6147 epoch 4 loss 0.2323 step_s 0.0053 peak_mem_gb 1.205
2026-10-01 22:40:16,910 | DEBUG | step 6148 epoch 4 loss 0.2398 step_s 0.0056 peak_mem_gb 1.205
2026-10-01 22:40:16,918 | DEBUG | step 6149 epoch 4 loss 0.2297 step_s 0.0063 peak_mem_gb 1.205
2026-10-01 22:40:16,924 | DEBUG | step 6150 epoch 4 loss 0.2000 step_s 0.0056 peak_mem_gb 1.205
2026-10-01 22:40:16,930 | DEBUG | step 6151 epoch 4 loss 0.1517 step_s 0.0054 peak_mem_gb 1.205
2026-10-01 22:40:16,937 | DEBUG | step 6152 epoch 4 loss 0.3360 step_s 0.0054 peak_mem_gb 1.205
2026-10-01 22:40:16,943 | DEBUG | step 6153 epoch 4 loss 0.2531 step_s 0.0053 peak_mem_gb 1.205
2026-10-01 22:40:16,949 | DEBUG | step 6154 epoch 4 loss 0.2982 step_s 0.0055 peak_mem_gb 1.205
2026-10-01 22:40:16,955 | DEBUG | step 6155 epoch 4 loss 0.1339 step_s 0.0053 peak_mem_gb 1.205
2026-10-01 22:40:16,961 | DEBUG | step 6156 epoch 4 loss 0.4182 step_s 0.0054 peak_mem_gb 1.205
2026-10-01 22:40:16,967 | DEBUG | step 6157 epoch 4 loss 0.1200 step_s 0.0053 peak_mem_gb 1.205
2026-10-01 22:40:16,973 | DEBUG | step 6158 epoch 4 loss 0.3083 step_s 0.0053 peak_mem_gb 1.205
2026-10-01 22:40:16,979 | DEBUG | step 6159 epoch 4 loss 0.3677 step_s 0.0054 peak_mem_gb 1.205
2026-10-01 22:40:16,985 | DEBUG | step 6160 epoch 4 loss 0.1827 step_s 0.0053 peak_mem_gb 1.205
2026-10-01 22:40:16,991 | DEBUG | step 6161 epoch 4 loss 0.1216 step_s 0.0053 peak_mem_gb 1.205
2026-10-01 22:40:16,998 | DEBUG | step 6162 epoch 4 loss 0.2296 step_s 0.0054 peak_mem_gb 1.205
2026-10-01 22:40:17,004 | DEBUG | step 6163 epoch 4 loss 0.2246 step_s 0.0054 peak_mem_gb 1.205
2026-10-01 22:40:17,010 | DEBUG | step 6164 epoch 4 loss 0.2502 step_s 0.0054 peak_mem_gb 1.205
2026-10-01 22:40:17,016 | DEBUG | step 6165 epoch 4 loss 0.1994 step_s 0.0054 peak_mem_gb 1.205
2026-10-01 22:40:17,022 | DEBUG | step 6166 epoch 4 loss 0.2855 step_s 0.0054 peak_mem_gb 1.205
2026-10-01 22:40:17,028 | DEBUG | step 6167 epoch 4 loss 0.1696 step_s 0.0054 peak_mem_gb 1.205
2026-10-01 22:40:17,034 | DEBUG | step 6168 epoch 4 loss 0.2819 step_s 0.0054 peak_mem_gb 1.205
2026-10-01 22:40:17,040 | DEBUG | step 6169 epoch 4 loss 0.2123 step_s 0.0053 peak_mem_gb 1.205
2026-10-01 22:40:17,046 | DEBUG | step 6170 epoch 4 loss 0.2139 step_s 0.0054 peak_mem_gb 1.205
2026-10-01 22:40:17,052 | DEBUG | step 6171 epoch 4 loss 0.1776 step_s 0.0053 peak_mem_gb 1.205
2026-10-01 22:40:17,058 | DEBUG | step 6172 epoch 4 loss 0.2343 step_s 0.0054 peak_mem_gb 1.205
2026-10-01 22:40:17,064 | DEBUG | step 6173 epoch 4 loss 0.1883 step_s 0.0053 peak_mem_gb 1.205
2026-10-01 22:40:17,070 | DEBUG | step 6174 epoch 4 loss 0.2952 step_s 0.0054 peak_mem_gb 1.205
2026-10-01 22:40:17,076 | DEBUG | step 6175 epoch 4 loss 0.0805 step_s 0.0054 peak_mem_gb 1.205
2026-10-01 22:40:17,082 | DEBUG | step 6176 epoch 4 loss 0.2663 step_s 0.0054 peak_mem_gb 1.205
2026-10-01 22:40:17,088 | DEBUG | step 6177 epoch 4 loss 0.1861 step_s 0.0053 peak_mem_gb 1.205
2026-10-01 22:40:17,096 | DEBUG | step 6178 epoch 4 loss 0.1895 step_s 0.0054 peak_mem_gb 1.205
2026-10-01 22:40:17,102 | DEBUG | step 6179 epoch 4 loss 0.1985 step_s 0.0053 peak_mem_gb 1.205
2026-10-01 22:40:17,109 | DEBUG | step 6180 epoch 4 loss 0.1487 step_s 0.0054 peak_mem_gb 1.205
2026-10-01 22:40:17,115 | DEBUG | step 6181 epoch 4 loss 0.4100 step_s 0.0053 peak_mem_gb 1.205
2026-10-01 22:40:17,121 | DEBUG | step 6182 epoch 4 loss 0.3550 step_s 0.0054 peak_mem_gb 1.205
2026-10-01 22:40:17,127 | DEBUG | step 6183 epoch 4 loss 0.2671 step_s 0.0053 peak_mem_gb 1.205
2026-10-01 22:40:17,133 | DEBUG | step 6184 epoch 4 loss 0.2629 step_s 0.0054 peak_mem_gb 1.205
2026-10-01 22:40:17,139 | DEBUG | step 6185 epoch 4 loss 0.1698 step_s 0.0053 peak_mem_gb 1.205
2026-10-01 22:40:17,145 | DEBUG | step 6186 epoch 4 loss 0.1783 step_s 0.0054 peak_mem_gb 1.205
2026-10-01 22:40:17,151 | DEBUG | step 6187 epoch 4 loss 0.1666 step_s 0.0054 peak_mem_gb 1.205
2026-10-01 22:40:17,157 | DEBUG | step 6188 epoch 4 loss 0.2688 step_s 0.0054 peak_mem_gb 1.205
2026-10-01 22:40:17,163 | DEBUG | step 6189 epoch 4 loss 0.2837 step_s 0.0054 peak_mem_gb 1.205
2026-10-01 22:40:17,169 | DEBUG | step 6190 epoch 4 loss 0.1476 step_s 0.0054 peak_mem_gb 1.205
2026-10-01 22:40:17,175 | DEBUG | step 6191 epoch 4 loss 0.4002 step_s 0.0054 peak_mem_gb 1.205
2026-10-01 22:40:17,181 | DEBUG | step 6192 epoch 4 loss 0.2341 step_s 0.0054 peak_mem_gb 1.205
2026-10-01 22:40:17,187 | DEBUG | step 6193 epoch 4 loss 0.1926 step_s 0.0054 peak_mem_gb 1.205
2026-10-01 22:40:17,193 | DEBUG | step 6194 epoch 4 loss 0.2485 step_s 0.0053 peak_mem_gb 1.205
2026-10-01 22:40:17,200 | DEBUG | step 6195 epoch 4 loss 0.2519 step_s 0.0054 peak_mem_gb 1.205
2026-10-01 22:40:17,206 | DEBUG | step 6196 epoch 4 loss 0.2049 step_s 0.0054 peak_mem_gb 1.205
2026-10-01 22:40:17,212 | DEBUG | step 6197 epoch 4 loss 0.2259 step_s 0.0054 peak_mem_gb 1.205
2026-10-01 22:40:17,218 | DEBUG | step 6198 epoch 4 loss 0.2491 step_s 0.0054 peak_mem_gb 1.205
2026-10-01 22:40:17,224 | DEBUG | step 6199 epoch 4 loss 0.3139 step_s 0.0054 peak_mem_gb 1.205
2026-10-01 22:40:17,230 | INFO | step 6200 epoch 4 loss 0.2851 step_s 0.0054 peak_mem_gb 1.205
2026-10-01 22:40:17,237 | DEBUG | step 6201 epoch 4 loss 0.2477 step_s 0.0055 peak_mem_gb 1.205
2026-10-01 22:40:17,243 | DEBUG | step 6202 epoch 4 loss 0.1972 step_s 0.0054 peak_mem_gb 1.205
2026-10-01 22:40:17,249 | DEBUG | step 6203 epoch 4 loss 0.2658 step_s 0.0053 peak_mem_gb 1.205
2026-10-01 22:40:17,255 | DEBUG | step 6204 epoch 4 loss 0.2660 step_s 0.0053 peak_mem_gb 1.205
2026-10-01 22:40:17,261 | DEBUG | step 6205 epoch 4 loss 0.2471 step_s 0.0053 peak_mem_gb 1.205
2026-10-01 22:40:17,267 | DEBUG | step 6206 epoch 4 loss 0.2219 step_s 0.0053 peak_mem_gb 1.205
2026-10-01 22:40:17,273 | DEBUG | step 6207 epoch 4 loss 0.1475 step_s 0.0054 peak_mem_gb 1.205
2026-10-01 22:40:17,279 | DEBUG | step 6208 epoch 4 loss 0.2559 step_s 0.0053 peak_mem_gb 1.205
2026-10-01 22:40:17,285 | DEBUG | step 6209 epoch 4 loss 0.1891 step_s 0.0053 peak_mem_gb 1.205
2026-10-01 22:40:17,291 | DEBUG | step 6210 epoch 4 loss 0.2219 step_s 0.0053 peak_mem_gb 1.205
2026-10-01 22:40:17,297 | DEBUG | step 6211 epoch 4 loss 0.1905 step_s 0.0053 peak_mem_gb 1.205
2026-10-01 22:40:17,303 | DEBUG | step 6212 epoch 4 loss 0.3005 step_s 0.0054 peak_mem_gb 1.205
2026-10-01 22:40:17,309 | DEBUG | step 6213 epoch 4 loss 0.2788 step_s 0.0053 peak_mem_gb 1.205
2026-10-01 22:40:17,315 | DEBUG | step 6214 epoch 4 loss 0.2414 step_s 0.0054 peak_mem_gb 1.205
2026-10-01 22:40:17,321 | DEBUG | step 6215 epoch 4 loss 0.3529 step_s 0.0054 peak_mem_gb 1.205
2026-10-01 22:40:17,327 | DEBUG | step 6216 epoch 4 loss 0.3305 step_s 0.0053 peak_mem_gb 1.205
2026-10-01 22:40:17,333 | DEBUG | step 6217 epoch 4 loss 0.2004 step_s 0.0053 peak_mem_gb 1.205
2026-10-01 22:40:17,339 | DEBUG | step 6218 epoch 4 loss 0.2620 step_s 0.0053 peak_mem_gb 1.205
2026-10-01 22:40:17,345 | DEBUG | step 6219 epoch 4 loss 0.4036 step_s 0.0054 peak_mem_gb 1.205
2026-10-01 22:40:17,351 | DEBUG | step 6220 epoch 4 loss 0.2069 step_s 0.0054 peak_mem_gb 1.205
2026-10-01 22:40:17,357 | DEBUG | step 6221 epoch 4 loss 0.2028 step_s 0.0054 peak_mem_gb 1.205
2026-10-01 22:40:17,363 | DEBUG | step 6222 epoch 4 loss 0.1486 step_s 0.0054 peak_mem_gb 1.205
2026-10-01 22:40:17,369 | DEBUG | step 6223 epoch 4 loss 0.2761 step_s 0.0053 peak_mem_gb 1.205
2026-10-01 22:40:17,375 | DEBUG | step 6224 epoch 4 loss 0.3412 step_s 0.0054 peak_mem_gb 1.205
2026-10-01 22:40:17,381 | DEBUG | step 6225 epoch 4 loss 0.1862 step_s 0.0053 peak_mem_gb 1.205
2026-10-01 22:40:17,387 | DEBUG | step 6226 epoch 4 loss 0.1665 step_s 0.0054 peak_mem_gb 1.205
2026-10-01 22:40:17,393 | DEBUG | step 6227 epoch 4 loss 0.1800 step_s 0.0054 peak_mem_gb 1.205
2026-10-01 22:40:17,399 | DEBUG | step 6228 epoch 4 loss 0.1023 step_s 0.0053 peak_mem_gb 1.205
2026-10-01 22:40:17,405 | DEBUG | step 6229 epoch 4 loss 0.1856 step_s 0.0053 peak_mem_gb 1.205
2026-10-01 22:40:17,411 | DEBUG | step 6230 epoch 4 loss 0.1942 step_s 0.0053 peak_mem_gb 1.205
2026-10-01 22:40:17,417 | DEBUG | step 6231 epoch 4 loss 0.1789 step_s 0.0054 peak_mem_gb 1.205
2026-10-01 22:40:17,424 | DEBUG | step 6232 epoch 4 loss 0.2138 step_s 0.0054 peak_mem_gb 1.205
2026-10-01 22:40:17,430 | DEBUG | step 6233 epoch 4 loss 0.1410 step_s 0.0054 peak_mem_gb 1.205
2026-10-01 22:40:17,436 | DEBUG | step 6234 epoch 4 loss 0.1112 step_s 0.0054 peak_mem_gb 1.205
2026-10-01 22:40:17,442 | DEBUG | step 6235 epoch 4 loss 0.3219 step_s 0.0054 peak_mem_gb 1.205
2026-10-01 22:40:17,448 | DEBUG | step 6236 epoch 4 loss 0.2196 step_s 0.0053 peak_mem_gb 1.205
2026-10-01 22:40:17,454 | DEBUG | step 6237 epoch 4 loss 0.2621 step_s 0.0054 peak_mem_gb 1.205
2026-10-01 22:40:17,460 | DEBUG | step 6238 epoch 4 loss 0.1980 step_s 0.0054 peak_mem_gb 1.205
2026-10-01 22:40:17,466 | DEBUG | step 6239 epoch 4 loss 0.2581 step_s 0.0054 peak_mem_gb 1.205
2026-10-01 22:40:17,472 | DEBUG | step 6240 epoch 4 loss 0.1734 step_s 0.0053 peak_mem_gb 1.205
2026-10-01 22:40:17,478 | DEBUG | step 6241 epoch 4 loss 0.3688 step_s 0.0054 peak_mem_gb 1.205
2026-10-01 22:40:17,484 | DEBUG | step 6242 epoch 4 loss 0.2187 step_s 0.0053 peak_mem_gb 1.205
2026-10-01 22:40:17,490 | DEBUG | step 6243 epoch 4 loss 0.2423 step_s 0.0053 peak_mem_gb 1.205
2026-10-01 22:40:17,496 | DEBUG | step 6244 epoch 4 loss 0.3757 step_s 0.0054 peak_mem_gb 1.205
2026-10-01 22:40:17,502 | DEBUG | step 6245 epoch 4 loss 0.1525 step_s 0.0054 peak_mem_gb 1.205
2026-10-01 22:40:17,508 | DEBUG | step 6246 epoch 4 loss 0.2567 step_s 0.0053 peak_mem_gb 1.205
2026-10-01 22:40:17,514 | DEBUG | step 6247 epoch 4 loss 0.1966 step_s 0.0054 peak_mem_gb 1.205
2026-10-01 22:40:17,520 | DEBUG | step 6248 epoch 4 loss 0.2098 step_s 0.0054 peak_mem_gb 1.205
2026-10-01 22:40:17,526 | DEBUG | step 6249 epoch 4 loss 0.1712 step_s 0.0054 peak_mem_gb 1.205
2026-10-01 22:40:17,532 | DEBUG | step 6250 epoch 4 loss 0.1782 step_s 0.0053 peak_mem_gb 1.205
2026-10-01 22:40:17,538 | DEBUG | step 6251 epoch 4 loss 0.2307 step_s 0.0053 peak_mem_gb 1.205
2026-10-01 22:40:17,546 | DEBUG | step 6252 epoch 4 loss 0.2773 step_s 0.0046 peak_mem_gb 1.205
2026-10-01 22:40:17,974 | INFO | epoch 4/5 train_loss 0.2331 val_f1_macro 0.9015 val_accuracy 0.9015
2026-10-01 22:40:18,099 | INFO | new best val_f1_macro 0.9015 -> task2_sentiment/sneha/checkpoints/charcnn_best.pt
2026-10-01 22:40:18,111 | DEBUG | step 6253 epoch 5 loss 0.2134 step_s 0.0071 peak_mem_gb 1.205
2026-10-01 22:40:18,117 | DEBUG | step 6254 epoch 5 loss 0.2103 step_s 0.0059 peak_mem_gb 1.205
2026-10-01 22:40:18,124 | DEBUG | step 6255 epoch 5 loss 0.1580 step_s 0.0055 peak_mem_gb 1.205
2026-10-01 22:40:18,130 | DEBUG | step 6256 epoch 5 loss 0.2372 step_s 0.0055 peak_mem_gb 1.205
2026-10-01 22:40:18,137 | DEBUG | step 6257 epoch 5 loss 0.2188 step_s 0.0054 peak_mem_gb 1.205
2026-10-01 22:40:18,143 | DEBUG | step 6258 epoch 5 loss 0.3401 step_s 0.0055 peak_mem_gb 1.205
2026-10-01 22:40:18,149 | DEBUG | step 6259 epoch 5 loss 0.2186 step_s 0.0055 peak_mem_gb 1.205
2026-10-01 22:40:18,156 | DEBUG | step 6260 epoch 5 loss 0.1357 step_s 0.0056 peak_mem_gb 1.205
2026-10-01 22:40:18,162 | DEBUG | step 6261 epoch 5 loss 0.1928 step_s 0.0055 peak_mem_gb 1.205
2026-10-01 22:40:18,169 | DEBUG | step 6262 epoch 5 loss 0.1483 step_s 0.0055 peak_mem_gb 1.205
2026-10-01 22:40:18,175 | DEBUG | step 6263 epoch 5 loss 0.1869 step_s 0.0055 peak_mem_gb 1.205
2026-10-01 22:40:18,181 | DEBUG | step 6264 epoch 5 loss 0.1098 step_s 0.0056 peak_mem_gb 1.205
2026-10-01 22:40:18,188 | DEBUG | step 6265 epoch 5 loss 0.3205 step_s 0.0055 peak_mem_gb 1.205
2026-10-01 22:40:18,195 | DEBUG | step 6266 epoch 5 loss 0.1819 step_s 0.0057 peak_mem_gb 1.205
2026-10-01 22:40:18,201 | DEBUG | step 6267 epoch 5 loss 0.1226 step_s 0.0055 peak_mem_gb 1.205
2026-10-01 22:40:18,207 | DEBUG | step 6268 epoch 5 loss 0.3133 step_s 0.0055 peak_mem_gb 1.205
2026-10-01 22:40:18,214 | DEBUG | step 6269 epoch 5 loss 0.2735 step_s 0.0055 peak_mem_gb 1.205
2026-10-01 22:40:18,220 | DEBUG | step 6270 epoch 5 loss 0.2052 step_s 0.0055 peak_mem_gb 1.205
2026-10-01 22:40:18,226 | DEBUG | step 6271 epoch 5 loss 0.2966 step_s 0.0057 peak_mem_gb 1.205
2026-10-01 22:40:18,233 | DEBUG | step 6272 epoch 5 loss 0.2818 step_s 0.0055 peak_mem_gb 1.205
2026-10-01 22:40:18,239 | DEBUG | step 6273 epoch 5 loss 0.1820 step_s 0.0055 peak_mem_gb 1.205
2026-10-01 22:40:18,246 | DEBUG | step 6274 epoch 5 loss 0.3235 step_s 0.0060 peak_mem_gb 1.205
2026-10-01 22:40:18,252 | DEBUG | step 6275 epoch 5 loss 0.2521 step_s 0.0055 peak_mem_gb 1.205
2026-10-01 22:40:18,259 | DEBUG | step 6276 epoch 5 loss 0.1517 step_s 0.0055 peak_mem_gb 1.205
2026-10-01 22:40:18,265 | DEBUG | step 6277 epoch 5 loss 0.2507 step_s 0.0055 peak_mem_gb 1.205
2026-10-01 22:40:18,271 | DEBUG | step 6278 epoch 5 loss 0.3699 step_s 0.0054 peak_mem_gb 1.205
2026-10-01 22:40:18,277 | DEBUG | step 6279 epoch 5 loss 0.2347 step_s 0.0054 peak_mem_gb 1.205
2026-10-01 22:40:18,283 | DEBUG | step 6280 epoch 5 loss 0.1684 step_s 0.0054 peak_mem_gb 1.205
2026-10-01 22:40:18,290 | DEBUG | step 6281 epoch 5 loss 0.2677 step_s 0.0055 peak_mem_gb 1.205
2026-10-01 22:40:18,297 | DEBUG | step 6282 epoch 5 loss 0.3366 step_s 0.0055 peak_mem_gb 1.205
2026-10-01 22:40:18,303 | DEBUG | step 6283 epoch 5 loss 0.2586 step_s 0.0054 peak_mem_gb 1.205
2026-10-01 22:40:18,309 | DEBUG | step 6284 epoch 5 loss 0.3224 step_s 0.0054 peak_mem_gb 1.205
2026-10-01 22:40:18,315 | DEBUG | step 6285 epoch 5 loss 0.2529 step_s 0.0053 peak_mem_gb 1.205
2026-10-01 22:40:18,321 | DEBUG | step 6286 epoch 5 loss 0.3534 step_s 0.0054 peak_mem_gb 1.205
2026-10-01 22:40:18,328 | DEBUG | step 6287 epoch 5 loss 0.1837 step_s 0.0053 peak_mem_gb 1.205
2026-10-01 22:40:18,334 | DEBUG | step 6288 epoch 5 loss 0.2274 step_s 0.0054 peak_mem_gb 1.205
2026-10-01 22:40:18,340 | DEBUG | step 6289 epoch 5 loss 0.2327 step_s 0.0054 peak_mem_gb 1.205
2026-10-01 22:40:18,346 | DEBUG | step 6290 epoch 5 loss 0.2491 step_s 0.0054 peak_mem_gb 1.205
2026-10-01 22:40:18,352 | DEBUG | step 6291 epoch 5 loss 0.3028 step_s 0.0054 peak_mem_gb 1.205
2026-10-01 22:40:18,358 | DEBUG | step 6292 epoch 5 loss 0.2287 step_s 0.0053 peak_mem_gb 1.205
2026-10-01 22:40:18,364 | DEBUG | step 6293 epoch 5 loss 0.3344 step_s 0.0053 peak_mem_gb 1.205
2026-10-01 22:40:18,370 | DEBUG | step 6294 epoch 5 loss 0.2388 step_s 0.0053 peak_mem_gb 1.205
2026-10-01 22:40:18,376 | DEBUG | step 6295 epoch 5 loss 0.2295 step_s 0.0054 peak_mem_gb 1.205
2026-10-01 22:40:18,382 | DEBUG | step 6296 epoch 5 loss 0.3238 step_s 0.0054 peak_mem_gb 1.205
2026-10-01 22:40:18,388 | DEBUG | step 6297 epoch 5 loss 0.1800 step_s 0.0053 peak_mem_gb 1.205
2026-10-01 22:40:18,394 | DEBUG | step 6298 epoch 5 loss 0.1734 step_s 0.0053 peak_mem_gb 1.205
2026-10-01 22:40:18,400 | DEBUG | step 6299 epoch 5 loss 0.1511 step_s 0.0054 peak_mem_gb 1.205
2026-10-01 22:40:18,406 | DEBUG | step 6300 epoch 5 loss 0.1639 step_s 0.0054 peak_mem_gb 1.205
2026-10-01 22:40:18,412 | DEBUG | step 6301 epoch 5 loss 0.1246 step_s 0.0054 peak_mem_gb 1.205
2026-10-01 22:40:18,419 | DEBUG | step 6302 epoch 5 loss 0.1752 step_s 0.0054 peak_mem_gb 1.205
2026-10-01 22:40:18,425 | DEBUG | step 6303 epoch 5 loss 0.3055 step_s 0.0054 peak_mem_gb 1.205
2026-10-01 22:40:18,431 | DEBUG | step 6304 epoch 5 loss 0.1186 step_s 0.0054 peak_mem_gb 1.205
2026-10-01 22:40:18,437 | DEBUG | step 6305 epoch 5 loss 0.1869 step_s 0.0053 peak_mem_gb 1.205
2026-10-01 22:40:18,443 | DEBUG | step 6306 epoch 5 loss 0.2497 step_s 0.0053 peak_mem_gb 1.205
2026-10-01 22:40:18,449 | DEBUG | step 6307 epoch 5 loss 0.1383 step_s 0.0053 peak_mem_gb 1.205
2026-10-01 22:40:18,455 | DEBUG | step 6308 epoch 5 loss 0.2122 step_s 0.0053 peak_mem_gb 1.205
2026-10-01 22:40:18,461 | DEBUG | step 6309 epoch 5 loss 0.2317 step_s 0.0054 peak_mem_gb 1.205
2026-10-01 22:40:18,467 | DEBUG | step 6310 epoch 5 loss 0.2314 step_s 0.0054 peak_mem_gb 1.205
2026-10-01 22:40:18,473 | DEBUG | step 6311 epoch 5 loss 0.0497 step_s 0.0053 peak_mem_gb 1.205
2026-10-01 22:40:18,479 | DEBUG | step 6312 epoch 5 loss 0.1903 step_s 0.0054 peak_mem_gb 1.205
2026-10-01 22:40:18,485 | DEBUG | step 6313 epoch 5 loss 0.2269 step_s 0.0053 peak_mem_gb 1.205
2026-10-01 22:40:18,491 | DEBUG | step 6314 epoch 5 loss 0.1695 step_s 0.0053 peak_mem_gb 1.205
2026-10-01 22:40:18,497 | DEBUG | step 6315 epoch 5 loss 0.2096 step_s 0.0053 peak_mem_gb 1.205
2026-10-01 22:40:18,503 | DEBUG | step 6316 epoch 5 loss 0.2677 step_s 0.0053 peak_mem_gb 1.205
2026-10-01 22:40:18,509 | DEBUG | step 6317 epoch 5 loss 0.2271 step_s 0.0054 peak_mem_gb 1.205
2026-10-01 22:40:18,515 | DEBUG | step 6318 epoch 5 loss 0.1966 step_s 0.0054 peak_mem_gb 1.205
2026-10-01 22:40:18,521 | DEBUG | step 6319 epoch 5 loss 0.2307 step_s 0.0054 peak_mem_gb 1.205
2026-10-01 22:40:18,527 | DEBUG | step 6320 epoch 5 loss 0.1880 step_s 0.0054 peak_mem_gb 1.205
2026-10-01 22:40:18,533 | DEBUG | step 6321 epoch 5 loss 0.4459 step_s 0.0053 peak_mem_gb 1.205
2026-10-01 22:40:18,539 | DEBUG | step 6322 epoch 5 loss 0.1191 step_s 0.0053 peak_mem_gb 1.205
2026-10-01 22:40:18,545 | DEBUG | step 6323 epoch 5 loss 0.2905 step_s 0.0053 peak_mem_gb 1.205
2026-10-01 22:40:18,551 | DEBUG | step 6324 epoch 5 loss 0.0998 step_s 0.0053 peak_mem_gb 1.205
2026-10-01 22:40:18,557 | DEBUG | step 6325 epoch 5 loss 0.1616 step_s 0.0054 peak_mem_gb 1.205
2026-10-01 22:40:18,563 | DEBUG | step 6326 epoch 5 loss 0.1278 step_s 0.0053 peak_mem_gb 1.205
2026-10-01 22:40:18,569 | DEBUG | step 6327 epoch 5 loss 0.1257 step_s 0.0054 peak_mem_gb 1.205
2026-10-01 22:40:18,575 | DEBUG | step 6328 epoch 5 loss 0.2306 step_s 0.0054 peak_mem_gb 1.205
2026-10-01 22:40:18,581 | DEBUG | step 6329 epoch 5 loss 0.1410 step_s 0.0053 peak_mem_gb 1.205
2026-10-01 22:40:18,587 | DEBUG | step 6330 epoch 5 loss 0.1538 step_s 0.0053 peak_mem_gb 1.205
2026-10-01 22:40:18,593 | DEBUG | step 6331 epoch 5 loss 0.2893 step_s 0.0054 peak_mem_gb 1.205
2026-10-01 22:40:18,599 | DEBUG | step 6332 epoch 5 loss 0.1421 step_s 0.0053 peak_mem_gb 1.205
2026-10-01 22:40:18,605 | DEBUG | step 6333 epoch 5 loss 0.1374 step_s 0.0054 peak_mem_gb 1.205
2026-10-01 22:40:18,611 | DEBUG | step 6334 epoch 5 loss 0.1487 step_s 0.0053 peak_mem_gb 1.205
2026-10-01 22:40:18,617 | DEBUG | step 6335 epoch 5 loss 0.1985 step_s 0.0053 peak_mem_gb 1.205
2026-10-01 22:40:18,623 | DEBUG | step 6336 epoch 5 loss 0.1315 step_s 0.0054 peak_mem_gb 1.205
2026-10-01 22:40:18,629 | DEBUG | step 6337 epoch 5 loss 0.1384 step_s 0.0054 peak_mem_gb 1.205
2026-10-01 22:40:18,635 | DEBUG | step 6338 epoch 5 loss 0.1671 step_s 0.0053 peak_mem_gb 1.205
2026-10-01 22:40:18,641 | DEBUG | step 6339 epoch 5 loss 0.1116 step_s 0.0053 peak_mem_gb 1.205
2026-10-01 22:40:18,647 | DEBUG | step 6340 epoch 5 loss 0.4216 step_s 0.0053 peak_mem_gb 1.205
2026-10-01 22:40:18,653 | DEBUG | step 6341 epoch 5 loss 0.1535 step_s 0.0053 peak_mem_gb 1.205
2026-10-01 22:40:18,659 | DEBUG | step 6342 epoch 5 loss 0.1893 step_s 0.0054 peak_mem_gb 1.205
2026-10-01 22:40:18,665 | DEBUG | step 6343 epoch 5 loss 0.2827 step_s 0.0053 peak_mem_gb 1.205
2026-10-01 22:40:18,671 | DEBUG | step 6344 epoch 5 loss 0.1387 step_s 0.0054 peak_mem_gb 1.205
2026-10-01 22:40:18,677 | DEBUG | step 6345 epoch 5 loss 0.1406 step_s 0.0053 peak_mem_gb 1.205
2026-10-01 22:40:18,683 | DEBUG | step 6346 epoch 5 loss 0.4125 step_s 0.0055 peak_mem_gb 1.205
2026-10-01 22:40:18,689 | DEBUG | step 6347 epoch 5 loss 0.2553 step_s 0.0053 peak_mem_gb 1.205
2026-10-01 22:40:18,695 | DEBUG | step 6348 epoch 5 loss 0.1397 step_s 0.0053 peak_mem_gb 1.205
2026-10-01 22:40:18,701 | DEBUG | step 6349 epoch 5 loss 0.1628 step_s 0.0053 peak_mem_gb 1.205
2026-10-01 22:40:18,707 | DEBUG | step 6350 epoch 5 loss 0.3553 step_s 0.0053 peak_mem_gb 1.205
2026-10-01 22:40:18,713 | DEBUG | step 6351 epoch 5 loss 0.2516 step_s 0.0054 peak_mem_gb 1.205
2026-10-01 22:40:18,719 | DEBUG | step 6352 epoch 5 loss 0.1898 step_s 0.0054 peak_mem_gb 1.205
2026-10-01 22:40:18,725 | DEBUG | step 6353 epoch 5 loss 0.1384 step_s 0.0054 peak_mem_gb 1.205
2026-10-01 22:40:18,731 | DEBUG | step 6354 epoch 5 loss 0.3236 step_s 0.0053 peak_mem_gb 1.205
2026-10-01 22:40:18,737 | DEBUG | step 6355 epoch 5 loss 0.2384 step_s 0.0053 peak_mem_gb 1.205
2026-10-01 22:40:18,743 | DEBUG | step 6356 epoch 5 loss 0.1334 step_s 0.0053 peak_mem_gb 1.205
2026-10-01 22:40:18,749 | DEBUG | step 6357 epoch 5 loss 0.0707 step_s 0.0053 peak_mem_gb 1.205
2026-10-01 22:40:18,755 | DEBUG | step 6358 epoch 5 loss 0.3020 step_s 0.0054 peak_mem_gb 1.205
2026-10-01 22:40:18,761 | DEBUG | step 6359 epoch 5 loss 0.2202 step_s 0.0054 peak_mem_gb 1.205
2026-10-01 22:40:18,767 | DEBUG | step 6360 epoch 5 loss 0.3446 step_s 0.0053 peak_mem_gb 1.205
2026-10-01 22:40:18,773 | DEBUG | step 6361 epoch 5 loss 0.1709 step_s 0.0054 peak_mem_gb 1.205
2026-10-01 22:40:18,779 | DEBUG | step 6362 epoch 5 loss 0.2207 step_s 0.0054 peak_mem_gb 1.205
2026-10-01 22:40:18,785 | DEBUG | step 6363 epoch 5 loss 0.1760 step_s 0.0053 peak_mem_gb 1.205
2026-10-01 22:40:18,791 | DEBUG | step 6364 epoch 5 loss 0.2985 step_s 0.0053 peak_mem_gb 1.205
2026-10-01 22:40:18,797 | DEBUG | step 6365 epoch 5 loss 0.2165 step_s 0.0054 peak_mem_gb 1.205
2026-10-01 22:40:18,803 | DEBUG | step 6366 epoch 5 loss 0.2739 step_s 0.0053 peak_mem_gb 1.205
2026-10-01 22:40:18,809 | DEBUG | step 6367 epoch 5 loss 0.1646 step_s 0.0054 peak_mem_gb 1.205
2026-10-01 22:40:18,815 | DEBUG | step 6368 epoch 5 loss 0.1573 step_s 0.0053 peak_mem_gb 1.205
2026-10-01 22:40:18,821 | DEBUG | step 6369 epoch 5 loss 0.0970 step_s 0.0053 peak_mem_gb 1.205
2026-10-01 22:40:18,827 | DEBUG | step 6370 epoch 5 loss 0.2525 step_s 0.0054 peak_mem_gb 1.205
2026-10-01 22:40:18,833 | DEBUG | step 6371 epoch 5 loss 0.2034 step_s 0.0054 peak_mem_gb 1.205
2026-10-01 22:40:18,839 | DEBUG | step 6372 epoch 5 loss 0.2424 step_s 0.0053 peak_mem_gb 1.205
2026-10-01 22:40:18,845 | DEBUG | step 6373 epoch 5 loss 0.2403 step_s 0.0053 peak_mem_gb 1.205
2026-10-01 22:40:18,851 | DEBUG | step 6374 epoch 5 loss 0.1408 step_s 0.0053 peak_mem_gb 1.205
2026-10-01 22:40:18,857 | DEBUG | step 6375 epoch 5 loss 0.0983 step_s 0.0054 peak_mem_gb 1.205
2026-10-01 22:40:18,863 | DEBUG | step 6376 epoch 5 loss 0.2206 step_s 0.0054 peak_mem_gb 1.205
2026-10-01 22:40:18,869 | DEBUG | step 6377 epoch 5 loss 0.1897 step_s 0.0053 peak_mem_gb 1.205
2026-10-01 22:40:18,875 | DEBUG | step 6378 epoch 5 loss 0.1809 step_s 0.0054 peak_mem_gb 1.205
2026-10-01 22:40:18,881 | DEBUG | step 6379 epoch 5 loss 0.1927 step_s 0.0053 peak_mem_gb 1.205
2026-10-01 22:40:18,887 | DEBUG | step 6380 epoch 5 loss 0.2355 step_s 0.0053 peak_mem_gb 1.205
2026-10-01 22:40:18,893 | DEBUG | step 6381 epoch 5 loss 0.2694 step_s 0.0054 peak_mem_gb 1.205
2026-10-01 22:40:18,899 | DEBUG | step 6382 epoch 5 loss 0.2387 step_s 0.0053 peak_mem_gb 1.205
2026-10-01 22:40:18,905 | DEBUG | step 6383 epoch 5 loss 0.3404 step_s 0.0054 peak_mem_gb 1.205
2026-10-01 22:40:18,911 | DEBUG | step 6384 epoch 5 loss 0.2472 step_s 0.0053 peak_mem_gb 1.205
2026-10-01 22:40:18,917 | DEBUG | step 6385 epoch 5 loss 0.1357 step_s 0.0053 peak_mem_gb 1.205
2026-10-01 22:40:18,923 | DEBUG | step 6386 epoch 5 loss 0.2401 step_s 0.0054 peak_mem_gb 1.205
2026-10-01 22:40:18,929 | DEBUG | step 6387 epoch 5 loss 0.2526 step_s 0.0054 peak_mem_gb 1.205
2026-10-01 22:40:18,935 | DEBUG | step 6388 epoch 5 loss 0.1585 step_s 0.0054 peak_mem_gb 1.205
2026-10-01 22:40:18,941 | DEBUG | step 6389 epoch 5 loss 0.1039 step_s 0.0054 peak_mem_gb 1.205
2026-10-01 22:40:18,948 | DEBUG | step 6390 epoch 5 loss 0.1185 step_s 0.0054 peak_mem_gb 1.205
2026-10-01 22:40:18,954 | DEBUG | step 6391 epoch 5 loss 0.2361 step_s 0.0055 peak_mem_gb 1.205
2026-10-01 22:40:18,960 | DEBUG | step 6392 epoch 5 loss 0.1531 step_s 0.0054 peak_mem_gb 1.205
2026-10-01 22:40:18,966 | DEBUG | step 6393 epoch 5 loss 0.1102 step_s 0.0054 peak_mem_gb 1.205
2026-10-01 22:40:18,972 | DEBUG | step 6394 epoch 5 loss 0.2469 step_s 0.0053 peak_mem_gb 1.205
2026-10-01 22:40:18,978 | DEBUG | step 6395 epoch 5 loss 0.1825 step_s 0.0054 peak_mem_gb 1.205
2026-10-01 22:40:18,985 | DEBUG | step 6396 epoch 5 loss 0.0916 step_s 0.0055 peak_mem_gb 1.205
2026-10-01 22:40:18,991 | DEBUG | step 6397 epoch 5 loss 0.1780 step_s 0.0054 peak_mem_gb 1.205
2026-10-01 22:40:18,997 | DEBUG | step 6398 epoch 5 loss 0.1675 step_s 0.0054 peak_mem_gb 1.205
2026-10-01 22:40:19,003 | DEBUG | step 6399 epoch 5 loss 0.2116 step_s 0.0054 peak_mem_gb 1.205
2026-10-01 22:40:19,009 | INFO | step 6400 epoch 5 loss 0.1236 step_s 0.0054 peak_mem_gb 1.205
2026-10-01 22:40:19,017 | DEBUG | step 6401 epoch 5 loss 0.1354 step_s 0.0055 peak_mem_gb 1.205
2026-10-01 22:40:19,023 | DEBUG | step 6402 epoch 5 loss 0.2311 step_s 0.0054 peak_mem_gb 1.205
2026-10-01 22:40:19,029 | DEBUG | step 6403 epoch 5 loss 0.1521 step_s 0.0055 peak_mem_gb 1.205
2026-10-01 22:40:19,035 | DEBUG | step 6404 epoch 5 loss 0.1835 step_s 0.0054 peak_mem_gb 1.205
2026-10-01 22:40:19,041 | DEBUG | step 6405 epoch 5 loss 0.1786 step_s 0.0053 peak_mem_gb 1.205
2026-10-01 22:40:19,047 | DEBUG | step 6406 epoch 5 loss 0.2011 step_s 0.0054 peak_mem_gb 1.205
2026-10-01 22:40:19,053 | DEBUG | step 6407 epoch 5 loss 0.2475 step_s 0.0053 peak_mem_gb 1.205
2026-10-01 22:40:19,059 | DEBUG | step 6408 epoch 5 loss 0.3188 step_s 0.0054 peak_mem_gb 1.205
2026-10-01 22:40:19,065 | DEBUG | step 6409 epoch 5 loss 0.1431 step_s 0.0054 peak_mem_gb 1.205
2026-10-01 22:40:19,071 | DEBUG | step 6410 epoch 5 loss 0.2432 step_s 0.0053 peak_mem_gb 1.205
2026-10-01 22:40:19,077 | DEBUG | step 6411 epoch 5 loss 0.3721 step_s 0.0054 peak_mem_gb 1.205
2026-10-01 22:40:19,084 | DEBUG | step 6412 epoch 5 loss 0.2260 step_s 0.0054 peak_mem_gb 1.205
2026-10-01 22:40:19,090 | DEBUG | step 6413 epoch 5 loss 0.2457 step_s 0.0054 peak_mem_gb 1.205
2026-10-01 22:40:19,096 | DEBUG | step 6414 epoch 5 loss 0.2538 step_s 0.0054 peak_mem_gb 1.205
2026-10-01 22:40:19,102 | DEBUG | step 6415 epoch 5 loss 0.2731 step_s 0.0053 peak_mem_gb 1.205
2026-10-01 22:40:19,108 | DEBUG | step 6416 epoch 5 loss 0.1680 step_s 0.0053 peak_mem_gb 1.205
2026-10-01 22:40:19,114 | DEBUG | step 6417 epoch 5 loss 0.2038 step_s 0.0054 peak_mem_gb 1.205
2026-10-01 22:40:19,120 | DEBUG | step 6418 epoch 5 loss 0.2737 step_s 0.0054 peak_mem_gb 1.205
2026-10-01 22:40:19,126 | DEBUG | step 6419 epoch 5 loss 0.1810 step_s 0.0054 peak_mem_gb 1.205
2026-10-01 22:40:19,132 | DEBUG | step 6420 epoch 5 loss 0.1245 step_s 0.0053 peak_mem_gb 1.205
2026-10-01 22:40:19,138 | DEBUG | step 6421 epoch 5 loss 0.1472 step_s 0.0053 peak_mem_gb 1.205
2026-10-01 22:40:19,144 | DEBUG | step 6422 epoch 5 loss 0.1775 step_s 0.0056 peak_mem_gb 1.205
2026-10-01 22:40:19,150 | DEBUG | step 6423 epoch 5 loss 0.1525 step_s 0.0054 peak_mem_gb 1.205
2026-10-01 22:40:19,156 | DEBUG | step 6424 epoch 5 loss 0.1226 step_s 0.0053 peak_mem_gb 1.205
2026-10-01 22:40:19,163 | DEBUG | step 6425 epoch 5 loss 0.2349 step_s 0.0054 peak_mem_gb 1.205
2026-10-01 22:40:19,169 | DEBUG | step 6426 epoch 5 loss 0.1791 step_s 0.0053 peak_mem_gb 1.205
2026-10-01 22:40:19,175 | DEBUG | step 6427 epoch 5 loss 0.2032 step_s 0.0054 peak_mem_gb 1.205
2026-10-01 22:40:19,181 | DEBUG | step 6428 epoch 5 loss 0.2250 step_s 0.0054 peak_mem_gb 1.205
2026-10-01 22:40:19,187 | DEBUG | step 6429 epoch 5 loss 0.1476 step_s 0.0053 peak_mem_gb 1.205
2026-10-01 22:40:19,193 | DEBUG | step 6430 epoch 5 loss 0.1680 step_s 0.0054 peak_mem_gb 1.205
2026-10-01 22:40:19,199 | DEBUG | step 6431 epoch 5 loss 0.1820 step_s 0.0053 peak_mem_gb 1.205
2026-10-01 22:40:19,205 | DEBUG | step 6432 epoch 5 loss 0.0955 step_s 0.0054 peak_mem_gb 1.205
2026-10-01 22:40:19,211 | DEBUG | step 6433 epoch 5 loss 0.3828 step_s 0.0054 peak_mem_gb 1.205
2026-10-01 22:40:19,217 | DEBUG | step 6434 epoch 5 loss 0.2445 step_s 0.0053 peak_mem_gb 1.205
2026-10-01 22:40:19,223 | DEBUG | step 6435 epoch 5 loss 0.1393 step_s 0.0053 peak_mem_gb 1.205
2026-10-01 22:40:19,230 | DEBUG | step 6436 epoch 5 loss 0.3606 step_s 0.0057 peak_mem_gb 1.205
2026-10-01 22:40:19,236 | DEBUG | step 6437 epoch 5 loss 0.1128 step_s 0.0055 peak_mem_gb 1.205
2026-10-01 22:40:19,242 | DEBUG | step 6438 epoch 5 loss 0.1434 step_s 0.0054 peak_mem_gb 1.205
2026-10-01 22:40:19,248 | DEBUG | step 6439 epoch 5 loss 0.2651 step_s 0.0054 peak_mem_gb 1.205
2026-10-01 22:40:19,254 | DEBUG | step 6440 epoch 5 loss 0.2507 step_s 0.0054 peak_mem_gb 1.205
2026-10-01 22:40:19,261 | DEBUG | step 6441 epoch 5 loss 0.3092 step_s 0.0053 peak_mem_gb 1.205
2026-10-01 22:40:19,267 | DEBUG | step 6442 epoch 5 loss 0.1261 step_s 0.0053 peak_mem_gb 1.205
2026-10-01 22:40:19,273 | DEBUG | step 6443 epoch 5 loss 0.1530 step_s 0.0053 peak_mem_gb 1.205
2026-10-01 22:40:19,279 | DEBUG | step 6444 epoch 5 loss 0.3264 step_s 0.0054 peak_mem_gb 1.205
2026-10-01 22:40:19,285 | DEBUG | step 6445 epoch 5 loss 0.2680 step_s 0.0054 peak_mem_gb 1.205
2026-10-01 22:40:19,291 | DEBUG | step 6446 epoch 5 loss 0.1025 step_s 0.0053 peak_mem_gb 1.205
2026-10-01 22:40:19,297 | DEBUG | step 6447 epoch 5 loss 0.1238 step_s 0.0053 peak_mem_gb 1.205
2026-10-01 22:40:19,303 | DEBUG | step 6448 epoch 5 loss 0.1667 step_s 0.0053 peak_mem_gb 1.205
2026-10-01 22:40:19,309 | DEBUG | step 6449 epoch 5 loss 0.1410 step_s 0.0054 peak_mem_gb 1.205
2026-10-01 22:40:19,315 | DEBUG | step 6450 epoch 5 loss 0.2351 step_s 0.0053 peak_mem_gb 1.205
2026-10-01 22:40:19,321 | DEBUG | step 6451 epoch 5 loss 0.1752 step_s 0.0053 peak_mem_gb 1.205
2026-10-01 22:40:19,327 | DEBUG | step 6452 epoch 5 loss 0.2234 step_s 0.0054 peak_mem_gb 1.205
2026-10-01 22:40:19,333 | DEBUG | step 6453 epoch 5 loss 0.3478 step_s 0.0054 peak_mem_gb 1.205
2026-10-01 22:40:19,339 | DEBUG | step 6454 epoch 5 loss 0.1439 step_s 0.0054 peak_mem_gb 1.205
2026-10-01 22:40:19,345 | DEBUG | step 6455 epoch 5 loss 0.2048 step_s 0.0053 peak_mem_gb 1.205
2026-10-01 22:40:19,351 | DEBUG | step 6456 epoch 5 loss 0.1264 step_s 0.0053 peak_mem_gb 1.205
2026-10-01 22:40:19,357 | DEBUG | step 6457 epoch 5 loss 0.1823 step_s 0.0054 peak_mem_gb 1.205
2026-10-01 22:40:19,363 | DEBUG | step 6458 epoch 5 loss 0.1299 step_s 0.0054 peak_mem_gb 1.205
2026-10-01 22:40:19,369 | DEBUG | step 6459 epoch 5 loss 0.2230 step_s 0.0053 peak_mem_gb 1.205
2026-10-01 22:40:19,375 | DEBUG | step 6460 epoch 5 loss 0.1959 step_s 0.0053 peak_mem_gb 1.205
2026-10-01 22:40:19,381 | DEBUG | step 6461 epoch 5 loss 0.1886 step_s 0.0054 peak_mem_gb 1.205
2026-10-01 22:40:19,387 | DEBUG | step 6462 epoch 5 loss 0.1284 step_s 0.0053 peak_mem_gb 1.205
2026-10-01 22:40:19,393 | DEBUG | step 6463 epoch 5 loss 0.2060 step_s 0.0053 peak_mem_gb 1.205
2026-10-01 22:40:19,399 | DEBUG | step 6464 epoch 5 loss 0.2317 step_s 0.0053 peak_mem_gb 1.205
2026-10-01 22:40:19,405 | DEBUG | step 6465 epoch 5 loss 0.2981 step_s 0.0053 peak_mem_gb 1.205
2026-10-01 22:40:19,411 | DEBUG | step 6466 epoch 5 loss 0.1443 step_s 0.0054 peak_mem_gb 1.205
2026-10-01 22:40:19,417 | DEBUG | step 6467 epoch 5 loss 0.1900 step_s 0.0054 peak_mem_gb 1.205
2026-10-01 22:40:19,423 | DEBUG | step 6468 epoch 5 loss 0.2587 step_s 0.0053 peak_mem_gb 1.205
2026-10-01 22:40:19,429 | DEBUG | step 6469 epoch 5 loss 0.0924 step_s 0.0054 peak_mem_gb 1.205
2026-10-01 22:40:19,435 | DEBUG | step 6470 epoch 5 loss 0.2093 step_s 0.0054 peak_mem_gb 1.205
2026-10-01 22:40:19,441 | DEBUG | step 6471 epoch 5 loss 0.2045 step_s 0.0053 peak_mem_gb 1.205
2026-10-01 22:40:19,447 | DEBUG | step 6472 epoch 5 loss 0.2634 step_s 0.0053 peak_mem_gb 1.205
2026-10-01 22:40:19,453 | DEBUG | step 6473 epoch 5 loss 0.0852 step_s 0.0053 peak_mem_gb 1.205
2026-10-01 22:40:19,459 | DEBUG | step 6474 epoch 5 loss 0.3195 step_s 0.0054 peak_mem_gb 1.205
2026-10-01 22:40:19,465 | DEBUG | step 6475 epoch 5 loss 0.2053 step_s 0.0054 peak_mem_gb 1.205
2026-10-01 22:40:19,471 | DEBUG | step 6476 epoch 5 loss 0.1629 step_s 0.0053 peak_mem_gb 1.205
2026-10-01 22:40:19,477 | DEBUG | step 6477 epoch 5 loss 0.1753 step_s 0.0055 peak_mem_gb 1.205
2026-10-01 22:40:19,483 | DEBUG | step 6478 epoch 5 loss 0.1548 step_s 0.0053 peak_mem_gb 1.205
2026-10-01 22:40:19,489 | DEBUG | step 6479 epoch 5 loss 0.1734 step_s 0.0054 peak_mem_gb 1.205
2026-10-01 22:40:19,495 | DEBUG | step 6480 epoch 5 loss 0.1576 step_s 0.0053 peak_mem_gb 1.205
2026-10-01 22:40:19,501 | DEBUG | step 6481 epoch 5 loss 0.1854 step_s 0.0053 peak_mem_gb 1.205
2026-10-01 22:40:19,507 | DEBUG | step 6482 epoch 5 loss 0.1450 step_s 0.0053 peak_mem_gb 1.205
2026-10-01 22:40:19,513 | DEBUG | step 6483 epoch 5 loss 0.2877 step_s 0.0054 peak_mem_gb 1.205
2026-10-01 22:40:19,519 | DEBUG | step 6484 epoch 5 loss 0.1426 step_s 0.0054 peak_mem_gb 1.205
2026-10-01 22:40:19,525 | DEBUG | step 6485 epoch 5 loss 0.1668 step_s 0.0054 peak_mem_gb 1.205
2026-10-01 22:40:19,532 | DEBUG | step 6486 epoch 5 loss 0.2128 step_s 0.0054 peak_mem_gb 1.205
2026-10-01 22:40:19,538 | DEBUG | step 6487 epoch 5 loss 0.2264 step_s 0.0054 peak_mem_gb 1.205
2026-10-01 22:40:19,544 | DEBUG | step 6488 epoch 5 loss 0.1400 step_s 0.0055 peak_mem_gb 1.205
2026-10-01 22:40:19,550 | DEBUG | step 6489 epoch 5 loss 0.2282 step_s 0.0054 peak_mem_gb 1.205
2026-10-01 22:40:19,556 | DEBUG | step 6490 epoch 5 loss 0.1821 step_s 0.0054 peak_mem_gb 1.205
2026-10-01 22:40:19,563 | DEBUG | step 6491 epoch 5 loss 0.3886 step_s 0.0054 peak_mem_gb 1.205
2026-10-01 22:40:19,569 | DEBUG | step 6492 epoch 5 loss 0.1877 step_s 0.0054 peak_mem_gb 1.205
2026-10-01 22:40:19,575 | DEBUG | step 6493 epoch 5 loss 0.2490 step_s 0.0053 peak_mem_gb 1.205
2026-10-01 22:40:19,581 | DEBUG | step 6494 epoch 5 loss 0.2324 step_s 0.0054 peak_mem_gb 1.205
2026-10-01 22:40:19,587 | DEBUG | step 6495 epoch 5 loss 0.5060 step_s 0.0054 peak_mem_gb 1.205
2026-10-01 22:40:19,593 | DEBUG | step 6496 epoch 5 loss 0.2297 step_s 0.0054 peak_mem_gb 1.205
2026-10-01 22:40:19,599 | DEBUG | step 6497 epoch 5 loss 0.1330 step_s 0.0053 peak_mem_gb 1.205
2026-10-01 22:40:19,605 | DEBUG | step 6498 epoch 5 loss 0.2721 step_s 0.0054 peak_mem_gb 1.205
2026-10-01 22:40:19,611 | DEBUG | step 6499 epoch 5 loss 0.1669 step_s 0.0054 peak_mem_gb 1.205
2026-10-01 22:40:19,617 | DEBUG | step 6500 epoch 5 loss 0.1547 step_s 0.0054 peak_mem_gb 1.205
2026-10-01 22:40:19,623 | DEBUG | step 6501 epoch 5 loss 0.2002 step_s 0.0054 peak_mem_gb 1.205
2026-10-01 22:40:19,629 | DEBUG | step 6502 epoch 5 loss 0.2122 step_s 0.0053 peak_mem_gb 1.205
2026-10-01 22:40:19,635 | DEBUG | step 6503 epoch 5 loss 0.1861 step_s 0.0053 peak_mem_gb 1.205
2026-10-01 22:40:19,641 | DEBUG | step 6504 epoch 5 loss 0.2001 step_s 0.0053 peak_mem_gb 1.205
2026-10-01 22:40:19,647 | DEBUG | step 6505 epoch 5 loss 0.2807 step_s 0.0053 peak_mem_gb 1.205
2026-10-01 22:40:19,653 | DEBUG | step 6506 epoch 5 loss 0.1294 step_s 0.0054 peak_mem_gb 1.205
2026-10-01 22:40:19,659 | DEBUG | step 6507 epoch 5 loss 0.2247 step_s 0.0054 peak_mem_gb 1.205
2026-10-01 22:40:19,665 | DEBUG | step 6508 epoch 5 loss 0.2159 step_s 0.0053 peak_mem_gb 1.205
2026-10-01 22:40:19,671 | DEBUG | step 6509 epoch 5 loss 0.2986 step_s 0.0053 peak_mem_gb 1.205
2026-10-01 22:40:19,677 | DEBUG | step 6510 epoch 5 loss 0.1547 step_s 0.0054 peak_mem_gb 1.205
2026-10-01 22:40:19,683 | DEBUG | step 6511 epoch 5 loss 0.1755 step_s 0.0054 peak_mem_gb 1.205
2026-10-01 22:40:19,690 | DEBUG | step 6512 epoch 5 loss 0.2266 step_s 0.0054 peak_mem_gb 1.205
2026-10-01 22:40:19,697 | DEBUG | step 6513 epoch 5 loss 0.2405 step_s 0.0063 peak_mem_gb 1.205
2026-10-01 22:40:19,703 | DEBUG | step 6514 epoch 5 loss 0.1963 step_s 0.0054 peak_mem_gb 1.205
2026-10-01 22:40:19,709 | DEBUG | step 6515 epoch 5 loss 0.2593 step_s 0.0054 peak_mem_gb 1.205
2026-10-01 22:40:19,715 | DEBUG | step 6516 epoch 5 loss 0.1473 step_s 0.0054 peak_mem_gb 1.205
2026-10-01 22:40:19,721 | DEBUG | step 6517 epoch 5 loss 0.3218 step_s 0.0053 peak_mem_gb 1.205
2026-10-01 22:40:19,729 | DEBUG | step 6518 epoch 5 loss 0.2331 step_s 0.0070 peak_mem_gb 1.205
2026-10-01 22:40:19,735 | DEBUG | step 6519 epoch 5 loss 0.2870 step_s 0.0053 peak_mem_gb 1.205
2026-10-01 22:40:19,741 | DEBUG | step 6520 epoch 5 loss 0.1215 step_s 0.0053 peak_mem_gb 1.205
2026-10-01 22:40:19,747 | DEBUG | step 6521 epoch 5 loss 0.1182 step_s 0.0054 peak_mem_gb 1.205
2026-10-01 22:40:19,753 | DEBUG | step 6522 epoch 5 loss 0.2914 step_s 0.0053 peak_mem_gb 1.205
2026-10-01 22:40:19,759 | DEBUG | step 6523 epoch 5 loss 0.1551 step_s 0.0054 peak_mem_gb 1.205
2026-10-01 22:40:19,765 | DEBUG | step 6524 epoch 5 loss 0.2765 step_s 0.0053 peak_mem_gb 1.205
2026-10-01 22:40:19,771 | DEBUG | step 6525 epoch 5 loss 0.0811 step_s 0.0053 peak_mem_gb 1.205
2026-10-01 22:40:19,777 | DEBUG | step 6526 epoch 5 loss 0.1236 step_s 0.0054 peak_mem_gb 1.205
2026-10-01 22:40:19,783 | DEBUG | step 6527 epoch 5 loss 0.2597 step_s 0.0053 peak_mem_gb 1.205
2026-10-01 22:40:19,789 | DEBUG | step 6528 epoch 5 loss 0.1762 step_s 0.0053 peak_mem_gb 1.205
2026-10-01 22:40:19,795 | DEBUG | step 6529 epoch 5 loss 0.2279 step_s 0.0053 peak_mem_gb 1.205
2026-10-01 22:40:19,801 | DEBUG | step 6530 epoch 5 loss 0.4351 step_s 0.0053 peak_mem_gb 1.205
2026-10-01 22:40:19,807 | DEBUG | step 6531 epoch 5 loss 0.1762 step_s 0.0053 peak_mem_gb 1.205
2026-10-01 22:40:19,813 | DEBUG | step 6532 epoch 5 loss 0.2727 step_s 0.0053 peak_mem_gb 1.205
2026-10-01 22:40:19,819 | DEBUG | step 6533 epoch 5 loss 0.2474 step_s 0.0053 peak_mem_gb 1.205
2026-10-01 22:40:19,825 | DEBUG | step 6534 epoch 5 loss 0.1465 step_s 0.0054 peak_mem_gb 1.205
2026-10-01 22:40:19,831 | DEBUG | step 6535 epoch 5 loss 0.2683 step_s 0.0054 peak_mem_gb 1.205
2026-10-01 22:40:19,837 | DEBUG | step 6536 epoch 5 loss 0.1538 step_s 0.0054 peak_mem_gb 1.205
2026-10-01 22:40:19,843 | DEBUG | step 6537 epoch 5 loss 0.1446 step_s 0.0053 peak_mem_gb 1.205
2026-10-01 22:40:19,849 | DEBUG | step 6538 epoch 5 loss 0.1447 step_s 0.0053 peak_mem_gb 1.205
2026-10-01 22:40:19,855 | DEBUG | step 6539 epoch 5 loss 0.4884 step_s 0.0053 peak_mem_gb 1.205
2026-10-01 22:40:19,861 | DEBUG | step 6540 epoch 5 loss 0.2375 step_s 0.0054 peak_mem_gb 1.205
2026-10-01 22:40:19,867 | DEBUG | step 6541 epoch 5 loss 0.1408 step_s 0.0053 peak_mem_gb 1.205
2026-10-01 22:40:19,873 | DEBUG | step 6542 epoch 5 loss 0.2643 step_s 0.0054 peak_mem_gb 1.205
2026-10-01 22:40:19,879 | DEBUG | step 6543 epoch 5 loss 0.2676 step_s 0.0054 peak_mem_gb 1.205
2026-10-01 22:40:19,885 | DEBUG | step 6544 epoch 5 loss 0.1308 step_s 0.0053 peak_mem_gb 1.205
2026-10-01 22:40:19,891 | DEBUG | step 6545 epoch 5 loss 0.1407 step_s 0.0053 peak_mem_gb 1.205
2026-10-01 22:40:19,897 | DEBUG | step 6546 epoch 5 loss 0.2379 step_s 0.0053 peak_mem_gb 1.205
2026-10-01 22:40:19,903 | DEBUG | step 6547 epoch 5 loss 0.1676 step_s 0.0053 peak_mem_gb 1.205
2026-10-01 22:40:19,909 | DEBUG | step 6548 epoch 5 loss 0.2335 step_s 0.0054 peak_mem_gb 1.205
2026-10-01 22:40:19,915 | DEBUG | step 6549 epoch 5 loss 0.2475 step_s 0.0053 peak_mem_gb 1.205
2026-10-01 22:40:19,921 | DEBUG | step 6550 epoch 5 loss 0.2942 step_s 0.0054 peak_mem_gb 1.205
2026-10-01 22:40:19,927 | DEBUG | step 6551 epoch 5 loss 0.1476 step_s 0.0053 peak_mem_gb 1.205
2026-10-01 22:40:19,933 | DEBUG | step 6552 epoch 5 loss 0.1603 step_s 0.0054 peak_mem_gb 1.205
2026-10-01 22:40:19,939 | DEBUG | step 6553 epoch 5 loss 0.2914 step_s 0.0054 peak_mem_gb 1.205
2026-10-01 22:40:19,945 | DEBUG | step 6554 epoch 5 loss 0.1240 step_s 0.0053 peak_mem_gb 1.205
2026-10-01 22:40:19,952 | DEBUG | step 6555 epoch 5 loss 0.2013 step_s 0.0055 peak_mem_gb 1.205
2026-10-01 22:40:19,958 | DEBUG | step 6556 epoch 5 loss 0.2551 step_s 0.0054 peak_mem_gb 1.205
2026-10-01 22:40:19,964 | DEBUG | step 6557 epoch 5 loss 0.3053 step_s 0.0054 peak_mem_gb 1.205
2026-10-01 22:40:19,970 | DEBUG | step 6558 epoch 5 loss 0.3444 step_s 0.0054 peak_mem_gb 1.205
2026-10-01 22:40:19,976 | DEBUG | step 6559 epoch 5 loss 0.2129 step_s 0.0053 peak_mem_gb 1.205
2026-10-01 22:40:19,982 | DEBUG | step 6560 epoch 5 loss 0.2000 step_s 0.0054 peak_mem_gb 1.205
2026-10-01 22:40:19,988 | DEBUG | step 6561 epoch 5 loss 0.1599 step_s 0.0054 peak_mem_gb 1.205
2026-10-01 22:40:19,995 | DEBUG | step 6562 epoch 5 loss 0.0873 step_s 0.0054 peak_mem_gb 1.205
2026-10-01 22:40:20,001 | DEBUG | step 6563 epoch 5 loss 0.2557 step_s 0.0054 peak_mem_gb 1.205
2026-10-01 22:40:20,007 | DEBUG | step 6564 epoch 5 loss 0.1409 step_s 0.0054 peak_mem_gb 1.205
2026-10-01 22:40:20,013 | DEBUG | step 6565 epoch 5 loss 0.2251 step_s 0.0054 peak_mem_gb 1.205
2026-10-01 22:40:20,019 | DEBUG | step 6566 epoch 5 loss 0.1289 step_s 0.0054 peak_mem_gb 1.205
2026-10-01 22:40:20,025 | DEBUG | step 6567 epoch 5 loss 0.3358 step_s 0.0053 peak_mem_gb 1.205
2026-10-01 22:40:20,031 | DEBUG | step 6568 epoch 5 loss 0.2848 step_s 0.0054 peak_mem_gb 1.205
2026-10-01 22:40:20,037 | DEBUG | step 6569 epoch 5 loss 0.2493 step_s 0.0053 peak_mem_gb 1.205
2026-10-01 22:40:20,044 | DEBUG | step 6570 epoch 5 loss 0.1901 step_s 0.0054 peak_mem_gb 1.205
2026-10-01 22:40:20,050 | DEBUG | step 6571 epoch 5 loss 0.3495 step_s 0.0053 peak_mem_gb 1.205
2026-10-01 22:40:20,056 | DEBUG | step 6572 epoch 5 loss 0.3292 step_s 0.0053 peak_mem_gb 1.205
2026-10-01 22:40:20,062 | DEBUG | step 6573 epoch 5 loss 0.1494 step_s 0.0054 peak_mem_gb 1.205
2026-10-01 22:40:20,068 | DEBUG | step 6574 epoch 5 loss 0.2865 step_s 0.0053 peak_mem_gb 1.205
2026-10-01 22:40:20,074 | DEBUG | step 6575 epoch 5 loss 0.3190 step_s 0.0054 peak_mem_gb 1.205
2026-10-01 22:40:20,080 | DEBUG | step 6576 epoch 5 loss 0.2336 step_s 0.0054 peak_mem_gb 1.205
2026-10-01 22:40:20,086 | DEBUG | step 6577 epoch 5 loss 0.2950 step_s 0.0054 peak_mem_gb 1.205
2026-10-01 22:40:20,092 | DEBUG | step 6578 epoch 5 loss 0.1530 step_s 0.0054 peak_mem_gb 1.205
2026-10-01 22:40:20,098 | DEBUG | step 6579 epoch 5 loss 0.1953 step_s 0.0054 peak_mem_gb 1.205
2026-10-01 22:40:20,104 | DEBUG | step 6580 epoch 5 loss 0.2038 step_s 0.0053 peak_mem_gb 1.205
2026-10-01 22:40:20,110 | DEBUG | step 6581 epoch 5 loss 0.4172 step_s 0.0054 peak_mem_gb 1.205
2026-10-01 22:40:20,116 | DEBUG | step 6582 epoch 5 loss 0.1972 step_s 0.0053 peak_mem_gb 1.205
2026-10-01 22:40:20,122 | DEBUG | step 6583 epoch 5 loss 0.1870 step_s 0.0053 peak_mem_gb 1.205
2026-10-01 22:40:20,128 | DEBUG | step 6584 epoch 5 loss 0.1880 step_s 0.0054 peak_mem_gb 1.205
2026-10-01 22:40:20,134 | DEBUG | step 6585 epoch 5 loss 0.2775 step_s 0.0053 peak_mem_gb 1.205
2026-10-01 22:40:20,140 | DEBUG | step 6586 epoch 5 loss 0.3655 step_s 0.0053 peak_mem_gb 1.205
2026-10-01 22:40:20,146 | DEBUG | step 6587 epoch 5 loss 0.2911 step_s 0.0053 peak_mem_gb 1.205
2026-10-01 22:40:20,152 | DEBUG | step 6588 epoch 5 loss 0.2298 step_s 0.0053 peak_mem_gb 1.205
2026-10-01 22:40:20,158 | DEBUG | step 6589 epoch 5 loss 0.1558 step_s 0.0053 peak_mem_gb 1.205
2026-10-01 22:40:20,164 | DEBUG | step 6590 epoch 5 loss 0.2043 step_s 0.0054 peak_mem_gb 1.205
2026-10-01 22:40:20,170 | DEBUG | step 6591 epoch 5 loss 0.3674 step_s 0.0054 peak_mem_gb 1.205
2026-10-01 22:40:20,176 | DEBUG | step 6592 epoch 5 loss 0.3876 step_s 0.0054 peak_mem_gb 1.205
2026-10-01 22:40:20,182 | DEBUG | step 6593 epoch 5 loss 0.2132 step_s 0.0054 peak_mem_gb 1.205
2026-10-01 22:40:20,188 | DEBUG | step 6594 epoch 5 loss 0.1588 step_s 0.0053 peak_mem_gb 1.205
2026-10-01 22:40:20,194 | DEBUG | step 6595 epoch 5 loss 0.2395 step_s 0.0054 peak_mem_gb 1.205
2026-10-01 22:40:20,200 | DEBUG | step 6596 epoch 5 loss 0.3121 step_s 0.0053 peak_mem_gb 1.205
2026-10-01 22:40:20,206 | DEBUG | step 6597 epoch 5 loss 0.3009 step_s 0.0054 peak_mem_gb 1.205
2026-10-01 22:40:20,212 | DEBUG | step 6598 epoch 5 loss 0.2282 step_s 0.0053 peak_mem_gb 1.205
2026-10-01 22:40:20,218 | DEBUG | step 6599 epoch 5 loss 0.2750 step_s 0.0053 peak_mem_gb 1.205
2026-10-01 22:40:20,224 | INFO | step 6600 epoch 5 loss 0.2548 step_s 0.0053 peak_mem_gb 1.205
2026-10-01 22:40:20,231 | DEBUG | step 6601 epoch 5 loss 0.2312 step_s 0.0054 peak_mem_gb 1.205
2026-10-01 22:40:20,237 | DEBUG | step 6602 epoch 5 loss 0.2145 step_s 0.0054 peak_mem_gb 1.205
2026-10-01 22:40:20,243 | DEBUG | step 6603 epoch 5 loss 0.3240 step_s 0.0053 peak_mem_gb 1.205
2026-10-01 22:40:20,250 | DEBUG | step 6604 epoch 5 loss 0.2934 step_s 0.0053 peak_mem_gb 1.205
2026-10-01 22:40:20,256 | DEBUG | step 6605 epoch 5 loss 0.2520 step_s 0.0053 peak_mem_gb 1.205
2026-10-01 22:40:20,262 | DEBUG | step 6606 epoch 5 loss 0.1248 step_s 0.0054 peak_mem_gb 1.205
2026-10-01 22:40:20,268 | DEBUG | step 6607 epoch 5 loss 0.3531 step_s 0.0054 peak_mem_gb 1.205
2026-10-01 22:40:20,274 | DEBUG | step 6608 epoch 5 loss 0.2528 step_s 0.0053 peak_mem_gb 1.205
2026-10-01 22:40:20,280 | DEBUG | step 6609 epoch 5 loss 0.2222 step_s 0.0054 peak_mem_gb 1.205
2026-10-01 22:40:20,286 | DEBUG | step 6610 epoch 5 loss 0.2720 step_s 0.0054 peak_mem_gb 1.205
2026-10-01 22:40:20,292 | DEBUG | step 6611 epoch 5 loss 0.1649 step_s 0.0053 peak_mem_gb 1.205
2026-10-01 22:40:20,298 | DEBUG | step 6612 epoch 5 loss 0.1461 step_s 0.0054 peak_mem_gb 1.205
2026-10-01 22:40:20,304 | DEBUG | step 6613 epoch 5 loss 0.1468 step_s 0.0053 peak_mem_gb 1.205
2026-10-01 22:40:20,310 | DEBUG | step 6614 epoch 5 loss 0.3121 step_s 0.0057 peak_mem_gb 1.205
2026-10-01 22:40:20,316 | DEBUG | step 6615 epoch 5 loss 0.1450 step_s 0.0054 peak_mem_gb 1.205
2026-10-01 22:40:20,322 | DEBUG | step 6616 epoch 5 loss 0.1497 step_s 0.0054 peak_mem_gb 1.205
2026-10-01 22:40:20,328 | DEBUG | step 6617 epoch 5 loss 0.1630 step_s 0.0054 peak_mem_gb 1.205
2026-10-01 22:40:20,334 | DEBUG | step 6618 epoch 5 loss 0.1689 step_s 0.0054 peak_mem_gb 1.205
2026-10-01 22:40:20,340 | DEBUG | step 6619 epoch 5 loss 0.1351 step_s 0.0053 peak_mem_gb 1.205
2026-10-01 22:40:20,346 | DEBUG | step 6620 epoch 5 loss 0.1078 step_s 0.0054 peak_mem_gb 1.205
2026-10-01 22:40:20,352 | DEBUG | step 6621 epoch 5 loss 0.0823 step_s 0.0053 peak_mem_gb 1.205
2026-10-01 22:40:20,358 | DEBUG | step 6622 epoch 5 loss 0.2598 step_s 0.0054 peak_mem_gb 1.205
2026-10-01 22:40:20,364 | DEBUG | step 6623 epoch 5 loss 0.1611 step_s 0.0053 peak_mem_gb 1.205
2026-10-01 22:40:20,370 | DEBUG | step 6624 epoch 5 loss 0.2433 step_s 0.0053 peak_mem_gb 1.205
2026-10-01 22:40:20,376 | DEBUG | step 6625 epoch 5 loss 0.2089 step_s 0.0054 peak_mem_gb 1.205
2026-10-01 22:40:20,382 | DEBUG | step 6626 epoch 5 loss 0.2908 step_s 0.0053 peak_mem_gb 1.205
2026-10-01 22:40:20,388 | DEBUG | step 6627 epoch 5 loss 0.1766 step_s 0.0054 peak_mem_gb 1.205
2026-10-01 22:40:20,394 | DEBUG | step 6628 epoch 5 loss 0.2570 step_s 0.0053 peak_mem_gb 1.205
2026-10-01 22:40:20,400 | DEBUG | step 6629 epoch 5 loss 0.2627 step_s 0.0054 peak_mem_gb 1.205
2026-10-01 22:40:20,406 | DEBUG | step 6630 epoch 5 loss 0.1859 step_s 0.0053 peak_mem_gb 1.205
2026-10-01 22:40:20,412 | DEBUG | step 6631 epoch 5 loss 0.0954 step_s 0.0053 peak_mem_gb 1.205
2026-10-01 22:40:20,418 | DEBUG | step 6632 epoch 5 loss 0.3839 step_s 0.0053 peak_mem_gb 1.205
2026-10-01 22:40:20,424 | DEBUG | step 6633 epoch 5 loss 0.1857 step_s 0.0054 peak_mem_gb 1.205
2026-10-01 22:40:20,430 | DEBUG | step 6634 epoch 5 loss 0.1140 step_s 0.0054 peak_mem_gb 1.205
2026-10-01 22:40:20,436 | DEBUG | step 6635 epoch 5 loss 0.0973 step_s 0.0054 peak_mem_gb 1.205
2026-10-01 22:40:20,442 | DEBUG | step 6636 epoch 5 loss 0.3415 step_s 0.0054 peak_mem_gb 1.205
2026-10-01 22:40:20,448 | DEBUG | step 6637 epoch 5 loss 0.2258 step_s 0.0054 peak_mem_gb 1.205
2026-10-01 22:40:20,454 | DEBUG | step 6638 epoch 5 loss 0.1061 step_s 0.0053 peak_mem_gb 1.205
2026-10-01 22:40:20,460 | DEBUG | step 6639 epoch 5 loss 0.2128 step_s 0.0053 peak_mem_gb 1.205
2026-10-01 22:40:20,466 | DEBUG | step 6640 epoch 5 loss 0.1523 step_s 0.0053 peak_mem_gb 1.205
2026-10-01 22:40:20,472 | DEBUG | step 6641 epoch 5 loss 0.4169 step_s 0.0053 peak_mem_gb 1.205
2026-10-01 22:40:20,478 | DEBUG | step 6642 epoch 5 loss 0.1660 step_s 0.0054 peak_mem_gb 1.205
2026-10-01 22:40:20,484 | DEBUG | step 6643 epoch 5 loss 0.2863 step_s 0.0053 peak_mem_gb 1.205
2026-10-01 22:40:20,490 | DEBUG | step 6644 epoch 5 loss 0.1812 step_s 0.0054 peak_mem_gb 1.205
2026-10-01 22:40:20,496 | DEBUG | step 6645 epoch 5 loss 0.2279 step_s 0.0053 peak_mem_gb 1.205
2026-10-01 22:40:20,502 | DEBUG | step 6646 epoch 5 loss 0.1858 step_s 0.0053 peak_mem_gb 1.205
2026-10-01 22:40:20,508 | DEBUG | step 6647 epoch 5 loss 0.3300 step_s 0.0053 peak_mem_gb 1.205
2026-10-01 22:40:20,514 | DEBUG | step 6648 epoch 5 loss 0.1846 step_s 0.0054 peak_mem_gb 1.205
2026-10-01 22:40:20,520 | DEBUG | step 6649 epoch 5 loss 0.2396 step_s 0.0053 peak_mem_gb 1.205
2026-10-01 22:40:20,526 | DEBUG | step 6650 epoch 5 loss 0.2656 step_s 0.0054 peak_mem_gb 1.205
2026-10-01 22:40:20,533 | DEBUG | step 6651 epoch 5 loss 0.2249 step_s 0.0054 peak_mem_gb 1.205
2026-10-01 22:40:20,539 | DEBUG | step 6652 epoch 5 loss 0.2028 step_s 0.0053 peak_mem_gb 1.205
2026-10-01 22:40:20,545 | DEBUG | step 6653 epoch 5 loss 0.2046 step_s 0.0054 peak_mem_gb 1.205
2026-10-01 22:40:20,551 | DEBUG | step 6654 epoch 5 loss 0.2034 step_s 0.0054 peak_mem_gb 1.205
2026-10-01 22:40:20,557 | DEBUG | step 6655 epoch 5 loss 0.2327 step_s 0.0053 peak_mem_gb 1.205
2026-10-01 22:40:20,563 | DEBUG | step 6656 epoch 5 loss 0.2574 step_s 0.0055 peak_mem_gb 1.205
2026-10-01 22:40:20,569 | DEBUG | step 6657 epoch 5 loss 0.1921 step_s 0.0053 peak_mem_gb 1.205
2026-10-01 22:40:20,575 | DEBUG | step 6658 epoch 5 loss 0.2554 step_s 0.0054 peak_mem_gb 1.205
2026-10-01 22:40:20,582 | DEBUG | step 6659 epoch 5 loss 0.2798 step_s 0.0058 peak_mem_gb 1.205
2026-10-01 22:40:20,588 | DEBUG | step 6660 epoch 5 loss 0.2220 step_s 0.0057 peak_mem_gb 1.205
2026-10-01 22:40:20,595 | DEBUG | step 6661 epoch 5 loss 0.2207 step_s 0.0057 peak_mem_gb 1.205
2026-10-01 22:40:20,601 | DEBUG | step 6662 epoch 5 loss 0.1051 step_s 0.0054 peak_mem_gb 1.205
2026-10-01 22:40:20,607 | DEBUG | step 6663 epoch 5 loss 0.2350 step_s 0.0054 peak_mem_gb 1.205
2026-10-01 22:40:20,613 | DEBUG | step 6664 epoch 5 loss 0.2889 step_s 0.0054 peak_mem_gb 1.205
2026-10-01 22:40:20,620 | DEBUG | step 6665 epoch 5 loss 0.1973 step_s 0.0054 peak_mem_gb 1.205
2026-10-01 22:40:20,626 | DEBUG | step 6666 epoch 5 loss 0.3156 step_s 0.0054 peak_mem_gb 1.205
2026-10-01 22:40:20,632 | DEBUG | step 6667 epoch 5 loss 0.0959 step_s 0.0054 peak_mem_gb 1.205
2026-10-01 22:40:20,638 | DEBUG | step 6668 epoch 5 loss 0.1158 step_s 0.0054 peak_mem_gb 1.205
2026-10-01 22:40:20,644 | DEBUG | step 6669 epoch 5 loss 0.1691 step_s 0.0054 peak_mem_gb 1.205
2026-10-01 22:40:20,650 | DEBUG | step 6670 epoch 5 loss 0.3542 step_s 0.0054 peak_mem_gb 1.205
2026-10-01 22:40:20,656 | DEBUG | step 6671 epoch 5 loss 0.2127 step_s 0.0054 peak_mem_gb 1.205
2026-10-01 22:40:20,662 | DEBUG | step 6672 epoch 5 loss 0.1898 step_s 0.0054 peak_mem_gb 1.205
2026-10-01 22:40:20,668 | DEBUG | step 6673 epoch 5 loss 0.3394 step_s 0.0054 peak_mem_gb 1.205
2026-10-01 22:40:20,674 | DEBUG | step 6674 epoch 5 loss 0.1272 step_s 0.0053 peak_mem_gb 1.205
2026-10-01 22:40:20,680 | DEBUG | step 6675 epoch 5 loss 0.3104 step_s 0.0054 peak_mem_gb 1.205
2026-10-01 22:40:20,686 | DEBUG | step 6676 epoch 5 loss 0.1704 step_s 0.0053 peak_mem_gb 1.205
2026-10-01 22:40:20,692 | DEBUG | step 6677 epoch 5 loss 0.1222 step_s 0.0053 peak_mem_gb 1.205
2026-10-01 22:40:20,698 | DEBUG | step 6678 epoch 5 loss 0.2109 step_s 0.0054 peak_mem_gb 1.205
2026-10-01 22:40:20,704 | DEBUG | step 6679 epoch 5 loss 0.1403 step_s 0.0055 peak_mem_gb 1.205
2026-10-01 22:40:20,710 | DEBUG | step 6680 epoch 5 loss 0.1378 step_s 0.0054 peak_mem_gb 1.205
2026-10-01 22:40:20,716 | DEBUG | step 6681 epoch 5 loss 0.1589 step_s 0.0054 peak_mem_gb 1.205
2026-10-01 22:40:20,722 | DEBUG | step 6682 epoch 5 loss 0.2116 step_s 0.0053 peak_mem_gb 1.205
2026-10-01 22:40:20,728 | DEBUG | step 6683 epoch 5 loss 0.1450 step_s 0.0054 peak_mem_gb 1.205
2026-10-01 22:40:20,734 | DEBUG | step 6684 epoch 5 loss 0.2346 step_s 0.0053 peak_mem_gb 1.205
2026-10-01 22:40:20,740 | DEBUG | step 6685 epoch 5 loss 0.2837 step_s 0.0053 peak_mem_gb 1.205
2026-10-01 22:40:20,747 | DEBUG | step 6686 epoch 5 loss 0.1388 step_s 0.0055 peak_mem_gb 1.205
2026-10-01 22:40:20,753 | DEBUG | step 6687 epoch 5 loss 0.1582 step_s 0.0054 peak_mem_gb 1.205
2026-10-01 22:40:20,759 | DEBUG | step 6688 epoch 5 loss 0.1959 step_s 0.0053 peak_mem_gb 1.205
2026-10-01 22:40:20,765 | DEBUG | step 6689 epoch 5 loss 0.1134 step_s 0.0053 peak_mem_gb 1.205
2026-10-01 22:40:20,771 | DEBUG | step 6690 epoch 5 loss 0.1241 step_s 0.0053 peak_mem_gb 1.205
2026-10-01 22:40:20,777 | DEBUG | step 6691 epoch 5 loss 0.1660 step_s 0.0054 peak_mem_gb 1.205
2026-10-01 22:40:20,783 | DEBUG | step 6692 epoch 5 loss 0.4932 step_s 0.0053 peak_mem_gb 1.205
2026-10-01 22:40:20,789 | DEBUG | step 6693 epoch 5 loss 0.1782 step_s 0.0053 peak_mem_gb 1.205
2026-10-01 22:40:20,795 | DEBUG | step 6694 epoch 5 loss 0.3868 step_s 0.0053 peak_mem_gb 1.205
2026-10-01 22:40:20,801 | DEBUG | step 6695 epoch 5 loss 0.2611 step_s 0.0054 peak_mem_gb 1.205
2026-10-01 22:40:20,807 | DEBUG | step 6696 epoch 5 loss 0.2014 step_s 0.0054 peak_mem_gb 1.205
2026-10-01 22:40:20,813 | DEBUG | step 6697 epoch 5 loss 0.1102 step_s 0.0053 peak_mem_gb 1.205
2026-10-01 22:40:20,819 | DEBUG | step 6698 epoch 5 loss 0.2650 step_s 0.0054 peak_mem_gb 1.205
2026-10-01 22:40:20,825 | DEBUG | step 6699 epoch 5 loss 0.1841 step_s 0.0053 peak_mem_gb 1.205
2026-10-01 22:40:20,831 | DEBUG | step 6700 epoch 5 loss 0.1316 step_s 0.0053 peak_mem_gb 1.205
2026-10-01 22:40:20,837 | DEBUG | step 6701 epoch 5 loss 0.1742 step_s 0.0053 peak_mem_gb 1.205
2026-10-01 22:40:20,843 | DEBUG | step 6702 epoch 5 loss 0.3049 step_s 0.0054 peak_mem_gb 1.205
2026-10-01 22:40:20,849 | DEBUG | step 6703 epoch 5 loss 0.2303 step_s 0.0053 peak_mem_gb 1.205
2026-10-01 22:40:20,854 | DEBUG | step 6704 epoch 5 loss 0.2745 step_s 0.0053 peak_mem_gb 1.205
2026-10-01 22:40:20,861 | DEBUG | step 6705 epoch 5 loss 0.2909 step_s 0.0054 peak_mem_gb 1.205
2026-10-01 22:40:20,866 | DEBUG | step 6706 epoch 5 loss 0.1435 step_s 0.0053 peak_mem_gb 1.205
2026-10-01 22:40:20,872 | DEBUG | step 6707 epoch 5 loss 0.2869 step_s 0.0053 peak_mem_gb 1.205
2026-10-01 22:40:20,878 | DEBUG | step 6708 epoch 5 loss 0.3089 step_s 0.0053 peak_mem_gb 1.205
2026-10-01 22:40:20,884 | DEBUG | step 6709 epoch 5 loss 0.1285 step_s 0.0053 peak_mem_gb 1.205
2026-10-01 22:40:20,890 | DEBUG | step 6710 epoch 5 loss 0.1655 step_s 0.0053 peak_mem_gb 1.205
2026-10-01 22:40:20,896 | DEBUG | step 6711 epoch 5 loss 0.2294 step_s 0.0053 peak_mem_gb 1.205
2026-10-01 22:40:20,902 | DEBUG | step 6712 epoch 5 loss 0.1045 step_s 0.0054 peak_mem_gb 1.205
2026-10-01 22:40:20,908 | DEBUG | step 6713 epoch 5 loss 0.2483 step_s 0.0053 peak_mem_gb 1.205
2026-10-01 22:40:20,914 | DEBUG | step 6714 epoch 5 loss 0.1533 step_s 0.0054 peak_mem_gb 1.205
2026-10-01 22:40:20,920 | DEBUG | step 6715 epoch 5 loss 0.1472 step_s 0.0053 peak_mem_gb 1.205
2026-10-01 22:40:20,926 | DEBUG | step 6716 epoch 5 loss 0.0976 step_s 0.0053 peak_mem_gb 1.205
2026-10-01 22:40:20,932 | DEBUG | step 6717 epoch 5 loss 0.3054 step_s 0.0054 peak_mem_gb 1.205
2026-10-01 22:40:20,938 | DEBUG | step 6718 epoch 5 loss 0.1472 step_s 0.0053 peak_mem_gb 1.205
2026-10-01 22:40:20,944 | DEBUG | step 6719 epoch 5 loss 0.1919 step_s 0.0054 peak_mem_gb 1.205
2026-10-01 22:40:20,950 | DEBUG | step 6720 epoch 5 loss 0.2501 step_s 0.0053 peak_mem_gb 1.205
2026-10-01 22:40:20,956 | DEBUG | step 6721 epoch 5 loss 0.1936 step_s 0.0054 peak_mem_gb 1.205
2026-10-01 22:40:20,962 | DEBUG | step 6722 epoch 5 loss 0.2738 step_s 0.0054 peak_mem_gb 1.205
2026-10-01 22:40:20,969 | DEBUG | step 6723 epoch 5 loss 0.1889 step_s 0.0054 peak_mem_gb 1.205
2026-10-01 22:40:20,975 | DEBUG | step 6724 epoch 5 loss 0.2415 step_s 0.0054 peak_mem_gb 1.205
2026-10-01 22:40:20,981 | DEBUG | step 6725 epoch 5 loss 0.2332 step_s 0.0053 peak_mem_gb 1.205
2026-10-01 22:40:20,987 | DEBUG | step 6726 epoch 5 loss 0.2839 step_s 0.0053 peak_mem_gb 1.205
2026-10-01 22:40:20,993 | DEBUG | step 6727 epoch 5 loss 0.2203 step_s 0.0054 peak_mem_gb 1.205
2026-10-01 22:40:20,999 | DEBUG | step 6728 epoch 5 loss 0.2883 step_s 0.0054 peak_mem_gb 1.205
2026-10-01 22:40:21,005 | DEBUG | step 6729 epoch 5 loss 0.2250 step_s 0.0054 peak_mem_gb 1.205
2026-10-01 22:40:21,011 | DEBUG | step 6730 epoch 5 loss 0.1645 step_s 0.0054 peak_mem_gb 1.205
2026-10-01 22:40:21,017 | DEBUG | step 6731 epoch 5 loss 0.1802 step_s 0.0054 peak_mem_gb 1.205
2026-10-01 22:40:21,023 | DEBUG | step 6732 epoch 5 loss 0.1421 step_s 0.0053 peak_mem_gb 1.205
2026-10-01 22:40:21,029 | DEBUG | step 6733 epoch 5 loss 0.1372 step_s 0.0053 peak_mem_gb 1.205
2026-10-01 22:40:21,035 | DEBUG | step 6734 epoch 5 loss 0.2352 step_s 0.0053 peak_mem_gb 1.205
2026-10-01 22:40:21,041 | DEBUG | step 6735 epoch 5 loss 0.2003 step_s 0.0053 peak_mem_gb 1.205
2026-10-01 22:40:21,047 | DEBUG | step 6736 epoch 5 loss 0.2991 step_s 0.0054 peak_mem_gb 1.205
2026-10-01 22:40:21,054 | DEBUG | step 6737 epoch 5 loss 0.3324 step_s 0.0054 peak_mem_gb 1.205
2026-10-01 22:40:21,060 | DEBUG | step 6738 epoch 5 loss 0.0900 step_s 0.0054 peak_mem_gb 1.205
2026-10-01 22:40:21,066 | DEBUG | step 6739 epoch 5 loss 0.2464 step_s 0.0054 peak_mem_gb 1.205
2026-10-01 22:40:21,072 | DEBUG | step 6740 epoch 5 loss 0.2329 step_s 0.0053 peak_mem_gb 1.205
2026-10-01 22:40:21,078 | DEBUG | step 6741 epoch 5 loss 0.2572 step_s 0.0054 peak_mem_gb 1.205
2026-10-01 22:40:21,085 | DEBUG | step 6742 epoch 5 loss 0.1928 step_s 0.0055 peak_mem_gb 1.205
2026-10-01 22:40:21,091 | DEBUG | step 6743 epoch 5 loss 0.1336 step_s 0.0054 peak_mem_gb 1.205
2026-10-01 22:40:21,097 | DEBUG | step 6744 epoch 5 loss 0.2293 step_s 0.0055 peak_mem_gb 1.205
2026-10-01 22:40:21,103 | DEBUG | step 6745 epoch 5 loss 0.2923 step_s 0.0054 peak_mem_gb 1.205
2026-10-01 22:40:21,109 | DEBUG | step 6746 epoch 5 loss 0.2080 step_s 0.0053 peak_mem_gb 1.205
2026-10-01 22:40:21,115 | DEBUG | step 6747 epoch 5 loss 0.2578 step_s 0.0054 peak_mem_gb 1.205
2026-10-01 22:40:21,121 | DEBUG | step 6748 epoch 5 loss 0.0571 step_s 0.0053 peak_mem_gb 1.205
2026-10-01 22:40:21,127 | DEBUG | step 6749 epoch 5 loss 0.2547 step_s 0.0053 peak_mem_gb 1.205
2026-10-01 22:40:21,133 | DEBUG | step 6750 epoch 5 loss 0.2597 step_s 0.0054 peak_mem_gb 1.205
2026-10-01 22:40:21,139 | DEBUG | step 6751 epoch 5 loss 0.2973 step_s 0.0053 peak_mem_gb 1.205
2026-10-01 22:40:21,145 | DEBUG | step 6752 epoch 5 loss 0.1189 step_s 0.0054 peak_mem_gb 1.205
2026-10-01 22:40:21,151 | DEBUG | step 6753 epoch 5 loss 0.0965 step_s 0.0054 peak_mem_gb 1.205
2026-10-01 22:40:21,157 | DEBUG | step 6754 epoch 5 loss 0.2164 step_s 0.0053 peak_mem_gb 1.205
2026-10-01 22:40:21,163 | DEBUG | step 6755 epoch 5 loss 0.1463 step_s 0.0053 peak_mem_gb 1.205
2026-10-01 22:40:21,169 | DEBUG | step 6756 epoch 5 loss 0.1189 step_s 0.0053 peak_mem_gb 1.205
2026-10-01 22:40:21,175 | DEBUG | step 6757 epoch 5 loss 0.2913 step_s 0.0053 peak_mem_gb 1.205
2026-10-01 22:40:21,181 | DEBUG | step 6758 epoch 5 loss 0.0905 step_s 0.0053 peak_mem_gb 1.205
2026-10-01 22:40:21,187 | DEBUG | step 6759 epoch 5 loss 0.1699 step_s 0.0054 peak_mem_gb 1.205
2026-10-01 22:40:21,193 | DEBUG | step 6760 epoch 5 loss 0.1595 step_s 0.0054 peak_mem_gb 1.205
2026-10-01 22:40:21,199 | DEBUG | step 6761 epoch 5 loss 0.2777 step_s 0.0053 peak_mem_gb 1.205
2026-10-01 22:40:21,205 | DEBUG | step 6762 epoch 5 loss 0.2406 step_s 0.0053 peak_mem_gb 1.205
2026-10-01 22:40:21,211 | DEBUG | step 6763 epoch 5 loss 0.1373 step_s 0.0054 peak_mem_gb 1.205
2026-10-01 22:40:21,217 | DEBUG | step 6764 epoch 5 loss 0.1805 step_s 0.0053 peak_mem_gb 1.205
2026-10-01 22:40:21,223 | DEBUG | step 6765 epoch 5 loss 0.1862 step_s 0.0053 peak_mem_gb 1.205
2026-10-01 22:40:21,229 | DEBUG | step 6766 epoch 5 loss 0.2648 step_s 0.0053 peak_mem_gb 1.205
2026-10-01 22:40:21,235 | DEBUG | step 6767 epoch 5 loss 0.1948 step_s 0.0053 peak_mem_gb 1.205
2026-10-01 22:40:21,241 | DEBUG | step 6768 epoch 5 loss 0.1683 step_s 0.0053 peak_mem_gb 1.205
2026-10-01 22:40:21,247 | DEBUG | step 6769 epoch 5 loss 0.2662 step_s 0.0053 peak_mem_gb 1.205
2026-10-01 22:40:21,253 | DEBUG | step 6770 epoch 5 loss 0.1336 step_s 0.0053 peak_mem_gb 1.205
2026-10-01 22:40:21,259 | DEBUG | step 6771 epoch 5 loss 0.2131 step_s 0.0054 peak_mem_gb 1.205
2026-10-01 22:40:21,265 | DEBUG | step 6772 epoch 5 loss 0.1991 step_s 0.0054 peak_mem_gb 1.205
2026-10-01 22:40:21,271 | DEBUG | step 6773 epoch 5 loss 0.2318 step_s 0.0053 peak_mem_gb 1.205
2026-10-01 22:40:21,277 | DEBUG | step 6774 epoch 5 loss 0.1733 step_s 0.0053 peak_mem_gb 1.205
2026-10-01 22:40:21,283 | DEBUG | step 6775 epoch 5 loss 0.2076 step_s 0.0054 peak_mem_gb 1.205
2026-10-01 22:40:21,289 | DEBUG | step 6776 epoch 5 loss 0.1484 step_s 0.0054 peak_mem_gb 1.205
2026-10-01 22:40:21,295 | DEBUG | step 6777 epoch 5 loss 0.2494 step_s 0.0053 peak_mem_gb 1.205
2026-10-01 22:40:21,301 | DEBUG | step 6778 epoch 5 loss 0.2546 step_s 0.0053 peak_mem_gb 1.205
2026-10-01 22:40:21,307 | DEBUG | step 6779 epoch 5 loss 0.2240 step_s 0.0054 peak_mem_gb 1.205
2026-10-01 22:40:21,313 | DEBUG | step 6780 epoch 5 loss 0.2132 step_s 0.0053 peak_mem_gb 1.205
2026-10-01 22:40:21,319 | DEBUG | step 6781 epoch 5 loss 0.2780 step_s 0.0054 peak_mem_gb 1.205
2026-10-01 22:40:21,325 | DEBUG | step 6782 epoch 5 loss 0.1895 step_s 0.0054 peak_mem_gb 1.205
2026-10-01 22:40:21,331 | DEBUG | step 6783 epoch 5 loss 0.2277 step_s 0.0054 peak_mem_gb 1.205
2026-10-01 22:40:21,337 | DEBUG | step 6784 epoch 5 loss 0.1200 step_s 0.0054 peak_mem_gb 1.205
2026-10-01 22:40:21,343 | DEBUG | step 6785 epoch 5 loss 0.2596 step_s 0.0054 peak_mem_gb 1.205
2026-10-01 22:40:21,349 | DEBUG | step 6786 epoch 5 loss 0.1199 step_s 0.0054 peak_mem_gb 1.205
2026-10-01 22:40:21,355 | DEBUG | step 6787 epoch 5 loss 0.1425 step_s 0.0053 peak_mem_gb 1.205
2026-10-01 22:40:21,361 | DEBUG | step 6788 epoch 5 loss 0.1920 step_s 0.0053 peak_mem_gb 1.205
2026-10-01 22:40:21,367 | DEBUG | step 6789 epoch 5 loss 0.1878 step_s 0.0053 peak_mem_gb 1.205
2026-10-01 22:40:21,373 | DEBUG | step 6790 epoch 5 loss 0.3508 step_s 0.0053 peak_mem_gb 1.205
2026-10-01 22:40:21,379 | DEBUG | step 6791 epoch 5 loss 0.2562 step_s 0.0053 peak_mem_gb 1.205
2026-10-01 22:40:21,385 | DEBUG | step 6792 epoch 5 loss 0.1832 step_s 0.0053 peak_mem_gb 1.205
2026-10-01 22:40:21,391 | DEBUG | step 6793 epoch 5 loss 0.1431 step_s 0.0054 peak_mem_gb 1.205
2026-10-01 22:40:21,397 | DEBUG | step 6794 epoch 5 loss 0.2586 step_s 0.0054 peak_mem_gb 1.205
2026-10-01 22:40:21,403 | DEBUG | step 6795 epoch 5 loss 0.2022 step_s 0.0053 peak_mem_gb 1.205
2026-10-01 22:40:21,409 | DEBUG | step 6796 epoch 5 loss 0.2327 step_s 0.0054 peak_mem_gb 1.205
2026-10-01 22:40:21,415 | DEBUG | step 6797 epoch 5 loss 0.1207 step_s 0.0054 peak_mem_gb 1.205
2026-10-01 22:40:21,421 | DEBUG | step 6798 epoch 5 loss 0.2786 step_s 0.0054 peak_mem_gb 1.205
2026-10-01 22:40:21,427 | DEBUG | step 6799 epoch 5 loss 0.1249 step_s 0.0053 peak_mem_gb 1.205
2026-10-01 22:40:21,433 | INFO | step 6800 epoch 5 loss 0.3465 step_s 0.0053 peak_mem_gb 1.205
2026-10-01 22:40:21,440 | DEBUG | step 6801 epoch 5 loss 0.2092 step_s 0.0054 peak_mem_gb 1.205
2026-10-01 22:40:21,446 | DEBUG | step 6802 epoch 5 loss 0.2993 step_s 0.0054 peak_mem_gb 1.205
2026-10-01 22:40:21,452 | DEBUG | step 6803 epoch 5 loss 0.1260 step_s 0.0054 peak_mem_gb 1.205
2026-10-01 22:40:21,458 | DEBUG | step 6804 epoch 5 loss 0.2043 step_s 0.0054 peak_mem_gb 1.205
2026-10-01 22:40:21,465 | DEBUG | step 6805 epoch 5 loss 0.1411 step_s 0.0054 peak_mem_gb 1.205
2026-10-01 22:40:21,471 | DEBUG | step 6806 epoch 5 loss 0.1549 step_s 0.0053 peak_mem_gb 1.205
2026-10-01 22:40:21,477 | DEBUG | step 6807 epoch 5 loss 0.1837 step_s 0.0054 peak_mem_gb 1.205
2026-10-01 22:40:21,483 | DEBUG | step 6808 epoch 5 loss 0.2177 step_s 0.0053 peak_mem_gb 1.205
2026-10-01 22:40:21,489 | DEBUG | step 6809 epoch 5 loss 0.2937 step_s 0.0053 peak_mem_gb 1.205
2026-10-01 22:40:21,495 | DEBUG | step 6810 epoch 5 loss 0.1580 step_s 0.0054 peak_mem_gb 1.205
2026-10-01 22:40:21,501 | DEBUG | step 6811 epoch 5 loss 0.2482 step_s 0.0053 peak_mem_gb 1.205
2026-10-01 22:40:21,507 | DEBUG | step 6812 epoch 5 loss 0.4248 step_s 0.0053 peak_mem_gb 1.205
2026-10-01 22:40:21,513 | DEBUG | step 6813 epoch 5 loss 0.4948 step_s 0.0054 peak_mem_gb 1.205
2026-10-01 22:40:21,519 | DEBUG | step 6814 epoch 5 loss 0.2272 step_s 0.0053 peak_mem_gb 1.205
2026-10-01 22:40:21,525 | DEBUG | step 6815 epoch 5 loss 0.1516 step_s 0.0053 peak_mem_gb 1.205
2026-10-01 22:40:21,530 | DEBUG | step 6816 epoch 5 loss 0.1817 step_s 0.0053 peak_mem_gb 1.205
2026-10-01 22:40:21,537 | DEBUG | step 6817 epoch 5 loss 0.2473 step_s 0.0053 peak_mem_gb 1.205
2026-10-01 22:40:21,543 | DEBUG | step 6818 epoch 5 loss 0.1907 step_s 0.0054 peak_mem_gb 1.205
2026-10-01 22:40:21,549 | DEBUG | step 6819 epoch 5 loss 0.1772 step_s 0.0054 peak_mem_gb 1.205
2026-10-01 22:40:21,555 | DEBUG | step 6820 epoch 5 loss 0.1715 step_s 0.0053 peak_mem_gb 1.205
2026-10-01 22:40:21,561 | DEBUG | step 6821 epoch 5 loss 0.3088 step_s 0.0054 peak_mem_gb 1.205
2026-10-01 22:40:21,567 | DEBUG | step 6822 epoch 5 loss 0.1789 step_s 0.0054 peak_mem_gb 1.205
2026-10-01 22:40:21,573 | DEBUG | step 6823 epoch 5 loss 0.2246 step_s 0.0054 peak_mem_gb 1.205
2026-10-01 22:40:21,579 | DEBUG | step 6824 epoch 5 loss 0.3265 step_s 0.0053 peak_mem_gb 1.205
2026-10-01 22:40:21,585 | DEBUG | step 6825 epoch 5 loss 0.3687 step_s 0.0053 peak_mem_gb 1.205
2026-10-01 22:40:21,591 | DEBUG | step 6826 epoch 5 loss 0.2606 step_s 0.0054 peak_mem_gb 1.205
2026-10-01 22:40:21,597 | DEBUG | step 6827 epoch 5 loss 0.1668 step_s 0.0053 peak_mem_gb 1.205
2026-10-01 22:40:21,603 | DEBUG | step 6828 epoch 5 loss 0.1993 step_s 0.0054 peak_mem_gb 1.205
2026-10-01 22:40:21,609 | DEBUG | step 6829 epoch 5 loss 0.2723 step_s 0.0053 peak_mem_gb 1.205
2026-10-01 22:40:21,615 | DEBUG | step 6830 epoch 5 loss 0.3202 step_s 0.0054 peak_mem_gb 1.205
2026-10-01 22:40:21,621 | DEBUG | step 6831 epoch 5 loss 0.1269 step_s 0.0057 peak_mem_gb 1.205
2026-10-01 22:40:21,627 | DEBUG | step 6832 epoch 5 loss 0.1782 step_s 0.0053 peak_mem_gb 1.205
2026-10-01 22:40:21,633 | DEBUG | step 6833 epoch 5 loss 0.2679 step_s 0.0053 peak_mem_gb 1.205
2026-10-01 22:40:21,639 | DEBUG | step 6834 epoch 5 loss 0.2516 step_s 0.0053 peak_mem_gb 1.205
2026-10-01 22:40:21,645 | DEBUG | step 6835 epoch 5 loss 0.2580 step_s 0.0054 peak_mem_gb 1.205
2026-10-01 22:40:21,651 | DEBUG | step 6836 epoch 5 loss 0.2392 step_s 0.0053 peak_mem_gb 1.205
2026-10-01 22:40:21,657 | DEBUG | step 6837 epoch 5 loss 0.2677 step_s 0.0054 peak_mem_gb 1.205
2026-10-01 22:40:21,663 | DEBUG | step 6838 epoch 5 loss 0.1902 step_s 0.0053 peak_mem_gb 1.205
2026-10-01 22:40:21,669 | DEBUG | step 6839 epoch 5 loss 0.3075 step_s 0.0054 peak_mem_gb 1.205
2026-10-01 22:40:21,675 | DEBUG | step 6840 epoch 5 loss 0.2052 step_s 0.0053 peak_mem_gb 1.205
2026-10-01 22:40:21,681 | DEBUG | step 6841 epoch 5 loss 0.1047 step_s 0.0054 peak_mem_gb 1.205
2026-10-01 22:40:21,687 | DEBUG | step 6842 epoch 5 loss 0.2755 step_s 0.0053 peak_mem_gb 1.205
2026-10-01 22:40:21,693 | DEBUG | step 6843 epoch 5 loss 0.1968 step_s 0.0054 peak_mem_gb 1.205
2026-10-01 22:40:21,699 | DEBUG | step 6844 epoch 5 loss 0.1348 step_s 0.0055 peak_mem_gb 1.205
2026-10-01 22:40:21,706 | DEBUG | step 6845 epoch 5 loss 0.1943 step_s 0.0055 peak_mem_gb 1.205
2026-10-01 22:40:21,712 | DEBUG | step 6846 epoch 5 loss 0.1912 step_s 0.0054 peak_mem_gb 1.205
2026-10-01 22:40:21,719 | DEBUG | step 6847 epoch 5 loss 0.1555 step_s 0.0057 peak_mem_gb 1.205
2026-10-01 22:40:21,725 | DEBUG | step 6848 epoch 5 loss 0.1420 step_s 0.0054 peak_mem_gb 1.205
2026-10-01 22:40:21,731 | DEBUG | step 6849 epoch 5 loss 0.2684 step_s 0.0054 peak_mem_gb 1.205
2026-10-01 22:40:21,737 | DEBUG | step 6850 epoch 5 loss 0.1539 step_s 0.0054 peak_mem_gb 1.205
2026-10-01 22:40:21,743 | DEBUG | step 6851 epoch 5 loss 0.2850 step_s 0.0054 peak_mem_gb 1.205
2026-10-01 22:40:21,749 | DEBUG | step 6852 epoch 5 loss 0.1303 step_s 0.0053 peak_mem_gb 1.205
2026-10-01 22:40:21,755 | DEBUG | step 6853 epoch 5 loss 0.1665 step_s 0.0053 peak_mem_gb 1.205
2026-10-01 22:40:21,761 | DEBUG | step 6854 epoch 5 loss 0.1635 step_s 0.0054 peak_mem_gb 1.205
2026-10-01 22:40:21,767 | DEBUG | step 6855 epoch 5 loss 0.1850 step_s 0.0053 peak_mem_gb 1.205
2026-10-01 22:40:21,773 | DEBUG | step 6856 epoch 5 loss 0.2179 step_s 0.0053 peak_mem_gb 1.205
2026-10-01 22:40:21,779 | DEBUG | step 6857 epoch 5 loss 0.3613 step_s 0.0053 peak_mem_gb 1.205
2026-10-01 22:40:21,785 | DEBUG | step 6858 epoch 5 loss 0.3061 step_s 0.0053 peak_mem_gb 1.205
2026-10-01 22:40:21,791 | DEBUG | step 6859 epoch 5 loss 0.3397 step_s 0.0054 peak_mem_gb 1.205
2026-10-01 22:40:21,798 | DEBUG | step 6860 epoch 5 loss 0.1502 step_s 0.0054 peak_mem_gb 1.205
2026-10-01 22:40:21,804 | DEBUG | step 6861 epoch 5 loss 0.1752 step_s 0.0054 peak_mem_gb 1.205
2026-10-01 22:40:21,810 | DEBUG | step 6862 epoch 5 loss 0.1741 step_s 0.0054 peak_mem_gb 1.205
2026-10-01 22:40:21,816 | DEBUG | step 6863 epoch 5 loss 0.1986 step_s 0.0054 peak_mem_gb 1.205
2026-10-01 22:40:21,822 | DEBUG | step 6864 epoch 5 loss 0.1722 step_s 0.0053 peak_mem_gb 1.205
2026-10-01 22:40:21,828 | DEBUG | step 6865 epoch 5 loss 0.1996 step_s 0.0054 peak_mem_gb 1.205
2026-10-01 22:40:21,834 | DEBUG | step 6866 epoch 5 loss 0.1320 step_s 0.0053 peak_mem_gb 1.205
2026-10-01 22:40:21,840 | DEBUG | step 6867 epoch 5 loss 0.2363 step_s 0.0053 peak_mem_gb 1.205
2026-10-01 22:40:21,846 | DEBUG | step 6868 epoch 5 loss 0.1780 step_s 0.0053 peak_mem_gb 1.205
2026-10-01 22:40:21,852 | DEBUG | step 6869 epoch 5 loss 0.2163 step_s 0.0054 peak_mem_gb 1.205
2026-10-01 22:40:21,858 | DEBUG | step 6870 epoch 5 loss 0.1061 step_s 0.0054 peak_mem_gb 1.205
2026-10-01 22:40:21,864 | DEBUG | step 6871 epoch 5 loss 0.1366 step_s 0.0053 peak_mem_gb 1.205
2026-10-01 22:40:21,870 | DEBUG | step 6872 epoch 5 loss 0.2440 step_s 0.0054 peak_mem_gb 1.205
2026-10-01 22:40:21,876 | DEBUG | step 6873 epoch 5 loss 0.1834 step_s 0.0053 peak_mem_gb 1.205
2026-10-01 22:40:21,882 | DEBUG | step 6874 epoch 5 loss 0.1134 step_s 0.0054 peak_mem_gb 1.205
2026-10-01 22:40:21,888 | DEBUG | step 6875 epoch 5 loss 0.1970 step_s 0.0054 peak_mem_gb 1.205
2026-10-01 22:40:21,894 | DEBUG | step 6876 epoch 5 loss 0.2809 step_s 0.0053 peak_mem_gb 1.205
2026-10-01 22:40:21,899 | DEBUG | step 6877 epoch 5 loss 0.3223 step_s 0.0053 peak_mem_gb 1.205
2026-10-01 22:40:21,905 | DEBUG | step 6878 epoch 5 loss 0.1834 step_s 0.0053 peak_mem_gb 1.205
2026-10-01 22:40:21,911 | DEBUG | step 6879 epoch 5 loss 0.2486 step_s 0.0054 peak_mem_gb 1.205
2026-10-01 22:40:21,917 | DEBUG | step 6880 epoch 5 loss 0.2541 step_s 0.0054 peak_mem_gb 1.205
2026-10-01 22:40:21,924 | DEBUG | step 6881 epoch 5 loss 0.1119 step_s 0.0054 peak_mem_gb 1.205
2026-10-01 22:40:21,930 | DEBUG | step 6882 epoch 5 loss 0.1938 step_s 0.0054 peak_mem_gb 1.205
2026-10-01 22:40:21,936 | DEBUG | step 6883 epoch 5 loss 0.2936 step_s 0.0053 peak_mem_gb 1.205
2026-10-01 22:40:21,942 | DEBUG | step 6884 epoch 5 loss 0.1820 step_s 0.0053 peak_mem_gb 1.205
2026-10-01 22:40:21,948 | DEBUG | step 6885 epoch 5 loss 0.2244 step_s 0.0054 peak_mem_gb 1.205
2026-10-01 22:40:21,954 | DEBUG | step 6886 epoch 5 loss 0.2052 step_s 0.0053 peak_mem_gb 1.205
2026-10-01 22:40:21,959 | DEBUG | step 6887 epoch 5 loss 0.2520 step_s 0.0053 peak_mem_gb 1.205
2026-10-01 22:40:21,965 | DEBUG | step 6888 epoch 5 loss 0.1605 step_s 0.0053 peak_mem_gb 1.205
2026-10-01 22:40:21,971 | DEBUG | step 6889 epoch 5 loss 0.2102 step_s 0.0053 peak_mem_gb 1.205
2026-10-01 22:40:21,978 | DEBUG | step 6890 epoch 5 loss 0.1321 step_s 0.0054 peak_mem_gb 1.205
2026-10-01 22:40:21,984 | DEBUG | step 6891 epoch 5 loss 0.2268 step_s 0.0053 peak_mem_gb 1.205
2026-10-01 22:40:21,989 | DEBUG | step 6892 epoch 5 loss 0.1984 step_s 0.0053 peak_mem_gb 1.205
2026-10-01 22:40:21,995 | DEBUG | step 6893 epoch 5 loss 0.1228 step_s 0.0054 peak_mem_gb 1.205
2026-10-01 22:40:22,001 | DEBUG | step 6894 epoch 5 loss 0.1288 step_s 0.0054 peak_mem_gb 1.205
2026-10-01 22:40:22,007 | DEBUG | step 6895 epoch 5 loss 0.2064 step_s 0.0054 peak_mem_gb 1.205
2026-10-01 22:40:22,013 | DEBUG | step 6896 epoch 5 loss 0.2240 step_s 0.0053 peak_mem_gb 1.205
2026-10-01 22:40:22,020 | DEBUG | step 6897 epoch 5 loss 0.2081 step_s 0.0054 peak_mem_gb 1.205
2026-10-01 22:40:22,026 | DEBUG | step 6898 epoch 5 loss 0.2467 step_s 0.0053 peak_mem_gb 1.205
2026-10-01 22:40:22,032 | DEBUG | step 6899 epoch 5 loss 0.2967 step_s 0.0054 peak_mem_gb 1.205
2026-10-01 22:40:22,038 | DEBUG | step 6900 epoch 5 loss 0.2483 step_s 0.0053 peak_mem_gb 1.205
2026-10-01 22:40:22,044 | DEBUG | step 6901 epoch 5 loss 0.1991 step_s 0.0053 peak_mem_gb 1.205
2026-10-01 22:40:22,049 | DEBUG | step 6902 epoch 5 loss 0.2667 step_s 0.0053 peak_mem_gb 1.205
2026-10-01 22:40:22,055 | DEBUG | step 6903 epoch 5 loss 0.1483 step_s 0.0053 peak_mem_gb 1.205
2026-10-01 22:40:22,061 | DEBUG | step 6904 epoch 5 loss 0.1509 step_s 0.0053 peak_mem_gb 1.205
2026-10-01 22:40:22,068 | DEBUG | step 6905 epoch 5 loss 0.1380 step_s 0.0054 peak_mem_gb 1.205
2026-10-01 22:40:22,074 | DEBUG | step 6906 epoch 5 loss 0.2350 step_s 0.0053 peak_mem_gb 1.205
2026-10-01 22:40:22,080 | DEBUG | step 6907 epoch 5 loss 0.3098 step_s 0.0054 peak_mem_gb 1.205
2026-10-01 22:40:22,086 | DEBUG | step 6908 epoch 5 loss 0.2776 step_s 0.0054 peak_mem_gb 1.205
2026-10-01 22:40:22,092 | DEBUG | step 6909 epoch 5 loss 0.1589 step_s 0.0053 peak_mem_gb 1.205
2026-10-01 22:40:22,098 | DEBUG | step 6910 epoch 5 loss 0.1921 step_s 0.0054 peak_mem_gb 1.205
2026-10-01 22:40:22,104 | DEBUG | step 6911 epoch 5 loss 0.2592 step_s 0.0053 peak_mem_gb 1.205
2026-10-01 22:40:22,110 | DEBUG | step 6912 epoch 5 loss 0.1285 step_s 0.0054 peak_mem_gb 1.205
2026-10-01 22:40:22,116 | DEBUG | step 6913 epoch 5 loss 0.4669 step_s 0.0053 peak_mem_gb 1.205
2026-10-01 22:40:22,122 | DEBUG | step 6914 epoch 5 loss 0.2310 step_s 0.0053 peak_mem_gb 1.205
2026-10-01 22:40:22,128 | DEBUG | step 6915 epoch 5 loss 0.2235 step_s 0.0054 peak_mem_gb 1.205
2026-10-01 22:40:22,134 | DEBUG | step 6916 epoch 5 loss 0.2308 step_s 0.0053 peak_mem_gb 1.205
2026-10-01 22:40:22,140 | DEBUG | step 6917 epoch 5 loss 0.3462 step_s 0.0053 peak_mem_gb 1.205
2026-10-01 22:40:22,146 | DEBUG | step 6918 epoch 5 loss 0.4103 step_s 0.0054 peak_mem_gb 1.205
2026-10-01 22:40:22,152 | DEBUG | step 6919 epoch 5 loss 0.3180 step_s 0.0053 peak_mem_gb 1.205
2026-10-01 22:40:22,159 | DEBUG | step 6920 epoch 5 loss 0.1516 step_s 0.0061 peak_mem_gb 1.205
2026-10-01 22:40:22,165 | DEBUG | step 6921 epoch 5 loss 0.1427 step_s 0.0053 peak_mem_gb 1.205
2026-10-01 22:40:22,171 | DEBUG | step 6922 epoch 5 loss 0.2146 step_s 0.0055 peak_mem_gb 1.205
2026-10-01 22:40:22,177 | DEBUG | step 6923 epoch 5 loss 0.2930 step_s 0.0054 peak_mem_gb 1.205
2026-10-01 22:40:22,183 | DEBUG | step 6924 epoch 5 loss 0.2369 step_s 0.0053 peak_mem_gb 1.205
2026-10-01 22:40:22,189 | DEBUG | step 6925 epoch 5 loss 0.1865 step_s 0.0053 peak_mem_gb 1.205
2026-10-01 22:40:22,195 | DEBUG | step 6926 epoch 5 loss 0.1453 step_s 0.0053 peak_mem_gb 1.205
2026-10-01 22:40:22,201 | DEBUG | step 6927 epoch 5 loss 0.2595 step_s 0.0053 peak_mem_gb 1.205
2026-10-01 22:40:22,207 | DEBUG | step 6928 epoch 5 loss 0.2211 step_s 0.0054 peak_mem_gb 1.205
2026-10-01 22:40:22,213 | DEBUG | step 6929 epoch 5 loss 0.2633 step_s 0.0054 peak_mem_gb 1.205
2026-10-01 22:40:22,219 | DEBUG | step 6930 epoch 5 loss 0.1857 step_s 0.0054 peak_mem_gb 1.205
2026-10-01 22:40:22,225 | DEBUG | step 6931 epoch 5 loss 0.3184 step_s 0.0053 peak_mem_gb 1.205
2026-10-01 22:40:22,231 | DEBUG | step 6932 epoch 5 loss 0.2072 step_s 0.0053 peak_mem_gb 1.205
2026-10-01 22:40:22,237 | DEBUG | step 6933 epoch 5 loss 0.1836 step_s 0.0054 peak_mem_gb 1.205
2026-10-01 22:40:22,243 | DEBUG | step 6934 epoch 5 loss 0.2585 step_s 0.0054 peak_mem_gb 1.205
2026-10-01 22:40:22,251 | DEBUG | step 6935 epoch 5 loss 0.2432 step_s 0.0054 peak_mem_gb 1.205
2026-10-01 22:40:22,257 | DEBUG | step 6936 epoch 5 loss 0.2678 step_s 0.0054 peak_mem_gb 1.205
2026-10-01 22:40:22,264 | DEBUG | step 6937 epoch 5 loss 0.1590 step_s 0.0053 peak_mem_gb 1.205
2026-10-01 22:40:22,270 | DEBUG | step 6938 epoch 5 loss 0.1009 step_s 0.0054 peak_mem_gb 1.205
2026-10-01 22:40:22,276 | DEBUG | step 6939 epoch 5 loss 0.2653 step_s 0.0054 peak_mem_gb 1.205
2026-10-01 22:40:22,282 | DEBUG | step 6940 epoch 5 loss 0.3167 step_s 0.0054 peak_mem_gb 1.205
2026-10-01 22:40:22,288 | DEBUG | step 6941 epoch 5 loss 0.1394 step_s 0.0053 peak_mem_gb 1.205
2026-10-01 22:40:22,294 | DEBUG | step 6942 epoch 5 loss 0.1223 step_s 0.0054 peak_mem_gb 1.205
2026-10-01 22:40:22,300 | DEBUG | step 6943 epoch 5 loss 0.1573 step_s 0.0054 peak_mem_gb 1.205
2026-10-01 22:40:22,306 | DEBUG | step 6944 epoch 5 loss 0.2161 step_s 0.0053 peak_mem_gb 1.205
2026-10-01 22:40:22,312 | DEBUG | step 6945 epoch 5 loss 0.2418 step_s 0.0054 peak_mem_gb 1.205
2026-10-01 22:40:22,318 | DEBUG | step 6946 epoch 5 loss 0.1992 step_s 0.0054 peak_mem_gb 1.205
2026-10-01 22:40:22,324 | DEBUG | step 6947 epoch 5 loss 0.0779 step_s 0.0054 peak_mem_gb 1.205
2026-10-01 22:40:22,330 | DEBUG | step 6948 epoch 5 loss 0.4474 step_s 0.0053 peak_mem_gb 1.205
2026-10-01 22:40:22,336 | DEBUG | step 6949 epoch 5 loss 0.1575 step_s 0.0053 peak_mem_gb 1.205
2026-10-01 22:40:22,342 | DEBUG | step 6950 epoch 5 loss 0.3026 step_s 0.0053 peak_mem_gb 1.205
2026-10-01 22:40:22,348 | DEBUG | step 6951 epoch 5 loss 0.2340 step_s 0.0054 peak_mem_gb 1.205
2026-10-01 22:40:22,354 | DEBUG | step 6952 epoch 5 loss 0.3309 step_s 0.0054 peak_mem_gb 1.205
2026-10-01 22:40:22,360 | DEBUG | step 6953 epoch 5 loss 0.2225 step_s 0.0053 peak_mem_gb 1.205
2026-10-01 22:40:22,367 | DEBUG | step 6954 epoch 5 loss 0.1188 step_s 0.0054 peak_mem_gb 1.205
2026-10-01 22:40:22,373 | DEBUG | step 6955 epoch 5 loss 0.2334 step_s 0.0054 peak_mem_gb 1.205
2026-10-01 22:40:22,379 | DEBUG | step 6956 epoch 5 loss 0.2131 step_s 0.0054 peak_mem_gb 1.205
2026-10-01 22:40:22,385 | DEBUG | step 6957 epoch 5 loss 0.2900 step_s 0.0053 peak_mem_gb 1.205
2026-10-01 22:40:22,390 | DEBUG | step 6958 epoch 5 loss 0.2897 step_s 0.0054 peak_mem_gb 1.205
2026-10-01 22:40:22,396 | DEBUG | step 6959 epoch 5 loss 0.1748 step_s 0.0053 peak_mem_gb 1.205
2026-10-01 22:40:22,402 | DEBUG | step 6960 epoch 5 loss 0.2347 step_s 0.0054 peak_mem_gb 1.205
2026-10-01 22:40:22,409 | DEBUG | step 6961 epoch 5 loss 0.2064 step_s 0.0054 peak_mem_gb 1.205
2026-10-01 22:40:22,415 | DEBUG | step 6962 epoch 5 loss 0.3055 step_s 0.0054 peak_mem_gb 1.205
2026-10-01 22:40:22,421 | DEBUG | step 6963 epoch 5 loss 0.1728 step_s 0.0053 peak_mem_gb 1.205
2026-10-01 22:40:22,427 | DEBUG | step 6964 epoch 5 loss 0.1716 step_s 0.0053 peak_mem_gb 1.205
2026-10-01 22:40:22,433 | DEBUG | step 6965 epoch 5 loss 0.1289 step_s 0.0053 peak_mem_gb 1.205
2026-10-01 22:40:22,439 | DEBUG | step 6966 epoch 5 loss 0.2437 step_s 0.0054 peak_mem_gb 1.205
2026-10-01 22:40:22,445 | DEBUG | step 6967 epoch 5 loss 0.1838 step_s 0.0054 peak_mem_gb 1.205
2026-10-01 22:40:22,451 | DEBUG | step 6968 epoch 5 loss 0.2935 step_s 0.0054 peak_mem_gb 1.205
2026-10-01 22:40:22,457 | DEBUG | step 6969 epoch 5 loss 0.1620 step_s 0.0053 peak_mem_gb 1.205
2026-10-01 22:40:22,463 | DEBUG | step 6970 epoch 5 loss 0.2156 step_s 0.0054 peak_mem_gb 1.205
2026-10-01 22:40:22,469 | DEBUG | step 6971 epoch 5 loss 0.1687 step_s 0.0053 peak_mem_gb 1.205
2026-10-01 22:40:22,475 | DEBUG | step 6972 epoch 5 loss 0.1989 step_s 0.0054 peak_mem_gb 1.205
2026-10-01 22:40:22,481 | DEBUG | step 6973 epoch 5 loss 0.3245 step_s 0.0054 peak_mem_gb 1.205
2026-10-01 22:40:22,487 | DEBUG | step 6974 epoch 5 loss 0.2463 step_s 0.0053 peak_mem_gb 1.205
2026-10-01 22:40:22,493 | DEBUG | step 6975 epoch 5 loss 0.1631 step_s 0.0057 peak_mem_gb 1.205
2026-10-01 22:40:22,499 | DEBUG | step 6976 epoch 5 loss 0.2103 step_s 0.0054 peak_mem_gb 1.205
2026-10-01 22:40:22,505 | DEBUG | step 6977 epoch 5 loss 0.1763 step_s 0.0054 peak_mem_gb 1.205
2026-10-01 22:40:22,511 | DEBUG | step 6978 epoch 5 loss 0.3869 step_s 0.0054 peak_mem_gb 1.205
2026-10-01 22:40:22,517 | DEBUG | step 6979 epoch 5 loss 0.1147 step_s 0.0053 peak_mem_gb 1.205
2026-10-01 22:40:22,523 | DEBUG | step 6980 epoch 5 loss 0.2875 step_s 0.0054 peak_mem_gb 1.205
2026-10-01 22:40:22,529 | DEBUG | step 6981 epoch 5 loss 0.1211 step_s 0.0053 peak_mem_gb 1.205
2026-10-01 22:40:22,535 | DEBUG | step 6982 epoch 5 loss 0.1718 step_s 0.0053 peak_mem_gb 1.205
2026-10-01 22:40:22,541 | DEBUG | step 6983 epoch 5 loss 0.2286 step_s 0.0054 peak_mem_gb 1.205
2026-10-01 22:40:22,547 | DEBUG | step 6984 epoch 5 loss 0.0810 step_s 0.0054 peak_mem_gb 1.205
2026-10-01 22:40:22,554 | DEBUG | step 6985 epoch 5 loss 0.3466 step_s 0.0053 peak_mem_gb 1.205
2026-10-01 22:40:22,560 | DEBUG | step 6986 epoch 5 loss 0.3395 step_s 0.0054 peak_mem_gb 1.205
2026-10-01 22:40:22,566 | DEBUG | step 6987 epoch 5 loss 0.2152 step_s 0.0054 peak_mem_gb 1.205
2026-10-01 22:40:22,572 | DEBUG | step 6988 epoch 5 loss 0.1241 step_s 0.0053 peak_mem_gb 1.205
2026-10-01 22:40:22,578 | DEBUG | step 6989 epoch 5 loss 0.2794 step_s 0.0054 peak_mem_gb 1.205
2026-10-01 22:40:22,584 | DEBUG | step 6990 epoch 5 loss 0.1545 step_s 0.0053 peak_mem_gb 1.205
2026-10-01 22:40:22,590 | DEBUG | step 6991 epoch 5 loss 0.3105 step_s 0.0054 peak_mem_gb 1.205
2026-10-01 22:40:22,596 | DEBUG | step 6992 epoch 5 loss 0.1932 step_s 0.0053 peak_mem_gb 1.205
2026-10-01 22:40:22,602 | DEBUG | step 6993 epoch 5 loss 0.1660 step_s 0.0054 peak_mem_gb 1.205
2026-10-01 22:40:22,608 | DEBUG | step 6994 epoch 5 loss 0.2271 step_s 0.0054 peak_mem_gb 1.205
2026-10-01 22:40:22,614 | DEBUG | step 6995 epoch 5 loss 0.1855 step_s 0.0054 peak_mem_gb 1.205
2026-10-01 22:40:22,620 | DEBUG | step 6996 epoch 5 loss 0.3662 step_s 0.0054 peak_mem_gb 1.205
2026-10-01 22:40:22,626 | DEBUG | step 6997 epoch 5 loss 0.2342 step_s 0.0054 peak_mem_gb 1.205
2026-10-01 22:40:22,632 | DEBUG | step 6998 epoch 5 loss 0.1684 step_s 0.0054 peak_mem_gb 1.205
2026-10-01 22:40:22,638 | DEBUG | step 6999 epoch 5 loss 0.2666 step_s 0.0054 peak_mem_gb 1.205
2026-10-01 22:40:22,644 | INFO | step 7000 epoch 5 loss 0.2387 step_s 0.0053 peak_mem_gb 1.205
2026-10-01 22:40:22,651 | DEBUG | step 7001 epoch 5 loss 0.2516 step_s 0.0054 peak_mem_gb 1.205
2026-10-01 22:40:22,657 | DEBUG | step 7002 epoch 5 loss 0.0845 step_s 0.0055 peak_mem_gb 1.205
2026-10-01 22:40:22,663 | DEBUG | step 7003 epoch 5 loss 0.1855 step_s 0.0053 peak_mem_gb 1.205
2026-10-01 22:40:22,669 | DEBUG | step 7004 epoch 5 loss 0.2044 step_s 0.0053 peak_mem_gb 1.205
2026-10-01 22:40:22,675 | DEBUG | step 7005 epoch 5 loss 0.2286 step_s 0.0053 peak_mem_gb 1.205
2026-10-01 22:40:22,681 | DEBUG | step 7006 epoch 5 loss 0.1675 step_s 0.0054 peak_mem_gb 1.205
2026-10-01 22:40:22,687 | DEBUG | step 7007 epoch 5 loss 0.2123 step_s 0.0053 peak_mem_gb 1.205
2026-10-01 22:40:22,693 | DEBUG | step 7008 epoch 5 loss 0.2097 step_s 0.0054 peak_mem_gb 1.205
2026-10-01 22:40:22,700 | DEBUG | step 7009 epoch 5 loss 0.2514 step_s 0.0054 peak_mem_gb 1.205
2026-10-01 22:40:22,705 | DEBUG | step 7010 epoch 5 loss 0.2244 step_s 0.0053 peak_mem_gb 1.205
2026-10-01 22:40:22,711 | DEBUG | step 7011 epoch 5 loss 0.2148 step_s 0.0054 peak_mem_gb 1.205
2026-10-01 22:40:22,717 | DEBUG | step 7012 epoch 5 loss 0.1959 step_s 0.0053 peak_mem_gb 1.205
2026-10-01 22:40:22,723 | DEBUG | step 7013 epoch 5 loss 0.1853 step_s 0.0054 peak_mem_gb 1.205
2026-10-01 22:40:22,730 | DEBUG | step 7014 epoch 5 loss 0.2608 step_s 0.0054 peak_mem_gb 1.205
2026-10-01 22:40:22,736 | DEBUG | step 7015 epoch 5 loss 0.3405 step_s 0.0053 peak_mem_gb 1.205
2026-10-01 22:40:22,741 | DEBUG | step 7016 epoch 5 loss 0.1551 step_s 0.0053 peak_mem_gb 1.205
2026-10-01 22:40:22,748 | DEBUG | step 7017 epoch 5 loss 0.1157 step_s 0.0053 peak_mem_gb 1.205
2026-10-01 22:40:22,754 | DEBUG | step 7018 epoch 5 loss 0.3397 step_s 0.0054 peak_mem_gb 1.205
2026-10-01 22:40:22,760 | DEBUG | step 7019 epoch 5 loss 0.1716 step_s 0.0054 peak_mem_gb 1.205
2026-10-01 22:40:22,766 | DEBUG | step 7020 epoch 5 loss 0.1322 step_s 0.0053 peak_mem_gb 1.205
2026-10-01 22:40:22,772 | DEBUG | step 7021 epoch 5 loss 0.0825 step_s 0.0053 peak_mem_gb 1.205
2026-10-01 22:40:22,778 | DEBUG | step 7022 epoch 5 loss 0.2044 step_s 0.0053 peak_mem_gb 1.205
2026-10-01 22:40:22,783 | DEBUG | step 7023 epoch 5 loss 0.1105 step_s 0.0053 peak_mem_gb 1.205
2026-10-01 22:40:22,789 | DEBUG | step 7024 epoch 5 loss 0.1860 step_s 0.0053 peak_mem_gb 1.205
2026-10-01 22:40:22,795 | DEBUG | step 7025 epoch 5 loss 0.2383 step_s 0.0053 peak_mem_gb 1.205
2026-10-01 22:40:22,801 | DEBUG | step 7026 epoch 5 loss 0.1902 step_s 0.0053 peak_mem_gb 1.205
2026-10-01 22:40:22,807 | DEBUG | step 7027 epoch 5 loss 0.1745 step_s 0.0053 peak_mem_gb 1.205
2026-10-01 22:40:22,813 | DEBUG | step 7028 epoch 5 loss 0.1406 step_s 0.0053 peak_mem_gb 1.205
2026-10-01 22:40:22,819 | DEBUG | step 7029 epoch 5 loss 0.3957 step_s 0.0053 peak_mem_gb 1.205
2026-10-01 22:40:22,825 | DEBUG | step 7030 epoch 5 loss 0.1678 step_s 0.0054 peak_mem_gb 1.205
2026-10-01 22:40:22,831 | DEBUG | step 7031 epoch 5 loss 0.2691 step_s 0.0053 peak_mem_gb 1.205
2026-10-01 22:40:22,837 | DEBUG | step 7032 epoch 5 loss 0.2398 step_s 0.0053 peak_mem_gb 1.205
2026-10-01 22:40:22,843 | DEBUG | step 7033 epoch 5 loss 0.2866 step_s 0.0053 peak_mem_gb 1.205
2026-10-01 22:40:22,849 | DEBUG | step 7034 epoch 5 loss 0.1439 step_s 0.0054 peak_mem_gb 1.205
2026-10-01 22:40:22,855 | DEBUG | step 7035 epoch 5 loss 0.1934 step_s 0.0053 peak_mem_gb 1.205
2026-10-01 22:40:22,861 | DEBUG | step 7036 epoch 5 loss 0.2167 step_s 0.0053 peak_mem_gb 1.205
2026-10-01 22:40:22,867 | DEBUG | step 7037 epoch 5 loss 0.2260 step_s 0.0054 peak_mem_gb 1.205
2026-10-01 22:40:22,873 | DEBUG | step 7038 epoch 5 loss 0.1490 step_s 0.0053 peak_mem_gb 1.205
2026-10-01 22:40:22,879 | DEBUG | step 7039 epoch 5 loss 0.2241 step_s 0.0053 peak_mem_gb 1.205
2026-10-01 22:40:22,885 | DEBUG | step 7040 epoch 5 loss 0.1743 step_s 0.0053 peak_mem_gb 1.205
2026-10-01 22:40:22,891 | DEBUG | step 7041 epoch 5 loss 0.2133 step_s 0.0053 peak_mem_gb 1.205
2026-10-01 22:40:22,897 | DEBUG | step 7042 epoch 5 loss 0.2919 step_s 0.0053 peak_mem_gb 1.205
2026-10-01 22:40:22,903 | DEBUG | step 7043 epoch 5 loss 0.1023 step_s 0.0054 peak_mem_gb 1.205
2026-10-01 22:40:22,909 | DEBUG | step 7044 epoch 5 loss 0.2058 step_s 0.0053 peak_mem_gb 1.205
2026-10-01 22:40:22,915 | DEBUG | step 7045 epoch 5 loss 0.1612 step_s 0.0054 peak_mem_gb 1.205
2026-10-01 22:40:22,921 | DEBUG | step 7046 epoch 5 loss 0.0847 step_s 0.0053 peak_mem_gb 1.205
2026-10-01 22:40:22,927 | DEBUG | step 7047 epoch 5 loss 0.2213 step_s 0.0053 peak_mem_gb 1.205
2026-10-01 22:40:22,933 | DEBUG | step 7048 epoch 5 loss 0.3015 step_s 0.0054 peak_mem_gb 1.205
2026-10-01 22:40:22,939 | DEBUG | step 7049 epoch 5 loss 0.2673 step_s 0.0053 peak_mem_gb 1.205
2026-10-01 22:40:22,945 | DEBUG | step 7050 epoch 5 loss 0.1014 step_s 0.0054 peak_mem_gb 1.205
2026-10-01 22:40:22,951 | DEBUG | step 7051 epoch 5 loss 0.0907 step_s 0.0053 peak_mem_gb 1.205
2026-10-01 22:40:22,957 | DEBUG | step 7052 epoch 5 loss 0.1332 step_s 0.0053 peak_mem_gb 1.205
2026-10-01 22:40:22,963 | DEBUG | step 7053 epoch 5 loss 0.2455 step_s 0.0054 peak_mem_gb 1.205
2026-10-01 22:40:22,969 | DEBUG | step 7054 epoch 5 loss 0.3387 step_s 0.0053 peak_mem_gb 1.205
2026-10-01 22:40:22,975 | DEBUG | step 7055 epoch 5 loss 0.3159 step_s 0.0053 peak_mem_gb 1.205
2026-10-01 22:40:22,981 | DEBUG | step 7056 epoch 5 loss 0.1905 step_s 0.0053 peak_mem_gb 1.205
2026-10-01 22:40:22,987 | DEBUG | step 7057 epoch 5 loss 0.1388 step_s 0.0053 peak_mem_gb 1.205
2026-10-01 22:40:22,993 | DEBUG | step 7058 epoch 5 loss 0.2051 step_s 0.0054 peak_mem_gb 1.205
2026-10-01 22:40:22,999 | DEBUG | step 7059 epoch 5 loss 0.2088 step_s 0.0054 peak_mem_gb 1.205
2026-10-01 22:40:23,005 | DEBUG | step 7060 epoch 5 loss 0.1498 step_s 0.0054 peak_mem_gb 1.205
2026-10-01 22:40:23,011 | DEBUG | step 7061 epoch 5 loss 0.1922 step_s 0.0054 peak_mem_gb 1.205
2026-10-01 22:40:23,017 | DEBUG | step 7062 epoch 5 loss 0.2376 step_s 0.0054 peak_mem_gb 1.205
2026-10-01 22:40:23,023 | DEBUG | step 7063 epoch 5 loss 0.2691 step_s 0.0054 peak_mem_gb 1.205
2026-10-01 22:40:23,029 | DEBUG | step 7064 epoch 5 loss 0.1750 step_s 0.0053 peak_mem_gb 1.205
2026-10-01 22:40:23,035 | DEBUG | step 7065 epoch 5 loss 0.1533 step_s 0.0053 peak_mem_gb 1.205
2026-10-01 22:40:23,041 | DEBUG | step 7066 epoch 5 loss 0.1301 step_s 0.0054 peak_mem_gb 1.205
2026-10-01 22:40:23,047 | DEBUG | step 7067 epoch 5 loss 0.1371 step_s 0.0053 peak_mem_gb 1.205
2026-10-01 22:40:23,053 | DEBUG | step 7068 epoch 5 loss 0.4131 step_s 0.0053 peak_mem_gb 1.205
2026-10-01 22:40:23,059 | DEBUG | step 7069 epoch 5 loss 0.3035 step_s 0.0054 peak_mem_gb 1.205
2026-10-01 22:40:23,065 | DEBUG | step 7070 epoch 5 loss 0.1961 step_s 0.0053 peak_mem_gb 1.205
2026-10-01 22:40:23,071 | DEBUG | step 7071 epoch 5 loss 0.1631 step_s 0.0054 peak_mem_gb 1.205
2026-10-01 22:40:23,077 | DEBUG | step 7072 epoch 5 loss 0.1914 step_s 0.0054 peak_mem_gb 1.205
2026-10-01 22:40:23,084 | DEBUG | step 7073 epoch 5 loss 0.1419 step_s 0.0053 peak_mem_gb 1.205
2026-10-01 22:40:23,090 | DEBUG | step 7074 epoch 5 loss 0.1731 step_s 0.0055 peak_mem_gb 1.205
2026-10-01 22:40:23,096 | DEBUG | step 7075 epoch 5 loss 0.2442 step_s 0.0054 peak_mem_gb 1.205
2026-10-01 22:40:23,102 | DEBUG | step 7076 epoch 5 loss 0.1705 step_s 0.0053 peak_mem_gb 1.205
2026-10-01 22:40:23,109 | DEBUG | step 7077 epoch 5 loss 0.3442 step_s 0.0055 peak_mem_gb 1.205
2026-10-01 22:40:23,115 | DEBUG | step 7078 epoch 5 loss 0.1321 step_s 0.0054 peak_mem_gb 1.205
2026-10-01 22:40:23,121 | DEBUG | step 7079 epoch 5 loss 0.2780 step_s 0.0054 peak_mem_gb 1.205
2026-10-01 22:40:23,127 | DEBUG | step 7080 epoch 5 loss 0.2032 step_s 0.0053 peak_mem_gb 1.205
2026-10-01 22:40:23,133 | DEBUG | step 7081 epoch 5 loss 0.1078 step_s 0.0054 peak_mem_gb 1.205
2026-10-01 22:40:23,139 | DEBUG | step 7082 epoch 5 loss 0.2243 step_s 0.0054 peak_mem_gb 1.205
2026-10-01 22:40:23,145 | DEBUG | step 7083 epoch 5 loss 0.0989 step_s 0.0054 peak_mem_gb 1.205
2026-10-01 22:40:23,151 | DEBUG | step 7084 epoch 5 loss 0.2416 step_s 0.0053 peak_mem_gb 1.205
2026-10-01 22:40:23,158 | DEBUG | step 7085 epoch 5 loss 0.2410 step_s 0.0054 peak_mem_gb 1.205
2026-10-01 22:40:23,164 | DEBUG | step 7086 epoch 5 loss 0.1001 step_s 0.0054 peak_mem_gb 1.205
2026-10-01 22:40:23,170 | DEBUG | step 7087 epoch 5 loss 0.2892 step_s 0.0054 peak_mem_gb 1.205
2026-10-01 22:40:23,176 | DEBUG | step 7088 epoch 5 loss 0.3597 step_s 0.0053 peak_mem_gb 1.205
2026-10-01 22:40:23,182 | DEBUG | step 7089 epoch 5 loss 0.1056 step_s 0.0054 peak_mem_gb 1.205
2026-10-01 22:40:23,188 | DEBUG | step 7090 epoch 5 loss 0.2123 step_s 0.0053 peak_mem_gb 1.205
2026-10-01 22:40:23,194 | DEBUG | step 7091 epoch 5 loss 0.1402 step_s 0.0053 peak_mem_gb 1.205
2026-10-01 22:40:23,200 | DEBUG | step 7092 epoch 5 loss 0.1555 step_s 0.0053 peak_mem_gb 1.205
2026-10-01 22:40:23,206 | DEBUG | step 7093 epoch 5 loss 0.1777 step_s 0.0054 peak_mem_gb 1.205
2026-10-01 22:40:23,212 | DEBUG | step 7094 epoch 5 loss 0.2751 step_s 0.0054 peak_mem_gb 1.205
2026-10-01 22:40:23,218 | DEBUG | step 7095 epoch 5 loss 0.2036 step_s 0.0053 peak_mem_gb 1.205
2026-10-01 22:40:23,224 | DEBUG | step 7096 epoch 5 loss 0.1612 step_s 0.0053 peak_mem_gb 1.205
2026-10-01 22:40:23,230 | DEBUG | step 7097 epoch 5 loss 0.2636 step_s 0.0054 peak_mem_gb 1.205
2026-10-01 22:40:23,236 | DEBUG | step 7098 epoch 5 loss 0.3500 step_s 0.0054 peak_mem_gb 1.205
2026-10-01 22:40:23,242 | DEBUG | step 7099 epoch 5 loss 0.2441 step_s 0.0053 peak_mem_gb 1.205
2026-10-01 22:40:23,248 | DEBUG | step 7100 epoch 5 loss 0.1877 step_s 0.0053 peak_mem_gb 1.205
2026-10-01 22:40:23,254 | DEBUG | step 7101 epoch 5 loss 0.2754 step_s 0.0054 peak_mem_gb 1.205
2026-10-01 22:40:23,260 | DEBUG | step 7102 epoch 5 loss 0.2881 step_s 0.0054 peak_mem_gb 1.205
2026-10-01 22:40:23,268 | DEBUG | step 7103 epoch 5 loss 0.1994 step_s 0.0053 peak_mem_gb 1.205
2026-10-01 22:40:23,274 | DEBUG | step 7104 epoch 5 loss 0.1865 step_s 0.0053 peak_mem_gb 1.205
2026-10-01 22:40:23,280 | DEBUG | step 7105 epoch 5 loss 0.2436 step_s 0.0053 peak_mem_gb 1.205
2026-10-01 22:40:23,287 | DEBUG | step 7106 epoch 5 loss 0.3636 step_s 0.0056 peak_mem_gb 1.205
2026-10-01 22:40:23,293 | DEBUG | step 7107 epoch 5 loss 0.2394 step_s 0.0054 peak_mem_gb 1.205
2026-10-01 22:40:23,299 | DEBUG | step 7108 epoch 5 loss 0.2152 step_s 0.0054 peak_mem_gb 1.205
2026-10-01 22:40:23,305 | DEBUG | step 7109 epoch 5 loss 0.2441 step_s 0.0053 peak_mem_gb 1.205
2026-10-01 22:40:23,311 | DEBUG | step 7110 epoch 5 loss 0.2000 step_s 0.0054 peak_mem_gb 1.205
2026-10-01 22:40:23,317 | DEBUG | step 7111 epoch 5 loss 0.2036 step_s 0.0054 peak_mem_gb 1.205
2026-10-01 22:40:23,323 | DEBUG | step 7112 epoch 5 loss 0.1904 step_s 0.0054 peak_mem_gb 1.205
2026-10-01 22:40:23,329 | DEBUG | step 7113 epoch 5 loss 0.1459 step_s 0.0053 peak_mem_gb 1.205
2026-10-01 22:40:23,335 | DEBUG | step 7114 epoch 5 loss 0.2390 step_s 0.0053 peak_mem_gb 1.205
2026-10-01 22:40:23,341 | DEBUG | step 7115 epoch 5 loss 0.2895 step_s 0.0053 peak_mem_gb 1.205
2026-10-01 22:40:23,347 | DEBUG | step 7116 epoch 5 loss 0.2329 step_s 0.0054 peak_mem_gb 1.205
2026-10-01 22:40:23,353 | DEBUG | step 7117 epoch 5 loss 0.2025 step_s 0.0053 peak_mem_gb 1.205
2026-10-01 22:40:23,359 | DEBUG | step 7118 epoch 5 loss 0.1840 step_s 0.0053 peak_mem_gb 1.205
2026-10-01 22:40:23,365 | DEBUG | step 7119 epoch 5 loss 0.2004 step_s 0.0054 peak_mem_gb 1.205
2026-10-01 22:40:23,371 | DEBUG | step 7120 epoch 5 loss 0.2354 step_s 0.0053 peak_mem_gb 1.205
2026-10-01 22:40:23,377 | DEBUG | step 7121 epoch 5 loss 0.1920 step_s 0.0053 peak_mem_gb 1.205
2026-10-01 22:40:23,383 | DEBUG | step 7122 epoch 5 loss 0.2044 step_s 0.0054 peak_mem_gb 1.205
2026-10-01 22:40:23,389 | DEBUG | step 7123 epoch 5 loss 0.3395 step_s 0.0053 peak_mem_gb 1.205
2026-10-01 22:40:23,395 | DEBUG | step 7124 epoch 5 loss 0.2762 step_s 0.0053 peak_mem_gb 1.205
2026-10-01 22:40:23,401 | DEBUG | step 7125 epoch 5 loss 0.1459 step_s 0.0054 peak_mem_gb 1.205
2026-10-01 22:40:23,407 | DEBUG | step 7126 epoch 5 loss 0.1822 step_s 0.0053 peak_mem_gb 1.205
2026-10-01 22:40:23,413 | DEBUG | step 7127 epoch 5 loss 0.1540 step_s 0.0053 peak_mem_gb 1.205
2026-10-01 22:40:23,418 | DEBUG | step 7128 epoch 5 loss 0.2466 step_s 0.0053 peak_mem_gb 1.205
2026-10-01 22:40:23,425 | DEBUG | step 7129 epoch 5 loss 0.1764 step_s 0.0054 peak_mem_gb 1.205
2026-10-01 22:40:23,431 | DEBUG | step 7130 epoch 5 loss 0.1966 step_s 0.0053 peak_mem_gb 1.205
2026-10-01 22:40:23,437 | DEBUG | step 7131 epoch 5 loss 0.2986 step_s 0.0053 peak_mem_gb 1.205
2026-10-01 22:40:23,443 | DEBUG | step 7132 epoch 5 loss 0.1785 step_s 0.0054 peak_mem_gb 1.205
2026-10-01 22:40:23,449 | DEBUG | step 7133 epoch 5 loss 0.2545 step_s 0.0054 peak_mem_gb 1.205
2026-10-01 22:40:23,455 | DEBUG | step 7134 epoch 5 loss 0.1055 step_s 0.0054 peak_mem_gb 1.205
2026-10-01 22:40:23,461 | DEBUG | step 7135 epoch 5 loss 0.2294 step_s 0.0053 peak_mem_gb 1.205
2026-10-01 22:40:23,467 | DEBUG | step 7136 epoch 5 loss 0.0567 step_s 0.0053 peak_mem_gb 1.205
2026-10-01 22:40:23,473 | DEBUG | step 7137 epoch 5 loss 0.1598 step_s 0.0053 peak_mem_gb 1.205
2026-10-01 22:40:23,479 | DEBUG | step 7138 epoch 5 loss 0.2090 step_s 0.0053 peak_mem_gb 1.205
2026-10-01 22:40:23,485 | DEBUG | step 7139 epoch 5 loss 0.2468 step_s 0.0054 peak_mem_gb 1.205
2026-10-01 22:40:23,491 | DEBUG | step 7140 epoch 5 loss 0.1430 step_s 0.0053 peak_mem_gb 1.205
2026-10-01 22:40:23,497 | DEBUG | step 7141 epoch 5 loss 0.1548 step_s 0.0053 peak_mem_gb 1.205
2026-10-01 22:40:23,503 | DEBUG | step 7142 epoch 5 loss 0.3844 step_s 0.0053 peak_mem_gb 1.205
2026-10-01 22:40:23,508 | DEBUG | step 7143 epoch 5 loss 0.0917 step_s 0.0053 peak_mem_gb 1.205
2026-10-01 22:40:23,514 | DEBUG | step 7144 epoch 5 loss 0.1327 step_s 0.0054 peak_mem_gb 1.205
2026-10-01 22:40:23,521 | DEBUG | step 7145 epoch 5 loss 0.3095 step_s 0.0053 peak_mem_gb 1.205
2026-10-01 22:40:23,527 | DEBUG | step 7146 epoch 5 loss 0.1905 step_s 0.0053 peak_mem_gb 1.205
2026-10-01 22:40:23,533 | DEBUG | step 7147 epoch 5 loss 0.1901 step_s 0.0053 peak_mem_gb 1.205
2026-10-01 22:40:23,539 | DEBUG | step 7148 epoch 5 loss 0.2305 step_s 0.0053 peak_mem_gb 1.205
2026-10-01 22:40:23,545 | DEBUG | step 7149 epoch 5 loss 0.1374 step_s 0.0053 peak_mem_gb 1.205
2026-10-01 22:40:23,551 | DEBUG | step 7150 epoch 5 loss 0.2558 step_s 0.0053 peak_mem_gb 1.205
2026-10-01 22:40:23,557 | DEBUG | step 7151 epoch 5 loss 0.1282 step_s 0.0054 peak_mem_gb 1.205
2026-10-01 22:40:23,563 | DEBUG | step 7152 epoch 5 loss 0.1710 step_s 0.0054 peak_mem_gb 1.205
2026-10-01 22:40:23,569 | DEBUG | step 7153 epoch 5 loss 0.1261 step_s 0.0053 peak_mem_gb 1.205
2026-10-01 22:40:23,575 | DEBUG | step 7154 epoch 5 loss 0.1676 step_s 0.0053 peak_mem_gb 1.205
2026-10-01 22:40:23,581 | DEBUG | step 7155 epoch 5 loss 0.2529 step_s 0.0053 peak_mem_gb 1.205
2026-10-01 22:40:23,587 | DEBUG | step 7156 epoch 5 loss 0.3712 step_s 0.0054 peak_mem_gb 1.205
2026-10-01 22:40:23,593 | DEBUG | step 7157 epoch 5 loss 0.1638 step_s 0.0053 peak_mem_gb 1.205
2026-10-01 22:40:23,599 | DEBUG | step 7158 epoch 5 loss 0.1268 step_s 0.0053 peak_mem_gb 1.205
2026-10-01 22:40:23,605 | DEBUG | step 7159 epoch 5 loss 0.1371 step_s 0.0053 peak_mem_gb 1.205
2026-10-01 22:40:23,611 | DEBUG | step 7160 epoch 5 loss 0.2745 step_s 0.0053 peak_mem_gb 1.205
2026-10-01 22:40:23,617 | DEBUG | step 7161 epoch 5 loss 0.1599 step_s 0.0054 peak_mem_gb 1.205
2026-10-01 22:40:23,623 | DEBUG | step 7162 epoch 5 loss 0.1927 step_s 0.0053 peak_mem_gb 1.205
2026-10-01 22:40:23,629 | DEBUG | step 7163 epoch 5 loss 0.2459 step_s 0.0053 peak_mem_gb 1.205
2026-10-01 22:40:23,635 | DEBUG | step 7164 epoch 5 loss 0.2976 step_s 0.0053 peak_mem_gb 1.205
2026-10-01 22:40:23,641 | DEBUG | step 7165 epoch 5 loss 0.2101 step_s 0.0054 peak_mem_gb 1.205
2026-10-01 22:40:23,647 | DEBUG | step 7166 epoch 5 loss 0.1547 step_s 0.0053 peak_mem_gb 1.205
2026-10-01 22:40:23,653 | DEBUG | step 7167 epoch 5 loss 0.2171 step_s 0.0054 peak_mem_gb 1.205
2026-10-01 22:40:23,659 | DEBUG | step 7168 epoch 5 loss 0.2508 step_s 0.0054 peak_mem_gb 1.205
2026-10-01 22:40:23,665 | DEBUG | step 7169 epoch 5 loss 0.2845 step_s 0.0054 peak_mem_gb 1.205
2026-10-01 22:40:23,671 | DEBUG | step 7170 epoch 5 loss 0.2164 step_s 0.0053 peak_mem_gb 1.205
2026-10-01 22:40:23,677 | DEBUG | step 7171 epoch 5 loss 0.1281 step_s 0.0054 peak_mem_gb 1.205
2026-10-01 22:40:23,683 | DEBUG | step 7172 epoch 5 loss 0.3592 step_s 0.0053 peak_mem_gb 1.205
2026-10-01 22:40:23,689 | DEBUG | step 7173 epoch 5 loss 0.2353 step_s 0.0053 peak_mem_gb 1.205
2026-10-01 22:40:23,694 | DEBUG | step 7174 epoch 5 loss 0.2614 step_s 0.0053 peak_mem_gb 1.205
2026-10-01 22:40:23,701 | DEBUG | step 7175 epoch 5 loss 0.1407 step_s 0.0054 peak_mem_gb 1.205
2026-10-01 22:40:23,707 | DEBUG | step 7176 epoch 5 loss 0.2065 step_s 0.0053 peak_mem_gb 1.205
2026-10-01 22:40:23,713 | DEBUG | step 7177 epoch 5 loss 0.1859 step_s 0.0053 peak_mem_gb 1.205
2026-10-01 22:40:23,719 | DEBUG | step 7178 epoch 5 loss 0.2772 step_s 0.0053 peak_mem_gb 1.205
2026-10-01 22:40:23,725 | DEBUG | step 7179 epoch 5 loss 0.2356 step_s 0.0053 peak_mem_gb 1.205
2026-10-01 22:40:23,731 | DEBUG | step 7180 epoch 5 loss 0.1805 step_s 0.0054 peak_mem_gb 1.205
2026-10-01 22:40:23,737 | DEBUG | step 7181 epoch 5 loss 0.2257 step_s 0.0057 peak_mem_gb 1.205
2026-10-01 22:40:23,743 | DEBUG | step 7182 epoch 5 loss 0.2131 step_s 0.0054 peak_mem_gb 1.205
2026-10-01 22:40:23,750 | DEBUG | step 7183 epoch 5 loss 0.1510 step_s 0.0061 peak_mem_gb 1.205
2026-10-01 22:40:23,757 | DEBUG | step 7184 epoch 5 loss 0.1686 step_s 0.0054 peak_mem_gb 1.205
2026-10-01 22:40:23,763 | DEBUG | step 7185 epoch 5 loss 0.2392 step_s 0.0054 peak_mem_gb 1.205
2026-10-01 22:40:23,769 | DEBUG | step 7186 epoch 5 loss 0.2170 step_s 0.0053 peak_mem_gb 1.205
2026-10-01 22:40:23,775 | DEBUG | step 7187 epoch 5 loss 0.1638 step_s 0.0053 peak_mem_gb 1.205
2026-10-01 22:40:23,781 | DEBUG | step 7188 epoch 5 loss 0.1836 step_s 0.0054 peak_mem_gb 1.205
2026-10-01 22:40:23,787 | DEBUG | step 7189 epoch 5 loss 0.2367 step_s 0.0054 peak_mem_gb 1.205
2026-10-01 22:40:23,793 | DEBUG | step 7190 epoch 5 loss 0.2582 step_s 0.0054 peak_mem_gb 1.205
2026-10-01 22:40:23,800 | DEBUG | step 7191 epoch 5 loss 0.1328 step_s 0.0054 peak_mem_gb 1.205
2026-10-01 22:40:23,806 | DEBUG | step 7192 epoch 5 loss 0.1398 step_s 0.0053 peak_mem_gb 1.205
2026-10-01 22:40:23,812 | DEBUG | step 7193 epoch 5 loss 0.3494 step_s 0.0054 peak_mem_gb 1.205
2026-10-01 22:40:23,818 | DEBUG | step 7194 epoch 5 loss 0.1694 step_s 0.0053 peak_mem_gb 1.205
2026-10-01 22:40:23,824 | DEBUG | step 7195 epoch 5 loss 0.1921 step_s 0.0053 peak_mem_gb 1.205
2026-10-01 22:40:23,830 | DEBUG | step 7196 epoch 5 loss 0.2359 step_s 0.0054 peak_mem_gb 1.205
2026-10-01 22:40:23,835 | DEBUG | step 7197 epoch 5 loss 0.1981 step_s 0.0053 peak_mem_gb 1.205
2026-10-01 22:40:23,841 | DEBUG | step 7198 epoch 5 loss 0.1283 step_s 0.0053 peak_mem_gb 1.205
2026-10-01 22:40:23,847 | DEBUG | step 7199 epoch 5 loss 0.1535 step_s 0.0054 peak_mem_gb 1.205
2026-10-01 22:40:23,853 | INFO | step 7200 epoch 5 loss 0.3309 step_s 0.0053 peak_mem_gb 1.205
2026-10-01 22:40:23,861 | DEBUG | step 7201 epoch 5 loss 0.1546 step_s 0.0056 peak_mem_gb 1.205
2026-10-01 22:40:23,867 | DEBUG | step 7202 epoch 5 loss 0.2523 step_s 0.0054 peak_mem_gb 1.205
2026-10-01 22:40:23,873 | DEBUG | step 7203 epoch 5 loss 0.1595 step_s 0.0054 peak_mem_gb 1.205
2026-10-01 22:40:23,879 | DEBUG | step 7204 epoch 5 loss 0.2644 step_s 0.0055 peak_mem_gb 1.205
2026-10-01 22:40:23,885 | DEBUG | step 7205 epoch 5 loss 0.3045 step_s 0.0053 peak_mem_gb 1.205
2026-10-01 22:40:23,891 | DEBUG | step 7206 epoch 5 loss 0.1544 step_s 0.0053 peak_mem_gb 1.205
2026-10-01 22:40:23,897 | DEBUG | step 7207 epoch 5 loss 0.2703 step_s 0.0054 peak_mem_gb 1.205
2026-10-01 22:40:23,903 | DEBUG | step 7208 epoch 5 loss 0.1531 step_s 0.0053 peak_mem_gb 1.205
2026-10-01 22:40:23,909 | DEBUG | step 7209 epoch 5 loss 0.1586 step_s 0.0053 peak_mem_gb 1.205
2026-10-01 22:40:23,916 | DEBUG | step 7210 epoch 5 loss 0.1986 step_s 0.0055 peak_mem_gb 1.205
2026-10-01 22:40:23,922 | DEBUG | step 7211 epoch 5 loss 0.2389 step_s 0.0054 peak_mem_gb 1.205
2026-10-01 22:40:23,928 | DEBUG | step 7212 epoch 5 loss 0.0654 step_s 0.0054 peak_mem_gb 1.205
2026-10-01 22:40:23,934 | DEBUG | step 7213 epoch 5 loss 0.2313 step_s 0.0054 peak_mem_gb 1.205
2026-10-01 22:40:23,940 | DEBUG | step 7214 epoch 5 loss 0.2236 step_s 0.0054 peak_mem_gb 1.205
2026-10-01 22:40:23,946 | DEBUG | step 7215 epoch 5 loss 0.1483 step_s 0.0054 peak_mem_gb 1.205
2026-10-01 22:40:23,952 | DEBUG | step 7216 epoch 5 loss 0.1557 step_s 0.0053 peak_mem_gb 1.205
2026-10-01 22:40:23,959 | DEBUG | step 7217 epoch 5 loss 0.1581 step_s 0.0053 peak_mem_gb 1.205
2026-10-01 22:40:23,965 | DEBUG | step 7218 epoch 5 loss 0.2216 step_s 0.0054 peak_mem_gb 1.205
2026-10-01 22:40:23,971 | DEBUG | step 7219 epoch 5 loss 0.1692 step_s 0.0053 peak_mem_gb 1.205
2026-10-01 22:40:23,977 | DEBUG | step 7220 epoch 5 loss 0.2012 step_s 0.0054 peak_mem_gb 1.205
2026-10-01 22:40:23,983 | DEBUG | step 7221 epoch 5 loss 0.2429 step_s 0.0053 peak_mem_gb 1.205
2026-10-01 22:40:23,989 | DEBUG | step 7222 epoch 5 loss 0.1651 step_s 0.0053 peak_mem_gb 1.205
2026-10-01 22:40:23,995 | DEBUG | step 7223 epoch 5 loss 0.2084 step_s 0.0053 peak_mem_gb 1.205
2026-10-01 22:40:24,001 | DEBUG | step 7224 epoch 5 loss 0.2287 step_s 0.0054 peak_mem_gb 1.205
2026-10-01 22:40:24,007 | DEBUG | step 7225 epoch 5 loss 0.1542 step_s 0.0054 peak_mem_gb 1.205
2026-10-01 22:40:24,013 | DEBUG | step 7226 epoch 5 loss 0.1133 step_s 0.0053 peak_mem_gb 1.205
2026-10-01 22:40:24,019 | DEBUG | step 7227 epoch 5 loss 0.2870 step_s 0.0054 peak_mem_gb 1.205
2026-10-01 22:40:24,025 | DEBUG | step 7228 epoch 5 loss 0.3298 step_s 0.0053 peak_mem_gb 1.205
2026-10-01 22:40:24,031 | DEBUG | step 7229 epoch 5 loss 0.2274 step_s 0.0053 peak_mem_gb 1.205
2026-10-01 22:40:24,037 | DEBUG | step 7230 epoch 5 loss 0.2764 step_s 0.0054 peak_mem_gb 1.205
2026-10-01 22:40:24,043 | DEBUG | step 7231 epoch 5 loss 0.1121 step_s 0.0053 peak_mem_gb 1.205
2026-10-01 22:40:24,049 | DEBUG | step 7232 epoch 5 loss 0.1711 step_s 0.0054 peak_mem_gb 1.205
2026-10-01 22:40:24,055 | DEBUG | step 7233 epoch 5 loss 0.2591 step_s 0.0053 peak_mem_gb 1.205
2026-10-01 22:40:24,061 | DEBUG | step 7234 epoch 5 loss 0.1381 step_s 0.0054 peak_mem_gb 1.205
2026-10-01 22:40:24,067 | DEBUG | step 7235 epoch 5 loss 0.2560 step_s 0.0055 peak_mem_gb 1.205
2026-10-01 22:40:24,073 | DEBUG | step 7236 epoch 5 loss 0.1855 step_s 0.0054 peak_mem_gb 1.205
2026-10-01 22:40:24,079 | DEBUG | step 7237 epoch 5 loss 0.2046 step_s 0.0053 peak_mem_gb 1.205
2026-10-01 22:40:24,085 | DEBUG | step 7238 epoch 5 loss 0.1886 step_s 0.0054 peak_mem_gb 1.205
2026-10-01 22:40:24,091 | DEBUG | step 7239 epoch 5 loss 0.1840 step_s 0.0054 peak_mem_gb 1.205
2026-10-01 22:40:24,097 | DEBUG | step 7240 epoch 5 loss 0.2820 step_s 0.0054 peak_mem_gb 1.205
2026-10-01 22:40:24,103 | DEBUG | step 7241 epoch 5 loss 0.1196 step_s 0.0054 peak_mem_gb 1.205
2026-10-01 22:40:24,109 | DEBUG | step 7242 epoch 5 loss 0.1761 step_s 0.0053 peak_mem_gb 1.205
2026-10-01 22:40:24,115 | DEBUG | step 7243 epoch 5 loss 0.0715 step_s 0.0054 peak_mem_gb 1.205
2026-10-01 22:40:24,121 | DEBUG | step 7244 epoch 5 loss 0.1216 step_s 0.0053 peak_mem_gb 1.205
2026-10-01 22:40:24,127 | DEBUG | step 7245 epoch 5 loss 0.1137 step_s 0.0054 peak_mem_gb 1.205
2026-10-01 22:40:24,133 | DEBUG | step 7246 epoch 5 loss 0.1921 step_s 0.0053 peak_mem_gb 1.205
2026-10-01 22:40:24,139 | DEBUG | step 7247 epoch 5 loss 0.2554 step_s 0.0054 peak_mem_gb 1.205
2026-10-01 22:40:24,145 | DEBUG | step 7248 epoch 5 loss 0.1818 step_s 0.0053 peak_mem_gb 1.205
2026-10-01 22:40:24,151 | DEBUG | step 7249 epoch 5 loss 0.2711 step_s 0.0053 peak_mem_gb 1.205
2026-10-01 22:40:24,157 | DEBUG | step 7250 epoch 5 loss 0.1622 step_s 0.0053 peak_mem_gb 1.205
2026-10-01 22:40:24,163 | DEBUG | step 7251 epoch 5 loss 0.1600 step_s 0.0053 peak_mem_gb 1.205
2026-10-01 22:40:24,169 | DEBUG | step 7252 epoch 5 loss 0.1758 step_s 0.0054 peak_mem_gb 1.205
2026-10-01 22:40:24,175 | DEBUG | step 7253 epoch 5 loss 0.1500 step_s 0.0053 peak_mem_gb 1.205
2026-10-01 22:40:24,181 | DEBUG | step 7254 epoch 5 loss 0.2168 step_s 0.0054 peak_mem_gb 1.205
2026-10-01 22:40:24,187 | DEBUG | step 7255 epoch 5 loss 0.1061 step_s 0.0053 peak_mem_gb 1.205
2026-10-01 22:40:24,193 | DEBUG | step 7256 epoch 5 loss 0.2552 step_s 0.0054 peak_mem_gb 1.205
2026-10-01 22:40:24,199 | DEBUG | step 7257 epoch 5 loss 0.3343 step_s 0.0053 peak_mem_gb 1.205
2026-10-01 22:40:24,205 | DEBUG | step 7258 epoch 5 loss 0.1992 step_s 0.0054 peak_mem_gb 1.205
2026-10-01 22:40:24,211 | DEBUG | step 7259 epoch 5 loss 0.2721 step_s 0.0053 peak_mem_gb 1.205
2026-10-01 22:40:24,217 | DEBUG | step 7260 epoch 5 loss 0.2983 step_s 0.0053 peak_mem_gb 1.205
2026-10-01 22:40:24,223 | DEBUG | step 7261 epoch 5 loss 0.2287 step_s 0.0053 peak_mem_gb 1.205
2026-10-01 22:40:24,229 | DEBUG | step 7262 epoch 5 loss 0.1756 step_s 0.0053 peak_mem_gb 1.205
2026-10-01 22:40:24,235 | DEBUG | step 7263 epoch 5 loss 0.2541 step_s 0.0053 peak_mem_gb 1.205
2026-10-01 22:40:24,241 | DEBUG | step 7264 epoch 5 loss 0.1901 step_s 0.0054 peak_mem_gb 1.205
2026-10-01 22:40:24,247 | DEBUG | step 7265 epoch 5 loss 0.2281 step_s 0.0053 peak_mem_gb 1.205
2026-10-01 22:40:24,253 | DEBUG | step 7266 epoch 5 loss 0.2415 step_s 0.0053 peak_mem_gb 1.205
2026-10-01 22:40:24,259 | DEBUG | step 7267 epoch 5 loss 0.1241 step_s 0.0053 peak_mem_gb 1.205
2026-10-01 22:40:24,265 | DEBUG | step 7268 epoch 5 loss 0.1925 step_s 0.0054 peak_mem_gb 1.205
2026-10-01 22:40:24,271 | DEBUG | step 7269 epoch 5 loss 0.2007 step_s 0.0053 peak_mem_gb 1.205
2026-10-01 22:40:24,277 | DEBUG | step 7270 epoch 5 loss 0.2239 step_s 0.0053 peak_mem_gb 1.205
2026-10-01 22:40:24,283 | DEBUG | step 7271 epoch 5 loss 0.1529 step_s 0.0054 peak_mem_gb 1.205
2026-10-01 22:40:24,289 | DEBUG | step 7272 epoch 5 loss 0.2549 step_s 0.0054 peak_mem_gb 1.205
2026-10-01 22:40:24,295 | DEBUG | step 7273 epoch 5 loss 0.1758 step_s 0.0054 peak_mem_gb 1.205
2026-10-01 22:40:24,301 | DEBUG | step 7274 epoch 5 loss 0.1087 step_s 0.0053 peak_mem_gb 1.205
2026-10-01 22:40:24,307 | DEBUG | step 7275 epoch 5 loss 0.3847 step_s 0.0053 peak_mem_gb 1.205
2026-10-01 22:40:24,313 | DEBUG | step 7276 epoch 5 loss 0.2473 step_s 0.0053 peak_mem_gb 1.205
2026-10-01 22:40:24,319 | DEBUG | step 7277 epoch 5 loss 0.1579 step_s 0.0053 peak_mem_gb 1.205
2026-10-01 22:40:24,325 | DEBUG | step 7278 epoch 5 loss 0.1922 step_s 0.0053 peak_mem_gb 1.205
2026-10-01 22:40:24,331 | DEBUG | step 7279 epoch 5 loss 0.1508 step_s 0.0054 peak_mem_gb 1.205
2026-10-01 22:40:24,337 | DEBUG | step 7280 epoch 5 loss 0.2434 step_s 0.0054 peak_mem_gb 1.205
2026-10-01 22:40:24,343 | DEBUG | step 7281 epoch 5 loss 0.2120 step_s 0.0053 peak_mem_gb 1.205
2026-10-01 22:40:24,349 | DEBUG | step 7282 epoch 5 loss 0.2616 step_s 0.0054 peak_mem_gb 1.205
2026-10-01 22:40:24,355 | DEBUG | step 7283 epoch 5 loss 0.2259 step_s 0.0053 peak_mem_gb 1.205
2026-10-01 22:40:24,361 | DEBUG | step 7284 epoch 5 loss 0.2989 step_s 0.0053 peak_mem_gb 1.205
2026-10-01 22:40:24,367 | DEBUG | step 7285 epoch 5 loss 0.2609 step_s 0.0054 peak_mem_gb 1.205
2026-10-01 22:40:24,373 | DEBUG | step 7286 epoch 5 loss 0.3475 step_s 0.0053 peak_mem_gb 1.205
2026-10-01 22:40:24,379 | DEBUG | step 7287 epoch 5 loss 0.1862 step_s 0.0054 peak_mem_gb 1.205
2026-10-01 22:40:24,385 | DEBUG | step 7288 epoch 5 loss 0.2731 step_s 0.0053 peak_mem_gb 1.205
2026-10-01 22:40:24,391 | DEBUG | step 7289 epoch 5 loss 0.2289 step_s 0.0053 peak_mem_gb 1.205
2026-10-01 22:40:24,397 | DEBUG | step 7290 epoch 5 loss 0.2000 step_s 0.0054 peak_mem_gb 1.205
2026-10-01 22:40:24,403 | DEBUG | step 7291 epoch 5 loss 0.1888 step_s 0.0053 peak_mem_gb 1.205
2026-10-01 22:40:24,409 | DEBUG | step 7292 epoch 5 loss 0.2416 step_s 0.0053 peak_mem_gb 1.205
2026-10-01 22:40:24,415 | DEBUG | step 7293 epoch 5 loss 0.1324 step_s 0.0053 peak_mem_gb 1.205
2026-10-01 22:40:24,421 | DEBUG | step 7294 epoch 5 loss 0.1058 step_s 0.0053 peak_mem_gb 1.205
2026-10-01 22:40:24,427 | DEBUG | step 7295 epoch 5 loss 0.2066 step_s 0.0054 peak_mem_gb 1.205
2026-10-01 22:40:24,433 | DEBUG | step 7296 epoch 5 loss 0.1601 step_s 0.0055 peak_mem_gb 1.205
2026-10-01 22:40:24,439 | DEBUG | step 7297 epoch 5 loss 0.1093 step_s 0.0054 peak_mem_gb 1.205
2026-10-01 22:40:24,445 | DEBUG | step 7298 epoch 5 loss 0.3081 step_s 0.0054 peak_mem_gb 1.205
2026-10-01 22:40:24,452 | DEBUG | step 7299 epoch 5 loss 0.3399 step_s 0.0054 peak_mem_gb 1.205
2026-10-01 22:40:24,458 | DEBUG | step 7300 epoch 5 loss 0.1424 step_s 0.0053 peak_mem_gb 1.205
2026-10-01 22:40:24,464 | DEBUG | step 7301 epoch 5 loss 0.0980 step_s 0.0054 peak_mem_gb 1.205
2026-10-01 22:40:24,470 | DEBUG | step 7302 epoch 5 loss 0.2868 step_s 0.0053 peak_mem_gb 1.205
2026-10-01 22:40:24,475 | DEBUG | step 7303 epoch 5 loss 0.2966 step_s 0.0053 peak_mem_gb 1.205
2026-10-01 22:40:24,481 | DEBUG | step 7304 epoch 5 loss 0.2490 step_s 0.0053 peak_mem_gb 1.205
2026-10-01 22:40:24,488 | DEBUG | step 7305 epoch 5 loss 0.1915 step_s 0.0053 peak_mem_gb 1.205
2026-10-01 22:40:24,493 | DEBUG | step 7306 epoch 5 loss 0.1723 step_s 0.0053 peak_mem_gb 1.205
2026-10-01 22:40:24,499 | DEBUG | step 7307 epoch 5 loss 0.2593 step_s 0.0053 peak_mem_gb 1.205
2026-10-01 22:40:24,505 | DEBUG | step 7308 epoch 5 loss 0.1181 step_s 0.0053 peak_mem_gb 1.205
2026-10-01 22:40:24,511 | DEBUG | step 7309 epoch 5 loss 0.2048 step_s 0.0054 peak_mem_gb 1.205
2026-10-01 22:40:24,517 | DEBUG | step 7310 epoch 5 loss 0.1175 step_s 0.0054 peak_mem_gb 1.205
2026-10-01 22:40:24,523 | DEBUG | step 7311 epoch 5 loss 0.1493 step_s 0.0053 peak_mem_gb 1.205
2026-10-01 22:40:24,529 | DEBUG | step 7312 epoch 5 loss 0.1564 step_s 0.0053 peak_mem_gb 1.205
2026-10-01 22:40:24,535 | DEBUG | step 7313 epoch 5 loss 0.2356 step_s 0.0053 peak_mem_gb 1.205
2026-10-01 22:40:24,542 | DEBUG | step 7314 epoch 5 loss 0.2166 step_s 0.0057 peak_mem_gb 1.205
2026-10-01 22:40:24,548 | DEBUG | step 7315 epoch 5 loss 0.1690 step_s 0.0053 peak_mem_gb 1.205
2026-10-01 22:40:24,554 | DEBUG | step 7316 epoch 5 loss 0.2513 step_s 0.0054 peak_mem_gb 1.205
2026-10-01 22:40:24,560 | DEBUG | step 7317 epoch 5 loss 0.2895 step_s 0.0054 peak_mem_gb 1.205
2026-10-01 22:40:24,566 | DEBUG | step 7318 epoch 5 loss 0.2387 step_s 0.0054 peak_mem_gb 1.205
2026-10-01 22:40:24,572 | DEBUG | step 7319 epoch 5 loss 0.1531 step_s 0.0054 peak_mem_gb 1.205
2026-10-01 22:40:24,578 | DEBUG | step 7320 epoch 5 loss 0.1442 step_s 0.0053 peak_mem_gb 1.205
2026-10-01 22:40:24,584 | DEBUG | step 7321 epoch 5 loss 0.2676 step_s 0.0054 peak_mem_gb 1.205
2026-10-01 22:40:24,590 | DEBUG | step 7322 epoch 5 loss 0.1984 step_s 0.0053 peak_mem_gb 1.205
2026-10-01 22:40:24,596 | DEBUG | step 7323 epoch 5 loss 0.2963 step_s 0.0054 peak_mem_gb 1.205
2026-10-01 22:40:24,602 | DEBUG | step 7324 epoch 5 loss 0.1544 step_s 0.0053 peak_mem_gb 1.205
2026-10-01 22:40:24,608 | DEBUG | step 7325 epoch 5 loss 0.3084 step_s 0.0053 peak_mem_gb 1.205
2026-10-01 22:40:24,614 | DEBUG | step 7326 epoch 5 loss 0.1865 step_s 0.0053 peak_mem_gb 1.205
2026-10-01 22:40:24,620 | DEBUG | step 7327 epoch 5 loss 0.2835 step_s 0.0054 peak_mem_gb 1.205
2026-10-01 22:40:24,626 | DEBUG | step 7328 epoch 5 loss 0.2514 step_s 0.0053 peak_mem_gb 1.205
2026-10-01 22:40:24,632 | DEBUG | step 7329 epoch 5 loss 0.1855 step_s 0.0056 peak_mem_gb 1.205
2026-10-01 22:40:24,638 | DEBUG | step 7330 epoch 5 loss 0.2296 step_s 0.0053 peak_mem_gb 1.205
2026-10-01 22:40:24,644 | DEBUG | step 7331 epoch 5 loss 0.3225 step_s 0.0053 peak_mem_gb 1.205
2026-10-01 22:40:24,650 | DEBUG | step 7332 epoch 5 loss 0.1534 step_s 0.0053 peak_mem_gb 1.205
2026-10-01 22:40:24,656 | DEBUG | step 7333 epoch 5 loss 0.1278 step_s 0.0053 peak_mem_gb 1.205
2026-10-01 22:40:24,662 | DEBUG | step 7334 epoch 5 loss 0.2889 step_s 0.0053 peak_mem_gb 1.205
2026-10-01 22:40:24,668 | DEBUG | step 7335 epoch 5 loss 0.2490 step_s 0.0054 peak_mem_gb 1.205
2026-10-01 22:40:24,674 | DEBUG | step 7336 epoch 5 loss 0.2933 step_s 0.0053 peak_mem_gb 1.205
2026-10-01 22:40:24,680 | DEBUG | step 7337 epoch 5 loss 0.1518 step_s 0.0053 peak_mem_gb 1.205
2026-10-01 22:40:24,687 | DEBUG | step 7338 epoch 5 loss 0.1978 step_s 0.0054 peak_mem_gb 1.205
2026-10-01 22:40:24,693 | DEBUG | step 7339 epoch 5 loss 0.1779 step_s 0.0053 peak_mem_gb 1.205
2026-10-01 22:40:24,698 | DEBUG | step 7340 epoch 5 loss 0.1957 step_s 0.0053 peak_mem_gb 1.205
2026-10-01 22:40:24,704 | DEBUG | step 7341 epoch 5 loss 0.2627 step_s 0.0053 peak_mem_gb 1.205
2026-10-01 22:40:24,710 | DEBUG | step 7342 epoch 5 loss 0.2431 step_s 0.0053 peak_mem_gb 1.205
2026-10-01 22:40:24,717 | DEBUG | step 7343 epoch 5 loss 0.1988 step_s 0.0054 peak_mem_gb 1.205
2026-10-01 22:40:24,722 | DEBUG | step 7344 epoch 5 loss 0.1864 step_s 0.0053 peak_mem_gb 1.205
2026-10-01 22:40:24,729 | DEBUG | step 7345 epoch 5 loss 0.2357 step_s 0.0054 peak_mem_gb 1.205
2026-10-01 22:40:24,735 | DEBUG | step 7346 epoch 5 loss 0.1656 step_s 0.0054 peak_mem_gb 1.205
2026-10-01 22:40:24,741 | DEBUG | step 7347 epoch 5 loss 0.2548 step_s 0.0053 peak_mem_gb 1.205
2026-10-01 22:40:24,747 | DEBUG | step 7348 epoch 5 loss 0.1459 step_s 0.0054 peak_mem_gb 1.205
2026-10-01 22:40:24,753 | DEBUG | step 7349 epoch 5 loss 0.3382 step_s 0.0054 peak_mem_gb 1.205
2026-10-01 22:40:24,761 | DEBUG | step 7350 epoch 5 loss 0.0755 step_s 0.0075 peak_mem_gb 1.205
2026-10-01 22:40:24,767 | DEBUG | step 7351 epoch 5 loss 0.2056 step_s 0.0054 peak_mem_gb 1.205
2026-10-01 22:40:24,773 | DEBUG | step 7352 epoch 5 loss 0.1933 step_s 0.0053 peak_mem_gb 1.205
2026-10-01 22:40:24,780 | DEBUG | step 7353 epoch 5 loss 0.1726 step_s 0.0054 peak_mem_gb 1.205
2026-10-01 22:40:24,786 | DEBUG | step 7354 epoch 5 loss 0.2756 step_s 0.0053 peak_mem_gb 1.205
2026-10-01 22:40:24,791 | DEBUG | step 7355 epoch 5 loss 0.1893 step_s 0.0053 peak_mem_gb 1.205
2026-10-01 22:40:24,797 | DEBUG | step 7356 epoch 5 loss 0.1202 step_s 0.0053 peak_mem_gb 1.205
2026-10-01 22:40:24,803 | DEBUG | step 7357 epoch 5 loss 0.2478 step_s 0.0053 peak_mem_gb 1.205
2026-10-01 22:40:24,809 | DEBUG | step 7358 epoch 5 loss 0.1772 step_s 0.0053 peak_mem_gb 1.205
2026-10-01 22:40:24,815 | DEBUG | step 7359 epoch 5 loss 0.3093 step_s 0.0054 peak_mem_gb 1.205
2026-10-01 22:40:24,821 | DEBUG | step 7360 epoch 5 loss 0.1851 step_s 0.0053 peak_mem_gb 1.205
2026-10-01 22:40:24,827 | DEBUG | step 7361 epoch 5 loss 0.2060 step_s 0.0054 peak_mem_gb 1.205
2026-10-01 22:40:24,833 | DEBUG | step 7362 epoch 5 loss 0.1522 step_s 0.0053 peak_mem_gb 1.205
2026-10-01 22:40:24,839 | DEBUG | step 7363 epoch 5 loss 0.1346 step_s 0.0054 peak_mem_gb 1.205
2026-10-01 22:40:24,845 | DEBUG | step 7364 epoch 5 loss 0.3257 step_s 0.0054 peak_mem_gb 1.205
2026-10-01 22:40:24,851 | DEBUG | step 7365 epoch 5 loss 0.1313 step_s 0.0053 peak_mem_gb 1.205
2026-10-01 22:40:24,857 | DEBUG | step 7366 epoch 5 loss 0.1552 step_s 0.0054 peak_mem_gb 1.205
2026-10-01 22:40:24,863 | DEBUG | step 7367 epoch 5 loss 0.3729 step_s 0.0054 peak_mem_gb 1.205
2026-10-01 22:40:24,869 | DEBUG | step 7368 epoch 5 loss 0.1688 step_s 0.0053 peak_mem_gb 1.205
2026-10-01 22:40:24,875 | DEBUG | step 7369 epoch 5 loss 0.2063 step_s 0.0053 peak_mem_gb 1.205
2026-10-01 22:40:24,881 | DEBUG | step 7370 epoch 5 loss 0.2443 step_s 0.0053 peak_mem_gb 1.205
2026-10-01 22:40:24,887 | DEBUG | step 7371 epoch 5 loss 0.3049 step_s 0.0053 peak_mem_gb 1.205
2026-10-01 22:40:24,893 | DEBUG | step 7372 epoch 5 loss 0.2776 step_s 0.0053 peak_mem_gb 1.205
2026-10-01 22:40:24,899 | DEBUG | step 7373 epoch 5 loss 0.1900 step_s 0.0054 peak_mem_gb 1.205
2026-10-01 22:40:24,905 | DEBUG | step 7374 epoch 5 loss 0.1509 step_s 0.0053 peak_mem_gb 1.205
2026-10-01 22:40:24,911 | DEBUG | step 7375 epoch 5 loss 0.2473 step_s 0.0054 peak_mem_gb 1.205
2026-10-01 22:40:24,917 | DEBUG | step 7376 epoch 5 loss 0.1233 step_s 0.0053 peak_mem_gb 1.205
2026-10-01 22:40:24,923 | DEBUG | step 7377 epoch 5 loss 0.3149 step_s 0.0053 peak_mem_gb 1.205
2026-10-01 22:40:24,929 | DEBUG | step 7378 epoch 5 loss 0.1808 step_s 0.0054 peak_mem_gb 1.205
2026-10-01 22:40:24,935 | DEBUG | step 7379 epoch 5 loss 0.2879 step_s 0.0053 peak_mem_gb 1.205
2026-10-01 22:40:24,941 | DEBUG | step 7380 epoch 5 loss 0.3832 step_s 0.0053 peak_mem_gb 1.205
2026-10-01 22:40:24,947 | DEBUG | step 7381 epoch 5 loss 0.1438 step_s 0.0053 peak_mem_gb 1.205
2026-10-01 22:40:24,953 | DEBUG | step 7382 epoch 5 loss 0.3207 step_s 0.0053 peak_mem_gb 1.205
2026-10-01 22:40:24,959 | DEBUG | step 7383 epoch 5 loss 0.2824 step_s 0.0053 peak_mem_gb 1.205
2026-10-01 22:40:24,965 | DEBUG | step 7384 epoch 5 loss 0.2380 step_s 0.0053 peak_mem_gb 1.205
2026-10-01 22:40:24,971 | DEBUG | step 7385 epoch 5 loss 0.2218 step_s 0.0053 peak_mem_gb 1.205
2026-10-01 22:40:24,977 | DEBUG | step 7386 epoch 5 loss 0.1523 step_s 0.0053 peak_mem_gb 1.205
2026-10-01 22:40:24,983 | DEBUG | step 7387 epoch 5 loss 0.2555 step_s 0.0053 peak_mem_gb 1.205
2026-10-01 22:40:24,989 | DEBUG | step 7388 epoch 5 loss 0.1407 step_s 0.0053 peak_mem_gb 1.205
2026-10-01 22:40:24,995 | DEBUG | step 7389 epoch 5 loss 0.1397 step_s 0.0054 peak_mem_gb 1.205
2026-10-01 22:40:25,001 | DEBUG | step 7390 epoch 5 loss 0.1517 step_s 0.0053 peak_mem_gb 1.205
2026-10-01 22:40:25,007 | DEBUG | step 7391 epoch 5 loss 0.1649 step_s 0.0054 peak_mem_gb 1.205
2026-10-01 22:40:25,013 | DEBUG | step 7392 epoch 5 loss 0.2553 step_s 0.0053 peak_mem_gb 1.205
2026-10-01 22:40:25,019 | DEBUG | step 7393 epoch 5 loss 0.2478 step_s 0.0053 peak_mem_gb 1.205
2026-10-01 22:40:25,025 | DEBUG | step 7394 epoch 5 loss 0.3239 step_s 0.0053 peak_mem_gb 1.205
2026-10-01 22:40:25,031 | DEBUG | step 7395 epoch 5 loss 0.1642 step_s 0.0053 peak_mem_gb 1.205
2026-10-01 22:40:25,037 | DEBUG | step 7396 epoch 5 loss 0.2994 step_s 0.0053 peak_mem_gb 1.205
2026-10-01 22:40:25,043 | DEBUG | step 7397 epoch 5 loss 0.2495 step_s 0.0054 peak_mem_gb 1.205
2026-10-01 22:40:25,049 | DEBUG | step 7398 epoch 5 loss 0.1701 step_s 0.0054 peak_mem_gb 1.205
2026-10-01 22:40:25,055 | DEBUG | step 7399 epoch 5 loss 0.2161 step_s 0.0053 peak_mem_gb 1.205
2026-10-01 22:40:25,061 | INFO | step 7400 epoch 5 loss 0.1384 step_s 0.0054 peak_mem_gb 1.205
2026-10-01 22:40:25,068 | DEBUG | step 7401 epoch 5 loss 0.2515 step_s 0.0054 peak_mem_gb 1.205
2026-10-01 22:40:25,074 | DEBUG | step 7402 epoch 5 loss 0.2666 step_s 0.0054 peak_mem_gb 1.205
2026-10-01 22:40:25,081 | DEBUG | step 7403 epoch 5 loss 0.1452 step_s 0.0058 peak_mem_gb 1.205
2026-10-01 22:40:25,087 | DEBUG | step 7404 epoch 5 loss 0.2686 step_s 0.0053 peak_mem_gb 1.205
2026-10-01 22:40:25,093 | DEBUG | step 7405 epoch 5 loss 0.1939 step_s 0.0053 peak_mem_gb 1.205
2026-10-01 22:40:25,099 | DEBUG | step 7406 epoch 5 loss 0.2176 step_s 0.0054 peak_mem_gb 1.205
2026-10-01 22:40:25,105 | DEBUG | step 7407 epoch 5 loss 0.2752 step_s 0.0053 peak_mem_gb 1.205
2026-10-01 22:40:25,111 | DEBUG | step 7408 epoch 5 loss 0.2298 step_s 0.0053 peak_mem_gb 1.205
2026-10-01 22:40:25,117 | DEBUG | step 7409 epoch 5 loss 0.1194 step_s 0.0054 peak_mem_gb 1.205
2026-10-01 22:40:25,123 | DEBUG | step 7410 epoch 5 loss 0.2278 step_s 0.0053 peak_mem_gb 1.205
2026-10-01 22:40:25,129 | DEBUG | step 7411 epoch 5 loss 0.2628 step_s 0.0054 peak_mem_gb 1.205
2026-10-01 22:40:25,135 | DEBUG | step 7412 epoch 5 loss 0.1314 step_s 0.0054 peak_mem_gb 1.205
2026-10-01 22:40:25,141 | DEBUG | step 7413 epoch 5 loss 0.2875 step_s 0.0054 peak_mem_gb 1.205
2026-10-01 22:40:25,148 | DEBUG | step 7414 epoch 5 loss 0.1751 step_s 0.0054 peak_mem_gb 1.205
2026-10-01 22:40:25,154 | DEBUG | step 7415 epoch 5 loss 0.1840 step_s 0.0053 peak_mem_gb 1.205
2026-10-01 22:40:25,160 | DEBUG | step 7416 epoch 5 loss 0.1935 step_s 0.0054 peak_mem_gb 1.205
2026-10-01 22:40:25,166 | DEBUG | step 7417 epoch 5 loss 0.2864 step_s 0.0055 peak_mem_gb 1.205
2026-10-01 22:40:25,172 | DEBUG | step 7418 epoch 5 loss 0.1656 step_s 0.0053 peak_mem_gb 1.205
2026-10-01 22:40:25,180 | DEBUG | step 7419 epoch 5 loss 0.2057 step_s 0.0077 peak_mem_gb 1.205
2026-10-01 22:40:25,186 | DEBUG | step 7420 epoch 5 loss 0.3459 step_s 0.0053 peak_mem_gb 1.205
2026-10-01 22:40:25,192 | DEBUG | step 7421 epoch 5 loss 0.2006 step_s 0.0053 peak_mem_gb 1.205
2026-10-01 22:40:25,199 | DEBUG | step 7422 epoch 5 loss 0.1634 step_s 0.0054 peak_mem_gb 1.205
2026-10-01 22:40:25,205 | DEBUG | step 7423 epoch 5 loss 0.1864 step_s 0.0054 peak_mem_gb 1.205
2026-10-01 22:40:25,211 | DEBUG | step 7424 epoch 5 loss 0.1540 step_s 0.0054 peak_mem_gb 1.205
2026-10-01 22:40:25,217 | DEBUG | step 7425 epoch 5 loss 0.2667 step_s 0.0054 peak_mem_gb 1.205
2026-10-01 22:40:25,223 | DEBUG | step 7426 epoch 5 loss 0.1619 step_s 0.0053 peak_mem_gb 1.205
2026-10-01 22:40:25,229 | DEBUG | step 7427 epoch 5 loss 0.1504 step_s 0.0054 peak_mem_gb 1.205
2026-10-01 22:40:25,235 | DEBUG | step 7428 epoch 5 loss 0.1769 step_s 0.0054 peak_mem_gb 1.205
2026-10-01 22:40:25,241 | DEBUG | step 7429 epoch 5 loss 0.1084 step_s 0.0053 peak_mem_gb 1.205
2026-10-01 22:40:25,247 | DEBUG | step 7430 epoch 5 loss 0.2622 step_s 0.0053 peak_mem_gb 1.205
2026-10-01 22:40:25,253 | DEBUG | step 7431 epoch 5 loss 0.1312 step_s 0.0054 peak_mem_gb 1.205
2026-10-01 22:40:25,259 | DEBUG | step 7432 epoch 5 loss 0.1721 step_s 0.0053 peak_mem_gb 1.205
2026-10-01 22:40:25,265 | DEBUG | step 7433 epoch 5 loss 0.2980 step_s 0.0054 peak_mem_gb 1.205
2026-10-01 22:40:25,271 | DEBUG | step 7434 epoch 5 loss 0.2169 step_s 0.0053 peak_mem_gb 1.205
2026-10-01 22:40:25,278 | DEBUG | step 7435 epoch 5 loss 0.3125 step_s 0.0054 peak_mem_gb 1.205
2026-10-01 22:40:25,284 | DEBUG | step 7436 epoch 5 loss 0.3788 step_s 0.0053 peak_mem_gb 1.205
2026-10-01 22:40:25,290 | DEBUG | step 7437 epoch 5 loss 0.4366 step_s 0.0054 peak_mem_gb 1.205
2026-10-01 22:40:25,296 | DEBUG | step 7438 epoch 5 loss 0.1626 step_s 0.0054 peak_mem_gb 1.205
2026-10-01 22:40:25,302 | DEBUG | step 7439 epoch 5 loss 0.2627 step_s 0.0054 peak_mem_gb 1.205
2026-10-01 22:40:25,308 | DEBUG | step 7440 epoch 5 loss 0.7863 step_s 0.0053 peak_mem_gb 1.205
2026-10-01 22:40:25,314 | DEBUG | step 7441 epoch 5 loss 0.3194 step_s 0.0053 peak_mem_gb 1.205
2026-10-01 22:40:25,320 | DEBUG | step 7442 epoch 5 loss 0.1849 step_s 0.0053 peak_mem_gb 1.205
2026-10-01 22:40:25,326 | DEBUG | step 7443 epoch 5 loss 0.2843 step_s 0.0054 peak_mem_gb 1.205
2026-10-01 22:40:25,332 | DEBUG | step 7444 epoch 5 loss 0.4153 step_s 0.0053 peak_mem_gb 1.205
2026-10-01 22:40:25,338 | DEBUG | step 7445 epoch 5 loss 0.2894 step_s 0.0054 peak_mem_gb 1.205
2026-10-01 22:40:25,344 | DEBUG | step 7446 epoch 5 loss 0.5252 step_s 0.0053 peak_mem_gb 1.205
2026-10-01 22:40:25,350 | DEBUG | step 7447 epoch 5 loss 0.3831 step_s 0.0054 peak_mem_gb 1.205
2026-10-01 22:40:25,356 | DEBUG | step 7448 epoch 5 loss 0.3376 step_s 0.0053 peak_mem_gb 1.205
2026-10-01 22:40:25,362 | DEBUG | step 7449 epoch 5 loss 0.3407 step_s 0.0053 peak_mem_gb 1.205
2026-10-01 22:40:25,368 | DEBUG | step 7450 epoch 5 loss 0.3832 step_s 0.0054 peak_mem_gb 1.205
2026-10-01 22:40:25,374 | DEBUG | step 7451 epoch 5 loss 0.2929 step_s 0.0054 peak_mem_gb 1.205
2026-10-01 22:40:25,380 | DEBUG | step 7452 epoch 5 loss 0.4807 step_s 0.0054 peak_mem_gb 1.205
2026-10-01 22:40:25,386 | DEBUG | step 7453 epoch 5 loss 0.4365 step_s 0.0054 peak_mem_gb 1.205
2026-10-01 22:40:25,392 | DEBUG | step 7454 epoch 5 loss 0.3504 step_s 0.0053 peak_mem_gb 1.205
2026-10-01 22:40:25,398 | DEBUG | step 7455 epoch 5 loss 0.4272 step_s 0.0054 peak_mem_gb 1.205
2026-10-01 22:40:25,404 | DEBUG | step 7456 epoch 5 loss 0.3592 step_s 0.0053 peak_mem_gb 1.205
2026-10-01 22:40:25,410 | DEBUG | step 7457 epoch 5 loss 0.3772 step_s 0.0054 peak_mem_gb 1.205
2026-10-01 22:40:25,416 | DEBUG | step 7458 epoch 5 loss 0.2813 step_s 0.0054 peak_mem_gb 1.205
2026-10-01 22:40:25,422 | DEBUG | step 7459 epoch 5 loss 0.2985 step_s 0.0054 peak_mem_gb 1.205
2026-10-01 22:40:25,428 | DEBUG | step 7460 epoch 5 loss 0.2921 step_s 0.0053 peak_mem_gb 1.205
2026-10-01 22:40:25,434 | DEBUG | step 7461 epoch 5 loss 0.2785 step_s 0.0054 peak_mem_gb 1.205
2026-10-01 22:40:25,440 | DEBUG | step 7462 epoch 5 loss 0.2805 step_s 0.0054 peak_mem_gb 1.205
2026-10-01 22:40:25,446 | DEBUG | step 7463 epoch 5 loss 0.1961 step_s 0.0054 peak_mem_gb 1.205
2026-10-01 22:40:25,452 | DEBUG | step 7464 epoch 5 loss 0.2765 step_s 0.0053 peak_mem_gb 1.205
2026-10-01 22:40:25,458 | DEBUG | step 7465 epoch 5 loss 0.1915 step_s 0.0053 peak_mem_gb 1.205
2026-10-01 22:40:25,464 | DEBUG | step 7466 epoch 5 loss 0.2676 step_s 0.0054 peak_mem_gb 1.205
2026-10-01 22:40:25,470 | DEBUG | step 7467 epoch 5 loss 0.3004 step_s 0.0053 peak_mem_gb 1.205
2026-10-01 22:40:25,476 | DEBUG | step 7468 epoch 5 loss 0.1692 step_s 0.0053 peak_mem_gb 1.205
2026-10-01 22:40:25,482 | DEBUG | step 7469 epoch 5 loss 0.3456 step_s 0.0054 peak_mem_gb 1.205
2026-10-01 22:40:25,488 | DEBUG | step 7470 epoch 5 loss 0.1711 step_s 0.0054 peak_mem_gb 1.205
2026-10-01 22:40:25,494 | DEBUG | step 7471 epoch 5 loss 0.1932 step_s 0.0054 peak_mem_gb 1.205
2026-10-01 22:40:25,500 | DEBUG | step 7472 epoch 5 loss 0.1234 step_s 0.0054 peak_mem_gb 1.205
2026-10-01 22:40:25,507 | DEBUG | step 7473 epoch 5 loss 0.1859 step_s 0.0053 peak_mem_gb 1.205
2026-10-01 22:40:25,513 | DEBUG | step 7474 epoch 5 loss 0.2594 step_s 0.0054 peak_mem_gb 1.205
2026-10-01 22:40:25,519 | DEBUG | step 7475 epoch 5 loss 0.2574 step_s 0.0054 peak_mem_gb 1.205
2026-10-01 22:40:25,525 | DEBUG | step 7476 epoch 5 loss 0.2165 step_s 0.0054 peak_mem_gb 1.205
2026-10-01 22:40:25,531 | DEBUG | step 7477 epoch 5 loss 0.1556 step_s 0.0053 peak_mem_gb 1.205
2026-10-01 22:40:25,537 | DEBUG | step 7478 epoch 5 loss 0.2073 step_s 0.0053 peak_mem_gb 1.205
2026-10-01 22:40:25,543 | DEBUG | step 7479 epoch 5 loss 0.1927 step_s 0.0054 peak_mem_gb 1.205
2026-10-01 22:40:25,549 | DEBUG | step 7480 epoch 5 loss 0.3067 step_s 0.0054 peak_mem_gb 1.205
2026-10-01 22:40:25,555 | DEBUG | step 7481 epoch 5 loss 0.3264 step_s 0.0053 peak_mem_gb 1.205
2026-10-01 22:40:25,561 | DEBUG | step 7482 epoch 5 loss 0.4770 step_s 0.0053 peak_mem_gb 1.205
2026-10-01 22:40:25,567 | DEBUG | step 7483 epoch 5 loss 0.1460 step_s 0.0054 peak_mem_gb 1.205
2026-10-01 22:40:25,573 | DEBUG | step 7484 epoch 5 loss 0.2297 step_s 0.0053 peak_mem_gb 1.205
2026-10-01 22:40:25,579 | DEBUG | step 7485 epoch 5 loss 0.1240 step_s 0.0053 peak_mem_gb 1.205
2026-10-01 22:40:25,585 | DEBUG | step 7486 epoch 5 loss 0.2000 step_s 0.0053 peak_mem_gb 1.205
2026-10-01 22:40:25,590 | DEBUG | step 7487 epoch 5 loss 0.2235 step_s 0.0053 peak_mem_gb 1.205
2026-10-01 22:40:25,596 | DEBUG | step 7488 epoch 5 loss 0.1469 step_s 0.0054 peak_mem_gb 1.205
2026-10-01 22:40:25,603 | DEBUG | step 7489 epoch 5 loss 0.2592 step_s 0.0054 peak_mem_gb 1.205
2026-10-01 22:40:25,609 | DEBUG | step 7490 epoch 5 loss 0.1804 step_s 0.0054 peak_mem_gb 1.205
2026-10-01 22:40:25,615 | DEBUG | step 7491 epoch 5 loss 0.1351 step_s 0.0054 peak_mem_gb 1.205
2026-10-01 22:40:25,621 | DEBUG | step 7492 epoch 5 loss 0.1617 step_s 0.0054 peak_mem_gb 1.205
2026-10-01 22:40:25,626 | DEBUG | step 7493 epoch 5 loss 0.3033 step_s 0.0053 peak_mem_gb 1.205
2026-10-01 22:40:25,633 | DEBUG | step 7494 epoch 5 loss 0.1488 step_s 0.0054 peak_mem_gb 1.205
2026-10-01 22:40:25,639 | DEBUG | step 7495 epoch 5 loss 0.1587 step_s 0.0053 peak_mem_gb 1.205
2026-10-01 22:40:25,644 | DEBUG | step 7496 epoch 5 loss 0.2902 step_s 0.0053 peak_mem_gb 1.205
2026-10-01 22:40:25,651 | DEBUG | step 7497 epoch 5 loss 0.1661 step_s 0.0054 peak_mem_gb 1.205
2026-10-01 22:40:25,657 | DEBUG | step 7498 epoch 5 loss 0.2388 step_s 0.0054 peak_mem_gb 1.205
2026-10-01 22:40:25,663 | DEBUG | step 7499 epoch 5 loss 0.1292 step_s 0.0054 peak_mem_gb 1.205
2026-10-01 22:40:25,669 | DEBUG | step 7500 epoch 5 loss 0.1678 step_s 0.0054 peak_mem_gb 1.205
2026-10-01 22:40:25,675 | DEBUG | step 7501 epoch 5 loss 0.3777 step_s 0.0054 peak_mem_gb 1.205
2026-10-01 22:40:25,681 | DEBUG | step 7502 epoch 5 loss 0.1744 step_s 0.0054 peak_mem_gb 1.205
2026-10-01 22:40:25,687 | DEBUG | step 7503 epoch 5 loss 0.1769 step_s 0.0054 peak_mem_gb 1.205
2026-10-01 22:40:25,693 | DEBUG | step 7504 epoch 5 loss 0.2103 step_s 0.0054 peak_mem_gb 1.205
2026-10-01 22:40:25,699 | DEBUG | step 7505 epoch 5 loss 0.2561 step_s 0.0054 peak_mem_gb 1.205
2026-10-01 22:40:25,705 | DEBUG | step 7506 epoch 5 loss 0.1630 step_s 0.0054 peak_mem_gb 1.205
2026-10-01 22:40:25,711 | DEBUG | step 7507 epoch 5 loss 0.1794 step_s 0.0053 peak_mem_gb 1.205
2026-10-01 22:40:25,717 | DEBUG | step 7508 epoch 5 loss 0.2330 step_s 0.0054 peak_mem_gb 1.205
2026-10-01 22:40:25,723 | DEBUG | step 7509 epoch 5 loss 0.1369 step_s 0.0053 peak_mem_gb 1.205
2026-10-01 22:40:25,729 | DEBUG | step 7510 epoch 5 loss 0.2169 step_s 0.0054 peak_mem_gb 1.205
2026-10-01 22:40:25,735 | DEBUG | step 7511 epoch 5 loss 0.2397 step_s 0.0053 peak_mem_gb 1.205
2026-10-01 22:40:25,741 | DEBUG | step 7512 epoch 5 loss 0.2916 step_s 0.0053 peak_mem_gb 1.205
2026-10-01 22:40:25,747 | DEBUG | step 7513 epoch 5 loss 0.2508 step_s 0.0054 peak_mem_gb 1.205
2026-10-01 22:40:25,753 | DEBUG | step 7514 epoch 5 loss 0.1103 step_s 0.0055 peak_mem_gb 1.205
2026-10-01 22:40:25,759 | DEBUG | step 7515 epoch 5 loss 0.2320 step_s 0.0053 peak_mem_gb 1.205
2026-10-01 22:40:25,766 | DEBUG | step 7516 epoch 5 loss 0.2930 step_s 0.0062 peak_mem_gb 1.205
2026-10-01 22:40:25,773 | DEBUG | step 7517 epoch 5 loss 0.1359 step_s 0.0055 peak_mem_gb 1.205
2026-10-01 22:40:25,779 | DEBUG | step 7518 epoch 5 loss 0.2124 step_s 0.0054 peak_mem_gb 1.205
2026-10-01 22:40:25,785 | DEBUG | step 7519 epoch 5 loss 0.1873 step_s 0.0054 peak_mem_gb 1.205
2026-10-01 22:40:25,791 | DEBUG | step 7520 epoch 5 loss 0.1726 step_s 0.0053 peak_mem_gb 1.205
2026-10-01 22:40:25,797 | DEBUG | step 7521 epoch 5 loss 0.2032 step_s 0.0054 peak_mem_gb 1.205
2026-10-01 22:40:25,803 | DEBUG | step 7522 epoch 5 loss 0.2604 step_s 0.0055 peak_mem_gb 1.205
2026-10-01 22:40:25,810 | DEBUG | step 7523 epoch 5 loss 0.1544 step_s 0.0054 peak_mem_gb 1.205
2026-10-01 22:40:25,816 | DEBUG | step 7524 epoch 5 loss 0.2445 step_s 0.0053 peak_mem_gb 1.205
2026-10-01 22:40:25,822 | DEBUG | step 7525 epoch 5 loss 0.3497 step_s 0.0053 peak_mem_gb 1.205
2026-10-01 22:40:25,828 | DEBUG | step 7526 epoch 5 loss 0.2493 step_s 0.0054 peak_mem_gb 1.205
2026-10-01 22:40:25,834 | DEBUG | step 7527 epoch 5 loss 0.2354 step_s 0.0054 peak_mem_gb 1.205
2026-10-01 22:40:25,840 | DEBUG | step 7528 epoch 5 loss 0.2359 step_s 0.0055 peak_mem_gb 1.205
2026-10-01 22:40:25,848 | DEBUG | step 7529 epoch 5 loss 0.3165 step_s 0.0071 peak_mem_gb 1.205
2026-10-01 22:40:25,855 | DEBUG | step 7530 epoch 5 loss 0.1101 step_s 0.0062 peak_mem_gb 1.205
2026-10-01 22:40:25,863 | DEBUG | step 7531 epoch 5 loss 0.3207 step_s 0.0060 peak_mem_gb 1.205
2026-10-01 22:40:25,870 | DEBUG | step 7532 epoch 5 loss 0.1486 step_s 0.0062 peak_mem_gb 1.205
2026-10-01 22:40:25,877 | DEBUG | step 7533 epoch 5 loss 0.2590 step_s 0.0057 peak_mem_gb 1.205
2026-10-01 22:40:25,883 | DEBUG | step 7534 epoch 5 loss 0.1559 step_s 0.0055 peak_mem_gb 1.205
2026-10-01 22:40:25,889 | DEBUG | step 7535 epoch 5 loss 0.1312 step_s 0.0055 peak_mem_gb 1.205
2026-10-01 22:40:25,895 | DEBUG | step 7536 epoch 5 loss 0.1976 step_s 0.0054 peak_mem_gb 1.205
2026-10-01 22:40:25,902 | DEBUG | step 7537 epoch 5 loss 0.1070 step_s 0.0054 peak_mem_gb 1.205
2026-10-01 22:40:25,909 | DEBUG | step 7538 epoch 5 loss 0.2585 step_s 0.0059 peak_mem_gb 1.205
2026-10-01 22:40:25,916 | DEBUG | step 7539 epoch 5 loss 0.1286 step_s 0.0060 peak_mem_gb 1.205
2026-10-01 22:40:25,922 | DEBUG | step 7540 epoch 5 loss 0.0928 step_s 0.0057 peak_mem_gb 1.205
2026-10-01 22:40:25,929 | DEBUG | step 7541 epoch 5 loss 0.2130 step_s 0.0058 peak_mem_gb 1.205
2026-10-01 22:40:25,936 | DEBUG | step 7542 epoch 5 loss 0.2185 step_s 0.0057 peak_mem_gb 1.205
2026-10-01 22:40:25,943 | DEBUG | step 7543 epoch 5 loss 0.1616 step_s 0.0058 peak_mem_gb 1.205
2026-10-01 22:40:25,950 | DEBUG | step 7544 epoch 5 loss 0.4946 step_s 0.0058 peak_mem_gb 1.205
2026-10-01 22:40:25,956 | DEBUG | step 7545 epoch 5 loss 0.3411 step_s 0.0055 peak_mem_gb 1.205
2026-10-01 22:40:25,962 | DEBUG | step 7546 epoch 5 loss 0.0947 step_s 0.0054 peak_mem_gb 1.205
2026-10-01 22:40:25,969 | DEBUG | step 7547 epoch 5 loss 0.3241 step_s 0.0055 peak_mem_gb 1.205
2026-10-01 22:40:25,975 | DEBUG | step 7548 epoch 5 loss 0.2787 step_s 0.0054 peak_mem_gb 1.205
2026-10-01 22:40:25,981 | DEBUG | step 7549 epoch 5 loss 0.3027 step_s 0.0054 peak_mem_gb 1.205
2026-10-01 22:40:25,988 | DEBUG | step 7550 epoch 5 loss 0.2319 step_s 0.0059 peak_mem_gb 1.205
2026-10-01 22:40:25,994 | DEBUG | step 7551 epoch 5 loss 0.2228 step_s 0.0055 peak_mem_gb 1.205
2026-10-01 22:40:26,001 | DEBUG | step 7552 epoch 5 loss 0.1336 step_s 0.0062 peak_mem_gb 1.205
2026-10-01 22:40:26,008 | DEBUG | step 7553 epoch 5 loss 0.2304 step_s 0.0054 peak_mem_gb 1.205
2026-10-01 22:40:26,015 | DEBUG | step 7554 epoch 5 loss 0.2624 step_s 0.0059 peak_mem_gb 1.205
2026-10-01 22:40:26,021 | DEBUG | step 7555 epoch 5 loss 0.2149 step_s 0.0054 peak_mem_gb 1.205
2026-10-01 22:40:26,027 | DEBUG | step 7556 epoch 5 loss 0.2642 step_s 0.0055 peak_mem_gb 1.205
2026-10-01 22:40:26,034 | DEBUG | step 7557 epoch 5 loss 0.1769 step_s 0.0055 peak_mem_gb 1.205
2026-10-01 22:40:26,040 | DEBUG | step 7558 epoch 5 loss 0.3030 step_s 0.0054 peak_mem_gb 1.205
2026-10-01 22:40:26,046 | DEBUG | step 7559 epoch 5 loss 0.3993 step_s 0.0054 peak_mem_gb 1.205
2026-10-01 22:40:26,052 | DEBUG | step 7560 epoch 5 loss 0.1774 step_s 0.0054 peak_mem_gb 1.205
2026-10-01 22:40:26,058 | DEBUG | step 7561 epoch 5 loss 0.1363 step_s 0.0054 peak_mem_gb 1.205
2026-10-01 22:40:26,064 | DEBUG | step 7562 epoch 5 loss 0.2327 step_s 0.0054 peak_mem_gb 1.205
2026-10-01 22:40:26,070 | DEBUG | step 7563 epoch 5 loss 0.2137 step_s 0.0054 peak_mem_gb 1.205
2026-10-01 22:40:26,076 | DEBUG | step 7564 epoch 5 loss 0.1137 step_s 0.0053 peak_mem_gb 1.205
2026-10-01 22:40:26,083 | DEBUG | step 7565 epoch 5 loss 0.2565 step_s 0.0058 peak_mem_gb 1.205
2026-10-01 22:40:26,089 | DEBUG | step 7566 epoch 5 loss 0.1261 step_s 0.0056 peak_mem_gb 1.205
2026-10-01 22:40:26,095 | DEBUG | step 7567 epoch 5 loss 0.2062 step_s 0.0054 peak_mem_gb 1.205
2026-10-01 22:40:26,102 | DEBUG | step 7568 epoch 5 loss 0.2461 step_s 0.0054 peak_mem_gb 1.205
2026-10-01 22:40:26,108 | DEBUG | step 7569 epoch 5 loss 0.2272 step_s 0.0054 peak_mem_gb 1.205
2026-10-01 22:40:26,114 | DEBUG | step 7570 epoch 5 loss 0.2036 step_s 0.0054 peak_mem_gb 1.205
2026-10-01 22:40:26,120 | DEBUG | step 7571 epoch 5 loss 0.1773 step_s 0.0054 peak_mem_gb 1.205
2026-10-01 22:40:26,126 | DEBUG | step 7572 epoch 5 loss 0.2671 step_s 0.0054 peak_mem_gb 1.205
2026-10-01 22:40:26,132 | DEBUG | step 7573 epoch 5 loss 0.1414 step_s 0.0054 peak_mem_gb 1.205
2026-10-01 22:40:26,138 | DEBUG | step 7574 epoch 5 loss 0.1113 step_s 0.0053 peak_mem_gb 1.205
2026-10-01 22:40:26,144 | DEBUG | step 7575 epoch 5 loss 0.1016 step_s 0.0053 peak_mem_gb 1.205
2026-10-01 22:40:26,150 | DEBUG | step 7576 epoch 5 loss 0.1786 step_s 0.0054 peak_mem_gb 1.205
2026-10-01 22:40:26,156 | DEBUG | step 7577 epoch 5 loss 0.2577 step_s 0.0053 peak_mem_gb 1.205
2026-10-01 22:40:26,162 | DEBUG | step 7578 epoch 5 loss 0.1314 step_s 0.0053 peak_mem_gb 1.205
2026-10-01 22:40:26,169 | DEBUG | step 7579 epoch 5 loss 0.2763 step_s 0.0054 peak_mem_gb 1.205
2026-10-01 22:40:26,174 | DEBUG | step 7580 epoch 5 loss 0.2159 step_s 0.0053 peak_mem_gb 1.205
2026-10-01 22:40:26,180 | DEBUG | step 7581 epoch 5 loss 0.1674 step_s 0.0053 peak_mem_gb 1.205
2026-10-01 22:40:26,186 | DEBUG | step 7582 epoch 5 loss 0.1497 step_s 0.0053 peak_mem_gb 1.205
2026-10-01 22:40:26,192 | DEBUG | step 7583 epoch 5 loss 0.1334 step_s 0.0053 peak_mem_gb 1.205
2026-10-01 22:40:26,198 | DEBUG | step 7584 epoch 5 loss 0.2296 step_s 0.0053 peak_mem_gb 1.205
2026-10-01 22:40:26,204 | DEBUG | step 7585 epoch 5 loss 0.2294 step_s 0.0053 peak_mem_gb 1.205
2026-10-01 22:40:26,211 | DEBUG | step 7586 epoch 5 loss 0.3996 step_s 0.0054 peak_mem_gb 1.205
2026-10-01 22:40:26,217 | DEBUG | step 7587 epoch 5 loss 0.1552 step_s 0.0054 peak_mem_gb 1.205
2026-10-01 22:40:26,223 | DEBUG | step 7588 epoch 5 loss 0.2417 step_s 0.0053 peak_mem_gb 1.205
2026-10-01 22:40:26,229 | DEBUG | step 7589 epoch 5 loss 0.1893 step_s 0.0054 peak_mem_gb 1.205
2026-10-01 22:40:26,235 | DEBUG | step 7590 epoch 5 loss 0.1688 step_s 0.0054 peak_mem_gb 1.205
2026-10-01 22:40:26,241 | DEBUG | step 7591 epoch 5 loss 0.3091 step_s 0.0054 peak_mem_gb 1.205
2026-10-01 22:40:26,247 | DEBUG | step 7592 epoch 5 loss 0.1983 step_s 0.0054 peak_mem_gb 1.205
2026-10-01 22:40:26,253 | DEBUG | step 7593 epoch 5 loss 0.1883 step_s 0.0053 peak_mem_gb 1.205
2026-10-01 22:40:26,259 | DEBUG | step 7594 epoch 5 loss 0.2571 step_s 0.0054 peak_mem_gb 1.205
2026-10-01 22:40:26,265 | DEBUG | step 7595 epoch 5 loss 0.2681 step_s 0.0053 peak_mem_gb 1.205
2026-10-01 22:40:26,271 | DEBUG | step 7596 epoch 5 loss 0.1769 step_s 0.0053 peak_mem_gb 1.205
2026-10-01 22:40:26,278 | DEBUG | step 7597 epoch 5 loss 0.2248 step_s 0.0069 peak_mem_gb 1.205
2026-10-01 22:40:26,284 | DEBUG | step 7598 epoch 5 loss 0.2563 step_s 0.0053 peak_mem_gb 1.205
2026-10-01 22:40:26,290 | DEBUG | step 7599 epoch 5 loss 0.3691 step_s 0.0054 peak_mem_gb 1.205
2026-10-01 22:40:26,296 | INFO | step 7600 epoch 5 loss 0.2133 step_s 0.0054 peak_mem_gb 1.205
2026-10-01 22:40:26,303 | DEBUG | step 7601 epoch 5 loss 0.2694 step_s 0.0054 peak_mem_gb 1.205
2026-10-01 22:40:26,309 | DEBUG | step 7602 epoch 5 loss 0.1446 step_s 0.0054 peak_mem_gb 1.205
2026-10-01 22:40:26,316 | DEBUG | step 7603 epoch 5 loss 0.1366 step_s 0.0053 peak_mem_gb 1.205
2026-10-01 22:40:26,322 | DEBUG | step 7604 epoch 5 loss 0.2042 step_s 0.0053 peak_mem_gb 1.205
2026-10-01 22:40:26,328 | DEBUG | step 7605 epoch 5 loss 0.1666 step_s 0.0054 peak_mem_gb 1.205
2026-10-01 22:40:26,334 | DEBUG | step 7606 epoch 5 loss 0.2112 step_s 0.0054 peak_mem_gb 1.205
2026-10-01 22:40:26,340 | DEBUG | step 7607 epoch 5 loss 0.2466 step_s 0.0053 peak_mem_gb 1.205
2026-10-01 22:40:26,346 | DEBUG | step 7608 epoch 5 loss 0.1949 step_s 0.0054 peak_mem_gb 1.205
2026-10-01 22:40:26,352 | DEBUG | step 7609 epoch 5 loss 0.1759 step_s 0.0054 peak_mem_gb 1.205
2026-10-01 22:40:26,358 | DEBUG | step 7610 epoch 5 loss 0.2153 step_s 0.0054 peak_mem_gb 1.205
2026-10-01 22:40:26,364 | DEBUG | step 7611 epoch 5 loss 0.2497 step_s 0.0055 peak_mem_gb 1.205
2026-10-01 22:40:26,370 | DEBUG | step 7612 epoch 5 loss 0.2404 step_s 0.0053 peak_mem_gb 1.205
2026-10-01 22:40:26,376 | DEBUG | step 7613 epoch 5 loss 0.1203 step_s 0.0053 peak_mem_gb 1.205
2026-10-01 22:40:26,382 | DEBUG | step 7614 epoch 5 loss 0.3297 step_s 0.0053 peak_mem_gb 1.205
2026-10-01 22:40:26,388 | DEBUG | step 7615 epoch 5 loss 0.1240 step_s 0.0053 peak_mem_gb 1.205
2026-10-01 22:40:26,394 | DEBUG | step 7616 epoch 5 loss 0.1572 step_s 0.0053 peak_mem_gb 1.205
2026-10-01 22:40:26,400 | DEBUG | step 7617 epoch 5 loss 0.1944 step_s 0.0053 peak_mem_gb 1.205
2026-10-01 22:40:26,406 | DEBUG | step 7618 epoch 5 loss 0.2116 step_s 0.0053 peak_mem_gb 1.205
2026-10-01 22:40:26,412 | DEBUG | step 7619 epoch 5 loss 0.1996 step_s 0.0054 peak_mem_gb 1.205
2026-10-01 22:40:26,418 | DEBUG | step 7620 epoch 5 loss 0.1209 step_s 0.0054 peak_mem_gb 1.205
2026-10-01 22:40:26,424 | DEBUG | step 7621 epoch 5 loss 0.3187 step_s 0.0053 peak_mem_gb 1.205
2026-10-01 22:40:26,430 | DEBUG | step 7622 epoch 5 loss 0.3431 step_s 0.0054 peak_mem_gb 1.205
2026-10-01 22:40:26,436 | DEBUG | step 7623 epoch 5 loss 0.1281 step_s 0.0053 peak_mem_gb 1.205
2026-10-01 22:40:26,442 | DEBUG | step 7624 epoch 5 loss 0.1299 step_s 0.0053 peak_mem_gb 1.205
2026-10-01 22:40:26,448 | DEBUG | step 7625 epoch 5 loss 0.2088 step_s 0.0053 peak_mem_gb 1.205
2026-10-01 22:40:26,454 | DEBUG | step 7626 epoch 5 loss 0.1669 step_s 0.0053 peak_mem_gb 1.205
2026-10-01 22:40:26,460 | DEBUG | step 7627 epoch 5 loss 0.2599 step_s 0.0053 peak_mem_gb 1.205
2026-10-01 22:40:26,466 | DEBUG | step 7628 epoch 5 loss 0.2198 step_s 0.0054 peak_mem_gb 1.205
2026-10-01 22:40:26,472 | DEBUG | step 7629 epoch 5 loss 0.2880 step_s 0.0053 peak_mem_gb 1.205
2026-10-01 22:40:26,478 | DEBUG | step 7630 epoch 5 loss 0.2395 step_s 0.0053 peak_mem_gb 1.205
2026-10-01 22:40:26,484 | DEBUG | step 7631 epoch 5 loss 0.2150 step_s 0.0054 peak_mem_gb 1.205
2026-10-01 22:40:26,490 | DEBUG | step 7632 epoch 5 loss 0.1570 step_s 0.0054 peak_mem_gb 1.205
2026-10-01 22:40:26,496 | DEBUG | step 7633 epoch 5 loss 0.2517 step_s 0.0054 peak_mem_gb 1.205
2026-10-01 22:40:26,502 | DEBUG | step 7634 epoch 5 loss 0.1393 step_s 0.0053 peak_mem_gb 1.205
2026-10-01 22:40:26,508 | DEBUG | step 7635 epoch 5 loss 0.1193 step_s 0.0053 peak_mem_gb 1.205
2026-10-01 22:40:26,514 | DEBUG | step 7636 epoch 5 loss 0.1771 step_s 0.0054 peak_mem_gb 1.205
2026-10-01 22:40:26,520 | DEBUG | step 7637 epoch 5 loss 0.1437 step_s 0.0054 peak_mem_gb 1.205
2026-10-01 22:40:26,526 | DEBUG | step 7638 epoch 5 loss 0.1744 step_s 0.0053 peak_mem_gb 1.205
2026-10-01 22:40:26,532 | DEBUG | step 7639 epoch 5 loss 0.2086 step_s 0.0054 peak_mem_gb 1.205
2026-10-01 22:40:26,539 | DEBUG | step 7640 epoch 5 loss 0.0981 step_s 0.0054 peak_mem_gb 1.205
2026-10-01 22:40:26,545 | DEBUG | step 7641 epoch 5 loss 0.2693 step_s 0.0054 peak_mem_gb 1.205
2026-10-01 22:40:26,551 | DEBUG | step 7642 epoch 5 loss 0.1812 step_s 0.0054 peak_mem_gb 1.205
2026-10-01 22:40:26,557 | DEBUG | step 7643 epoch 5 loss 0.3340 step_s 0.0053 peak_mem_gb 1.205
2026-10-01 22:40:26,563 | DEBUG | step 7644 epoch 5 loss 0.3084 step_s 0.0054 peak_mem_gb 1.205
2026-10-01 22:40:26,569 | DEBUG | step 7645 epoch 5 loss 0.2054 step_s 0.0054 peak_mem_gb 1.205
2026-10-01 22:40:26,575 | DEBUG | step 7646 epoch 5 loss 0.2383 step_s 0.0054 peak_mem_gb 1.205
2026-10-01 22:40:26,581 | DEBUG | step 7647 epoch 5 loss 0.1711 step_s 0.0054 peak_mem_gb 1.205
2026-10-01 22:40:26,587 | DEBUG | step 7648 epoch 5 loss 0.2682 step_s 0.0054 peak_mem_gb 1.205
2026-10-01 22:40:26,593 | DEBUG | step 7649 epoch 5 loss 0.2380 step_s 0.0053 peak_mem_gb 1.205
2026-10-01 22:40:26,599 | DEBUG | step 7650 epoch 5 loss 0.2481 step_s 0.0053 peak_mem_gb 1.205
2026-10-01 22:40:26,605 | DEBUG | step 7651 epoch 5 loss 0.1255 step_s 0.0053 peak_mem_gb 1.205
2026-10-01 22:40:26,611 | DEBUG | step 7652 epoch 5 loss 0.2103 step_s 0.0053 peak_mem_gb 1.205
2026-10-01 22:40:26,617 | DEBUG | step 7653 epoch 5 loss 0.2654 step_s 0.0054 peak_mem_gb 1.205
2026-10-01 22:40:26,623 | DEBUG | step 7654 epoch 5 loss 0.1346 step_s 0.0054 peak_mem_gb 1.205
2026-10-01 22:40:26,629 | DEBUG | step 7655 epoch 5 loss 0.2037 step_s 0.0053 peak_mem_gb 1.205
2026-10-01 22:40:26,635 | DEBUG | step 7656 epoch 5 loss 0.2523 step_s 0.0054 peak_mem_gb 1.205
2026-10-01 22:40:26,641 | DEBUG | step 7657 epoch 5 loss 0.2679 step_s 0.0053 peak_mem_gb 1.205
2026-10-01 22:40:26,647 | DEBUG | step 7658 epoch 5 loss 0.1729 step_s 0.0054 peak_mem_gb 1.205
2026-10-01 22:40:26,653 | DEBUG | step 7659 epoch 5 loss 0.2241 step_s 0.0054 peak_mem_gb 1.205
2026-10-01 22:40:26,659 | DEBUG | step 7660 epoch 5 loss 0.2596 step_s 0.0054 peak_mem_gb 1.205
2026-10-01 22:40:26,665 | DEBUG | step 7661 epoch 5 loss 0.1344 step_s 0.0054 peak_mem_gb 1.205
2026-10-01 22:40:26,671 | DEBUG | step 7662 epoch 5 loss 0.1583 step_s 0.0054 peak_mem_gb 1.205
2026-10-01 22:40:26,677 | DEBUG | step 7663 epoch 5 loss 0.2190 step_s 0.0053 peak_mem_gb 1.205
2026-10-01 22:40:26,683 | DEBUG | step 7664 epoch 5 loss 0.2305 step_s 0.0054 peak_mem_gb 1.205
2026-10-01 22:40:26,689 | DEBUG | step 7665 epoch 5 loss 0.4125 step_s 0.0053 peak_mem_gb 1.205
2026-10-01 22:40:26,695 | DEBUG | step 7666 epoch 5 loss 0.1769 step_s 0.0053 peak_mem_gb 1.205
2026-10-01 22:40:26,701 | DEBUG | step 7667 epoch 5 loss 0.1511 step_s 0.0054 peak_mem_gb 1.205
2026-10-01 22:40:26,707 | DEBUG | step 7668 epoch 5 loss 0.2115 step_s 0.0054 peak_mem_gb 1.205
2026-10-01 22:40:26,713 | DEBUG | step 7669 epoch 5 loss 0.1955 step_s 0.0054 peak_mem_gb 1.205
2026-10-01 22:40:26,719 | DEBUG | step 7670 epoch 5 loss 0.1585 step_s 0.0054 peak_mem_gb 1.205
2026-10-01 22:40:26,725 | DEBUG | step 7671 epoch 5 loss 0.2127 step_s 0.0054 peak_mem_gb 1.205
2026-10-01 22:40:26,731 | DEBUG | step 7672 epoch 5 loss 0.2334 step_s 0.0053 peak_mem_gb 1.205
2026-10-01 22:40:26,737 | DEBUG | step 7673 epoch 5 loss 0.1838 step_s 0.0053 peak_mem_gb 1.205
2026-10-01 22:40:26,743 | DEBUG | step 7674 epoch 5 loss 0.1292 step_s 0.0055 peak_mem_gb 1.205
2026-10-01 22:40:26,749 | DEBUG | step 7675 epoch 5 loss 0.3360 step_s 0.0053 peak_mem_gb 1.205
2026-10-01 22:40:26,755 | DEBUG | step 7676 epoch 5 loss 0.1686 step_s 0.0054 peak_mem_gb 1.205
2026-10-01 22:40:26,761 | DEBUG | step 7677 epoch 5 loss 0.1726 step_s 0.0053 peak_mem_gb 1.205
2026-10-01 22:40:26,767 | DEBUG | step 7678 epoch 5 loss 0.2682 step_s 0.0054 peak_mem_gb 1.205
2026-10-01 22:40:26,773 | DEBUG | step 7679 epoch 5 loss 0.1017 step_s 0.0055 peak_mem_gb 1.205
2026-10-01 22:40:26,779 | DEBUG | step 7680 epoch 5 loss 0.1748 step_s 0.0054 peak_mem_gb 1.205
2026-10-01 22:40:26,785 | DEBUG | step 7681 epoch 5 loss 0.1842 step_s 0.0054 peak_mem_gb 1.205
2026-10-01 22:40:26,791 | DEBUG | step 7682 epoch 5 loss 0.3084 step_s 0.0053 peak_mem_gb 1.205
2026-10-01 22:40:26,797 | DEBUG | step 7683 epoch 5 loss 0.1930 step_s 0.0054 peak_mem_gb 1.205
2026-10-01 22:40:26,803 | DEBUG | step 7684 epoch 5 loss 0.2319 step_s 0.0054 peak_mem_gb 1.205
2026-10-01 22:40:26,809 | DEBUG | step 7685 epoch 5 loss 0.2311 step_s 0.0053 peak_mem_gb 1.205
2026-10-01 22:40:26,815 | DEBUG | step 7686 epoch 5 loss 0.2521 step_s 0.0054 peak_mem_gb 1.205
2026-10-01 22:40:26,822 | DEBUG | step 7687 epoch 5 loss 0.2519 step_s 0.0054 peak_mem_gb 1.205
2026-10-01 22:40:26,827 | DEBUG | step 7688 epoch 5 loss 0.3407 step_s 0.0053 peak_mem_gb 1.205
2026-10-01 22:40:26,834 | DEBUG | step 7689 epoch 5 loss 0.2704 step_s 0.0054 peak_mem_gb 1.205
2026-10-01 22:40:26,840 | DEBUG | step 7690 epoch 5 loss 0.2316 step_s 0.0054 peak_mem_gb 1.205
2026-10-01 22:40:26,846 | DEBUG | step 7691 epoch 5 loss 0.1027 step_s 0.0053 peak_mem_gb 1.205
2026-10-01 22:40:26,852 | DEBUG | step 7692 epoch 5 loss 0.2237 step_s 0.0053 peak_mem_gb 1.205
2026-10-01 22:40:26,857 | DEBUG | step 7693 epoch 5 loss 0.2739 step_s 0.0053 peak_mem_gb 1.205
2026-10-01 22:40:26,863 | DEBUG | step 7694 epoch 5 loss 0.2879 step_s 0.0053 peak_mem_gb 1.205
2026-10-01 22:40:26,869 | DEBUG | step 7695 epoch 5 loss 0.1720 step_s 0.0053 peak_mem_gb 1.205
2026-10-01 22:40:26,875 | DEBUG | step 7696 epoch 5 loss 0.1304 step_s 0.0053 peak_mem_gb 1.205
2026-10-01 22:40:26,882 | DEBUG | step 7697 epoch 5 loss 0.1879 step_s 0.0053 peak_mem_gb 1.205
2026-10-01 22:40:26,888 | DEBUG | step 7698 epoch 5 loss 0.3008 step_s 0.0053 peak_mem_gb 1.205
2026-10-01 22:40:26,894 | DEBUG | step 7699 epoch 5 loss 0.1872 step_s 0.0053 peak_mem_gb 1.205
2026-10-01 22:40:26,899 | DEBUG | step 7700 epoch 5 loss 0.2638 step_s 0.0053 peak_mem_gb 1.205
2026-10-01 22:40:26,906 | DEBUG | step 7701 epoch 5 loss 0.1454 step_s 0.0054 peak_mem_gb 1.205
2026-10-01 22:40:26,912 | DEBUG | step 7702 epoch 5 loss 0.2155 step_s 0.0054 peak_mem_gb 1.205
2026-10-01 22:40:26,918 | DEBUG | step 7703 epoch 5 loss 0.2598 step_s 0.0054 peak_mem_gb 1.205
2026-10-01 22:40:26,923 | DEBUG | step 7704 epoch 5 loss 0.2121 step_s 0.0053 peak_mem_gb 1.205
2026-10-01 22:40:26,930 | DEBUG | step 7705 epoch 5 loss 0.1806 step_s 0.0055 peak_mem_gb 1.205
2026-10-01 22:40:26,937 | DEBUG | step 7706 epoch 5 loss 0.1984 step_s 0.0058 peak_mem_gb 1.205
2026-10-01 22:40:26,944 | DEBUG | step 7707 epoch 5 loss 0.1821 step_s 0.0059 peak_mem_gb 1.205
2026-10-01 22:40:26,950 | DEBUG | step 7708 epoch 5 loss 0.2742 step_s 0.0056 peak_mem_gb 1.205
2026-10-01 22:40:26,956 | DEBUG | step 7709 epoch 5 loss 0.2031 step_s 0.0054 peak_mem_gb 1.205
2026-10-01 22:40:26,962 | DEBUG | step 7710 epoch 5 loss 0.1651 step_s 0.0054 peak_mem_gb 1.205
2026-10-01 22:40:26,968 | DEBUG | step 7711 epoch 5 loss 0.0963 step_s 0.0054 peak_mem_gb 1.205
2026-10-01 22:40:26,975 | DEBUG | step 7712 epoch 5 loss 0.1719 step_s 0.0054 peak_mem_gb 1.205
2026-10-01 22:40:26,981 | DEBUG | step 7713 epoch 5 loss 0.1681 step_s 0.0054 peak_mem_gb 1.205
2026-10-01 22:40:26,987 | DEBUG | step 7714 epoch 5 loss 0.2210 step_s 0.0053 peak_mem_gb 1.205
2026-10-01 22:40:26,993 | DEBUG | step 7715 epoch 5 loss 0.2482 step_s 0.0054 peak_mem_gb 1.205
2026-10-01 22:40:26,999 | DEBUG | step 7716 epoch 5 loss 0.2171 step_s 0.0054 peak_mem_gb 1.205
2026-10-01 22:40:27,005 | DEBUG | step 7717 epoch 5 loss 0.1931 step_s 0.0053 peak_mem_gb 1.205
2026-10-01 22:40:27,011 | DEBUG | step 7718 epoch 5 loss 0.1111 step_s 0.0055 peak_mem_gb 1.205
2026-10-01 22:40:27,017 | DEBUG | step 7719 epoch 5 loss 0.1992 step_s 0.0054 peak_mem_gb 1.205
2026-10-01 22:40:27,023 | DEBUG | step 7720 epoch 5 loss 0.2067 step_s 0.0053 peak_mem_gb 1.205
2026-10-01 22:40:27,029 | DEBUG | step 7721 epoch 5 loss 0.2792 step_s 0.0054 peak_mem_gb 1.205
2026-10-01 22:40:27,035 | DEBUG | step 7722 epoch 5 loss 0.0904 step_s 0.0053 peak_mem_gb 1.205
2026-10-01 22:40:27,041 | DEBUG | step 7723 epoch 5 loss 0.1958 step_s 0.0054 peak_mem_gb 1.205
2026-10-01 22:40:27,047 | DEBUG | step 7724 epoch 5 loss 0.1693 step_s 0.0054 peak_mem_gb 1.205
2026-10-01 22:40:27,053 | DEBUG | step 7725 epoch 5 loss 0.3637 step_s 0.0053 peak_mem_gb 1.205
2026-10-01 22:40:27,059 | DEBUG | step 7726 epoch 5 loss 0.4262 step_s 0.0053 peak_mem_gb 1.205
2026-10-01 22:40:27,065 | DEBUG | step 7727 epoch 5 loss 0.2245 step_s 0.0053 peak_mem_gb 1.205
2026-10-01 22:40:27,071 | DEBUG | step 7728 epoch 5 loss 0.1563 step_s 0.0054 peak_mem_gb 1.205
2026-10-01 22:40:27,078 | DEBUG | step 7729 epoch 5 loss 0.2031 step_s 0.0054 peak_mem_gb 1.205
2026-10-01 22:40:27,084 | DEBUG | step 7730 epoch 5 loss 0.1973 step_s 0.0054 peak_mem_gb 1.205
2026-10-01 22:40:27,090 | DEBUG | step 7731 epoch 5 loss 0.5515 step_s 0.0054 peak_mem_gb 1.205
2026-10-01 22:40:27,096 | DEBUG | step 7732 epoch 5 loss 0.3088 step_s 0.0054 peak_mem_gb 1.205
2026-10-01 22:40:27,102 | DEBUG | step 7733 epoch 5 loss 0.1765 step_s 0.0054 peak_mem_gb 1.205
2026-10-01 22:40:27,108 | DEBUG | step 7734 epoch 5 loss 0.2059 step_s 0.0053 peak_mem_gb 1.205
2026-10-01 22:40:27,114 | DEBUG | step 7735 epoch 5 loss 0.3193 step_s 0.0054 peak_mem_gb 1.205
2026-10-01 22:40:27,120 | DEBUG | step 7736 epoch 5 loss 0.2671 step_s 0.0054 peak_mem_gb 1.205
2026-10-01 22:40:27,127 | DEBUG | step 7737 epoch 5 loss 0.2214 step_s 0.0054 peak_mem_gb 1.205
2026-10-01 22:40:27,133 | DEBUG | step 7738 epoch 5 loss 0.2178 step_s 0.0054 peak_mem_gb 1.205
2026-10-01 22:40:27,139 | DEBUG | step 7739 epoch 5 loss 0.2011 step_s 0.0054 peak_mem_gb 1.205
2026-10-01 22:40:27,145 | DEBUG | step 7740 epoch 5 loss 0.3166 step_s 0.0054 peak_mem_gb 1.205
2026-10-01 22:40:27,151 | DEBUG | step 7741 epoch 5 loss 0.2107 step_s 0.0054 peak_mem_gb 1.205
2026-10-01 22:40:27,157 | DEBUG | step 7742 epoch 5 loss 0.1925 step_s 0.0054 peak_mem_gb 1.205
2026-10-01 22:40:27,163 | DEBUG | step 7743 epoch 5 loss 0.1852 step_s 0.0056 peak_mem_gb 1.205
2026-10-01 22:40:27,169 | DEBUG | step 7744 epoch 5 loss 0.1577 step_s 0.0054 peak_mem_gb 1.205
2026-10-01 22:40:27,176 | DEBUG | step 7745 epoch 5 loss 0.2140 step_s 0.0054 peak_mem_gb 1.205
2026-10-01 22:40:27,182 | DEBUG | step 7746 epoch 5 loss 0.2332 step_s 0.0054 peak_mem_gb 1.205
2026-10-01 22:40:27,188 | DEBUG | step 7747 epoch 5 loss 0.3146 step_s 0.0053 peak_mem_gb 1.205
2026-10-01 22:40:27,194 | DEBUG | step 7748 epoch 5 loss 0.2851 step_s 0.0054 peak_mem_gb 1.205
2026-10-01 22:40:27,200 | DEBUG | step 7749 epoch 5 loss 0.1191 step_s 0.0054 peak_mem_gb 1.205
2026-10-01 22:40:27,206 | DEBUG | step 7750 epoch 5 loss 0.2240 step_s 0.0054 peak_mem_gb 1.205
2026-10-01 22:40:27,212 | DEBUG | step 7751 epoch 5 loss 0.3585 step_s 0.0053 peak_mem_gb 1.205
2026-10-01 22:40:27,218 | DEBUG | step 7752 epoch 5 loss 0.3351 step_s 0.0055 peak_mem_gb 1.205
2026-10-01 22:40:27,224 | DEBUG | step 7753 epoch 5 loss 0.2413 step_s 0.0053 peak_mem_gb 1.205
2026-10-01 22:40:27,230 | DEBUG | step 7754 epoch 5 loss 0.1375 step_s 0.0054 peak_mem_gb 1.205
2026-10-01 22:40:27,236 | DEBUG | step 7755 epoch 5 loss 0.3104 step_s 0.0054 peak_mem_gb 1.205
2026-10-01 22:40:27,242 | DEBUG | step 7756 epoch 5 loss 0.2453 step_s 0.0053 peak_mem_gb 1.205
2026-10-01 22:40:27,248 | DEBUG | step 7757 epoch 5 loss 0.2455 step_s 0.0054 peak_mem_gb 1.205
2026-10-01 22:40:27,254 | DEBUG | step 7758 epoch 5 loss 0.1578 step_s 0.0054 peak_mem_gb 1.205
2026-10-01 22:40:27,260 | DEBUG | step 7759 epoch 5 loss 0.2431 step_s 0.0054 peak_mem_gb 1.205
2026-10-01 22:40:27,267 | DEBUG | step 7760 epoch 5 loss 0.1765 step_s 0.0054 peak_mem_gb 1.205
2026-10-01 22:40:27,273 | DEBUG | step 7761 epoch 5 loss 0.2550 step_s 0.0054 peak_mem_gb 1.205
2026-10-01 22:40:27,279 | DEBUG | step 7762 epoch 5 loss 0.1562 step_s 0.0054 peak_mem_gb 1.205
2026-10-01 22:40:27,285 | DEBUG | step 7763 epoch 5 loss 0.2638 step_s 0.0054 peak_mem_gb 1.205
2026-10-01 22:40:27,291 | DEBUG | step 7764 epoch 5 loss 0.1985 step_s 0.0053 peak_mem_gb 1.205
2026-10-01 22:40:27,297 | DEBUG | step 7765 epoch 5 loss 0.2175 step_s 0.0054 peak_mem_gb 1.205
2026-10-01 22:40:27,303 | DEBUG | step 7766 epoch 5 loss 0.1381 step_s 0.0053 peak_mem_gb 1.205
2026-10-01 22:40:27,309 | DEBUG | step 7767 epoch 5 loss 0.2161 step_s 0.0053 peak_mem_gb 1.205
2026-10-01 22:40:27,315 | DEBUG | step 7768 epoch 5 loss 0.1821 step_s 0.0054 peak_mem_gb 1.205
2026-10-01 22:40:27,322 | DEBUG | step 7769 epoch 5 loss 0.1552 step_s 0.0053 peak_mem_gb 1.205
2026-10-01 22:40:27,328 | DEBUG | step 7770 epoch 5 loss 0.2365 step_s 0.0053 peak_mem_gb 1.205
2026-10-01 22:40:27,334 | DEBUG | step 7771 epoch 5 loss 0.1946 step_s 0.0054 peak_mem_gb 1.205
2026-10-01 22:40:27,340 | DEBUG | step 7772 epoch 5 loss 0.2195 step_s 0.0054 peak_mem_gb 1.205
2026-10-01 22:40:27,346 | DEBUG | step 7773 epoch 5 loss 0.1380 step_s 0.0054 peak_mem_gb 1.205
2026-10-01 22:40:27,352 | DEBUG | step 7774 epoch 5 loss 0.1237 step_s 0.0054 peak_mem_gb 1.205
2026-10-01 22:40:27,358 | DEBUG | step 7775 epoch 5 loss 0.2955 step_s 0.0054 peak_mem_gb 1.205
2026-10-01 22:40:27,364 | DEBUG | step 7776 epoch 5 loss 0.1111 step_s 0.0054 peak_mem_gb 1.205
2026-10-01 22:40:27,370 | DEBUG | step 7777 epoch 5 loss 0.2439 step_s 0.0054 peak_mem_gb 1.205
2026-10-01 22:40:27,376 | DEBUG | step 7778 epoch 5 loss 0.1649 step_s 0.0053 peak_mem_gb 1.205
2026-10-01 22:40:27,382 | DEBUG | step 7779 epoch 5 loss 0.1945 step_s 0.0054 peak_mem_gb 1.205
2026-10-01 22:40:27,388 | DEBUG | step 7780 epoch 5 loss 0.1296 step_s 0.0053 peak_mem_gb 1.205
2026-10-01 22:40:27,394 | DEBUG | step 7781 epoch 5 loss 0.1705 step_s 0.0054 peak_mem_gb 1.205
2026-10-01 22:40:27,400 | DEBUG | step 7782 epoch 5 loss 0.2029 step_s 0.0054 peak_mem_gb 1.205
2026-10-01 22:40:27,406 | DEBUG | step 7783 epoch 5 loss 0.1811 step_s 0.0054 peak_mem_gb 1.205
2026-10-01 22:40:27,412 | DEBUG | step 7784 epoch 5 loss 0.1434 step_s 0.0053 peak_mem_gb 1.205
2026-10-01 22:40:27,418 | DEBUG | step 7785 epoch 5 loss 0.1214 step_s 0.0054 peak_mem_gb 1.205
2026-10-01 22:40:27,424 | DEBUG | step 7786 epoch 5 loss 0.2230 step_s 0.0054 peak_mem_gb 1.205
2026-10-01 22:40:27,430 | DEBUG | step 7787 epoch 5 loss 0.2641 step_s 0.0054 peak_mem_gb 1.205
2026-10-01 22:40:27,436 | DEBUG | step 7788 epoch 5 loss 0.2944 step_s 0.0054 peak_mem_gb 1.205
2026-10-01 22:40:27,442 | DEBUG | step 7789 epoch 5 loss 0.1101 step_s 0.0054 peak_mem_gb 1.205
2026-10-01 22:40:27,448 | DEBUG | step 7790 epoch 5 loss 0.2413 step_s 0.0054 peak_mem_gb 1.205
2026-10-01 22:40:27,454 | DEBUG | step 7791 epoch 5 loss 0.0931 step_s 0.0053 peak_mem_gb 1.205
2026-10-01 22:40:27,460 | DEBUG | step 7792 epoch 5 loss 0.2176 step_s 0.0053 peak_mem_gb 1.205
2026-10-01 22:40:27,467 | DEBUG | step 7793 epoch 5 loss 0.1324 step_s 0.0053 peak_mem_gb 1.205
2026-10-01 22:40:27,472 | DEBUG | step 7794 epoch 5 loss 0.1741 step_s 0.0053 peak_mem_gb 1.205
2026-10-01 22:40:27,479 | DEBUG | step 7795 epoch 5 loss 0.2535 step_s 0.0054 peak_mem_gb 1.205
2026-10-01 22:40:27,485 | DEBUG | step 7796 epoch 5 loss 0.2175 step_s 0.0054 peak_mem_gb 1.205
2026-10-01 22:40:27,491 | DEBUG | step 7797 epoch 5 loss 0.1218 step_s 0.0053 peak_mem_gb 1.205
2026-10-01 22:40:27,497 | DEBUG | step 7798 epoch 5 loss 0.1149 step_s 0.0054 peak_mem_gb 1.205
2026-10-01 22:40:27,503 | DEBUG | step 7799 epoch 5 loss 0.3170 step_s 0.0053 peak_mem_gb 1.205
2026-10-01 22:40:27,509 | INFO | step 7800 epoch 5 loss 0.2117 step_s 0.0054 peak_mem_gb 1.205
2026-10-01 22:40:27,516 | DEBUG | step 7801 epoch 5 loss 0.2703 step_s 0.0054 peak_mem_gb 1.205
2026-10-01 22:40:27,522 | DEBUG | step 7802 epoch 5 loss 0.1875 step_s 0.0054 peak_mem_gb 1.205
2026-10-01 22:40:27,528 | DEBUG | step 7803 epoch 5 loss 0.2303 step_s 0.0054 peak_mem_gb 1.205
2026-10-01 22:40:27,534 | DEBUG | step 7804 epoch 5 loss 0.1880 step_s 0.0054 peak_mem_gb 1.205
2026-10-01 22:40:27,540 | DEBUG | step 7805 epoch 5 loss 0.3803 step_s 0.0053 peak_mem_gb 1.205
2026-10-01 22:40:27,546 | DEBUG | step 7806 epoch 5 loss 0.2220 step_s 0.0053 peak_mem_gb 1.205
2026-10-01 22:40:27,552 | DEBUG | step 7807 epoch 5 loss 0.1738 step_s 0.0053 peak_mem_gb 1.205
2026-10-01 22:40:27,558 | DEBUG | step 7808 epoch 5 loss 0.1682 step_s 0.0054 peak_mem_gb 1.205
2026-10-01 22:40:27,565 | DEBUG | step 7809 epoch 5 loss 0.1017 step_s 0.0054 peak_mem_gb 1.205
2026-10-01 22:40:27,571 | DEBUG | step 7810 epoch 5 loss 0.2715 step_s 0.0053 peak_mem_gb 1.205
2026-10-01 22:40:27,577 | DEBUG | step 7811 epoch 5 loss 0.3086 step_s 0.0053 peak_mem_gb 1.205
2026-10-01 22:40:27,583 | DEBUG | step 7812 epoch 5 loss 0.1692 step_s 0.0054 peak_mem_gb 1.205
2026-10-01 22:40:27,589 | DEBUG | step 7813 epoch 5 loss 0.1811 step_s 0.0054 peak_mem_gb 1.205
2026-10-01 22:40:27,595 | DEBUG | step 7814 epoch 5 loss 0.3180 step_s 0.0054 peak_mem_gb 1.205
2026-10-01 22:40:27,602 | DEBUG | step 7815 epoch 5 loss 0.1919 step_s 0.0044 peak_mem_gb 1.205
2026-10-01 22:40:28,029 | INFO | epoch 5/5 train_loss 0.2157 val_f1_macro 0.8885 val_accuracy 0.8889
2026-10-01 22:40:28,134 | INFO | summary {"model": "charcnn", "pipeline": "main", "param_count": 5996641, "vocab_size": 30002, "best_epoch": 4, "epochs_run": 5, "val_f1_macro": 0.9015083864437399, "val_accuracy": 0.9015450772538627, "train_seconds": 50.093467716000305, "examples_per_sec": 9980.942082799787, "compute_examples_per_sec": 11887.117265714296, "peak_mem_gb": 1.205039104, "device_name": "NVIDIA GeForce RTX 4090", "cpu_name": "x86_64", "n_train": 99996, "n_val": 19999, "train_log": "reproducibility/raw_logs/sneha/task2_charcnn_train_main_20261001T223937Z.log", "checkpoint": "task2_sentiment/sneha/checkpoints/charcnn_best.pt", "config_sha256": "012ed6da3e8ac84897ae07194271ef4d37fb3627a6cbbf4add77da2f0d2300cd"}
