2026-10-01 22:34:21,941 | INFO | config_sha256 012ed6da3e8ac84897ae07194271ef4d37fb3627a6cbbf4add77da2f0d2300cd
2026-10-01 22:34:21,981 | INFO | git_sha unknown | notebook task2_sentiment/sneha/src/task2_sentiment_sneha.ipynb
2026-10-01 22:34:21,982 | INFO | device cuda | NVIDIA GeForce RTX 4090 | cpu x86_64
2026-10-01 22:34:21,983 | INFO | torch 2.1.2 | cuda 12.1 | python 3.10.13 | platform Linux-6.18.33.2-microsoft-standard-WSL2-x86_64-with-glibc2.31
2026-10-01 22:34:21,985 | DEBUG | config {"ablation": true, "baseline": "meanpool", "batch_size": 64, "bootstrap_n": 1000, "bootstrap_seed": 42, "char_len": 1014, "charcnn_dropout": 0.5, "charcnn_emb_dim": 16, "charcnn_fc": 512, "charcnn_filters": 256, "charcnn_input": "embedding", "data_url": "https://s3.amazonaws.com/fast-ai-nlp/yelp_review_polarity_csv.tgz", "device": "cuda", "dropout": 0.3, "early_stop_patience": 2, "ece_bins": 15, "emb_dim": 128, "gru_hidden": 128, "keep_words": ["no", "not", "nor", "never", "cannot", "none", "nobody", "nothing", "neither", "nowhere", "but", "however", "although", "though", "very", "too", "few", "less", "least", "more", "most", "against"], "log_every": 200, "logs_dir": "reproducibility/raw_logs/sneha", "long_min_tokens": 200, "lr": 0.001, "manifests_dir": "reproducibility/manifests", "max_epochs": 5, "max_len": 256, "max_vocab": 30000, "member": "sneha", "mlp_hidden": 256, "models": ["meanpool", "bigru", "charcnn"], "n_train": 100000, "n_val": 20000, "near_band": [0.45, 0.55], "out_dir": "task2_sentiment/sneha", "raw_dir": "task2_sentiment/data/raw", "remove_stopwords": true, "run_name": "main", "seed": 42, "short_max_tokens": 50, "split_seed": 42, "splits_dir": "task2_sentiment/data/splits", "stem": true}
2026-10-01 22:34:22,037 | DEBUG | packages ["Babel==2.14.0", "Brotli==1.0.9", "Jinja2==3.1.2", "MarkupSafe==2.1.1", "PySocks==1.7.1", "PyYAML==6.0.2", "Pygments==2.15.1", "Send2Trash==1.8.2", "anyio==4.1.0", "archspec==0.2.1", "argon2-cffi-bindings==21.2.0", "argon2-cffi==23.1.0", "arrow==1.3.0", "asttokens==2.0.5", "astunparse==1.6.3", "async-lru==2.0.4", "attrs==23.1.0", "backcall==0.2.0", "beautifulsoup4==4.12.2", "bleach==6.1.0", "boltons==23.0.0", "certifi==2023.11.17", "cffi==1.16.0", "chardet==4.0.0", "charset-normalizer==2.0.4", "click==8.1.7", "cloudpickle==3.1.2", "comm==0.2.0", "conda-build==3.28.1", "conda-content-trust==0.2.0", "conda-libmamba-solver==23.7.0", "conda-package-handling==2.2.0", "conda==23.9.0", "conda_index==0.3.0", "conda_package_streaming==0.9.0", "contourpy==1.3.2", "cryptography==41.0.7", "cycler==0.12.1", "debugpy==1.8.0", "decorator==5.1.1", "defusedxml==0.7.1", "distro==1.8.0", "dnspython==2.4.2", "exceptiongroup==1.0.4", "executing==0.8.3", "expecttest==0.1.6", "fastjsonschema==2.19.0", "filelock==3.13.1", "fonttools==4.65.0", "fqdn==1.5.1", "fsspec==2023.12.2", "gmpy2==2.1.2", "hypothesis==6.92.0", "idna==3.4", "ipykernel==6.27.1", "ipython==8.15.0", "isoduration==20.11.0", "jedi==0.18.1", "joblib==1.6.0", "json5==0.9.14", "jsonpatch==1.32", "jsonpointer==2.1", "jsonschema-specifications==2023.7.1", "jsonschema==4.19.2", "jupyter-events==0.9.0", "jupyter-lsp==2.2.1", "jupyter_client==8.6.0", "jupyter_core==5.5.0", "jupyter_server==2.12.1", "jupyter_server_terminals==0.5.0", "jupyterlab==4.0.9", "jupyterlab_pygments==0.3.0", "jupyterlab_server==2.25.2", "kiwisolver==1.5.1", "libarchive-c==2.9", "libmambapy==1.5.3", "lpips==0.1.4", "matplotlib-inline==0.1.6", "matplotlib==3.9.2", "menuinst==2.0.1", "mistune==3.0.2", "mkl-fft==1.3.8", "mkl-random==1.2.4", "mkl-service==2.4.0", "more-itertools==10.1.0", "mpmath==1.3.0", "nbclient==0.9.0", "nbconvert==7.12.0", "nbformat==5.9.2", "nest-asyncio==1.5.8", "networkx==3.1", "networkx==3.2.1", "nltk==3.9.1", "notebook==7.0.6", "notebook_shim==0.2.3", "numpy==1.26.2", "overrides==7.4.0", "packaging==23.1", "pandas==2.2.2", "pandocfilters==1.5.0", "parso==0.8.3", "patsy==1.0.3", "pexpect==4.8.0", "pickleshare==0.7.5", "pillow==10.4.0", "pip==23.3.1", "pkginfo==1.9.6", "platformdirs==3.10.0", "pluggy==1.0.0", "prometheus-client==0.19.0", "prompt-toolkit==3.0.36", "psutil==5.9.0", "ptyprocess==0.7.0", "pure-eval==0.2.2", "pyOpenSSL==23.2.0", "pycosat==0.6.6", "pycparser==2.21", "pyparsing==3.3.3", "python-dateutil==2.8.2", "python-etcd==0.4.5", "python-json-logger==2.0.7", "pytz==2023.3.post1", "pyzmq==25.1.2", "referencing==0.30.2", "regex==2026.9.29", "requests==2.31.0", "rfc3339-validator==0.1.4", "rfc3986-validator==0.1.1", "rpds-py==0.10.6", "ruamel.yaml.clib==0.2.6", "ruamel.yaml==0.17.21", "scikit-learn==1.5.2", "scipy==1.13.1", "setuptools==68.2.2", "six==1.16.0", "sniffio==1.3.0", "sortedcontainers==2.4.0", "soupsieve==2.5", "stack-data==0.2.0", "statsmodels==0.14.2", "sympy==1.12", "terminado==0.18.0", "threadpoolctl==3.7.0", "tinycss2==1.2.1", "tomli==2.0.1", "toolz==0.12.0", "torch==2.1.2", "torchaudio==2.1.2", "torchelastic==0.2.2", "torchvision==0.16.2", "tornado==6.4", "tqdm==4.66.5", "traitlets==5.7.1", "triton==2.1.0", "truststore==0.8.0", "types-dataclasses==0.6.6", "types-python-dateutil==2.8.19.14", "typing_extensions==4.7.1", "typing_extensions==4.9.0", "tzdata==2026.4", "uri-template==1.3.0", "urllib3==1.26.18", "wcwidth==0.2.5", "webcolors==1.13", "webencodings==0.5.1", "websocket-client==1.7.0", "wheel==0.41.2", "zstandard==0.19.0"]
2026-10-01 22:34:22,038 | INFO | log_path reproducibility/raw_logs/sneha/task2_bigru_train_main_20261001T223421Z.log
2026-10-01 22:34:22,066 | INFO | model bigru | pipeline main | params 4038657 | vocab 30002 | train 99996 | val 19999 | steps/epoch 1563
2026-10-01 22:34:22,067 | DEBUG | architecture BiGRUMax(
  (emb): Embedding(30002, 128, padding_idx=0)
  (gru): GRU(128, 128, batch_first=True, bidirectional=True)
  (drop): Dropout(p=0.3, inplace=False)
  (out): Linear(in_features=256, out_features=1, bias=True)
)
2026-10-01 22:34:22,107 | INFO | step 1 epoch 1 loss 0.7103 step_s 0.0367 peak_mem_gb 0.111
2026-10-01 22:34:22,143 | DEBUG | step 2 epoch 1 loss 0.6942 step_s 0.0344 peak_mem_gb 0.160
2026-10-01 22:34:22,186 | DEBUG | step 3 epoch 1 loss 0.7454 step_s 0.0411 peak_mem_gb 0.160
2026-10-01 22:34:22,234 | DEBUG | step 4 epoch 1 loss 0.6826 step_s 0.0471 peak_mem_gb 0.160
2026-10-01 22:34:22,267 | DEBUG | step 5 epoch 1 loss 0.6690 step_s 0.0318 peak_mem_gb 0.160
2026-10-01 22:34:22,294 | DEBUG | step 6 epoch 1 loss 0.6763 step_s 0.0267 peak_mem_gb 0.160
2026-10-01 22:34:22,321 | DEBUG | step 7 epoch 1 loss 0.6700 step_s 0.0254 peak_mem_gb 0.160
2026-10-01 22:34:22,349 | DEBUG | step 8 epoch 1 loss 0.6751 step_s 0.0273 peak_mem_gb 0.160
2026-10-01 22:34:22,375 | DEBUG | step 9 epoch 1 loss 0.6951 step_s 0.0244 peak_mem_gb 0.160
2026-10-01 22:34:22,400 | DEBUG | step 10 epoch 1 loss 0.6907 step_s 0.0245 peak_mem_gb 0.161
2026-10-01 22:34:22,421 | DEBUG | step 11 epoch 1 loss 0.7073 step_s 0.0201 peak_mem_gb 0.161
2026-10-01 22:34:22,445 | DEBUG | step 12 epoch 1 loss 0.6791 step_s 0.0234 peak_mem_gb 0.161
2026-10-01 22:34:22,467 | DEBUG | step 13 epoch 1 loss 0.6897 step_s 0.0204 peak_mem_gb 0.161
2026-10-01 22:34:22,489 | DEBUG | step 14 epoch 1 loss 0.6518 step_s 0.0217 peak_mem_gb 0.161
2026-10-01 22:34:22,517 | DEBUG | step 15 epoch 1 loss 0.6642 step_s 0.0256 peak_mem_gb 0.161
2026-10-01 22:34:22,542 | DEBUG | step 16 epoch 1 loss 0.6797 step_s 0.0245 peak_mem_gb 0.161
2026-10-01 22:34:22,567 | DEBUG | step 17 epoch 1 loss 0.6556 step_s 0.0244 peak_mem_gb 0.161
2026-10-01 22:34:22,593 | DEBUG | step 18 epoch 1 loss 0.6639 step_s 0.0246 peak_mem_gb 0.161
2026-10-01 22:34:22,617 | DEBUG | step 19 epoch 1 loss 0.6490 step_s 0.0237 peak_mem_gb 0.161
2026-10-01 22:34:22,638 | DEBUG | step 20 epoch 1 loss 0.6478 step_s 0.0194 peak_mem_gb 0.161
2026-10-01 22:34:22,662 | DEBUG | step 21 epoch 1 loss 0.6868 step_s 0.0231 peak_mem_gb 0.163
2026-10-01 22:34:22,689 | DEBUG | step 22 epoch 1 loss 0.6508 step_s 0.0263 peak_mem_gb 0.163
2026-10-01 22:34:22,713 | DEBUG | step 23 epoch 1 loss 0.6586 step_s 0.0234 peak_mem_gb 0.163
2026-10-01 22:34:22,739 | DEBUG | step 24 epoch 1 loss 0.6230 step_s 0.0246 peak_mem_gb 0.163
2026-10-01 22:34:22,764 | DEBUG | step 25 epoch 1 loss 0.6256 step_s 0.0241 peak_mem_gb 0.163
2026-10-01 22:34:22,787 | DEBUG | step 26 epoch 1 loss 0.6667 step_s 0.0222 peak_mem_gb 0.163
2026-10-01 22:34:22,806 | DEBUG | step 27 epoch 1 loss 0.6033 step_s 0.0177 peak_mem_gb 0.163
2026-10-01 22:34:22,827 | DEBUG | step 28 epoch 1 loss 0.6318 step_s 0.0200 peak_mem_gb 0.163
2026-10-01 22:34:22,852 | DEBUG | step 29 epoch 1 loss 0.6129 step_s 0.0244 peak_mem_gb 0.163
2026-10-01 22:34:22,875 | DEBUG | step 30 epoch 1 loss 0.6405 step_s 0.0216 peak_mem_gb 0.163
2026-10-01 22:34:22,900 | DEBUG | step 31 epoch 1 loss 0.6517 step_s 0.0243 peak_mem_gb 0.163
2026-10-01 22:34:22,924 | DEBUG | step 32 epoch 1 loss 0.6387 step_s 0.0222 peak_mem_gb 0.163
2026-10-01 22:34:22,948 | DEBUG | step 33 epoch 1 loss 0.5990 step_s 0.0235 peak_mem_gb 0.163
2026-10-01 22:34:22,973 | DEBUG | step 34 epoch 1 loss 0.6317 step_s 0.0240 peak_mem_gb 0.163
2026-10-01 22:34:22,998 | DEBUG | step 35 epoch 1 loss 0.6043 step_s 0.0242 peak_mem_gb 0.163
2026-10-01 22:34:23,023 | DEBUG | step 36 epoch 1 loss 0.6265 step_s 0.0239 peak_mem_gb 0.163
2026-10-01 22:34:23,049 | DEBUG | step 37 epoch 1 loss 0.5881 step_s 0.0245 peak_mem_gb 0.163
2026-10-01 22:34:23,073 | DEBUG | step 38 epoch 1 loss 0.6165 step_s 0.0237 peak_mem_gb 0.163
2026-10-01 22:34:23,098 | DEBUG | step 39 epoch 1 loss 0.5444 step_s 0.0241 peak_mem_gb 0.163
2026-10-01 22:34:23,121 | DEBUG | step 40 epoch 1 loss 0.6201 step_s 0.0219 peak_mem_gb 0.163
2026-10-01 22:34:23,145 | DEBUG | step 41 epoch 1 loss 0.5930 step_s 0.0235 peak_mem_gb 0.163
2026-10-01 22:34:23,171 | DEBUG | step 42 epoch 1 loss 0.6416 step_s 0.0250 peak_mem_gb 0.163
2026-10-01 22:34:23,197 | DEBUG | step 43 epoch 1 loss 0.5794 step_s 0.0243 peak_mem_gb 0.163
2026-10-01 22:34:23,219 | DEBUG | step 44 epoch 1 loss 0.5697 step_s 0.0219 peak_mem_gb 0.163
2026-10-01 22:34:23,243 | DEBUG | step 45 epoch 1 loss 0.6270 step_s 0.0226 peak_mem_gb 0.163
2026-10-01 22:34:23,267 | DEBUG | step 46 epoch 1 loss 0.5703 step_s 0.0236 peak_mem_gb 0.163
2026-10-01 22:34:23,292 | DEBUG | step 47 epoch 1 loss 0.5899 step_s 0.0236 peak_mem_gb 0.163
2026-10-01 22:34:23,316 | DEBUG | step 48 epoch 1 loss 0.5581 step_s 0.0235 peak_mem_gb 0.163
2026-10-01 22:34:23,339 | DEBUG | step 49 epoch 1 loss 0.5259 step_s 0.0224 peak_mem_gb 0.163
2026-10-01 22:34:23,363 | DEBUG | step 50 epoch 1 loss 0.5735 step_s 0.0233 peak_mem_gb 0.163
2026-10-01 22:34:23,389 | DEBUG | step 51 epoch 1 loss 0.5782 step_s 0.0248 peak_mem_gb 0.163
2026-10-01 22:34:23,413 | DEBUG | step 52 epoch 1 loss 0.5249 step_s 0.0228 peak_mem_gb 0.163
2026-10-01 22:34:23,436 | DEBUG | step 53 epoch 1 loss 0.5283 step_s 0.0231 peak_mem_gb 0.163
2026-10-01 22:34:23,461 | DEBUG | step 54 epoch 1 loss 0.4943 step_s 0.0235 peak_mem_gb 0.163
2026-10-01 22:34:23,481 | DEBUG | step 55 epoch 1 loss 0.5589 step_s 0.0196 peak_mem_gb 0.163
2026-10-01 22:34:23,506 | DEBUG | step 56 epoch 1 loss 0.4892 step_s 0.0239 peak_mem_gb 0.163
2026-10-01 22:34:23,530 | DEBUG | step 57 epoch 1 loss 0.4766 step_s 0.0234 peak_mem_gb 0.163
2026-10-01 22:34:23,553 | DEBUG | step 58 epoch 1 loss 0.5779 step_s 0.0225 peak_mem_gb 0.163
2026-10-01 22:34:23,577 | DEBUG | step 59 epoch 1 loss 0.5780 step_s 0.0231 peak_mem_gb 0.163
2026-10-01 22:34:23,602 | DEBUG | step 60 epoch 1 loss 0.4370 step_s 0.0232 peak_mem_gb 0.163
2026-10-01 22:34:23,626 | DEBUG | step 61 epoch 1 loss 0.4442 step_s 0.0234 peak_mem_gb 0.163
2026-10-01 22:34:23,650 | DEBUG | step 62 epoch 1 loss 0.4990 step_s 0.0234 peak_mem_gb 0.163
2026-10-01 22:34:23,675 | DEBUG | step 63 epoch 1 loss 0.5175 step_s 0.0243 peak_mem_gb 0.164
2026-10-01 22:34:23,700 | DEBUG | step 64 epoch 1 loss 0.5421 step_s 0.0239 peak_mem_gb 0.164
2026-10-01 22:34:23,724 | DEBUG | step 65 epoch 1 loss 0.4815 step_s 0.0234 peak_mem_gb 0.164
2026-10-01 22:34:23,749 | DEBUG | step 66 epoch 1 loss 0.4490 step_s 0.0235 peak_mem_gb 0.164
2026-10-01 22:34:23,773 | DEBUG | step 67 epoch 1 loss 0.4498 step_s 0.0232 peak_mem_gb 0.164
2026-10-01 22:34:23,797 | DEBUG | step 68 epoch 1 loss 0.5019 step_s 0.0232 peak_mem_gb 0.164
2026-10-01 22:34:23,821 | DEBUG | step 69 epoch 1 loss 0.5274 step_s 0.0235 peak_mem_gb 0.164
2026-10-01 22:34:23,847 | DEBUG | step 70 epoch 1 loss 0.5184 step_s 0.0244 peak_mem_gb 0.164
2026-10-01 22:34:23,869 | DEBUG | step 71 epoch 1 loss 0.4383 step_s 0.0217 peak_mem_gb 0.164
2026-10-01 22:34:23,895 | DEBUG | step 72 epoch 1 loss 0.4364 step_s 0.0249 peak_mem_gb 0.164
2026-10-01 22:34:23,920 | DEBUG | step 73 epoch 1 loss 0.4779 step_s 0.0241 peak_mem_gb 0.164
2026-10-01 22:34:23,944 | DEBUG | step 74 epoch 1 loss 0.3985 step_s 0.0233 peak_mem_gb 0.164
2026-10-01 22:34:23,968 | DEBUG | step 75 epoch 1 loss 0.5118 step_s 0.0229 peak_mem_gb 0.164
2026-10-01 22:34:23,992 | DEBUG | step 76 epoch 1 loss 0.4910 step_s 0.0233 peak_mem_gb 0.165
2026-10-01 22:34:24,017 | DEBUG | step 77 epoch 1 loss 0.4661 step_s 0.0240 peak_mem_gb 0.165
2026-10-01 22:34:24,041 | DEBUG | step 78 epoch 1 loss 0.5209 step_s 0.0236 peak_mem_gb 0.165
2026-10-01 22:34:24,065 | DEBUG | step 79 epoch 1 loss 0.5172 step_s 0.0227 peak_mem_gb 0.165
2026-10-01 22:34:24,089 | DEBUG | step 80 epoch 1 loss 0.3947 step_s 0.0229 peak_mem_gb 0.165
2026-10-01 22:34:24,113 | DEBUG | step 81 epoch 1 loss 0.4880 step_s 0.0238 peak_mem_gb 0.165
2026-10-01 22:34:24,133 | DEBUG | step 82 epoch 1 loss 0.4750 step_s 0.0188 peak_mem_gb 0.165
2026-10-01 22:34:24,157 | DEBUG | step 83 epoch 1 loss 0.5153 step_s 0.0227 peak_mem_gb 0.165
2026-10-01 22:34:24,182 | DEBUG | step 84 epoch 1 loss 0.5454 step_s 0.0241 peak_mem_gb 0.165
2026-10-01 22:34:24,206 | DEBUG | step 85 epoch 1 loss 0.4872 step_s 0.0238 peak_mem_gb 0.165
2026-10-01 22:34:24,232 | DEBUG | step 86 epoch 1 loss 0.4546 step_s 0.0246 peak_mem_gb 0.165
2026-10-01 22:34:24,256 | DEBUG | step 87 epoch 1 loss 0.4267 step_s 0.0232 peak_mem_gb 0.165
2026-10-01 22:34:24,280 | DEBUG | step 88 epoch 1 loss 0.4147 step_s 0.0233 peak_mem_gb 0.165
2026-10-01 22:34:24,304 | DEBUG | step 89 epoch 1 loss 0.4370 step_s 0.0231 peak_mem_gb 0.165
2026-10-01 22:34:24,326 | DEBUG | step 90 epoch 1 loss 0.4316 step_s 0.0209 peak_mem_gb 0.165
2026-10-01 22:34:24,349 | DEBUG | step 91 epoch 1 loss 0.4376 step_s 0.0224 peak_mem_gb 0.165
2026-10-01 22:34:24,375 | DEBUG | step 92 epoch 1 loss 0.4510 step_s 0.0250 peak_mem_gb 0.165
2026-10-01 22:34:24,399 | DEBUG | step 93 epoch 1 loss 0.4719 step_s 0.0233 peak_mem_gb 0.165
2026-10-01 22:34:24,424 | DEBUG | step 94 epoch 1 loss 0.5282 step_s 0.0243 peak_mem_gb 0.165
2026-10-01 22:34:24,447 | DEBUG | step 95 epoch 1 loss 0.5718 step_s 0.0218 peak_mem_gb 0.165
2026-10-01 22:34:24,470 | DEBUG | step 96 epoch 1 loss 0.3608 step_s 0.0221 peak_mem_gb 0.165
2026-10-01 22:34:24,492 | DEBUG | step 97 epoch 1 loss 0.3585 step_s 0.0215 peak_mem_gb 0.165
2026-10-01 22:34:24,517 | DEBUG | step 98 epoch 1 loss 0.4230 step_s 0.0237 peak_mem_gb 0.165
2026-10-01 22:34:24,541 | DEBUG | step 99 epoch 1 loss 0.4370 step_s 0.0238 peak_mem_gb 0.165
2026-10-01 22:34:24,566 | DEBUG | step 100 epoch 1 loss 0.3421 step_s 0.0243 peak_mem_gb 0.165
2026-10-01 22:34:24,590 | DEBUG | step 101 epoch 1 loss 0.5626 step_s 0.0229 peak_mem_gb 0.165
2026-10-01 22:34:24,612 | DEBUG | step 102 epoch 1 loss 0.4496 step_s 0.0208 peak_mem_gb 0.165
2026-10-01 22:34:24,637 | DEBUG | step 103 epoch 1 loss 0.4736 step_s 0.0239 peak_mem_gb 0.165
2026-10-01 22:34:24,658 | DEBUG | step 104 epoch 1 loss 0.4374 step_s 0.0211 peak_mem_gb 0.165
2026-10-01 22:34:24,683 | DEBUG | step 105 epoch 1 loss 0.3652 step_s 0.0240 peak_mem_gb 0.165
2026-10-01 22:34:24,703 | DEBUG | step 106 epoch 1 loss 0.3636 step_s 0.0190 peak_mem_gb 0.165
2026-10-01 22:34:24,729 | DEBUG | step 107 epoch 1 loss 0.3821 step_s 0.0252 peak_mem_gb 0.165
2026-10-01 22:34:24,754 | DEBUG | step 108 epoch 1 loss 0.3879 step_s 0.0235 peak_mem_gb 0.165
2026-10-01 22:34:24,779 | DEBUG | step 109 epoch 1 loss 0.4403 step_s 0.0243 peak_mem_gb 0.165
2026-10-01 22:34:24,806 | DEBUG | step 110 epoch 1 loss 0.4012 step_s 0.0259 peak_mem_gb 0.165
2026-10-01 22:34:24,831 | DEBUG | step 111 epoch 1 loss 0.5123 step_s 0.0243 peak_mem_gb 0.165
2026-10-01 22:34:24,858 | DEBUG | step 112 epoch 1 loss 0.4309 step_s 0.0253 peak_mem_gb 0.165
2026-10-01 22:34:24,882 | DEBUG | step 113 epoch 1 loss 0.3582 step_s 0.0233 peak_mem_gb 0.165
2026-10-01 22:34:24,906 | DEBUG | step 114 epoch 1 loss 0.3919 step_s 0.0228 peak_mem_gb 0.165
2026-10-01 22:34:24,930 | DEBUG | step 115 epoch 1 loss 0.4167 step_s 0.0238 peak_mem_gb 0.165
2026-10-01 22:34:24,955 | DEBUG | step 116 epoch 1 loss 0.4040 step_s 0.0236 peak_mem_gb 0.165
2026-10-01 22:34:24,977 | DEBUG | step 117 epoch 1 loss 0.4718 step_s 0.0218 peak_mem_gb 0.165
2026-10-01 22:34:24,999 | DEBUG | step 118 epoch 1 loss 0.4289 step_s 0.0206 peak_mem_gb 0.165
2026-10-01 22:34:25,024 | DEBUG | step 119 epoch 1 loss 0.4826 step_s 0.0239 peak_mem_gb 0.165
2026-10-01 22:34:25,047 | DEBUG | step 120 epoch 1 loss 0.5552 step_s 0.0222 peak_mem_gb 0.165
2026-10-01 22:34:25,071 | DEBUG | step 121 epoch 1 loss 0.4424 step_s 0.0239 peak_mem_gb 0.165
2026-10-01 22:34:25,096 | DEBUG | step 122 epoch 1 loss 0.4075 step_s 0.0238 peak_mem_gb 0.165
2026-10-01 22:34:25,120 | DEBUG | step 123 epoch 1 loss 0.3823 step_s 0.0234 peak_mem_gb 0.165
2026-10-01 22:34:25,143 | DEBUG | step 124 epoch 1 loss 0.3663 step_s 0.0217 peak_mem_gb 0.165
2026-10-01 22:34:25,164 | DEBUG | step 125 epoch 1 loss 0.4254 step_s 0.0200 peak_mem_gb 0.165
2026-10-01 22:34:25,188 | DEBUG | step 126 epoch 1 loss 0.3818 step_s 0.0239 peak_mem_gb 0.165
2026-10-01 22:34:25,212 | DEBUG | step 127 epoch 1 loss 0.4399 step_s 0.0228 peak_mem_gb 0.165
2026-10-01 22:34:25,237 | DEBUG | step 128 epoch 1 loss 0.4867 step_s 0.0237 peak_mem_gb 0.165
2026-10-01 22:34:25,261 | DEBUG | step 129 epoch 1 loss 0.5071 step_s 0.0231 peak_mem_gb 0.165
2026-10-01 22:34:25,282 | DEBUG | step 130 epoch 1 loss 0.3195 step_s 0.0204 peak_mem_gb 0.165
2026-10-01 22:34:25,306 | DEBUG | step 131 epoch 1 loss 0.3733 step_s 0.0231 peak_mem_gb 0.165
2026-10-01 22:34:25,327 | DEBUG | step 132 epoch 1 loss 0.3659 step_s 0.0202 peak_mem_gb 0.165
2026-10-01 22:34:25,351 | DEBUG | step 133 epoch 1 loss 0.4448 step_s 0.0228 peak_mem_gb 0.165
2026-10-01 22:34:25,374 | DEBUG | step 134 epoch 1 loss 0.3537 step_s 0.0222 peak_mem_gb 0.165
2026-10-01 22:34:25,400 | DEBUG | step 135 epoch 1 loss 0.4840 step_s 0.0245 peak_mem_gb 0.165
2026-10-01 22:34:25,424 | DEBUG | step 136 epoch 1 loss 0.2997 step_s 0.0233 peak_mem_gb 0.165
2026-10-01 22:34:25,449 | DEBUG | step 137 epoch 1 loss 0.3196 step_s 0.0244 peak_mem_gb 0.165
2026-10-01 22:34:25,472 | DEBUG | step 138 epoch 1 loss 0.3935 step_s 0.0217 peak_mem_gb 0.165
2026-10-01 22:34:25,496 | DEBUG | step 139 epoch 1 loss 0.2991 step_s 0.0240 peak_mem_gb 0.165
2026-10-01 22:34:25,521 | DEBUG | step 140 epoch 1 loss 0.3691 step_s 0.0236 peak_mem_gb 0.165
2026-10-01 22:34:25,545 | DEBUG | step 141 epoch 1 loss 0.4086 step_s 0.0232 peak_mem_gb 0.165
2026-10-01 22:34:25,568 | DEBUG | step 142 epoch 1 loss 0.3724 step_s 0.0218 peak_mem_gb 0.165
2026-10-01 22:34:25,590 | DEBUG | step 143 epoch 1 loss 0.3004 step_s 0.0220 peak_mem_gb 0.165
2026-10-01 22:34:25,617 | DEBUG | step 144 epoch 1 loss 0.3831 step_s 0.0253 peak_mem_gb 0.165
2026-10-01 22:34:25,645 | DEBUG | step 145 epoch 1 loss 0.3750 step_s 0.0270 peak_mem_gb 0.165
2026-10-01 22:34:25,673 | DEBUG | step 146 epoch 1 loss 0.4045 step_s 0.0263 peak_mem_gb 0.165
2026-10-01 22:34:25,702 | DEBUG | step 147 epoch 1 loss 0.3442 step_s 0.0282 peak_mem_gb 0.165
2026-10-01 22:34:25,732 | DEBUG | step 148 epoch 1 loss 0.3700 step_s 0.0287 peak_mem_gb 0.165
2026-10-01 22:34:25,757 | DEBUG | step 149 epoch 1 loss 0.4705 step_s 0.0233 peak_mem_gb 0.165
2026-10-01 22:34:25,782 | DEBUG | step 150 epoch 1 loss 0.2962 step_s 0.0242 peak_mem_gb 0.165
2026-10-01 22:34:25,808 | DEBUG | step 151 epoch 1 loss 0.3890 step_s 0.0251 peak_mem_gb 0.165
2026-10-01 22:34:25,834 | DEBUG | step 152 epoch 1 loss 0.3766 step_s 0.0245 peak_mem_gb 0.165
2026-10-01 22:34:25,858 | DEBUG | step 153 epoch 1 loss 0.3801 step_s 0.0238 peak_mem_gb 0.165
2026-10-01 22:34:25,884 | DEBUG | step 154 epoch 1 loss 0.3337 step_s 0.0247 peak_mem_gb 0.165
2026-10-01 22:34:25,904 | DEBUG | step 155 epoch 1 loss 0.3398 step_s 0.0190 peak_mem_gb 0.165
2026-10-01 22:34:25,928 | DEBUG | step 156 epoch 1 loss 0.2940 step_s 0.0225 peak_mem_gb 0.165
2026-10-01 22:34:25,955 | DEBUG | step 157 epoch 1 loss 0.4383 step_s 0.0260 peak_mem_gb 0.165
2026-10-01 22:34:25,980 | DEBUG | step 158 epoch 1 loss 0.4404 step_s 0.0244 peak_mem_gb 0.167
2026-10-01 22:34:26,004 | DEBUG | step 159 epoch 1 loss 0.3816 step_s 0.0230 peak_mem_gb 0.167
2026-10-01 22:34:26,028 | DEBUG | step 160 epoch 1 loss 0.3681 step_s 0.0233 peak_mem_gb 0.167
2026-10-01 22:34:26,052 | DEBUG | step 161 epoch 1 loss 0.4284 step_s 0.0234 peak_mem_gb 0.167
2026-10-01 22:34:26,077 | DEBUG | step 162 epoch 1 loss 0.3783 step_s 0.0239 peak_mem_gb 0.167
2026-10-01 22:34:26,103 | DEBUG | step 163 epoch 1 loss 0.2576 step_s 0.0248 peak_mem_gb 0.167
2026-10-01 22:34:26,126 | DEBUG | step 164 epoch 1 loss 0.4241 step_s 0.0228 peak_mem_gb 0.167
2026-10-01 22:34:26,152 | DEBUG | step 165 epoch 1 loss 0.4169 step_s 0.0239 peak_mem_gb 0.167
2026-10-01 22:34:26,176 | DEBUG | step 166 epoch 1 loss 0.4665 step_s 0.0233 peak_mem_gb 0.167
2026-10-01 22:34:26,201 | DEBUG | step 167 epoch 1 loss 0.3865 step_s 0.0235 peak_mem_gb 0.167
2026-10-01 22:34:26,225 | DEBUG | step 168 epoch 1 loss 0.3148 step_s 0.0231 peak_mem_gb 0.167
2026-10-01 22:34:26,249 | DEBUG | step 169 epoch 1 loss 0.3628 step_s 0.0234 peak_mem_gb 0.167
2026-10-01 22:34:26,275 | DEBUG | step 170 epoch 1 loss 0.2536 step_s 0.0254 peak_mem_gb 0.167
2026-10-01 22:34:26,299 | DEBUG | step 171 epoch 1 loss 0.4879 step_s 0.0228 peak_mem_gb 0.167
2026-10-01 22:34:26,323 | DEBUG | step 172 epoch 1 loss 0.4217 step_s 0.0234 peak_mem_gb 0.167
2026-10-01 22:34:26,347 | DEBUG | step 173 epoch 1 loss 0.4671 step_s 0.0235 peak_mem_gb 0.167
2026-10-01 22:34:26,372 | DEBUG | step 174 epoch 1 loss 0.3399 step_s 0.0235 peak_mem_gb 0.167
2026-10-01 22:34:26,396 | DEBUG | step 175 epoch 1 loss 0.4489 step_s 0.0231 peak_mem_gb 0.167
2026-10-01 22:34:26,420 | DEBUG | step 176 epoch 1 loss 0.2735 step_s 0.0229 peak_mem_gb 0.167
2026-10-01 22:34:26,445 | DEBUG | step 177 epoch 1 loss 0.4540 step_s 0.0245 peak_mem_gb 0.167
2026-10-01 22:34:26,470 | DEBUG | step 178 epoch 1 loss 0.3733 step_s 0.0238 peak_mem_gb 0.167
2026-10-01 22:34:26,494 | DEBUG | step 179 epoch 1 loss 0.2664 step_s 0.0232 peak_mem_gb 0.167
2026-10-01 22:34:26,518 | DEBUG | step 180 epoch 1 loss 0.2428 step_s 0.0237 peak_mem_gb 0.167
2026-10-01 22:34:26,540 | DEBUG | step 181 epoch 1 loss 0.3604 step_s 0.0206 peak_mem_gb 0.167
2026-10-01 22:34:26,563 | DEBUG | step 182 epoch 1 loss 0.3451 step_s 0.0229 peak_mem_gb 0.167
2026-10-01 22:34:26,588 | DEBUG | step 183 epoch 1 loss 0.2750 step_s 0.0232 peak_mem_gb 0.167
2026-10-01 22:34:26,614 | DEBUG | step 184 epoch 1 loss 0.3546 step_s 0.0256 peak_mem_gb 0.167
2026-10-01 22:34:26,639 | DEBUG | step 185 epoch 1 loss 0.4119 step_s 0.0235 peak_mem_gb 0.167
2026-10-01 22:34:26,660 | DEBUG | step 186 epoch 1 loss 0.3679 step_s 0.0207 peak_mem_gb 0.167
2026-10-01 22:34:26,685 | DEBUG | step 187 epoch 1 loss 0.2225 step_s 0.0237 peak_mem_gb 0.167
2026-10-01 22:34:26,712 | DEBUG | step 188 epoch 1 loss 0.3543 step_s 0.0261 peak_mem_gb 0.167
2026-10-01 22:34:26,738 | DEBUG | step 189 epoch 1 loss 0.3932 step_s 0.0249 peak_mem_gb 0.167
2026-10-01 22:34:26,763 | DEBUG | step 190 epoch 1 loss 0.2781 step_s 0.0240 peak_mem_gb 0.167
2026-10-01 22:34:26,790 | DEBUG | step 191 epoch 1 loss 0.4656 step_s 0.0258 peak_mem_gb 0.167
2026-10-01 22:34:26,815 | DEBUG | step 192 epoch 1 loss 0.2239 step_s 0.0240 peak_mem_gb 0.167
2026-10-01 22:34:26,841 | DEBUG | step 193 epoch 1 loss 0.2552 step_s 0.0252 peak_mem_gb 0.167
2026-10-01 22:34:26,868 | DEBUG | step 194 epoch 1 loss 0.3377 step_s 0.0251 peak_mem_gb 0.167
2026-10-01 22:34:26,893 | DEBUG | step 195 epoch 1 loss 0.4966 step_s 0.0241 peak_mem_gb 0.167
2026-10-01 22:34:26,917 | DEBUG | step 196 epoch 1 loss 0.3967 step_s 0.0238 peak_mem_gb 0.167
2026-10-01 22:34:26,942 | DEBUG | step 197 epoch 1 loss 0.2421 step_s 0.0234 peak_mem_gb 0.167
2026-10-01 22:34:26,968 | DEBUG | step 198 epoch 1 loss 0.1950 step_s 0.0251 peak_mem_gb 0.167
2026-10-01 22:34:26,992 | DEBUG | step 199 epoch 1 loss 0.2955 step_s 0.0228 peak_mem_gb 0.167
2026-10-01 22:34:27,012 | INFO | step 200 epoch 1 loss 0.3852 step_s 0.0195 peak_mem_gb 0.167
2026-10-01 22:34:27,037 | DEBUG | step 201 epoch 1 loss 0.2976 step_s 0.0237 peak_mem_gb 0.167
2026-10-01 22:34:27,061 | DEBUG | step 202 epoch 1 loss 0.2784 step_s 0.0227 peak_mem_gb 0.167
2026-10-01 22:34:27,081 | DEBUG | step 203 epoch 1 loss 0.3724 step_s 0.0189 peak_mem_gb 0.167
2026-10-01 22:34:27,106 | DEBUG | step 204 epoch 1 loss 0.3359 step_s 0.0234 peak_mem_gb 0.167
2026-10-01 22:34:27,131 | DEBUG | step 205 epoch 1 loss 0.4235 step_s 0.0246 peak_mem_gb 0.167
2026-10-01 22:34:27,155 | DEBUG | step 206 epoch 1 loss 0.3789 step_s 0.0235 peak_mem_gb 0.167
2026-10-01 22:34:27,181 | DEBUG | step 207 epoch 1 loss 0.3610 step_s 0.0242 peak_mem_gb 0.167
2026-10-01 22:34:27,205 | DEBUG | step 208 epoch 1 loss 0.3267 step_s 0.0235 peak_mem_gb 0.167
2026-10-01 22:34:27,228 | DEBUG | step 209 epoch 1 loss 0.3181 step_s 0.0225 peak_mem_gb 0.167
2026-10-01 22:34:27,253 | DEBUG | step 210 epoch 1 loss 0.4097 step_s 0.0235 peak_mem_gb 0.167
2026-10-01 22:34:27,277 | DEBUG | step 211 epoch 1 loss 0.4119 step_s 0.0232 peak_mem_gb 0.167
2026-10-01 22:34:27,302 | DEBUG | step 212 epoch 1 loss 0.3476 step_s 0.0238 peak_mem_gb 0.167
2026-10-01 22:34:27,321 | DEBUG | step 213 epoch 1 loss 0.2356 step_s 0.0188 peak_mem_gb 0.167
2026-10-01 22:34:27,346 | DEBUG | step 214 epoch 1 loss 0.3276 step_s 0.0234 peak_mem_gb 0.167
2026-10-01 22:34:27,369 | DEBUG | step 215 epoch 1 loss 0.3361 step_s 0.0222 peak_mem_gb 0.167
2026-10-01 22:34:27,393 | DEBUG | step 216 epoch 1 loss 0.3937 step_s 0.0232 peak_mem_gb 0.167
2026-10-01 22:34:27,417 | DEBUG | step 217 epoch 1 loss 0.4738 step_s 0.0236 peak_mem_gb 0.167
2026-10-01 22:34:27,442 | DEBUG | step 218 epoch 1 loss 0.2878 step_s 0.0239 peak_mem_gb 0.167
2026-10-01 22:34:27,468 | DEBUG | step 219 epoch 1 loss 0.4612 step_s 0.0251 peak_mem_gb 0.167
2026-10-01 22:34:27,492 | DEBUG | step 220 epoch 1 loss 0.2659 step_s 0.0229 peak_mem_gb 0.167
2026-10-01 22:34:27,515 | DEBUG | step 221 epoch 1 loss 0.3974 step_s 0.0228 peak_mem_gb 0.167
2026-10-01 22:34:27,539 | DEBUG | step 222 epoch 1 loss 0.3445 step_s 0.0224 peak_mem_gb 0.167
2026-10-01 22:34:27,560 | DEBUG | step 223 epoch 1 loss 0.4165 step_s 0.0208 peak_mem_gb 0.167
2026-10-01 22:34:27,586 | DEBUG | step 224 epoch 1 loss 0.2206 step_s 0.0243 peak_mem_gb 0.167
2026-10-01 22:34:27,609 | DEBUG | step 225 epoch 1 loss 0.3371 step_s 0.0228 peak_mem_gb 0.167
2026-10-01 22:34:27,634 | DEBUG | step 226 epoch 1 loss 0.3430 step_s 0.0236 peak_mem_gb 0.167
2026-10-01 22:34:27,658 | DEBUG | step 227 epoch 1 loss 0.2941 step_s 0.0234 peak_mem_gb 0.167
2026-10-01 22:34:27,682 | DEBUG | step 228 epoch 1 loss 0.3090 step_s 0.0230 peak_mem_gb 0.167
2026-10-01 22:34:27,704 | DEBUG | step 229 epoch 1 loss 0.3090 step_s 0.0212 peak_mem_gb 0.167
2026-10-01 22:34:27,732 | DEBUG | step 230 epoch 1 loss 0.3136 step_s 0.0265 peak_mem_gb 0.167
2026-10-01 22:34:27,752 | DEBUG | step 231 epoch 1 loss 0.3483 step_s 0.0193 peak_mem_gb 0.167
2026-10-01 22:34:27,780 | DEBUG | step 232 epoch 1 loss 0.3148 step_s 0.0258 peak_mem_gb 0.167
2026-10-01 22:34:27,807 | DEBUG | step 233 epoch 1 loss 0.4789 step_s 0.0257 peak_mem_gb 0.167
2026-10-01 22:34:27,832 | DEBUG | step 234 epoch 1 loss 0.3437 step_s 0.0240 peak_mem_gb 0.167
2026-10-01 22:34:27,857 | DEBUG | step 235 epoch 1 loss 0.4522 step_s 0.0244 peak_mem_gb 0.168
2026-10-01 22:34:27,880 | DEBUG | step 236 epoch 1 loss 0.3716 step_s 0.0221 peak_mem_gb 0.168
2026-10-01 22:34:27,904 | DEBUG | step 237 epoch 1 loss 0.3030 step_s 0.0225 peak_mem_gb 0.168
2026-10-01 22:34:27,924 | DEBUG | step 238 epoch 1 loss 0.3741 step_s 0.0194 peak_mem_gb 0.168
2026-10-01 22:34:27,948 | DEBUG | step 239 epoch 1 loss 0.3159 step_s 0.0231 peak_mem_gb 0.168
2026-10-01 22:34:27,973 | DEBUG | step 240 epoch 1 loss 0.2071 step_s 0.0241 peak_mem_gb 0.168
2026-10-01 22:34:27,999 | DEBUG | step 241 epoch 1 loss 0.3836 step_s 0.0252 peak_mem_gb 0.168
2026-10-01 22:34:28,023 | DEBUG | step 242 epoch 1 loss 0.3603 step_s 0.0227 peak_mem_gb 0.168
2026-10-01 22:34:28,048 | DEBUG | step 243 epoch 1 loss 0.3705 step_s 0.0239 peak_mem_gb 0.168
2026-10-01 22:34:28,072 | DEBUG | step 244 epoch 1 loss 0.2922 step_s 0.0239 peak_mem_gb 0.168
2026-10-01 22:34:28,096 | DEBUG | step 245 epoch 1 loss 0.4349 step_s 0.0231 peak_mem_gb 0.168
2026-10-01 22:34:28,121 | DEBUG | step 246 epoch 1 loss 0.4081 step_s 0.0236 peak_mem_gb 0.168
2026-10-01 22:34:28,146 | DEBUG | step 247 epoch 1 loss 0.2657 step_s 0.0243 peak_mem_gb 0.168
2026-10-01 22:34:28,170 | DEBUG | step 248 epoch 1 loss 0.2100 step_s 0.0233 peak_mem_gb 0.168
2026-10-01 22:34:28,194 | DEBUG | step 249 epoch 1 loss 0.4127 step_s 0.0229 peak_mem_gb 0.168
2026-10-01 22:34:28,214 | DEBUG | step 250 epoch 1 loss 0.2593 step_s 0.0189 peak_mem_gb 0.168
2026-10-01 22:34:28,237 | DEBUG | step 251 epoch 1 loss 0.2973 step_s 0.0223 peak_mem_gb 0.168
2026-10-01 22:34:28,261 | DEBUG | step 252 epoch 1 loss 0.3633 step_s 0.0228 peak_mem_gb 0.168
2026-10-01 22:34:28,284 | DEBUG | step 253 epoch 1 loss 0.2506 step_s 0.0228 peak_mem_gb 0.168
2026-10-01 22:34:28,311 | DEBUG | step 254 epoch 1 loss 0.4185 step_s 0.0257 peak_mem_gb 0.168
2026-10-01 22:34:28,335 | DEBUG | step 255 epoch 1 loss 0.3559 step_s 0.0236 peak_mem_gb 0.168
2026-10-01 22:34:28,360 | DEBUG | step 256 epoch 1 loss 0.2219 step_s 0.0235 peak_mem_gb 0.168
2026-10-01 22:34:28,382 | DEBUG | step 257 epoch 1 loss 0.2793 step_s 0.0218 peak_mem_gb 0.168
2026-10-01 22:34:28,405 | DEBUG | step 258 epoch 1 loss 0.2782 step_s 0.0220 peak_mem_gb 0.168
2026-10-01 22:34:28,426 | DEBUG | step 259 epoch 1 loss 0.3723 step_s 0.0198 peak_mem_gb 0.168
2026-10-01 22:34:28,450 | DEBUG | step 260 epoch 1 loss 0.4182 step_s 0.0233 peak_mem_gb 0.168
2026-10-01 22:34:28,472 | DEBUG | step 261 epoch 1 loss 0.2877 step_s 0.0205 peak_mem_gb 0.168
2026-10-01 22:34:28,498 | DEBUG | step 262 epoch 1 loss 0.3005 step_s 0.0255 peak_mem_gb 0.168
2026-10-01 22:34:28,523 | DEBUG | step 263 epoch 1 loss 0.3468 step_s 0.0238 peak_mem_gb 0.168
2026-10-01 22:34:28,547 | DEBUG | step 264 epoch 1 loss 0.2484 step_s 0.0233 peak_mem_gb 0.168
2026-10-01 22:34:28,571 | DEBUG | step 265 epoch 1 loss 0.4635 step_s 0.0231 peak_mem_gb 0.168
2026-10-01 22:34:28,596 | DEBUG | step 266 epoch 1 loss 0.3175 step_s 0.0238 peak_mem_gb 0.168
2026-10-01 22:34:28,620 | DEBUG | step 267 epoch 1 loss 0.3045 step_s 0.0238 peak_mem_gb 0.168
2026-10-01 22:34:28,645 | DEBUG | step 268 epoch 1 loss 0.3196 step_s 0.0237 peak_mem_gb 0.168
2026-10-01 22:34:28,667 | DEBUG | step 269 epoch 1 loss 0.3085 step_s 0.0207 peak_mem_gb 0.168
2026-10-01 22:34:28,691 | DEBUG | step 270 epoch 1 loss 0.3340 step_s 0.0241 peak_mem_gb 0.168
2026-10-01 22:34:28,717 | DEBUG | step 271 epoch 1 loss 0.3410 step_s 0.0245 peak_mem_gb 0.168
2026-10-01 22:34:28,743 | DEBUG | step 272 epoch 1 loss 0.2723 step_s 0.0248 peak_mem_gb 0.168
2026-10-01 22:34:28,763 | DEBUG | step 273 epoch 1 loss 0.3621 step_s 0.0190 peak_mem_gb 0.168
2026-10-01 22:34:28,786 | DEBUG | step 274 epoch 1 loss 0.3540 step_s 0.0229 peak_mem_gb 0.168
2026-10-01 22:34:28,811 | DEBUG | step 275 epoch 1 loss 0.4077 step_s 0.0236 peak_mem_gb 0.168
2026-10-01 22:34:28,839 | DEBUG | step 276 epoch 1 loss 0.3124 step_s 0.0272 peak_mem_gb 0.168
2026-10-01 22:34:28,862 | DEBUG | step 277 epoch 1 loss 0.2719 step_s 0.0220 peak_mem_gb 0.168
2026-10-01 22:34:28,886 | DEBUG | step 278 epoch 1 loss 0.2753 step_s 0.0233 peak_mem_gb 0.168
2026-10-01 22:34:28,911 | DEBUG | step 279 epoch 1 loss 0.4284 step_s 0.0237 peak_mem_gb 0.168
2026-10-01 22:34:28,937 | DEBUG | step 280 epoch 1 loss 0.2043 step_s 0.0243 peak_mem_gb 0.168
2026-10-01 22:34:28,963 | DEBUG | step 281 epoch 1 loss 0.4237 step_s 0.0249 peak_mem_gb 0.168
2026-10-01 22:34:28,989 | DEBUG | step 282 epoch 1 loss 0.3412 step_s 0.0250 peak_mem_gb 0.168
2026-10-01 22:34:29,010 | DEBUG | step 283 epoch 1 loss 0.2820 step_s 0.0204 peak_mem_gb 0.168
2026-10-01 22:34:29,034 | DEBUG | step 284 epoch 1 loss 0.2499 step_s 0.0233 peak_mem_gb 0.168
2026-10-01 22:34:29,058 | DEBUG | step 285 epoch 1 loss 0.3057 step_s 0.0233 peak_mem_gb 0.168
2026-10-01 22:34:29,083 | DEBUG | step 286 epoch 1 loss 0.3796 step_s 0.0233 peak_mem_gb 0.168
2026-10-01 22:34:29,107 | DEBUG | step 287 epoch 1 loss 0.2648 step_s 0.0239 peak_mem_gb 0.168
2026-10-01 22:34:29,130 | DEBUG | step 288 epoch 1 loss 0.1944 step_s 0.0221 peak_mem_gb 0.168
2026-10-01 22:34:29,155 | DEBUG | step 289 epoch 1 loss 0.2580 step_s 0.0240 peak_mem_gb 0.168
2026-10-01 22:34:29,176 | DEBUG | step 290 epoch 1 loss 0.3293 step_s 0.0202 peak_mem_gb 0.168
2026-10-01 22:34:29,200 | DEBUG | step 291 epoch 1 loss 0.3462 step_s 0.0230 peak_mem_gb 0.168
2026-10-01 22:34:29,224 | DEBUG | step 292 epoch 1 loss 0.2972 step_s 0.0229 peak_mem_gb 0.168
2026-10-01 22:34:29,245 | DEBUG | step 293 epoch 1 loss 0.2585 step_s 0.0196 peak_mem_gb 0.168
2026-10-01 22:34:29,267 | DEBUG | step 294 epoch 1 loss 0.3351 step_s 0.0218 peak_mem_gb 0.168
2026-10-01 22:34:29,287 | DEBUG | step 295 epoch 1 loss 0.2078 step_s 0.0189 peak_mem_gb 0.168
2026-10-01 22:34:29,313 | DEBUG | step 296 epoch 1 loss 0.2893 step_s 0.0250 peak_mem_gb 0.168
2026-10-01 22:34:29,341 | DEBUG | step 297 epoch 1 loss 0.3192 step_s 0.0270 peak_mem_gb 0.168
2026-10-01 22:34:29,366 | DEBUG | step 298 epoch 1 loss 0.2809 step_s 0.0239 peak_mem_gb 0.168
2026-10-01 22:34:29,390 | DEBUG | step 299 epoch 1 loss 0.2499 step_s 0.0224 peak_mem_gb 0.168
2026-10-01 22:34:29,413 | DEBUG | step 300 epoch 1 loss 0.3770 step_s 0.0230 peak_mem_gb 0.168
2026-10-01 22:34:29,436 | DEBUG | step 301 epoch 1 loss 0.2427 step_s 0.0216 peak_mem_gb 0.168
2026-10-01 22:34:29,456 | DEBUG | step 302 epoch 1 loss 0.3167 step_s 0.0191 peak_mem_gb 0.168
2026-10-01 22:34:29,479 | DEBUG | step 303 epoch 1 loss 0.5248 step_s 0.0221 peak_mem_gb 0.168
2026-10-01 22:34:29,500 | DEBUG | step 304 epoch 1 loss 0.4123 step_s 0.0201 peak_mem_gb 0.168
2026-10-01 22:34:29,524 | DEBUG | step 305 epoch 1 loss 0.2896 step_s 0.0238 peak_mem_gb 0.168
2026-10-01 22:34:29,548 | DEBUG | step 306 epoch 1 loss 0.2040 step_s 0.0223 peak_mem_gb 0.168
2026-10-01 22:34:29,572 | DEBUG | step 307 epoch 1 loss 0.3720 step_s 0.0234 peak_mem_gb 0.168
2026-10-01 22:34:29,591 | DEBUG | step 308 epoch 1 loss 0.3433 step_s 0.0185 peak_mem_gb 0.168
2026-10-01 22:34:29,616 | DEBUG | step 309 epoch 1 loss 0.3355 step_s 0.0239 peak_mem_gb 0.168
2026-10-01 22:34:29,638 | DEBUG | step 310 epoch 1 loss 0.2834 step_s 0.0209 peak_mem_gb 0.168
2026-10-01 22:34:29,661 | DEBUG | step 311 epoch 1 loss 0.2414 step_s 0.0224 peak_mem_gb 0.168
2026-10-01 22:34:29,684 | DEBUG | step 312 epoch 1 loss 0.3792 step_s 0.0225 peak_mem_gb 0.168
2026-10-01 22:34:29,708 | DEBUG | step 313 epoch 1 loss 0.4172 step_s 0.0230 peak_mem_gb 0.168
2026-10-01 22:34:29,732 | DEBUG | step 314 epoch 1 loss 0.3637 step_s 0.0233 peak_mem_gb 0.168
2026-10-01 22:34:29,757 | DEBUG | step 315 epoch 1 loss 0.2475 step_s 0.0236 peak_mem_gb 0.168
2026-10-01 22:34:29,781 | DEBUG | step 316 epoch 1 loss 0.3470 step_s 0.0235 peak_mem_gb 0.168
2026-10-01 22:34:29,805 | DEBUG | step 317 epoch 1 loss 0.2460 step_s 0.0233 peak_mem_gb 0.168
2026-10-01 22:34:29,828 | DEBUG | step 318 epoch 1 loss 0.3400 step_s 0.0214 peak_mem_gb 0.168
2026-10-01 22:34:29,852 | DEBUG | step 319 epoch 1 loss 0.2450 step_s 0.0235 peak_mem_gb 0.168
2026-10-01 22:34:29,877 | DEBUG | step 320 epoch 1 loss 0.2746 step_s 0.0235 peak_mem_gb 0.168
2026-10-01 22:34:29,901 | DEBUG | step 321 epoch 1 loss 0.3852 step_s 0.0232 peak_mem_gb 0.168
2026-10-01 22:34:29,924 | DEBUG | step 322 epoch 1 loss 0.4138 step_s 0.0220 peak_mem_gb 0.168
2026-10-01 22:34:29,948 | DEBUG | step 323 epoch 1 loss 0.2829 step_s 0.0233 peak_mem_gb 0.168
2026-10-01 22:34:29,971 | DEBUG | step 324 epoch 1 loss 0.3623 step_s 0.0230 peak_mem_gb 0.168
2026-10-01 22:34:29,995 | DEBUG | step 325 epoch 1 loss 0.3399 step_s 0.0228 peak_mem_gb 0.168
2026-10-01 22:34:30,021 | DEBUG | step 326 epoch 1 loss 0.2382 step_s 0.0247 peak_mem_gb 0.168
2026-10-01 22:34:30,045 | DEBUG | step 327 epoch 1 loss 0.2098 step_s 0.0230 peak_mem_gb 0.168
2026-10-01 22:34:30,068 | DEBUG | step 328 epoch 1 loss 0.2585 step_s 0.0226 peak_mem_gb 0.168
2026-10-01 22:34:30,093 | DEBUG | step 329 epoch 1 loss 0.3329 step_s 0.0235 peak_mem_gb 0.168
2026-10-01 22:34:30,117 | DEBUG | step 330 epoch 1 loss 0.2460 step_s 0.0233 peak_mem_gb 0.168
2026-10-01 22:34:30,141 | DEBUG | step 331 epoch 1 loss 0.2154 step_s 0.0233 peak_mem_gb 0.168
2026-10-01 22:34:30,165 | DEBUG | step 332 epoch 1 loss 0.3331 step_s 0.0231 peak_mem_gb 0.168
2026-10-01 22:34:30,189 | DEBUG | step 333 epoch 1 loss 0.2615 step_s 0.0235 peak_mem_gb 0.168
2026-10-01 22:34:30,211 | DEBUG | step 334 epoch 1 loss 0.4201 step_s 0.0212 peak_mem_gb 0.168
2026-10-01 22:34:30,236 | DEBUG | step 335 epoch 1 loss 0.3197 step_s 0.0235 peak_mem_gb 0.168
2026-10-01 22:34:30,260 | DEBUG | step 336 epoch 1 loss 0.2716 step_s 0.0238 peak_mem_gb 0.168
2026-10-01 22:34:30,285 | DEBUG | step 337 epoch 1 loss 0.2513 step_s 0.0231 peak_mem_gb 0.168
2026-10-01 22:34:30,308 | DEBUG | step 338 epoch 1 loss 0.3758 step_s 0.0229 peak_mem_gb 0.168
2026-10-01 22:34:30,332 | DEBUG | step 339 epoch 1 loss 0.2410 step_s 0.0222 peak_mem_gb 0.168
2026-10-01 22:34:30,357 | DEBUG | step 340 epoch 1 loss 0.2640 step_s 0.0246 peak_mem_gb 0.168
2026-10-01 22:34:30,382 | DEBUG | step 341 epoch 1 loss 0.3145 step_s 0.0236 peak_mem_gb 0.168
2026-10-01 22:34:30,406 | DEBUG | step 342 epoch 1 loss 0.4293 step_s 0.0232 peak_mem_gb 0.168
2026-10-01 22:34:30,431 | DEBUG | step 343 epoch 1 loss 0.4212 step_s 0.0233 peak_mem_gb 0.168
2026-10-01 22:34:30,455 | DEBUG | step 344 epoch 1 loss 0.4583 step_s 0.0238 peak_mem_gb 0.168
2026-10-01 22:34:30,478 | DEBUG | step 345 epoch 1 loss 0.3132 step_s 0.0221 peak_mem_gb 0.168
2026-10-01 22:34:30,502 | DEBUG | step 346 epoch 1 loss 0.2694 step_s 0.0233 peak_mem_gb 0.168
2026-10-01 22:34:30,528 | DEBUG | step 347 epoch 1 loss 0.3442 step_s 0.0252 peak_mem_gb 0.168
2026-10-01 22:34:30,553 | DEBUG | step 348 epoch 1 loss 0.3088 step_s 0.0236 peak_mem_gb 0.168
2026-10-01 22:34:30,575 | DEBUG | step 349 epoch 1 loss 0.2744 step_s 0.0218 peak_mem_gb 0.168
2026-10-01 22:34:30,600 | DEBUG | step 350 epoch 1 loss 0.2432 step_s 0.0234 peak_mem_gb 0.168
2026-10-01 22:34:30,623 | DEBUG | step 351 epoch 1 loss 0.3069 step_s 0.0227 peak_mem_gb 0.168
2026-10-01 22:34:30,647 | DEBUG | step 352 epoch 1 loss 0.3218 step_s 0.0234 peak_mem_gb 0.168
2026-10-01 22:34:30,673 | DEBUG | step 353 epoch 1 loss 0.2883 step_s 0.0246 peak_mem_gb 0.168
2026-10-01 22:34:30,697 | DEBUG | step 354 epoch 1 loss 0.3325 step_s 0.0236 peak_mem_gb 0.168
2026-10-01 22:34:30,717 | DEBUG | step 355 epoch 1 loss 0.4004 step_s 0.0186 peak_mem_gb 0.168
2026-10-01 22:34:30,742 | DEBUG | step 356 epoch 1 loss 0.2865 step_s 0.0238 peak_mem_gb 0.170
2026-10-01 22:34:30,765 | DEBUG | step 357 epoch 1 loss 0.2236 step_s 0.0222 peak_mem_gb 0.170
2026-10-01 22:34:30,789 | DEBUG | step 358 epoch 1 loss 0.2957 step_s 0.0235 peak_mem_gb 0.170
2026-10-01 22:34:30,813 | DEBUG | step 359 epoch 1 loss 0.4269 step_s 0.0233 peak_mem_gb 0.170
2026-10-01 22:34:30,839 | DEBUG | step 360 epoch 1 loss 0.3041 step_s 0.0247 peak_mem_gb 0.170
2026-10-01 22:34:30,865 | DEBUG | step 361 epoch 1 loss 0.3157 step_s 0.0249 peak_mem_gb 0.170
2026-10-01 22:34:30,891 | DEBUG | step 362 epoch 1 loss 0.2336 step_s 0.0246 peak_mem_gb 0.170
2026-10-01 22:34:30,915 | DEBUG | step 363 epoch 1 loss 0.1829 step_s 0.0237 peak_mem_gb 0.170
2026-10-01 22:34:30,939 | DEBUG | step 364 epoch 1 loss 0.2234 step_s 0.0232 peak_mem_gb 0.170
2026-10-01 22:34:30,964 | DEBUG | step 365 epoch 1 loss 0.3326 step_s 0.0238 peak_mem_gb 0.170
2026-10-01 22:34:30,989 | DEBUG | step 366 epoch 1 loss 0.3874 step_s 0.0242 peak_mem_gb 0.170
2026-10-01 22:34:31,011 | DEBUG | step 367 epoch 1 loss 0.2136 step_s 0.0206 peak_mem_gb 0.170
2026-10-01 22:34:31,038 | DEBUG | step 368 epoch 1 loss 0.2240 step_s 0.0265 peak_mem_gb 0.170
2026-10-01 22:34:31,063 | DEBUG | step 369 epoch 1 loss 0.2954 step_s 0.0232 peak_mem_gb 0.170
2026-10-01 22:34:31,089 | DEBUG | step 370 epoch 1 loss 0.2325 step_s 0.0247 peak_mem_gb 0.170
2026-10-01 22:34:31,114 | DEBUG | step 371 epoch 1 loss 0.2424 step_s 0.0242 peak_mem_gb 0.170
2026-10-01 22:34:31,138 | DEBUG | step 372 epoch 1 loss 0.2214 step_s 0.0231 peak_mem_gb 0.170
2026-10-01 22:34:31,161 | DEBUG | step 373 epoch 1 loss 0.2072 step_s 0.0219 peak_mem_gb 0.170
2026-10-01 22:34:31,179 | DEBUG | step 374 epoch 1 loss 0.2274 step_s 0.0179 peak_mem_gb 0.170
2026-10-01 22:34:31,204 | DEBUG | step 375 epoch 1 loss 0.3261 step_s 0.0236 peak_mem_gb 0.170
2026-10-01 22:34:31,228 | DEBUG | step 376 epoch 1 loss 0.2972 step_s 0.0226 peak_mem_gb 0.170
2026-10-01 22:34:31,252 | DEBUG | step 377 epoch 1 loss 0.1895 step_s 0.0235 peak_mem_gb 0.170
2026-10-01 22:34:31,274 | DEBUG | step 378 epoch 1 loss 0.2380 step_s 0.0208 peak_mem_gb 0.170
2026-10-01 22:34:31,297 | DEBUG | step 379 epoch 1 loss 0.2713 step_s 0.0226 peak_mem_gb 0.170
2026-10-01 22:34:31,323 | DEBUG | step 380 epoch 1 loss 0.2374 step_s 0.0243 peak_mem_gb 0.170
2026-10-01 22:34:31,347 | DEBUG | step 381 epoch 1 loss 0.1885 step_s 0.0238 peak_mem_gb 0.170
2026-10-01 22:34:31,371 | DEBUG | step 382 epoch 1 loss 0.2450 step_s 0.0228 peak_mem_gb 0.170
2026-10-01 22:34:31,399 | DEBUG | step 383 epoch 1 loss 0.2473 step_s 0.0270 peak_mem_gb 0.170
2026-10-01 22:34:31,425 | DEBUG | step 384 epoch 1 loss 0.1934 step_s 0.0253 peak_mem_gb 0.170
2026-10-01 22:34:31,452 | DEBUG | step 385 epoch 1 loss 0.3168 step_s 0.0254 peak_mem_gb 0.170
2026-10-01 22:34:31,475 | DEBUG | step 386 epoch 1 loss 0.4110 step_s 0.0215 peak_mem_gb 0.170
2026-10-01 22:34:31,499 | DEBUG | step 387 epoch 1 loss 0.1892 step_s 0.0231 peak_mem_gb 0.170
2026-10-01 22:34:31,523 | DEBUG | step 388 epoch 1 loss 0.3879 step_s 0.0231 peak_mem_gb 0.170
2026-10-01 22:34:31,545 | DEBUG | step 389 epoch 1 loss 0.4817 step_s 0.0211 peak_mem_gb 0.170
2026-10-01 22:34:31,569 | DEBUG | step 390 epoch 1 loss 0.3523 step_s 0.0229 peak_mem_gb 0.170
2026-10-01 22:34:31,590 | DEBUG | step 391 epoch 1 loss 0.2827 step_s 0.0208 peak_mem_gb 0.170
2026-10-01 22:34:31,615 | DEBUG | step 392 epoch 1 loss 0.3476 step_s 0.0236 peak_mem_gb 0.170
2026-10-01 22:34:31,636 | DEBUG | step 393 epoch 1 loss 0.2980 step_s 0.0208 peak_mem_gb 0.170
2026-10-01 22:34:31,661 | DEBUG | step 394 epoch 1 loss 0.3758 step_s 0.0235 peak_mem_gb 0.170
2026-10-01 22:34:31,686 | DEBUG | step 395 epoch 1 loss 0.2268 step_s 0.0241 peak_mem_gb 0.170
2026-10-01 22:34:31,708 | DEBUG | step 396 epoch 1 loss 0.1648 step_s 0.0205 peak_mem_gb 0.170
2026-10-01 22:34:31,734 | DEBUG | step 397 epoch 1 loss 0.3364 step_s 0.0258 peak_mem_gb 0.170
2026-10-01 22:34:31,758 | DEBUG | step 398 epoch 1 loss 0.3290 step_s 0.0227 peak_mem_gb 0.170
2026-10-01 22:34:31,782 | DEBUG | step 399 epoch 1 loss 0.3935 step_s 0.0236 peak_mem_gb 0.170
2026-10-01 22:34:31,802 | INFO | step 400 epoch 1 loss 0.1986 step_s 0.0193 peak_mem_gb 0.170
2026-10-01 22:34:31,828 | DEBUG | step 401 epoch 1 loss 0.1622 step_s 0.0237 peak_mem_gb 0.170
2026-10-01 22:34:31,852 | DEBUG | step 402 epoch 1 loss 0.3430 step_s 0.0238 peak_mem_gb 0.170
2026-10-01 22:34:31,877 | DEBUG | step 403 epoch 1 loss 0.3505 step_s 0.0237 peak_mem_gb 0.170
2026-10-01 22:34:31,902 | DEBUG | step 404 epoch 1 loss 0.2748 step_s 0.0238 peak_mem_gb 0.170
2026-10-01 22:34:31,926 | DEBUG | step 405 epoch 1 loss 0.2429 step_s 0.0235 peak_mem_gb 0.170
2026-10-01 22:34:31,948 | DEBUG | step 406 epoch 1 loss 0.3030 step_s 0.0206 peak_mem_gb 0.170
2026-10-01 22:34:31,972 | DEBUG | step 407 epoch 1 loss 0.2864 step_s 0.0238 peak_mem_gb 0.170
2026-10-01 22:34:31,996 | DEBUG | step 408 epoch 1 loss 0.2532 step_s 0.0227 peak_mem_gb 0.170
2026-10-01 22:34:32,019 | DEBUG | step 409 epoch 1 loss 0.4060 step_s 0.0225 peak_mem_gb 0.170
2026-10-01 22:34:32,046 | DEBUG | step 410 epoch 1 loss 0.2593 step_s 0.0263 peak_mem_gb 0.170
2026-10-01 22:34:32,072 | DEBUG | step 411 epoch 1 loss 0.1572 step_s 0.0245 peak_mem_gb 0.170
2026-10-01 22:34:32,096 | DEBUG | step 412 epoch 1 loss 0.3298 step_s 0.0232 peak_mem_gb 0.170
2026-10-01 22:34:32,121 | DEBUG | step 413 epoch 1 loss 0.3072 step_s 0.0243 peak_mem_gb 0.170
2026-10-01 22:34:32,145 | DEBUG | step 414 epoch 1 loss 0.2123 step_s 0.0223 peak_mem_gb 0.170
2026-10-01 22:34:32,170 | DEBUG | step 415 epoch 1 loss 0.2841 step_s 0.0240 peak_mem_gb 0.170
2026-10-01 22:34:32,195 | DEBUG | step 416 epoch 1 loss 0.2201 step_s 0.0247 peak_mem_gb 0.170
2026-10-01 22:34:32,220 | DEBUG | step 417 epoch 1 loss 0.2552 step_s 0.0236 peak_mem_gb 0.170
2026-10-01 22:34:32,246 | DEBUG | step 418 epoch 1 loss 0.2673 step_s 0.0253 peak_mem_gb 0.170
2026-10-01 22:34:32,268 | DEBUG | step 419 epoch 1 loss 0.3611 step_s 0.0208 peak_mem_gb 0.170
2026-10-01 22:34:32,292 | DEBUG | step 420 epoch 1 loss 0.3957 step_s 0.0235 peak_mem_gb 0.170
2026-10-01 22:34:32,317 | DEBUG | step 421 epoch 1 loss 0.2421 step_s 0.0242 peak_mem_gb 0.170
2026-10-01 22:34:32,341 | DEBUG | step 422 epoch 1 loss 0.2525 step_s 0.0233 peak_mem_gb 0.170
2026-10-01 22:34:32,366 | DEBUG | step 423 epoch 1 loss 0.2882 step_s 0.0235 peak_mem_gb 0.170
2026-10-01 22:34:32,391 | DEBUG | step 424 epoch 1 loss 0.2114 step_s 0.0242 peak_mem_gb 0.170
2026-10-01 22:34:32,417 | DEBUG | step 425 epoch 1 loss 0.2221 step_s 0.0247 peak_mem_gb 0.170
2026-10-01 22:34:32,441 | DEBUG | step 426 epoch 1 loss 0.3480 step_s 0.0230 peak_mem_gb 0.170
2026-10-01 22:34:32,463 | DEBUG | step 427 epoch 1 loss 0.2420 step_s 0.0210 peak_mem_gb 0.170
2026-10-01 22:34:32,485 | DEBUG | step 428 epoch 1 loss 0.2849 step_s 0.0216 peak_mem_gb 0.170
2026-10-01 22:34:32,508 | DEBUG | step 429 epoch 1 loss 0.2138 step_s 0.0223 peak_mem_gb 0.170
2026-10-01 22:34:32,532 | DEBUG | step 430 epoch 1 loss 0.2905 step_s 0.0234 peak_mem_gb 0.170
2026-10-01 22:34:32,557 | DEBUG | step 431 epoch 1 loss 0.3313 step_s 0.0236 peak_mem_gb 0.170
2026-10-01 22:34:32,583 | DEBUG | step 432 epoch 1 loss 0.2850 step_s 0.0251 peak_mem_gb 0.170
2026-10-01 22:34:32,607 | DEBUG | step 433 epoch 1 loss 0.4603 step_s 0.0229 peak_mem_gb 0.170
2026-10-01 22:34:32,631 | DEBUG | step 434 epoch 1 loss 0.3235 step_s 0.0230 peak_mem_gb 0.170
2026-10-01 22:34:32,653 | DEBUG | step 435 epoch 1 loss 0.2751 step_s 0.0230 peak_mem_gb 0.170
2026-10-01 22:34:32,678 | DEBUG | step 436 epoch 1 loss 0.2181 step_s 0.0236 peak_mem_gb 0.170
2026-10-01 22:34:32,698 | DEBUG | step 437 epoch 1 loss 0.2672 step_s 0.0193 peak_mem_gb 0.170
2026-10-01 22:34:32,724 | DEBUG | step 438 epoch 1 loss 0.1653 step_s 0.0245 peak_mem_gb 0.170
2026-10-01 22:34:32,751 | DEBUG | step 439 epoch 1 loss 0.2534 step_s 0.0268 peak_mem_gb 0.170
2026-10-01 22:34:32,776 | DEBUG | step 440 epoch 1 loss 0.1864 step_s 0.0238 peak_mem_gb 0.170
2026-10-01 22:34:32,802 | DEBUG | step 441 epoch 1 loss 0.1835 step_s 0.0244 peak_mem_gb 0.170
2026-10-01 22:34:32,823 | DEBUG | step 442 epoch 1 loss 0.2850 step_s 0.0205 peak_mem_gb 0.170
2026-10-01 22:34:32,849 | DEBUG | step 443 epoch 1 loss 0.3092 step_s 0.0244 peak_mem_gb 0.170
2026-10-01 22:34:32,873 | DEBUG | step 444 epoch 1 loss 0.3328 step_s 0.0236 peak_mem_gb 0.170
2026-10-01 22:34:32,899 | DEBUG | step 445 epoch 1 loss 0.1824 step_s 0.0248 peak_mem_gb 0.170
2026-10-01 22:34:32,922 | DEBUG | step 446 epoch 1 loss 0.2215 step_s 0.0217 peak_mem_gb 0.170
2026-10-01 22:34:32,946 | DEBUG | step 447 epoch 1 loss 0.2490 step_s 0.0235 peak_mem_gb 0.170
2026-10-01 22:34:32,971 | DEBUG | step 448 epoch 1 loss 0.2861 step_s 0.0242 peak_mem_gb 0.170
2026-10-01 22:34:32,992 | DEBUG | step 449 epoch 1 loss 0.1649 step_s 0.0199 peak_mem_gb 0.170
2026-10-01 22:34:33,016 | DEBUG | step 450 epoch 1 loss 0.2290 step_s 0.0234 peak_mem_gb 0.170
2026-10-01 22:34:33,038 | DEBUG | step 451 epoch 1 loss 0.2616 step_s 0.0201 peak_mem_gb 0.170
2026-10-01 22:34:33,063 | DEBUG | step 452 epoch 1 loss 0.1570 step_s 0.0245 peak_mem_gb 0.170
2026-10-01 22:34:33,088 | DEBUG | step 453 epoch 1 loss 0.3975 step_s 0.0240 peak_mem_gb 0.170
2026-10-01 22:34:33,114 | DEBUG | step 454 epoch 1 loss 0.3966 step_s 0.0245 peak_mem_gb 0.170
2026-10-01 22:34:33,138 | DEBUG | step 455 epoch 1 loss 0.2941 step_s 0.0233 peak_mem_gb 0.170
2026-10-01 22:34:33,166 | DEBUG | step 456 epoch 1 loss 0.1608 step_s 0.0263 peak_mem_gb 0.170
2026-10-01 22:34:33,191 | DEBUG | step 457 epoch 1 loss 0.1799 step_s 0.0248 peak_mem_gb 0.170
2026-10-01 22:34:33,216 | DEBUG | step 458 epoch 1 loss 0.3212 step_s 0.0238 peak_mem_gb 0.170
2026-10-01 22:34:33,241 | DEBUG | step 459 epoch 1 loss 0.2094 step_s 0.0239 peak_mem_gb 0.170
2026-10-01 22:34:33,267 | DEBUG | step 460 epoch 1 loss 0.1953 step_s 0.0248 peak_mem_gb 0.170
2026-10-01 22:34:33,291 | DEBUG | step 461 epoch 1 loss 0.2727 step_s 0.0231 peak_mem_gb 0.170
2026-10-01 22:34:33,312 | DEBUG | step 462 epoch 1 loss 0.1805 step_s 0.0206 peak_mem_gb 0.170
2026-10-01 22:34:33,333 | DEBUG | step 463 epoch 1 loss 0.2473 step_s 0.0198 peak_mem_gb 0.170
2026-10-01 22:34:33,358 | DEBUG | step 464 epoch 1 loss 0.2854 step_s 0.0237 peak_mem_gb 0.170
2026-10-01 22:34:33,382 | DEBUG | step 465 epoch 1 loss 0.2150 step_s 0.0236 peak_mem_gb 0.170
2026-10-01 22:34:33,407 | DEBUG | step 466 epoch 1 loss 0.3475 step_s 0.0237 peak_mem_gb 0.170
2026-10-01 22:34:33,432 | DEBUG | step 467 epoch 1 loss 0.1871 step_s 0.0248 peak_mem_gb 0.170
2026-10-01 22:34:33,456 | DEBUG | step 468 epoch 1 loss 0.1237 step_s 0.0230 peak_mem_gb 0.170
2026-10-01 22:34:33,477 | DEBUG | step 469 epoch 1 loss 0.3715 step_s 0.0198 peak_mem_gb 0.170
2026-10-01 22:34:33,500 | DEBUG | step 470 epoch 1 loss 0.2505 step_s 0.0226 peak_mem_gb 0.170
2026-10-01 22:34:33,522 | DEBUG | step 471 epoch 1 loss 0.2937 step_s 0.0203 peak_mem_gb 0.170
2026-10-01 22:34:33,543 | DEBUG | step 472 epoch 1 loss 0.1785 step_s 0.0206 peak_mem_gb 0.170
2026-10-01 22:34:33,567 | DEBUG | step 473 epoch 1 loss 0.1876 step_s 0.0229 peak_mem_gb 0.170
2026-10-01 22:34:33,593 | DEBUG | step 474 epoch 1 loss 0.2307 step_s 0.0255 peak_mem_gb 0.170
2026-10-01 22:34:33,617 | DEBUG | step 475 epoch 1 loss 0.2826 step_s 0.0233 peak_mem_gb 0.170
2026-10-01 22:34:33,640 | DEBUG | step 476 epoch 1 loss 0.3780 step_s 0.0223 peak_mem_gb 0.170
2026-10-01 22:34:33,665 | DEBUG | step 477 epoch 1 loss 0.1691 step_s 0.0236 peak_mem_gb 0.170
2026-10-01 22:34:33,689 | DEBUG | step 478 epoch 1 loss 0.2855 step_s 0.0232 peak_mem_gb 0.170
2026-10-01 22:34:33,713 | DEBUG | step 479 epoch 1 loss 0.2625 step_s 0.0233 peak_mem_gb 0.170
2026-10-01 22:34:33,736 | DEBUG | step 480 epoch 1 loss 0.2594 step_s 0.0225 peak_mem_gb 0.170
2026-10-01 22:34:33,758 | DEBUG | step 481 epoch 1 loss 0.3153 step_s 0.0213 peak_mem_gb 0.170
2026-10-01 22:34:33,783 | DEBUG | step 482 epoch 1 loss 0.3037 step_s 0.0239 peak_mem_gb 0.170
2026-10-01 22:34:33,805 | DEBUG | step 483 epoch 1 loss 0.2869 step_s 0.0215 peak_mem_gb 0.170
2026-10-01 22:34:33,829 | DEBUG | step 484 epoch 1 loss 0.2337 step_s 0.0230 peak_mem_gb 0.170
2026-10-01 22:34:33,853 | DEBUG | step 485 epoch 1 loss 0.2210 step_s 0.0233 peak_mem_gb 0.170
2026-10-01 22:34:33,878 | DEBUG | step 486 epoch 1 loss 0.2105 step_s 0.0238 peak_mem_gb 0.170
2026-10-01 22:34:33,902 | DEBUG | step 487 epoch 1 loss 0.1720 step_s 0.0228 peak_mem_gb 0.170
2026-10-01 22:34:33,927 | DEBUG | step 488 epoch 1 loss 0.3675 step_s 0.0246 peak_mem_gb 0.170
2026-10-01 22:34:33,950 | DEBUG | step 489 epoch 1 loss 0.2410 step_s 0.0216 peak_mem_gb 0.170
2026-10-01 22:34:33,971 | DEBUG | step 490 epoch 1 loss 0.1818 step_s 0.0203 peak_mem_gb 0.170
2026-10-01 22:34:33,994 | DEBUG | step 491 epoch 1 loss 0.4094 step_s 0.0221 peak_mem_gb 0.170
2026-10-01 22:34:34,015 | DEBUG | step 492 epoch 1 loss 0.2603 step_s 0.0206 peak_mem_gb 0.170
2026-10-01 22:34:34,040 | DEBUG | step 493 epoch 1 loss 0.2492 step_s 0.0238 peak_mem_gb 0.170
2026-10-01 22:34:34,061 | DEBUG | step 494 epoch 1 loss 0.3425 step_s 0.0201 peak_mem_gb 0.170
2026-10-01 22:34:34,086 | DEBUG | step 495 epoch 1 loss 0.2009 step_s 0.0242 peak_mem_gb 0.170
2026-10-01 22:34:34,111 | DEBUG | step 496 epoch 1 loss 0.3107 step_s 0.0237 peak_mem_gb 0.170
2026-10-01 22:34:34,135 | DEBUG | step 497 epoch 1 loss 0.2164 step_s 0.0231 peak_mem_gb 0.170
2026-10-01 22:34:34,160 | DEBUG | step 498 epoch 1 loss 0.2694 step_s 0.0243 peak_mem_gb 0.170
2026-10-01 22:34:34,184 | DEBUG | step 499 epoch 1 loss 0.1856 step_s 0.0233 peak_mem_gb 0.170
2026-10-01 22:34:34,209 | DEBUG | step 500 epoch 1 loss 0.2814 step_s 0.0240 peak_mem_gb 0.170
2026-10-01 22:34:34,234 | DEBUG | step 501 epoch 1 loss 0.2762 step_s 0.0239 peak_mem_gb 0.170
2026-10-01 22:34:34,257 | DEBUG | step 502 epoch 1 loss 0.2329 step_s 0.0221 peak_mem_gb 0.170
2026-10-01 22:34:34,283 | DEBUG | step 503 epoch 1 loss 0.2372 step_s 0.0252 peak_mem_gb 0.170
2026-10-01 22:34:34,307 | DEBUG | step 504 epoch 1 loss 0.2586 step_s 0.0236 peak_mem_gb 0.170
2026-10-01 22:34:34,332 | DEBUG | step 505 epoch 1 loss 0.1546 step_s 0.0238 peak_mem_gb 0.170
2026-10-01 22:34:34,354 | DEBUG | step 506 epoch 1 loss 0.2810 step_s 0.0213 peak_mem_gb 0.170
2026-10-01 22:34:34,379 | DEBUG | step 507 epoch 1 loss 0.3001 step_s 0.0234 peak_mem_gb 0.170
2026-10-01 22:34:34,404 | DEBUG | step 508 epoch 1 loss 0.2468 step_s 0.0237 peak_mem_gb 0.170
2026-10-01 22:34:34,426 | DEBUG | step 509 epoch 1 loss 0.2092 step_s 0.0216 peak_mem_gb 0.170
2026-10-01 22:34:34,451 | DEBUG | step 510 epoch 1 loss 0.2734 step_s 0.0244 peak_mem_gb 0.170
2026-10-01 22:34:34,476 | DEBUG | step 511 epoch 1 loss 0.3529 step_s 0.0237 peak_mem_gb 0.170
2026-10-01 22:34:34,499 | DEBUG | step 512 epoch 1 loss 0.2649 step_s 0.0220 peak_mem_gb 0.170
2026-10-01 22:34:34,523 | DEBUG | step 513 epoch 1 loss 0.2896 step_s 0.0237 peak_mem_gb 0.170
2026-10-01 22:34:34,548 | DEBUG | step 514 epoch 1 loss 0.2414 step_s 0.0234 peak_mem_gb 0.170
2026-10-01 22:34:34,571 | DEBUG | step 515 epoch 1 loss 0.3200 step_s 0.0228 peak_mem_gb 0.170
2026-10-01 22:34:34,594 | DEBUG | step 516 epoch 1 loss 0.2198 step_s 0.0222 peak_mem_gb 0.170
2026-10-01 22:34:34,618 | DEBUG | step 517 epoch 1 loss 0.2071 step_s 0.0224 peak_mem_gb 0.170
2026-10-01 22:34:34,642 | DEBUG | step 518 epoch 1 loss 0.1749 step_s 0.0236 peak_mem_gb 0.170
2026-10-01 22:34:34,664 | DEBUG | step 519 epoch 1 loss 0.2038 step_s 0.0216 peak_mem_gb 0.170
2026-10-01 22:34:34,688 | DEBUG | step 520 epoch 1 loss 0.4332 step_s 0.0229 peak_mem_gb 0.170
2026-10-01 22:34:34,708 | DEBUG | step 521 epoch 1 loss 0.2031 step_s 0.0192 peak_mem_gb 0.170
2026-10-01 22:34:34,733 | DEBUG | step 522 epoch 1 loss 0.2956 step_s 0.0236 peak_mem_gb 0.170
2026-10-01 22:34:34,757 | DEBUG | step 523 epoch 1 loss 0.1398 step_s 0.0233 peak_mem_gb 0.170
2026-10-01 22:34:34,779 | DEBUG | step 524 epoch 1 loss 0.2007 step_s 0.0212 peak_mem_gb 0.170
2026-10-01 22:34:34,802 | DEBUG | step 525 epoch 1 loss 0.3865 step_s 0.0222 peak_mem_gb 0.170
2026-10-01 22:34:34,826 | DEBUG | step 526 epoch 1 loss 0.2663 step_s 0.0229 peak_mem_gb 0.170
2026-10-01 22:34:34,851 | DEBUG | step 527 epoch 1 loss 0.1464 step_s 0.0238 peak_mem_gb 0.170
2026-10-01 22:34:34,874 | DEBUG | step 528 epoch 1 loss 0.2150 step_s 0.0228 peak_mem_gb 0.170
2026-10-01 22:34:34,901 | DEBUG | step 529 epoch 1 loss 0.1669 step_s 0.0260 peak_mem_gb 0.170
2026-10-01 22:34:34,927 | DEBUG | step 530 epoch 1 loss 0.3050 step_s 0.0248 peak_mem_gb 0.170
2026-10-01 22:34:34,952 | DEBUG | step 531 epoch 1 loss 0.2746 step_s 0.0240 peak_mem_gb 0.170
2026-10-01 22:34:34,977 | DEBUG | step 532 epoch 1 loss 0.2489 step_s 0.0238 peak_mem_gb 0.170
2026-10-01 22:34:35,001 | DEBUG | step 533 epoch 1 loss 0.1035 step_s 0.0232 peak_mem_gb 0.170
2026-10-01 22:34:35,026 | DEBUG | step 534 epoch 1 loss 0.1128 step_s 0.0239 peak_mem_gb 0.170
2026-10-01 22:34:35,047 | DEBUG | step 535 epoch 1 loss 0.3352 step_s 0.0202 peak_mem_gb 0.170
2026-10-01 22:34:35,072 | DEBUG | step 536 epoch 1 loss 0.2868 step_s 0.0240 peak_mem_gb 0.170
2026-10-01 22:34:35,097 | DEBUG | step 537 epoch 1 loss 0.3746 step_s 0.0244 peak_mem_gb 0.170
2026-10-01 22:34:35,122 | DEBUG | step 538 epoch 1 loss 0.2767 step_s 0.0217 peak_mem_gb 0.170
2026-10-01 22:34:35,146 | DEBUG | step 539 epoch 1 loss 0.3888 step_s 0.0229 peak_mem_gb 0.170
2026-10-01 22:34:35,170 | DEBUG | step 540 epoch 1 loss 0.2620 step_s 0.0238 peak_mem_gb 0.170
2026-10-01 22:34:35,195 | DEBUG | step 541 epoch 1 loss 0.2116 step_s 0.0240 peak_mem_gb 0.170
2026-10-01 22:34:35,219 | DEBUG | step 542 epoch 1 loss 0.1805 step_s 0.0229 peak_mem_gb 0.170
2026-10-01 22:34:35,246 | DEBUG | step 543 epoch 1 loss 0.2849 step_s 0.0258 peak_mem_gb 0.170
2026-10-01 22:34:35,272 | DEBUG | step 544 epoch 1 loss 0.3951 step_s 0.0247 peak_mem_gb 0.170
2026-10-01 22:34:35,292 | DEBUG | step 545 epoch 1 loss 0.1698 step_s 0.0190 peak_mem_gb 0.170
2026-10-01 22:34:35,316 | DEBUG | step 546 epoch 1 loss 0.3793 step_s 0.0233 peak_mem_gb 0.170
2026-10-01 22:34:35,340 | DEBUG | step 547 epoch 1 loss 0.2725 step_s 0.0230 peak_mem_gb 0.170
2026-10-01 22:34:35,364 | DEBUG | step 548 epoch 1 loss 0.1790 step_s 0.0231 peak_mem_gb 0.170
2026-10-01 22:34:35,386 | DEBUG | step 549 epoch 1 loss 0.3334 step_s 0.0210 peak_mem_gb 0.170
2026-10-01 22:34:35,410 | DEBUG | step 550 epoch 1 loss 0.3169 step_s 0.0232 peak_mem_gb 0.170
2026-10-01 22:34:35,434 | DEBUG | step 551 epoch 1 loss 0.1963 step_s 0.0236 peak_mem_gb 0.170
2026-10-01 22:34:35,460 | DEBUG | step 552 epoch 1 loss 0.2795 step_s 0.0245 peak_mem_gb 0.170
2026-10-01 22:34:35,484 | DEBUG | step 553 epoch 1 loss 0.3211 step_s 0.0229 peak_mem_gb 0.170
2026-10-01 22:34:35,508 | DEBUG | step 554 epoch 1 loss 0.2856 step_s 0.0236 peak_mem_gb 0.170
2026-10-01 22:34:35,530 | DEBUG | step 555 epoch 1 loss 0.2999 step_s 0.0208 peak_mem_gb 0.170
2026-10-01 22:34:35,555 | DEBUG | step 556 epoch 1 loss 0.3978 step_s 0.0237 peak_mem_gb 0.170
2026-10-01 22:34:35,580 | DEBUG | step 557 epoch 1 loss 0.1938 step_s 0.0241 peak_mem_gb 0.170
2026-10-01 22:34:35,602 | DEBUG | step 558 epoch 1 loss 0.3148 step_s 0.0217 peak_mem_gb 0.170
2026-10-01 22:34:35,628 | DEBUG | step 559 epoch 1 loss 0.3619 step_s 0.0248 peak_mem_gb 0.170
2026-10-01 22:34:35,654 | DEBUG | step 560 epoch 1 loss 0.1969 step_s 0.0243 peak_mem_gb 0.170
2026-10-01 22:34:35,676 | DEBUG | step 561 epoch 1 loss 0.2433 step_s 0.0208 peak_mem_gb 0.170
2026-10-01 22:34:35,705 | DEBUG | step 562 epoch 1 loss 0.3413 step_s 0.0283 peak_mem_gb 0.170
2026-10-01 22:34:35,734 | DEBUG | step 563 epoch 1 loss 0.2788 step_s 0.0270 peak_mem_gb 0.170
2026-10-01 22:34:35,756 | DEBUG | step 564 epoch 1 loss 0.1481 step_s 0.0211 peak_mem_gb 0.170
2026-10-01 22:34:35,781 | DEBUG | step 565 epoch 1 loss 0.2415 step_s 0.0233 peak_mem_gb 0.170
2026-10-01 22:34:35,804 | DEBUG | step 566 epoch 1 loss 0.2583 step_s 0.0228 peak_mem_gb 0.170
2026-10-01 22:34:35,831 | DEBUG | step 567 epoch 1 loss 0.2281 step_s 0.0252 peak_mem_gb 0.170
2026-10-01 22:34:35,855 | DEBUG | step 568 epoch 1 loss 0.2362 step_s 0.0237 peak_mem_gb 0.170
2026-10-01 22:34:35,881 | DEBUG | step 569 epoch 1 loss 0.3457 step_s 0.0245 peak_mem_gb 0.170
2026-10-01 22:34:35,906 | DEBUG | step 570 epoch 1 loss 0.2777 step_s 0.0243 peak_mem_gb 0.170
2026-10-01 22:34:35,931 | DEBUG | step 571 epoch 1 loss 0.4158 step_s 0.0237 peak_mem_gb 0.170
2026-10-01 22:34:35,956 | DEBUG | step 572 epoch 1 loss 0.3102 step_s 0.0241 peak_mem_gb 0.170
2026-10-01 22:34:35,981 | DEBUG | step 573 epoch 1 loss 0.2644 step_s 0.0242 peak_mem_gb 0.170
2026-10-01 22:34:36,002 | DEBUG | step 574 epoch 1 loss 0.2992 step_s 0.0200 peak_mem_gb 0.170
2026-10-01 22:34:36,027 | DEBUG | step 575 epoch 1 loss 0.2314 step_s 0.0242 peak_mem_gb 0.170
2026-10-01 22:34:36,051 | DEBUG | step 576 epoch 1 loss 0.2478 step_s 0.0238 peak_mem_gb 0.170
2026-10-01 22:34:36,076 | DEBUG | step 577 epoch 1 loss 0.3042 step_s 0.0240 peak_mem_gb 0.170
2026-10-01 22:34:36,101 | DEBUG | step 578 epoch 1 loss 0.1548 step_s 0.0240 peak_mem_gb 0.170
2026-10-01 22:34:36,126 | DEBUG | step 579 epoch 1 loss 0.2423 step_s 0.0237 peak_mem_gb 0.170
2026-10-01 22:34:36,151 | DEBUG | step 580 epoch 1 loss 0.2989 step_s 0.0241 peak_mem_gb 0.170
2026-10-01 22:34:36,174 | DEBUG | step 581 epoch 1 loss 0.2565 step_s 0.0222 peak_mem_gb 0.170
2026-10-01 22:34:36,198 | DEBUG | step 582 epoch 1 loss 0.2236 step_s 0.0236 peak_mem_gb 0.170
2026-10-01 22:34:36,222 | DEBUG | step 583 epoch 1 loss 0.2306 step_s 0.0227 peak_mem_gb 0.170
2026-10-01 22:34:36,247 | DEBUG | step 584 epoch 1 loss 0.2093 step_s 0.0236 peak_mem_gb 0.170
2026-10-01 22:34:36,271 | DEBUG | step 585 epoch 1 loss 0.4041 step_s 0.0236 peak_mem_gb 0.170
2026-10-01 22:34:36,296 | DEBUG | step 586 epoch 1 loss 0.2536 step_s 0.0240 peak_mem_gb 0.170
2026-10-01 22:34:36,323 | DEBUG | step 587 epoch 1 loss 0.2905 step_s 0.0258 peak_mem_gb 0.170
2026-10-01 22:34:36,347 | DEBUG | step 588 epoch 1 loss 0.3294 step_s 0.0233 peak_mem_gb 0.170
2026-10-01 22:34:36,372 | DEBUG | step 589 epoch 1 loss 0.2765 step_s 0.0236 peak_mem_gb 0.170
2026-10-01 22:34:36,394 | DEBUG | step 590 epoch 1 loss 0.2736 step_s 0.0216 peak_mem_gb 0.170
2026-10-01 22:34:36,417 | DEBUG | step 591 epoch 1 loss 0.2921 step_s 0.0223 peak_mem_gb 0.170
2026-10-01 22:34:36,442 | DEBUG | step 592 epoch 1 loss 0.2953 step_s 0.0238 peak_mem_gb 0.170
2026-10-01 22:34:36,467 | DEBUG | step 593 epoch 1 loss 0.3162 step_s 0.0235 peak_mem_gb 0.170
2026-10-01 22:34:36,491 | DEBUG | step 594 epoch 1 loss 0.3069 step_s 0.0240 peak_mem_gb 0.170
2026-10-01 22:34:36,516 | DEBUG | step 595 epoch 1 loss 0.1702 step_s 0.0240 peak_mem_gb 0.170
2026-10-01 22:34:36,541 | DEBUG | step 596 epoch 1 loss 0.1953 step_s 0.0237 peak_mem_gb 0.170
2026-10-01 22:34:36,565 | DEBUG | step 597 epoch 1 loss 0.3011 step_s 0.0233 peak_mem_gb 0.170
2026-10-01 22:34:36,589 | DEBUG | step 598 epoch 1 loss 0.2470 step_s 0.0229 peak_mem_gb 0.170
2026-10-01 22:34:36,612 | DEBUG | step 599 epoch 1 loss 0.2576 step_s 0.0228 peak_mem_gb 0.170
2026-10-01 22:34:36,634 | INFO | step 600 epoch 1 loss 0.1707 step_s 0.0210 peak_mem_gb 0.170
2026-10-01 22:34:36,663 | DEBUG | step 601 epoch 1 loss 0.2279 step_s 0.0269 peak_mem_gb 0.170
2026-10-01 22:34:36,686 | DEBUG | step 602 epoch 1 loss 0.2120 step_s 0.0220 peak_mem_gb 0.170
2026-10-01 22:34:36,712 | DEBUG | step 603 epoch 1 loss 0.2475 step_s 0.0249 peak_mem_gb 0.170
2026-10-01 22:34:36,737 | DEBUG | step 604 epoch 1 loss 0.2286 step_s 0.0238 peak_mem_gb 0.170
2026-10-01 22:34:36,765 | DEBUG | step 605 epoch 1 loss 0.2417 step_s 0.0265 peak_mem_gb 0.170
2026-10-01 22:34:36,790 | DEBUG | step 606 epoch 1 loss 0.1947 step_s 0.0243 peak_mem_gb 0.170
2026-10-01 22:34:36,816 | DEBUG | step 607 epoch 1 loss 0.3038 step_s 0.0241 peak_mem_gb 0.170
2026-10-01 22:34:36,841 | DEBUG | step 608 epoch 1 loss 0.2664 step_s 0.0238 peak_mem_gb 0.170
2026-10-01 22:34:36,865 | DEBUG | step 609 epoch 1 loss 0.3129 step_s 0.0241 peak_mem_gb 0.170
2026-10-01 22:34:36,891 | DEBUG | step 610 epoch 1 loss 0.2655 step_s 0.0244 peak_mem_gb 0.170
2026-10-01 22:34:36,917 | DEBUG | step 611 epoch 1 loss 0.3179 step_s 0.0246 peak_mem_gb 0.170
2026-10-01 22:34:36,943 | DEBUG | step 612 epoch 1 loss 0.2056 step_s 0.0247 peak_mem_gb 0.170
2026-10-01 22:34:36,968 | DEBUG | step 613 epoch 1 loss 0.3843 step_s 0.0244 peak_mem_gb 0.170
2026-10-01 22:34:36,990 | DEBUG | step 614 epoch 1 loss 0.1969 step_s 0.0208 peak_mem_gb 0.170
2026-10-01 22:34:37,015 | DEBUG | step 615 epoch 1 loss 0.2571 step_s 0.0247 peak_mem_gb 0.170
2026-10-01 22:34:37,041 | DEBUG | step 616 epoch 1 loss 0.2352 step_s 0.0245 peak_mem_gb 0.170
2026-10-01 22:34:37,065 | DEBUG | step 617 epoch 1 loss 0.3011 step_s 0.0232 peak_mem_gb 0.170
2026-10-01 22:34:37,087 | DEBUG | step 618 epoch 1 loss 0.2204 step_s 0.0215 peak_mem_gb 0.170
2026-10-01 22:34:37,112 | DEBUG | step 619 epoch 1 loss 0.1692 step_s 0.0236 peak_mem_gb 0.170
2026-10-01 22:34:37,134 | DEBUG | step 620 epoch 1 loss 0.1339 step_s 0.0215 peak_mem_gb 0.170
2026-10-01 22:34:37,157 | DEBUG | step 621 epoch 1 loss 0.3430 step_s 0.0224 peak_mem_gb 0.170
2026-10-01 22:34:37,182 | DEBUG | step 622 epoch 1 loss 0.3049 step_s 0.0235 peak_mem_gb 0.170
2026-10-01 22:34:37,207 | DEBUG | step 623 epoch 1 loss 0.2984 step_s 0.0240 peak_mem_gb 0.170
2026-10-01 22:34:37,232 | DEBUG | step 624 epoch 1 loss 0.1558 step_s 0.0240 peak_mem_gb 0.170
2026-10-01 22:34:37,257 | DEBUG | step 625 epoch 1 loss 0.1640 step_s 0.0238 peak_mem_gb 0.170
2026-10-01 22:34:37,281 | DEBUG | step 626 epoch 1 loss 0.1609 step_s 0.0237 peak_mem_gb 0.170
2026-10-01 22:34:37,308 | DEBUG | step 627 epoch 1 loss 0.2322 step_s 0.0259 peak_mem_gb 0.170
2026-10-01 22:34:37,334 | DEBUG | step 628 epoch 1 loss 0.1505 step_s 0.0246 peak_mem_gb 0.170
2026-10-01 22:34:37,359 | DEBUG | step 629 epoch 1 loss 0.2383 step_s 0.0242 peak_mem_gb 0.170
2026-10-01 22:34:37,383 | DEBUG | step 630 epoch 1 loss 0.2969 step_s 0.0233 peak_mem_gb 0.170
2026-10-01 22:34:37,408 | DEBUG | step 631 epoch 1 loss 0.2736 step_s 0.0234 peak_mem_gb 0.170
2026-10-01 22:34:37,432 | DEBUG | step 632 epoch 1 loss 0.1692 step_s 0.0237 peak_mem_gb 0.170
2026-10-01 22:34:37,456 | DEBUG | step 633 epoch 1 loss 0.2266 step_s 0.0232 peak_mem_gb 0.170
2026-10-01 22:34:37,481 | DEBUG | step 634 epoch 1 loss 0.2376 step_s 0.0236 peak_mem_gb 0.170
2026-10-01 22:34:37,498 | DEBUG | step 635 epoch 1 loss 0.1773 step_s 0.0160 peak_mem_gb 0.170
2026-10-01 22:34:37,516 | DEBUG | step 636 epoch 1 loss 0.2783 step_s 0.0170 peak_mem_gb 0.170
2026-10-01 22:34:37,541 | DEBUG | step 637 epoch 1 loss 0.2866 step_s 0.0249 peak_mem_gb 0.170
2026-10-01 22:34:37,565 | DEBUG | step 638 epoch 1 loss 0.2243 step_s 0.0227 peak_mem_gb 0.170
2026-10-01 22:34:37,585 | DEBUG | step 639 epoch 1 loss 0.2875 step_s 0.0191 peak_mem_gb 0.170
2026-10-01 22:34:37,609 | DEBUG | step 640 epoch 1 loss 0.2205 step_s 0.0233 peak_mem_gb 0.170
2026-10-01 22:34:37,633 | DEBUG | step 641 epoch 1 loss 0.2273 step_s 0.0230 peak_mem_gb 0.170
2026-10-01 22:34:37,658 | DEBUG | step 642 epoch 1 loss 0.3315 step_s 0.0235 peak_mem_gb 0.170
2026-10-01 22:34:37,682 | DEBUG | step 643 epoch 1 loss 0.2916 step_s 0.0237 peak_mem_gb 0.170
2026-10-01 22:34:37,707 | DEBUG | step 644 epoch 1 loss 0.3427 step_s 0.0242 peak_mem_gb 0.170
2026-10-01 22:34:37,730 | DEBUG | step 645 epoch 1 loss 0.2028 step_s 0.0216 peak_mem_gb 0.170
2026-10-01 22:34:37,758 | DEBUG | step 646 epoch 1 loss 0.2198 step_s 0.0265 peak_mem_gb 0.170
2026-10-01 22:34:37,787 | DEBUG | step 647 epoch 1 loss 0.2042 step_s 0.0279 peak_mem_gb 0.170
2026-10-01 22:34:37,815 | DEBUG | step 648 epoch 1 loss 0.3191 step_s 0.0263 peak_mem_gb 0.170
2026-10-01 22:34:37,839 | DEBUG | step 649 epoch 1 loss 0.2979 step_s 0.0237 peak_mem_gb 0.170
2026-10-01 22:34:37,866 | DEBUG | step 650 epoch 1 loss 0.2632 step_s 0.0258 peak_mem_gb 0.170
2026-10-01 22:34:37,894 | DEBUG | step 651 epoch 1 loss 0.3355 step_s 0.0270 peak_mem_gb 0.170
2026-10-01 22:34:37,920 | DEBUG | step 652 epoch 1 loss 0.2552 step_s 0.0245 peak_mem_gb 0.170
2026-10-01 22:34:37,945 | DEBUG | step 653 epoch 1 loss 0.2228 step_s 0.0240 peak_mem_gb 0.170
2026-10-01 22:34:37,970 | DEBUG | step 654 epoch 1 loss 0.1863 step_s 0.0238 peak_mem_gb 0.170
2026-10-01 22:34:37,993 | DEBUG | step 655 epoch 1 loss 0.2411 step_s 0.0223 peak_mem_gb 0.170
2026-10-01 22:34:38,013 | DEBUG | step 656 epoch 1 loss 0.1161 step_s 0.0199 peak_mem_gb 0.170
2026-10-01 22:34:38,039 | DEBUG | step 657 epoch 1 loss 0.1566 step_s 0.0243 peak_mem_gb 0.170
2026-10-01 22:34:38,064 | DEBUG | step 658 epoch 1 loss 0.2694 step_s 0.0248 peak_mem_gb 0.170
2026-10-01 22:34:38,087 | DEBUG | step 659 epoch 1 loss 0.1982 step_s 0.0215 peak_mem_gb 0.170
2026-10-01 22:34:38,107 | DEBUG | step 660 epoch 1 loss 0.3471 step_s 0.0192 peak_mem_gb 0.170
2026-10-01 22:34:38,129 | DEBUG | step 661 epoch 1 loss 0.2667 step_s 0.0212 peak_mem_gb 0.170
2026-10-01 22:34:38,153 | DEBUG | step 662 epoch 1 loss 0.2516 step_s 0.0234 peak_mem_gb 0.170
2026-10-01 22:34:38,178 | DEBUG | step 663 epoch 1 loss 0.2225 step_s 0.0238 peak_mem_gb 0.170
2026-10-01 22:34:38,203 | DEBUG | step 664 epoch 1 loss 0.2770 step_s 0.0237 peak_mem_gb 0.170
2026-10-01 22:34:38,226 | DEBUG | step 665 epoch 1 loss 0.3820 step_s 0.0219 peak_mem_gb 0.170
2026-10-01 22:34:38,252 | DEBUG | step 666 epoch 1 loss 0.2621 step_s 0.0249 peak_mem_gb 0.170
2026-10-01 22:34:38,275 | DEBUG | step 667 epoch 1 loss 0.2700 step_s 0.0228 peak_mem_gb 0.170
2026-10-01 22:34:38,295 | DEBUG | step 668 epoch 1 loss 0.2279 step_s 0.0191 peak_mem_gb 0.170
2026-10-01 22:34:38,316 | DEBUG | step 669 epoch 1 loss 0.2468 step_s 0.0197 peak_mem_gb 0.170
2026-10-01 22:34:38,340 | DEBUG | step 670 epoch 1 loss 0.3362 step_s 0.0236 peak_mem_gb 0.170
2026-10-01 22:34:38,365 | DEBUG | step 671 epoch 1 loss 0.3190 step_s 0.0237 peak_mem_gb 0.170
2026-10-01 22:34:38,390 | DEBUG | step 672 epoch 1 loss 0.2368 step_s 0.0243 peak_mem_gb 0.170
2026-10-01 22:34:38,414 | DEBUG | step 673 epoch 1 loss 0.1989 step_s 0.0231 peak_mem_gb 0.170
2026-10-01 22:34:38,439 | DEBUG | step 674 epoch 1 loss 0.2608 step_s 0.0236 peak_mem_gb 0.170
2026-10-01 22:34:38,464 | DEBUG | step 675 epoch 1 loss 0.2808 step_s 0.0243 peak_mem_gb 0.170
2026-10-01 22:34:38,487 | DEBUG | step 676 epoch 1 loss 0.3960 step_s 0.0223 peak_mem_gb 0.170
2026-10-01 22:34:38,508 | DEBUG | step 677 epoch 1 loss 0.2186 step_s 0.0205 peak_mem_gb 0.170
2026-10-01 22:34:38,533 | DEBUG | step 678 epoch 1 loss 0.2078 step_s 0.0240 peak_mem_gb 0.170
2026-10-01 22:34:38,558 | DEBUG | step 679 epoch 1 loss 0.2479 step_s 0.0245 peak_mem_gb 0.170
2026-10-01 22:34:38,583 | DEBUG | step 680 epoch 1 loss 0.3144 step_s 0.0238 peak_mem_gb 0.170
2026-10-01 22:34:38,608 | DEBUG | step 681 epoch 1 loss 0.2168 step_s 0.0233 peak_mem_gb 0.170
2026-10-01 22:34:38,632 | DEBUG | step 682 epoch 1 loss 0.4764 step_s 0.0233 peak_mem_gb 0.170
2026-10-01 22:34:38,656 | DEBUG | step 683 epoch 1 loss 0.2033 step_s 0.0229 peak_mem_gb 0.170
2026-10-01 22:34:38,681 | DEBUG | step 684 epoch 1 loss 0.1952 step_s 0.0243 peak_mem_gb 0.170
2026-10-01 22:34:38,706 | DEBUG | step 685 epoch 1 loss 0.2468 step_s 0.0239 peak_mem_gb 0.170
2026-10-01 22:34:38,730 | DEBUG | step 686 epoch 1 loss 0.2064 step_s 0.0232 peak_mem_gb 0.170
2026-10-01 22:34:38,754 | DEBUG | step 687 epoch 1 loss 0.1941 step_s 0.0235 peak_mem_gb 0.170
2026-10-01 22:34:38,778 | DEBUG | step 688 epoch 1 loss 0.1183 step_s 0.0229 peak_mem_gb 0.170
2026-10-01 22:34:38,802 | DEBUG | step 689 epoch 1 loss 0.2994 step_s 0.0232 peak_mem_gb 0.170
2026-10-01 22:34:38,826 | DEBUG | step 690 epoch 1 loss 0.2690 step_s 0.0231 peak_mem_gb 0.170
2026-10-01 22:34:38,850 | DEBUG | step 691 epoch 1 loss 0.2592 step_s 0.0232 peak_mem_gb 0.170
2026-10-01 22:34:38,875 | DEBUG | step 692 epoch 1 loss 0.3654 step_s 0.0239 peak_mem_gb 0.170
2026-10-01 22:34:38,900 | DEBUG | step 693 epoch 1 loss 0.2695 step_s 0.0239 peak_mem_gb 0.170
2026-10-01 22:34:38,925 | DEBUG | step 694 epoch 1 loss 0.1493 step_s 0.0242 peak_mem_gb 0.170
2026-10-01 22:34:38,951 | DEBUG | step 695 epoch 1 loss 0.2925 step_s 0.0249 peak_mem_gb 0.170
2026-10-01 22:34:38,975 | DEBUG | step 696 epoch 1 loss 0.2202 step_s 0.0234 peak_mem_gb 0.170
2026-10-01 22:34:39,000 | DEBUG | step 697 epoch 1 loss 0.2111 step_s 0.0240 peak_mem_gb 0.170
2026-10-01 22:34:39,021 | DEBUG | step 698 epoch 1 loss 0.2021 step_s 0.0200 peak_mem_gb 0.170
2026-10-01 22:34:39,046 | DEBUG | step 699 epoch 1 loss 0.3863 step_s 0.0239 peak_mem_gb 0.170
2026-10-01 22:34:39,070 | DEBUG | step 700 epoch 1 loss 0.2487 step_s 0.0229 peak_mem_gb 0.170
2026-10-01 22:34:39,097 | DEBUG | step 701 epoch 1 loss 0.2180 step_s 0.0260 peak_mem_gb 0.170
2026-10-01 22:34:39,118 | DEBUG | step 702 epoch 1 loss 0.2290 step_s 0.0201 peak_mem_gb 0.170
2026-10-01 22:34:39,139 | DEBUG | step 703 epoch 1 loss 0.3546 step_s 0.0203 peak_mem_gb 0.170
2026-10-01 22:34:39,161 | DEBUG | step 704 epoch 1 loss 0.2020 step_s 0.0208 peak_mem_gb 0.170
2026-10-01 22:34:39,185 | DEBUG | step 705 epoch 1 loss 0.1214 step_s 0.0232 peak_mem_gb 0.170
2026-10-01 22:34:39,209 | DEBUG | step 706 epoch 1 loss 0.2460 step_s 0.0235 peak_mem_gb 0.170
2026-10-01 22:34:39,233 | DEBUG | step 707 epoch 1 loss 0.2800 step_s 0.0225 peak_mem_gb 0.170
2026-10-01 22:34:39,259 | DEBUG | step 708 epoch 1 loss 0.2394 step_s 0.0249 peak_mem_gb 0.170
2026-10-01 22:34:39,283 | DEBUG | step 709 epoch 1 loss 0.1949 step_s 0.0230 peak_mem_gb 0.170
2026-10-01 22:34:39,302 | DEBUG | step 710 epoch 1 loss 0.2485 step_s 0.0186 peak_mem_gb 0.170
2026-10-01 22:34:39,327 | DEBUG | step 711 epoch 1 loss 0.3075 step_s 0.0233 peak_mem_gb 0.170
2026-10-01 22:34:39,353 | DEBUG | step 712 epoch 1 loss 0.3319 step_s 0.0249 peak_mem_gb 0.170
2026-10-01 22:34:39,380 | DEBUG | step 713 epoch 1 loss 0.2556 step_s 0.0251 peak_mem_gb 0.170
2026-10-01 22:34:39,406 | DEBUG | step 714 epoch 1 loss 0.1972 step_s 0.0246 peak_mem_gb 0.170
2026-10-01 22:34:39,429 | DEBUG | step 715 epoch 1 loss 0.2425 step_s 0.0220 peak_mem_gb 0.170
2026-10-01 22:34:39,455 | DEBUG | step 716 epoch 1 loss 0.1411 step_s 0.0254 peak_mem_gb 0.170
2026-10-01 22:34:39,478 | DEBUG | step 717 epoch 1 loss 0.2422 step_s 0.0221 peak_mem_gb 0.170
2026-10-01 22:34:39,502 | DEBUG | step 718 epoch 1 loss 0.1881 step_s 0.0225 peak_mem_gb 0.170
2026-10-01 22:34:39,527 | DEBUG | step 719 epoch 1 loss 0.1914 step_s 0.0249 peak_mem_gb 0.170
2026-10-01 22:34:39,552 | DEBUG | step 720 epoch 1 loss 0.3080 step_s 0.0240 peak_mem_gb 0.170
2026-10-01 22:34:39,577 | DEBUG | step 721 epoch 1 loss 0.2430 step_s 0.0236 peak_mem_gb 0.170
2026-10-01 22:34:39,602 | DEBUG | step 722 epoch 1 loss 0.2080 step_s 0.0243 peak_mem_gb 0.170
2026-10-01 22:34:39,628 | DEBUG | step 723 epoch 1 loss 0.2158 step_s 0.0251 peak_mem_gb 0.170
2026-10-01 22:34:39,653 | DEBUG | step 724 epoch 1 loss 0.1677 step_s 0.0238 peak_mem_gb 0.170
2026-10-01 22:34:39,677 | DEBUG | step 725 epoch 1 loss 0.2758 step_s 0.0235 peak_mem_gb 0.170
2026-10-01 22:34:39,701 | DEBUG | step 726 epoch 1 loss 0.2505 step_s 0.0225 peak_mem_gb 0.170
2026-10-01 22:34:39,721 | DEBUG | step 727 epoch 1 loss 0.1398 step_s 0.0192 peak_mem_gb 0.170
2026-10-01 22:34:39,744 | DEBUG | step 728 epoch 1 loss 0.2689 step_s 0.0225 peak_mem_gb 0.170
2026-10-01 22:34:39,769 | DEBUG | step 729 epoch 1 loss 0.1641 step_s 0.0238 peak_mem_gb 0.170
2026-10-01 22:34:39,795 | DEBUG | step 730 epoch 1 loss 0.1601 step_s 0.0252 peak_mem_gb 0.170
2026-10-01 22:34:39,818 | DEBUG | step 731 epoch 1 loss 0.2185 step_s 0.0228 peak_mem_gb 0.170
2026-10-01 22:34:39,841 | DEBUG | step 732 epoch 1 loss 0.3411 step_s 0.0212 peak_mem_gb 0.170
2026-10-01 22:34:39,864 | DEBUG | step 733 epoch 1 loss 0.1433 step_s 0.0224 peak_mem_gb 0.170
2026-10-01 22:34:39,889 | DEBUG | step 734 epoch 1 loss 0.3289 step_s 0.0241 peak_mem_gb 0.170
2026-10-01 22:34:39,915 | DEBUG | step 735 epoch 1 loss 0.3374 step_s 0.0253 peak_mem_gb 0.170
2026-10-01 22:34:39,941 | DEBUG | step 736 epoch 1 loss 0.2237 step_s 0.0243 peak_mem_gb 0.170
2026-10-01 22:34:39,968 | DEBUG | step 737 epoch 1 loss 0.2082 step_s 0.0254 peak_mem_gb 0.170
2026-10-01 22:34:39,993 | DEBUG | step 738 epoch 1 loss 0.1473 step_s 0.0247 peak_mem_gb 0.170
2026-10-01 22:34:40,019 | DEBUG | step 739 epoch 1 loss 0.3533 step_s 0.0244 peak_mem_gb 0.170
2026-10-01 22:34:40,043 | DEBUG | step 740 epoch 1 loss 0.1537 step_s 0.0237 peak_mem_gb 0.170
2026-10-01 22:34:40,067 | DEBUG | step 741 epoch 1 loss 0.2242 step_s 0.0225 peak_mem_gb 0.170
2026-10-01 22:34:40,092 | DEBUG | step 742 epoch 1 loss 0.2841 step_s 0.0244 peak_mem_gb 0.170
2026-10-01 22:34:40,115 | DEBUG | step 743 epoch 1 loss 0.2778 step_s 0.0220 peak_mem_gb 0.170
2026-10-01 22:34:40,139 | DEBUG | step 744 epoch 1 loss 0.2215 step_s 0.0234 peak_mem_gb 0.170
2026-10-01 22:34:40,163 | DEBUG | step 745 epoch 1 loss 0.2336 step_s 0.0233 peak_mem_gb 0.170
2026-10-01 22:34:40,188 | DEBUG | step 746 epoch 1 loss 0.2347 step_s 0.0235 peak_mem_gb 0.170
2026-10-01 22:34:40,212 | DEBUG | step 747 epoch 1 loss 0.2093 step_s 0.0234 peak_mem_gb 0.170
2026-10-01 22:34:40,238 | DEBUG | step 748 epoch 1 loss 0.2551 step_s 0.0246 peak_mem_gb 0.170
2026-10-01 22:34:40,262 | DEBUG | step 749 epoch 1 loss 0.2892 step_s 0.0238 peak_mem_gb 0.170
2026-10-01 22:34:40,287 | DEBUG | step 750 epoch 1 loss 0.2642 step_s 0.0238 peak_mem_gb 0.170
2026-10-01 22:34:40,309 | DEBUG | step 751 epoch 1 loss 0.1208 step_s 0.0214 peak_mem_gb 0.170
2026-10-01 22:34:40,333 | DEBUG | step 752 epoch 1 loss 0.4902 step_s 0.0232 peak_mem_gb 0.170
2026-10-01 22:34:40,357 | DEBUG | step 753 epoch 1 loss 0.2467 step_s 0.0233 peak_mem_gb 0.170
2026-10-01 22:34:40,381 | DEBUG | step 754 epoch 1 loss 0.1835 step_s 0.0223 peak_mem_gb 0.170
2026-10-01 22:34:40,402 | DEBUG | step 755 epoch 1 loss 0.1691 step_s 0.0209 peak_mem_gb 0.170
2026-10-01 22:34:40,423 | DEBUG | step 756 epoch 1 loss 0.2365 step_s 0.0194 peak_mem_gb 0.170
2026-10-01 22:34:40,447 | DEBUG | step 757 epoch 1 loss 0.2253 step_s 0.0229 peak_mem_gb 0.170
2026-10-01 22:34:40,471 | DEBUG | step 758 epoch 1 loss 0.2343 step_s 0.0229 peak_mem_gb 0.170
2026-10-01 22:34:40,495 | DEBUG | step 759 epoch 1 loss 0.1689 step_s 0.0237 peak_mem_gb 0.170
2026-10-01 22:34:40,517 | DEBUG | step 760 epoch 1 loss 0.3142 step_s 0.0203 peak_mem_gb 0.170
2026-10-01 22:34:40,534 | DEBUG | step 761 epoch 1 loss 0.3048 step_s 0.0163 peak_mem_gb 0.170
2026-10-01 22:34:40,558 | DEBUG | step 762 epoch 1 loss 0.1692 step_s 0.0238 peak_mem_gb 0.170
2026-10-01 22:34:40,582 | DEBUG | step 763 epoch 1 loss 0.1673 step_s 0.0231 peak_mem_gb 0.170
2026-10-01 22:34:40,606 | DEBUG | step 764 epoch 1 loss 0.1480 step_s 0.0229 peak_mem_gb 0.170
2026-10-01 22:34:40,628 | DEBUG | step 765 epoch 1 loss 0.3287 step_s 0.0212 peak_mem_gb 0.170
2026-10-01 22:34:40,654 | DEBUG | step 766 epoch 1 loss 0.2544 step_s 0.0248 peak_mem_gb 0.170
2026-10-01 22:34:40,678 | DEBUG | step 767 epoch 1 loss 0.3133 step_s 0.0239 peak_mem_gb 0.170
2026-10-01 22:34:40,701 | DEBUG | step 768 epoch 1 loss 0.2309 step_s 0.0218 peak_mem_gb 0.170
2026-10-01 22:34:40,724 | DEBUG | step 769 epoch 1 loss 0.1220 step_s 0.0218 peak_mem_gb 0.170
2026-10-01 22:34:40,748 | DEBUG | step 770 epoch 1 loss 0.2032 step_s 0.0235 peak_mem_gb 0.170
2026-10-01 22:34:40,773 | DEBUG | step 771 epoch 1 loss 0.1699 step_s 0.0239 peak_mem_gb 0.170
2026-10-01 22:34:40,797 | DEBUG | step 772 epoch 1 loss 0.1936 step_s 0.0229 peak_mem_gb 0.170
2026-10-01 22:34:40,821 | DEBUG | step 773 epoch 1 loss 0.2463 step_s 0.0234 peak_mem_gb 0.170
2026-10-01 22:34:40,839 | DEBUG | step 774 epoch 1 loss 0.2046 step_s 0.0176 peak_mem_gb 0.170
2026-10-01 22:34:40,864 | DEBUG | step 775 epoch 1 loss 0.2215 step_s 0.0236 peak_mem_gb 0.170
2026-10-01 22:34:40,888 | DEBUG | step 776 epoch 1 loss 0.1986 step_s 0.0234 peak_mem_gb 0.170
2026-10-01 22:34:40,912 | DEBUG | step 777 epoch 1 loss 0.2351 step_s 0.0228 peak_mem_gb 0.170
2026-10-01 22:34:40,937 | DEBUG | step 778 epoch 1 loss 0.1000 step_s 0.0236 peak_mem_gb 0.170
2026-10-01 22:34:40,956 | DEBUG | step 779 epoch 1 loss 0.2079 step_s 0.0188 peak_mem_gb 0.170
2026-10-01 22:34:40,985 | DEBUG | step 780 epoch 1 loss 0.2979 step_s 0.0278 peak_mem_gb 0.170
2026-10-01 22:34:41,007 | DEBUG | step 781 epoch 1 loss 0.1269 step_s 0.0207 peak_mem_gb 0.170
2026-10-01 22:34:41,030 | DEBUG | step 782 epoch 1 loss 0.2402 step_s 0.0228 peak_mem_gb 0.170
2026-10-01 22:34:41,055 | DEBUG | step 783 epoch 1 loss 0.1756 step_s 0.0234 peak_mem_gb 0.170
2026-10-01 22:34:41,079 | DEBUG | step 784 epoch 1 loss 0.1920 step_s 0.0235 peak_mem_gb 0.170
2026-10-01 22:34:41,103 | DEBUG | step 785 epoch 1 loss 0.2887 step_s 0.0233 peak_mem_gb 0.170
2026-10-01 22:34:41,127 | DEBUG | step 786 epoch 1 loss 0.3684 step_s 0.0232 peak_mem_gb 0.170
2026-10-01 22:34:41,153 | DEBUG | step 787 epoch 1 loss 0.1739 step_s 0.0242 peak_mem_gb 0.170
2026-10-01 22:34:41,177 | DEBUG | step 788 epoch 1 loss 0.3418 step_s 0.0234 peak_mem_gb 0.170
2026-10-01 22:34:41,198 | DEBUG | step 789 epoch 1 loss 0.2107 step_s 0.0204 peak_mem_gb 0.170
2026-10-01 22:34:41,224 | DEBUG | step 790 epoch 1 loss 0.2152 step_s 0.0246 peak_mem_gb 0.170
2026-10-01 22:34:41,248 | DEBUG | step 791 epoch 1 loss 0.2257 step_s 0.0241 peak_mem_gb 0.170
2026-10-01 22:34:41,272 | DEBUG | step 792 epoch 1 loss 0.2888 step_s 0.0227 peak_mem_gb 0.170
2026-10-01 22:34:41,296 | DEBUG | step 793 epoch 1 loss 0.3457 step_s 0.0234 peak_mem_gb 0.170
2026-10-01 22:34:41,318 | DEBUG | step 794 epoch 1 loss 0.1418 step_s 0.0203 peak_mem_gb 0.170
2026-10-01 22:34:41,342 | DEBUG | step 795 epoch 1 loss 0.1543 step_s 0.0235 peak_mem_gb 0.170
2026-10-01 22:34:41,366 | DEBUG | step 796 epoch 1 loss 0.0970 step_s 0.0228 peak_mem_gb 0.170
2026-10-01 22:34:41,390 | DEBUG | step 797 epoch 1 loss 0.3153 step_s 0.0228 peak_mem_gb 0.170
2026-10-01 22:34:41,415 | DEBUG | step 798 epoch 1 loss 0.1787 step_s 0.0226 peak_mem_gb 0.170
2026-10-01 22:34:41,440 | DEBUG | step 799 epoch 1 loss 0.2133 step_s 0.0244 peak_mem_gb 0.170
2026-10-01 22:34:41,466 | INFO | step 800 epoch 1 loss 0.2207 step_s 0.0249 peak_mem_gb 0.170
2026-10-01 22:34:41,495 | DEBUG | step 801 epoch 1 loss 0.1841 step_s 0.0275 peak_mem_gb 0.170
2026-10-01 22:34:41,518 | DEBUG | step 802 epoch 1 loss 0.1178 step_s 0.0218 peak_mem_gb 0.170
2026-10-01 22:34:41,542 | DEBUG | step 803 epoch 1 loss 0.2228 step_s 0.0231 peak_mem_gb 0.170
2026-10-01 22:34:41,567 | DEBUG | step 804 epoch 1 loss 0.1896 step_s 0.0233 peak_mem_gb 0.170
2026-10-01 22:34:41,584 | DEBUG | step 805 epoch 1 loss 0.2441 step_s 0.0169 peak_mem_gb 0.170
2026-10-01 22:34:41,605 | DEBUG | step 806 epoch 1 loss 0.2468 step_s 0.0201 peak_mem_gb 0.170
2026-10-01 22:34:41,629 | DEBUG | step 807 epoch 1 loss 0.2065 step_s 0.0225 peak_mem_gb 0.170
2026-10-01 22:34:41,653 | DEBUG | step 808 epoch 1 loss 0.2783 step_s 0.0240 peak_mem_gb 0.170
2026-10-01 22:34:41,678 | DEBUG | step 809 epoch 1 loss 0.3007 step_s 0.0236 peak_mem_gb 0.170
2026-10-01 22:34:41,702 | DEBUG | step 810 epoch 1 loss 0.2265 step_s 0.0230 peak_mem_gb 0.170
2026-10-01 22:34:41,726 | DEBUG | step 811 epoch 1 loss 0.2262 step_s 0.0236 peak_mem_gb 0.170
2026-10-01 22:34:41,751 | DEBUG | step 812 epoch 1 loss 0.2480 step_s 0.0234 peak_mem_gb 0.170
2026-10-01 22:34:41,775 | DEBUG | step 813 epoch 1 loss 0.1407 step_s 0.0230 peak_mem_gb 0.170
2026-10-01 22:34:41,800 | DEBUG | step 814 epoch 1 loss 0.2349 step_s 0.0241 peak_mem_gb 0.170
2026-10-01 22:34:41,823 | DEBUG | step 815 epoch 1 loss 0.1657 step_s 0.0226 peak_mem_gb 0.170
2026-10-01 22:34:41,847 | DEBUG | step 816 epoch 1 loss 0.2350 step_s 0.0232 peak_mem_gb 0.170
2026-10-01 22:34:41,871 | DEBUG | step 817 epoch 1 loss 0.1993 step_s 0.0234 peak_mem_gb 0.170
2026-10-01 22:34:41,896 | DEBUG | step 818 epoch 1 loss 0.2596 step_s 0.0235 peak_mem_gb 0.170
2026-10-01 22:34:41,920 | DEBUG | step 819 epoch 1 loss 0.2065 step_s 0.0239 peak_mem_gb 0.170
2026-10-01 22:34:41,945 | DEBUG | step 820 epoch 1 loss 0.2583 step_s 0.0242 peak_mem_gb 0.170
2026-10-01 22:34:41,970 | DEBUG | step 821 epoch 1 loss 0.2554 step_s 0.0236 peak_mem_gb 0.170
2026-10-01 22:34:41,993 | DEBUG | step 822 epoch 1 loss 0.1421 step_s 0.0225 peak_mem_gb 0.170
2026-10-01 22:34:42,017 | DEBUG | step 823 epoch 1 loss 0.1798 step_s 0.0230 peak_mem_gb 0.170
2026-10-01 22:34:42,040 | DEBUG | step 824 epoch 1 loss 0.2826 step_s 0.0217 peak_mem_gb 0.170
2026-10-01 22:34:42,059 | DEBUG | step 825 epoch 1 loss 0.1240 step_s 0.0189 peak_mem_gb 0.170
2026-10-01 22:34:42,080 | DEBUG | step 826 epoch 1 loss 0.1774 step_s 0.0194 peak_mem_gb 0.170
2026-10-01 22:34:42,104 | DEBUG | step 827 epoch 1 loss 0.2457 step_s 0.0236 peak_mem_gb 0.170
2026-10-01 22:34:42,128 | DEBUG | step 828 epoch 1 loss 0.2102 step_s 0.0235 peak_mem_gb 0.170
2026-10-01 22:34:42,152 | DEBUG | step 829 epoch 1 loss 0.1779 step_s 0.0230 peak_mem_gb 0.170
2026-10-01 22:34:42,179 | DEBUG | step 830 epoch 1 loss 0.1906 step_s 0.0256 peak_mem_gb 0.170
2026-10-01 22:34:42,201 | DEBUG | step 831 epoch 1 loss 0.1387 step_s 0.0215 peak_mem_gb 0.170
2026-10-01 22:34:42,225 | DEBUG | step 832 epoch 1 loss 0.2656 step_s 0.0227 peak_mem_gb 0.170
2026-10-01 22:34:42,248 | DEBUG | step 833 epoch 1 loss 0.2659 step_s 0.0219 peak_mem_gb 0.170
2026-10-01 22:34:42,272 | DEBUG | step 834 epoch 1 loss 0.1737 step_s 0.0232 peak_mem_gb 0.170
2026-10-01 22:34:42,296 | DEBUG | step 835 epoch 1 loss 0.2160 step_s 0.0229 peak_mem_gb 0.170
2026-10-01 22:34:42,321 | DEBUG | step 836 epoch 1 loss 0.2628 step_s 0.0240 peak_mem_gb 0.170
2026-10-01 22:34:42,347 | DEBUG | step 837 epoch 1 loss 0.1485 step_s 0.0254 peak_mem_gb 0.170
2026-10-01 22:34:42,372 | DEBUG | step 838 epoch 1 loss 0.2352 step_s 0.0237 peak_mem_gb 0.170
2026-10-01 22:34:42,397 | DEBUG | step 839 epoch 1 loss 0.2573 step_s 0.0237 peak_mem_gb 0.170
2026-10-01 22:34:42,420 | DEBUG | step 840 epoch 1 loss 0.3335 step_s 0.0223 peak_mem_gb 0.170
2026-10-01 22:34:42,445 | DEBUG | step 841 epoch 1 loss 0.1702 step_s 0.0247 peak_mem_gb 0.170
2026-10-01 22:34:42,470 | DEBUG | step 842 epoch 1 loss 0.2046 step_s 0.0239 peak_mem_gb 0.170
2026-10-01 22:34:42,493 | DEBUG | step 843 epoch 1 loss 0.1817 step_s 0.0221 peak_mem_gb 0.170
2026-10-01 22:34:42,517 | DEBUG | step 844 epoch 1 loss 0.2271 step_s 0.0226 peak_mem_gb 0.170
2026-10-01 22:34:42,541 | DEBUG | step 845 epoch 1 loss 0.2322 step_s 0.0230 peak_mem_gb 0.170
2026-10-01 22:34:42,561 | DEBUG | step 846 epoch 1 loss 0.1400 step_s 0.0198 peak_mem_gb 0.170
2026-10-01 22:34:42,585 | DEBUG | step 847 epoch 1 loss 0.1431 step_s 0.0228 peak_mem_gb 0.170
2026-10-01 22:34:42,605 | DEBUG | step 848 epoch 1 loss 0.2149 step_s 0.0187 peak_mem_gb 0.170
2026-10-01 22:34:42,630 | DEBUG | step 849 epoch 1 loss 0.2683 step_s 0.0244 peak_mem_gb 0.170
2026-10-01 22:34:42,652 | DEBUG | step 850 epoch 1 loss 0.1853 step_s 0.0211 peak_mem_gb 0.170
2026-10-01 22:34:42,678 | DEBUG | step 851 epoch 1 loss 0.1546 step_s 0.0254 peak_mem_gb 0.170
2026-10-01 22:34:42,703 | DEBUG | step 852 epoch 1 loss 0.1768 step_s 0.0240 peak_mem_gb 0.170
2026-10-01 22:34:42,728 | DEBUG | step 853 epoch 1 loss 0.2354 step_s 0.0236 peak_mem_gb 0.170
2026-10-01 22:34:42,751 | DEBUG | step 854 epoch 1 loss 0.2926 step_s 0.0228 peak_mem_gb 0.170
2026-10-01 22:34:42,775 | DEBUG | step 855 epoch 1 loss 0.1823 step_s 0.0232 peak_mem_gb 0.170
2026-10-01 22:34:42,799 | DEBUG | step 856 epoch 1 loss 0.1789 step_s 0.0231 peak_mem_gb 0.170
2026-10-01 22:34:42,824 | DEBUG | step 857 epoch 1 loss 0.1662 step_s 0.0235 peak_mem_gb 0.170
2026-10-01 22:34:42,849 | DEBUG | step 858 epoch 1 loss 0.2147 step_s 0.0247 peak_mem_gb 0.170
2026-10-01 22:34:42,874 | DEBUG | step 859 epoch 1 loss 0.2517 step_s 0.0240 peak_mem_gb 0.170
2026-10-01 22:34:42,898 | DEBUG | step 860 epoch 1 loss 0.1927 step_s 0.0232 peak_mem_gb 0.170
2026-10-01 22:34:42,923 | DEBUG | step 861 epoch 1 loss 0.2659 step_s 0.0240 peak_mem_gb 0.170
2026-10-01 22:34:42,947 | DEBUG | step 862 epoch 1 loss 0.1414 step_s 0.0234 peak_mem_gb 0.170
2026-10-01 22:34:42,972 | DEBUG | step 863 epoch 1 loss 0.2175 step_s 0.0236 peak_mem_gb 0.170
2026-10-01 22:34:42,995 | DEBUG | step 864 epoch 1 loss 0.2153 step_s 0.0227 peak_mem_gb 0.170
2026-10-01 22:34:43,023 | DEBUG | step 865 epoch 1 loss 0.2564 step_s 0.0265 peak_mem_gb 0.170
2026-10-01 22:34:43,044 | DEBUG | step 866 epoch 1 loss 0.2455 step_s 0.0199 peak_mem_gb 0.170
2026-10-01 22:34:43,066 | DEBUG | step 867 epoch 1 loss 0.1949 step_s 0.0214 peak_mem_gb 0.170
2026-10-01 22:34:43,090 | DEBUG | step 868 epoch 1 loss 0.3997 step_s 0.0224 peak_mem_gb 0.170
2026-10-01 22:34:43,114 | DEBUG | step 869 epoch 1 loss 0.2900 step_s 0.0231 peak_mem_gb 0.170
2026-10-01 22:34:43,139 | DEBUG | step 870 epoch 1 loss 0.2866 step_s 0.0239 peak_mem_gb 0.170
2026-10-01 22:34:43,164 | DEBUG | step 871 epoch 1 loss 0.0943 step_s 0.0245 peak_mem_gb 0.170
2026-10-01 22:34:43,190 | DEBUG | step 872 epoch 1 loss 0.3175 step_s 0.0248 peak_mem_gb 0.170
2026-10-01 22:34:43,214 | DEBUG | step 873 epoch 1 loss 0.1244 step_s 0.0232 peak_mem_gb 0.170
2026-10-01 22:34:43,239 | DEBUG | step 874 epoch 1 loss 0.2989 step_s 0.0240 peak_mem_gb 0.170
2026-10-01 22:34:43,263 | DEBUG | step 875 epoch 1 loss 0.3021 step_s 0.0235 peak_mem_gb 0.170
2026-10-01 22:34:43,289 | DEBUG | step 876 epoch 1 loss 0.2615 step_s 0.0246 peak_mem_gb 0.170
2026-10-01 22:34:43,316 | DEBUG | step 877 epoch 1 loss 0.1118 step_s 0.0261 peak_mem_gb 0.170
2026-10-01 22:34:43,342 | DEBUG | step 878 epoch 1 loss 0.1599 step_s 0.0246 peak_mem_gb 0.170
2026-10-01 22:34:43,365 | DEBUG | step 879 epoch 1 loss 0.1785 step_s 0.0218 peak_mem_gb 0.170
2026-10-01 22:34:43,386 | DEBUG | step 880 epoch 1 loss 0.2711 step_s 0.0201 peak_mem_gb 0.170
2026-10-01 22:34:43,410 | DEBUG | step 881 epoch 1 loss 0.2617 step_s 0.0231 peak_mem_gb 0.170
2026-10-01 22:34:43,435 | DEBUG | step 882 epoch 1 loss 0.1815 step_s 0.0245 peak_mem_gb 0.170
2026-10-01 22:34:43,462 | DEBUG | step 883 epoch 1 loss 0.1675 step_s 0.0258 peak_mem_gb 0.170
2026-10-01 22:34:43,488 | DEBUG | step 884 epoch 1 loss 0.1531 step_s 0.0247 peak_mem_gb 0.170
2026-10-01 22:34:43,514 | DEBUG | step 885 epoch 1 loss 0.2931 step_s 0.0251 peak_mem_gb 0.170
2026-10-01 22:34:43,541 | DEBUG | step 886 epoch 1 loss 0.2632 step_s 0.0255 peak_mem_gb 0.170
2026-10-01 22:34:43,562 | DEBUG | step 887 epoch 1 loss 0.1381 step_s 0.0204 peak_mem_gb 0.170
2026-10-01 22:34:43,589 | DEBUG | step 888 epoch 1 loss 0.3177 step_s 0.0252 peak_mem_gb 0.170
2026-10-01 22:34:43,615 | DEBUG | step 889 epoch 1 loss 0.2439 step_s 0.0255 peak_mem_gb 0.170
2026-10-01 22:34:43,638 | DEBUG | step 890 epoch 1 loss 0.1356 step_s 0.0219 peak_mem_gb 0.170
2026-10-01 22:34:43,661 | DEBUG | step 891 epoch 1 loss 0.2719 step_s 0.0221 peak_mem_gb 0.170
2026-10-01 22:34:43,686 | DEBUG | step 892 epoch 1 loss 0.1477 step_s 0.0239 peak_mem_gb 0.170
2026-10-01 22:34:43,711 | DEBUG | step 893 epoch 1 loss 0.1560 step_s 0.0242 peak_mem_gb 0.170
2026-10-01 22:34:43,735 | DEBUG | step 894 epoch 1 loss 0.2124 step_s 0.0231 peak_mem_gb 0.170
2026-10-01 22:34:43,759 | DEBUG | step 895 epoch 1 loss 0.2783 step_s 0.0227 peak_mem_gb 0.170
2026-10-01 22:34:43,779 | DEBUG | step 896 epoch 1 loss 0.2573 step_s 0.0192 peak_mem_gb 0.170
2026-10-01 22:34:43,803 | DEBUG | step 897 epoch 1 loss 0.1272 step_s 0.0233 peak_mem_gb 0.170
2026-10-01 22:34:43,828 | DEBUG | step 898 epoch 1 loss 0.2200 step_s 0.0236 peak_mem_gb 0.170
2026-10-01 22:34:43,852 | DEBUG | step 899 epoch 1 loss 0.1944 step_s 0.0238 peak_mem_gb 0.170
2026-10-01 22:34:43,877 | DEBUG | step 900 epoch 1 loss 0.1853 step_s 0.0235 peak_mem_gb 0.170
2026-10-01 22:34:43,901 | DEBUG | step 901 epoch 1 loss 0.2545 step_s 0.0233 peak_mem_gb 0.170
2026-10-01 22:34:43,925 | DEBUG | step 902 epoch 1 loss 0.1589 step_s 0.0236 peak_mem_gb 0.170
2026-10-01 22:34:43,949 | DEBUG | step 903 epoch 1 loss 0.1996 step_s 0.0229 peak_mem_gb 0.170
2026-10-01 22:34:43,973 | DEBUG | step 904 epoch 1 loss 0.2163 step_s 0.0230 peak_mem_gb 0.170
2026-10-01 22:34:43,997 | DEBUG | step 905 epoch 1 loss 0.2136 step_s 0.0233 peak_mem_gb 0.170
2026-10-01 22:34:44,021 | DEBUG | step 906 epoch 1 loss 0.1711 step_s 0.0226 peak_mem_gb 0.170
2026-10-01 22:34:44,045 | DEBUG | step 907 epoch 1 loss 0.1848 step_s 0.0239 peak_mem_gb 0.170
2026-10-01 22:34:44,071 | DEBUG | step 908 epoch 1 loss 0.1642 step_s 0.0240 peak_mem_gb 0.170
2026-10-01 22:34:44,093 | DEBUG | step 909 epoch 1 loss 0.2279 step_s 0.0215 peak_mem_gb 0.170
2026-10-01 22:34:44,117 | DEBUG | step 910 epoch 1 loss 0.3724 step_s 0.0234 peak_mem_gb 0.170
2026-10-01 22:34:44,136 | DEBUG | step 911 epoch 1 loss 0.2570 step_s 0.0183 peak_mem_gb 0.170
2026-10-01 22:34:44,161 | DEBUG | step 912 epoch 1 loss 0.3094 step_s 0.0237 peak_mem_gb 0.170
2026-10-01 22:34:44,185 | DEBUG | step 913 epoch 1 loss 0.1670 step_s 0.0237 peak_mem_gb 0.170
2026-10-01 22:34:44,209 | DEBUG | step 914 epoch 1 loss 0.3141 step_s 0.0229 peak_mem_gb 0.170
2026-10-01 22:34:44,231 | DEBUG | step 915 epoch 1 loss 0.2947 step_s 0.0211 peak_mem_gb 0.170
2026-10-01 22:34:44,256 | DEBUG | step 916 epoch 1 loss 0.1797 step_s 0.0242 peak_mem_gb 0.170
2026-10-01 22:34:44,278 | DEBUG | step 917 epoch 1 loss 0.2131 step_s 0.0209 peak_mem_gb 0.170
2026-10-01 22:34:44,303 | DEBUG | step 918 epoch 1 loss 0.3096 step_s 0.0237 peak_mem_gb 0.170
2026-10-01 22:34:44,327 | DEBUG | step 919 epoch 1 loss 0.2453 step_s 0.0240 peak_mem_gb 0.170
2026-10-01 22:34:44,352 | DEBUG | step 920 epoch 1 loss 0.2441 step_s 0.0240 peak_mem_gb 0.170
2026-10-01 22:34:44,377 | DEBUG | step 921 epoch 1 loss 0.1322 step_s 0.0241 peak_mem_gb 0.170
2026-10-01 22:34:44,402 | DEBUG | step 922 epoch 1 loss 0.1466 step_s 0.0239 peak_mem_gb 0.170
2026-10-01 22:34:44,425 | DEBUG | step 923 epoch 1 loss 0.2991 step_s 0.0221 peak_mem_gb 0.170
2026-10-01 22:34:44,450 | DEBUG | step 924 epoch 1 loss 0.2993 step_s 0.0235 peak_mem_gb 0.170
2026-10-01 22:34:44,477 | DEBUG | step 925 epoch 1 loss 0.1757 step_s 0.0251 peak_mem_gb 0.170
2026-10-01 22:34:44,497 | DEBUG | step 926 epoch 1 loss 0.1388 step_s 0.0196 peak_mem_gb 0.170
2026-10-01 22:34:44,521 | DEBUG | step 927 epoch 1 loss 0.1256 step_s 0.0224 peak_mem_gb 0.170
2026-10-01 22:34:44,546 | DEBUG | step 928 epoch 1 loss 0.2731 step_s 0.0240 peak_mem_gb 0.170
2026-10-01 22:34:44,570 | DEBUG | step 929 epoch 1 loss 0.1497 step_s 0.0231 peak_mem_gb 0.170
2026-10-01 22:34:44,596 | DEBUG | step 930 epoch 1 loss 0.1909 step_s 0.0252 peak_mem_gb 0.170
2026-10-01 22:34:44,620 | DEBUG | step 931 epoch 1 loss 0.2255 step_s 0.0230 peak_mem_gb 0.170
2026-10-01 22:34:44,644 | DEBUG | step 932 epoch 1 loss 0.1596 step_s 0.0228 peak_mem_gb 0.170
2026-10-01 22:34:44,662 | DEBUG | step 933 epoch 1 loss 0.2589 step_s 0.0176 peak_mem_gb 0.170
2026-10-01 22:34:44,686 | DEBUG | step 934 epoch 1 loss 0.1841 step_s 0.0235 peak_mem_gb 0.170
2026-10-01 22:34:44,705 | DEBUG | step 935 epoch 1 loss 0.1570 step_s 0.0175 peak_mem_gb 0.170
2026-10-01 22:34:44,728 | DEBUG | step 936 epoch 1 loss 0.2133 step_s 0.0230 peak_mem_gb 0.170
2026-10-01 22:34:44,752 | DEBUG | step 937 epoch 1 loss 0.2395 step_s 0.0223 peak_mem_gb 0.170
2026-10-01 22:34:44,778 | DEBUG | step 938 epoch 1 loss 0.1278 step_s 0.0250 peak_mem_gb 0.170
2026-10-01 22:34:44,798 | DEBUG | step 939 epoch 1 loss 0.3017 step_s 0.0191 peak_mem_gb 0.170
2026-10-01 22:34:44,819 | DEBUG | step 940 epoch 1 loss 0.1789 step_s 0.0210 peak_mem_gb 0.170
2026-10-01 22:34:44,841 | DEBUG | step 941 epoch 1 loss 0.2605 step_s 0.0211 peak_mem_gb 0.170
2026-10-01 22:34:44,865 | DEBUG | step 942 epoch 1 loss 0.2313 step_s 0.0230 peak_mem_gb 0.170
2026-10-01 22:34:44,889 | DEBUG | step 943 epoch 1 loss 0.2035 step_s 0.0234 peak_mem_gb 0.170
2026-10-01 22:34:44,914 | DEBUG | step 944 epoch 1 loss 0.1436 step_s 0.0240 peak_mem_gb 0.170
2026-10-01 22:34:44,940 | DEBUG | step 945 epoch 1 loss 0.1056 step_s 0.0255 peak_mem_gb 0.170
2026-10-01 22:34:44,965 | DEBUG | step 946 epoch 1 loss 0.1524 step_s 0.0232 peak_mem_gb 0.170
2026-10-01 22:34:44,986 | DEBUG | step 947 epoch 1 loss 0.2157 step_s 0.0205 peak_mem_gb 0.170
2026-10-01 22:34:45,013 | DEBUG | step 948 epoch 1 loss 0.2552 step_s 0.0258 peak_mem_gb 0.170
2026-10-01 22:34:45,038 | DEBUG | step 949 epoch 1 loss 0.2167 step_s 0.0242 peak_mem_gb 0.170
2026-10-01 22:34:45,059 | DEBUG | step 950 epoch 1 loss 0.2143 step_s 0.0196 peak_mem_gb 0.170
2026-10-01 22:34:45,083 | DEBUG | step 951 epoch 1 loss 0.1827 step_s 0.0233 peak_mem_gb 0.170
2026-10-01 22:34:45,109 | DEBUG | step 952 epoch 1 loss 0.2220 step_s 0.0243 peak_mem_gb 0.170
2026-10-01 22:34:45,133 | DEBUG | step 953 epoch 1 loss 0.2763 step_s 0.0234 peak_mem_gb 0.170
2026-10-01 22:34:45,156 | DEBUG | step 954 epoch 1 loss 0.1643 step_s 0.0226 peak_mem_gb 0.170
2026-10-01 22:34:45,176 | DEBUG | step 955 epoch 1 loss 0.1546 step_s 0.0186 peak_mem_gb 0.170
2026-10-01 22:34:45,200 | DEBUG | step 956 epoch 1 loss 0.1786 step_s 0.0236 peak_mem_gb 0.170
2026-10-01 22:34:45,224 | DEBUG | step 957 epoch 1 loss 0.2602 step_s 0.0230 peak_mem_gb 0.170
2026-10-01 22:34:45,247 | DEBUG | step 958 epoch 1 loss 0.1488 step_s 0.0219 peak_mem_gb 0.170
2026-10-01 22:34:45,271 | DEBUG | step 959 epoch 1 loss 0.3544 step_s 0.0238 peak_mem_gb 0.170
2026-10-01 22:34:45,297 | DEBUG | step 960 epoch 1 loss 0.1784 step_s 0.0249 peak_mem_gb 0.170
2026-10-01 22:34:45,319 | DEBUG | step 961 epoch 1 loss 0.1281 step_s 0.0213 peak_mem_gb 0.170
2026-10-01 22:34:45,343 | DEBUG | step 962 epoch 1 loss 0.2622 step_s 0.0233 peak_mem_gb 0.170
2026-10-01 22:34:45,367 | DEBUG | step 963 epoch 1 loss 0.2157 step_s 0.0227 peak_mem_gb 0.170
2026-10-01 22:34:45,391 | DEBUG | step 964 epoch 1 loss 0.2187 step_s 0.0227 peak_mem_gb 0.170
2026-10-01 22:34:45,417 | DEBUG | step 965 epoch 1 loss 0.2642 step_s 0.0251 peak_mem_gb 0.170
2026-10-01 22:34:45,437 | DEBUG | step 966 epoch 1 loss 0.2007 step_s 0.0198 peak_mem_gb 0.170
2026-10-01 22:34:45,463 | DEBUG | step 967 epoch 1 loss 0.1703 step_s 0.0247 peak_mem_gb 0.170
2026-10-01 22:34:45,488 | DEBUG | step 968 epoch 1 loss 0.2257 step_s 0.0237 peak_mem_gb 0.170
2026-10-01 22:34:45,511 | DEBUG | step 969 epoch 1 loss 0.1362 step_s 0.0224 peak_mem_gb 0.170
2026-10-01 22:34:45,536 | DEBUG | step 970 epoch 1 loss 0.2427 step_s 0.0238 peak_mem_gb 0.170
2026-10-01 22:34:45,559 | DEBUG | step 971 epoch 1 loss 0.2806 step_s 0.0226 peak_mem_gb 0.170
2026-10-01 22:34:45,583 | DEBUG | step 972 epoch 1 loss 0.1931 step_s 0.0230 peak_mem_gb 0.170
2026-10-01 22:34:45,608 | DEBUG | step 973 epoch 1 loss 0.3769 step_s 0.0242 peak_mem_gb 0.170
2026-10-01 22:34:45,639 | DEBUG | step 974 epoch 1 loss 0.3563 step_s 0.0299 peak_mem_gb 0.170
2026-10-01 22:34:45,665 | DEBUG | step 975 epoch 1 loss 0.2601 step_s 0.0245 peak_mem_gb 0.170
2026-10-01 22:34:45,695 | DEBUG | step 976 epoch 1 loss 0.3063 step_s 0.0297 peak_mem_gb 0.170
2026-10-01 22:34:45,722 | DEBUG | step 977 epoch 1 loss 0.2473 step_s 0.0250 peak_mem_gb 0.170
2026-10-01 22:34:45,751 | DEBUG | step 978 epoch 1 loss 0.2101 step_s 0.0283 peak_mem_gb 0.170
2026-10-01 22:34:45,777 | DEBUG | step 979 epoch 1 loss 0.2464 step_s 0.0245 peak_mem_gb 0.170
2026-10-01 22:34:45,804 | DEBUG | step 980 epoch 1 loss 0.1852 step_s 0.0257 peak_mem_gb 0.170
2026-10-01 22:34:45,827 | DEBUG | step 981 epoch 1 loss 0.1566 step_s 0.0223 peak_mem_gb 0.170
2026-10-01 22:34:45,852 | DEBUG | step 982 epoch 1 loss 0.1477 step_s 0.0236 peak_mem_gb 0.170
2026-10-01 22:34:45,874 | DEBUG | step 983 epoch 1 loss 0.1394 step_s 0.0209 peak_mem_gb 0.170
2026-10-01 22:34:45,896 | DEBUG | step 984 epoch 1 loss 0.2002 step_s 0.0209 peak_mem_gb 0.170
2026-10-01 22:34:45,921 | DEBUG | step 985 epoch 1 loss 0.1867 step_s 0.0244 peak_mem_gb 0.170
2026-10-01 22:34:45,946 | DEBUG | step 986 epoch 1 loss 0.1277 step_s 0.0238 peak_mem_gb 0.170
2026-10-01 22:34:45,967 | DEBUG | step 987 epoch 1 loss 0.2663 step_s 0.0205 peak_mem_gb 0.170
2026-10-01 22:34:45,990 | DEBUG | step 988 epoch 1 loss 0.1701 step_s 0.0218 peak_mem_gb 0.170
2026-10-01 22:34:46,015 | DEBUG | step 989 epoch 1 loss 0.3057 step_s 0.0237 peak_mem_gb 0.170
2026-10-01 22:34:46,036 | DEBUG | step 990 epoch 1 loss 0.1391 step_s 0.0206 peak_mem_gb 0.170
2026-10-01 22:34:46,061 | DEBUG | step 991 epoch 1 loss 0.1464 step_s 0.0235 peak_mem_gb 0.170
2026-10-01 22:34:46,084 | DEBUG | step 992 epoch 1 loss 0.1490 step_s 0.0231 peak_mem_gb 0.170
2026-10-01 22:34:46,108 | DEBUG | step 993 epoch 1 loss 0.2331 step_s 0.0230 peak_mem_gb 0.170
2026-10-01 22:34:46,132 | DEBUG | step 994 epoch 1 loss 0.2049 step_s 0.0231 peak_mem_gb 0.170
2026-10-01 22:34:46,157 | DEBUG | step 995 epoch 1 loss 0.1944 step_s 0.0240 peak_mem_gb 0.170
2026-10-01 22:34:46,182 | DEBUG | step 996 epoch 1 loss 0.2840 step_s 0.0237 peak_mem_gb 0.170
2026-10-01 22:34:46,202 | DEBUG | step 997 epoch 1 loss 0.1606 step_s 0.0195 peak_mem_gb 0.170
2026-10-01 22:34:46,219 | DEBUG | step 998 epoch 1 loss 0.1599 step_s 0.0156 peak_mem_gb 0.170
2026-10-01 22:34:46,243 | DEBUG | step 999 epoch 1 loss 0.1610 step_s 0.0233 peak_mem_gb 0.170
2026-10-01 22:34:46,266 | INFO | step 1000 epoch 1 loss 0.2002 step_s 0.0222 peak_mem_gb 0.170
2026-10-01 22:34:46,293 | DEBUG | step 1001 epoch 1 loss 0.1869 step_s 0.0255 peak_mem_gb 0.170
2026-10-01 22:34:46,319 | DEBUG | step 1002 epoch 1 loss 0.4076 step_s 0.0249 peak_mem_gb 0.170
2026-10-01 22:34:46,345 | DEBUG | step 1003 epoch 1 loss 0.1314 step_s 0.0250 peak_mem_gb 0.170
2026-10-01 22:34:46,370 | DEBUG | step 1004 epoch 1 loss 0.2172 step_s 0.0236 peak_mem_gb 0.170
2026-10-01 22:34:46,394 | DEBUG | step 1005 epoch 1 loss 0.1764 step_s 0.0235 peak_mem_gb 0.170
2026-10-01 22:34:46,419 | DEBUG | step 1006 epoch 1 loss 0.2091 step_s 0.0237 peak_mem_gb 0.170
2026-10-01 22:34:46,444 | DEBUG | step 1007 epoch 1 loss 0.2783 step_s 0.0241 peak_mem_gb 0.170
2026-10-01 22:34:46,471 | DEBUG | step 1008 epoch 1 loss 0.2162 step_s 0.0258 peak_mem_gb 0.170
2026-10-01 22:34:46,494 | DEBUG | step 1009 epoch 1 loss 0.1538 step_s 0.0218 peak_mem_gb 0.170
2026-10-01 22:34:46,518 | DEBUG | step 1010 epoch 1 loss 0.2793 step_s 0.0228 peak_mem_gb 0.170
2026-10-01 22:34:46,539 | DEBUG | step 1011 epoch 1 loss 0.1635 step_s 0.0201 peak_mem_gb 0.170
2026-10-01 22:34:46,565 | DEBUG | step 1012 epoch 1 loss 0.3630 step_s 0.0245 peak_mem_gb 0.170
2026-10-01 22:34:46,591 | DEBUG | step 1013 epoch 1 loss 0.2167 step_s 0.0249 peak_mem_gb 0.170
2026-10-01 22:34:46,615 | DEBUG | step 1014 epoch 1 loss 0.1389 step_s 0.0237 peak_mem_gb 0.170
2026-10-01 22:34:46,641 | DEBUG | step 1015 epoch 1 loss 0.1825 step_s 0.0251 peak_mem_gb 0.170
2026-10-01 22:34:46,667 | DEBUG | step 1016 epoch 1 loss 0.3231 step_s 0.0249 peak_mem_gb 0.170
2026-10-01 22:34:46,695 | DEBUG | step 1017 epoch 1 loss 0.1711 step_s 0.0262 peak_mem_gb 0.170
2026-10-01 22:34:46,724 | DEBUG | step 1018 epoch 1 loss 0.2910 step_s 0.0285 peak_mem_gb 0.170
2026-10-01 22:34:46,751 | DEBUG | step 1019 epoch 1 loss 0.2319 step_s 0.0259 peak_mem_gb 0.170
2026-10-01 22:34:46,777 | DEBUG | step 1020 epoch 1 loss 0.1612 step_s 0.0246 peak_mem_gb 0.170
2026-10-01 22:34:46,801 | DEBUG | step 1021 epoch 1 loss 0.2138 step_s 0.0224 peak_mem_gb 0.170
2026-10-01 22:34:46,828 | DEBUG | step 1022 epoch 1 loss 0.1353 step_s 0.0258 peak_mem_gb 0.170
2026-10-01 22:34:46,855 | DEBUG | step 1023 epoch 1 loss 0.1932 step_s 0.0254 peak_mem_gb 0.170
2026-10-01 22:34:46,882 | DEBUG | step 1024 epoch 1 loss 0.1147 step_s 0.0266 peak_mem_gb 0.170
2026-10-01 22:34:46,908 | DEBUG | step 1025 epoch 1 loss 0.3388 step_s 0.0249 peak_mem_gb 0.170
2026-10-01 22:34:46,935 | DEBUG | step 1026 epoch 1 loss 0.2423 step_s 0.0254 peak_mem_gb 0.170
2026-10-01 22:34:46,960 | DEBUG | step 1027 epoch 1 loss 0.1683 step_s 0.0237 peak_mem_gb 0.170
2026-10-01 22:34:46,980 | DEBUG | step 1028 epoch 1 loss 0.2616 step_s 0.0187 peak_mem_gb 0.170
2026-10-01 22:34:47,005 | DEBUG | step 1029 epoch 1 loss 0.1918 step_s 0.0245 peak_mem_gb 0.170
2026-10-01 22:34:47,031 | DEBUG | step 1030 epoch 1 loss 0.1473 step_s 0.0247 peak_mem_gb 0.170
2026-10-01 22:34:47,059 | DEBUG | step 1031 epoch 1 loss 0.2876 step_s 0.0270 peak_mem_gb 0.170
2026-10-01 22:34:47,084 | DEBUG | step 1032 epoch 1 loss 0.2314 step_s 0.0238 peak_mem_gb 0.170
2026-10-01 22:34:47,110 | DEBUG | step 1033 epoch 1 loss 0.3438 step_s 0.0240 peak_mem_gb 0.170
2026-10-01 22:34:47,136 | DEBUG | step 1034 epoch 1 loss 0.2689 step_s 0.0251 peak_mem_gb 0.170
2026-10-01 22:34:47,161 | DEBUG | step 1035 epoch 1 loss 0.2271 step_s 0.0244 peak_mem_gb 0.170
2026-10-01 22:34:47,190 | DEBUG | step 1036 epoch 1 loss 0.1768 step_s 0.0275 peak_mem_gb 0.170
2026-10-01 22:34:47,216 | DEBUG | step 1037 epoch 1 loss 0.1158 step_s 0.0250 peak_mem_gb 0.170
2026-10-01 22:34:47,244 | DEBUG | step 1038 epoch 1 loss 0.0708 step_s 0.0266 peak_mem_gb 0.170
2026-10-01 22:34:47,266 | DEBUG | step 1039 epoch 1 loss 0.2439 step_s 0.0209 peak_mem_gb 0.170
2026-10-01 22:34:47,294 | DEBUG | step 1040 epoch 1 loss 0.1888 step_s 0.0272 peak_mem_gb 0.170
2026-10-01 22:34:47,321 | DEBUG | step 1041 epoch 1 loss 0.2789 step_s 0.0253 peak_mem_gb 0.170
2026-10-01 22:34:47,347 | DEBUG | step 1042 epoch 1 loss 0.2156 step_s 0.0252 peak_mem_gb 0.170
2026-10-01 22:34:47,374 | DEBUG | step 1043 epoch 1 loss 0.3194 step_s 0.0252 peak_mem_gb 0.170
2026-10-01 22:34:47,399 | DEBUG | step 1044 epoch 1 loss 0.1905 step_s 0.0246 peak_mem_gb 0.170
2026-10-01 22:34:47,427 | DEBUG | step 1045 epoch 1 loss 0.1185 step_s 0.0261 peak_mem_gb 0.170
2026-10-01 22:34:47,453 | DEBUG | step 1046 epoch 1 loss 0.1656 step_s 0.0251 peak_mem_gb 0.170
2026-10-01 22:34:47,479 | DEBUG | step 1047 epoch 1 loss 0.1893 step_s 0.0247 peak_mem_gb 0.170
2026-10-01 22:34:47,505 | DEBUG | step 1048 epoch 1 loss 0.3803 step_s 0.0251 peak_mem_gb 0.170
2026-10-01 22:34:47,531 | DEBUG | step 1049 epoch 1 loss 0.1366 step_s 0.0246 peak_mem_gb 0.170
2026-10-01 22:34:47,556 | DEBUG | step 1050 epoch 1 loss 0.1805 step_s 0.0246 peak_mem_gb 0.170
2026-10-01 22:34:47,584 | DEBUG | step 1051 epoch 1 loss 0.2159 step_s 0.0262 peak_mem_gb 0.170
2026-10-01 22:34:47,610 | DEBUG | step 1052 epoch 1 loss 0.3132 step_s 0.0248 peak_mem_gb 0.170
2026-10-01 22:34:47,636 | DEBUG | step 1053 epoch 1 loss 0.2184 step_s 0.0248 peak_mem_gb 0.170
2026-10-01 22:34:47,660 | DEBUG | step 1054 epoch 1 loss 0.2648 step_s 0.0233 peak_mem_gb 0.170
2026-10-01 22:34:47,681 | DEBUG | step 1055 epoch 1 loss 0.2139 step_s 0.0196 peak_mem_gb 0.170
2026-10-01 22:34:47,706 | DEBUG | step 1056 epoch 1 loss 0.2278 step_s 0.0239 peak_mem_gb 0.170
2026-10-01 22:34:47,736 | DEBUG | step 1057 epoch 1 loss 0.1503 step_s 0.0292 peak_mem_gb 0.170
2026-10-01 22:34:47,765 | DEBUG | step 1058 epoch 1 loss 0.1501 step_s 0.0275 peak_mem_gb 0.170
2026-10-01 22:34:47,787 | DEBUG | step 1059 epoch 1 loss 0.2643 step_s 0.0216 peak_mem_gb 0.170
2026-10-01 22:34:47,814 | DEBUG | step 1060 epoch 1 loss 0.1463 step_s 0.0249 peak_mem_gb 0.170
2026-10-01 22:34:47,842 | DEBUG | step 1061 epoch 1 loss 0.1890 step_s 0.0265 peak_mem_gb 0.170
2026-10-01 22:34:47,866 | DEBUG | step 1062 epoch 1 loss 0.0872 step_s 0.0235 peak_mem_gb 0.170
2026-10-01 22:34:47,892 | DEBUG | step 1063 epoch 1 loss 0.2850 step_s 0.0249 peak_mem_gb 0.170
2026-10-01 22:34:47,918 | DEBUG | step 1064 epoch 1 loss 0.1936 step_s 0.0247 peak_mem_gb 0.170
2026-10-01 22:34:47,944 | DEBUG | step 1065 epoch 1 loss 0.1734 step_s 0.0250 peak_mem_gb 0.170
2026-10-01 22:34:47,973 | DEBUG | step 1066 epoch 1 loss 0.1892 step_s 0.0272 peak_mem_gb 0.170
2026-10-01 22:34:47,999 | DEBUG | step 1067 epoch 1 loss 0.1064 step_s 0.0255 peak_mem_gb 0.170
2026-10-01 22:34:48,027 | DEBUG | step 1068 epoch 1 loss 0.1835 step_s 0.0262 peak_mem_gb 0.170
2026-10-01 22:34:48,055 | DEBUG | step 1069 epoch 1 loss 0.3379 step_s 0.0274 peak_mem_gb 0.170
2026-10-01 22:34:48,082 | DEBUG | step 1070 epoch 1 loss 0.1373 step_s 0.0249 peak_mem_gb 0.170
2026-10-01 22:34:48,108 | DEBUG | step 1071 epoch 1 loss 0.1003 step_s 0.0255 peak_mem_gb 0.170
2026-10-01 22:34:48,136 | DEBUG | step 1072 epoch 1 loss 0.2278 step_s 0.0263 peak_mem_gb 0.170
2026-10-01 22:34:48,159 | DEBUG | step 1073 epoch 1 loss 0.1987 step_s 0.0224 peak_mem_gb 0.170
2026-10-01 22:34:48,186 | DEBUG | step 1074 epoch 1 loss 0.3133 step_s 0.0256 peak_mem_gb 0.170
2026-10-01 22:34:48,213 | DEBUG | step 1075 epoch 1 loss 0.2459 step_s 0.0259 peak_mem_gb 0.170
2026-10-01 22:34:48,238 | DEBUG | step 1076 epoch 1 loss 0.2432 step_s 0.0243 peak_mem_gb 0.170
2026-10-01 22:34:48,261 | DEBUG | step 1077 epoch 1 loss 0.2366 step_s 0.0219 peak_mem_gb 0.170
2026-10-01 22:34:48,287 | DEBUG | step 1078 epoch 1 loss 0.2050 step_s 0.0250 peak_mem_gb 0.170
2026-10-01 22:34:48,315 | DEBUG | step 1079 epoch 1 loss 0.2254 step_s 0.0264 peak_mem_gb 0.170
2026-10-01 22:34:48,339 | DEBUG | step 1080 epoch 1 loss 0.1839 step_s 0.0225 peak_mem_gb 0.170
2026-10-01 22:34:48,364 | DEBUG | step 1081 epoch 1 loss 0.1006 step_s 0.0241 peak_mem_gb 0.170
2026-10-01 22:34:48,388 | DEBUG | step 1082 epoch 1 loss 0.1475 step_s 0.0237 peak_mem_gb 0.170
2026-10-01 22:34:48,412 | DEBUG | step 1083 epoch 1 loss 0.1464 step_s 0.0229 peak_mem_gb 0.170
2026-10-01 22:34:48,435 | DEBUG | step 1084 epoch 1 loss 0.1286 step_s 0.0222 peak_mem_gb 0.170
2026-10-01 22:34:48,460 | DEBUG | step 1085 epoch 1 loss 0.2255 step_s 0.0240 peak_mem_gb 0.170
2026-10-01 22:34:48,483 | DEBUG | step 1086 epoch 1 loss 0.2178 step_s 0.0220 peak_mem_gb 0.170
2026-10-01 22:34:48,509 | DEBUG | step 1087 epoch 1 loss 0.1217 step_s 0.0245 peak_mem_gb 0.170
2026-10-01 22:34:48,532 | DEBUG | step 1088 epoch 1 loss 0.2440 step_s 0.0220 peak_mem_gb 0.170
2026-10-01 22:34:48,558 | DEBUG | step 1089 epoch 1 loss 0.1455 step_s 0.0242 peak_mem_gb 0.170
2026-10-01 22:34:48,582 | DEBUG | step 1090 epoch 1 loss 0.2095 step_s 0.0234 peak_mem_gb 0.170
2026-10-01 22:34:48,606 | DEBUG | step 1091 epoch 1 loss 0.2394 step_s 0.0230 peak_mem_gb 0.170
2026-10-01 22:34:48,631 | DEBUG | step 1092 epoch 1 loss 0.0966 step_s 0.0238 peak_mem_gb 0.170
2026-10-01 22:34:48,655 | DEBUG | step 1093 epoch 1 loss 0.2331 step_s 0.0235 peak_mem_gb 0.170
2026-10-01 22:34:48,678 | DEBUG | step 1094 epoch 1 loss 0.2222 step_s 0.0217 peak_mem_gb 0.170
2026-10-01 22:34:48,703 | DEBUG | step 1095 epoch 1 loss 0.2437 step_s 0.0236 peak_mem_gb 0.170
2026-10-01 22:34:48,728 | DEBUG | step 1096 epoch 1 loss 0.2740 step_s 0.0241 peak_mem_gb 0.170
2026-10-01 22:34:48,754 | DEBUG | step 1097 epoch 1 loss 0.0767 step_s 0.0251 peak_mem_gb 0.170
2026-10-01 22:34:48,778 | DEBUG | step 1098 epoch 1 loss 0.2332 step_s 0.0233 peak_mem_gb 0.170
2026-10-01 22:34:48,804 | DEBUG | step 1099 epoch 1 loss 0.1614 step_s 0.0242 peak_mem_gb 0.170
2026-10-01 22:34:48,829 | DEBUG | step 1100 epoch 1 loss 0.2423 step_s 0.0246 peak_mem_gb 0.170
2026-10-01 22:34:48,856 | DEBUG | step 1101 epoch 1 loss 0.1369 step_s 0.0257 peak_mem_gb 0.170
2026-10-01 22:34:48,881 | DEBUG | step 1102 epoch 1 loss 0.3026 step_s 0.0237 peak_mem_gb 0.170
2026-10-01 22:34:48,906 | DEBUG | step 1103 epoch 1 loss 0.2273 step_s 0.0246 peak_mem_gb 0.170
2026-10-01 22:34:48,931 | DEBUG | step 1104 epoch 1 loss 0.2164 step_s 0.0231 peak_mem_gb 0.170
2026-10-01 22:34:48,956 | DEBUG | step 1105 epoch 1 loss 0.3740 step_s 0.0242 peak_mem_gb 0.170
2026-10-01 22:34:48,980 | DEBUG | step 1106 epoch 1 loss 0.1914 step_s 0.0229 peak_mem_gb 0.170
2026-10-01 22:34:49,007 | DEBUG | step 1107 epoch 1 loss 0.1501 step_s 0.0254 peak_mem_gb 0.170
2026-10-01 22:34:49,034 | DEBUG | step 1108 epoch 1 loss 0.1699 step_s 0.0261 peak_mem_gb 0.170
2026-10-01 22:34:49,062 | DEBUG | step 1109 epoch 1 loss 0.1506 step_s 0.0271 peak_mem_gb 0.170
2026-10-01 22:34:49,087 | DEBUG | step 1110 epoch 1 loss 0.1297 step_s 0.0243 peak_mem_gb 0.170
2026-10-01 22:34:49,113 | DEBUG | step 1111 epoch 1 loss 0.1430 step_s 0.0242 peak_mem_gb 0.170
2026-10-01 22:34:49,135 | DEBUG | step 1112 epoch 1 loss 0.1605 step_s 0.0206 peak_mem_gb 0.170
2026-10-01 22:34:49,160 | DEBUG | step 1113 epoch 1 loss 0.1902 step_s 0.0243 peak_mem_gb 0.170
2026-10-01 22:34:49,186 | DEBUG | step 1114 epoch 1 loss 0.1407 step_s 0.0248 peak_mem_gb 0.170
2026-10-01 22:34:49,212 | DEBUG | step 1115 epoch 1 loss 0.3085 step_s 0.0253 peak_mem_gb 0.170
2026-10-01 22:34:49,237 | DEBUG | step 1116 epoch 1 loss 0.1296 step_s 0.0242 peak_mem_gb 0.170
2026-10-01 22:34:49,259 | DEBUG | step 1117 epoch 1 loss 0.2155 step_s 0.0210 peak_mem_gb 0.170
2026-10-01 22:34:49,286 | DEBUG | step 1118 epoch 1 loss 0.1719 step_s 0.0255 peak_mem_gb 0.170
2026-10-01 22:34:49,311 | DEBUG | step 1119 epoch 1 loss 0.1648 step_s 0.0235 peak_mem_gb 0.170
2026-10-01 22:34:49,337 | DEBUG | step 1120 epoch 1 loss 0.1140 step_s 0.0246 peak_mem_gb 0.170
2026-10-01 22:34:49,363 | DEBUG | step 1121 epoch 1 loss 0.1997 step_s 0.0251 peak_mem_gb 0.170
2026-10-01 22:34:49,391 | DEBUG | step 1122 epoch 1 loss 0.2151 step_s 0.0271 peak_mem_gb 0.170
2026-10-01 22:34:49,417 | DEBUG | step 1123 epoch 1 loss 0.1476 step_s 0.0247 peak_mem_gb 0.170
2026-10-01 22:34:49,443 | DEBUG | step 1124 epoch 1 loss 0.3232 step_s 0.0246 peak_mem_gb 0.170
2026-10-01 22:34:49,463 | DEBUG | step 1125 epoch 1 loss 0.1992 step_s 0.0200 peak_mem_gb 0.170
2026-10-01 22:34:49,488 | DEBUG | step 1126 epoch 1 loss 0.1833 step_s 0.0232 peak_mem_gb 0.170
2026-10-01 22:34:49,509 | DEBUG | step 1127 epoch 1 loss 0.2760 step_s 0.0199 peak_mem_gb 0.170
2026-10-01 22:34:49,534 | DEBUG | step 1128 epoch 1 loss 0.1955 step_s 0.0242 peak_mem_gb 0.170
2026-10-01 22:34:49,555 | DEBUG | step 1129 epoch 1 loss 0.2427 step_s 0.0207 peak_mem_gb 0.170
2026-10-01 22:34:49,573 | DEBUG | step 1130 epoch 1 loss 0.2199 step_s 0.0169 peak_mem_gb 0.170
2026-10-01 22:34:49,595 | DEBUG | step 1131 epoch 1 loss 0.1682 step_s 0.0212 peak_mem_gb 0.170
2026-10-01 22:34:49,618 | DEBUG | step 1132 epoch 1 loss 0.0942 step_s 0.0215 peak_mem_gb 0.170
2026-10-01 22:34:49,642 | DEBUG | step 1133 epoch 1 loss 0.3284 step_s 0.0231 peak_mem_gb 0.170
2026-10-01 22:34:49,666 | DEBUG | step 1134 epoch 1 loss 0.1874 step_s 0.0235 peak_mem_gb 0.170
2026-10-01 22:34:49,690 | DEBUG | step 1135 epoch 1 loss 0.1436 step_s 0.0231 peak_mem_gb 0.170
2026-10-01 22:34:49,714 | DEBUG | step 1136 epoch 1 loss 0.2387 step_s 0.0237 peak_mem_gb 0.170
2026-10-01 22:34:49,740 | DEBUG | step 1137 epoch 1 loss 0.1645 step_s 0.0242 peak_mem_gb 0.170
2026-10-01 22:34:49,765 | DEBUG | step 1138 epoch 1 loss 0.1198 step_s 0.0246 peak_mem_gb 0.170
2026-10-01 22:34:49,788 | DEBUG | step 1139 epoch 1 loss 0.1045 step_s 0.0219 peak_mem_gb 0.170
2026-10-01 22:34:49,811 | DEBUG | step 1140 epoch 1 loss 0.2174 step_s 0.0220 peak_mem_gb 0.170
2026-10-01 22:34:49,830 | DEBUG | step 1141 epoch 1 loss 0.2300 step_s 0.0175 peak_mem_gb 0.170
2026-10-01 22:34:49,855 | DEBUG | step 1142 epoch 1 loss 0.1643 step_s 0.0245 peak_mem_gb 0.170
2026-10-01 22:34:49,880 | DEBUG | step 1143 epoch 1 loss 0.2599 step_s 0.0232 peak_mem_gb 0.170
2026-10-01 22:34:49,908 | DEBUG | step 1144 epoch 1 loss 0.1365 step_s 0.0272 peak_mem_gb 0.170
2026-10-01 22:34:49,934 | DEBUG | step 1145 epoch 1 loss 0.3904 step_s 0.0253 peak_mem_gb 0.170
2026-10-01 22:34:49,961 | DEBUG | step 1146 epoch 1 loss 0.1303 step_s 0.0259 peak_mem_gb 0.170
2026-10-01 22:34:49,987 | DEBUG | step 1147 epoch 1 loss 0.1216 step_s 0.0248 peak_mem_gb 0.170
2026-10-01 22:34:50,013 | DEBUG | step 1148 epoch 1 loss 0.2651 step_s 0.0249 peak_mem_gb 0.170
2026-10-01 22:34:50,036 | DEBUG | step 1149 epoch 1 loss 0.2461 step_s 0.0225 peak_mem_gb 0.170
2026-10-01 22:34:50,062 | DEBUG | step 1150 epoch 1 loss 0.1697 step_s 0.0245 peak_mem_gb 0.170
2026-10-01 22:34:50,088 | DEBUG | step 1151 epoch 1 loss 0.2943 step_s 0.0251 peak_mem_gb 0.170
2026-10-01 22:34:50,113 | DEBUG | step 1152 epoch 1 loss 0.1318 step_s 0.0242 peak_mem_gb 0.170
2026-10-01 22:34:50,138 | DEBUG | step 1153 epoch 1 loss 0.2089 step_s 0.0238 peak_mem_gb 0.170
2026-10-01 22:34:50,157 | DEBUG | step 1154 epoch 1 loss 0.2164 step_s 0.0187 peak_mem_gb 0.170
2026-10-01 22:34:50,182 | DEBUG | step 1155 epoch 1 loss 0.1842 step_s 0.0237 peak_mem_gb 0.170
2026-10-01 22:34:50,207 | DEBUG | step 1156 epoch 1 loss 0.1592 step_s 0.0236 peak_mem_gb 0.170
2026-10-01 22:34:50,231 | DEBUG | step 1157 epoch 1 loss 0.2338 step_s 0.0236 peak_mem_gb 0.170
2026-10-01 22:34:50,258 | DEBUG | step 1158 epoch 1 loss 0.1747 step_s 0.0254 peak_mem_gb 0.170
2026-10-01 22:34:50,281 | DEBUG | step 1159 epoch 1 loss 0.1711 step_s 0.0226 peak_mem_gb 0.170
2026-10-01 22:34:50,304 | DEBUG | step 1160 epoch 1 loss 0.2319 step_s 0.0221 peak_mem_gb 0.170
2026-10-01 22:34:50,328 | DEBUG | step 1161 epoch 1 loss 0.2173 step_s 0.0229 peak_mem_gb 0.170
2026-10-01 22:34:50,353 | DEBUG | step 1162 epoch 1 loss 0.1851 step_s 0.0240 peak_mem_gb 0.170
2026-10-01 22:34:50,377 | DEBUG | step 1163 epoch 1 loss 0.2517 step_s 0.0235 peak_mem_gb 0.170
2026-10-01 22:34:50,398 | DEBUG | step 1164 epoch 1 loss 0.1990 step_s 0.0204 peak_mem_gb 0.170
2026-10-01 22:34:50,421 | DEBUG | step 1165 epoch 1 loss 0.2840 step_s 0.0214 peak_mem_gb 0.170
2026-10-01 22:34:50,446 | DEBUG | step 1166 epoch 1 loss 0.2384 step_s 0.0240 peak_mem_gb 0.170
2026-10-01 22:34:50,466 | DEBUG | step 1167 epoch 1 loss 0.2159 step_s 0.0200 peak_mem_gb 0.170
2026-10-01 22:34:50,489 | DEBUG | step 1168 epoch 1 loss 0.2403 step_s 0.0214 peak_mem_gb 0.170
2026-10-01 22:34:50,515 | DEBUG | step 1169 epoch 1 loss 0.1837 step_s 0.0247 peak_mem_gb 0.170
2026-10-01 22:34:50,540 | DEBUG | step 1170 epoch 1 loss 0.1491 step_s 0.0240 peak_mem_gb 0.170
2026-10-01 22:34:50,562 | DEBUG | step 1171 epoch 1 loss 0.1086 step_s 0.0209 peak_mem_gb 0.170
2026-10-01 22:34:50,588 | DEBUG | step 1172 epoch 1 loss 0.1203 step_s 0.0252 peak_mem_gb 0.170
2026-10-01 22:34:50,613 | DEBUG | step 1173 epoch 1 loss 0.1054 step_s 0.0240 peak_mem_gb 0.170
2026-10-01 22:34:50,637 | DEBUG | step 1174 epoch 1 loss 0.1531 step_s 0.0235 peak_mem_gb 0.170
2026-10-01 22:34:50,662 | DEBUG | step 1175 epoch 1 loss 0.1298 step_s 0.0236 peak_mem_gb 0.170
2026-10-01 22:34:50,686 | DEBUG | step 1176 epoch 1 loss 0.2037 step_s 0.0230 peak_mem_gb 0.170
2026-10-01 22:34:50,710 | DEBUG | step 1177 epoch 1 loss 0.0809 step_s 0.0236 peak_mem_gb 0.170
2026-10-01 22:34:50,735 | DEBUG | step 1178 epoch 1 loss 0.2597 step_s 0.0239 peak_mem_gb 0.170
2026-10-01 22:34:50,754 | DEBUG | step 1179 epoch 1 loss 0.2392 step_s 0.0187 peak_mem_gb 0.170
2026-10-01 22:34:50,777 | DEBUG | step 1180 epoch 1 loss 0.3255 step_s 0.0214 peak_mem_gb 0.170
2026-10-01 22:34:50,801 | DEBUG | step 1181 epoch 1 loss 0.3283 step_s 0.0233 peak_mem_gb 0.170
2026-10-01 22:34:50,826 | DEBUG | step 1182 epoch 1 loss 0.1385 step_s 0.0238 peak_mem_gb 0.170
2026-10-01 22:34:50,850 | DEBUG | step 1183 epoch 1 loss 0.1362 step_s 0.0229 peak_mem_gb 0.170
2026-10-01 22:34:50,873 | DEBUG | step 1184 epoch 1 loss 0.1395 step_s 0.0229 peak_mem_gb 0.170
2026-10-01 22:34:50,896 | DEBUG | step 1185 epoch 1 loss 0.1898 step_s 0.0213 peak_mem_gb 0.170
2026-10-01 22:34:50,918 | DEBUG | step 1186 epoch 1 loss 0.1931 step_s 0.0217 peak_mem_gb 0.170
2026-10-01 22:34:50,941 | DEBUG | step 1187 epoch 1 loss 0.1425 step_s 0.0221 peak_mem_gb 0.170
2026-10-01 22:34:50,965 | DEBUG | step 1188 epoch 1 loss 0.2109 step_s 0.0233 peak_mem_gb 0.170
2026-10-01 22:34:50,987 | DEBUG | step 1189 epoch 1 loss 0.1543 step_s 0.0208 peak_mem_gb 0.170
2026-10-01 22:34:51,013 | DEBUG | step 1190 epoch 1 loss 0.1965 step_s 0.0245 peak_mem_gb 0.170
2026-10-01 22:34:51,035 | DEBUG | step 1191 epoch 1 loss 0.1834 step_s 0.0215 peak_mem_gb 0.170
2026-10-01 22:34:51,059 | DEBUG | step 1192 epoch 1 loss 0.1829 step_s 0.0235 peak_mem_gb 0.170
2026-10-01 22:34:51,083 | DEBUG | step 1193 epoch 1 loss 0.2096 step_s 0.0221 peak_mem_gb 0.170
2026-10-01 22:34:51,111 | DEBUG | step 1194 epoch 1 loss 0.2015 step_s 0.0271 peak_mem_gb 0.170
2026-10-01 22:34:51,136 | DEBUG | step 1195 epoch 1 loss 0.3617 step_s 0.0242 peak_mem_gb 0.170
2026-10-01 22:34:51,161 | DEBUG | step 1196 epoch 1 loss 0.1381 step_s 0.0231 peak_mem_gb 0.170
2026-10-01 22:34:51,184 | DEBUG | step 1197 epoch 1 loss 0.1813 step_s 0.0230 peak_mem_gb 0.170
2026-10-01 22:34:51,210 | DEBUG | step 1198 epoch 1 loss 0.1887 step_s 0.0243 peak_mem_gb 0.170
2026-10-01 22:34:51,234 | DEBUG | step 1199 epoch 1 loss 0.2057 step_s 0.0234 peak_mem_gb 0.170
2026-10-01 22:34:51,260 | INFO | step 1200 epoch 1 loss 0.1282 step_s 0.0247 peak_mem_gb 0.170
2026-10-01 22:34:51,289 | DEBUG | step 1201 epoch 1 loss 0.2317 step_s 0.0269 peak_mem_gb 0.170
2026-10-01 22:34:51,310 | DEBUG | step 1202 epoch 1 loss 0.0837 step_s 0.0203 peak_mem_gb 0.170
2026-10-01 22:34:51,335 | DEBUG | step 1203 epoch 1 loss 0.1546 step_s 0.0241 peak_mem_gb 0.170
2026-10-01 22:34:51,359 | DEBUG | step 1204 epoch 1 loss 0.3503 step_s 0.0231 peak_mem_gb 0.170
2026-10-01 22:34:51,383 | DEBUG | step 1205 epoch 1 loss 0.1894 step_s 0.0229 peak_mem_gb 0.170
2026-10-01 22:34:51,406 | DEBUG | step 1206 epoch 1 loss 0.2155 step_s 0.0228 peak_mem_gb 0.170
2026-10-01 22:34:51,431 | DEBUG | step 1207 epoch 1 loss 0.2061 step_s 0.0239 peak_mem_gb 0.170
2026-10-01 22:34:51,454 | DEBUG | step 1208 epoch 1 loss 0.2504 step_s 0.0217 peak_mem_gb 0.170
2026-10-01 22:34:51,475 | DEBUG | step 1209 epoch 1 loss 0.1870 step_s 0.0202 peak_mem_gb 0.170
2026-10-01 22:34:51,499 | DEBUG | step 1210 epoch 1 loss 0.1945 step_s 0.0232 peak_mem_gb 0.170
2026-10-01 22:34:51,524 | DEBUG | step 1211 epoch 1 loss 0.1152 step_s 0.0241 peak_mem_gb 0.170
2026-10-01 22:34:51,547 | DEBUG | step 1212 epoch 1 loss 0.2499 step_s 0.0223 peak_mem_gb 0.170
2026-10-01 22:34:51,572 | DEBUG | step 1213 epoch 1 loss 0.2291 step_s 0.0232 peak_mem_gb 0.170
2026-10-01 22:34:51,596 | DEBUG | step 1214 epoch 1 loss 0.1634 step_s 0.0231 peak_mem_gb 0.170
2026-10-01 22:34:51,622 | DEBUG | step 1215 epoch 1 loss 0.3866 step_s 0.0253 peak_mem_gb 0.170
2026-10-01 22:34:51,647 | DEBUG | step 1216 epoch 1 loss 0.1541 step_s 0.0239 peak_mem_gb 0.170
2026-10-01 22:34:51,671 | DEBUG | step 1217 epoch 1 loss 0.1546 step_s 0.0232 peak_mem_gb 0.170
2026-10-01 22:34:51,696 | DEBUG | step 1218 epoch 1 loss 0.2695 step_s 0.0240 peak_mem_gb 0.170
2026-10-01 22:34:51,720 | DEBUG | step 1219 epoch 1 loss 0.2542 step_s 0.0234 peak_mem_gb 0.170
2026-10-01 22:34:51,744 | DEBUG | step 1220 epoch 1 loss 0.2284 step_s 0.0227 peak_mem_gb 0.170
2026-10-01 22:34:51,768 | DEBUG | step 1221 epoch 1 loss 0.1856 step_s 0.0232 peak_mem_gb 0.170
2026-10-01 22:34:51,793 | DEBUG | step 1222 epoch 1 loss 0.1567 step_s 0.0249 peak_mem_gb 0.170
2026-10-01 22:34:51,815 | DEBUG | step 1223 epoch 1 loss 0.1114 step_s 0.0209 peak_mem_gb 0.170
2026-10-01 22:34:51,839 | DEBUG | step 1224 epoch 1 loss 0.1162 step_s 0.0230 peak_mem_gb 0.170
2026-10-01 22:34:51,864 | DEBUG | step 1225 epoch 1 loss 0.2839 step_s 0.0239 peak_mem_gb 0.170
2026-10-01 22:34:51,889 | DEBUG | step 1226 epoch 1 loss 0.2475 step_s 0.0240 peak_mem_gb 0.170
2026-10-01 22:34:51,913 | DEBUG | step 1227 epoch 1 loss 0.0836 step_s 0.0231 peak_mem_gb 0.170
2026-10-01 22:34:51,938 | DEBUG | step 1228 epoch 1 loss 0.1755 step_s 0.0242 peak_mem_gb 0.170
2026-10-01 22:34:51,965 | DEBUG | step 1229 epoch 1 loss 0.2081 step_s 0.0256 peak_mem_gb 0.170
2026-10-01 22:34:51,988 | DEBUG | step 1230 epoch 1 loss 0.1107 step_s 0.0216 peak_mem_gb 0.170
2026-10-01 22:34:52,013 | DEBUG | step 1231 epoch 1 loss 0.1953 step_s 0.0242 peak_mem_gb 0.170
2026-10-01 22:34:52,038 | DEBUG | step 1232 epoch 1 loss 0.0866 step_s 0.0238 peak_mem_gb 0.170
2026-10-01 22:34:52,063 | DEBUG | step 1233 epoch 1 loss 0.3149 step_s 0.0237 peak_mem_gb 0.170
2026-10-01 22:34:52,087 | DEBUG | step 1234 epoch 1 loss 0.2521 step_s 0.0233 peak_mem_gb 0.170
2026-10-01 22:34:52,111 | DEBUG | step 1235 epoch 1 loss 0.1725 step_s 0.0236 peak_mem_gb 0.170
2026-10-01 22:34:52,136 | DEBUG | step 1236 epoch 1 loss 0.1373 step_s 0.0240 peak_mem_gb 0.170
2026-10-01 22:34:52,161 | DEBUG | step 1237 epoch 1 loss 0.2321 step_s 0.0233 peak_mem_gb 0.170
2026-10-01 22:34:52,186 | DEBUG | step 1238 epoch 1 loss 0.4092 step_s 0.0239 peak_mem_gb 0.170
2026-10-01 22:34:52,210 | DEBUG | step 1239 epoch 1 loss 0.0998 step_s 0.0233 peak_mem_gb 0.170
2026-10-01 22:34:52,235 | DEBUG | step 1240 epoch 1 loss 0.2478 step_s 0.0240 peak_mem_gb 0.170
2026-10-01 22:34:52,259 | DEBUG | step 1241 epoch 1 loss 0.1548 step_s 0.0233 peak_mem_gb 0.170
2026-10-01 22:34:52,285 | DEBUG | step 1242 epoch 1 loss 0.2085 step_s 0.0248 peak_mem_gb 0.170
2026-10-01 22:34:52,311 | DEBUG | step 1243 epoch 1 loss 0.1088 step_s 0.0252 peak_mem_gb 0.170
2026-10-01 22:34:52,337 | DEBUG | step 1244 epoch 1 loss 0.1857 step_s 0.0244 peak_mem_gb 0.170
2026-10-01 22:34:52,361 | DEBUG | step 1245 epoch 1 loss 0.0846 step_s 0.0236 peak_mem_gb 0.170
2026-10-01 22:34:52,386 | DEBUG | step 1246 epoch 1 loss 0.1264 step_s 0.0242 peak_mem_gb 0.170
2026-10-01 22:34:52,411 | DEBUG | step 1247 epoch 1 loss 0.1659 step_s 0.0235 peak_mem_gb 0.170
2026-10-01 22:34:52,435 | DEBUG | step 1248 epoch 1 loss 0.1030 step_s 0.0234 peak_mem_gb 0.170
2026-10-01 22:34:52,457 | DEBUG | step 1249 epoch 1 loss 0.2800 step_s 0.0207 peak_mem_gb 0.170
2026-10-01 22:34:52,478 | DEBUG | step 1250 epoch 1 loss 0.2450 step_s 0.0202 peak_mem_gb 0.170
2026-10-01 22:34:52,501 | DEBUG | step 1251 epoch 1 loss 0.1494 step_s 0.0218 peak_mem_gb 0.170
2026-10-01 22:34:52,524 | DEBUG | step 1252 epoch 1 loss 0.1093 step_s 0.0223 peak_mem_gb 0.170
2026-10-01 22:34:52,548 | DEBUG | step 1253 epoch 1 loss 0.2269 step_s 0.0236 peak_mem_gb 0.170
2026-10-01 22:34:52,573 | DEBUG | step 1254 epoch 1 loss 0.1165 step_s 0.0234 peak_mem_gb 0.170
2026-10-01 22:34:52,597 | DEBUG | step 1255 epoch 1 loss 0.3881 step_s 0.0234 peak_mem_gb 0.170
2026-10-01 22:34:52,620 | DEBUG | step 1256 epoch 1 loss 0.2525 step_s 0.0222 peak_mem_gb 0.170
2026-10-01 22:34:52,646 | DEBUG | step 1257 epoch 1 loss 0.1392 step_s 0.0254 peak_mem_gb 0.170
2026-10-01 22:34:52,671 | DEBUG | step 1258 epoch 1 loss 0.1560 step_s 0.0242 peak_mem_gb 0.170
2026-10-01 22:34:52,695 | DEBUG | step 1259 epoch 1 loss 0.1012 step_s 0.0230 peak_mem_gb 0.170
2026-10-01 22:34:52,720 | DEBUG | step 1260 epoch 1 loss 0.3007 step_s 0.0234 peak_mem_gb 0.170
2026-10-01 22:34:52,743 | DEBUG | step 1261 epoch 1 loss 0.1271 step_s 0.0221 peak_mem_gb 0.170
2026-10-01 22:34:52,765 | DEBUG | step 1262 epoch 1 loss 0.1668 step_s 0.0215 peak_mem_gb 0.170
2026-10-01 22:34:52,790 | DEBUG | step 1263 epoch 1 loss 0.1117 step_s 0.0237 peak_mem_gb 0.170
2026-10-01 22:34:52,817 | DEBUG | step 1264 epoch 1 loss 0.1952 step_s 0.0263 peak_mem_gb 0.170
2026-10-01 22:34:52,840 | DEBUG | step 1265 epoch 1 loss 0.1073 step_s 0.0219 peak_mem_gb 0.170
2026-10-01 22:34:52,864 | DEBUG | step 1266 epoch 1 loss 0.2309 step_s 0.0233 peak_mem_gb 0.170
2026-10-01 22:34:52,889 | DEBUG | step 1267 epoch 1 loss 0.2175 step_s 0.0237 peak_mem_gb 0.170
2026-10-01 22:34:52,914 | DEBUG | step 1268 epoch 1 loss 0.1676 step_s 0.0243 peak_mem_gb 0.170
2026-10-01 22:34:52,938 | DEBUG | step 1269 epoch 1 loss 0.2628 step_s 0.0225 peak_mem_gb 0.170
2026-10-01 22:34:52,961 | DEBUG | step 1270 epoch 1 loss 0.1910 step_s 0.0227 peak_mem_gb 0.170
2026-10-01 22:34:52,984 | DEBUG | step 1271 epoch 1 loss 0.2706 step_s 0.0221 peak_mem_gb 0.170
2026-10-01 22:34:53,009 | DEBUG | step 1272 epoch 1 loss 0.2859 step_s 0.0239 peak_mem_gb 0.170
2026-10-01 22:34:53,033 | DEBUG | step 1273 epoch 1 loss 0.1312 step_s 0.0227 peak_mem_gb 0.170
2026-10-01 22:34:53,058 | DEBUG | step 1274 epoch 1 loss 0.1835 step_s 0.0235 peak_mem_gb 0.170
2026-10-01 22:34:53,083 | DEBUG | step 1275 epoch 1 loss 0.1702 step_s 0.0242 peak_mem_gb 0.170
2026-10-01 22:34:53,110 | DEBUG | step 1276 epoch 1 loss 0.1061 step_s 0.0252 peak_mem_gb 0.170
2026-10-01 22:34:53,134 | DEBUG | step 1277 epoch 1 loss 0.1760 step_s 0.0233 peak_mem_gb 0.170
2026-10-01 22:34:53,160 | DEBUG | step 1278 epoch 1 loss 0.1979 step_s 0.0256 peak_mem_gb 0.170
2026-10-01 22:34:53,183 | DEBUG | step 1279 epoch 1 loss 0.2435 step_s 0.0217 peak_mem_gb 0.170
2026-10-01 22:34:53,208 | DEBUG | step 1280 epoch 1 loss 0.1883 step_s 0.0239 peak_mem_gb 0.170
2026-10-01 22:34:53,233 | DEBUG | step 1281 epoch 1 loss 0.1893 step_s 0.0241 peak_mem_gb 0.170
2026-10-01 22:34:53,254 | DEBUG | step 1282 epoch 1 loss 0.1933 step_s 0.0192 peak_mem_gb 0.170
2026-10-01 22:34:53,279 | DEBUG | step 1283 epoch 1 loss 0.1792 step_s 0.0241 peak_mem_gb 0.170
2026-10-01 22:34:53,304 | DEBUG | step 1284 epoch 1 loss 0.1707 step_s 0.0237 peak_mem_gb 0.170
2026-10-01 22:34:53,328 | DEBUG | step 1285 epoch 1 loss 0.1363 step_s 0.0237 peak_mem_gb 0.170
2026-10-01 22:34:53,353 | DEBUG | step 1286 epoch 1 loss 0.1420 step_s 0.0236 peak_mem_gb 0.170
2026-10-01 22:34:53,375 | DEBUG | step 1287 epoch 1 loss 0.1903 step_s 0.0216 peak_mem_gb 0.170
2026-10-01 22:34:53,400 | DEBUG | step 1288 epoch 1 loss 0.2770 step_s 0.0234 peak_mem_gb 0.170
2026-10-01 22:34:53,424 | DEBUG | step 1289 epoch 1 loss 0.2309 step_s 0.0233 peak_mem_gb 0.170
2026-10-01 22:34:53,450 | DEBUG | step 1290 epoch 1 loss 0.3281 step_s 0.0244 peak_mem_gb 0.170
2026-10-01 22:34:53,475 | DEBUG | step 1291 epoch 1 loss 0.1796 step_s 0.0240 peak_mem_gb 0.170
2026-10-01 22:34:53,500 | DEBUG | step 1292 epoch 1 loss 0.3229 step_s 0.0246 peak_mem_gb 0.170
2026-10-01 22:34:53,522 | DEBUG | step 1293 epoch 1 loss 0.1269 step_s 0.0205 peak_mem_gb 0.170
2026-10-01 22:34:53,546 | DEBUG | step 1294 epoch 1 loss 0.1680 step_s 0.0237 peak_mem_gb 0.170
2026-10-01 22:34:53,572 | DEBUG | step 1295 epoch 1 loss 0.3738 step_s 0.0250 peak_mem_gb 0.170
2026-10-01 22:34:53,593 | DEBUG | step 1296 epoch 1 loss 0.2024 step_s 0.0194 peak_mem_gb 0.170
2026-10-01 22:34:53,617 | DEBUG | step 1297 epoch 1 loss 0.1112 step_s 0.0234 peak_mem_gb 0.170
2026-10-01 22:34:53,641 | DEBUG | step 1298 epoch 1 loss 0.2638 step_s 0.0233 peak_mem_gb 0.170
2026-10-01 22:34:53,669 | DEBUG | step 1299 epoch 1 loss 0.2256 step_s 0.0271 peak_mem_gb 0.170
2026-10-01 22:34:53,689 | DEBUG | step 1300 epoch 1 loss 0.1183 step_s 0.0188 peak_mem_gb 0.170
2026-10-01 22:34:53,714 | DEBUG | step 1301 epoch 1 loss 0.1634 step_s 0.0240 peak_mem_gb 0.170
2026-10-01 22:34:53,740 | DEBUG | step 1302 epoch 1 loss 0.2515 step_s 0.0245 peak_mem_gb 0.170
2026-10-01 22:34:53,765 | DEBUG | step 1303 epoch 1 loss 0.2246 step_s 0.0242 peak_mem_gb 0.170
2026-10-01 22:34:53,790 | DEBUG | step 1304 epoch 1 loss 0.2683 step_s 0.0237 peak_mem_gb 0.170
2026-10-01 22:34:53,815 | DEBUG | step 1305 epoch 1 loss 0.3285 step_s 0.0248 peak_mem_gb 0.170
2026-10-01 22:34:53,839 | DEBUG | step 1306 epoch 1 loss 0.1173 step_s 0.0226 peak_mem_gb 0.170
2026-10-01 22:34:53,862 | DEBUG | step 1307 epoch 1 loss 0.1943 step_s 0.0222 peak_mem_gb 0.170
2026-10-01 22:34:53,885 | DEBUG | step 1308 epoch 1 loss 0.1545 step_s 0.0216 peak_mem_gb 0.170
2026-10-01 22:34:53,910 | DEBUG | step 1309 epoch 1 loss 0.2215 step_s 0.0237 peak_mem_gb 0.170
2026-10-01 22:34:53,931 | DEBUG | step 1310 epoch 1 loss 0.1742 step_s 0.0198 peak_mem_gb 0.170
2026-10-01 22:34:53,955 | DEBUG | step 1311 epoch 1 loss 0.1542 step_s 0.0238 peak_mem_gb 0.170
2026-10-01 22:34:53,980 | DEBUG | step 1312 epoch 1 loss 0.1475 step_s 0.0238 peak_mem_gb 0.170
2026-10-01 22:34:54,005 | DEBUG | step 1313 epoch 1 loss 0.1769 step_s 0.0240 peak_mem_gb 0.170
2026-10-01 22:34:54,034 | DEBUG | step 1314 epoch 1 loss 0.3745 step_s 0.0276 peak_mem_gb 0.170
2026-10-01 22:34:54,056 | DEBUG | step 1315 epoch 1 loss 0.2890 step_s 0.0215 peak_mem_gb 0.170
2026-10-01 22:34:54,082 | DEBUG | step 1316 epoch 1 loss 0.1780 step_s 0.0241 peak_mem_gb 0.170
2026-10-01 22:34:54,107 | DEBUG | step 1317 epoch 1 loss 0.1825 step_s 0.0240 peak_mem_gb 0.170
2026-10-01 22:34:54,128 | DEBUG | step 1318 epoch 1 loss 0.2316 step_s 0.0204 peak_mem_gb 0.170
2026-10-01 22:34:54,151 | DEBUG | step 1319 epoch 1 loss 0.2301 step_s 0.0221 peak_mem_gb 0.170
2026-10-01 22:34:54,174 | DEBUG | step 1320 epoch 1 loss 0.1731 step_s 0.0221 peak_mem_gb 0.170
2026-10-01 22:34:54,198 | DEBUG | step 1321 epoch 1 loss 0.1188 step_s 0.0225 peak_mem_gb 0.170
2026-10-01 22:34:54,199 | ERROR | training stopped with an error
Traceback (most recent call last):
  File "/tmp/ipykernel_1383/1734342367.py", line 48, in train_model
    (logger.info if step == 1 or step % cfg.log_every == 0 else logger.debug)(msg)
  File "/opt/conda/lib/python3.10/logging/__init__.py", line 1465, in debug
    self._log(DEBUG, msg, args, **kwargs)
  File "/opt/conda/lib/python3.10/logging/__init__.py", line 1624, in _log
    self.handle(record)
  File "/opt/conda/lib/python3.10/logging/__init__.py", line 1634, in handle
    self.callHandlers(record)
  File "/opt/conda/lib/python3.10/logging/__init__.py", line 1696, in callHandlers
    hdlr.handle(record)
  File "/opt/conda/lib/python3.10/logging/__init__.py", line 968, in handle
    self.emit(record)
  File "/opt/conda/lib/python3.10/logging/__init__.py", line 1218, in emit
    StreamHandler.emit(self, record)
  File "/opt/conda/lib/python3.10/logging/__init__.py", line 1104, in emit
    self.flush()
  File "/opt/conda/lib/python3.10/logging/__init__.py", line 1084, in flush
    self.stream.flush()
KeyboardInterrupt
