2026-10-01 22:36:03,525 | INFO | config_sha256 012ed6da3e8ac84897ae07194271ef4d37fb3627a6cbbf4add77da2f0d2300cd
2026-10-01 22:36:03,564 | INFO | git_sha unknown | notebook task2_sentiment/sneha/src/task2_sentiment_sneha.ipynb
2026-10-01 22:36:03,565 | INFO | device cuda | NVIDIA GeForce RTX 4090 | cpu x86_64
2026-10-01 22:36:03,566 | INFO | torch 2.1.2 | cuda 12.1 | python 3.10.13 | platform Linux-6.18.33.2-microsoft-standard-WSL2-x86_64-with-glibc2.31
2026-10-01 22:36:03,567 | DEBUG | config {"ablation": true, "baseline": "meanpool", "batch_size": 64, "bootstrap_n": 1000, "bootstrap_seed": 42, "char_len": 1014, "charcnn_dropout": 0.5, "charcnn_emb_dim": 16, "charcnn_fc": 512, "charcnn_filters": 256, "charcnn_input": "embedding", "data_url": "https://s3.amazonaws.com/fast-ai-nlp/yelp_review_polarity_csv.tgz", "device": "cuda", "dropout": 0.3, "early_stop_patience": 2, "ece_bins": 15, "emb_dim": 128, "gru_hidden": 128, "keep_words": ["no", "not", "nor", "never", "cannot", "none", "nobody", "nothing", "neither", "nowhere", "but", "however", "although", "though", "very", "too", "few", "less", "least", "more", "most", "against"], "log_every": 200, "logs_dir": "reproducibility/raw_logs/sneha", "long_min_tokens": 200, "lr": 0.001, "manifests_dir": "reproducibility/manifests", "max_epochs": 5, "max_len": 256, "max_vocab": 30000, "member": "sneha", "mlp_hidden": 256, "models": ["meanpool", "bigru", "charcnn"], "n_train": 100000, "n_val": 20000, "near_band": [0.45, 0.55], "out_dir": "task2_sentiment/sneha", "raw_dir": "task2_sentiment/data/raw", "remove_stopwords": true, "run_name": "main", "seed": 42, "short_max_tokens": 50, "split_seed": 42, "splits_dir": "task2_sentiment/data/splits", "stem": true}
2026-10-01 22:36:03,618 | DEBUG | packages ["Babel==2.14.0", "Brotli==1.0.9", "Jinja2==3.1.2", "MarkupSafe==2.1.1", "PySocks==1.7.1", "PyYAML==6.0.2", "Pygments==2.15.1", "Send2Trash==1.8.2", "anyio==4.1.0", "archspec==0.2.1", "argon2-cffi-bindings==21.2.0", "argon2-cffi==23.1.0", "arrow==1.3.0", "asttokens==2.0.5", "astunparse==1.6.3", "async-lru==2.0.4", "attrs==23.1.0", "backcall==0.2.0", "beautifulsoup4==4.12.2", "bleach==6.1.0", "boltons==23.0.0", "certifi==2023.11.17", "cffi==1.16.0", "chardet==4.0.0", "charset-normalizer==2.0.4", "click==8.1.7", "cloudpickle==3.1.2", "comm==0.2.0", "conda-build==3.28.1", "conda-content-trust==0.2.0", "conda-libmamba-solver==23.7.0", "conda-package-handling==2.2.0", "conda==23.9.0", "conda_index==0.3.0", "conda_package_streaming==0.9.0", "contourpy==1.3.2", "cryptography==41.0.7", "cycler==0.12.1", "debugpy==1.8.0", "decorator==5.1.1", "defusedxml==0.7.1", "distro==1.8.0", "dnspython==2.4.2", "exceptiongroup==1.0.4", "executing==0.8.3", "expecttest==0.1.6", "fastjsonschema==2.19.0", "filelock==3.13.1", "fonttools==4.65.0", "fqdn==1.5.1", "fsspec==2023.12.2", "gmpy2==2.1.2", "hypothesis==6.92.0", "idna==3.4", "ipykernel==6.27.1", "ipython==8.15.0", "isoduration==20.11.0", "jedi==0.18.1", "joblib==1.6.0", "json5==0.9.14", "jsonpatch==1.32", "jsonpointer==2.1", "jsonschema-specifications==2023.7.1", "jsonschema==4.19.2", "jupyter-events==0.9.0", "jupyter-lsp==2.2.1", "jupyter_client==8.6.0", "jupyter_core==5.5.0", "jupyter_server==2.12.1", "jupyter_server_terminals==0.5.0", "jupyterlab==4.0.9", "jupyterlab_pygments==0.3.0", "jupyterlab_server==2.25.2", "kiwisolver==1.5.1", "libarchive-c==2.9", "libmambapy==1.5.3", "lpips==0.1.4", "matplotlib-inline==0.1.6", "matplotlib==3.9.2", "menuinst==2.0.1", "mistune==3.0.2", "mkl-fft==1.3.8", "mkl-random==1.2.4", "mkl-service==2.4.0", "more-itertools==10.1.0", "mpmath==1.3.0", "nbclient==0.9.0", "nbconvert==7.12.0", "nbformat==5.9.2", "nest-asyncio==1.5.8", "networkx==3.1", "networkx==3.2.1", "nltk==3.9.1", "notebook==7.0.6", "notebook_shim==0.2.3", "numpy==1.26.2", "overrides==7.4.0", "packaging==23.1", "pandas==2.2.2", "pandocfilters==1.5.0", "parso==0.8.3", "patsy==1.0.3", "pexpect==4.8.0", "pickleshare==0.7.5", "pillow==10.4.0", "pip==23.3.1", "pkginfo==1.9.6", "platformdirs==3.10.0", "pluggy==1.0.0", "prometheus-client==0.19.0", "prompt-toolkit==3.0.36", "psutil==5.9.0", "ptyprocess==0.7.0", "pure-eval==0.2.2", "pyOpenSSL==23.2.0", "pycosat==0.6.6", "pycparser==2.21", "pyparsing==3.3.3", "python-dateutil==2.8.2", "python-etcd==0.4.5", "python-json-logger==2.0.7", "pytz==2023.3.post1", "pyzmq==25.1.2", "referencing==0.30.2", "regex==2026.9.29", "requests==2.31.0", "rfc3339-validator==0.1.4", "rfc3986-validator==0.1.1", "rpds-py==0.10.6", "ruamel.yaml.clib==0.2.6", "ruamel.yaml==0.17.21", "scikit-learn==1.5.2", "scipy==1.13.1", "setuptools==68.2.2", "six==1.16.0", "sniffio==1.3.0", "sortedcontainers==2.4.0", "soupsieve==2.5", "stack-data==0.2.0", "statsmodels==0.14.2", "sympy==1.12", "terminado==0.18.0", "threadpoolctl==3.7.0", "tinycss2==1.2.1", "tomli==2.0.1", "toolz==0.12.0", "torch==2.1.2", "torchaudio==2.1.2", "torchelastic==0.2.2", "torchvision==0.16.2", "tornado==6.4", "tqdm==4.66.5", "traitlets==5.7.1", "triton==2.1.0", "truststore==0.8.0", "types-dataclasses==0.6.6", "types-python-dateutil==2.8.19.14", "typing_extensions==4.7.1", "typing_extensions==4.9.0", "tzdata==2026.4", "uri-template==1.3.0", "urllib3==1.26.18", "wcwidth==0.2.5", "webcolors==1.13", "webencodings==0.5.1", "websocket-client==1.7.0", "wheel==0.41.2", "zstandard==0.19.0"]
2026-10-01 22:36:03,619 | INFO | log_path reproducibility/raw_logs/sneha/task2_meanpool_train_main_20261001T223603Z.log
2026-10-01 22:36:03,645 | INFO | model meanpool | pipeline main | params 3939329 | vocab 30002 | train 99996 | val 19999 | steps/epoch 1563
2026-10-01 22:36:03,646 | DEBUG | architecture MeanPool(
  (emb): Embedding(30002, 128, padding_idx=0)
  (mlp): Sequential(
    (0): Linear(in_features=128, out_features=256, bias=True)
    (1): ReLU()
    (2): Dropout(p=0.3, inplace=False)
    (3): Linear(in_features=256, out_features=256, bias=True)
    (4): ReLU()
    (5): Linear(in_features=256, out_features=1, bias=True)
  )
)
2026-10-01 22:36:03,654 | INFO | step 1 epoch 1 loss 0.6995 step_s 0.0048 peak_mem_gb 0.096
2026-10-01 22:36:03,660 | DEBUG | step 2 epoch 1 loss 0.6961 step_s 0.0032 peak_mem_gb 0.099
2026-10-01 22:36:03,663 | DEBUG | step 3 epoch 1 loss 0.6917 step_s 0.0023 peak_mem_gb 0.099
2026-10-01 22:36:03,666 | DEBUG | step 4 epoch 1 loss 0.6944 step_s 0.0018 peak_mem_gb 0.099
2026-10-01 22:36:03,669 | DEBUG | step 5 epoch 1 loss 0.6897 step_s 0.0018 peak_mem_gb 0.099
2026-10-01 22:36:03,671 | DEBUG | step 6 epoch 1 loss 0.6840 step_s 0.0017 peak_mem_gb 0.099
2026-10-01 22:36:03,675 | DEBUG | step 7 epoch 1 loss 0.6820 step_s 0.0022 peak_mem_gb 0.099
2026-10-01 22:36:03,678 | DEBUG | step 8 epoch 1 loss 0.6835 step_s 0.0017 peak_mem_gb 0.099
2026-10-01 22:36:03,680 | DEBUG | step 9 epoch 1 loss 0.6871 step_s 0.0017 peak_mem_gb 0.099
2026-10-01 22:36:03,683 | DEBUG | step 10 epoch 1 loss 0.6757 step_s 0.0017 peak_mem_gb 0.099
2026-10-01 22:36:03,686 | DEBUG | step 11 epoch 1 loss 0.6808 step_s 0.0018 peak_mem_gb 0.099
2026-10-01 22:36:03,688 | DEBUG | step 12 epoch 1 loss 0.6723 step_s 0.0019 peak_mem_gb 0.099
2026-10-01 22:36:03,691 | DEBUG | step 13 epoch 1 loss 0.6745 step_s 0.0016 peak_mem_gb 0.099
2026-10-01 22:36:03,693 | DEBUG | step 14 epoch 1 loss 0.6669 step_s 0.0018 peak_mem_gb 0.099
2026-10-01 22:36:03,696 | DEBUG | step 15 epoch 1 loss 0.6701 step_s 0.0017 peak_mem_gb 0.099
2026-10-01 22:36:03,700 | DEBUG | step 16 epoch 1 loss 0.6831 step_s 0.0035 peak_mem_gb 0.099
2026-10-01 22:36:03,703 | DEBUG | step 17 epoch 1 loss 0.6574 step_s 0.0016 peak_mem_gb 0.099
2026-10-01 22:36:03,706 | DEBUG | step 18 epoch 1 loss 0.6468 step_s 0.0018 peak_mem_gb 0.099
2026-10-01 22:36:03,708 | DEBUG | step 19 epoch 1 loss 0.6562 step_s 0.0018 peak_mem_gb 0.099
2026-10-01 22:36:03,711 | DEBUG | step 20 epoch 1 loss 0.6398 step_s 0.0019 peak_mem_gb 0.099
2026-10-01 22:36:03,714 | DEBUG | step 21 epoch 1 loss 0.6553 step_s 0.0017 peak_mem_gb 0.099
2026-10-01 22:36:03,717 | DEBUG | step 22 epoch 1 loss 0.6376 step_s 0.0017 peak_mem_gb 0.099
2026-10-01 22:36:03,719 | DEBUG | step 23 epoch 1 loss 0.6407 step_s 0.0019 peak_mem_gb 0.099
2026-10-01 22:36:03,724 | DEBUG | step 24 epoch 1 loss 0.6332 step_s 0.0031 peak_mem_gb 0.099
2026-10-01 22:36:03,727 | DEBUG | step 25 epoch 1 loss 0.5973 step_s 0.0021 peak_mem_gb 0.099
2026-10-01 22:36:03,731 | DEBUG | step 26 epoch 1 loss 0.6218 step_s 0.0029 peak_mem_gb 0.099
2026-10-01 22:36:03,734 | DEBUG | step 27 epoch 1 loss 0.5831 step_s 0.0029 peak_mem_gb 0.099
2026-10-01 22:36:03,738 | DEBUG | step 28 epoch 1 loss 0.5962 step_s 0.0025 peak_mem_gb 0.099
2026-10-01 22:36:03,741 | DEBUG | step 29 epoch 1 loss 0.5930 step_s 0.0020 peak_mem_gb 0.099
2026-10-01 22:36:03,744 | DEBUG | step 30 epoch 1 loss 0.5817 step_s 0.0017 peak_mem_gb 0.099
2026-10-01 22:36:03,746 | DEBUG | step 31 epoch 1 loss 0.5946 step_s 0.0016 peak_mem_gb 0.099
2026-10-01 22:36:03,749 | DEBUG | step 32 epoch 1 loss 0.5922 step_s 0.0017 peak_mem_gb 0.099
2026-10-01 22:36:03,751 | DEBUG | step 33 epoch 1 loss 0.5418 step_s 0.0017 peak_mem_gb 0.099
2026-10-01 22:36:03,756 | DEBUG | step 34 epoch 1 loss 0.5769 step_s 0.0035 peak_mem_gb 0.099
2026-10-01 22:36:03,758 | DEBUG | step 35 epoch 1 loss 0.5302 step_s 0.0019 peak_mem_gb 0.099
2026-10-01 22:36:03,761 | DEBUG | step 36 epoch 1 loss 0.5184 step_s 0.0018 peak_mem_gb 0.099
2026-10-01 22:36:03,764 | DEBUG | step 37 epoch 1 loss 0.5717 step_s 0.0018 peak_mem_gb 0.099
2026-10-01 22:36:03,766 | DEBUG | step 38 epoch 1 loss 0.5822 step_s 0.0018 peak_mem_gb 0.099
2026-10-01 22:36:03,769 | DEBUG | step 39 epoch 1 loss 0.4124 step_s 0.0020 peak_mem_gb 0.099
2026-10-01 22:36:03,772 | DEBUG | step 40 epoch 1 loss 0.6013 step_s 0.0018 peak_mem_gb 0.099
2026-10-01 22:36:03,774 | DEBUG | step 41 epoch 1 loss 0.5441 step_s 0.0017 peak_mem_gb 0.099
2026-10-01 22:36:03,777 | DEBUG | step 42 epoch 1 loss 0.5604 step_s 0.0017 peak_mem_gb 0.099
2026-10-01 22:36:03,779 | DEBUG | step 43 epoch 1 loss 0.5953 step_s 0.0017 peak_mem_gb 0.099
2026-10-01 22:36:03,782 | DEBUG | step 44 epoch 1 loss 0.5184 step_s 0.0016 peak_mem_gb 0.099
2026-10-01 22:36:03,785 | DEBUG | step 45 epoch 1 loss 0.5366 step_s 0.0017 peak_mem_gb 0.099
2026-10-01 22:36:03,787 | DEBUG | step 46 epoch 1 loss 0.5266 step_s 0.0017 peak_mem_gb 0.099
2026-10-01 22:36:03,790 | DEBUG | step 47 epoch 1 loss 0.5171 step_s 0.0016 peak_mem_gb 0.099
2026-10-01 22:36:03,792 | DEBUG | step 48 epoch 1 loss 0.4299 step_s 0.0017 peak_mem_gb 0.099
2026-10-01 22:36:03,795 | DEBUG | step 49 epoch 1 loss 0.4033 step_s 0.0017 peak_mem_gb 0.099
2026-10-01 22:36:03,798 | DEBUG | step 50 epoch 1 loss 0.4777 step_s 0.0017 peak_mem_gb 0.099
2026-10-01 22:36:03,800 | DEBUG | step 51 epoch 1 loss 0.5416 step_s 0.0018 peak_mem_gb 0.099
2026-10-01 22:36:03,803 | DEBUG | step 52 epoch 1 loss 0.4548 step_s 0.0017 peak_mem_gb 0.099
2026-10-01 22:36:03,806 | DEBUG | step 53 epoch 1 loss 0.4939 step_s 0.0017 peak_mem_gb 0.099
2026-10-01 22:36:03,808 | DEBUG | step 54 epoch 1 loss 0.4008 step_s 0.0019 peak_mem_gb 0.099
2026-10-01 22:36:03,811 | DEBUG | step 55 epoch 1 loss 0.5577 step_s 0.0016 peak_mem_gb 0.099
2026-10-01 22:36:03,813 | DEBUG | step 56 epoch 1 loss 0.4893 step_s 0.0016 peak_mem_gb 0.099
2026-10-01 22:36:03,816 | DEBUG | step 57 epoch 1 loss 0.4924 step_s 0.0017 peak_mem_gb 0.099
2026-10-01 22:36:03,818 | DEBUG | step 58 epoch 1 loss 0.5089 step_s 0.0017 peak_mem_gb 0.099
2026-10-01 22:36:03,821 | DEBUG | step 59 epoch 1 loss 0.5841 step_s 0.0017 peak_mem_gb 0.099
2026-10-01 22:36:03,824 | DEBUG | step 60 epoch 1 loss 0.3664 step_s 0.0016 peak_mem_gb 0.099
2026-10-01 22:36:03,826 | DEBUG | step 61 epoch 1 loss 0.3977 step_s 0.0016 peak_mem_gb 0.099
2026-10-01 22:36:03,828 | DEBUG | step 62 epoch 1 loss 0.4526 step_s 0.0016 peak_mem_gb 0.099
2026-10-01 22:36:03,831 | DEBUG | step 63 epoch 1 loss 0.4405 step_s 0.0017 peak_mem_gb 0.099
2026-10-01 22:36:03,834 | DEBUG | step 64 epoch 1 loss 0.4817 step_s 0.0019 peak_mem_gb 0.099
2026-10-01 22:36:03,836 | DEBUG | step 65 epoch 1 loss 0.4789 step_s 0.0019 peak_mem_gb 0.099
2026-10-01 22:36:03,839 | DEBUG | step 66 epoch 1 loss 0.4206 step_s 0.0017 peak_mem_gb 0.099
2026-10-01 22:36:03,842 | DEBUG | step 67 epoch 1 loss 0.4356 step_s 0.0017 peak_mem_gb 0.099
2026-10-01 22:36:03,844 | DEBUG | step 68 epoch 1 loss 0.5555 step_s 0.0015 peak_mem_gb 0.099
2026-10-01 22:36:03,847 | DEBUG | step 69 epoch 1 loss 0.5088 step_s 0.0016 peak_mem_gb 0.099
2026-10-01 22:36:03,849 | DEBUG | step 70 epoch 1 loss 0.5077 step_s 0.0015 peak_mem_gb 0.099
2026-10-01 22:36:03,851 | DEBUG | step 71 epoch 1 loss 0.4293 step_s 0.0015 peak_mem_gb 0.099
2026-10-01 22:36:03,853 | DEBUG | step 72 epoch 1 loss 0.4260 step_s 0.0015 peak_mem_gb 0.099
2026-10-01 22:36:03,855 | DEBUG | step 73 epoch 1 loss 0.4949 step_s 0.0015 peak_mem_gb 0.099
2026-10-01 22:36:03,858 | DEBUG | step 74 epoch 1 loss 0.3872 step_s 0.0015 peak_mem_gb 0.099
2026-10-01 22:36:03,860 | DEBUG | step 75 epoch 1 loss 0.5366 step_s 0.0015 peak_mem_gb 0.099
2026-10-01 22:36:03,862 | DEBUG | step 76 epoch 1 loss 0.4228 step_s 0.0014 peak_mem_gb 0.099
2026-10-01 22:36:03,864 | DEBUG | step 77 epoch 1 loss 0.4543 step_s 0.0015 peak_mem_gb 0.099
2026-10-01 22:36:03,867 | DEBUG | step 78 epoch 1 loss 0.4906 step_s 0.0015 peak_mem_gb 0.099
2026-10-01 22:36:03,869 | DEBUG | step 79 epoch 1 loss 0.5195 step_s 0.0015 peak_mem_gb 0.099
2026-10-01 22:36:03,871 | DEBUG | step 80 epoch 1 loss 0.3561 step_s 0.0015 peak_mem_gb 0.099
2026-10-01 22:36:03,873 | DEBUG | step 81 epoch 1 loss 0.4561 step_s 0.0016 peak_mem_gb 0.099
2026-10-01 22:36:03,875 | DEBUG | step 82 epoch 1 loss 0.4046 step_s 0.0014 peak_mem_gb 0.099
2026-10-01 22:36:03,878 | DEBUG | step 83 epoch 1 loss 0.4247 step_s 0.0014 peak_mem_gb 0.099
2026-10-01 22:36:03,880 | DEBUG | step 84 epoch 1 loss 0.5378 step_s 0.0014 peak_mem_gb 0.099
2026-10-01 22:36:03,882 | DEBUG | step 85 epoch 1 loss 0.4554 step_s 0.0016 peak_mem_gb 0.099
2026-10-01 22:36:03,884 | DEBUG | step 86 epoch 1 loss 0.4750 step_s 0.0015 peak_mem_gb 0.099
2026-10-01 22:36:03,886 | DEBUG | step 87 epoch 1 loss 0.3754 step_s 0.0014 peak_mem_gb 0.099
2026-10-01 22:36:03,889 | DEBUG | step 88 epoch 1 loss 0.4204 step_s 0.0015 peak_mem_gb 0.099
2026-10-01 22:36:03,891 | DEBUG | step 89 epoch 1 loss 0.3802 step_s 0.0014 peak_mem_gb 0.099
2026-10-01 22:36:03,893 | DEBUG | step 90 epoch 1 loss 0.4322 step_s 0.0015 peak_mem_gb 0.099
2026-10-01 22:36:03,895 | DEBUG | step 91 epoch 1 loss 0.4320 step_s 0.0014 peak_mem_gb 0.099
2026-10-01 22:36:03,897 | DEBUG | step 92 epoch 1 loss 0.4087 step_s 0.0015 peak_mem_gb 0.099
2026-10-01 22:36:03,900 | DEBUG | step 93 epoch 1 loss 0.3948 step_s 0.0014 peak_mem_gb 0.099
2026-10-01 22:36:03,902 | DEBUG | step 94 epoch 1 loss 0.4835 step_s 0.0014 peak_mem_gb 0.099
2026-10-01 22:36:03,904 | DEBUG | step 95 epoch 1 loss 0.4900 step_s 0.0014 peak_mem_gb 0.099
2026-10-01 22:36:03,906 | DEBUG | step 96 epoch 1 loss 0.4138 step_s 0.0014 peak_mem_gb 0.099
2026-10-01 22:36:03,908 | DEBUG | step 97 epoch 1 loss 0.3641 step_s 0.0015 peak_mem_gb 0.099
2026-10-01 22:36:03,910 | DEBUG | step 98 epoch 1 loss 0.3895 step_s 0.0014 peak_mem_gb 0.099
2026-10-01 22:36:03,912 | DEBUG | step 99 epoch 1 loss 0.3895 step_s 0.0014 peak_mem_gb 0.099
2026-10-01 22:36:03,914 | DEBUG | step 100 epoch 1 loss 0.4705 step_s 0.0015 peak_mem_gb 0.099
2026-10-01 22:36:03,917 | DEBUG | step 101 epoch 1 loss 0.5203 step_s 0.0015 peak_mem_gb 0.099
2026-10-01 22:36:03,919 | DEBUG | step 102 epoch 1 loss 0.4316 step_s 0.0014 peak_mem_gb 0.099
2026-10-01 22:36:03,921 | DEBUG | step 103 epoch 1 loss 0.4734 step_s 0.0015 peak_mem_gb 0.099
2026-10-01 22:36:03,923 | DEBUG | step 104 epoch 1 loss 0.4597 step_s 0.0014 peak_mem_gb 0.099
2026-10-01 22:36:03,925 | DEBUG | step 105 epoch 1 loss 0.3437 step_s 0.0015 peak_mem_gb 0.099
2026-10-01 22:36:03,927 | DEBUG | step 106 epoch 1 loss 0.4738 step_s 0.0014 peak_mem_gb 0.099
2026-10-01 22:36:03,930 | DEBUG | step 107 epoch 1 loss 0.3991 step_s 0.0016 peak_mem_gb 0.099
2026-10-01 22:36:03,932 | DEBUG | step 108 epoch 1 loss 0.4463 step_s 0.0015 peak_mem_gb 0.099
2026-10-01 22:36:03,935 | DEBUG | step 109 epoch 1 loss 0.3760 step_s 0.0015 peak_mem_gb 0.099
2026-10-01 22:36:03,937 | DEBUG | step 110 epoch 1 loss 0.3787 step_s 0.0015 peak_mem_gb 0.099
2026-10-01 22:36:03,939 | DEBUG | step 111 epoch 1 loss 0.6078 step_s 0.0014 peak_mem_gb 0.099
2026-10-01 22:36:03,941 | DEBUG | step 112 epoch 1 loss 0.3435 step_s 0.0015 peak_mem_gb 0.099
2026-10-01 22:36:03,944 | DEBUG | step 113 epoch 1 loss 0.3106 step_s 0.0014 peak_mem_gb 0.099
2026-10-01 22:36:03,946 | DEBUG | step 114 epoch 1 loss 0.4710 step_s 0.0015 peak_mem_gb 0.099
2026-10-01 22:36:03,948 | DEBUG | step 115 epoch 1 loss 0.3972 step_s 0.0015 peak_mem_gb 0.099
2026-10-01 22:36:03,950 | DEBUG | step 116 epoch 1 loss 0.3332 step_s 0.0014 peak_mem_gb 0.099
2026-10-01 22:36:03,952 | DEBUG | step 117 epoch 1 loss 0.3699 step_s 0.0015 peak_mem_gb 0.099
2026-10-01 22:36:03,954 | DEBUG | step 118 epoch 1 loss 0.4983 step_s 0.0014 peak_mem_gb 0.099
2026-10-01 22:36:03,957 | DEBUG | step 119 epoch 1 loss 0.4304 step_s 0.0014 peak_mem_gb 0.099
2026-10-01 22:36:03,959 | DEBUG | step 120 epoch 1 loss 0.4087 step_s 0.0015 peak_mem_gb 0.099
2026-10-01 22:36:03,961 | DEBUG | step 121 epoch 1 loss 0.4247 step_s 0.0019 peak_mem_gb 0.099
2026-10-01 22:36:03,963 | DEBUG | step 122 epoch 1 loss 0.3441 step_s 0.0014 peak_mem_gb 0.099
2026-10-01 22:36:03,966 | DEBUG | step 123 epoch 1 loss 0.4219 step_s 0.0014 peak_mem_gb 0.099
2026-10-01 22:36:03,968 | DEBUG | step 124 epoch 1 loss 0.3310 step_s 0.0014 peak_mem_gb 0.099
2026-10-01 22:36:03,970 | DEBUG | step 125 epoch 1 loss 0.3805 step_s 0.0014 peak_mem_gb 0.099
2026-10-01 22:36:03,972 | DEBUG | step 126 epoch 1 loss 0.3904 step_s 0.0014 peak_mem_gb 0.099
2026-10-01 22:36:03,974 | DEBUG | step 127 epoch 1 loss 0.3592 step_s 0.0015 peak_mem_gb 0.099
2026-10-01 22:36:03,976 | DEBUG | step 128 epoch 1 loss 0.4408 step_s 0.0015 peak_mem_gb 0.099
2026-10-01 22:36:03,979 | DEBUG | step 129 epoch 1 loss 0.4857 step_s 0.0014 peak_mem_gb 0.099
2026-10-01 22:36:03,981 | DEBUG | step 130 epoch 1 loss 0.2743 step_s 0.0015 peak_mem_gb 0.099
2026-10-01 22:36:03,983 | DEBUG | step 131 epoch 1 loss 0.3263 step_s 0.0014 peak_mem_gb 0.099
2026-10-01 22:36:03,985 | DEBUG | step 132 epoch 1 loss 0.4259 step_s 0.0014 peak_mem_gb 0.099
2026-10-01 22:36:03,987 | DEBUG | step 133 epoch 1 loss 0.4887 step_s 0.0014 peak_mem_gb 0.099
2026-10-01 22:36:03,990 | DEBUG | step 134 epoch 1 loss 0.3837 step_s 0.0018 peak_mem_gb 0.099
2026-10-01 22:36:03,992 | DEBUG | step 135 epoch 1 loss 0.5128 step_s 0.0018 peak_mem_gb 0.099
2026-10-01 22:36:03,994 | DEBUG | step 136 epoch 1 loss 0.3118 step_s 0.0016 peak_mem_gb 0.099
2026-10-01 22:36:03,997 | DEBUG | step 137 epoch 1 loss 0.3621 step_s 0.0015 peak_mem_gb 0.099
2026-10-01 22:36:03,999 | DEBUG | step 138 epoch 1 loss 0.4418 step_s 0.0015 peak_mem_gb 0.099
2026-10-01 22:36:04,001 | DEBUG | step 139 epoch 1 loss 0.3371 step_s 0.0015 peak_mem_gb 0.099
2026-10-01 22:36:04,003 | DEBUG | step 140 epoch 1 loss 0.3705 step_s 0.0014 peak_mem_gb 0.099
2026-10-01 22:36:04,005 | DEBUG | step 141 epoch 1 loss 0.5155 step_s 0.0015 peak_mem_gb 0.099
2026-10-01 22:36:04,007 | DEBUG | step 142 epoch 1 loss 0.3492 step_s 0.0014 peak_mem_gb 0.099
2026-10-01 22:36:04,010 | DEBUG | step 143 epoch 1 loss 0.3185 step_s 0.0015 peak_mem_gb 0.099
2026-10-01 22:36:04,012 | DEBUG | step 144 epoch 1 loss 0.4192 step_s 0.0015 peak_mem_gb 0.099
2026-10-01 22:36:04,014 | DEBUG | step 145 epoch 1 loss 0.3702 step_s 0.0014 peak_mem_gb 0.099
2026-10-01 22:36:04,016 | DEBUG | step 146 epoch 1 loss 0.4039 step_s 0.0014 peak_mem_gb 0.099
2026-10-01 22:36:04,018 | DEBUG | step 147 epoch 1 loss 0.4195 step_s 0.0014 peak_mem_gb 0.099
2026-10-01 22:36:04,021 | DEBUG | step 148 epoch 1 loss 0.4641 step_s 0.0015 peak_mem_gb 0.099
2026-10-01 22:36:04,023 | DEBUG | step 149 epoch 1 loss 0.4037 step_s 0.0015 peak_mem_gb 0.099
2026-10-01 22:36:04,026 | DEBUG | step 150 epoch 1 loss 0.3188 step_s 0.0019 peak_mem_gb 0.099
2026-10-01 22:36:04,028 | DEBUG | step 151 epoch 1 loss 0.4413 step_s 0.0016 peak_mem_gb 0.099
2026-10-01 22:36:04,031 | DEBUG | step 152 epoch 1 loss 0.3562 step_s 0.0015 peak_mem_gb 0.099
2026-10-01 22:36:04,033 | DEBUG | step 153 epoch 1 loss 0.4052 step_s 0.0015 peak_mem_gb 0.099
2026-10-01 22:36:04,035 | DEBUG | step 154 epoch 1 loss 0.3923 step_s 0.0015 peak_mem_gb 0.099
2026-10-01 22:36:04,037 | DEBUG | step 155 epoch 1 loss 0.2936 step_s 0.0015 peak_mem_gb 0.099
2026-10-01 22:36:04,040 | DEBUG | step 156 epoch 1 loss 0.2708 step_s 0.0016 peak_mem_gb 0.099
2026-10-01 22:36:04,042 | DEBUG | step 157 epoch 1 loss 0.4126 step_s 0.0015 peak_mem_gb 0.099
2026-10-01 22:36:04,044 | DEBUG | step 158 epoch 1 loss 0.3905 step_s 0.0014 peak_mem_gb 0.099
2026-10-01 22:36:04,046 | DEBUG | step 159 epoch 1 loss 0.4061 step_s 0.0014 peak_mem_gb 0.099
2026-10-01 22:36:04,048 | DEBUG | step 160 epoch 1 loss 0.3531 step_s 0.0015 peak_mem_gb 0.099
2026-10-01 22:36:04,051 | DEBUG | step 161 epoch 1 loss 0.4494 step_s 0.0014 peak_mem_gb 0.099
2026-10-01 22:36:04,053 | DEBUG | step 162 epoch 1 loss 0.3517 step_s 0.0015 peak_mem_gb 0.099
2026-10-01 22:36:04,055 | DEBUG | step 163 epoch 1 loss 0.2490 step_s 0.0015 peak_mem_gb 0.099
2026-10-01 22:36:04,057 | DEBUG | step 164 epoch 1 loss 0.4506 step_s 0.0016 peak_mem_gb 0.099
2026-10-01 22:36:04,060 | DEBUG | step 165 epoch 1 loss 0.4392 step_s 0.0015 peak_mem_gb 0.099
2026-10-01 22:36:04,062 | DEBUG | step 166 epoch 1 loss 0.4716 step_s 0.0015 peak_mem_gb 0.099
2026-10-01 22:36:04,064 | DEBUG | step 167 epoch 1 loss 0.4049 step_s 0.0015 peak_mem_gb 0.099
2026-10-01 22:36:04,066 | DEBUG | step 168 epoch 1 loss 0.3983 step_s 0.0014 peak_mem_gb 0.099
2026-10-01 22:36:04,069 | DEBUG | step 169 epoch 1 loss 0.4149 step_s 0.0015 peak_mem_gb 0.099
2026-10-01 22:36:04,071 | DEBUG | step 170 epoch 1 loss 0.2551 step_s 0.0014 peak_mem_gb 0.099
2026-10-01 22:36:04,074 | DEBUG | step 171 epoch 1 loss 0.5247 step_s 0.0017 peak_mem_gb 0.099
2026-10-01 22:36:04,076 | DEBUG | step 172 epoch 1 loss 0.4733 step_s 0.0015 peak_mem_gb 0.099
2026-10-01 22:36:04,078 | DEBUG | step 173 epoch 1 loss 0.5090 step_s 0.0015 peak_mem_gb 0.099
2026-10-01 22:36:04,080 | DEBUG | step 174 epoch 1 loss 0.3937 step_s 0.0015 peak_mem_gb 0.099
2026-10-01 22:36:04,083 | DEBUG | step 175 epoch 1 loss 0.5069 step_s 0.0015 peak_mem_gb 0.099
2026-10-01 22:36:04,085 | DEBUG | step 176 epoch 1 loss 0.2454 step_s 0.0015 peak_mem_gb 0.099
2026-10-01 22:36:04,087 | DEBUG | step 177 epoch 1 loss 0.4728 step_s 0.0015 peak_mem_gb 0.099
2026-10-01 22:36:04,089 | DEBUG | step 178 epoch 1 loss 0.4456 step_s 0.0015 peak_mem_gb 0.099
2026-10-01 22:36:04,091 | DEBUG | step 179 epoch 1 loss 0.3107 step_s 0.0014 peak_mem_gb 0.099
2026-10-01 22:36:04,094 | DEBUG | step 180 epoch 1 loss 0.3197 step_s 0.0015 peak_mem_gb 0.099
2026-10-01 22:36:04,096 | DEBUG | step 181 epoch 1 loss 0.4389 step_s 0.0014 peak_mem_gb 0.099
2026-10-01 22:36:04,098 | DEBUG | step 182 epoch 1 loss 0.3982 step_s 0.0014 peak_mem_gb 0.099
2026-10-01 22:36:04,100 | DEBUG | step 183 epoch 1 loss 0.2915 step_s 0.0014 peak_mem_gb 0.099
2026-10-01 22:36:04,102 | DEBUG | step 184 epoch 1 loss 0.4337 step_s 0.0015 peak_mem_gb 0.099
2026-10-01 22:36:04,105 | DEBUG | step 185 epoch 1 loss 0.3576 step_s 0.0015 peak_mem_gb 0.099
2026-10-01 22:36:04,107 | DEBUG | step 186 epoch 1 loss 0.3906 step_s 0.0014 peak_mem_gb 0.099
2026-10-01 22:36:04,109 | DEBUG | step 187 epoch 1 loss 0.2343 step_s 0.0015 peak_mem_gb 0.099
2026-10-01 22:36:04,111 | DEBUG | step 188 epoch 1 loss 0.4393 step_s 0.0015 peak_mem_gb 0.099
2026-10-01 22:36:04,114 | DEBUG | step 189 epoch 1 loss 0.4581 step_s 0.0015 peak_mem_gb 0.099
2026-10-01 22:36:04,116 | DEBUG | step 190 epoch 1 loss 0.2958 step_s 0.0015 peak_mem_gb 0.099
2026-10-01 22:36:04,118 | DEBUG | step 191 epoch 1 loss 0.5047 step_s 0.0015 peak_mem_gb 0.099
2026-10-01 22:36:04,121 | DEBUG | step 192 epoch 1 loss 0.2878 step_s 0.0015 peak_mem_gb 0.099
2026-10-01 22:36:04,123 | DEBUG | step 193 epoch 1 loss 0.2531 step_s 0.0015 peak_mem_gb 0.099
2026-10-01 22:36:04,125 | DEBUG | step 194 epoch 1 loss 0.3286 step_s 0.0015 peak_mem_gb 0.099
2026-10-01 22:36:04,127 | DEBUG | step 195 epoch 1 loss 0.4792 step_s 0.0014 peak_mem_gb 0.099
2026-10-01 22:36:04,129 | DEBUG | step 196 epoch 1 loss 0.5055 step_s 0.0015 peak_mem_gb 0.099
2026-10-01 22:36:04,131 | DEBUG | step 197 epoch 1 loss 0.2090 step_s 0.0014 peak_mem_gb 0.099
2026-10-01 22:36:04,134 | DEBUG | step 198 epoch 1 loss 0.2249 step_s 0.0015 peak_mem_gb 0.099
2026-10-01 22:36:04,136 | DEBUG | step 199 epoch 1 loss 0.3032 step_s 0.0014 peak_mem_gb 0.099
2026-10-01 22:36:04,138 | INFO | step 200 epoch 1 loss 0.4512 step_s 0.0014 peak_mem_gb 0.099
2026-10-01 22:36:04,141 | DEBUG | step 201 epoch 1 loss 0.4368 step_s 0.0015 peak_mem_gb 0.099
2026-10-01 22:36:04,143 | DEBUG | step 202 epoch 1 loss 0.2766 step_s 0.0016 peak_mem_gb 0.099
2026-10-01 22:36:04,146 | DEBUG | step 203 epoch 1 loss 0.3501 step_s 0.0016 peak_mem_gb 0.099
2026-10-01 22:36:04,149 | DEBUG | step 204 epoch 1 loss 0.3734 step_s 0.0020 peak_mem_gb 0.099
2026-10-01 22:36:04,151 | DEBUG | step 205 epoch 1 loss 0.4050 step_s 0.0015 peak_mem_gb 0.099
2026-10-01 22:36:04,153 | DEBUG | step 206 epoch 1 loss 0.4198 step_s 0.0015 peak_mem_gb 0.099
2026-10-01 22:36:04,155 | DEBUG | step 207 epoch 1 loss 0.4070 step_s 0.0014 peak_mem_gb 0.099
2026-10-01 22:36:04,158 | DEBUG | step 208 epoch 1 loss 0.3512 step_s 0.0015 peak_mem_gb 0.099
2026-10-01 22:36:04,160 | DEBUG | step 209 epoch 1 loss 0.3133 step_s 0.0015 peak_mem_gb 0.099
2026-10-01 22:36:04,162 | DEBUG | step 210 epoch 1 loss 0.3783 step_s 0.0014 peak_mem_gb 0.099
2026-10-01 22:36:04,164 | DEBUG | step 211 epoch 1 loss 0.5011 step_s 0.0015 peak_mem_gb 0.099
2026-10-01 22:36:04,169 | DEBUG | step 212 epoch 1 loss 0.4399 step_s 0.0016 peak_mem_gb 0.099
2026-10-01 22:36:04,171 | DEBUG | step 213 epoch 1 loss 0.2793 step_s 0.0014 peak_mem_gb 0.099
2026-10-01 22:36:04,173 | DEBUG | step 214 epoch 1 loss 0.3694 step_s 0.0016 peak_mem_gb 0.099
2026-10-01 22:36:04,175 | DEBUG | step 215 epoch 1 loss 0.3721 step_s 0.0014 peak_mem_gb 0.099
2026-10-01 22:36:04,178 | DEBUG | step 216 epoch 1 loss 0.3674 step_s 0.0014 peak_mem_gb 0.099
2026-10-01 22:36:04,180 | DEBUG | step 217 epoch 1 loss 0.4318 step_s 0.0015 peak_mem_gb 0.099
2026-10-01 22:36:04,182 | DEBUG | step 218 epoch 1 loss 0.2913 step_s 0.0014 peak_mem_gb 0.099
2026-10-01 22:36:04,184 | DEBUG | step 219 epoch 1 loss 0.4676 step_s 0.0014 peak_mem_gb 0.099
2026-10-01 22:36:04,186 | DEBUG | step 220 epoch 1 loss 0.3350 step_s 0.0014 peak_mem_gb 0.099
2026-10-01 22:36:04,188 | DEBUG | step 221 epoch 1 loss 0.3983 step_s 0.0015 peak_mem_gb 0.099
2026-10-01 22:36:04,190 | DEBUG | step 222 epoch 1 loss 0.3792 step_s 0.0015 peak_mem_gb 0.099
2026-10-01 22:36:04,193 | DEBUG | step 223 epoch 1 loss 0.4339 step_s 0.0015 peak_mem_gb 0.099
2026-10-01 22:36:04,195 | DEBUG | step 224 epoch 1 loss 0.2645 step_s 0.0014 peak_mem_gb 0.099
2026-10-01 22:36:04,197 | DEBUG | step 225 epoch 1 loss 0.4129 step_s 0.0015 peak_mem_gb 0.099
2026-10-01 22:36:04,199 | DEBUG | step 226 epoch 1 loss 0.3245 step_s 0.0014 peak_mem_gb 0.099
2026-10-01 22:36:04,201 | DEBUG | step 227 epoch 1 loss 0.2725 step_s 0.0017 peak_mem_gb 0.099
2026-10-01 22:36:04,204 | DEBUG | step 228 epoch 1 loss 0.4467 step_s 0.0014 peak_mem_gb 0.099
2026-10-01 22:36:04,206 | DEBUG | step 229 epoch 1 loss 0.3601 step_s 0.0014 peak_mem_gb 0.099
2026-10-01 22:36:04,208 | DEBUG | step 230 epoch 1 loss 0.3202 step_s 0.0015 peak_mem_gb 0.099
2026-10-01 22:36:04,210 | DEBUG | step 231 epoch 1 loss 0.3526 step_s 0.0014 peak_mem_gb 0.099
2026-10-01 22:36:04,212 | DEBUG | step 232 epoch 1 loss 0.3231 step_s 0.0014 peak_mem_gb 0.099
2026-10-01 22:36:04,214 | DEBUG | step 233 epoch 1 loss 0.4635 step_s 0.0015 peak_mem_gb 0.099
2026-10-01 22:36:04,217 | DEBUG | step 234 epoch 1 loss 0.3985 step_s 0.0015 peak_mem_gb 0.099
2026-10-01 22:36:04,220 | DEBUG | step 235 epoch 1 loss 0.4102 step_s 0.0027 peak_mem_gb 0.099
2026-10-01 22:36:04,222 | DEBUG | step 236 epoch 1 loss 0.4056 step_s 0.0015 peak_mem_gb 0.099
2026-10-01 22:36:04,224 | DEBUG | step 237 epoch 1 loss 0.3240 step_s 0.0015 peak_mem_gb 0.099
2026-10-01 22:36:04,227 | DEBUG | step 238 epoch 1 loss 0.3375 step_s 0.0014 peak_mem_gb 0.099
2026-10-01 22:36:04,229 | DEBUG | step 239 epoch 1 loss 0.3473 step_s 0.0015 peak_mem_gb 0.099
2026-10-01 22:36:04,231 | DEBUG | step 240 epoch 1 loss 0.3575 step_s 0.0015 peak_mem_gb 0.099
2026-10-01 22:36:04,233 | DEBUG | step 241 epoch 1 loss 0.4227 step_s 0.0015 peak_mem_gb 0.099
2026-10-01 22:36:04,235 | DEBUG | step 242 epoch 1 loss 0.3327 step_s 0.0015 peak_mem_gb 0.099
2026-10-01 22:36:04,238 | DEBUG | step 243 epoch 1 loss 0.4104 step_s 0.0017 peak_mem_gb 0.099
2026-10-01 22:36:04,240 | DEBUG | step 244 epoch 1 loss 0.3055 step_s 0.0015 peak_mem_gb 0.099
2026-10-01 22:36:04,242 | DEBUG | step 245 epoch 1 loss 0.4093 step_s 0.0016 peak_mem_gb 0.099
2026-10-01 22:36:04,245 | DEBUG | step 246 epoch 1 loss 0.4174 step_s 0.0016 peak_mem_gb 0.099
2026-10-01 22:36:04,247 | DEBUG | step 247 epoch 1 loss 0.2747 step_s 0.0015 peak_mem_gb 0.099
2026-10-01 22:36:04,249 | DEBUG | step 248 epoch 1 loss 0.2760 step_s 0.0015 peak_mem_gb 0.099
2026-10-01 22:36:04,252 | DEBUG | step 249 epoch 1 loss 0.4464 step_s 0.0015 peak_mem_gb 0.099
2026-10-01 22:36:04,254 | DEBUG | step 250 epoch 1 loss 0.2801 step_s 0.0014 peak_mem_gb 0.099
2026-10-01 22:36:04,256 | DEBUG | step 251 epoch 1 loss 0.2628 step_s 0.0014 peak_mem_gb 0.099
2026-10-01 22:36:04,258 | DEBUG | step 252 epoch 1 loss 0.4564 step_s 0.0015 peak_mem_gb 0.099
2026-10-01 22:36:04,260 | DEBUG | step 253 epoch 1 loss 0.2297 step_s 0.0014 peak_mem_gb 0.099
2026-10-01 22:36:04,262 | DEBUG | step 254 epoch 1 loss 0.4046 step_s 0.0014 peak_mem_gb 0.099
2026-10-01 22:36:04,265 | DEBUG | step 255 epoch 1 loss 0.4097 step_s 0.0015 peak_mem_gb 0.099
2026-10-01 22:36:04,267 | DEBUG | step 256 epoch 1 loss 0.2379 step_s 0.0015 peak_mem_gb 0.099
2026-10-01 22:36:04,269 | DEBUG | step 257 epoch 1 loss 0.2810 step_s 0.0015 peak_mem_gb 0.099
2026-10-01 22:36:04,271 | DEBUG | step 258 epoch 1 loss 0.3147 step_s 0.0014 peak_mem_gb 0.099
2026-10-01 22:36:04,273 | DEBUG | step 259 epoch 1 loss 0.3848 step_s 0.0015 peak_mem_gb 0.099
2026-10-01 22:36:04,275 | DEBUG | step 260 epoch 1 loss 0.4588 step_s 0.0015 peak_mem_gb 0.099
2026-10-01 22:36:04,278 | DEBUG | step 261 epoch 1 loss 0.2483 step_s 0.0014 peak_mem_gb 0.099
2026-10-01 22:36:04,280 | DEBUG | step 262 epoch 1 loss 0.3374 step_s 0.0014 peak_mem_gb 0.099
2026-10-01 22:36:04,282 | DEBUG | step 263 epoch 1 loss 0.3182 step_s 0.0015 peak_mem_gb 0.099
2026-10-01 22:36:04,284 | DEBUG | step 264 epoch 1 loss 0.2886 step_s 0.0014 peak_mem_gb 0.099
2026-10-01 22:36:04,286 | DEBUG | step 265 epoch 1 loss 0.4471 step_s 0.0014 peak_mem_gb 0.099
2026-10-01 22:36:04,290 | DEBUG | step 266 epoch 1 loss 0.3541 step_s 0.0031 peak_mem_gb 0.099
2026-10-01 22:36:04,292 | DEBUG | step 267 epoch 1 loss 0.2997 step_s 0.0014 peak_mem_gb 0.099
2026-10-01 22:36:04,294 | DEBUG | step 268 epoch 1 loss 0.3436 step_s 0.0014 peak_mem_gb 0.099
2026-10-01 22:36:04,297 | DEBUG | step 269 epoch 1 loss 0.3740 step_s 0.0015 peak_mem_gb 0.099
2026-10-01 22:36:04,299 | DEBUG | step 270 epoch 1 loss 0.3656 step_s 0.0015 peak_mem_gb 0.099
2026-10-01 22:36:04,301 | DEBUG | step 271 epoch 1 loss 0.3779 step_s 0.0014 peak_mem_gb 0.099
2026-10-01 22:36:04,303 | DEBUG | step 272 epoch 1 loss 0.3738 step_s 0.0014 peak_mem_gb 0.099
2026-10-01 22:36:04,305 | DEBUG | step 273 epoch 1 loss 0.3472 step_s 0.0014 peak_mem_gb 0.099
2026-10-01 22:36:04,307 | DEBUG | step 274 epoch 1 loss 0.3877 step_s 0.0014 peak_mem_gb 0.099
2026-10-01 22:36:04,309 | DEBUG | step 275 epoch 1 loss 0.4208 step_s 0.0015 peak_mem_gb 0.099
2026-10-01 22:36:04,311 | DEBUG | step 276 epoch 1 loss 0.4229 step_s 0.0014 peak_mem_gb 0.099
2026-10-01 22:36:04,314 | DEBUG | step 277 epoch 1 loss 0.2550 step_s 0.0017 peak_mem_gb 0.099
2026-10-01 22:36:04,316 | DEBUG | step 278 epoch 1 loss 0.2853 step_s 0.0014 peak_mem_gb 0.099
2026-10-01 22:36:04,318 | DEBUG | step 279 epoch 1 loss 0.4517 step_s 0.0014 peak_mem_gb 0.099
2026-10-01 22:36:04,320 | DEBUG | step 280 epoch 1 loss 0.2232 step_s 0.0014 peak_mem_gb 0.099
2026-10-01 22:36:04,322 | DEBUG | step 281 epoch 1 loss 0.4529 step_s 0.0014 peak_mem_gb 0.099
2026-10-01 22:36:04,324 | DEBUG | step 282 epoch 1 loss 0.3283 step_s 0.0014 peak_mem_gb 0.099
2026-10-01 22:36:04,326 | DEBUG | step 283 epoch 1 loss 0.3985 step_s 0.0014 peak_mem_gb 0.099
2026-10-01 22:36:04,329 | DEBUG | step 284 epoch 1 loss 0.3085 step_s 0.0016 peak_mem_gb 0.099
2026-10-01 22:36:04,331 | DEBUG | step 285 epoch 1 loss 0.3446 step_s 0.0015 peak_mem_gb 0.099
2026-10-01 22:36:04,333 | DEBUG | step 286 epoch 1 loss 0.3838 step_s 0.0015 peak_mem_gb 0.099
2026-10-01 22:36:04,335 | DEBUG | step 287 epoch 1 loss 0.2996 step_s 0.0014 peak_mem_gb 0.099
2026-10-01 22:36:04,337 | DEBUG | step 288 epoch 1 loss 0.2070 step_s 0.0014 peak_mem_gb 0.099
2026-10-01 22:36:04,339 | DEBUG | step 289 epoch 1 loss 0.2875 step_s 0.0014 peak_mem_gb 0.099
2026-10-01 22:36:04,342 | DEBUG | step 290 epoch 1 loss 0.3701 step_s 0.0014 peak_mem_gb 0.099
2026-10-01 22:36:04,344 | DEBUG | step 291 epoch 1 loss 0.3699 step_s 0.0014 peak_mem_gb 0.099
2026-10-01 22:36:04,346 | DEBUG | step 292 epoch 1 loss 0.3211 step_s 0.0014 peak_mem_gb 0.099
2026-10-01 22:36:04,348 | DEBUG | step 293 epoch 1 loss 0.2893 step_s 0.0014 peak_mem_gb 0.099
2026-10-01 22:36:04,350 | DEBUG | step 294 epoch 1 loss 0.3960 step_s 0.0014 peak_mem_gb 0.099
2026-10-01 22:36:04,352 | DEBUG | step 295 epoch 1 loss 0.2691 step_s 0.0015 peak_mem_gb 0.099
2026-10-01 22:36:04,354 | DEBUG | step 296 epoch 1 loss 0.4108 step_s 0.0014 peak_mem_gb 0.099
2026-10-01 22:36:04,357 | DEBUG | step 297 epoch 1 loss 0.3855 step_s 0.0014 peak_mem_gb 0.099
2026-10-01 22:36:04,359 | DEBUG | step 298 epoch 1 loss 0.2825 step_s 0.0014 peak_mem_gb 0.099
2026-10-01 22:36:04,361 | DEBUG | step 299 epoch 1 loss 0.2283 step_s 0.0015 peak_mem_gb 0.099
2026-10-01 22:36:04,363 | DEBUG | step 300 epoch 1 loss 0.3780 step_s 0.0014 peak_mem_gb 0.099
2026-10-01 22:36:04,365 | DEBUG | step 301 epoch 1 loss 0.2332 step_s 0.0015 peak_mem_gb 0.099
2026-10-01 22:36:04,367 | DEBUG | step 302 epoch 1 loss 0.4060 step_s 0.0015 peak_mem_gb 0.099
2026-10-01 22:36:04,370 | DEBUG | step 303 epoch 1 loss 0.3990 step_s 0.0015 peak_mem_gb 0.099
2026-10-01 22:36:04,372 | DEBUG | step 304 epoch 1 loss 0.3763 step_s 0.0014 peak_mem_gb 0.099
2026-10-01 22:36:04,374 | DEBUG | step 305 epoch 1 loss 0.2791 step_s 0.0014 peak_mem_gb 0.099
2026-10-01 22:36:04,376 | DEBUG | step 306 epoch 1 loss 0.3832 step_s 0.0015 peak_mem_gb 0.099
2026-10-01 22:36:04,379 | DEBUG | step 307 epoch 1 loss 0.3286 step_s 0.0019 peak_mem_gb 0.099
2026-10-01 22:36:04,381 | DEBUG | step 308 epoch 1 loss 0.2398 step_s 0.0015 peak_mem_gb 0.099
2026-10-01 22:36:04,383 | DEBUG | step 309 epoch 1 loss 0.3277 step_s 0.0014 peak_mem_gb 0.099
2026-10-01 22:36:04,386 | DEBUG | step 310 epoch 1 loss 0.3752 step_s 0.0014 peak_mem_gb 0.099
2026-10-01 22:36:04,388 | DEBUG | step 311 epoch 1 loss 0.2360 step_s 0.0014 peak_mem_gb 0.099
2026-10-01 22:36:04,390 | DEBUG | step 312 epoch 1 loss 0.4526 step_s 0.0014 peak_mem_gb 0.099
2026-10-01 22:36:04,392 | DEBUG | step 313 epoch 1 loss 0.3753 step_s 0.0015 peak_mem_gb 0.099
2026-10-01 22:36:04,395 | DEBUG | step 314 epoch 1 loss 0.4252 step_s 0.0023 peak_mem_gb 0.099
2026-10-01 22:36:04,397 | DEBUG | step 315 epoch 1 loss 0.3321 step_s 0.0015 peak_mem_gb 0.099
2026-10-01 22:36:04,399 | DEBUG | step 316 epoch 1 loss 0.3511 step_s 0.0014 peak_mem_gb 0.099
2026-10-01 22:36:04,402 | DEBUG | step 317 epoch 1 loss 0.3055 step_s 0.0014 peak_mem_gb 0.099
2026-10-01 22:36:04,404 | DEBUG | step 318 epoch 1 loss 0.4135 step_s 0.0014 peak_mem_gb 0.099
2026-10-01 22:36:04,406 | DEBUG | step 319 epoch 1 loss 0.3141 step_s 0.0014 peak_mem_gb 0.099
2026-10-01 22:36:04,408 | DEBUG | step 320 epoch 1 loss 0.3289 step_s 0.0015 peak_mem_gb 0.099
2026-10-01 22:36:04,410 | DEBUG | step 321 epoch 1 loss 0.4559 step_s 0.0014 peak_mem_gb 0.099
2026-10-01 22:36:04,412 | DEBUG | step 322 epoch 1 loss 0.4475 step_s 0.0014 peak_mem_gb 0.099
2026-10-01 22:36:04,414 | DEBUG | step 323 epoch 1 loss 0.2826 step_s 0.0014 peak_mem_gb 0.099
2026-10-01 22:36:04,417 | DEBUG | step 324 epoch 1 loss 0.3439 step_s 0.0014 peak_mem_gb 0.099
2026-10-01 22:36:04,419 | DEBUG | step 325 epoch 1 loss 0.3463 step_s 0.0015 peak_mem_gb 0.099
2026-10-01 22:36:04,421 | DEBUG | step 326 epoch 1 loss 0.2770 step_s 0.0014 peak_mem_gb 0.099
2026-10-01 22:36:04,423 | DEBUG | step 327 epoch 1 loss 0.2143 step_s 0.0015 peak_mem_gb 0.099
2026-10-01 22:36:04,425 | DEBUG | step 328 epoch 1 loss 0.2823 step_s 0.0015 peak_mem_gb 0.099
2026-10-01 22:36:04,427 | DEBUG | step 329 epoch 1 loss 0.3321 step_s 0.0014 peak_mem_gb 0.099
2026-10-01 22:36:04,430 | DEBUG | step 330 epoch 1 loss 0.2646 step_s 0.0014 peak_mem_gb 0.099
2026-10-01 22:36:04,432 | DEBUG | step 331 epoch 1 loss 0.2176 step_s 0.0014 peak_mem_gb 0.099
2026-10-01 22:36:04,434 | DEBUG | step 332 epoch 1 loss 0.3308 step_s 0.0014 peak_mem_gb 0.099
2026-10-01 22:36:04,436 | DEBUG | step 333 epoch 1 loss 0.2361 step_s 0.0015 peak_mem_gb 0.099
2026-10-01 22:36:04,438 | DEBUG | step 334 epoch 1 loss 0.4414 step_s 0.0014 peak_mem_gb 0.099
2026-10-01 22:36:04,440 | DEBUG | step 335 epoch 1 loss 0.3107 step_s 0.0016 peak_mem_gb 0.099
2026-10-01 22:36:04,442 | DEBUG | step 336 epoch 1 loss 0.2877 step_s 0.0015 peak_mem_gb 0.099
2026-10-01 22:36:04,444 | DEBUG | step 337 epoch 1 loss 0.2199 step_s 0.0015 peak_mem_gb 0.099
2026-10-01 22:36:04,447 | DEBUG | step 338 epoch 1 loss 0.4607 step_s 0.0014 peak_mem_gb 0.099
2026-10-01 22:36:04,449 | DEBUG | step 339 epoch 1 loss 0.2987 step_s 0.0015 peak_mem_gb 0.099
2026-10-01 22:36:04,451 | DEBUG | step 340 epoch 1 loss 0.3860 step_s 0.0014 peak_mem_gb 0.099
2026-10-01 22:36:04,453 | DEBUG | step 341 epoch 1 loss 0.3158 step_s 0.0014 peak_mem_gb 0.099
2026-10-01 22:36:04,456 | DEBUG | step 342 epoch 1 loss 0.3949 step_s 0.0018 peak_mem_gb 0.099
2026-10-01 22:36:04,458 | DEBUG | step 343 epoch 1 loss 0.4361 step_s 0.0015 peak_mem_gb 0.099
2026-10-01 22:36:04,460 | DEBUG | step 344 epoch 1 loss 0.4450 step_s 0.0014 peak_mem_gb 0.099
2026-10-01 22:36:04,462 | DEBUG | step 345 epoch 1 loss 0.3507 step_s 0.0014 peak_mem_gb 0.099
2026-10-01 22:36:04,464 | DEBUG | step 346 epoch 1 loss 0.3085 step_s 0.0014 peak_mem_gb 0.099
2026-10-01 22:36:04,467 | DEBUG | step 347 epoch 1 loss 0.2963 step_s 0.0014 peak_mem_gb 0.099
2026-10-01 22:36:04,469 | DEBUG | step 348 epoch 1 loss 0.3375 step_s 0.0014 peak_mem_gb 0.099
2026-10-01 22:36:04,471 | DEBUG | step 349 epoch 1 loss 0.2644 step_s 0.0016 peak_mem_gb 0.099
2026-10-01 22:36:04,473 | DEBUG | step 350 epoch 1 loss 0.3440 step_s 0.0015 peak_mem_gb 0.099
2026-10-01 22:36:04,475 | DEBUG | step 351 epoch 1 loss 0.3751 step_s 0.0014 peak_mem_gb 0.099
2026-10-01 22:36:04,477 | DEBUG | step 352 epoch 1 loss 0.3425 step_s 0.0014 peak_mem_gb 0.099
2026-10-01 22:36:04,480 | DEBUG | step 353 epoch 1 loss 0.3049 step_s 0.0014 peak_mem_gb 0.099
2026-10-01 22:36:04,482 | DEBUG | step 354 epoch 1 loss 0.2911 step_s 0.0014 peak_mem_gb 0.099
2026-10-01 22:36:04,484 | DEBUG | step 355 epoch 1 loss 0.4573 step_s 0.0014 peak_mem_gb 0.099
2026-10-01 22:36:04,486 | DEBUG | step 356 epoch 1 loss 0.2634 step_s 0.0014 peak_mem_gb 0.099
2026-10-01 22:36:04,488 | DEBUG | step 357 epoch 1 loss 0.3089 step_s 0.0015 peak_mem_gb 0.099
2026-10-01 22:36:04,490 | DEBUG | step 358 epoch 1 loss 0.3474 step_s 0.0014 peak_mem_gb 0.099
2026-10-01 22:36:04,492 | DEBUG | step 359 epoch 1 loss 0.4864 step_s 0.0015 peak_mem_gb 0.099
2026-10-01 22:36:04,494 | DEBUG | step 360 epoch 1 loss 0.3880 step_s 0.0014 peak_mem_gb 0.099
2026-10-01 22:36:04,497 | DEBUG | step 361 epoch 1 loss 0.3259 step_s 0.0015 peak_mem_gb 0.099
2026-10-01 22:36:04,499 | DEBUG | step 362 epoch 1 loss 0.3043 step_s 0.0014 peak_mem_gb 0.099
2026-10-01 22:36:04,501 | DEBUG | step 363 epoch 1 loss 0.2245 step_s 0.0015 peak_mem_gb 0.099
2026-10-01 22:36:04,503 | DEBUG | step 364 epoch 1 loss 0.2386 step_s 0.0015 peak_mem_gb 0.099
2026-10-01 22:36:04,505 | DEBUG | step 365 epoch 1 loss 0.3072 step_s 0.0015 peak_mem_gb 0.099
2026-10-01 22:36:04,507 | DEBUG | step 366 epoch 1 loss 0.3468 step_s 0.0014 peak_mem_gb 0.099
2026-10-01 22:36:04,509 | DEBUG | step 367 epoch 1 loss 0.2998 step_s 0.0014 peak_mem_gb 0.099
2026-10-01 22:36:04,512 | DEBUG | step 368 epoch 1 loss 0.2242 step_s 0.0014 peak_mem_gb 0.099
2026-10-01 22:36:04,514 | DEBUG | step 369 epoch 1 loss 0.3004 step_s 0.0014 peak_mem_gb 0.099
2026-10-01 22:36:04,516 | DEBUG | step 370 epoch 1 loss 0.2118 step_s 0.0014 peak_mem_gb 0.099
2026-10-01 22:36:04,518 | DEBUG | step 371 epoch 1 loss 0.2507 step_s 0.0015 peak_mem_gb 0.099
2026-10-01 22:36:04,520 | DEBUG | step 372 epoch 1 loss 0.2365 step_s 0.0014 peak_mem_gb 0.099
2026-10-01 22:36:04,522 | DEBUG | step 373 epoch 1 loss 0.2676 step_s 0.0014 peak_mem_gb 0.099
2026-10-01 22:36:04,524 | DEBUG | step 374 epoch 1 loss 0.2567 step_s 0.0014 peak_mem_gb 0.099
2026-10-01 22:36:04,527 | DEBUG | step 375 epoch 1 loss 0.3068 step_s 0.0014 peak_mem_gb 0.099
2026-10-01 22:36:04,529 | DEBUG | step 376 epoch 1 loss 0.2702 step_s 0.0015 peak_mem_gb 0.099
2026-10-01 22:36:04,531 | DEBUG | step 377 epoch 1 loss 0.2268 step_s 0.0014 peak_mem_gb 0.099
2026-10-01 22:36:04,533 | DEBUG | step 378 epoch 1 loss 0.2677 step_s 0.0015 peak_mem_gb 0.099
2026-10-01 22:36:04,535 | DEBUG | step 379 epoch 1 loss 0.3383 step_s 0.0015 peak_mem_gb 0.099
2026-10-01 22:36:04,537 | DEBUG | step 380 epoch 1 loss 0.2621 step_s 0.0015 peak_mem_gb 0.099
2026-10-01 22:36:04,539 | DEBUG | step 381 epoch 1 loss 0.2260 step_s 0.0014 peak_mem_gb 0.099
2026-10-01 22:36:04,542 | DEBUG | step 382 epoch 1 loss 0.3704 step_s 0.0014 peak_mem_gb 0.099
2026-10-01 22:36:04,544 | DEBUG | step 383 epoch 1 loss 0.2799 step_s 0.0014 peak_mem_gb 0.099
2026-10-01 22:36:04,546 | DEBUG | step 384 epoch 1 loss 0.2114 step_s 0.0014 peak_mem_gb 0.099
2026-10-01 22:36:04,548 | DEBUG | step 385 epoch 1 loss 0.2921 step_s 0.0014 peak_mem_gb 0.099
2026-10-01 22:36:04,550 | DEBUG | step 386 epoch 1 loss 0.3941 step_s 0.0015 peak_mem_gb 0.099
2026-10-01 22:36:04,552 | DEBUG | step 387 epoch 1 loss 0.1535 step_s 0.0015 peak_mem_gb 0.099
2026-10-01 22:36:04,555 | DEBUG | step 388 epoch 1 loss 0.4512 step_s 0.0014 peak_mem_gb 0.099
2026-10-01 22:36:04,557 | DEBUG | step 389 epoch 1 loss 0.5491 step_s 0.0014 peak_mem_gb 0.099
2026-10-01 22:36:04,559 | DEBUG | step 390 epoch 1 loss 0.3944 step_s 0.0014 peak_mem_gb 0.099
2026-10-01 22:36:04,561 | DEBUG | step 391 epoch 1 loss 0.3085 step_s 0.0015 peak_mem_gb 0.099
2026-10-01 22:36:04,563 | DEBUG | step 392 epoch 1 loss 0.2989 step_s 0.0014 peak_mem_gb 0.099
2026-10-01 22:36:04,565 | DEBUG | step 393 epoch 1 loss 0.3963 step_s 0.0015 peak_mem_gb 0.099
2026-10-01 22:36:04,568 | DEBUG | step 394 epoch 1 loss 0.4879 step_s 0.0015 peak_mem_gb 0.099
2026-10-01 22:36:04,570 | DEBUG | step 395 epoch 1 loss 0.2699 step_s 0.0016 peak_mem_gb 0.099
2026-10-01 22:36:04,572 | DEBUG | step 396 epoch 1 loss 0.1988 step_s 0.0015 peak_mem_gb 0.099
2026-10-01 22:36:04,575 | DEBUG | step 397 epoch 1 loss 0.3498 step_s 0.0017 peak_mem_gb 0.099
2026-10-01 22:36:04,577 | DEBUG | step 398 epoch 1 loss 0.3697 step_s 0.0015 peak_mem_gb 0.099
2026-10-01 22:36:04,579 | DEBUG | step 399 epoch 1 loss 0.3876 step_s 0.0014 peak_mem_gb 0.099
2026-10-01 22:36:04,582 | INFO | step 400 epoch 1 loss 0.2400 step_s 0.0016 peak_mem_gb 0.099
2026-10-01 22:36:04,585 | DEBUG | step 401 epoch 1 loss 0.1510 step_s 0.0019 peak_mem_gb 0.099
2026-10-01 22:36:04,588 | DEBUG | step 402 epoch 1 loss 0.2932 step_s 0.0016 peak_mem_gb 0.099
2026-10-01 22:36:04,590 | DEBUG | step 403 epoch 1 loss 0.3647 step_s 0.0019 peak_mem_gb 0.099
2026-10-01 22:36:04,593 | DEBUG | step 404 epoch 1 loss 0.2855 step_s 0.0017 peak_mem_gb 0.099
2026-10-01 22:36:04,595 | DEBUG | step 405 epoch 1 loss 0.2432 step_s 0.0015 peak_mem_gb 0.099
2026-10-01 22:36:04,597 | DEBUG | step 406 epoch 1 loss 0.2789 step_s 0.0015 peak_mem_gb 0.099
2026-10-01 22:36:04,600 | DEBUG | step 407 epoch 1 loss 0.2878 step_s 0.0014 peak_mem_gb 0.099
2026-10-01 22:36:04,602 | DEBUG | step 408 epoch 1 loss 0.2062 step_s 0.0014 peak_mem_gb 0.099
2026-10-01 22:36:04,604 | DEBUG | step 409 epoch 1 loss 0.3982 step_s 0.0014 peak_mem_gb 0.099
2026-10-01 22:36:04,606 | DEBUG | step 410 epoch 1 loss 0.3297 step_s 0.0014 peak_mem_gb 0.099
2026-10-01 22:36:04,608 | DEBUG | step 411 epoch 1 loss 0.1828 step_s 0.0015 peak_mem_gb 0.099
2026-10-01 22:36:04,611 | DEBUG | step 412 epoch 1 loss 0.3946 step_s 0.0015 peak_mem_gb 0.099
2026-10-01 22:36:04,613 | DEBUG | step 413 epoch 1 loss 0.2691 step_s 0.0015 peak_mem_gb 0.099
2026-10-01 22:36:04,615 | DEBUG | step 414 epoch 1 loss 0.2483 step_s 0.0014 peak_mem_gb 0.099
2026-10-01 22:36:04,617 | DEBUG | step 415 epoch 1 loss 0.3235 step_s 0.0014 peak_mem_gb 0.099
2026-10-01 22:36:04,619 | DEBUG | step 416 epoch 1 loss 0.2720 step_s 0.0015 peak_mem_gb 0.099
2026-10-01 22:36:04,621 | DEBUG | step 417 epoch 1 loss 0.2639 step_s 0.0015 peak_mem_gb 0.099
2026-10-01 22:36:04,624 | DEBUG | step 418 epoch 1 loss 0.2842 step_s 0.0014 peak_mem_gb 0.099
2026-10-01 22:36:04,626 | DEBUG | step 419 epoch 1 loss 0.4397 step_s 0.0014 peak_mem_gb 0.099
2026-10-01 22:36:04,628 | DEBUG | step 420 epoch 1 loss 0.4338 step_s 0.0015 peak_mem_gb 0.099
2026-10-01 22:36:04,630 | DEBUG | step 421 epoch 1 loss 0.3271 step_s 0.0014 peak_mem_gb 0.099
2026-10-01 22:36:04,632 | DEBUG | step 422 epoch 1 loss 0.2261 step_s 0.0015 peak_mem_gb 0.099
2026-10-01 22:36:04,634 | DEBUG | step 423 epoch 1 loss 0.3472 step_s 0.0014 peak_mem_gb 0.099
2026-10-01 22:36:04,637 | DEBUG | step 424 epoch 1 loss 0.2161 step_s 0.0015 peak_mem_gb 0.099
2026-10-01 22:36:04,639 | DEBUG | step 425 epoch 1 loss 0.1539 step_s 0.0014 peak_mem_gb 0.099
2026-10-01 22:36:04,641 | DEBUG | step 426 epoch 1 loss 0.3714 step_s 0.0014 peak_mem_gb 0.099
2026-10-01 22:36:04,643 | DEBUG | step 427 epoch 1 loss 0.2362 step_s 0.0014 peak_mem_gb 0.099
2026-10-01 22:36:04,645 | DEBUG | step 428 epoch 1 loss 0.2806 step_s 0.0015 peak_mem_gb 0.099
2026-10-01 22:36:04,647 | DEBUG | step 429 epoch 1 loss 0.2193 step_s 0.0014 peak_mem_gb 0.099
2026-10-01 22:36:04,650 | DEBUG | step 430 epoch 1 loss 0.3007 step_s 0.0015 peak_mem_gb 0.099
2026-10-01 22:36:04,652 | DEBUG | step 431 epoch 1 loss 0.3686 step_s 0.0014 peak_mem_gb 0.099
2026-10-01 22:36:04,654 | DEBUG | step 432 epoch 1 loss 0.3736 step_s 0.0016 peak_mem_gb 0.099
2026-10-01 22:36:04,656 | DEBUG | step 433 epoch 1 loss 0.4953 step_s 0.0014 peak_mem_gb 0.099
2026-10-01 22:36:04,658 | DEBUG | step 434 epoch 1 loss 0.4183 step_s 0.0014 peak_mem_gb 0.099
2026-10-01 22:36:04,660 | DEBUG | step 435 epoch 1 loss 0.2984 step_s 0.0015 peak_mem_gb 0.099
2026-10-01 22:36:04,662 | DEBUG | step 436 epoch 1 loss 0.2101 step_s 0.0014 peak_mem_gb 0.099
2026-10-01 22:36:04,665 | DEBUG | step 437 epoch 1 loss 0.3297 step_s 0.0014 peak_mem_gb 0.099
2026-10-01 22:36:04,667 | DEBUG | step 438 epoch 1 loss 0.2383 step_s 0.0014 peak_mem_gb 0.099
2026-10-01 22:36:04,669 | DEBUG | step 439 epoch 1 loss 0.2533 step_s 0.0016 peak_mem_gb 0.099
2026-10-01 22:36:04,671 | DEBUG | step 440 epoch 1 loss 0.2279 step_s 0.0016 peak_mem_gb 0.099
2026-10-01 22:36:04,673 | DEBUG | step 441 epoch 1 loss 0.2527 step_s 0.0015 peak_mem_gb 0.099
2026-10-01 22:36:04,676 | DEBUG | step 442 epoch 1 loss 0.3015 step_s 0.0014 peak_mem_gb 0.099
2026-10-01 22:36:04,678 | DEBUG | step 443 epoch 1 loss 0.2830 step_s 0.0014 peak_mem_gb 0.099
2026-10-01 22:36:04,680 | DEBUG | step 444 epoch 1 loss 0.3346 step_s 0.0015 peak_mem_gb 0.099
2026-10-01 22:36:04,682 | DEBUG | step 445 epoch 1 loss 0.1649 step_s 0.0014 peak_mem_gb 0.099
2026-10-01 22:36:04,684 | DEBUG | step 446 epoch 1 loss 0.2696 step_s 0.0015 peak_mem_gb 0.099
2026-10-01 22:36:04,687 | DEBUG | step 447 epoch 1 loss 0.3187 step_s 0.0015 peak_mem_gb 0.099
2026-10-01 22:36:04,689 | DEBUG | step 448 epoch 1 loss 0.3081 step_s 0.0015 peak_mem_gb 0.099
2026-10-01 22:36:04,691 | DEBUG | step 449 epoch 1 loss 0.2162 step_s 0.0014 peak_mem_gb 0.099
2026-10-01 22:36:04,693 | DEBUG | step 450 epoch 1 loss 0.2151 step_s 0.0015 peak_mem_gb 0.099
2026-10-01 22:36:04,695 | DEBUG | step 451 epoch 1 loss 0.2695 step_s 0.0014 peak_mem_gb 0.099
2026-10-01 22:36:04,698 | DEBUG | step 452 epoch 1 loss 0.1864 step_s 0.0015 peak_mem_gb 0.099
2026-10-01 22:36:04,700 | DEBUG | step 453 epoch 1 loss 0.3940 step_s 0.0014 peak_mem_gb 0.099
2026-10-01 22:36:04,702 | DEBUG | step 454 epoch 1 loss 0.4221 step_s 0.0014 peak_mem_gb 0.099
2026-10-01 22:36:04,704 | DEBUG | step 455 epoch 1 loss 0.3478 step_s 0.0014 peak_mem_gb 0.099
2026-10-01 22:36:04,706 | DEBUG | step 456 epoch 1 loss 0.1915 step_s 0.0016 peak_mem_gb 0.099
2026-10-01 22:36:04,709 | DEBUG | step 457 epoch 1 loss 0.2137 step_s 0.0015 peak_mem_gb 0.099
2026-10-01 22:36:04,711 | DEBUG | step 458 epoch 1 loss 0.3376 step_s 0.0014 peak_mem_gb 0.099
2026-10-01 22:36:04,713 | DEBUG | step 459 epoch 1 loss 0.3131 step_s 0.0015 peak_mem_gb 0.099
2026-10-01 22:36:04,715 | DEBUG | step 460 epoch 1 loss 0.2156 step_s 0.0014 peak_mem_gb 0.099
2026-10-01 22:36:04,717 | DEBUG | step 461 epoch 1 loss 0.2875 step_s 0.0015 peak_mem_gb 0.099
2026-10-01 22:36:04,719 | DEBUG | step 462 epoch 1 loss 0.2279 step_s 0.0015 peak_mem_gb 0.099
2026-10-01 22:36:04,722 | DEBUG | step 463 epoch 1 loss 0.2722 step_s 0.0014 peak_mem_gb 0.099
2026-10-01 22:36:04,724 | DEBUG | step 464 epoch 1 loss 0.2799 step_s 0.0014 peak_mem_gb 0.099
2026-10-01 22:36:04,726 | DEBUG | step 465 epoch 1 loss 0.2446 step_s 0.0014 peak_mem_gb 0.099
2026-10-01 22:36:04,728 | DEBUG | step 466 epoch 1 loss 0.3742 step_s 0.0014 peak_mem_gb 0.099
2026-10-01 22:36:04,730 | DEBUG | step 467 epoch 1 loss 0.2237 step_s 0.0014 peak_mem_gb 0.099
2026-10-01 22:36:04,733 | DEBUG | step 468 epoch 1 loss 0.1943 step_s 0.0015 peak_mem_gb 0.099
2026-10-01 22:36:04,735 | DEBUG | step 469 epoch 1 loss 0.3881 step_s 0.0016 peak_mem_gb 0.099
2026-10-01 22:36:04,737 | DEBUG | step 470 epoch 1 loss 0.2929 step_s 0.0015 peak_mem_gb 0.099
2026-10-01 22:36:04,740 | DEBUG | step 471 epoch 1 loss 0.2623 step_s 0.0015 peak_mem_gb 0.099
2026-10-01 22:36:04,742 | DEBUG | step 472 epoch 1 loss 0.2098 step_s 0.0016 peak_mem_gb 0.099
2026-10-01 22:36:04,745 | DEBUG | step 473 epoch 1 loss 0.2449 step_s 0.0018 peak_mem_gb 0.099
2026-10-01 22:36:04,747 | DEBUG | step 474 epoch 1 loss 0.2732 step_s 0.0015 peak_mem_gb 0.099
2026-10-01 22:36:04,749 | DEBUG | step 475 epoch 1 loss 0.3576 step_s 0.0016 peak_mem_gb 0.099
2026-10-01 22:36:04,751 | DEBUG | step 476 epoch 1 loss 0.4586 step_s 0.0015 peak_mem_gb 0.099
2026-10-01 22:36:04,754 | DEBUG | step 477 epoch 1 loss 0.2100 step_s 0.0015 peak_mem_gb 0.099
2026-10-01 22:36:04,756 | DEBUG | step 478 epoch 1 loss 0.2757 step_s 0.0015 peak_mem_gb 0.099
2026-10-01 22:36:04,758 | DEBUG | step 479 epoch 1 loss 0.3223 step_s 0.0015 peak_mem_gb 0.099
2026-10-01 22:36:04,760 | DEBUG | step 480 epoch 1 loss 0.2602 step_s 0.0015 peak_mem_gb 0.099
2026-10-01 22:36:04,762 | DEBUG | step 481 epoch 1 loss 0.2603 step_s 0.0014 peak_mem_gb 0.099
2026-10-01 22:36:04,765 | DEBUG | step 482 epoch 1 loss 0.2422 step_s 0.0018 peak_mem_gb 0.099
2026-10-01 22:36:04,767 | DEBUG | step 483 epoch 1 loss 0.3738 step_s 0.0016 peak_mem_gb 0.099
2026-10-01 22:36:04,769 | DEBUG | step 484 epoch 1 loss 0.2946 step_s 0.0015 peak_mem_gb 0.099
2026-10-01 22:36:04,771 | DEBUG | step 485 epoch 1 loss 0.2274 step_s 0.0014 peak_mem_gb 0.099
2026-10-01 22:36:04,774 | DEBUG | step 486 epoch 1 loss 0.2634 step_s 0.0014 peak_mem_gb 0.099
2026-10-01 22:36:04,776 | DEBUG | step 487 epoch 1 loss 0.2741 step_s 0.0014 peak_mem_gb 0.099
2026-10-01 22:36:04,778 | DEBUG | step 488 epoch 1 loss 0.3653 step_s 0.0014 peak_mem_gb 0.099
2026-10-01 22:36:04,780 | DEBUG | step 489 epoch 1 loss 0.2790 step_s 0.0014 peak_mem_gb 0.099
2026-10-01 22:36:04,782 | DEBUG | step 490 epoch 1 loss 0.2574 step_s 0.0015 peak_mem_gb 0.099
2026-10-01 22:36:04,785 | DEBUG | step 491 epoch 1 loss 0.4346 step_s 0.0016 peak_mem_gb 0.099
2026-10-01 22:36:04,787 | DEBUG | step 492 epoch 1 loss 0.3740 step_s 0.0014 peak_mem_gb 0.099
2026-10-01 22:36:04,789 | DEBUG | step 493 epoch 1 loss 0.2126 step_s 0.0015 peak_mem_gb 0.099
2026-10-01 22:36:04,791 | DEBUG | step 494 epoch 1 loss 0.3355 step_s 0.0014 peak_mem_gb 0.099
2026-10-01 22:36:04,793 | DEBUG | step 495 epoch 1 loss 0.2278 step_s 0.0014 peak_mem_gb 0.099
2026-10-01 22:36:04,795 | DEBUG | step 496 epoch 1 loss 0.3354 step_s 0.0014 peak_mem_gb 0.099
2026-10-01 22:36:04,798 | DEBUG | step 497 epoch 1 loss 0.2191 step_s 0.0014 peak_mem_gb 0.099
2026-10-01 22:36:04,800 | DEBUG | step 498 epoch 1 loss 0.2660 step_s 0.0015 peak_mem_gb 0.099
2026-10-01 22:36:04,802 | DEBUG | step 499 epoch 1 loss 0.2274 step_s 0.0014 peak_mem_gb 0.099
2026-10-01 22:36:04,804 | DEBUG | step 500 epoch 1 loss 0.2931 step_s 0.0014 peak_mem_gb 0.099
2026-10-01 22:36:04,806 | DEBUG | step 501 epoch 1 loss 0.2804 step_s 0.0015 peak_mem_gb 0.099
2026-10-01 22:36:04,808 | DEBUG | step 502 epoch 1 loss 0.3060 step_s 0.0015 peak_mem_gb 0.099
2026-10-01 22:36:04,811 | DEBUG | step 503 epoch 1 loss 0.2575 step_s 0.0015 peak_mem_gb 0.099
2026-10-01 22:36:04,813 | DEBUG | step 504 epoch 1 loss 0.2943 step_s 0.0017 peak_mem_gb 0.099
2026-10-01 22:36:04,815 | DEBUG | step 505 epoch 1 loss 0.1648 step_s 0.0014 peak_mem_gb 0.099
2026-10-01 22:36:04,817 | DEBUG | step 506 epoch 1 loss 0.3049 step_s 0.0014 peak_mem_gb 0.099
2026-10-01 22:36:04,819 | DEBUG | step 507 epoch 1 loss 0.2866 step_s 0.0014 peak_mem_gb 0.099
2026-10-01 22:36:04,822 | DEBUG | step 508 epoch 1 loss 0.2494 step_s 0.0014 peak_mem_gb 0.099
2026-10-01 22:36:04,824 | DEBUG | step 509 epoch 1 loss 0.1729 step_s 0.0014 peak_mem_gb 0.099
2026-10-01 22:36:04,826 | DEBUG | step 510 epoch 1 loss 0.2339 step_s 0.0014 peak_mem_gb 0.099
2026-10-01 22:36:04,828 | DEBUG | step 511 epoch 1 loss 0.3313 step_s 0.0014 peak_mem_gb 0.099
2026-10-01 22:36:04,830 | DEBUG | step 512 epoch 1 loss 0.2812 step_s 0.0015 peak_mem_gb 0.099
2026-10-01 22:36:04,832 | DEBUG | step 513 epoch 1 loss 0.3027 step_s 0.0014 peak_mem_gb 0.099
2026-10-01 22:36:04,834 | DEBUG | step 514 epoch 1 loss 0.3338 step_s 0.0014 peak_mem_gb 0.099
2026-10-01 22:36:04,837 | DEBUG | step 515 epoch 1 loss 0.3638 step_s 0.0015 peak_mem_gb 0.099
2026-10-01 22:36:04,839 | DEBUG | step 516 epoch 1 loss 0.2374 step_s 0.0014 peak_mem_gb 0.099
2026-10-01 22:36:04,841 | DEBUG | step 517 epoch 1 loss 0.2548 step_s 0.0015 peak_mem_gb 0.099
2026-10-01 22:36:04,843 | DEBUG | step 518 epoch 1 loss 0.1910 step_s 0.0015 peak_mem_gb 0.099
2026-10-01 22:36:04,845 | DEBUG | step 519 epoch 1 loss 0.2619 step_s 0.0015 peak_mem_gb 0.099
2026-10-01 22:36:04,848 | DEBUG | step 520 epoch 1 loss 0.3195 step_s 0.0015 peak_mem_gb 0.099
2026-10-01 22:36:04,850 | DEBUG | step 521 epoch 1 loss 0.2783 step_s 0.0014 peak_mem_gb 0.099
2026-10-01 22:36:04,852 | DEBUG | step 522 epoch 1 loss 0.2943 step_s 0.0015 peak_mem_gb 0.099
2026-10-01 22:36:04,854 | DEBUG | step 523 epoch 1 loss 0.2194 step_s 0.0014 peak_mem_gb 0.099
2026-10-01 22:36:04,856 | DEBUG | step 524 epoch 1 loss 0.2569 step_s 0.0014 peak_mem_gb 0.099
2026-10-01 22:36:04,858 | DEBUG | step 525 epoch 1 loss 0.5709 step_s 0.0014 peak_mem_gb 0.099
2026-10-01 22:36:04,861 | DEBUG | step 526 epoch 1 loss 0.3113 step_s 0.0016 peak_mem_gb 0.099
2026-10-01 22:36:04,863 | DEBUG | step 527 epoch 1 loss 0.2229 step_s 0.0014 peak_mem_gb 0.099
2026-10-01 22:36:04,865 | DEBUG | step 528 epoch 1 loss 0.2045 step_s 0.0014 peak_mem_gb 0.099
2026-10-01 22:36:04,867 | DEBUG | step 529 epoch 1 loss 0.2007 step_s 0.0014 peak_mem_gb 0.099
2026-10-01 22:36:04,869 | DEBUG | step 530 epoch 1 loss 0.2624 step_s 0.0015 peak_mem_gb 0.099
2026-10-01 22:36:04,871 | DEBUG | step 531 epoch 1 loss 0.3578 step_s 0.0014 peak_mem_gb 0.099
2026-10-01 22:36:04,873 | DEBUG | step 532 epoch 1 loss 0.2376 step_s 0.0015 peak_mem_gb 0.099
2026-10-01 22:36:04,876 | DEBUG | step 533 epoch 1 loss 0.1377 step_s 0.0015 peak_mem_gb 0.099
2026-10-01 22:36:04,878 | DEBUG | step 534 epoch 1 loss 0.1766 step_s 0.0014 peak_mem_gb 0.099
2026-10-01 22:36:04,880 | DEBUG | step 535 epoch 1 loss 0.2919 step_s 0.0015 peak_mem_gb 0.099
2026-10-01 22:36:04,882 | DEBUG | step 536 epoch 1 loss 0.3171 step_s 0.0014 peak_mem_gb 0.099
2026-10-01 22:36:04,884 | DEBUG | step 537 epoch 1 loss 0.3734 step_s 0.0014 peak_mem_gb 0.099
2026-10-01 22:36:04,886 | DEBUG | step 538 epoch 1 loss 0.3343 step_s 0.0014 peak_mem_gb 0.099
2026-10-01 22:36:04,888 | DEBUG | step 539 epoch 1 loss 0.3307 step_s 0.0014 peak_mem_gb 0.099
2026-10-01 22:36:04,890 | DEBUG | step 540 epoch 1 loss 0.2420 step_s 0.0014 peak_mem_gb 0.099
2026-10-01 22:36:04,893 | DEBUG | step 541 epoch 1 loss 0.3252 step_s 0.0015 peak_mem_gb 0.099
2026-10-01 22:36:04,895 | DEBUG | step 542 epoch 1 loss 0.2112 step_s 0.0014 peak_mem_gb 0.099
2026-10-01 22:36:04,897 | DEBUG | step 543 epoch 1 loss 0.3169 step_s 0.0015 peak_mem_gb 0.099
2026-10-01 22:36:04,899 | DEBUG | step 544 epoch 1 loss 0.3656 step_s 0.0014 peak_mem_gb 0.099
2026-10-01 22:36:04,901 | DEBUG | step 545 epoch 1 loss 0.2123 step_s 0.0015 peak_mem_gb 0.099
2026-10-01 22:36:04,903 | DEBUG | step 546 epoch 1 loss 0.4010 step_s 0.0014 peak_mem_gb 0.099
2026-10-01 22:36:04,906 | DEBUG | step 547 epoch 1 loss 0.3550 step_s 0.0014 peak_mem_gb 0.099
2026-10-01 22:36:04,908 | DEBUG | step 548 epoch 1 loss 0.1965 step_s 0.0015 peak_mem_gb 0.099
2026-10-01 22:36:04,910 | DEBUG | step 549 epoch 1 loss 0.3719 step_s 0.0014 peak_mem_gb 0.099
2026-10-01 22:36:04,912 | DEBUG | step 550 epoch 1 loss 0.3857 step_s 0.0014 peak_mem_gb 0.099
2026-10-01 22:36:04,914 | DEBUG | step 551 epoch 1 loss 0.1889 step_s 0.0014 peak_mem_gb 0.099
2026-10-01 22:36:04,916 | DEBUG | step 552 epoch 1 loss 0.2317 step_s 0.0014 peak_mem_gb 0.099
2026-10-01 22:36:04,918 | DEBUG | step 553 epoch 1 loss 0.3662 step_s 0.0014 peak_mem_gb 0.099
2026-10-01 22:36:04,920 | DEBUG | step 554 epoch 1 loss 0.2847 step_s 0.0014 peak_mem_gb 0.099
2026-10-01 22:36:04,922 | DEBUG | step 555 epoch 1 loss 0.2701 step_s 0.0014 peak_mem_gb 0.099
2026-10-01 22:36:04,925 | DEBUG | step 556 epoch 1 loss 0.4001 step_s 0.0015 peak_mem_gb 0.099
2026-10-01 22:36:04,927 | DEBUG | step 557 epoch 1 loss 0.3126 step_s 0.0014 peak_mem_gb 0.099
2026-10-01 22:36:04,929 | DEBUG | step 558 epoch 1 loss 0.4468 step_s 0.0015 peak_mem_gb 0.099
2026-10-01 22:36:04,931 | DEBUG | step 559 epoch 1 loss 0.3940 step_s 0.0014 peak_mem_gb 0.099
2026-10-01 22:36:04,933 | DEBUG | step 560 epoch 1 loss 0.2078 step_s 0.0015 peak_mem_gb 0.099
2026-10-01 22:36:04,935 | DEBUG | step 561 epoch 1 loss 0.2689 step_s 0.0014 peak_mem_gb 0.099
2026-10-01 22:36:04,937 | DEBUG | step 562 epoch 1 loss 0.3135 step_s 0.0014 peak_mem_gb 0.099
2026-10-01 22:36:04,940 | DEBUG | step 563 epoch 1 loss 0.3479 step_s 0.0015 peak_mem_gb 0.099
2026-10-01 22:36:04,942 | DEBUG | step 564 epoch 1 loss 0.1921 step_s 0.0014 peak_mem_gb 0.099
2026-10-01 22:36:04,944 | DEBUG | step 565 epoch 1 loss 0.2974 step_s 0.0014 peak_mem_gb 0.099
2026-10-01 22:36:04,946 | DEBUG | step 566 epoch 1 loss 0.3359 step_s 0.0014 peak_mem_gb 0.099
2026-10-01 22:36:04,948 | DEBUG | step 567 epoch 1 loss 0.2103 step_s 0.0014 peak_mem_gb 0.099
2026-10-01 22:36:04,950 | DEBUG | step 568 epoch 1 loss 0.2756 step_s 0.0014 peak_mem_gb 0.099
2026-10-01 22:36:04,952 | DEBUG | step 569 epoch 1 loss 0.3387 step_s 0.0014 peak_mem_gb 0.099
2026-10-01 22:36:04,955 | DEBUG | step 570 epoch 1 loss 0.3158 step_s 0.0015 peak_mem_gb 0.099
2026-10-01 22:36:04,957 | DEBUG | step 571 epoch 1 loss 0.5271 step_s 0.0014 peak_mem_gb 0.099
2026-10-01 22:36:04,959 | DEBUG | step 572 epoch 1 loss 0.3679 step_s 0.0014 peak_mem_gb 0.099
2026-10-01 22:36:04,961 | DEBUG | step 573 epoch 1 loss 0.2710 step_s 0.0015 peak_mem_gb 0.099
2026-10-01 22:36:04,963 | DEBUG | step 574 epoch 1 loss 0.3557 step_s 0.0015 peak_mem_gb 0.099
2026-10-01 22:36:04,965 | DEBUG | step 575 epoch 1 loss 0.2781 step_s 0.0014 peak_mem_gb 0.099
2026-10-01 22:36:04,967 | DEBUG | step 576 epoch 1 loss 0.3444 step_s 0.0014 peak_mem_gb 0.099
2026-10-01 22:36:04,970 | DEBUG | step 577 epoch 1 loss 0.3498 step_s 0.0014 peak_mem_gb 0.099
2026-10-01 22:36:04,972 | DEBUG | step 578 epoch 1 loss 0.1995 step_s 0.0015 peak_mem_gb 0.099
2026-10-01 22:36:04,974 | DEBUG | step 579 epoch 1 loss 0.2754 step_s 0.0014 peak_mem_gb 0.099
2026-10-01 22:36:04,976 | DEBUG | step 580 epoch 1 loss 0.3499 step_s 0.0014 peak_mem_gb 0.099
2026-10-01 22:36:04,978 | DEBUG | step 581 epoch 1 loss 0.3187 step_s 0.0014 peak_mem_gb 0.099
2026-10-01 22:36:04,980 | DEBUG | step 582 epoch 1 loss 0.2617 step_s 0.0015 peak_mem_gb 0.099
2026-10-01 22:36:04,982 | DEBUG | step 583 epoch 1 loss 0.2612 step_s 0.0014 peak_mem_gb 0.099
2026-10-01 22:36:04,985 | DEBUG | step 584 epoch 1 loss 0.3166 step_s 0.0015 peak_mem_gb 0.099
2026-10-01 22:36:04,987 | DEBUG | step 585 epoch 1 loss 0.4298 step_s 0.0015 peak_mem_gb 0.099
2026-10-01 22:36:04,989 | DEBUG | step 586 epoch 1 loss 0.2740 step_s 0.0015 peak_mem_gb 0.099
2026-10-01 22:36:04,991 | DEBUG | step 587 epoch 1 loss 0.3385 step_s 0.0014 peak_mem_gb 0.099
2026-10-01 22:36:04,993 | DEBUG | step 588 epoch 1 loss 0.3964 step_s 0.0014 peak_mem_gb 0.099
2026-10-01 22:36:04,996 | DEBUG | step 589 epoch 1 loss 0.2651 step_s 0.0014 peak_mem_gb 0.099
2026-10-01 22:36:04,998 | DEBUG | step 590 epoch 1 loss 0.3118 step_s 0.0014 peak_mem_gb 0.099
2026-10-01 22:36:05,000 | DEBUG | step 591 epoch 1 loss 0.3006 step_s 0.0014 peak_mem_gb 0.099
2026-10-01 22:36:05,002 | DEBUG | step 592 epoch 1 loss 0.3583 step_s 0.0016 peak_mem_gb 0.099
2026-10-01 22:36:05,004 | DEBUG | step 593 epoch 1 loss 0.3151 step_s 0.0014 peak_mem_gb 0.099
2026-10-01 22:36:05,006 | DEBUG | step 594 epoch 1 loss 0.3747 step_s 0.0014 peak_mem_gb 0.099
2026-10-01 22:36:05,008 | DEBUG | step 595 epoch 1 loss 0.1995 step_s 0.0014 peak_mem_gb 0.099
2026-10-01 22:36:05,010 | DEBUG | step 596 epoch 1 loss 0.2665 step_s 0.0015 peak_mem_gb 0.099
2026-10-01 22:36:05,013 | DEBUG | step 597 epoch 1 loss 0.3063 step_s 0.0015 peak_mem_gb 0.099
2026-10-01 22:36:05,015 | DEBUG | step 598 epoch 1 loss 0.3250 step_s 0.0015 peak_mem_gb 0.099
2026-10-01 22:36:05,017 | DEBUG | step 599 epoch 1 loss 0.3094 step_s 0.0015 peak_mem_gb 0.099
2026-10-01 22:36:05,019 | INFO | step 600 epoch 1 loss 0.1848 step_s 0.0015 peak_mem_gb 0.099
2026-10-01 22:36:05,022 | DEBUG | step 601 epoch 1 loss 0.3026 step_s 0.0016 peak_mem_gb 0.099
2026-10-01 22:36:05,025 | DEBUG | step 602 epoch 1 loss 0.2172 step_s 0.0017 peak_mem_gb 0.099
2026-10-01 22:36:05,027 | DEBUG | step 603 epoch 1 loss 0.2780 step_s 0.0019 peak_mem_gb 0.099
2026-10-01 22:36:05,030 | DEBUG | step 604 epoch 1 loss 0.2752 step_s 0.0016 peak_mem_gb 0.099
2026-10-01 22:36:05,032 | DEBUG | step 605 epoch 1 loss 0.2433 step_s 0.0016 peak_mem_gb 0.099
2026-10-01 22:36:05,035 | DEBUG | step 606 epoch 1 loss 0.2736 step_s 0.0016 peak_mem_gb 0.099
2026-10-01 22:36:05,037 | DEBUG | step 607 epoch 1 loss 0.3268 step_s 0.0015 peak_mem_gb 0.099
2026-10-01 22:36:05,040 | DEBUG | step 608 epoch 1 loss 0.2913 step_s 0.0015 peak_mem_gb 0.099
2026-10-01 22:36:05,042 | DEBUG | step 609 epoch 1 loss 0.3171 step_s 0.0014 peak_mem_gb 0.099
2026-10-01 22:36:05,044 | DEBUG | step 610 epoch 1 loss 0.2779 step_s 0.0015 peak_mem_gb 0.099
2026-10-01 22:36:05,046 | DEBUG | step 611 epoch 1 loss 0.3448 step_s 0.0014 peak_mem_gb 0.099
2026-10-01 22:36:05,048 | DEBUG | step 612 epoch 1 loss 0.3064 step_s 0.0015 peak_mem_gb 0.099
2026-10-01 22:36:05,051 | DEBUG | step 613 epoch 1 loss 0.4546 step_s 0.0014 peak_mem_gb 0.099
2026-10-01 22:36:05,053 | DEBUG | step 614 epoch 1 loss 0.3785 step_s 0.0015 peak_mem_gb 0.099
2026-10-01 22:36:05,055 | DEBUG | step 615 epoch 1 loss 0.2919 step_s 0.0015 peak_mem_gb 0.099
2026-10-01 22:36:05,057 | DEBUG | step 616 epoch 1 loss 0.2945 step_s 0.0016 peak_mem_gb 0.099
2026-10-01 22:36:05,060 | DEBUG | step 617 epoch 1 loss 0.3041 step_s 0.0015 peak_mem_gb 0.099
2026-10-01 22:36:05,062 | DEBUG | step 618 epoch 1 loss 0.2516 step_s 0.0015 peak_mem_gb 0.099
2026-10-01 22:36:05,064 | DEBUG | step 619 epoch 1 loss 0.2716 step_s 0.0016 peak_mem_gb 0.099
2026-10-01 22:36:05,066 | DEBUG | step 620 epoch 1 loss 0.1403 step_s 0.0015 peak_mem_gb 0.099
2026-10-01 22:36:05,069 | DEBUG | step 621 epoch 1 loss 0.3568 step_s 0.0015 peak_mem_gb 0.099
2026-10-01 22:36:05,071 | DEBUG | step 622 epoch 1 loss 0.2166 step_s 0.0014 peak_mem_gb 0.099
2026-10-01 22:36:05,073 | DEBUG | step 623 epoch 1 loss 0.3660 step_s 0.0015 peak_mem_gb 0.099
2026-10-01 22:36:05,075 | DEBUG | step 624 epoch 1 loss 0.2222 step_s 0.0014 peak_mem_gb 0.099
2026-10-01 22:36:05,077 | DEBUG | step 625 epoch 1 loss 0.2651 step_s 0.0015 peak_mem_gb 0.099
2026-10-01 22:36:05,080 | DEBUG | step 626 epoch 1 loss 0.2139 step_s 0.0014 peak_mem_gb 0.099
2026-10-01 22:36:05,082 | DEBUG | step 627 epoch 1 loss 0.2247 step_s 0.0014 peak_mem_gb 0.099
2026-10-01 22:36:05,084 | DEBUG | step 628 epoch 1 loss 0.1521 step_s 0.0015 peak_mem_gb 0.099
2026-10-01 22:36:05,086 | DEBUG | step 629 epoch 1 loss 0.2697 step_s 0.0014 peak_mem_gb 0.099
2026-10-01 22:36:05,088 | DEBUG | step 630 epoch 1 loss 0.3224 step_s 0.0015 peak_mem_gb 0.099
2026-10-01 22:36:05,091 | DEBUG | step 631 epoch 1 loss 0.3647 step_s 0.0015 peak_mem_gb 0.099
2026-10-01 22:36:05,093 | DEBUG | step 632 epoch 1 loss 0.2687 step_s 0.0015 peak_mem_gb 0.099
2026-10-01 22:36:05,095 | DEBUG | step 633 epoch 1 loss 0.2333 step_s 0.0015 peak_mem_gb 0.099
2026-10-01 22:36:05,097 | DEBUG | step 634 epoch 1 loss 0.2382 step_s 0.0015 peak_mem_gb 0.099
2026-10-01 22:36:05,099 | DEBUG | step 635 epoch 1 loss 0.1834 step_s 0.0015 peak_mem_gb 0.099
2026-10-01 22:36:05,102 | DEBUG | step 636 epoch 1 loss 0.3037 step_s 0.0015 peak_mem_gb 0.099
2026-10-01 22:36:05,104 | DEBUG | step 637 epoch 1 loss 0.3035 step_s 0.0015 peak_mem_gb 0.099
2026-10-01 22:36:05,106 | DEBUG | step 638 epoch 1 loss 0.1789 step_s 0.0014 peak_mem_gb 0.099
2026-10-01 22:36:05,108 | DEBUG | step 639 epoch 1 loss 0.2515 step_s 0.0014 peak_mem_gb 0.099
2026-10-01 22:36:05,110 | DEBUG | step 640 epoch 1 loss 0.2642 step_s 0.0014 peak_mem_gb 0.099
2026-10-01 22:36:05,112 | DEBUG | step 641 epoch 1 loss 0.3119 step_s 0.0015 peak_mem_gb 0.099
2026-10-01 22:36:05,115 | DEBUG | step 642 epoch 1 loss 0.3414 step_s 0.0014 peak_mem_gb 0.099
2026-10-01 22:36:05,117 | DEBUG | step 643 epoch 1 loss 0.3101 step_s 0.0015 peak_mem_gb 0.099
2026-10-01 22:36:05,119 | DEBUG | step 644 epoch 1 loss 0.2811 step_s 0.0014 peak_mem_gb 0.099
2026-10-01 22:36:05,121 | DEBUG | step 645 epoch 1 loss 0.1842 step_s 0.0015 peak_mem_gb 0.099
2026-10-01 22:36:05,123 | DEBUG | step 646 epoch 1 loss 0.2267 step_s 0.0014 peak_mem_gb 0.099
2026-10-01 22:36:05,126 | DEBUG | step 647 epoch 1 loss 0.2654 step_s 0.0014 peak_mem_gb 0.099
2026-10-01 22:36:05,128 | DEBUG | step 648 epoch 1 loss 0.2246 step_s 0.0014 peak_mem_gb 0.099
2026-10-01 22:36:05,130 | DEBUG | step 649 epoch 1 loss 0.3351 step_s 0.0014 peak_mem_gb 0.099
2026-10-01 22:36:05,132 | DEBUG | step 650 epoch 1 loss 0.2411 step_s 0.0014 peak_mem_gb 0.099
2026-10-01 22:36:05,134 | DEBUG | step 651 epoch 1 loss 0.4354 step_s 0.0017 peak_mem_gb 0.099
2026-10-01 22:36:05,136 | DEBUG | step 652 epoch 1 loss 0.2163 step_s 0.0015 peak_mem_gb 0.099
2026-10-01 22:36:05,139 | DEBUG | step 653 epoch 1 loss 0.2842 step_s 0.0014 peak_mem_gb 0.099
2026-10-01 22:36:05,141 | DEBUG | step 654 epoch 1 loss 0.1681 step_s 0.0015 peak_mem_gb 0.099
2026-10-01 22:36:05,143 | DEBUG | step 655 epoch 1 loss 0.2199 step_s 0.0015 peak_mem_gb 0.099
2026-10-01 22:36:05,145 | DEBUG | step 656 epoch 1 loss 0.1251 step_s 0.0015 peak_mem_gb 0.099
2026-10-01 22:36:05,147 | DEBUG | step 657 epoch 1 loss 0.2029 step_s 0.0014 peak_mem_gb 0.099
2026-10-01 22:36:05,149 | DEBUG | step 658 epoch 1 loss 0.3388 step_s 0.0015 peak_mem_gb 0.099
2026-10-01 22:36:05,152 | DEBUG | step 659 epoch 1 loss 0.2784 step_s 0.0018 peak_mem_gb 0.099
2026-10-01 22:36:05,154 | DEBUG | step 660 epoch 1 loss 0.3774 step_s 0.0015 peak_mem_gb 0.099
2026-10-01 22:36:05,157 | DEBUG | step 661 epoch 1 loss 0.3207 step_s 0.0015 peak_mem_gb 0.099
2026-10-01 22:36:05,159 | DEBUG | step 662 epoch 1 loss 0.2960 step_s 0.0014 peak_mem_gb 0.099
2026-10-01 22:36:05,161 | DEBUG | step 663 epoch 1 loss 0.2216 step_s 0.0014 peak_mem_gb 0.099
2026-10-01 22:36:05,163 | DEBUG | step 664 epoch 1 loss 0.3076 step_s 0.0014 peak_mem_gb 0.099
2026-10-01 22:36:05,165 | DEBUG | step 665 epoch 1 loss 0.4911 step_s 0.0015 peak_mem_gb 0.099
2026-10-01 22:36:05,167 | DEBUG | step 666 epoch 1 loss 0.2981 step_s 0.0014 peak_mem_gb 0.099
2026-10-01 22:36:05,170 | DEBUG | step 667 epoch 1 loss 0.3008 step_s 0.0014 peak_mem_gb 0.099
2026-10-01 22:36:05,172 | DEBUG | step 668 epoch 1 loss 0.2131 step_s 0.0014 peak_mem_gb 0.099
2026-10-01 22:36:05,174 | DEBUG | step 669 epoch 1 loss 0.2384 step_s 0.0016 peak_mem_gb 0.099
2026-10-01 22:36:05,176 | DEBUG | step 670 epoch 1 loss 0.2807 step_s 0.0014 peak_mem_gb 0.099
2026-10-01 22:36:05,179 | DEBUG | step 671 epoch 1 loss 0.4181 step_s 0.0014 peak_mem_gb 0.099
2026-10-01 22:36:05,181 | DEBUG | step 672 epoch 1 loss 0.2977 step_s 0.0015 peak_mem_gb 0.099
2026-10-01 22:36:05,183 | DEBUG | step 673 epoch 1 loss 0.2492 step_s 0.0014 peak_mem_gb 0.099
2026-10-01 22:36:05,185 | DEBUG | step 674 epoch 1 loss 0.2672 step_s 0.0015 peak_mem_gb 0.099
2026-10-01 22:36:05,187 | DEBUG | step 675 epoch 1 loss 0.2861 step_s 0.0014 peak_mem_gb 0.099
2026-10-01 22:36:05,189 | DEBUG | step 676 epoch 1 loss 0.4385 step_s 0.0015 peak_mem_gb 0.099
2026-10-01 22:36:05,192 | DEBUG | step 677 epoch 1 loss 0.2597 step_s 0.0015 peak_mem_gb 0.099
2026-10-01 22:36:05,194 | DEBUG | step 678 epoch 1 loss 0.2242 step_s 0.0014 peak_mem_gb 0.099
2026-10-01 22:36:05,198 | DEBUG | step 679 epoch 1 loss 0.2375 step_s 0.0014 peak_mem_gb 0.099
2026-10-01 22:36:05,200 | DEBUG | step 680 epoch 1 loss 0.3306 step_s 0.0016 peak_mem_gb 0.099
2026-10-01 22:36:05,202 | DEBUG | step 681 epoch 1 loss 0.3170 step_s 0.0014 peak_mem_gb 0.099
2026-10-01 22:36:05,204 | DEBUG | step 682 epoch 1 loss 0.4229 step_s 0.0015 peak_mem_gb 0.099
2026-10-01 22:36:05,206 | DEBUG | step 683 epoch 1 loss 0.2622 step_s 0.0015 peak_mem_gb 0.099
2026-10-01 22:36:05,209 | DEBUG | step 684 epoch 1 loss 0.2553 step_s 0.0015 peak_mem_gb 0.099
2026-10-01 22:36:05,211 | DEBUG | step 685 epoch 1 loss 0.2149 step_s 0.0015 peak_mem_gb 0.099
2026-10-01 22:36:05,213 | DEBUG | step 686 epoch 1 loss 0.2655 step_s 0.0015 peak_mem_gb 0.099
2026-10-01 22:36:05,215 | DEBUG | step 687 epoch 1 loss 0.1976 step_s 0.0014 peak_mem_gb 0.099
2026-10-01 22:36:05,217 | DEBUG | step 688 epoch 1 loss 0.1566 step_s 0.0014 peak_mem_gb 0.099
2026-10-01 22:36:05,220 | DEBUG | step 689 epoch 1 loss 0.2900 step_s 0.0014 peak_mem_gb 0.099
2026-10-01 22:36:05,222 | DEBUG | step 690 epoch 1 loss 0.2665 step_s 0.0014 peak_mem_gb 0.099
2026-10-01 22:36:05,224 | DEBUG | step 691 epoch 1 loss 0.2283 step_s 0.0014 peak_mem_gb 0.099
2026-10-01 22:36:05,226 | DEBUG | step 692 epoch 1 loss 0.2954 step_s 0.0014 peak_mem_gb 0.099
2026-10-01 22:36:05,228 | DEBUG | step 693 epoch 1 loss 0.2343 step_s 0.0014 peak_mem_gb 0.099
2026-10-01 22:36:05,230 | DEBUG | step 694 epoch 1 loss 0.2583 step_s 0.0014 peak_mem_gb 0.099
2026-10-01 22:36:05,232 | DEBUG | step 695 epoch 1 loss 0.2995 step_s 0.0015 peak_mem_gb 0.099
2026-10-01 22:36:05,234 | DEBUG | step 696 epoch 1 loss 0.2127 step_s 0.0014 peak_mem_gb 0.099
2026-10-01 22:36:05,237 | DEBUG | step 697 epoch 1 loss 0.1854 step_s 0.0015 peak_mem_gb 0.099
2026-10-01 22:36:05,239 | DEBUG | step 698 epoch 1 loss 0.2479 step_s 0.0014 peak_mem_gb 0.099
2026-10-01 22:36:05,241 | DEBUG | step 699 epoch 1 loss 0.3112 step_s 0.0015 peak_mem_gb 0.099
2026-10-01 22:36:05,243 | DEBUG | step 700 epoch 1 loss 0.2434 step_s 0.0014 peak_mem_gb 0.099
2026-10-01 22:36:05,245 | DEBUG | step 701 epoch 1 loss 0.2815 step_s 0.0015 peak_mem_gb 0.099
2026-10-01 22:36:05,249 | DEBUG | step 702 epoch 1 loss 0.3457 step_s 0.0029 peak_mem_gb 0.099
2026-10-01 22:36:05,251 | DEBUG | step 703 epoch 1 loss 0.4548 step_s 0.0015 peak_mem_gb 0.099
2026-10-01 22:36:05,253 | DEBUG | step 704 epoch 1 loss 0.2139 step_s 0.0015 peak_mem_gb 0.099
2026-10-01 22:36:05,256 | DEBUG | step 705 epoch 1 loss 0.1399 step_s 0.0016 peak_mem_gb 0.099
2026-10-01 22:36:05,258 | DEBUG | step 706 epoch 1 loss 0.2520 step_s 0.0015 peak_mem_gb 0.099
2026-10-01 22:36:05,260 | DEBUG | step 707 epoch 1 loss 0.2059 step_s 0.0015 peak_mem_gb 0.099
2026-10-01 22:36:05,262 | DEBUG | step 708 epoch 1 loss 0.2104 step_s 0.0015 peak_mem_gb 0.099
2026-10-01 22:36:05,265 | DEBUG | step 709 epoch 1 loss 0.1950 step_s 0.0016 peak_mem_gb 0.099
2026-10-01 22:36:05,267 | DEBUG | step 710 epoch 1 loss 0.2704 step_s 0.0015 peak_mem_gb 0.099
2026-10-01 22:36:05,269 | DEBUG | step 711 epoch 1 loss 0.3430 step_s 0.0015 peak_mem_gb 0.099
2026-10-01 22:36:05,272 | DEBUG | step 712 epoch 1 loss 0.3935 step_s 0.0015 peak_mem_gb 0.099
2026-10-01 22:36:05,274 | DEBUG | step 713 epoch 1 loss 0.3139 step_s 0.0014 peak_mem_gb 0.099
2026-10-01 22:36:05,276 | DEBUG | step 714 epoch 1 loss 0.1886 step_s 0.0015 peak_mem_gb 0.099
2026-10-01 22:36:05,278 | DEBUG | step 715 epoch 1 loss 0.2523 step_s 0.0014 peak_mem_gb 0.099
2026-10-01 22:36:05,280 | DEBUG | step 716 epoch 1 loss 0.1623 step_s 0.0015 peak_mem_gb 0.099
2026-10-01 22:36:05,283 | DEBUG | step 717 epoch 1 loss 0.2003 step_s 0.0014 peak_mem_gb 0.099
2026-10-01 22:36:05,285 | DEBUG | step 718 epoch 1 loss 0.2334 step_s 0.0015 peak_mem_gb 0.099
2026-10-01 22:36:05,287 | DEBUG | step 719 epoch 1 loss 0.2617 step_s 0.0014 peak_mem_gb 0.099
2026-10-01 22:36:05,289 | DEBUG | step 720 epoch 1 loss 0.2946 step_s 0.0015 peak_mem_gb 0.099
2026-10-01 22:36:05,291 | DEBUG | step 721 epoch 1 loss 0.2892 step_s 0.0014 peak_mem_gb 0.099
2026-10-01 22:36:05,294 | DEBUG | step 722 epoch 1 loss 0.2195 step_s 0.0015 peak_mem_gb 0.099
2026-10-01 22:36:05,296 | DEBUG | step 723 epoch 1 loss 0.2162 step_s 0.0015 peak_mem_gb 0.099
2026-10-01 22:36:05,298 | DEBUG | step 724 epoch 1 loss 0.2023 step_s 0.0015 peak_mem_gb 0.099
2026-10-01 22:36:05,300 | DEBUG | step 725 epoch 1 loss 0.3479 step_s 0.0014 peak_mem_gb 0.099
2026-10-01 22:36:05,303 | DEBUG | step 726 epoch 1 loss 0.1933 step_s 0.0014 peak_mem_gb 0.099
2026-10-01 22:36:05,305 | DEBUG | step 727 epoch 1 loss 0.1802 step_s 0.0015 peak_mem_gb 0.099
2026-10-01 22:36:05,307 | DEBUG | step 728 epoch 1 loss 0.4223 step_s 0.0014 peak_mem_gb 0.099
2026-10-01 22:36:05,309 | DEBUG | step 729 epoch 1 loss 0.3587 step_s 0.0015 peak_mem_gb 0.099
2026-10-01 22:36:05,311 | DEBUG | step 730 epoch 1 loss 0.2379 step_s 0.0015 peak_mem_gb 0.099
2026-10-01 22:36:05,313 | DEBUG | step 731 epoch 1 loss 0.3243 step_s 0.0015 peak_mem_gb 0.099
2026-10-01 22:36:05,315 | DEBUG | step 732 epoch 1 loss 0.3104 step_s 0.0014 peak_mem_gb 0.099
2026-10-01 22:36:05,318 | DEBUG | step 733 epoch 1 loss 0.1452 step_s 0.0014 peak_mem_gb 0.099
2026-10-01 22:36:05,320 | DEBUG | step 734 epoch 1 loss 0.2760 step_s 0.0014 peak_mem_gb 0.099
2026-10-01 22:36:05,322 | DEBUG | step 735 epoch 1 loss 0.2958 step_s 0.0014 peak_mem_gb 0.099
2026-10-01 22:36:05,324 | DEBUG | step 736 epoch 1 loss 0.2708 step_s 0.0014 peak_mem_gb 0.099
2026-10-01 22:36:05,326 | DEBUG | step 737 epoch 1 loss 0.3705 step_s 0.0018 peak_mem_gb 0.099
2026-10-01 22:36:05,329 | DEBUG | step 738 epoch 1 loss 0.1326 step_s 0.0015 peak_mem_gb 0.099
2026-10-01 22:36:05,331 | DEBUG | step 739 epoch 1 loss 0.3565 step_s 0.0014 peak_mem_gb 0.099
2026-10-01 22:36:05,333 | DEBUG | step 740 epoch 1 loss 0.2027 step_s 0.0014 peak_mem_gb 0.099
2026-10-01 22:36:05,335 | DEBUG | step 741 epoch 1 loss 0.2301 step_s 0.0015 peak_mem_gb 0.099
2026-10-01 22:36:05,337 | DEBUG | step 742 epoch 1 loss 0.3068 step_s 0.0015 peak_mem_gb 0.099
2026-10-01 22:36:05,339 | DEBUG | step 743 epoch 1 loss 0.3462 step_s 0.0014 peak_mem_gb 0.099
2026-10-01 22:36:05,342 | DEBUG | step 744 epoch 1 loss 0.1791 step_s 0.0016 peak_mem_gb 0.099
2026-10-01 22:36:05,344 | DEBUG | step 745 epoch 1 loss 0.3049 step_s 0.0014 peak_mem_gb 0.099
2026-10-01 22:36:05,346 | DEBUG | step 746 epoch 1 loss 0.2875 step_s 0.0015 peak_mem_gb 0.099
2026-10-01 22:36:05,348 | DEBUG | step 747 epoch 1 loss 0.2444 step_s 0.0015 peak_mem_gb 0.099
2026-10-01 22:36:05,350 | DEBUG | step 748 epoch 1 loss 0.2463 step_s 0.0014 peak_mem_gb 0.099
2026-10-01 22:36:05,352 | DEBUG | step 749 epoch 1 loss 0.3198 step_s 0.0014 peak_mem_gb 0.099
2026-10-01 22:36:05,355 | DEBUG | step 750 epoch 1 loss 0.2492 step_s 0.0014 peak_mem_gb 0.099
2026-10-01 22:36:05,357 | DEBUG | step 751 epoch 1 loss 0.1521 step_s 0.0015 peak_mem_gb 0.099
2026-10-01 22:36:05,359 | DEBUG | step 752 epoch 1 loss 0.5148 step_s 0.0014 peak_mem_gb 0.099
2026-10-01 22:36:05,361 | DEBUG | step 753 epoch 1 loss 0.3009 step_s 0.0015 peak_mem_gb 0.099
2026-10-01 22:36:05,363 | DEBUG | step 754 epoch 1 loss 0.1748 step_s 0.0015 peak_mem_gb 0.099
2026-10-01 22:36:05,365 | DEBUG | step 755 epoch 1 loss 0.2113 step_s 0.0015 peak_mem_gb 0.099
2026-10-01 22:36:05,367 | DEBUG | step 756 epoch 1 loss 0.1892 step_s 0.0014 peak_mem_gb 0.099
2026-10-01 22:36:05,370 | DEBUG | step 757 epoch 1 loss 0.2333 step_s 0.0014 peak_mem_gb 0.099
2026-10-01 22:36:05,372 | DEBUG | step 758 epoch 1 loss 0.3379 step_s 0.0014 peak_mem_gb 0.099
2026-10-01 22:36:05,374 | DEBUG | step 759 epoch 1 loss 0.1613 step_s 0.0016 peak_mem_gb 0.099
2026-10-01 22:36:05,376 | DEBUG | step 760 epoch 1 loss 0.3052 step_s 0.0014 peak_mem_gb 0.099
2026-10-01 22:36:05,378 | DEBUG | step 761 epoch 1 loss 0.3477 step_s 0.0014 peak_mem_gb 0.099
2026-10-01 22:36:05,380 | DEBUG | step 762 epoch 1 loss 0.2407 step_s 0.0015 peak_mem_gb 0.099
2026-10-01 22:36:05,382 | DEBUG | step 763 epoch 1 loss 0.2023 step_s 0.0014 peak_mem_gb 0.099
2026-10-01 22:36:05,385 | DEBUG | step 764 epoch 1 loss 0.2207 step_s 0.0015 peak_mem_gb 0.099
2026-10-01 22:36:05,387 | DEBUG | step 765 epoch 1 loss 0.5566 step_s 0.0014 peak_mem_gb 0.099
2026-10-01 22:36:05,389 | DEBUG | step 766 epoch 1 loss 0.2705 step_s 0.0016 peak_mem_gb 0.099
2026-10-01 22:36:05,391 | DEBUG | step 767 epoch 1 loss 0.2748 step_s 0.0015 peak_mem_gb 0.099
2026-10-01 22:36:05,393 | DEBUG | step 768 epoch 1 loss 0.3182 step_s 0.0014 peak_mem_gb 0.099
2026-10-01 22:36:05,396 | DEBUG | step 769 epoch 1 loss 0.1763 step_s 0.0014 peak_mem_gb 0.099
2026-10-01 22:36:05,398 | DEBUG | step 770 epoch 1 loss 0.2576 step_s 0.0015 peak_mem_gb 0.099
2026-10-01 22:36:05,400 | DEBUG | step 771 epoch 1 loss 0.2453 step_s 0.0014 peak_mem_gb 0.099
2026-10-01 22:36:05,402 | DEBUG | step 772 epoch 1 loss 0.1914 step_s 0.0014 peak_mem_gb 0.099
2026-10-01 22:36:05,404 | DEBUG | step 773 epoch 1 loss 0.3175 step_s 0.0015 peak_mem_gb 0.099
2026-10-01 22:36:05,406 | DEBUG | step 774 epoch 1 loss 0.2297 step_s 0.0014 peak_mem_gb 0.099
2026-10-01 22:36:05,408 | DEBUG | step 775 epoch 1 loss 0.2662 step_s 0.0014 peak_mem_gb 0.099
2026-10-01 22:36:05,411 | DEBUG | step 776 epoch 1 loss 0.2695 step_s 0.0014 peak_mem_gb 0.099
2026-10-01 22:36:05,413 | DEBUG | step 777 epoch 1 loss 0.2572 step_s 0.0014 peak_mem_gb 0.099
2026-10-01 22:36:05,415 | DEBUG | step 778 epoch 1 loss 0.1328 step_s 0.0014 peak_mem_gb 0.099
2026-10-01 22:36:05,417 | DEBUG | step 779 epoch 1 loss 0.3237 step_s 0.0014 peak_mem_gb 0.099
2026-10-01 22:36:05,419 | DEBUG | step 780 epoch 1 loss 0.3120 step_s 0.0014 peak_mem_gb 0.099
2026-10-01 22:36:05,421 | DEBUG | step 781 epoch 1 loss 0.1598 step_s 0.0016 peak_mem_gb 0.099
2026-10-01 22:36:05,424 | DEBUG | step 782 epoch 1 loss 0.2348 step_s 0.0015 peak_mem_gb 0.099
2026-10-01 22:36:05,426 | DEBUG | step 783 epoch 1 loss 0.1952 step_s 0.0014 peak_mem_gb 0.099
2026-10-01 22:36:05,428 | DEBUG | step 784 epoch 1 loss 0.3174 step_s 0.0014 peak_mem_gb 0.099
2026-10-01 22:36:05,430 | DEBUG | step 785 epoch 1 loss 0.3060 step_s 0.0014 peak_mem_gb 0.099
2026-10-01 22:36:05,432 | DEBUG | step 786 epoch 1 loss 0.3663 step_s 0.0015 peak_mem_gb 0.099
2026-10-01 22:36:05,434 | DEBUG | step 787 epoch 1 loss 0.1803 step_s 0.0014 peak_mem_gb 0.099
2026-10-01 22:36:05,437 | DEBUG | step 788 epoch 1 loss 0.3901 step_s 0.0015 peak_mem_gb 0.099
2026-10-01 22:36:05,439 | DEBUG | step 789 epoch 1 loss 0.2724 step_s 0.0014 peak_mem_gb 0.099
2026-10-01 22:36:05,441 | DEBUG | step 790 epoch 1 loss 0.2722 step_s 0.0019 peak_mem_gb 0.099
2026-10-01 22:36:05,443 | DEBUG | step 791 epoch 1 loss 0.2604 step_s 0.0014 peak_mem_gb 0.099
2026-10-01 22:36:05,446 | DEBUG | step 792 epoch 1 loss 0.2485 step_s 0.0014 peak_mem_gb 0.099
2026-10-01 22:36:05,448 | DEBUG | step 793 epoch 1 loss 0.3530 step_s 0.0014 peak_mem_gb 0.099
2026-10-01 22:36:05,450 | DEBUG | step 794 epoch 1 loss 0.1565 step_s 0.0015 peak_mem_gb 0.099
2026-10-01 22:36:05,452 | DEBUG | step 795 epoch 1 loss 0.2074 step_s 0.0015 peak_mem_gb 0.099
2026-10-01 22:36:05,454 | DEBUG | step 796 epoch 1 loss 0.1489 step_s 0.0014 peak_mem_gb 0.099
2026-10-01 22:36:05,456 | DEBUG | step 797 epoch 1 loss 0.3051 step_s 0.0014 peak_mem_gb 0.099
2026-10-01 22:36:05,458 | DEBUG | step 798 epoch 1 loss 0.2185 step_s 0.0014 peak_mem_gb 0.099
2026-10-01 22:36:05,461 | DEBUG | step 799 epoch 1 loss 0.3288 step_s 0.0015 peak_mem_gb 0.099
2026-10-01 22:36:05,463 | INFO | step 800 epoch 1 loss 0.3325 step_s 0.0014 peak_mem_gb 0.099
2026-10-01 22:36:05,466 | DEBUG | step 801 epoch 1 loss 0.2508 step_s 0.0017 peak_mem_gb 0.099
2026-10-01 22:36:05,468 | DEBUG | step 802 epoch 1 loss 0.1695 step_s 0.0017 peak_mem_gb 0.099
2026-10-01 22:36:05,471 | DEBUG | step 803 epoch 1 loss 0.2415 step_s 0.0015 peak_mem_gb 0.099
2026-10-01 22:36:05,474 | DEBUG | step 804 epoch 1 loss 0.1937 step_s 0.0023 peak_mem_gb 0.099
2026-10-01 22:36:05,476 | DEBUG | step 805 epoch 1 loss 0.2162 step_s 0.0015 peak_mem_gb 0.099
2026-10-01 22:36:05,478 | DEBUG | step 806 epoch 1 loss 0.2859 step_s 0.0014 peak_mem_gb 0.099
2026-10-01 22:36:05,481 | DEBUG | step 807 epoch 1 loss 0.2414 step_s 0.0014 peak_mem_gb 0.099
2026-10-01 22:36:05,483 | DEBUG | step 808 epoch 1 loss 0.3526 step_s 0.0014 peak_mem_gb 0.099
2026-10-01 22:36:05,485 | DEBUG | step 809 epoch 1 loss 0.2616 step_s 0.0015 peak_mem_gb 0.099
2026-10-01 22:36:05,487 | DEBUG | step 810 epoch 1 loss 0.2755 step_s 0.0014 peak_mem_gb 0.099
2026-10-01 22:36:05,489 | DEBUG | step 811 epoch 1 loss 0.2452 step_s 0.0015 peak_mem_gb 0.099
2026-10-01 22:36:05,491 | DEBUG | step 812 epoch 1 loss 0.3381 step_s 0.0015 peak_mem_gb 0.099
2026-10-01 22:36:05,494 | DEBUG | step 813 epoch 1 loss 0.1914 step_s 0.0014 peak_mem_gb 0.099
2026-10-01 22:36:05,496 | DEBUG | step 814 epoch 1 loss 0.2673 step_s 0.0014 peak_mem_gb 0.099
2026-10-01 22:36:05,498 | DEBUG | step 815 epoch 1 loss 0.1698 step_s 0.0014 peak_mem_gb 0.099
2026-10-01 22:36:05,500 | DEBUG | step 816 epoch 1 loss 0.2359 step_s 0.0014 peak_mem_gb 0.099
2026-10-01 22:36:05,502 | DEBUG | step 817 epoch 1 loss 0.2351 step_s 0.0015 peak_mem_gb 0.099
2026-10-01 22:36:05,504 | DEBUG | step 818 epoch 1 loss 0.3333 step_s 0.0015 peak_mem_gb 0.099
2026-10-01 22:36:05,507 | DEBUG | step 819 epoch 1 loss 0.2313 step_s 0.0014 peak_mem_gb 0.099
2026-10-01 22:36:05,509 | DEBUG | step 820 epoch 1 loss 0.3861 step_s 0.0015 peak_mem_gb 0.099
2026-10-01 22:36:05,511 | DEBUG | step 821 epoch 1 loss 0.3023 step_s 0.0014 peak_mem_gb 0.099
2026-10-01 22:36:05,513 | DEBUG | step 822 epoch 1 loss 0.2167 step_s 0.0014 peak_mem_gb 0.099
2026-10-01 22:36:05,515 | DEBUG | step 823 epoch 1 loss 0.1716 step_s 0.0014 peak_mem_gb 0.099
2026-10-01 22:36:05,517 | DEBUG | step 824 epoch 1 loss 0.3143 step_s 0.0015 peak_mem_gb 0.099
2026-10-01 22:36:05,520 | DEBUG | step 825 epoch 1 loss 0.1617 step_s 0.0014 peak_mem_gb 0.099
2026-10-01 22:36:05,522 | DEBUG | step 826 epoch 1 loss 0.2628 step_s 0.0014 peak_mem_gb 0.099
2026-10-01 22:36:05,524 | DEBUG | step 827 epoch 1 loss 0.2527 step_s 0.0014 peak_mem_gb 0.099
2026-10-01 22:36:05,526 | DEBUG | step 828 epoch 1 loss 0.2088 step_s 0.0015 peak_mem_gb 0.099
2026-10-01 22:36:05,528 | DEBUG | step 829 epoch 1 loss 0.1855 step_s 0.0015 peak_mem_gb 0.099
2026-10-01 22:36:05,530 | DEBUG | step 830 epoch 1 loss 0.2721 step_s 0.0014 peak_mem_gb 0.099
2026-10-01 22:36:05,533 | DEBUG | step 831 epoch 1 loss 0.2950 step_s 0.0016 peak_mem_gb 0.099
2026-10-01 22:36:05,535 | DEBUG | step 832 epoch 1 loss 0.2785 step_s 0.0014 peak_mem_gb 0.099
2026-10-01 22:36:05,539 | DEBUG | step 833 epoch 1 loss 0.3431 step_s 0.0035 peak_mem_gb 0.099
2026-10-01 22:36:05,541 | DEBUG | step 834 epoch 1 loss 0.2214 step_s 0.0015 peak_mem_gb 0.099
2026-10-01 22:36:05,543 | DEBUG | step 835 epoch 1 loss 0.2693 step_s 0.0014 peak_mem_gb 0.099
2026-10-01 22:36:05,546 | DEBUG | step 836 epoch 1 loss 0.2421 step_s 0.0014 peak_mem_gb 0.099
2026-10-01 22:36:05,548 | DEBUG | step 837 epoch 1 loss 0.1869 step_s 0.0014 peak_mem_gb 0.099
2026-10-01 22:36:05,550 | DEBUG | step 838 epoch 1 loss 0.2596 step_s 0.0014 peak_mem_gb 0.099
2026-10-01 22:36:05,552 | DEBUG | step 839 epoch 1 loss 0.2547 step_s 0.0015 peak_mem_gb 0.099
2026-10-01 22:36:05,554 | DEBUG | step 840 epoch 1 loss 0.3582 step_s 0.0014 peak_mem_gb 0.099
2026-10-01 22:36:05,556 | DEBUG | step 841 epoch 1 loss 0.1689 step_s 0.0015 peak_mem_gb 0.099
2026-10-01 22:36:05,558 | DEBUG | step 842 epoch 1 loss 0.2029 step_s 0.0014 peak_mem_gb 0.099
2026-10-01 22:36:05,561 | DEBUG | step 843 epoch 1 loss 0.1867 step_s 0.0014 peak_mem_gb 0.099
2026-10-01 22:36:05,563 | DEBUG | step 844 epoch 1 loss 0.2673 step_s 0.0014 peak_mem_gb 0.099
2026-10-01 22:36:05,565 | DEBUG | step 845 epoch 1 loss 0.2592 step_s 0.0014 peak_mem_gb 0.099
2026-10-01 22:36:05,567 | DEBUG | step 846 epoch 1 loss 0.1291 step_s 0.0014 peak_mem_gb 0.099
2026-10-01 22:36:05,569 | DEBUG | step 847 epoch 1 loss 0.1843 step_s 0.0015 peak_mem_gb 0.099
2026-10-01 22:36:05,571 | DEBUG | step 848 epoch 1 loss 0.2210 step_s 0.0014 peak_mem_gb 0.099
2026-10-01 22:36:05,574 | DEBUG | step 849 epoch 1 loss 0.3697 step_s 0.0015 peak_mem_gb 0.099
2026-10-01 22:36:05,576 | DEBUG | step 850 epoch 1 loss 0.1972 step_s 0.0014 peak_mem_gb 0.099
2026-10-01 22:36:05,578 | DEBUG | step 851 epoch 1 loss 0.1939 step_s 0.0014 peak_mem_gb 0.099
2026-10-01 22:36:05,580 | DEBUG | step 852 epoch 1 loss 0.1870 step_s 0.0015 peak_mem_gb 0.099
2026-10-01 22:36:05,582 | DEBUG | step 853 epoch 1 loss 0.2349 step_s 0.0014 peak_mem_gb 0.099
2026-10-01 22:36:05,584 | DEBUG | step 854 epoch 1 loss 0.3696 step_s 0.0015 peak_mem_gb 0.099
2026-10-01 22:36:05,586 | DEBUG | step 855 epoch 1 loss 0.2700 step_s 0.0014 peak_mem_gb 0.099
2026-10-01 22:36:05,589 | DEBUG | step 856 epoch 1 loss 0.2653 step_s 0.0014 peak_mem_gb 0.099
2026-10-01 22:36:05,591 | DEBUG | step 857 epoch 1 loss 0.2873 step_s 0.0014 peak_mem_gb 0.099
2026-10-01 22:36:05,593 | DEBUG | step 858 epoch 1 loss 0.3023 step_s 0.0014 peak_mem_gb 0.099
2026-10-01 22:36:05,595 | DEBUG | step 859 epoch 1 loss 0.2703 step_s 0.0014 peak_mem_gb 0.099
2026-10-01 22:36:05,597 | DEBUG | step 860 epoch 1 loss 0.2410 step_s 0.0015 peak_mem_gb 0.099
2026-10-01 22:36:05,599 | DEBUG | step 861 epoch 1 loss 0.3183 step_s 0.0015 peak_mem_gb 0.099
2026-10-01 22:36:05,602 | DEBUG | step 862 epoch 1 loss 0.1957 step_s 0.0016 peak_mem_gb 0.099
2026-10-01 22:36:05,604 | DEBUG | step 863 epoch 1 loss 0.2611 step_s 0.0014 peak_mem_gb 0.099
2026-10-01 22:36:05,606 | DEBUG | step 864 epoch 1 loss 0.2671 step_s 0.0015 peak_mem_gb 0.099
2026-10-01 22:36:05,608 | DEBUG | step 865 epoch 1 loss 0.2272 step_s 0.0015 peak_mem_gb 0.099
2026-10-01 22:36:05,610 | DEBUG | step 866 epoch 1 loss 0.1825 step_s 0.0014 peak_mem_gb 0.099
2026-10-01 22:36:05,613 | DEBUG | step 867 epoch 1 loss 0.2415 step_s 0.0015 peak_mem_gb 0.099
2026-10-01 22:36:05,615 | DEBUG | step 868 epoch 1 loss 0.4314 step_s 0.0014 peak_mem_gb 0.099
2026-10-01 22:36:05,617 | DEBUG | step 869 epoch 1 loss 0.2372 step_s 0.0015 peak_mem_gb 0.099
2026-10-01 22:36:05,619 | DEBUG | step 870 epoch 1 loss 0.2783 step_s 0.0014 peak_mem_gb 0.099
2026-10-01 22:36:05,621 | DEBUG | step 871 epoch 1 loss 0.1454 step_s 0.0015 peak_mem_gb 0.099
2026-10-01 22:36:05,623 | DEBUG | step 872 epoch 1 loss 0.3356 step_s 0.0014 peak_mem_gb 0.099
2026-10-01 22:36:05,625 | DEBUG | step 873 epoch 1 loss 0.1770 step_s 0.0015 peak_mem_gb 0.099
2026-10-01 22:36:05,627 | DEBUG | step 874 epoch 1 loss 0.3316 step_s 0.0014 peak_mem_gb 0.099
2026-10-01 22:36:05,630 | DEBUG | step 875 epoch 1 loss 0.3046 step_s 0.0014 peak_mem_gb 0.099
2026-10-01 22:36:05,632 | DEBUG | step 876 epoch 1 loss 0.1715 step_s 0.0015 peak_mem_gb 0.099
2026-10-01 22:36:05,634 | DEBUG | step 877 epoch 1 loss 0.1601 step_s 0.0014 peak_mem_gb 0.099
2026-10-01 22:36:05,636 | DEBUG | step 878 epoch 1 loss 0.1951 step_s 0.0014 peak_mem_gb 0.099
2026-10-01 22:36:05,638 | DEBUG | step 879 epoch 1 loss 0.2277 step_s 0.0014 peak_mem_gb 0.099
2026-10-01 22:36:05,640 | DEBUG | step 880 epoch 1 loss 0.2956 step_s 0.0014 peak_mem_gb 0.099
2026-10-01 22:36:05,642 | DEBUG | step 881 epoch 1 loss 0.2889 step_s 0.0014 peak_mem_gb 0.099
2026-10-01 22:36:05,644 | DEBUG | step 882 epoch 1 loss 0.1618 step_s 0.0015 peak_mem_gb 0.099
2026-10-01 22:36:05,647 | DEBUG | step 883 epoch 1 loss 0.1845 step_s 0.0015 peak_mem_gb 0.099
2026-10-01 22:36:05,649 | DEBUG | step 884 epoch 1 loss 0.1492 step_s 0.0015 peak_mem_gb 0.099
2026-10-01 22:36:05,651 | DEBUG | step 885 epoch 1 loss 0.3030 step_s 0.0014 peak_mem_gb 0.099
2026-10-01 22:36:05,653 | DEBUG | step 886 epoch 1 loss 0.2954 step_s 0.0015 peak_mem_gb 0.099
2026-10-01 22:36:05,655 | DEBUG | step 887 epoch 1 loss 0.1552 step_s 0.0014 peak_mem_gb 0.099
2026-10-01 22:36:05,657 | DEBUG | step 888 epoch 1 loss 0.3722 step_s 0.0015 peak_mem_gb 0.099
2026-10-01 22:36:05,660 | DEBUG | step 889 epoch 1 loss 0.3294 step_s 0.0014 peak_mem_gb 0.099
2026-10-01 22:36:05,662 | DEBUG | step 890 epoch 1 loss 0.1776 step_s 0.0015 peak_mem_gb 0.099
2026-10-01 22:36:05,664 | DEBUG | step 891 epoch 1 loss 0.2975 step_s 0.0015 peak_mem_gb 0.099
2026-10-01 22:36:05,666 | DEBUG | step 892 epoch 1 loss 0.1628 step_s 0.0015 peak_mem_gb 0.099
2026-10-01 22:36:05,669 | DEBUG | step 893 epoch 1 loss 0.2154 step_s 0.0016 peak_mem_gb 0.099
2026-10-01 22:36:05,671 | DEBUG | step 894 epoch 1 loss 0.2442 step_s 0.0017 peak_mem_gb 0.099
2026-10-01 22:36:05,673 | DEBUG | step 895 epoch 1 loss 0.2672 step_s 0.0016 peak_mem_gb 0.099
2026-10-01 22:36:05,676 | DEBUG | step 896 epoch 1 loss 0.2685 step_s 0.0015 peak_mem_gb 0.099
2026-10-01 22:36:05,678 | DEBUG | step 897 epoch 1 loss 0.0925 step_s 0.0021 peak_mem_gb 0.099
2026-10-01 22:36:05,681 | DEBUG | step 898 epoch 1 loss 0.2167 step_s 0.0016 peak_mem_gb 0.099
2026-10-01 22:36:05,683 | DEBUG | step 899 epoch 1 loss 0.2024 step_s 0.0017 peak_mem_gb 0.099
2026-10-01 22:36:05,686 | DEBUG | step 900 epoch 1 loss 0.2001 step_s 0.0019 peak_mem_gb 0.099
2026-10-01 22:36:05,689 | DEBUG | step 901 epoch 1 loss 0.3585 step_s 0.0019 peak_mem_gb 0.099
2026-10-01 22:36:05,692 | DEBUG | step 902 epoch 1 loss 0.2291 step_s 0.0019 peak_mem_gb 0.099
2026-10-01 22:36:05,695 | DEBUG | step 903 epoch 1 loss 0.2903 step_s 0.0026 peak_mem_gb 0.099
2026-10-01 22:36:05,698 | DEBUG | step 904 epoch 1 loss 0.2830 step_s 0.0018 peak_mem_gb 0.099
2026-10-01 22:36:05,701 | DEBUG | step 905 epoch 1 loss 0.2280 step_s 0.0017 peak_mem_gb 0.099
2026-10-01 22:36:05,703 | DEBUG | step 906 epoch 1 loss 0.1423 step_s 0.0015 peak_mem_gb 0.099
2026-10-01 22:36:05,705 | DEBUG | step 907 epoch 1 loss 0.2195 step_s 0.0017 peak_mem_gb 0.099
2026-10-01 22:36:05,708 | DEBUG | step 908 epoch 1 loss 0.2519 step_s 0.0016 peak_mem_gb 0.099
2026-10-01 22:36:05,710 | DEBUG | step 909 epoch 1 loss 0.3195 step_s 0.0015 peak_mem_gb 0.099
2026-10-01 22:36:05,713 | DEBUG | step 910 epoch 1 loss 0.3656 step_s 0.0018 peak_mem_gb 0.099
2026-10-01 22:36:05,715 | DEBUG | step 911 epoch 1 loss 0.3506 step_s 0.0016 peak_mem_gb 0.099
2026-10-01 22:36:05,717 | DEBUG | step 912 epoch 1 loss 0.2722 step_s 0.0018 peak_mem_gb 0.099
2026-10-01 22:36:05,720 | DEBUG | step 913 epoch 1 loss 0.1828 step_s 0.0016 peak_mem_gb 0.099
2026-10-01 22:36:05,722 | DEBUG | step 914 epoch 1 loss 0.3696 step_s 0.0016 peak_mem_gb 0.099
2026-10-01 22:36:05,725 | DEBUG | step 915 epoch 1 loss 0.3110 step_s 0.0018 peak_mem_gb 0.099
2026-10-01 22:36:05,727 | DEBUG | step 916 epoch 1 loss 0.2264 step_s 0.0016 peak_mem_gb 0.099
2026-10-01 22:36:05,730 | DEBUG | step 917 epoch 1 loss 0.1713 step_s 0.0017 peak_mem_gb 0.099
2026-10-01 22:36:05,732 | DEBUG | step 918 epoch 1 loss 0.4208 step_s 0.0016 peak_mem_gb 0.099
2026-10-01 22:36:05,735 | DEBUG | step 919 epoch 1 loss 0.2859 step_s 0.0018 peak_mem_gb 0.099
2026-10-01 22:36:05,738 | DEBUG | step 920 epoch 1 loss 0.2725 step_s 0.0026 peak_mem_gb 0.099
2026-10-01 22:36:05,742 | DEBUG | step 921 epoch 1 loss 0.1767 step_s 0.0024 peak_mem_gb 0.099
2026-10-01 22:36:05,744 | DEBUG | step 922 epoch 1 loss 0.1651 step_s 0.0019 peak_mem_gb 0.099
2026-10-01 22:36:05,747 | DEBUG | step 923 epoch 1 loss 0.3153 step_s 0.0017 peak_mem_gb 0.099
2026-10-01 22:36:05,750 | DEBUG | step 924 epoch 1 loss 0.3326 step_s 0.0022 peak_mem_gb 0.099
2026-10-01 22:36:05,754 | DEBUG | step 925 epoch 1 loss 0.2143 step_s 0.0021 peak_mem_gb 0.099
2026-10-01 22:36:05,757 | DEBUG | step 926 epoch 1 loss 0.1606 step_s 0.0021 peak_mem_gb 0.099
2026-10-01 22:36:05,760 | DEBUG | step 927 epoch 1 loss 0.1235 step_s 0.0018 peak_mem_gb 0.099
2026-10-01 22:36:05,762 | DEBUG | step 928 epoch 1 loss 0.3553 step_s 0.0017 peak_mem_gb 0.099
2026-10-01 22:36:05,765 | DEBUG | step 929 epoch 1 loss 0.2099 step_s 0.0018 peak_mem_gb 0.099
2026-10-01 22:36:05,768 | DEBUG | step 930 epoch 1 loss 0.2624 step_s 0.0017 peak_mem_gb 0.099
2026-10-01 22:36:05,770 | DEBUG | step 931 epoch 1 loss 0.2223 step_s 0.0016 peak_mem_gb 0.099
2026-10-01 22:36:05,773 | DEBUG | step 932 epoch 1 loss 0.1479 step_s 0.0019 peak_mem_gb 0.099
2026-10-01 22:36:05,775 | DEBUG | step 933 epoch 1 loss 0.2511 step_s 0.0016 peak_mem_gb 0.099
2026-10-01 22:36:05,778 | DEBUG | step 934 epoch 1 loss 0.2031 step_s 0.0017 peak_mem_gb 0.099
2026-10-01 22:36:05,780 | DEBUG | step 935 epoch 1 loss 0.1956 step_s 0.0017 peak_mem_gb 0.099
2026-10-01 22:36:05,782 | DEBUG | step 936 epoch 1 loss 0.2078 step_s 0.0016 peak_mem_gb 0.099
2026-10-01 22:36:05,785 | DEBUG | step 937 epoch 1 loss 0.2780 step_s 0.0016 peak_mem_gb 0.099
2026-10-01 22:36:05,787 | DEBUG | step 938 epoch 1 loss 0.2194 step_s 0.0018 peak_mem_gb 0.099
2026-10-01 22:36:05,791 | DEBUG | step 939 epoch 1 loss 0.2882 step_s 0.0029 peak_mem_gb 0.099
2026-10-01 22:36:05,793 | DEBUG | step 940 epoch 1 loss 0.1959 step_s 0.0016 peak_mem_gb 0.099
2026-10-01 22:36:05,796 | DEBUG | step 941 epoch 1 loss 0.2372 step_s 0.0016 peak_mem_gb 0.099
2026-10-01 22:36:05,799 | DEBUG | step 942 epoch 1 loss 0.2520 step_s 0.0021 peak_mem_gb 0.099
2026-10-01 22:36:05,801 | DEBUG | step 943 epoch 1 loss 0.2588 step_s 0.0017 peak_mem_gb 0.099
2026-10-01 22:36:05,804 | DEBUG | step 944 epoch 1 loss 0.1518 step_s 0.0015 peak_mem_gb 0.099
2026-10-01 22:36:05,806 | DEBUG | step 945 epoch 1 loss 0.1534 step_s 0.0016 peak_mem_gb 0.099
2026-10-01 22:36:05,809 | DEBUG | step 946 epoch 1 loss 0.1752 step_s 0.0017 peak_mem_gb 0.099
2026-10-01 22:36:05,811 | DEBUG | step 947 epoch 1 loss 0.2278 step_s 0.0015 peak_mem_gb 0.099
2026-10-01 22:36:05,813 | DEBUG | step 948 epoch 1 loss 0.3829 step_s 0.0015 peak_mem_gb 0.099
2026-10-01 22:36:05,815 | DEBUG | step 949 epoch 1 loss 0.2481 step_s 0.0015 peak_mem_gb 0.099
2026-10-01 22:36:05,818 | DEBUG | step 950 epoch 1 loss 0.3467 step_s 0.0015 peak_mem_gb 0.099
2026-10-01 22:36:05,820 | DEBUG | step 951 epoch 1 loss 0.3178 step_s 0.0014 peak_mem_gb 0.099
2026-10-01 22:36:05,822 | DEBUG | step 952 epoch 1 loss 0.2377 step_s 0.0015 peak_mem_gb 0.099
2026-10-01 22:36:05,824 | DEBUG | step 953 epoch 1 loss 0.3391 step_s 0.0015 peak_mem_gb 0.099
2026-10-01 22:36:05,826 | DEBUG | step 954 epoch 1 loss 0.2156 step_s 0.0014 peak_mem_gb 0.099
2026-10-01 22:36:05,828 | DEBUG | step 955 epoch 1 loss 0.2984 step_s 0.0015 peak_mem_gb 0.099
2026-10-01 22:36:05,831 | DEBUG | step 956 epoch 1 loss 0.2039 step_s 0.0014 peak_mem_gb 0.099
2026-10-01 22:36:05,833 | DEBUG | step 957 epoch 1 loss 0.2527 step_s 0.0016 peak_mem_gb 0.099
2026-10-01 22:36:05,835 | DEBUG | step 958 epoch 1 loss 0.2448 step_s 0.0014 peak_mem_gb 0.099
2026-10-01 22:36:05,837 | DEBUG | step 959 epoch 1 loss 0.3413 step_s 0.0015 peak_mem_gb 0.099
2026-10-01 22:36:05,841 | DEBUG | step 960 epoch 1 loss 0.1816 step_s 0.0026 peak_mem_gb 0.099
2026-10-01 22:36:05,843 | DEBUG | step 961 epoch 1 loss 0.1863 step_s 0.0015 peak_mem_gb 0.099
2026-10-01 22:36:05,845 | DEBUG | step 962 epoch 1 loss 0.2988 step_s 0.0016 peak_mem_gb 0.099
2026-10-01 22:36:05,847 | DEBUG | step 963 epoch 1 loss 0.2743 step_s 0.0015 peak_mem_gb 0.099
2026-10-01 22:36:05,850 | DEBUG | step 964 epoch 1 loss 0.2349 step_s 0.0015 peak_mem_gb 0.099
2026-10-01 22:36:05,852 | DEBUG | step 965 epoch 1 loss 0.2133 step_s 0.0015 peak_mem_gb 0.099
2026-10-01 22:36:05,854 | DEBUG | step 966 epoch 1 loss 0.2581 step_s 0.0015 peak_mem_gb 0.099
2026-10-01 22:36:05,857 | DEBUG | step 967 epoch 1 loss 0.2410 step_s 0.0018 peak_mem_gb 0.099
2026-10-01 22:36:05,859 | DEBUG | step 968 epoch 1 loss 0.1951 step_s 0.0014 peak_mem_gb 0.099
2026-10-01 22:36:05,861 | DEBUG | step 969 epoch 1 loss 0.1327 step_s 0.0016 peak_mem_gb 0.099
2026-10-01 22:36:05,863 | DEBUG | step 970 epoch 1 loss 0.2241 step_s 0.0014 peak_mem_gb 0.099
2026-10-01 22:36:05,866 | DEBUG | step 971 epoch 1 loss 0.3077 step_s 0.0015 peak_mem_gb 0.099
2026-10-01 22:36:05,868 | DEBUG | step 972 epoch 1 loss 0.2419 step_s 0.0017 peak_mem_gb 0.099
2026-10-01 22:36:05,870 | DEBUG | step 973 epoch 1 loss 0.3604 step_s 0.0015 peak_mem_gb 0.099
2026-10-01 22:36:05,873 | DEBUG | step 974 epoch 1 loss 0.3532 step_s 0.0015 peak_mem_gb 0.099
2026-10-01 22:36:05,875 | DEBUG | step 975 epoch 1 loss 0.2823 step_s 0.0014 peak_mem_gb 0.099
2026-10-01 22:36:05,877 | DEBUG | step 976 epoch 1 loss 0.3866 step_s 0.0014 peak_mem_gb 0.099
2026-10-01 22:36:05,879 | DEBUG | step 977 epoch 1 loss 0.2385 step_s 0.0014 peak_mem_gb 0.099
2026-10-01 22:36:05,881 | DEBUG | step 978 epoch 1 loss 0.3103 step_s 0.0015 peak_mem_gb 0.099
2026-10-01 22:36:05,883 | DEBUG | step 979 epoch 1 loss 0.3632 step_s 0.0015 peak_mem_gb 0.099
2026-10-01 22:36:05,886 | DEBUG | step 980 epoch 1 loss 0.2508 step_s 0.0014 peak_mem_gb 0.099
2026-10-01 22:36:05,888 | DEBUG | step 981 epoch 1 loss 0.1517 step_s 0.0015 peak_mem_gb 0.099
2026-10-01 22:36:05,890 | DEBUG | step 982 epoch 1 loss 0.1495 step_s 0.0014 peak_mem_gb 0.099
2026-10-01 22:36:05,892 | DEBUG | step 983 epoch 1 loss 0.1912 step_s 0.0016 peak_mem_gb 0.099
2026-10-01 22:36:05,894 | DEBUG | step 984 epoch 1 loss 0.2044 step_s 0.0014 peak_mem_gb 0.099
2026-10-01 22:36:05,897 | DEBUG | step 985 epoch 1 loss 0.1819 step_s 0.0015 peak_mem_gb 0.099
2026-10-01 22:36:05,899 | DEBUG | step 986 epoch 1 loss 0.1515 step_s 0.0014 peak_mem_gb 0.099
2026-10-01 22:36:05,901 | DEBUG | step 987 epoch 1 loss 0.2164 step_s 0.0015 peak_mem_gb 0.099
2026-10-01 22:36:05,903 | DEBUG | step 988 epoch 1 loss 0.2544 step_s 0.0014 peak_mem_gb 0.099
2026-10-01 22:36:05,906 | DEBUG | step 989 epoch 1 loss 0.3060 step_s 0.0024 peak_mem_gb 0.099
2026-10-01 22:36:05,909 | DEBUG | step 990 epoch 1 loss 0.1745 step_s 0.0015 peak_mem_gb 0.099
2026-10-01 22:36:05,911 | DEBUG | step 991 epoch 1 loss 0.1923 step_s 0.0016 peak_mem_gb 0.099
2026-10-01 22:36:05,913 | DEBUG | step 992 epoch 1 loss 0.2488 step_s 0.0016 peak_mem_gb 0.099
2026-10-01 22:36:05,915 | DEBUG | step 993 epoch 1 loss 0.2084 step_s 0.0015 peak_mem_gb 0.099
2026-10-01 22:36:05,918 | DEBUG | step 994 epoch 1 loss 0.2977 step_s 0.0015 peak_mem_gb 0.099
2026-10-01 22:36:05,920 | DEBUG | step 995 epoch 1 loss 0.2754 step_s 0.0015 peak_mem_gb 0.099
2026-10-01 22:36:05,922 | DEBUG | step 996 epoch 1 loss 0.3194 step_s 0.0015 peak_mem_gb 0.099
2026-10-01 22:36:05,924 | DEBUG | step 997 epoch 1 loss 0.2268 step_s 0.0016 peak_mem_gb 0.099
2026-10-01 22:36:05,926 | DEBUG | step 998 epoch 1 loss 0.1745 step_s 0.0014 peak_mem_gb 0.099
2026-10-01 22:36:05,929 | DEBUG | step 999 epoch 1 loss 0.2235 step_s 0.0015 peak_mem_gb 0.099
2026-10-01 22:36:05,931 | INFO | step 1000 epoch 1 loss 0.2866 step_s 0.0015 peak_mem_gb 0.099
2026-10-01 22:36:05,934 | DEBUG | step 1001 epoch 1 loss 0.2124 step_s 0.0015 peak_mem_gb 0.099
2026-10-01 22:36:05,936 | DEBUG | step 1002 epoch 1 loss 0.5351 step_s 0.0016 peak_mem_gb 0.099
2026-10-01 22:36:05,939 | DEBUG | step 1003 epoch 1 loss 0.1676 step_s 0.0016 peak_mem_gb 0.099
2026-10-01 22:36:05,942 | DEBUG | step 1004 epoch 1 loss 0.2881 step_s 0.0018 peak_mem_gb 0.099
2026-10-01 22:36:05,944 | DEBUG | step 1005 epoch 1 loss 0.1923 step_s 0.0016 peak_mem_gb 0.099
2026-10-01 22:36:05,946 | DEBUG | step 1006 epoch 1 loss 0.2817 step_s 0.0014 peak_mem_gb 0.099
2026-10-01 22:36:05,948 | DEBUG | step 1007 epoch 1 loss 0.3144 step_s 0.0015 peak_mem_gb 0.099
2026-10-01 22:36:05,950 | DEBUG | step 1008 epoch 1 loss 0.3013 step_s 0.0015 peak_mem_gb 0.099
2026-10-01 22:36:05,953 | DEBUG | step 1009 epoch 1 loss 0.1761 step_s 0.0014 peak_mem_gb 0.099
2026-10-01 22:36:05,955 | DEBUG | step 1010 epoch 1 loss 0.2478 step_s 0.0015 peak_mem_gb 0.099
2026-10-01 22:36:05,957 | DEBUG | step 1011 epoch 1 loss 0.1428 step_s 0.0015 peak_mem_gb 0.099
2026-10-01 22:36:05,960 | DEBUG | step 1012 epoch 1 loss 0.2436 step_s 0.0015 peak_mem_gb 0.099
2026-10-01 22:36:05,962 | DEBUG | step 1013 epoch 1 loss 0.2454 step_s 0.0014 peak_mem_gb 0.099
2026-10-01 22:36:05,964 | DEBUG | step 1014 epoch 1 loss 0.1736 step_s 0.0015 peak_mem_gb 0.099
2026-10-01 22:36:05,966 | DEBUG | step 1015 epoch 1 loss 0.2195 step_s 0.0015 peak_mem_gb 0.099
2026-10-01 22:36:05,968 | DEBUG | step 1016 epoch 1 loss 0.4172 step_s 0.0015 peak_mem_gb 0.099
2026-10-01 22:36:05,971 | DEBUG | step 1017 epoch 1 loss 0.1721 step_s 0.0015 peak_mem_gb 0.099
2026-10-01 22:36:05,973 | DEBUG | step 1018 epoch 1 loss 0.3571 step_s 0.0016 peak_mem_gb 0.099
2026-10-01 22:36:05,975 | DEBUG | step 1019 epoch 1 loss 0.2976 step_s 0.0015 peak_mem_gb 0.099
2026-10-01 22:36:05,977 | DEBUG | step 1020 epoch 1 loss 0.2364 step_s 0.0015 peak_mem_gb 0.099
2026-10-01 22:36:05,980 | DEBUG | step 1021 epoch 1 loss 0.2372 step_s 0.0015 peak_mem_gb 0.099
2026-10-01 22:36:05,982 | DEBUG | step 1022 epoch 1 loss 0.2518 step_s 0.0014 peak_mem_gb 0.099
2026-10-01 22:36:05,984 | DEBUG | step 1023 epoch 1 loss 0.2360 step_s 0.0015 peak_mem_gb 0.099
2026-10-01 22:36:05,986 | DEBUG | step 1024 epoch 1 loss 0.1095 step_s 0.0015 peak_mem_gb 0.099
2026-10-01 22:36:05,989 | DEBUG | step 1025 epoch 1 loss 0.4163 step_s 0.0015 peak_mem_gb 0.099
2026-10-01 22:36:05,991 | DEBUG | step 1026 epoch 1 loss 0.2369 step_s 0.0014 peak_mem_gb 0.099
2026-10-01 22:36:05,993 | DEBUG | step 1027 epoch 1 loss 0.2404 step_s 0.0015 peak_mem_gb 0.099
2026-10-01 22:36:05,995 | DEBUG | step 1028 epoch 1 loss 0.2871 step_s 0.0014 peak_mem_gb 0.099
2026-10-01 22:36:05,997 | DEBUG | step 1029 epoch 1 loss 0.2451 step_s 0.0015 peak_mem_gb 0.099
2026-10-01 22:36:05,999 | DEBUG | step 1030 epoch 1 loss 0.1348 step_s 0.0014 peak_mem_gb 0.099
2026-10-01 22:36:06,002 | DEBUG | step 1031 epoch 1 loss 0.2863 step_s 0.0017 peak_mem_gb 0.099
2026-10-01 22:36:06,004 | DEBUG | step 1032 epoch 1 loss 0.2923 step_s 0.0015 peak_mem_gb 0.099
2026-10-01 22:36:06,006 | DEBUG | step 1033 epoch 1 loss 0.3545 step_s 0.0014 peak_mem_gb 0.099
2026-10-01 22:36:06,008 | DEBUG | step 1034 epoch 1 loss 0.3123 step_s 0.0014 peak_mem_gb 0.099
2026-10-01 22:36:06,010 | DEBUG | step 1035 epoch 1 loss 0.2349 step_s 0.0014 peak_mem_gb 0.099
2026-10-01 22:36:06,012 | DEBUG | step 1036 epoch 1 loss 0.2237 step_s 0.0015 peak_mem_gb 0.099
2026-10-01 22:36:06,014 | DEBUG | step 1037 epoch 1 loss 0.1646 step_s 0.0014 peak_mem_gb 0.099
2026-10-01 22:36:06,017 | DEBUG | step 1038 epoch 1 loss 0.1013 step_s 0.0014 peak_mem_gb 0.099
2026-10-01 22:36:06,019 | DEBUG | step 1039 epoch 1 loss 0.2484 step_s 0.0015 peak_mem_gb 0.099
2026-10-01 22:36:06,021 | DEBUG | step 1040 epoch 1 loss 0.2171 step_s 0.0015 peak_mem_gb 0.099
2026-10-01 22:36:06,023 | DEBUG | step 1041 epoch 1 loss 0.1969 step_s 0.0014 peak_mem_gb 0.099
2026-10-01 22:36:06,025 | DEBUG | step 1042 epoch 1 loss 0.2682 step_s 0.0015 peak_mem_gb 0.099
2026-10-01 22:36:06,027 | DEBUG | step 1043 epoch 1 loss 0.3621 step_s 0.0014 peak_mem_gb 0.099
2026-10-01 22:36:06,030 | DEBUG | step 1044 epoch 1 loss 0.1696 step_s 0.0014 peak_mem_gb 0.099
2026-10-01 22:36:06,032 | DEBUG | step 1045 epoch 1 loss 0.1876 step_s 0.0014 peak_mem_gb 0.099
2026-10-01 22:36:06,034 | DEBUG | step 1046 epoch 1 loss 0.1696 step_s 0.0014 peak_mem_gb 0.099
2026-10-01 22:36:06,036 | DEBUG | step 1047 epoch 1 loss 0.3031 step_s 0.0017 peak_mem_gb 0.099
2026-10-01 22:36:06,038 | DEBUG | step 1048 epoch 1 loss 0.3694 step_s 0.0014 peak_mem_gb 0.099
2026-10-01 22:36:06,041 | DEBUG | step 1049 epoch 1 loss 0.1812 step_s 0.0015 peak_mem_gb 0.099
2026-10-01 22:36:06,043 | DEBUG | step 1050 epoch 1 loss 0.1629 step_s 0.0014 peak_mem_gb 0.099
2026-10-01 22:36:06,045 | DEBUG | step 1051 epoch 1 loss 0.2446 step_s 0.0014 peak_mem_gb 0.099
2026-10-01 22:36:06,047 | DEBUG | step 1052 epoch 1 loss 0.2742 step_s 0.0014 peak_mem_gb 0.099
2026-10-01 22:36:06,049 | DEBUG | step 1053 epoch 1 loss 0.2762 step_s 0.0015 peak_mem_gb 0.099
2026-10-01 22:36:06,051 | DEBUG | step 1054 epoch 1 loss 0.3827 step_s 0.0015 peak_mem_gb 0.099
2026-10-01 22:36:06,053 | DEBUG | step 1055 epoch 1 loss 0.2315 step_s 0.0015 peak_mem_gb 0.099
2026-10-01 22:36:06,055 | DEBUG | step 1056 epoch 1 loss 0.3141 step_s 0.0014 peak_mem_gb 0.099
2026-10-01 22:36:06,058 | DEBUG | step 1057 epoch 1 loss 0.1792 step_s 0.0014 peak_mem_gb 0.099
2026-10-01 22:36:06,060 | DEBUG | step 1058 epoch 1 loss 0.1752 step_s 0.0014 peak_mem_gb 0.099
2026-10-01 22:36:06,062 | DEBUG | step 1059 epoch 1 loss 0.3187 step_s 0.0014 peak_mem_gb 0.099
2026-10-01 22:36:06,064 | DEBUG | step 1060 epoch 1 loss 0.2311 step_s 0.0014 peak_mem_gb 0.099
2026-10-01 22:36:06,066 | DEBUG | step 1061 epoch 1 loss 0.2577 step_s 0.0014 peak_mem_gb 0.099
2026-10-01 22:36:06,068 | DEBUG | step 1062 epoch 1 loss 0.1329 step_s 0.0015 peak_mem_gb 0.099
2026-10-01 22:36:06,070 | DEBUG | step 1063 epoch 1 loss 0.2500 step_s 0.0014 peak_mem_gb 0.099
2026-10-01 22:36:06,073 | DEBUG | step 1064 epoch 1 loss 0.2299 step_s 0.0014 peak_mem_gb 0.099
2026-10-01 22:36:06,075 | DEBUG | step 1065 epoch 1 loss 0.2577 step_s 0.0014 peak_mem_gb 0.099
2026-10-01 22:36:06,077 | DEBUG | step 1066 epoch 1 loss 0.3228 step_s 0.0014 peak_mem_gb 0.099
2026-10-01 22:36:06,079 | DEBUG | step 1067 epoch 1 loss 0.1241 step_s 0.0014 peak_mem_gb 0.099
2026-10-01 22:36:06,081 | DEBUG | step 1068 epoch 1 loss 0.2021 step_s 0.0015 peak_mem_gb 0.099
2026-10-01 22:36:06,084 | DEBUG | step 1069 epoch 1 loss 0.2967 step_s 0.0019 peak_mem_gb 0.099
2026-10-01 22:36:06,086 | DEBUG | step 1070 epoch 1 loss 0.1781 step_s 0.0015 peak_mem_gb 0.099
2026-10-01 22:36:06,088 | DEBUG | step 1071 epoch 1 loss 0.0991 step_s 0.0015 peak_mem_gb 0.099
2026-10-01 22:36:06,090 | DEBUG | step 1072 epoch 1 loss 0.2707 step_s 0.0014 peak_mem_gb 0.099
2026-10-01 22:36:06,092 | DEBUG | step 1073 epoch 1 loss 0.2330 step_s 0.0014 peak_mem_gb 0.099
2026-10-01 22:36:06,094 | DEBUG | step 1074 epoch 1 loss 0.3658 step_s 0.0015 peak_mem_gb 0.099
2026-10-01 22:36:06,097 | DEBUG | step 1075 epoch 1 loss 0.2597 step_s 0.0014 peak_mem_gb 0.099
2026-10-01 22:36:06,099 | DEBUG | step 1076 epoch 1 loss 0.3566 step_s 0.0014 peak_mem_gb 0.099
2026-10-01 22:36:06,101 | DEBUG | step 1077 epoch 1 loss 0.3230 step_s 0.0015 peak_mem_gb 0.099
2026-10-01 22:36:06,103 | DEBUG | step 1078 epoch 1 loss 0.2039 step_s 0.0014 peak_mem_gb 0.099
2026-10-01 22:36:06,105 | DEBUG | step 1079 epoch 1 loss 0.2503 step_s 0.0015 peak_mem_gb 0.099
2026-10-01 22:36:06,107 | DEBUG | step 1080 epoch 1 loss 0.1570 step_s 0.0014 peak_mem_gb 0.099
2026-10-01 22:36:06,109 | DEBUG | step 1081 epoch 1 loss 0.1687 step_s 0.0015 peak_mem_gb 0.099
2026-10-01 22:36:06,112 | DEBUG | step 1082 epoch 1 loss 0.2311 step_s 0.0014 peak_mem_gb 0.099
2026-10-01 22:36:06,114 | DEBUG | step 1083 epoch 1 loss 0.1749 step_s 0.0014 peak_mem_gb 0.099
2026-10-01 22:36:06,116 | DEBUG | step 1084 epoch 1 loss 0.1916 step_s 0.0014 peak_mem_gb 0.099
2026-10-01 22:36:06,118 | DEBUG | step 1085 epoch 1 loss 0.2214 step_s 0.0014 peak_mem_gb 0.099
2026-10-01 22:36:06,120 | DEBUG | step 1086 epoch 1 loss 0.2519 step_s 0.0015 peak_mem_gb 0.099
2026-10-01 22:36:06,122 | DEBUG | step 1087 epoch 1 loss 0.1620 step_s 0.0014 peak_mem_gb 0.099
2026-10-01 22:36:06,125 | DEBUG | step 1088 epoch 1 loss 0.2922 step_s 0.0014 peak_mem_gb 0.099
2026-10-01 22:36:06,127 | DEBUG | step 1089 epoch 1 loss 0.2278 step_s 0.0014 peak_mem_gb 0.099
2026-10-01 22:36:06,129 | DEBUG | step 1090 epoch 1 loss 0.2014 step_s 0.0015 peak_mem_gb 0.099
2026-10-01 22:36:06,131 | DEBUG | step 1091 epoch 1 loss 0.1971 step_s 0.0014 peak_mem_gb 0.099
2026-10-01 22:36:06,133 | DEBUG | step 1092 epoch 1 loss 0.1104 step_s 0.0016 peak_mem_gb 0.099
2026-10-01 22:36:06,135 | DEBUG | step 1093 epoch 1 loss 0.2496 step_s 0.0014 peak_mem_gb 0.099
2026-10-01 22:36:06,138 | DEBUG | step 1094 epoch 1 loss 0.2600 step_s 0.0014 peak_mem_gb 0.099
2026-10-01 22:36:06,140 | DEBUG | step 1095 epoch 1 loss 0.2204 step_s 0.0014 peak_mem_gb 0.099
2026-10-01 22:36:06,142 | DEBUG | step 1096 epoch 1 loss 0.2130 step_s 0.0014 peak_mem_gb 0.099
2026-10-01 22:36:06,144 | DEBUG | step 1097 epoch 1 loss 0.0900 step_s 0.0015 peak_mem_gb 0.099
2026-10-01 22:36:06,146 | DEBUG | step 1098 epoch 1 loss 0.3042 step_s 0.0014 peak_mem_gb 0.099
2026-10-01 22:36:06,148 | DEBUG | step 1099 epoch 1 loss 0.1571 step_s 0.0014 peak_mem_gb 0.099
2026-10-01 22:36:06,150 | DEBUG | step 1100 epoch 1 loss 0.2120 step_s 0.0015 peak_mem_gb 0.099
2026-10-01 22:36:06,153 | DEBUG | step 1101 epoch 1 loss 0.1010 step_s 0.0016 peak_mem_gb 0.099
2026-10-01 22:36:06,155 | DEBUG | step 1102 epoch 1 loss 0.2642 step_s 0.0014 peak_mem_gb 0.099
2026-10-01 22:36:06,157 | DEBUG | step 1103 epoch 1 loss 0.2066 step_s 0.0014 peak_mem_gb 0.099
2026-10-01 22:36:06,159 | DEBUG | step 1104 epoch 1 loss 0.2525 step_s 0.0014 peak_mem_gb 0.099
2026-10-01 22:36:06,161 | DEBUG | step 1105 epoch 1 loss 0.4676 step_s 0.0015 peak_mem_gb 0.099
2026-10-01 22:36:06,163 | DEBUG | step 1106 epoch 1 loss 0.2668 step_s 0.0014 peak_mem_gb 0.099
2026-10-01 22:36:06,166 | DEBUG | step 1107 epoch 1 loss 0.2827 step_s 0.0015 peak_mem_gb 0.099
2026-10-01 22:36:06,168 | DEBUG | step 1108 epoch 1 loss 0.2278 step_s 0.0014 peak_mem_gb 0.099
2026-10-01 22:36:06,170 | DEBUG | step 1109 epoch 1 loss 0.2424 step_s 0.0015 peak_mem_gb 0.099
2026-10-01 22:36:06,172 | DEBUG | step 1110 epoch 1 loss 0.1404 step_s 0.0014 peak_mem_gb 0.099
2026-10-01 22:36:06,174 | DEBUG | step 1111 epoch 1 loss 0.1342 step_s 0.0014 peak_mem_gb 0.099
2026-10-01 22:36:06,176 | DEBUG | step 1112 epoch 1 loss 0.1919 step_s 0.0014 peak_mem_gb 0.099
2026-10-01 22:36:06,178 | DEBUG | step 1113 epoch 1 loss 0.2184 step_s 0.0015 peak_mem_gb 0.099
2026-10-01 22:36:06,180 | DEBUG | step 1114 epoch 1 loss 0.1972 step_s 0.0014 peak_mem_gb 0.099
2026-10-01 22:36:06,183 | DEBUG | step 1115 epoch 1 loss 0.4707 step_s 0.0015 peak_mem_gb 0.099
2026-10-01 22:36:06,185 | DEBUG | step 1116 epoch 1 loss 0.1625 step_s 0.0015 peak_mem_gb 0.099
2026-10-01 22:36:06,187 | DEBUG | step 1117 epoch 1 loss 0.2975 step_s 0.0014 peak_mem_gb 0.099
2026-10-01 22:36:06,189 | DEBUG | step 1118 epoch 1 loss 0.1608 step_s 0.0014 peak_mem_gb 0.099
2026-10-01 22:36:06,191 | DEBUG | step 1119 epoch 1 loss 0.2697 step_s 0.0014 peak_mem_gb 0.099
2026-10-01 22:36:06,193 | DEBUG | step 1120 epoch 1 loss 0.1749 step_s 0.0015 peak_mem_gb 0.099
2026-10-01 22:36:06,195 | DEBUG | step 1121 epoch 1 loss 0.2408 step_s 0.0015 peak_mem_gb 0.099
2026-10-01 22:36:06,198 | DEBUG | step 1122 epoch 1 loss 0.1384 step_s 0.0015 peak_mem_gb 0.099
2026-10-01 22:36:06,200 | DEBUG | step 1123 epoch 1 loss 0.1933 step_s 0.0014 peak_mem_gb 0.099
2026-10-01 22:36:06,202 | DEBUG | step 1124 epoch 1 loss 0.3137 step_s 0.0014 peak_mem_gb 0.099
2026-10-01 22:36:06,204 | DEBUG | step 1125 epoch 1 loss 0.2537 step_s 0.0014 peak_mem_gb 0.099
2026-10-01 22:36:06,206 | DEBUG | step 1126 epoch 1 loss 0.3144 step_s 0.0014 peak_mem_gb 0.099
2026-10-01 22:36:06,208 | DEBUG | step 1127 epoch 1 loss 0.3007 step_s 0.0014 peak_mem_gb 0.099
2026-10-01 22:36:06,210 | DEBUG | step 1128 epoch 1 loss 0.2552 step_s 0.0014 peak_mem_gb 0.099
2026-10-01 22:36:06,213 | DEBUG | step 1129 epoch 1 loss 0.2647 step_s 0.0015 peak_mem_gb 0.099
2026-10-01 22:36:06,215 | DEBUG | step 1130 epoch 1 loss 0.2306 step_s 0.0015 peak_mem_gb 0.099
2026-10-01 22:36:06,217 | DEBUG | step 1131 epoch 1 loss 0.2463 step_s 0.0015 peak_mem_gb 0.099
2026-10-01 22:36:06,219 | DEBUG | step 1132 epoch 1 loss 0.1497 step_s 0.0014 peak_mem_gb 0.099
2026-10-01 22:36:06,221 | DEBUG | step 1133 epoch 1 loss 0.3403 step_s 0.0015 peak_mem_gb 0.099
2026-10-01 22:36:06,223 | DEBUG | step 1134 epoch 1 loss 0.1742 step_s 0.0014 peak_mem_gb 0.099
2026-10-01 22:36:06,226 | DEBUG | step 1135 epoch 1 loss 0.1902 step_s 0.0014 peak_mem_gb 0.099
2026-10-01 22:36:06,228 | DEBUG | step 1136 epoch 1 loss 0.3054 step_s 0.0014 peak_mem_gb 0.099
2026-10-01 22:36:06,230 | DEBUG | step 1137 epoch 1 loss 0.2829 step_s 0.0015 peak_mem_gb 0.099
2026-10-01 22:36:06,232 | DEBUG | step 1138 epoch 1 loss 0.1844 step_s 0.0015 peak_mem_gb 0.099
2026-10-01 22:36:06,234 | DEBUG | step 1139 epoch 1 loss 0.1857 step_s 0.0014 peak_mem_gb 0.099
2026-10-01 22:36:06,236 | DEBUG | step 1140 epoch 1 loss 0.1976 step_s 0.0014 peak_mem_gb 0.099
2026-10-01 22:36:06,238 | DEBUG | step 1141 epoch 1 loss 0.2596 step_s 0.0014 peak_mem_gb 0.099
2026-10-01 22:36:06,240 | DEBUG | step 1142 epoch 1 loss 0.1701 step_s 0.0014 peak_mem_gb 0.099
2026-10-01 22:36:06,243 | DEBUG | step 1143 epoch 1 loss 0.2484 step_s 0.0014 peak_mem_gb 0.099
2026-10-01 22:36:06,245 | DEBUG | step 1144 epoch 1 loss 0.1704 step_s 0.0015 peak_mem_gb 0.099
2026-10-01 22:36:06,247 | DEBUG | step 1145 epoch 1 loss 0.3505 step_s 0.0015 peak_mem_gb 0.099
2026-10-01 22:36:06,249 | DEBUG | step 1146 epoch 1 loss 0.2153 step_s 0.0015 peak_mem_gb 0.099
2026-10-01 22:36:06,251 | DEBUG | step 1147 epoch 1 loss 0.1527 step_s 0.0014 peak_mem_gb 0.099
2026-10-01 22:36:06,253 | DEBUG | step 1148 epoch 1 loss 0.3405 step_s 0.0014 peak_mem_gb 0.099
2026-10-01 22:36:06,256 | DEBUG | step 1149 epoch 1 loss 0.2529 step_s 0.0014 peak_mem_gb 0.099
2026-10-01 22:36:06,258 | DEBUG | step 1150 epoch 1 loss 0.1826 step_s 0.0014 peak_mem_gb 0.099
2026-10-01 22:36:06,260 | DEBUG | step 1151 epoch 1 loss 0.3598 step_s 0.0014 peak_mem_gb 0.099
2026-10-01 22:36:06,262 | DEBUG | step 1152 epoch 1 loss 0.1235 step_s 0.0014 peak_mem_gb 0.099
2026-10-01 22:36:06,264 | DEBUG | step 1153 epoch 1 loss 0.2689 step_s 0.0015 peak_mem_gb 0.099
2026-10-01 22:36:06,266 | DEBUG | step 1154 epoch 1 loss 0.2804 step_s 0.0014 peak_mem_gb 0.099
2026-10-01 22:36:06,268 | DEBUG | step 1155 epoch 1 loss 0.2568 step_s 0.0014 peak_mem_gb 0.099
2026-10-01 22:36:06,271 | DEBUG | step 1156 epoch 1 loss 0.1834 step_s 0.0014 peak_mem_gb 0.099
2026-10-01 22:36:06,273 | DEBUG | step 1157 epoch 1 loss 0.2239 step_s 0.0014 peak_mem_gb 0.099
2026-10-01 22:36:06,276 | DEBUG | step 1158 epoch 1 loss 0.2220 step_s 0.0014 peak_mem_gb 0.099
2026-10-01 22:36:06,278 | DEBUG | step 1159 epoch 1 loss 0.2793 step_s 0.0015 peak_mem_gb 0.099
2026-10-01 22:36:06,280 | DEBUG | step 1160 epoch 1 loss 0.3130 step_s 0.0014 peak_mem_gb 0.099
2026-10-01 22:36:06,282 | DEBUG | step 1161 epoch 1 loss 0.2349 step_s 0.0014 peak_mem_gb 0.099
2026-10-01 22:36:06,284 | DEBUG | step 1162 epoch 1 loss 0.1880 step_s 0.0014 peak_mem_gb 0.099
2026-10-01 22:36:06,286 | DEBUG | step 1163 epoch 1 loss 0.2350 step_s 0.0014 peak_mem_gb 0.099
2026-10-01 22:36:06,289 | DEBUG | step 1164 epoch 1 loss 0.2501 step_s 0.0019 peak_mem_gb 0.099
2026-10-01 22:36:06,291 | DEBUG | step 1165 epoch 1 loss 0.2644 step_s 0.0014 peak_mem_gb 0.099
2026-10-01 22:36:06,294 | DEBUG | step 1166 epoch 1 loss 0.2442 step_s 0.0015 peak_mem_gb 0.099
2026-10-01 22:36:06,296 | DEBUG | step 1167 epoch 1 loss 0.3242 step_s 0.0014 peak_mem_gb 0.099
2026-10-01 22:36:06,298 | DEBUG | step 1168 epoch 1 loss 0.2469 step_s 0.0014 peak_mem_gb 0.099
2026-10-01 22:36:06,300 | DEBUG | step 1169 epoch 1 loss 0.2391 step_s 0.0015 peak_mem_gb 0.099
2026-10-01 22:36:06,302 | DEBUG | step 1170 epoch 1 loss 0.1479 step_s 0.0014 peak_mem_gb 0.099
2026-10-01 22:36:06,304 | DEBUG | step 1171 epoch 1 loss 0.2360 step_s 0.0014 peak_mem_gb 0.099
2026-10-01 22:36:06,306 | DEBUG | step 1172 epoch 1 loss 0.2285 step_s 0.0014 peak_mem_gb 0.099
2026-10-01 22:36:06,309 | DEBUG | step 1173 epoch 1 loss 0.1367 step_s 0.0016 peak_mem_gb 0.099
2026-10-01 22:36:06,311 | DEBUG | step 1174 epoch 1 loss 0.2537 step_s 0.0014 peak_mem_gb 0.099
2026-10-01 22:36:06,313 | DEBUG | step 1175 epoch 1 loss 0.2014 step_s 0.0015 peak_mem_gb 0.099
2026-10-01 22:36:06,315 | DEBUG | step 1176 epoch 1 loss 0.2600 step_s 0.0014 peak_mem_gb 0.099
2026-10-01 22:36:06,317 | DEBUG | step 1177 epoch 1 loss 0.1254 step_s 0.0015 peak_mem_gb 0.099
2026-10-01 22:36:06,319 | DEBUG | step 1178 epoch 1 loss 0.2144 step_s 0.0015 peak_mem_gb 0.099
2026-10-01 22:36:06,322 | DEBUG | step 1179 epoch 1 loss 0.2634 step_s 0.0014 peak_mem_gb 0.099
2026-10-01 22:36:06,324 | DEBUG | step 1180 epoch 1 loss 0.2877 step_s 0.0015 peak_mem_gb 0.099
2026-10-01 22:36:06,326 | DEBUG | step 1181 epoch 1 loss 0.2693 step_s 0.0014 peak_mem_gb 0.099
2026-10-01 22:36:06,328 | DEBUG | step 1182 epoch 1 loss 0.1483 step_s 0.0014 peak_mem_gb 0.099
2026-10-01 22:36:06,330 | DEBUG | step 1183 epoch 1 loss 0.1586 step_s 0.0014 peak_mem_gb 0.099
2026-10-01 22:36:06,333 | DEBUG | step 1184 epoch 1 loss 0.2046 step_s 0.0014 peak_mem_gb 0.099
2026-10-01 22:36:06,335 | DEBUG | step 1185 epoch 1 loss 0.2693 step_s 0.0014 peak_mem_gb 0.099
2026-10-01 22:36:06,337 | DEBUG | step 1186 epoch 1 loss 0.2307 step_s 0.0014 peak_mem_gb 0.099
2026-10-01 22:36:06,339 | DEBUG | step 1187 epoch 1 loss 0.2268 step_s 0.0014 peak_mem_gb 0.099
2026-10-01 22:36:06,341 | DEBUG | step 1188 epoch 1 loss 0.2660 step_s 0.0015 peak_mem_gb 0.099
2026-10-01 22:36:06,343 | DEBUG | step 1189 epoch 1 loss 0.1977 step_s 0.0014 peak_mem_gb 0.099
2026-10-01 22:36:06,345 | DEBUG | step 1190 epoch 1 loss 0.2480 step_s 0.0015 peak_mem_gb 0.099
2026-10-01 22:36:06,348 | DEBUG | step 1191 epoch 1 loss 0.2863 step_s 0.0014 peak_mem_gb 0.099
2026-10-01 22:36:06,350 | DEBUG | step 1192 epoch 1 loss 0.1924 step_s 0.0014 peak_mem_gb 0.099
2026-10-01 22:36:06,352 | DEBUG | step 1193 epoch 1 loss 0.2501 step_s 0.0014 peak_mem_gb 0.099
2026-10-01 22:36:06,354 | DEBUG | step 1194 epoch 1 loss 0.3093 step_s 0.0015 peak_mem_gb 0.099
2026-10-01 22:36:06,356 | DEBUG | step 1195 epoch 1 loss 0.3794 step_s 0.0016 peak_mem_gb 0.099
2026-10-01 22:36:06,358 | DEBUG | step 1196 epoch 1 loss 0.1909 step_s 0.0014 peak_mem_gb 0.099
2026-10-01 22:36:06,360 | DEBUG | step 1197 epoch 1 loss 0.2668 step_s 0.0015 peak_mem_gb 0.099
2026-10-01 22:36:06,362 | DEBUG | step 1198 epoch 1 loss 0.2749 step_s 0.0014 peak_mem_gb 0.099
2026-10-01 22:36:06,365 | DEBUG | step 1199 epoch 1 loss 0.2718 step_s 0.0015 peak_mem_gb 0.099
2026-10-01 22:36:06,367 | INFO | step 1200 epoch 1 loss 0.1993 step_s 0.0014 peak_mem_gb 0.099
2026-10-01 22:36:06,370 | DEBUG | step 1201 epoch 1 loss 0.3475 step_s 0.0016 peak_mem_gb 0.099
2026-10-01 22:36:06,372 | DEBUG | step 1202 epoch 1 loss 0.1527 step_s 0.0018 peak_mem_gb 0.099
2026-10-01 22:36:06,375 | DEBUG | step 1203 epoch 1 loss 0.2418 step_s 0.0018 peak_mem_gb 0.099
2026-10-01 22:36:06,378 | DEBUG | step 1204 epoch 1 loss 0.3231 step_s 0.0016 peak_mem_gb 0.099
2026-10-01 22:36:06,380 | DEBUG | step 1205 epoch 1 loss 0.2247 step_s 0.0015 peak_mem_gb 0.099
2026-10-01 22:36:06,382 | DEBUG | step 1206 epoch 1 loss 0.2952 step_s 0.0014 peak_mem_gb 0.099
2026-10-01 22:36:06,384 | DEBUG | step 1207 epoch 1 loss 0.3081 step_s 0.0015 peak_mem_gb 0.099
2026-10-01 22:36:06,386 | DEBUG | step 1208 epoch 1 loss 0.3029 step_s 0.0015 peak_mem_gb 0.099
2026-10-01 22:36:06,389 | DEBUG | step 1209 epoch 1 loss 0.2786 step_s 0.0017 peak_mem_gb 0.099
2026-10-01 22:36:06,391 | DEBUG | step 1210 epoch 1 loss 0.2668 step_s 0.0014 peak_mem_gb 0.099
2026-10-01 22:36:06,393 | DEBUG | step 1211 epoch 1 loss 0.1198 step_s 0.0015 peak_mem_gb 0.099
2026-10-01 22:36:06,395 | DEBUG | step 1212 epoch 1 loss 0.2526 step_s 0.0015 peak_mem_gb 0.099
2026-10-01 22:36:06,398 | DEBUG | step 1213 epoch 1 loss 0.2051 step_s 0.0015 peak_mem_gb 0.099
2026-10-01 22:36:06,400 | DEBUG | step 1214 epoch 1 loss 0.2372 step_s 0.0015 peak_mem_gb 0.099
2026-10-01 22:36:06,402 | DEBUG | step 1215 epoch 1 loss 0.3857 step_s 0.0014 peak_mem_gb 0.099
2026-10-01 22:36:06,404 | DEBUG | step 1216 epoch 1 loss 0.1243 step_s 0.0017 peak_mem_gb 0.099
2026-10-01 22:36:06,407 | DEBUG | step 1217 epoch 1 loss 0.1506 step_s 0.0015 peak_mem_gb 0.099
2026-10-01 22:36:06,409 | DEBUG | step 1218 epoch 1 loss 0.2695 step_s 0.0015 peak_mem_gb 0.099
2026-10-01 22:36:06,411 | DEBUG | step 1219 epoch 1 loss 0.2362 step_s 0.0014 peak_mem_gb 0.099
2026-10-01 22:36:06,413 | DEBUG | step 1220 epoch 1 loss 0.2309 step_s 0.0015 peak_mem_gb 0.099
2026-10-01 22:36:06,415 | DEBUG | step 1221 epoch 1 loss 0.2344 step_s 0.0014 peak_mem_gb 0.099
2026-10-01 22:36:06,417 | DEBUG | step 1222 epoch 1 loss 0.2408 step_s 0.0015 peak_mem_gb 0.099
2026-10-01 22:36:06,420 | DEBUG | step 1223 epoch 1 loss 0.1482 step_s 0.0015 peak_mem_gb 0.099
2026-10-01 22:36:06,422 | DEBUG | step 1224 epoch 1 loss 0.2065 step_s 0.0014 peak_mem_gb 0.099
2026-10-01 22:36:06,424 | DEBUG | step 1225 epoch 1 loss 0.3016 step_s 0.0014 peak_mem_gb 0.099
2026-10-01 22:36:06,426 | DEBUG | step 1226 epoch 1 loss 0.2819 step_s 0.0014 peak_mem_gb 0.099
2026-10-01 22:36:06,428 | DEBUG | step 1227 epoch 1 loss 0.1178 step_s 0.0014 peak_mem_gb 0.099
2026-10-01 22:36:06,430 | DEBUG | step 1228 epoch 1 loss 0.2284 step_s 0.0014 peak_mem_gb 0.099
2026-10-01 22:36:06,432 | DEBUG | step 1229 epoch 1 loss 0.2740 step_s 0.0014 peak_mem_gb 0.099
2026-10-01 22:36:06,434 | DEBUG | step 1230 epoch 1 loss 0.1574 step_s 0.0014 peak_mem_gb 0.099
2026-10-01 22:36:06,437 | DEBUG | step 1231 epoch 1 loss 0.1538 step_s 0.0015 peak_mem_gb 0.099
2026-10-01 22:36:06,439 | DEBUG | step 1232 epoch 1 loss 0.1529 step_s 0.0015 peak_mem_gb 0.099
2026-10-01 22:36:06,441 | DEBUG | step 1233 epoch 1 loss 0.3404 step_s 0.0016 peak_mem_gb 0.099
2026-10-01 22:36:06,443 | DEBUG | step 1234 epoch 1 loss 0.2232 step_s 0.0014 peak_mem_gb 0.099
2026-10-01 22:36:06,445 | DEBUG | step 1235 epoch 1 loss 0.2595 step_s 0.0015 peak_mem_gb 0.099
2026-10-01 22:36:06,447 | DEBUG | step 1236 epoch 1 loss 0.2735 step_s 0.0014 peak_mem_gb 0.099
2026-10-01 22:36:06,450 | DEBUG | step 1237 epoch 1 loss 0.1655 step_s 0.0014 peak_mem_gb 0.099
2026-10-01 22:36:06,452 | DEBUG | step 1238 epoch 1 loss 0.3372 step_s 0.0014 peak_mem_gb 0.099
2026-10-01 22:36:06,454 | DEBUG | step 1239 epoch 1 loss 0.2213 step_s 0.0014 peak_mem_gb 0.099
2026-10-01 22:36:06,456 | DEBUG | step 1240 epoch 1 loss 0.2115 step_s 0.0015 peak_mem_gb 0.099
2026-10-01 22:36:06,458 | DEBUG | step 1241 epoch 1 loss 0.2017 step_s 0.0014 peak_mem_gb 0.099
2026-10-01 22:36:06,461 | DEBUG | step 1242 epoch 1 loss 0.2200 step_s 0.0014 peak_mem_gb 0.099
2026-10-01 22:36:06,463 | DEBUG | step 1243 epoch 1 loss 0.1380 step_s 0.0014 peak_mem_gb 0.099
2026-10-01 22:36:06,465 | DEBUG | step 1244 epoch 1 loss 0.1694 step_s 0.0015 peak_mem_gb 0.099
2026-10-01 22:36:06,467 | DEBUG | step 1245 epoch 1 loss 0.1431 step_s 0.0014 peak_mem_gb 0.099
2026-10-01 22:36:06,469 | DEBUG | step 1246 epoch 1 loss 0.3167 step_s 0.0015 peak_mem_gb 0.099
2026-10-01 22:36:06,471 | DEBUG | step 1247 epoch 1 loss 0.1819 step_s 0.0014 peak_mem_gb 0.099
2026-10-01 22:36:06,474 | DEBUG | step 1248 epoch 1 loss 0.1949 step_s 0.0014 peak_mem_gb 0.099
2026-10-01 22:36:06,476 | DEBUG | step 1249 epoch 1 loss 0.2421 step_s 0.0014 peak_mem_gb 0.099
2026-10-01 22:36:06,478 | DEBUG | step 1250 epoch 1 loss 0.3661 step_s 0.0014 peak_mem_gb 0.099
2026-10-01 22:36:06,480 | DEBUG | step 1251 epoch 1 loss 0.1247 step_s 0.0014 peak_mem_gb 0.099
2026-10-01 22:36:06,482 | DEBUG | step 1252 epoch 1 loss 0.1584 step_s 0.0014 peak_mem_gb 0.099
2026-10-01 22:36:06,484 | DEBUG | step 1253 epoch 1 loss 0.3156 step_s 0.0016 peak_mem_gb 0.099
2026-10-01 22:36:06,486 | DEBUG | step 1254 epoch 1 loss 0.1764 step_s 0.0014 peak_mem_gb 0.099
2026-10-01 22:36:06,488 | DEBUG | step 1255 epoch 1 loss 0.3591 step_s 0.0014 peak_mem_gb 0.099
2026-10-01 22:36:06,491 | DEBUG | step 1256 epoch 1 loss 0.2810 step_s 0.0014 peak_mem_gb 0.099
2026-10-01 22:36:06,493 | DEBUG | step 1257 epoch 1 loss 0.1506 step_s 0.0015 peak_mem_gb 0.099
2026-10-01 22:36:06,495 | DEBUG | step 1258 epoch 1 loss 0.1963 step_s 0.0014 peak_mem_gb 0.099
2026-10-01 22:36:06,497 | DEBUG | step 1259 epoch 1 loss 0.1115 step_s 0.0015 peak_mem_gb 0.099
2026-10-01 22:36:06,499 | DEBUG | step 1260 epoch 1 loss 0.2746 step_s 0.0015 peak_mem_gb 0.099
2026-10-01 22:36:06,501 | DEBUG | step 1261 epoch 1 loss 0.1960 step_s 0.0014 peak_mem_gb 0.099
2026-10-01 22:36:06,504 | DEBUG | step 1262 epoch 1 loss 0.2083 step_s 0.0014 peak_mem_gb 0.099
2026-10-01 22:36:06,506 | DEBUG | step 1263 epoch 1 loss 0.1617 step_s 0.0014 peak_mem_gb 0.099
2026-10-01 22:36:06,508 | DEBUG | step 1264 epoch 1 loss 0.1838 step_s 0.0014 peak_mem_gb 0.099
2026-10-01 22:36:06,510 | DEBUG | step 1265 epoch 1 loss 0.1186 step_s 0.0014 peak_mem_gb 0.099
2026-10-01 22:36:06,512 | DEBUG | step 1266 epoch 1 loss 0.2207 step_s 0.0014 peak_mem_gb 0.099
2026-10-01 22:36:06,514 | DEBUG | step 1267 epoch 1 loss 0.2504 step_s 0.0014 peak_mem_gb 0.099
2026-10-01 22:36:06,517 | DEBUG | step 1268 epoch 1 loss 0.1575 step_s 0.0015 peak_mem_gb 0.099
2026-10-01 22:36:06,519 | DEBUG | step 1269 epoch 1 loss 0.2958 step_s 0.0014 peak_mem_gb 0.099
2026-10-01 22:36:06,521 | DEBUG | step 1270 epoch 1 loss 0.2573 step_s 0.0015 peak_mem_gb 0.099
2026-10-01 22:36:06,523 | DEBUG | step 1271 epoch 1 loss 0.2857 step_s 0.0015 peak_mem_gb 0.099
2026-10-01 22:36:06,525 | DEBUG | step 1272 epoch 1 loss 0.3037 step_s 0.0014 peak_mem_gb 0.099
2026-10-01 22:36:06,527 | DEBUG | step 1273 epoch 1 loss 0.1885 step_s 0.0014 peak_mem_gb 0.099
2026-10-01 22:36:06,529 | DEBUG | step 1274 epoch 1 loss 0.2039 step_s 0.0015 peak_mem_gb 0.099
2026-10-01 22:36:06,532 | DEBUG | step 1275 epoch 1 loss 0.2485 step_s 0.0015 peak_mem_gb 0.099
2026-10-01 22:36:06,534 | DEBUG | step 1276 epoch 1 loss 0.1722 step_s 0.0014 peak_mem_gb 0.099
2026-10-01 22:36:06,536 | DEBUG | step 1277 epoch 1 loss 0.2571 step_s 0.0014 peak_mem_gb 0.099
2026-10-01 22:36:06,538 | DEBUG | step 1278 epoch 1 loss 0.1838 step_s 0.0014 peak_mem_gb 0.099
2026-10-01 22:36:06,540 | DEBUG | step 1279 epoch 1 loss 0.2681 step_s 0.0014 peak_mem_gb 0.099
2026-10-01 22:36:06,542 | DEBUG | step 1280 epoch 1 loss 0.1959 step_s 0.0014 peak_mem_gb 0.099
2026-10-01 22:36:06,544 | DEBUG | step 1281 epoch 1 loss 0.2225 step_s 0.0015 peak_mem_gb 0.099
2026-10-01 22:36:06,546 | DEBUG | step 1282 epoch 1 loss 0.2350 step_s 0.0014 peak_mem_gb 0.099
2026-10-01 22:36:06,549 | DEBUG | step 1283 epoch 1 loss 0.2561 step_s 0.0014 peak_mem_gb 0.099
2026-10-01 22:36:06,551 | DEBUG | step 1284 epoch 1 loss 0.1554 step_s 0.0014 peak_mem_gb 0.099
2026-10-01 22:36:06,553 | DEBUG | step 1285 epoch 1 loss 0.2199 step_s 0.0015 peak_mem_gb 0.099
2026-10-01 22:36:06,555 | DEBUG | step 1286 epoch 1 loss 0.2009 step_s 0.0014 peak_mem_gb 0.099
2026-10-01 22:36:06,557 | DEBUG | step 1287 epoch 1 loss 0.2273 step_s 0.0016 peak_mem_gb 0.099
2026-10-01 22:36:06,559 | DEBUG | step 1288 epoch 1 loss 0.3215 step_s 0.0014 peak_mem_gb 0.099
2026-10-01 22:36:06,562 | DEBUG | step 1289 epoch 1 loss 0.2447 step_s 0.0014 peak_mem_gb 0.099
2026-10-01 22:36:06,564 | DEBUG | step 1290 epoch 1 loss 0.3766 step_s 0.0015 peak_mem_gb 0.099
2026-10-01 22:36:06,566 | DEBUG | step 1291 epoch 1 loss 0.1528 step_s 0.0015 peak_mem_gb 0.099
2026-10-01 22:36:06,568 | DEBUG | step 1292 epoch 1 loss 0.3884 step_s 0.0014 peak_mem_gb 0.099
2026-10-01 22:36:06,570 | DEBUG | step 1293 epoch 1 loss 0.1235 step_s 0.0014 peak_mem_gb 0.099
2026-10-01 22:36:06,572 | DEBUG | step 1294 epoch 1 loss 0.1254 step_s 0.0014 peak_mem_gb 0.099
2026-10-01 22:36:06,574 | DEBUG | step 1295 epoch 1 loss 0.4160 step_s 0.0014 peak_mem_gb 0.099
2026-10-01 22:36:06,577 | DEBUG | step 1296 epoch 1 loss 0.2456 step_s 0.0015 peak_mem_gb 0.099
2026-10-01 22:36:06,579 | DEBUG | step 1297 epoch 1 loss 0.2122 step_s 0.0014 peak_mem_gb 0.099
2026-10-01 22:36:06,581 | DEBUG | step 1298 epoch 1 loss 0.2720 step_s 0.0015 peak_mem_gb 0.099
2026-10-01 22:36:06,583 | DEBUG | step 1299 epoch 1 loss 0.2714 step_s 0.0014 peak_mem_gb 0.099
2026-10-01 22:36:06,585 | DEBUG | step 1300 epoch 1 loss 0.1571 step_s 0.0015 peak_mem_gb 0.099
2026-10-01 22:36:06,587 | DEBUG | step 1301 epoch 1 loss 0.1637 step_s 0.0014 peak_mem_gb 0.099
2026-10-01 22:36:06,589 | DEBUG | step 1302 epoch 1 loss 0.2430 step_s 0.0015 peak_mem_gb 0.099
2026-10-01 22:36:06,592 | DEBUG | step 1303 epoch 1 loss 0.2704 step_s 0.0014 peak_mem_gb 0.099
2026-10-01 22:36:06,594 | DEBUG | step 1304 epoch 1 loss 0.3093 step_s 0.0014 peak_mem_gb 0.099
2026-10-01 22:36:06,596 | DEBUG | step 1305 epoch 1 loss 0.3032 step_s 0.0015 peak_mem_gb 0.099
2026-10-01 22:36:06,599 | DEBUG | step 1306 epoch 1 loss 0.2206 step_s 0.0017 peak_mem_gb 0.099
2026-10-01 22:36:06,601 | DEBUG | step 1307 epoch 1 loss 0.2008 step_s 0.0016 peak_mem_gb 0.099
2026-10-01 22:36:06,603 | DEBUG | step 1308 epoch 1 loss 0.1968 step_s 0.0015 peak_mem_gb 0.099
2026-10-01 22:36:06,606 | DEBUG | step 1309 epoch 1 loss 0.1983 step_s 0.0016 peak_mem_gb 0.099
2026-10-01 22:36:06,608 | DEBUG | step 1310 epoch 1 loss 0.2298 step_s 0.0015 peak_mem_gb 0.099
2026-10-01 22:36:06,610 | DEBUG | step 1311 epoch 1 loss 0.2093 step_s 0.0016 peak_mem_gb 0.099
2026-10-01 22:36:06,613 | DEBUG | step 1312 epoch 1 loss 0.3003 step_s 0.0017 peak_mem_gb 0.099
2026-10-01 22:36:06,615 | DEBUG | step 1313 epoch 1 loss 0.2649 step_s 0.0017 peak_mem_gb 0.099
2026-10-01 22:36:06,617 | DEBUG | step 1314 epoch 1 loss 0.3881 step_s 0.0015 peak_mem_gb 0.099
2026-10-01 22:36:06,620 | DEBUG | step 1315 epoch 1 loss 0.2533 step_s 0.0014 peak_mem_gb 0.099
2026-10-01 22:36:06,622 | DEBUG | step 1316 epoch 1 loss 0.2688 step_s 0.0014 peak_mem_gb 0.099
2026-10-01 22:36:06,624 | DEBUG | step 1317 epoch 1 loss 0.1880 step_s 0.0014 peak_mem_gb 0.099
2026-10-01 22:36:06,626 | DEBUG | step 1318 epoch 1 loss 0.3080 step_s 0.0015 peak_mem_gb 0.099
2026-10-01 22:36:06,628 | DEBUG | step 1319 epoch 1 loss 0.3131 step_s 0.0015 peak_mem_gb 0.099
2026-10-01 22:36:06,631 | DEBUG | step 1320 epoch 1 loss 0.2552 step_s 0.0015 peak_mem_gb 0.099
2026-10-01 22:36:06,633 | DEBUG | step 1321 epoch 1 loss 0.1824 step_s 0.0015 peak_mem_gb 0.099
2026-10-01 22:36:06,635 | DEBUG | step 1322 epoch 1 loss 0.2111 step_s 0.0014 peak_mem_gb 0.099
2026-10-01 22:36:06,637 | DEBUG | step 1323 epoch 1 loss 0.2630 step_s 0.0015 peak_mem_gb 0.099
2026-10-01 22:36:06,639 | DEBUG | step 1324 epoch 1 loss 0.2479 step_s 0.0014 peak_mem_gb 0.099
2026-10-01 22:36:06,642 | DEBUG | step 1325 epoch 1 loss 0.2432 step_s 0.0014 peak_mem_gb 0.099
2026-10-01 22:36:06,644 | DEBUG | step 1326 epoch 1 loss 0.1302 step_s 0.0014 peak_mem_gb 0.099
2026-10-01 22:36:06,646 | DEBUG | step 1327 epoch 1 loss 0.2397 step_s 0.0014 peak_mem_gb 0.099
2026-10-01 22:36:06,648 | DEBUG | step 1328 epoch 1 loss 0.1907 step_s 0.0014 peak_mem_gb 0.099
2026-10-01 22:36:06,650 | DEBUG | step 1329 epoch 1 loss 0.1494 step_s 0.0014 peak_mem_gb 0.099
2026-10-01 22:36:06,653 | DEBUG | step 1330 epoch 1 loss 0.2426 step_s 0.0019 peak_mem_gb 0.099
2026-10-01 22:36:06,655 | DEBUG | step 1331 epoch 1 loss 0.2336 step_s 0.0016 peak_mem_gb 0.099
2026-10-01 22:36:06,657 | DEBUG | step 1332 epoch 1 loss 0.2185 step_s 0.0014 peak_mem_gb 0.099
2026-10-01 22:36:06,659 | DEBUG | step 1333 epoch 1 loss 0.2716 step_s 0.0014 peak_mem_gb 0.099
2026-10-01 22:36:06,661 | DEBUG | step 1334 epoch 1 loss 0.1787 step_s 0.0015 peak_mem_gb 0.099
2026-10-01 22:36:06,663 | DEBUG | step 1335 epoch 1 loss 0.3063 step_s 0.0014 peak_mem_gb 0.099
2026-10-01 22:36:06,666 | DEBUG | step 1336 epoch 1 loss 0.2828 step_s 0.0014 peak_mem_gb 0.099
2026-10-01 22:36:06,668 | DEBUG | step 1337 epoch 1 loss 0.3470 step_s 0.0014 peak_mem_gb 0.099
2026-10-01 22:36:06,670 | DEBUG | step 1338 epoch 1 loss 0.2049 step_s 0.0015 peak_mem_gb 0.099
2026-10-01 22:36:06,672 | DEBUG | step 1339 epoch 1 loss 0.5111 step_s 0.0015 peak_mem_gb 0.099
2026-10-01 22:36:06,674 | DEBUG | step 1340 epoch 1 loss 0.2080 step_s 0.0015 peak_mem_gb 0.099
2026-10-01 22:36:06,676 | DEBUG | step 1341 epoch 1 loss 0.1715 step_s 0.0014 peak_mem_gb 0.099
2026-10-01 22:36:06,679 | DEBUG | step 1342 epoch 1 loss 0.1584 step_s 0.0014 peak_mem_gb 0.099
2026-10-01 22:36:06,681 | DEBUG | step 1343 epoch 1 loss 0.1643 step_s 0.0015 peak_mem_gb 0.099
2026-10-01 22:36:06,683 | DEBUG | step 1344 epoch 1 loss 0.1354 step_s 0.0015 peak_mem_gb 0.099
2026-10-01 22:36:06,685 | DEBUG | step 1345 epoch 1 loss 0.1919 step_s 0.0015 peak_mem_gb 0.099
2026-10-01 22:36:06,687 | DEBUG | step 1346 epoch 1 loss 0.2850 step_s 0.0014 peak_mem_gb 0.099
2026-10-01 22:36:06,689 | DEBUG | step 1347 epoch 1 loss 0.1885 step_s 0.0014 peak_mem_gb 0.099
2026-10-01 22:36:06,692 | DEBUG | step 1348 epoch 1 loss 0.3124 step_s 0.0014 peak_mem_gb 0.099
2026-10-01 22:36:06,694 | DEBUG | step 1349 epoch 1 loss 0.1580 step_s 0.0014 peak_mem_gb 0.099
2026-10-01 22:36:06,696 | DEBUG | step 1350 epoch 1 loss 0.2499 step_s 0.0015 peak_mem_gb 0.099
2026-10-01 22:36:06,698 | DEBUG | step 1351 epoch 1 loss 0.2618 step_s 0.0014 peak_mem_gb 0.099
2026-10-01 22:36:06,700 | DEBUG | step 1352 epoch 1 loss 0.4692 step_s 0.0014 peak_mem_gb 0.099
2026-10-01 22:36:06,702 | DEBUG | step 1353 epoch 1 loss 0.2669 step_s 0.0014 peak_mem_gb 0.099
2026-10-01 22:36:06,704 | DEBUG | step 1354 epoch 1 loss 0.2165 step_s 0.0014 peak_mem_gb 0.099
2026-10-01 22:36:06,706 | DEBUG | step 1355 epoch 1 loss 0.1338 step_s 0.0014 peak_mem_gb 0.099
2026-10-01 22:36:06,709 | DEBUG | step 1356 epoch 1 loss 0.2299 step_s 0.0015 peak_mem_gb 0.099
2026-10-01 22:36:06,711 | DEBUG | step 1357 epoch 1 loss 0.3792 step_s 0.0014 peak_mem_gb 0.099
2026-10-01 22:36:06,713 | DEBUG | step 1358 epoch 1 loss 0.3058 step_s 0.0014 peak_mem_gb 0.099
2026-10-01 22:36:06,715 | DEBUG | step 1359 epoch 1 loss 0.2475 step_s 0.0014 peak_mem_gb 0.099
2026-10-01 22:36:06,717 | DEBUG | step 1360 epoch 1 loss 0.1860 step_s 0.0017 peak_mem_gb 0.099
2026-10-01 22:36:06,719 | DEBUG | step 1361 epoch 1 loss 0.3358 step_s 0.0014 peak_mem_gb 0.099
2026-10-01 22:36:06,722 | DEBUG | step 1362 epoch 1 loss 0.1922 step_s 0.0014 peak_mem_gb 0.099
2026-10-01 22:36:06,724 | DEBUG | step 1363 epoch 1 loss 0.2096 step_s 0.0014 peak_mem_gb 0.099
2026-10-01 22:36:06,726 | DEBUG | step 1364 epoch 1 loss 0.2554 step_s 0.0014 peak_mem_gb 0.099
2026-10-01 22:36:06,728 | DEBUG | step 1365 epoch 1 loss 0.2377 step_s 0.0014 peak_mem_gb 0.099
2026-10-01 22:36:06,730 | DEBUG | step 1366 epoch 1 loss 0.2090 step_s 0.0014 peak_mem_gb 0.099
2026-10-01 22:36:06,732 | DEBUG | step 1367 epoch 1 loss 0.2638 step_s 0.0015 peak_mem_gb 0.099
2026-10-01 22:36:06,734 | DEBUG | step 1368 epoch 1 loss 0.2352 step_s 0.0015 peak_mem_gb 0.099
2026-10-01 22:36:06,737 | DEBUG | step 1369 epoch 1 loss 0.2228 step_s 0.0015 peak_mem_gb 0.099
2026-10-01 22:36:06,739 | DEBUG | step 1370 epoch 1 loss 0.1302 step_s 0.0014 peak_mem_gb 0.099
2026-10-01 22:36:06,741 | DEBUG | step 1371 epoch 1 loss 0.2337 step_s 0.0015 peak_mem_gb 0.099
2026-10-01 22:36:06,743 | DEBUG | step 1372 epoch 1 loss 0.2707 step_s 0.0014 peak_mem_gb 0.099
2026-10-01 22:36:06,745 | DEBUG | step 1373 epoch 1 loss 0.1822 step_s 0.0015 peak_mem_gb 0.099
2026-10-01 22:36:06,748 | DEBUG | step 1374 epoch 1 loss 0.1868 step_s 0.0016 peak_mem_gb 0.099
2026-10-01 22:36:06,750 | DEBUG | step 1375 epoch 1 loss 0.2136 step_s 0.0015 peak_mem_gb 0.099
2026-10-01 22:36:06,752 | DEBUG | step 1376 epoch 1 loss 0.2429 step_s 0.0014 peak_mem_gb 0.099
2026-10-01 22:36:06,754 | DEBUG | step 1377 epoch 1 loss 0.2044 step_s 0.0014 peak_mem_gb 0.099
2026-10-01 22:36:06,756 | DEBUG | step 1378 epoch 1 loss 0.2727 step_s 0.0014 peak_mem_gb 0.099
2026-10-01 22:36:06,758 | DEBUG | step 1379 epoch 1 loss 0.2435 step_s 0.0014 peak_mem_gb 0.099
2026-10-01 22:36:06,760 | DEBUG | step 1380 epoch 1 loss 0.2824 step_s 0.0015 peak_mem_gb 0.099
2026-10-01 22:36:06,763 | DEBUG | step 1381 epoch 1 loss 0.2785 step_s 0.0014 peak_mem_gb 0.099
2026-10-01 22:36:06,765 | DEBUG | step 1382 epoch 1 loss 0.2677 step_s 0.0018 peak_mem_gb 0.099
2026-10-01 22:36:06,768 | DEBUG | step 1383 epoch 1 loss 0.2537 step_s 0.0016 peak_mem_gb 0.099
2026-10-01 22:36:06,770 | DEBUG | step 1384 epoch 1 loss 0.4241 step_s 0.0015 peak_mem_gb 0.099
2026-10-01 22:36:06,773 | DEBUG | step 1385 epoch 1 loss 0.3060 step_s 0.0020 peak_mem_gb 0.099
2026-10-01 22:36:06,775 | DEBUG | step 1386 epoch 1 loss 0.2257 step_s 0.0016 peak_mem_gb 0.099
2026-10-01 22:36:06,778 | DEBUG | step 1387 epoch 1 loss 0.2107 step_s 0.0017 peak_mem_gb 0.099
2026-10-01 22:36:06,780 | DEBUG | step 1388 epoch 1 loss 0.1994 step_s 0.0017 peak_mem_gb 0.099
2026-10-01 22:36:06,782 | DEBUG | step 1389 epoch 1 loss 0.1942 step_s 0.0015 peak_mem_gb 0.099
2026-10-01 22:36:06,785 | DEBUG | step 1390 epoch 1 loss 0.2143 step_s 0.0016 peak_mem_gb 0.099
2026-10-01 22:36:06,787 | DEBUG | step 1391 epoch 1 loss 0.1986 step_s 0.0015 peak_mem_gb 0.099
2026-10-01 22:36:06,789 | DEBUG | step 1392 epoch 1 loss 0.2233 step_s 0.0015 peak_mem_gb 0.099
2026-10-01 22:36:06,791 | DEBUG | step 1393 epoch 1 loss 0.2997 step_s 0.0015 peak_mem_gb 0.099
2026-10-01 22:36:06,794 | DEBUG | step 1394 epoch 1 loss 0.2879 step_s 0.0015 peak_mem_gb 0.099
2026-10-01 22:36:06,797 | DEBUG | step 1395 epoch 1 loss 0.2647 step_s 0.0021 peak_mem_gb 0.099
2026-10-01 22:36:06,799 | DEBUG | step 1396 epoch 1 loss 0.3567 step_s 0.0016 peak_mem_gb 0.099
2026-10-01 22:36:06,801 | DEBUG | step 1397 epoch 1 loss 0.1817 step_s 0.0015 peak_mem_gb 0.099
2026-10-01 22:36:06,803 | DEBUG | step 1398 epoch 1 loss 0.1463 step_s 0.0015 peak_mem_gb 0.099
2026-10-01 22:36:06,806 | DEBUG | step 1399 epoch 1 loss 0.3783 step_s 0.0015 peak_mem_gb 0.099
2026-10-01 22:36:06,808 | INFO | step 1400 epoch 1 loss 0.3314 step_s 0.0014 peak_mem_gb 0.099
2026-10-01 22:36:06,811 | DEBUG | step 1401 epoch 1 loss 0.2749 step_s 0.0015 peak_mem_gb 0.099
2026-10-01 22:36:06,814 | DEBUG | step 1402 epoch 1 loss 0.3371 step_s 0.0016 peak_mem_gb 0.099
2026-10-01 22:36:06,817 | DEBUG | step 1403 epoch 1 loss 0.1539 step_s 0.0028 peak_mem_gb 0.099
2026-10-01 22:36:06,820 | DEBUG | step 1404 epoch 1 loss 0.1885 step_s 0.0018 peak_mem_gb 0.099
2026-10-01 22:36:06,822 | DEBUG | step 1405 epoch 1 loss 0.3031 step_s 0.0015 peak_mem_gb 0.099
2026-10-01 22:36:06,825 | DEBUG | step 1406 epoch 1 loss 0.1766 step_s 0.0017 peak_mem_gb 0.099
2026-10-01 22:36:06,827 | DEBUG | step 1407 epoch 1 loss 0.1949 step_s 0.0016 peak_mem_gb 0.099
2026-10-01 22:36:06,829 | DEBUG | step 1408 epoch 1 loss 0.2703 step_s 0.0017 peak_mem_gb 0.099
2026-10-01 22:36:06,832 | DEBUG | step 1409 epoch 1 loss 0.2396 step_s 0.0015 peak_mem_gb 0.099
2026-10-01 22:36:06,834 | DEBUG | step 1410 epoch 1 loss 0.1734 step_s 0.0015 peak_mem_gb 0.099
2026-10-01 22:36:06,836 | DEBUG | step 1411 epoch 1 loss 0.3950 step_s 0.0014 peak_mem_gb 0.099
2026-10-01 22:36:06,838 | DEBUG | step 1412 epoch 1 loss 0.2224 step_s 0.0016 peak_mem_gb 0.099
2026-10-01 22:36:06,841 | DEBUG | step 1413 epoch 1 loss 0.1997 step_s 0.0018 peak_mem_gb 0.099
2026-10-01 22:36:06,843 | DEBUG | step 1414 epoch 1 loss 0.1927 step_s 0.0015 peak_mem_gb 0.099
2026-10-01 22:36:06,845 | DEBUG | step 1415 epoch 1 loss 0.1568 step_s 0.0015 peak_mem_gb 0.099
2026-10-01 22:36:06,847 | DEBUG | step 1416 epoch 1 loss 0.2469 step_s 0.0015 peak_mem_gb 0.099
2026-10-01 22:36:06,851 | DEBUG | step 1417 epoch 1 loss 0.1239 step_s 0.0022 peak_mem_gb 0.099
2026-10-01 22:36:06,853 | DEBUG | step 1418 epoch 1 loss 0.1411 step_s 0.0016 peak_mem_gb 0.099
2026-10-01 22:36:06,855 | DEBUG | step 1419 epoch 1 loss 0.1604 step_s 0.0015 peak_mem_gb 0.099
2026-10-01 22:36:06,858 | DEBUG | step 1420 epoch 1 loss 0.1706 step_s 0.0015 peak_mem_gb 0.099
2026-10-01 22:36:06,860 | DEBUG | step 1421 epoch 1 loss 0.2384 step_s 0.0015 peak_mem_gb 0.099
2026-10-01 22:36:06,862 | DEBUG | step 1422 epoch 1 loss 0.1812 step_s 0.0015 peak_mem_gb 0.099
2026-10-01 22:36:06,865 | DEBUG | step 1423 epoch 1 loss 0.2174 step_s 0.0015 peak_mem_gb 0.099
2026-10-01 22:36:06,867 | DEBUG | step 1424 epoch 1 loss 0.2514 step_s 0.0015 peak_mem_gb 0.099
2026-10-01 22:36:06,869 | DEBUG | step 1425 epoch 1 loss 0.1831 step_s 0.0018 peak_mem_gb 0.099
2026-10-01 22:36:06,871 | DEBUG | step 1426 epoch 1 loss 0.1405 step_s 0.0015 peak_mem_gb 0.099
2026-10-01 22:36:06,874 | DEBUG | step 1427 epoch 1 loss 0.1613 step_s 0.0015 peak_mem_gb 0.099
2026-10-01 22:36:06,876 | DEBUG | step 1428 epoch 1 loss 0.2305 step_s 0.0014 peak_mem_gb 0.099
2026-10-01 22:36:06,878 | DEBUG | step 1429 epoch 1 loss 0.1796 step_s 0.0014 peak_mem_gb 0.099
2026-10-01 22:36:06,880 | DEBUG | step 1430 epoch 1 loss 0.1414 step_s 0.0015 peak_mem_gb 0.099
2026-10-01 22:36:06,882 | DEBUG | step 1431 epoch 1 loss 0.2294 step_s 0.0014 peak_mem_gb 0.099
2026-10-01 22:36:06,884 | DEBUG | step 1432 epoch 1 loss 0.1710 step_s 0.0014 peak_mem_gb 0.099
2026-10-01 22:36:06,887 | DEBUG | step 1433 epoch 1 loss 0.1947 step_s 0.0015 peak_mem_gb 0.099
2026-10-01 22:36:06,889 | DEBUG | step 1434 epoch 1 loss 0.2387 step_s 0.0017 peak_mem_gb 0.099
2026-10-01 22:36:06,891 | DEBUG | step 1435 epoch 1 loss 0.1564 step_s 0.0014 peak_mem_gb 0.099
2026-10-01 22:36:06,893 | DEBUG | step 1436 epoch 1 loss 0.2898 step_s 0.0015 peak_mem_gb 0.099
2026-10-01 22:36:06,896 | DEBUG | step 1437 epoch 1 loss 0.1397 step_s 0.0015 peak_mem_gb 0.099
2026-10-01 22:36:06,898 | DEBUG | step 1438 epoch 1 loss 0.1713 step_s 0.0015 peak_mem_gb 0.099
2026-10-01 22:36:06,900 | DEBUG | step 1439 epoch 1 loss 0.2502 step_s 0.0014 peak_mem_gb 0.099
2026-10-01 22:36:06,902 | DEBUG | step 1440 epoch 1 loss 0.3305 step_s 0.0015 peak_mem_gb 0.099
2026-10-01 22:36:06,904 | DEBUG | step 1441 epoch 1 loss 0.3760 step_s 0.0015 peak_mem_gb 0.099
2026-10-01 22:36:06,907 | DEBUG | step 1442 epoch 1 loss 0.2661 step_s 0.0014 peak_mem_gb 0.099
2026-10-01 22:36:06,909 | DEBUG | step 1443 epoch 1 loss 0.2514 step_s 0.0015 peak_mem_gb 0.099
2026-10-01 22:36:06,911 | DEBUG | step 1444 epoch 1 loss 0.2221 step_s 0.0014 peak_mem_gb 0.099
2026-10-01 22:36:06,913 | DEBUG | step 1445 epoch 1 loss 0.2562 step_s 0.0015 peak_mem_gb 0.099
2026-10-01 22:36:06,915 | DEBUG | step 1446 epoch 1 loss 0.2016 step_s 0.0014 peak_mem_gb 0.099
2026-10-01 22:36:06,918 | DEBUG | step 1447 epoch 1 loss 0.3241 step_s 0.0016 peak_mem_gb 0.099
2026-10-01 22:36:06,920 | DEBUG | step 1448 epoch 1 loss 0.1888 step_s 0.0014 peak_mem_gb 0.099
2026-10-01 22:36:06,922 | DEBUG | step 1449 epoch 1 loss 0.2526 step_s 0.0015 peak_mem_gb 0.099
2026-10-01 22:36:06,924 | DEBUG | step 1450 epoch 1 loss 0.3555 step_s 0.0014 peak_mem_gb 0.099
2026-10-01 22:36:06,926 | DEBUG | step 1451 epoch 1 loss 0.2252 step_s 0.0015 peak_mem_gb 0.099
2026-10-01 22:36:06,929 | DEBUG | step 1452 epoch 1 loss 0.2637 step_s 0.0014 peak_mem_gb 0.099
2026-10-01 22:36:06,931 | DEBUG | step 1453 epoch 1 loss 0.1475 step_s 0.0014 peak_mem_gb 0.099
2026-10-01 22:36:06,933 | DEBUG | step 1454 epoch 1 loss 0.2528 step_s 0.0015 peak_mem_gb 0.099
2026-10-01 22:36:06,935 | DEBUG | step 1455 epoch 1 loss 0.1417 step_s 0.0016 peak_mem_gb 0.099
2026-10-01 22:36:06,937 | DEBUG | step 1456 epoch 1 loss 0.2556 step_s 0.0015 peak_mem_gb 0.099
2026-10-01 22:36:06,939 | DEBUG | step 1457 epoch 1 loss 0.4454 step_s 0.0014 peak_mem_gb 0.099
2026-10-01 22:36:06,942 | DEBUG | step 1458 epoch 1 loss 0.2513 step_s 0.0014 peak_mem_gb 0.099
2026-10-01 22:36:06,944 | DEBUG | step 1459 epoch 1 loss 0.2415 step_s 0.0014 peak_mem_gb 0.099
2026-10-01 22:36:06,946 | DEBUG | step 1460 epoch 1 loss 0.2828 step_s 0.0015 peak_mem_gb 0.099
2026-10-01 22:36:06,948 | DEBUG | step 1461 epoch 1 loss 0.2356 step_s 0.0017 peak_mem_gb 0.099
2026-10-01 22:36:06,951 | DEBUG | step 1462 epoch 1 loss 0.2314 step_s 0.0014 peak_mem_gb 0.099
2026-10-01 22:36:06,953 | DEBUG | step 1463 epoch 1 loss 0.2094 step_s 0.0015 peak_mem_gb 0.099
2026-10-01 22:36:06,955 | DEBUG | step 1464 epoch 1 loss 0.2176 step_s 0.0014 peak_mem_gb 0.099
2026-10-01 22:36:06,957 | DEBUG | step 1465 epoch 1 loss 0.1932 step_s 0.0015 peak_mem_gb 0.099
2026-10-01 22:36:06,959 | DEBUG | step 1466 epoch 1 loss 0.1594 step_s 0.0014 peak_mem_gb 0.099
2026-10-01 22:36:06,961 | DEBUG | step 1467 epoch 1 loss 0.2098 step_s 0.0015 peak_mem_gb 0.099
2026-10-01 22:36:06,964 | DEBUG | step 1468 epoch 1 loss 0.2417 step_s 0.0014 peak_mem_gb 0.099
2026-10-01 22:36:06,966 | DEBUG | step 1469 epoch 1 loss 0.2404 step_s 0.0014 peak_mem_gb 0.099
2026-10-01 22:36:06,968 | DEBUG | step 1470 epoch 1 loss 0.2428 step_s 0.0014 peak_mem_gb 0.099
2026-10-01 22:36:06,970 | DEBUG | step 1471 epoch 1 loss 0.2631 step_s 0.0014 peak_mem_gb 0.099
2026-10-01 22:36:06,972 | DEBUG | step 1472 epoch 1 loss 0.1240 step_s 0.0014 peak_mem_gb 0.099
2026-10-01 22:36:06,974 | DEBUG | step 1473 epoch 1 loss 0.3255 step_s 0.0015 peak_mem_gb 0.099
2026-10-01 22:36:06,976 | DEBUG | step 1474 epoch 1 loss 0.1551 step_s 0.0015 peak_mem_gb 0.099
2026-10-01 22:36:06,978 | DEBUG | step 1475 epoch 1 loss 0.1540 step_s 0.0014 peak_mem_gb 0.099
2026-10-01 22:36:06,981 | DEBUG | step 1476 epoch 1 loss 0.1913 step_s 0.0015 peak_mem_gb 0.099
2026-10-01 22:36:06,983 | DEBUG | step 1477 epoch 1 loss 0.2726 step_s 0.0015 peak_mem_gb 0.099
2026-10-01 22:36:06,985 | DEBUG | step 1478 epoch 1 loss 0.1978 step_s 0.0015 peak_mem_gb 0.099
2026-10-01 22:36:06,987 | DEBUG | step 1479 epoch 1 loss 0.2729 step_s 0.0014 peak_mem_gb 0.099
2026-10-01 22:36:06,989 | DEBUG | step 1480 epoch 1 loss 0.3696 step_s 0.0015 peak_mem_gb 0.099
2026-10-01 22:36:06,991 | DEBUG | step 1481 epoch 1 loss 0.1270 step_s 0.0014 peak_mem_gb 0.099
2026-10-01 22:36:06,994 | DEBUG | step 1482 epoch 1 loss 0.2285 step_s 0.0014 peak_mem_gb 0.099
2026-10-01 22:36:06,996 | DEBUG | step 1483 epoch 1 loss 0.2035 step_s 0.0014 peak_mem_gb 0.099
2026-10-01 22:36:06,998 | DEBUG | step 1484 epoch 1 loss 0.2171 step_s 0.0015 peak_mem_gb 0.099
2026-10-01 22:36:07,000 | DEBUG | step 1485 epoch 1 loss 0.1743 step_s 0.0014 peak_mem_gb 0.099
2026-10-01 22:36:07,002 | DEBUG | step 1486 epoch 1 loss 0.2154 step_s 0.0014 peak_mem_gb 0.099
2026-10-01 22:36:07,004 | DEBUG | step 1487 epoch 1 loss 0.1678 step_s 0.0014 peak_mem_gb 0.099
2026-10-01 22:36:07,006 | DEBUG | step 1488 epoch 1 loss 0.1491 step_s 0.0014 peak_mem_gb 0.099
2026-10-01 22:36:07,009 | DEBUG | step 1489 epoch 1 loss 0.3491 step_s 0.0015 peak_mem_gb 0.099
2026-10-01 22:36:07,011 | DEBUG | step 1490 epoch 1 loss 0.2297 step_s 0.0015 peak_mem_gb 0.099
2026-10-01 22:36:07,013 | DEBUG | step 1491 epoch 1 loss 0.2331 step_s 0.0015 peak_mem_gb 0.099
2026-10-01 22:36:07,015 | DEBUG | step 1492 epoch 1 loss 0.1729 step_s 0.0014 peak_mem_gb 0.099
2026-10-01 22:36:07,017 | DEBUG | step 1493 epoch 1 loss 0.2000 step_s 0.0015 peak_mem_gb 0.099
2026-10-01 22:36:07,019 | DEBUG | step 1494 epoch 1 loss 0.2856 step_s 0.0015 peak_mem_gb 0.099
2026-10-01 22:36:07,021 | DEBUG | step 1495 epoch 1 loss 0.1653 step_s 0.0014 peak_mem_gb 0.099
2026-10-01 22:36:07,024 | DEBUG | step 1496 epoch 1 loss 0.1994 step_s 0.0014 peak_mem_gb 0.099
2026-10-01 22:36:07,026 | DEBUG | step 1497 epoch 1 loss 0.3278 step_s 0.0014 peak_mem_gb 0.099
2026-10-01 22:36:07,028 | DEBUG | step 1498 epoch 1 loss 0.2303 step_s 0.0014 peak_mem_gb 0.099
2026-10-01 22:36:07,030 | DEBUG | step 1499 epoch 1 loss 0.2871 step_s 0.0015 peak_mem_gb 0.099
2026-10-01 22:36:07,032 | DEBUG | step 1500 epoch 1 loss 0.2058 step_s 0.0015 peak_mem_gb 0.099
2026-10-01 22:36:07,034 | DEBUG | step 1501 epoch 1 loss 0.2307 step_s 0.0014 peak_mem_gb 0.099
2026-10-01 22:36:07,037 | DEBUG | step 1502 epoch 1 loss 0.3220 step_s 0.0015 peak_mem_gb 0.099
2026-10-01 22:36:07,039 | DEBUG | step 1503 epoch 1 loss 0.3158 step_s 0.0014 peak_mem_gb 0.099
2026-10-01 22:36:07,041 | DEBUG | step 1504 epoch 1 loss 0.1530 step_s 0.0015 peak_mem_gb 0.099
2026-10-01 22:36:07,043 | DEBUG | step 1505 epoch 1 loss 0.2704 step_s 0.0014 peak_mem_gb 0.099
2026-10-01 22:36:07,046 | DEBUG | step 1506 epoch 1 loss 0.2989 step_s 0.0022 peak_mem_gb 0.099
2026-10-01 22:36:07,049 | DEBUG | step 1507 epoch 1 loss 0.1461 step_s 0.0016 peak_mem_gb 0.099
2026-10-01 22:36:07,051 | DEBUG | step 1508 epoch 1 loss 0.1490 step_s 0.0014 peak_mem_gb 0.099
2026-10-01 22:36:07,053 | DEBUG | step 1509 epoch 1 loss 0.2465 step_s 0.0015 peak_mem_gb 0.099
2026-10-01 22:36:07,055 | DEBUG | step 1510 epoch 1 loss 0.4132 step_s 0.0015 peak_mem_gb 0.099
2026-10-01 22:36:07,058 | DEBUG | step 1511 epoch 1 loss 0.1763 step_s 0.0015 peak_mem_gb 0.099
2026-10-01 22:36:07,060 | DEBUG | step 1512 epoch 1 loss 0.1631 step_s 0.0014 peak_mem_gb 0.099
2026-10-01 22:36:07,062 | DEBUG | step 1513 epoch 1 loss 0.2504 step_s 0.0015 peak_mem_gb 0.099
2026-10-01 22:36:07,064 | DEBUG | step 1514 epoch 1 loss 0.1287 step_s 0.0014 peak_mem_gb 0.099
2026-10-01 22:36:07,066 | DEBUG | step 1515 epoch 1 loss 0.1688 step_s 0.0014 peak_mem_gb 0.099
2026-10-01 22:36:07,068 | DEBUG | step 1516 epoch 1 loss 0.2368 step_s 0.0015 peak_mem_gb 0.099
2026-10-01 22:36:07,070 | DEBUG | step 1517 epoch 1 loss 0.3422 step_s 0.0014 peak_mem_gb 0.099
2026-10-01 22:36:07,073 | DEBUG | step 1518 epoch 1 loss 0.2119 step_s 0.0015 peak_mem_gb 0.099
2026-10-01 22:36:07,075 | DEBUG | step 1519 epoch 1 loss 0.3235 step_s 0.0014 peak_mem_gb 0.099
2026-10-01 22:36:07,077 | DEBUG | step 1520 epoch 1 loss 0.3623 step_s 0.0016 peak_mem_gb 0.099
2026-10-01 22:36:07,079 | DEBUG | step 1521 epoch 1 loss 0.3891 step_s 0.0015 peak_mem_gb 0.099
2026-10-01 22:36:07,082 | DEBUG | step 1522 epoch 1 loss 0.2053 step_s 0.0015 peak_mem_gb 0.099
2026-10-01 22:36:07,084 | DEBUG | step 1523 epoch 1 loss 0.2787 step_s 0.0014 peak_mem_gb 0.099
2026-10-01 22:36:07,086 | DEBUG | step 1524 epoch 1 loss 0.1715 step_s 0.0014 peak_mem_gb 0.099
2026-10-01 22:36:07,088 | DEBUG | step 1525 epoch 1 loss 0.2250 step_s 0.0015 peak_mem_gb 0.099
2026-10-01 22:36:07,090 | DEBUG | step 1526 epoch 1 loss 0.1622 step_s 0.0015 peak_mem_gb 0.099
2026-10-01 22:36:07,092 | DEBUG | step 1527 epoch 1 loss 0.1884 step_s 0.0015 peak_mem_gb 0.099
2026-10-01 22:36:07,095 | DEBUG | step 1528 epoch 1 loss 0.2450 step_s 0.0014 peak_mem_gb 0.099
2026-10-01 22:36:07,097 | DEBUG | step 1529 epoch 1 loss 0.2226 step_s 0.0015 peak_mem_gb 0.099
2026-10-01 22:36:07,099 | DEBUG | step 1530 epoch 1 loss 0.2834 step_s 0.0014 peak_mem_gb 0.099
2026-10-01 22:36:07,101 | DEBUG | step 1531 epoch 1 loss 0.3021 step_s 0.0015 peak_mem_gb 0.099
2026-10-01 22:36:07,103 | DEBUG | step 1532 epoch 1 loss 0.1828 step_s 0.0014 peak_mem_gb 0.099
2026-10-01 22:36:07,107 | DEBUG | step 1533 epoch 1 loss 0.2878 step_s 0.0032 peak_mem_gb 0.099
2026-10-01 22:36:07,109 | DEBUG | step 1534 epoch 1 loss 0.1774 step_s 0.0015 peak_mem_gb 0.099
2026-10-01 22:36:07,111 | DEBUG | step 1535 epoch 1 loss 0.2593 step_s 0.0014 peak_mem_gb 0.099
2026-10-01 22:36:07,114 | DEBUG | step 1536 epoch 1 loss 0.2742 step_s 0.0015 peak_mem_gb 0.099
2026-10-01 22:36:07,116 | DEBUG | step 1537 epoch 1 loss 0.1594 step_s 0.0014 peak_mem_gb 0.099
2026-10-01 22:36:07,118 | DEBUG | step 1538 epoch 1 loss 0.1650 step_s 0.0014 peak_mem_gb 0.099
2026-10-01 22:36:07,120 | DEBUG | step 1539 epoch 1 loss 0.2259 step_s 0.0016 peak_mem_gb 0.099
2026-10-01 22:36:07,122 | DEBUG | step 1540 epoch 1 loss 0.3372 step_s 0.0014 peak_mem_gb 0.099
2026-10-01 22:36:07,124 | DEBUG | step 1541 epoch 1 loss 0.2004 step_s 0.0015 peak_mem_gb 0.099
2026-10-01 22:36:07,127 | DEBUG | step 1542 epoch 1 loss 0.2621 step_s 0.0015 peak_mem_gb 0.099
2026-10-01 22:36:07,129 | DEBUG | step 1543 epoch 1 loss 0.2727 step_s 0.0015 peak_mem_gb 0.099
2026-10-01 22:36:07,131 | DEBUG | step 1544 epoch 1 loss 0.2081 step_s 0.0014 peak_mem_gb 0.099
2026-10-01 22:36:07,133 | DEBUG | step 1545 epoch 1 loss 0.2800 step_s 0.0015 peak_mem_gb 0.099
2026-10-01 22:36:07,135 | DEBUG | step 1546 epoch 1 loss 0.2005 step_s 0.0016 peak_mem_gb 0.099
2026-10-01 22:36:07,138 | DEBUG | step 1547 epoch 1 loss 0.2093 step_s 0.0014 peak_mem_gb 0.099
2026-10-01 22:36:07,140 | DEBUG | step 1548 epoch 1 loss 0.1951 step_s 0.0014 peak_mem_gb 0.099
2026-10-01 22:36:07,142 | DEBUG | step 1549 epoch 1 loss 0.1852 step_s 0.0014 peak_mem_gb 0.099
2026-10-01 22:36:07,144 | DEBUG | step 1550 epoch 1 loss 0.1549 step_s 0.0014 peak_mem_gb 0.099
2026-10-01 22:36:07,146 | DEBUG | step 1551 epoch 1 loss 0.1724 step_s 0.0014 peak_mem_gb 0.099
2026-10-01 22:36:07,148 | DEBUG | step 1552 epoch 1 loss 0.2153 step_s 0.0014 peak_mem_gb 0.099
2026-10-01 22:36:07,150 | DEBUG | step 1553 epoch 1 loss 0.2683 step_s 0.0015 peak_mem_gb 0.099
2026-10-01 22:36:07,153 | DEBUG | step 1554 epoch 1 loss 0.3625 step_s 0.0015 peak_mem_gb 0.099
2026-10-01 22:36:07,155 | DEBUG | step 1555 epoch 1 loss 0.1952 step_s 0.0014 peak_mem_gb 0.099
2026-10-01 22:36:07,157 | DEBUG | step 1556 epoch 1 loss 0.0733 step_s 0.0015 peak_mem_gb 0.099
2026-10-01 22:36:07,159 | DEBUG | step 1557 epoch 1 loss 0.2036 step_s 0.0014 peak_mem_gb 0.099
2026-10-01 22:36:07,161 | DEBUG | step 1558 epoch 1 loss 0.2703 step_s 0.0015 peak_mem_gb 0.099
2026-10-01 22:36:07,163 | DEBUG | step 1559 epoch 1 loss 0.0834 step_s 0.0014 peak_mem_gb 0.099
2026-10-01 22:36:07,166 | DEBUG | step 1560 epoch 1 loss 0.2060 step_s 0.0018 peak_mem_gb 0.099
2026-10-01 22:36:07,168 | DEBUG | step 1561 epoch 1 loss 0.2218 step_s 0.0015 peak_mem_gb 0.099
2026-10-01 22:36:07,171 | DEBUG | step 1562 epoch 1 loss 0.2020 step_s 0.0015 peak_mem_gb 0.099
2026-10-01 22:36:07,177 | DEBUG | step 1563 epoch 1 loss 0.2182 step_s 0.0024 peak_mem_gb 0.099
2026-10-01 22:36:07,212 | INFO | epoch 1/5 train_loss 0.2909 val_f1_macro 0.9138 val_accuracy 0.9138
2026-10-01 22:36:07,318 | INFO | new best val_f1_macro 0.9138 -> task2_sentiment/sneha/checkpoints/meanpool_best.pt
2026-10-01 22:36:07,325 | DEBUG | step 1564 epoch 2 loss 0.1664 step_s 0.0031 peak_mem_gb 0.216
2026-10-01 22:36:07,328 | DEBUG | step 1565 epoch 2 loss 0.1832 step_s 0.0023 peak_mem_gb 0.216
2026-10-01 22:36:07,331 | DEBUG | step 1566 epoch 2 loss 0.1758 step_s 0.0017 peak_mem_gb 0.216
2026-10-01 22:36:07,334 | DEBUG | step 1567 epoch 2 loss 0.1313 step_s 0.0018 peak_mem_gb 0.216
2026-10-01 22:36:07,336 | DEBUG | step 1568 epoch 2 loss 0.2248 step_s 0.0018 peak_mem_gb 0.216
2026-10-01 22:36:07,339 | DEBUG | step 1569 epoch 2 loss 0.2413 step_s 0.0020 peak_mem_gb 0.216
2026-10-01 22:36:07,342 | DEBUG | step 1570 epoch 2 loss 0.1394 step_s 0.0016 peak_mem_gb 0.216
2026-10-01 22:36:07,344 | DEBUG | step 1571 epoch 2 loss 0.1244 step_s 0.0016 peak_mem_gb 0.216
2026-10-01 22:36:07,347 | DEBUG | step 1572 epoch 2 loss 0.0928 step_s 0.0016 peak_mem_gb 0.216
2026-10-01 22:36:07,349 | DEBUG | step 1573 epoch 2 loss 0.3727 step_s 0.0016 peak_mem_gb 0.216
2026-10-01 22:36:07,351 | DEBUG | step 1574 epoch 2 loss 0.1776 step_s 0.0016 peak_mem_gb 0.216
2026-10-01 22:36:07,354 | DEBUG | step 1575 epoch 2 loss 0.2123 step_s 0.0016 peak_mem_gb 0.216
2026-10-01 22:36:07,356 | DEBUG | step 1576 epoch 2 loss 0.1619 step_s 0.0018 peak_mem_gb 0.216
2026-10-01 22:36:07,359 | DEBUG | step 1577 epoch 2 loss 0.2369 step_s 0.0016 peak_mem_gb 0.216
2026-10-01 22:36:07,361 | DEBUG | step 1578 epoch 2 loss 0.2047 step_s 0.0016 peak_mem_gb 0.216
2026-10-01 22:36:07,364 | DEBUG | step 1579 epoch 2 loss 0.1588 step_s 0.0016 peak_mem_gb 0.216
2026-10-01 22:36:07,366 | DEBUG | step 1580 epoch 2 loss 0.2233 step_s 0.0016 peak_mem_gb 0.216
2026-10-01 22:36:07,369 | DEBUG | step 1581 epoch 2 loss 0.3207 step_s 0.0019 peak_mem_gb 0.216
2026-10-01 22:36:07,372 | DEBUG | step 1582 epoch 2 loss 0.2851 step_s 0.0018 peak_mem_gb 0.216
2026-10-01 22:36:07,375 | DEBUG | step 1583 epoch 2 loss 0.1826 step_s 0.0019 peak_mem_gb 0.216
2026-10-01 22:36:07,377 | DEBUG | step 1584 epoch 2 loss 0.1898 step_s 0.0016 peak_mem_gb 0.216
2026-10-01 22:36:07,380 | DEBUG | step 1585 epoch 2 loss 0.1334 step_s 0.0019 peak_mem_gb 0.216
2026-10-01 22:36:07,383 | DEBUG | step 1586 epoch 2 loss 0.1163 step_s 0.0019 peak_mem_gb 0.216
2026-10-01 22:36:07,385 | DEBUG | step 1587 epoch 2 loss 0.1934 step_s 0.0019 peak_mem_gb 0.216
2026-10-01 22:36:07,388 | DEBUG | step 1588 epoch 2 loss 0.2119 step_s 0.0017 peak_mem_gb 0.216
2026-10-01 22:36:07,391 | DEBUG | step 1589 epoch 2 loss 0.1387 step_s 0.0017 peak_mem_gb 0.216
2026-10-01 22:36:07,393 | DEBUG | step 1590 epoch 2 loss 0.1787 step_s 0.0016 peak_mem_gb 0.216
2026-10-01 22:36:07,395 | DEBUG | step 1591 epoch 2 loss 0.2399 step_s 0.0016 peak_mem_gb 0.216
2026-10-01 22:36:07,398 | DEBUG | step 1592 epoch 2 loss 0.0979 step_s 0.0016 peak_mem_gb 0.216
2026-10-01 22:36:07,400 | DEBUG | step 1593 epoch 2 loss 0.2211 step_s 0.0016 peak_mem_gb 0.216
2026-10-01 22:36:07,403 | DEBUG | step 1594 epoch 2 loss 0.1919 step_s 0.0023 peak_mem_gb 0.216
2026-10-01 22:36:07,406 | DEBUG | step 1595 epoch 2 loss 0.2506 step_s 0.0016 peak_mem_gb 0.216
2026-10-01 22:36:07,408 | DEBUG | step 1596 epoch 2 loss 0.2052 step_s 0.0016 peak_mem_gb 0.216
2026-10-01 22:36:07,410 | DEBUG | step 1597 epoch 2 loss 0.1750 step_s 0.0015 peak_mem_gb 0.216
2026-10-01 22:36:07,412 | DEBUG | step 1598 epoch 2 loss 0.1597 step_s 0.0016 peak_mem_gb 0.216
2026-10-01 22:36:07,415 | DEBUG | step 1599 epoch 2 loss 0.1786 step_s 0.0017 peak_mem_gb 0.216
2026-10-01 22:36:07,417 | INFO | step 1600 epoch 2 loss 0.1384 step_s 0.0017 peak_mem_gb 0.216
2026-10-01 22:36:07,421 | DEBUG | step 1601 epoch 2 loss 0.1703 step_s 0.0021 peak_mem_gb 0.216
2026-10-01 22:36:07,424 | DEBUG | step 1602 epoch 2 loss 0.2612 step_s 0.0018 peak_mem_gb 0.216
2026-10-01 22:36:07,426 | DEBUG | step 1603 epoch 2 loss 0.0976 step_s 0.0018 peak_mem_gb 0.216
2026-10-01 22:36:07,430 | DEBUG | step 1604 epoch 2 loss 0.2058 step_s 0.0024 peak_mem_gb 0.216
2026-10-01 22:36:07,433 | DEBUG | step 1605 epoch 2 loss 0.1606 step_s 0.0017 peak_mem_gb 0.216
2026-10-01 22:36:07,435 | DEBUG | step 1606 epoch 2 loss 0.0998 step_s 0.0017 peak_mem_gb 0.216
2026-10-01 22:36:07,438 | DEBUG | step 1607 epoch 2 loss 0.2129 step_s 0.0018 peak_mem_gb 0.216
2026-10-01 22:36:07,441 | DEBUG | step 1608 epoch 2 loss 0.2617 step_s 0.0018 peak_mem_gb 0.216
2026-10-01 22:36:07,444 | DEBUG | step 1609 epoch 2 loss 0.1529 step_s 0.0020 peak_mem_gb 0.216
2026-10-01 22:36:07,447 | DEBUG | step 1610 epoch 2 loss 0.0572 step_s 0.0019 peak_mem_gb 0.216
2026-10-01 22:36:07,450 | DEBUG | step 1611 epoch 2 loss 0.1069 step_s 0.0021 peak_mem_gb 0.216
2026-10-01 22:36:07,452 | DEBUG | step 1612 epoch 2 loss 0.1759 step_s 0.0018 peak_mem_gb 0.216
2026-10-01 22:36:07,455 | DEBUG | step 1613 epoch 2 loss 0.1451 step_s 0.0019 peak_mem_gb 0.216
2026-10-01 22:36:07,458 | DEBUG | step 1614 epoch 2 loss 0.3411 step_s 0.0018 peak_mem_gb 0.216
2026-10-01 22:36:07,461 | DEBUG | step 1615 epoch 2 loss 0.1050 step_s 0.0017 peak_mem_gb 0.216
2026-10-01 22:36:07,463 | DEBUG | step 1616 epoch 2 loss 0.3377 step_s 0.0016 peak_mem_gb 0.216
2026-10-01 22:36:07,466 | DEBUG | step 1617 epoch 2 loss 0.2716 step_s 0.0022 peak_mem_gb 0.216
2026-10-01 22:36:07,469 | DEBUG | step 1618 epoch 2 loss 0.2036 step_s 0.0018 peak_mem_gb 0.216
2026-10-01 22:36:07,471 | DEBUG | step 1619 epoch 2 loss 0.2318 step_s 0.0017 peak_mem_gb 0.216
2026-10-01 22:36:07,473 | DEBUG | step 1620 epoch 2 loss 0.2175 step_s 0.0016 peak_mem_gb 0.216
2026-10-01 22:36:07,476 | DEBUG | step 1621 epoch 2 loss 0.1128 step_s 0.0018 peak_mem_gb 0.216
2026-10-01 22:36:07,479 | DEBUG | step 1622 epoch 2 loss 0.2772 step_s 0.0016 peak_mem_gb 0.216
2026-10-01 22:36:07,482 | DEBUG | step 1623 epoch 2 loss 0.0923 step_s 0.0017 peak_mem_gb 0.216
2026-10-01 22:36:07,485 | DEBUG | step 1624 epoch 2 loss 0.1663 step_s 0.0016 peak_mem_gb 0.216
2026-10-01 22:36:07,487 | DEBUG | step 1625 epoch 2 loss 0.2116 step_s 0.0017 peak_mem_gb 0.216
2026-10-01 22:36:07,490 | DEBUG | step 1626 epoch 2 loss 0.2181 step_s 0.0017 peak_mem_gb 0.216
2026-10-01 22:36:07,493 | DEBUG | step 1627 epoch 2 loss 0.2523 step_s 0.0018 peak_mem_gb 0.216
2026-10-01 22:36:07,495 | DEBUG | step 1628 epoch 2 loss 0.1501 step_s 0.0016 peak_mem_gb 0.216
2026-10-01 22:36:07,497 | DEBUG | step 1629 epoch 2 loss 0.1995 step_s 0.0016 peak_mem_gb 0.216
2026-10-01 22:36:07,500 | DEBUG | step 1630 epoch 2 loss 0.2092 step_s 0.0017 peak_mem_gb 0.216
2026-10-01 22:36:07,502 | DEBUG | step 1631 epoch 2 loss 0.1374 step_s 0.0017 peak_mem_gb 0.216
2026-10-01 22:36:07,505 | DEBUG | step 1632 epoch 2 loss 0.1899 step_s 0.0017 peak_mem_gb 0.216
2026-10-01 22:36:07,508 | DEBUG | step 1633 epoch 2 loss 0.2076 step_s 0.0017 peak_mem_gb 0.216
2026-10-01 22:36:07,510 | DEBUG | step 1634 epoch 2 loss 0.1371 step_s 0.0016 peak_mem_gb 0.216
2026-10-01 22:36:07,512 | DEBUG | step 1635 epoch 2 loss 0.2211 step_s 0.0017 peak_mem_gb 0.216
2026-10-01 22:36:07,515 | DEBUG | step 1636 epoch 2 loss 0.2168 step_s 0.0017 peak_mem_gb 0.216
2026-10-01 22:36:07,518 | DEBUG | step 1637 epoch 2 loss 0.1301 step_s 0.0016 peak_mem_gb 0.216
2026-10-01 22:36:07,520 | DEBUG | step 1638 epoch 2 loss 0.1763 step_s 0.0016 peak_mem_gb 0.216
2026-10-01 22:36:07,522 | DEBUG | step 1639 epoch 2 loss 0.2263 step_s 0.0016 peak_mem_gb 0.216
2026-10-01 22:36:07,525 | DEBUG | step 1640 epoch 2 loss 0.2419 step_s 0.0015 peak_mem_gb 0.216
2026-10-01 22:36:07,527 | DEBUG | step 1641 epoch 2 loss 0.4017 step_s 0.0015 peak_mem_gb 0.216
2026-10-01 22:36:07,529 | DEBUG | step 1642 epoch 2 loss 0.1466 step_s 0.0015 peak_mem_gb 0.216
2026-10-01 22:36:07,532 | DEBUG | step 1643 epoch 2 loss 0.3278 step_s 0.0015 peak_mem_gb 0.216
2026-10-01 22:36:07,534 | DEBUG | step 1644 epoch 2 loss 0.2130 step_s 0.0015 peak_mem_gb 0.216
2026-10-01 22:36:07,536 | DEBUG | step 1645 epoch 2 loss 0.1183 step_s 0.0015 peak_mem_gb 0.216
2026-10-01 22:36:07,538 | DEBUG | step 1646 epoch 2 loss 0.2561 step_s 0.0015 peak_mem_gb 0.216
2026-10-01 22:36:07,540 | DEBUG | step 1647 epoch 2 loss 0.1780 step_s 0.0015 peak_mem_gb 0.216
2026-10-01 22:36:07,543 | DEBUG | step 1648 epoch 2 loss 0.1217 step_s 0.0015 peak_mem_gb 0.216
2026-10-01 22:36:07,545 | DEBUG | step 1649 epoch 2 loss 0.1314 step_s 0.0015 peak_mem_gb 0.216
2026-10-01 22:36:07,547 | DEBUG | step 1650 epoch 2 loss 0.1361 step_s 0.0015 peak_mem_gb 0.216
2026-10-01 22:36:07,549 | DEBUG | step 1651 epoch 2 loss 0.2758 step_s 0.0015 peak_mem_gb 0.216
2026-10-01 22:36:07,551 | DEBUG | step 1652 epoch 2 loss 0.2294 step_s 0.0015 peak_mem_gb 0.216
2026-10-01 22:36:07,554 | DEBUG | step 1653 epoch 2 loss 0.1051 step_s 0.0014 peak_mem_gb 0.216
2026-10-01 22:36:07,556 | DEBUG | step 1654 epoch 2 loss 0.1397 step_s 0.0015 peak_mem_gb 0.216
2026-10-01 22:36:07,558 | DEBUG | step 1655 epoch 2 loss 0.1260 step_s 0.0015 peak_mem_gb 0.216
2026-10-01 22:36:07,560 | DEBUG | step 1656 epoch 2 loss 0.1609 step_s 0.0015 peak_mem_gb 0.216
2026-10-01 22:36:07,562 | DEBUG | step 1657 epoch 2 loss 0.1917 step_s 0.0014 peak_mem_gb 0.216
2026-10-01 22:36:07,565 | DEBUG | step 1658 epoch 2 loss 0.2289 step_s 0.0015 peak_mem_gb 0.216
2026-10-01 22:36:07,567 | DEBUG | step 1659 epoch 2 loss 0.1493 step_s 0.0015 peak_mem_gb 0.216
2026-10-01 22:36:07,569 | DEBUG | step 1660 epoch 2 loss 0.2463 step_s 0.0015 peak_mem_gb 0.216
2026-10-01 22:36:07,571 | DEBUG | step 1661 epoch 2 loss 0.1635 step_s 0.0014 peak_mem_gb 0.216
2026-10-01 22:36:07,574 | DEBUG | step 1662 epoch 2 loss 0.1264 step_s 0.0014 peak_mem_gb 0.216
2026-10-01 22:36:07,576 | DEBUG | step 1663 epoch 2 loss 0.1766 step_s 0.0015 peak_mem_gb 0.216
2026-10-01 22:36:07,578 | DEBUG | step 1664 epoch 2 loss 0.1427 step_s 0.0015 peak_mem_gb 0.216
2026-10-01 22:36:07,580 | DEBUG | step 1665 epoch 2 loss 0.2268 step_s 0.0015 peak_mem_gb 0.216
2026-10-01 22:36:07,582 | DEBUG | step 1666 epoch 2 loss 0.2257 step_s 0.0015 peak_mem_gb 0.216
2026-10-01 22:36:07,584 | DEBUG | step 1667 epoch 2 loss 0.3732 step_s 0.0015 peak_mem_gb 0.216
2026-10-01 22:36:07,587 | DEBUG | step 1668 epoch 2 loss 0.1298 step_s 0.0014 peak_mem_gb 0.216
2026-10-01 22:36:07,589 | DEBUG | step 1669 epoch 2 loss 0.1950 step_s 0.0015 peak_mem_gb 0.216
2026-10-01 22:36:07,591 | DEBUG | step 1670 epoch 2 loss 0.2279 step_s 0.0015 peak_mem_gb 0.216
2026-10-01 22:36:07,593 | DEBUG | step 1671 epoch 2 loss 0.1677 step_s 0.0015 peak_mem_gb 0.216
2026-10-01 22:36:07,595 | DEBUG | step 1672 epoch 2 loss 0.1638 step_s 0.0014 peak_mem_gb 0.216
2026-10-01 22:36:07,597 | DEBUG | step 1673 epoch 2 loss 0.1161 step_s 0.0015 peak_mem_gb 0.216
2026-10-01 22:36:07,599 | DEBUG | step 1674 epoch 2 loss 0.1714 step_s 0.0014 peak_mem_gb 0.216
2026-10-01 22:36:07,602 | DEBUG | step 1675 epoch 2 loss 0.0612 step_s 0.0015 peak_mem_gb 0.216
2026-10-01 22:36:07,604 | DEBUG | step 1676 epoch 2 loss 0.1516 step_s 0.0014 peak_mem_gb 0.216
2026-10-01 22:36:07,606 | DEBUG | step 1677 epoch 2 loss 0.2017 step_s 0.0014 peak_mem_gb 0.216
2026-10-01 22:36:07,608 | DEBUG | step 1678 epoch 2 loss 0.1059 step_s 0.0014 peak_mem_gb 0.216
2026-10-01 22:36:07,610 | DEBUG | step 1679 epoch 2 loss 0.2120 step_s 0.0014 peak_mem_gb 0.216
2026-10-01 22:36:07,612 | DEBUG | step 1680 epoch 2 loss 0.3346 step_s 0.0014 peak_mem_gb 0.216
2026-10-01 22:36:07,614 | DEBUG | step 1681 epoch 2 loss 0.1569 step_s 0.0015 peak_mem_gb 0.216
2026-10-01 22:36:07,617 | DEBUG | step 1682 epoch 2 loss 0.2991 step_s 0.0015 peak_mem_gb 0.216
2026-10-01 22:36:07,619 | DEBUG | step 1683 epoch 2 loss 0.1611 step_s 0.0014 peak_mem_gb 0.216
2026-10-01 22:36:07,621 | DEBUG | step 1684 epoch 2 loss 0.1368 step_s 0.0014 peak_mem_gb 0.216
2026-10-01 22:36:07,623 | DEBUG | step 1685 epoch 2 loss 0.2062 step_s 0.0015 peak_mem_gb 0.216
2026-10-01 22:36:07,625 | DEBUG | step 1686 epoch 2 loss 0.2590 step_s 0.0015 peak_mem_gb 0.216
2026-10-01 22:36:07,627 | DEBUG | step 1687 epoch 2 loss 0.2279 step_s 0.0014 peak_mem_gb 0.216
2026-10-01 22:36:07,630 | DEBUG | step 1688 epoch 2 loss 0.1258 step_s 0.0015 peak_mem_gb 0.216
2026-10-01 22:36:07,632 | DEBUG | step 1689 epoch 2 loss 0.1514 step_s 0.0015 peak_mem_gb 0.216
2026-10-01 22:36:07,634 | DEBUG | step 1690 epoch 2 loss 0.1808 step_s 0.0015 peak_mem_gb 0.216
2026-10-01 22:36:07,636 | DEBUG | step 1691 epoch 2 loss 0.1908 step_s 0.0014 peak_mem_gb 0.216
2026-10-01 22:36:07,638 | DEBUG | step 1692 epoch 2 loss 0.4501 step_s 0.0014 peak_mem_gb 0.216
2026-10-01 22:36:07,640 | DEBUG | step 1693 epoch 2 loss 0.1994 step_s 0.0014 peak_mem_gb 0.216
2026-10-01 22:36:07,643 | DEBUG | step 1694 epoch 2 loss 0.1724 step_s 0.0015 peak_mem_gb 0.216
2026-10-01 22:36:07,645 | DEBUG | step 1695 epoch 2 loss 0.1460 step_s 0.0015 peak_mem_gb 0.216
2026-10-01 22:36:07,647 | DEBUG | step 1696 epoch 2 loss 0.1153 step_s 0.0015 peak_mem_gb 0.216
2026-10-01 22:36:07,649 | DEBUG | step 1697 epoch 2 loss 0.2074 step_s 0.0015 peak_mem_gb 0.216
2026-10-01 22:36:07,651 | DEBUG | step 1698 epoch 2 loss 0.2641 step_s 0.0015 peak_mem_gb 0.216
2026-10-01 22:36:07,653 | DEBUG | step 1699 epoch 2 loss 0.1806 step_s 0.0015 peak_mem_gb 0.216
2026-10-01 22:36:07,655 | DEBUG | step 1700 epoch 2 loss 0.2268 step_s 0.0014 peak_mem_gb 0.216
2026-10-01 22:36:07,658 | DEBUG | step 1701 epoch 2 loss 0.1793 step_s 0.0014 peak_mem_gb 0.216
2026-10-01 22:36:07,660 | DEBUG | step 1702 epoch 2 loss 0.1449 step_s 0.0014 peak_mem_gb 0.216
2026-10-01 22:36:07,662 | DEBUG | step 1703 epoch 2 loss 0.2101 step_s 0.0014 peak_mem_gb 0.216
2026-10-01 22:36:07,664 | DEBUG | step 1704 epoch 2 loss 0.1217 step_s 0.0014 peak_mem_gb 0.216
2026-10-01 22:36:07,666 | DEBUG | step 1705 epoch 2 loss 0.1670 step_s 0.0014 peak_mem_gb 0.216
2026-10-01 22:36:07,668 | DEBUG | step 1706 epoch 2 loss 0.2028 step_s 0.0014 peak_mem_gb 0.216
2026-10-01 22:36:07,670 | DEBUG | step 1707 epoch 2 loss 0.1675 step_s 0.0014 peak_mem_gb 0.216
2026-10-01 22:36:07,672 | DEBUG | step 1708 epoch 2 loss 0.1978 step_s 0.0014 peak_mem_gb 0.216
2026-10-01 22:36:07,675 | DEBUG | step 1709 epoch 2 loss 0.2090 step_s 0.0014 peak_mem_gb 0.216
2026-10-01 22:36:07,677 | DEBUG | step 1710 epoch 2 loss 0.3166 step_s 0.0016 peak_mem_gb 0.216
2026-10-01 22:36:07,679 | DEBUG | step 1711 epoch 2 loss 0.0956 step_s 0.0015 peak_mem_gb 0.216
2026-10-01 22:36:07,681 | DEBUG | step 1712 epoch 2 loss 0.2519 step_s 0.0015 peak_mem_gb 0.216
2026-10-01 22:36:07,683 | DEBUG | step 1713 epoch 2 loss 0.2123 step_s 0.0014 peak_mem_gb 0.216
2026-10-01 22:36:07,685 | DEBUG | step 1714 epoch 2 loss 0.3297 step_s 0.0015 peak_mem_gb 0.216
2026-10-01 22:36:07,687 | DEBUG | step 1715 epoch 2 loss 0.2222 step_s 0.0014 peak_mem_gb 0.216
2026-10-01 22:36:07,690 | DEBUG | step 1716 epoch 2 loss 0.0686 step_s 0.0014 peak_mem_gb 0.216
2026-10-01 22:36:07,692 | DEBUG | step 1717 epoch 2 loss 0.1435 step_s 0.0015 peak_mem_gb 0.216
2026-10-01 22:36:07,694 | DEBUG | step 1718 epoch 2 loss 0.2860 step_s 0.0015 peak_mem_gb 0.216
2026-10-01 22:36:07,696 | DEBUG | step 1719 epoch 2 loss 0.1913 step_s 0.0015 peak_mem_gb 0.216
2026-10-01 22:36:07,698 | DEBUG | step 1720 epoch 2 loss 0.2812 step_s 0.0014 peak_mem_gb 0.216
2026-10-01 22:36:07,701 | DEBUG | step 1721 epoch 2 loss 0.1272 step_s 0.0015 peak_mem_gb 0.216
2026-10-01 22:36:07,703 | DEBUG | step 1722 epoch 2 loss 0.1359 step_s 0.0014 peak_mem_gb 0.216
2026-10-01 22:36:07,705 | DEBUG | step 1723 epoch 2 loss 0.1969 step_s 0.0015 peak_mem_gb 0.216
2026-10-01 22:36:07,707 | DEBUG | step 1724 epoch 2 loss 0.2708 step_s 0.0014 peak_mem_gb 0.216
2026-10-01 22:36:07,709 | DEBUG | step 1725 epoch 2 loss 0.1856 step_s 0.0015 peak_mem_gb 0.216
2026-10-01 22:36:07,711 | DEBUG | step 1726 epoch 2 loss 0.1264 step_s 0.0014 peak_mem_gb 0.216
2026-10-01 22:36:07,714 | DEBUG | step 1727 epoch 2 loss 0.2031 step_s 0.0014 peak_mem_gb 0.216
2026-10-01 22:36:07,716 | DEBUG | step 1728 epoch 2 loss 0.1909 step_s 0.0014 peak_mem_gb 0.216
2026-10-01 22:36:07,718 | DEBUG | step 1729 epoch 2 loss 0.1431 step_s 0.0015 peak_mem_gb 0.216
2026-10-01 22:36:07,720 | DEBUG | step 1730 epoch 2 loss 0.2260 step_s 0.0014 peak_mem_gb 0.216
2026-10-01 22:36:07,722 | DEBUG | step 1731 epoch 2 loss 0.1037 step_s 0.0015 peak_mem_gb 0.216
2026-10-01 22:36:07,724 | DEBUG | step 1732 epoch 2 loss 0.1398 step_s 0.0016 peak_mem_gb 0.216
2026-10-01 22:36:07,726 | DEBUG | step 1733 epoch 2 loss 0.2972 step_s 0.0014 peak_mem_gb 0.216
2026-10-01 22:36:07,729 | DEBUG | step 1734 epoch 2 loss 0.1331 step_s 0.0015 peak_mem_gb 0.216
2026-10-01 22:36:07,731 | DEBUG | step 1735 epoch 2 loss 0.2448 step_s 0.0015 peak_mem_gb 0.216
2026-10-01 22:36:07,733 | DEBUG | step 1736 epoch 2 loss 0.2742 step_s 0.0014 peak_mem_gb 0.216
2026-10-01 22:36:07,735 | DEBUG | step 1737 epoch 2 loss 0.1624 step_s 0.0014 peak_mem_gb 0.216
2026-10-01 22:36:07,737 | DEBUG | step 1738 epoch 2 loss 0.2469 step_s 0.0015 peak_mem_gb 0.216
2026-10-01 22:36:07,739 | DEBUG | step 1739 epoch 2 loss 0.1505 step_s 0.0015 peak_mem_gb 0.216
2026-10-01 22:36:07,742 | DEBUG | step 1740 epoch 2 loss 0.1117 step_s 0.0014 peak_mem_gb 0.216
2026-10-01 22:36:07,744 | DEBUG | step 1741 epoch 2 loss 0.2236 step_s 0.0015 peak_mem_gb 0.216
2026-10-01 22:36:07,746 | DEBUG | step 1742 epoch 2 loss 0.3710 step_s 0.0014 peak_mem_gb 0.216
2026-10-01 22:36:07,748 | DEBUG | step 1743 epoch 2 loss 0.2101 step_s 0.0014 peak_mem_gb 0.216
2026-10-01 22:36:07,750 | DEBUG | step 1744 epoch 2 loss 0.2611 step_s 0.0014 peak_mem_gb 0.216
2026-10-01 22:36:07,752 | DEBUG | step 1745 epoch 2 loss 0.0919 step_s 0.0015 peak_mem_gb 0.216
2026-10-01 22:36:07,755 | DEBUG | step 1746 epoch 2 loss 0.2014 step_s 0.0016 peak_mem_gb 0.216
2026-10-01 22:36:07,757 | DEBUG | step 1747 epoch 2 loss 0.1717 step_s 0.0015 peak_mem_gb 0.216
2026-10-01 22:36:07,759 | DEBUG | step 1748 epoch 2 loss 0.1363 step_s 0.0015 peak_mem_gb 0.216
2026-10-01 22:36:07,761 | DEBUG | step 1749 epoch 2 loss 0.2263 step_s 0.0015 peak_mem_gb 0.216
2026-10-01 22:36:07,763 | DEBUG | step 1750 epoch 2 loss 0.0917 step_s 0.0014 peak_mem_gb 0.216
2026-10-01 22:36:07,766 | DEBUG | step 1751 epoch 2 loss 0.1257 step_s 0.0015 peak_mem_gb 0.216
2026-10-01 22:36:07,768 | DEBUG | step 1752 epoch 2 loss 0.1721 step_s 0.0015 peak_mem_gb 0.216
2026-10-01 22:36:07,770 | DEBUG | step 1753 epoch 2 loss 0.2533 step_s 0.0016 peak_mem_gb 0.216
2026-10-01 22:36:07,773 | DEBUG | step 1754 epoch 2 loss 0.1918 step_s 0.0019 peak_mem_gb 0.216
2026-10-01 22:36:07,776 | DEBUG | step 1755 epoch 2 loss 0.0934 step_s 0.0019 peak_mem_gb 0.216
2026-10-01 22:36:07,779 | DEBUG | step 1756 epoch 2 loss 0.2012 step_s 0.0021 peak_mem_gb 0.216
2026-10-01 22:36:07,781 | DEBUG | step 1757 epoch 2 loss 0.1818 step_s 0.0017 peak_mem_gb 0.216
2026-10-01 22:36:07,784 | DEBUG | step 1758 epoch 2 loss 0.2549 step_s 0.0016 peak_mem_gb 0.216
2026-10-01 22:36:07,786 | DEBUG | step 1759 epoch 2 loss 0.0863 step_s 0.0015 peak_mem_gb 0.216
2026-10-01 22:36:07,788 | DEBUG | step 1760 epoch 2 loss 0.1516 step_s 0.0015 peak_mem_gb 0.216
2026-10-01 22:36:07,791 | DEBUG | step 1761 epoch 2 loss 0.1545 step_s 0.0015 peak_mem_gb 0.216
2026-10-01 22:36:07,793 | DEBUG | step 1762 epoch 2 loss 0.1221 step_s 0.0015 peak_mem_gb 0.216
2026-10-01 22:36:07,795 | DEBUG | step 1763 epoch 2 loss 0.1903 step_s 0.0015 peak_mem_gb 0.216
2026-10-01 22:36:07,798 | DEBUG | step 1764 epoch 2 loss 0.1568 step_s 0.0015 peak_mem_gb 0.216
2026-10-01 22:36:07,800 | DEBUG | step 1765 epoch 2 loss 0.2511 step_s 0.0015 peak_mem_gb 0.216
2026-10-01 22:36:07,803 | DEBUG | step 1766 epoch 2 loss 0.1677 step_s 0.0022 peak_mem_gb 0.216
2026-10-01 22:36:07,805 | DEBUG | step 1767 epoch 2 loss 0.1702 step_s 0.0016 peak_mem_gb 0.216
2026-10-01 22:36:07,807 | DEBUG | step 1768 epoch 2 loss 0.1608 step_s 0.0015 peak_mem_gb 0.216
2026-10-01 22:36:07,809 | DEBUG | step 1769 epoch 2 loss 0.1515 step_s 0.0015 peak_mem_gb 0.216
2026-10-01 22:36:07,811 | DEBUG | step 1770 epoch 2 loss 0.1480 step_s 0.0014 peak_mem_gb 0.216
2026-10-01 22:36:07,814 | DEBUG | step 1771 epoch 2 loss 0.1739 step_s 0.0014 peak_mem_gb 0.216
2026-10-01 22:36:07,816 | DEBUG | step 1772 epoch 2 loss 0.2345 step_s 0.0014 peak_mem_gb 0.216
2026-10-01 22:36:07,818 | DEBUG | step 1773 epoch 2 loss 0.1251 step_s 0.0015 peak_mem_gb 0.216
2026-10-01 22:36:07,820 | DEBUG | step 1774 epoch 2 loss 0.4170 step_s 0.0014 peak_mem_gb 0.216
2026-10-01 22:36:07,822 | DEBUG | step 1775 epoch 2 loss 0.2117 step_s 0.0014 peak_mem_gb 0.216
2026-10-01 22:36:07,824 | DEBUG | step 1776 epoch 2 loss 0.1603 step_s 0.0015 peak_mem_gb 0.216
2026-10-01 22:36:07,827 | DEBUG | step 1777 epoch 2 loss 0.1606 step_s 0.0015 peak_mem_gb 0.216
2026-10-01 22:36:07,829 | DEBUG | step 1778 epoch 2 loss 0.0764 step_s 0.0015 peak_mem_gb 0.216
2026-10-01 22:36:07,831 | DEBUG | step 1779 epoch 2 loss 0.1773 step_s 0.0015 peak_mem_gb 0.216
2026-10-01 22:36:07,833 | DEBUG | step 1780 epoch 2 loss 0.0747 step_s 0.0015 peak_mem_gb 0.216
2026-10-01 22:36:07,836 | DEBUG | step 1781 epoch 2 loss 0.3530 step_s 0.0014 peak_mem_gb 0.216
2026-10-01 22:36:07,838 | DEBUG | step 1782 epoch 2 loss 0.1726 step_s 0.0014 peak_mem_gb 0.216
2026-10-01 22:36:07,840 | DEBUG | step 1783 epoch 2 loss 0.1397 step_s 0.0014 peak_mem_gb 0.216
2026-10-01 22:36:07,842 | DEBUG | step 1784 epoch 2 loss 0.1999 step_s 0.0014 peak_mem_gb 0.216
2026-10-01 22:36:07,845 | DEBUG | step 1785 epoch 2 loss 0.2142 step_s 0.0015 peak_mem_gb 0.216
2026-10-01 22:36:07,847 | DEBUG | step 1786 epoch 2 loss 0.1431 step_s 0.0014 peak_mem_gb 0.216
2026-10-01 22:36:07,849 | DEBUG | step 1787 epoch 2 loss 0.1587 step_s 0.0016 peak_mem_gb 0.216
2026-10-01 22:36:07,851 | DEBUG | step 1788 epoch 2 loss 0.2309 step_s 0.0015 peak_mem_gb 0.216
2026-10-01 22:36:07,854 | DEBUG | step 1789 epoch 2 loss 0.2462 step_s 0.0016 peak_mem_gb 0.216
2026-10-01 22:36:07,856 | DEBUG | step 1790 epoch 2 loss 0.3469 step_s 0.0014 peak_mem_gb 0.216
2026-10-01 22:36:07,858 | DEBUG | step 1791 epoch 2 loss 0.0976 step_s 0.0015 peak_mem_gb 0.216
2026-10-01 22:36:07,860 | DEBUG | step 1792 epoch 2 loss 0.2870 step_s 0.0016 peak_mem_gb 0.216
2026-10-01 22:36:07,862 | DEBUG | step 1793 epoch 2 loss 0.2984 step_s 0.0015 peak_mem_gb 0.216
2026-10-01 22:36:07,865 | DEBUG | step 1794 epoch 2 loss 0.1092 step_s 0.0016 peak_mem_gb 0.216
2026-10-01 22:36:07,867 | DEBUG | step 1795 epoch 2 loss 0.1662 step_s 0.0015 peak_mem_gb 0.216
2026-10-01 22:36:07,869 | DEBUG | step 1796 epoch 2 loss 0.1710 step_s 0.0015 peak_mem_gb 0.216
2026-10-01 22:36:07,871 | DEBUG | step 1797 epoch 2 loss 0.1668 step_s 0.0014 peak_mem_gb 0.216
2026-10-01 22:36:07,874 | DEBUG | step 1798 epoch 2 loss 0.0880 step_s 0.0015 peak_mem_gb 0.216
2026-10-01 22:36:07,876 | DEBUG | step 1799 epoch 2 loss 0.2296 step_s 0.0014 peak_mem_gb 0.216
2026-10-01 22:36:07,878 | INFO | step 1800 epoch 2 loss 0.2612 step_s 0.0015 peak_mem_gb 0.216
2026-10-01 22:36:07,881 | DEBUG | step 1801 epoch 2 loss 0.1222 step_s 0.0017 peak_mem_gb 0.216
2026-10-01 22:36:07,883 | DEBUG | step 1802 epoch 2 loss 0.1729 step_s 0.0015 peak_mem_gb 0.216
2026-10-01 22:36:07,886 | DEBUG | step 1803 epoch 2 loss 0.2370 step_s 0.0019 peak_mem_gb 0.216
2026-10-01 22:36:07,889 | DEBUG | step 1804 epoch 2 loss 0.2621 step_s 0.0018 peak_mem_gb 0.216
2026-10-01 22:36:07,891 | DEBUG | step 1805 epoch 2 loss 0.1514 step_s 0.0015 peak_mem_gb 0.216
2026-10-01 22:36:07,893 | DEBUG | step 1806 epoch 2 loss 0.1240 step_s 0.0015 peak_mem_gb 0.216
2026-10-01 22:36:07,895 | DEBUG | step 1807 epoch 2 loss 0.1225 step_s 0.0015 peak_mem_gb 0.216
2026-10-01 22:36:07,898 | DEBUG | step 1808 epoch 2 loss 0.2649 step_s 0.0014 peak_mem_gb 0.216
2026-10-01 22:36:07,900 | DEBUG | step 1809 epoch 2 loss 0.3320 step_s 0.0014 peak_mem_gb 0.216
2026-10-01 22:36:07,902 | DEBUG | step 1810 epoch 2 loss 0.3506 step_s 0.0015 peak_mem_gb 0.216
2026-10-01 22:36:07,904 | DEBUG | step 1811 epoch 2 loss 0.2898 step_s 0.0015 peak_mem_gb 0.216
2026-10-01 22:36:07,906 | DEBUG | step 1812 epoch 2 loss 0.1208 step_s 0.0015 peak_mem_gb 0.216
2026-10-01 22:36:07,909 | DEBUG | step 1813 epoch 2 loss 0.1446 step_s 0.0015 peak_mem_gb 0.216
2026-10-01 22:36:07,911 | DEBUG | step 1814 epoch 2 loss 0.2136 step_s 0.0015 peak_mem_gb 0.216
2026-10-01 22:36:07,913 | DEBUG | step 1815 epoch 2 loss 0.1672 step_s 0.0015 peak_mem_gb 0.216
2026-10-01 22:36:07,915 | DEBUG | step 1816 epoch 2 loss 0.1291 step_s 0.0014 peak_mem_gb 0.216
2026-10-01 22:36:07,917 | DEBUG | step 1817 epoch 2 loss 0.1491 step_s 0.0015 peak_mem_gb 0.216
2026-10-01 22:36:07,919 | DEBUG | step 1818 epoch 2 loss 0.1684 step_s 0.0014 peak_mem_gb 0.216
2026-10-01 22:36:07,922 | DEBUG | step 1819 epoch 2 loss 0.1890 step_s 0.0014 peak_mem_gb 0.216
2026-10-01 22:36:07,924 | DEBUG | step 1820 epoch 2 loss 0.1906 step_s 0.0014 peak_mem_gb 0.216
2026-10-01 22:36:07,926 | DEBUG | step 1821 epoch 2 loss 0.0920 step_s 0.0014 peak_mem_gb 0.216
2026-10-01 22:36:07,928 | DEBUG | step 1822 epoch 2 loss 0.2536 step_s 0.0014 peak_mem_gb 0.216
2026-10-01 22:36:07,930 | DEBUG | step 1823 epoch 2 loss 0.2219 step_s 0.0014 peak_mem_gb 0.216
2026-10-01 22:36:07,932 | DEBUG | step 1824 epoch 2 loss 0.2348 step_s 0.0014 peak_mem_gb 0.216
2026-10-01 22:36:07,934 | DEBUG | step 1825 epoch 2 loss 0.1981 step_s 0.0014 peak_mem_gb 0.216
2026-10-01 22:36:07,936 | DEBUG | step 1826 epoch 2 loss 0.1433 step_s 0.0015 peak_mem_gb 0.216
2026-10-01 22:36:07,939 | DEBUG | step 1827 epoch 2 loss 0.2557 step_s 0.0015 peak_mem_gb 0.216
2026-10-01 22:36:07,941 | DEBUG | step 1828 epoch 2 loss 0.2395 step_s 0.0015 peak_mem_gb 0.216
2026-10-01 22:36:07,943 | DEBUG | step 1829 epoch 2 loss 0.2221 step_s 0.0014 peak_mem_gb 0.216
2026-10-01 22:36:07,945 | DEBUG | step 1830 epoch 2 loss 0.2220 step_s 0.0015 peak_mem_gb 0.216
2026-10-01 22:36:07,947 | DEBUG | step 1831 epoch 2 loss 0.2832 step_s 0.0014 peak_mem_gb 0.216
2026-10-01 22:36:07,949 | DEBUG | step 1832 epoch 2 loss 0.1414 step_s 0.0015 peak_mem_gb 0.216
2026-10-01 22:36:07,951 | DEBUG | step 1833 epoch 2 loss 0.2250 step_s 0.0014 peak_mem_gb 0.216
2026-10-01 22:36:07,954 | DEBUG | step 1834 epoch 2 loss 0.1789 step_s 0.0016 peak_mem_gb 0.216
2026-10-01 22:36:07,956 | DEBUG | step 1835 epoch 2 loss 0.2547 step_s 0.0014 peak_mem_gb 0.216
2026-10-01 22:36:07,958 | DEBUG | step 1836 epoch 2 loss 0.1374 step_s 0.0014 peak_mem_gb 0.216
2026-10-01 22:36:07,960 | DEBUG | step 1837 epoch 2 loss 0.1543 step_s 0.0014 peak_mem_gb 0.216
2026-10-01 22:36:07,962 | DEBUG | step 1838 epoch 2 loss 0.1168 step_s 0.0014 peak_mem_gb 0.216
2026-10-01 22:36:07,964 | DEBUG | step 1839 epoch 2 loss 0.1917 step_s 0.0015 peak_mem_gb 0.216
2026-10-01 22:36:07,966 | DEBUG | step 1840 epoch 2 loss 0.2127 step_s 0.0014 peak_mem_gb 0.216
2026-10-01 22:36:07,969 | DEBUG | step 1841 epoch 2 loss 0.1054 step_s 0.0015 peak_mem_gb 0.216
2026-10-01 22:36:07,971 | DEBUG | step 1842 epoch 2 loss 0.2794 step_s 0.0014 peak_mem_gb 0.216
2026-10-01 22:36:07,973 | DEBUG | step 1843 epoch 2 loss 0.2013 step_s 0.0015 peak_mem_gb 0.216
2026-10-01 22:36:07,975 | DEBUG | step 1844 epoch 2 loss 0.2814 step_s 0.0014 peak_mem_gb 0.216
2026-10-01 22:36:07,978 | DEBUG | step 1845 epoch 2 loss 0.1191 step_s 0.0015 peak_mem_gb 0.216
2026-10-01 22:36:07,980 | DEBUG | step 1846 epoch 2 loss 0.2301 step_s 0.0014 peak_mem_gb 0.216
2026-10-01 22:36:07,982 | DEBUG | step 1847 epoch 2 loss 0.1192 step_s 0.0014 peak_mem_gb 0.216
2026-10-01 22:36:07,984 | DEBUG | step 1848 epoch 2 loss 0.1710 step_s 0.0014 peak_mem_gb 0.216
2026-10-01 22:36:07,986 | DEBUG | step 1849 epoch 2 loss 0.1040 step_s 0.0015 peak_mem_gb 0.216
2026-10-01 22:36:07,988 | DEBUG | step 1850 epoch 2 loss 0.2430 step_s 0.0014 peak_mem_gb 0.216
2026-10-01 22:36:07,990 | DEBUG | step 1851 epoch 2 loss 0.1355 step_s 0.0014 peak_mem_gb 0.216
2026-10-01 22:36:07,992 | DEBUG | step 1852 epoch 2 loss 0.1494 step_s 0.0014 peak_mem_gb 0.216
2026-10-01 22:36:07,994 | DEBUG | step 1853 epoch 2 loss 0.2458 step_s 0.0014 peak_mem_gb 0.216
2026-10-01 22:36:07,997 | DEBUG | step 1854 epoch 2 loss 0.2575 step_s 0.0016 peak_mem_gb 0.216
2026-10-01 22:36:07,999 | DEBUG | step 1855 epoch 2 loss 0.2124 step_s 0.0014 peak_mem_gb 0.216
2026-10-01 22:36:08,001 | DEBUG | step 1856 epoch 2 loss 0.1540 step_s 0.0015 peak_mem_gb 0.216
2026-10-01 22:36:08,003 | DEBUG | step 1857 epoch 2 loss 0.1616 step_s 0.0014 peak_mem_gb 0.216
2026-10-01 22:36:08,005 | DEBUG | step 1858 epoch 2 loss 0.2184 step_s 0.0015 peak_mem_gb 0.216
2026-10-01 22:36:08,007 | DEBUG | step 1859 epoch 2 loss 0.1974 step_s 0.0014 peak_mem_gb 0.216
2026-10-01 22:36:08,010 | DEBUG | step 1860 epoch 2 loss 0.1950 step_s 0.0014 peak_mem_gb 0.216
2026-10-01 22:36:08,012 | DEBUG | step 1861 epoch 2 loss 0.2962 step_s 0.0015 peak_mem_gb 0.216
2026-10-01 22:36:08,014 | DEBUG | step 1862 epoch 2 loss 0.1637 step_s 0.0014 peak_mem_gb 0.216
2026-10-01 22:36:08,016 | DEBUG | step 1863 epoch 2 loss 0.2448 step_s 0.0015 peak_mem_gb 0.216
2026-10-01 22:36:08,018 | DEBUG | step 1864 epoch 2 loss 0.1368 step_s 0.0014 peak_mem_gb 0.216
2026-10-01 22:36:08,021 | DEBUG | step 1865 epoch 2 loss 0.1921 step_s 0.0017 peak_mem_gb 0.216
2026-10-01 22:36:08,023 | DEBUG | step 1866 epoch 2 loss 0.1340 step_s 0.0015 peak_mem_gb 0.216
2026-10-01 22:36:08,025 | DEBUG | step 1867 epoch 2 loss 0.1645 step_s 0.0015 peak_mem_gb 0.216
2026-10-01 22:36:08,027 | DEBUG | step 1868 epoch 2 loss 0.0859 step_s 0.0014 peak_mem_gb 0.216
2026-10-01 22:36:08,029 | DEBUG | step 1869 epoch 2 loss 0.1656 step_s 0.0014 peak_mem_gb 0.216
2026-10-01 22:36:08,032 | DEBUG | step 1870 epoch 2 loss 0.2021 step_s 0.0014 peak_mem_gb 0.216
2026-10-01 22:36:08,034 | DEBUG | step 1871 epoch 2 loss 0.1793 step_s 0.0015 peak_mem_gb 0.216
2026-10-01 22:36:08,036 | DEBUG | step 1872 epoch 2 loss 0.1912 step_s 0.0015 peak_mem_gb 0.216
2026-10-01 22:36:08,038 | DEBUG | step 1873 epoch 2 loss 0.2510 step_s 0.0015 peak_mem_gb 0.216
2026-10-01 22:36:08,041 | DEBUG | step 1874 epoch 2 loss 0.2029 step_s 0.0014 peak_mem_gb 0.216
2026-10-01 22:36:08,043 | DEBUG | step 1875 epoch 2 loss 0.0916 step_s 0.0014 peak_mem_gb 0.216
2026-10-01 22:36:08,045 | DEBUG | step 1876 epoch 2 loss 0.2283 step_s 0.0015 peak_mem_gb 0.216
2026-10-01 22:36:08,047 | DEBUG | step 1877 epoch 2 loss 0.1024 step_s 0.0015 peak_mem_gb 0.216
2026-10-01 22:36:08,049 | DEBUG | step 1878 epoch 2 loss 0.1437 step_s 0.0016 peak_mem_gb 0.216
2026-10-01 22:36:08,052 | DEBUG | step 1879 epoch 2 loss 0.2307 step_s 0.0016 peak_mem_gb 0.216
2026-10-01 22:36:08,054 | DEBUG | step 1880 epoch 2 loss 0.2670 step_s 0.0016 peak_mem_gb 0.216
2026-10-01 22:36:08,057 | DEBUG | step 1881 epoch 2 loss 0.1548 step_s 0.0015 peak_mem_gb 0.216
2026-10-01 22:36:08,059 | DEBUG | step 1882 epoch 2 loss 0.1478 step_s 0.0015 peak_mem_gb 0.216
2026-10-01 22:36:08,061 | DEBUG | step 1883 epoch 2 loss 0.1405 step_s 0.0016 peak_mem_gb 0.216
2026-10-01 22:36:08,063 | DEBUG | step 1884 epoch 2 loss 0.1220 step_s 0.0015 peak_mem_gb 0.216
2026-10-01 22:36:08,066 | DEBUG | step 1885 epoch 2 loss 0.2261 step_s 0.0015 peak_mem_gb 0.216
2026-10-01 22:36:08,068 | DEBUG | step 1886 epoch 2 loss 0.1114 step_s 0.0014 peak_mem_gb 0.216
2026-10-01 22:36:08,070 | DEBUG | step 1887 epoch 2 loss 0.2677 step_s 0.0015 peak_mem_gb 0.216
2026-10-01 22:36:08,072 | DEBUG | step 1888 epoch 2 loss 0.1076 step_s 0.0014 peak_mem_gb 0.216
2026-10-01 22:36:08,074 | DEBUG | step 1889 epoch 2 loss 0.1611 step_s 0.0014 peak_mem_gb 0.216
2026-10-01 22:36:08,077 | DEBUG | step 1890 epoch 2 loss 0.1590 step_s 0.0015 peak_mem_gb 0.216
2026-10-01 22:36:08,079 | DEBUG | step 1891 epoch 2 loss 0.1672 step_s 0.0014 peak_mem_gb 0.216
2026-10-01 22:36:08,081 | DEBUG | step 1892 epoch 2 loss 0.0779 step_s 0.0016 peak_mem_gb 0.216
2026-10-01 22:36:08,083 | DEBUG | step 1893 epoch 2 loss 0.2398 step_s 0.0014 peak_mem_gb 0.216
2026-10-01 22:36:08,085 | DEBUG | step 1894 epoch 2 loss 0.0867 step_s 0.0015 peak_mem_gb 0.216
2026-10-01 22:36:08,087 | DEBUG | step 1895 epoch 2 loss 0.2419 step_s 0.0015 peak_mem_gb 0.216
2026-10-01 22:36:08,090 | DEBUG | step 1896 epoch 2 loss 0.0930 step_s 0.0015 peak_mem_gb 0.216
2026-10-01 22:36:08,092 | DEBUG | step 1897 epoch 2 loss 0.2812 step_s 0.0015 peak_mem_gb 0.216
2026-10-01 22:36:08,094 | DEBUG | step 1898 epoch 2 loss 0.2221 step_s 0.0014 peak_mem_gb 0.216
2026-10-01 22:36:08,096 | DEBUG | step 1899 epoch 2 loss 0.1232 step_s 0.0014 peak_mem_gb 0.216
2026-10-01 22:36:08,098 | DEBUG | step 1900 epoch 2 loss 0.1605 step_s 0.0015 peak_mem_gb 0.216
2026-10-01 22:36:08,101 | DEBUG | step 1901 epoch 2 loss 0.3862 step_s 0.0015 peak_mem_gb 0.216
2026-10-01 22:36:08,103 | DEBUG | step 1902 epoch 2 loss 0.2482 step_s 0.0015 peak_mem_gb 0.216
2026-10-01 22:36:08,105 | DEBUG | step 1903 epoch 2 loss 0.1528 step_s 0.0015 peak_mem_gb 0.216
2026-10-01 22:36:08,107 | DEBUG | step 1904 epoch 2 loss 0.2032 step_s 0.0014 peak_mem_gb 0.216
2026-10-01 22:36:08,109 | DEBUG | step 1905 epoch 2 loss 0.1763 step_s 0.0015 peak_mem_gb 0.216
2026-10-01 22:36:08,112 | DEBUG | step 1906 epoch 2 loss 0.1396 step_s 0.0014 peak_mem_gb 0.216
2026-10-01 22:36:08,114 | DEBUG | step 1907 epoch 2 loss 0.2493 step_s 0.0014 peak_mem_gb 0.216
2026-10-01 22:36:08,116 | DEBUG | step 1908 epoch 2 loss 0.1469 step_s 0.0014 peak_mem_gb 0.216
2026-10-01 22:36:08,118 | DEBUG | step 1909 epoch 2 loss 0.1368 step_s 0.0015 peak_mem_gb 0.216
2026-10-01 22:36:08,120 | DEBUG | step 1910 epoch 2 loss 0.2053 step_s 0.0015 peak_mem_gb 0.216
2026-10-01 22:36:08,122 | DEBUG | step 1911 epoch 2 loss 0.1792 step_s 0.0014 peak_mem_gb 0.216
2026-10-01 22:36:08,124 | DEBUG | step 1912 epoch 2 loss 0.0840 step_s 0.0014 peak_mem_gb 0.216
2026-10-01 22:36:08,126 | DEBUG | step 1913 epoch 2 loss 0.2255 step_s 0.0014 peak_mem_gb 0.216
2026-10-01 22:36:08,129 | DEBUG | step 1914 epoch 2 loss 0.1751 step_s 0.0015 peak_mem_gb 0.216
2026-10-01 22:36:08,131 | DEBUG | step 1915 epoch 2 loss 0.1868 step_s 0.0014 peak_mem_gb 0.216
2026-10-01 22:36:08,133 | DEBUG | step 1916 epoch 2 loss 0.0920 step_s 0.0015 peak_mem_gb 0.216
2026-10-01 22:36:08,135 | DEBUG | step 1917 epoch 2 loss 0.2225 step_s 0.0014 peak_mem_gb 0.216
2026-10-01 22:36:08,137 | DEBUG | step 1918 epoch 2 loss 0.2116 step_s 0.0016 peak_mem_gb 0.216
2026-10-01 22:36:08,140 | DEBUG | step 1919 epoch 2 loss 0.2713 step_s 0.0014 peak_mem_gb 0.216
2026-10-01 22:36:08,142 | DEBUG | step 1920 epoch 2 loss 0.1456 step_s 0.0014 peak_mem_gb 0.216
2026-10-01 22:36:08,144 | DEBUG | step 1921 epoch 2 loss 0.2952 step_s 0.0014 peak_mem_gb 0.216
2026-10-01 22:36:08,146 | DEBUG | step 1922 epoch 2 loss 0.1559 step_s 0.0014 peak_mem_gb 0.216
2026-10-01 22:36:08,148 | DEBUG | step 1923 epoch 2 loss 0.2563 step_s 0.0014 peak_mem_gb 0.216
2026-10-01 22:36:08,150 | DEBUG | step 1924 epoch 2 loss 0.1062 step_s 0.0014 peak_mem_gb 0.216
2026-10-01 22:36:08,153 | DEBUG | step 1925 epoch 2 loss 0.1984 step_s 0.0017 peak_mem_gb 0.216
2026-10-01 22:36:08,156 | DEBUG | step 1926 epoch 2 loss 0.2295 step_s 0.0016 peak_mem_gb 0.216
2026-10-01 22:36:08,158 | DEBUG | step 1927 epoch 2 loss 0.1530 step_s 0.0015 peak_mem_gb 0.216
2026-10-01 22:36:08,160 | DEBUG | step 1928 epoch 2 loss 0.0943 step_s 0.0015 peak_mem_gb 0.216
2026-10-01 22:36:08,162 | DEBUG | step 1929 epoch 2 loss 0.3036 step_s 0.0014 peak_mem_gb 0.216
2026-10-01 22:36:08,164 | DEBUG | step 1930 epoch 2 loss 0.1570 step_s 0.0015 peak_mem_gb 0.216
2026-10-01 22:36:08,167 | DEBUG | step 1931 epoch 2 loss 0.1896 step_s 0.0014 peak_mem_gb 0.216
2026-10-01 22:36:08,169 | DEBUG | step 1932 epoch 2 loss 0.2156 step_s 0.0016 peak_mem_gb 0.216
2026-10-01 22:36:08,171 | DEBUG | step 1933 epoch 2 loss 0.0675 step_s 0.0014 peak_mem_gb 0.216
2026-10-01 22:36:08,173 | DEBUG | step 1934 epoch 2 loss 0.2100 step_s 0.0015 peak_mem_gb 0.216
2026-10-01 22:36:08,175 | DEBUG | step 1935 epoch 2 loss 0.1955 step_s 0.0015 peak_mem_gb 0.216
2026-10-01 22:36:08,178 | DEBUG | step 1936 epoch 2 loss 0.1993 step_s 0.0015 peak_mem_gb 0.216
2026-10-01 22:36:08,180 | DEBUG | step 1937 epoch 2 loss 0.2254 step_s 0.0014 peak_mem_gb 0.216
2026-10-01 22:36:08,182 | DEBUG | step 1938 epoch 2 loss 0.2241 step_s 0.0014 peak_mem_gb 0.216
2026-10-01 22:36:08,184 | DEBUG | step 1939 epoch 2 loss 0.1746 step_s 0.0015 peak_mem_gb 0.216
2026-10-01 22:36:08,186 | DEBUG | step 1940 epoch 2 loss 0.1634 step_s 0.0014 peak_mem_gb 0.216
2026-10-01 22:36:08,189 | DEBUG | step 1941 epoch 2 loss 0.1190 step_s 0.0015 peak_mem_gb 0.216
2026-10-01 22:36:08,191 | DEBUG | step 1942 epoch 2 loss 0.1529 step_s 0.0014 peak_mem_gb 0.216
2026-10-01 22:36:08,193 | DEBUG | step 1943 epoch 2 loss 0.1996 step_s 0.0014 peak_mem_gb 0.216
2026-10-01 22:36:08,195 | DEBUG | step 1944 epoch 2 loss 0.1823 step_s 0.0014 peak_mem_gb 0.216
2026-10-01 22:36:08,197 | DEBUG | step 1945 epoch 2 loss 0.2117 step_s 0.0015 peak_mem_gb 0.216
2026-10-01 22:36:08,199 | DEBUG | step 1946 epoch 2 loss 0.1685 step_s 0.0015 peak_mem_gb 0.216
2026-10-01 22:36:08,201 | DEBUG | step 1947 epoch 2 loss 0.2225 step_s 0.0015 peak_mem_gb 0.216
2026-10-01 22:36:08,203 | DEBUG | step 1948 epoch 2 loss 0.1665 step_s 0.0014 peak_mem_gb 0.216
2026-10-01 22:36:08,206 | DEBUG | step 1949 epoch 2 loss 0.2413 step_s 0.0015 peak_mem_gb 0.216
2026-10-01 22:36:08,208 | DEBUG | step 1950 epoch 2 loss 0.1040 step_s 0.0015 peak_mem_gb 0.216
2026-10-01 22:36:08,210 | DEBUG | step 1951 epoch 2 loss 0.1908 step_s 0.0014 peak_mem_gb 0.216
2026-10-01 22:36:08,212 | DEBUG | step 1952 epoch 2 loss 0.2387 step_s 0.0014 peak_mem_gb 0.216
2026-10-01 22:36:08,214 | DEBUG | step 1953 epoch 2 loss 0.1989 step_s 0.0015 peak_mem_gb 0.216
2026-10-01 22:36:08,217 | DEBUG | step 1954 epoch 2 loss 0.1331 step_s 0.0016 peak_mem_gb 0.216
2026-10-01 22:36:08,219 | DEBUG | step 1955 epoch 2 loss 0.1736 step_s 0.0014 peak_mem_gb 0.216
2026-10-01 22:36:08,221 | DEBUG | step 1956 epoch 2 loss 0.3091 step_s 0.0014 peak_mem_gb 0.216
2026-10-01 22:36:08,223 | DEBUG | step 1957 epoch 2 loss 0.2664 step_s 0.0014 peak_mem_gb 0.216
2026-10-01 22:36:08,225 | DEBUG | step 1958 epoch 2 loss 0.2094 step_s 0.0015 peak_mem_gb 0.216
2026-10-01 22:36:08,227 | DEBUG | step 1959 epoch 2 loss 0.1547 step_s 0.0014 peak_mem_gb 0.216
2026-10-01 22:36:08,229 | DEBUG | step 1960 epoch 2 loss 0.1384 step_s 0.0015 peak_mem_gb 0.216
2026-10-01 22:36:08,232 | DEBUG | step 1961 epoch 2 loss 0.1601 step_s 0.0016 peak_mem_gb 0.216
2026-10-01 22:36:08,234 | DEBUG | step 1962 epoch 2 loss 0.1878 step_s 0.0014 peak_mem_gb 0.216
2026-10-01 22:36:08,236 | DEBUG | step 1963 epoch 2 loss 0.2354 step_s 0.0014 peak_mem_gb 0.216
2026-10-01 22:36:08,238 | DEBUG | step 1964 epoch 2 loss 0.1229 step_s 0.0014 peak_mem_gb 0.216
2026-10-01 22:36:08,240 | DEBUG | step 1965 epoch 2 loss 0.2056 step_s 0.0015 peak_mem_gb 0.216
2026-10-01 22:36:08,242 | DEBUG | step 1966 epoch 2 loss 0.1691 step_s 0.0015 peak_mem_gb 0.216
2026-10-01 22:36:08,244 | DEBUG | step 1967 epoch 2 loss 0.2311 step_s 0.0015 peak_mem_gb 0.216
2026-10-01 22:36:08,247 | DEBUG | step 1968 epoch 2 loss 0.1353 step_s 0.0015 peak_mem_gb 0.216
2026-10-01 22:36:08,249 | DEBUG | step 1969 epoch 2 loss 0.1941 step_s 0.0015 peak_mem_gb 0.216
2026-10-01 22:36:08,251 | DEBUG | step 1970 epoch 2 loss 0.1325 step_s 0.0015 peak_mem_gb 0.216
2026-10-01 22:36:08,253 | DEBUG | step 1971 epoch 2 loss 0.1813 step_s 0.0015 peak_mem_gb 0.216
2026-10-01 22:36:08,255 | DEBUG | step 1972 epoch 2 loss 0.1972 step_s 0.0014 peak_mem_gb 0.216
2026-10-01 22:36:08,258 | DEBUG | step 1973 epoch 2 loss 0.2130 step_s 0.0014 peak_mem_gb 0.216
2026-10-01 22:36:08,260 | DEBUG | step 1974 epoch 2 loss 0.1458 step_s 0.0015 peak_mem_gb 0.216
2026-10-01 22:36:08,262 | DEBUG | step 1975 epoch 2 loss 0.1494 step_s 0.0014 peak_mem_gb 0.216
2026-10-01 22:36:08,264 | DEBUG | step 1976 epoch 2 loss 0.2992 step_s 0.0015 peak_mem_gb 0.216
2026-10-01 22:36:08,266 | DEBUG | step 1977 epoch 2 loss 0.0908 step_s 0.0014 peak_mem_gb 0.216
2026-10-01 22:36:08,268 | DEBUG | step 1978 epoch 2 loss 0.1947 step_s 0.0014 peak_mem_gb 0.216
2026-10-01 22:36:08,270 | DEBUG | step 1979 epoch 2 loss 0.1540 step_s 0.0014 peak_mem_gb 0.216
2026-10-01 22:36:08,272 | DEBUG | step 1980 epoch 2 loss 0.1325 step_s 0.0015 peak_mem_gb 0.216
2026-10-01 22:36:08,275 | DEBUG | step 1981 epoch 2 loss 0.1193 step_s 0.0014 peak_mem_gb 0.216
2026-10-01 22:36:08,277 | DEBUG | step 1982 epoch 2 loss 0.1890 step_s 0.0015 peak_mem_gb 0.216
2026-10-01 22:36:08,279 | DEBUG | step 1983 epoch 2 loss 0.1890 step_s 0.0015 peak_mem_gb 0.216
2026-10-01 22:36:08,281 | DEBUG | step 1984 epoch 2 loss 0.1409 step_s 0.0015 peak_mem_gb 0.216
2026-10-01 22:36:08,283 | DEBUG | step 1985 epoch 2 loss 0.3112 step_s 0.0014 peak_mem_gb 0.216
2026-10-01 22:36:08,285 | DEBUG | step 1986 epoch 2 loss 0.2193 step_s 0.0014 peak_mem_gb 0.216
2026-10-01 22:36:08,288 | DEBUG | step 1987 epoch 2 loss 0.1533 step_s 0.0014 peak_mem_gb 0.216
2026-10-01 22:36:08,290 | DEBUG | step 1988 epoch 2 loss 0.0994 step_s 0.0014 peak_mem_gb 0.216
2026-10-01 22:36:08,292 | DEBUG | step 1989 epoch 2 loss 0.1827 step_s 0.0014 peak_mem_gb 0.216
2026-10-01 22:36:08,294 | DEBUG | step 1990 epoch 2 loss 0.1258 step_s 0.0015 peak_mem_gb 0.216
2026-10-01 22:36:08,296 | DEBUG | step 1991 epoch 2 loss 0.1927 step_s 0.0017 peak_mem_gb 0.216
2026-10-01 22:36:08,299 | DEBUG | step 1992 epoch 2 loss 0.1424 step_s 0.0015 peak_mem_gb 0.216
2026-10-01 22:36:08,301 | DEBUG | step 1993 epoch 2 loss 0.2072 step_s 0.0016 peak_mem_gb 0.216
2026-10-01 22:36:08,303 | DEBUG | step 1994 epoch 2 loss 0.2337 step_s 0.0015 peak_mem_gb 0.216
2026-10-01 22:36:08,305 | DEBUG | step 1995 epoch 2 loss 0.1789 step_s 0.0016 peak_mem_gb 0.216
2026-10-01 22:36:08,308 | DEBUG | step 1996 epoch 2 loss 0.1790 step_s 0.0015 peak_mem_gb 0.216
2026-10-01 22:36:08,310 | DEBUG | step 1997 epoch 2 loss 0.2125 step_s 0.0015 peak_mem_gb 0.216
2026-10-01 22:36:08,312 | DEBUG | step 1998 epoch 2 loss 0.1962 step_s 0.0015 peak_mem_gb 0.216
2026-10-01 22:36:08,314 | DEBUG | step 1999 epoch 2 loss 0.1587 step_s 0.0017 peak_mem_gb 0.216
2026-10-01 22:36:08,317 | INFO | step 2000 epoch 2 loss 0.1625 step_s 0.0016 peak_mem_gb 0.216
2026-10-01 22:36:08,321 | DEBUG | step 2001 epoch 2 loss 0.1506 step_s 0.0030 peak_mem_gb 0.216
2026-10-01 22:36:08,324 | DEBUG | step 2002 epoch 2 loss 0.0746 step_s 0.0017 peak_mem_gb 0.216
2026-10-01 22:36:08,326 | DEBUG | step 2003 epoch 2 loss 0.2032 step_s 0.0017 peak_mem_gb 0.216
2026-10-01 22:36:08,329 | DEBUG | step 2004 epoch 2 loss 0.1539 step_s 0.0017 peak_mem_gb 0.216
2026-10-01 22:36:08,331 | DEBUG | step 2005 epoch 2 loss 0.3710 step_s 0.0016 peak_mem_gb 0.216
2026-10-01 22:36:08,333 | DEBUG | step 2006 epoch 2 loss 0.2003 step_s 0.0017 peak_mem_gb 0.216
2026-10-01 22:36:08,336 | DEBUG | step 2007 epoch 2 loss 0.2411 step_s 0.0016 peak_mem_gb 0.216
2026-10-01 22:36:08,338 | DEBUG | step 2008 epoch 2 loss 0.1673 step_s 0.0016 peak_mem_gb 0.216
2026-10-01 22:36:08,341 | DEBUG | step 2009 epoch 2 loss 0.2258 step_s 0.0019 peak_mem_gb 0.216
2026-10-01 22:36:08,344 | DEBUG | step 2010 epoch 2 loss 0.4054 step_s 0.0017 peak_mem_gb 0.216
2026-10-01 22:36:08,346 | DEBUG | step 2011 epoch 2 loss 0.1782 step_s 0.0016 peak_mem_gb 0.216
2026-10-01 22:36:08,348 | DEBUG | step 2012 epoch 2 loss 0.1758 step_s 0.0016 peak_mem_gb 0.216
2026-10-01 22:36:08,351 | DEBUG | step 2013 epoch 2 loss 0.1859 step_s 0.0015 peak_mem_gb 0.216
2026-10-01 22:36:08,353 | DEBUG | step 2014 epoch 2 loss 0.1658 step_s 0.0016 peak_mem_gb 0.216
2026-10-01 22:36:08,355 | DEBUG | step 2015 epoch 2 loss 0.2169 step_s 0.0017 peak_mem_gb 0.216
2026-10-01 22:36:08,358 | DEBUG | step 2016 epoch 2 loss 0.1481 step_s 0.0016 peak_mem_gb 0.216
2026-10-01 22:36:08,360 | DEBUG | step 2017 epoch 2 loss 0.2808 step_s 0.0015 peak_mem_gb 0.216
2026-10-01 22:36:08,362 | DEBUG | step 2018 epoch 2 loss 0.1080 step_s 0.0015 peak_mem_gb 0.216
2026-10-01 22:36:08,364 | DEBUG | step 2019 epoch 2 loss 0.1883 step_s 0.0016 peak_mem_gb 0.216
2026-10-01 22:36:08,367 | DEBUG | step 2020 epoch 2 loss 0.1669 step_s 0.0020 peak_mem_gb 0.216
2026-10-01 22:36:08,370 | DEBUG | step 2021 epoch 2 loss 0.2569 step_s 0.0016 peak_mem_gb 0.216
2026-10-01 22:36:08,372 | DEBUG | step 2022 epoch 2 loss 0.2205 step_s 0.0016 peak_mem_gb 0.216
2026-10-01 22:36:08,374 | DEBUG | step 2023 epoch 2 loss 0.2392 step_s 0.0015 peak_mem_gb 0.216
2026-10-01 22:36:08,376 | DEBUG | step 2024 epoch 2 loss 0.2904 step_s 0.0016 peak_mem_gb 0.216
2026-10-01 22:36:08,379 | DEBUG | step 2025 epoch 2 loss 0.1955 step_s 0.0016 peak_mem_gb 0.216
2026-10-01 22:36:08,381 | DEBUG | step 2026 epoch 2 loss 0.1113 step_s 0.0016 peak_mem_gb 0.216
2026-10-01 22:36:08,383 | DEBUG | step 2027 epoch 2 loss 0.1314 step_s 0.0015 peak_mem_gb 0.216
2026-10-01 22:36:08,385 | DEBUG | step 2028 epoch 2 loss 0.4121 step_s 0.0016 peak_mem_gb 0.216
2026-10-01 22:36:08,388 | DEBUG | step 2029 epoch 2 loss 0.1539 step_s 0.0016 peak_mem_gb 0.216
2026-10-01 22:36:08,390 | DEBUG | step 2030 epoch 2 loss 0.2333 step_s 0.0016 peak_mem_gb 0.216
2026-10-01 22:36:08,392 | DEBUG | step 2031 epoch 2 loss 0.1184 step_s 0.0015 peak_mem_gb 0.216
2026-10-01 22:36:08,394 | DEBUG | step 2032 epoch 2 loss 0.2202 step_s 0.0016 peak_mem_gb 0.216
2026-10-01 22:36:08,397 | DEBUG | step 2033 epoch 2 loss 0.1146 step_s 0.0016 peak_mem_gb 0.216
2026-10-01 22:36:08,399 | DEBUG | step 2034 epoch 2 loss 0.1771 step_s 0.0015 peak_mem_gb 0.216
2026-10-01 22:36:08,401 | DEBUG | step 2035 epoch 2 loss 0.3036 step_s 0.0016 peak_mem_gb 0.216
2026-10-01 22:36:08,403 | DEBUG | step 2036 epoch 2 loss 0.2122 step_s 0.0015 peak_mem_gb 0.216
2026-10-01 22:36:08,406 | DEBUG | step 2037 epoch 2 loss 0.1971 step_s 0.0016 peak_mem_gb 0.216
2026-10-01 22:36:08,408 | DEBUG | step 2038 epoch 2 loss 0.2083 step_s 0.0015 peak_mem_gb 0.216
2026-10-01 22:36:08,410 | DEBUG | step 2039 epoch 2 loss 0.1437 step_s 0.0015 peak_mem_gb 0.216
2026-10-01 22:36:08,412 | DEBUG | step 2040 epoch 2 loss 0.1705 step_s 0.0015 peak_mem_gb 0.216
2026-10-01 22:36:08,415 | DEBUG | step 2041 epoch 2 loss 0.2122 step_s 0.0015 peak_mem_gb 0.216
2026-10-01 22:36:08,417 | DEBUG | step 2042 epoch 2 loss 0.2556 step_s 0.0016 peak_mem_gb 0.216
2026-10-01 22:36:08,419 | DEBUG | step 2043 epoch 2 loss 0.1355 step_s 0.0015 peak_mem_gb 0.216
2026-10-01 22:36:08,421 | DEBUG | step 2044 epoch 2 loss 0.0905 step_s 0.0016 peak_mem_gb 0.216
2026-10-01 22:36:08,423 | DEBUG | step 2045 epoch 2 loss 0.2205 step_s 0.0015 peak_mem_gb 0.216
2026-10-01 22:36:08,426 | DEBUG | step 2046 epoch 2 loss 0.2217 step_s 0.0015 peak_mem_gb 0.216
2026-10-01 22:36:08,428 | DEBUG | step 2047 epoch 2 loss 0.2837 step_s 0.0015 peak_mem_gb 0.216
2026-10-01 22:36:08,430 | DEBUG | step 2048 epoch 2 loss 0.2201 step_s 0.0015 peak_mem_gb 0.216
2026-10-01 22:36:08,432 | DEBUG | step 2049 epoch 2 loss 0.2124 step_s 0.0016 peak_mem_gb 0.216
2026-10-01 22:36:08,435 | DEBUG | step 2050 epoch 2 loss 0.1596 step_s 0.0015 peak_mem_gb 0.216
2026-10-01 22:36:08,437 | DEBUG | step 2051 epoch 2 loss 0.1450 step_s 0.0016 peak_mem_gb 0.216
2026-10-01 22:36:08,439 | DEBUG | step 2052 epoch 2 loss 0.1839 step_s 0.0015 peak_mem_gb 0.216
2026-10-01 22:36:08,441 | DEBUG | step 2053 epoch 2 loss 0.1720 step_s 0.0016 peak_mem_gb 0.216
2026-10-01 22:36:08,443 | DEBUG | step 2054 epoch 2 loss 0.1781 step_s 0.0015 peak_mem_gb 0.216
2026-10-01 22:36:08,446 | DEBUG | step 2055 epoch 2 loss 0.2146 step_s 0.0015 peak_mem_gb 0.216
2026-10-01 22:36:08,448 | DEBUG | step 2056 epoch 2 loss 0.2228 step_s 0.0015 peak_mem_gb 0.216
2026-10-01 22:36:08,450 | DEBUG | step 2057 epoch 2 loss 0.1961 step_s 0.0015 peak_mem_gb 0.216
2026-10-01 22:36:08,452 | DEBUG | step 2058 epoch 2 loss 0.2420 step_s 0.0016 peak_mem_gb 0.216
2026-10-01 22:36:08,455 | DEBUG | step 2059 epoch 2 loss 0.1288 step_s 0.0015 peak_mem_gb 0.216
2026-10-01 22:36:08,457 | DEBUG | step 2060 epoch 2 loss 0.1910 step_s 0.0015 peak_mem_gb 0.216
2026-10-01 22:36:08,459 | DEBUG | step 2061 epoch 2 loss 0.1343 step_s 0.0015 peak_mem_gb 0.216
2026-10-01 22:36:08,462 | DEBUG | step 2062 epoch 2 loss 0.2058 step_s 0.0015 peak_mem_gb 0.216
2026-10-01 22:36:08,464 | DEBUG | step 2063 epoch 2 loss 0.2325 step_s 0.0015 peak_mem_gb 0.216
2026-10-01 22:36:08,466 | DEBUG | step 2064 epoch 2 loss 0.2563 step_s 0.0015 peak_mem_gb 0.216
2026-10-01 22:36:08,468 | DEBUG | step 2065 epoch 2 loss 0.0593 step_s 0.0016 peak_mem_gb 0.216
2026-10-01 22:36:08,470 | DEBUG | step 2066 epoch 2 loss 0.2659 step_s 0.0015 peak_mem_gb 0.216
2026-10-01 22:36:08,473 | DEBUG | step 2067 epoch 2 loss 0.1880 step_s 0.0016 peak_mem_gb 0.216
2026-10-01 22:36:08,475 | DEBUG | step 2068 epoch 2 loss 0.0838 step_s 0.0015 peak_mem_gb 0.216
2026-10-01 22:36:08,477 | DEBUG | step 2069 epoch 2 loss 0.2161 step_s 0.0016 peak_mem_gb 0.216
2026-10-01 22:36:08,479 | DEBUG | step 2070 epoch 2 loss 0.2186 step_s 0.0015 peak_mem_gb 0.216
2026-10-01 22:36:08,482 | DEBUG | step 2071 epoch 2 loss 0.2005 step_s 0.0015 peak_mem_gb 0.216
2026-10-01 22:36:08,484 | DEBUG | step 2072 epoch 2 loss 0.1435 step_s 0.0015 peak_mem_gb 0.216
2026-10-01 22:36:08,486 | DEBUG | step 2073 epoch 2 loss 0.1613 step_s 0.0017 peak_mem_gb 0.216
2026-10-01 22:36:08,488 | DEBUG | step 2074 epoch 2 loss 0.1660 step_s 0.0016 peak_mem_gb 0.216
2026-10-01 22:36:08,491 | DEBUG | step 2075 epoch 2 loss 0.1163 step_s 0.0015 peak_mem_gb 0.216
2026-10-01 22:36:08,493 | DEBUG | step 2076 epoch 2 loss 0.1629 step_s 0.0016 peak_mem_gb 0.216
2026-10-01 22:36:08,495 | DEBUG | step 2077 epoch 2 loss 0.1885 step_s 0.0015 peak_mem_gb 0.216
2026-10-01 22:36:08,497 | DEBUG | step 2078 epoch 2 loss 0.1376 step_s 0.0016 peak_mem_gb 0.216
2026-10-01 22:36:08,500 | DEBUG | step 2079 epoch 2 loss 0.0875 step_s 0.0015 peak_mem_gb 0.216
2026-10-01 22:36:08,502 | DEBUG | step 2080 epoch 2 loss 0.0816 step_s 0.0015 peak_mem_gb 0.216
2026-10-01 22:36:08,504 | DEBUG | step 2081 epoch 2 loss 0.0732 step_s 0.0015 peak_mem_gb 0.216
2026-10-01 22:36:08,506 | DEBUG | step 2082 epoch 2 loss 0.2552 step_s 0.0015 peak_mem_gb 0.216
2026-10-01 22:36:08,509 | DEBUG | step 2083 epoch 2 loss 0.1129 step_s 0.0015 peak_mem_gb 0.216
2026-10-01 22:36:08,511 | DEBUG | step 2084 epoch 2 loss 0.1109 step_s 0.0015 peak_mem_gb 0.216
2026-10-01 22:36:08,513 | DEBUG | step 2085 epoch 2 loss 0.2543 step_s 0.0015 peak_mem_gb 0.216
2026-10-01 22:36:08,515 | DEBUG | step 2086 epoch 2 loss 0.1446 step_s 0.0015 peak_mem_gb 0.216
2026-10-01 22:36:08,517 | DEBUG | step 2087 epoch 2 loss 0.2054 step_s 0.0016 peak_mem_gb 0.216
2026-10-01 22:36:08,520 | DEBUG | step 2088 epoch 2 loss 0.1381 step_s 0.0016 peak_mem_gb 0.216
2026-10-01 22:36:08,522 | DEBUG | step 2089 epoch 2 loss 0.1382 step_s 0.0015 peak_mem_gb 0.216
2026-10-01 22:36:08,524 | DEBUG | step 2090 epoch 2 loss 0.0619 step_s 0.0015 peak_mem_gb 0.216
2026-10-01 22:36:08,526 | DEBUG | step 2091 epoch 2 loss 0.1189 step_s 0.0015 peak_mem_gb 0.216
2026-10-01 22:36:08,529 | DEBUG | step 2092 epoch 2 loss 0.1335 step_s 0.0016 peak_mem_gb 0.216
2026-10-01 22:36:08,531 | DEBUG | step 2093 epoch 2 loss 0.0697 step_s 0.0015 peak_mem_gb 0.216
2026-10-01 22:36:08,533 | DEBUG | step 2094 epoch 2 loss 0.0827 step_s 0.0016 peak_mem_gb 0.216
2026-10-01 22:36:08,535 | DEBUG | step 2095 epoch 2 loss 0.2376 step_s 0.0015 peak_mem_gb 0.216
2026-10-01 22:36:08,538 | DEBUG | step 2096 epoch 2 loss 0.1970 step_s 0.0015 peak_mem_gb 0.216
2026-10-01 22:36:08,540 | DEBUG | step 2097 epoch 2 loss 0.1829 step_s 0.0015 peak_mem_gb 0.216
2026-10-01 22:36:08,542 | DEBUG | step 2098 epoch 2 loss 0.1066 step_s 0.0015 peak_mem_gb 0.216
2026-10-01 22:36:08,544 | DEBUG | step 2099 epoch 2 loss 0.2815 step_s 0.0015 peak_mem_gb 0.216
2026-10-01 22:36:08,546 | DEBUG | step 2100 epoch 2 loss 0.3048 step_s 0.0015 peak_mem_gb 0.216
2026-10-01 22:36:08,549 | DEBUG | step 2101 epoch 2 loss 0.1523 step_s 0.0016 peak_mem_gb 0.216
2026-10-01 22:36:08,551 | DEBUG | step 2102 epoch 2 loss 0.1314 step_s 0.0015 peak_mem_gb 0.216
2026-10-01 22:36:08,553 | DEBUG | step 2103 epoch 2 loss 0.1598 step_s 0.0016 peak_mem_gb 0.216
2026-10-01 22:36:08,555 | DEBUG | step 2104 epoch 2 loss 0.1067 step_s 0.0015 peak_mem_gb 0.216
2026-10-01 22:36:08,558 | DEBUG | step 2105 epoch 2 loss 0.1572 step_s 0.0015 peak_mem_gb 0.216
2026-10-01 22:36:08,560 | DEBUG | step 2106 epoch 2 loss 0.1614 step_s 0.0015 peak_mem_gb 0.216
2026-10-01 22:36:08,562 | DEBUG | step 2107 epoch 2 loss 0.1380 step_s 0.0015 peak_mem_gb 0.216
2026-10-01 22:36:08,565 | DEBUG | step 2108 epoch 2 loss 0.2178 step_s 0.0018 peak_mem_gb 0.216
2026-10-01 22:36:08,567 | DEBUG | step 2109 epoch 2 loss 0.1276 step_s 0.0015 peak_mem_gb 0.216
2026-10-01 22:36:08,569 | DEBUG | step 2110 epoch 2 loss 0.1738 step_s 0.0016 peak_mem_gb 0.216
2026-10-01 22:36:08,571 | DEBUG | step 2111 epoch 2 loss 0.2496 step_s 0.0015 peak_mem_gb 0.216
2026-10-01 22:36:08,574 | DEBUG | step 2112 epoch 2 loss 0.0982 step_s 0.0015 peak_mem_gb 0.216
2026-10-01 22:36:08,576 | DEBUG | step 2113 epoch 2 loss 0.0561 step_s 0.0015 peak_mem_gb 0.216
2026-10-01 22:36:08,578 | DEBUG | step 2114 epoch 2 loss 0.1322 step_s 0.0015 peak_mem_gb 0.216
2026-10-01 22:36:08,580 | DEBUG | step 2115 epoch 2 loss 0.1433 step_s 0.0016 peak_mem_gb 0.216
2026-10-01 22:36:08,583 | DEBUG | step 2116 epoch 2 loss 0.1759 step_s 0.0015 peak_mem_gb 0.216
2026-10-01 22:36:08,585 | DEBUG | step 2117 epoch 2 loss 0.2150 step_s 0.0016 peak_mem_gb 0.216
2026-10-01 22:36:08,587 | DEBUG | step 2118 epoch 2 loss 0.3571 step_s 0.0015 peak_mem_gb 0.216
2026-10-01 22:36:08,589 | DEBUG | step 2119 epoch 2 loss 0.1613 step_s 0.0016 peak_mem_gb 0.216
2026-10-01 22:36:08,591 | DEBUG | step 2120 epoch 2 loss 0.1589 step_s 0.0015 peak_mem_gb 0.216
2026-10-01 22:36:08,594 | DEBUG | step 2121 epoch 2 loss 0.1154 step_s 0.0015 peak_mem_gb 0.216
2026-10-01 22:36:08,596 | DEBUG | step 2122 epoch 2 loss 0.2248 step_s 0.0016 peak_mem_gb 0.216
2026-10-01 22:36:08,598 | DEBUG | step 2123 epoch 2 loss 0.1907 step_s 0.0015 peak_mem_gb 0.216
2026-10-01 22:36:08,601 | DEBUG | step 2124 epoch 2 loss 0.2272 step_s 0.0016 peak_mem_gb 0.216
2026-10-01 22:36:08,603 | DEBUG | step 2125 epoch 2 loss 0.1672 step_s 0.0015 peak_mem_gb 0.216
2026-10-01 22:36:08,605 | DEBUG | step 2126 epoch 2 loss 0.1688 step_s 0.0016 peak_mem_gb 0.216
2026-10-01 22:36:08,607 | DEBUG | step 2127 epoch 2 loss 0.2179 step_s 0.0015 peak_mem_gb 0.216
2026-10-01 22:36:08,609 | DEBUG | step 2128 epoch 2 loss 0.2611 step_s 0.0015 peak_mem_gb 0.216
2026-10-01 22:36:08,612 | DEBUG | step 2129 epoch 2 loss 0.2786 step_s 0.0020 peak_mem_gb 0.216
2026-10-01 22:36:08,615 | DEBUG | step 2130 epoch 2 loss 0.1993 step_s 0.0020 peak_mem_gb 0.216
2026-10-01 22:36:08,617 | DEBUG | step 2131 epoch 2 loss 0.2213 step_s 0.0017 peak_mem_gb 0.216
2026-10-01 22:36:08,620 | DEBUG | step 2132 epoch 2 loss 0.1096 step_s 0.0016 peak_mem_gb 0.216
2026-10-01 22:36:08,622 | DEBUG | step 2133 epoch 2 loss 0.1202 step_s 0.0016 peak_mem_gb 0.216
2026-10-01 22:36:08,625 | DEBUG | step 2134 epoch 2 loss 0.1767 step_s 0.0019 peak_mem_gb 0.216
2026-10-01 22:36:08,627 | DEBUG | step 2135 epoch 2 loss 0.1231 step_s 0.0017 peak_mem_gb 0.216
2026-10-01 22:36:08,630 | DEBUG | step 2136 epoch 2 loss 0.3048 step_s 0.0023 peak_mem_gb 0.216
2026-10-01 22:36:08,633 | DEBUG | step 2137 epoch 2 loss 0.1621 step_s 0.0017 peak_mem_gb 0.216
2026-10-01 22:36:08,635 | DEBUG | step 2138 epoch 2 loss 0.1661 step_s 0.0016 peak_mem_gb 0.216
2026-10-01 22:36:08,637 | DEBUG | step 2139 epoch 2 loss 0.1632 step_s 0.0016 peak_mem_gb 0.216
2026-10-01 22:36:08,640 | DEBUG | step 2140 epoch 2 loss 0.1226 step_s 0.0016 peak_mem_gb 0.216
2026-10-01 22:36:08,642 | DEBUG | step 2141 epoch 2 loss 0.1482 step_s 0.0016 peak_mem_gb 0.216
2026-10-01 22:36:08,644 | DEBUG | step 2142 epoch 2 loss 0.1472 step_s 0.0016 peak_mem_gb 0.216
2026-10-01 22:36:08,647 | DEBUG | step 2143 epoch 2 loss 0.1023 step_s 0.0016 peak_mem_gb 0.216
2026-10-01 22:36:08,649 | DEBUG | step 2144 epoch 2 loss 0.2086 step_s 0.0016 peak_mem_gb 0.216
2026-10-01 22:36:08,651 | DEBUG | step 2145 epoch 2 loss 0.2466 step_s 0.0016 peak_mem_gb 0.216
2026-10-01 22:36:08,653 | DEBUG | step 2146 epoch 2 loss 0.1509 step_s 0.0016 peak_mem_gb 0.216
2026-10-01 22:36:08,656 | DEBUG | step 2147 epoch 2 loss 0.1888 step_s 0.0016 peak_mem_gb 0.216
2026-10-01 22:36:08,658 | DEBUG | step 2148 epoch 2 loss 0.1540 step_s 0.0018 peak_mem_gb 0.216
2026-10-01 22:36:08,661 | DEBUG | step 2149 epoch 2 loss 0.1655 step_s 0.0016 peak_mem_gb 0.216
2026-10-01 22:36:08,663 | DEBUG | step 2150 epoch 2 loss 0.1274 step_s 0.0015 peak_mem_gb 0.216
2026-10-01 22:36:08,665 | DEBUG | step 2151 epoch 2 loss 0.1013 step_s 0.0016 peak_mem_gb 0.216
2026-10-01 22:36:08,667 | DEBUG | step 2152 epoch 2 loss 0.0897 step_s 0.0016 peak_mem_gb 0.216
2026-10-01 22:36:08,670 | DEBUG | step 2153 epoch 2 loss 0.1491 step_s 0.0016 peak_mem_gb 0.216
2026-10-01 22:36:08,672 | DEBUG | step 2154 epoch 2 loss 0.2494 step_s 0.0016 peak_mem_gb 0.216
2026-10-01 22:36:08,674 | DEBUG | step 2155 epoch 2 loss 0.2242 step_s 0.0015 peak_mem_gb 0.216
2026-10-01 22:36:08,676 | DEBUG | step 2156 epoch 2 loss 0.2704 step_s 0.0016 peak_mem_gb 0.216
2026-10-01 22:36:08,679 | DEBUG | step 2157 epoch 2 loss 0.1312 step_s 0.0015 peak_mem_gb 0.216
2026-10-01 22:36:08,681 | DEBUG | step 2158 epoch 2 loss 0.2220 step_s 0.0016 peak_mem_gb 0.216
2026-10-01 22:36:08,683 | DEBUG | step 2159 epoch 2 loss 0.2416 step_s 0.0015 peak_mem_gb 0.216
2026-10-01 22:36:08,685 | DEBUG | step 2160 epoch 2 loss 0.2451 step_s 0.0016 peak_mem_gb 0.216
2026-10-01 22:36:08,688 | DEBUG | step 2161 epoch 2 loss 0.2008 step_s 0.0019 peak_mem_gb 0.216
2026-10-01 22:36:08,691 | DEBUG | step 2162 epoch 2 loss 0.1381 step_s 0.0016 peak_mem_gb 0.216
2026-10-01 22:36:08,693 | DEBUG | step 2163 epoch 2 loss 0.1439 step_s 0.0016 peak_mem_gb 0.216
2026-10-01 22:36:08,695 | DEBUG | step 2164 epoch 2 loss 0.3444 step_s 0.0016 peak_mem_gb 0.216
2026-10-01 22:36:08,697 | DEBUG | step 2165 epoch 2 loss 0.2002 step_s 0.0016 peak_mem_gb 0.216
2026-10-01 22:36:08,700 | DEBUG | step 2166 epoch 2 loss 0.2554 step_s 0.0015 peak_mem_gb 0.216
2026-10-01 22:36:08,702 | DEBUG | step 2167 epoch 2 loss 0.1009 step_s 0.0015 peak_mem_gb 0.216
2026-10-01 22:36:08,704 | DEBUG | step 2168 epoch 2 loss 0.1306 step_s 0.0016 peak_mem_gb 0.216
2026-10-01 22:36:08,706 | DEBUG | step 2169 epoch 2 loss 0.1280 step_s 0.0015 peak_mem_gb 0.216
2026-10-01 22:36:08,709 | DEBUG | step 2170 epoch 2 loss 0.1210 step_s 0.0016 peak_mem_gb 0.216
2026-10-01 22:36:08,711 | DEBUG | step 2171 epoch 2 loss 0.2297 step_s 0.0015 peak_mem_gb 0.216
2026-10-01 22:36:08,713 | DEBUG | step 2172 epoch 2 loss 0.1717 step_s 0.0016 peak_mem_gb 0.216
2026-10-01 22:36:08,715 | DEBUG | step 2173 epoch 2 loss 0.1565 step_s 0.0015 peak_mem_gb 0.216
2026-10-01 22:36:08,718 | DEBUG | step 2174 epoch 2 loss 0.1576 step_s 0.0015 peak_mem_gb 0.216
2026-10-01 22:36:08,720 | DEBUG | step 2175 epoch 2 loss 0.1183 step_s 0.0016 peak_mem_gb 0.216
2026-10-01 22:36:08,722 | DEBUG | step 2176 epoch 2 loss 0.2291 step_s 0.0015 peak_mem_gb 0.216
2026-10-01 22:36:08,724 | DEBUG | step 2177 epoch 2 loss 0.1185 step_s 0.0015 peak_mem_gb 0.216
2026-10-01 22:36:08,727 | DEBUG | step 2178 epoch 2 loss 0.2479 step_s 0.0016 peak_mem_gb 0.216
2026-10-01 22:36:08,729 | DEBUG | step 2179 epoch 2 loss 0.1227 step_s 0.0016 peak_mem_gb 0.216
2026-10-01 22:36:08,731 | DEBUG | step 2180 epoch 2 loss 0.1592 step_s 0.0015 peak_mem_gb 0.216
2026-10-01 22:36:08,734 | DEBUG | step 2181 epoch 2 loss 0.2533 step_s 0.0016 peak_mem_gb 0.216
2026-10-01 22:36:08,736 | DEBUG | step 2182 epoch 2 loss 0.1557 step_s 0.0015 peak_mem_gb 0.216
2026-10-01 22:36:08,738 | DEBUG | step 2183 epoch 2 loss 0.2024 step_s 0.0015 peak_mem_gb 0.216
2026-10-01 22:36:08,740 | DEBUG | step 2184 epoch 2 loss 0.2481 step_s 0.0015 peak_mem_gb 0.216
2026-10-01 22:36:08,742 | DEBUG | step 2185 epoch 2 loss 0.1435 step_s 0.0015 peak_mem_gb 0.216
2026-10-01 22:36:08,745 | DEBUG | step 2186 epoch 2 loss 0.1822 step_s 0.0016 peak_mem_gb 0.216
2026-10-01 22:36:08,747 | DEBUG | step 2187 epoch 2 loss 0.1536 step_s 0.0015 peak_mem_gb 0.216
2026-10-01 22:36:08,749 | DEBUG | step 2188 epoch 2 loss 0.0994 step_s 0.0016 peak_mem_gb 0.216
2026-10-01 22:36:08,752 | DEBUG | step 2189 epoch 2 loss 0.1969 step_s 0.0016 peak_mem_gb 0.216
2026-10-01 22:36:08,754 | DEBUG | step 2190 epoch 2 loss 0.2263 step_s 0.0016 peak_mem_gb 0.216
2026-10-01 22:36:08,756 | DEBUG | step 2191 epoch 2 loss 0.1739 step_s 0.0015 peak_mem_gb 0.216
2026-10-01 22:36:08,758 | DEBUG | step 2192 epoch 2 loss 0.1531 step_s 0.0016 peak_mem_gb 0.216
2026-10-01 22:36:08,761 | DEBUG | step 2193 epoch 2 loss 0.1064 step_s 0.0015 peak_mem_gb 0.216
2026-10-01 22:36:08,763 | DEBUG | step 2194 epoch 2 loss 0.2009 step_s 0.0015 peak_mem_gb 0.216
2026-10-01 22:36:08,765 | DEBUG | step 2195 epoch 2 loss 0.3629 step_s 0.0015 peak_mem_gb 0.216
2026-10-01 22:36:08,767 | DEBUG | step 2196 epoch 2 loss 0.1669 step_s 0.0017 peak_mem_gb 0.216
2026-10-01 22:36:08,770 | DEBUG | step 2197 epoch 2 loss 0.1571 step_s 0.0016 peak_mem_gb 0.216
2026-10-01 22:36:08,772 | DEBUG | step 2198 epoch 2 loss 0.2018 step_s 0.0015 peak_mem_gb 0.216
2026-10-01 22:36:08,774 | DEBUG | step 2199 epoch 2 loss 0.1595 step_s 0.0015 peak_mem_gb 0.216
2026-10-01 22:36:08,776 | INFO | step 2200 epoch 2 loss 0.1733 step_s 0.0016 peak_mem_gb 0.216
2026-10-01 22:36:08,780 | DEBUG | step 2201 epoch 2 loss 0.1828 step_s 0.0016 peak_mem_gb 0.216
2026-10-01 22:36:08,782 | DEBUG | step 2202 epoch 2 loss 0.2551 step_s 0.0017 peak_mem_gb 0.216
2026-10-01 22:36:08,785 | DEBUG | step 2203 epoch 2 loss 0.2454 step_s 0.0020 peak_mem_gb 0.216
2026-10-01 22:36:08,787 | DEBUG | step 2204 epoch 2 loss 0.2487 step_s 0.0018 peak_mem_gb 0.216
2026-10-01 22:36:08,790 | DEBUG | step 2205 epoch 2 loss 0.2305 step_s 0.0016 peak_mem_gb 0.216
2026-10-01 22:36:08,792 | DEBUG | step 2206 epoch 2 loss 0.2831 step_s 0.0015 peak_mem_gb 0.216
2026-10-01 22:36:08,794 | DEBUG | step 2207 epoch 2 loss 0.1063 step_s 0.0015 peak_mem_gb 0.216
2026-10-01 22:36:08,796 | DEBUG | step 2208 epoch 2 loss 0.1070 step_s 0.0016 peak_mem_gb 0.216
2026-10-01 22:36:08,799 | DEBUG | step 2209 epoch 2 loss 0.1080 step_s 0.0015 peak_mem_gb 0.216
2026-10-01 22:36:08,801 | DEBUG | step 2210 epoch 2 loss 0.2036 step_s 0.0016 peak_mem_gb 0.216
2026-10-01 22:36:08,803 | DEBUG | step 2211 epoch 2 loss 0.1770 step_s 0.0016 peak_mem_gb 0.216
2026-10-01 22:36:08,806 | DEBUG | step 2212 epoch 2 loss 0.3251 step_s 0.0016 peak_mem_gb 0.216
2026-10-01 22:36:08,808 | DEBUG | step 2213 epoch 2 loss 0.1878 step_s 0.0016 peak_mem_gb 0.216
2026-10-01 22:36:08,810 | DEBUG | step 2214 epoch 2 loss 0.2807 step_s 0.0015 peak_mem_gb 0.216
2026-10-01 22:36:08,813 | DEBUG | step 2215 epoch 2 loss 0.1244 step_s 0.0016 peak_mem_gb 0.216
2026-10-01 22:36:08,815 | DEBUG | step 2216 epoch 2 loss 0.1034 step_s 0.0015 peak_mem_gb 0.216
2026-10-01 22:36:08,817 | DEBUG | step 2217 epoch 2 loss 0.3493 step_s 0.0016 peak_mem_gb 0.216
2026-10-01 22:36:08,819 | DEBUG | step 2218 epoch 2 loss 0.1837 step_s 0.0015 peak_mem_gb 0.216
2026-10-01 22:36:08,822 | DEBUG | step 2219 epoch 2 loss 0.2055 step_s 0.0017 peak_mem_gb 0.216
2026-10-01 22:36:08,824 | DEBUG | step 2220 epoch 2 loss 0.2306 step_s 0.0016 peak_mem_gb 0.216
2026-10-01 22:36:08,827 | DEBUG | step 2221 epoch 2 loss 0.2104 step_s 0.0017 peak_mem_gb 0.216
2026-10-01 22:36:08,829 | DEBUG | step 2222 epoch 2 loss 0.2316 step_s 0.0016 peak_mem_gb 0.216
2026-10-01 22:36:08,831 | DEBUG | step 2223 epoch 2 loss 0.1294 step_s 0.0016 peak_mem_gb 0.216
2026-10-01 22:36:08,834 | DEBUG | step 2224 epoch 2 loss 0.1688 step_s 0.0016 peak_mem_gb 0.216
2026-10-01 22:36:08,836 | DEBUG | step 2225 epoch 2 loss 0.1589 step_s 0.0015 peak_mem_gb 0.216
2026-10-01 22:36:08,838 | DEBUG | step 2226 epoch 2 loss 0.2324 step_s 0.0018 peak_mem_gb 0.216
2026-10-01 22:36:08,841 | DEBUG | step 2227 epoch 2 loss 0.1804 step_s 0.0017 peak_mem_gb 0.216
2026-10-01 22:36:08,843 | DEBUG | step 2228 epoch 2 loss 0.0915 step_s 0.0015 peak_mem_gb 0.216
2026-10-01 22:36:08,845 | DEBUG | step 2229 epoch 2 loss 0.0785 step_s 0.0016 peak_mem_gb 0.216
2026-10-01 22:36:08,847 | DEBUG | step 2230 epoch 2 loss 0.1412 step_s 0.0015 peak_mem_gb 0.216
2026-10-01 22:36:08,850 | DEBUG | step 2231 epoch 2 loss 0.0900 step_s 0.0015 peak_mem_gb 0.216
2026-10-01 22:36:08,852 | DEBUG | step 2232 epoch 2 loss 0.1346 step_s 0.0015 peak_mem_gb 0.216
2026-10-01 22:36:08,855 | DEBUG | step 2233 epoch 2 loss 0.1166 step_s 0.0021 peak_mem_gb 0.216
2026-10-01 22:36:08,857 | DEBUG | step 2234 epoch 2 loss 0.2602 step_s 0.0018 peak_mem_gb 0.216
2026-10-01 22:36:08,860 | DEBUG | step 2235 epoch 2 loss 0.1266 step_s 0.0017 peak_mem_gb 0.216
2026-10-01 22:36:08,862 | DEBUG | step 2236 epoch 2 loss 0.1296 step_s 0.0017 peak_mem_gb 0.216
2026-10-01 22:36:08,865 | DEBUG | step 2237 epoch 2 loss 0.1787 step_s 0.0016 peak_mem_gb 0.216
2026-10-01 22:36:08,867 | DEBUG | step 2238 epoch 2 loss 0.1030 step_s 0.0016 peak_mem_gb 0.216
2026-10-01 22:36:08,869 | DEBUG | step 2239 epoch 2 loss 0.2169 step_s 0.0016 peak_mem_gb 0.216
2026-10-01 22:36:08,871 | DEBUG | step 2240 epoch 2 loss 0.1278 step_s 0.0015 peak_mem_gb 0.216
2026-10-01 22:36:08,874 | DEBUG | step 2241 epoch 2 loss 0.1795 step_s 0.0015 peak_mem_gb 0.216
2026-10-01 22:36:08,876 | DEBUG | step 2242 epoch 2 loss 0.3337 step_s 0.0015 peak_mem_gb 0.216
2026-10-01 22:36:08,878 | DEBUG | step 2243 epoch 2 loss 0.3031 step_s 0.0015 peak_mem_gb 0.216
2026-10-01 22:36:08,880 | DEBUG | step 2244 epoch 2 loss 0.1374 step_s 0.0016 peak_mem_gb 0.216
2026-10-01 22:36:08,883 | DEBUG | step 2245 epoch 2 loss 0.1238 step_s 0.0016 peak_mem_gb 0.216
2026-10-01 22:36:08,885 | DEBUG | step 2246 epoch 2 loss 0.1921 step_s 0.0016 peak_mem_gb 0.216
2026-10-01 22:36:08,887 | DEBUG | step 2247 epoch 2 loss 0.1307 step_s 0.0015 peak_mem_gb 0.216
2026-10-01 22:36:08,890 | DEBUG | step 2248 epoch 2 loss 0.1492 step_s 0.0016 peak_mem_gb 0.216
2026-10-01 22:36:08,892 | DEBUG | step 2249 epoch 2 loss 0.3057 step_s 0.0016 peak_mem_gb 0.216
2026-10-01 22:36:08,894 | DEBUG | step 2250 epoch 2 loss 0.0934 step_s 0.0016 peak_mem_gb 0.216
2026-10-01 22:36:08,896 | DEBUG | step 2251 epoch 2 loss 0.1373 step_s 0.0015 peak_mem_gb 0.216
2026-10-01 22:36:08,899 | DEBUG | step 2252 epoch 2 loss 0.1947 step_s 0.0016 peak_mem_gb 0.216
2026-10-01 22:36:08,901 | DEBUG | step 2253 epoch 2 loss 0.2049 step_s 0.0016 peak_mem_gb 0.216
2026-10-01 22:36:08,903 | DEBUG | step 2254 epoch 2 loss 0.1432 step_s 0.0016 peak_mem_gb 0.216
2026-10-01 22:36:08,906 | DEBUG | step 2255 epoch 2 loss 0.1944 step_s 0.0016 peak_mem_gb 0.216
2026-10-01 22:36:08,908 | DEBUG | step 2256 epoch 2 loss 0.1751 step_s 0.0015 peak_mem_gb 0.216
2026-10-01 22:36:08,910 | DEBUG | step 2257 epoch 2 loss 0.1532 step_s 0.0015 peak_mem_gb 0.216
2026-10-01 22:36:08,912 | DEBUG | step 2258 epoch 2 loss 0.2515 step_s 0.0015 peak_mem_gb 0.216
2026-10-01 22:36:08,914 | DEBUG | step 2259 epoch 2 loss 0.1394 step_s 0.0016 peak_mem_gb 0.216
2026-10-01 22:36:08,917 | DEBUG | step 2260 epoch 2 loss 0.0940 step_s 0.0016 peak_mem_gb 0.216
2026-10-01 22:36:08,919 | DEBUG | step 2261 epoch 2 loss 0.1714 step_s 0.0016 peak_mem_gb 0.216
2026-10-01 22:36:08,922 | DEBUG | step 2262 epoch 2 loss 0.2509 step_s 0.0016 peak_mem_gb 0.216
2026-10-01 22:36:08,924 | DEBUG | step 2263 epoch 2 loss 0.2487 step_s 0.0015 peak_mem_gb 0.216
2026-10-01 22:36:08,926 | DEBUG | step 2264 epoch 2 loss 0.2278 step_s 0.0015 peak_mem_gb 0.216
2026-10-01 22:36:08,928 | DEBUG | step 2265 epoch 2 loss 0.1695 step_s 0.0016 peak_mem_gb 0.216
2026-10-01 22:36:08,931 | DEBUG | step 2266 epoch 2 loss 0.2635 step_s 0.0016 peak_mem_gb 0.216
2026-10-01 22:36:08,934 | DEBUG | step 2267 epoch 2 loss 0.2594 step_s 0.0030 peak_mem_gb 0.216
2026-10-01 22:36:08,937 | DEBUG | step 2268 epoch 2 loss 0.2253 step_s 0.0016 peak_mem_gb 0.216
2026-10-01 22:36:08,939 | DEBUG | step 2269 epoch 2 loss 0.1127 step_s 0.0016 peak_mem_gb 0.216
2026-10-01 22:36:08,941 | DEBUG | step 2270 epoch 2 loss 0.2137 step_s 0.0016 peak_mem_gb 0.216
2026-10-01 22:36:08,944 | DEBUG | step 2271 epoch 2 loss 0.2165 step_s 0.0016 peak_mem_gb 0.216
2026-10-01 22:36:08,946 | DEBUG | step 2272 epoch 2 loss 0.2292 step_s 0.0016 peak_mem_gb 0.216
2026-10-01 22:36:08,949 | DEBUG | step 2273 epoch 2 loss 0.1057 step_s 0.0017 peak_mem_gb 0.216
2026-10-01 22:36:08,951 | DEBUG | step 2274 epoch 2 loss 0.1816 step_s 0.0015 peak_mem_gb 0.216
2026-10-01 22:36:08,953 | DEBUG | step 2275 epoch 2 loss 0.1981 step_s 0.0016 peak_mem_gb 0.216
2026-10-01 22:36:08,955 | DEBUG | step 2276 epoch 2 loss 0.2226 step_s 0.0016 peak_mem_gb 0.216
2026-10-01 22:36:08,958 | DEBUG | step 2277 epoch 2 loss 0.1315 step_s 0.0015 peak_mem_gb 0.216
2026-10-01 22:36:08,960 | DEBUG | step 2278 epoch 2 loss 0.1500 step_s 0.0015 peak_mem_gb 0.216
2026-10-01 22:36:08,962 | DEBUG | step 2279 epoch 2 loss 0.2670 step_s 0.0015 peak_mem_gb 0.216
2026-10-01 22:36:08,964 | DEBUG | step 2280 epoch 2 loss 0.1067 step_s 0.0016 peak_mem_gb 0.216
2026-10-01 22:36:08,967 | DEBUG | step 2281 epoch 2 loss 0.3178 step_s 0.0015 peak_mem_gb 0.216
2026-10-01 22:36:08,969 | DEBUG | step 2282 epoch 2 loss 0.1754 step_s 0.0016 peak_mem_gb 0.216
2026-10-01 22:36:08,971 | DEBUG | step 2283 epoch 2 loss 0.0959 step_s 0.0015 peak_mem_gb 0.216
2026-10-01 22:36:08,974 | DEBUG | step 2284 epoch 2 loss 0.1825 step_s 0.0015 peak_mem_gb 0.216
2026-10-01 22:36:08,976 | DEBUG | step 2285 epoch 2 loss 0.2488 step_s 0.0015 peak_mem_gb 0.216
2026-10-01 22:36:08,978 | DEBUG | step 2286 epoch 2 loss 0.1155 step_s 0.0015 peak_mem_gb 0.216
2026-10-01 22:36:08,980 | DEBUG | step 2287 epoch 2 loss 0.1811 step_s 0.0016 peak_mem_gb 0.216
2026-10-01 22:36:08,983 | DEBUG | step 2288 epoch 2 loss 0.1575 step_s 0.0015 peak_mem_gb 0.216
2026-10-01 22:36:08,985 | DEBUG | step 2289 epoch 2 loss 0.1609 step_s 0.0016 peak_mem_gb 0.216
2026-10-01 22:36:08,987 | DEBUG | step 2290 epoch 2 loss 0.2261 step_s 0.0015 peak_mem_gb 0.216
2026-10-01 22:36:08,989 | DEBUG | step 2291 epoch 2 loss 0.2550 step_s 0.0016 peak_mem_gb 0.216
2026-10-01 22:36:08,991 | DEBUG | step 2292 epoch 2 loss 0.1709 step_s 0.0015 peak_mem_gb 0.216
2026-10-01 22:36:08,994 | DEBUG | step 2293 epoch 2 loss 0.1793 step_s 0.0015 peak_mem_gb 0.216
2026-10-01 22:36:08,996 | DEBUG | step 2294 epoch 2 loss 0.1132 step_s 0.0016 peak_mem_gb 0.216
2026-10-01 22:36:08,998 | DEBUG | step 2295 epoch 2 loss 0.1703 step_s 0.0015 peak_mem_gb 0.216
2026-10-01 22:36:09,001 | DEBUG | step 2296 epoch 2 loss 0.2365 step_s 0.0016 peak_mem_gb 0.216
2026-10-01 22:36:09,003 | DEBUG | step 2297 epoch 2 loss 0.1463 step_s 0.0015 peak_mem_gb 0.216
2026-10-01 22:36:09,005 | DEBUG | step 2298 epoch 2 loss 0.1277 step_s 0.0015 peak_mem_gb 0.216
2026-10-01 22:36:09,007 | DEBUG | step 2299 epoch 2 loss 0.2846 step_s 0.0015 peak_mem_gb 0.216
2026-10-01 22:36:09,009 | DEBUG | step 2300 epoch 2 loss 0.0947 step_s 0.0016 peak_mem_gb 0.216
2026-10-01 22:36:09,012 | DEBUG | step 2301 epoch 2 loss 0.2470 step_s 0.0016 peak_mem_gb 0.216
2026-10-01 22:36:09,014 | DEBUG | step 2302 epoch 2 loss 0.2636 step_s 0.0015 peak_mem_gb 0.216
2026-10-01 22:36:09,016 | DEBUG | step 2303 epoch 2 loss 0.2992 step_s 0.0015 peak_mem_gb 0.216
2026-10-01 22:36:09,018 | DEBUG | step 2304 epoch 2 loss 0.1072 step_s 0.0015 peak_mem_gb 0.216
2026-10-01 22:36:09,021 | DEBUG | step 2305 epoch 2 loss 0.1519 step_s 0.0016 peak_mem_gb 0.216
2026-10-01 22:36:09,023 | DEBUG | step 2306 epoch 2 loss 0.2013 step_s 0.0015 peak_mem_gb 0.216
2026-10-01 22:36:09,025 | DEBUG | step 2307 epoch 2 loss 0.4093 step_s 0.0016 peak_mem_gb 0.216
2026-10-01 22:36:09,027 | DEBUG | step 2308 epoch 2 loss 0.1618 step_s 0.0016 peak_mem_gb 0.216
2026-10-01 22:36:09,030 | DEBUG | step 2309 epoch 2 loss 0.2400 step_s 0.0016 peak_mem_gb 0.216
2026-10-01 22:36:09,032 | DEBUG | step 2310 epoch 2 loss 0.1475 step_s 0.0015 peak_mem_gb 0.216
2026-10-01 22:36:09,034 | DEBUG | step 2311 epoch 2 loss 0.1426 step_s 0.0015 peak_mem_gb 0.216
2026-10-01 22:36:09,036 | DEBUG | step 2312 epoch 2 loss 0.2301 step_s 0.0016 peak_mem_gb 0.216
2026-10-01 22:36:09,039 | DEBUG | step 2313 epoch 2 loss 0.1410 step_s 0.0016 peak_mem_gb 0.216
2026-10-01 22:36:09,041 | DEBUG | step 2314 epoch 2 loss 0.1733 step_s 0.0016 peak_mem_gb 0.216
2026-10-01 22:36:09,043 | DEBUG | step 2315 epoch 2 loss 0.1968 step_s 0.0017 peak_mem_gb 0.216
2026-10-01 22:36:09,046 | DEBUG | step 2316 epoch 2 loss 0.2114 step_s 0.0015 peak_mem_gb 0.216
2026-10-01 22:36:09,048 | DEBUG | step 2317 epoch 2 loss 0.0866 step_s 0.0015 peak_mem_gb 0.216
2026-10-01 22:36:09,050 | DEBUG | step 2318 epoch 2 loss 0.0821 step_s 0.0015 peak_mem_gb 0.216
2026-10-01 22:36:09,052 | DEBUG | step 2319 epoch 2 loss 0.1491 step_s 0.0016 peak_mem_gb 0.216
2026-10-01 22:36:09,054 | DEBUG | step 2320 epoch 2 loss 0.1903 step_s 0.0015 peak_mem_gb 0.216
2026-10-01 22:36:09,057 | DEBUG | step 2321 epoch 2 loss 0.2358 step_s 0.0016 peak_mem_gb 0.216
2026-10-01 22:36:09,059 | DEBUG | step 2322 epoch 2 loss 0.2404 step_s 0.0018 peak_mem_gb 0.216
2026-10-01 22:36:09,062 | DEBUG | step 2323 epoch 2 loss 0.1295 step_s 0.0018 peak_mem_gb 0.216
2026-10-01 22:36:09,065 | DEBUG | step 2324 epoch 2 loss 0.2656 step_s 0.0016 peak_mem_gb 0.216
2026-10-01 22:36:09,067 | DEBUG | step 2325 epoch 2 loss 0.2679 step_s 0.0017 peak_mem_gb 0.216
2026-10-01 22:36:09,069 | DEBUG | step 2326 epoch 2 loss 0.2243 step_s 0.0016 peak_mem_gb 0.216
2026-10-01 22:36:09,071 | DEBUG | step 2327 epoch 2 loss 0.1807 step_s 0.0015 peak_mem_gb 0.216
2026-10-01 22:36:09,074 | DEBUG | step 2328 epoch 2 loss 0.1281 step_s 0.0015 peak_mem_gb 0.216
2026-10-01 22:36:09,076 | DEBUG | step 2329 epoch 2 loss 0.1023 step_s 0.0017 peak_mem_gb 0.216
2026-10-01 22:36:09,078 | DEBUG | step 2330 epoch 2 loss 0.1080 step_s 0.0015 peak_mem_gb 0.216
2026-10-01 22:36:09,081 | DEBUG | step 2331 epoch 2 loss 0.1272 step_s 0.0016 peak_mem_gb 0.216
2026-10-01 22:36:09,083 | DEBUG | step 2332 epoch 2 loss 0.2437 step_s 0.0016 peak_mem_gb 0.216
2026-10-01 22:36:09,085 | DEBUG | step 2333 epoch 2 loss 0.1141 step_s 0.0016 peak_mem_gb 0.216
2026-10-01 22:36:09,087 | DEBUG | step 2334 epoch 2 loss 0.2241 step_s 0.0016 peak_mem_gb 0.216
2026-10-01 22:36:09,090 | DEBUG | step 2335 epoch 2 loss 0.1259 step_s 0.0015 peak_mem_gb 0.216
2026-10-01 22:36:09,092 | DEBUG | step 2336 epoch 2 loss 0.2775 step_s 0.0015 peak_mem_gb 0.216
2026-10-01 22:36:09,094 | DEBUG | step 2337 epoch 2 loss 0.2052 step_s 0.0015 peak_mem_gb 0.216
2026-10-01 22:36:09,096 | DEBUG | step 2338 epoch 2 loss 0.2380 step_s 0.0016 peak_mem_gb 0.216
2026-10-01 22:36:09,099 | DEBUG | step 2339 epoch 2 loss 0.1339 step_s 0.0015 peak_mem_gb 0.216
2026-10-01 22:36:09,101 | DEBUG | step 2340 epoch 2 loss 0.1741 step_s 0.0016 peak_mem_gb 0.216
2026-10-01 22:36:09,103 | DEBUG | step 2341 epoch 2 loss 0.2049 step_s 0.0015 peak_mem_gb 0.216
2026-10-01 22:36:09,106 | DEBUG | step 2342 epoch 2 loss 0.2085 step_s 0.0016 peak_mem_gb 0.216
2026-10-01 22:36:09,108 | DEBUG | step 2343 epoch 2 loss 0.1515 step_s 0.0015 peak_mem_gb 0.216
2026-10-01 22:36:09,110 | DEBUG | step 2344 epoch 2 loss 0.2024 step_s 0.0015 peak_mem_gb 0.216
2026-10-01 22:36:09,112 | DEBUG | step 2345 epoch 2 loss 0.1820 step_s 0.0015 peak_mem_gb 0.216
2026-10-01 22:36:09,114 | DEBUG | step 2346 epoch 2 loss 0.2858 step_s 0.0015 peak_mem_gb 0.216
2026-10-01 22:36:09,117 | DEBUG | step 2347 epoch 2 loss 0.2847 step_s 0.0016 peak_mem_gb 0.216
2026-10-01 22:36:09,119 | DEBUG | step 2348 epoch 2 loss 0.3244 step_s 0.0015 peak_mem_gb 0.216
2026-10-01 22:36:09,121 | DEBUG | step 2349 epoch 2 loss 0.2174 step_s 0.0016 peak_mem_gb 0.216
2026-10-01 22:36:09,123 | DEBUG | step 2350 epoch 2 loss 0.2415 step_s 0.0015 peak_mem_gb 0.216
2026-10-01 22:36:09,126 | DEBUG | step 2351 epoch 2 loss 0.1364 step_s 0.0015 peak_mem_gb 0.216
2026-10-01 22:36:09,128 | DEBUG | step 2352 epoch 2 loss 0.1898 step_s 0.0016 peak_mem_gb 0.216
2026-10-01 22:36:09,130 | DEBUG | step 2353 epoch 2 loss 0.1256 step_s 0.0016 peak_mem_gb 0.216
2026-10-01 22:36:09,132 | DEBUG | step 2354 epoch 2 loss 0.2462 step_s 0.0016 peak_mem_gb 0.216
2026-10-01 22:36:09,135 | DEBUG | step 2355 epoch 2 loss 0.1749 step_s 0.0015 peak_mem_gb 0.216
2026-10-01 22:36:09,137 | DEBUG | step 2356 epoch 2 loss 0.1664 step_s 0.0017 peak_mem_gb 0.216
2026-10-01 22:36:09,139 | DEBUG | step 2357 epoch 2 loss 0.1792 step_s 0.0015 peak_mem_gb 0.216
2026-10-01 22:36:09,142 | DEBUG | step 2358 epoch 2 loss 0.1164 step_s 0.0016 peak_mem_gb 0.216
2026-10-01 22:36:09,144 | DEBUG | step 2359 epoch 2 loss 0.2531 step_s 0.0016 peak_mem_gb 0.216
2026-10-01 22:36:09,146 | DEBUG | step 2360 epoch 2 loss 0.0728 step_s 0.0015 peak_mem_gb 0.216
2026-10-01 22:36:09,148 | DEBUG | step 2361 epoch 2 loss 0.1604 step_s 0.0016 peak_mem_gb 0.216
2026-10-01 22:36:09,151 | DEBUG | step 2362 epoch 2 loss 0.1989 step_s 0.0017 peak_mem_gb 0.216
2026-10-01 22:36:09,153 | DEBUG | step 2363 epoch 2 loss 0.1416 step_s 0.0017 peak_mem_gb 0.216
2026-10-01 22:36:09,155 | DEBUG | step 2364 epoch 2 loss 0.2416 step_s 0.0016 peak_mem_gb 0.216
2026-10-01 22:36:09,158 | DEBUG | step 2365 epoch 2 loss 0.1215 step_s 0.0016 peak_mem_gb 0.216
2026-10-01 22:36:09,160 | DEBUG | step 2366 epoch 2 loss 0.1694 step_s 0.0015 peak_mem_gb 0.216
2026-10-01 22:36:09,162 | DEBUG | step 2367 epoch 2 loss 0.2250 step_s 0.0015 peak_mem_gb 0.216
2026-10-01 22:36:09,164 | DEBUG | step 2368 epoch 2 loss 0.1862 step_s 0.0016 peak_mem_gb 0.216
2026-10-01 22:36:09,167 | DEBUG | step 2369 epoch 2 loss 0.1370 step_s 0.0015 peak_mem_gb 0.216
2026-10-01 22:36:09,169 | DEBUG | step 2370 epoch 2 loss 0.1658 step_s 0.0016 peak_mem_gb 0.216
2026-10-01 22:36:09,171 | DEBUG | step 2371 epoch 2 loss 0.2337 step_s 0.0015 peak_mem_gb 0.216
2026-10-01 22:36:09,173 | DEBUG | step 2372 epoch 2 loss 0.1409 step_s 0.0016 peak_mem_gb 0.216
2026-10-01 22:36:09,176 | DEBUG | step 2373 epoch 2 loss 0.3818 step_s 0.0015 peak_mem_gb 0.216
2026-10-01 22:36:09,178 | DEBUG | step 2374 epoch 2 loss 0.1207 step_s 0.0016 peak_mem_gb 0.216
2026-10-01 22:36:09,180 | DEBUG | step 2375 epoch 2 loss 0.1826 step_s 0.0015 peak_mem_gb 0.216
2026-10-01 22:36:09,182 | DEBUG | step 2376 epoch 2 loss 0.1662 step_s 0.0015 peak_mem_gb 0.216
2026-10-01 22:36:09,185 | DEBUG | step 2377 epoch 2 loss 0.2258 step_s 0.0019 peak_mem_gb 0.216
2026-10-01 22:36:09,187 | DEBUG | step 2378 epoch 2 loss 0.1648 step_s 0.0016 peak_mem_gb 0.216
2026-10-01 22:36:09,189 | DEBUG | step 2379 epoch 2 loss 0.2976 step_s 0.0016 peak_mem_gb 0.216
2026-10-01 22:36:09,192 | DEBUG | step 2380 epoch 2 loss 0.1566 step_s 0.0015 peak_mem_gb 0.216
2026-10-01 22:36:09,194 | DEBUG | step 2381 epoch 2 loss 0.2040 step_s 0.0015 peak_mem_gb 0.216
2026-10-01 22:36:09,196 | DEBUG | step 2382 epoch 2 loss 0.1784 step_s 0.0015 peak_mem_gb 0.216
2026-10-01 22:36:09,198 | DEBUG | step 2383 epoch 2 loss 0.1374 step_s 0.0016 peak_mem_gb 0.216
2026-10-01 22:36:09,201 | DEBUG | step 2384 epoch 2 loss 0.1936 step_s 0.0016 peak_mem_gb 0.216
2026-10-01 22:36:09,203 | DEBUG | step 2385 epoch 2 loss 0.2699 step_s 0.0016 peak_mem_gb 0.216
2026-10-01 22:36:09,205 | DEBUG | step 2386 epoch 2 loss 0.1459 step_s 0.0016 peak_mem_gb 0.216
2026-10-01 22:36:09,208 | DEBUG | step 2387 epoch 2 loss 0.0902 step_s 0.0015 peak_mem_gb 0.216
2026-10-01 22:36:09,210 | DEBUG | step 2388 epoch 2 loss 0.1684 step_s 0.0015 peak_mem_gb 0.216
2026-10-01 22:36:09,212 | DEBUG | step 2389 epoch 2 loss 0.1280 step_s 0.0016 peak_mem_gb 0.216
2026-10-01 22:36:09,214 | DEBUG | step 2390 epoch 2 loss 0.1440 step_s 0.0016 peak_mem_gb 0.216
2026-10-01 22:36:09,217 | DEBUG | step 2391 epoch 2 loss 0.3116 step_s 0.0016 peak_mem_gb 0.216
2026-10-01 22:36:09,219 | DEBUG | step 2392 epoch 2 loss 0.1167 step_s 0.0016 peak_mem_gb 0.216
2026-10-01 22:36:09,221 | DEBUG | step 2393 epoch 2 loss 0.3873 step_s 0.0016 peak_mem_gb 0.216
2026-10-01 22:36:09,224 | DEBUG | step 2394 epoch 2 loss 0.2118 step_s 0.0016 peak_mem_gb 0.216
2026-10-01 22:36:09,226 | DEBUG | step 2395 epoch 2 loss 0.2763 step_s 0.0015 peak_mem_gb 0.216
2026-10-01 22:36:09,228 | DEBUG | step 2396 epoch 2 loss 0.2743 step_s 0.0015 peak_mem_gb 0.216
2026-10-01 22:36:09,230 | DEBUG | step 2397 epoch 2 loss 0.1872 step_s 0.0015 peak_mem_gb 0.216
2026-10-01 22:36:09,233 | DEBUG | step 2398 epoch 2 loss 0.1068 step_s 0.0016 peak_mem_gb 0.216
2026-10-01 22:36:09,235 | DEBUG | step 2399 epoch 2 loss 0.1205 step_s 0.0016 peak_mem_gb 0.216
2026-10-01 22:36:09,237 | INFO | step 2400 epoch 2 loss 0.1794 step_s 0.0016 peak_mem_gb 0.216
2026-10-01 22:36:09,241 | DEBUG | step 2401 epoch 2 loss 0.0821 step_s 0.0018 peak_mem_gb 0.216
2026-10-01 22:36:09,243 | DEBUG | step 2402 epoch 2 loss 0.1731 step_s 0.0017 peak_mem_gb 0.216
2026-10-01 22:36:09,246 | DEBUG | step 2403 epoch 2 loss 0.2184 step_s 0.0017 peak_mem_gb 0.216
2026-10-01 22:36:09,248 | DEBUG | step 2404 epoch 2 loss 0.1845 step_s 0.0019 peak_mem_gb 0.216
2026-10-01 22:36:09,251 | DEBUG | step 2405 epoch 2 loss 0.3991 step_s 0.0021 peak_mem_gb 0.216
2026-10-01 22:36:09,253 | DEBUG | step 2406 epoch 2 loss 0.1968 step_s 0.0016 peak_mem_gb 0.216
2026-10-01 22:36:09,256 | DEBUG | step 2407 epoch 2 loss 0.1481 step_s 0.0016 peak_mem_gb 0.216
2026-10-01 22:36:09,258 | DEBUG | step 2408 epoch 2 loss 0.2145 step_s 0.0016 peak_mem_gb 0.216
2026-10-01 22:36:09,260 | DEBUG | step 2409 epoch 2 loss 0.1082 step_s 0.0016 peak_mem_gb 0.216
2026-10-01 22:36:09,262 | DEBUG | step 2410 epoch 2 loss 0.1906 step_s 0.0016 peak_mem_gb 0.216
2026-10-01 22:36:09,265 | DEBUG | step 2411 epoch 2 loss 0.1731 step_s 0.0016 peak_mem_gb 0.216
2026-10-01 22:36:09,267 | DEBUG | step 2412 epoch 2 loss 0.1744 step_s 0.0016 peak_mem_gb 0.216
2026-10-01 22:36:09,269 | DEBUG | step 2413 epoch 2 loss 0.2296 step_s 0.0016 peak_mem_gb 0.216
2026-10-01 22:36:09,272 | DEBUG | step 2414 epoch 2 loss 0.1135 step_s 0.0015 peak_mem_gb 0.216
2026-10-01 22:36:09,274 | DEBUG | step 2415 epoch 2 loss 0.2210 step_s 0.0016 peak_mem_gb 0.216
2026-10-01 22:36:09,276 | DEBUG | step 2416 epoch 2 loss 0.1668 step_s 0.0016 peak_mem_gb 0.216
2026-10-01 22:36:09,278 | DEBUG | step 2417 epoch 2 loss 0.0895 step_s 0.0015 peak_mem_gb 0.216
2026-10-01 22:36:09,281 | DEBUG | step 2418 epoch 2 loss 0.2708 step_s 0.0016 peak_mem_gb 0.216
2026-10-01 22:36:09,283 | DEBUG | step 2419 epoch 2 loss 0.2443 step_s 0.0015 peak_mem_gb 0.216
2026-10-01 22:36:09,285 | DEBUG | step 2420 epoch 2 loss 0.1096 step_s 0.0016 peak_mem_gb 0.216
2026-10-01 22:36:09,288 | DEBUG | step 2421 epoch 2 loss 0.2274 step_s 0.0016 peak_mem_gb 0.216
2026-10-01 22:36:09,290 | DEBUG | step 2422 epoch 2 loss 0.2231 step_s 0.0016 peak_mem_gb 0.216
2026-10-01 22:36:09,292 | DEBUG | step 2423 epoch 2 loss 0.2608 step_s 0.0015 peak_mem_gb 0.216
2026-10-01 22:36:09,294 | DEBUG | step 2424 epoch 2 loss 0.3650 step_s 0.0015 peak_mem_gb 0.216
2026-10-01 22:36:09,297 | DEBUG | step 2425 epoch 2 loss 0.1846 step_s 0.0016 peak_mem_gb 0.216
2026-10-01 22:36:09,299 | DEBUG | step 2426 epoch 2 loss 0.1221 step_s 0.0016 peak_mem_gb 0.216
2026-10-01 22:36:09,301 | DEBUG | step 2427 epoch 2 loss 0.1474 step_s 0.0016 peak_mem_gb 0.216
2026-10-01 22:36:09,304 | DEBUG | step 2428 epoch 2 loss 0.2360 step_s 0.0015 peak_mem_gb 0.216
2026-10-01 22:36:09,306 | DEBUG | step 2429 epoch 2 loss 0.2737 step_s 0.0016 peak_mem_gb 0.216
2026-10-01 22:36:09,308 | DEBUG | step 2430 epoch 2 loss 0.2271 step_s 0.0015 peak_mem_gb 0.216
2026-10-01 22:36:09,310 | DEBUG | step 2431 epoch 2 loss 0.1775 step_s 0.0015 peak_mem_gb 0.216
2026-10-01 22:36:09,313 | DEBUG | step 2432 epoch 2 loss 0.2492 step_s 0.0016 peak_mem_gb 0.216
2026-10-01 22:36:09,315 | DEBUG | step 2433 epoch 2 loss 0.2632 step_s 0.0015 peak_mem_gb 0.216
2026-10-01 22:36:09,317 | DEBUG | step 2434 epoch 2 loss 0.2030 step_s 0.0016 peak_mem_gb 0.216
2026-10-01 22:36:09,319 | DEBUG | step 2435 epoch 2 loss 0.3178 step_s 0.0015 peak_mem_gb 0.216
2026-10-01 22:36:09,322 | DEBUG | step 2436 epoch 2 loss 0.1281 step_s 0.0016 peak_mem_gb 0.216
2026-10-01 22:36:09,324 | DEBUG | step 2437 epoch 2 loss 0.2410 step_s 0.0015 peak_mem_gb 0.216
2026-10-01 22:36:09,326 | DEBUG | step 2438 epoch 2 loss 0.1392 step_s 0.0015 peak_mem_gb 0.216
2026-10-01 22:36:09,328 | DEBUG | step 2439 epoch 2 loss 0.1995 step_s 0.0016 peak_mem_gb 0.216
2026-10-01 22:36:09,331 | DEBUG | step 2440 epoch 2 loss 0.3255 step_s 0.0015 peak_mem_gb 0.216
2026-10-01 22:36:09,333 | DEBUG | step 2441 epoch 2 loss 0.2281 step_s 0.0016 peak_mem_gb 0.216
2026-10-01 22:36:09,335 | DEBUG | step 2442 epoch 2 loss 0.1406 step_s 0.0015 peak_mem_gb 0.216
2026-10-01 22:36:09,338 | DEBUG | step 2443 epoch 2 loss 0.3022 step_s 0.0017 peak_mem_gb 0.216
2026-10-01 22:36:09,340 | DEBUG | step 2444 epoch 2 loss 0.2407 step_s 0.0016 peak_mem_gb 0.216
2026-10-01 22:36:09,342 | DEBUG | step 2445 epoch 2 loss 0.2004 step_s 0.0015 peak_mem_gb 0.216
2026-10-01 22:36:09,344 | DEBUG | step 2446 epoch 2 loss 0.1508 step_s 0.0015 peak_mem_gb 0.216
2026-10-01 22:36:09,347 | DEBUG | step 2447 epoch 2 loss 0.2362 step_s 0.0015 peak_mem_gb 0.216
2026-10-01 22:36:09,349 | DEBUG | step 2448 epoch 2 loss 0.2425 step_s 0.0016 peak_mem_gb 0.216
2026-10-01 22:36:09,351 | DEBUG | step 2449 epoch 2 loss 0.1126 step_s 0.0015 peak_mem_gb 0.216
2026-10-01 22:36:09,353 | DEBUG | step 2450 epoch 2 loss 0.0988 step_s 0.0017 peak_mem_gb 0.216
2026-10-01 22:36:09,356 | DEBUG | step 2451 epoch 2 loss 0.1540 step_s 0.0015 peak_mem_gb 0.216
2026-10-01 22:36:09,358 | DEBUG | step 2452 epoch 2 loss 0.2013 step_s 0.0016 peak_mem_gb 0.216
2026-10-01 22:36:09,360 | DEBUG | step 2453 epoch 2 loss 0.2212 step_s 0.0016 peak_mem_gb 0.216
2026-10-01 22:36:09,363 | DEBUG | step 2454 epoch 2 loss 0.1106 step_s 0.0017 peak_mem_gb 0.216
2026-10-01 22:36:09,366 | DEBUG | step 2455 epoch 2 loss 0.2798 step_s 0.0016 peak_mem_gb 0.216
2026-10-01 22:36:09,368 | DEBUG | step 2456 epoch 2 loss 0.1164 step_s 0.0019 peak_mem_gb 0.216
2026-10-01 22:36:09,371 | DEBUG | step 2457 epoch 2 loss 0.1189 step_s 0.0016 peak_mem_gb 0.216
2026-10-01 22:36:09,373 | DEBUG | step 2458 epoch 2 loss 0.3057 step_s 0.0016 peak_mem_gb 0.216
2026-10-01 22:36:09,375 | DEBUG | step 2459 epoch 2 loss 0.1946 step_s 0.0015 peak_mem_gb 0.216
2026-10-01 22:36:09,377 | DEBUG | step 2460 epoch 2 loss 0.1258 step_s 0.0016 peak_mem_gb 0.216
2026-10-01 22:36:09,380 | DEBUG | step 2461 epoch 2 loss 0.2377 step_s 0.0016 peak_mem_gb 0.216
2026-10-01 22:36:09,382 | DEBUG | step 2462 epoch 2 loss 0.2781 step_s 0.0015 peak_mem_gb 0.216
2026-10-01 22:36:09,384 | DEBUG | step 2463 epoch 2 loss 0.2010 step_s 0.0016 peak_mem_gb 0.216
2026-10-01 22:36:09,387 | DEBUG | step 2464 epoch 2 loss 0.1496 step_s 0.0015 peak_mem_gb 0.216
2026-10-01 22:36:09,389 | DEBUG | step 2465 epoch 2 loss 0.1326 step_s 0.0016 peak_mem_gb 0.216
2026-10-01 22:36:09,391 | DEBUG | step 2466 epoch 2 loss 0.2654 step_s 0.0015 peak_mem_gb 0.216
2026-10-01 22:36:09,393 | DEBUG | step 2467 epoch 2 loss 0.1501 step_s 0.0016 peak_mem_gb 0.216
2026-10-01 22:36:09,396 | DEBUG | step 2468 epoch 2 loss 0.2346 step_s 0.0015 peak_mem_gb 0.216
2026-10-01 22:36:09,398 | DEBUG | step 2469 epoch 2 loss 0.1711 step_s 0.0016 peak_mem_gb 0.216
2026-10-01 22:36:09,400 | DEBUG | step 2470 epoch 2 loss 0.1713 step_s 0.0016 peak_mem_gb 0.216
2026-10-01 22:36:09,402 | DEBUG | step 2471 epoch 2 loss 0.1291 step_s 0.0016 peak_mem_gb 0.216
2026-10-01 22:36:09,405 | DEBUG | step 2472 epoch 2 loss 0.2091 step_s 0.0016 peak_mem_gb 0.216
2026-10-01 22:36:09,407 | DEBUG | step 2473 epoch 2 loss 0.2829 step_s 0.0015 peak_mem_gb 0.216
2026-10-01 22:36:09,409 | DEBUG | step 2474 epoch 2 loss 0.1820 step_s 0.0016 peak_mem_gb 0.216
2026-10-01 22:36:09,411 | DEBUG | step 2475 epoch 2 loss 0.3824 step_s 0.0015 peak_mem_gb 0.216
2026-10-01 22:36:09,414 | DEBUG | step 2476 epoch 2 loss 0.1542 step_s 0.0015 peak_mem_gb 0.216
2026-10-01 22:36:09,416 | DEBUG | step 2477 epoch 2 loss 0.2305 step_s 0.0017 peak_mem_gb 0.216
2026-10-01 22:36:09,418 | DEBUG | step 2478 epoch 2 loss 0.0941 step_s 0.0016 peak_mem_gb 0.216
2026-10-01 22:36:09,421 | DEBUG | step 2479 epoch 2 loss 0.2560 step_s 0.0016 peak_mem_gb 0.216
2026-10-01 22:36:09,423 | DEBUG | step 2480 epoch 2 loss 0.0986 step_s 0.0015 peak_mem_gb 0.216
2026-10-01 22:36:09,425 | DEBUG | step 2481 epoch 2 loss 0.1249 step_s 0.0016 peak_mem_gb 0.216
2026-10-01 22:36:09,427 | DEBUG | step 2482 epoch 2 loss 0.1287 step_s 0.0015 peak_mem_gb 0.216
2026-10-01 22:36:09,430 | DEBUG | step 2483 epoch 2 loss 0.1529 step_s 0.0016 peak_mem_gb 0.216
2026-10-01 22:36:09,432 | DEBUG | step 2484 epoch 2 loss 0.2002 step_s 0.0016 peak_mem_gb 0.216
2026-10-01 22:36:09,434 | DEBUG | step 2485 epoch 2 loss 0.1896 step_s 0.0016 peak_mem_gb 0.216
2026-10-01 22:36:09,436 | DEBUG | step 2486 epoch 2 loss 0.2273 step_s 0.0016 peak_mem_gb 0.216
2026-10-01 22:36:09,439 | DEBUG | step 2487 epoch 2 loss 0.0704 step_s 0.0015 peak_mem_gb 0.216
2026-10-01 22:36:09,441 | DEBUG | step 2488 epoch 2 loss 0.2067 step_s 0.0016 peak_mem_gb 0.216
2026-10-01 22:36:09,443 | DEBUG | step 2489 epoch 2 loss 0.1850 step_s 0.0015 peak_mem_gb 0.216
2026-10-01 22:36:09,445 | DEBUG | step 2490 epoch 2 loss 0.1160 step_s 0.0016 peak_mem_gb 0.216
2026-10-01 22:36:09,448 | DEBUG | step 2491 epoch 2 loss 0.1800 step_s 0.0017 peak_mem_gb 0.216
2026-10-01 22:36:09,450 | DEBUG | step 2492 epoch 2 loss 0.2609 step_s 0.0016 peak_mem_gb 0.216
2026-10-01 22:36:09,452 | DEBUG | step 2493 epoch 2 loss 0.2328 step_s 0.0016 peak_mem_gb 0.216
2026-10-01 22:36:09,455 | DEBUG | step 2494 epoch 2 loss 0.1300 step_s 0.0015 peak_mem_gb 0.216
2026-10-01 22:36:09,457 | DEBUG | step 2495 epoch 2 loss 0.1816 step_s 0.0016 peak_mem_gb 0.216
2026-10-01 22:36:09,459 | DEBUG | step 2496 epoch 2 loss 0.1591 step_s 0.0015 peak_mem_gb 0.216
2026-10-01 22:36:09,461 | DEBUG | step 2497 epoch 2 loss 0.1648 step_s 0.0016 peak_mem_gb 0.216
2026-10-01 22:36:09,464 | DEBUG | step 2498 epoch 2 loss 0.1435 step_s 0.0016 peak_mem_gb 0.216
2026-10-01 22:36:09,466 | DEBUG | step 2499 epoch 2 loss 0.1916 step_s 0.0016 peak_mem_gb 0.216
2026-10-01 22:36:09,468 | DEBUG | step 2500 epoch 2 loss 0.2071 step_s 0.0015 peak_mem_gb 0.216
2026-10-01 22:36:09,470 | DEBUG | step 2501 epoch 2 loss 0.1420 step_s 0.0015 peak_mem_gb 0.216
2026-10-01 22:36:09,473 | DEBUG | step 2502 epoch 2 loss 0.2147 step_s 0.0016 peak_mem_gb 0.216
2026-10-01 22:36:09,475 | DEBUG | step 2503 epoch 2 loss 0.2489 step_s 0.0015 peak_mem_gb 0.216
2026-10-01 22:36:09,477 | DEBUG | step 2504 epoch 2 loss 0.2637 step_s 0.0016 peak_mem_gb 0.216
2026-10-01 22:36:09,479 | DEBUG | step 2505 epoch 2 loss 0.1488 step_s 0.0016 peak_mem_gb 0.216
2026-10-01 22:36:09,482 | DEBUG | step 2506 epoch 2 loss 0.2658 step_s 0.0015 peak_mem_gb 0.216
2026-10-01 22:36:09,484 | DEBUG | step 2507 epoch 2 loss 0.1744 step_s 0.0015 peak_mem_gb 0.216
2026-10-01 22:36:09,486 | DEBUG | step 2508 epoch 2 loss 0.3522 step_s 0.0015 peak_mem_gb 0.216
2026-10-01 22:36:09,488 | DEBUG | step 2509 epoch 2 loss 0.1064 step_s 0.0016 peak_mem_gb 0.216
2026-10-01 22:36:09,491 | DEBUG | step 2510 epoch 2 loss 0.1733 step_s 0.0015 peak_mem_gb 0.216
2026-10-01 22:36:09,493 | DEBUG | step 2511 epoch 2 loss 0.1591 step_s 0.0016 peak_mem_gb 0.216
2026-10-01 22:36:09,495 | DEBUG | step 2512 epoch 2 loss 0.2451 step_s 0.0016 peak_mem_gb 0.216
2026-10-01 22:36:09,497 | DEBUG | step 2513 epoch 2 loss 0.1562 step_s 0.0017 peak_mem_gb 0.216
2026-10-01 22:36:09,500 | DEBUG | step 2514 epoch 2 loss 0.3112 step_s 0.0015 peak_mem_gb 0.216
2026-10-01 22:36:09,502 | DEBUG | step 2515 epoch 2 loss 0.1078 step_s 0.0015 peak_mem_gb 0.216
2026-10-01 22:36:09,504 | DEBUG | step 2516 epoch 2 loss 0.1956 step_s 0.0015 peak_mem_gb 0.216
2026-10-01 22:36:09,506 | DEBUG | step 2517 epoch 2 loss 0.2023 step_s 0.0015 peak_mem_gb 0.216
2026-10-01 22:36:09,509 | DEBUG | step 2518 epoch 2 loss 0.2331 step_s 0.0016 peak_mem_gb 0.216
2026-10-01 22:36:09,511 | DEBUG | step 2519 epoch 2 loss 0.2236 step_s 0.0016 peak_mem_gb 0.216
2026-10-01 22:36:09,513 | DEBUG | step 2520 epoch 2 loss 0.0372 step_s 0.0016 peak_mem_gb 0.216
2026-10-01 22:36:09,516 | DEBUG | step 2521 epoch 2 loss 0.2563 step_s 0.0016 peak_mem_gb 0.216
2026-10-01 22:36:09,518 | DEBUG | step 2522 epoch 2 loss 0.0814 step_s 0.0016 peak_mem_gb 0.216
2026-10-01 22:36:09,521 | DEBUG | step 2523 epoch 2 loss 0.1643 step_s 0.0019 peak_mem_gb 0.216
2026-10-01 22:36:09,523 | DEBUG | step 2524 epoch 2 loss 0.2039 step_s 0.0015 peak_mem_gb 0.216
2026-10-01 22:36:09,525 | DEBUG | step 2525 epoch 2 loss 0.1824 step_s 0.0017 peak_mem_gb 0.216
2026-10-01 22:36:09,527 | DEBUG | step 2526 epoch 2 loss 0.1784 step_s 0.0016 peak_mem_gb 0.216
2026-10-01 22:36:09,530 | DEBUG | step 2527 epoch 2 loss 0.0837 step_s 0.0015 peak_mem_gb 0.216
2026-10-01 22:36:09,532 | DEBUG | step 2528 epoch 2 loss 0.2921 step_s 0.0015 peak_mem_gb 0.216
2026-10-01 22:36:09,534 | DEBUG | step 2529 epoch 2 loss 0.1507 step_s 0.0015 peak_mem_gb 0.216
2026-10-01 22:36:09,536 | DEBUG | step 2530 epoch 2 loss 0.1952 step_s 0.0015 peak_mem_gb 0.216
2026-10-01 22:36:09,538 | DEBUG | step 2531 epoch 2 loss 0.1921 step_s 0.0015 peak_mem_gb 0.216
2026-10-01 22:36:09,541 | DEBUG | step 2532 epoch 2 loss 0.1826 step_s 0.0016 peak_mem_gb 0.216
2026-10-01 22:36:09,543 | DEBUG | step 2533 epoch 2 loss 0.2641 step_s 0.0016 peak_mem_gb 0.216
2026-10-01 22:36:09,545 | DEBUG | step 2534 epoch 2 loss 0.1664 step_s 0.0016 peak_mem_gb 0.216
2026-10-01 22:36:09,547 | DEBUG | step 2535 epoch 2 loss 0.2014 step_s 0.0015 peak_mem_gb 0.216
2026-10-01 22:36:09,550 | DEBUG | step 2536 epoch 2 loss 0.2917 step_s 0.0015 peak_mem_gb 0.216
2026-10-01 22:36:09,552 | DEBUG | step 2537 epoch 2 loss 0.1537 step_s 0.0015 peak_mem_gb 0.216
2026-10-01 22:36:09,554 | DEBUG | step 2538 epoch 2 loss 0.1549 step_s 0.0015 peak_mem_gb 0.216
2026-10-01 22:36:09,556 | DEBUG | step 2539 epoch 2 loss 0.1163 step_s 0.0015 peak_mem_gb 0.216
2026-10-01 22:36:09,559 | DEBUG | step 2540 epoch 2 loss 0.1519 step_s 0.0016 peak_mem_gb 0.216
2026-10-01 22:36:09,561 | DEBUG | step 2541 epoch 2 loss 0.0929 step_s 0.0015 peak_mem_gb 0.216
2026-10-01 22:36:09,563 | DEBUG | step 2542 epoch 2 loss 0.0822 step_s 0.0015 peak_mem_gb 0.216
2026-10-01 22:36:09,565 | DEBUG | step 2543 epoch 2 loss 0.1286 step_s 0.0016 peak_mem_gb 0.216
2026-10-01 22:36:09,567 | DEBUG | step 2544 epoch 2 loss 0.2327 step_s 0.0015 peak_mem_gb 0.216
2026-10-01 22:36:09,570 | DEBUG | step 2545 epoch 2 loss 0.2460 step_s 0.0015 peak_mem_gb 0.216
2026-10-01 22:36:09,572 | DEBUG | step 2546 epoch 2 loss 0.1007 step_s 0.0015 peak_mem_gb 0.216
2026-10-01 22:36:09,574 | DEBUG | step 2547 epoch 2 loss 0.2178 step_s 0.0016 peak_mem_gb 0.216
2026-10-01 22:36:09,576 | DEBUG | step 2548 epoch 2 loss 0.1754 step_s 0.0015 peak_mem_gb 0.216
2026-10-01 22:36:09,579 | DEBUG | step 2549 epoch 2 loss 0.1540 step_s 0.0015 peak_mem_gb 0.216
2026-10-01 22:36:09,581 | DEBUG | step 2550 epoch 2 loss 0.2395 step_s 0.0016 peak_mem_gb 0.216
2026-10-01 22:36:09,583 | DEBUG | step 2551 epoch 2 loss 0.1680 step_s 0.0015 peak_mem_gb 0.216
2026-10-01 22:36:09,585 | DEBUG | step 2552 epoch 2 loss 0.1074 step_s 0.0016 peak_mem_gb 0.216
2026-10-01 22:36:09,587 | DEBUG | step 2553 epoch 2 loss 0.1564 step_s 0.0015 peak_mem_gb 0.216
2026-10-01 22:36:09,590 | DEBUG | step 2554 epoch 2 loss 0.1464 step_s 0.0016 peak_mem_gb 0.216
2026-10-01 22:36:09,592 | DEBUG | step 2555 epoch 2 loss 0.2023 step_s 0.0015 peak_mem_gb 0.216
2026-10-01 22:36:09,594 | DEBUG | step 2556 epoch 2 loss 0.2148 step_s 0.0015 peak_mem_gb 0.216
2026-10-01 22:36:09,596 | DEBUG | step 2557 epoch 2 loss 0.2924 step_s 0.0015 peak_mem_gb 0.216
2026-10-01 22:36:09,598 | DEBUG | step 2558 epoch 2 loss 0.1348 step_s 0.0015 peak_mem_gb 0.216
2026-10-01 22:36:09,601 | DEBUG | step 2559 epoch 2 loss 0.0893 step_s 0.0016 peak_mem_gb 0.216
2026-10-01 22:36:09,603 | DEBUG | step 2560 epoch 2 loss 0.1213 step_s 0.0015 peak_mem_gb 0.216
2026-10-01 22:36:09,605 | DEBUG | step 2561 epoch 2 loss 0.2472 step_s 0.0016 peak_mem_gb 0.216
2026-10-01 22:36:09,607 | DEBUG | step 2562 epoch 2 loss 0.1552 step_s 0.0015 peak_mem_gb 0.216
2026-10-01 22:36:09,610 | DEBUG | step 2563 epoch 2 loss 0.1633 step_s 0.0015 peak_mem_gb 0.216
2026-10-01 22:36:09,612 | DEBUG | step 2564 epoch 2 loss 0.2431 step_s 0.0015 peak_mem_gb 0.216
2026-10-01 22:36:09,614 | DEBUG | step 2565 epoch 2 loss 0.1676 step_s 0.0015 peak_mem_gb 0.216
2026-10-01 22:36:09,616 | DEBUG | step 2566 epoch 2 loss 0.1488 step_s 0.0015 peak_mem_gb 0.216
2026-10-01 22:36:09,618 | DEBUG | step 2567 epoch 2 loss 0.1742 step_s 0.0015 peak_mem_gb 0.216
2026-10-01 22:36:09,621 | DEBUG | step 2568 epoch 2 loss 0.1776 step_s 0.0016 peak_mem_gb 0.216
2026-10-01 22:36:09,623 | DEBUG | step 2569 epoch 2 loss 0.1564 step_s 0.0015 peak_mem_gb 0.216
2026-10-01 22:36:09,625 | DEBUG | step 2570 epoch 2 loss 0.1648 step_s 0.0016 peak_mem_gb 0.216
2026-10-01 22:36:09,627 | DEBUG | step 2571 epoch 2 loss 0.1280 step_s 0.0015 peak_mem_gb 0.216
2026-10-01 22:36:09,630 | DEBUG | step 2572 epoch 2 loss 0.1883 step_s 0.0015 peak_mem_gb 0.216
2026-10-01 22:36:09,632 | DEBUG | step 2573 epoch 2 loss 0.1527 step_s 0.0015 peak_mem_gb 0.216
2026-10-01 22:36:09,634 | DEBUG | step 2574 epoch 2 loss 0.1622 step_s 0.0015 peak_mem_gb 0.216
2026-10-01 22:36:09,636 | DEBUG | step 2575 epoch 2 loss 0.1155 step_s 0.0016 peak_mem_gb 0.216
2026-10-01 22:36:09,639 | DEBUG | step 2576 epoch 2 loss 0.2535 step_s 0.0015 peak_mem_gb 0.216
2026-10-01 22:36:09,641 | DEBUG | step 2577 epoch 2 loss 0.3048 step_s 0.0015 peak_mem_gb 0.216
2026-10-01 22:36:09,643 | DEBUG | step 2578 epoch 2 loss 0.2400 step_s 0.0015 peak_mem_gb 0.216
2026-10-01 22:36:09,645 | DEBUG | step 2579 epoch 2 loss 0.1535 step_s 0.0016 peak_mem_gb 0.216
2026-10-01 22:36:09,647 | DEBUG | step 2580 epoch 2 loss 0.1290 step_s 0.0015 peak_mem_gb 0.216
2026-10-01 22:36:09,650 | DEBUG | step 2581 epoch 2 loss 0.2116 step_s 0.0016 peak_mem_gb 0.216
2026-10-01 22:36:09,652 | DEBUG | step 2582 epoch 2 loss 0.1527 step_s 0.0016 peak_mem_gb 0.216
2026-10-01 22:36:09,654 | DEBUG | step 2583 epoch 2 loss 0.1799 step_s 0.0016 peak_mem_gb 0.216
2026-10-01 22:36:09,657 | DEBUG | step 2584 epoch 2 loss 0.2359 step_s 0.0018 peak_mem_gb 0.216
2026-10-01 22:36:09,659 | DEBUG | step 2585 epoch 2 loss 0.1551 step_s 0.0015 peak_mem_gb 0.216
2026-10-01 22:36:09,661 | DEBUG | step 2586 epoch 2 loss 0.1273 step_s 0.0016 peak_mem_gb 0.216
2026-10-01 22:36:09,664 | DEBUG | step 2587 epoch 2 loss 0.1803 step_s 0.0015 peak_mem_gb 0.216
2026-10-01 22:36:09,666 | DEBUG | step 2588 epoch 2 loss 0.1922 step_s 0.0015 peak_mem_gb 0.216
2026-10-01 22:36:09,668 | DEBUG | step 2589 epoch 2 loss 0.1518 step_s 0.0016 peak_mem_gb 0.216
2026-10-01 22:36:09,671 | DEBUG | step 2590 epoch 2 loss 0.3058 step_s 0.0017 peak_mem_gb 0.216
2026-10-01 22:36:09,673 | DEBUG | step 2591 epoch 2 loss 0.0847 step_s 0.0016 peak_mem_gb 0.216
2026-10-01 22:36:09,675 | DEBUG | step 2592 epoch 2 loss 0.1256 step_s 0.0015 peak_mem_gb 0.216
2026-10-01 22:36:09,677 | DEBUG | step 2593 epoch 2 loss 0.1632 step_s 0.0016 peak_mem_gb 0.216
2026-10-01 22:36:09,680 | DEBUG | step 2594 epoch 2 loss 0.0956 step_s 0.0015 peak_mem_gb 0.216
2026-10-01 22:36:09,682 | DEBUG | step 2595 epoch 2 loss 0.1948 step_s 0.0015 peak_mem_gb 0.216
2026-10-01 22:36:09,684 | DEBUG | step 2596 epoch 2 loss 0.1608 step_s 0.0016 peak_mem_gb 0.216
2026-10-01 22:36:09,686 | DEBUG | step 2597 epoch 2 loss 0.1492 step_s 0.0015 peak_mem_gb 0.216
2026-10-01 22:36:09,689 | DEBUG | step 2598 epoch 2 loss 0.1392 step_s 0.0015 peak_mem_gb 0.216
2026-10-01 22:36:09,691 | DEBUG | step 2599 epoch 2 loss 0.1270 step_s 0.0015 peak_mem_gb 0.216
2026-10-01 22:36:09,693 | INFO | step 2600 epoch 2 loss 0.2004 step_s 0.0016 peak_mem_gb 0.216
2026-10-01 22:36:09,696 | DEBUG | step 2601 epoch 2 loss 0.3033 step_s 0.0017 peak_mem_gb 0.216
2026-10-01 22:36:09,699 | DEBUG | step 2602 epoch 2 loss 0.1823 step_s 0.0016 peak_mem_gb 0.216
2026-10-01 22:36:09,703 | DEBUG | step 2603 epoch 2 loss 0.2329 step_s 0.0036 peak_mem_gb 0.216
2026-10-01 22:36:09,706 | DEBUG | step 2604 epoch 2 loss 0.2087 step_s 0.0018 peak_mem_gb 0.216
2026-10-01 22:36:09,708 | DEBUG | step 2605 epoch 2 loss 0.1321 step_s 0.0016 peak_mem_gb 0.216
2026-10-01 22:36:09,710 | DEBUG | step 2606 epoch 2 loss 0.1794 step_s 0.0016 peak_mem_gb 0.216
2026-10-01 22:36:09,713 | DEBUG | step 2607 epoch 2 loss 0.2857 step_s 0.0016 peak_mem_gb 0.216
2026-10-01 22:36:09,715 | DEBUG | step 2608 epoch 2 loss 0.2901 step_s 0.0016 peak_mem_gb 0.216
2026-10-01 22:36:09,717 | DEBUG | step 2609 epoch 2 loss 0.1828 step_s 0.0017 peak_mem_gb 0.216
2026-10-01 22:36:09,720 | DEBUG | step 2610 epoch 2 loss 0.3120 step_s 0.0016 peak_mem_gb 0.216
2026-10-01 22:36:09,722 | DEBUG | step 2611 epoch 2 loss 0.2339 step_s 0.0016 peak_mem_gb 0.216
2026-10-01 22:36:09,724 | DEBUG | step 2612 epoch 2 loss 0.3548 step_s 0.0015 peak_mem_gb 0.216
2026-10-01 22:36:09,726 | DEBUG | step 2613 epoch 2 loss 0.1325 step_s 0.0015 peak_mem_gb 0.216
2026-10-01 22:36:09,729 | DEBUG | step 2614 epoch 2 loss 0.1506 step_s 0.0015 peak_mem_gb 0.216
2026-10-01 22:36:09,731 | DEBUG | step 2615 epoch 2 loss 0.2372 step_s 0.0015 peak_mem_gb 0.216
2026-10-01 22:36:09,733 | DEBUG | step 2616 epoch 2 loss 0.1247 step_s 0.0016 peak_mem_gb 0.216
2026-10-01 22:36:09,735 | DEBUG | step 2617 epoch 2 loss 0.1453 step_s 0.0015 peak_mem_gb 0.216
2026-10-01 22:36:09,738 | DEBUG | step 2618 epoch 2 loss 0.1839 step_s 0.0016 peak_mem_gb 0.216
2026-10-01 22:36:09,740 | DEBUG | step 2619 epoch 2 loss 0.1639 step_s 0.0016 peak_mem_gb 0.216
2026-10-01 22:36:09,742 | DEBUG | step 2620 epoch 2 loss 0.3089 step_s 0.0016 peak_mem_gb 0.216
2026-10-01 22:36:09,745 | DEBUG | step 2621 epoch 2 loss 0.2452 step_s 0.0016 peak_mem_gb 0.216
2026-10-01 22:36:09,747 | DEBUG | step 2622 epoch 2 loss 0.2359 step_s 0.0015 peak_mem_gb 0.216
2026-10-01 22:36:09,749 | DEBUG | step 2623 epoch 2 loss 0.1965 step_s 0.0016 peak_mem_gb 0.216
2026-10-01 22:36:09,751 | DEBUG | step 2624 epoch 2 loss 0.1572 step_s 0.0016 peak_mem_gb 0.216
2026-10-01 22:36:09,754 | DEBUG | step 2625 epoch 2 loss 0.1591 step_s 0.0015 peak_mem_gb 0.216
2026-10-01 22:36:09,756 | DEBUG | step 2626 epoch 2 loss 0.1863 step_s 0.0015 peak_mem_gb 0.216
2026-10-01 22:36:09,758 | DEBUG | step 2627 epoch 2 loss 0.2927 step_s 0.0015 peak_mem_gb 0.216
2026-10-01 22:36:09,760 | DEBUG | step 2628 epoch 2 loss 0.1954 step_s 0.0016 peak_mem_gb 0.216
2026-10-01 22:36:09,763 | DEBUG | step 2629 epoch 2 loss 0.1932 step_s 0.0015 peak_mem_gb 0.216
2026-10-01 22:36:09,765 | DEBUG | step 2630 epoch 2 loss 0.0641 step_s 0.0016 peak_mem_gb 0.216
2026-10-01 22:36:09,767 | DEBUG | step 2631 epoch 2 loss 0.1367 step_s 0.0015 peak_mem_gb 0.216
2026-10-01 22:36:09,769 | DEBUG | step 2632 epoch 2 loss 0.1831 step_s 0.0016 peak_mem_gb 0.216
2026-10-01 22:36:09,772 | DEBUG | step 2633 epoch 2 loss 0.1362 step_s 0.0016 peak_mem_gb 0.216
2026-10-01 22:36:09,774 | DEBUG | step 2634 epoch 2 loss 0.2387 step_s 0.0016 peak_mem_gb 0.216
2026-10-01 22:36:09,776 | DEBUG | step 2635 epoch 2 loss 0.1206 step_s 0.0015 peak_mem_gb 0.216
2026-10-01 22:36:09,778 | DEBUG | step 2636 epoch 2 loss 0.1638 step_s 0.0015 peak_mem_gb 0.216
2026-10-01 22:36:09,781 | DEBUG | step 2637 epoch 2 loss 0.2384 step_s 0.0016 peak_mem_gb 0.216
2026-10-01 22:36:09,783 | DEBUG | step 2638 epoch 2 loss 0.2239 step_s 0.0015 peak_mem_gb 0.216
2026-10-01 22:36:09,785 | DEBUG | step 2639 epoch 2 loss 0.3327 step_s 0.0016 peak_mem_gb 0.216
2026-10-01 22:36:09,787 | DEBUG | step 2640 epoch 2 loss 0.2777 step_s 0.0016 peak_mem_gb 0.216
2026-10-01 22:36:09,790 | DEBUG | step 2641 epoch 2 loss 0.1123 step_s 0.0015 peak_mem_gb 0.216
2026-10-01 22:36:09,792 | DEBUG | step 2642 epoch 2 loss 0.2017 step_s 0.0016 peak_mem_gb 0.216
2026-10-01 22:36:09,794 | DEBUG | step 2643 epoch 2 loss 0.1265 step_s 0.0015 peak_mem_gb 0.216
2026-10-01 22:36:09,797 | DEBUG | step 2644 epoch 2 loss 0.2159 step_s 0.0016 peak_mem_gb 0.216
2026-10-01 22:36:09,799 | DEBUG | step 2645 epoch 2 loss 0.1094 step_s 0.0016 peak_mem_gb 0.216
2026-10-01 22:36:09,801 | DEBUG | step 2646 epoch 2 loss 0.1581 step_s 0.0016 peak_mem_gb 0.216
2026-10-01 22:36:09,803 | DEBUG | step 2647 epoch 2 loss 0.2036 step_s 0.0015 peak_mem_gb 0.216
2026-10-01 22:36:09,805 | DEBUG | step 2648 epoch 2 loss 0.1934 step_s 0.0016 peak_mem_gb 0.216
2026-10-01 22:36:09,808 | DEBUG | step 2649 epoch 2 loss 0.0678 step_s 0.0016 peak_mem_gb 0.216
2026-10-01 22:36:09,810 | DEBUG | step 2650 epoch 2 loss 0.1950 step_s 0.0015 peak_mem_gb 0.216
2026-10-01 22:36:09,812 | DEBUG | step 2651 epoch 2 loss 0.2715 step_s 0.0015 peak_mem_gb 0.216
2026-10-01 22:36:09,814 | DEBUG | step 2652 epoch 2 loss 0.2334 step_s 0.0015 peak_mem_gb 0.216
2026-10-01 22:36:09,817 | DEBUG | step 2653 epoch 2 loss 0.2385 step_s 0.0016 peak_mem_gb 0.216
2026-10-01 22:36:09,820 | DEBUG | step 2654 epoch 2 loss 0.1545 step_s 0.0016 peak_mem_gb 0.216
2026-10-01 22:36:09,822 | DEBUG | step 2655 epoch 2 loss 0.2934 step_s 0.0016 peak_mem_gb 0.216
2026-10-01 22:36:09,824 | DEBUG | step 2656 epoch 2 loss 0.1533 step_s 0.0015 peak_mem_gb 0.216
2026-10-01 22:36:09,826 | DEBUG | step 2657 epoch 2 loss 0.1128 step_s 0.0015 peak_mem_gb 0.216
2026-10-01 22:36:09,829 | DEBUG | step 2658 epoch 2 loss 0.2216 step_s 0.0016 peak_mem_gb 0.216
2026-10-01 22:36:09,831 | DEBUG | step 2659 epoch 2 loss 0.0833 step_s 0.0016 peak_mem_gb 0.216
2026-10-01 22:36:09,833 | DEBUG | step 2660 epoch 2 loss 0.4004 step_s 0.0016 peak_mem_gb 0.216
2026-10-01 22:36:09,835 | DEBUG | step 2661 epoch 2 loss 0.2597 step_s 0.0015 peak_mem_gb 0.216
2026-10-01 22:36:09,838 | DEBUG | step 2662 epoch 2 loss 0.2548 step_s 0.0016 peak_mem_gb 0.216
2026-10-01 22:36:09,840 | DEBUG | step 2663 epoch 2 loss 0.1985 step_s 0.0015 peak_mem_gb 0.216
2026-10-01 22:36:09,842 | DEBUG | step 2664 epoch 2 loss 0.1955 step_s 0.0015 peak_mem_gb 0.216
2026-10-01 22:36:09,845 | DEBUG | step 2665 epoch 2 loss 0.2352 step_s 0.0016 peak_mem_gb 0.216
2026-10-01 22:36:09,847 | DEBUG | step 2666 epoch 2 loss 0.1290 step_s 0.0015 peak_mem_gb 0.216
2026-10-01 22:36:09,849 | DEBUG | step 2667 epoch 2 loss 0.2320 step_s 0.0016 peak_mem_gb 0.216
2026-10-01 22:36:09,851 | DEBUG | step 2668 epoch 2 loss 0.1763 step_s 0.0016 peak_mem_gb 0.216
2026-10-01 22:36:09,854 | DEBUG | step 2669 epoch 2 loss 0.2262 step_s 0.0016 peak_mem_gb 0.216
2026-10-01 22:36:09,856 | DEBUG | step 2670 epoch 2 loss 0.2505 step_s 0.0015 peak_mem_gb 0.216
2026-10-01 22:36:09,858 | DEBUG | step 2671 epoch 2 loss 0.1808 step_s 0.0015 peak_mem_gb 0.216
2026-10-01 22:36:09,860 | DEBUG | step 2672 epoch 2 loss 0.0707 step_s 0.0015 peak_mem_gb 0.216
2026-10-01 22:36:09,862 | DEBUG | step 2673 epoch 2 loss 0.1425 step_s 0.0015 peak_mem_gb 0.216
2026-10-01 22:36:09,865 | DEBUG | step 2674 epoch 2 loss 0.1093 step_s 0.0016 peak_mem_gb 0.216
2026-10-01 22:36:09,867 | DEBUG | step 2675 epoch 2 loss 0.1382 step_s 0.0016 peak_mem_gb 0.216
2026-10-01 22:36:09,869 | DEBUG | step 2676 epoch 2 loss 0.1211 step_s 0.0016 peak_mem_gb 0.216
2026-10-01 22:36:09,871 | DEBUG | step 2677 epoch 2 loss 0.2052 step_s 0.0015 peak_mem_gb 0.216
2026-10-01 22:36:09,874 | DEBUG | step 2678 epoch 2 loss 0.3723 step_s 0.0015 peak_mem_gb 0.216
2026-10-01 22:36:09,876 | DEBUG | step 2679 epoch 2 loss 0.0925 step_s 0.0015 peak_mem_gb 0.216
2026-10-01 22:36:09,878 | DEBUG | step 2680 epoch 2 loss 0.1559 step_s 0.0015 peak_mem_gb 0.216
2026-10-01 22:36:09,881 | DEBUG | step 2681 epoch 2 loss 0.1339 step_s 0.0016 peak_mem_gb 0.216
2026-10-01 22:36:09,883 | DEBUG | step 2682 epoch 2 loss 0.1482 step_s 0.0015 peak_mem_gb 0.216
2026-10-01 22:36:09,885 | DEBUG | step 2683 epoch 2 loss 0.1824 step_s 0.0016 peak_mem_gb 0.216
2026-10-01 22:36:09,887 | DEBUG | step 2684 epoch 2 loss 0.2926 step_s 0.0015 peak_mem_gb 0.216
2026-10-01 22:36:09,890 | DEBUG | step 2685 epoch 2 loss 0.1267 step_s 0.0016 peak_mem_gb 0.216
2026-10-01 22:36:09,892 | DEBUG | step 2686 epoch 2 loss 0.1574 step_s 0.0015 peak_mem_gb 0.216
2026-10-01 22:36:09,894 | DEBUG | step 2687 epoch 2 loss 0.2522 step_s 0.0016 peak_mem_gb 0.216
2026-10-01 22:36:09,896 | DEBUG | step 2688 epoch 2 loss 0.2127 step_s 0.0016 peak_mem_gb 0.216
2026-10-01 22:36:09,899 | DEBUG | step 2689 epoch 2 loss 0.0909 step_s 0.0016 peak_mem_gb 0.216
2026-10-01 22:36:09,901 | DEBUG | step 2690 epoch 2 loss 0.1830 step_s 0.0016 peak_mem_gb 0.216
2026-10-01 22:36:09,903 | DEBUG | step 2691 epoch 2 loss 0.0936 step_s 0.0015 peak_mem_gb 0.216
2026-10-01 22:36:09,905 | DEBUG | step 2692 epoch 2 loss 0.1059 step_s 0.0016 peak_mem_gb 0.216
2026-10-01 22:36:09,908 | DEBUG | step 2693 epoch 2 loss 0.1707 step_s 0.0015 peak_mem_gb 0.216
2026-10-01 22:36:09,910 | DEBUG | step 2694 epoch 2 loss 0.1550 step_s 0.0015 peak_mem_gb 0.216
2026-10-01 22:36:09,912 | DEBUG | step 2695 epoch 2 loss 0.1929 step_s 0.0015 peak_mem_gb 0.216
2026-10-01 22:36:09,914 | DEBUG | step 2696 epoch 2 loss 0.1139 step_s 0.0015 peak_mem_gb 0.216
2026-10-01 22:36:09,917 | DEBUG | step 2697 epoch 2 loss 0.2710 step_s 0.0016 peak_mem_gb 0.216
2026-10-01 22:36:09,919 | DEBUG | step 2698 epoch 2 loss 0.1660 step_s 0.0015 peak_mem_gb 0.216
2026-10-01 22:36:09,921 | DEBUG | step 2699 epoch 2 loss 0.1515 step_s 0.0016 peak_mem_gb 0.216
2026-10-01 22:36:09,923 | DEBUG | step 2700 epoch 2 loss 0.1689 step_s 0.0015 peak_mem_gb 0.216
2026-10-01 22:36:09,926 | DEBUG | step 2701 epoch 2 loss 0.1722 step_s 0.0015 peak_mem_gb 0.216
2026-10-01 22:36:09,928 | DEBUG | step 2702 epoch 2 loss 0.1534 step_s 0.0016 peak_mem_gb 0.216
2026-10-01 22:36:09,930 | DEBUG | step 2703 epoch 2 loss 0.2852 step_s 0.0015 peak_mem_gb 0.216
2026-10-01 22:36:09,933 | DEBUG | step 2704 epoch 2 loss 0.2192 step_s 0.0016 peak_mem_gb 0.216
2026-10-01 22:36:09,935 | DEBUG | step 2705 epoch 2 loss 0.2093 step_s 0.0015 peak_mem_gb 0.216
2026-10-01 22:36:09,937 | DEBUG | step 2706 epoch 2 loss 0.2585 step_s 0.0015 peak_mem_gb 0.216
2026-10-01 22:36:09,939 | DEBUG | step 2707 epoch 2 loss 0.3809 step_s 0.0015 peak_mem_gb 0.216
2026-10-01 22:36:09,941 | DEBUG | step 2708 epoch 2 loss 0.0717 step_s 0.0016 peak_mem_gb 0.216
2026-10-01 22:36:09,944 | DEBUG | step 2709 epoch 2 loss 0.2199 step_s 0.0015 peak_mem_gb 0.216
2026-10-01 22:36:09,946 | DEBUG | step 2710 epoch 2 loss 0.1560 step_s 0.0018 peak_mem_gb 0.216
2026-10-01 22:36:09,948 | DEBUG | step 2711 epoch 2 loss 0.1079 step_s 0.0016 peak_mem_gb 0.216
2026-10-01 22:36:09,951 | DEBUG | step 2712 epoch 2 loss 0.2986 step_s 0.0015 peak_mem_gb 0.216
2026-10-01 22:36:09,953 | DEBUG | step 2713 epoch 2 loss 0.2300 step_s 0.0016 peak_mem_gb 0.216
2026-10-01 22:36:09,955 | DEBUG | step 2714 epoch 2 loss 0.1104 step_s 0.0015 peak_mem_gb 0.216
2026-10-01 22:36:09,957 | DEBUG | step 2715 epoch 2 loss 0.1867 step_s 0.0016 peak_mem_gb 0.216
2026-10-01 22:36:09,960 | DEBUG | step 2716 epoch 2 loss 0.1504 step_s 0.0016 peak_mem_gb 0.216
2026-10-01 22:36:09,962 | DEBUG | step 2717 epoch 2 loss 0.1708 step_s 0.0016 peak_mem_gb 0.216
2026-10-01 22:36:09,964 | DEBUG | step 2718 epoch 2 loss 0.1417 step_s 0.0015 peak_mem_gb 0.216
2026-10-01 22:36:09,966 | DEBUG | step 2719 epoch 2 loss 0.1954 step_s 0.0015 peak_mem_gb 0.216
2026-10-01 22:36:09,969 | DEBUG | step 2720 epoch 2 loss 0.4949 step_s 0.0016 peak_mem_gb 0.216
2026-10-01 22:36:09,971 | DEBUG | step 2721 epoch 2 loss 0.2476 step_s 0.0015 peak_mem_gb 0.216
2026-10-01 22:36:09,973 | DEBUG | step 2722 epoch 2 loss 0.1911 step_s 0.0016 peak_mem_gb 0.216
2026-10-01 22:36:09,976 | DEBUG | step 2723 epoch 2 loss 0.2248 step_s 0.0017 peak_mem_gb 0.216
2026-10-01 22:36:09,978 | DEBUG | step 2724 epoch 2 loss 0.2785 step_s 0.0015 peak_mem_gb 0.216
2026-10-01 22:36:09,980 | DEBUG | step 2725 epoch 2 loss 0.2523 step_s 0.0015 peak_mem_gb 0.216
2026-10-01 22:36:09,982 | DEBUG | step 2726 epoch 2 loss 0.3149 step_s 0.0016 peak_mem_gb 0.216
2026-10-01 22:36:09,985 | DEBUG | step 2727 epoch 2 loss 0.1070 step_s 0.0016 peak_mem_gb 0.216
2026-10-01 22:36:09,987 | DEBUG | step 2728 epoch 2 loss 0.1495 step_s 0.0016 peak_mem_gb 0.216
2026-10-01 22:36:09,989 | DEBUG | step 2729 epoch 2 loss 0.2047 step_s 0.0015 peak_mem_gb 0.216
2026-10-01 22:36:09,991 | DEBUG | step 2730 epoch 2 loss 0.1798 step_s 0.0016 peak_mem_gb 0.216
2026-10-01 22:36:09,994 | DEBUG | step 2731 epoch 2 loss 0.1846 step_s 0.0016 peak_mem_gb 0.216
2026-10-01 22:36:09,996 | DEBUG | step 2732 epoch 2 loss 0.1765 step_s 0.0016 peak_mem_gb 0.216
2026-10-01 22:36:09,998 | DEBUG | step 2733 epoch 2 loss 0.1220 step_s 0.0015 peak_mem_gb 0.216
2026-10-01 22:36:10,000 | DEBUG | step 2734 epoch 2 loss 0.2033 step_s 0.0016 peak_mem_gb 0.216
2026-10-01 22:36:10,003 | DEBUG | step 2735 epoch 2 loss 0.1368 step_s 0.0015 peak_mem_gb 0.216
2026-10-01 22:36:10,005 | DEBUG | step 2736 epoch 2 loss 0.1363 step_s 0.0016 peak_mem_gb 0.216
2026-10-01 22:36:10,007 | DEBUG | step 2737 epoch 2 loss 0.1355 step_s 0.0016 peak_mem_gb 0.216
2026-10-01 22:36:10,009 | DEBUG | step 2738 epoch 2 loss 0.1342 step_s 0.0016 peak_mem_gb 0.216
2026-10-01 22:36:10,012 | DEBUG | step 2739 epoch 2 loss 0.1274 step_s 0.0016 peak_mem_gb 0.216
2026-10-01 22:36:10,014 | DEBUG | step 2740 epoch 2 loss 0.2105 step_s 0.0015 peak_mem_gb 0.216
2026-10-01 22:36:10,016 | DEBUG | step 2741 epoch 2 loss 0.1475 step_s 0.0016 peak_mem_gb 0.216
2026-10-01 22:36:10,019 | DEBUG | step 2742 epoch 2 loss 0.1374 step_s 0.0016 peak_mem_gb 0.216
2026-10-01 22:36:10,021 | DEBUG | step 2743 epoch 2 loss 0.1532 step_s 0.0016 peak_mem_gb 0.216
2026-10-01 22:36:10,023 | DEBUG | step 2744 epoch 2 loss 0.1595 step_s 0.0016 peak_mem_gb 0.216
2026-10-01 22:36:10,025 | DEBUG | step 2745 epoch 2 loss 0.2326 step_s 0.0016 peak_mem_gb 0.216
2026-10-01 22:36:10,028 | DEBUG | step 2746 epoch 2 loss 0.2201 step_s 0.0015 peak_mem_gb 0.216
2026-10-01 22:36:10,030 | DEBUG | step 2747 epoch 2 loss 0.2004 step_s 0.0015 peak_mem_gb 0.216
2026-10-01 22:36:10,032 | DEBUG | step 2748 epoch 2 loss 0.3234 step_s 0.0015 peak_mem_gb 0.216
2026-10-01 22:36:10,034 | DEBUG | step 2749 epoch 2 loss 0.1321 step_s 0.0015 peak_mem_gb 0.216
2026-10-01 22:36:10,036 | DEBUG | step 2750 epoch 2 loss 0.1471 step_s 0.0016 peak_mem_gb 0.216
2026-10-01 22:36:10,039 | DEBUG | step 2751 epoch 2 loss 0.1561 step_s 0.0016 peak_mem_gb 0.216
2026-10-01 22:36:10,041 | DEBUG | step 2752 epoch 2 loss 0.2576 step_s 0.0016 peak_mem_gb 0.216
2026-10-01 22:36:10,043 | DEBUG | step 2753 epoch 2 loss 0.2566 step_s 0.0016 peak_mem_gb 0.216
2026-10-01 22:36:10,046 | DEBUG | step 2754 epoch 2 loss 0.1798 step_s 0.0016 peak_mem_gb 0.216
2026-10-01 22:36:10,048 | DEBUG | step 2755 epoch 2 loss 0.2791 step_s 0.0015 peak_mem_gb 0.216
2026-10-01 22:36:10,050 | DEBUG | step 2756 epoch 2 loss 0.1634 step_s 0.0015 peak_mem_gb 0.216
2026-10-01 22:36:10,052 | DEBUG | step 2757 epoch 2 loss 0.2064 step_s 0.0015 peak_mem_gb 0.216
2026-10-01 22:36:10,054 | DEBUG | step 2758 epoch 2 loss 0.1573 step_s 0.0016 peak_mem_gb 0.216
2026-10-01 22:36:10,057 | DEBUG | step 2759 epoch 2 loss 0.1727 step_s 0.0017 peak_mem_gb 0.216
2026-10-01 22:36:10,059 | DEBUG | step 2760 epoch 2 loss 0.1615 step_s 0.0017 peak_mem_gb 0.216
2026-10-01 22:36:10,062 | DEBUG | step 2761 epoch 2 loss 0.3136 step_s 0.0016 peak_mem_gb 0.216
2026-10-01 22:36:10,064 | DEBUG | step 2762 epoch 2 loss 0.2271 step_s 0.0017 peak_mem_gb 0.216
2026-10-01 22:36:10,067 | DEBUG | step 2763 epoch 2 loss 0.2293 step_s 0.0017 peak_mem_gb 0.216
2026-10-01 22:36:10,069 | DEBUG | step 2764 epoch 2 loss 0.2628 step_s 0.0017 peak_mem_gb 0.216
2026-10-01 22:36:10,072 | DEBUG | step 2765 epoch 2 loss 0.4087 step_s 0.0016 peak_mem_gb 0.216
2026-10-01 22:36:10,074 | DEBUG | step 2766 epoch 2 loss 0.1675 step_s 0.0015 peak_mem_gb 0.216
2026-10-01 22:36:10,076 | DEBUG | step 2767 epoch 2 loss 0.1740 step_s 0.0016 peak_mem_gb 0.216
2026-10-01 22:36:10,078 | DEBUG | step 2768 epoch 2 loss 0.2037 step_s 0.0015 peak_mem_gb 0.216
2026-10-01 22:36:10,081 | DEBUG | step 2769 epoch 2 loss 0.1423 step_s 0.0015 peak_mem_gb 0.216
2026-10-01 22:36:10,083 | DEBUG | step 2770 epoch 2 loss 0.1893 step_s 0.0015 peak_mem_gb 0.216
2026-10-01 22:36:10,085 | DEBUG | step 2771 epoch 2 loss 0.1273 step_s 0.0016 peak_mem_gb 0.216
2026-10-01 22:36:10,087 | DEBUG | step 2772 epoch 2 loss 0.2071 step_s 0.0016 peak_mem_gb 0.216
2026-10-01 22:36:10,090 | DEBUG | step 2773 epoch 2 loss 0.1942 step_s 0.0016 peak_mem_gb 0.216
2026-10-01 22:36:10,092 | DEBUG | step 2774 epoch 2 loss 0.1826 step_s 0.0016 peak_mem_gb 0.216
2026-10-01 22:36:10,095 | DEBUG | step 2775 epoch 2 loss 0.3215 step_s 0.0018 peak_mem_gb 0.216
2026-10-01 22:36:10,097 | DEBUG | step 2776 epoch 2 loss 0.2377 step_s 0.0017 peak_mem_gb 0.216
2026-10-01 22:36:10,099 | DEBUG | step 2777 epoch 2 loss 0.2676 step_s 0.0015 peak_mem_gb 0.216
2026-10-01 22:36:10,102 | DEBUG | step 2778 epoch 2 loss 0.2079 step_s 0.0015 peak_mem_gb 0.216
2026-10-01 22:36:10,104 | DEBUG | step 2779 epoch 2 loss 0.2608 step_s 0.0016 peak_mem_gb 0.216
2026-10-01 22:36:10,106 | DEBUG | step 2780 epoch 2 loss 0.2266 step_s 0.0016 peak_mem_gb 0.216
2026-10-01 22:36:10,109 | DEBUG | step 2781 epoch 2 loss 0.2286 step_s 0.0016 peak_mem_gb 0.216
2026-10-01 22:36:10,111 | DEBUG | step 2782 epoch 2 loss 0.2676 step_s 0.0015 peak_mem_gb 0.216
2026-10-01 22:36:10,113 | DEBUG | step 2783 epoch 2 loss 0.1584 step_s 0.0015 peak_mem_gb 0.216
2026-10-01 22:36:10,115 | DEBUG | step 2784 epoch 2 loss 0.1685 step_s 0.0015 peak_mem_gb 0.216
2026-10-01 22:36:10,118 | DEBUG | step 2785 epoch 2 loss 0.2844 step_s 0.0016 peak_mem_gb 0.216
2026-10-01 22:36:10,120 | DEBUG | step 2786 epoch 2 loss 0.2141 step_s 0.0015 peak_mem_gb 0.216
2026-10-01 22:36:10,122 | DEBUG | step 2787 epoch 2 loss 0.1545 step_s 0.0016 peak_mem_gb 0.216
2026-10-01 22:36:10,124 | DEBUG | step 2788 epoch 2 loss 0.1544 step_s 0.0016 peak_mem_gb 0.216
2026-10-01 22:36:10,127 | DEBUG | step 2789 epoch 2 loss 0.1075 step_s 0.0015 peak_mem_gb 0.216
2026-10-01 22:36:10,129 | DEBUG | step 2790 epoch 2 loss 0.1182 step_s 0.0016 peak_mem_gb 0.216
2026-10-01 22:36:10,131 | DEBUG | step 2791 epoch 2 loss 0.1749 step_s 0.0016 peak_mem_gb 0.216
2026-10-01 22:36:10,134 | DEBUG | step 2792 epoch 2 loss 0.3539 step_s 0.0017 peak_mem_gb 0.216
2026-10-01 22:36:10,136 | DEBUG | step 2793 epoch 2 loss 0.2071 step_s 0.0015 peak_mem_gb 0.216
2026-10-01 22:36:10,138 | DEBUG | step 2794 epoch 2 loss 0.1832 step_s 0.0016 peak_mem_gb 0.216
2026-10-01 22:36:10,141 | DEBUG | step 2795 epoch 2 loss 0.2079 step_s 0.0016 peak_mem_gb 0.216
2026-10-01 22:36:10,143 | DEBUG | step 2796 epoch 2 loss 0.1831 step_s 0.0016 peak_mem_gb 0.216
2026-10-01 22:36:10,145 | DEBUG | step 2797 epoch 2 loss 0.1324 step_s 0.0015 peak_mem_gb 0.216
2026-10-01 22:36:10,147 | DEBUG | step 2798 epoch 2 loss 0.1727 step_s 0.0015 peak_mem_gb 0.216
2026-10-01 22:36:10,149 | DEBUG | step 2799 epoch 2 loss 0.2415 step_s 0.0016 peak_mem_gb 0.216
2026-10-01 22:36:10,152 | INFO | step 2800 epoch 2 loss 0.2088 step_s 0.0015 peak_mem_gb 0.216
2026-10-01 22:36:10,155 | DEBUG | step 2801 epoch 2 loss 0.2137 step_s 0.0019 peak_mem_gb 0.216
2026-10-01 22:36:10,158 | DEBUG | step 2802 epoch 2 loss 0.2866 step_s 0.0019 peak_mem_gb 0.216
2026-10-01 22:36:10,162 | DEBUG | step 2803 epoch 2 loss 0.1578 step_s 0.0026 peak_mem_gb 0.216
2026-10-01 22:36:10,164 | DEBUG | step 2804 epoch 2 loss 0.1352 step_s 0.0019 peak_mem_gb 0.216
2026-10-01 22:36:10,167 | DEBUG | step 2805 epoch 2 loss 0.1751 step_s 0.0016 peak_mem_gb 0.216
2026-10-01 22:36:10,169 | DEBUG | step 2806 epoch 2 loss 0.1607 step_s 0.0016 peak_mem_gb 0.216
2026-10-01 22:36:10,171 | DEBUG | step 2807 epoch 2 loss 0.2110 step_s 0.0015 peak_mem_gb 0.216
2026-10-01 22:36:10,174 | DEBUG | step 2808 epoch 2 loss 0.1349 step_s 0.0016 peak_mem_gb 0.216
2026-10-01 22:36:10,176 | DEBUG | step 2809 epoch 2 loss 0.1605 step_s 0.0015 peak_mem_gb 0.216
2026-10-01 22:36:10,178 | DEBUG | step 2810 epoch 2 loss 0.1760 step_s 0.0016 peak_mem_gb 0.216
2026-10-01 22:36:10,181 | DEBUG | step 2811 epoch 2 loss 0.1000 step_s 0.0016 peak_mem_gb 0.216
2026-10-01 22:36:10,183 | DEBUG | step 2812 epoch 2 loss 0.2196 step_s 0.0015 peak_mem_gb 0.216
2026-10-01 22:36:10,185 | DEBUG | step 2813 epoch 2 loss 0.0767 step_s 0.0016 peak_mem_gb 0.216
2026-10-01 22:36:10,187 | DEBUG | step 2814 epoch 2 loss 0.1698 step_s 0.0015 peak_mem_gb 0.216
2026-10-01 22:36:10,190 | DEBUG | step 2815 epoch 2 loss 0.2060 step_s 0.0016 peak_mem_gb 0.216
2026-10-01 22:36:10,192 | DEBUG | step 2816 epoch 2 loss 0.2119 step_s 0.0016 peak_mem_gb 0.216
2026-10-01 22:36:10,194 | DEBUG | step 2817 epoch 2 loss 0.1997 step_s 0.0015 peak_mem_gb 0.216
2026-10-01 22:36:10,197 | DEBUG | step 2818 epoch 2 loss 0.1195 step_s 0.0016 peak_mem_gb 0.216
2026-10-01 22:36:10,199 | DEBUG | step 2819 epoch 2 loss 0.1620 step_s 0.0015 peak_mem_gb 0.216
2026-10-01 22:36:10,201 | DEBUG | step 2820 epoch 2 loss 0.0756 step_s 0.0016 peak_mem_gb 0.216
2026-10-01 22:36:10,203 | DEBUG | step 2821 epoch 2 loss 0.1084 step_s 0.0015 peak_mem_gb 0.216
2026-10-01 22:36:10,207 | DEBUG | step 2822 epoch 2 loss 0.1771 step_s 0.0024 peak_mem_gb 0.216
2026-10-01 22:36:10,209 | DEBUG | step 2823 epoch 2 loss 0.2565 step_s 0.0017 peak_mem_gb 0.216
2026-10-01 22:36:10,212 | DEBUG | step 2824 epoch 2 loss 0.1669 step_s 0.0016 peak_mem_gb 0.216
2026-10-01 22:36:10,214 | DEBUG | step 2825 epoch 2 loss 0.1740 step_s 0.0016 peak_mem_gb 0.216
2026-10-01 22:36:10,216 | DEBUG | step 2826 epoch 2 loss 0.1063 step_s 0.0016 peak_mem_gb 0.216
2026-10-01 22:36:10,219 | DEBUG | step 2827 epoch 2 loss 0.1842 step_s 0.0017 peak_mem_gb 0.216
2026-10-01 22:36:10,221 | DEBUG | step 2828 epoch 2 loss 0.0879 step_s 0.0016 peak_mem_gb 0.216
2026-10-01 22:36:10,223 | DEBUG | step 2829 epoch 2 loss 0.1565 step_s 0.0016 peak_mem_gb 0.216
2026-10-01 22:36:10,226 | DEBUG | step 2830 epoch 2 loss 0.2311 step_s 0.0016 peak_mem_gb 0.216
2026-10-01 22:36:10,228 | DEBUG | step 2831 epoch 2 loss 0.1158 step_s 0.0015 peak_mem_gb 0.216
2026-10-01 22:36:10,230 | DEBUG | step 2832 epoch 2 loss 0.1062 step_s 0.0016 peak_mem_gb 0.216
2026-10-01 22:36:10,232 | DEBUG | step 2833 epoch 2 loss 0.2798 step_s 0.0016 peak_mem_gb 0.216
2026-10-01 22:36:10,235 | DEBUG | step 2834 epoch 2 loss 0.2419 step_s 0.0015 peak_mem_gb 0.216
2026-10-01 22:36:10,237 | DEBUG | step 2835 epoch 2 loss 0.1958 step_s 0.0016 peak_mem_gb 0.216
2026-10-01 22:36:10,239 | DEBUG | step 2836 epoch 2 loss 0.2458 step_s 0.0016 peak_mem_gb 0.216
2026-10-01 22:36:10,241 | DEBUG | step 2837 epoch 2 loss 0.1343 step_s 0.0016 peak_mem_gb 0.216
2026-10-01 22:36:10,244 | DEBUG | step 2838 epoch 2 loss 0.0638 step_s 0.0015 peak_mem_gb 0.216
2026-10-01 22:36:10,246 | DEBUG | step 2839 epoch 2 loss 0.0972 step_s 0.0015 peak_mem_gb 0.216
2026-10-01 22:36:10,248 | DEBUG | step 2840 epoch 2 loss 0.2155 step_s 0.0015 peak_mem_gb 0.216
2026-10-01 22:36:10,251 | DEBUG | step 2841 epoch 2 loss 0.2218 step_s 0.0015 peak_mem_gb 0.216
2026-10-01 22:36:10,253 | DEBUG | step 2842 epoch 2 loss 0.1411 step_s 0.0016 peak_mem_gb 0.216
2026-10-01 22:36:10,255 | DEBUG | step 2843 epoch 2 loss 0.2041 step_s 0.0015 peak_mem_gb 0.216
2026-10-01 22:36:10,257 | DEBUG | step 2844 epoch 2 loss 0.3064 step_s 0.0016 peak_mem_gb 0.216
2026-10-01 22:36:10,260 | DEBUG | step 2845 epoch 2 loss 0.1770 step_s 0.0016 peak_mem_gb 0.216
2026-10-01 22:36:10,262 | DEBUG | step 2846 epoch 2 loss 0.1965 step_s 0.0015 peak_mem_gb 0.216
2026-10-01 22:36:10,264 | DEBUG | step 2847 epoch 2 loss 0.0792 step_s 0.0015 peak_mem_gb 0.216
2026-10-01 22:36:10,266 | DEBUG | step 2848 epoch 2 loss 0.1900 step_s 0.0015 peak_mem_gb 0.216
2026-10-01 22:36:10,268 | DEBUG | step 2849 epoch 2 loss 0.1956 step_s 0.0016 peak_mem_gb 0.216
2026-10-01 22:36:10,271 | DEBUG | step 2850 epoch 2 loss 0.1794 step_s 0.0016 peak_mem_gb 0.216
2026-10-01 22:36:10,273 | DEBUG | step 2851 epoch 2 loss 0.1737 step_s 0.0016 peak_mem_gb 0.216
2026-10-01 22:36:10,275 | DEBUG | step 2852 epoch 2 loss 0.2239 step_s 0.0015 peak_mem_gb 0.216
2026-10-01 22:36:10,278 | DEBUG | step 2853 epoch 2 loss 0.2383 step_s 0.0016 peak_mem_gb 0.216
2026-10-01 22:36:10,280 | DEBUG | step 2854 epoch 2 loss 0.2184 step_s 0.0015 peak_mem_gb 0.216
2026-10-01 22:36:10,282 | DEBUG | step 2855 epoch 2 loss 0.1379 step_s 0.0015 peak_mem_gb 0.216
2026-10-01 22:36:10,284 | DEBUG | step 2856 epoch 2 loss 0.2882 step_s 0.0015 peak_mem_gb 0.216
2026-10-01 22:36:10,286 | DEBUG | step 2857 epoch 2 loss 0.1884 step_s 0.0016 peak_mem_gb 0.216
2026-10-01 22:36:10,289 | DEBUG | step 2858 epoch 2 loss 0.2186 step_s 0.0016 peak_mem_gb 0.216
2026-10-01 22:36:10,291 | DEBUG | step 2859 epoch 2 loss 0.1552 step_s 0.0016 peak_mem_gb 0.216
2026-10-01 22:36:10,293 | DEBUG | step 2860 epoch 2 loss 0.1991 step_s 0.0016 peak_mem_gb 0.216
2026-10-01 22:36:10,296 | DEBUG | step 2861 epoch 2 loss 0.1168 step_s 0.0015 peak_mem_gb 0.216
2026-10-01 22:36:10,298 | DEBUG | step 2862 epoch 2 loss 0.3751 step_s 0.0015 peak_mem_gb 0.216
2026-10-01 22:36:10,300 | DEBUG | step 2863 epoch 2 loss 0.2342 step_s 0.0016 peak_mem_gb 0.216
2026-10-01 22:36:10,302 | DEBUG | step 2864 epoch 2 loss 0.1618 step_s 0.0016 peak_mem_gb 0.216
2026-10-01 22:36:10,305 | DEBUG | step 2865 epoch 2 loss 0.2169 step_s 0.0016 peak_mem_gb 0.216
2026-10-01 22:36:10,307 | DEBUG | step 2866 epoch 2 loss 0.1177 step_s 0.0015 peak_mem_gb 0.216
2026-10-01 22:36:10,309 | DEBUG | step 2867 epoch 2 loss 0.2380 step_s 0.0016 peak_mem_gb 0.216
2026-10-01 22:36:10,311 | DEBUG | step 2868 epoch 2 loss 0.1937 step_s 0.0015 peak_mem_gb 0.216
2026-10-01 22:36:10,314 | DEBUG | step 2869 epoch 2 loss 0.2383 step_s 0.0016 peak_mem_gb 0.216
2026-10-01 22:36:10,316 | DEBUG | step 2870 epoch 2 loss 0.3798 step_s 0.0015 peak_mem_gb 0.216
2026-10-01 22:36:10,318 | DEBUG | step 2871 epoch 2 loss 0.1554 step_s 0.0015 peak_mem_gb 0.216
2026-10-01 22:36:10,320 | DEBUG | step 2872 epoch 2 loss 0.2644 step_s 0.0016 peak_mem_gb 0.216
2026-10-01 22:36:10,323 | DEBUG | step 2873 epoch 2 loss 0.1290 step_s 0.0015 peak_mem_gb 0.216
2026-10-01 22:36:10,325 | DEBUG | step 2874 epoch 2 loss 0.1837 step_s 0.0015 peak_mem_gb 0.216
2026-10-01 22:36:10,327 | DEBUG | step 2875 epoch 2 loss 0.2876 step_s 0.0016 peak_mem_gb 0.216
2026-10-01 22:36:10,329 | DEBUG | step 2876 epoch 2 loss 0.1698 step_s 0.0016 peak_mem_gb 0.216
2026-10-01 22:36:10,332 | DEBUG | step 2877 epoch 2 loss 0.2034 step_s 0.0015 peak_mem_gb 0.216
2026-10-01 22:36:10,334 | DEBUG | step 2878 epoch 2 loss 0.2318 step_s 0.0015 peak_mem_gb 0.216
2026-10-01 22:36:10,336 | DEBUG | step 2879 epoch 2 loss 0.1169 step_s 0.0015 peak_mem_gb 0.216
2026-10-01 22:36:10,338 | DEBUG | step 2880 epoch 2 loss 0.1522 step_s 0.0015 peak_mem_gb 0.216
2026-10-01 22:36:10,341 | DEBUG | step 2881 epoch 2 loss 0.1044 step_s 0.0016 peak_mem_gb 0.216
2026-10-01 22:36:10,343 | DEBUG | step 2882 epoch 2 loss 0.2544 step_s 0.0016 peak_mem_gb 0.216
2026-10-01 22:36:10,345 | DEBUG | step 2883 epoch 2 loss 0.1815 step_s 0.0016 peak_mem_gb 0.216
2026-10-01 22:36:10,347 | DEBUG | step 2884 epoch 2 loss 0.1540 step_s 0.0015 peak_mem_gb 0.216
2026-10-01 22:36:10,350 | DEBUG | step 2885 epoch 2 loss 0.1971 step_s 0.0016 peak_mem_gb 0.216
2026-10-01 22:36:10,352 | DEBUG | step 2886 epoch 2 loss 0.2210 step_s 0.0016 peak_mem_gb 0.216
2026-10-01 22:36:10,354 | DEBUG | step 2887 epoch 2 loss 0.2205 step_s 0.0015 peak_mem_gb 0.216
2026-10-01 22:36:10,356 | DEBUG | step 2888 epoch 2 loss 0.2238 step_s 0.0016 peak_mem_gb 0.216
2026-10-01 22:36:10,359 | DEBUG | step 2889 epoch 2 loss 0.1189 step_s 0.0015 peak_mem_gb 0.216
2026-10-01 22:36:10,361 | DEBUG | step 2890 epoch 2 loss 0.2276 step_s 0.0019 peak_mem_gb 0.216
2026-10-01 22:36:10,363 | DEBUG | step 2891 epoch 2 loss 0.1677 step_s 0.0016 peak_mem_gb 0.216
2026-10-01 22:36:10,366 | DEBUG | step 2892 epoch 2 loss 0.1798 step_s 0.0016 peak_mem_gb 0.216
2026-10-01 22:36:10,368 | DEBUG | step 2893 epoch 2 loss 0.2734 step_s 0.0015 peak_mem_gb 0.216
2026-10-01 22:36:10,370 | DEBUG | step 2894 epoch 2 loss 0.2122 step_s 0.0015 peak_mem_gb 0.216
2026-10-01 22:36:10,372 | DEBUG | step 2895 epoch 2 loss 0.2543 step_s 0.0016 peak_mem_gb 0.216
2026-10-01 22:36:10,375 | DEBUG | step 2896 epoch 2 loss 0.1778 step_s 0.0015 peak_mem_gb 0.216
2026-10-01 22:36:10,377 | DEBUG | step 2897 epoch 2 loss 0.1556 step_s 0.0016 peak_mem_gb 0.216
2026-10-01 22:36:10,379 | DEBUG | step 2898 epoch 2 loss 0.1711 step_s 0.0015 peak_mem_gb 0.216
2026-10-01 22:36:10,381 | DEBUG | step 2899 epoch 2 loss 0.1118 step_s 0.0016 peak_mem_gb 0.216
2026-10-01 22:36:10,384 | DEBUG | step 2900 epoch 2 loss 0.2119 step_s 0.0016 peak_mem_gb 0.216
2026-10-01 22:36:10,386 | DEBUG | step 2901 epoch 2 loss 0.2828 step_s 0.0016 peak_mem_gb 0.216
2026-10-01 22:36:10,388 | DEBUG | step 2902 epoch 2 loss 0.2750 step_s 0.0016 peak_mem_gb 0.216
2026-10-01 22:36:10,391 | DEBUG | step 2903 epoch 2 loss 0.1896 step_s 0.0016 peak_mem_gb 0.216
2026-10-01 22:36:10,393 | DEBUG | step 2904 epoch 2 loss 0.0876 step_s 0.0016 peak_mem_gb 0.216
2026-10-01 22:36:10,395 | DEBUG | step 2905 epoch 2 loss 0.1479 step_s 0.0015 peak_mem_gb 0.216
2026-10-01 22:36:10,397 | DEBUG | step 2906 epoch 2 loss 0.1544 step_s 0.0016 peak_mem_gb 0.216
2026-10-01 22:36:10,400 | DEBUG | step 2907 epoch 2 loss 0.2491 step_s 0.0015 peak_mem_gb 0.216
2026-10-01 22:36:10,402 | DEBUG | step 2908 epoch 2 loss 0.2460 step_s 0.0015 peak_mem_gb 0.216
2026-10-01 22:36:10,404 | DEBUG | step 2909 epoch 2 loss 0.1416 step_s 0.0015 peak_mem_gb 0.216
2026-10-01 22:36:10,406 | DEBUG | step 2910 epoch 2 loss 0.2542 step_s 0.0015 peak_mem_gb 0.216
2026-10-01 22:36:10,408 | DEBUG | step 2911 epoch 2 loss 0.0949 step_s 0.0015 peak_mem_gb 0.216
2026-10-01 22:36:10,411 | DEBUG | step 2912 epoch 2 loss 0.1995 step_s 0.0015 peak_mem_gb 0.216
2026-10-01 22:36:10,413 | DEBUG | step 2913 epoch 2 loss 0.2860 step_s 0.0018 peak_mem_gb 0.216
2026-10-01 22:36:10,415 | DEBUG | step 2914 epoch 2 loss 0.1976 step_s 0.0016 peak_mem_gb 0.216
2026-10-01 22:36:10,418 | DEBUG | step 2915 epoch 2 loss 0.2823 step_s 0.0016 peak_mem_gb 0.216
2026-10-01 22:36:10,420 | DEBUG | step 2916 epoch 2 loss 0.2209 step_s 0.0016 peak_mem_gb 0.216
2026-10-01 22:36:10,422 | DEBUG | step 2917 epoch 2 loss 0.1800 step_s 0.0015 peak_mem_gb 0.216
2026-10-01 22:36:10,424 | DEBUG | step 2918 epoch 2 loss 0.1157 step_s 0.0015 peak_mem_gb 0.216
2026-10-01 22:36:10,427 | DEBUG | step 2919 epoch 2 loss 0.2984 step_s 0.0015 peak_mem_gb 0.216
2026-10-01 22:36:10,429 | DEBUG | step 2920 epoch 2 loss 0.2907 step_s 0.0016 peak_mem_gb 0.216
2026-10-01 22:36:10,431 | DEBUG | step 2921 epoch 2 loss 0.1405 step_s 0.0015 peak_mem_gb 0.216
2026-10-01 22:36:10,433 | DEBUG | step 2922 epoch 2 loss 0.1511 step_s 0.0015 peak_mem_gb 0.216
2026-10-01 22:36:10,436 | DEBUG | step 2923 epoch 2 loss 0.1492 step_s 0.0015 peak_mem_gb 0.216
2026-10-01 22:36:10,438 | DEBUG | step 2924 epoch 2 loss 0.2681 step_s 0.0015 peak_mem_gb 0.216
2026-10-01 22:36:10,440 | DEBUG | step 2925 epoch 2 loss 0.2500 step_s 0.0015 peak_mem_gb 0.216
2026-10-01 22:36:10,442 | DEBUG | step 2926 epoch 2 loss 0.1760 step_s 0.0016 peak_mem_gb 0.216
2026-10-01 22:36:10,445 | DEBUG | step 2927 epoch 2 loss 0.1104 step_s 0.0017 peak_mem_gb 0.216
2026-10-01 22:36:10,447 | DEBUG | step 2928 epoch 2 loss 0.2473 step_s 0.0016 peak_mem_gb 0.216
2026-10-01 22:36:10,449 | DEBUG | step 2929 epoch 2 loss 0.2123 step_s 0.0016 peak_mem_gb 0.216
2026-10-01 22:36:10,452 | DEBUG | step 2930 epoch 2 loss 0.1235 step_s 0.0015 peak_mem_gb 0.216
2026-10-01 22:36:10,456 | DEBUG | step 2931 epoch 2 loss 0.1482 step_s 0.0015 peak_mem_gb 0.216
2026-10-01 22:36:10,458 | DEBUG | step 2932 epoch 2 loss 0.2125 step_s 0.0015 peak_mem_gb 0.216
2026-10-01 22:36:10,460 | DEBUG | step 2933 epoch 2 loss 0.1567 step_s 0.0015 peak_mem_gb 0.216
2026-10-01 22:36:10,462 | DEBUG | step 2934 epoch 2 loss 0.2016 step_s 0.0015 peak_mem_gb 0.216
2026-10-01 22:36:10,465 | DEBUG | step 2935 epoch 2 loss 0.1921 step_s 0.0015 peak_mem_gb 0.216
2026-10-01 22:36:10,467 | DEBUG | step 2936 epoch 2 loss 0.0944 step_s 0.0015 peak_mem_gb 0.216
2026-10-01 22:36:10,469 | DEBUG | step 2937 epoch 2 loss 0.1903 step_s 0.0016 peak_mem_gb 0.216
2026-10-01 22:36:10,471 | DEBUG | step 2938 epoch 2 loss 0.1646 step_s 0.0015 peak_mem_gb 0.216
2026-10-01 22:36:10,474 | DEBUG | step 2939 epoch 2 loss 0.1245 step_s 0.0016 peak_mem_gb 0.216
2026-10-01 22:36:10,476 | DEBUG | step 2940 epoch 2 loss 0.2818 step_s 0.0016 peak_mem_gb 0.216
2026-10-01 22:36:10,478 | DEBUG | step 2941 epoch 2 loss 0.1886 step_s 0.0015 peak_mem_gb 0.216
2026-10-01 22:36:10,481 | DEBUG | step 2942 epoch 2 loss 0.1812 step_s 0.0016 peak_mem_gb 0.216
2026-10-01 22:36:10,483 | DEBUG | step 2943 epoch 2 loss 0.0901 step_s 0.0015 peak_mem_gb 0.216
2026-10-01 22:36:10,485 | DEBUG | step 2944 epoch 2 loss 0.1701 step_s 0.0016 peak_mem_gb 0.216
2026-10-01 22:36:10,487 | DEBUG | step 2945 epoch 2 loss 0.1563 step_s 0.0015 peak_mem_gb 0.216
2026-10-01 22:36:10,489 | DEBUG | step 2946 epoch 2 loss 0.2130 step_s 0.0016 peak_mem_gb 0.216
2026-10-01 22:36:10,492 | DEBUG | step 2947 epoch 2 loss 0.2905 step_s 0.0016 peak_mem_gb 0.216
2026-10-01 22:36:10,494 | DEBUG | step 2948 epoch 2 loss 0.1009 step_s 0.0015 peak_mem_gb 0.216
2026-10-01 22:36:10,496 | DEBUG | step 2949 epoch 2 loss 0.1135 step_s 0.0015 peak_mem_gb 0.216
2026-10-01 22:36:10,498 | DEBUG | step 2950 epoch 2 loss 0.2712 step_s 0.0015 peak_mem_gb 0.216
2026-10-01 22:36:10,500 | DEBUG | step 2951 epoch 2 loss 0.0609 step_s 0.0016 peak_mem_gb 0.216
2026-10-01 22:36:10,503 | DEBUG | step 2952 epoch 2 loss 0.1495 step_s 0.0015 peak_mem_gb 0.216
2026-10-01 22:36:10,505 | DEBUG | step 2953 epoch 2 loss 0.2974 step_s 0.0016 peak_mem_gb 0.216
2026-10-01 22:36:10,507 | DEBUG | step 2954 epoch 2 loss 0.1472 step_s 0.0017 peak_mem_gb 0.216
2026-10-01 22:36:10,510 | DEBUG | step 2955 epoch 2 loss 0.0809 step_s 0.0015 peak_mem_gb 0.216
2026-10-01 22:36:10,512 | DEBUG | step 2956 epoch 2 loss 0.1533 step_s 0.0015 peak_mem_gb 0.216
2026-10-01 22:36:10,514 | DEBUG | step 2957 epoch 2 loss 0.2075 step_s 0.0015 peak_mem_gb 0.216
2026-10-01 22:36:10,516 | DEBUG | step 2958 epoch 2 loss 0.1833 step_s 0.0016 peak_mem_gb 0.216
2026-10-01 22:36:10,519 | DEBUG | step 2959 epoch 2 loss 0.1620 step_s 0.0015 peak_mem_gb 0.216
2026-10-01 22:36:10,521 | DEBUG | step 2960 epoch 2 loss 0.2068 step_s 0.0016 peak_mem_gb 0.216
2026-10-01 22:36:10,523 | DEBUG | step 2961 epoch 2 loss 0.1897 step_s 0.0015 peak_mem_gb 0.216
2026-10-01 22:36:10,526 | DEBUG | step 2962 epoch 2 loss 0.1377 step_s 0.0015 peak_mem_gb 0.216
2026-10-01 22:36:10,528 | DEBUG | step 2963 epoch 2 loss 0.3661 step_s 0.0015 peak_mem_gb 0.216
2026-10-01 22:36:10,530 | DEBUG | step 2964 epoch 2 loss 0.0995 step_s 0.0015 peak_mem_gb 0.216
2026-10-01 22:36:10,532 | DEBUG | step 2965 epoch 2 loss 0.0774 step_s 0.0016 peak_mem_gb 0.216
2026-10-01 22:36:10,535 | DEBUG | step 2966 epoch 2 loss 0.2730 step_s 0.0015 peak_mem_gb 0.216
2026-10-01 22:36:10,537 | DEBUG | step 2967 epoch 2 loss 0.1318 step_s 0.0016 peak_mem_gb 0.216
2026-10-01 22:36:10,539 | DEBUG | step 2968 epoch 2 loss 0.3793 step_s 0.0015 peak_mem_gb 0.216
2026-10-01 22:36:10,541 | DEBUG | step 2969 epoch 2 loss 0.1888 step_s 0.0016 peak_mem_gb 0.216
2026-10-01 22:36:10,544 | DEBUG | step 2970 epoch 2 loss 0.1801 step_s 0.0015 peak_mem_gb 0.216
2026-10-01 22:36:10,546 | DEBUG | step 2971 epoch 2 loss 0.1900 step_s 0.0016 peak_mem_gb 0.216
2026-10-01 22:36:10,548 | DEBUG | step 2972 epoch 2 loss 0.2134 step_s 0.0016 peak_mem_gb 0.216
2026-10-01 22:36:10,550 | DEBUG | step 2973 epoch 2 loss 0.1681 step_s 0.0015 peak_mem_gb 0.216
2026-10-01 22:36:10,553 | DEBUG | step 2974 epoch 2 loss 0.0792 step_s 0.0016 peak_mem_gb 0.216
2026-10-01 22:36:10,555 | DEBUG | step 2975 epoch 2 loss 0.0865 step_s 0.0015 peak_mem_gb 0.216
2026-10-01 22:36:10,557 | DEBUG | step 2976 epoch 2 loss 0.1518 step_s 0.0016 peak_mem_gb 0.216
2026-10-01 22:36:10,559 | DEBUG | step 2977 epoch 2 loss 0.2824 step_s 0.0015 peak_mem_gb 0.216
2026-10-01 22:36:10,561 | DEBUG | step 2978 epoch 2 loss 0.1648 step_s 0.0016 peak_mem_gb 0.216
2026-10-01 22:36:10,564 | DEBUG | step 2979 epoch 2 loss 0.2128 step_s 0.0015 peak_mem_gb 0.216
2026-10-01 22:36:10,566 | DEBUG | step 2980 epoch 2 loss 0.2972 step_s 0.0016 peak_mem_gb 0.216
2026-10-01 22:36:10,568 | DEBUG | step 2981 epoch 2 loss 0.2308 step_s 0.0016 peak_mem_gb 0.216
2026-10-01 22:36:10,571 | DEBUG | step 2982 epoch 2 loss 0.2965 step_s 0.0016 peak_mem_gb 0.216
2026-10-01 22:36:10,573 | DEBUG | step 2983 epoch 2 loss 0.2013 step_s 0.0016 peak_mem_gb 0.216
2026-10-01 22:36:10,575 | DEBUG | step 2984 epoch 2 loss 0.1402 step_s 0.0016 peak_mem_gb 0.216
2026-10-01 22:36:10,577 | DEBUG | step 2985 epoch 2 loss 0.2313 step_s 0.0016 peak_mem_gb 0.216
2026-10-01 22:36:10,580 | DEBUG | step 2986 epoch 2 loss 0.1700 step_s 0.0015 peak_mem_gb 0.216
2026-10-01 22:36:10,582 | DEBUG | step 2987 epoch 2 loss 0.1650 step_s 0.0015 peak_mem_gb 0.216
2026-10-01 22:36:10,584 | DEBUG | step 2988 epoch 2 loss 0.2489 step_s 0.0015 peak_mem_gb 0.216
2026-10-01 22:36:10,586 | DEBUG | step 2989 epoch 2 loss 0.1650 step_s 0.0016 peak_mem_gb 0.216
2026-10-01 22:36:10,589 | DEBUG | step 2990 epoch 2 loss 0.1292 step_s 0.0016 peak_mem_gb 0.216
2026-10-01 22:36:10,591 | DEBUG | step 2991 epoch 2 loss 0.1396 step_s 0.0015 peak_mem_gb 0.216
2026-10-01 22:36:10,593 | DEBUG | step 2992 epoch 2 loss 0.2869 step_s 0.0016 peak_mem_gb 0.216
2026-10-01 22:36:10,595 | DEBUG | step 2993 epoch 2 loss 0.1753 step_s 0.0016 peak_mem_gb 0.216
2026-10-01 22:36:10,598 | DEBUG | step 2994 epoch 2 loss 0.1920 step_s 0.0016 peak_mem_gb 0.216
2026-10-01 22:36:10,600 | DEBUG | step 2995 epoch 2 loss 0.2228 step_s 0.0015 peak_mem_gb 0.216
2026-10-01 22:36:10,602 | DEBUG | step 2996 epoch 2 loss 0.1631 step_s 0.0016 peak_mem_gb 0.216
2026-10-01 22:36:10,604 | DEBUG | step 2997 epoch 2 loss 0.1980 step_s 0.0016 peak_mem_gb 0.216
2026-10-01 22:36:10,607 | DEBUG | step 2998 epoch 2 loss 0.1671 step_s 0.0015 peak_mem_gb 0.216
2026-10-01 22:36:10,609 | DEBUG | step 2999 epoch 2 loss 0.1018 step_s 0.0015 peak_mem_gb 0.216
2026-10-01 22:36:10,611 | INFO | step 3000 epoch 2 loss 0.2175 step_s 0.0015 peak_mem_gb 0.216
2026-10-01 22:36:10,614 | DEBUG | step 3001 epoch 2 loss 0.1970 step_s 0.0016 peak_mem_gb 0.216
2026-10-01 22:36:10,617 | DEBUG | step 3002 epoch 2 loss 0.1831 step_s 0.0018 peak_mem_gb 0.216
2026-10-01 22:36:10,619 | DEBUG | step 3003 epoch 2 loss 0.3160 step_s 0.0016 peak_mem_gb 0.216
2026-10-01 22:36:10,622 | DEBUG | step 3004 epoch 2 loss 0.2106 step_s 0.0025 peak_mem_gb 0.216
2026-10-01 22:36:10,625 | DEBUG | step 3005 epoch 2 loss 0.1810 step_s 0.0017 peak_mem_gb 0.216
2026-10-01 22:36:10,627 | DEBUG | step 3006 epoch 2 loss 0.2939 step_s 0.0015 peak_mem_gb 0.216
2026-10-01 22:36:10,629 | DEBUG | step 3007 epoch 2 loss 0.1494 step_s 0.0016 peak_mem_gb 0.216
2026-10-01 22:36:10,632 | DEBUG | step 3008 epoch 2 loss 0.0816 step_s 0.0016 peak_mem_gb 0.216
2026-10-01 22:36:10,634 | DEBUG | step 3009 epoch 2 loss 0.2039 step_s 0.0017 peak_mem_gb 0.216
2026-10-01 22:36:10,637 | DEBUG | step 3010 epoch 2 loss 0.1911 step_s 0.0017 peak_mem_gb 0.216
2026-10-01 22:36:10,639 | DEBUG | step 3011 epoch 2 loss 0.1243 step_s 0.0016 peak_mem_gb 0.216
2026-10-01 22:36:10,641 | DEBUG | step 3012 epoch 2 loss 0.1091 step_s 0.0016 peak_mem_gb 0.216
2026-10-01 22:36:10,644 | DEBUG | step 3013 epoch 2 loss 0.1163 step_s 0.0016 peak_mem_gb 0.216
2026-10-01 22:36:10,646 | DEBUG | step 3014 epoch 2 loss 0.1909 step_s 0.0016 peak_mem_gb 0.216
2026-10-01 22:36:10,648 | DEBUG | step 3015 epoch 2 loss 0.2064 step_s 0.0017 peak_mem_gb 0.216
2026-10-01 22:36:10,652 | DEBUG | step 3016 epoch 2 loss 0.1525 step_s 0.0025 peak_mem_gb 0.216
2026-10-01 22:36:10,654 | DEBUG | step 3017 epoch 2 loss 0.3255 step_s 0.0017 peak_mem_gb 0.216
2026-10-01 22:36:10,657 | DEBUG | step 3018 epoch 2 loss 0.1754 step_s 0.0019 peak_mem_gb 0.216
2026-10-01 22:36:10,659 | DEBUG | step 3019 epoch 2 loss 0.1803 step_s 0.0016 peak_mem_gb 0.216
2026-10-01 22:36:10,661 | DEBUG | step 3020 epoch 2 loss 0.1556 step_s 0.0016 peak_mem_gb 0.216
2026-10-01 22:36:10,664 | DEBUG | step 3021 epoch 2 loss 0.1958 step_s 0.0016 peak_mem_gb 0.216
2026-10-01 22:36:10,666 | DEBUG | step 3022 epoch 2 loss 0.2060 step_s 0.0017 peak_mem_gb 0.216
2026-10-01 22:36:10,669 | DEBUG | step 3023 epoch 2 loss 0.2199 step_s 0.0016 peak_mem_gb 0.216
2026-10-01 22:36:10,671 | DEBUG | step 3024 epoch 2 loss 0.2655 step_s 0.0016 peak_mem_gb 0.216
2026-10-01 22:36:10,674 | DEBUG | step 3025 epoch 2 loss 0.0913 step_s 0.0020 peak_mem_gb 0.216
2026-10-01 22:36:10,676 | DEBUG | step 3026 epoch 2 loss 0.1516 step_s 0.0016 peak_mem_gb 0.216
2026-10-01 22:36:10,678 | DEBUG | step 3027 epoch 2 loss 0.2168 step_s 0.0016 peak_mem_gb 0.216
2026-10-01 22:36:10,681 | DEBUG | step 3028 epoch 2 loss 0.2164 step_s 0.0016 peak_mem_gb 0.216
2026-10-01 22:36:10,683 | DEBUG | step 3029 epoch 2 loss 0.1100 step_s 0.0016 peak_mem_gb 0.216
2026-10-01 22:36:10,685 | DEBUG | step 3030 epoch 2 loss 0.2383 step_s 0.0016 peak_mem_gb 0.216
2026-10-01 22:36:10,688 | DEBUG | step 3031 epoch 2 loss 0.2032 step_s 0.0016 peak_mem_gb 0.216
2026-10-01 22:36:10,690 | DEBUG | step 3032 epoch 2 loss 0.1645 step_s 0.0016 peak_mem_gb 0.216
2026-10-01 22:36:10,692 | DEBUG | step 3033 epoch 2 loss 0.1060 step_s 0.0016 peak_mem_gb 0.216
2026-10-01 22:36:10,695 | DEBUG | step 3034 epoch 2 loss 0.0817 step_s 0.0015 peak_mem_gb 0.216
2026-10-01 22:36:10,697 | DEBUG | step 3035 epoch 2 loss 0.1790 step_s 0.0016 peak_mem_gb 0.216
2026-10-01 22:36:10,699 | DEBUG | step 3036 epoch 2 loss 0.2761 step_s 0.0015 peak_mem_gb 0.216
2026-10-01 22:36:10,701 | DEBUG | step 3037 epoch 2 loss 0.2388 step_s 0.0016 peak_mem_gb 0.216
2026-10-01 22:36:10,704 | DEBUG | step 3038 epoch 2 loss 0.1720 step_s 0.0015 peak_mem_gb 0.216
2026-10-01 22:36:10,706 | DEBUG | step 3039 epoch 2 loss 0.3611 step_s 0.0016 peak_mem_gb 0.216
2026-10-01 22:36:10,708 | DEBUG | step 3040 epoch 2 loss 0.1496 step_s 0.0016 peak_mem_gb 0.216
2026-10-01 22:36:10,711 | DEBUG | step 3041 epoch 2 loss 0.2235 step_s 0.0016 peak_mem_gb 0.216
2026-10-01 22:36:10,713 | DEBUG | step 3042 epoch 2 loss 0.2132 step_s 0.0018 peak_mem_gb 0.216
2026-10-01 22:36:10,716 | DEBUG | step 3043 epoch 2 loss 0.1041 step_s 0.0015 peak_mem_gb 0.216
2026-10-01 22:36:10,718 | DEBUG | step 3044 epoch 2 loss 0.1728 step_s 0.0016 peak_mem_gb 0.216
2026-10-01 22:36:10,720 | DEBUG | step 3045 epoch 2 loss 0.3505 step_s 0.0015 peak_mem_gb 0.216
2026-10-01 22:36:10,722 | DEBUG | step 3046 epoch 2 loss 0.2498 step_s 0.0016 peak_mem_gb 0.216
2026-10-01 22:36:10,725 | DEBUG | step 3047 epoch 2 loss 0.1539 step_s 0.0016 peak_mem_gb 0.216
2026-10-01 22:36:10,727 | DEBUG | step 3048 epoch 2 loss 0.2528 step_s 0.0016 peak_mem_gb 0.216
2026-10-01 22:36:10,729 | DEBUG | step 3049 epoch 2 loss 0.1734 step_s 0.0016 peak_mem_gb 0.216
2026-10-01 22:36:10,731 | DEBUG | step 3050 epoch 2 loss 0.2392 step_s 0.0015 peak_mem_gb 0.216
2026-10-01 22:36:10,734 | DEBUG | step 3051 epoch 2 loss 0.1116 step_s 0.0016 peak_mem_gb 0.216
2026-10-01 22:36:10,736 | DEBUG | step 3052 epoch 2 loss 0.1583 step_s 0.0016 peak_mem_gb 0.216
2026-10-01 22:36:10,738 | DEBUG | step 3053 epoch 2 loss 0.1791 step_s 0.0016 peak_mem_gb 0.216
2026-10-01 22:36:10,741 | DEBUG | step 3054 epoch 2 loss 0.1897 step_s 0.0016 peak_mem_gb 0.216
2026-10-01 22:36:10,743 | DEBUG | step 3055 epoch 2 loss 0.2192 step_s 0.0015 peak_mem_gb 0.216
2026-10-01 22:36:10,745 | DEBUG | step 3056 epoch 2 loss 0.1302 step_s 0.0017 peak_mem_gb 0.216
2026-10-01 22:36:10,748 | DEBUG | step 3057 epoch 2 loss 0.1923 step_s 0.0015 peak_mem_gb 0.216
2026-10-01 22:36:10,750 | DEBUG | step 3058 epoch 2 loss 0.1921 step_s 0.0016 peak_mem_gb 0.216
2026-10-01 22:36:10,752 | DEBUG | step 3059 epoch 2 loss 0.1159 step_s 0.0016 peak_mem_gb 0.216
2026-10-01 22:36:10,755 | DEBUG | step 3060 epoch 2 loss 0.1681 step_s 0.0019 peak_mem_gb 0.216
2026-10-01 22:36:10,758 | DEBUG | step 3061 epoch 2 loss 0.1897 step_s 0.0016 peak_mem_gb 0.216
2026-10-01 22:36:10,760 | DEBUG | step 3062 epoch 2 loss 0.1155 step_s 0.0016 peak_mem_gb 0.216
2026-10-01 22:36:10,762 | DEBUG | step 3063 epoch 2 loss 0.1555 step_s 0.0017 peak_mem_gb 0.216
2026-10-01 22:36:10,765 | DEBUG | step 3064 epoch 2 loss 0.1671 step_s 0.0016 peak_mem_gb 0.216
2026-10-01 22:36:10,767 | DEBUG | step 3065 epoch 2 loss 0.2034 step_s 0.0015 peak_mem_gb 0.216
2026-10-01 22:36:10,769 | DEBUG | step 3066 epoch 2 loss 0.1079 step_s 0.0016 peak_mem_gb 0.216
2026-10-01 22:36:10,772 | DEBUG | step 3067 epoch 2 loss 0.1470 step_s 0.0015 peak_mem_gb 0.216
2026-10-01 22:36:10,774 | DEBUG | step 3068 epoch 2 loss 0.1944 step_s 0.0018 peak_mem_gb 0.216
2026-10-01 22:36:10,776 | DEBUG | step 3069 epoch 2 loss 0.1437 step_s 0.0016 peak_mem_gb 0.216
2026-10-01 22:36:10,779 | DEBUG | step 3070 epoch 2 loss 0.2613 step_s 0.0015 peak_mem_gb 0.216
2026-10-01 22:36:10,781 | DEBUG | step 3071 epoch 2 loss 0.1086 step_s 0.0015 peak_mem_gb 0.216
2026-10-01 22:36:10,783 | DEBUG | step 3072 epoch 2 loss 0.1974 step_s 0.0015 peak_mem_gb 0.216
2026-10-01 22:36:10,785 | DEBUG | step 3073 epoch 2 loss 0.2766 step_s 0.0015 peak_mem_gb 0.216
2026-10-01 22:36:10,788 | DEBUG | step 3074 epoch 2 loss 0.1599 step_s 0.0016 peak_mem_gb 0.216
2026-10-01 22:36:10,790 | DEBUG | step 3075 epoch 2 loss 0.1424 step_s 0.0017 peak_mem_gb 0.216
2026-10-01 22:36:10,792 | DEBUG | step 3076 epoch 2 loss 0.1812 step_s 0.0015 peak_mem_gb 0.216
2026-10-01 22:36:10,794 | DEBUG | step 3077 epoch 2 loss 0.2041 step_s 0.0015 peak_mem_gb 0.216
2026-10-01 22:36:10,797 | DEBUG | step 3078 epoch 2 loss 0.1847 step_s 0.0015 peak_mem_gb 0.216
2026-10-01 22:36:10,799 | DEBUG | step 3079 epoch 2 loss 0.1532 step_s 0.0015 peak_mem_gb 0.216
2026-10-01 22:36:10,801 | DEBUG | step 3080 epoch 2 loss 0.1573 step_s 0.0016 peak_mem_gb 0.216
2026-10-01 22:36:10,804 | DEBUG | step 3081 epoch 2 loss 0.3169 step_s 0.0015 peak_mem_gb 0.216
2026-10-01 22:36:10,806 | DEBUG | step 3082 epoch 2 loss 0.0952 step_s 0.0016 peak_mem_gb 0.216
2026-10-01 22:36:10,808 | DEBUG | step 3083 epoch 2 loss 0.1118 step_s 0.0015 peak_mem_gb 0.216
2026-10-01 22:36:10,810 | DEBUG | step 3084 epoch 2 loss 0.5020 step_s 0.0016 peak_mem_gb 0.216
2026-10-01 22:36:10,813 | DEBUG | step 3085 epoch 2 loss 0.2774 step_s 0.0016 peak_mem_gb 0.216
2026-10-01 22:36:10,815 | DEBUG | step 3086 epoch 2 loss 0.1638 step_s 0.0015 peak_mem_gb 0.216
2026-10-01 22:36:10,817 | DEBUG | step 3087 epoch 2 loss 0.1821 step_s 0.0016 peak_mem_gb 0.216
2026-10-01 22:36:10,819 | DEBUG | step 3088 epoch 2 loss 0.2404 step_s 0.0015 peak_mem_gb 0.216
2026-10-01 22:36:10,822 | DEBUG | step 3089 epoch 2 loss 0.2145 step_s 0.0016 peak_mem_gb 0.216
2026-10-01 22:36:10,824 | DEBUG | step 3090 epoch 2 loss 0.1776 step_s 0.0016 peak_mem_gb 0.216
2026-10-01 22:36:10,826 | DEBUG | step 3091 epoch 2 loss 0.1603 step_s 0.0015 peak_mem_gb 0.216
2026-10-01 22:36:10,828 | DEBUG | step 3092 epoch 2 loss 0.2165 step_s 0.0016 peak_mem_gb 0.216
2026-10-01 22:36:10,831 | DEBUG | step 3093 epoch 2 loss 0.1253 step_s 0.0015 peak_mem_gb 0.216
2026-10-01 22:36:10,833 | DEBUG | step 3094 epoch 2 loss 0.1761 step_s 0.0017 peak_mem_gb 0.216
2026-10-01 22:36:10,835 | DEBUG | step 3095 epoch 2 loss 0.1937 step_s 0.0015 peak_mem_gb 0.216
2026-10-01 22:36:10,837 | DEBUG | step 3096 epoch 2 loss 0.1652 step_s 0.0016 peak_mem_gb 0.216
2026-10-01 22:36:10,840 | DEBUG | step 3097 epoch 2 loss 0.1481 step_s 0.0015 peak_mem_gb 0.216
2026-10-01 22:36:10,842 | DEBUG | step 3098 epoch 2 loss 0.1467 step_s 0.0015 peak_mem_gb 0.216
2026-10-01 22:36:10,844 | DEBUG | step 3099 epoch 2 loss 0.2344 step_s 0.0016 peak_mem_gb 0.216
2026-10-01 22:36:10,846 | DEBUG | step 3100 epoch 2 loss 0.2718 step_s 0.0015 peak_mem_gb 0.216
2026-10-01 22:36:10,849 | DEBUG | step 3101 epoch 2 loss 0.3231 step_s 0.0016 peak_mem_gb 0.216
2026-10-01 22:36:10,851 | DEBUG | step 3102 epoch 2 loss 0.1610 step_s 0.0015 peak_mem_gb 0.216
2026-10-01 22:36:10,853 | DEBUG | step 3103 epoch 2 loss 0.1870 step_s 0.0017 peak_mem_gb 0.216
2026-10-01 22:36:10,856 | DEBUG | step 3104 epoch 2 loss 0.2593 step_s 0.0016 peak_mem_gb 0.216
2026-10-01 22:36:10,858 | DEBUG | step 3105 epoch 2 loss 0.1536 step_s 0.0016 peak_mem_gb 0.216
2026-10-01 22:36:10,860 | DEBUG | step 3106 epoch 2 loss 0.2131 step_s 0.0015 peak_mem_gb 0.216
2026-10-01 22:36:10,863 | DEBUG | step 3107 epoch 2 loss 0.2836 step_s 0.0016 peak_mem_gb 0.216
2026-10-01 22:36:10,865 | DEBUG | step 3108 epoch 2 loss 0.2434 step_s 0.0016 peak_mem_gb 0.216
2026-10-01 22:36:10,867 | DEBUG | step 3109 epoch 2 loss 0.1316 step_s 0.0016 peak_mem_gb 0.216
2026-10-01 22:36:10,869 | DEBUG | step 3110 epoch 2 loss 0.1501 step_s 0.0016 peak_mem_gb 0.216
2026-10-01 22:36:10,872 | DEBUG | step 3111 epoch 2 loss 0.1502 step_s 0.0016 peak_mem_gb 0.216
2026-10-01 22:36:10,874 | DEBUG | step 3112 epoch 2 loss 0.1619 step_s 0.0015 peak_mem_gb 0.216
2026-10-01 22:36:10,876 | DEBUG | step 3113 epoch 2 loss 0.0880 step_s 0.0015 peak_mem_gb 0.216
2026-10-01 22:36:10,878 | DEBUG | step 3114 epoch 2 loss 0.2184 step_s 0.0015 peak_mem_gb 0.216
2026-10-01 22:36:10,881 | DEBUG | step 3115 epoch 2 loss 0.1411 step_s 0.0015 peak_mem_gb 0.216
2026-10-01 22:36:10,883 | DEBUG | step 3116 epoch 2 loss 0.1950 step_s 0.0015 peak_mem_gb 0.216
2026-10-01 22:36:10,885 | DEBUG | step 3117 epoch 2 loss 0.2943 step_s 0.0017 peak_mem_gb 0.216
2026-10-01 22:36:10,887 | DEBUG | step 3118 epoch 2 loss 0.2529 step_s 0.0015 peak_mem_gb 0.216
2026-10-01 22:36:10,890 | DEBUG | step 3119 epoch 2 loss 0.2449 step_s 0.0016 peak_mem_gb 0.216
2026-10-01 22:36:10,892 | DEBUG | step 3120 epoch 2 loss 0.1079 step_s 0.0015 peak_mem_gb 0.216
2026-10-01 22:36:10,894 | DEBUG | step 3121 epoch 2 loss 0.2102 step_s 0.0016 peak_mem_gb 0.216
2026-10-01 22:36:10,897 | DEBUG | step 3122 epoch 2 loss 0.2266 step_s 0.0016 peak_mem_gb 0.216
2026-10-01 22:36:10,899 | DEBUG | step 3123 epoch 2 loss 0.1924 step_s 0.0016 peak_mem_gb 0.216
2026-10-01 22:36:10,901 | DEBUG | step 3124 epoch 2 loss 0.1660 step_s 0.0016 peak_mem_gb 0.216
2026-10-01 22:36:10,904 | DEBUG | step 3125 epoch 2 loss 0.0788 step_s 0.0016 peak_mem_gb 0.216
2026-10-01 22:36:10,908 | DEBUG | step 3126 epoch 2 loss 0.0897 step_s 0.0018 peak_mem_gb 0.216
2026-10-01 22:36:10,948 | INFO | epoch 2/5 train_loss 0.1884 val_f1_macro 0.9184 val_accuracy 0.9184
2026-10-01 22:36:11,057 | INFO | new best val_f1_macro 0.9184 -> task2_sentiment/sneha/checkpoints/meanpool_best.pt
2026-10-01 22:36:11,064 | DEBUG | step 3127 epoch 3 loss 0.1750 step_s 0.0030 peak_mem_gb 0.216
2026-10-01 22:36:11,068 | DEBUG | step 3128 epoch 3 loss 0.1383 step_s 0.0029 peak_mem_gb 0.216
2026-10-01 22:36:11,070 | DEBUG | step 3129 epoch 3 loss 0.0634 step_s 0.0018 peak_mem_gb 0.216
2026-10-01 22:36:11,073 | DEBUG | step 3130 epoch 3 loss 0.0752 step_s 0.0017 peak_mem_gb 0.216
2026-10-01 22:36:11,075 | DEBUG | step 3131 epoch 3 loss 0.1610 step_s 0.0017 peak_mem_gb 0.216
2026-10-01 22:36:11,078 | DEBUG | step 3132 epoch 3 loss 0.1425 step_s 0.0017 peak_mem_gb 0.216
2026-10-01 22:36:11,081 | DEBUG | step 3133 epoch 3 loss 0.2333 step_s 0.0024 peak_mem_gb 0.216
2026-10-01 22:36:11,085 | DEBUG | step 3134 epoch 3 loss 0.1598 step_s 0.0021 peak_mem_gb 0.216
2026-10-01 22:36:11,087 | DEBUG | step 3135 epoch 3 loss 0.1609 step_s 0.0017 peak_mem_gb 0.216
2026-10-01 22:36:11,090 | DEBUG | step 3136 epoch 3 loss 0.0659 step_s 0.0017 peak_mem_gb 0.216
2026-10-01 22:36:11,094 | DEBUG | step 3137 epoch 3 loss 0.1988 step_s 0.0030 peak_mem_gb 0.216
2026-10-01 22:36:11,096 | DEBUG | step 3138 epoch 3 loss 0.1078 step_s 0.0021 peak_mem_gb 0.216
2026-10-01 22:36:11,099 | DEBUG | step 3139 epoch 3 loss 0.1842 step_s 0.0017 peak_mem_gb 0.216
2026-10-01 22:36:11,102 | DEBUG | step 3140 epoch 3 loss 0.1140 step_s 0.0018 peak_mem_gb 0.216
2026-10-01 22:36:11,105 | DEBUG | step 3141 epoch 3 loss 0.0880 step_s 0.0018 peak_mem_gb 0.216
2026-10-01 22:36:11,108 | DEBUG | step 3142 epoch 3 loss 0.1070 step_s 0.0019 peak_mem_gb 0.216
2026-10-01 22:36:11,110 | DEBUG | step 3143 epoch 3 loss 0.1238 step_s 0.0019 peak_mem_gb 0.216
2026-10-01 22:36:11,113 | DEBUG | step 3144 epoch 3 loss 0.1384 step_s 0.0018 peak_mem_gb 0.216
2026-10-01 22:36:11,116 | DEBUG | step 3145 epoch 3 loss 0.2277 step_s 0.0018 peak_mem_gb 0.216
2026-10-01 22:36:11,118 | DEBUG | step 3146 epoch 3 loss 0.0726 step_s 0.0018 peak_mem_gb 0.216
2026-10-01 22:36:11,121 | DEBUG | step 3147 epoch 3 loss 0.2448 step_s 0.0020 peak_mem_gb 0.216
2026-10-01 22:36:11,124 | DEBUG | step 3148 epoch 3 loss 0.0514 step_s 0.0017 peak_mem_gb 0.216
2026-10-01 22:36:11,126 | DEBUG | step 3149 epoch 3 loss 0.0506 step_s 0.0019 peak_mem_gb 0.216
2026-10-01 22:36:11,129 | DEBUG | step 3150 epoch 3 loss 0.0843 step_s 0.0017 peak_mem_gb 0.216
2026-10-01 22:36:11,131 | DEBUG | step 3151 epoch 3 loss 0.3864 step_s 0.0017 peak_mem_gb 0.216
2026-10-01 22:36:11,134 | DEBUG | step 3152 epoch 3 loss 0.1098 step_s 0.0017 peak_mem_gb 0.216
2026-10-01 22:36:11,136 | DEBUG | step 3153 epoch 3 loss 0.1162 step_s 0.0017 peak_mem_gb 0.216
2026-10-01 22:36:11,139 | DEBUG | step 3154 epoch 3 loss 0.2846 step_s 0.0018 peak_mem_gb 0.216
2026-10-01 22:36:11,141 | DEBUG | step 3155 epoch 3 loss 0.1103 step_s 0.0017 peak_mem_gb 0.216
2026-10-01 22:36:11,144 | DEBUG | step 3156 epoch 3 loss 0.1506 step_s 0.0017 peak_mem_gb 0.216
2026-10-01 22:36:11,146 | DEBUG | step 3157 epoch 3 loss 0.1478 step_s 0.0017 peak_mem_gb 0.216
2026-10-01 22:36:11,149 | DEBUG | step 3158 epoch 3 loss 0.1243 step_s 0.0017 peak_mem_gb 0.216
2026-10-01 22:36:11,151 | DEBUG | step 3159 epoch 3 loss 0.1536 step_s 0.0017 peak_mem_gb 0.216
2026-10-01 22:36:11,155 | DEBUG | step 3160 epoch 3 loss 0.2260 step_s 0.0029 peak_mem_gb 0.216
2026-10-01 22:36:11,158 | DEBUG | step 3161 epoch 3 loss 0.2611 step_s 0.0020 peak_mem_gb 0.216
2026-10-01 22:36:11,161 | DEBUG | step 3162 epoch 3 loss 0.1459 step_s 0.0018 peak_mem_gb 0.216
2026-10-01 22:36:11,163 | DEBUG | step 3163 epoch 3 loss 0.1057 step_s 0.0017 peak_mem_gb 0.216
2026-10-01 22:36:11,166 | DEBUG | step 3164 epoch 3 loss 0.1184 step_s 0.0017 peak_mem_gb 0.216
2026-10-01 22:36:11,168 | DEBUG | step 3165 epoch 3 loss 0.1870 step_s 0.0017 peak_mem_gb 0.216
2026-10-01 22:36:11,171 | DEBUG | step 3166 epoch 3 loss 0.1070 step_s 0.0017 peak_mem_gb 0.216
2026-10-01 22:36:11,174 | DEBUG | step 3167 epoch 3 loss 0.2536 step_s 0.0020 peak_mem_gb 0.216
2026-10-01 22:36:11,176 | DEBUG | step 3168 epoch 3 loss 0.1446 step_s 0.0017 peak_mem_gb 0.216
2026-10-01 22:36:11,179 | DEBUG | step 3169 epoch 3 loss 0.2263 step_s 0.0018 peak_mem_gb 0.216
2026-10-01 22:36:11,182 | DEBUG | step 3170 epoch 3 loss 0.1936 step_s 0.0018 peak_mem_gb 0.216
2026-10-01 22:36:11,184 | DEBUG | step 3171 epoch 3 loss 0.1523 step_s 0.0019 peak_mem_gb 0.216
2026-10-01 22:36:11,187 | DEBUG | step 3172 epoch 3 loss 0.1528 step_s 0.0017 peak_mem_gb 0.216
2026-10-01 22:36:11,189 | DEBUG | step 3173 epoch 3 loss 0.1053 step_s 0.0018 peak_mem_gb 0.216
2026-10-01 22:36:11,192 | DEBUG | step 3174 epoch 3 loss 0.0634 step_s 0.0018 peak_mem_gb 0.216
2026-10-01 22:36:11,195 | DEBUG | step 3175 epoch 3 loss 0.1106 step_s 0.0017 peak_mem_gb 0.216
2026-10-01 22:36:11,197 | DEBUG | step 3176 epoch 3 loss 0.0814 step_s 0.0019 peak_mem_gb 0.216
2026-10-01 22:36:11,200 | DEBUG | step 3177 epoch 3 loss 0.0717 step_s 0.0018 peak_mem_gb 0.216
2026-10-01 22:36:11,203 | DEBUG | step 3178 epoch 3 loss 0.1461 step_s 0.0018 peak_mem_gb 0.216
2026-10-01 22:36:11,206 | DEBUG | step 3179 epoch 3 loss 0.1397 step_s 0.0020 peak_mem_gb 0.216
2026-10-01 22:36:11,209 | DEBUG | step 3180 epoch 3 loss 0.3962 step_s 0.0019 peak_mem_gb 0.216
2026-10-01 22:36:11,211 | DEBUG | step 3181 epoch 3 loss 0.1340 step_s 0.0017 peak_mem_gb 0.216
2026-10-01 22:36:11,214 | DEBUG | step 3182 epoch 3 loss 0.0926 step_s 0.0017 peak_mem_gb 0.216
2026-10-01 22:36:11,217 | DEBUG | step 3183 epoch 3 loss 0.2836 step_s 0.0019 peak_mem_gb 0.216
2026-10-01 22:36:11,219 | DEBUG | step 3184 epoch 3 loss 0.1074 step_s 0.0017 peak_mem_gb 0.216
2026-10-01 22:36:11,221 | DEBUG | step 3185 epoch 3 loss 0.0863 step_s 0.0018 peak_mem_gb 0.216
2026-10-01 22:36:11,224 | DEBUG | step 3186 epoch 3 loss 0.1117 step_s 0.0020 peak_mem_gb 0.216
2026-10-01 22:36:11,227 | DEBUG | step 3187 epoch 3 loss 0.1027 step_s 0.0017 peak_mem_gb 0.216
2026-10-01 22:36:11,229 | DEBUG | step 3188 epoch 3 loss 0.1766 step_s 0.0019 peak_mem_gb 0.216
2026-10-01 22:36:11,232 | DEBUG | step 3189 epoch 3 loss 0.0989 step_s 0.0018 peak_mem_gb 0.216
2026-10-01 22:36:11,235 | DEBUG | step 3190 epoch 3 loss 0.1602 step_s 0.0018 peak_mem_gb 0.216
2026-10-01 22:36:11,237 | DEBUG | step 3191 epoch 3 loss 0.0764 step_s 0.0020 peak_mem_gb 0.216
2026-10-01 22:36:11,240 | DEBUG | step 3192 epoch 3 loss 0.1811 step_s 0.0020 peak_mem_gb 0.216
2026-10-01 22:36:11,243 | DEBUG | step 3193 epoch 3 loss 0.1449 step_s 0.0017 peak_mem_gb 0.216
2026-10-01 22:36:11,245 | DEBUG | step 3194 epoch 3 loss 0.2052 step_s 0.0018 peak_mem_gb 0.216
2026-10-01 22:36:11,248 | DEBUG | step 3195 epoch 3 loss 0.1719 step_s 0.0017 peak_mem_gb 0.216
2026-10-01 22:36:11,250 | DEBUG | step 3196 epoch 3 loss 0.1400 step_s 0.0019 peak_mem_gb 0.216
2026-10-01 22:36:11,253 | DEBUG | step 3197 epoch 3 loss 0.1599 step_s 0.0017 peak_mem_gb 0.216
2026-10-01 22:36:11,256 | DEBUG | step 3198 epoch 3 loss 0.2872 step_s 0.0020 peak_mem_gb 0.216
2026-10-01 22:36:11,259 | DEBUG | step 3199 epoch 3 loss 0.2533 step_s 0.0018 peak_mem_gb 0.216
2026-10-01 22:36:11,261 | INFO | step 3200 epoch 3 loss 0.1921 step_s 0.0017 peak_mem_gb 0.216
2026-10-01 22:36:11,265 | DEBUG | step 3201 epoch 3 loss 0.1475 step_s 0.0019 peak_mem_gb 0.216
2026-10-01 22:36:11,267 | DEBUG | step 3202 epoch 3 loss 0.1767 step_s 0.0018 peak_mem_gb 0.216
2026-10-01 22:36:11,271 | DEBUG | step 3203 epoch 3 loss 0.1146 step_s 0.0026 peak_mem_gb 0.216
2026-10-01 22:36:11,274 | DEBUG | step 3204 epoch 3 loss 0.2133 step_s 0.0019 peak_mem_gb 0.216
2026-10-01 22:36:11,276 | DEBUG | step 3205 epoch 3 loss 0.1108 step_s 0.0017 peak_mem_gb 0.216
2026-10-01 22:36:11,279 | DEBUG | step 3206 epoch 3 loss 0.1697 step_s 0.0017 peak_mem_gb 0.216
2026-10-01 22:36:11,281 | DEBUG | step 3207 epoch 3 loss 0.1105 step_s 0.0017 peak_mem_gb 0.216
2026-10-01 22:36:11,283 | DEBUG | step 3208 epoch 3 loss 0.1634 step_s 0.0017 peak_mem_gb 0.216
2026-10-01 22:36:11,286 | DEBUG | step 3209 epoch 3 loss 0.1786 step_s 0.0016 peak_mem_gb 0.216
2026-10-01 22:36:11,288 | DEBUG | step 3210 epoch 3 loss 0.1714 step_s 0.0016 peak_mem_gb 0.216
2026-10-01 22:36:11,291 | DEBUG | step 3211 epoch 3 loss 0.1059 step_s 0.0016 peak_mem_gb 0.216
2026-10-01 22:36:11,293 | DEBUG | step 3212 epoch 3 loss 0.1708 step_s 0.0016 peak_mem_gb 0.216
2026-10-01 22:36:11,295 | DEBUG | step 3213 epoch 3 loss 0.1349 step_s 0.0015 peak_mem_gb 0.216
2026-10-01 22:36:11,298 | DEBUG | step 3214 epoch 3 loss 0.2106 step_s 0.0016 peak_mem_gb 0.216
2026-10-01 22:36:11,300 | DEBUG | step 3215 epoch 3 loss 0.1082 step_s 0.0016 peak_mem_gb 0.216
2026-10-01 22:36:11,302 | DEBUG | step 3216 epoch 3 loss 0.1520 step_s 0.0017 peak_mem_gb 0.216
2026-10-01 22:36:11,305 | DEBUG | step 3217 epoch 3 loss 0.0970 step_s 0.0016 peak_mem_gb 0.216
2026-10-01 22:36:11,307 | DEBUG | step 3218 epoch 3 loss 0.1161 step_s 0.0016 peak_mem_gb 0.216
2026-10-01 22:36:11,310 | DEBUG | step 3219 epoch 3 loss 0.2280 step_s 0.0016 peak_mem_gb 0.216
2026-10-01 22:36:11,313 | DEBUG | step 3220 epoch 3 loss 0.1088 step_s 0.0016 peak_mem_gb 0.216
2026-10-01 22:36:11,315 | DEBUG | step 3221 epoch 3 loss 0.0798 step_s 0.0015 peak_mem_gb 0.216
2026-10-01 22:36:11,317 | DEBUG | step 3222 epoch 3 loss 0.1787 step_s 0.0016 peak_mem_gb 0.216
2026-10-01 22:36:11,319 | DEBUG | step 3223 epoch 3 loss 0.0987 step_s 0.0016 peak_mem_gb 0.216
2026-10-01 22:36:11,322 | DEBUG | step 3224 epoch 3 loss 0.1076 step_s 0.0016 peak_mem_gb 0.216
2026-10-01 22:36:11,324 | DEBUG | step 3225 epoch 3 loss 0.1183 step_s 0.0015 peak_mem_gb 0.216
2026-10-01 22:36:11,326 | DEBUG | step 3226 epoch 3 loss 0.1714 step_s 0.0015 peak_mem_gb 0.216
2026-10-01 22:36:11,328 | DEBUG | step 3227 epoch 3 loss 0.1351 step_s 0.0016 peak_mem_gb 0.216
2026-10-01 22:36:11,331 | DEBUG | step 3228 epoch 3 loss 0.0970 step_s 0.0016 peak_mem_gb 0.216
2026-10-01 22:36:11,333 | DEBUG | step 3229 epoch 3 loss 0.1441 step_s 0.0016 peak_mem_gb 0.216
2026-10-01 22:36:11,335 | DEBUG | step 3230 epoch 3 loss 0.2160 step_s 0.0016 peak_mem_gb 0.216
2026-10-01 22:36:11,338 | DEBUG | step 3231 epoch 3 loss 0.1000 step_s 0.0017 peak_mem_gb 0.216
2026-10-01 22:36:11,340 | DEBUG | step 3232 epoch 3 loss 0.0731 step_s 0.0015 peak_mem_gb 0.216
2026-10-01 22:36:11,342 | DEBUG | step 3233 epoch 3 loss 0.2283 step_s 0.0016 peak_mem_gb 0.216
2026-10-01 22:36:11,344 | DEBUG | step 3234 epoch 3 loss 0.1758 step_s 0.0015 peak_mem_gb 0.216
2026-10-01 22:36:11,347 | DEBUG | step 3235 epoch 3 loss 0.0580 step_s 0.0016 peak_mem_gb 0.216
2026-10-01 22:36:11,349 | DEBUG | step 3236 epoch 3 loss 0.1972 step_s 0.0016 peak_mem_gb 0.216
2026-10-01 22:36:11,351 | DEBUG | step 3237 epoch 3 loss 0.1089 step_s 0.0016 peak_mem_gb 0.216
2026-10-01 22:36:11,354 | DEBUG | step 3238 epoch 3 loss 0.0815 step_s 0.0017 peak_mem_gb 0.216
2026-10-01 22:36:11,356 | DEBUG | step 3239 epoch 3 loss 0.0887 step_s 0.0015 peak_mem_gb 0.216
2026-10-01 22:36:11,358 | DEBUG | step 3240 epoch 3 loss 0.2341 step_s 0.0015 peak_mem_gb 0.216
2026-10-01 22:36:11,360 | DEBUG | step 3241 epoch 3 loss 0.1768 step_s 0.0016 peak_mem_gb 0.216
2026-10-01 22:36:11,363 | DEBUG | step 3242 epoch 3 loss 0.1189 step_s 0.0016 peak_mem_gb 0.216
2026-10-01 22:36:11,365 | DEBUG | step 3243 epoch 3 loss 0.1878 step_s 0.0016 peak_mem_gb 0.216
2026-10-01 22:36:11,367 | DEBUG | step 3244 epoch 3 loss 0.1639 step_s 0.0015 peak_mem_gb 0.216
2026-10-01 22:36:11,369 | DEBUG | step 3245 epoch 3 loss 0.1702 step_s 0.0017 peak_mem_gb 0.216
2026-10-01 22:36:11,372 | DEBUG | step 3246 epoch 3 loss 0.1949 step_s 0.0015 peak_mem_gb 0.216
2026-10-01 22:36:11,374 | DEBUG | step 3247 epoch 3 loss 0.2327 step_s 0.0015 peak_mem_gb 0.216
2026-10-01 22:36:11,376 | DEBUG | step 3248 epoch 3 loss 0.1211 step_s 0.0015 peak_mem_gb 0.216
2026-10-01 22:36:11,378 | DEBUG | step 3249 epoch 3 loss 0.1498 step_s 0.0015 peak_mem_gb 0.216
2026-10-01 22:36:11,381 | DEBUG | step 3250 epoch 3 loss 0.0852 step_s 0.0016 peak_mem_gb 0.216
2026-10-01 22:36:11,383 | DEBUG | step 3251 epoch 3 loss 0.1904 step_s 0.0015 peak_mem_gb 0.216
2026-10-01 22:36:11,385 | DEBUG | step 3252 epoch 3 loss 0.2699 step_s 0.0018 peak_mem_gb 0.216
2026-10-01 22:36:11,388 | DEBUG | step 3253 epoch 3 loss 0.1639 step_s 0.0016 peak_mem_gb 0.216
2026-10-01 22:36:11,390 | DEBUG | step 3254 epoch 3 loss 0.1649 step_s 0.0015 peak_mem_gb 0.216
2026-10-01 22:36:11,392 | DEBUG | step 3255 epoch 3 loss 0.0781 step_s 0.0016 peak_mem_gb 0.216
2026-10-01 22:36:11,394 | DEBUG | step 3256 epoch 3 loss 0.2695 step_s 0.0015 peak_mem_gb 0.216
2026-10-01 22:36:11,397 | DEBUG | step 3257 epoch 3 loss 0.2111 step_s 0.0016 peak_mem_gb 0.216
2026-10-01 22:36:11,399 | DEBUG | step 3258 epoch 3 loss 0.1742 step_s 0.0015 peak_mem_gb 0.216
2026-10-01 22:36:11,401 | DEBUG | step 3259 epoch 3 loss 0.1320 step_s 0.0016 peak_mem_gb 0.216
2026-10-01 22:36:11,404 | DEBUG | step 3260 epoch 3 loss 0.1495 step_s 0.0015 peak_mem_gb 0.216
2026-10-01 22:36:11,406 | DEBUG | step 3261 epoch 3 loss 0.2222 step_s 0.0015 peak_mem_gb 0.216
2026-10-01 22:36:11,408 | DEBUG | step 3262 epoch 3 loss 0.1521 step_s 0.0015 peak_mem_gb 0.216
2026-10-01 22:36:11,410 | DEBUG | step 3263 epoch 3 loss 0.2058 step_s 0.0015 peak_mem_gb 0.216
2026-10-01 22:36:11,412 | DEBUG | step 3264 epoch 3 loss 0.0702 step_s 0.0016 peak_mem_gb 0.216
2026-10-01 22:36:11,415 | DEBUG | step 3265 epoch 3 loss 0.2344 step_s 0.0015 peak_mem_gb 0.216
2026-10-01 22:36:11,417 | DEBUG | step 3266 epoch 3 loss 0.0858 step_s 0.0016 peak_mem_gb 0.216
2026-10-01 22:36:11,419 | DEBUG | step 3267 epoch 3 loss 0.1150 step_s 0.0016 peak_mem_gb 0.216
2026-10-01 22:36:11,422 | DEBUG | step 3268 epoch 3 loss 0.0912 step_s 0.0016 peak_mem_gb 0.216
2026-10-01 22:36:11,424 | DEBUG | step 3269 epoch 3 loss 0.1251 step_s 0.0017 peak_mem_gb 0.216
2026-10-01 22:36:11,426 | DEBUG | step 3270 epoch 3 loss 0.2238 step_s 0.0015 peak_mem_gb 0.216
2026-10-01 22:36:11,429 | DEBUG | step 3271 epoch 3 loss 0.1375 step_s 0.0016 peak_mem_gb 0.216
2026-10-01 22:36:11,431 | DEBUG | step 3272 epoch 3 loss 0.1640 step_s 0.0015 peak_mem_gb 0.216
2026-10-01 22:36:11,433 | DEBUG | step 3273 epoch 3 loss 0.1454 step_s 0.0017 peak_mem_gb 0.216
2026-10-01 22:36:11,436 | DEBUG | step 3274 epoch 3 loss 0.2061 step_s 0.0016 peak_mem_gb 0.216
2026-10-01 22:36:11,438 | DEBUG | step 3275 epoch 3 loss 0.1736 step_s 0.0015 peak_mem_gb 0.216
2026-10-01 22:36:11,440 | DEBUG | step 3276 epoch 3 loss 0.1808 step_s 0.0015 peak_mem_gb 0.216
2026-10-01 22:36:11,442 | DEBUG | step 3277 epoch 3 loss 0.0986 step_s 0.0015 peak_mem_gb 0.216
2026-10-01 22:36:11,445 | DEBUG | step 3278 epoch 3 loss 0.1382 step_s 0.0016 peak_mem_gb 0.216
2026-10-01 22:36:11,447 | DEBUG | step 3279 epoch 3 loss 0.0996 step_s 0.0016 peak_mem_gb 0.216
2026-10-01 22:36:11,449 | DEBUG | step 3280 epoch 3 loss 0.2535 step_s 0.0017 peak_mem_gb 0.216
2026-10-01 22:36:11,452 | DEBUG | step 3281 epoch 3 loss 0.2163 step_s 0.0015 peak_mem_gb 0.216
2026-10-01 22:36:11,454 | DEBUG | step 3282 epoch 3 loss 0.1278 step_s 0.0016 peak_mem_gb 0.216
2026-10-01 22:36:11,456 | DEBUG | step 3283 epoch 3 loss 0.2581 step_s 0.0015 peak_mem_gb 0.216
2026-10-01 22:36:11,458 | DEBUG | step 3284 epoch 3 loss 0.0939 step_s 0.0016 peak_mem_gb 0.216
2026-10-01 22:36:11,461 | DEBUG | step 3285 epoch 3 loss 0.1360 step_s 0.0016 peak_mem_gb 0.216
2026-10-01 22:36:11,463 | DEBUG | step 3286 epoch 3 loss 0.1324 step_s 0.0016 peak_mem_gb 0.216
2026-10-01 22:36:11,465 | DEBUG | step 3287 epoch 3 loss 0.1053 step_s 0.0016 peak_mem_gb 0.216
2026-10-01 22:36:11,467 | DEBUG | step 3288 epoch 3 loss 0.2717 step_s 0.0015 peak_mem_gb 0.216
2026-10-01 22:36:11,470 | DEBUG | step 3289 epoch 3 loss 0.1108 step_s 0.0016 peak_mem_gb 0.216
2026-10-01 22:36:11,472 | DEBUG | step 3290 epoch 3 loss 0.1708 step_s 0.0015 peak_mem_gb 0.216
2026-10-01 22:36:11,474 | DEBUG | step 3291 epoch 3 loss 0.1982 step_s 0.0015 peak_mem_gb 0.216
2026-10-01 22:36:11,477 | DEBUG | step 3292 epoch 3 loss 0.1818 step_s 0.0016 peak_mem_gb 0.216
2026-10-01 22:36:11,480 | DEBUG | step 3293 epoch 3 loss 0.2196 step_s 0.0021 peak_mem_gb 0.216
2026-10-01 22:36:11,482 | DEBUG | step 3294 epoch 3 loss 0.1819 step_s 0.0015 peak_mem_gb 0.216
2026-10-01 22:36:11,484 | DEBUG | step 3295 epoch 3 loss 0.1250 step_s 0.0015 peak_mem_gb 0.216
2026-10-01 22:36:11,486 | DEBUG | step 3296 epoch 3 loss 0.1218 step_s 0.0015 peak_mem_gb 0.216
2026-10-01 22:36:11,489 | DEBUG | step 3297 epoch 3 loss 0.1228 step_s 0.0016 peak_mem_gb 0.216
2026-10-01 22:36:11,491 | DEBUG | step 3298 epoch 3 loss 0.1474 step_s 0.0016 peak_mem_gb 0.216
2026-10-01 22:36:11,493 | DEBUG | step 3299 epoch 3 loss 0.0781 step_s 0.0016 peak_mem_gb 0.216
2026-10-01 22:36:11,496 | DEBUG | step 3300 epoch 3 loss 0.2508 step_s 0.0018 peak_mem_gb 0.216
2026-10-01 22:36:11,498 | DEBUG | step 3301 epoch 3 loss 0.0876 step_s 0.0016 peak_mem_gb 0.216
2026-10-01 22:36:11,500 | DEBUG | step 3302 epoch 3 loss 0.1197 step_s 0.0016 peak_mem_gb 0.216
2026-10-01 22:36:11,503 | DEBUG | step 3303 epoch 3 loss 0.0888 step_s 0.0015 peak_mem_gb 0.216
2026-10-01 22:36:11,505 | DEBUG | step 3304 epoch 3 loss 0.0844 step_s 0.0016 peak_mem_gb 0.216
2026-10-01 22:36:11,507 | DEBUG | step 3305 epoch 3 loss 0.0492 step_s 0.0015 peak_mem_gb 0.216
2026-10-01 22:36:11,509 | DEBUG | step 3306 epoch 3 loss 0.2313 step_s 0.0016 peak_mem_gb 0.216
2026-10-01 22:36:11,512 | DEBUG | step 3307 epoch 3 loss 0.1032 step_s 0.0017 peak_mem_gb 0.216
2026-10-01 22:36:11,514 | DEBUG | step 3308 epoch 3 loss 0.1178 step_s 0.0015 peak_mem_gb 0.216
2026-10-01 22:36:11,516 | DEBUG | step 3309 epoch 3 loss 0.1303 step_s 0.0016 peak_mem_gb 0.216
2026-10-01 22:36:11,518 | DEBUG | step 3310 epoch 3 loss 0.0824 step_s 0.0015 peak_mem_gb 0.216
2026-10-01 22:36:11,521 | DEBUG | step 3311 epoch 3 loss 0.1062 step_s 0.0016 peak_mem_gb 0.216
2026-10-01 22:36:11,523 | DEBUG | step 3312 epoch 3 loss 0.2999 step_s 0.0015 peak_mem_gb 0.216
2026-10-01 22:36:11,525 | DEBUG | step 3313 epoch 3 loss 0.0717 step_s 0.0016 peak_mem_gb 0.216
2026-10-01 22:36:11,527 | DEBUG | step 3314 epoch 3 loss 0.1472 step_s 0.0017 peak_mem_gb 0.216
2026-10-01 22:36:11,530 | DEBUG | step 3315 epoch 3 loss 0.1835 step_s 0.0015 peak_mem_gb 0.216
2026-10-01 22:36:11,532 | DEBUG | step 3316 epoch 3 loss 0.1597 step_s 0.0015 peak_mem_gb 0.216
2026-10-01 22:36:11,534 | DEBUG | step 3317 epoch 3 loss 0.1993 step_s 0.0016 peak_mem_gb 0.216
2026-10-01 22:36:11,537 | DEBUG | step 3318 epoch 3 loss 0.2097 step_s 0.0016 peak_mem_gb 0.216
2026-10-01 22:36:11,539 | DEBUG | step 3319 epoch 3 loss 0.1762 step_s 0.0015 peak_mem_gb 0.216
2026-10-01 22:36:11,541 | DEBUG | step 3320 epoch 3 loss 0.1013 step_s 0.0016 peak_mem_gb 0.216
2026-10-01 22:36:11,544 | DEBUG | step 3321 epoch 3 loss 0.1762 step_s 0.0016 peak_mem_gb 0.216
2026-10-01 22:36:11,546 | DEBUG | step 3322 epoch 3 loss 0.2121 step_s 0.0015 peak_mem_gb 0.216
2026-10-01 22:36:11,548 | DEBUG | step 3323 epoch 3 loss 0.1033 step_s 0.0016 peak_mem_gb 0.216
2026-10-01 22:36:11,550 | DEBUG | step 3324 epoch 3 loss 0.1019 step_s 0.0016 peak_mem_gb 0.216
2026-10-01 22:36:11,553 | DEBUG | step 3325 epoch 3 loss 0.1829 step_s 0.0016 peak_mem_gb 0.216
2026-10-01 22:36:11,555 | DEBUG | step 3326 epoch 3 loss 0.1026 step_s 0.0016 peak_mem_gb 0.216
2026-10-01 22:36:11,557 | DEBUG | step 3327 epoch 3 loss 0.1727 step_s 0.0016 peak_mem_gb 0.216
2026-10-01 22:36:11,559 | DEBUG | step 3328 epoch 3 loss 0.1584 step_s 0.0016 peak_mem_gb 0.216
2026-10-01 22:36:11,562 | DEBUG | step 3329 epoch 3 loss 0.0922 step_s 0.0017 peak_mem_gb 0.216
2026-10-01 22:36:11,564 | DEBUG | step 3330 epoch 3 loss 0.1378 step_s 0.0016 peak_mem_gb 0.216
2026-10-01 22:36:11,566 | DEBUG | step 3331 epoch 3 loss 0.0847 step_s 0.0015 peak_mem_gb 0.216
2026-10-01 22:36:11,568 | DEBUG | step 3332 epoch 3 loss 0.1502 step_s 0.0016 peak_mem_gb 0.216
2026-10-01 22:36:11,571 | DEBUG | step 3333 epoch 3 loss 0.2103 step_s 0.0015 peak_mem_gb 0.216
2026-10-01 22:36:11,573 | DEBUG | step 3334 epoch 3 loss 0.2954 step_s 0.0016 peak_mem_gb 0.216
2026-10-01 22:36:11,575 | DEBUG | step 3335 epoch 3 loss 0.1154 step_s 0.0016 peak_mem_gb 0.216
2026-10-01 22:36:11,577 | DEBUG | step 3336 epoch 3 loss 0.1292 step_s 0.0016 peak_mem_gb 0.216
2026-10-01 22:36:11,580 | DEBUG | step 3337 epoch 3 loss 0.0669 step_s 0.0015 peak_mem_gb 0.216
2026-10-01 22:36:11,582 | DEBUG | step 3338 epoch 3 loss 0.2182 step_s 0.0016 peak_mem_gb 0.216
2026-10-01 22:36:11,584 | DEBUG | step 3339 epoch 3 loss 0.2488 step_s 0.0016 peak_mem_gb 0.216
2026-10-01 22:36:11,587 | DEBUG | step 3340 epoch 3 loss 0.1987 step_s 0.0016 peak_mem_gb 0.216
2026-10-01 22:36:11,589 | DEBUG | step 3341 epoch 3 loss 0.2214 step_s 0.0016 peak_mem_gb 0.216
2026-10-01 22:36:11,591 | DEBUG | step 3342 epoch 3 loss 0.0931 step_s 0.0016 peak_mem_gb 0.216
2026-10-01 22:36:11,593 | DEBUG | step 3343 epoch 3 loss 0.2065 step_s 0.0016 peak_mem_gb 0.216
2026-10-01 22:36:11,596 | DEBUG | step 3344 epoch 3 loss 0.3201 step_s 0.0015 peak_mem_gb 0.216
2026-10-01 22:36:11,598 | DEBUG | step 3345 epoch 3 loss 0.1951 step_s 0.0017 peak_mem_gb 0.216
2026-10-01 22:36:11,600 | DEBUG | step 3346 epoch 3 loss 0.1589 step_s 0.0015 peak_mem_gb 0.216
2026-10-01 22:36:11,602 | DEBUG | step 3347 epoch 3 loss 0.1224 step_s 0.0015 peak_mem_gb 0.216
2026-10-01 22:36:11,605 | DEBUG | step 3348 epoch 3 loss 0.0947 step_s 0.0016 peak_mem_gb 0.216
2026-10-01 22:36:11,607 | DEBUG | step 3349 epoch 3 loss 0.1249 step_s 0.0018 peak_mem_gb 0.216
2026-10-01 22:36:11,609 | DEBUG | step 3350 epoch 3 loss 0.1537 step_s 0.0016 peak_mem_gb 0.216
2026-10-01 22:36:11,612 | DEBUG | step 3351 epoch 3 loss 0.0801 step_s 0.0015 peak_mem_gb 0.216
2026-10-01 22:36:11,614 | DEBUG | step 3352 epoch 3 loss 0.1347 step_s 0.0016 peak_mem_gb 0.216
2026-10-01 22:36:11,616 | DEBUG | step 3353 epoch 3 loss 0.0848 step_s 0.0016 peak_mem_gb 0.216
2026-10-01 22:36:11,618 | DEBUG | step 3354 epoch 3 loss 0.2255 step_s 0.0015 peak_mem_gb 0.216
2026-10-01 22:36:11,621 | DEBUG | step 3355 epoch 3 loss 0.1002 step_s 0.0016 peak_mem_gb 0.216
2026-10-01 22:36:11,623 | DEBUG | step 3356 epoch 3 loss 0.2326 step_s 0.0015 peak_mem_gb 0.216
2026-10-01 22:36:11,625 | DEBUG | step 3357 epoch 3 loss 0.0768 step_s 0.0016 peak_mem_gb 0.216
2026-10-01 22:36:11,628 | DEBUG | step 3358 epoch 3 loss 0.1338 step_s 0.0015 peak_mem_gb 0.216
2026-10-01 22:36:11,630 | DEBUG | step 3359 epoch 3 loss 0.1012 step_s 0.0015 peak_mem_gb 0.216
2026-10-01 22:36:11,632 | DEBUG | step 3360 epoch 3 loss 0.1868 step_s 0.0015 peak_mem_gb 0.216
2026-10-01 22:36:11,634 | DEBUG | step 3361 epoch 3 loss 0.1906 step_s 0.0015 peak_mem_gb 0.216
2026-10-01 22:36:11,637 | DEBUG | step 3362 epoch 3 loss 0.2075 step_s 0.0016 peak_mem_gb 0.216
2026-10-01 22:36:11,639 | DEBUG | step 3363 epoch 3 loss 0.1638 step_s 0.0016 peak_mem_gb 0.216
2026-10-01 22:36:11,641 | DEBUG | step 3364 epoch 3 loss 0.1329 step_s 0.0016 peak_mem_gb 0.216
2026-10-01 22:36:11,643 | DEBUG | step 3365 epoch 3 loss 0.2314 step_s 0.0015 peak_mem_gb 0.216
2026-10-01 22:36:11,646 | DEBUG | step 3366 epoch 3 loss 0.0869 step_s 0.0016 peak_mem_gb 0.216
2026-10-01 22:36:11,648 | DEBUG | step 3367 epoch 3 loss 0.0926 step_s 0.0015 peak_mem_gb 0.216
2026-10-01 22:36:11,650 | DEBUG | step 3368 epoch 3 loss 0.0893 step_s 0.0016 peak_mem_gb 0.216
2026-10-01 22:36:11,653 | DEBUG | step 3369 epoch 3 loss 0.1531 step_s 0.0016 peak_mem_gb 0.216
2026-10-01 22:36:11,655 | DEBUG | step 3370 epoch 3 loss 0.1568 step_s 0.0016 peak_mem_gb 0.216
2026-10-01 22:36:11,657 | DEBUG | step 3371 epoch 3 loss 0.1259 step_s 0.0016 peak_mem_gb 0.216
2026-10-01 22:36:11,659 | DEBUG | step 3372 epoch 3 loss 0.1376 step_s 0.0016 peak_mem_gb 0.216
2026-10-01 22:36:11,662 | DEBUG | step 3373 epoch 3 loss 0.0797 step_s 0.0015 peak_mem_gb 0.216
2026-10-01 22:36:11,664 | DEBUG | step 3374 epoch 3 loss 0.1865 step_s 0.0015 peak_mem_gb 0.216
2026-10-01 22:36:11,666 | DEBUG | step 3375 epoch 3 loss 0.0926 step_s 0.0015 peak_mem_gb 0.216
2026-10-01 22:36:11,668 | DEBUG | step 3376 epoch 3 loss 0.2566 step_s 0.0016 peak_mem_gb 0.216
2026-10-01 22:36:11,671 | DEBUG | step 3377 epoch 3 loss 0.2069 step_s 0.0016 peak_mem_gb 0.216
2026-10-01 22:36:11,673 | DEBUG | step 3378 epoch 3 loss 0.2141 step_s 0.0016 peak_mem_gb 0.216
2026-10-01 22:36:11,675 | DEBUG | step 3379 epoch 3 loss 0.1792 step_s 0.0016 peak_mem_gb 0.216
2026-10-01 22:36:11,678 | DEBUG | step 3380 epoch 3 loss 0.1913 step_s 0.0015 peak_mem_gb 0.216
2026-10-01 22:36:11,680 | DEBUG | step 3381 epoch 3 loss 0.0932 step_s 0.0015 peak_mem_gb 0.216
2026-10-01 22:36:11,682 | DEBUG | step 3382 epoch 3 loss 0.1276 step_s 0.0015 peak_mem_gb 0.216
2026-10-01 22:36:11,684 | DEBUG | step 3383 epoch 3 loss 0.0933 step_s 0.0016 peak_mem_gb 0.216
2026-10-01 22:36:11,687 | DEBUG | step 3384 epoch 3 loss 0.1080 step_s 0.0016 peak_mem_gb 0.216
2026-10-01 22:36:11,689 | DEBUG | step 3385 epoch 3 loss 0.2147 step_s 0.0016 peak_mem_gb 0.216
2026-10-01 22:36:11,691 | DEBUG | step 3386 epoch 3 loss 0.1627 step_s 0.0015 peak_mem_gb 0.216
2026-10-01 22:36:11,694 | DEBUG | step 3387 epoch 3 loss 0.0957 step_s 0.0016 peak_mem_gb 0.216
2026-10-01 22:36:11,696 | DEBUG | step 3388 epoch 3 loss 0.1700 step_s 0.0015 peak_mem_gb 0.216
2026-10-01 22:36:11,698 | DEBUG | step 3389 epoch 3 loss 0.0989 step_s 0.0015 peak_mem_gb 0.216
2026-10-01 22:36:11,700 | DEBUG | step 3390 epoch 3 loss 0.1130 step_s 0.0015 peak_mem_gb 0.216
2026-10-01 22:36:11,703 | DEBUG | step 3391 epoch 3 loss 0.0691 step_s 0.0016 peak_mem_gb 0.216
2026-10-01 22:36:11,705 | DEBUG | step 3392 epoch 3 loss 0.1666 step_s 0.0016 peak_mem_gb 0.216
2026-10-01 22:36:11,707 | DEBUG | step 3393 epoch 3 loss 0.1496 step_s 0.0015 peak_mem_gb 0.216
2026-10-01 22:36:11,709 | DEBUG | step 3394 epoch 3 loss 0.2743 step_s 0.0016 peak_mem_gb 0.216
2026-10-01 22:36:11,712 | DEBUG | step 3395 epoch 3 loss 0.3121 step_s 0.0015 peak_mem_gb 0.216
2026-10-01 22:36:11,714 | DEBUG | step 3396 epoch 3 loss 0.2339 step_s 0.0016 peak_mem_gb 0.216
2026-10-01 22:36:11,716 | DEBUG | step 3397 epoch 3 loss 0.2186 step_s 0.0015 peak_mem_gb 0.216
2026-10-01 22:36:11,719 | DEBUG | step 3398 epoch 3 loss 0.1285 step_s 0.0017 peak_mem_gb 0.216
2026-10-01 22:36:11,721 | DEBUG | step 3399 epoch 3 loss 0.1851 step_s 0.0016 peak_mem_gb 0.216
2026-10-01 22:36:11,723 | INFO | step 3400 epoch 3 loss 0.1859 step_s 0.0015 peak_mem_gb 0.216
2026-10-01 22:36:11,726 | DEBUG | step 3401 epoch 3 loss 0.1439 step_s 0.0018 peak_mem_gb 0.216
2026-10-01 22:36:11,729 | DEBUG | step 3402 epoch 3 loss 0.1205 step_s 0.0017 peak_mem_gb 0.216
2026-10-01 22:36:11,732 | DEBUG | step 3403 epoch 3 loss 0.0690 step_s 0.0022 peak_mem_gb 0.216
2026-10-01 22:36:11,735 | DEBUG | step 3404 epoch 3 loss 0.1163 step_s 0.0018 peak_mem_gb 0.216
2026-10-01 22:36:11,737 | DEBUG | step 3405 epoch 3 loss 0.0851 step_s 0.0017 peak_mem_gb 0.216
2026-10-01 22:36:11,739 | DEBUG | step 3406 epoch 3 loss 0.2718 step_s 0.0016 peak_mem_gb 0.216
2026-10-01 22:36:11,742 | DEBUG | step 3407 epoch 3 loss 0.2222 step_s 0.0016 peak_mem_gb 0.216
2026-10-01 22:36:11,744 | DEBUG | step 3408 epoch 3 loss 0.1369 step_s 0.0016 peak_mem_gb 0.216
2026-10-01 22:36:11,746 | DEBUG | step 3409 epoch 3 loss 0.1728 step_s 0.0016 peak_mem_gb 0.216
2026-10-01 22:36:11,748 | DEBUG | step 3410 epoch 3 loss 0.3386 step_s 0.0016 peak_mem_gb 0.216
2026-10-01 22:36:11,751 | DEBUG | step 3411 epoch 3 loss 0.1442 step_s 0.0015 peak_mem_gb 0.216
2026-10-01 22:36:11,753 | DEBUG | step 3412 epoch 3 loss 0.1193 step_s 0.0016 peak_mem_gb 0.216
2026-10-01 22:36:11,755 | DEBUG | step 3413 epoch 3 loss 0.1217 step_s 0.0016 peak_mem_gb 0.216
2026-10-01 22:36:11,758 | DEBUG | step 3414 epoch 3 loss 0.0965 step_s 0.0015 peak_mem_gb 0.216
2026-10-01 22:36:11,760 | DEBUG | step 3415 epoch 3 loss 0.1660 step_s 0.0015 peak_mem_gb 0.216
2026-10-01 22:36:11,762 | DEBUG | step 3416 epoch 3 loss 0.1091 step_s 0.0016 peak_mem_gb 0.216
2026-10-01 22:36:11,765 | DEBUG | step 3417 epoch 3 loss 0.1086 step_s 0.0019 peak_mem_gb 0.216
2026-10-01 22:36:11,767 | DEBUG | step 3418 epoch 3 loss 0.1297 step_s 0.0017 peak_mem_gb 0.216
2026-10-01 22:36:11,770 | DEBUG | step 3419 epoch 3 loss 0.1356 step_s 0.0016 peak_mem_gb 0.216
2026-10-01 22:36:11,772 | DEBUG | step 3420 epoch 3 loss 0.2160 step_s 0.0015 peak_mem_gb 0.216
2026-10-01 22:36:11,774 | DEBUG | step 3421 epoch 3 loss 0.1184 step_s 0.0015 peak_mem_gb 0.216
2026-10-01 22:36:11,776 | DEBUG | step 3422 epoch 3 loss 0.1743 step_s 0.0016 peak_mem_gb 0.216
2026-10-01 22:36:11,779 | DEBUG | step 3423 epoch 3 loss 0.1045 step_s 0.0016 peak_mem_gb 0.216
2026-10-01 22:36:11,781 | DEBUG | step 3424 epoch 3 loss 0.0730 step_s 0.0016 peak_mem_gb 0.216
2026-10-01 22:36:11,783 | DEBUG | step 3425 epoch 3 loss 0.1249 step_s 0.0015 peak_mem_gb 0.216
2026-10-01 22:36:11,786 | DEBUG | step 3426 epoch 3 loss 0.0944 step_s 0.0017 peak_mem_gb 0.216
2026-10-01 22:36:11,788 | DEBUG | step 3427 epoch 3 loss 0.0708 step_s 0.0016 peak_mem_gb 0.216
2026-10-01 22:36:11,790 | DEBUG | step 3428 epoch 3 loss 0.1266 step_s 0.0016 peak_mem_gb 0.216
2026-10-01 22:36:11,792 | DEBUG | step 3429 epoch 3 loss 0.1264 step_s 0.0016 peak_mem_gb 0.216
2026-10-01 22:36:11,795 | DEBUG | step 3430 epoch 3 loss 0.1307 step_s 0.0016 peak_mem_gb 0.216
2026-10-01 22:36:11,797 | DEBUG | step 3431 epoch 3 loss 0.1114 step_s 0.0016 peak_mem_gb 0.216
2026-10-01 22:36:11,799 | DEBUG | step 3432 epoch 3 loss 0.1288 step_s 0.0015 peak_mem_gb 0.216
2026-10-01 22:36:11,802 | DEBUG | step 3433 epoch 3 loss 0.0394 step_s 0.0016 peak_mem_gb 0.216
2026-10-01 22:36:11,804 | DEBUG | step 3434 epoch 3 loss 0.2156 step_s 0.0015 peak_mem_gb 0.216
2026-10-01 22:36:11,806 | DEBUG | step 3435 epoch 3 loss 0.1182 step_s 0.0017 peak_mem_gb 0.216
2026-10-01 22:36:11,809 | DEBUG | step 3436 epoch 3 loss 0.1537 step_s 0.0016 peak_mem_gb 0.216
2026-10-01 22:36:11,811 | DEBUG | step 3437 epoch 3 loss 0.1032 step_s 0.0016 peak_mem_gb 0.216
2026-10-01 22:36:11,813 | DEBUG | step 3438 epoch 3 loss 0.1487 step_s 0.0016 peak_mem_gb 0.216
2026-10-01 22:36:11,816 | DEBUG | step 3439 epoch 3 loss 0.2231 step_s 0.0016 peak_mem_gb 0.216
2026-10-01 22:36:11,818 | DEBUG | step 3440 epoch 3 loss 0.0934 step_s 0.0016 peak_mem_gb 0.216
2026-10-01 22:36:11,820 | DEBUG | step 3441 epoch 3 loss 0.1562 step_s 0.0015 peak_mem_gb 0.216
2026-10-01 22:36:11,822 | DEBUG | step 3442 epoch 3 loss 0.1847 step_s 0.0016 peak_mem_gb 0.216
2026-10-01 22:36:11,825 | DEBUG | step 3443 epoch 3 loss 0.0946 step_s 0.0016 peak_mem_gb 0.216
2026-10-01 22:36:11,827 | DEBUG | step 3444 epoch 3 loss 0.1540 step_s 0.0016 peak_mem_gb 0.216
2026-10-01 22:36:11,829 | DEBUG | step 3445 epoch 3 loss 0.2937 step_s 0.0016 peak_mem_gb 0.216
2026-10-01 22:36:11,831 | DEBUG | step 3446 epoch 3 loss 0.0929 step_s 0.0015 peak_mem_gb 0.216
2026-10-01 22:36:11,834 | DEBUG | step 3447 epoch 3 loss 0.1596 step_s 0.0016 peak_mem_gb 0.216
2026-10-01 22:36:11,836 | DEBUG | step 3448 epoch 3 loss 0.1445 step_s 0.0016 peak_mem_gb 0.216
2026-10-01 22:36:11,838 | DEBUG | step 3449 epoch 3 loss 0.1458 step_s 0.0016 peak_mem_gb 0.216
2026-10-01 22:36:11,840 | DEBUG | step 3450 epoch 3 loss 0.1955 step_s 0.0016 peak_mem_gb 0.216
2026-10-01 22:36:11,843 | DEBUG | step 3451 epoch 3 loss 0.1779 step_s 0.0016 peak_mem_gb 0.216
2026-10-01 22:36:11,845 | DEBUG | step 3452 epoch 3 loss 0.1560 step_s 0.0016 peak_mem_gb 0.216
2026-10-01 22:36:11,847 | DEBUG | step 3453 epoch 3 loss 0.0392 step_s 0.0015 peak_mem_gb 0.216
2026-10-01 22:36:11,849 | DEBUG | step 3454 epoch 3 loss 0.1696 step_s 0.0016 peak_mem_gb 0.216
2026-10-01 22:36:11,852 | DEBUG | step 3455 epoch 3 loss 0.2334 step_s 0.0016 peak_mem_gb 0.216
2026-10-01 22:36:11,854 | DEBUG | step 3456 epoch 3 loss 0.1146 step_s 0.0015 peak_mem_gb 0.216
2026-10-01 22:36:11,856 | DEBUG | step 3457 epoch 3 loss 0.1756 step_s 0.0015 peak_mem_gb 0.216
2026-10-01 22:36:11,858 | DEBUG | step 3458 epoch 3 loss 0.1651 step_s 0.0016 peak_mem_gb 0.216
2026-10-01 22:36:11,861 | DEBUG | step 3459 epoch 3 loss 0.1191 step_s 0.0016 peak_mem_gb 0.216
2026-10-01 22:36:11,863 | DEBUG | step 3460 epoch 3 loss 0.2320 step_s 0.0015 peak_mem_gb 0.216
2026-10-01 22:36:11,865 | DEBUG | step 3461 epoch 3 loss 0.1168 step_s 0.0016 peak_mem_gb 0.216
2026-10-01 22:36:11,867 | DEBUG | step 3462 epoch 3 loss 0.2839 step_s 0.0015 peak_mem_gb 0.216
2026-10-01 22:36:11,870 | DEBUG | step 3463 epoch 3 loss 0.1957 step_s 0.0016 peak_mem_gb 0.216
2026-10-01 22:36:11,872 | DEBUG | step 3464 epoch 3 loss 0.1237 step_s 0.0016 peak_mem_gb 0.216
2026-10-01 22:36:11,874 | DEBUG | step 3465 epoch 3 loss 0.0993 step_s 0.0016 peak_mem_gb 0.216
2026-10-01 22:36:11,877 | DEBUG | step 3466 epoch 3 loss 0.1208 step_s 0.0016 peak_mem_gb 0.216
2026-10-01 22:36:11,879 | DEBUG | step 3467 epoch 3 loss 0.1764 step_s 0.0015 peak_mem_gb 0.216
2026-10-01 22:36:11,881 | DEBUG | step 3468 epoch 3 loss 0.1227 step_s 0.0016 peak_mem_gb 0.216
2026-10-01 22:36:11,883 | DEBUG | step 3469 epoch 3 loss 0.1673 step_s 0.0016 peak_mem_gb 0.216
2026-10-01 22:36:11,886 | DEBUG | step 3470 epoch 3 loss 0.1452 step_s 0.0016 peak_mem_gb 0.216
2026-10-01 22:36:11,888 | DEBUG | step 3471 epoch 3 loss 0.1261 step_s 0.0016 peak_mem_gb 0.216
2026-10-01 22:36:11,890 | DEBUG | step 3472 epoch 3 loss 0.1103 step_s 0.0016 peak_mem_gb 0.216
2026-10-01 22:36:11,893 | DEBUG | step 3473 epoch 3 loss 0.0969 step_s 0.0016 peak_mem_gb 0.216
2026-10-01 22:36:11,895 | DEBUG | step 3474 epoch 3 loss 0.1082 step_s 0.0016 peak_mem_gb 0.216
2026-10-01 22:36:11,897 | DEBUG | step 3475 epoch 3 loss 0.2280 step_s 0.0016 peak_mem_gb 0.216
2026-10-01 22:36:11,900 | DEBUG | step 3476 epoch 3 loss 0.1115 step_s 0.0017 peak_mem_gb 0.216
2026-10-01 22:36:11,902 | DEBUG | step 3477 epoch 3 loss 0.3034 step_s 0.0016 peak_mem_gb 0.216
2026-10-01 22:36:11,905 | DEBUG | step 3478 epoch 3 loss 0.1477 step_s 0.0016 peak_mem_gb 0.216
2026-10-01 22:36:11,907 | DEBUG | step 3479 epoch 3 loss 0.1756 step_s 0.0016 peak_mem_gb 0.216
2026-10-01 22:36:11,910 | DEBUG | step 3480 epoch 3 loss 0.1473 step_s 0.0016 peak_mem_gb 0.216
2026-10-01 22:36:11,912 | DEBUG | step 3481 epoch 3 loss 0.1225 step_s 0.0015 peak_mem_gb 0.216
2026-10-01 22:36:11,914 | DEBUG | step 3482 epoch 3 loss 0.2129 step_s 0.0015 peak_mem_gb 0.216
2026-10-01 22:36:11,916 | DEBUG | step 3483 epoch 3 loss 0.1372 step_s 0.0017 peak_mem_gb 0.216
2026-10-01 22:36:11,919 | DEBUG | step 3484 epoch 3 loss 0.0670 step_s 0.0016 peak_mem_gb 0.216
2026-10-01 22:36:11,921 | DEBUG | step 3485 epoch 3 loss 0.1400 step_s 0.0016 peak_mem_gb 0.216
2026-10-01 22:36:11,923 | DEBUG | step 3486 epoch 3 loss 0.2074 step_s 0.0015 peak_mem_gb 0.216
2026-10-01 22:36:11,925 | DEBUG | step 3487 epoch 3 loss 0.3244 step_s 0.0016 peak_mem_gb 0.216
2026-10-01 22:36:11,928 | DEBUG | step 3488 epoch 3 loss 0.1139 step_s 0.0016 peak_mem_gb 0.216
2026-10-01 22:36:11,930 | DEBUG | step 3489 epoch 3 loss 0.1711 step_s 0.0015 peak_mem_gb 0.216
2026-10-01 22:36:11,932 | DEBUG | step 3490 epoch 3 loss 0.1997 step_s 0.0017 peak_mem_gb 0.216
2026-10-01 22:36:11,935 | DEBUG | step 3491 epoch 3 loss 0.1701 step_s 0.0016 peak_mem_gb 0.216
2026-10-01 22:36:11,937 | DEBUG | step 3492 epoch 3 loss 0.1296 step_s 0.0017 peak_mem_gb 0.216
2026-10-01 22:36:11,939 | DEBUG | step 3493 epoch 3 loss 0.1335 step_s 0.0015 peak_mem_gb 0.216
2026-10-01 22:36:11,942 | DEBUG | step 3494 epoch 3 loss 0.0825 step_s 0.0016 peak_mem_gb 0.216
2026-10-01 22:36:11,944 | DEBUG | step 3495 epoch 3 loss 0.0575 step_s 0.0016 peak_mem_gb 0.216
2026-10-01 22:36:11,946 | DEBUG | step 3496 epoch 3 loss 0.2004 step_s 0.0016 peak_mem_gb 0.216
2026-10-01 22:36:11,948 | DEBUG | step 3497 epoch 3 loss 0.1921 step_s 0.0016 peak_mem_gb 0.216
2026-10-01 22:36:11,951 | DEBUG | step 3498 epoch 3 loss 0.1724 step_s 0.0016 peak_mem_gb 0.216
2026-10-01 22:36:11,953 | DEBUG | step 3499 epoch 3 loss 0.1323 step_s 0.0016 peak_mem_gb 0.216
2026-10-01 22:36:11,955 | DEBUG | step 3500 epoch 3 loss 0.2737 step_s 0.0015 peak_mem_gb 0.216
2026-10-01 22:36:11,958 | DEBUG | step 3501 epoch 3 loss 0.2215 step_s 0.0015 peak_mem_gb 0.216
2026-10-01 22:36:11,960 | DEBUG | step 3502 epoch 3 loss 0.0958 step_s 0.0015 peak_mem_gb 0.216
2026-10-01 22:36:11,962 | DEBUG | step 3503 epoch 3 loss 0.1260 step_s 0.0015 peak_mem_gb 0.216
2026-10-01 22:36:11,965 | DEBUG | step 3504 epoch 3 loss 0.1658 step_s 0.0016 peak_mem_gb 0.216
2026-10-01 22:36:11,967 | DEBUG | step 3505 epoch 3 loss 0.1652 step_s 0.0016 peak_mem_gb 0.216
2026-10-01 22:36:11,969 | DEBUG | step 3506 epoch 3 loss 0.1562 step_s 0.0017 peak_mem_gb 0.216
2026-10-01 22:36:11,971 | DEBUG | step 3507 epoch 3 loss 0.0921 step_s 0.0015 peak_mem_gb 0.216
2026-10-01 22:36:11,974 | DEBUG | step 3508 epoch 3 loss 0.1597 step_s 0.0015 peak_mem_gb 0.216
2026-10-01 22:36:11,976 | DEBUG | step 3509 epoch 3 loss 0.1504 step_s 0.0015 peak_mem_gb 0.216
2026-10-01 22:36:11,978 | DEBUG | step 3510 epoch 3 loss 0.1378 step_s 0.0015 peak_mem_gb 0.216
2026-10-01 22:36:11,981 | DEBUG | step 3511 epoch 3 loss 0.3169 step_s 0.0016 peak_mem_gb 0.216
2026-10-01 22:36:11,983 | DEBUG | step 3512 epoch 3 loss 0.0843 step_s 0.0016 peak_mem_gb 0.216
2026-10-01 22:36:11,985 | DEBUG | step 3513 epoch 3 loss 0.1027 step_s 0.0016 peak_mem_gb 0.216
2026-10-01 22:36:11,987 | DEBUG | step 3514 epoch 3 loss 0.2024 step_s 0.0016 peak_mem_gb 0.216
2026-10-01 22:36:11,990 | DEBUG | step 3515 epoch 3 loss 0.2710 step_s 0.0016 peak_mem_gb 0.216
2026-10-01 22:36:11,992 | DEBUG | step 3516 epoch 3 loss 0.0888 step_s 0.0015 peak_mem_gb 0.216
2026-10-01 22:36:11,994 | DEBUG | step 3517 epoch 3 loss 0.2347 step_s 0.0016 peak_mem_gb 0.216
2026-10-01 22:36:11,997 | DEBUG | step 3518 epoch 3 loss 0.2365 step_s 0.0016 peak_mem_gb 0.216
2026-10-01 22:36:11,999 | DEBUG | step 3519 epoch 3 loss 0.0684 step_s 0.0016 peak_mem_gb 0.216
2026-10-01 22:36:12,001 | DEBUG | step 3520 epoch 3 loss 0.1455 step_s 0.0016 peak_mem_gb 0.216
2026-10-01 22:36:12,003 | DEBUG | step 3521 epoch 3 loss 0.1217 step_s 0.0016 peak_mem_gb 0.216
2026-10-01 22:36:12,006 | DEBUG | step 3522 epoch 3 loss 0.0975 step_s 0.0015 peak_mem_gb 0.216
2026-10-01 22:36:12,008 | DEBUG | step 3523 epoch 3 loss 0.1603 step_s 0.0015 peak_mem_gb 0.216
2026-10-01 22:36:12,010 | DEBUG | step 3524 epoch 3 loss 0.1867 step_s 0.0016 peak_mem_gb 0.216
2026-10-01 22:36:12,012 | DEBUG | step 3525 epoch 3 loss 0.2116 step_s 0.0016 peak_mem_gb 0.216
2026-10-01 22:36:12,015 | DEBUG | step 3526 epoch 3 loss 0.1413 step_s 0.0016 peak_mem_gb 0.216
2026-10-01 22:36:12,017 | DEBUG | step 3527 epoch 3 loss 0.1599 step_s 0.0016 peak_mem_gb 0.216
2026-10-01 22:36:12,019 | DEBUG | step 3528 epoch 3 loss 0.1514 step_s 0.0015 peak_mem_gb 0.216
2026-10-01 22:36:12,021 | DEBUG | step 3529 epoch 3 loss 0.1044 step_s 0.0017 peak_mem_gb 0.216
2026-10-01 22:36:12,024 | DEBUG | step 3530 epoch 3 loss 0.1270 step_s 0.0015 peak_mem_gb 0.216
2026-10-01 22:36:12,026 | DEBUG | step 3531 epoch 3 loss 0.1275 step_s 0.0016 peak_mem_gb 0.216
2026-10-01 22:36:12,028 | DEBUG | step 3532 epoch 3 loss 0.2541 step_s 0.0016 peak_mem_gb 0.216
2026-10-01 22:36:12,030 | DEBUG | step 3533 epoch 3 loss 0.1252 step_s 0.0016 peak_mem_gb 0.216
2026-10-01 22:36:12,033 | DEBUG | step 3534 epoch 3 loss 0.1803 step_s 0.0016 peak_mem_gb 0.216
2026-10-01 22:36:12,035 | DEBUG | step 3535 epoch 3 loss 0.2346 step_s 0.0016 peak_mem_gb 0.216
2026-10-01 22:36:12,037 | DEBUG | step 3536 epoch 3 loss 0.1893 step_s 0.0016 peak_mem_gb 0.216
2026-10-01 22:36:12,039 | DEBUG | step 3537 epoch 3 loss 0.1084 step_s 0.0015 peak_mem_gb 0.216
2026-10-01 22:36:12,042 | DEBUG | step 3538 epoch 3 loss 0.1900 step_s 0.0017 peak_mem_gb 0.216
2026-10-01 22:36:12,044 | DEBUG | step 3539 epoch 3 loss 0.1567 step_s 0.0015 peak_mem_gb 0.216
2026-10-01 22:36:12,046 | DEBUG | step 3540 epoch 3 loss 0.1967 step_s 0.0015 peak_mem_gb 0.216
2026-10-01 22:36:12,049 | DEBUG | step 3541 epoch 3 loss 0.2108 step_s 0.0016 peak_mem_gb 0.216
2026-10-01 22:36:12,051 | DEBUG | step 3542 epoch 3 loss 0.1787 step_s 0.0015 peak_mem_gb 0.216
2026-10-01 22:36:12,053 | DEBUG | step 3543 epoch 3 loss 0.1475 step_s 0.0016 peak_mem_gb 0.216
2026-10-01 22:36:12,055 | DEBUG | step 3544 epoch 3 loss 0.0839 step_s 0.0015 peak_mem_gb 0.216
2026-10-01 22:36:12,058 | DEBUG | step 3545 epoch 3 loss 0.0652 step_s 0.0017 peak_mem_gb 0.216
2026-10-01 22:36:12,060 | DEBUG | step 3546 epoch 3 loss 0.1924 step_s 0.0015 peak_mem_gb 0.216
2026-10-01 22:36:12,062 | DEBUG | step 3547 epoch 3 loss 0.1348 step_s 0.0015 peak_mem_gb 0.216
2026-10-01 22:36:12,064 | DEBUG | step 3548 epoch 3 loss 0.2146 step_s 0.0016 peak_mem_gb 0.216
2026-10-01 22:36:12,067 | DEBUG | step 3549 epoch 3 loss 0.1850 step_s 0.0015 peak_mem_gb 0.216
2026-10-01 22:36:12,069 | DEBUG | step 3550 epoch 3 loss 0.1519 step_s 0.0016 peak_mem_gb 0.216
2026-10-01 22:36:12,071 | DEBUG | step 3551 epoch 3 loss 0.1685 step_s 0.0015 peak_mem_gb 0.216
2026-10-01 22:36:12,073 | DEBUG | step 3552 epoch 3 loss 0.0807 step_s 0.0017 peak_mem_gb 0.216
2026-10-01 22:36:12,076 | DEBUG | step 3553 epoch 3 loss 0.1009 step_s 0.0016 peak_mem_gb 0.216
2026-10-01 22:36:12,078 | DEBUG | step 3554 epoch 3 loss 0.2851 step_s 0.0016 peak_mem_gb 0.216
2026-10-01 22:36:12,080 | DEBUG | step 3555 epoch 3 loss 0.1678 step_s 0.0015 peak_mem_gb 0.216
2026-10-01 22:36:12,083 | DEBUG | step 3556 epoch 3 loss 0.1654 step_s 0.0016 peak_mem_gb 0.216
2026-10-01 22:36:12,085 | DEBUG | step 3557 epoch 3 loss 0.0781 step_s 0.0016 peak_mem_gb 0.216
2026-10-01 22:36:12,087 | DEBUG | step 3558 epoch 3 loss 0.1263 step_s 0.0016 peak_mem_gb 0.216
2026-10-01 22:36:12,090 | DEBUG | step 3559 epoch 3 loss 0.1377 step_s 0.0016 peak_mem_gb 0.216
2026-10-01 22:36:12,092 | DEBUG | step 3560 epoch 3 loss 0.2329 step_s 0.0015 peak_mem_gb 0.216
2026-10-01 22:36:12,094 | DEBUG | step 3561 epoch 3 loss 0.2335 step_s 0.0016 peak_mem_gb 0.216
2026-10-01 22:36:12,096 | DEBUG | step 3562 epoch 3 loss 0.0730 step_s 0.0016 peak_mem_gb 0.216
2026-10-01 22:36:12,099 | DEBUG | step 3563 epoch 3 loss 0.2036 step_s 0.0016 peak_mem_gb 0.216
2026-10-01 22:36:12,101 | DEBUG | step 3564 epoch 3 loss 0.1901 step_s 0.0016 peak_mem_gb 0.216
2026-10-01 22:36:12,103 | DEBUG | step 3565 epoch 3 loss 0.1908 step_s 0.0016 peak_mem_gb 0.216
2026-10-01 22:36:12,106 | DEBUG | step 3566 epoch 3 loss 0.3120 step_s 0.0018 peak_mem_gb 0.216
2026-10-01 22:36:12,108 | DEBUG | step 3567 epoch 3 loss 0.2881 step_s 0.0016 peak_mem_gb 0.216
2026-10-01 22:36:12,110 | DEBUG | step 3568 epoch 3 loss 0.1029 step_s 0.0016 peak_mem_gb 0.216
2026-10-01 22:36:12,112 | DEBUG | step 3569 epoch 3 loss 0.1086 step_s 0.0015 peak_mem_gb 0.216
2026-10-01 22:36:12,115 | DEBUG | step 3570 epoch 3 loss 0.1889 step_s 0.0015 peak_mem_gb 0.216
2026-10-01 22:36:12,117 | DEBUG | step 3571 epoch 3 loss 0.0510 step_s 0.0015 peak_mem_gb 0.216
2026-10-01 22:36:12,119 | DEBUG | step 3572 epoch 3 loss 0.2003 step_s 0.0015 peak_mem_gb 0.216
2026-10-01 22:36:12,121 | DEBUG | step 3573 epoch 3 loss 0.1989 step_s 0.0016 peak_mem_gb 0.216
2026-10-01 22:36:12,123 | DEBUG | step 3574 epoch 3 loss 0.2495 step_s 0.0016 peak_mem_gb 0.216
2026-10-01 22:36:12,126 | DEBUG | step 3575 epoch 3 loss 0.1061 step_s 0.0016 peak_mem_gb 0.216
2026-10-01 22:36:12,128 | DEBUG | step 3576 epoch 3 loss 0.2372 step_s 0.0016 peak_mem_gb 0.216
2026-10-01 22:36:12,130 | DEBUG | step 3577 epoch 3 loss 0.0776 step_s 0.0016 peak_mem_gb 0.216
2026-10-01 22:36:12,133 | DEBUG | step 3578 epoch 3 loss 0.2035 step_s 0.0016 peak_mem_gb 0.216
2026-10-01 22:36:12,135 | DEBUG | step 3579 epoch 3 loss 0.0611 step_s 0.0015 peak_mem_gb 0.216
2026-10-01 22:36:12,137 | DEBUG | step 3580 epoch 3 loss 0.1734 step_s 0.0017 peak_mem_gb 0.216
2026-10-01 22:36:12,140 | DEBUG | step 3581 epoch 3 loss 0.2805 step_s 0.0017 peak_mem_gb 0.216
2026-10-01 22:36:12,142 | DEBUG | step 3582 epoch 3 loss 0.2422 step_s 0.0015 peak_mem_gb 0.216
2026-10-01 22:36:12,144 | DEBUG | step 3583 epoch 3 loss 0.2189 step_s 0.0015 peak_mem_gb 0.216
2026-10-01 22:36:12,146 | DEBUG | step 3584 epoch 3 loss 0.0963 step_s 0.0016 peak_mem_gb 0.216
2026-10-01 22:36:12,149 | DEBUG | step 3585 epoch 3 loss 0.2356 step_s 0.0016 peak_mem_gb 0.216
2026-10-01 22:36:12,151 | DEBUG | step 3586 epoch 3 loss 0.1767 step_s 0.0015 peak_mem_gb 0.216
2026-10-01 22:36:12,153 | DEBUG | step 3587 epoch 3 loss 0.1101 step_s 0.0016 peak_mem_gb 0.216
2026-10-01 22:36:12,156 | DEBUG | step 3588 epoch 3 loss 0.1406 step_s 0.0016 peak_mem_gb 0.216
2026-10-01 22:36:12,158 | DEBUG | step 3589 epoch 3 loss 0.1374 step_s 0.0016 peak_mem_gb 0.216
2026-10-01 22:36:12,160 | DEBUG | step 3590 epoch 3 loss 0.1724 step_s 0.0015 peak_mem_gb 0.216
2026-10-01 22:36:12,162 | DEBUG | step 3591 epoch 3 loss 0.1461 step_s 0.0015 peak_mem_gb 0.216
2026-10-01 22:36:12,165 | DEBUG | step 3592 epoch 3 loss 0.0906 step_s 0.0016 peak_mem_gb 0.216
2026-10-01 22:36:12,167 | DEBUG | step 3593 epoch 3 loss 0.2462 step_s 0.0017 peak_mem_gb 0.216
2026-10-01 22:36:12,170 | DEBUG | step 3594 epoch 3 loss 0.1425 step_s 0.0017 peak_mem_gb 0.216
2026-10-01 22:36:12,172 | DEBUG | step 3595 epoch 3 loss 0.1483 step_s 0.0017 peak_mem_gb 0.216
2026-10-01 22:36:12,174 | DEBUG | step 3596 epoch 3 loss 0.1853 step_s 0.0016 peak_mem_gb 0.216
2026-10-01 22:36:12,177 | DEBUG | step 3597 epoch 3 loss 0.1208 step_s 0.0016 peak_mem_gb 0.216
2026-10-01 22:36:12,179 | DEBUG | step 3598 epoch 3 loss 0.0582 step_s 0.0016 peak_mem_gb 0.216
2026-10-01 22:36:12,181 | DEBUG | step 3599 epoch 3 loss 0.2164 step_s 0.0016 peak_mem_gb 0.216
2026-10-01 22:36:12,184 | INFO | step 3600 epoch 3 loss 0.0876 step_s 0.0016 peak_mem_gb 0.216
2026-10-01 22:36:12,187 | DEBUG | step 3601 epoch 3 loss 0.1013 step_s 0.0016 peak_mem_gb 0.216
2026-10-01 22:36:12,189 | DEBUG | step 3602 epoch 3 loss 0.1282 step_s 0.0017 peak_mem_gb 0.216
2026-10-01 22:36:12,192 | DEBUG | step 3603 epoch 3 loss 0.2542 step_s 0.0021 peak_mem_gb 0.216
2026-10-01 22:36:12,195 | DEBUG | step 3604 epoch 3 loss 0.1050 step_s 0.0018 peak_mem_gb 0.216
2026-10-01 22:36:12,197 | DEBUG | step 3605 epoch 3 loss 0.0691 step_s 0.0017 peak_mem_gb 0.216
2026-10-01 22:36:12,200 | DEBUG | step 3606 epoch 3 loss 0.1487 step_s 0.0016 peak_mem_gb 0.216
2026-10-01 22:36:12,202 | DEBUG | step 3607 epoch 3 loss 0.2205 step_s 0.0016 peak_mem_gb 0.216
2026-10-01 22:36:12,204 | DEBUG | step 3608 epoch 3 loss 0.2672 step_s 0.0016 peak_mem_gb 0.216
2026-10-01 22:36:12,207 | DEBUG | step 3609 epoch 3 loss 0.1309 step_s 0.0016 peak_mem_gb 0.216
2026-10-01 22:36:12,209 | DEBUG | step 3610 epoch 3 loss 0.0764 step_s 0.0016 peak_mem_gb 0.216
2026-10-01 22:36:12,211 | DEBUG | step 3611 epoch 3 loss 0.0741 step_s 0.0015 peak_mem_gb 0.216
2026-10-01 22:36:12,213 | DEBUG | step 3612 epoch 3 loss 0.1521 step_s 0.0016 peak_mem_gb 0.216
2026-10-01 22:36:12,216 | DEBUG | step 3613 epoch 3 loss 0.3025 step_s 0.0016 peak_mem_gb 0.216
2026-10-01 22:36:12,218 | DEBUG | step 3614 epoch 3 loss 0.1761 step_s 0.0016 peak_mem_gb 0.216
2026-10-01 22:36:12,220 | DEBUG | step 3615 epoch 3 loss 0.0680 step_s 0.0016 peak_mem_gb 0.216
2026-10-01 22:36:12,223 | DEBUG | step 3616 epoch 3 loss 0.1845 step_s 0.0016 peak_mem_gb 0.216
2026-10-01 22:36:12,225 | DEBUG | step 3617 epoch 3 loss 0.1706 step_s 0.0016 peak_mem_gb 0.216
2026-10-01 22:36:12,228 | DEBUG | step 3618 epoch 3 loss 0.0323 step_s 0.0016 peak_mem_gb 0.216
2026-10-01 22:36:12,230 | DEBUG | step 3619 epoch 3 loss 0.0496 step_s 0.0016 peak_mem_gb 0.216
2026-10-01 22:36:12,232 | DEBUG | step 3620 epoch 3 loss 0.1509 step_s 0.0016 peak_mem_gb 0.216
2026-10-01 22:36:12,234 | DEBUG | step 3621 epoch 3 loss 0.1306 step_s 0.0016 peak_mem_gb 0.216
2026-10-01 22:36:12,237 | DEBUG | step 3622 epoch 3 loss 0.0918 step_s 0.0016 peak_mem_gb 0.216
2026-10-01 22:36:12,239 | DEBUG | step 3623 epoch 3 loss 0.1052 step_s 0.0016 peak_mem_gb 0.216
2026-10-01 22:36:12,242 | DEBUG | step 3624 epoch 3 loss 0.2333 step_s 0.0019 peak_mem_gb 0.216
2026-10-01 22:36:12,245 | DEBUG | step 3625 epoch 3 loss 0.1386 step_s 0.0017 peak_mem_gb 0.216
2026-10-01 22:36:12,247 | DEBUG | step 3626 epoch 3 loss 0.2250 step_s 0.0016 peak_mem_gb 0.216
2026-10-01 22:36:12,250 | DEBUG | step 3627 epoch 3 loss 0.1221 step_s 0.0016 peak_mem_gb 0.216
2026-10-01 22:36:12,252 | DEBUG | step 3628 epoch 3 loss 0.1029 step_s 0.0016 peak_mem_gb 0.216
2026-10-01 22:36:12,254 | DEBUG | step 3629 epoch 3 loss 0.1603 step_s 0.0016 peak_mem_gb 0.216
2026-10-01 22:36:12,257 | DEBUG | step 3630 epoch 3 loss 0.2233 step_s 0.0017 peak_mem_gb 0.216
2026-10-01 22:36:12,259 | DEBUG | step 3631 epoch 3 loss 0.0987 step_s 0.0016 peak_mem_gb 0.216
2026-10-01 22:36:12,262 | DEBUG | step 3632 epoch 3 loss 0.1271 step_s 0.0016 peak_mem_gb 0.216
2026-10-01 22:36:12,264 | DEBUG | step 3633 epoch 3 loss 0.0969 step_s 0.0016 peak_mem_gb 0.216
2026-10-01 22:36:12,266 | DEBUG | step 3634 epoch 3 loss 0.1385 step_s 0.0016 peak_mem_gb 0.216
2026-10-01 22:36:12,268 | DEBUG | step 3635 epoch 3 loss 0.2215 step_s 0.0016 peak_mem_gb 0.216
2026-10-01 22:36:12,271 | DEBUG | step 3636 epoch 3 loss 0.3673 step_s 0.0015 peak_mem_gb 0.216
2026-10-01 22:36:12,273 | DEBUG | step 3637 epoch 3 loss 0.1188 step_s 0.0017 peak_mem_gb 0.216
2026-10-01 22:36:12,275 | DEBUG | step 3638 epoch 3 loss 0.1362 step_s 0.0015 peak_mem_gb 0.216
2026-10-01 22:36:12,278 | DEBUG | step 3639 epoch 3 loss 0.1831 step_s 0.0016 peak_mem_gb 0.216
2026-10-01 22:36:12,280 | DEBUG | step 3640 epoch 3 loss 0.2519 step_s 0.0015 peak_mem_gb 0.216
2026-10-01 22:36:12,282 | DEBUG | step 3641 epoch 3 loss 0.1445 step_s 0.0015 peak_mem_gb 0.216
2026-10-01 22:36:12,284 | DEBUG | step 3642 epoch 3 loss 0.1816 step_s 0.0016 peak_mem_gb 0.216
2026-10-01 22:36:12,287 | DEBUG | step 3643 epoch 3 loss 0.1503 step_s 0.0015 peak_mem_gb 0.216
2026-10-01 22:36:12,289 | DEBUG | step 3644 epoch 3 loss 0.1150 step_s 0.0017 peak_mem_gb 0.216
2026-10-01 22:36:12,291 | DEBUG | step 3645 epoch 3 loss 0.2067 step_s 0.0015 peak_mem_gb 0.216
2026-10-01 22:36:12,293 | DEBUG | step 3646 epoch 3 loss 0.0570 step_s 0.0016 peak_mem_gb 0.216
2026-10-01 22:36:12,296 | DEBUG | step 3647 epoch 3 loss 0.2194 step_s 0.0016 peak_mem_gb 0.216
2026-10-01 22:36:12,298 | DEBUG | step 3648 epoch 3 loss 0.1754 step_s 0.0016 peak_mem_gb 0.216
2026-10-01 22:36:12,300 | DEBUG | step 3649 epoch 3 loss 0.1495 step_s 0.0015 peak_mem_gb 0.216
2026-10-01 22:36:12,302 | DEBUG | step 3650 epoch 3 loss 0.2725 step_s 0.0016 peak_mem_gb 0.216
2026-10-01 22:36:12,305 | DEBUG | step 3651 epoch 3 loss 0.0682 step_s 0.0017 peak_mem_gb 0.216
2026-10-01 22:36:12,307 | DEBUG | step 3652 epoch 3 loss 0.1586 step_s 0.0015 peak_mem_gb 0.216
2026-10-01 22:36:12,309 | DEBUG | step 3653 epoch 3 loss 0.1153 step_s 0.0016 peak_mem_gb 0.216
2026-10-01 22:36:12,312 | DEBUG | step 3654 epoch 3 loss 0.1452 step_s 0.0016 peak_mem_gb 0.216
2026-10-01 22:36:12,314 | DEBUG | step 3655 epoch 3 loss 0.1427 step_s 0.0016 peak_mem_gb 0.216
2026-10-01 22:36:12,316 | DEBUG | step 3656 epoch 3 loss 0.1345 step_s 0.0016 peak_mem_gb 0.216
2026-10-01 22:36:12,319 | DEBUG | step 3657 epoch 3 loss 0.1415 step_s 0.0016 peak_mem_gb 0.216
2026-10-01 22:36:12,321 | DEBUG | step 3658 epoch 3 loss 0.1260 step_s 0.0016 peak_mem_gb 0.216
2026-10-01 22:36:12,323 | DEBUG | step 3659 epoch 3 loss 0.1320 step_s 0.0016 peak_mem_gb 0.216
2026-10-01 22:36:12,325 | DEBUG | step 3660 epoch 3 loss 0.0837 step_s 0.0016 peak_mem_gb 0.216
2026-10-01 22:36:12,328 | DEBUG | step 3661 epoch 3 loss 0.2476 step_s 0.0016 peak_mem_gb 0.216
2026-10-01 22:36:12,330 | DEBUG | step 3662 epoch 3 loss 0.1206 step_s 0.0015 peak_mem_gb 0.216
2026-10-01 22:36:12,332 | DEBUG | step 3663 epoch 3 loss 0.1321 step_s 0.0018 peak_mem_gb 0.216
2026-10-01 22:36:12,335 | DEBUG | step 3664 epoch 3 loss 0.1636 step_s 0.0016 peak_mem_gb 0.216
2026-10-01 22:36:12,337 | DEBUG | step 3665 epoch 3 loss 0.2272 step_s 0.0017 peak_mem_gb 0.216
2026-10-01 22:36:12,339 | DEBUG | step 3666 epoch 3 loss 0.2938 step_s 0.0016 peak_mem_gb 0.216
2026-10-01 22:36:12,341 | DEBUG | step 3667 epoch 3 loss 0.1176 step_s 0.0016 peak_mem_gb 0.216
2026-10-01 22:36:12,344 | DEBUG | step 3668 epoch 3 loss 0.1037 step_s 0.0015 peak_mem_gb 0.216
2026-10-01 22:36:12,346 | DEBUG | step 3669 epoch 3 loss 0.1225 step_s 0.0015 peak_mem_gb 0.216
2026-10-01 22:36:12,348 | DEBUG | step 3670 epoch 3 loss 0.2219 step_s 0.0016 peak_mem_gb 0.216
2026-10-01 22:36:12,350 | DEBUG | step 3671 epoch 3 loss 0.1367 step_s 0.0016 peak_mem_gb 0.216
2026-10-01 22:36:12,353 | DEBUG | step 3672 epoch 3 loss 0.1991 step_s 0.0017 peak_mem_gb 0.216
2026-10-01 22:36:12,355 | DEBUG | step 3673 epoch 3 loss 0.1121 step_s 0.0015 peak_mem_gb 0.216
2026-10-01 22:36:12,357 | DEBUG | step 3674 epoch 3 loss 0.1556 step_s 0.0016 peak_mem_gb 0.216
2026-10-01 22:36:12,359 | DEBUG | step 3675 epoch 3 loss 0.1614 step_s 0.0015 peak_mem_gb 0.216
2026-10-01 22:36:12,362 | DEBUG | step 3676 epoch 3 loss 0.1697 step_s 0.0016 peak_mem_gb 0.216
2026-10-01 22:36:12,364 | DEBUG | step 3677 epoch 3 loss 0.1198 step_s 0.0016 peak_mem_gb 0.216
2026-10-01 22:36:12,366 | DEBUG | step 3678 epoch 3 loss 0.1329 step_s 0.0015 peak_mem_gb 0.216
2026-10-01 22:36:12,369 | DEBUG | step 3679 epoch 3 loss 0.1927 step_s 0.0017 peak_mem_gb 0.216
2026-10-01 22:36:12,371 | DEBUG | step 3680 epoch 3 loss 0.1139 step_s 0.0015 peak_mem_gb 0.216
2026-10-01 22:36:12,373 | DEBUG | step 3681 epoch 3 loss 0.1164 step_s 0.0016 peak_mem_gb 0.216
2026-10-01 22:36:12,375 | DEBUG | step 3682 epoch 3 loss 0.1096 step_s 0.0016 peak_mem_gb 0.216
2026-10-01 22:36:12,378 | DEBUG | step 3683 epoch 3 loss 0.3742 step_s 0.0016 peak_mem_gb 0.216
2026-10-01 22:36:12,380 | DEBUG | step 3684 epoch 3 loss 0.1952 step_s 0.0016 peak_mem_gb 0.216
2026-10-01 22:36:12,382 | DEBUG | step 3685 epoch 3 loss 0.0832 step_s 0.0015 peak_mem_gb 0.216
2026-10-01 22:36:12,385 | DEBUG | step 3686 epoch 3 loss 0.0960 step_s 0.0016 peak_mem_gb 0.216
2026-10-01 22:36:12,387 | DEBUG | step 3687 epoch 3 loss 0.2051 step_s 0.0017 peak_mem_gb 0.216
2026-10-01 22:36:12,389 | DEBUG | step 3688 epoch 3 loss 0.0823 step_s 0.0016 peak_mem_gb 0.216
2026-10-01 22:36:12,392 | DEBUG | step 3689 epoch 3 loss 0.1231 step_s 0.0015 peak_mem_gb 0.216
2026-10-01 22:36:12,394 | DEBUG | step 3690 epoch 3 loss 0.1483 step_s 0.0015 peak_mem_gb 0.216
2026-10-01 22:36:12,396 | DEBUG | step 3691 epoch 3 loss 0.1443 step_s 0.0015 peak_mem_gb 0.216
2026-10-01 22:36:12,398 | DEBUG | step 3692 epoch 3 loss 0.1700 step_s 0.0016 peak_mem_gb 0.216
2026-10-01 22:36:12,401 | DEBUG | step 3693 epoch 3 loss 0.1622 step_s 0.0016 peak_mem_gb 0.216
2026-10-01 22:36:12,403 | DEBUG | step 3694 epoch 3 loss 0.2061 step_s 0.0015 peak_mem_gb 0.216
2026-10-01 22:36:12,405 | DEBUG | step 3695 epoch 3 loss 0.1775 step_s 0.0016 peak_mem_gb 0.216
2026-10-01 22:36:12,407 | DEBUG | step 3696 epoch 3 loss 0.1029 step_s 0.0015 peak_mem_gb 0.216
2026-10-01 22:36:12,410 | DEBUG | step 3697 epoch 3 loss 0.2294 step_s 0.0016 peak_mem_gb 0.216
2026-10-01 22:36:12,412 | DEBUG | step 3698 epoch 3 loss 0.1829 step_s 0.0016 peak_mem_gb 0.216
2026-10-01 22:36:12,414 | DEBUG | step 3699 epoch 3 loss 0.1992 step_s 0.0016 peak_mem_gb 0.216
2026-10-01 22:36:12,417 | DEBUG | step 3700 epoch 3 loss 0.1161 step_s 0.0016 peak_mem_gb 0.216
2026-10-01 22:36:12,419 | DEBUG | step 3701 epoch 3 loss 0.1080 step_s 0.0016 peak_mem_gb 0.216
2026-10-01 22:36:12,421 | DEBUG | step 3702 epoch 3 loss 0.2270 step_s 0.0016 peak_mem_gb 0.216
2026-10-01 22:36:12,423 | DEBUG | step 3703 epoch 3 loss 0.1218 step_s 0.0015 peak_mem_gb 0.216
2026-10-01 22:36:12,426 | DEBUG | step 3704 epoch 3 loss 0.0987 step_s 0.0016 peak_mem_gb 0.216
2026-10-01 22:36:12,428 | DEBUG | step 3705 epoch 3 loss 0.1521 step_s 0.0016 peak_mem_gb 0.216
2026-10-01 22:36:12,430 | DEBUG | step 3706 epoch 3 loss 0.2437 step_s 0.0016 peak_mem_gb 0.216
2026-10-01 22:36:12,432 | DEBUG | step 3707 epoch 3 loss 0.1489 step_s 0.0016 peak_mem_gb 0.216
2026-10-01 22:36:12,435 | DEBUG | step 3708 epoch 3 loss 0.2454 step_s 0.0015 peak_mem_gb 0.216
2026-10-01 22:36:12,437 | DEBUG | step 3709 epoch 3 loss 0.1405 step_s 0.0015 peak_mem_gb 0.216
2026-10-01 22:36:12,439 | DEBUG | step 3710 epoch 3 loss 0.0455 step_s 0.0015 peak_mem_gb 0.216
2026-10-01 22:36:12,441 | DEBUG | step 3711 epoch 3 loss 0.2076 step_s 0.0016 peak_mem_gb 0.216
2026-10-01 22:36:12,444 | DEBUG | step 3712 epoch 3 loss 0.1277 step_s 0.0015 peak_mem_gb 0.216
2026-10-01 22:36:12,446 | DEBUG | step 3713 epoch 3 loss 0.1729 step_s 0.0016 peak_mem_gb 0.216
2026-10-01 22:36:12,448 | DEBUG | step 3714 epoch 3 loss 0.2112 step_s 0.0016 peak_mem_gb 0.216
2026-10-01 22:36:12,451 | DEBUG | step 3715 epoch 3 loss 0.1816 step_s 0.0016 peak_mem_gb 0.216
2026-10-01 22:36:12,453 | DEBUG | step 3716 epoch 3 loss 0.3429 step_s 0.0016 peak_mem_gb 0.216
2026-10-01 22:36:12,455 | DEBUG | step 3717 epoch 3 loss 0.1042 step_s 0.0015 peak_mem_gb 0.216
2026-10-01 22:36:12,458 | DEBUG | step 3718 epoch 3 loss 0.1446 step_s 0.0016 peak_mem_gb 0.216
2026-10-01 22:36:12,460 | DEBUG | step 3719 epoch 3 loss 0.0538 step_s 0.0016 peak_mem_gb 0.216
2026-10-01 22:36:12,462 | DEBUG | step 3720 epoch 3 loss 0.1679 step_s 0.0016 peak_mem_gb 0.216
2026-10-01 22:36:12,464 | DEBUG | step 3721 epoch 3 loss 0.1621 step_s 0.0016 peak_mem_gb 0.216
2026-10-01 22:36:12,466 | DEBUG | step 3722 epoch 3 loss 0.1198 step_s 0.0015 peak_mem_gb 0.216
2026-10-01 22:36:12,469 | DEBUG | step 3723 epoch 3 loss 0.1973 step_s 0.0016 peak_mem_gb 0.216
2026-10-01 22:36:12,471 | DEBUG | step 3724 epoch 3 loss 0.1621 step_s 0.0016 peak_mem_gb 0.216
2026-10-01 22:36:12,473 | DEBUG | step 3725 epoch 3 loss 0.1586 step_s 0.0016 peak_mem_gb 0.216
2026-10-01 22:36:12,475 | DEBUG | step 3726 epoch 3 loss 0.2596 step_s 0.0015 peak_mem_gb 0.216
2026-10-01 22:36:12,478 | DEBUG | step 3727 epoch 3 loss 0.1085 step_s 0.0017 peak_mem_gb 0.216
2026-10-01 22:36:12,480 | DEBUG | step 3728 epoch 3 loss 0.1781 step_s 0.0015 peak_mem_gb 0.216
2026-10-01 22:36:12,482 | DEBUG | step 3729 epoch 3 loss 0.1995 step_s 0.0016 peak_mem_gb 0.216
2026-10-01 22:36:12,485 | DEBUG | step 3730 epoch 3 loss 0.2496 step_s 0.0016 peak_mem_gb 0.216
2026-10-01 22:36:12,487 | DEBUG | step 3731 epoch 3 loss 0.1187 step_s 0.0016 peak_mem_gb 0.216
2026-10-01 22:36:12,489 | DEBUG | step 3732 epoch 3 loss 0.0572 step_s 0.0016 peak_mem_gb 0.216
2026-10-01 22:36:12,491 | DEBUG | step 3733 epoch 3 loss 0.1474 step_s 0.0016 peak_mem_gb 0.216
2026-10-01 22:36:12,494 | DEBUG | step 3734 epoch 3 loss 0.1405 step_s 0.0016 peak_mem_gb 0.216
2026-10-01 22:36:12,496 | DEBUG | step 3735 epoch 3 loss 0.1238 step_s 0.0015 peak_mem_gb 0.216
2026-10-01 22:36:12,498 | DEBUG | step 3736 epoch 3 loss 0.1949 step_s 0.0016 peak_mem_gb 0.216
2026-10-01 22:36:12,501 | DEBUG | step 3737 epoch 3 loss 0.1450 step_s 0.0017 peak_mem_gb 0.216
2026-10-01 22:36:12,506 | DEBUG | step 3738 epoch 3 loss 0.1718 step_s 0.0016 peak_mem_gb 0.216
2026-10-01 22:36:12,508 | DEBUG | step 3739 epoch 3 loss 0.1027 step_s 0.0015 peak_mem_gb 0.216
2026-10-01 22:36:12,510 | DEBUG | step 3740 epoch 3 loss 0.1529 step_s 0.0016 peak_mem_gb 0.216
2026-10-01 22:36:12,512 | DEBUG | step 3741 epoch 3 loss 0.1331 step_s 0.0016 peak_mem_gb 0.216
2026-10-01 22:36:12,515 | DEBUG | step 3742 epoch 3 loss 0.3643 step_s 0.0016 peak_mem_gb 0.216
2026-10-01 22:36:12,517 | DEBUG | step 3743 epoch 3 loss 0.1780 step_s 0.0016 peak_mem_gb 0.216
2026-10-01 22:36:12,519 | DEBUG | step 3744 epoch 3 loss 0.2336 step_s 0.0016 peak_mem_gb 0.216
2026-10-01 22:36:12,522 | DEBUG | step 3745 epoch 3 loss 0.1261 step_s 0.0016 peak_mem_gb 0.216
2026-10-01 22:36:12,524 | DEBUG | step 3746 epoch 3 loss 0.1313 step_s 0.0016 peak_mem_gb 0.216
2026-10-01 22:36:12,528 | DEBUG | step 3747 epoch 3 loss 0.0952 step_s 0.0016 peak_mem_gb 0.216
2026-10-01 22:36:12,530 | DEBUG | step 3748 epoch 3 loss 0.1726 step_s 0.0015 peak_mem_gb 0.216
2026-10-01 22:36:12,532 | DEBUG | step 3749 epoch 3 loss 0.1233 step_s 0.0016 peak_mem_gb 0.216
2026-10-01 22:36:12,535 | DEBUG | step 3750 epoch 3 loss 0.1239 step_s 0.0016 peak_mem_gb 0.216
2026-10-01 22:36:12,537 | DEBUG | step 3751 epoch 3 loss 0.1770 step_s 0.0016 peak_mem_gb 0.216
2026-10-01 22:36:12,539 | DEBUG | step 3752 epoch 3 loss 0.1752 step_s 0.0015 peak_mem_gb 0.216
2026-10-01 22:36:12,542 | DEBUG | step 3753 epoch 3 loss 0.1771 step_s 0.0018 peak_mem_gb 0.216
2026-10-01 22:36:12,544 | DEBUG | step 3754 epoch 3 loss 0.2241 step_s 0.0016 peak_mem_gb 0.216
2026-10-01 22:36:12,546 | DEBUG | step 3755 epoch 3 loss 0.1378 step_s 0.0016 peak_mem_gb 0.216
2026-10-01 22:36:12,549 | DEBUG | step 3756 epoch 3 loss 0.0947 step_s 0.0016 peak_mem_gb 0.216
2026-10-01 22:36:12,551 | DEBUG | step 3757 epoch 3 loss 0.3157 step_s 0.0017 peak_mem_gb 0.216
2026-10-01 22:36:12,554 | DEBUG | step 3758 epoch 3 loss 0.1369 step_s 0.0017 peak_mem_gb 0.216
2026-10-01 22:36:12,556 | DEBUG | step 3759 epoch 3 loss 0.0875 step_s 0.0016 peak_mem_gb 0.216
2026-10-01 22:36:12,559 | DEBUG | step 3760 epoch 3 loss 0.2086 step_s 0.0016 peak_mem_gb 0.216
2026-10-01 22:36:12,562 | DEBUG | step 3761 epoch 3 loss 0.1826 step_s 0.0016 peak_mem_gb 0.216
2026-10-01 22:36:12,564 | DEBUG | step 3762 epoch 3 loss 0.1634 step_s 0.0016 peak_mem_gb 0.216
2026-10-01 22:36:12,566 | DEBUG | step 3763 epoch 3 loss 0.1072 step_s 0.0015 peak_mem_gb 0.216
2026-10-01 22:36:12,568 | DEBUG | step 3764 epoch 3 loss 0.0977 step_s 0.0016 peak_mem_gb 0.216
2026-10-01 22:36:12,571 | DEBUG | step 3765 epoch 3 loss 0.2144 step_s 0.0015 peak_mem_gb 0.216
2026-10-01 22:36:12,573 | DEBUG | step 3766 epoch 3 loss 0.1454 step_s 0.0016 peak_mem_gb 0.216
2026-10-01 22:36:12,575 | DEBUG | step 3767 epoch 3 loss 0.1366 step_s 0.0016 peak_mem_gb 0.216
2026-10-01 22:36:12,578 | DEBUG | step 3768 epoch 3 loss 0.1771 step_s 0.0016 peak_mem_gb 0.216
2026-10-01 22:36:12,580 | DEBUG | step 3769 epoch 3 loss 0.1838 step_s 0.0016 peak_mem_gb 0.216
2026-10-01 22:36:12,582 | DEBUG | step 3770 epoch 3 loss 0.1532 step_s 0.0016 peak_mem_gb 0.216
2026-10-01 22:36:12,584 | DEBUG | step 3771 epoch 3 loss 0.1431 step_s 0.0016 peak_mem_gb 0.216
2026-10-01 22:36:12,587 | DEBUG | step 3772 epoch 3 loss 0.1450 step_s 0.0016 peak_mem_gb 0.216
2026-10-01 22:36:12,589 | DEBUG | step 3773 epoch 3 loss 0.1450 step_s 0.0016 peak_mem_gb 0.216
2026-10-01 22:36:12,591 | DEBUG | step 3774 epoch 3 loss 0.0695 step_s 0.0015 peak_mem_gb 0.216
2026-10-01 22:36:12,593 | DEBUG | step 3775 epoch 3 loss 0.1790 step_s 0.0016 peak_mem_gb 0.216
2026-10-01 22:36:12,596 | DEBUG | step 3776 epoch 3 loss 0.2219 step_s 0.0016 peak_mem_gb 0.216
2026-10-01 22:36:12,598 | DEBUG | step 3777 epoch 3 loss 0.1748 step_s 0.0015 peak_mem_gb 0.216
2026-10-01 22:36:12,600 | DEBUG | step 3778 epoch 3 loss 0.1789 step_s 0.0015 peak_mem_gb 0.216
2026-10-01 22:36:12,602 | DEBUG | step 3779 epoch 3 loss 0.1028 step_s 0.0015 peak_mem_gb 0.216
2026-10-01 22:36:12,605 | DEBUG | step 3780 epoch 3 loss 0.1853 step_s 0.0017 peak_mem_gb 0.216
2026-10-01 22:36:12,607 | DEBUG | step 3781 epoch 3 loss 0.1762 step_s 0.0015 peak_mem_gb 0.216
2026-10-01 22:36:12,609 | DEBUG | step 3782 epoch 3 loss 0.1669 step_s 0.0015 peak_mem_gb 0.216
2026-10-01 22:36:12,612 | DEBUG | step 3783 epoch 3 loss 0.1359 step_s 0.0015 peak_mem_gb 0.216
2026-10-01 22:36:12,614 | DEBUG | step 3784 epoch 3 loss 0.0476 step_s 0.0015 peak_mem_gb 0.216
2026-10-01 22:36:12,616 | DEBUG | step 3785 epoch 3 loss 0.2654 step_s 0.0016 peak_mem_gb 0.216
2026-10-01 22:36:12,618 | DEBUG | step 3786 epoch 3 loss 0.0408 step_s 0.0015 peak_mem_gb 0.216
2026-10-01 22:36:12,621 | DEBUG | step 3787 epoch 3 loss 0.2164 step_s 0.0017 peak_mem_gb 0.216
2026-10-01 22:36:12,623 | DEBUG | step 3788 epoch 3 loss 0.2747 step_s 0.0015 peak_mem_gb 0.216
2026-10-01 22:36:12,625 | DEBUG | step 3789 epoch 3 loss 0.1249 step_s 0.0016 peak_mem_gb 0.216
2026-10-01 22:36:12,627 | DEBUG | step 3790 epoch 3 loss 0.2566 step_s 0.0015 peak_mem_gb 0.216
2026-10-01 22:36:12,630 | DEBUG | step 3791 epoch 3 loss 0.2457 step_s 0.0016 peak_mem_gb 0.216
2026-10-01 22:36:12,632 | DEBUG | step 3792 epoch 3 loss 0.1902 step_s 0.0015 peak_mem_gb 0.216
2026-10-01 22:36:12,634 | DEBUG | step 3793 epoch 3 loss 0.0849 step_s 0.0016 peak_mem_gb 0.216
2026-10-01 22:36:12,636 | DEBUG | step 3794 epoch 3 loss 0.1196 step_s 0.0016 peak_mem_gb 0.216
2026-10-01 22:36:12,639 | DEBUG | step 3795 epoch 3 loss 0.1259 step_s 0.0016 peak_mem_gb 0.216
2026-10-01 22:36:12,641 | DEBUG | step 3796 epoch 3 loss 0.1398 step_s 0.0016 peak_mem_gb 0.216
2026-10-01 22:36:12,643 | DEBUG | step 3797 epoch 3 loss 0.2629 step_s 0.0015 peak_mem_gb 0.216
2026-10-01 22:36:12,646 | DEBUG | step 3798 epoch 3 loss 0.1370 step_s 0.0016 peak_mem_gb 0.216
2026-10-01 22:36:12,648 | DEBUG | step 3799 epoch 3 loss 0.1523 step_s 0.0015 peak_mem_gb 0.216
2026-10-01 22:36:12,650 | INFO | step 3800 epoch 3 loss 0.0619 step_s 0.0016 peak_mem_gb 0.216
2026-10-01 22:36:12,653 | DEBUG | step 3801 epoch 3 loss 0.2663 step_s 0.0019 peak_mem_gb 0.216
2026-10-01 22:36:12,656 | DEBUG | step 3802 epoch 3 loss 0.1748 step_s 0.0018 peak_mem_gb 0.216
2026-10-01 22:36:12,659 | DEBUG | step 3803 epoch 3 loss 0.1181 step_s 0.0017 peak_mem_gb 0.216
2026-10-01 22:36:12,662 | DEBUG | step 3804 epoch 3 loss 0.0832 step_s 0.0029 peak_mem_gb 0.216
2026-10-01 22:36:12,665 | DEBUG | step 3805 epoch 3 loss 0.0771 step_s 0.0018 peak_mem_gb 0.216
2026-10-01 22:36:12,667 | DEBUG | step 3806 epoch 3 loss 0.0802 step_s 0.0017 peak_mem_gb 0.216
2026-10-01 22:36:12,670 | DEBUG | step 3807 epoch 3 loss 0.2257 step_s 0.0017 peak_mem_gb 0.216
2026-10-01 22:36:12,672 | DEBUG | step 3808 epoch 3 loss 0.0967 step_s 0.0016 peak_mem_gb 0.216
2026-10-01 22:36:12,675 | DEBUG | step 3809 epoch 3 loss 0.0702 step_s 0.0022 peak_mem_gb 0.216
2026-10-01 22:36:12,678 | DEBUG | step 3810 epoch 3 loss 0.0779 step_s 0.0018 peak_mem_gb 0.216
2026-10-01 22:36:12,680 | DEBUG | step 3811 epoch 3 loss 0.2019 step_s 0.0016 peak_mem_gb 0.216
2026-10-01 22:36:12,683 | DEBUG | step 3812 epoch 3 loss 0.0577 step_s 0.0016 peak_mem_gb 0.216
2026-10-01 22:36:12,685 | DEBUG | step 3813 epoch 3 loss 0.1491 step_s 0.0016 peak_mem_gb 0.216
2026-10-01 22:36:12,687 | DEBUG | step 3814 epoch 3 loss 0.0538 step_s 0.0016 peak_mem_gb 0.216
2026-10-01 22:36:12,692 | DEBUG | step 3815 epoch 3 loss 0.1927 step_s 0.0043 peak_mem_gb 0.216
2026-10-01 22:36:12,695 | DEBUG | step 3816 epoch 3 loss 0.0922 step_s 0.0016 peak_mem_gb 0.216
2026-10-01 22:36:12,697 | DEBUG | step 3817 epoch 3 loss 0.1159 step_s 0.0016 peak_mem_gb 0.216
2026-10-01 22:36:12,700 | DEBUG | step 3818 epoch 3 loss 0.1914 step_s 0.0016 peak_mem_gb 0.216
2026-10-01 22:36:12,702 | DEBUG | step 3819 epoch 3 loss 0.2695 step_s 0.0016 peak_mem_gb 0.216
2026-10-01 22:36:12,704 | DEBUG | step 3820 epoch 3 loss 0.1591 step_s 0.0016 peak_mem_gb 0.216
2026-10-01 22:36:12,707 | DEBUG | step 3821 epoch 3 loss 0.1593 step_s 0.0016 peak_mem_gb 0.216
2026-10-01 22:36:12,709 | DEBUG | step 3822 epoch 3 loss 0.0850 step_s 0.0016 peak_mem_gb 0.216
2026-10-01 22:36:12,711 | DEBUG | step 3823 epoch 3 loss 0.1690 step_s 0.0016 peak_mem_gb 0.216
2026-10-01 22:36:12,713 | DEBUG | step 3824 epoch 3 loss 0.1326 step_s 0.0016 peak_mem_gb 0.216
2026-10-01 22:36:12,716 | DEBUG | step 3825 epoch 3 loss 0.1046 step_s 0.0016 peak_mem_gb 0.216
2026-10-01 22:36:12,718 | DEBUG | step 3826 epoch 3 loss 0.1343 step_s 0.0016 peak_mem_gb 0.216
2026-10-01 22:36:12,720 | DEBUG | step 3827 epoch 3 loss 0.2188 step_s 0.0016 peak_mem_gb 0.216
2026-10-01 22:36:12,723 | DEBUG | step 3828 epoch 3 loss 0.1459 step_s 0.0016 peak_mem_gb 0.216
2026-10-01 22:36:12,725 | DEBUG | step 3829 epoch 3 loss 0.1234 step_s 0.0017 peak_mem_gb 0.216
2026-10-01 22:36:12,727 | DEBUG | step 3830 epoch 3 loss 0.0659 step_s 0.0015 peak_mem_gb 0.216
2026-10-01 22:36:12,729 | DEBUG | step 3831 epoch 3 loss 0.1510 step_s 0.0016 peak_mem_gb 0.216
2026-10-01 22:36:12,732 | DEBUG | step 3832 epoch 3 loss 0.1904 step_s 0.0015 peak_mem_gb 0.216
2026-10-01 22:36:12,734 | DEBUG | step 3833 epoch 3 loss 0.1480 step_s 0.0016 peak_mem_gb 0.216
2026-10-01 22:36:12,736 | DEBUG | step 3834 epoch 3 loss 0.1435 step_s 0.0015 peak_mem_gb 0.216
2026-10-01 22:36:12,738 | DEBUG | step 3835 epoch 3 loss 0.2054 step_s 0.0016 peak_mem_gb 0.216
2026-10-01 22:36:12,741 | DEBUG | step 3836 epoch 3 loss 0.1192 step_s 0.0017 peak_mem_gb 0.216
2026-10-01 22:36:12,743 | DEBUG | step 3837 epoch 3 loss 0.0832 step_s 0.0016 peak_mem_gb 0.216
2026-10-01 22:36:12,745 | DEBUG | step 3838 epoch 3 loss 0.1916 step_s 0.0016 peak_mem_gb 0.216
2026-10-01 22:36:12,748 | DEBUG | step 3839 epoch 3 loss 0.1492 step_s 0.0016 peak_mem_gb 0.216
2026-10-01 22:36:12,750 | DEBUG | step 3840 epoch 3 loss 0.1779 step_s 0.0016 peak_mem_gb 0.216
2026-10-01 22:36:12,752 | DEBUG | step 3841 epoch 3 loss 0.1637 step_s 0.0015 peak_mem_gb 0.216
2026-10-01 22:36:12,754 | DEBUG | step 3842 epoch 3 loss 0.3076 step_s 0.0016 peak_mem_gb 0.216
2026-10-01 22:36:12,757 | DEBUG | step 3843 epoch 3 loss 0.1836 step_s 0.0017 peak_mem_gb 0.216
2026-10-01 22:36:12,759 | DEBUG | step 3844 epoch 3 loss 0.2070 step_s 0.0015 peak_mem_gb 0.216
2026-10-01 22:36:12,761 | DEBUG | step 3845 epoch 3 loss 0.1565 step_s 0.0016 peak_mem_gb 0.216
2026-10-01 22:36:12,764 | DEBUG | step 3846 epoch 3 loss 0.1050 step_s 0.0016 peak_mem_gb 0.216
2026-10-01 22:36:12,766 | DEBUG | step 3847 epoch 3 loss 0.1172 step_s 0.0016 peak_mem_gb 0.216
2026-10-01 22:36:12,768 | DEBUG | step 3848 epoch 3 loss 0.2035 step_s 0.0016 peak_mem_gb 0.216
2026-10-01 22:36:12,770 | DEBUG | step 3849 epoch 3 loss 0.1125 step_s 0.0016 peak_mem_gb 0.216
2026-10-01 22:36:12,773 | DEBUG | step 3850 epoch 3 loss 0.1106 step_s 0.0021 peak_mem_gb 0.216
2026-10-01 22:36:12,775 | DEBUG | step 3851 epoch 3 loss 0.2200 step_s 0.0016 peak_mem_gb 0.216
2026-10-01 22:36:12,778 | DEBUG | step 3852 epoch 3 loss 0.1691 step_s 0.0016 peak_mem_gb 0.216
2026-10-01 22:36:12,780 | DEBUG | step 3853 epoch 3 loss 0.1950 step_s 0.0016 peak_mem_gb 0.216
2026-10-01 22:36:12,782 | DEBUG | step 3854 epoch 3 loss 0.1743 step_s 0.0016 peak_mem_gb 0.216
2026-10-01 22:36:12,785 | DEBUG | step 3855 epoch 3 loss 0.1284 step_s 0.0016 peak_mem_gb 0.216
2026-10-01 22:36:12,787 | DEBUG | step 3856 epoch 3 loss 0.1146 step_s 0.0016 peak_mem_gb 0.216
2026-10-01 22:36:12,789 | DEBUG | step 3857 epoch 3 loss 0.3363 step_s 0.0017 peak_mem_gb 0.216
2026-10-01 22:36:12,792 | DEBUG | step 3858 epoch 3 loss 0.1857 step_s 0.0016 peak_mem_gb 0.216
2026-10-01 22:36:12,794 | DEBUG | step 3859 epoch 3 loss 0.1933 step_s 0.0016 peak_mem_gb 0.216
2026-10-01 22:36:12,796 | DEBUG | step 3860 epoch 3 loss 0.0393 step_s 0.0015 peak_mem_gb 0.216
2026-10-01 22:36:12,799 | DEBUG | step 3861 epoch 3 loss 0.1804 step_s 0.0017 peak_mem_gb 0.216
2026-10-01 22:36:12,801 | DEBUG | step 3862 epoch 3 loss 0.1817 step_s 0.0016 peak_mem_gb 0.216
2026-10-01 22:36:12,803 | DEBUG | step 3863 epoch 3 loss 0.1417 step_s 0.0015 peak_mem_gb 0.216
2026-10-01 22:36:12,805 | DEBUG | step 3864 epoch 3 loss 0.1026 step_s 0.0016 peak_mem_gb 0.216
2026-10-01 22:36:12,808 | DEBUG | step 3865 epoch 3 loss 0.1233 step_s 0.0015 peak_mem_gb 0.216
2026-10-01 22:36:12,810 | DEBUG | step 3866 epoch 3 loss 0.1763 step_s 0.0015 peak_mem_gb 0.216
2026-10-01 22:36:12,812 | DEBUG | step 3867 epoch 3 loss 0.2005 step_s 0.0016 peak_mem_gb 0.216
2026-10-01 22:36:12,814 | DEBUG | step 3868 epoch 3 loss 0.0833 step_s 0.0015 peak_mem_gb 0.216
2026-10-01 22:36:12,817 | DEBUG | step 3869 epoch 3 loss 0.3113 step_s 0.0016 peak_mem_gb 0.216
2026-10-01 22:36:12,819 | DEBUG | step 3870 epoch 3 loss 0.1962 step_s 0.0016 peak_mem_gb 0.216
2026-10-01 22:36:12,821 | DEBUG | step 3871 epoch 3 loss 0.2409 step_s 0.0016 peak_mem_gb 0.216
2026-10-01 22:36:12,823 | DEBUG | step 3872 epoch 3 loss 0.1122 step_s 0.0016 peak_mem_gb 0.216
2026-10-01 22:36:12,826 | DEBUG | step 3873 epoch 3 loss 0.1132 step_s 0.0016 peak_mem_gb 0.216
2026-10-01 22:36:12,828 | DEBUG | step 3874 epoch 3 loss 0.3092 step_s 0.0015 peak_mem_gb 0.216
2026-10-01 22:36:12,830 | DEBUG | step 3875 epoch 3 loss 0.1857 step_s 0.0016 peak_mem_gb 0.216
2026-10-01 22:36:12,832 | DEBUG | step 3876 epoch 3 loss 0.1044 step_s 0.0016 peak_mem_gb 0.216
2026-10-01 22:36:12,835 | DEBUG | step 3877 epoch 3 loss 0.1639 step_s 0.0016 peak_mem_gb 0.216
2026-10-01 22:36:12,837 | DEBUG | step 3878 epoch 3 loss 0.1232 step_s 0.0016 peak_mem_gb 0.216
2026-10-01 22:36:12,839 | DEBUG | step 3879 epoch 3 loss 0.1127 step_s 0.0016 peak_mem_gb 0.216
2026-10-01 22:36:12,842 | DEBUG | step 3880 epoch 3 loss 0.2302 step_s 0.0016 peak_mem_gb 0.216
2026-10-01 22:36:12,844 | DEBUG | step 3881 epoch 3 loss 0.1810 step_s 0.0015 peak_mem_gb 0.216
2026-10-01 22:36:12,846 | DEBUG | step 3882 epoch 3 loss 0.1600 step_s 0.0015 peak_mem_gb 0.216
2026-10-01 22:36:12,848 | DEBUG | step 3883 epoch 3 loss 0.1592 step_s 0.0015 peak_mem_gb 0.216
2026-10-01 22:36:12,851 | DEBUG | step 3884 epoch 3 loss 0.1542 step_s 0.0016 peak_mem_gb 0.216
2026-10-01 22:36:12,853 | DEBUG | step 3885 epoch 3 loss 0.2506 step_s 0.0017 peak_mem_gb 0.216
2026-10-01 22:36:12,855 | DEBUG | step 3886 epoch 3 loss 0.2029 step_s 0.0015 peak_mem_gb 0.216
2026-10-01 22:36:12,857 | DEBUG | step 3887 epoch 3 loss 0.2596 step_s 0.0016 peak_mem_gb 0.216
2026-10-01 22:36:12,860 | DEBUG | step 3888 epoch 3 loss 0.1155 step_s 0.0015 peak_mem_gb 0.216
2026-10-01 22:36:12,862 | DEBUG | step 3889 epoch 3 loss 0.1909 step_s 0.0016 peak_mem_gb 0.216
2026-10-01 22:36:12,864 | DEBUG | step 3890 epoch 3 loss 0.1506 step_s 0.0016 peak_mem_gb 0.216
2026-10-01 22:36:12,866 | DEBUG | step 3891 epoch 3 loss 0.1543 step_s 0.0015 peak_mem_gb 0.216
2026-10-01 22:36:12,869 | DEBUG | step 3892 epoch 3 loss 0.2275 step_s 0.0017 peak_mem_gb 0.216
2026-10-01 22:36:12,871 | DEBUG | step 3893 epoch 3 loss 0.0656 step_s 0.0016 peak_mem_gb 0.216
2026-10-01 22:36:12,873 | DEBUG | step 3894 epoch 3 loss 0.0932 step_s 0.0016 peak_mem_gb 0.216
2026-10-01 22:36:12,876 | DEBUG | step 3895 epoch 3 loss 0.2392 step_s 0.0015 peak_mem_gb 0.216
2026-10-01 22:36:12,878 | DEBUG | step 3896 epoch 3 loss 0.1741 step_s 0.0016 peak_mem_gb 0.216
2026-10-01 22:36:12,880 | DEBUG | step 3897 epoch 3 loss 0.1165 step_s 0.0015 peak_mem_gb 0.216
2026-10-01 22:36:12,882 | DEBUG | step 3898 epoch 3 loss 0.1509 step_s 0.0016 peak_mem_gb 0.216
2026-10-01 22:36:12,885 | DEBUG | step 3899 epoch 3 loss 0.1713 step_s 0.0016 peak_mem_gb 0.216
2026-10-01 22:36:12,887 | DEBUG | step 3900 epoch 3 loss 0.2073 step_s 0.0015 peak_mem_gb 0.216
2026-10-01 22:36:12,889 | DEBUG | step 3901 epoch 3 loss 0.2134 step_s 0.0016 peak_mem_gb 0.216
2026-10-01 22:36:12,892 | DEBUG | step 3902 epoch 3 loss 0.1191 step_s 0.0016 peak_mem_gb 0.216
2026-10-01 22:36:12,894 | DEBUG | step 3903 epoch 3 loss 0.1162 step_s 0.0015 peak_mem_gb 0.216
2026-10-01 22:36:12,896 | DEBUG | step 3904 epoch 3 loss 0.1906 step_s 0.0015 peak_mem_gb 0.216
2026-10-01 22:36:12,898 | DEBUG | step 3905 epoch 3 loss 0.1876 step_s 0.0015 peak_mem_gb 0.216
2026-10-01 22:36:12,901 | DEBUG | step 3906 epoch 3 loss 0.1077 step_s 0.0017 peak_mem_gb 0.216
2026-10-01 22:36:12,903 | DEBUG | step 3907 epoch 3 loss 0.1871 step_s 0.0016 peak_mem_gb 0.216
2026-10-01 22:36:12,905 | DEBUG | step 3908 epoch 3 loss 0.1689 step_s 0.0016 peak_mem_gb 0.216
2026-10-01 22:36:12,907 | DEBUG | step 3909 epoch 3 loss 0.0805 step_s 0.0015 peak_mem_gb 0.216
2026-10-01 22:36:12,910 | DEBUG | step 3910 epoch 3 loss 0.1220 step_s 0.0016 peak_mem_gb 0.216
2026-10-01 22:36:12,912 | DEBUG | step 3911 epoch 3 loss 0.1210 step_s 0.0015 peak_mem_gb 0.216
2026-10-01 22:36:12,914 | DEBUG | step 3912 epoch 3 loss 0.0583 step_s 0.0016 peak_mem_gb 0.216
2026-10-01 22:36:12,916 | DEBUG | step 3913 epoch 3 loss 0.2246 step_s 0.0017 peak_mem_gb 0.216
2026-10-01 22:36:12,919 | DEBUG | step 3914 epoch 3 loss 0.0506 step_s 0.0016 peak_mem_gb 0.216
2026-10-01 22:36:12,921 | DEBUG | step 3915 epoch 3 loss 0.0830 step_s 0.0016 peak_mem_gb 0.216
2026-10-01 22:36:12,923 | DEBUG | step 3916 epoch 3 loss 0.1325 step_s 0.0016 peak_mem_gb 0.216
2026-10-01 22:36:12,926 | DEBUG | step 3917 epoch 3 loss 0.2445 step_s 0.0016 peak_mem_gb 0.216
2026-10-01 22:36:12,928 | DEBUG | step 3918 epoch 3 loss 0.1729 step_s 0.0015 peak_mem_gb 0.216
2026-10-01 22:36:12,930 | DEBUG | step 3919 epoch 3 loss 0.0672 step_s 0.0016 peak_mem_gb 0.216
2026-10-01 22:36:12,933 | DEBUG | step 3920 epoch 3 loss 0.1592 step_s 0.0017 peak_mem_gb 0.216
2026-10-01 22:36:12,935 | DEBUG | step 3921 epoch 3 loss 0.1677 step_s 0.0016 peak_mem_gb 0.216
2026-10-01 22:36:12,937 | DEBUG | step 3922 epoch 3 loss 0.1039 step_s 0.0016 peak_mem_gb 0.216
2026-10-01 22:36:12,939 | DEBUG | step 3923 epoch 3 loss 0.1550 step_s 0.0016 peak_mem_gb 0.216
2026-10-01 22:36:12,942 | DEBUG | step 3924 epoch 3 loss 0.2101 step_s 0.0016 peak_mem_gb 0.216
2026-10-01 22:36:12,944 | DEBUG | step 3925 epoch 3 loss 0.1797 step_s 0.0015 peak_mem_gb 0.216
2026-10-01 22:36:12,946 | DEBUG | step 3926 epoch 3 loss 0.1714 step_s 0.0016 peak_mem_gb 0.216
2026-10-01 22:36:12,948 | DEBUG | step 3927 epoch 3 loss 0.1807 step_s 0.0016 peak_mem_gb 0.216
2026-10-01 22:36:12,951 | DEBUG | step 3928 epoch 3 loss 0.1427 step_s 0.0016 peak_mem_gb 0.216
2026-10-01 22:36:12,953 | DEBUG | step 3929 epoch 3 loss 0.1882 step_s 0.0016 peak_mem_gb 0.216
2026-10-01 22:36:12,955 | DEBUG | step 3930 epoch 3 loss 0.3207 step_s 0.0016 peak_mem_gb 0.216
2026-10-01 22:36:12,957 | DEBUG | step 3931 epoch 3 loss 0.1779 step_s 0.0016 peak_mem_gb 0.216
2026-10-01 22:36:12,960 | DEBUG | step 3932 epoch 3 loss 0.2182 step_s 0.0016 peak_mem_gb 0.216
2026-10-01 22:36:12,962 | DEBUG | step 3933 epoch 3 loss 0.2899 step_s 0.0015 peak_mem_gb 0.216
2026-10-01 22:36:12,964 | DEBUG | step 3934 epoch 3 loss 0.1434 step_s 0.0016 peak_mem_gb 0.216
2026-10-01 22:36:12,966 | DEBUG | step 3935 epoch 3 loss 0.0864 step_s 0.0015 peak_mem_gb 0.216
2026-10-01 22:36:12,969 | DEBUG | step 3936 epoch 3 loss 0.0820 step_s 0.0016 peak_mem_gb 0.216
2026-10-01 22:36:12,971 | DEBUG | step 3937 epoch 3 loss 0.2293 step_s 0.0015 peak_mem_gb 0.216
2026-10-01 22:36:12,973 | DEBUG | step 3938 epoch 3 loss 0.1443 step_s 0.0016 peak_mem_gb 0.216
2026-10-01 22:36:12,976 | DEBUG | step 3939 epoch 3 loss 0.0820 step_s 0.0016 peak_mem_gb 0.216
2026-10-01 22:36:12,978 | DEBUG | step 3940 epoch 3 loss 0.2527 step_s 0.0015 peak_mem_gb 0.216
2026-10-01 22:36:12,980 | DEBUG | step 3941 epoch 3 loss 0.1929 step_s 0.0017 peak_mem_gb 0.216
2026-10-01 22:36:12,982 | DEBUG | step 3942 epoch 3 loss 0.1010 step_s 0.0015 peak_mem_gb 0.216
2026-10-01 22:36:12,985 | DEBUG | step 3943 epoch 3 loss 0.1204 step_s 0.0016 peak_mem_gb 0.216
2026-10-01 22:36:12,987 | DEBUG | step 3944 epoch 3 loss 0.1489 step_s 0.0015 peak_mem_gb 0.216
2026-10-01 22:36:12,989 | DEBUG | step 3945 epoch 3 loss 0.1242 step_s 0.0016 peak_mem_gb 0.216
2026-10-01 22:36:12,991 | DEBUG | step 3946 epoch 3 loss 0.1304 step_s 0.0016 peak_mem_gb 0.216
2026-10-01 22:36:12,994 | DEBUG | step 3947 epoch 3 loss 0.2109 step_s 0.0015 peak_mem_gb 0.216
2026-10-01 22:36:12,996 | DEBUG | step 3948 epoch 3 loss 0.1546 step_s 0.0016 peak_mem_gb 0.216
2026-10-01 22:36:12,998 | DEBUG | step 3949 epoch 3 loss 0.0854 step_s 0.0016 peak_mem_gb 0.216
2026-10-01 22:36:13,001 | DEBUG | step 3950 epoch 3 loss 0.1405 step_s 0.0016 peak_mem_gb 0.216
2026-10-01 22:36:13,003 | DEBUG | step 3951 epoch 3 loss 0.0887 step_s 0.0015 peak_mem_gb 0.216
2026-10-01 22:36:13,005 | DEBUG | step 3952 epoch 3 loss 0.1873 step_s 0.0016 peak_mem_gb 0.216
2026-10-01 22:36:13,007 | DEBUG | step 3953 epoch 3 loss 0.0756 step_s 0.0016 peak_mem_gb 0.216
2026-10-01 22:36:13,010 | DEBUG | step 3954 epoch 3 loss 0.1544 step_s 0.0016 peak_mem_gb 0.216
2026-10-01 22:36:13,012 | DEBUG | step 3955 epoch 3 loss 0.1244 step_s 0.0016 peak_mem_gb 0.216
2026-10-01 22:36:13,014 | DEBUG | step 3956 epoch 3 loss 0.2221 step_s 0.0015 peak_mem_gb 0.216
2026-10-01 22:36:13,017 | DEBUG | step 3957 epoch 3 loss 0.2699 step_s 0.0016 peak_mem_gb 0.216
2026-10-01 22:36:13,019 | DEBUG | step 3958 epoch 3 loss 0.1225 step_s 0.0015 peak_mem_gb 0.216
2026-10-01 22:36:13,021 | DEBUG | step 3959 epoch 3 loss 0.1401 step_s 0.0016 peak_mem_gb 0.216
2026-10-01 22:36:13,023 | DEBUG | step 3960 epoch 3 loss 0.2847 step_s 0.0016 peak_mem_gb 0.216
2026-10-01 22:36:13,026 | DEBUG | step 3961 epoch 3 loss 0.3111 step_s 0.0016 peak_mem_gb 0.216
2026-10-01 22:36:13,028 | DEBUG | step 3962 epoch 3 loss 0.1648 step_s 0.0016 peak_mem_gb 0.216
2026-10-01 22:36:13,030 | DEBUG | step 3963 epoch 3 loss 0.0798 step_s 0.0016 peak_mem_gb 0.216
2026-10-01 22:36:13,032 | DEBUG | step 3964 epoch 3 loss 0.0946 step_s 0.0016 peak_mem_gb 0.216
2026-10-01 22:36:13,035 | DEBUG | step 3965 epoch 3 loss 0.1577 step_s 0.0016 peak_mem_gb 0.216
2026-10-01 22:36:13,037 | DEBUG | step 3966 epoch 3 loss 0.1462 step_s 0.0016 peak_mem_gb 0.216
2026-10-01 22:36:13,039 | DEBUG | step 3967 epoch 3 loss 0.1785 step_s 0.0015 peak_mem_gb 0.216
2026-10-01 22:36:13,041 | DEBUG | step 3968 epoch 3 loss 0.1859 step_s 0.0015 peak_mem_gb 0.216
2026-10-01 22:36:13,044 | DEBUG | step 3969 epoch 3 loss 0.1371 step_s 0.0016 peak_mem_gb 0.216
2026-10-01 22:36:13,046 | DEBUG | step 3970 epoch 3 loss 0.1144 step_s 0.0016 peak_mem_gb 0.216
2026-10-01 22:36:13,048 | DEBUG | step 3971 epoch 3 loss 0.0763 step_s 0.0015 peak_mem_gb 0.216
2026-10-01 22:36:13,050 | DEBUG | step 3972 epoch 3 loss 0.1181 step_s 0.0016 peak_mem_gb 0.216
2026-10-01 22:36:13,053 | DEBUG | step 3973 epoch 3 loss 0.2156 step_s 0.0016 peak_mem_gb 0.216
2026-10-01 22:36:13,055 | DEBUG | step 3974 epoch 3 loss 0.1229 step_s 0.0016 peak_mem_gb 0.216
2026-10-01 22:36:13,057 | DEBUG | step 3975 epoch 3 loss 0.1983 step_s 0.0016 peak_mem_gb 0.216
2026-10-01 22:36:13,060 | DEBUG | step 3976 epoch 3 loss 0.1059 step_s 0.0016 peak_mem_gb 0.216
2026-10-01 22:36:13,062 | DEBUG | step 3977 epoch 3 loss 0.1564 step_s 0.0016 peak_mem_gb 0.216
2026-10-01 22:36:13,064 | DEBUG | step 3978 epoch 3 loss 0.1307 step_s 0.0016 peak_mem_gb 0.216
2026-10-01 22:36:13,067 | DEBUG | step 3979 epoch 3 loss 0.1858 step_s 0.0016 peak_mem_gb 0.216
2026-10-01 22:36:13,069 | DEBUG | step 3980 epoch 3 loss 0.2186 step_s 0.0016 peak_mem_gb 0.216
2026-10-01 22:36:13,071 | DEBUG | step 3981 epoch 3 loss 0.3114 step_s 0.0015 peak_mem_gb 0.216
2026-10-01 22:36:13,074 | DEBUG | step 3982 epoch 3 loss 0.1294 step_s 0.0017 peak_mem_gb 0.216
2026-10-01 22:36:13,076 | DEBUG | step 3983 epoch 3 loss 0.1617 step_s 0.0017 peak_mem_gb 0.216
2026-10-01 22:36:13,079 | DEBUG | step 3984 epoch 3 loss 0.1593 step_s 0.0016 peak_mem_gb 0.216
2026-10-01 22:36:13,081 | DEBUG | step 3985 epoch 3 loss 0.2532 step_s 0.0016 peak_mem_gb 0.216
2026-10-01 22:36:13,083 | DEBUG | step 3986 epoch 3 loss 0.2124 step_s 0.0016 peak_mem_gb 0.216
2026-10-01 22:36:13,086 | DEBUG | step 3987 epoch 3 loss 0.1803 step_s 0.0018 peak_mem_gb 0.216
2026-10-01 22:36:13,088 | DEBUG | step 3988 epoch 3 loss 0.1171 step_s 0.0016 peak_mem_gb 0.216
2026-10-01 22:36:13,091 | DEBUG | step 3989 epoch 3 loss 0.0603 step_s 0.0018 peak_mem_gb 0.216
2026-10-01 22:36:13,093 | DEBUG | step 3990 epoch 3 loss 0.1410 step_s 0.0017 peak_mem_gb 0.216
2026-10-01 22:36:13,095 | DEBUG | step 3991 epoch 3 loss 0.1250 step_s 0.0016 peak_mem_gb 0.216
2026-10-01 22:36:13,098 | DEBUG | step 3992 epoch 3 loss 0.1162 step_s 0.0016 peak_mem_gb 0.216
2026-10-01 22:36:13,100 | DEBUG | step 3993 epoch 3 loss 0.2860 step_s 0.0016 peak_mem_gb 0.216
2026-10-01 22:36:13,102 | DEBUG | step 3994 epoch 3 loss 0.1722 step_s 0.0016 peak_mem_gb 0.216
2026-10-01 22:36:13,104 | DEBUG | step 3995 epoch 3 loss 0.2090 step_s 0.0016 peak_mem_gb 0.216
2026-10-01 22:36:13,107 | DEBUG | step 3996 epoch 3 loss 0.0535 step_s 0.0016 peak_mem_gb 0.216
2026-10-01 22:36:13,109 | DEBUG | step 3997 epoch 3 loss 0.1705 step_s 0.0016 peak_mem_gb 0.216
2026-10-01 22:36:13,112 | DEBUG | step 3998 epoch 3 loss 0.1371 step_s 0.0016 peak_mem_gb 0.216
2026-10-01 22:36:13,114 | DEBUG | step 3999 epoch 3 loss 0.1754 step_s 0.0016 peak_mem_gb 0.216
2026-10-01 22:36:13,116 | INFO | step 4000 epoch 3 loss 0.0673 step_s 0.0015 peak_mem_gb 0.216
2026-10-01 22:36:13,119 | DEBUG | step 4001 epoch 3 loss 0.1053 step_s 0.0016 peak_mem_gb 0.216
2026-10-01 22:36:13,122 | DEBUG | step 4002 epoch 3 loss 0.0948 step_s 0.0018 peak_mem_gb 0.216
2026-10-01 22:36:13,125 | DEBUG | step 4003 epoch 3 loss 0.1889 step_s 0.0020 peak_mem_gb 0.216
2026-10-01 22:36:13,127 | DEBUG | step 4004 epoch 3 loss 0.1588 step_s 0.0017 peak_mem_gb 0.216
2026-10-01 22:36:13,130 | DEBUG | step 4005 epoch 3 loss 0.1900 step_s 0.0024 peak_mem_gb 0.216
2026-10-01 22:36:13,133 | DEBUG | step 4006 epoch 3 loss 0.1346 step_s 0.0017 peak_mem_gb 0.216
2026-10-01 22:36:13,135 | DEBUG | step 4007 epoch 3 loss 0.0911 step_s 0.0016 peak_mem_gb 0.216
2026-10-01 22:36:13,137 | DEBUG | step 4008 epoch 3 loss 0.2663 step_s 0.0016 peak_mem_gb 0.216
2026-10-01 22:36:13,140 | DEBUG | step 4009 epoch 3 loss 0.1369 step_s 0.0016 peak_mem_gb 0.216
2026-10-01 22:36:13,142 | DEBUG | step 4010 epoch 3 loss 0.1279 step_s 0.0016 peak_mem_gb 0.216
2026-10-01 22:36:13,145 | DEBUG | step 4011 epoch 3 loss 0.0982 step_s 0.0016 peak_mem_gb 0.216
2026-10-01 22:36:13,147 | DEBUG | step 4012 epoch 3 loss 0.0732 step_s 0.0017 peak_mem_gb 0.216
2026-10-01 22:36:13,149 | DEBUG | step 4013 epoch 3 loss 0.1166 step_s 0.0016 peak_mem_gb 0.216
2026-10-01 22:36:13,152 | DEBUG | step 4014 epoch 3 loss 0.2093 step_s 0.0017 peak_mem_gb 0.216
2026-10-01 22:36:13,154 | DEBUG | step 4015 epoch 3 loss 0.2507 step_s 0.0016 peak_mem_gb 0.216
2026-10-01 22:36:13,157 | DEBUG | step 4016 epoch 3 loss 0.2086 step_s 0.0018 peak_mem_gb 0.216
2026-10-01 22:36:13,159 | DEBUG | step 4017 epoch 3 loss 0.1069 step_s 0.0017 peak_mem_gb 0.216
2026-10-01 22:36:13,161 | DEBUG | step 4018 epoch 3 loss 0.1131 step_s 0.0017 peak_mem_gb 0.216
2026-10-01 22:36:13,164 | DEBUG | step 4019 epoch 3 loss 0.1455 step_s 0.0016 peak_mem_gb 0.216
2026-10-01 22:36:13,166 | DEBUG | step 4020 epoch 3 loss 0.1151 step_s 0.0017 peak_mem_gb 0.216
2026-10-01 22:36:13,168 | DEBUG | step 4021 epoch 3 loss 0.2072 step_s 0.0015 peak_mem_gb 0.216
2026-10-01 22:36:13,171 | DEBUG | step 4022 epoch 3 loss 0.1471 step_s 0.0016 peak_mem_gb 0.216
2026-10-01 22:36:13,173 | DEBUG | step 4023 epoch 3 loss 0.3224 step_s 0.0017 peak_mem_gb 0.216
2026-10-01 22:36:13,175 | DEBUG | step 4024 epoch 3 loss 0.1697 step_s 0.0016 peak_mem_gb 0.216
2026-10-01 22:36:13,178 | DEBUG | step 4025 epoch 3 loss 0.0499 step_s 0.0017 peak_mem_gb 0.216
2026-10-01 22:36:13,180 | DEBUG | step 4026 epoch 3 loss 0.1080 step_s 0.0016 peak_mem_gb 0.216
2026-10-01 22:36:13,182 | DEBUG | step 4027 epoch 3 loss 0.1353 step_s 0.0016 peak_mem_gb 0.216
2026-10-01 22:36:13,185 | DEBUG | step 4028 epoch 3 loss 0.2649 step_s 0.0016 peak_mem_gb 0.216
2026-10-01 22:36:13,187 | DEBUG | step 4029 epoch 3 loss 0.2564 step_s 0.0016 peak_mem_gb 0.216
2026-10-01 22:36:13,189 | DEBUG | step 4030 epoch 3 loss 0.2139 step_s 0.0016 peak_mem_gb 0.216
2026-10-01 22:36:13,192 | DEBUG | step 4031 epoch 3 loss 0.0538 step_s 0.0016 peak_mem_gb 0.216
2026-10-01 22:36:13,194 | DEBUG | step 4032 epoch 3 loss 0.2262 step_s 0.0016 peak_mem_gb 0.216
2026-10-01 22:36:13,196 | DEBUG | step 4033 epoch 3 loss 0.2015 step_s 0.0016 peak_mem_gb 0.216
2026-10-01 22:36:13,198 | DEBUG | step 4034 epoch 3 loss 0.0958 step_s 0.0015 peak_mem_gb 0.216
2026-10-01 22:36:13,201 | DEBUG | step 4035 epoch 3 loss 0.1205 step_s 0.0016 peak_mem_gb 0.216
2026-10-01 22:36:13,203 | DEBUG | step 4036 epoch 3 loss 0.2682 step_s 0.0015 peak_mem_gb 0.216
2026-10-01 22:36:13,205 | DEBUG | step 4037 epoch 3 loss 0.3351 step_s 0.0016 peak_mem_gb 0.216
2026-10-01 22:36:13,208 | DEBUG | step 4038 epoch 3 loss 0.1719 step_s 0.0016 peak_mem_gb 0.216
2026-10-01 22:36:13,210 | DEBUG | step 4039 epoch 3 loss 0.2273 step_s 0.0016 peak_mem_gb 0.216
2026-10-01 22:36:13,212 | DEBUG | step 4040 epoch 3 loss 0.2069 step_s 0.0015 peak_mem_gb 0.216
2026-10-01 22:36:13,214 | DEBUG | step 4041 epoch 3 loss 0.1179 step_s 0.0015 peak_mem_gb 0.216
2026-10-01 22:36:13,217 | DEBUG | step 4042 epoch 3 loss 0.0951 step_s 0.0016 peak_mem_gb 0.216
2026-10-01 22:36:13,219 | DEBUG | step 4043 epoch 3 loss 0.1376 step_s 0.0016 peak_mem_gb 0.216
2026-10-01 22:36:13,221 | DEBUG | step 4044 epoch 3 loss 0.1255 step_s 0.0016 peak_mem_gb 0.216
2026-10-01 22:36:13,224 | DEBUG | step 4045 epoch 3 loss 0.2052 step_s 0.0017 peak_mem_gb 0.216
2026-10-01 22:36:13,226 | DEBUG | step 4046 epoch 3 loss 0.1575 step_s 0.0016 peak_mem_gb 0.216
2026-10-01 22:36:13,228 | DEBUG | step 4047 epoch 3 loss 0.1197 step_s 0.0015 peak_mem_gb 0.216
2026-10-01 22:36:13,230 | DEBUG | step 4048 epoch 3 loss 0.1826 step_s 0.0016 peak_mem_gb 0.216
2026-10-01 22:36:13,232 | DEBUG | step 4049 epoch 3 loss 0.2247 step_s 0.0015 peak_mem_gb 0.216
2026-10-01 22:36:13,235 | DEBUG | step 4050 epoch 3 loss 0.1267 step_s 0.0016 peak_mem_gb 0.216
2026-10-01 22:36:13,237 | DEBUG | step 4051 epoch 3 loss 0.2213 step_s 0.0015 peak_mem_gb 0.216
2026-10-01 22:36:13,239 | DEBUG | step 4052 epoch 3 loss 0.1815 step_s 0.0017 peak_mem_gb 0.216
2026-10-01 22:36:13,242 | DEBUG | step 4053 epoch 3 loss 0.0839 step_s 0.0016 peak_mem_gb 0.216
2026-10-01 22:36:13,244 | DEBUG | step 4054 epoch 3 loss 0.1642 step_s 0.0016 peak_mem_gb 0.216
2026-10-01 22:36:13,246 | DEBUG | step 4055 epoch 3 loss 0.1325 step_s 0.0016 peak_mem_gb 0.216
2026-10-01 22:36:13,249 | DEBUG | step 4056 epoch 3 loss 0.1063 step_s 0.0016 peak_mem_gb 0.216
2026-10-01 22:36:13,251 | DEBUG | step 4057 epoch 3 loss 0.1079 step_s 0.0015 peak_mem_gb 0.216
2026-10-01 22:36:13,253 | DEBUG | step 4058 epoch 3 loss 0.1592 step_s 0.0016 peak_mem_gb 0.216
2026-10-01 22:36:13,255 | DEBUG | step 4059 epoch 3 loss 0.1498 step_s 0.0016 peak_mem_gb 0.216
2026-10-01 22:36:13,258 | DEBUG | step 4060 epoch 3 loss 0.1143 step_s 0.0016 peak_mem_gb 0.216
2026-10-01 22:36:13,260 | DEBUG | step 4061 epoch 3 loss 0.0820 step_s 0.0018 peak_mem_gb 0.216
2026-10-01 22:36:13,262 | DEBUG | step 4062 epoch 3 loss 0.0901 step_s 0.0015 peak_mem_gb 0.216
2026-10-01 22:36:13,265 | DEBUG | step 4063 epoch 3 loss 0.1976 step_s 0.0017 peak_mem_gb 0.216
2026-10-01 22:36:13,267 | DEBUG | step 4064 epoch 3 loss 0.0352 step_s 0.0016 peak_mem_gb 0.216
2026-10-01 22:36:13,269 | DEBUG | step 4065 epoch 3 loss 0.1063 step_s 0.0016 peak_mem_gb 0.216
2026-10-01 22:36:13,272 | DEBUG | step 4066 epoch 3 loss 0.1053 step_s 0.0016 peak_mem_gb 0.216
2026-10-01 22:36:13,274 | DEBUG | step 4067 epoch 3 loss 0.0895 step_s 0.0015 peak_mem_gb 0.216
2026-10-01 22:36:13,276 | DEBUG | step 4068 epoch 3 loss 0.0903 step_s 0.0015 peak_mem_gb 0.216
2026-10-01 22:36:13,278 | DEBUG | step 4069 epoch 3 loss 0.0918 step_s 0.0016 peak_mem_gb 0.216
2026-10-01 22:36:13,281 | DEBUG | step 4070 epoch 3 loss 0.1572 step_s 0.0016 peak_mem_gb 0.216
2026-10-01 22:36:13,283 | DEBUG | step 4071 epoch 3 loss 0.1853 step_s 0.0015 peak_mem_gb 0.216
2026-10-01 22:36:13,285 | DEBUG | step 4072 epoch 3 loss 0.2819 step_s 0.0015 peak_mem_gb 0.216
2026-10-01 22:36:13,287 | DEBUG | step 4073 epoch 3 loss 0.2033 step_s 0.0017 peak_mem_gb 0.216
2026-10-01 22:36:13,290 | DEBUG | step 4074 epoch 3 loss 0.1081 step_s 0.0016 peak_mem_gb 0.216
2026-10-01 22:36:13,292 | DEBUG | step 4075 epoch 3 loss 0.2607 step_s 0.0016 peak_mem_gb 0.216
2026-10-01 22:36:13,294 | DEBUG | step 4076 epoch 3 loss 0.2484 step_s 0.0016 peak_mem_gb 0.216
2026-10-01 22:36:13,297 | DEBUG | step 4077 epoch 3 loss 0.1366 step_s 0.0016 peak_mem_gb 0.216
2026-10-01 22:36:13,299 | DEBUG | step 4078 epoch 3 loss 0.0669 step_s 0.0016 peak_mem_gb 0.216
2026-10-01 22:36:13,301 | DEBUG | step 4079 epoch 3 loss 0.1133 step_s 0.0016 peak_mem_gb 0.216
2026-10-01 22:36:13,304 | DEBUG | step 4080 epoch 3 loss 0.1678 step_s 0.0017 peak_mem_gb 0.216
2026-10-01 22:36:13,306 | DEBUG | step 4081 epoch 3 loss 0.2674 step_s 0.0016 peak_mem_gb 0.216
2026-10-01 22:36:13,308 | DEBUG | step 4082 epoch 3 loss 0.2238 step_s 0.0016 peak_mem_gb 0.216
2026-10-01 22:36:13,310 | DEBUG | step 4083 epoch 3 loss 0.1352 step_s 0.0016 peak_mem_gb 0.216
2026-10-01 22:36:13,313 | DEBUG | step 4084 epoch 3 loss 0.1517 step_s 0.0016 peak_mem_gb 0.216
2026-10-01 22:36:13,315 | DEBUG | step 4085 epoch 3 loss 0.1840 step_s 0.0016 peak_mem_gb 0.216
2026-10-01 22:36:13,317 | DEBUG | step 4086 epoch 3 loss 0.1322 step_s 0.0016 peak_mem_gb 0.216
2026-10-01 22:36:13,320 | DEBUG | step 4087 epoch 3 loss 0.1033 step_s 0.0016 peak_mem_gb 0.216
2026-10-01 22:36:13,322 | DEBUG | step 4088 epoch 3 loss 0.1773 step_s 0.0016 peak_mem_gb 0.216
2026-10-01 22:36:13,324 | DEBUG | step 4089 epoch 3 loss 0.1563 step_s 0.0016 peak_mem_gb 0.216
2026-10-01 22:36:13,326 | DEBUG | step 4090 epoch 3 loss 0.3249 step_s 0.0016 peak_mem_gb 0.216
2026-10-01 22:36:13,329 | DEBUG | step 4091 epoch 3 loss 0.1700 step_s 0.0017 peak_mem_gb 0.216
2026-10-01 22:36:13,331 | DEBUG | step 4092 epoch 3 loss 0.1759 step_s 0.0016 peak_mem_gb 0.216
2026-10-01 22:36:13,333 | DEBUG | step 4093 epoch 3 loss 0.0898 step_s 0.0016 peak_mem_gb 0.216
2026-10-01 22:36:13,336 | DEBUG | step 4094 epoch 3 loss 0.2506 step_s 0.0016 peak_mem_gb 0.216
2026-10-01 22:36:13,338 | DEBUG | step 4095 epoch 3 loss 0.0848 step_s 0.0016 peak_mem_gb 0.216
2026-10-01 22:36:13,340 | DEBUG | step 4096 epoch 3 loss 0.1203 step_s 0.0015 peak_mem_gb 0.216
2026-10-01 22:36:13,343 | DEBUG | step 4097 epoch 3 loss 0.1008 step_s 0.0016 peak_mem_gb 0.216
2026-10-01 22:36:13,345 | DEBUG | step 4098 epoch 3 loss 0.0702 step_s 0.0016 peak_mem_gb 0.216
2026-10-01 22:36:13,347 | DEBUG | step 4099 epoch 3 loss 0.1459 step_s 0.0016 peak_mem_gb 0.216
2026-10-01 22:36:13,349 | DEBUG | step 4100 epoch 3 loss 0.1642 step_s 0.0016 peak_mem_gb 0.216
2026-10-01 22:36:13,352 | DEBUG | step 4101 epoch 3 loss 0.1990 step_s 0.0016 peak_mem_gb 0.216
2026-10-01 22:36:13,354 | DEBUG | step 4102 epoch 3 loss 0.1219 step_s 0.0016 peak_mem_gb 0.216
2026-10-01 22:36:13,356 | DEBUG | step 4103 epoch 3 loss 0.3140 step_s 0.0016 peak_mem_gb 0.216
2026-10-01 22:36:13,358 | DEBUG | step 4104 epoch 3 loss 0.0749 step_s 0.0015 peak_mem_gb 0.216
2026-10-01 22:36:13,361 | DEBUG | step 4105 epoch 3 loss 0.0891 step_s 0.0016 peak_mem_gb 0.216
2026-10-01 22:36:13,363 | DEBUG | step 4106 epoch 3 loss 0.2578 step_s 0.0015 peak_mem_gb 0.216
2026-10-01 22:36:13,365 | DEBUG | step 4107 epoch 3 loss 0.1220 step_s 0.0016 peak_mem_gb 0.216
2026-10-01 22:36:13,367 | DEBUG | step 4108 epoch 3 loss 0.0883 step_s 0.0016 peak_mem_gb 0.216
2026-10-01 22:36:13,370 | DEBUG | step 4109 epoch 3 loss 0.3592 step_s 0.0015 peak_mem_gb 0.216
2026-10-01 22:36:13,372 | DEBUG | step 4110 epoch 3 loss 0.1795 step_s 0.0016 peak_mem_gb 0.216
2026-10-01 22:36:13,374 | DEBUG | step 4111 epoch 3 loss 0.0978 step_s 0.0016 peak_mem_gb 0.216
2026-10-01 22:36:13,377 | DEBUG | step 4112 epoch 3 loss 0.1365 step_s 0.0016 peak_mem_gb 0.216
2026-10-01 22:36:13,379 | DEBUG | step 4113 epoch 3 loss 0.1935 step_s 0.0016 peak_mem_gb 0.216
2026-10-01 22:36:13,381 | DEBUG | step 4114 epoch 3 loss 0.1658 step_s 0.0016 peak_mem_gb 0.216
2026-10-01 22:36:13,384 | DEBUG | step 4115 epoch 3 loss 0.1641 step_s 0.0016 peak_mem_gb 0.216
2026-10-01 22:36:13,386 | DEBUG | step 4116 epoch 3 loss 0.1102 step_s 0.0016 peak_mem_gb 0.216
2026-10-01 22:36:13,388 | DEBUG | step 4117 epoch 3 loss 0.1503 step_s 0.0016 peak_mem_gb 0.216
2026-10-01 22:36:13,390 | DEBUG | step 4118 epoch 3 loss 0.1596 step_s 0.0015 peak_mem_gb 0.216
2026-10-01 22:36:13,392 | DEBUG | step 4119 epoch 3 loss 0.1159 step_s 0.0016 peak_mem_gb 0.216
2026-10-01 22:36:13,395 | DEBUG | step 4120 epoch 3 loss 0.0826 step_s 0.0016 peak_mem_gb 0.216
2026-10-01 22:36:13,397 | DEBUG | step 4121 epoch 3 loss 0.2998 step_s 0.0017 peak_mem_gb 0.216
2026-10-01 22:36:13,399 | DEBUG | step 4122 epoch 3 loss 0.2504 step_s 0.0017 peak_mem_gb 0.216
2026-10-01 22:36:13,402 | DEBUG | step 4123 epoch 3 loss 0.2383 step_s 0.0015 peak_mem_gb 0.216
2026-10-01 22:36:13,404 | DEBUG | step 4124 epoch 3 loss 0.2195 step_s 0.0015 peak_mem_gb 0.216
2026-10-01 22:36:13,406 | DEBUG | step 4125 epoch 3 loss 0.1120 step_s 0.0016 peak_mem_gb 0.216
2026-10-01 22:36:13,408 | DEBUG | step 4126 epoch 3 loss 0.1185 step_s 0.0015 peak_mem_gb 0.216
2026-10-01 22:36:13,411 | DEBUG | step 4127 epoch 3 loss 0.1937 step_s 0.0016 peak_mem_gb 0.216
2026-10-01 22:36:13,413 | DEBUG | step 4128 epoch 3 loss 0.0788 step_s 0.0016 peak_mem_gb 0.216
2026-10-01 22:36:13,415 | DEBUG | step 4129 epoch 3 loss 0.1161 step_s 0.0016 peak_mem_gb 0.216
2026-10-01 22:36:13,417 | DEBUG | step 4130 epoch 3 loss 0.1733 step_s 0.0016 peak_mem_gb 0.216
2026-10-01 22:36:13,420 | DEBUG | step 4131 epoch 3 loss 0.1454 step_s 0.0015 peak_mem_gb 0.216
2026-10-01 22:36:13,422 | DEBUG | step 4132 epoch 3 loss 0.2035 step_s 0.0016 peak_mem_gb 0.216
2026-10-01 22:36:13,424 | DEBUG | step 4133 epoch 3 loss 0.1292 step_s 0.0016 peak_mem_gb 0.216
2026-10-01 22:36:13,426 | DEBUG | step 4134 epoch 3 loss 0.1651 step_s 0.0016 peak_mem_gb 0.216
2026-10-01 22:36:13,429 | DEBUG | step 4135 epoch 3 loss 0.2150 step_s 0.0016 peak_mem_gb 0.216
2026-10-01 22:36:13,431 | DEBUG | step 4136 epoch 3 loss 0.2665 step_s 0.0016 peak_mem_gb 0.216
2026-10-01 22:36:13,433 | DEBUG | step 4137 epoch 3 loss 0.2527 step_s 0.0016 peak_mem_gb 0.216
2026-10-01 22:36:13,436 | DEBUG | step 4138 epoch 3 loss 0.1180 step_s 0.0016 peak_mem_gb 0.216
2026-10-01 22:36:13,438 | DEBUG | step 4139 epoch 3 loss 0.2420 step_s 0.0016 peak_mem_gb 0.216
2026-10-01 22:36:13,440 | DEBUG | step 4140 epoch 3 loss 0.1689 step_s 0.0016 peak_mem_gb 0.216
2026-10-01 22:36:13,442 | DEBUG | step 4141 epoch 3 loss 0.3847 step_s 0.0016 peak_mem_gb 0.216
2026-10-01 22:36:13,445 | DEBUG | step 4142 epoch 3 loss 0.2168 step_s 0.0016 peak_mem_gb 0.216
2026-10-01 22:36:13,448 | DEBUG | step 4143 epoch 3 loss 0.1582 step_s 0.0027 peak_mem_gb 0.216
2026-10-01 22:36:13,451 | DEBUG | step 4144 epoch 3 loss 0.1601 step_s 0.0016 peak_mem_gb 0.216
2026-10-01 22:36:13,453 | DEBUG | step 4145 epoch 3 loss 0.1189 step_s 0.0017 peak_mem_gb 0.216
2026-10-01 22:36:13,455 | DEBUG | step 4146 epoch 3 loss 0.1619 step_s 0.0015 peak_mem_gb 0.216
2026-10-01 22:36:13,458 | DEBUG | step 4147 epoch 3 loss 0.1345 step_s 0.0017 peak_mem_gb 0.216
2026-10-01 22:36:13,460 | DEBUG | step 4148 epoch 3 loss 0.1503 step_s 0.0016 peak_mem_gb 0.216
2026-10-01 22:36:13,462 | DEBUG | step 4149 epoch 3 loss 0.2331 step_s 0.0016 peak_mem_gb 0.216
2026-10-01 22:36:13,464 | DEBUG | step 4150 epoch 3 loss 0.1351 step_s 0.0016 peak_mem_gb 0.216
2026-10-01 22:36:13,467 | DEBUG | step 4151 epoch 3 loss 0.2311 step_s 0.0016 peak_mem_gb 0.216
2026-10-01 22:36:13,469 | DEBUG | step 4152 epoch 3 loss 0.1486 step_s 0.0016 peak_mem_gb 0.216
2026-10-01 22:36:13,471 | DEBUG | step 4153 epoch 3 loss 0.1796 step_s 0.0016 peak_mem_gb 0.216
2026-10-01 22:36:13,473 | DEBUG | step 4154 epoch 3 loss 0.1640 step_s 0.0016 peak_mem_gb 0.216
2026-10-01 22:36:13,476 | DEBUG | step 4155 epoch 3 loss 0.1680 step_s 0.0016 peak_mem_gb 0.216
2026-10-01 22:36:13,478 | DEBUG | step 4156 epoch 3 loss 0.2147 step_s 0.0017 peak_mem_gb 0.216
2026-10-01 22:36:13,480 | DEBUG | step 4157 epoch 3 loss 0.1763 step_s 0.0016 peak_mem_gb 0.216
2026-10-01 22:36:13,483 | DEBUG | step 4158 epoch 3 loss 0.3706 step_s 0.0016 peak_mem_gb 0.216
2026-10-01 22:36:13,485 | DEBUG | step 4159 epoch 3 loss 0.1809 step_s 0.0016 peak_mem_gb 0.216
2026-10-01 22:36:13,487 | DEBUG | step 4160 epoch 3 loss 0.2228 step_s 0.0015 peak_mem_gb 0.216
2026-10-01 22:36:13,489 | DEBUG | step 4161 epoch 3 loss 0.2267 step_s 0.0016 peak_mem_gb 0.216
2026-10-01 22:36:13,492 | DEBUG | step 4162 epoch 3 loss 0.1796 step_s 0.0015 peak_mem_gb 0.216
2026-10-01 22:36:13,494 | DEBUG | step 4163 epoch 3 loss 0.1367 step_s 0.0017 peak_mem_gb 0.216
2026-10-01 22:36:13,496 | DEBUG | step 4164 epoch 3 loss 0.0545 step_s 0.0016 peak_mem_gb 0.216
2026-10-01 22:36:13,499 | DEBUG | step 4165 epoch 3 loss 0.1137 step_s 0.0016 peak_mem_gb 0.216
2026-10-01 22:36:13,501 | DEBUG | step 4166 epoch 3 loss 0.1217 step_s 0.0016 peak_mem_gb 0.216
2026-10-01 22:36:13,503 | DEBUG | step 4167 epoch 3 loss 0.2124 step_s 0.0016 peak_mem_gb 0.216
2026-10-01 22:36:13,505 | DEBUG | step 4168 epoch 3 loss 0.1907 step_s 0.0016 peak_mem_gb 0.216
2026-10-01 22:36:13,508 | DEBUG | step 4169 epoch 3 loss 0.0895 step_s 0.0016 peak_mem_gb 0.216
2026-10-01 22:36:13,510 | DEBUG | step 4170 epoch 3 loss 0.1174 step_s 0.0016 peak_mem_gb 0.216
2026-10-01 22:36:13,512 | DEBUG | step 4171 epoch 3 loss 0.2646 step_s 0.0016 peak_mem_gb 0.216
2026-10-01 22:36:13,514 | DEBUG | step 4172 epoch 3 loss 0.0894 step_s 0.0016 peak_mem_gb 0.216
2026-10-01 22:36:13,517 | DEBUG | step 4173 epoch 3 loss 0.1973 step_s 0.0016 peak_mem_gb 0.216
2026-10-01 22:36:13,519 | DEBUG | step 4174 epoch 3 loss 0.1605 step_s 0.0015 peak_mem_gb 0.216
2026-10-01 22:36:13,522 | DEBUG | step 4175 epoch 3 loss 0.1376 step_s 0.0016 peak_mem_gb 0.216
2026-10-01 22:36:13,524 | DEBUG | step 4176 epoch 3 loss 0.0819 step_s 0.0016 peak_mem_gb 0.216
2026-10-01 22:36:13,527 | DEBUG | step 4177 epoch 3 loss 0.1581 step_s 0.0016 peak_mem_gb 0.216
2026-10-01 22:36:13,529 | DEBUG | step 4178 epoch 3 loss 0.1606 step_s 0.0017 peak_mem_gb 0.216
2026-10-01 22:36:13,531 | DEBUG | step 4179 epoch 3 loss 0.0840 step_s 0.0016 peak_mem_gb 0.216
2026-10-01 22:36:13,534 | DEBUG | step 4180 epoch 3 loss 0.1310 step_s 0.0016 peak_mem_gb 0.216
2026-10-01 22:36:13,536 | DEBUG | step 4181 epoch 3 loss 0.2920 step_s 0.0015 peak_mem_gb 0.216
2026-10-01 22:36:13,538 | DEBUG | step 4182 epoch 3 loss 0.1791 step_s 0.0015 peak_mem_gb 0.216
2026-10-01 22:36:13,540 | DEBUG | step 4183 epoch 3 loss 0.0863 step_s 0.0016 peak_mem_gb 0.216
2026-10-01 22:36:13,543 | DEBUG | step 4184 epoch 3 loss 0.1169 step_s 0.0016 peak_mem_gb 0.216
2026-10-01 22:36:13,545 | DEBUG | step 4185 epoch 3 loss 0.0917 step_s 0.0016 peak_mem_gb 0.216
2026-10-01 22:36:13,547 | DEBUG | step 4186 epoch 3 loss 0.1563 step_s 0.0016 peak_mem_gb 0.216
2026-10-01 22:36:13,549 | DEBUG | step 4187 epoch 3 loss 0.1201 step_s 0.0016 peak_mem_gb 0.216
2026-10-01 22:36:13,552 | DEBUG | step 4188 epoch 3 loss 0.2157 step_s 0.0016 peak_mem_gb 0.216
2026-10-01 22:36:13,554 | DEBUG | step 4189 epoch 3 loss 0.1734 step_s 0.0015 peak_mem_gb 0.216
2026-10-01 22:36:13,556 | DEBUG | step 4190 epoch 3 loss 0.0823 step_s 0.0017 peak_mem_gb 0.216
2026-10-01 22:36:13,559 | DEBUG | step 4191 epoch 3 loss 0.0947 step_s 0.0016 peak_mem_gb 0.216
2026-10-01 22:36:13,561 | DEBUG | step 4192 epoch 3 loss 0.0851 step_s 0.0016 peak_mem_gb 0.216
2026-10-01 22:36:13,563 | DEBUG | step 4193 epoch 3 loss 0.0971 step_s 0.0015 peak_mem_gb 0.216
2026-10-01 22:36:13,566 | DEBUG | step 4194 epoch 3 loss 0.1376 step_s 0.0016 peak_mem_gb 0.216
2026-10-01 22:36:13,568 | DEBUG | step 4195 epoch 3 loss 0.3282 step_s 0.0016 peak_mem_gb 0.216
2026-10-01 22:36:13,570 | DEBUG | step 4196 epoch 3 loss 0.1981 step_s 0.0015 peak_mem_gb 0.216
2026-10-01 22:36:13,573 | DEBUG | step 4197 epoch 3 loss 0.2416 step_s 0.0017 peak_mem_gb 0.216
2026-10-01 22:36:13,575 | DEBUG | step 4198 epoch 3 loss 0.0868 step_s 0.0015 peak_mem_gb 0.216
2026-10-01 22:36:13,577 | DEBUG | step 4199 epoch 3 loss 0.1271 step_s 0.0017 peak_mem_gb 0.216
2026-10-01 22:36:13,579 | INFO | step 4200 epoch 3 loss 0.1738 step_s 0.0016 peak_mem_gb 0.216
2026-10-01 22:36:13,583 | DEBUG | step 4201 epoch 3 loss 0.1435 step_s 0.0016 peak_mem_gb 0.216
2026-10-01 22:36:13,585 | DEBUG | step 4202 epoch 3 loss 0.0841 step_s 0.0017 peak_mem_gb 0.216
2026-10-01 22:36:13,588 | DEBUG | step 4203 epoch 3 loss 0.1760 step_s 0.0018 peak_mem_gb 0.216
2026-10-01 22:36:13,591 | DEBUG | step 4204 epoch 3 loss 0.0436 step_s 0.0024 peak_mem_gb 0.216
2026-10-01 22:36:13,593 | DEBUG | step 4205 epoch 3 loss 0.1097 step_s 0.0017 peak_mem_gb 0.216
2026-10-01 22:36:13,596 | DEBUG | step 4206 epoch 3 loss 0.1577 step_s 0.0016 peak_mem_gb 0.216
2026-10-01 22:36:13,598 | DEBUG | step 4207 epoch 3 loss 0.2569 step_s 0.0016 peak_mem_gb 0.216
2026-10-01 22:36:13,600 | DEBUG | step 4208 epoch 3 loss 0.1486 step_s 0.0016 peak_mem_gb 0.216
2026-10-01 22:36:13,602 | DEBUG | step 4209 epoch 3 loss 0.2841 step_s 0.0016 peak_mem_gb 0.216
2026-10-01 22:36:13,605 | DEBUG | step 4210 epoch 3 loss 0.1391 step_s 0.0017 peak_mem_gb 0.216
2026-10-01 22:36:13,607 | DEBUG | step 4211 epoch 3 loss 0.1995 step_s 0.0017 peak_mem_gb 0.216
2026-10-01 22:36:13,610 | DEBUG | step 4212 epoch 3 loss 0.2487 step_s 0.0016 peak_mem_gb 0.216
2026-10-01 22:36:13,612 | DEBUG | step 4213 epoch 3 loss 0.1941 step_s 0.0016 peak_mem_gb 0.216
2026-10-01 22:36:13,614 | DEBUG | step 4214 epoch 3 loss 0.1565 step_s 0.0016 peak_mem_gb 0.216
2026-10-01 22:36:13,617 | DEBUG | step 4215 epoch 3 loss 0.1584 step_s 0.0016 peak_mem_gb 0.216
2026-10-01 22:36:13,619 | DEBUG | step 4216 epoch 3 loss 0.1140 step_s 0.0016 peak_mem_gb 0.216
2026-10-01 22:36:13,621 | DEBUG | step 4217 epoch 3 loss 0.1150 step_s 0.0016 peak_mem_gb 0.216
2026-10-01 22:36:13,624 | DEBUG | step 4218 epoch 3 loss 0.1702 step_s 0.0016 peak_mem_gb 0.216
2026-10-01 22:36:13,626 | DEBUG | step 4219 epoch 3 loss 0.1252 step_s 0.0016 peak_mem_gb 0.216
2026-10-01 22:36:13,628 | DEBUG | step 4220 epoch 3 loss 0.0845 step_s 0.0017 peak_mem_gb 0.216
2026-10-01 22:36:13,631 | DEBUG | step 4221 epoch 3 loss 0.2344 step_s 0.0016 peak_mem_gb 0.216
2026-10-01 22:36:13,633 | DEBUG | step 4222 epoch 3 loss 0.0565 step_s 0.0016 peak_mem_gb 0.216
2026-10-01 22:36:13,635 | DEBUG | step 4223 epoch 3 loss 0.2157 step_s 0.0016 peak_mem_gb 0.216
2026-10-01 22:36:13,638 | DEBUG | step 4224 epoch 3 loss 0.1774 step_s 0.0016 peak_mem_gb 0.216
2026-10-01 22:36:13,640 | DEBUG | step 4225 epoch 3 loss 0.1136 step_s 0.0016 peak_mem_gb 0.216
2026-10-01 22:36:13,642 | DEBUG | step 4226 epoch 3 loss 0.0903 step_s 0.0016 peak_mem_gb 0.216
2026-10-01 22:36:13,644 | DEBUG | step 4227 epoch 3 loss 0.1386 step_s 0.0016 peak_mem_gb 0.216
2026-10-01 22:36:13,647 | DEBUG | step 4228 epoch 3 loss 0.0978 step_s 0.0016 peak_mem_gb 0.216
2026-10-01 22:36:13,649 | DEBUG | step 4229 epoch 3 loss 0.1409 step_s 0.0015 peak_mem_gb 0.216
2026-10-01 22:36:13,651 | DEBUG | step 4230 epoch 3 loss 0.2870 step_s 0.0015 peak_mem_gb 0.216
2026-10-01 22:36:13,653 | DEBUG | step 4231 epoch 3 loss 0.2156 step_s 0.0016 peak_mem_gb 0.216
2026-10-01 22:36:13,656 | DEBUG | step 4232 epoch 3 loss 0.2011 step_s 0.0016 peak_mem_gb 0.216
2026-10-01 22:36:13,658 | DEBUG | step 4233 epoch 3 loss 0.2021 step_s 0.0016 peak_mem_gb 0.216
2026-10-01 22:36:13,661 | DEBUG | step 4234 epoch 3 loss 0.1175 step_s 0.0016 peak_mem_gb 0.216
2026-10-01 22:36:13,663 | DEBUG | step 4235 epoch 3 loss 0.2052 step_s 0.0015 peak_mem_gb 0.216
2026-10-01 22:36:13,665 | DEBUG | step 4236 epoch 3 loss 0.1234 step_s 0.0016 peak_mem_gb 0.216
2026-10-01 22:36:13,667 | DEBUG | step 4237 epoch 3 loss 0.2022 step_s 0.0016 peak_mem_gb 0.216
2026-10-01 22:36:13,669 | DEBUG | step 4238 epoch 3 loss 0.0944 step_s 0.0016 peak_mem_gb 0.216
2026-10-01 22:36:13,672 | DEBUG | step 4239 epoch 3 loss 0.1367 step_s 0.0016 peak_mem_gb 0.216
2026-10-01 22:36:13,674 | DEBUG | step 4240 epoch 3 loss 0.1197 step_s 0.0015 peak_mem_gb 0.216
2026-10-01 22:36:13,676 | DEBUG | step 4241 epoch 3 loss 0.1422 step_s 0.0016 peak_mem_gb 0.216
2026-10-01 22:36:13,678 | DEBUG | step 4242 epoch 3 loss 0.2607 step_s 0.0016 peak_mem_gb 0.216
2026-10-01 22:36:13,681 | DEBUG | step 4243 epoch 3 loss 0.2012 step_s 0.0016 peak_mem_gb 0.216
2026-10-01 22:36:13,683 | DEBUG | step 4244 epoch 3 loss 0.2287 step_s 0.0016 peak_mem_gb 0.216
2026-10-01 22:36:13,685 | DEBUG | step 4245 epoch 3 loss 0.3051 step_s 0.0016 peak_mem_gb 0.216
2026-10-01 22:36:13,688 | DEBUG | step 4246 epoch 3 loss 0.0927 step_s 0.0017 peak_mem_gb 0.216
2026-10-01 22:36:13,690 | DEBUG | step 4247 epoch 3 loss 0.1801 step_s 0.0016 peak_mem_gb 0.216
2026-10-01 22:36:13,692 | DEBUG | step 4248 epoch 3 loss 0.2168 step_s 0.0016 peak_mem_gb 0.216
2026-10-01 22:36:13,694 | DEBUG | step 4249 epoch 3 loss 0.1763 step_s 0.0015 peak_mem_gb 0.216
2026-10-01 22:36:13,697 | DEBUG | step 4250 epoch 3 loss 0.0918 step_s 0.0016 peak_mem_gb 0.216
2026-10-01 22:36:13,699 | DEBUG | step 4251 epoch 3 loss 0.0789 step_s 0.0016 peak_mem_gb 0.216
2026-10-01 22:36:13,701 | DEBUG | step 4252 epoch 3 loss 0.2366 step_s 0.0016 peak_mem_gb 0.216
2026-10-01 22:36:13,704 | DEBUG | step 4253 epoch 3 loss 0.1221 step_s 0.0018 peak_mem_gb 0.216
2026-10-01 22:36:13,706 | DEBUG | step 4254 epoch 3 loss 0.1806 step_s 0.0016 peak_mem_gb 0.216
2026-10-01 22:36:13,708 | DEBUG | step 4255 epoch 3 loss 0.3909 step_s 0.0016 peak_mem_gb 0.216
2026-10-01 22:36:13,711 | DEBUG | step 4256 epoch 3 loss 0.2812 step_s 0.0016 peak_mem_gb 0.216
2026-10-01 22:36:13,713 | DEBUG | step 4257 epoch 3 loss 0.1346 step_s 0.0016 peak_mem_gb 0.216
2026-10-01 22:36:13,715 | DEBUG | step 4258 epoch 3 loss 0.1393 step_s 0.0016 peak_mem_gb 0.216
2026-10-01 22:36:13,717 | DEBUG | step 4259 epoch 3 loss 0.2824 step_s 0.0016 peak_mem_gb 0.216
2026-10-01 22:36:13,720 | DEBUG | step 4260 epoch 3 loss 0.0915 step_s 0.0017 peak_mem_gb 0.216
2026-10-01 22:36:13,722 | DEBUG | step 4261 epoch 3 loss 0.1933 step_s 0.0016 peak_mem_gb 0.216
2026-10-01 22:36:13,724 | DEBUG | step 4262 epoch 3 loss 0.1427 step_s 0.0015 peak_mem_gb 0.216
2026-10-01 22:36:13,727 | DEBUG | step 4263 epoch 3 loss 0.1542 step_s 0.0016 peak_mem_gb 0.216
2026-10-01 22:36:13,729 | DEBUG | step 4264 epoch 3 loss 0.1746 step_s 0.0016 peak_mem_gb 0.216
2026-10-01 22:36:13,731 | DEBUG | step 4265 epoch 3 loss 0.0847 step_s 0.0016 peak_mem_gb 0.216
2026-10-01 22:36:13,733 | DEBUG | step 4266 epoch 3 loss 0.0846 step_s 0.0016 peak_mem_gb 0.216
2026-10-01 22:36:13,736 | DEBUG | step 4267 epoch 3 loss 0.1844 step_s 0.0016 peak_mem_gb 0.216
2026-10-01 22:36:13,738 | DEBUG | step 4268 epoch 3 loss 0.1248 step_s 0.0016 peak_mem_gb 0.216
2026-10-01 22:36:13,740 | DEBUG | step 4269 epoch 3 loss 0.1136 step_s 0.0015 peak_mem_gb 0.216
2026-10-01 22:36:13,742 | DEBUG | step 4270 epoch 3 loss 0.2005 step_s 0.0016 peak_mem_gb 0.216
2026-10-01 22:36:13,745 | DEBUG | step 4271 epoch 3 loss 0.0921 step_s 0.0016 peak_mem_gb 0.216
2026-10-01 22:36:13,747 | DEBUG | step 4272 epoch 3 loss 0.1255 step_s 0.0015 peak_mem_gb 0.216
2026-10-01 22:36:13,749 | DEBUG | step 4273 epoch 3 loss 0.2935 step_s 0.0016 peak_mem_gb 0.216
2026-10-01 22:36:13,752 | DEBUG | step 4274 epoch 3 loss 0.1718 step_s 0.0017 peak_mem_gb 0.216
2026-10-01 22:36:13,754 | DEBUG | step 4275 epoch 3 loss 0.2292 step_s 0.0016 peak_mem_gb 0.216
2026-10-01 22:36:13,756 | DEBUG | step 4276 epoch 3 loss 0.1766 step_s 0.0016 peak_mem_gb 0.216
2026-10-01 22:36:13,759 | DEBUG | step 4277 epoch 3 loss 0.1560 step_s 0.0016 peak_mem_gb 0.216
2026-10-01 22:36:13,761 | DEBUG | step 4278 epoch 3 loss 0.2398 step_s 0.0016 peak_mem_gb 0.216
2026-10-01 22:36:13,763 | DEBUG | step 4279 epoch 3 loss 0.1889 step_s 0.0018 peak_mem_gb 0.216
2026-10-01 22:36:13,766 | DEBUG | step 4280 epoch 3 loss 0.3436 step_s 0.0016 peak_mem_gb 0.216
2026-10-01 22:36:13,768 | DEBUG | step 4281 epoch 3 loss 0.0953 step_s 0.0016 peak_mem_gb 0.216
2026-10-01 22:36:13,770 | DEBUG | step 4282 epoch 3 loss 0.2090 step_s 0.0016 peak_mem_gb 0.216
2026-10-01 22:36:13,773 | DEBUG | step 4283 epoch 3 loss 0.2683 step_s 0.0016 peak_mem_gb 0.216
2026-10-01 22:36:13,775 | DEBUG | step 4284 epoch 3 loss 0.1674 step_s 0.0015 peak_mem_gb 0.216
2026-10-01 22:36:13,777 | DEBUG | step 4285 epoch 3 loss 0.1764 step_s 0.0016 peak_mem_gb 0.216
2026-10-01 22:36:13,779 | DEBUG | step 4286 epoch 3 loss 0.1229 step_s 0.0015 peak_mem_gb 0.216
2026-10-01 22:36:13,782 | DEBUG | step 4287 epoch 3 loss 0.1308 step_s 0.0016 peak_mem_gb 0.216
2026-10-01 22:36:13,784 | DEBUG | step 4288 epoch 3 loss 0.1235 step_s 0.0015 peak_mem_gb 0.216
2026-10-01 22:36:13,786 | DEBUG | step 4289 epoch 3 loss 0.0992 step_s 0.0016 peak_mem_gb 0.216
2026-10-01 22:36:13,788 | DEBUG | step 4290 epoch 3 loss 0.2760 step_s 0.0016 peak_mem_gb 0.216
2026-10-01 22:36:13,791 | DEBUG | step 4291 epoch 3 loss 0.0848 step_s 0.0016 peak_mem_gb 0.216
2026-10-01 22:36:13,793 | DEBUG | step 4292 epoch 3 loss 0.0641 step_s 0.0016 peak_mem_gb 0.216
2026-10-01 22:36:13,795 | DEBUG | step 4293 epoch 3 loss 0.1168 step_s 0.0016 peak_mem_gb 0.216
2026-10-01 22:36:13,798 | DEBUG | step 4294 epoch 3 loss 0.0926 step_s 0.0017 peak_mem_gb 0.216
2026-10-01 22:36:13,800 | DEBUG | step 4295 epoch 3 loss 0.2336 step_s 0.0016 peak_mem_gb 0.216
2026-10-01 22:36:13,802 | DEBUG | step 4296 epoch 3 loss 0.1316 step_s 0.0015 peak_mem_gb 0.216
2026-10-01 22:36:13,805 | DEBUG | step 4297 epoch 3 loss 0.2806 step_s 0.0016 peak_mem_gb 0.216
2026-10-01 22:36:13,807 | DEBUG | step 4298 epoch 3 loss 0.0707 step_s 0.0015 peak_mem_gb 0.216
2026-10-01 22:36:13,809 | DEBUG | step 4299 epoch 3 loss 0.0678 step_s 0.0016 peak_mem_gb 0.216
2026-10-01 22:36:13,811 | DEBUG | step 4300 epoch 3 loss 0.1506 step_s 0.0016 peak_mem_gb 0.216
2026-10-01 22:36:13,814 | DEBUG | step 4301 epoch 3 loss 0.1990 step_s 0.0020 peak_mem_gb 0.216
2026-10-01 22:36:13,816 | DEBUG | step 4302 epoch 3 loss 0.1236 step_s 0.0016 peak_mem_gb 0.216
2026-10-01 22:36:13,819 | DEBUG | step 4303 epoch 3 loss 0.1505 step_s 0.0016 peak_mem_gb 0.216
2026-10-01 22:36:13,821 | DEBUG | step 4304 epoch 3 loss 0.2325 step_s 0.0016 peak_mem_gb 0.216
2026-10-01 22:36:13,823 | DEBUG | step 4305 epoch 3 loss 0.1198 step_s 0.0016 peak_mem_gb 0.216
2026-10-01 22:36:13,826 | DEBUG | step 4306 epoch 3 loss 0.1184 step_s 0.0017 peak_mem_gb 0.216
2026-10-01 22:36:13,828 | DEBUG | step 4307 epoch 3 loss 0.2208 step_s 0.0016 peak_mem_gb 0.216
2026-10-01 22:36:13,830 | DEBUG | step 4308 epoch 3 loss 0.1747 step_s 0.0016 peak_mem_gb 0.216
2026-10-01 22:36:13,832 | DEBUG | step 4309 epoch 3 loss 0.1602 step_s 0.0016 peak_mem_gb 0.216
2026-10-01 22:36:13,835 | DEBUG | step 4310 epoch 3 loss 0.2363 step_s 0.0016 peak_mem_gb 0.216
2026-10-01 22:36:13,837 | DEBUG | step 4311 epoch 3 loss 0.1701 step_s 0.0016 peak_mem_gb 0.216
2026-10-01 22:36:13,839 | DEBUG | step 4312 epoch 3 loss 0.1208 step_s 0.0015 peak_mem_gb 0.216
2026-10-01 22:36:13,841 | DEBUG | step 4313 epoch 3 loss 0.1407 step_s 0.0016 peak_mem_gb 0.216
2026-10-01 22:36:13,844 | DEBUG | step 4314 epoch 3 loss 0.1680 step_s 0.0016 peak_mem_gb 0.216
2026-10-01 22:36:13,846 | DEBUG | step 4315 epoch 3 loss 0.0593 step_s 0.0017 peak_mem_gb 0.216
2026-10-01 22:36:13,849 | DEBUG | step 4316 epoch 3 loss 0.1358 step_s 0.0016 peak_mem_gb 0.216
2026-10-01 22:36:13,851 | DEBUG | step 4317 epoch 3 loss 0.0986 step_s 0.0016 peak_mem_gb 0.216
2026-10-01 22:36:13,853 | DEBUG | step 4318 epoch 3 loss 0.1533 step_s 0.0016 peak_mem_gb 0.216
2026-10-01 22:36:13,855 | DEBUG | step 4319 epoch 3 loss 0.0814 step_s 0.0015 peak_mem_gb 0.216
2026-10-01 22:36:13,858 | DEBUG | step 4320 epoch 3 loss 0.1769 step_s 0.0015 peak_mem_gb 0.216
2026-10-01 22:36:13,860 | DEBUG | step 4321 epoch 3 loss 0.1489 step_s 0.0016 peak_mem_gb 0.216
2026-10-01 22:36:13,862 | DEBUG | step 4322 epoch 3 loss 0.1338 step_s 0.0016 peak_mem_gb 0.216
2026-10-01 22:36:13,865 | DEBUG | step 4323 epoch 3 loss 0.1602 step_s 0.0017 peak_mem_gb 0.216
2026-10-01 22:36:13,867 | DEBUG | step 4324 epoch 3 loss 0.1405 step_s 0.0016 peak_mem_gb 0.216
2026-10-01 22:36:13,869 | DEBUG | step 4325 epoch 3 loss 0.1641 step_s 0.0016 peak_mem_gb 0.216
2026-10-01 22:36:13,871 | DEBUG | step 4326 epoch 3 loss 0.2105 step_s 0.0015 peak_mem_gb 0.216
2026-10-01 22:36:13,874 | DEBUG | step 4327 epoch 3 loss 0.1578 step_s 0.0016 peak_mem_gb 0.216
2026-10-01 22:36:13,876 | DEBUG | step 4328 epoch 3 loss 0.1870 step_s 0.0016 peak_mem_gb 0.216
2026-10-01 22:36:13,878 | DEBUG | step 4329 epoch 3 loss 0.1226 step_s 0.0016 peak_mem_gb 0.216
2026-10-01 22:36:13,880 | DEBUG | step 4330 epoch 3 loss 0.1826 step_s 0.0016 peak_mem_gb 0.216
2026-10-01 22:36:13,883 | DEBUG | step 4331 epoch 3 loss 0.1120 step_s 0.0016 peak_mem_gb 0.216
2026-10-01 22:36:13,885 | DEBUG | step 4332 epoch 3 loss 0.3425 step_s 0.0016 peak_mem_gb 0.216
2026-10-01 22:36:13,887 | DEBUG | step 4333 epoch 3 loss 0.1482 step_s 0.0016 peak_mem_gb 0.216
2026-10-01 22:36:13,890 | DEBUG | step 4334 epoch 3 loss 0.2713 step_s 0.0016 peak_mem_gb 0.216
2026-10-01 22:36:13,892 | DEBUG | step 4335 epoch 3 loss 0.1717 step_s 0.0015 peak_mem_gb 0.216
2026-10-01 22:36:13,894 | DEBUG | step 4336 epoch 3 loss 0.1115 step_s 0.0016 peak_mem_gb 0.216
2026-10-01 22:36:13,897 | DEBUG | step 4337 epoch 3 loss 0.1571 step_s 0.0016 peak_mem_gb 0.216
2026-10-01 22:36:13,899 | DEBUG | step 4338 epoch 3 loss 0.1583 step_s 0.0015 peak_mem_gb 0.216
2026-10-01 22:36:13,901 | DEBUG | step 4339 epoch 3 loss 0.1737 step_s 0.0016 peak_mem_gb 0.216
2026-10-01 22:36:13,903 | DEBUG | step 4340 epoch 3 loss 0.0864 step_s 0.0016 peak_mem_gb 0.216
2026-10-01 22:36:13,906 | DEBUG | step 4341 epoch 3 loss 0.1723 step_s 0.0016 peak_mem_gb 0.216
2026-10-01 22:36:13,908 | DEBUG | step 4342 epoch 3 loss 0.1332 step_s 0.0016 peak_mem_gb 0.216
2026-10-01 22:36:13,910 | DEBUG | step 4343 epoch 3 loss 0.0880 step_s 0.0016 peak_mem_gb 0.216
2026-10-01 22:36:13,913 | DEBUG | step 4344 epoch 3 loss 0.0732 step_s 0.0016 peak_mem_gb 0.216
2026-10-01 22:36:13,915 | DEBUG | step 4345 epoch 3 loss 0.2118 step_s 0.0016 peak_mem_gb 0.216
2026-10-01 22:36:13,917 | DEBUG | step 4346 epoch 3 loss 0.1655 step_s 0.0016 peak_mem_gb 0.216
2026-10-01 22:36:13,919 | DEBUG | step 4347 epoch 3 loss 0.1234 step_s 0.0015 peak_mem_gb 0.216
2026-10-01 22:36:13,922 | DEBUG | step 4348 epoch 3 loss 0.2103 step_s 0.0016 peak_mem_gb 0.216
2026-10-01 22:36:13,924 | DEBUG | step 4349 epoch 3 loss 0.1344 step_s 0.0016 peak_mem_gb 0.216
2026-10-01 22:36:13,926 | DEBUG | step 4350 epoch 3 loss 0.1142 step_s 0.0016 peak_mem_gb 0.216
2026-10-01 22:36:13,929 | DEBUG | step 4351 epoch 3 loss 0.0994 step_s 0.0016 peak_mem_gb 0.216
2026-10-01 22:36:13,931 | DEBUG | step 4352 epoch 3 loss 0.1494 step_s 0.0016 peak_mem_gb 0.216
2026-10-01 22:36:13,933 | DEBUG | step 4353 epoch 3 loss 0.1957 step_s 0.0016 peak_mem_gb 0.216
2026-10-01 22:36:13,936 | DEBUG | step 4354 epoch 3 loss 0.1526 step_s 0.0016 peak_mem_gb 0.216
2026-10-01 22:36:13,938 | DEBUG | step 4355 epoch 3 loss 0.1964 step_s 0.0016 peak_mem_gb 0.216
2026-10-01 22:36:13,940 | DEBUG | step 4356 epoch 3 loss 0.1651 step_s 0.0017 peak_mem_gb 0.216
2026-10-01 22:36:13,943 | DEBUG | step 4357 epoch 3 loss 0.1728 step_s 0.0017 peak_mem_gb 0.216
2026-10-01 22:36:13,945 | DEBUG | step 4358 epoch 3 loss 0.2143 step_s 0.0016 peak_mem_gb 0.216
2026-10-01 22:36:13,947 | DEBUG | step 4359 epoch 3 loss 0.2709 step_s 0.0016 peak_mem_gb 0.216
2026-10-01 22:36:13,949 | DEBUG | step 4360 epoch 3 loss 0.1233 step_s 0.0016 peak_mem_gb 0.216
2026-10-01 22:36:13,952 | DEBUG | step 4361 epoch 3 loss 0.1580 step_s 0.0016 peak_mem_gb 0.216
2026-10-01 22:36:13,954 | DEBUG | step 4362 epoch 3 loss 0.1159 step_s 0.0016 peak_mem_gb 0.216
2026-10-01 22:36:13,956 | DEBUG | step 4363 epoch 3 loss 0.1275 step_s 0.0016 peak_mem_gb 0.216
2026-10-01 22:36:13,958 | DEBUG | step 4364 epoch 3 loss 0.1314 step_s 0.0016 peak_mem_gb 0.216
2026-10-01 22:36:13,961 | DEBUG | step 4365 epoch 3 loss 0.0983 step_s 0.0016 peak_mem_gb 0.216
2026-10-01 22:36:13,963 | DEBUG | step 4366 epoch 3 loss 0.0907 step_s 0.0016 peak_mem_gb 0.216
2026-10-01 22:36:13,965 | DEBUG | step 4367 epoch 3 loss 0.0621 step_s 0.0016 peak_mem_gb 0.216
2026-10-01 22:36:13,968 | DEBUG | step 4368 epoch 3 loss 0.1526 step_s 0.0016 peak_mem_gb 0.216
2026-10-01 22:36:13,970 | DEBUG | step 4369 epoch 3 loss 0.1698 step_s 0.0016 peak_mem_gb 0.216
2026-10-01 22:36:13,973 | DEBUG | step 4370 epoch 3 loss 0.2410 step_s 0.0022 peak_mem_gb 0.216
2026-10-01 22:36:13,975 | DEBUG | step 4371 epoch 3 loss 0.1160 step_s 0.0016 peak_mem_gb 0.216
2026-10-01 22:36:13,977 | DEBUG | step 4372 epoch 3 loss 0.1342 step_s 0.0017 peak_mem_gb 0.216
2026-10-01 22:36:13,980 | DEBUG | step 4373 epoch 3 loss 0.1199 step_s 0.0016 peak_mem_gb 0.216
2026-10-01 22:36:13,982 | DEBUG | step 4374 epoch 3 loss 0.0879 step_s 0.0016 peak_mem_gb 0.216
2026-10-01 22:36:13,984 | DEBUG | step 4375 epoch 3 loss 0.1979 step_s 0.0015 peak_mem_gb 0.216
2026-10-01 22:36:13,986 | DEBUG | step 4376 epoch 3 loss 0.0728 step_s 0.0016 peak_mem_gb 0.216
2026-10-01 22:36:13,989 | DEBUG | step 4377 epoch 3 loss 0.1051 step_s 0.0017 peak_mem_gb 0.216
2026-10-01 22:36:13,991 | DEBUG | step 4378 epoch 3 loss 0.0846 step_s 0.0015 peak_mem_gb 0.216
2026-10-01 22:36:13,994 | DEBUG | step 4379 epoch 3 loss 0.1377 step_s 0.0016 peak_mem_gb 0.216
2026-10-01 22:36:13,996 | DEBUG | step 4380 epoch 3 loss 0.1064 step_s 0.0016 peak_mem_gb 0.216
2026-10-01 22:36:13,998 | DEBUG | step 4381 epoch 3 loss 0.1402 step_s 0.0016 peak_mem_gb 0.216
2026-10-01 22:36:14,000 | DEBUG | step 4382 epoch 3 loss 0.0949 step_s 0.0015 peak_mem_gb 0.216
2026-10-01 22:36:14,002 | DEBUG | step 4383 epoch 3 loss 0.2365 step_s 0.0015 peak_mem_gb 0.216
2026-10-01 22:36:14,005 | DEBUG | step 4384 epoch 3 loss 0.2172 step_s 0.0018 peak_mem_gb 0.216
2026-10-01 22:36:14,007 | DEBUG | step 4385 epoch 3 loss 0.1017 step_s 0.0016 peak_mem_gb 0.216
2026-10-01 22:36:14,009 | DEBUG | step 4386 epoch 3 loss 0.3056 step_s 0.0016 peak_mem_gb 0.216
2026-10-01 22:36:14,012 | DEBUG | step 4387 epoch 3 loss 0.1754 step_s 0.0016 peak_mem_gb 0.216
2026-10-01 22:36:14,014 | DEBUG | step 4388 epoch 3 loss 0.1028 step_s 0.0016 peak_mem_gb 0.216
2026-10-01 22:36:14,016 | DEBUG | step 4389 epoch 3 loss 0.1776 step_s 0.0015 peak_mem_gb 0.216
2026-10-01 22:36:14,018 | DEBUG | step 4390 epoch 3 loss 0.2693 step_s 0.0016 peak_mem_gb 0.216
2026-10-01 22:36:14,021 | DEBUG | step 4391 epoch 3 loss 0.2661 step_s 0.0017 peak_mem_gb 0.216
2026-10-01 22:36:14,023 | DEBUG | step 4392 epoch 3 loss 0.2846 step_s 0.0015 peak_mem_gb 0.216
2026-10-01 22:36:14,025 | DEBUG | step 4393 epoch 3 loss 0.2032 step_s 0.0017 peak_mem_gb 0.216
2026-10-01 22:36:14,028 | DEBUG | step 4394 epoch 3 loss 0.2452 step_s 0.0016 peak_mem_gb 0.216
2026-10-01 22:36:14,030 | DEBUG | step 4395 epoch 3 loss 0.1763 step_s 0.0016 peak_mem_gb 0.216
2026-10-01 22:36:14,032 | DEBUG | step 4396 epoch 3 loss 0.2011 step_s 0.0016 peak_mem_gb 0.216
2026-10-01 22:36:14,035 | DEBUG | step 4397 epoch 3 loss 0.1191 step_s 0.0016 peak_mem_gb 0.216
2026-10-01 22:36:14,037 | DEBUG | step 4398 epoch 3 loss 0.2280 step_s 0.0018 peak_mem_gb 0.216
2026-10-01 22:36:14,039 | DEBUG | step 4399 epoch 3 loss 0.2056 step_s 0.0016 peak_mem_gb 0.216
2026-10-01 22:36:14,042 | INFO | step 4400 epoch 3 loss 0.1652 step_s 0.0016 peak_mem_gb 0.216
2026-10-01 22:36:14,045 | DEBUG | step 4401 epoch 3 loss 0.2128 step_s 0.0018 peak_mem_gb 0.216
2026-10-01 22:36:14,048 | DEBUG | step 4402 epoch 3 loss 0.2032 step_s 0.0017 peak_mem_gb 0.216
2026-10-01 22:36:14,050 | DEBUG | step 4403 epoch 3 loss 0.1253 step_s 0.0022 peak_mem_gb 0.216
2026-10-01 22:36:14,053 | DEBUG | step 4404 epoch 3 loss 0.1748 step_s 0.0019 peak_mem_gb 0.216
2026-10-01 22:36:14,056 | DEBUG | step 4405 epoch 3 loss 0.1730 step_s 0.0016 peak_mem_gb 0.216
2026-10-01 22:36:14,058 | DEBUG | step 4406 epoch 3 loss 0.2134 step_s 0.0016 peak_mem_gb 0.216
2026-10-01 22:36:14,060 | DEBUG | step 4407 epoch 3 loss 0.1684 step_s 0.0016 peak_mem_gb 0.216
2026-10-01 22:36:14,062 | DEBUG | step 4408 epoch 3 loss 0.2083 step_s 0.0015 peak_mem_gb 0.216
2026-10-01 22:36:14,065 | DEBUG | step 4409 epoch 3 loss 0.1368 step_s 0.0016 peak_mem_gb 0.216
2026-10-01 22:36:14,068 | DEBUG | step 4410 epoch 3 loss 0.1501 step_s 0.0020 peak_mem_gb 0.216
2026-10-01 22:36:14,070 | DEBUG | step 4411 epoch 3 loss 0.1619 step_s 0.0019 peak_mem_gb 0.216
2026-10-01 22:36:14,073 | DEBUG | step 4412 epoch 3 loss 0.1595 step_s 0.0016 peak_mem_gb 0.216
2026-10-01 22:36:14,075 | DEBUG | step 4413 epoch 3 loss 0.1786 step_s 0.0017 peak_mem_gb 0.216
2026-10-01 22:36:14,078 | DEBUG | step 4414 epoch 3 loss 0.1683 step_s 0.0016 peak_mem_gb 0.216
2026-10-01 22:36:14,080 | DEBUG | step 4415 epoch 3 loss 0.0910 step_s 0.0016 peak_mem_gb 0.216
2026-10-01 22:36:14,082 | DEBUG | step 4416 epoch 3 loss 0.1524 step_s 0.0016 peak_mem_gb 0.216
2026-10-01 22:36:14,085 | DEBUG | step 4417 epoch 3 loss 0.1498 step_s 0.0016 peak_mem_gb 0.216
2026-10-01 22:36:14,087 | DEBUG | step 4418 epoch 3 loss 0.1567 step_s 0.0016 peak_mem_gb 0.216
2026-10-01 22:36:14,089 | DEBUG | step 4419 epoch 3 loss 0.0801 step_s 0.0016 peak_mem_gb 0.216
2026-10-01 22:36:14,092 | DEBUG | step 4420 epoch 3 loss 0.2328 step_s 0.0018 peak_mem_gb 0.216
2026-10-01 22:36:14,094 | DEBUG | step 4421 epoch 3 loss 0.1284 step_s 0.0016 peak_mem_gb 0.216
2026-10-01 22:36:14,096 | DEBUG | step 4422 epoch 3 loss 0.2752 step_s 0.0016 peak_mem_gb 0.216
2026-10-01 22:36:14,099 | DEBUG | step 4423 epoch 3 loss 0.1954 step_s 0.0015 peak_mem_gb 0.216
2026-10-01 22:36:14,101 | DEBUG | step 4424 epoch 3 loss 0.0998 step_s 0.0016 peak_mem_gb 0.216
2026-10-01 22:36:14,103 | DEBUG | step 4425 epoch 3 loss 0.0692 step_s 0.0016 peak_mem_gb 0.216
2026-10-01 22:36:14,106 | DEBUG | step 4426 epoch 3 loss 0.2074 step_s 0.0016 peak_mem_gb 0.216
2026-10-01 22:36:14,109 | DEBUG | step 4427 epoch 3 loss 0.1260 step_s 0.0023 peak_mem_gb 0.216
2026-10-01 22:36:14,112 | DEBUG | step 4428 epoch 3 loss 0.0793 step_s 0.0019 peak_mem_gb 0.216
2026-10-01 22:36:14,115 | DEBUG | step 4429 epoch 3 loss 0.1470 step_s 0.0017 peak_mem_gb 0.216
2026-10-01 22:36:14,117 | DEBUG | step 4430 epoch 3 loss 0.1783 step_s 0.0017 peak_mem_gb 0.216
2026-10-01 22:36:14,119 | DEBUG | step 4431 epoch 3 loss 0.2997 step_s 0.0016 peak_mem_gb 0.216
2026-10-01 22:36:14,122 | DEBUG | step 4432 epoch 3 loss 0.0859 step_s 0.0016 peak_mem_gb 0.216
2026-10-01 22:36:14,124 | DEBUG | step 4433 epoch 3 loss 0.1896 step_s 0.0016 peak_mem_gb 0.216
2026-10-01 22:36:14,127 | DEBUG | step 4434 epoch 3 loss 0.1794 step_s 0.0016 peak_mem_gb 0.216
2026-10-01 22:36:14,129 | DEBUG | step 4435 epoch 3 loss 0.1072 step_s 0.0016 peak_mem_gb 0.216
2026-10-01 22:36:14,131 | DEBUG | step 4436 epoch 3 loss 0.2161 step_s 0.0016 peak_mem_gb 0.216
2026-10-01 22:36:14,133 | DEBUG | step 4437 epoch 3 loss 0.1474 step_s 0.0016 peak_mem_gb 0.216
2026-10-01 22:36:14,136 | DEBUG | step 4438 epoch 3 loss 0.2284 step_s 0.0015 peak_mem_gb 0.216
2026-10-01 22:36:14,138 | DEBUG | step 4439 epoch 3 loss 0.0661 step_s 0.0015 peak_mem_gb 0.216
2026-10-01 22:36:14,140 | DEBUG | step 4440 epoch 3 loss 0.1211 step_s 0.0017 peak_mem_gb 0.216
2026-10-01 22:36:14,143 | DEBUG | step 4441 epoch 3 loss 0.1550 step_s 0.0016 peak_mem_gb 0.216
2026-10-01 22:36:14,145 | DEBUG | step 4442 epoch 3 loss 0.2112 step_s 0.0017 peak_mem_gb 0.216
2026-10-01 22:36:14,148 | DEBUG | step 4443 epoch 3 loss 0.1074 step_s 0.0016 peak_mem_gb 0.216
2026-10-01 22:36:14,150 | DEBUG | step 4444 epoch 3 loss 0.1200 step_s 0.0016 peak_mem_gb 0.216
2026-10-01 22:36:14,153 | DEBUG | step 4445 epoch 3 loss 0.1361 step_s 0.0017 peak_mem_gb 0.216
2026-10-01 22:36:14,155 | DEBUG | step 4446 epoch 3 loss 0.1232 step_s 0.0016 peak_mem_gb 0.216
2026-10-01 22:36:14,158 | DEBUG | step 4447 epoch 3 loss 0.1859 step_s 0.0021 peak_mem_gb 0.216
2026-10-01 22:36:14,161 | DEBUG | step 4448 epoch 3 loss 0.0607 step_s 0.0017 peak_mem_gb 0.216
2026-10-01 22:36:14,164 | DEBUG | step 4449 epoch 3 loss 0.2142 step_s 0.0017 peak_mem_gb 0.216
2026-10-01 22:36:14,166 | DEBUG | step 4450 epoch 3 loss 0.2356 step_s 0.0016 peak_mem_gb 0.216
2026-10-01 22:36:14,169 | DEBUG | step 4451 epoch 3 loss 0.3090 step_s 0.0017 peak_mem_gb 0.216
2026-10-01 22:36:14,171 | DEBUG | step 4452 epoch 3 loss 0.1326 step_s 0.0015 peak_mem_gb 0.216
2026-10-01 22:36:14,174 | DEBUG | step 4453 epoch 3 loss 0.1517 step_s 0.0016 peak_mem_gb 0.216
2026-10-01 22:36:14,176 | DEBUG | step 4454 epoch 3 loss 0.2239 step_s 0.0017 peak_mem_gb 0.216
2026-10-01 22:36:14,178 | DEBUG | step 4455 epoch 3 loss 0.3211 step_s 0.0016 peak_mem_gb 0.216
2026-10-01 22:36:14,181 | DEBUG | step 4456 epoch 3 loss 0.2247 step_s 0.0016 peak_mem_gb 0.216
2026-10-01 22:36:14,183 | DEBUG | step 4457 epoch 3 loss 0.2127 step_s 0.0016 peak_mem_gb 0.216
2026-10-01 22:36:14,185 | DEBUG | step 4458 epoch 3 loss 0.1765 step_s 0.0016 peak_mem_gb 0.216
2026-10-01 22:36:14,187 | DEBUG | step 4459 epoch 3 loss 0.2032 step_s 0.0016 peak_mem_gb 0.216
2026-10-01 22:36:14,190 | DEBUG | step 4460 epoch 3 loss 0.1886 step_s 0.0016 peak_mem_gb 0.216
2026-10-01 22:36:14,192 | DEBUG | step 4461 epoch 3 loss 0.1021 step_s 0.0015 peak_mem_gb 0.216
2026-10-01 22:36:14,194 | DEBUG | step 4462 epoch 3 loss 0.1240 step_s 0.0016 peak_mem_gb 0.216
2026-10-01 22:36:14,196 | DEBUG | step 4463 epoch 3 loss 0.1306 step_s 0.0015 peak_mem_gb 0.216
2026-10-01 22:36:14,199 | DEBUG | step 4464 epoch 3 loss 0.1810 step_s 0.0016 peak_mem_gb 0.216
2026-10-01 22:36:14,201 | DEBUG | step 4465 epoch 3 loss 0.0654 step_s 0.0016 peak_mem_gb 0.216
2026-10-01 22:36:14,203 | DEBUG | step 4466 epoch 3 loss 0.1222 step_s 0.0015 peak_mem_gb 0.216
2026-10-01 22:36:14,206 | DEBUG | step 4467 epoch 3 loss 0.1429 step_s 0.0017 peak_mem_gb 0.216
2026-10-01 22:36:14,208 | DEBUG | step 4468 epoch 3 loss 0.1656 step_s 0.0015 peak_mem_gb 0.216
2026-10-01 22:36:14,210 | DEBUG | step 4469 epoch 3 loss 0.1675 step_s 0.0015 peak_mem_gb 0.216
2026-10-01 22:36:14,212 | DEBUG | step 4470 epoch 3 loss 0.0525 step_s 0.0016 peak_mem_gb 0.216
2026-10-01 22:36:14,214 | DEBUG | step 4471 epoch 3 loss 0.1250 step_s 0.0016 peak_mem_gb 0.216
2026-10-01 22:36:14,217 | DEBUG | step 4472 epoch 3 loss 0.2698 step_s 0.0016 peak_mem_gb 0.216
2026-10-01 22:36:14,219 | DEBUG | step 4473 epoch 3 loss 0.1163 step_s 0.0016 peak_mem_gb 0.216
2026-10-01 22:36:14,221 | DEBUG | step 4474 epoch 3 loss 0.1384 step_s 0.0016 peak_mem_gb 0.216
2026-10-01 22:36:14,224 | DEBUG | step 4475 epoch 3 loss 0.0987 step_s 0.0015 peak_mem_gb 0.216
2026-10-01 22:36:14,226 | DEBUG | step 4476 epoch 3 loss 0.2684 step_s 0.0016 peak_mem_gb 0.216
2026-10-01 22:36:14,228 | DEBUG | step 4477 epoch 3 loss 0.1450 step_s 0.0016 peak_mem_gb 0.216
2026-10-01 22:36:14,230 | DEBUG | step 4478 epoch 3 loss 0.1063 step_s 0.0016 peak_mem_gb 0.216
2026-10-01 22:36:14,233 | DEBUG | step 4479 epoch 3 loss 0.2313 step_s 0.0016 peak_mem_gb 0.216
2026-10-01 22:36:14,235 | DEBUG | step 4480 epoch 3 loss 0.2405 step_s 0.0016 peak_mem_gb 0.216
2026-10-01 22:36:14,238 | DEBUG | step 4481 epoch 3 loss 0.0473 step_s 0.0022 peak_mem_gb 0.216
2026-10-01 22:36:14,240 | DEBUG | step 4482 epoch 3 loss 0.1304 step_s 0.0016 peak_mem_gb 0.216
2026-10-01 22:36:14,242 | DEBUG | step 4483 epoch 3 loss 0.0973 step_s 0.0016 peak_mem_gb 0.216
2026-10-01 22:36:14,245 | DEBUG | step 4484 epoch 3 loss 0.0857 step_s 0.0017 peak_mem_gb 0.216
2026-10-01 22:36:14,247 | DEBUG | step 4485 epoch 3 loss 0.0828 step_s 0.0016 peak_mem_gb 0.216
2026-10-01 22:36:14,249 | DEBUG | step 4486 epoch 3 loss 0.1636 step_s 0.0016 peak_mem_gb 0.216
2026-10-01 22:36:14,251 | DEBUG | step 4487 epoch 3 loss 0.2102 step_s 0.0015 peak_mem_gb 0.216
2026-10-01 22:36:14,254 | DEBUG | step 4488 epoch 3 loss 0.0686 step_s 0.0017 peak_mem_gb 0.216
2026-10-01 22:36:14,256 | DEBUG | step 4489 epoch 3 loss 0.2170 step_s 0.0015 peak_mem_gb 0.216
2026-10-01 22:36:14,258 | DEBUG | step 4490 epoch 3 loss 0.0935 step_s 0.0015 peak_mem_gb 0.216
2026-10-01 22:36:14,261 | DEBUG | step 4491 epoch 3 loss 0.1028 step_s 0.0016 peak_mem_gb 0.216
2026-10-01 22:36:14,263 | DEBUG | step 4492 epoch 3 loss 0.1779 step_s 0.0015 peak_mem_gb 0.216
2026-10-01 22:36:14,265 | DEBUG | step 4493 epoch 3 loss 0.1066 step_s 0.0016 peak_mem_gb 0.216
2026-10-01 22:36:14,268 | DEBUG | step 4494 epoch 3 loss 0.1545 step_s 0.0016 peak_mem_gb 0.216
2026-10-01 22:36:14,270 | DEBUG | step 4495 epoch 3 loss 0.1496 step_s 0.0017 peak_mem_gb 0.216
2026-10-01 22:36:14,272 | DEBUG | step 4496 epoch 3 loss 0.1959 step_s 0.0016 peak_mem_gb 0.216
2026-10-01 22:36:14,275 | DEBUG | step 4497 epoch 3 loss 0.1240 step_s 0.0016 peak_mem_gb 0.216
2026-10-01 22:36:14,277 | DEBUG | step 4498 epoch 3 loss 0.1619 step_s 0.0016 peak_mem_gb 0.216
2026-10-01 22:36:14,279 | DEBUG | step 4499 epoch 3 loss 0.1423 step_s 0.0015 peak_mem_gb 0.216
2026-10-01 22:36:14,281 | DEBUG | step 4500 epoch 3 loss 0.0569 step_s 0.0016 peak_mem_gb 0.216
2026-10-01 22:36:14,284 | DEBUG | step 4501 epoch 3 loss 0.2411 step_s 0.0015 peak_mem_gb 0.216
2026-10-01 22:36:14,286 | DEBUG | step 4502 epoch 3 loss 0.1223 step_s 0.0016 peak_mem_gb 0.216
2026-10-01 22:36:14,288 | DEBUG | step 4503 epoch 3 loss 0.2791 step_s 0.0015 peak_mem_gb 0.216
2026-10-01 22:36:14,290 | DEBUG | step 4504 epoch 3 loss 0.1209 step_s 0.0015 peak_mem_gb 0.216
2026-10-01 22:36:14,293 | DEBUG | step 4505 epoch 3 loss 0.1647 step_s 0.0016 peak_mem_gb 0.216
2026-10-01 22:36:14,295 | DEBUG | step 4506 epoch 3 loss 0.1961 step_s 0.0016 peak_mem_gb 0.216
2026-10-01 22:36:14,297 | DEBUG | step 4507 epoch 3 loss 0.1882 step_s 0.0016 peak_mem_gb 0.216
2026-10-01 22:36:14,300 | DEBUG | step 4508 epoch 3 loss 0.1319 step_s 0.0016 peak_mem_gb 0.216
2026-10-01 22:36:14,302 | DEBUG | step 4509 epoch 3 loss 0.2042 step_s 0.0016 peak_mem_gb 0.216
2026-10-01 22:36:14,304 | DEBUG | step 4510 epoch 3 loss 0.1372 step_s 0.0016 peak_mem_gb 0.216
2026-10-01 22:36:14,306 | DEBUG | step 4511 epoch 3 loss 0.1377 step_s 0.0016 peak_mem_gb 0.216
2026-10-01 22:36:14,309 | DEBUG | step 4512 epoch 3 loss 0.2215 step_s 0.0016 peak_mem_gb 0.216
2026-10-01 22:36:14,311 | DEBUG | step 4513 epoch 3 loss 0.2033 step_s 0.0016 peak_mem_gb 0.216
2026-10-01 22:36:14,313 | DEBUG | step 4514 epoch 3 loss 0.1285 step_s 0.0016 peak_mem_gb 0.216
2026-10-01 22:36:14,316 | DEBUG | step 4515 epoch 3 loss 0.2303 step_s 0.0016 peak_mem_gb 0.216
2026-10-01 22:36:14,318 | DEBUG | step 4516 epoch 3 loss 0.3285 step_s 0.0016 peak_mem_gb 0.216
2026-10-01 22:36:14,320 | DEBUG | step 4517 epoch 3 loss 0.1640 step_s 0.0016 peak_mem_gb 0.216
2026-10-01 22:36:14,322 | DEBUG | step 4518 epoch 3 loss 0.1043 step_s 0.0016 peak_mem_gb 0.216
2026-10-01 22:36:14,325 | DEBUG | step 4519 epoch 3 loss 0.0592 step_s 0.0016 peak_mem_gb 0.216
2026-10-01 22:36:14,327 | DEBUG | step 4520 epoch 3 loss 0.1482 step_s 0.0016 peak_mem_gb 0.216
2026-10-01 22:36:14,329 | DEBUG | step 4521 epoch 3 loss 0.0855 step_s 0.0016 peak_mem_gb 0.216
2026-10-01 22:36:14,331 | DEBUG | step 4522 epoch 3 loss 0.0828 step_s 0.0016 peak_mem_gb 0.216
2026-10-01 22:36:14,334 | DEBUG | step 4523 epoch 3 loss 0.1066 step_s 0.0016 peak_mem_gb 0.216
2026-10-01 22:36:14,336 | DEBUG | step 4524 epoch 3 loss 0.1686 step_s 0.0016 peak_mem_gb 0.216
2026-10-01 22:36:14,338 | DEBUG | step 4525 epoch 3 loss 0.2716 step_s 0.0016 peak_mem_gb 0.216
2026-10-01 22:36:14,341 | DEBUG | step 4526 epoch 3 loss 0.0915 step_s 0.0017 peak_mem_gb 0.216
2026-10-01 22:36:14,343 | DEBUG | step 4527 epoch 3 loss 0.2062 step_s 0.0016 peak_mem_gb 0.216
2026-10-01 22:36:14,345 | DEBUG | step 4528 epoch 3 loss 0.1410 step_s 0.0017 peak_mem_gb 0.216
2026-10-01 22:36:14,348 | DEBUG | step 4529 epoch 3 loss 0.2057 step_s 0.0017 peak_mem_gb 0.216
2026-10-01 22:36:14,350 | DEBUG | step 4530 epoch 3 loss 0.0526 step_s 0.0016 peak_mem_gb 0.216
2026-10-01 22:36:14,352 | DEBUG | step 4531 epoch 3 loss 0.1690 step_s 0.0016 peak_mem_gb 0.216
2026-10-01 22:36:14,354 | DEBUG | step 4532 epoch 3 loss 0.1007 step_s 0.0015 peak_mem_gb 0.216
2026-10-01 22:36:14,357 | DEBUG | step 4533 epoch 3 loss 0.1130 step_s 0.0017 peak_mem_gb 0.216
2026-10-01 22:36:14,359 | DEBUG | step 4534 epoch 3 loss 0.1640 step_s 0.0016 peak_mem_gb 0.216
2026-10-01 22:36:14,362 | DEBUG | step 4535 epoch 3 loss 0.1078 step_s 0.0017 peak_mem_gb 0.216
2026-10-01 22:36:14,364 | DEBUG | step 4536 epoch 3 loss 0.3932 step_s 0.0016 peak_mem_gb 0.216
2026-10-01 22:36:14,366 | DEBUG | step 4537 epoch 3 loss 0.1610 step_s 0.0017 peak_mem_gb 0.216
2026-10-01 22:36:14,369 | DEBUG | step 4538 epoch 3 loss 0.1635 step_s 0.0016 peak_mem_gb 0.216
2026-10-01 22:36:14,371 | DEBUG | step 4539 epoch 3 loss 0.1962 step_s 0.0016 peak_mem_gb 0.216
2026-10-01 22:36:14,373 | DEBUG | step 4540 epoch 3 loss 0.1039 step_s 0.0017 peak_mem_gb 0.216
2026-10-01 22:36:14,376 | DEBUG | step 4541 epoch 3 loss 0.1427 step_s 0.0016 peak_mem_gb 0.216
2026-10-01 22:36:14,378 | DEBUG | step 4542 epoch 3 loss 0.1449 step_s 0.0016 peak_mem_gb 0.216
2026-10-01 22:36:14,380 | DEBUG | step 4543 epoch 3 loss 0.2394 step_s 0.0016 peak_mem_gb 0.216
2026-10-01 22:36:14,383 | DEBUG | step 4544 epoch 3 loss 0.1788 step_s 0.0015 peak_mem_gb 0.216
2026-10-01 22:36:14,385 | DEBUG | step 4545 epoch 3 loss 0.2071 step_s 0.0016 peak_mem_gb 0.216
2026-10-01 22:36:14,387 | DEBUG | step 4546 epoch 3 loss 0.1122 step_s 0.0015 peak_mem_gb 0.216
2026-10-01 22:36:14,389 | DEBUG | step 4547 epoch 3 loss 0.0951 step_s 0.0016 peak_mem_gb 0.216
2026-10-01 22:36:14,392 | DEBUG | step 4548 epoch 3 loss 0.2164 step_s 0.0015 peak_mem_gb 0.216
2026-10-01 22:36:14,394 | DEBUG | step 4549 epoch 3 loss 0.0876 step_s 0.0016 peak_mem_gb 0.216
2026-10-01 22:36:14,396 | DEBUG | step 4550 epoch 3 loss 0.1766 step_s 0.0015 peak_mem_gb 0.216
2026-10-01 22:36:14,399 | DEBUG | step 4551 epoch 3 loss 0.1503 step_s 0.0016 peak_mem_gb 0.216
2026-10-01 22:36:14,401 | DEBUG | step 4552 epoch 3 loss 0.2049 step_s 0.0016 peak_mem_gb 0.216
2026-10-01 22:36:14,403 | DEBUG | step 4553 epoch 3 loss 0.2134 step_s 0.0016 peak_mem_gb 0.216
2026-10-01 22:36:14,406 | DEBUG | step 4554 epoch 3 loss 0.2200 step_s 0.0017 peak_mem_gb 0.216
2026-10-01 22:36:14,408 | DEBUG | step 4555 epoch 3 loss 0.1759 step_s 0.0017 peak_mem_gb 0.216
2026-10-01 22:36:14,411 | DEBUG | step 4556 epoch 3 loss 0.1960 step_s 0.0017 peak_mem_gb 0.216
2026-10-01 22:36:14,413 | DEBUG | step 4557 epoch 3 loss 0.1224 step_s 0.0017 peak_mem_gb 0.216
2026-10-01 22:36:14,416 | DEBUG | step 4558 epoch 3 loss 0.2160 step_s 0.0016 peak_mem_gb 0.216
2026-10-01 22:36:14,418 | DEBUG | step 4559 epoch 3 loss 0.2283 step_s 0.0017 peak_mem_gb 0.216
2026-10-01 22:36:14,420 | DEBUG | step 4560 epoch 3 loss 0.1736 step_s 0.0017 peak_mem_gb 0.216
2026-10-01 22:36:14,423 | DEBUG | step 4561 epoch 3 loss 0.1732 step_s 0.0016 peak_mem_gb 0.216
2026-10-01 22:36:14,425 | DEBUG | step 4562 epoch 3 loss 0.2543 step_s 0.0016 peak_mem_gb 0.216
2026-10-01 22:36:14,427 | DEBUG | step 4563 epoch 3 loss 0.2114 step_s 0.0016 peak_mem_gb 0.216
2026-10-01 22:36:14,430 | DEBUG | step 4564 epoch 3 loss 0.1500 step_s 0.0016 peak_mem_gb 0.216
2026-10-01 22:36:14,432 | DEBUG | step 4565 epoch 3 loss 0.1785 step_s 0.0016 peak_mem_gb 0.216
2026-10-01 22:36:14,434 | DEBUG | step 4566 epoch 3 loss 0.1796 step_s 0.0015 peak_mem_gb 0.216
2026-10-01 22:36:14,436 | DEBUG | step 4567 epoch 3 loss 0.3349 step_s 0.0016 peak_mem_gb 0.216
2026-10-01 22:36:14,439 | DEBUG | step 4568 epoch 3 loss 0.2042 step_s 0.0016 peak_mem_gb 0.216
2026-10-01 22:36:14,441 | DEBUG | step 4569 epoch 3 loss 0.1015 step_s 0.0016 peak_mem_gb 0.216
2026-10-01 22:36:14,443 | DEBUG | step 4570 epoch 3 loss 0.2436 step_s 0.0017 peak_mem_gb 0.216
2026-10-01 22:36:14,446 | DEBUG | step 4571 epoch 3 loss 0.1954 step_s 0.0017 peak_mem_gb 0.216
2026-10-01 22:36:14,448 | DEBUG | step 4572 epoch 3 loss 0.1298 step_s 0.0016 peak_mem_gb 0.216
2026-10-01 22:36:14,450 | DEBUG | step 4573 epoch 3 loss 0.1099 step_s 0.0016 peak_mem_gb 0.216
2026-10-01 22:36:14,453 | DEBUG | step 4574 epoch 3 loss 0.0667 step_s 0.0016 peak_mem_gb 0.216
2026-10-01 22:36:14,455 | DEBUG | step 4575 epoch 3 loss 0.1685 step_s 0.0016 peak_mem_gb 0.216
2026-10-01 22:36:14,457 | DEBUG | step 4576 epoch 3 loss 0.1686 step_s 0.0016 peak_mem_gb 0.216
2026-10-01 22:36:14,460 | DEBUG | step 4577 epoch 3 loss 0.3018 step_s 0.0018 peak_mem_gb 0.216
2026-10-01 22:36:14,462 | DEBUG | step 4578 epoch 3 loss 0.1803 step_s 0.0016 peak_mem_gb 0.216
2026-10-01 22:36:14,464 | DEBUG | step 4579 epoch 3 loss 0.1869 step_s 0.0016 peak_mem_gb 0.216
2026-10-01 22:36:14,467 | DEBUG | step 4580 epoch 3 loss 0.1748 step_s 0.0016 peak_mem_gb 0.216
2026-10-01 22:36:14,469 | DEBUG | step 4581 epoch 3 loss 0.1158 step_s 0.0019 peak_mem_gb 0.216
2026-10-01 22:36:14,472 | DEBUG | step 4582 epoch 3 loss 0.2325 step_s 0.0016 peak_mem_gb 0.216
2026-10-01 22:36:14,474 | DEBUG | step 4583 epoch 3 loss 0.2218 step_s 0.0017 peak_mem_gb 0.216
2026-10-01 22:36:14,476 | DEBUG | step 4584 epoch 3 loss 0.1573 step_s 0.0016 peak_mem_gb 0.216
2026-10-01 22:36:14,479 | DEBUG | step 4585 epoch 3 loss 0.2451 step_s 0.0016 peak_mem_gb 0.216
2026-10-01 22:36:14,481 | DEBUG | step 4586 epoch 3 loss 0.1831 step_s 0.0016 peak_mem_gb 0.216
2026-10-01 22:36:14,483 | DEBUG | step 4587 epoch 3 loss 0.1196 step_s 0.0017 peak_mem_gb 0.216
2026-10-01 22:36:14,486 | DEBUG | step 4588 epoch 3 loss 0.1645 step_s 0.0016 peak_mem_gb 0.216
2026-10-01 22:36:14,488 | DEBUG | step 4589 epoch 3 loss 0.0889 step_s 0.0016 peak_mem_gb 0.216
2026-10-01 22:36:14,490 | DEBUG | step 4590 epoch 3 loss 0.2244 step_s 0.0016 peak_mem_gb 0.216
2026-10-01 22:36:14,493 | DEBUG | step 4591 epoch 3 loss 0.1937 step_s 0.0016 peak_mem_gb 0.216
2026-10-01 22:36:14,495 | DEBUG | step 4592 epoch 3 loss 0.1248 step_s 0.0016 peak_mem_gb 0.216
2026-10-01 22:36:14,498 | DEBUG | step 4593 epoch 3 loss 0.1059 step_s 0.0016 peak_mem_gb 0.216
2026-10-01 22:36:14,500 | DEBUG | step 4594 epoch 3 loss 0.1783 step_s 0.0016 peak_mem_gb 0.216
2026-10-01 22:36:14,502 | DEBUG | step 4595 epoch 3 loss 0.1385 step_s 0.0016 peak_mem_gb 0.216
2026-10-01 22:36:14,505 | DEBUG | step 4596 epoch 3 loss 0.0949 step_s 0.0016 peak_mem_gb 0.216
2026-10-01 22:36:14,507 | DEBUG | step 4597 epoch 3 loss 0.1869 step_s 0.0015 peak_mem_gb 0.216
2026-10-01 22:36:14,509 | DEBUG | step 4598 epoch 3 loss 0.0878 step_s 0.0016 peak_mem_gb 0.216
2026-10-01 22:36:14,511 | DEBUG | step 4599 epoch 3 loss 0.1057 step_s 0.0016 peak_mem_gb 0.216
2026-10-01 22:36:14,514 | INFO | step 4600 epoch 3 loss 0.1899 step_s 0.0017 peak_mem_gb 0.216
2026-10-01 22:36:14,517 | DEBUG | step 4601 epoch 3 loss 0.1567 step_s 0.0016 peak_mem_gb 0.216
2026-10-01 22:36:14,519 | DEBUG | step 4602 epoch 3 loss 0.0890 step_s 0.0017 peak_mem_gb 0.216
2026-10-01 22:36:14,522 | DEBUG | step 4603 epoch 3 loss 0.1365 step_s 0.0019 peak_mem_gb 0.216
2026-10-01 22:36:14,525 | DEBUG | step 4604 epoch 3 loss 0.1156 step_s 0.0024 peak_mem_gb 0.216
2026-10-01 22:36:14,528 | DEBUG | step 4605 epoch 3 loss 0.1370 step_s 0.0017 peak_mem_gb 0.216
2026-10-01 22:36:14,530 | DEBUG | step 4606 epoch 3 loss 0.0517 step_s 0.0016 peak_mem_gb 0.216
2026-10-01 22:36:14,533 | DEBUG | step 4607 epoch 3 loss 0.1902 step_s 0.0016 peak_mem_gb 0.216
2026-10-01 22:36:14,535 | DEBUG | step 4608 epoch 3 loss 0.2161 step_s 0.0016 peak_mem_gb 0.216
2026-10-01 22:36:14,537 | DEBUG | step 4609 epoch 3 loss 0.1514 step_s 0.0016 peak_mem_gb 0.216
2026-10-01 22:36:14,540 | DEBUG | step 4610 epoch 3 loss 0.1169 step_s 0.0016 peak_mem_gb 0.216
2026-10-01 22:36:14,542 | DEBUG | step 4611 epoch 3 loss 0.1677 step_s 0.0018 peak_mem_gb 0.216
2026-10-01 22:36:14,545 | DEBUG | step 4612 epoch 3 loss 0.1690 step_s 0.0017 peak_mem_gb 0.216
2026-10-01 22:36:14,547 | DEBUG | step 4613 epoch 3 loss 0.1071 step_s 0.0016 peak_mem_gb 0.216
2026-10-01 22:36:14,550 | DEBUG | step 4614 epoch 3 loss 0.1843 step_s 0.0017 peak_mem_gb 0.216
2026-10-01 22:36:14,552 | DEBUG | step 4615 epoch 3 loss 0.1289 step_s 0.0016 peak_mem_gb 0.216
2026-10-01 22:36:14,556 | DEBUG | step 4616 epoch 3 loss 0.2129 step_s 0.0016 peak_mem_gb 0.216
2026-10-01 22:36:14,558 | DEBUG | step 4617 epoch 3 loss 0.0734 step_s 0.0016 peak_mem_gb 0.216
2026-10-01 22:36:14,560 | DEBUG | step 4618 epoch 3 loss 0.1351 step_s 0.0016 peak_mem_gb 0.216
2026-10-01 22:36:14,563 | DEBUG | step 4619 epoch 3 loss 0.1384 step_s 0.0016 peak_mem_gb 0.216
2026-10-01 22:36:14,565 | DEBUG | step 4620 epoch 3 loss 0.2683 step_s 0.0017 peak_mem_gb 0.216
2026-10-01 22:36:14,567 | DEBUG | step 4621 epoch 3 loss 0.1771 step_s 0.0016 peak_mem_gb 0.216
2026-10-01 22:36:14,570 | DEBUG | step 4622 epoch 3 loss 0.1316 step_s 0.0016 peak_mem_gb 0.216
2026-10-01 22:36:14,572 | DEBUG | step 4623 epoch 3 loss 0.1537 step_s 0.0016 peak_mem_gb 0.216
2026-10-01 22:36:14,574 | DEBUG | step 4624 epoch 3 loss 0.1401 step_s 0.0016 peak_mem_gb 0.216
2026-10-01 22:36:14,576 | DEBUG | step 4625 epoch 3 loss 0.1304 step_s 0.0016 peak_mem_gb 0.216
2026-10-01 22:36:14,579 | DEBUG | step 4626 epoch 3 loss 0.1120 step_s 0.0016 peak_mem_gb 0.216
2026-10-01 22:36:14,581 | DEBUG | step 4627 epoch 3 loss 0.2649 step_s 0.0016 peak_mem_gb 0.216
2026-10-01 22:36:14,583 | DEBUG | step 4628 epoch 3 loss 0.0812 step_s 0.0015 peak_mem_gb 0.216
2026-10-01 22:36:14,586 | DEBUG | step 4629 epoch 3 loss 0.1616 step_s 0.0016 peak_mem_gb 0.216
2026-10-01 22:36:14,588 | DEBUG | step 4630 epoch 3 loss 0.1164 step_s 0.0016 peak_mem_gb 0.216
2026-10-01 22:36:14,590 | DEBUG | step 4631 epoch 3 loss 0.1399 step_s 0.0016 peak_mem_gb 0.216
2026-10-01 22:36:14,593 | DEBUG | step 4632 epoch 3 loss 0.1312 step_s 0.0018 peak_mem_gb 0.216
2026-10-01 22:36:14,595 | DEBUG | step 4633 epoch 3 loss 0.1068 step_s 0.0016 peak_mem_gb 0.216
2026-10-01 22:36:14,597 | DEBUG | step 4634 epoch 3 loss 0.1731 step_s 0.0016 peak_mem_gb 0.216
2026-10-01 22:36:14,600 | DEBUG | step 4635 epoch 3 loss 0.2328 step_s 0.0015 peak_mem_gb 0.216
2026-10-01 22:36:14,602 | DEBUG | step 4636 epoch 3 loss 0.0947 step_s 0.0018 peak_mem_gb 0.216
2026-10-01 22:36:14,604 | DEBUG | step 4637 epoch 3 loss 0.1755 step_s 0.0016 peak_mem_gb 0.216
2026-10-01 22:36:14,607 | DEBUG | step 4638 epoch 3 loss 0.2213 step_s 0.0015 peak_mem_gb 0.216
2026-10-01 22:36:14,609 | DEBUG | step 4639 epoch 3 loss 0.1085 step_s 0.0016 peak_mem_gb 0.216
2026-10-01 22:36:14,611 | DEBUG | step 4640 epoch 3 loss 0.2029 step_s 0.0015 peak_mem_gb 0.216
2026-10-01 22:36:14,614 | DEBUG | step 4641 epoch 3 loss 0.0829 step_s 0.0017 peak_mem_gb 0.216
2026-10-01 22:36:14,616 | DEBUG | step 4642 epoch 3 loss 0.1087 step_s 0.0016 peak_mem_gb 0.216
2026-10-01 22:36:14,618 | DEBUG | step 4643 epoch 3 loss 0.1942 step_s 0.0016 peak_mem_gb 0.216
2026-10-01 22:36:14,621 | DEBUG | step 4644 epoch 3 loss 0.1917 step_s 0.0016 peak_mem_gb 0.216
2026-10-01 22:36:14,623 | DEBUG | step 4645 epoch 3 loss 0.1145 step_s 0.0016 peak_mem_gb 0.216
2026-10-01 22:36:14,625 | DEBUG | step 4646 epoch 3 loss 0.2550 step_s 0.0017 peak_mem_gb 0.216
2026-10-01 22:36:14,628 | DEBUG | step 4647 epoch 3 loss 0.1258 step_s 0.0016 peak_mem_gb 0.216
2026-10-01 22:36:14,630 | DEBUG | step 4648 epoch 3 loss 0.2261 step_s 0.0016 peak_mem_gb 0.216
2026-10-01 22:36:14,632 | DEBUG | step 4649 epoch 3 loss 0.1666 step_s 0.0016 peak_mem_gb 0.216
2026-10-01 22:36:14,634 | DEBUG | step 4650 epoch 3 loss 0.1153 step_s 0.0016 peak_mem_gb 0.216
2026-10-01 22:36:14,637 | DEBUG | step 4651 epoch 3 loss 0.0940 step_s 0.0016 peak_mem_gb 0.216
2026-10-01 22:36:14,640 | DEBUG | step 4652 epoch 3 loss 0.2552 step_s 0.0018 peak_mem_gb 0.216
2026-10-01 22:36:14,642 | DEBUG | step 4653 epoch 3 loss 0.2644 step_s 0.0016 peak_mem_gb 0.216
2026-10-01 22:36:14,644 | DEBUG | step 4654 epoch 3 loss 0.2618 step_s 0.0016 peak_mem_gb 0.216
2026-10-01 22:36:14,646 | DEBUG | step 4655 epoch 3 loss 0.1097 step_s 0.0016 peak_mem_gb 0.216
2026-10-01 22:36:14,649 | DEBUG | step 4656 epoch 3 loss 0.2256 step_s 0.0016 peak_mem_gb 0.216
2026-10-01 22:36:14,651 | DEBUG | step 4657 epoch 3 loss 0.0925 step_s 0.0016 peak_mem_gb 0.216
2026-10-01 22:36:14,653 | DEBUG | step 4658 epoch 3 loss 0.2153 step_s 0.0016 peak_mem_gb 0.216
2026-10-01 22:36:14,656 | DEBUG | step 4659 epoch 3 loss 0.1121 step_s 0.0016 peak_mem_gb 0.216
2026-10-01 22:36:14,658 | DEBUG | step 4660 epoch 3 loss 0.2346 step_s 0.0016 peak_mem_gb 0.216
2026-10-01 22:36:14,660 | DEBUG | step 4661 epoch 3 loss 0.2504 step_s 0.0016 peak_mem_gb 0.216
2026-10-01 22:36:14,662 | DEBUG | step 4662 epoch 3 loss 0.1050 step_s 0.0016 peak_mem_gb 0.216
2026-10-01 22:36:14,665 | DEBUG | step 4663 epoch 3 loss 0.1343 step_s 0.0016 peak_mem_gb 0.216
2026-10-01 22:36:14,667 | DEBUG | step 4664 epoch 3 loss 0.1859 step_s 0.0016 peak_mem_gb 0.216
2026-10-01 22:36:14,670 | DEBUG | step 4665 epoch 3 loss 0.2009 step_s 0.0018 peak_mem_gb 0.216
2026-10-01 22:36:14,672 | DEBUG | step 4666 epoch 3 loss 0.2570 step_s 0.0018 peak_mem_gb 0.216
2026-10-01 22:36:14,675 | DEBUG | step 4667 epoch 3 loss 0.1513 step_s 0.0017 peak_mem_gb 0.216
2026-10-01 22:36:14,678 | DEBUG | step 4668 epoch 3 loss 0.1348 step_s 0.0021 peak_mem_gb 0.216
2026-10-01 22:36:14,680 | DEBUG | step 4669 epoch 3 loss 0.1068 step_s 0.0019 peak_mem_gb 0.216
2026-10-01 22:36:14,683 | DEBUG | step 4670 epoch 3 loss 0.1262 step_s 0.0018 peak_mem_gb 0.216
2026-10-01 22:36:14,685 | DEBUG | step 4671 epoch 3 loss 0.0914 step_s 0.0017 peak_mem_gb 0.216
2026-10-01 22:36:14,689 | DEBUG | step 4672 epoch 3 loss 0.0586 step_s 0.0028 peak_mem_gb 0.216
2026-10-01 22:36:14,692 | DEBUG | step 4673 epoch 3 loss 0.2006 step_s 0.0019 peak_mem_gb 0.216
2026-10-01 22:36:14,694 | DEBUG | step 4674 epoch 3 loss 0.0919 step_s 0.0016 peak_mem_gb 0.216
2026-10-01 22:36:14,697 | DEBUG | step 4675 epoch 3 loss 0.3788 step_s 0.0016 peak_mem_gb 0.216
2026-10-01 22:36:14,699 | DEBUG | step 4676 epoch 3 loss 0.2248 step_s 0.0016 peak_mem_gb 0.216
2026-10-01 22:36:14,701 | DEBUG | step 4677 epoch 3 loss 0.1873 step_s 0.0017 peak_mem_gb 0.216
2026-10-01 22:36:14,704 | DEBUG | step 4678 epoch 3 loss 0.1312 step_s 0.0016 peak_mem_gb 0.216
2026-10-01 22:36:14,706 | DEBUG | step 4679 epoch 3 loss 0.1116 step_s 0.0018 peak_mem_gb 0.216
2026-10-01 22:36:14,709 | DEBUG | step 4680 epoch 3 loss 0.1879 step_s 0.0021 peak_mem_gb 0.216
2026-10-01 22:36:14,711 | DEBUG | step 4681 epoch 3 loss 0.1784 step_s 0.0017 peak_mem_gb 0.216
2026-10-01 22:36:14,714 | DEBUG | step 4682 epoch 3 loss 0.1018 step_s 0.0016 peak_mem_gb 0.216
2026-10-01 22:36:14,716 | DEBUG | step 4683 epoch 3 loss 0.1153 step_s 0.0016 peak_mem_gb 0.216
2026-10-01 22:36:14,718 | DEBUG | step 4684 epoch 3 loss 0.1577 step_s 0.0016 peak_mem_gb 0.216
2026-10-01 22:36:14,721 | DEBUG | step 4685 epoch 3 loss 0.1785 step_s 0.0018 peak_mem_gb 0.216
2026-10-01 22:36:14,723 | DEBUG | step 4686 epoch 3 loss 0.1666 step_s 0.0017 peak_mem_gb 0.216
2026-10-01 22:36:14,726 | DEBUG | step 4687 epoch 3 loss 0.1748 step_s 0.0018 peak_mem_gb 0.216
2026-10-01 22:36:14,728 | DEBUG | step 4688 epoch 3 loss 0.1699 step_s 0.0016 peak_mem_gb 0.216
2026-10-01 22:36:14,734 | DEBUG | step 4689 epoch 3 loss 0.5036 step_s 0.0019 peak_mem_gb 0.216
2026-10-01 22:36:14,776 | INFO | epoch 3/5 train_loss 0.1591 val_f1_macro 0.9212 val_accuracy 0.9212
2026-10-01 22:36:14,886 | INFO | new best val_f1_macro 0.9212 -> task2_sentiment/sneha/checkpoints/meanpool_best.pt
2026-10-01 22:36:14,894 | DEBUG | step 4690 epoch 4 loss 0.1004 step_s 0.0039 peak_mem_gb 0.216
2026-10-01 22:36:14,898 | DEBUG | step 4691 epoch 4 loss 0.2118 step_s 0.0023 peak_mem_gb 0.216
2026-10-01 22:36:14,901 | DEBUG | step 4692 epoch 4 loss 0.0885 step_s 0.0024 peak_mem_gb 0.216
2026-10-01 22:36:14,904 | DEBUG | step 4693 epoch 4 loss 0.1566 step_s 0.0021 peak_mem_gb 0.216
2026-10-01 22:36:14,908 | DEBUG | step 4694 epoch 4 loss 0.1403 step_s 0.0028 peak_mem_gb 0.216
2026-10-01 22:36:14,912 | DEBUG | step 4695 epoch 4 loss 0.1260 step_s 0.0025 peak_mem_gb 0.216
2026-10-01 22:36:14,914 | DEBUG | step 4696 epoch 4 loss 0.0833 step_s 0.0019 peak_mem_gb 0.216
2026-10-01 22:36:14,917 | DEBUG | step 4697 epoch 4 loss 0.1168 step_s 0.0019 peak_mem_gb 0.216
2026-10-01 22:36:14,920 | DEBUG | step 4698 epoch 4 loss 0.0987 step_s 0.0021 peak_mem_gb 0.216
2026-10-01 22:36:14,923 | DEBUG | step 4699 epoch 4 loss 0.1899 step_s 0.0020 peak_mem_gb 0.216
2026-10-01 22:36:14,926 | DEBUG | step 4700 epoch 4 loss 0.0736 step_s 0.0020 peak_mem_gb 0.216
2026-10-01 22:36:14,928 | DEBUG | step 4701 epoch 4 loss 0.1057 step_s 0.0020 peak_mem_gb 0.216
2026-10-01 22:36:14,932 | DEBUG | step 4702 epoch 4 loss 0.0776 step_s 0.0024 peak_mem_gb 0.216
2026-10-01 22:36:14,935 | DEBUG | step 4703 epoch 4 loss 0.1403 step_s 0.0019 peak_mem_gb 0.216
2026-10-01 22:36:14,938 | DEBUG | step 4704 epoch 4 loss 0.1033 step_s 0.0020 peak_mem_gb 0.216
2026-10-01 22:36:14,940 | DEBUG | step 4705 epoch 4 loss 0.1281 step_s 0.0018 peak_mem_gb 0.216
2026-10-01 22:36:14,943 | DEBUG | step 4706 epoch 4 loss 0.1863 step_s 0.0020 peak_mem_gb 0.216
2026-10-01 22:36:14,947 | DEBUG | step 4707 epoch 4 loss 0.1914 step_s 0.0021 peak_mem_gb 0.216
2026-10-01 22:36:14,950 | DEBUG | step 4708 epoch 4 loss 0.1935 step_s 0.0021 peak_mem_gb 0.216
2026-10-01 22:36:14,953 | DEBUG | step 4709 epoch 4 loss 0.2196 step_s 0.0023 peak_mem_gb 0.216
2026-10-01 22:36:14,956 | DEBUG | step 4710 epoch 4 loss 0.1859 step_s 0.0020 peak_mem_gb 0.216
2026-10-01 22:36:14,960 | DEBUG | step 4711 epoch 4 loss 0.1109 step_s 0.0020 peak_mem_gb 0.216
2026-10-01 22:36:14,963 | DEBUG | step 4712 epoch 4 loss 0.1372 step_s 0.0019 peak_mem_gb 0.216
2026-10-01 22:36:14,966 | DEBUG | step 4713 epoch 4 loss 0.1350 step_s 0.0021 peak_mem_gb 0.216
2026-10-01 22:36:14,969 | DEBUG | step 4714 epoch 4 loss 0.1477 step_s 0.0020 peak_mem_gb 0.216
2026-10-01 22:36:14,971 | DEBUG | step 4715 epoch 4 loss 0.0670 step_s 0.0019 peak_mem_gb 0.216
2026-10-01 22:36:14,974 | DEBUG | step 4716 epoch 4 loss 0.0410 step_s 0.0019 peak_mem_gb 0.216
2026-10-01 22:36:14,978 | DEBUG | step 4717 epoch 4 loss 0.1792 step_s 0.0023 peak_mem_gb 0.216
2026-10-01 22:36:14,981 | DEBUG | step 4718 epoch 4 loss 0.1739 step_s 0.0023 peak_mem_gb 0.216
2026-10-01 22:36:14,984 | DEBUG | step 4719 epoch 4 loss 0.0772 step_s 0.0022 peak_mem_gb 0.216
2026-10-01 22:36:14,987 | DEBUG | step 4720 epoch 4 loss 0.1590 step_s 0.0018 peak_mem_gb 0.216
2026-10-01 22:36:14,990 | DEBUG | step 4721 epoch 4 loss 0.0872 step_s 0.0020 peak_mem_gb 0.216
2026-10-01 22:36:14,992 | DEBUG | step 4722 epoch 4 loss 0.2455 step_s 0.0019 peak_mem_gb 0.216
2026-10-01 22:36:14,995 | DEBUG | step 4723 epoch 4 loss 0.1553 step_s 0.0019 peak_mem_gb 0.216
2026-10-01 22:36:14,998 | DEBUG | step 4724 epoch 4 loss 0.2067 step_s 0.0020 peak_mem_gb 0.216
2026-10-01 22:36:15,001 | DEBUG | step 4725 epoch 4 loss 0.1535 step_s 0.0021 peak_mem_gb 0.216
2026-10-01 22:36:15,004 | DEBUG | step 4726 epoch 4 loss 0.0317 step_s 0.0019 peak_mem_gb 0.216
2026-10-01 22:36:15,007 | DEBUG | step 4727 epoch 4 loss 0.1263 step_s 0.0019 peak_mem_gb 0.216
2026-10-01 22:36:15,009 | DEBUG | step 4728 epoch 4 loss 0.0922 step_s 0.0019 peak_mem_gb 0.216
2026-10-01 22:36:15,012 | DEBUG | step 4729 epoch 4 loss 0.1569 step_s 0.0020 peak_mem_gb 0.216
2026-10-01 22:36:15,015 | DEBUG | step 4730 epoch 4 loss 0.2260 step_s 0.0023 peak_mem_gb 0.216
2026-10-01 22:36:15,019 | DEBUG | step 4731 epoch 4 loss 0.1828 step_s 0.0019 peak_mem_gb 0.216
2026-10-01 22:36:15,021 | DEBUG | step 4732 epoch 4 loss 0.1342 step_s 0.0018 peak_mem_gb 0.216
2026-10-01 22:36:15,025 | DEBUG | step 4733 epoch 4 loss 0.0792 step_s 0.0027 peak_mem_gb 0.216
2026-10-01 22:36:15,027 | DEBUG | step 4734 epoch 4 loss 0.1889 step_s 0.0019 peak_mem_gb 0.216
2026-10-01 22:36:15,030 | DEBUG | step 4735 epoch 4 loss 0.0846 step_s 0.0017 peak_mem_gb 0.216
2026-10-01 22:36:15,033 | DEBUG | step 4736 epoch 4 loss 0.1793 step_s 0.0018 peak_mem_gb 0.216
2026-10-01 22:36:15,035 | DEBUG | step 4737 epoch 4 loss 0.0749 step_s 0.0018 peak_mem_gb 0.216
2026-10-01 22:36:15,038 | DEBUG | step 4738 epoch 4 loss 0.0660 step_s 0.0018 peak_mem_gb 0.216
2026-10-01 22:36:15,040 | DEBUG | step 4739 epoch 4 loss 0.0754 step_s 0.0017 peak_mem_gb 0.216
2026-10-01 22:36:15,043 | DEBUG | step 4740 epoch 4 loss 0.1614 step_s 0.0018 peak_mem_gb 0.216
2026-10-01 22:36:15,048 | DEBUG | step 4741 epoch 4 loss 0.0878 step_s 0.0050 peak_mem_gb 0.216
2026-10-01 22:36:15,051 | DEBUG | step 4742 epoch 4 loss 0.2046 step_s 0.0019 peak_mem_gb 0.216
2026-10-01 22:36:15,054 | DEBUG | step 4743 epoch 4 loss 0.1110 step_s 0.0022 peak_mem_gb 0.216
2026-10-01 22:36:15,057 | DEBUG | step 4744 epoch 4 loss 0.0490 step_s 0.0021 peak_mem_gb 0.216
2026-10-01 22:36:15,059 | DEBUG | step 4745 epoch 4 loss 0.1160 step_s 0.0018 peak_mem_gb 0.216
2026-10-01 22:36:15,062 | DEBUG | step 4746 epoch 4 loss 0.0904 step_s 0.0021 peak_mem_gb 0.216
2026-10-01 22:36:15,065 | DEBUG | step 4747 epoch 4 loss 0.0891 step_s 0.0021 peak_mem_gb 0.216
2026-10-01 22:36:15,068 | DEBUG | step 4748 epoch 4 loss 0.0473 step_s 0.0018 peak_mem_gb 0.216
2026-10-01 22:36:15,070 | DEBUG | step 4749 epoch 4 loss 0.1053 step_s 0.0018 peak_mem_gb 0.216
2026-10-01 22:36:15,073 | DEBUG | step 4750 epoch 4 loss 0.2963 step_s 0.0019 peak_mem_gb 0.216
2026-10-01 22:36:15,076 | DEBUG | step 4751 epoch 4 loss 0.2110 step_s 0.0020 peak_mem_gb 0.216
2026-10-01 22:36:15,079 | DEBUG | step 4752 epoch 4 loss 0.1287 step_s 0.0019 peak_mem_gb 0.216
2026-10-01 22:36:15,081 | DEBUG | step 4753 epoch 4 loss 0.0481 step_s 0.0020 peak_mem_gb 0.216
2026-10-01 22:36:15,085 | DEBUG | step 4754 epoch 4 loss 0.0835 step_s 0.0019 peak_mem_gb 0.216
2026-10-01 22:36:15,087 | DEBUG | step 4755 epoch 4 loss 0.0704 step_s 0.0018 peak_mem_gb 0.216
2026-10-01 22:36:15,090 | DEBUG | step 4756 epoch 4 loss 0.3258 step_s 0.0017 peak_mem_gb 0.216
2026-10-01 22:36:15,092 | DEBUG | step 4757 epoch 4 loss 0.0388 step_s 0.0019 peak_mem_gb 0.216
2026-10-01 22:36:15,095 | DEBUG | step 4758 epoch 4 loss 0.1342 step_s 0.0020 peak_mem_gb 0.216
2026-10-01 22:36:15,098 | DEBUG | step 4759 epoch 4 loss 0.1042 step_s 0.0018 peak_mem_gb 0.216
2026-10-01 22:36:15,100 | DEBUG | step 4760 epoch 4 loss 0.1046 step_s 0.0016 peak_mem_gb 0.216
2026-10-01 22:36:15,103 | DEBUG | step 4761 epoch 4 loss 0.1300 step_s 0.0016 peak_mem_gb 0.216
2026-10-01 22:36:15,105 | DEBUG | step 4762 epoch 4 loss 0.1532 step_s 0.0016 peak_mem_gb 0.216
2026-10-01 22:36:15,107 | DEBUG | step 4763 epoch 4 loss 0.0708 step_s 0.0016 peak_mem_gb 0.216
2026-10-01 22:36:15,110 | DEBUG | step 4764 epoch 4 loss 0.1136 step_s 0.0016 peak_mem_gb 0.216
2026-10-01 22:36:15,112 | DEBUG | step 4765 epoch 4 loss 0.1389 step_s 0.0016 peak_mem_gb 0.216
2026-10-01 22:36:15,114 | DEBUG | step 4766 epoch 4 loss 0.0831 step_s 0.0017 peak_mem_gb 0.216
2026-10-01 22:36:15,117 | DEBUG | step 4767 epoch 4 loss 0.0743 step_s 0.0017 peak_mem_gb 0.216
2026-10-01 22:36:15,119 | DEBUG | step 4768 epoch 4 loss 0.1393 step_s 0.0016 peak_mem_gb 0.216
2026-10-01 22:36:15,122 | DEBUG | step 4769 epoch 4 loss 0.2021 step_s 0.0018 peak_mem_gb 0.216
2026-10-01 22:36:15,124 | DEBUG | step 4770 epoch 4 loss 0.0714 step_s 0.0016 peak_mem_gb 0.216
2026-10-01 22:36:15,127 | DEBUG | step 4771 epoch 4 loss 0.0605 step_s 0.0017 peak_mem_gb 0.216
2026-10-01 22:36:15,129 | DEBUG | step 4772 epoch 4 loss 0.1560 step_s 0.0017 peak_mem_gb 0.216
2026-10-01 22:36:15,131 | DEBUG | step 4773 epoch 4 loss 0.0770 step_s 0.0016 peak_mem_gb 0.216
2026-10-01 22:36:15,134 | DEBUG | step 4774 epoch 4 loss 0.1324 step_s 0.0017 peak_mem_gb 0.216
2026-10-01 22:36:15,136 | DEBUG | step 4775 epoch 4 loss 0.1622 step_s 0.0017 peak_mem_gb 0.216
2026-10-01 22:36:15,139 | DEBUG | step 4776 epoch 4 loss 0.2439 step_s 0.0017 peak_mem_gb 0.216
2026-10-01 22:36:15,141 | DEBUG | step 4777 epoch 4 loss 0.1782 step_s 0.0019 peak_mem_gb 0.216
2026-10-01 22:36:15,144 | DEBUG | step 4778 epoch 4 loss 0.0704 step_s 0.0016 peak_mem_gb 0.216
2026-10-01 22:36:15,146 | DEBUG | step 4779 epoch 4 loss 0.0857 step_s 0.0017 peak_mem_gb 0.216
2026-10-01 22:36:15,149 | DEBUG | step 4780 epoch 4 loss 0.0873 step_s 0.0017 peak_mem_gb 0.216
2026-10-01 22:36:15,151 | DEBUG | step 4781 epoch 4 loss 0.1600 step_s 0.0016 peak_mem_gb 0.216
2026-10-01 22:36:15,153 | DEBUG | step 4782 epoch 4 loss 0.1302 step_s 0.0017 peak_mem_gb 0.216
2026-10-01 22:36:15,156 | DEBUG | step 4783 epoch 4 loss 0.1051 step_s 0.0018 peak_mem_gb 0.216
2026-10-01 22:36:15,158 | DEBUG | step 4784 epoch 4 loss 0.1046 step_s 0.0016 peak_mem_gb 0.216
2026-10-01 22:36:15,161 | DEBUG | step 4785 epoch 4 loss 0.1416 step_s 0.0017 peak_mem_gb 0.216
2026-10-01 22:36:15,163 | DEBUG | step 4786 epoch 4 loss 0.0697 step_s 0.0017 peak_mem_gb 0.216
2026-10-01 22:36:15,166 | DEBUG | step 4787 epoch 4 loss 0.0602 step_s 0.0017 peak_mem_gb 0.216
2026-10-01 22:36:15,168 | DEBUG | step 4788 epoch 4 loss 0.1782 step_s 0.0017 peak_mem_gb 0.216
2026-10-01 22:36:15,171 | DEBUG | step 4789 epoch 4 loss 0.2691 step_s 0.0018 peak_mem_gb 0.216
2026-10-01 22:36:15,173 | DEBUG | step 4790 epoch 4 loss 0.0957 step_s 0.0017 peak_mem_gb 0.216
2026-10-01 22:36:15,176 | DEBUG | step 4791 epoch 4 loss 0.1325 step_s 0.0016 peak_mem_gb 0.216
2026-10-01 22:36:15,178 | DEBUG | step 4792 epoch 4 loss 0.1202 step_s 0.0016 peak_mem_gb 0.216
2026-10-01 22:36:15,180 | DEBUG | step 4793 epoch 4 loss 0.1451 step_s 0.0016 peak_mem_gb 0.216
2026-10-01 22:36:15,183 | DEBUG | step 4794 epoch 4 loss 0.0772 step_s 0.0016 peak_mem_gb 0.216
2026-10-01 22:36:15,185 | DEBUG | step 4795 epoch 4 loss 0.1342 step_s 0.0019 peak_mem_gb 0.216
2026-10-01 22:36:15,188 | DEBUG | step 4796 epoch 4 loss 0.2761 step_s 0.0019 peak_mem_gb 0.216
2026-10-01 22:36:15,190 | DEBUG | step 4797 epoch 4 loss 0.1268 step_s 0.0017 peak_mem_gb 0.216
2026-10-01 22:36:15,193 | DEBUG | step 4798 epoch 4 loss 0.1020 step_s 0.0017 peak_mem_gb 0.216
2026-10-01 22:36:15,195 | DEBUG | step 4799 epoch 4 loss 0.2363 step_s 0.0016 peak_mem_gb 0.216
2026-10-01 22:36:15,198 | INFO | step 4800 epoch 4 loss 0.0504 step_s 0.0017 peak_mem_gb 0.216
2026-10-01 22:36:15,201 | DEBUG | step 4801 epoch 4 loss 0.2145 step_s 0.0022 peak_mem_gb 0.216
2026-10-01 22:36:15,204 | DEBUG | step 4802 epoch 4 loss 0.0981 step_s 0.0020 peak_mem_gb 0.216
2026-10-01 22:36:15,208 | DEBUG | step 4803 epoch 4 loss 0.1624 step_s 0.0029 peak_mem_gb 0.216
2026-10-01 22:36:15,211 | DEBUG | step 4804 epoch 4 loss 0.1152 step_s 0.0020 peak_mem_gb 0.216
2026-10-01 22:36:15,213 | DEBUG | step 4805 epoch 4 loss 0.0804 step_s 0.0017 peak_mem_gb 0.216
2026-10-01 22:36:15,216 | DEBUG | step 4806 epoch 4 loss 0.2910 step_s 0.0017 peak_mem_gb 0.216
2026-10-01 22:36:15,218 | DEBUG | step 4807 epoch 4 loss 0.2699 step_s 0.0018 peak_mem_gb 0.216
2026-10-01 22:36:15,221 | DEBUG | step 4808 epoch 4 loss 0.1110 step_s 0.0018 peak_mem_gb 0.216
2026-10-01 22:36:15,224 | DEBUG | step 4809 epoch 4 loss 0.2009 step_s 0.0020 peak_mem_gb 0.216
2026-10-01 22:36:15,227 | DEBUG | step 4810 epoch 4 loss 0.0884 step_s 0.0020 peak_mem_gb 0.216
2026-10-01 22:36:15,229 | DEBUG | step 4811 epoch 4 loss 0.1241 step_s 0.0017 peak_mem_gb 0.216
2026-10-01 22:36:15,232 | DEBUG | step 4812 epoch 4 loss 0.2074 step_s 0.0017 peak_mem_gb 0.216
2026-10-01 22:36:15,234 | DEBUG | step 4813 epoch 4 loss 0.1394 step_s 0.0016 peak_mem_gb 0.216
2026-10-01 22:36:15,237 | DEBUG | step 4814 epoch 4 loss 0.0578 step_s 0.0016 peak_mem_gb 0.216
2026-10-01 22:36:15,239 | DEBUG | step 4815 epoch 4 loss 0.0380 step_s 0.0017 peak_mem_gb 0.216
2026-10-01 22:36:15,241 | DEBUG | step 4816 epoch 4 loss 0.1962 step_s 0.0016 peak_mem_gb 0.216
2026-10-01 22:36:15,244 | DEBUG | step 4817 epoch 4 loss 0.1074 step_s 0.0016 peak_mem_gb 0.216
2026-10-01 22:36:15,246 | DEBUG | step 4818 epoch 4 loss 0.1196 step_s 0.0016 peak_mem_gb 0.216
2026-10-01 22:36:15,248 | DEBUG | step 4819 epoch 4 loss 0.1709 step_s 0.0017 peak_mem_gb 0.216
2026-10-01 22:36:15,251 | DEBUG | step 4820 epoch 4 loss 0.0691 step_s 0.0016 peak_mem_gb 0.216
2026-10-01 22:36:15,253 | DEBUG | step 4821 epoch 4 loss 0.1404 step_s 0.0017 peak_mem_gb 0.216
2026-10-01 22:36:15,255 | DEBUG | step 4822 epoch 4 loss 0.0715 step_s 0.0016 peak_mem_gb 0.216
2026-10-01 22:36:15,258 | DEBUG | step 4823 epoch 4 loss 0.0900 step_s 0.0018 peak_mem_gb 0.216
2026-10-01 22:36:15,260 | DEBUG | step 4824 epoch 4 loss 0.2223 step_s 0.0016 peak_mem_gb 0.216
2026-10-01 22:36:15,263 | DEBUG | step 4825 epoch 4 loss 0.2197 step_s 0.0016 peak_mem_gb 0.216
2026-10-01 22:36:15,265 | DEBUG | step 4826 epoch 4 loss 0.1668 step_s 0.0018 peak_mem_gb 0.216
2026-10-01 22:36:15,268 | DEBUG | step 4827 epoch 4 loss 0.0991 step_s 0.0017 peak_mem_gb 0.216
2026-10-01 22:36:15,270 | DEBUG | step 4828 epoch 4 loss 0.1321 step_s 0.0016 peak_mem_gb 0.216
2026-10-01 22:36:15,272 | DEBUG | step 4829 epoch 4 loss 0.1074 step_s 0.0016 peak_mem_gb 0.216
2026-10-01 22:36:15,275 | DEBUG | step 4830 epoch 4 loss 0.0816 step_s 0.0020 peak_mem_gb 0.216
2026-10-01 22:36:15,278 | DEBUG | step 4831 epoch 4 loss 0.1234 step_s 0.0018 peak_mem_gb 0.216
2026-10-01 22:36:15,280 | DEBUG | step 4832 epoch 4 loss 0.0546 step_s 0.0016 peak_mem_gb 0.216
2026-10-01 22:36:15,282 | DEBUG | step 4833 epoch 4 loss 0.1634 step_s 0.0016 peak_mem_gb 0.216
2026-10-01 22:36:15,285 | DEBUG | step 4834 epoch 4 loss 0.2041 step_s 0.0016 peak_mem_gb 0.216
2026-10-01 22:36:15,287 | DEBUG | step 4835 epoch 4 loss 0.1216 step_s 0.0016 peak_mem_gb 0.216
2026-10-01 22:36:15,289 | DEBUG | step 4836 epoch 4 loss 0.0983 step_s 0.0017 peak_mem_gb 0.216
2026-10-01 22:36:15,292 | DEBUG | step 4837 epoch 4 loss 0.1446 step_s 0.0016 peak_mem_gb 0.216
2026-10-01 22:36:15,294 | DEBUG | step 4838 epoch 4 loss 0.1564 step_s 0.0016 peak_mem_gb 0.216
2026-10-01 22:36:15,296 | DEBUG | step 4839 epoch 4 loss 0.0981 step_s 0.0016 peak_mem_gb 0.216
2026-10-01 22:36:15,299 | DEBUG | step 4840 epoch 4 loss 0.1495 step_s 0.0016 peak_mem_gb 0.216
2026-10-01 22:36:15,301 | DEBUG | step 4841 epoch 4 loss 0.1339 step_s 0.0016 peak_mem_gb 0.216
2026-10-01 22:36:15,303 | DEBUG | step 4842 epoch 4 loss 0.1667 step_s 0.0017 peak_mem_gb 0.216
2026-10-01 22:36:15,306 | DEBUG | step 4843 epoch 4 loss 0.1401 step_s 0.0017 peak_mem_gb 0.216
2026-10-01 22:36:15,308 | DEBUG | step 4844 epoch 4 loss 0.1779 step_s 0.0016 peak_mem_gb 0.216
2026-10-01 22:36:15,310 | DEBUG | step 4845 epoch 4 loss 0.1525 step_s 0.0016 peak_mem_gb 0.216
2026-10-01 22:36:15,313 | DEBUG | step 4846 epoch 4 loss 0.1640 step_s 0.0017 peak_mem_gb 0.216
2026-10-01 22:36:15,315 | DEBUG | step 4847 epoch 4 loss 0.0957 step_s 0.0016 peak_mem_gb 0.216
2026-10-01 22:36:15,317 | DEBUG | step 4848 epoch 4 loss 0.0854 step_s 0.0016 peak_mem_gb 0.216
2026-10-01 22:36:15,320 | DEBUG | step 4849 epoch 4 loss 0.1093 step_s 0.0016 peak_mem_gb 0.216
2026-10-01 22:36:15,322 | DEBUG | step 4850 epoch 4 loss 0.0944 step_s 0.0016 peak_mem_gb 0.216
2026-10-01 22:36:15,325 | DEBUG | step 4851 epoch 4 loss 0.1636 step_s 0.0016 peak_mem_gb 0.216
2026-10-01 22:36:15,327 | DEBUG | step 4852 epoch 4 loss 0.1308 step_s 0.0016 peak_mem_gb 0.216
2026-10-01 22:36:15,329 | DEBUG | step 4853 epoch 4 loss 0.0796 step_s 0.0016 peak_mem_gb 0.216
2026-10-01 22:36:15,332 | DEBUG | step 4854 epoch 4 loss 0.1329 step_s 0.0016 peak_mem_gb 0.216
2026-10-01 22:36:15,334 | DEBUG | step 4855 epoch 4 loss 0.1005 step_s 0.0016 peak_mem_gb 0.216
2026-10-01 22:36:15,336 | DEBUG | step 4856 epoch 4 loss 0.0460 step_s 0.0016 peak_mem_gb 0.216
2026-10-01 22:36:15,339 | DEBUG | step 4857 epoch 4 loss 0.0640 step_s 0.0016 peak_mem_gb 0.216
2026-10-01 22:36:15,341 | DEBUG | step 4858 epoch 4 loss 0.0907 step_s 0.0016 peak_mem_gb 0.216
2026-10-01 22:36:15,343 | DEBUG | step 4859 epoch 4 loss 0.0912 step_s 0.0016 peak_mem_gb 0.216
2026-10-01 22:36:15,345 | DEBUG | step 4860 epoch 4 loss 0.1181 step_s 0.0016 peak_mem_gb 0.216
2026-10-01 22:36:15,348 | DEBUG | step 4861 epoch 4 loss 0.1269 step_s 0.0016 peak_mem_gb 0.216
2026-10-01 22:36:15,350 | DEBUG | step 4862 epoch 4 loss 0.1536 step_s 0.0016 peak_mem_gb 0.216
2026-10-01 22:36:15,355 | DEBUG | step 4863 epoch 4 loss 0.1342 step_s 0.0040 peak_mem_gb 0.216
2026-10-01 22:36:15,357 | DEBUG | step 4864 epoch 4 loss 0.1241 step_s 0.0017 peak_mem_gb 0.216
2026-10-01 22:36:15,360 | DEBUG | step 4865 epoch 4 loss 0.2035 step_s 0.0017 peak_mem_gb 0.216
2026-10-01 22:36:15,362 | DEBUG | step 4866 epoch 4 loss 0.0902 step_s 0.0016 peak_mem_gb 0.216
2026-10-01 22:36:15,364 | DEBUG | step 4867 epoch 4 loss 0.2355 step_s 0.0016 peak_mem_gb 0.216
2026-10-01 22:36:15,367 | DEBUG | step 4868 epoch 4 loss 0.0739 step_s 0.0016 peak_mem_gb 0.216
2026-10-01 22:36:15,369 | DEBUG | step 4869 epoch 4 loss 0.1544 step_s 0.0017 peak_mem_gb 0.216
2026-10-01 22:36:15,372 | DEBUG | step 4870 epoch 4 loss 0.0661 step_s 0.0016 peak_mem_gb 0.216
2026-10-01 22:36:15,374 | DEBUG | step 4871 epoch 4 loss 0.0968 step_s 0.0016 peak_mem_gb 0.216
2026-10-01 22:36:15,376 | DEBUG | step 4872 epoch 4 loss 0.0600 step_s 0.0016 peak_mem_gb 0.216
2026-10-01 22:36:15,379 | DEBUG | step 4873 epoch 4 loss 0.0914 step_s 0.0018 peak_mem_gb 0.216
2026-10-01 22:36:15,381 | DEBUG | step 4874 epoch 4 loss 0.1285 step_s 0.0016 peak_mem_gb 0.216
2026-10-01 22:36:15,384 | DEBUG | step 4875 epoch 4 loss 0.0665 step_s 0.0016 peak_mem_gb 0.216
2026-10-01 22:36:15,386 | DEBUG | step 4876 epoch 4 loss 0.0454 step_s 0.0017 peak_mem_gb 0.216
2026-10-01 22:36:15,388 | DEBUG | step 4877 epoch 4 loss 0.1721 step_s 0.0016 peak_mem_gb 0.216
2026-10-01 22:36:15,391 | DEBUG | step 4878 epoch 4 loss 0.3373 step_s 0.0016 peak_mem_gb 0.216
2026-10-01 22:36:15,393 | DEBUG | step 4879 epoch 4 loss 0.1263 step_s 0.0017 peak_mem_gb 0.216
2026-10-01 22:36:15,395 | DEBUG | step 4880 epoch 4 loss 0.0694 step_s 0.0016 peak_mem_gb 0.216
2026-10-01 22:36:15,398 | DEBUG | step 4881 epoch 4 loss 0.1093 step_s 0.0016 peak_mem_gb 0.216
2026-10-01 22:36:15,400 | DEBUG | step 4882 epoch 4 loss 0.1505 step_s 0.0017 peak_mem_gb 0.216
2026-10-01 22:36:15,402 | DEBUG | step 4883 epoch 4 loss 0.1121 step_s 0.0017 peak_mem_gb 0.216
2026-10-01 22:36:15,405 | DEBUG | step 4884 epoch 4 loss 0.1121 step_s 0.0017 peak_mem_gb 0.216
2026-10-01 22:36:15,407 | DEBUG | step 4885 epoch 4 loss 0.0319 step_s 0.0016 peak_mem_gb 0.216
2026-10-01 22:36:15,410 | DEBUG | step 4886 epoch 4 loss 0.0971 step_s 0.0017 peak_mem_gb 0.216
2026-10-01 22:36:15,412 | DEBUG | step 4887 epoch 4 loss 0.0877 step_s 0.0016 peak_mem_gb 0.216
2026-10-01 22:36:15,414 | DEBUG | step 4888 epoch 4 loss 0.0592 step_s 0.0016 peak_mem_gb 0.216
2026-10-01 22:36:15,417 | DEBUG | step 4889 epoch 4 loss 0.1053 step_s 0.0018 peak_mem_gb 0.216
2026-10-01 22:36:15,420 | DEBUG | step 4890 epoch 4 loss 0.1285 step_s 0.0017 peak_mem_gb 0.216
2026-10-01 22:36:15,422 | DEBUG | step 4891 epoch 4 loss 0.1464 step_s 0.0017 peak_mem_gb 0.216
2026-10-01 22:36:15,424 | DEBUG | step 4892 epoch 4 loss 0.0731 step_s 0.0016 peak_mem_gb 0.216
2026-10-01 22:36:15,427 | DEBUG | step 4893 epoch 4 loss 0.1325 step_s 0.0017 peak_mem_gb 0.216
2026-10-01 22:36:15,429 | DEBUG | step 4894 epoch 4 loss 0.2005 step_s 0.0017 peak_mem_gb 0.216
2026-10-01 22:36:15,431 | DEBUG | step 4895 epoch 4 loss 0.0955 step_s 0.0017 peak_mem_gb 0.216
2026-10-01 22:36:15,434 | DEBUG | step 4896 epoch 4 loss 0.2034 step_s 0.0016 peak_mem_gb 0.216
2026-10-01 22:36:15,436 | DEBUG | step 4897 epoch 4 loss 0.0780 step_s 0.0017 peak_mem_gb 0.216
2026-10-01 22:36:15,438 | DEBUG | step 4898 epoch 4 loss 0.1194 step_s 0.0016 peak_mem_gb 0.216
2026-10-01 22:36:15,441 | DEBUG | step 4899 epoch 4 loss 0.0723 step_s 0.0017 peak_mem_gb 0.216
2026-10-01 22:36:15,443 | DEBUG | step 4900 epoch 4 loss 0.1037 step_s 0.0017 peak_mem_gb 0.216
2026-10-01 22:36:15,446 | DEBUG | step 4901 epoch 4 loss 0.2051 step_s 0.0020 peak_mem_gb 0.216
2026-10-01 22:36:15,448 | DEBUG | step 4902 epoch 4 loss 0.0967 step_s 0.0018 peak_mem_gb 0.216
2026-10-01 22:36:15,451 | DEBUG | step 4903 epoch 4 loss 0.0462 step_s 0.0016 peak_mem_gb 0.216
2026-10-01 22:36:15,453 | DEBUG | step 4904 epoch 4 loss 0.1589 step_s 0.0016 peak_mem_gb 0.216
2026-10-01 22:36:15,455 | DEBUG | step 4905 epoch 4 loss 0.1137 step_s 0.0016 peak_mem_gb 0.216
2026-10-01 22:36:15,458 | DEBUG | step 4906 epoch 4 loss 0.2037 step_s 0.0016 peak_mem_gb 0.216
2026-10-01 22:36:15,460 | DEBUG | step 4907 epoch 4 loss 0.0883 step_s 0.0016 peak_mem_gb 0.216
2026-10-01 22:36:15,462 | DEBUG | step 4908 epoch 4 loss 0.0679 step_s 0.0016 peak_mem_gb 0.216
2026-10-01 22:36:15,465 | DEBUG | step 4909 epoch 4 loss 0.1126 step_s 0.0017 peak_mem_gb 0.216
2026-10-01 22:36:15,467 | DEBUG | step 4910 epoch 4 loss 0.1346 step_s 0.0016 peak_mem_gb 0.216
2026-10-01 22:36:15,470 | DEBUG | step 4911 epoch 4 loss 0.0874 step_s 0.0017 peak_mem_gb 0.216
2026-10-01 22:36:15,472 | DEBUG | step 4912 epoch 4 loss 0.1400 step_s 0.0016 peak_mem_gb 0.216
2026-10-01 22:36:15,474 | DEBUG | step 4913 epoch 4 loss 0.1924 step_s 0.0016 peak_mem_gb 0.216
2026-10-01 22:36:15,477 | DEBUG | step 4914 epoch 4 loss 0.0714 step_s 0.0019 peak_mem_gb 0.216
2026-10-01 22:36:15,479 | DEBUG | step 4915 epoch 4 loss 0.2689 step_s 0.0017 peak_mem_gb 0.216
2026-10-01 22:36:15,482 | DEBUG | step 4916 epoch 4 loss 0.0565 step_s 0.0017 peak_mem_gb 0.216
2026-10-01 22:36:15,484 | DEBUG | step 4917 epoch 4 loss 0.0859 step_s 0.0016 peak_mem_gb 0.216
2026-10-01 22:36:15,486 | DEBUG | step 4918 epoch 4 loss 0.2715 step_s 0.0016 peak_mem_gb 0.216
2026-10-01 22:36:15,488 | DEBUG | step 4919 epoch 4 loss 0.1476 step_s 0.0016 peak_mem_gb 0.216
2026-10-01 22:36:15,491 | DEBUG | step 4920 epoch 4 loss 0.3077 step_s 0.0016 peak_mem_gb 0.216
2026-10-01 22:36:15,493 | DEBUG | step 4921 epoch 4 loss 0.1660 step_s 0.0018 peak_mem_gb 0.216
2026-10-01 22:36:15,496 | DEBUG | step 4922 epoch 4 loss 0.2119 step_s 0.0016 peak_mem_gb 0.216
2026-10-01 22:36:15,498 | DEBUG | step 4923 epoch 4 loss 0.1253 step_s 0.0016 peak_mem_gb 0.216
2026-10-01 22:36:15,500 | DEBUG | step 4924 epoch 4 loss 0.0877 step_s 0.0016 peak_mem_gb 0.216
2026-10-01 22:36:15,503 | DEBUG | step 4925 epoch 4 loss 0.1139 step_s 0.0016 peak_mem_gb 0.216
2026-10-01 22:36:15,505 | DEBUG | step 4926 epoch 4 loss 0.2544 step_s 0.0016 peak_mem_gb 0.216
2026-10-01 22:36:15,507 | DEBUG | step 4927 epoch 4 loss 0.2468 step_s 0.0016 peak_mem_gb 0.216
2026-10-01 22:36:15,510 | DEBUG | step 4928 epoch 4 loss 0.1895 step_s 0.0017 peak_mem_gb 0.216
2026-10-01 22:36:15,512 | DEBUG | step 4929 epoch 4 loss 0.1579 step_s 0.0016 peak_mem_gb 0.216
2026-10-01 22:36:15,515 | DEBUG | step 4930 epoch 4 loss 0.0743 step_s 0.0017 peak_mem_gb 0.216
2026-10-01 22:36:15,517 | DEBUG | step 4931 epoch 4 loss 0.1207 step_s 0.0016 peak_mem_gb 0.216
2026-10-01 22:36:15,519 | DEBUG | step 4932 epoch 4 loss 0.1589 step_s 0.0016 peak_mem_gb 0.216
2026-10-01 22:36:15,522 | DEBUG | step 4933 epoch 4 loss 0.1559 step_s 0.0016 peak_mem_gb 0.216
2026-10-01 22:36:15,524 | DEBUG | step 4934 epoch 4 loss 0.1541 step_s 0.0016 peak_mem_gb 0.216
2026-10-01 22:36:15,526 | DEBUG | step 4935 epoch 4 loss 0.1250 step_s 0.0017 peak_mem_gb 0.216
2026-10-01 22:36:15,529 | DEBUG | step 4936 epoch 4 loss 0.1416 step_s 0.0016 peak_mem_gb 0.216
2026-10-01 22:36:15,531 | DEBUG | step 4937 epoch 4 loss 0.0834 step_s 0.0016 peak_mem_gb 0.216
2026-10-01 22:36:15,533 | DEBUG | step 4938 epoch 4 loss 0.1937 step_s 0.0016 peak_mem_gb 0.216
2026-10-01 22:36:15,536 | DEBUG | step 4939 epoch 4 loss 0.0561 step_s 0.0018 peak_mem_gb 0.216
2026-10-01 22:36:15,538 | DEBUG | step 4940 epoch 4 loss 0.2009 step_s 0.0016 peak_mem_gb 0.216
2026-10-01 22:36:15,541 | DEBUG | step 4941 epoch 4 loss 0.1631 step_s 0.0016 peak_mem_gb 0.216
2026-10-01 22:36:15,543 | DEBUG | step 4942 epoch 4 loss 0.0712 step_s 0.0017 peak_mem_gb 0.216
2026-10-01 22:36:15,545 | DEBUG | step 4943 epoch 4 loss 0.0721 step_s 0.0017 peak_mem_gb 0.216
2026-10-01 22:36:15,548 | DEBUG | step 4944 epoch 4 loss 0.1317 step_s 0.0016 peak_mem_gb 0.216
2026-10-01 22:36:15,550 | DEBUG | step 4945 epoch 4 loss 0.1730 step_s 0.0016 peak_mem_gb 0.216
2026-10-01 22:36:15,552 | DEBUG | step 4946 epoch 4 loss 0.2433 step_s 0.0016 peak_mem_gb 0.216
2026-10-01 22:36:15,555 | DEBUG | step 4947 epoch 4 loss 0.1164 step_s 0.0016 peak_mem_gb 0.216
2026-10-01 22:36:15,557 | DEBUG | step 4948 epoch 4 loss 0.0815 step_s 0.0016 peak_mem_gb 0.216
2026-10-01 22:36:15,560 | DEBUG | step 4949 epoch 4 loss 0.0494 step_s 0.0018 peak_mem_gb 0.216
2026-10-01 22:36:15,562 | DEBUG | step 4950 epoch 4 loss 0.1495 step_s 0.0016 peak_mem_gb 0.216
2026-10-01 22:36:15,564 | DEBUG | step 4951 epoch 4 loss 0.2827 step_s 0.0016 peak_mem_gb 0.216
2026-10-01 22:36:15,567 | DEBUG | step 4952 epoch 4 loss 0.2431 step_s 0.0016 peak_mem_gb 0.216
2026-10-01 22:36:15,569 | DEBUG | step 4953 epoch 4 loss 0.0943 step_s 0.0016 peak_mem_gb 0.216
2026-10-01 22:36:15,571 | DEBUG | step 4954 epoch 4 loss 0.0893 step_s 0.0016 peak_mem_gb 0.216
2026-10-01 22:36:15,575 | DEBUG | step 4955 epoch 4 loss 0.0813 step_s 0.0016 peak_mem_gb 0.216
2026-10-01 22:36:15,578 | DEBUG | step 4956 epoch 4 loss 0.0851 step_s 0.0017 peak_mem_gb 0.216
2026-10-01 22:36:15,580 | DEBUG | step 4957 epoch 4 loss 0.0548 step_s 0.0016 peak_mem_gb 0.216
2026-10-01 22:36:15,582 | DEBUG | step 4958 epoch 4 loss 0.2138 step_s 0.0016 peak_mem_gb 0.216
2026-10-01 22:36:15,584 | DEBUG | step 4959 epoch 4 loss 0.1336 step_s 0.0016 peak_mem_gb 0.216
2026-10-01 22:36:15,587 | DEBUG | step 4960 epoch 4 loss 0.1158 step_s 0.0018 peak_mem_gb 0.216
2026-10-01 22:36:15,589 | DEBUG | step 4961 epoch 4 loss 0.0780 step_s 0.0017 peak_mem_gb 0.216
2026-10-01 22:36:15,592 | DEBUG | step 4962 epoch 4 loss 0.2270 step_s 0.0016 peak_mem_gb 0.216
2026-10-01 22:36:15,594 | DEBUG | step 4963 epoch 4 loss 0.1640 step_s 0.0016 peak_mem_gb 0.216
2026-10-01 22:36:15,596 | DEBUG | step 4964 epoch 4 loss 0.0929 step_s 0.0016 peak_mem_gb 0.216
2026-10-01 22:36:15,599 | DEBUG | step 4965 epoch 4 loss 0.0839 step_s 0.0016 peak_mem_gb 0.216
2026-10-01 22:36:15,601 | DEBUG | step 4966 epoch 4 loss 0.0783 step_s 0.0017 peak_mem_gb 0.216
2026-10-01 22:36:15,603 | DEBUG | step 4967 epoch 4 loss 0.2155 step_s 0.0016 peak_mem_gb 0.216
2026-10-01 22:36:15,606 | DEBUG | step 4968 epoch 4 loss 0.2554 step_s 0.0017 peak_mem_gb 0.216
2026-10-01 22:36:15,608 | DEBUG | step 4969 epoch 4 loss 0.1472 step_s 0.0016 peak_mem_gb 0.216
2026-10-01 22:36:15,611 | DEBUG | step 4970 epoch 4 loss 0.1550 step_s 0.0019 peak_mem_gb 0.216
2026-10-01 22:36:15,613 | DEBUG | step 4971 epoch 4 loss 0.1507 step_s 0.0017 peak_mem_gb 0.216
2026-10-01 22:36:15,616 | DEBUG | step 4972 epoch 4 loss 0.1556 step_s 0.0016 peak_mem_gb 0.216
2026-10-01 22:36:15,618 | DEBUG | step 4973 epoch 4 loss 0.1987 step_s 0.0016 peak_mem_gb 0.216
2026-10-01 22:36:15,620 | DEBUG | step 4974 epoch 4 loss 0.2043 step_s 0.0016 peak_mem_gb 0.216
2026-10-01 22:36:15,622 | DEBUG | step 4975 epoch 4 loss 0.1512 step_s 0.0016 peak_mem_gb 0.216
2026-10-01 22:36:15,625 | DEBUG | step 4976 epoch 4 loss 0.1553 step_s 0.0016 peak_mem_gb 0.216
2026-10-01 22:36:15,627 | DEBUG | step 4977 epoch 4 loss 0.1548 step_s 0.0016 peak_mem_gb 0.216
2026-10-01 22:36:15,629 | DEBUG | step 4978 epoch 4 loss 0.0876 step_s 0.0016 peak_mem_gb 0.216
2026-10-01 22:36:15,632 | DEBUG | step 4979 epoch 4 loss 0.1659 step_s 0.0016 peak_mem_gb 0.216
2026-10-01 22:36:15,634 | DEBUG | step 4980 epoch 4 loss 0.1315 step_s 0.0016 peak_mem_gb 0.216
2026-10-01 22:36:15,636 | DEBUG | step 4981 epoch 4 loss 0.0711 step_s 0.0017 peak_mem_gb 0.216
2026-10-01 22:36:15,639 | DEBUG | step 4982 epoch 4 loss 0.1537 step_s 0.0018 peak_mem_gb 0.216
2026-10-01 22:36:15,641 | DEBUG | step 4983 epoch 4 loss 0.2004 step_s 0.0017 peak_mem_gb 0.216
2026-10-01 22:36:15,644 | DEBUG | step 4984 epoch 4 loss 0.1220 step_s 0.0016 peak_mem_gb 0.216
2026-10-01 22:36:15,646 | DEBUG | step 4985 epoch 4 loss 0.0704 step_s 0.0016 peak_mem_gb 0.216
2026-10-01 22:36:15,648 | DEBUG | step 4986 epoch 4 loss 0.1174 step_s 0.0016 peak_mem_gb 0.216
2026-10-01 22:36:15,651 | DEBUG | step 4987 epoch 4 loss 0.1473 step_s 0.0016 peak_mem_gb 0.216
2026-10-01 22:36:15,653 | DEBUG | step 4988 epoch 4 loss 0.2067 step_s 0.0017 peak_mem_gb 0.216
2026-10-01 22:36:15,655 | DEBUG | step 4989 epoch 4 loss 0.0629 step_s 0.0016 peak_mem_gb 0.216
2026-10-01 22:36:15,658 | DEBUG | step 4990 epoch 4 loss 0.1863 step_s 0.0016 peak_mem_gb 0.216
2026-10-01 22:36:15,660 | DEBUG | step 4991 epoch 4 loss 0.1174 step_s 0.0017 peak_mem_gb 0.216
2026-10-01 22:36:15,663 | DEBUG | step 4992 epoch 4 loss 0.1091 step_s 0.0016 peak_mem_gb 0.216
2026-10-01 22:36:15,665 | DEBUG | step 4993 epoch 4 loss 0.2627 step_s 0.0016 peak_mem_gb 0.216
2026-10-01 22:36:15,667 | DEBUG | step 4994 epoch 4 loss 0.0558 step_s 0.0016 peak_mem_gb 0.216
2026-10-01 22:36:15,670 | DEBUG | step 4995 epoch 4 loss 0.1907 step_s 0.0017 peak_mem_gb 0.216
2026-10-01 22:36:15,672 | DEBUG | step 4996 epoch 4 loss 0.1828 step_s 0.0017 peak_mem_gb 0.216
2026-10-01 22:36:15,675 | DEBUG | step 4997 epoch 4 loss 0.1381 step_s 0.0017 peak_mem_gb 0.216
2026-10-01 22:36:15,677 | DEBUG | step 4998 epoch 4 loss 0.1346 step_s 0.0017 peak_mem_gb 0.216
2026-10-01 22:36:15,680 | DEBUG | step 4999 epoch 4 loss 0.0910 step_s 0.0017 peak_mem_gb 0.216
2026-10-01 22:36:15,682 | INFO | step 5000 epoch 4 loss 0.2079 step_s 0.0017 peak_mem_gb 0.216
2026-10-01 22:36:15,687 | DEBUG | step 5001 epoch 4 loss 0.1019 step_s 0.0030 peak_mem_gb 0.216
2026-10-01 22:36:15,690 | DEBUG | step 5002 epoch 4 loss 0.0962 step_s 0.0027 peak_mem_gb 0.216
2026-10-01 22:36:15,695 | DEBUG | step 5003 epoch 4 loss 0.0701 step_s 0.0032 peak_mem_gb 0.216
2026-10-01 22:36:15,698 | DEBUG | step 5004 epoch 4 loss 0.1363 step_s 0.0020 peak_mem_gb 0.216
2026-10-01 22:36:15,700 | DEBUG | step 5005 epoch 4 loss 0.1487 step_s 0.0019 peak_mem_gb 0.216
2026-10-01 22:36:15,703 | DEBUG | step 5006 epoch 4 loss 0.1747 step_s 0.0018 peak_mem_gb 0.216
2026-10-01 22:36:15,706 | DEBUG | step 5007 epoch 4 loss 0.1519 step_s 0.0018 peak_mem_gb 0.216
2026-10-01 22:36:15,708 | DEBUG | step 5008 epoch 4 loss 0.1778 step_s 0.0018 peak_mem_gb 0.216
2026-10-01 22:36:15,711 | DEBUG | step 5009 epoch 4 loss 0.1220 step_s 0.0018 peak_mem_gb 0.216
2026-10-01 22:36:15,714 | DEBUG | step 5010 epoch 4 loss 0.0871 step_s 0.0020 peak_mem_gb 0.216
2026-10-01 22:36:15,716 | DEBUG | step 5011 epoch 4 loss 0.0943 step_s 0.0017 peak_mem_gb 0.216
2026-10-01 22:36:15,719 | DEBUG | step 5012 epoch 4 loss 0.1384 step_s 0.0018 peak_mem_gb 0.216
2026-10-01 22:36:15,721 | DEBUG | step 5013 epoch 4 loss 0.1018 step_s 0.0018 peak_mem_gb 0.216
2026-10-01 22:36:15,724 | DEBUG | step 5014 epoch 4 loss 0.1201 step_s 0.0019 peak_mem_gb 0.216
2026-10-01 22:36:15,727 | DEBUG | step 5015 epoch 4 loss 0.1802 step_s 0.0017 peak_mem_gb 0.216
2026-10-01 22:36:15,729 | DEBUG | step 5016 epoch 4 loss 0.1243 step_s 0.0017 peak_mem_gb 0.216
2026-10-01 22:36:15,731 | DEBUG | step 5017 epoch 4 loss 0.1253 step_s 0.0017 peak_mem_gb 0.216
2026-10-01 22:36:15,734 | DEBUG | step 5018 epoch 4 loss 0.2562 step_s 0.0018 peak_mem_gb 0.216
2026-10-01 22:36:15,737 | DEBUG | step 5019 epoch 4 loss 0.1413 step_s 0.0020 peak_mem_gb 0.216
2026-10-01 22:36:15,739 | DEBUG | step 5020 epoch 4 loss 0.0790 step_s 0.0017 peak_mem_gb 0.216
2026-10-01 22:36:15,743 | DEBUG | step 5021 epoch 4 loss 0.1820 step_s 0.0030 peak_mem_gb 0.216
2026-10-01 22:36:15,748 | DEBUG | step 5022 epoch 4 loss 0.1639 step_s 0.0031 peak_mem_gb 0.216
2026-10-01 22:36:15,751 | DEBUG | step 5023 epoch 4 loss 0.1137 step_s 0.0022 peak_mem_gb 0.216
2026-10-01 22:36:15,754 | DEBUG | step 5024 epoch 4 loss 0.0515 step_s 0.0020 peak_mem_gb 0.216
2026-10-01 22:36:15,757 | DEBUG | step 5025 epoch 4 loss 0.1541 step_s 0.0024 peak_mem_gb 0.216
2026-10-01 22:36:15,762 | DEBUG | step 5026 epoch 4 loss 0.1238 step_s 0.0032 peak_mem_gb 0.216
2026-10-01 22:36:15,765 | DEBUG | step 5027 epoch 4 loss 0.0659 step_s 0.0020 peak_mem_gb 0.216
2026-10-01 22:36:15,767 | DEBUG | step 5028 epoch 4 loss 0.1673 step_s 0.0017 peak_mem_gb 0.216
2026-10-01 22:36:15,770 | DEBUG | step 5029 epoch 4 loss 0.0631 step_s 0.0019 peak_mem_gb 0.216
2026-10-01 22:36:15,773 | DEBUG | step 5030 epoch 4 loss 0.1471 step_s 0.0020 peak_mem_gb 0.216
2026-10-01 22:36:15,776 | DEBUG | step 5031 epoch 4 loss 0.1508 step_s 0.0019 peak_mem_gb 0.216
2026-10-01 22:36:15,779 | DEBUG | step 5032 epoch 4 loss 0.1020 step_s 0.0021 peak_mem_gb 0.216
2026-10-01 22:36:15,781 | DEBUG | step 5033 epoch 4 loss 0.0517 step_s 0.0018 peak_mem_gb 0.216
2026-10-01 22:36:15,784 | DEBUG | step 5034 epoch 4 loss 0.1674 step_s 0.0016 peak_mem_gb 0.216
2026-10-01 22:36:15,786 | DEBUG | step 5035 epoch 4 loss 0.1215 step_s 0.0017 peak_mem_gb 0.216
2026-10-01 22:36:15,789 | DEBUG | step 5036 epoch 4 loss 0.1002 step_s 0.0020 peak_mem_gb 0.216
2026-10-01 22:36:15,792 | DEBUG | step 5037 epoch 4 loss 0.1171 step_s 0.0023 peak_mem_gb 0.216
2026-10-01 22:36:15,795 | DEBUG | step 5038 epoch 4 loss 0.0904 step_s 0.0021 peak_mem_gb 0.216
2026-10-01 22:36:15,798 | DEBUG | step 5039 epoch 4 loss 0.1964 step_s 0.0019 peak_mem_gb 0.216
2026-10-01 22:36:15,802 | DEBUG | step 5040 epoch 4 loss 0.1391 step_s 0.0028 peak_mem_gb 0.216
2026-10-01 22:36:15,805 | DEBUG | step 5041 epoch 4 loss 0.1329 step_s 0.0026 peak_mem_gb 0.216
2026-10-01 22:36:15,808 | DEBUG | step 5042 epoch 4 loss 0.2337 step_s 0.0018 peak_mem_gb 0.216
2026-10-01 22:36:15,811 | DEBUG | step 5043 epoch 4 loss 0.0812 step_s 0.0017 peak_mem_gb 0.216
2026-10-01 22:36:15,813 | DEBUG | step 5044 epoch 4 loss 0.0933 step_s 0.0018 peak_mem_gb 0.216
2026-10-01 22:36:15,816 | DEBUG | step 5045 epoch 4 loss 0.1337 step_s 0.0018 peak_mem_gb 0.216
2026-10-01 22:36:15,818 | DEBUG | step 5046 epoch 4 loss 0.1073 step_s 0.0017 peak_mem_gb 0.216
2026-10-01 22:36:15,821 | DEBUG | step 5047 epoch 4 loss 0.0628 step_s 0.0019 peak_mem_gb 0.216
2026-10-01 22:36:15,824 | DEBUG | step 5048 epoch 4 loss 0.1842 step_s 0.0016 peak_mem_gb 0.216
2026-10-01 22:36:15,826 | DEBUG | step 5049 epoch 4 loss 0.1381 step_s 0.0016 peak_mem_gb 0.216
2026-10-01 22:36:15,829 | DEBUG | step 5050 epoch 4 loss 0.1547 step_s 0.0017 peak_mem_gb 0.216
2026-10-01 22:36:15,831 | DEBUG | step 5051 epoch 4 loss 0.1061 step_s 0.0017 peak_mem_gb 0.216
2026-10-01 22:36:15,834 | DEBUG | step 5052 epoch 4 loss 0.2440 step_s 0.0017 peak_mem_gb 0.216
2026-10-01 22:36:15,836 | DEBUG | step 5053 epoch 4 loss 0.1258 step_s 0.0017 peak_mem_gb 0.216
2026-10-01 22:36:15,839 | DEBUG | step 5054 epoch 4 loss 0.0899 step_s 0.0016 peak_mem_gb 0.216
2026-10-01 22:36:15,842 | DEBUG | step 5055 epoch 4 loss 0.1072 step_s 0.0018 peak_mem_gb 0.216
2026-10-01 22:36:15,844 | DEBUG | step 5056 epoch 4 loss 0.1345 step_s 0.0017 peak_mem_gb 0.216
2026-10-01 22:36:15,846 | DEBUG | step 5057 epoch 4 loss 0.1154 step_s 0.0016 peak_mem_gb 0.216
2026-10-01 22:36:15,849 | DEBUG | step 5058 epoch 4 loss 0.1167 step_s 0.0016 peak_mem_gb 0.216
2026-10-01 22:36:15,851 | DEBUG | step 5059 epoch 4 loss 0.0697 step_s 0.0017 peak_mem_gb 0.216
2026-10-01 22:36:15,854 | DEBUG | step 5060 epoch 4 loss 0.1980 step_s 0.0017 peak_mem_gb 0.216
2026-10-01 22:36:15,856 | DEBUG | step 5061 epoch 4 loss 0.0828 step_s 0.0016 peak_mem_gb 0.216
2026-10-01 22:36:15,858 | DEBUG | step 5062 epoch 4 loss 0.2043 step_s 0.0016 peak_mem_gb 0.216
2026-10-01 22:36:15,861 | DEBUG | step 5063 epoch 4 loss 0.1406 step_s 0.0016 peak_mem_gb 0.216
2026-10-01 22:36:15,863 | DEBUG | step 5064 epoch 4 loss 0.0734 step_s 0.0018 peak_mem_gb 0.216
2026-10-01 22:36:15,866 | DEBUG | step 5065 epoch 4 loss 0.1259 step_s 0.0017 peak_mem_gb 0.216
2026-10-01 22:36:15,868 | DEBUG | step 5066 epoch 4 loss 0.0542 step_s 0.0017 peak_mem_gb 0.216
2026-10-01 22:36:15,870 | DEBUG | step 5067 epoch 4 loss 0.0945 step_s 0.0017 peak_mem_gb 0.216
2026-10-01 22:36:15,873 | DEBUG | step 5068 epoch 4 loss 0.1247 step_s 0.0018 peak_mem_gb 0.216
2026-10-01 22:36:15,876 | DEBUG | step 5069 epoch 4 loss 0.0529 step_s 0.0017 peak_mem_gb 0.216
2026-10-01 22:36:15,878 | DEBUG | step 5070 epoch 4 loss 0.0953 step_s 0.0017 peak_mem_gb 0.216
2026-10-01 22:36:15,881 | DEBUG | step 5071 epoch 4 loss 0.0924 step_s 0.0018 peak_mem_gb 0.216
2026-10-01 22:36:15,883 | DEBUG | step 5072 epoch 4 loss 0.1008 step_s 0.0018 peak_mem_gb 0.216
2026-10-01 22:36:15,886 | DEBUG | step 5073 epoch 4 loss 0.0738 step_s 0.0018 peak_mem_gb 0.216
2026-10-01 22:36:15,889 | DEBUG | step 5074 epoch 4 loss 0.0771 step_s 0.0018 peak_mem_gb 0.216
2026-10-01 22:36:15,892 | DEBUG | step 5075 epoch 4 loss 0.1238 step_s 0.0019 peak_mem_gb 0.216
2026-10-01 22:36:15,894 | DEBUG | step 5076 epoch 4 loss 0.1757 step_s 0.0018 peak_mem_gb 0.216
2026-10-01 22:36:15,897 | DEBUG | step 5077 epoch 4 loss 0.1689 step_s 0.0018 peak_mem_gb 0.216
2026-10-01 22:36:15,899 | DEBUG | step 5078 epoch 4 loss 0.0883 step_s 0.0017 peak_mem_gb 0.216
2026-10-01 22:36:15,902 | DEBUG | step 5079 epoch 4 loss 0.0990 step_s 0.0017 peak_mem_gb 0.216
2026-10-01 22:36:15,905 | DEBUG | step 5080 epoch 4 loss 0.1018 step_s 0.0018 peak_mem_gb 0.216
2026-10-01 22:36:15,908 | DEBUG | step 5081 epoch 4 loss 0.0836 step_s 0.0023 peak_mem_gb 0.216
2026-10-01 22:36:15,910 | DEBUG | step 5082 epoch 4 loss 0.1341 step_s 0.0017 peak_mem_gb 0.216
2026-10-01 22:36:15,913 | DEBUG | step 5083 epoch 4 loss 0.0258 step_s 0.0016 peak_mem_gb 0.216
2026-10-01 22:36:15,916 | DEBUG | step 5084 epoch 4 loss 0.1958 step_s 0.0023 peak_mem_gb 0.216
2026-10-01 22:36:15,918 | DEBUG | step 5085 epoch 4 loss 0.0736 step_s 0.0017 peak_mem_gb 0.216
2026-10-01 22:36:15,921 | DEBUG | step 5086 epoch 4 loss 0.1833 step_s 0.0016 peak_mem_gb 0.216
2026-10-01 22:36:15,923 | DEBUG | step 5087 epoch 4 loss 0.1008 step_s 0.0016 peak_mem_gb 0.216
2026-10-01 22:36:15,925 | DEBUG | step 5088 epoch 4 loss 0.2537 step_s 0.0017 peak_mem_gb 0.216
2026-10-01 22:36:15,928 | DEBUG | step 5089 epoch 4 loss 0.1130 step_s 0.0017 peak_mem_gb 0.216
2026-10-01 22:36:15,931 | DEBUG | step 5090 epoch 4 loss 0.1637 step_s 0.0018 peak_mem_gb 0.216
2026-10-01 22:36:15,933 | DEBUG | step 5091 epoch 4 loss 0.2139 step_s 0.0017 peak_mem_gb 0.216
2026-10-01 22:36:15,935 | DEBUG | step 5092 epoch 4 loss 0.1298 step_s 0.0017 peak_mem_gb 0.216
2026-10-01 22:36:15,938 | DEBUG | step 5093 epoch 4 loss 0.1571 step_s 0.0016 peak_mem_gb 0.216
2026-10-01 22:36:15,940 | DEBUG | step 5094 epoch 4 loss 0.1463 step_s 0.0016 peak_mem_gb 0.216
2026-10-01 22:36:15,942 | DEBUG | step 5095 epoch 4 loss 0.1170 step_s 0.0016 peak_mem_gb 0.216
2026-10-01 22:36:15,945 | DEBUG | step 5096 epoch 4 loss 0.0553 step_s 0.0018 peak_mem_gb 0.216
2026-10-01 22:36:15,947 | DEBUG | step 5097 epoch 4 loss 0.1266 step_s 0.0017 peak_mem_gb 0.216
2026-10-01 22:36:15,950 | DEBUG | step 5098 epoch 4 loss 0.1363 step_s 0.0016 peak_mem_gb 0.216
2026-10-01 22:36:15,952 | DEBUG | step 5099 epoch 4 loss 0.1902 step_s 0.0016 peak_mem_gb 0.216
2026-10-01 22:36:15,954 | DEBUG | step 5100 epoch 4 loss 0.1365 step_s 0.0016 peak_mem_gb 0.216
2026-10-01 22:36:15,957 | DEBUG | step 5101 epoch 4 loss 0.1631 step_s 0.0017 peak_mem_gb 0.216
2026-10-01 22:36:15,959 | DEBUG | step 5102 epoch 4 loss 0.1026 step_s 0.0016 peak_mem_gb 0.216
2026-10-01 22:36:15,962 | DEBUG | step 5103 epoch 4 loss 0.0282 step_s 0.0017 peak_mem_gb 0.216
2026-10-01 22:36:15,964 | DEBUG | step 5104 epoch 4 loss 0.0870 step_s 0.0016 peak_mem_gb 0.216
2026-10-01 22:36:15,966 | DEBUG | step 5105 epoch 4 loss 0.0675 step_s 0.0017 peak_mem_gb 0.216
2026-10-01 22:36:15,969 | DEBUG | step 5106 epoch 4 loss 0.1904 step_s 0.0017 peak_mem_gb 0.216
2026-10-01 22:36:15,971 | DEBUG | step 5107 epoch 4 loss 0.1653 step_s 0.0018 peak_mem_gb 0.216
2026-10-01 22:36:15,974 | DEBUG | step 5108 epoch 4 loss 0.1272 step_s 0.0016 peak_mem_gb 0.216
2026-10-01 22:36:15,977 | DEBUG | step 5109 epoch 4 loss 0.0955 step_s 0.0017 peak_mem_gb 0.216
2026-10-01 22:36:15,979 | DEBUG | step 5110 epoch 4 loss 0.1824 step_s 0.0019 peak_mem_gb 0.216
2026-10-01 22:36:15,982 | DEBUG | step 5111 epoch 4 loss 0.2302 step_s 0.0017 peak_mem_gb 0.216
2026-10-01 22:36:15,984 | DEBUG | step 5112 epoch 4 loss 0.1776 step_s 0.0017 peak_mem_gb 0.216
2026-10-01 22:36:15,987 | DEBUG | step 5113 epoch 4 loss 0.0833 step_s 0.0017 peak_mem_gb 0.216
2026-10-01 22:36:15,989 | DEBUG | step 5114 epoch 4 loss 0.2318 step_s 0.0019 peak_mem_gb 0.216
2026-10-01 22:36:15,992 | DEBUG | step 5115 epoch 4 loss 0.1310 step_s 0.0017 peak_mem_gb 0.216
2026-10-01 22:36:15,994 | DEBUG | step 5116 epoch 4 loss 0.1636 step_s 0.0017 peak_mem_gb 0.216
2026-10-01 22:36:15,997 | DEBUG | step 5117 epoch 4 loss 0.1590 step_s 0.0017 peak_mem_gb 0.216
2026-10-01 22:36:15,999 | DEBUG | step 5118 epoch 4 loss 0.1651 step_s 0.0017 peak_mem_gb 0.216
2026-10-01 22:36:16,001 | DEBUG | step 5119 epoch 4 loss 0.1475 step_s 0.0018 peak_mem_gb 0.216
2026-10-01 22:36:16,004 | DEBUG | step 5120 epoch 4 loss 0.1395 step_s 0.0016 peak_mem_gb 0.216
2026-10-01 22:36:16,006 | DEBUG | step 5121 epoch 4 loss 0.0542 step_s 0.0016 peak_mem_gb 0.216
2026-10-01 22:36:16,008 | DEBUG | step 5122 epoch 4 loss 0.1184 step_s 0.0016 peak_mem_gb 0.216
2026-10-01 22:36:16,011 | DEBUG | step 5123 epoch 4 loss 0.1388 step_s 0.0022 peak_mem_gb 0.216
2026-10-01 22:36:16,014 | DEBUG | step 5124 epoch 4 loss 0.2260 step_s 0.0019 peak_mem_gb 0.216
2026-10-01 22:36:16,016 | DEBUG | step 5125 epoch 4 loss 0.0803 step_s 0.0016 peak_mem_gb 0.216
2026-10-01 22:36:16,019 | DEBUG | step 5126 epoch 4 loss 0.1504 step_s 0.0017 peak_mem_gb 0.216
2026-10-01 22:36:16,021 | DEBUG | step 5127 epoch 4 loss 0.1683 step_s 0.0018 peak_mem_gb 0.216
2026-10-01 22:36:16,024 | DEBUG | step 5128 epoch 4 loss 0.0997 step_s 0.0016 peak_mem_gb 0.216
2026-10-01 22:36:16,026 | DEBUG | step 5129 epoch 4 loss 0.0839 step_s 0.0019 peak_mem_gb 0.216
2026-10-01 22:36:16,029 | DEBUG | step 5130 epoch 4 loss 0.0925 step_s 0.0017 peak_mem_gb 0.216
2026-10-01 22:36:16,031 | DEBUG | step 5131 epoch 4 loss 0.1653 step_s 0.0017 peak_mem_gb 0.216
2026-10-01 22:36:16,034 | DEBUG | step 5132 epoch 4 loss 0.1200 step_s 0.0017 peak_mem_gb 0.216
2026-10-01 22:36:16,036 | DEBUG | step 5133 epoch 4 loss 0.1192 step_s 0.0017 peak_mem_gb 0.216
2026-10-01 22:36:16,039 | DEBUG | step 5134 epoch 4 loss 0.0752 step_s 0.0017 peak_mem_gb 0.216
2026-10-01 22:36:16,041 | DEBUG | step 5135 epoch 4 loss 0.0661 step_s 0.0017 peak_mem_gb 0.216
2026-10-01 22:36:16,043 | DEBUG | step 5136 epoch 4 loss 0.0702 step_s 0.0016 peak_mem_gb 0.216
2026-10-01 22:36:16,046 | DEBUG | step 5137 epoch 4 loss 0.1604 step_s 0.0016 peak_mem_gb 0.216
2026-10-01 22:36:16,048 | DEBUG | step 5138 epoch 4 loss 0.1468 step_s 0.0016 peak_mem_gb 0.216
2026-10-01 22:36:16,051 | DEBUG | step 5139 epoch 4 loss 0.2734 step_s 0.0017 peak_mem_gb 0.216
2026-10-01 22:36:16,054 | DEBUG | step 5140 epoch 4 loss 0.1306 step_s 0.0022 peak_mem_gb 0.216
2026-10-01 22:36:16,057 | DEBUG | step 5141 epoch 4 loss 0.1744 step_s 0.0019 peak_mem_gb 0.216
2026-10-01 22:36:16,059 | DEBUG | step 5142 epoch 4 loss 0.3097 step_s 0.0016 peak_mem_gb 0.216
2026-10-01 22:36:16,062 | DEBUG | step 5143 epoch 4 loss 0.1502 step_s 0.0017 peak_mem_gb 0.216
2026-10-01 22:36:16,064 | DEBUG | step 5144 epoch 4 loss 0.1017 step_s 0.0016 peak_mem_gb 0.216
2026-10-01 22:36:16,066 | DEBUG | step 5145 epoch 4 loss 0.0757 step_s 0.0016 peak_mem_gb 0.216
2026-10-01 22:36:16,069 | DEBUG | step 5146 epoch 4 loss 0.2001 step_s 0.0017 peak_mem_gb 0.216
2026-10-01 22:36:16,071 | DEBUG | step 5147 epoch 4 loss 0.1505 step_s 0.0017 peak_mem_gb 0.216
2026-10-01 22:36:16,076 | DEBUG | step 5148 epoch 4 loss 0.1609 step_s 0.0040 peak_mem_gb 0.216
2026-10-01 22:36:16,078 | DEBUG | step 5149 epoch 4 loss 0.2650 step_s 0.0017 peak_mem_gb 0.216
2026-10-01 22:36:16,081 | DEBUG | step 5150 epoch 4 loss 0.2092 step_s 0.0016 peak_mem_gb 0.216
2026-10-01 22:36:16,083 | DEBUG | step 5151 epoch 4 loss 0.1133 step_s 0.0016 peak_mem_gb 0.216
2026-10-01 22:36:16,085 | DEBUG | step 5152 epoch 4 loss 0.1533 step_s 0.0017 peak_mem_gb 0.216
2026-10-01 22:36:16,088 | DEBUG | step 5153 epoch 4 loss 0.0584 step_s 0.0016 peak_mem_gb 0.216
2026-10-01 22:36:16,090 | DEBUG | step 5154 epoch 4 loss 0.0591 step_s 0.0017 peak_mem_gb 0.216
2026-10-01 22:36:16,093 | DEBUG | step 5155 epoch 4 loss 0.1962 step_s 0.0018 peak_mem_gb 0.216
2026-10-01 22:36:16,095 | DEBUG | step 5156 epoch 4 loss 0.1620 step_s 0.0018 peak_mem_gb 0.216
2026-10-01 22:36:16,097 | DEBUG | step 5157 epoch 4 loss 0.0685 step_s 0.0017 peak_mem_gb 0.216
2026-10-01 22:36:16,100 | DEBUG | step 5158 epoch 4 loss 0.0441 step_s 0.0017 peak_mem_gb 0.216
2026-10-01 22:36:16,102 | DEBUG | step 5159 epoch 4 loss 0.1048 step_s 0.0016 peak_mem_gb 0.216
2026-10-01 22:36:16,105 | DEBUG | step 5160 epoch 4 loss 0.1820 step_s 0.0017 peak_mem_gb 0.216
2026-10-01 22:36:16,107 | DEBUG | step 5161 epoch 4 loss 0.1450 step_s 0.0016 peak_mem_gb 0.216
2026-10-01 22:36:16,109 | DEBUG | step 5162 epoch 4 loss 0.1903 step_s 0.0018 peak_mem_gb 0.216
2026-10-01 22:36:16,112 | DEBUG | step 5163 epoch 4 loss 0.1701 step_s 0.0018 peak_mem_gb 0.216
2026-10-01 22:36:16,114 | DEBUG | step 5164 epoch 4 loss 0.1696 step_s 0.0016 peak_mem_gb 0.216
2026-10-01 22:36:16,117 | DEBUG | step 5165 epoch 4 loss 0.2012 step_s 0.0017 peak_mem_gb 0.216
2026-10-01 22:36:16,119 | DEBUG | step 5166 epoch 4 loss 0.0746 step_s 0.0016 peak_mem_gb 0.216
2026-10-01 22:36:16,121 | DEBUG | step 5167 epoch 4 loss 0.1802 step_s 0.0017 peak_mem_gb 0.216
2026-10-01 22:36:16,124 | DEBUG | step 5168 epoch 4 loss 0.1565 step_s 0.0016 peak_mem_gb 0.216
2026-10-01 22:36:16,126 | DEBUG | step 5169 epoch 4 loss 0.1534 step_s 0.0017 peak_mem_gb 0.216
2026-10-01 22:36:16,129 | DEBUG | step 5170 epoch 4 loss 0.1744 step_s 0.0017 peak_mem_gb 0.216
2026-10-01 22:36:16,131 | DEBUG | step 5171 epoch 4 loss 0.1327 step_s 0.0017 peak_mem_gb 0.216
2026-10-01 22:36:16,134 | DEBUG | step 5172 epoch 4 loss 0.1296 step_s 0.0016 peak_mem_gb 0.216
2026-10-01 22:36:16,136 | DEBUG | step 5173 epoch 4 loss 0.1669 step_s 0.0016 peak_mem_gb 0.216
2026-10-01 22:36:16,138 | DEBUG | step 5174 epoch 4 loss 0.1142 step_s 0.0017 peak_mem_gb 0.216
2026-10-01 22:36:16,141 | DEBUG | step 5175 epoch 4 loss 0.1449 step_s 0.0017 peak_mem_gb 0.216
2026-10-01 22:36:16,144 | DEBUG | step 5176 epoch 4 loss 0.1070 step_s 0.0021 peak_mem_gb 0.216
2026-10-01 22:36:16,147 | DEBUG | step 5177 epoch 4 loss 0.2004 step_s 0.0022 peak_mem_gb 0.216
2026-10-01 22:36:16,150 | DEBUG | step 5178 epoch 4 loss 0.0972 step_s 0.0018 peak_mem_gb 0.216
2026-10-01 22:36:16,152 | DEBUG | step 5179 epoch 4 loss 0.2181 step_s 0.0019 peak_mem_gb 0.216
2026-10-01 22:36:16,155 | DEBUG | step 5180 epoch 4 loss 0.2306 step_s 0.0017 peak_mem_gb 0.216
2026-10-01 22:36:16,157 | DEBUG | step 5181 epoch 4 loss 0.1399 step_s 0.0017 peak_mem_gb 0.216
2026-10-01 22:36:16,160 | DEBUG | step 5182 epoch 4 loss 0.1807 step_s 0.0016 peak_mem_gb 0.216
2026-10-01 22:36:16,162 | DEBUG | step 5183 epoch 4 loss 0.1013 step_s 0.0016 peak_mem_gb 0.216
2026-10-01 22:36:16,164 | DEBUG | step 5184 epoch 4 loss 0.0907 step_s 0.0016 peak_mem_gb 0.216
2026-10-01 22:36:16,167 | DEBUG | step 5185 epoch 4 loss 0.0851 step_s 0.0016 peak_mem_gb 0.216
2026-10-01 22:36:16,169 | DEBUG | step 5186 epoch 4 loss 0.2257 step_s 0.0017 peak_mem_gb 0.216
2026-10-01 22:36:16,171 | DEBUG | step 5187 epoch 4 loss 0.1591 step_s 0.0017 peak_mem_gb 0.216
2026-10-01 22:36:16,174 | DEBUG | step 5188 epoch 4 loss 0.2622 step_s 0.0016 peak_mem_gb 0.216
2026-10-01 22:36:16,176 | DEBUG | step 5189 epoch 4 loss 0.0649 step_s 0.0016 peak_mem_gb 0.216
2026-10-01 22:36:16,179 | DEBUG | step 5190 epoch 4 loss 0.1136 step_s 0.0016 peak_mem_gb 0.216
2026-10-01 22:36:16,181 | DEBUG | step 5191 epoch 4 loss 0.1582 step_s 0.0016 peak_mem_gb 0.216
2026-10-01 22:36:16,183 | DEBUG | step 5192 epoch 4 loss 0.1132 step_s 0.0016 peak_mem_gb 0.216
2026-10-01 22:36:16,186 | DEBUG | step 5193 epoch 4 loss 0.1875 step_s 0.0016 peak_mem_gb 0.216
2026-10-01 22:36:16,188 | DEBUG | step 5194 epoch 4 loss 0.0770 step_s 0.0017 peak_mem_gb 0.216
2026-10-01 22:36:16,191 | DEBUG | step 5195 epoch 4 loss 0.1768 step_s 0.0018 peak_mem_gb 0.216
2026-10-01 22:36:16,193 | DEBUG | step 5196 epoch 4 loss 0.2261 step_s 0.0017 peak_mem_gb 0.216
2026-10-01 22:36:16,195 | DEBUG | step 5197 epoch 4 loss 0.1630 step_s 0.0016 peak_mem_gb 0.216
2026-10-01 22:36:16,198 | DEBUG | step 5198 epoch 4 loss 0.1038 step_s 0.0016 peak_mem_gb 0.216
2026-10-01 22:36:16,200 | DEBUG | step 5199 epoch 4 loss 0.1268 step_s 0.0016 peak_mem_gb 0.216
2026-10-01 22:36:16,202 | INFO | step 5200 epoch 4 loss 0.1201 step_s 0.0016 peak_mem_gb 0.216
2026-10-01 22:36:16,205 | DEBUG | step 5201 epoch 4 loss 0.0604 step_s 0.0017 peak_mem_gb 0.216
2026-10-01 22:36:16,208 | DEBUG | step 5202 epoch 4 loss 0.0986 step_s 0.0018 peak_mem_gb 0.216
2026-10-01 22:36:16,211 | DEBUG | step 5203 epoch 4 loss 0.3445 step_s 0.0023 peak_mem_gb 0.216
2026-10-01 22:36:16,214 | DEBUG | step 5204 epoch 4 loss 0.0819 step_s 0.0020 peak_mem_gb 0.216
2026-10-01 22:36:16,216 | DEBUG | step 5205 epoch 4 loss 0.0901 step_s 0.0017 peak_mem_gb 0.216
2026-10-01 22:36:16,219 | DEBUG | step 5206 epoch 4 loss 0.0897 step_s 0.0016 peak_mem_gb 0.216
2026-10-01 22:36:16,221 | DEBUG | step 5207 epoch 4 loss 0.0705 step_s 0.0016 peak_mem_gb 0.216
2026-10-01 22:36:16,223 | DEBUG | step 5208 epoch 4 loss 0.0734 step_s 0.0016 peak_mem_gb 0.216
2026-10-01 22:36:16,226 | DEBUG | step 5209 epoch 4 loss 0.1049 step_s 0.0017 peak_mem_gb 0.216
2026-10-01 22:36:16,228 | DEBUG | step 5210 epoch 4 loss 0.1759 step_s 0.0017 peak_mem_gb 0.216
2026-10-01 22:36:16,231 | DEBUG | step 5211 epoch 4 loss 0.1705 step_s 0.0017 peak_mem_gb 0.216
2026-10-01 22:36:16,233 | DEBUG | step 5212 epoch 4 loss 0.1271 step_s 0.0016 peak_mem_gb 0.216
2026-10-01 22:36:16,235 | DEBUG | step 5213 epoch 4 loss 0.1204 step_s 0.0017 peak_mem_gb 0.216
2026-10-01 22:36:16,238 | DEBUG | step 5214 epoch 4 loss 0.0841 step_s 0.0017 peak_mem_gb 0.216
2026-10-01 22:36:16,240 | DEBUG | step 5215 epoch 4 loss 0.0767 step_s 0.0016 peak_mem_gb 0.216
2026-10-01 22:36:16,242 | DEBUG | step 5216 epoch 4 loss 0.1758 step_s 0.0016 peak_mem_gb 0.216
2026-10-01 22:36:16,245 | DEBUG | step 5217 epoch 4 loss 0.1507 step_s 0.0018 peak_mem_gb 0.216
2026-10-01 22:36:16,247 | DEBUG | step 5218 epoch 4 loss 0.1052 step_s 0.0017 peak_mem_gb 0.216
2026-10-01 22:36:16,249 | DEBUG | step 5219 epoch 4 loss 0.0738 step_s 0.0016 peak_mem_gb 0.216
2026-10-01 22:36:16,252 | DEBUG | step 5220 epoch 4 loss 0.0761 step_s 0.0016 peak_mem_gb 0.216
2026-10-01 22:36:16,254 | DEBUG | step 5221 epoch 4 loss 0.1784 step_s 0.0016 peak_mem_gb 0.216
2026-10-01 22:36:16,256 | DEBUG | step 5222 epoch 4 loss 0.1294 step_s 0.0016 peak_mem_gb 0.216
2026-10-01 22:36:16,259 | DEBUG | step 5223 epoch 4 loss 0.1945 step_s 0.0016 peak_mem_gb 0.216
2026-10-01 22:36:16,261 | DEBUG | step 5224 epoch 4 loss 0.1407 step_s 0.0017 peak_mem_gb 0.216
2026-10-01 22:36:16,263 | DEBUG | step 5225 epoch 4 loss 0.1493 step_s 0.0016 peak_mem_gb 0.216
2026-10-01 22:36:16,266 | DEBUG | step 5226 epoch 4 loss 0.0697 step_s 0.0016 peak_mem_gb 0.216
2026-10-01 22:36:16,268 | DEBUG | step 5227 epoch 4 loss 0.0340 step_s 0.0016 peak_mem_gb 0.216
2026-10-01 22:36:16,270 | DEBUG | step 5228 epoch 4 loss 0.1263 step_s 0.0016 peak_mem_gb 0.216
2026-10-01 22:36:16,273 | DEBUG | step 5229 epoch 4 loss 0.3590 step_s 0.0017 peak_mem_gb 0.216
2026-10-01 22:36:16,275 | DEBUG | step 5230 epoch 4 loss 0.2650 step_s 0.0016 peak_mem_gb 0.216
2026-10-01 22:36:16,277 | DEBUG | step 5231 epoch 4 loss 0.0875 step_s 0.0017 peak_mem_gb 0.216
2026-10-01 22:36:16,280 | DEBUG | step 5232 epoch 4 loss 0.1371 step_s 0.0016 peak_mem_gb 0.216
2026-10-01 22:36:16,282 | DEBUG | step 5233 epoch 4 loss 0.1892 step_s 0.0016 peak_mem_gb 0.216
2026-10-01 22:36:16,284 | DEBUG | step 5234 epoch 4 loss 0.0956 step_s 0.0016 peak_mem_gb 0.216
2026-10-01 22:36:16,287 | DEBUG | step 5235 epoch 4 loss 0.1297 step_s 0.0016 peak_mem_gb 0.216
2026-10-01 22:36:16,289 | DEBUG | step 5236 epoch 4 loss 0.1265 step_s 0.0017 peak_mem_gb 0.216
2026-10-01 22:36:16,291 | DEBUG | step 5237 epoch 4 loss 0.2513 step_s 0.0018 peak_mem_gb 0.216
2026-10-01 22:36:16,294 | DEBUG | step 5238 epoch 4 loss 0.1704 step_s 0.0016 peak_mem_gb 0.216
2026-10-01 22:36:16,296 | DEBUG | step 5239 epoch 4 loss 0.1292 step_s 0.0017 peak_mem_gb 0.216
2026-10-01 22:36:16,298 | DEBUG | step 5240 epoch 4 loss 0.1379 step_s 0.0016 peak_mem_gb 0.216
2026-10-01 22:36:16,301 | DEBUG | step 5241 epoch 4 loss 0.2002 step_s 0.0016 peak_mem_gb 0.216
2026-10-01 22:36:16,303 | DEBUG | step 5242 epoch 4 loss 0.1523 step_s 0.0016 peak_mem_gb 0.216
2026-10-01 22:36:16,305 | DEBUG | step 5243 epoch 4 loss 0.2092 step_s 0.0017 peak_mem_gb 0.216
2026-10-01 22:36:16,308 | DEBUG | step 5244 epoch 4 loss 0.2067 step_s 0.0019 peak_mem_gb 0.216
2026-10-01 22:36:16,310 | DEBUG | step 5245 epoch 4 loss 0.1703 step_s 0.0016 peak_mem_gb 0.216
2026-10-01 22:36:16,313 | DEBUG | step 5246 epoch 4 loss 0.1277 step_s 0.0016 peak_mem_gb 0.216
2026-10-01 22:36:16,315 | DEBUG | step 5247 epoch 4 loss 0.0725 step_s 0.0016 peak_mem_gb 0.216
2026-10-01 22:36:16,317 | DEBUG | step 5248 epoch 4 loss 0.2214 step_s 0.0016 peak_mem_gb 0.216
2026-10-01 22:36:16,320 | DEBUG | step 5249 epoch 4 loss 0.1650 step_s 0.0016 peak_mem_gb 0.216
2026-10-01 22:36:16,322 | DEBUG | step 5250 epoch 4 loss 0.1303 step_s 0.0016 peak_mem_gb 0.216
2026-10-01 22:36:16,324 | DEBUG | step 5251 epoch 4 loss 0.1328 step_s 0.0016 peak_mem_gb 0.216
2026-10-01 22:36:16,327 | DEBUG | step 5252 epoch 4 loss 0.0526 step_s 0.0016 peak_mem_gb 0.216
2026-10-01 22:36:16,329 | DEBUG | step 5253 epoch 4 loss 0.1698 step_s 0.0017 peak_mem_gb 0.216
2026-10-01 22:36:16,331 | DEBUG | step 5254 epoch 4 loss 0.0853 step_s 0.0016 peak_mem_gb 0.216
2026-10-01 22:36:16,333 | DEBUG | step 5255 epoch 4 loss 0.1204 step_s 0.0017 peak_mem_gb 0.216
2026-10-01 22:36:16,336 | DEBUG | step 5256 epoch 4 loss 0.1355 step_s 0.0016 peak_mem_gb 0.216
2026-10-01 22:36:16,338 | DEBUG | step 5257 epoch 4 loss 0.0949 step_s 0.0016 peak_mem_gb 0.216
2026-10-01 22:36:16,341 | DEBUG | step 5258 epoch 4 loss 0.0716 step_s 0.0016 peak_mem_gb 0.216
2026-10-01 22:36:16,343 | DEBUG | step 5259 epoch 4 loss 0.2156 step_s 0.0016 peak_mem_gb 0.216
2026-10-01 22:36:16,345 | DEBUG | step 5260 epoch 4 loss 0.1425 step_s 0.0016 peak_mem_gb 0.216
2026-10-01 22:36:16,348 | DEBUG | step 5261 epoch 4 loss 0.1088 step_s 0.0016 peak_mem_gb 0.216
2026-10-01 22:36:16,350 | DEBUG | step 5262 epoch 4 loss 0.1337 step_s 0.0016 peak_mem_gb 0.216
2026-10-01 22:36:16,352 | DEBUG | step 5263 epoch 4 loss 0.1014 step_s 0.0016 peak_mem_gb 0.216
2026-10-01 22:36:16,355 | DEBUG | step 5264 epoch 4 loss 0.0882 step_s 0.0018 peak_mem_gb 0.216
2026-10-01 22:36:16,357 | DEBUG | step 5265 epoch 4 loss 0.2491 step_s 0.0016 peak_mem_gb 0.216
2026-10-01 22:36:16,359 | DEBUG | step 5266 epoch 4 loss 0.0879 step_s 0.0016 peak_mem_gb 0.216
2026-10-01 22:36:16,362 | DEBUG | step 5267 epoch 4 loss 0.0667 step_s 0.0016 peak_mem_gb 0.216
2026-10-01 22:36:16,364 | DEBUG | step 5268 epoch 4 loss 0.0988 step_s 0.0016 peak_mem_gb 0.216
2026-10-01 22:36:16,366 | DEBUG | step 5269 epoch 4 loss 0.2952 step_s 0.0016 peak_mem_gb 0.216
2026-10-01 22:36:16,369 | DEBUG | step 5270 epoch 4 loss 0.1319 step_s 0.0016 peak_mem_gb 0.216
2026-10-01 22:36:16,371 | DEBUG | step 5271 epoch 4 loss 0.1870 step_s 0.0017 peak_mem_gb 0.216
2026-10-01 22:36:16,373 | DEBUG | step 5272 epoch 4 loss 0.0840 step_s 0.0018 peak_mem_gb 0.216
2026-10-01 22:36:16,376 | DEBUG | step 5273 epoch 4 loss 0.1196 step_s 0.0016 peak_mem_gb 0.216
2026-10-01 22:36:16,378 | DEBUG | step 5274 epoch 4 loss 0.0564 step_s 0.0016 peak_mem_gb 0.216
2026-10-01 22:36:16,380 | DEBUG | step 5275 epoch 4 loss 0.1030 step_s 0.0016 peak_mem_gb 0.216
2026-10-01 22:36:16,383 | DEBUG | step 5276 epoch 4 loss 0.0780 step_s 0.0016 peak_mem_gb 0.216
2026-10-01 22:36:16,385 | DEBUG | step 5277 epoch 4 loss 0.1488 step_s 0.0017 peak_mem_gb 0.216
2026-10-01 22:36:16,387 | DEBUG | step 5278 epoch 4 loss 0.0869 step_s 0.0016 peak_mem_gb 0.216
2026-10-01 22:36:16,390 | DEBUG | step 5279 epoch 4 loss 0.1740 step_s 0.0016 peak_mem_gb 0.216
2026-10-01 22:36:16,392 | DEBUG | step 5280 epoch 4 loss 0.1993 step_s 0.0016 peak_mem_gb 0.216
2026-10-01 22:36:16,394 | DEBUG | step 5281 epoch 4 loss 0.1588 step_s 0.0016 peak_mem_gb 0.216
2026-10-01 22:36:16,396 | DEBUG | step 5282 epoch 4 loss 0.0741 step_s 0.0016 peak_mem_gb 0.216
2026-10-01 22:36:16,399 | DEBUG | step 5283 epoch 4 loss 0.1007 step_s 0.0016 peak_mem_gb 0.216
2026-10-01 22:36:16,401 | DEBUG | step 5284 epoch 4 loss 0.1037 step_s 0.0017 peak_mem_gb 0.216
2026-10-01 22:36:16,403 | DEBUG | step 5285 epoch 4 loss 0.1973 step_s 0.0016 peak_mem_gb 0.216
2026-10-01 22:36:16,406 | DEBUG | step 5286 epoch 4 loss 0.0898 step_s 0.0016 peak_mem_gb 0.216
2026-10-01 22:36:16,408 | DEBUG | step 5287 epoch 4 loss 0.0878 step_s 0.0016 peak_mem_gb 0.216
2026-10-01 22:36:16,411 | DEBUG | step 5288 epoch 4 loss 0.1531 step_s 0.0017 peak_mem_gb 0.216
2026-10-01 22:36:16,413 | DEBUG | step 5289 epoch 4 loss 0.1159 step_s 0.0017 peak_mem_gb 0.216
2026-10-01 22:36:16,415 | DEBUG | step 5290 epoch 4 loss 0.1605 step_s 0.0016 peak_mem_gb 0.216
2026-10-01 22:36:16,418 | DEBUG | step 5291 epoch 4 loss 0.0879 step_s 0.0018 peak_mem_gb 0.216
2026-10-01 22:36:16,420 | DEBUG | step 5292 epoch 4 loss 0.1846 step_s 0.0016 peak_mem_gb 0.216
2026-10-01 22:36:16,422 | DEBUG | step 5293 epoch 4 loss 0.1384 step_s 0.0016 peak_mem_gb 0.216
2026-10-01 22:36:16,425 | DEBUG | step 5294 epoch 4 loss 0.1300 step_s 0.0016 peak_mem_gb 0.216
2026-10-01 22:36:16,427 | DEBUG | step 5295 epoch 4 loss 0.1999 step_s 0.0016 peak_mem_gb 0.216
2026-10-01 22:36:16,429 | DEBUG | step 5296 epoch 4 loss 0.1138 step_s 0.0017 peak_mem_gb 0.216
2026-10-01 22:36:16,432 | DEBUG | step 5297 epoch 4 loss 0.0761 step_s 0.0016 peak_mem_gb 0.216
2026-10-01 22:36:16,434 | DEBUG | step 5298 epoch 4 loss 0.1574 step_s 0.0017 peak_mem_gb 0.216
2026-10-01 22:36:16,436 | DEBUG | step 5299 epoch 4 loss 0.0839 step_s 0.0016 peak_mem_gb 0.216
2026-10-01 22:36:16,439 | DEBUG | step 5300 epoch 4 loss 0.0976 step_s 0.0016 peak_mem_gb 0.216
2026-10-01 22:36:16,441 | DEBUG | step 5301 epoch 4 loss 0.2554 step_s 0.0016 peak_mem_gb 0.216
2026-10-01 22:36:16,443 | DEBUG | step 5302 epoch 4 loss 0.1373 step_s 0.0016 peak_mem_gb 0.216
2026-10-01 22:36:16,446 | DEBUG | step 5303 epoch 4 loss 0.1571 step_s 0.0016 peak_mem_gb 0.216
2026-10-01 22:36:16,448 | DEBUG | step 5304 epoch 4 loss 0.0506 step_s 0.0016 peak_mem_gb 0.216
2026-10-01 22:36:16,450 | DEBUG | step 5305 epoch 4 loss 0.1565 step_s 0.0017 peak_mem_gb 0.216
2026-10-01 22:36:16,453 | DEBUG | step 5306 epoch 4 loss 0.0385 step_s 0.0016 peak_mem_gb 0.216
2026-10-01 22:36:16,455 | DEBUG | step 5307 epoch 4 loss 0.1396 step_s 0.0016 peak_mem_gb 0.216
2026-10-01 22:36:16,457 | DEBUG | step 5308 epoch 4 loss 0.1483 step_s 0.0016 peak_mem_gb 0.216
2026-10-01 22:36:16,460 | DEBUG | step 5309 epoch 4 loss 0.1808 step_s 0.0016 peak_mem_gb 0.216
2026-10-01 22:36:16,462 | DEBUG | step 5310 epoch 4 loss 0.1167 step_s 0.0016 peak_mem_gb 0.216
2026-10-01 22:36:16,464 | DEBUG | step 5311 epoch 4 loss 0.2811 step_s 0.0016 peak_mem_gb 0.216
2026-10-01 22:36:16,467 | DEBUG | step 5312 epoch 4 loss 0.1229 step_s 0.0016 peak_mem_gb 0.216
2026-10-01 22:36:16,469 | DEBUG | step 5313 epoch 4 loss 0.1478 step_s 0.0016 peak_mem_gb 0.216
2026-10-01 22:36:16,471 | DEBUG | step 5314 epoch 4 loss 0.1915 step_s 0.0016 peak_mem_gb 0.216
2026-10-01 22:36:16,473 | DEBUG | step 5315 epoch 4 loss 0.0568 step_s 0.0016 peak_mem_gb 0.216
2026-10-01 22:36:16,476 | DEBUG | step 5316 epoch 4 loss 0.0538 step_s 0.0016 peak_mem_gb 0.216
2026-10-01 22:36:16,478 | DEBUG | step 5317 epoch 4 loss 0.0571 step_s 0.0016 peak_mem_gb 0.216
2026-10-01 22:36:16,480 | DEBUG | step 5318 epoch 4 loss 0.0497 step_s 0.0016 peak_mem_gb 0.216
2026-10-01 22:36:16,482 | DEBUG | step 5319 epoch 4 loss 0.1435 step_s 0.0016 peak_mem_gb 0.216
2026-10-01 22:36:16,485 | DEBUG | step 5320 epoch 4 loss 0.1266 step_s 0.0016 peak_mem_gb 0.216
2026-10-01 22:36:16,487 | DEBUG | step 5321 epoch 4 loss 0.2453 step_s 0.0016 peak_mem_gb 0.216
2026-10-01 22:36:16,489 | DEBUG | step 5322 epoch 4 loss 0.0970 step_s 0.0017 peak_mem_gb 0.216
2026-10-01 22:36:16,492 | DEBUG | step 5323 epoch 4 loss 0.0995 step_s 0.0016 peak_mem_gb 0.216
2026-10-01 22:36:16,494 | DEBUG | step 5324 epoch 4 loss 0.1421 step_s 0.0016 peak_mem_gb 0.216
2026-10-01 22:36:16,496 | DEBUG | step 5325 epoch 4 loss 0.1101 step_s 0.0016 peak_mem_gb 0.216
2026-10-01 22:36:16,498 | DEBUG | step 5326 epoch 4 loss 0.1148 step_s 0.0016 peak_mem_gb 0.216
2026-10-01 22:36:16,501 | DEBUG | step 5327 epoch 4 loss 0.1182 step_s 0.0016 peak_mem_gb 0.216
2026-10-01 22:36:16,503 | DEBUG | step 5328 epoch 4 loss 0.2165 step_s 0.0016 peak_mem_gb 0.216
2026-10-01 22:36:16,506 | DEBUG | step 5329 epoch 4 loss 0.1341 step_s 0.0017 peak_mem_gb 0.216
2026-10-01 22:36:16,508 | DEBUG | step 5330 epoch 4 loss 0.2175 step_s 0.0016 peak_mem_gb 0.216
2026-10-01 22:36:16,510 | DEBUG | step 5331 epoch 4 loss 0.3295 step_s 0.0016 peak_mem_gb 0.216
2026-10-01 22:36:16,512 | DEBUG | step 5332 epoch 4 loss 0.0918 step_s 0.0016 peak_mem_gb 0.216
2026-10-01 22:36:16,515 | DEBUG | step 5333 epoch 4 loss 0.1363 step_s 0.0016 peak_mem_gb 0.216
2026-10-01 22:36:16,517 | DEBUG | step 5334 epoch 4 loss 0.1016 step_s 0.0016 peak_mem_gb 0.216
2026-10-01 22:36:16,519 | DEBUG | step 5335 epoch 4 loss 0.2339 step_s 0.0016 peak_mem_gb 0.216
2026-10-01 22:36:16,522 | DEBUG | step 5336 epoch 4 loss 0.1500 step_s 0.0017 peak_mem_gb 0.216
2026-10-01 22:36:16,524 | DEBUG | step 5337 epoch 4 loss 0.1272 step_s 0.0016 peak_mem_gb 0.216
2026-10-01 22:36:16,526 | DEBUG | step 5338 epoch 4 loss 0.2090 step_s 0.0016 peak_mem_gb 0.216
2026-10-01 22:36:16,528 | DEBUG | step 5339 epoch 4 loss 0.2315 step_s 0.0016 peak_mem_gb 0.216
2026-10-01 22:36:16,531 | DEBUG | step 5340 epoch 4 loss 0.0809 step_s 0.0016 peak_mem_gb 0.216
2026-10-01 22:36:16,533 | DEBUG | step 5341 epoch 4 loss 0.1276 step_s 0.0016 peak_mem_gb 0.216
2026-10-01 22:36:16,535 | DEBUG | step 5342 epoch 4 loss 0.1681 step_s 0.0016 peak_mem_gb 0.216
2026-10-01 22:36:16,538 | DEBUG | step 5343 epoch 4 loss 0.1148 step_s 0.0016 peak_mem_gb 0.216
2026-10-01 22:36:16,540 | DEBUG | step 5344 epoch 4 loss 0.1267 step_s 0.0015 peak_mem_gb 0.216
2026-10-01 22:36:16,542 | DEBUG | step 5345 epoch 4 loss 0.0626 step_s 0.0016 peak_mem_gb 0.216
2026-10-01 22:36:16,544 | DEBUG | step 5346 epoch 4 loss 0.0866 step_s 0.0017 peak_mem_gb 0.216
2026-10-01 22:36:16,547 | DEBUG | step 5347 epoch 4 loss 0.1082 step_s 0.0016 peak_mem_gb 0.216
2026-10-01 22:36:16,549 | DEBUG | step 5348 epoch 4 loss 0.1099 step_s 0.0017 peak_mem_gb 0.216
2026-10-01 22:36:16,552 | DEBUG | step 5349 epoch 4 loss 0.1540 step_s 0.0016 peak_mem_gb 0.216
2026-10-01 22:36:16,554 | DEBUG | step 5350 epoch 4 loss 0.0871 step_s 0.0016 peak_mem_gb 0.216
2026-10-01 22:36:16,556 | DEBUG | step 5351 epoch 4 loss 0.0434 step_s 0.0016 peak_mem_gb 0.216
2026-10-01 22:36:16,558 | DEBUG | step 5352 epoch 4 loss 0.1271 step_s 0.0016 peak_mem_gb 0.216
2026-10-01 22:36:16,561 | DEBUG | step 5353 epoch 4 loss 0.0897 step_s 0.0018 peak_mem_gb 0.216
2026-10-01 22:36:16,563 | DEBUG | step 5354 epoch 4 loss 0.1103 step_s 0.0016 peak_mem_gb 0.216
2026-10-01 22:36:16,565 | DEBUG | step 5355 epoch 4 loss 0.0974 step_s 0.0016 peak_mem_gb 0.216
2026-10-01 22:36:16,568 | DEBUG | step 5356 epoch 4 loss 0.1956 step_s 0.0016 peak_mem_gb 0.216
2026-10-01 22:36:16,570 | DEBUG | step 5357 epoch 4 loss 0.0757 step_s 0.0016 peak_mem_gb 0.216
2026-10-01 22:36:16,572 | DEBUG | step 5358 epoch 4 loss 0.1729 step_s 0.0016 peak_mem_gb 0.216
2026-10-01 22:36:16,574 | DEBUG | step 5359 epoch 4 loss 0.0556 step_s 0.0016 peak_mem_gb 0.216
2026-10-01 22:36:16,577 | DEBUG | step 5360 epoch 4 loss 0.0765 step_s 0.0017 peak_mem_gb 0.216
2026-10-01 22:36:16,579 | DEBUG | step 5361 epoch 4 loss 0.1962 step_s 0.0016 peak_mem_gb 0.216
2026-10-01 22:36:16,581 | DEBUG | step 5362 epoch 4 loss 0.2042 step_s 0.0016 peak_mem_gb 0.216
2026-10-01 22:36:16,584 | DEBUG | step 5363 epoch 4 loss 0.3426 step_s 0.0016 peak_mem_gb 0.216
2026-10-01 22:36:16,586 | DEBUG | step 5364 epoch 4 loss 0.1350 step_s 0.0016 peak_mem_gb 0.216
2026-10-01 22:36:16,588 | DEBUG | step 5365 epoch 4 loss 0.1035 step_s 0.0016 peak_mem_gb 0.216
2026-10-01 22:36:16,591 | DEBUG | step 5366 epoch 4 loss 0.0737 step_s 0.0016 peak_mem_gb 0.216
2026-10-01 22:36:16,593 | DEBUG | step 5367 epoch 4 loss 0.0606 step_s 0.0016 peak_mem_gb 0.216
2026-10-01 22:36:16,595 | DEBUG | step 5368 epoch 4 loss 0.0671 step_s 0.0016 peak_mem_gb 0.216
2026-10-01 22:36:16,598 | DEBUG | step 5369 epoch 4 loss 0.1458 step_s 0.0016 peak_mem_gb 0.216
2026-10-01 22:36:16,600 | DEBUG | step 5370 epoch 4 loss 0.1114 step_s 0.0016 peak_mem_gb 0.216
2026-10-01 22:36:16,602 | DEBUG | step 5371 epoch 4 loss 0.0557 step_s 0.0016 peak_mem_gb 0.216
2026-10-01 22:36:16,604 | DEBUG | step 5372 epoch 4 loss 0.1274 step_s 0.0016 peak_mem_gb 0.216
2026-10-01 22:36:16,607 | DEBUG | step 5373 epoch 4 loss 0.2437 step_s 0.0016 peak_mem_gb 0.216
2026-10-01 22:36:16,609 | DEBUG | step 5374 epoch 4 loss 0.0791 step_s 0.0017 peak_mem_gb 0.216
2026-10-01 22:36:16,611 | DEBUG | step 5375 epoch 4 loss 0.0721 step_s 0.0016 peak_mem_gb 0.216
2026-10-01 22:36:16,613 | DEBUG | step 5376 epoch 4 loss 0.1218 step_s 0.0016 peak_mem_gb 0.216
2026-10-01 22:36:16,616 | DEBUG | step 5377 epoch 4 loss 0.1138 step_s 0.0015 peak_mem_gb 0.216
2026-10-01 22:36:16,618 | DEBUG | step 5378 epoch 4 loss 0.1261 step_s 0.0016 peak_mem_gb 0.216
2026-10-01 22:36:16,622 | DEBUG | step 5379 epoch 4 loss 0.2750 step_s 0.0016 peak_mem_gb 0.216
2026-10-01 22:36:16,625 | DEBUG | step 5380 epoch 4 loss 0.2143 step_s 0.0017 peak_mem_gb 0.216
2026-10-01 22:36:16,627 | DEBUG | step 5381 epoch 4 loss 0.1412 step_s 0.0016 peak_mem_gb 0.216
2026-10-01 22:36:16,630 | DEBUG | step 5382 epoch 4 loss 0.0678 step_s 0.0017 peak_mem_gb 0.216
2026-10-01 22:36:16,632 | DEBUG | step 5383 epoch 4 loss 0.0600 step_s 0.0016 peak_mem_gb 0.216
2026-10-01 22:36:16,634 | DEBUG | step 5384 epoch 4 loss 0.1813 step_s 0.0016 peak_mem_gb 0.216
2026-10-01 22:36:16,636 | DEBUG | step 5385 epoch 4 loss 0.1825 step_s 0.0016 peak_mem_gb 0.216
2026-10-01 22:36:16,639 | DEBUG | step 5386 epoch 4 loss 0.0719 step_s 0.0016 peak_mem_gb 0.216
2026-10-01 22:36:16,641 | DEBUG | step 5387 epoch 4 loss 0.1250 step_s 0.0017 peak_mem_gb 0.216
2026-10-01 22:36:16,643 | DEBUG | step 5388 epoch 4 loss 0.0724 step_s 0.0016 peak_mem_gb 0.216
2026-10-01 22:36:16,646 | DEBUG | step 5389 epoch 4 loss 0.0846 step_s 0.0016 peak_mem_gb 0.216
2026-10-01 22:36:16,648 | DEBUG | step 5390 epoch 4 loss 0.1001 step_s 0.0016 peak_mem_gb 0.216
2026-10-01 22:36:16,650 | DEBUG | step 5391 epoch 4 loss 0.1368 step_s 0.0016 peak_mem_gb 0.216
2026-10-01 22:36:16,653 | DEBUG | step 5392 epoch 4 loss 0.1617 step_s 0.0016 peak_mem_gb 0.216
2026-10-01 22:36:16,655 | DEBUG | step 5393 epoch 4 loss 0.0599 step_s 0.0017 peak_mem_gb 0.216
2026-10-01 22:36:16,657 | DEBUG | step 5394 epoch 4 loss 0.1269 step_s 0.0017 peak_mem_gb 0.216
2026-10-01 22:36:16,660 | DEBUG | step 5395 epoch 4 loss 0.1134 step_s 0.0016 peak_mem_gb 0.216
2026-10-01 22:36:16,662 | DEBUG | step 5396 epoch 4 loss 0.0561 step_s 0.0016 peak_mem_gb 0.216
2026-10-01 22:36:16,664 | DEBUG | step 5397 epoch 4 loss 0.1424 step_s 0.0016 peak_mem_gb 0.216
2026-10-01 22:36:16,666 | DEBUG | step 5398 epoch 4 loss 0.0891 step_s 0.0016 peak_mem_gb 0.216
2026-10-01 22:36:16,669 | DEBUG | step 5399 epoch 4 loss 0.2713 step_s 0.0016 peak_mem_gb 0.216
2026-10-01 22:36:16,671 | INFO | step 5400 epoch 4 loss 0.1955 step_s 0.0017 peak_mem_gb 0.216
2026-10-01 22:36:16,674 | DEBUG | step 5401 epoch 4 loss 0.2686 step_s 0.0016 peak_mem_gb 0.216
2026-10-01 22:36:16,677 | DEBUG | step 5402 epoch 4 loss 0.1241 step_s 0.0018 peak_mem_gb 0.216
2026-10-01 22:36:16,680 | DEBUG | step 5403 epoch 4 loss 0.1365 step_s 0.0024 peak_mem_gb 0.216
2026-10-01 22:36:16,683 | DEBUG | step 5404 epoch 4 loss 0.0478 step_s 0.0019 peak_mem_gb 0.216
2026-10-01 22:36:16,685 | DEBUG | step 5405 epoch 4 loss 0.0985 step_s 0.0017 peak_mem_gb 0.216
2026-10-01 22:36:16,687 | DEBUG | step 5406 epoch 4 loss 0.1467 step_s 0.0016 peak_mem_gb 0.216
2026-10-01 22:36:16,690 | DEBUG | step 5407 epoch 4 loss 0.1330 step_s 0.0016 peak_mem_gb 0.216
2026-10-01 22:36:16,692 | DEBUG | step 5408 epoch 4 loss 0.1024 step_s 0.0016 peak_mem_gb 0.216
2026-10-01 22:36:16,695 | DEBUG | step 5409 epoch 4 loss 0.1742 step_s 0.0017 peak_mem_gb 0.216
2026-10-01 22:36:16,697 | DEBUG | step 5410 epoch 4 loss 0.0930 step_s 0.0018 peak_mem_gb 0.216
2026-10-01 22:36:16,700 | DEBUG | step 5411 epoch 4 loss 0.1486 step_s 0.0016 peak_mem_gb 0.216
2026-10-01 22:36:16,702 | DEBUG | step 5412 epoch 4 loss 0.0913 step_s 0.0019 peak_mem_gb 0.216
2026-10-01 22:36:16,705 | DEBUG | step 5413 epoch 4 loss 0.1009 step_s 0.0017 peak_mem_gb 0.216
2026-10-01 22:36:16,707 | DEBUG | step 5414 epoch 4 loss 0.1474 step_s 0.0017 peak_mem_gb 0.216
2026-10-01 22:36:16,710 | DEBUG | step 5415 epoch 4 loss 0.1636 step_s 0.0020 peak_mem_gb 0.216
2026-10-01 22:36:16,713 | DEBUG | step 5416 epoch 4 loss 0.1007 step_s 0.0026 peak_mem_gb 0.216
2026-10-01 22:36:16,716 | DEBUG | step 5417 epoch 4 loss 0.1140 step_s 0.0017 peak_mem_gb 0.216
2026-10-01 22:36:16,718 | DEBUG | step 5418 epoch 4 loss 0.1298 step_s 0.0017 peak_mem_gb 0.216
2026-10-01 22:36:16,720 | DEBUG | step 5419 epoch 4 loss 0.0862 step_s 0.0016 peak_mem_gb 0.216
2026-10-01 22:36:16,723 | DEBUG | step 5420 epoch 4 loss 0.1439 step_s 0.0016 peak_mem_gb 0.216
2026-10-01 22:36:16,725 | DEBUG | step 5421 epoch 4 loss 0.0980 step_s 0.0018 peak_mem_gb 0.216
2026-10-01 22:36:16,728 | DEBUG | step 5422 epoch 4 loss 0.2435 step_s 0.0017 peak_mem_gb 0.216
2026-10-01 22:36:16,730 | DEBUG | step 5423 epoch 4 loss 0.1576 step_s 0.0016 peak_mem_gb 0.216
2026-10-01 22:36:16,732 | DEBUG | step 5424 epoch 4 loss 0.1303 step_s 0.0016 peak_mem_gb 0.216
2026-10-01 22:36:16,735 | DEBUG | step 5425 epoch 4 loss 0.1597 step_s 0.0016 peak_mem_gb 0.216
2026-10-01 22:36:16,737 | DEBUG | step 5426 epoch 4 loss 0.1443 step_s 0.0016 peak_mem_gb 0.216
2026-10-01 22:36:16,740 | DEBUG | step 5427 epoch 4 loss 0.0169 step_s 0.0016 peak_mem_gb 0.216
2026-10-01 22:36:16,742 | DEBUG | step 5428 epoch 4 loss 0.0847 step_s 0.0019 peak_mem_gb 0.216
2026-10-01 22:36:16,744 | DEBUG | step 5429 epoch 4 loss 0.1158 step_s 0.0016 peak_mem_gb 0.216
2026-10-01 22:36:16,747 | DEBUG | step 5430 epoch 4 loss 0.0993 step_s 0.0016 peak_mem_gb 0.216
2026-10-01 22:36:16,749 | DEBUG | step 5431 epoch 4 loss 0.2769 step_s 0.0016 peak_mem_gb 0.216
2026-10-01 22:36:16,751 | DEBUG | step 5432 epoch 4 loss 0.0680 step_s 0.0017 peak_mem_gb 0.216
2026-10-01 22:36:16,754 | DEBUG | step 5433 epoch 4 loss 0.1539 step_s 0.0016 peak_mem_gb 0.216
2026-10-01 22:36:16,756 | DEBUG | step 5434 epoch 4 loss 0.1375 step_s 0.0016 peak_mem_gb 0.216
2026-10-01 22:36:16,758 | DEBUG | step 5435 epoch 4 loss 0.2048 step_s 0.0017 peak_mem_gb 0.216
2026-10-01 22:36:16,761 | DEBUG | step 5436 epoch 4 loss 0.1042 step_s 0.0018 peak_mem_gb 0.216
2026-10-01 22:36:16,763 | DEBUG | step 5437 epoch 4 loss 0.0916 step_s 0.0017 peak_mem_gb 0.216
2026-10-01 22:36:16,766 | DEBUG | step 5438 epoch 4 loss 0.1677 step_s 0.0017 peak_mem_gb 0.216
2026-10-01 22:36:16,768 | DEBUG | step 5439 epoch 4 loss 0.1519 step_s 0.0019 peak_mem_gb 0.216
2026-10-01 22:36:16,771 | DEBUG | step 5440 epoch 4 loss 0.2406 step_s 0.0019 peak_mem_gb 0.216
2026-10-01 22:36:16,774 | DEBUG | step 5441 epoch 4 loss 0.1040 step_s 0.0018 peak_mem_gb 0.216
2026-10-01 22:36:16,777 | DEBUG | step 5442 epoch 4 loss 0.2304 step_s 0.0018 peak_mem_gb 0.216
2026-10-01 22:36:16,779 | DEBUG | step 5443 epoch 4 loss 0.1843 step_s 0.0020 peak_mem_gb 0.216
2026-10-01 22:36:16,782 | DEBUG | step 5444 epoch 4 loss 0.2390 step_s 0.0017 peak_mem_gb 0.216
2026-10-01 22:36:16,784 | DEBUG | step 5445 epoch 4 loss 0.1307 step_s 0.0017 peak_mem_gb 0.216
2026-10-01 22:36:16,787 | DEBUG | step 5446 epoch 4 loss 0.1190 step_s 0.0016 peak_mem_gb 0.216
2026-10-01 22:36:16,789 | DEBUG | step 5447 epoch 4 loss 0.1561 step_s 0.0017 peak_mem_gb 0.216
2026-10-01 22:36:16,792 | DEBUG | step 5448 epoch 4 loss 0.1913 step_s 0.0018 peak_mem_gb 0.216
2026-10-01 22:36:16,794 | DEBUG | step 5449 epoch 4 loss 0.1621 step_s 0.0017 peak_mem_gb 0.216
2026-10-01 22:36:16,796 | DEBUG | step 5450 epoch 4 loss 0.1795 step_s 0.0016 peak_mem_gb 0.216
2026-10-01 22:36:16,799 | DEBUG | step 5451 epoch 4 loss 0.1713 step_s 0.0016 peak_mem_gb 0.216
2026-10-01 22:36:16,801 | DEBUG | step 5452 epoch 4 loss 0.1632 step_s 0.0017 peak_mem_gb 0.216
2026-10-01 22:36:16,803 | DEBUG | step 5453 epoch 4 loss 0.1014 step_s 0.0016 peak_mem_gb 0.216
2026-10-01 22:36:16,806 | DEBUG | step 5454 epoch 4 loss 0.1495 step_s 0.0016 peak_mem_gb 0.216
2026-10-01 22:36:16,808 | DEBUG | step 5455 epoch 4 loss 0.0870 step_s 0.0017 peak_mem_gb 0.216
2026-10-01 22:36:16,810 | DEBUG | step 5456 epoch 4 loss 0.0832 step_s 0.0016 peak_mem_gb 0.216
2026-10-01 22:36:16,813 | DEBUG | step 5457 epoch 4 loss 0.0729 step_s 0.0017 peak_mem_gb 0.216
2026-10-01 22:36:16,815 | DEBUG | step 5458 epoch 4 loss 0.1175 step_s 0.0017 peak_mem_gb 0.216
2026-10-01 22:36:16,818 | DEBUG | step 5459 epoch 4 loss 0.2303 step_s 0.0016 peak_mem_gb 0.216
2026-10-01 22:36:16,820 | DEBUG | step 5460 epoch 4 loss 0.1127 step_s 0.0017 peak_mem_gb 0.216
2026-10-01 22:36:16,822 | DEBUG | step 5461 epoch 4 loss 0.1598 step_s 0.0018 peak_mem_gb 0.216
2026-10-01 22:36:16,825 | DEBUG | step 5462 epoch 4 loss 0.1652 step_s 0.0017 peak_mem_gb 0.216
2026-10-01 22:36:16,827 | DEBUG | step 5463 epoch 4 loss 0.1603 step_s 0.0017 peak_mem_gb 0.216
2026-10-01 22:36:16,830 | DEBUG | step 5464 epoch 4 loss 0.1597 step_s 0.0017 peak_mem_gb 0.216
2026-10-01 22:36:16,832 | DEBUG | step 5465 epoch 4 loss 0.1493 step_s 0.0016 peak_mem_gb 0.216
2026-10-01 22:36:16,834 | DEBUG | step 5466 epoch 4 loss 0.2050 step_s 0.0016 peak_mem_gb 0.216
2026-10-01 22:36:16,837 | DEBUG | step 5467 epoch 4 loss 0.0727 step_s 0.0019 peak_mem_gb 0.216
2026-10-01 22:36:16,840 | DEBUG | step 5468 epoch 4 loss 0.2037 step_s 0.0017 peak_mem_gb 0.216
2026-10-01 22:36:16,842 | DEBUG | step 5469 epoch 4 loss 0.0654 step_s 0.0016 peak_mem_gb 0.216
2026-10-01 22:36:16,845 | DEBUG | step 5470 epoch 4 loss 0.1479 step_s 0.0017 peak_mem_gb 0.216
2026-10-01 22:36:16,847 | DEBUG | step 5471 epoch 4 loss 0.2217 step_s 0.0017 peak_mem_gb 0.216
2026-10-01 22:36:16,850 | DEBUG | step 5472 epoch 4 loss 0.1793 step_s 0.0017 peak_mem_gb 0.216
2026-10-01 22:36:16,852 | DEBUG | step 5473 epoch 4 loss 0.1511 step_s 0.0016 peak_mem_gb 0.216
2026-10-01 22:36:16,854 | DEBUG | step 5474 epoch 4 loss 0.1995 step_s 0.0017 peak_mem_gb 0.216
2026-10-01 22:36:16,857 | DEBUG | step 5475 epoch 4 loss 0.1447 step_s 0.0016 peak_mem_gb 0.216
2026-10-01 22:36:16,859 | DEBUG | step 5476 epoch 4 loss 0.1486 step_s 0.0019 peak_mem_gb 0.216
2026-10-01 22:36:16,862 | DEBUG | step 5477 epoch 4 loss 0.1170 step_s 0.0017 peak_mem_gb 0.216
2026-10-01 22:36:16,865 | DEBUG | step 5478 epoch 4 loss 0.2472 step_s 0.0017 peak_mem_gb 0.216
2026-10-01 22:36:16,867 | DEBUG | step 5479 epoch 4 loss 0.2238 step_s 0.0017 peak_mem_gb 0.216
2026-10-01 22:36:16,870 | DEBUG | step 5480 epoch 4 loss 0.0702 step_s 0.0018 peak_mem_gb 0.216
2026-10-01 22:36:16,872 | DEBUG | step 5481 epoch 4 loss 0.1770 step_s 0.0018 peak_mem_gb 0.216
2026-10-01 22:36:16,875 | DEBUG | step 5482 epoch 4 loss 0.0783 step_s 0.0020 peak_mem_gb 0.216
2026-10-01 22:36:16,877 | DEBUG | step 5483 epoch 4 loss 0.1067 step_s 0.0018 peak_mem_gb 0.216
2026-10-01 22:36:16,880 | DEBUG | step 5484 epoch 4 loss 0.0947 step_s 0.0017 peak_mem_gb 0.216
2026-10-01 22:36:16,883 | DEBUG | step 5485 epoch 4 loss 0.1421 step_s 0.0017 peak_mem_gb 0.216
2026-10-01 22:36:16,885 | DEBUG | step 5486 epoch 4 loss 0.1689 step_s 0.0017 peak_mem_gb 0.216
2026-10-01 22:36:16,888 | DEBUG | step 5487 epoch 4 loss 0.1248 step_s 0.0017 peak_mem_gb 0.216
2026-10-01 22:36:16,890 | DEBUG | step 5488 epoch 4 loss 0.1347 step_s 0.0018 peak_mem_gb 0.216
2026-10-01 22:36:16,893 | DEBUG | step 5489 epoch 4 loss 0.0503 step_s 0.0017 peak_mem_gb 0.216
2026-10-01 22:36:16,895 | DEBUG | step 5490 epoch 4 loss 0.0985 step_s 0.0017 peak_mem_gb 0.216
2026-10-01 22:36:16,898 | DEBUG | step 5491 epoch 4 loss 0.1674 step_s 0.0018 peak_mem_gb 0.216
2026-10-01 22:36:16,900 | DEBUG | step 5492 epoch 4 loss 0.1761 step_s 0.0017 peak_mem_gb 0.216
2026-10-01 22:36:16,903 | DEBUG | step 5493 epoch 4 loss 0.0830 step_s 0.0017 peak_mem_gb 0.216
2026-10-01 22:36:16,905 | DEBUG | step 5494 epoch 4 loss 0.2352 step_s 0.0017 peak_mem_gb 0.216
2026-10-01 22:36:16,907 | DEBUG | step 5495 epoch 4 loss 0.1293 step_s 0.0017 peak_mem_gb 0.216
2026-10-01 22:36:16,910 | DEBUG | step 5496 epoch 4 loss 0.1867 step_s 0.0017 peak_mem_gb 0.216
2026-10-01 22:36:16,912 | DEBUG | step 5497 epoch 4 loss 0.1774 step_s 0.0016 peak_mem_gb 0.216
2026-10-01 22:36:16,915 | DEBUG | step 5498 epoch 4 loss 0.0572 step_s 0.0016 peak_mem_gb 0.216
2026-10-01 22:36:16,917 | DEBUG | step 5499 epoch 4 loss 0.0633 step_s 0.0017 peak_mem_gb 0.216
2026-10-01 22:36:16,919 | DEBUG | step 5500 epoch 4 loss 0.1251 step_s 0.0016 peak_mem_gb 0.216
2026-10-01 22:36:16,922 | DEBUG | step 5501 epoch 4 loss 0.1696 step_s 0.0017 peak_mem_gb 0.216
2026-10-01 22:36:16,924 | DEBUG | step 5502 epoch 4 loss 0.3150 step_s 0.0018 peak_mem_gb 0.216
2026-10-01 22:36:16,927 | DEBUG | step 5503 epoch 4 loss 0.1351 step_s 0.0017 peak_mem_gb 0.216
2026-10-01 22:36:16,929 | DEBUG | step 5504 epoch 4 loss 0.1033 step_s 0.0016 peak_mem_gb 0.216
2026-10-01 22:36:16,931 | DEBUG | step 5505 epoch 4 loss 0.0534 step_s 0.0016 peak_mem_gb 0.216
2026-10-01 22:36:16,934 | DEBUG | step 5506 epoch 4 loss 0.0795 step_s 0.0016 peak_mem_gb 0.216
2026-10-01 22:36:16,936 | DEBUG | step 5507 epoch 4 loss 0.0978 step_s 0.0017 peak_mem_gb 0.216
2026-10-01 22:36:16,939 | DEBUG | step 5508 epoch 4 loss 0.0759 step_s 0.0016 peak_mem_gb 0.216
2026-10-01 22:36:16,941 | DEBUG | step 5509 epoch 4 loss 0.1615 step_s 0.0019 peak_mem_gb 0.216
2026-10-01 22:36:16,944 | DEBUG | step 5510 epoch 4 loss 0.2096 step_s 0.0016 peak_mem_gb 0.216
2026-10-01 22:36:16,946 | DEBUG | step 5511 epoch 4 loss 0.1734 step_s 0.0016 peak_mem_gb 0.216
2026-10-01 22:36:16,948 | DEBUG | step 5512 epoch 4 loss 0.1192 step_s 0.0016 peak_mem_gb 0.216
2026-10-01 22:36:16,950 | DEBUG | step 5513 epoch 4 loss 0.0598 step_s 0.0016 peak_mem_gb 0.216
2026-10-01 22:36:16,953 | DEBUG | step 5514 epoch 4 loss 0.2134 step_s 0.0021 peak_mem_gb 0.216
2026-10-01 22:36:16,955 | DEBUG | step 5515 epoch 4 loss 0.1149 step_s 0.0016 peak_mem_gb 0.216
2026-10-01 22:36:16,958 | DEBUG | step 5516 epoch 4 loss 0.0756 step_s 0.0016 peak_mem_gb 0.216
2026-10-01 22:36:16,960 | DEBUG | step 5517 epoch 4 loss 0.1136 step_s 0.0015 peak_mem_gb 0.216
2026-10-01 22:36:16,962 | DEBUG | step 5518 epoch 4 loss 0.1682 step_s 0.0016 peak_mem_gb 0.216
2026-10-01 22:36:16,964 | DEBUG | step 5519 epoch 4 loss 0.1256 step_s 0.0016 peak_mem_gb 0.216
2026-10-01 22:36:16,967 | DEBUG | step 5520 epoch 4 loss 0.1443 step_s 0.0017 peak_mem_gb 0.216
2026-10-01 22:36:16,969 | DEBUG | step 5521 epoch 4 loss 0.0657 step_s 0.0017 peak_mem_gb 0.216
2026-10-01 22:36:16,972 | DEBUG | step 5522 epoch 4 loss 0.1620 step_s 0.0016 peak_mem_gb 0.216
2026-10-01 22:36:16,975 | DEBUG | step 5523 epoch 4 loss 0.1045 step_s 0.0031 peak_mem_gb 0.216
2026-10-01 22:36:16,978 | DEBUG | step 5524 epoch 4 loss 0.1882 step_s 0.0016 peak_mem_gb 0.216
2026-10-01 22:36:16,980 | DEBUG | step 5525 epoch 4 loss 0.2500 step_s 0.0016 peak_mem_gb 0.216
2026-10-01 22:36:16,982 | DEBUG | step 5526 epoch 4 loss 0.1237 step_s 0.0016 peak_mem_gb 0.216
2026-10-01 22:36:16,985 | DEBUG | step 5527 epoch 4 loss 0.1558 step_s 0.0018 peak_mem_gb 0.216
2026-10-01 22:36:16,987 | DEBUG | step 5528 epoch 4 loss 0.1208 step_s 0.0016 peak_mem_gb 0.216
2026-10-01 22:36:16,990 | DEBUG | step 5529 epoch 4 loss 0.2053 step_s 0.0016 peak_mem_gb 0.216
2026-10-01 22:36:16,992 | DEBUG | step 5530 epoch 4 loss 0.0835 step_s 0.0016 peak_mem_gb 0.216
2026-10-01 22:36:16,994 | DEBUG | step 5531 epoch 4 loss 0.1196 step_s 0.0016 peak_mem_gb 0.216
2026-10-01 22:36:16,996 | DEBUG | step 5532 epoch 4 loss 0.1253 step_s 0.0016 peak_mem_gb 0.216
2026-10-01 22:36:16,999 | DEBUG | step 5533 epoch 4 loss 0.1402 step_s 0.0016 peak_mem_gb 0.216
2026-10-01 22:36:17,001 | DEBUG | step 5534 epoch 4 loss 0.1480 step_s 0.0017 peak_mem_gb 0.216
2026-10-01 22:36:17,003 | DEBUG | step 5535 epoch 4 loss 0.1196 step_s 0.0016 peak_mem_gb 0.216
2026-10-01 22:36:17,006 | DEBUG | step 5536 epoch 4 loss 0.3601 step_s 0.0016 peak_mem_gb 0.216
2026-10-01 22:36:17,008 | DEBUG | step 5537 epoch 4 loss 0.1111 step_s 0.0016 peak_mem_gb 0.216
2026-10-01 22:36:17,010 | DEBUG | step 5538 epoch 4 loss 0.0750 step_s 0.0016 peak_mem_gb 0.216
2026-10-01 22:36:17,013 | DEBUG | step 5539 epoch 4 loss 0.0766 step_s 0.0016 peak_mem_gb 0.216
2026-10-01 22:36:17,015 | DEBUG | step 5540 epoch 4 loss 0.3005 step_s 0.0016 peak_mem_gb 0.216
2026-10-01 22:36:17,017 | DEBUG | step 5541 epoch 4 loss 0.1666 step_s 0.0017 peak_mem_gb 0.216
2026-10-01 22:36:17,019 | DEBUG | step 5542 epoch 4 loss 0.1105 step_s 0.0016 peak_mem_gb 0.216
2026-10-01 22:36:17,022 | DEBUG | step 5543 epoch 4 loss 0.1215 step_s 0.0016 peak_mem_gb 0.216
2026-10-01 22:36:17,024 | DEBUG | step 5544 epoch 4 loss 0.0877 step_s 0.0016 peak_mem_gb 0.216
2026-10-01 22:36:17,026 | DEBUG | step 5545 epoch 4 loss 0.1936 step_s 0.0016 peak_mem_gb 0.216
2026-10-01 22:36:17,029 | DEBUG | step 5546 epoch 4 loss 0.1222 step_s 0.0016 peak_mem_gb 0.216
2026-10-01 22:36:17,031 | DEBUG | step 5547 epoch 4 loss 0.1034 step_s 0.0016 peak_mem_gb 0.216
2026-10-01 22:36:17,033 | DEBUG | step 5548 epoch 4 loss 0.1082 step_s 0.0017 peak_mem_gb 0.216
2026-10-01 22:36:17,036 | DEBUG | step 5549 epoch 4 loss 0.1666 step_s 0.0016 peak_mem_gb 0.216
2026-10-01 22:36:17,038 | DEBUG | step 5550 epoch 4 loss 0.1985 step_s 0.0016 peak_mem_gb 0.216
2026-10-01 22:36:17,040 | DEBUG | step 5551 epoch 4 loss 0.0817 step_s 0.0016 peak_mem_gb 0.216
2026-10-01 22:36:17,043 | DEBUG | step 5552 epoch 4 loss 0.1443 step_s 0.0015 peak_mem_gb 0.216
2026-10-01 22:36:17,045 | DEBUG | step 5553 epoch 4 loss 0.1820 step_s 0.0016 peak_mem_gb 0.216
2026-10-01 22:36:17,047 | DEBUG | step 5554 epoch 4 loss 0.0930 step_s 0.0018 peak_mem_gb 0.216
2026-10-01 22:36:17,050 | DEBUG | step 5555 epoch 4 loss 0.0896 step_s 0.0016 peak_mem_gb 0.216
2026-10-01 22:36:17,052 | DEBUG | step 5556 epoch 4 loss 0.1376 step_s 0.0016 peak_mem_gb 0.216
2026-10-01 22:36:17,054 | DEBUG | step 5557 epoch 4 loss 0.1857 step_s 0.0016 peak_mem_gb 0.216
2026-10-01 22:36:17,056 | DEBUG | step 5558 epoch 4 loss 0.1037 step_s 0.0016 peak_mem_gb 0.216
2026-10-01 22:36:17,059 | DEBUG | step 5559 epoch 4 loss 0.1598 step_s 0.0016 peak_mem_gb 0.216
2026-10-01 22:36:17,061 | DEBUG | step 5560 epoch 4 loss 0.2634 step_s 0.0016 peak_mem_gb 0.216
2026-10-01 22:36:17,063 | DEBUG | step 5561 epoch 4 loss 0.1651 step_s 0.0017 peak_mem_gb 0.216
2026-10-01 22:36:17,066 | DEBUG | step 5562 epoch 4 loss 0.1565 step_s 0.0016 peak_mem_gb 0.216
2026-10-01 22:36:17,068 | DEBUG | step 5563 epoch 4 loss 0.1795 step_s 0.0016 peak_mem_gb 0.216
2026-10-01 22:36:17,070 | DEBUG | step 5564 epoch 4 loss 0.1261 step_s 0.0016 peak_mem_gb 0.216
2026-10-01 22:36:17,073 | DEBUG | step 5565 epoch 4 loss 0.0481 step_s 0.0016 peak_mem_gb 0.216
2026-10-01 22:36:17,075 | DEBUG | step 5566 epoch 4 loss 0.1569 step_s 0.0016 peak_mem_gb 0.216
2026-10-01 22:36:17,077 | DEBUG | step 5567 epoch 4 loss 0.1051 step_s 0.0017 peak_mem_gb 0.216
2026-10-01 22:36:17,080 | DEBUG | step 5568 epoch 4 loss 0.0818 step_s 0.0018 peak_mem_gb 0.216
2026-10-01 22:36:17,082 | DEBUG | step 5569 epoch 4 loss 0.0791 step_s 0.0016 peak_mem_gb 0.216
2026-10-01 22:36:17,085 | DEBUG | step 5570 epoch 4 loss 0.0787 step_s 0.0016 peak_mem_gb 0.216
2026-10-01 22:36:17,087 | DEBUG | step 5571 epoch 4 loss 0.0834 step_s 0.0016 peak_mem_gb 0.216
2026-10-01 22:36:17,089 | DEBUG | step 5572 epoch 4 loss 0.1413 step_s 0.0016 peak_mem_gb 0.216
2026-10-01 22:36:17,091 | DEBUG | step 5573 epoch 4 loss 0.1533 step_s 0.0016 peak_mem_gb 0.216
2026-10-01 22:36:17,094 | DEBUG | step 5574 epoch 4 loss 0.0771 step_s 0.0018 peak_mem_gb 0.216
2026-10-01 22:36:17,096 | DEBUG | step 5575 epoch 4 loss 0.2783 step_s 0.0016 peak_mem_gb 0.216
2026-10-01 22:36:17,099 | DEBUG | step 5576 epoch 4 loss 0.2426 step_s 0.0017 peak_mem_gb 0.216
2026-10-01 22:36:17,101 | DEBUG | step 5577 epoch 4 loss 0.2031 step_s 0.0016 peak_mem_gb 0.216
2026-10-01 22:36:17,103 | DEBUG | step 5578 epoch 4 loss 0.1509 step_s 0.0016 peak_mem_gb 0.216
2026-10-01 22:36:17,106 | DEBUG | step 5579 epoch 4 loss 0.3582 step_s 0.0016 peak_mem_gb 0.216
2026-10-01 22:36:17,108 | DEBUG | step 5580 epoch 4 loss 0.1108 step_s 0.0016 peak_mem_gb 0.216
2026-10-01 22:36:17,110 | DEBUG | step 5581 epoch 4 loss 0.0835 step_s 0.0016 peak_mem_gb 0.216
2026-10-01 22:36:17,112 | DEBUG | step 5582 epoch 4 loss 0.1846 step_s 0.0016 peak_mem_gb 0.216
2026-10-01 22:36:17,115 | DEBUG | step 5583 epoch 4 loss 0.1818 step_s 0.0016 peak_mem_gb 0.216
2026-10-01 22:36:17,117 | DEBUG | step 5584 epoch 4 loss 0.1311 step_s 0.0016 peak_mem_gb 0.216
2026-10-01 22:36:17,119 | DEBUG | step 5585 epoch 4 loss 0.1650 step_s 0.0016 peak_mem_gb 0.216
2026-10-01 22:36:17,121 | DEBUG | step 5586 epoch 4 loss 0.0929 step_s 0.0016 peak_mem_gb 0.216
2026-10-01 22:36:17,124 | DEBUG | step 5587 epoch 4 loss 0.0786 step_s 0.0016 peak_mem_gb 0.216
2026-10-01 22:36:17,127 | DEBUG | step 5588 epoch 4 loss 0.2869 step_s 0.0020 peak_mem_gb 0.216
2026-10-01 22:36:17,129 | DEBUG | step 5589 epoch 4 loss 0.0853 step_s 0.0017 peak_mem_gb 0.216
2026-10-01 22:36:17,132 | DEBUG | step 5590 epoch 4 loss 0.1447 step_s 0.0017 peak_mem_gb 0.216
2026-10-01 22:36:17,134 | DEBUG | step 5591 epoch 4 loss 0.0657 step_s 0.0016 peak_mem_gb 0.216
2026-10-01 22:36:17,136 | DEBUG | step 5592 epoch 4 loss 0.1901 step_s 0.0016 peak_mem_gb 0.216
2026-10-01 22:36:17,139 | DEBUG | step 5593 epoch 4 loss 0.0911 step_s 0.0016 peak_mem_gb 0.216
2026-10-01 22:36:17,141 | DEBUG | step 5594 epoch 4 loss 0.1277 step_s 0.0016 peak_mem_gb 0.216
2026-10-01 22:36:17,143 | DEBUG | step 5595 epoch 4 loss 0.1099 step_s 0.0016 peak_mem_gb 0.216
2026-10-01 22:36:17,146 | DEBUG | step 5596 epoch 4 loss 0.2110 step_s 0.0016 peak_mem_gb 0.216
2026-10-01 22:36:17,148 | DEBUG | step 5597 epoch 4 loss 0.1659 step_s 0.0016 peak_mem_gb 0.216
2026-10-01 22:36:17,150 | DEBUG | step 5598 epoch 4 loss 0.1098 step_s 0.0015 peak_mem_gb 0.216
2026-10-01 22:36:17,152 | DEBUG | step 5599 epoch 4 loss 0.0901 step_s 0.0016 peak_mem_gb 0.216
2026-10-01 22:36:17,155 | INFO | step 5600 epoch 4 loss 0.1799 step_s 0.0016 peak_mem_gb 0.216
2026-10-01 22:36:17,158 | DEBUG | step 5601 epoch 4 loss 0.1524 step_s 0.0019 peak_mem_gb 0.216
2026-10-01 22:36:17,161 | DEBUG | step 5602 epoch 4 loss 0.1184 step_s 0.0017 peak_mem_gb 0.216
2026-10-01 22:36:17,163 | DEBUG | step 5603 epoch 4 loss 0.1589 step_s 0.0016 peak_mem_gb 0.216
2026-10-01 22:36:17,165 | DEBUG | step 5604 epoch 4 loss 0.2247 step_s 0.0018 peak_mem_gb 0.216
2026-10-01 22:36:17,168 | DEBUG | step 5605 epoch 4 loss 0.0731 step_s 0.0017 peak_mem_gb 0.216
2026-10-01 22:36:17,171 | DEBUG | step 5606 epoch 4 loss 0.0635 step_s 0.0017 peak_mem_gb 0.216
2026-10-01 22:36:17,173 | DEBUG | step 5607 epoch 4 loss 0.0879 step_s 0.0017 peak_mem_gb 0.216
2026-10-01 22:36:17,175 | DEBUG | step 5608 epoch 4 loss 0.2180 step_s 0.0016 peak_mem_gb 0.216
2026-10-01 22:36:17,178 | DEBUG | step 5609 epoch 4 loss 0.1150 step_s 0.0022 peak_mem_gb 0.216
2026-10-01 22:36:17,181 | DEBUG | step 5610 epoch 4 loss 0.0520 step_s 0.0019 peak_mem_gb 0.216
2026-10-01 22:36:17,183 | DEBUG | step 5611 epoch 4 loss 0.3262 step_s 0.0016 peak_mem_gb 0.216
2026-10-01 22:36:17,186 | DEBUG | step 5612 epoch 4 loss 0.1163 step_s 0.0017 peak_mem_gb 0.216
2026-10-01 22:36:17,188 | DEBUG | step 5613 epoch 4 loss 0.1285 step_s 0.0016 peak_mem_gb 0.216
2026-10-01 22:36:17,190 | DEBUG | step 5614 epoch 4 loss 0.1136 step_s 0.0016 peak_mem_gb 0.216
2026-10-01 22:36:17,195 | DEBUG | step 5615 epoch 4 loss 0.1416 step_s 0.0043 peak_mem_gb 0.216
2026-10-01 22:36:17,198 | DEBUG | step 5616 epoch 4 loss 0.3195 step_s 0.0017 peak_mem_gb 0.216
2026-10-01 22:36:17,200 | DEBUG | step 5617 epoch 4 loss 0.1804 step_s 0.0016 peak_mem_gb 0.216
2026-10-01 22:36:17,202 | DEBUG | step 5618 epoch 4 loss 0.1717 step_s 0.0016 peak_mem_gb 0.216
2026-10-01 22:36:17,205 | DEBUG | step 5619 epoch 4 loss 0.0761 step_s 0.0016 peak_mem_gb 0.216
2026-10-01 22:36:17,207 | DEBUG | step 5620 epoch 4 loss 0.1148 step_s 0.0017 peak_mem_gb 0.216
2026-10-01 22:36:17,210 | DEBUG | step 5621 epoch 4 loss 0.1334 step_s 0.0016 peak_mem_gb 0.216
2026-10-01 22:36:17,212 | DEBUG | step 5622 epoch 4 loss 0.1642 step_s 0.0016 peak_mem_gb 0.216
2026-10-01 22:36:17,214 | DEBUG | step 5623 epoch 4 loss 0.0753 step_s 0.0016 peak_mem_gb 0.216
2026-10-01 22:36:17,217 | DEBUG | step 5624 epoch 4 loss 0.1044 step_s 0.0016 peak_mem_gb 0.216
2026-10-01 22:36:17,219 | DEBUG | step 5625 epoch 4 loss 0.1227 step_s 0.0016 peak_mem_gb 0.216
2026-10-01 22:36:17,221 | DEBUG | step 5626 epoch 4 loss 0.0979 step_s 0.0017 peak_mem_gb 0.216
2026-10-01 22:36:17,224 | DEBUG | step 5627 epoch 4 loss 0.1056 step_s 0.0016 peak_mem_gb 0.216
2026-10-01 22:36:17,226 | DEBUG | step 5628 epoch 4 loss 0.0894 step_s 0.0016 peak_mem_gb 0.216
2026-10-01 22:36:17,228 | DEBUG | step 5629 epoch 4 loss 0.1130 step_s 0.0016 peak_mem_gb 0.216
2026-10-01 22:36:17,231 | DEBUG | step 5630 epoch 4 loss 0.1705 step_s 0.0016 peak_mem_gb 0.216
2026-10-01 22:36:17,233 | DEBUG | step 5631 epoch 4 loss 0.3018 step_s 0.0016 peak_mem_gb 0.216
2026-10-01 22:36:17,235 | DEBUG | step 5632 epoch 4 loss 0.0824 step_s 0.0016 peak_mem_gb 0.216
2026-10-01 22:36:17,238 | DEBUG | step 5633 epoch 4 loss 0.1444 step_s 0.0016 peak_mem_gb 0.216
2026-10-01 22:36:17,240 | DEBUG | step 5634 epoch 4 loss 0.1495 step_s 0.0016 peak_mem_gb 0.216
2026-10-01 22:36:17,243 | DEBUG | step 5635 epoch 4 loss 0.0834 step_s 0.0019 peak_mem_gb 0.216
2026-10-01 22:36:17,245 | DEBUG | step 5636 epoch 4 loss 0.1296 step_s 0.0018 peak_mem_gb 0.216
2026-10-01 22:36:17,248 | DEBUG | step 5637 epoch 4 loss 0.0916 step_s 0.0019 peak_mem_gb 0.216
2026-10-01 22:36:17,250 | DEBUG | step 5638 epoch 4 loss 0.0789 step_s 0.0016 peak_mem_gb 0.216
2026-10-01 22:36:17,252 | DEBUG | step 5639 epoch 4 loss 0.2104 step_s 0.0017 peak_mem_gb 0.216
2026-10-01 22:36:17,255 | DEBUG | step 5640 epoch 4 loss 0.0935 step_s 0.0016 peak_mem_gb 0.216
2026-10-01 22:36:17,257 | DEBUG | step 5641 epoch 4 loss 0.2573 step_s 0.0021 peak_mem_gb 0.216
2026-10-01 22:36:17,260 | DEBUG | step 5642 epoch 4 loss 0.1627 step_s 0.0016 peak_mem_gb 0.216
2026-10-01 22:36:17,262 | DEBUG | step 5643 epoch 4 loss 0.1947 step_s 0.0016 peak_mem_gb 0.216
2026-10-01 22:36:17,264 | DEBUG | step 5644 epoch 4 loss 0.3454 step_s 0.0016 peak_mem_gb 0.216
2026-10-01 22:36:17,267 | DEBUG | step 5645 epoch 4 loss 0.0748 step_s 0.0017 peak_mem_gb 0.216
2026-10-01 22:36:17,269 | DEBUG | step 5646 epoch 4 loss 0.1238 step_s 0.0017 peak_mem_gb 0.216
2026-10-01 22:36:17,272 | DEBUG | step 5647 epoch 4 loss 0.1883 step_s 0.0016 peak_mem_gb 0.216
2026-10-01 22:36:17,274 | DEBUG | step 5648 epoch 4 loss 0.0691 step_s 0.0018 peak_mem_gb 0.216
2026-10-01 22:36:17,277 | DEBUG | step 5649 epoch 4 loss 0.0524 step_s 0.0016 peak_mem_gb 0.216
2026-10-01 22:36:17,279 | DEBUG | step 5650 epoch 4 loss 0.1209 step_s 0.0016 peak_mem_gb 0.216
2026-10-01 22:36:17,281 | DEBUG | step 5651 epoch 4 loss 0.1244 step_s 0.0017 peak_mem_gb 0.216
2026-10-01 22:36:17,284 | DEBUG | step 5652 epoch 4 loss 0.1315 step_s 0.0016 peak_mem_gb 0.216
2026-10-01 22:36:17,286 | DEBUG | step 5653 epoch 4 loss 0.0626 step_s 0.0016 peak_mem_gb 0.216
2026-10-01 22:36:17,289 | DEBUG | step 5654 epoch 4 loss 0.2101 step_s 0.0017 peak_mem_gb 0.216
2026-10-01 22:36:17,291 | DEBUG | step 5655 epoch 4 loss 0.1083 step_s 0.0016 peak_mem_gb 0.216
2026-10-01 22:36:17,293 | DEBUG | step 5656 epoch 4 loss 0.0568 step_s 0.0016 peak_mem_gb 0.216
2026-10-01 22:36:17,295 | DEBUG | step 5657 epoch 4 loss 0.1326 step_s 0.0016 peak_mem_gb 0.216
2026-10-01 22:36:17,298 | DEBUG | step 5658 epoch 4 loss 0.0920 step_s 0.0016 peak_mem_gb 0.216
2026-10-01 22:36:17,300 | DEBUG | step 5659 epoch 4 loss 0.0415 step_s 0.0016 peak_mem_gb 0.216
2026-10-01 22:36:17,302 | DEBUG | step 5660 epoch 4 loss 0.1882 step_s 0.0016 peak_mem_gb 0.216
2026-10-01 22:36:17,305 | DEBUG | step 5661 epoch 4 loss 0.1957 step_s 0.0017 peak_mem_gb 0.216
2026-10-01 22:36:17,307 | DEBUG | step 5662 epoch 4 loss 0.0722 step_s 0.0017 peak_mem_gb 0.216
2026-10-01 22:36:17,310 | DEBUG | step 5663 epoch 4 loss 0.1053 step_s 0.0017 peak_mem_gb 0.216
2026-10-01 22:36:17,312 | DEBUG | step 5664 epoch 4 loss 0.1600 step_s 0.0016 peak_mem_gb 0.216
2026-10-01 22:36:17,314 | DEBUG | step 5665 epoch 4 loss 0.0881 step_s 0.0016 peak_mem_gb 0.216
2026-10-01 22:36:17,317 | DEBUG | step 5666 epoch 4 loss 0.0739 step_s 0.0017 peak_mem_gb 0.216
2026-10-01 22:36:17,319 | DEBUG | step 5667 epoch 4 loss 0.1389 step_s 0.0016 peak_mem_gb 0.216
2026-10-01 22:36:17,322 | DEBUG | step 5668 epoch 4 loss 0.2625 step_s 0.0016 peak_mem_gb 0.216
2026-10-01 22:36:17,324 | DEBUG | step 5669 epoch 4 loss 0.1376 step_s 0.0016 peak_mem_gb 0.216
2026-10-01 22:36:17,327 | DEBUG | step 5670 epoch 4 loss 0.1184 step_s 0.0016 peak_mem_gb 0.216
2026-10-01 22:36:17,329 | DEBUG | step 5671 epoch 4 loss 0.1120 step_s 0.0016 peak_mem_gb 0.216
2026-10-01 22:36:17,331 | DEBUG | step 5672 epoch 4 loss 0.2483 step_s 0.0016 peak_mem_gb 0.216
2026-10-01 22:36:17,334 | DEBUG | step 5673 epoch 4 loss 0.1814 step_s 0.0016 peak_mem_gb 0.216
2026-10-01 22:36:17,336 | DEBUG | step 5674 epoch 4 loss 0.0792 step_s 0.0017 peak_mem_gb 0.216
2026-10-01 22:36:17,338 | DEBUG | step 5675 epoch 4 loss 0.1039 step_s 0.0016 peak_mem_gb 0.216
2026-10-01 22:36:17,341 | DEBUG | step 5676 epoch 4 loss 0.1509 step_s 0.0016 peak_mem_gb 0.216
2026-10-01 22:36:17,343 | DEBUG | step 5677 epoch 4 loss 0.0779 step_s 0.0016 peak_mem_gb 0.216
2026-10-01 22:36:17,345 | DEBUG | step 5678 epoch 4 loss 0.1432 step_s 0.0017 peak_mem_gb 0.216
2026-10-01 22:36:17,348 | DEBUG | step 5679 epoch 4 loss 0.1041 step_s 0.0016 peak_mem_gb 0.216
2026-10-01 22:36:17,350 | DEBUG | step 5680 epoch 4 loss 0.1227 step_s 0.0016 peak_mem_gb 0.216
2026-10-01 22:36:17,352 | DEBUG | step 5681 epoch 4 loss 0.1542 step_s 0.0018 peak_mem_gb 0.216
2026-10-01 22:36:17,355 | DEBUG | step 5682 epoch 4 loss 0.2444 step_s 0.0016 peak_mem_gb 0.216
2026-10-01 22:36:17,357 | DEBUG | step 5683 epoch 4 loss 0.1148 step_s 0.0018 peak_mem_gb 0.216
2026-10-01 22:36:17,359 | DEBUG | step 5684 epoch 4 loss 0.0197 step_s 0.0016 peak_mem_gb 0.216
2026-10-01 22:36:17,362 | DEBUG | step 5685 epoch 4 loss 0.0802 step_s 0.0016 peak_mem_gb 0.216
2026-10-01 22:36:17,364 | DEBUG | step 5686 epoch 4 loss 0.2267 step_s 0.0016 peak_mem_gb 0.216
2026-10-01 22:36:17,366 | DEBUG | step 5687 epoch 4 loss 0.1120 step_s 0.0016 peak_mem_gb 0.216
2026-10-01 22:36:17,369 | DEBUG | step 5688 epoch 4 loss 0.2061 step_s 0.0017 peak_mem_gb 0.216
2026-10-01 22:36:17,371 | DEBUG | step 5689 epoch 4 loss 0.1877 step_s 0.0016 peak_mem_gb 0.216
2026-10-01 22:36:17,373 | DEBUG | step 5690 epoch 4 loss 0.1274 step_s 0.0016 peak_mem_gb 0.216
2026-10-01 22:36:17,376 | DEBUG | step 5691 epoch 4 loss 0.1994 step_s 0.0017 peak_mem_gb 0.216
2026-10-01 22:36:17,378 | DEBUG | step 5692 epoch 4 loss 0.2061 step_s 0.0016 peak_mem_gb 0.216
2026-10-01 22:36:17,380 | DEBUG | step 5693 epoch 4 loss 0.1239 step_s 0.0016 peak_mem_gb 0.216
2026-10-01 22:36:17,383 | DEBUG | step 5694 epoch 4 loss 0.1844 step_s 0.0016 peak_mem_gb 0.216
2026-10-01 22:36:17,385 | DEBUG | step 5695 epoch 4 loss 0.1450 step_s 0.0016 peak_mem_gb 0.216
2026-10-01 22:36:17,387 | DEBUG | step 5696 epoch 4 loss 0.0943 step_s 0.0016 peak_mem_gb 0.216
2026-10-01 22:36:17,390 | DEBUG | step 5697 epoch 4 loss 0.0836 step_s 0.0016 peak_mem_gb 0.216
2026-10-01 22:36:17,392 | DEBUG | step 5698 epoch 4 loss 0.1537 step_s 0.0016 peak_mem_gb 0.216
2026-10-01 22:36:17,394 | DEBUG | step 5699 epoch 4 loss 0.1198 step_s 0.0016 peak_mem_gb 0.216
2026-10-01 22:36:17,396 | DEBUG | step 5700 epoch 4 loss 0.1774 step_s 0.0016 peak_mem_gb 0.216
2026-10-01 22:36:17,399 | DEBUG | step 5701 epoch 4 loss 0.0921 step_s 0.0017 peak_mem_gb 0.216
2026-10-01 22:36:17,401 | DEBUG | step 5702 epoch 4 loss 0.0456 step_s 0.0016 peak_mem_gb 0.216
2026-10-01 22:36:17,403 | DEBUG | step 5703 epoch 4 loss 0.1582 step_s 0.0016 peak_mem_gb 0.216
2026-10-01 22:36:17,406 | DEBUG | step 5704 epoch 4 loss 0.1131 step_s 0.0016 peak_mem_gb 0.216
2026-10-01 22:36:17,408 | DEBUG | step 5705 epoch 4 loss 0.1812 step_s 0.0016 peak_mem_gb 0.216
2026-10-01 22:36:17,410 | DEBUG | step 5706 epoch 4 loss 0.2368 step_s 0.0016 peak_mem_gb 0.216
2026-10-01 22:36:17,413 | DEBUG | step 5707 epoch 4 loss 0.1681 step_s 0.0016 peak_mem_gb 0.216
2026-10-01 22:36:17,415 | DEBUG | step 5708 epoch 4 loss 0.0836 step_s 0.0018 peak_mem_gb 0.216
2026-10-01 22:36:17,418 | DEBUG | step 5709 epoch 4 loss 0.0878 step_s 0.0017 peak_mem_gb 0.216
2026-10-01 22:36:17,420 | DEBUG | step 5710 epoch 4 loss 0.2064 step_s 0.0016 peak_mem_gb 0.216
2026-10-01 22:36:17,422 | DEBUG | step 5711 epoch 4 loss 0.1137 step_s 0.0016 peak_mem_gb 0.216
2026-10-01 22:36:17,424 | DEBUG | step 5712 epoch 4 loss 0.0633 step_s 0.0016 peak_mem_gb 0.216
2026-10-01 22:36:17,427 | DEBUG | step 5713 epoch 4 loss 0.0972 step_s 0.0016 peak_mem_gb 0.216
2026-10-01 22:36:17,429 | DEBUG | step 5714 epoch 4 loss 0.0792 step_s 0.0016 peak_mem_gb 0.216
2026-10-01 22:36:17,432 | DEBUG | step 5715 epoch 4 loss 0.1198 step_s 0.0021 peak_mem_gb 0.216
2026-10-01 22:36:17,434 | DEBUG | step 5716 epoch 4 loss 0.0448 step_s 0.0016 peak_mem_gb 0.216
2026-10-01 22:36:17,437 | DEBUG | step 5717 epoch 4 loss 0.0443 step_s 0.0016 peak_mem_gb 0.216
2026-10-01 22:36:17,439 | DEBUG | step 5718 epoch 4 loss 0.1050 step_s 0.0016 peak_mem_gb 0.216
2026-10-01 22:36:17,441 | DEBUG | step 5719 epoch 4 loss 0.2798 step_s 0.0017 peak_mem_gb 0.216
2026-10-01 22:36:17,444 | DEBUG | step 5720 epoch 4 loss 0.1832 step_s 0.0017 peak_mem_gb 0.216
2026-10-01 22:36:17,446 | DEBUG | step 5721 epoch 4 loss 0.1125 step_s 0.0016 peak_mem_gb 0.216
2026-10-01 22:36:17,448 | DEBUG | step 5722 epoch 4 loss 0.0664 step_s 0.0016 peak_mem_gb 0.216
2026-10-01 22:36:17,451 | DEBUG | step 5723 epoch 4 loss 0.0942 step_s 0.0016 peak_mem_gb 0.216
2026-10-01 22:36:17,453 | DEBUG | step 5724 epoch 4 loss 0.1164 step_s 0.0017 peak_mem_gb 0.216
2026-10-01 22:36:17,455 | DEBUG | step 5725 epoch 4 loss 0.0832 step_s 0.0016 peak_mem_gb 0.216
2026-10-01 22:36:17,458 | DEBUG | step 5726 epoch 4 loss 0.1446 step_s 0.0016 peak_mem_gb 0.216
2026-10-01 22:36:17,460 | DEBUG | step 5727 epoch 4 loss 0.3151 step_s 0.0016 peak_mem_gb 0.216
2026-10-01 22:36:17,462 | DEBUG | step 5728 epoch 4 loss 0.0456 step_s 0.0017 peak_mem_gb 0.216
2026-10-01 22:36:17,465 | DEBUG | step 5729 epoch 4 loss 0.1592 step_s 0.0016 peak_mem_gb 0.216
2026-10-01 22:36:17,467 | DEBUG | step 5730 epoch 4 loss 0.1566 step_s 0.0016 peak_mem_gb 0.216
2026-10-01 22:36:17,469 | DEBUG | step 5731 epoch 4 loss 0.1089 step_s 0.0017 peak_mem_gb 0.216
2026-10-01 22:36:17,472 | DEBUG | step 5732 epoch 4 loss 0.1418 step_s 0.0016 peak_mem_gb 0.216
2026-10-01 22:36:17,474 | DEBUG | step 5733 epoch 4 loss 0.0873 step_s 0.0016 peak_mem_gb 0.216
2026-10-01 22:36:17,476 | DEBUG | step 5734 epoch 4 loss 0.1651 step_s 0.0016 peak_mem_gb 0.216
2026-10-01 22:36:17,478 | DEBUG | step 5735 epoch 4 loss 0.1164 step_s 0.0017 peak_mem_gb 0.216
2026-10-01 22:36:17,481 | DEBUG | step 5736 epoch 4 loss 0.3200 step_s 0.0017 peak_mem_gb 0.216
2026-10-01 22:36:17,483 | DEBUG | step 5737 epoch 4 loss 0.1856 step_s 0.0016 peak_mem_gb 0.216
2026-10-01 22:36:17,485 | DEBUG | step 5738 epoch 4 loss 0.1900 step_s 0.0017 peak_mem_gb 0.216
2026-10-01 22:36:17,488 | DEBUG | step 5739 epoch 4 loss 0.1495 step_s 0.0016 peak_mem_gb 0.216
2026-10-01 22:36:17,490 | DEBUG | step 5740 epoch 4 loss 0.1865 step_s 0.0016 peak_mem_gb 0.216
2026-10-01 22:36:17,492 | DEBUG | step 5741 epoch 4 loss 0.1697 step_s 0.0016 peak_mem_gb 0.216
2026-10-01 22:36:17,495 | DEBUG | step 5742 epoch 4 loss 0.0907 step_s 0.0017 peak_mem_gb 0.216
2026-10-01 22:36:17,497 | DEBUG | step 5743 epoch 4 loss 0.1022 step_s 0.0017 peak_mem_gb 0.216
2026-10-01 22:36:17,499 | DEBUG | step 5744 epoch 4 loss 0.1710 step_s 0.0016 peak_mem_gb 0.216
2026-10-01 22:36:17,502 | DEBUG | step 5745 epoch 4 loss 0.0655 step_s 0.0016 peak_mem_gb 0.216
2026-10-01 22:36:17,504 | DEBUG | step 5746 epoch 4 loss 0.1039 step_s 0.0016 peak_mem_gb 0.216
2026-10-01 22:36:17,506 | DEBUG | step 5747 epoch 4 loss 0.0749 step_s 0.0017 peak_mem_gb 0.216
2026-10-01 22:36:17,509 | DEBUG | step 5748 epoch 4 loss 0.1422 step_s 0.0016 peak_mem_gb 0.216
2026-10-01 22:36:17,511 | DEBUG | step 5749 epoch 4 loss 0.2148 step_s 0.0017 peak_mem_gb 0.216
2026-10-01 22:36:17,513 | DEBUG | step 5750 epoch 4 loss 0.1435 step_s 0.0017 peak_mem_gb 0.216
2026-10-01 22:36:17,516 | DEBUG | step 5751 epoch 4 loss 0.1047 step_s 0.0016 peak_mem_gb 0.216
2026-10-01 22:36:17,518 | DEBUG | step 5752 epoch 4 loss 0.1375 step_s 0.0016 peak_mem_gb 0.216
2026-10-01 22:36:17,520 | DEBUG | step 5753 epoch 4 loss 0.0659 step_s 0.0016 peak_mem_gb 0.216
2026-10-01 22:36:17,523 | DEBUG | step 5754 epoch 4 loss 0.0642 step_s 0.0016 peak_mem_gb 0.216
2026-10-01 22:36:17,525 | DEBUG | step 5755 epoch 4 loss 0.1286 step_s 0.0016 peak_mem_gb 0.216
2026-10-01 22:36:17,527 | DEBUG | step 5756 epoch 4 loss 0.1060 step_s 0.0016 peak_mem_gb 0.216
2026-10-01 22:36:17,530 | DEBUG | step 5757 epoch 4 loss 0.2258 step_s 0.0017 peak_mem_gb 0.216
2026-10-01 22:36:17,532 | DEBUG | step 5758 epoch 4 loss 0.1046 step_s 0.0016 peak_mem_gb 0.216
2026-10-01 22:36:17,534 | DEBUG | step 5759 epoch 4 loss 0.1759 step_s 0.0016 peak_mem_gb 0.216
2026-10-01 22:36:17,536 | DEBUG | step 5760 epoch 4 loss 0.3657 step_s 0.0016 peak_mem_gb 0.216
2026-10-01 22:36:17,539 | DEBUG | step 5761 epoch 4 loss 0.1119 step_s 0.0016 peak_mem_gb 0.216
2026-10-01 22:36:17,541 | DEBUG | step 5762 epoch 4 loss 0.1111 step_s 0.0017 peak_mem_gb 0.216
2026-10-01 22:36:17,543 | DEBUG | step 5763 epoch 4 loss 0.1867 step_s 0.0016 peak_mem_gb 0.216
2026-10-01 22:36:17,546 | DEBUG | step 5764 epoch 4 loss 0.1211 step_s 0.0016 peak_mem_gb 0.216
2026-10-01 22:36:17,548 | DEBUG | step 5765 epoch 4 loss 0.2152 step_s 0.0016 peak_mem_gb 0.216
2026-10-01 22:36:17,550 | DEBUG | step 5766 epoch 4 loss 0.1372 step_s 0.0016 peak_mem_gb 0.216
2026-10-01 22:36:17,553 | DEBUG | step 5767 epoch 4 loss 0.0916 step_s 0.0016 peak_mem_gb 0.216
2026-10-01 22:36:17,555 | DEBUG | step 5768 epoch 4 loss 0.0581 step_s 0.0017 peak_mem_gb 0.216
2026-10-01 22:36:17,557 | DEBUG | step 5769 epoch 4 loss 0.1048 step_s 0.0017 peak_mem_gb 0.216
2026-10-01 22:36:17,560 | DEBUG | step 5770 epoch 4 loss 0.0901 step_s 0.0017 peak_mem_gb 0.216
2026-10-01 22:36:17,562 | DEBUG | step 5771 epoch 4 loss 0.1428 step_s 0.0016 peak_mem_gb 0.216
2026-10-01 22:36:17,564 | DEBUG | step 5772 epoch 4 loss 0.0578 step_s 0.0016 peak_mem_gb 0.216
2026-10-01 22:36:17,567 | DEBUG | step 5773 epoch 4 loss 0.1610 step_s 0.0016 peak_mem_gb 0.216
2026-10-01 22:36:17,569 | DEBUG | step 5774 epoch 4 loss 0.1433 step_s 0.0017 peak_mem_gb 0.216
2026-10-01 22:36:17,571 | DEBUG | step 5775 epoch 4 loss 0.2229 step_s 0.0017 peak_mem_gb 0.216
2026-10-01 22:36:17,574 | DEBUG | step 5776 epoch 4 loss 0.2455 step_s 0.0018 peak_mem_gb 0.216
2026-10-01 22:36:17,576 | DEBUG | step 5777 epoch 4 loss 0.1887 step_s 0.0016 peak_mem_gb 0.216
2026-10-01 22:36:17,578 | DEBUG | step 5778 epoch 4 loss 0.0740 step_s 0.0016 peak_mem_gb 0.216
2026-10-01 22:36:17,581 | DEBUG | step 5779 epoch 4 loss 0.1216 step_s 0.0016 peak_mem_gb 0.216
2026-10-01 22:36:17,583 | DEBUG | step 5780 epoch 4 loss 0.1815 step_s 0.0016 peak_mem_gb 0.216
2026-10-01 22:36:17,585 | DEBUG | step 5781 epoch 4 loss 0.0836 step_s 0.0017 peak_mem_gb 0.216
2026-10-01 22:36:17,588 | DEBUG | step 5782 epoch 4 loss 0.1794 step_s 0.0016 peak_mem_gb 0.216
2026-10-01 22:36:17,590 | DEBUG | step 5783 epoch 4 loss 0.1168 step_s 0.0017 peak_mem_gb 0.216
2026-10-01 22:36:17,592 | DEBUG | step 5784 epoch 4 loss 0.0550 step_s 0.0016 peak_mem_gb 0.216
2026-10-01 22:36:17,594 | DEBUG | step 5785 epoch 4 loss 0.1431 step_s 0.0016 peak_mem_gb 0.216
2026-10-01 22:36:17,597 | DEBUG | step 5786 epoch 4 loss 0.1838 step_s 0.0016 peak_mem_gb 0.216
2026-10-01 22:36:17,599 | DEBUG | step 5787 epoch 4 loss 0.1015 step_s 0.0016 peak_mem_gb 0.216
2026-10-01 22:36:17,602 | DEBUG | step 5788 epoch 4 loss 0.1999 step_s 0.0016 peak_mem_gb 0.216
2026-10-01 22:36:17,604 | DEBUG | step 5789 epoch 4 loss 0.3134 step_s 0.0016 peak_mem_gb 0.216
2026-10-01 22:36:17,606 | DEBUG | step 5790 epoch 4 loss 0.0826 step_s 0.0017 peak_mem_gb 0.216
2026-10-01 22:36:17,609 | DEBUG | step 5791 epoch 4 loss 0.1629 step_s 0.0016 peak_mem_gb 0.216
2026-10-01 22:36:17,611 | DEBUG | step 5792 epoch 4 loss 0.2013 step_s 0.0016 peak_mem_gb 0.216
2026-10-01 22:36:17,613 | DEBUG | step 5793 epoch 4 loss 0.0950 step_s 0.0016 peak_mem_gb 0.216
2026-10-01 22:36:17,615 | DEBUG | step 5794 epoch 4 loss 0.1269 step_s 0.0016 peak_mem_gb 0.216
2026-10-01 22:36:17,618 | DEBUG | step 5795 epoch 4 loss 0.0625 step_s 0.0016 peak_mem_gb 0.216
2026-10-01 22:36:17,620 | DEBUG | step 5796 epoch 4 loss 0.0897 step_s 0.0016 peak_mem_gb 0.216
2026-10-01 22:36:17,623 | DEBUG | step 5797 epoch 4 loss 0.0856 step_s 0.0016 peak_mem_gb 0.216
2026-10-01 22:36:17,625 | DEBUG | step 5798 epoch 4 loss 0.1516 step_s 0.0016 peak_mem_gb 0.216
2026-10-01 22:36:17,628 | DEBUG | step 5799 epoch 4 loss 0.2375 step_s 0.0016 peak_mem_gb 0.216
2026-10-01 22:36:17,630 | INFO | step 5800 epoch 4 loss 0.1424 step_s 0.0016 peak_mem_gb 0.216
2026-10-01 22:36:17,633 | DEBUG | step 5801 epoch 4 loss 0.0732 step_s 0.0016 peak_mem_gb 0.216
2026-10-01 22:36:17,636 | DEBUG | step 5802 epoch 4 loss 0.1181 step_s 0.0017 peak_mem_gb 0.216
2026-10-01 22:36:17,639 | DEBUG | step 5803 epoch 4 loss 0.1924 step_s 0.0024 peak_mem_gb 0.216
2026-10-01 22:36:17,642 | DEBUG | step 5804 epoch 4 loss 0.1069 step_s 0.0019 peak_mem_gb 0.216
2026-10-01 22:36:17,644 | DEBUG | step 5805 epoch 4 loss 0.0804 step_s 0.0017 peak_mem_gb 0.216
2026-10-01 22:36:17,647 | DEBUG | step 5806 epoch 4 loss 0.1268 step_s 0.0017 peak_mem_gb 0.216
2026-10-01 22:36:17,649 | DEBUG | step 5807 epoch 4 loss 0.1678 step_s 0.0017 peak_mem_gb 0.216
2026-10-01 22:36:17,652 | DEBUG | step 5808 epoch 4 loss 0.1300 step_s 0.0017 peak_mem_gb 0.216
2026-10-01 22:36:17,654 | DEBUG | step 5809 epoch 4 loss 0.1792 step_s 0.0016 peak_mem_gb 0.216
2026-10-01 22:36:17,657 | DEBUG | step 5810 epoch 4 loss 0.1467 step_s 0.0017 peak_mem_gb 0.216
2026-10-01 22:36:17,659 | DEBUG | step 5811 epoch 4 loss 0.1063 step_s 0.0016 peak_mem_gb 0.216
2026-10-01 22:36:17,661 | DEBUG | step 5812 epoch 4 loss 0.0887 step_s 0.0016 peak_mem_gb 0.216
2026-10-01 22:36:17,664 | DEBUG | step 5813 epoch 4 loss 0.0668 step_s 0.0016 peak_mem_gb 0.216
2026-10-01 22:36:17,666 | DEBUG | step 5814 epoch 4 loss 0.1386 step_s 0.0016 peak_mem_gb 0.216
2026-10-01 22:36:17,668 | DEBUG | step 5815 epoch 4 loss 0.2197 step_s 0.0016 peak_mem_gb 0.216
2026-10-01 22:36:17,671 | DEBUG | step 5816 epoch 4 loss 0.1925 step_s 0.0016 peak_mem_gb 0.216
2026-10-01 22:36:17,673 | DEBUG | step 5817 epoch 4 loss 0.0855 step_s 0.0016 peak_mem_gb 0.216
2026-10-01 22:36:17,675 | DEBUG | step 5818 epoch 4 loss 0.1530 step_s 0.0016 peak_mem_gb 0.216
2026-10-01 22:36:17,678 | DEBUG | step 5819 epoch 4 loss 0.1726 step_s 0.0016 peak_mem_gb 0.216
2026-10-01 22:36:17,680 | DEBUG | step 5820 epoch 4 loss 0.1002 step_s 0.0016 peak_mem_gb 0.216
2026-10-01 22:36:17,682 | DEBUG | step 5821 epoch 4 loss 0.1091 step_s 0.0016 peak_mem_gb 0.216
2026-10-01 22:36:17,684 | DEBUG | step 5822 epoch 4 loss 0.1496 step_s 0.0015 peak_mem_gb 0.216
2026-10-01 22:36:17,687 | DEBUG | step 5823 epoch 4 loss 0.2856 step_s 0.0016 peak_mem_gb 0.216
2026-10-01 22:36:17,689 | DEBUG | step 5824 epoch 4 loss 0.2548 step_s 0.0016 peak_mem_gb 0.216
2026-10-01 22:36:17,691 | DEBUG | step 5825 epoch 4 loss 0.1234 step_s 0.0016 peak_mem_gb 0.216
2026-10-01 22:36:17,694 | DEBUG | step 5826 epoch 4 loss 0.2275 step_s 0.0021 peak_mem_gb 0.216
2026-10-01 22:36:17,697 | DEBUG | step 5827 epoch 4 loss 0.0772 step_s 0.0016 peak_mem_gb 0.216
2026-10-01 22:36:17,699 | DEBUG | step 5828 epoch 4 loss 0.0900 step_s 0.0016 peak_mem_gb 0.216
2026-10-01 22:36:17,701 | DEBUG | step 5829 epoch 4 loss 0.1205 step_s 0.0016 peak_mem_gb 0.216
2026-10-01 22:36:17,703 | DEBUG | step 5830 epoch 4 loss 0.1147 step_s 0.0016 peak_mem_gb 0.216
2026-10-01 22:36:17,706 | DEBUG | step 5831 epoch 4 loss 0.0905 step_s 0.0016 peak_mem_gb 0.216
2026-10-01 22:36:17,708 | DEBUG | step 5832 epoch 4 loss 0.0786 step_s 0.0016 peak_mem_gb 0.216
2026-10-01 22:36:17,710 | DEBUG | step 5833 epoch 4 loss 0.2160 step_s 0.0016 peak_mem_gb 0.216
2026-10-01 22:36:17,713 | DEBUG | step 5834 epoch 4 loss 0.1702 step_s 0.0017 peak_mem_gb 0.216
2026-10-01 22:36:17,715 | DEBUG | step 5835 epoch 4 loss 0.2199 step_s 0.0016 peak_mem_gb 0.216
2026-10-01 22:36:17,717 | DEBUG | step 5836 epoch 4 loss 0.0626 step_s 0.0016 peak_mem_gb 0.216
2026-10-01 22:36:17,720 | DEBUG | step 5837 epoch 4 loss 0.1300 step_s 0.0017 peak_mem_gb 0.216
2026-10-01 22:36:17,722 | DEBUG | step 5838 epoch 4 loss 0.1362 step_s 0.0016 peak_mem_gb 0.216
2026-10-01 22:36:17,724 | DEBUG | step 5839 epoch 4 loss 0.0788 step_s 0.0016 peak_mem_gb 0.216
2026-10-01 22:36:17,727 | DEBUG | step 5840 epoch 4 loss 0.2753 step_s 0.0016 peak_mem_gb 0.216
2026-10-01 22:36:17,729 | DEBUG | step 5841 epoch 4 loss 0.1418 step_s 0.0016 peak_mem_gb 0.216
2026-10-01 22:36:17,731 | DEBUG | step 5842 epoch 4 loss 0.2551 step_s 0.0016 peak_mem_gb 0.216
2026-10-01 22:36:17,733 | DEBUG | step 5843 epoch 4 loss 0.0728 step_s 0.0016 peak_mem_gb 0.216
2026-10-01 22:36:17,736 | DEBUG | step 5844 epoch 4 loss 0.1371 step_s 0.0015 peak_mem_gb 0.216
2026-10-01 22:36:17,738 | DEBUG | step 5845 epoch 4 loss 0.1195 step_s 0.0016 peak_mem_gb 0.216
2026-10-01 22:36:17,740 | DEBUG | step 5846 epoch 4 loss 0.1955 step_s 0.0016 peak_mem_gb 0.216
2026-10-01 22:36:17,743 | DEBUG | step 5847 epoch 4 loss 0.0591 step_s 0.0016 peak_mem_gb 0.216
2026-10-01 22:36:17,745 | DEBUG | step 5848 epoch 4 loss 0.1892 step_s 0.0017 peak_mem_gb 0.216
2026-10-01 22:36:17,747 | DEBUG | step 5849 epoch 4 loss 0.1596 step_s 0.0016 peak_mem_gb 0.216
2026-10-01 22:36:17,750 | DEBUG | step 5850 epoch 4 loss 0.1585 step_s 0.0017 peak_mem_gb 0.216
2026-10-01 22:36:17,752 | DEBUG | step 5851 epoch 4 loss 0.0546 step_s 0.0016 peak_mem_gb 0.216
2026-10-01 22:36:17,754 | DEBUG | step 5852 epoch 4 loss 0.2003 step_s 0.0016 peak_mem_gb 0.216
2026-10-01 22:36:17,757 | DEBUG | step 5853 epoch 4 loss 0.1252 step_s 0.0025 peak_mem_gb 0.216
2026-10-01 22:36:17,760 | DEBUG | step 5854 epoch 4 loss 0.0397 step_s 0.0016 peak_mem_gb 0.216
2026-10-01 22:36:17,762 | DEBUG | step 5855 epoch 4 loss 0.2163 step_s 0.0016 peak_mem_gb 0.216
2026-10-01 22:36:17,765 | DEBUG | step 5856 epoch 4 loss 0.2581 step_s 0.0019 peak_mem_gb 0.216
2026-10-01 22:36:17,767 | DEBUG | step 5857 epoch 4 loss 0.2013 step_s 0.0017 peak_mem_gb 0.216
2026-10-01 22:36:17,770 | DEBUG | step 5858 epoch 4 loss 0.1502 step_s 0.0018 peak_mem_gb 0.216
2026-10-01 22:36:17,772 | DEBUG | step 5859 epoch 4 loss 0.2843 step_s 0.0018 peak_mem_gb 0.216
2026-10-01 22:36:17,775 | DEBUG | step 5860 epoch 4 loss 0.2455 step_s 0.0017 peak_mem_gb 0.216
2026-10-01 22:36:17,777 | DEBUG | step 5861 epoch 4 loss 0.1290 step_s 0.0017 peak_mem_gb 0.216
2026-10-01 22:36:17,780 | DEBUG | step 5862 epoch 4 loss 0.0760 step_s 0.0017 peak_mem_gb 0.216
2026-10-01 22:36:17,782 | DEBUG | step 5863 epoch 4 loss 0.1254 step_s 0.0017 peak_mem_gb 0.216
2026-10-01 22:36:17,785 | DEBUG | step 5864 epoch 4 loss 0.1134 step_s 0.0017 peak_mem_gb 0.216
2026-10-01 22:36:17,787 | DEBUG | step 5865 epoch 4 loss 0.1298 step_s 0.0016 peak_mem_gb 0.216
2026-10-01 22:36:17,790 | DEBUG | step 5866 epoch 4 loss 0.1142 step_s 0.0017 peak_mem_gb 0.216
2026-10-01 22:36:17,792 | DEBUG | step 5867 epoch 4 loss 0.0844 step_s 0.0016 peak_mem_gb 0.216
2026-10-01 22:36:17,794 | DEBUG | step 5868 epoch 4 loss 0.1736 step_s 0.0016 peak_mem_gb 0.216
2026-10-01 22:36:17,797 | DEBUG | step 5869 epoch 4 loss 0.1222 step_s 0.0016 peak_mem_gb 0.216
2026-10-01 22:36:17,799 | DEBUG | step 5870 epoch 4 loss 0.2233 step_s 0.0016 peak_mem_gb 0.216
2026-10-01 22:36:17,801 | DEBUG | step 5871 epoch 4 loss 0.1488 step_s 0.0016 peak_mem_gb 0.216
2026-10-01 22:36:17,803 | DEBUG | step 5872 epoch 4 loss 0.1435 step_s 0.0016 peak_mem_gb 0.216
2026-10-01 22:36:17,806 | DEBUG | step 5873 epoch 4 loss 0.1217 step_s 0.0016 peak_mem_gb 0.216
2026-10-01 22:36:17,808 | DEBUG | step 5874 epoch 4 loss 0.2904 step_s 0.0016 peak_mem_gb 0.216
2026-10-01 22:36:17,810 | DEBUG | step 5875 epoch 4 loss 0.1781 step_s 0.0016 peak_mem_gb 0.216
2026-10-01 22:36:17,813 | DEBUG | step 5876 epoch 4 loss 0.0494 step_s 0.0017 peak_mem_gb 0.216
2026-10-01 22:36:17,815 | DEBUG | step 5877 epoch 4 loss 0.1946 step_s 0.0017 peak_mem_gb 0.216
2026-10-01 22:36:17,818 | DEBUG | step 5878 epoch 4 loss 0.1204 step_s 0.0017 peak_mem_gb 0.216
2026-10-01 22:36:17,820 | DEBUG | step 5879 epoch 4 loss 0.0871 step_s 0.0017 peak_mem_gb 0.216
2026-10-01 22:36:17,822 | DEBUG | step 5880 epoch 4 loss 0.1790 step_s 0.0017 peak_mem_gb 0.216
2026-10-01 22:36:17,825 | DEBUG | step 5881 epoch 4 loss 0.1338 step_s 0.0016 peak_mem_gb 0.216
2026-10-01 22:36:17,827 | DEBUG | step 5882 epoch 4 loss 0.1474 step_s 0.0016 peak_mem_gb 0.216
2026-10-01 22:36:17,829 | DEBUG | step 5883 epoch 4 loss 0.2384 step_s 0.0016 peak_mem_gb 0.216
2026-10-01 22:36:17,832 | DEBUG | step 5884 epoch 4 loss 0.1847 step_s 0.0016 peak_mem_gb 0.216
2026-10-01 22:36:17,834 | DEBUG | step 5885 epoch 4 loss 0.0976 step_s 0.0017 peak_mem_gb 0.216
2026-10-01 22:36:17,836 | DEBUG | step 5886 epoch 4 loss 0.0954 step_s 0.0017 peak_mem_gb 0.216
2026-10-01 22:36:17,839 | DEBUG | step 5887 epoch 4 loss 0.1368 step_s 0.0016 peak_mem_gb 0.216
2026-10-01 22:36:17,841 | DEBUG | step 5888 epoch 4 loss 0.1232 step_s 0.0016 peak_mem_gb 0.216
2026-10-01 22:36:17,843 | DEBUG | step 5889 epoch 4 loss 0.1239 step_s 0.0016 peak_mem_gb 0.216
2026-10-01 22:36:17,846 | DEBUG | step 5890 epoch 4 loss 0.2313 step_s 0.0016 peak_mem_gb 0.216
2026-10-01 22:36:17,848 | DEBUG | step 5891 epoch 4 loss 0.3313 step_s 0.0016 peak_mem_gb 0.216
2026-10-01 22:36:17,850 | DEBUG | step 5892 epoch 4 loss 0.1856 step_s 0.0017 peak_mem_gb 0.216
2026-10-01 22:36:17,853 | DEBUG | step 5893 epoch 4 loss 0.1661 step_s 0.0017 peak_mem_gb 0.216
2026-10-01 22:36:17,855 | DEBUG | step 5894 epoch 4 loss 0.1706 step_s 0.0016 peak_mem_gb 0.216
2026-10-01 22:36:17,857 | DEBUG | step 5895 epoch 4 loss 0.0762 step_s 0.0016 peak_mem_gb 0.216
2026-10-01 22:36:17,860 | DEBUG | step 5896 epoch 4 loss 0.4085 step_s 0.0016 peak_mem_gb 0.216
2026-10-01 22:36:17,862 | DEBUG | step 5897 epoch 4 loss 0.1017 step_s 0.0016 peak_mem_gb 0.216
2026-10-01 22:36:17,864 | DEBUG | step 5898 epoch 4 loss 0.2110 step_s 0.0017 peak_mem_gb 0.216
2026-10-01 22:36:17,867 | DEBUG | step 5899 epoch 4 loss 0.2095 step_s 0.0020 peak_mem_gb 0.216
2026-10-01 22:36:17,870 | DEBUG | step 5900 epoch 4 loss 0.1647 step_s 0.0018 peak_mem_gb 0.216
2026-10-01 22:36:17,872 | DEBUG | step 5901 epoch 4 loss 0.1787 step_s 0.0017 peak_mem_gb 0.216
2026-10-01 22:36:17,875 | DEBUG | step 5902 epoch 4 loss 0.0711 step_s 0.0016 peak_mem_gb 0.216
2026-10-01 22:36:17,877 | DEBUG | step 5903 epoch 4 loss 0.1284 step_s 0.0017 peak_mem_gb 0.216
2026-10-01 22:36:17,879 | DEBUG | step 5904 epoch 4 loss 0.1656 step_s 0.0016 peak_mem_gb 0.216
2026-10-01 22:36:17,882 | DEBUG | step 5905 epoch 4 loss 0.2101 step_s 0.0016 peak_mem_gb 0.216
2026-10-01 22:36:17,884 | DEBUG | step 5906 epoch 4 loss 0.0880 step_s 0.0017 peak_mem_gb 0.216
2026-10-01 22:36:17,887 | DEBUG | step 5907 epoch 4 loss 0.0736 step_s 0.0017 peak_mem_gb 0.216
2026-10-01 22:36:17,889 | DEBUG | step 5908 epoch 4 loss 0.2128 step_s 0.0017 peak_mem_gb 0.216
2026-10-01 22:36:17,891 | DEBUG | step 5909 epoch 4 loss 0.2100 step_s 0.0016 peak_mem_gb 0.216
2026-10-01 22:36:17,894 | DEBUG | step 5910 epoch 4 loss 0.0773 step_s 0.0016 peak_mem_gb 0.216
2026-10-01 22:36:17,896 | DEBUG | step 5911 epoch 4 loss 0.1006 step_s 0.0016 peak_mem_gb 0.216
2026-10-01 22:36:17,898 | DEBUG | step 5912 epoch 4 loss 0.2261 step_s 0.0017 peak_mem_gb 0.216
2026-10-01 22:36:17,901 | DEBUG | step 5913 epoch 4 loss 0.1098 step_s 0.0017 peak_mem_gb 0.216
2026-10-01 22:36:17,903 | DEBUG | step 5914 epoch 4 loss 0.1811 step_s 0.0016 peak_mem_gb 0.216
2026-10-01 22:36:17,906 | DEBUG | step 5915 epoch 4 loss 0.1589 step_s 0.0017 peak_mem_gb 0.216
2026-10-01 22:36:17,908 | DEBUG | step 5916 epoch 4 loss 0.1264 step_s 0.0016 peak_mem_gb 0.216
2026-10-01 22:36:17,910 | DEBUG | step 5917 epoch 4 loss 0.1265 step_s 0.0016 peak_mem_gb 0.216
2026-10-01 22:36:17,912 | DEBUG | step 5918 epoch 4 loss 0.1611 step_s 0.0016 peak_mem_gb 0.216
2026-10-01 22:36:17,915 | DEBUG | step 5919 epoch 4 loss 0.1244 step_s 0.0017 peak_mem_gb 0.216
2026-10-01 22:36:17,917 | DEBUG | step 5920 epoch 4 loss 0.0997 step_s 0.0016 peak_mem_gb 0.216
2026-10-01 22:36:17,919 | DEBUG | step 5921 epoch 4 loss 0.1398 step_s 0.0016 peak_mem_gb 0.216
2026-10-01 22:36:17,922 | DEBUG | step 5922 epoch 4 loss 0.2554 step_s 0.0016 peak_mem_gb 0.216
2026-10-01 22:36:17,924 | DEBUG | step 5923 epoch 4 loss 0.2070 step_s 0.0016 peak_mem_gb 0.216
2026-10-01 22:36:17,926 | DEBUG | step 5924 epoch 4 loss 0.1447 step_s 0.0016 peak_mem_gb 0.216
2026-10-01 22:36:17,929 | DEBUG | step 5925 epoch 4 loss 0.1756 step_s 0.0016 peak_mem_gb 0.216
2026-10-01 22:36:17,931 | DEBUG | step 5926 epoch 4 loss 0.1884 step_s 0.0017 peak_mem_gb 0.216
2026-10-01 22:36:17,934 | DEBUG | step 5927 epoch 4 loss 0.0810 step_s 0.0022 peak_mem_gb 0.216
2026-10-01 22:36:17,936 | DEBUG | step 5928 epoch 4 loss 0.0999 step_s 0.0016 peak_mem_gb 0.216
2026-10-01 22:36:17,939 | DEBUG | step 5929 epoch 4 loss 0.0746 step_s 0.0016 peak_mem_gb 0.216
2026-10-01 22:36:17,941 | DEBUG | step 5930 epoch 4 loss 0.1401 step_s 0.0016 peak_mem_gb 0.216
2026-10-01 22:36:17,943 | DEBUG | step 5931 epoch 4 loss 0.0865 step_s 0.0017 peak_mem_gb 0.216
2026-10-01 22:36:17,946 | DEBUG | step 5932 epoch 4 loss 0.1984 step_s 0.0018 peak_mem_gb 0.216
2026-10-01 22:36:17,948 | DEBUG | step 5933 epoch 4 loss 0.1259 step_s 0.0016 peak_mem_gb 0.216
2026-10-01 22:36:17,951 | DEBUG | step 5934 epoch 4 loss 0.1006 step_s 0.0016 peak_mem_gb 0.216
2026-10-01 22:36:17,953 | DEBUG | step 5935 epoch 4 loss 0.1578 step_s 0.0018 peak_mem_gb 0.216
2026-10-01 22:36:17,955 | DEBUG | step 5936 epoch 4 loss 0.1513 step_s 0.0016 peak_mem_gb 0.216
2026-10-01 22:36:17,958 | DEBUG | step 5937 epoch 4 loss 0.1791 step_s 0.0018 peak_mem_gb 0.216
2026-10-01 22:36:17,960 | DEBUG | step 5938 epoch 4 loss 0.1107 step_s 0.0016 peak_mem_gb 0.216
2026-10-01 22:36:17,962 | DEBUG | step 5939 epoch 4 loss 0.1322 step_s 0.0016 peak_mem_gb 0.216
2026-10-01 22:36:17,965 | DEBUG | step 5940 epoch 4 loss 0.1228 step_s 0.0016 peak_mem_gb 0.216
2026-10-01 22:36:17,967 | DEBUG | step 5941 epoch 4 loss 0.1079 step_s 0.0016 peak_mem_gb 0.216
2026-10-01 22:36:17,969 | DEBUG | step 5942 epoch 4 loss 0.0775 step_s 0.0017 peak_mem_gb 0.216
2026-10-01 22:36:17,972 | DEBUG | step 5943 epoch 4 loss 0.0671 step_s 0.0015 peak_mem_gb 0.216
2026-10-01 22:36:17,974 | DEBUG | step 5944 epoch 4 loss 0.2025 step_s 0.0016 peak_mem_gb 0.216
2026-10-01 22:36:17,976 | DEBUG | step 5945 epoch 4 loss 0.0897 step_s 0.0016 peak_mem_gb 0.216
2026-10-01 22:36:17,979 | DEBUG | step 5946 epoch 4 loss 0.1723 step_s 0.0016 peak_mem_gb 0.216
2026-10-01 22:36:17,981 | DEBUG | step 5947 epoch 4 loss 0.2206 step_s 0.0017 peak_mem_gb 0.216
2026-10-01 22:36:17,984 | DEBUG | step 5948 epoch 4 loss 0.0981 step_s 0.0016 peak_mem_gb 0.216
2026-10-01 22:36:17,986 | DEBUG | step 5949 epoch 4 loss 0.1407 step_s 0.0016 peak_mem_gb 0.216
2026-10-01 22:36:17,988 | DEBUG | step 5950 epoch 4 loss 0.1586 step_s 0.0016 peak_mem_gb 0.216
2026-10-01 22:36:17,990 | DEBUG | step 5951 epoch 4 loss 0.1922 step_s 0.0016 peak_mem_gb 0.216
2026-10-01 22:36:17,993 | DEBUG | step 5952 epoch 4 loss 0.1405 step_s 0.0017 peak_mem_gb 0.216
2026-10-01 22:36:17,995 | DEBUG | step 5953 epoch 4 loss 0.1422 step_s 0.0016 peak_mem_gb 0.216
2026-10-01 22:36:17,997 | DEBUG | step 5954 epoch 4 loss 0.1041 step_s 0.0016 peak_mem_gb 0.216
2026-10-01 22:36:18,000 | DEBUG | step 5955 epoch 4 loss 0.0885 step_s 0.0016 peak_mem_gb 0.216
2026-10-01 22:36:18,002 | DEBUG | step 5956 epoch 4 loss 0.1855 step_s 0.0016 peak_mem_gb 0.216
2026-10-01 22:36:18,004 | DEBUG | step 5957 epoch 4 loss 0.1232 step_s 0.0016 peak_mem_gb 0.216
2026-10-01 22:36:18,007 | DEBUG | step 5958 epoch 4 loss 0.1108 step_s 0.0016 peak_mem_gb 0.216
2026-10-01 22:36:18,009 | DEBUG | step 5959 epoch 4 loss 0.2231 step_s 0.0018 peak_mem_gb 0.216
2026-10-01 22:36:18,012 | DEBUG | step 5960 epoch 4 loss 0.1116 step_s 0.0016 peak_mem_gb 0.216
2026-10-01 22:36:18,014 | DEBUG | step 5961 epoch 4 loss 0.0886 step_s 0.0016 peak_mem_gb 0.216
2026-10-01 22:36:18,016 | DEBUG | step 5962 epoch 4 loss 0.1341 step_s 0.0016 peak_mem_gb 0.216
2026-10-01 22:36:18,018 | DEBUG | step 5963 epoch 4 loss 0.0870 step_s 0.0016 peak_mem_gb 0.216
2026-10-01 22:36:18,021 | DEBUG | step 5964 epoch 4 loss 0.0666 step_s 0.0016 peak_mem_gb 0.216
2026-10-01 22:36:18,023 | DEBUG | step 5965 epoch 4 loss 0.0861 step_s 0.0016 peak_mem_gb 0.216
2026-10-01 22:36:18,026 | DEBUG | step 5966 epoch 4 loss 0.1334 step_s 0.0017 peak_mem_gb 0.216
2026-10-01 22:36:18,028 | DEBUG | step 5967 epoch 4 loss 0.0795 step_s 0.0016 peak_mem_gb 0.216
2026-10-01 22:36:18,030 | DEBUG | step 5968 epoch 4 loss 0.1825 step_s 0.0016 peak_mem_gb 0.216
2026-10-01 22:36:18,032 | DEBUG | step 5969 epoch 4 loss 0.1402 step_s 0.0016 peak_mem_gb 0.216
2026-10-01 22:36:18,035 | DEBUG | step 5970 epoch 4 loss 0.1444 step_s 0.0017 peak_mem_gb 0.216
2026-10-01 22:36:18,037 | DEBUG | step 5971 epoch 4 loss 0.2070 step_s 0.0016 peak_mem_gb 0.216
2026-10-01 22:36:18,039 | DEBUG | step 5972 epoch 4 loss 0.1191 step_s 0.0016 peak_mem_gb 0.216
2026-10-01 22:36:18,042 | DEBUG | step 5973 epoch 4 loss 0.2216 step_s 0.0017 peak_mem_gb 0.216
2026-10-01 22:36:18,044 | DEBUG | step 5974 epoch 4 loss 0.0963 step_s 0.0016 peak_mem_gb 0.216
2026-10-01 22:36:18,047 | DEBUG | step 5975 epoch 4 loss 0.1619 step_s 0.0017 peak_mem_gb 0.216
2026-10-01 22:36:18,049 | DEBUG | step 5976 epoch 4 loss 0.2803 step_s 0.0016 peak_mem_gb 0.216
2026-10-01 22:36:18,051 | DEBUG | step 5977 epoch 4 loss 0.2170 step_s 0.0017 peak_mem_gb 0.216
2026-10-01 22:36:18,054 | DEBUG | step 5978 epoch 4 loss 0.1773 step_s 0.0016 peak_mem_gb 0.216
2026-10-01 22:36:18,056 | DEBUG | step 5979 epoch 4 loss 0.1205 step_s 0.0017 peak_mem_gb 0.216
2026-10-01 22:36:18,058 | DEBUG | step 5980 epoch 4 loss 0.1138 step_s 0.0016 peak_mem_gb 0.216
2026-10-01 22:36:18,061 | DEBUG | step 5981 epoch 4 loss 0.1267 step_s 0.0016 peak_mem_gb 0.216
2026-10-01 22:36:18,063 | DEBUG | step 5982 epoch 4 loss 0.0624 step_s 0.0016 peak_mem_gb 0.216
2026-10-01 22:36:18,065 | DEBUG | step 5983 epoch 4 loss 0.0817 step_s 0.0016 peak_mem_gb 0.216
2026-10-01 22:36:18,067 | DEBUG | step 5984 epoch 4 loss 0.2779 step_s 0.0016 peak_mem_gb 0.216
2026-10-01 22:36:18,070 | DEBUG | step 5985 epoch 4 loss 0.1335 step_s 0.0016 peak_mem_gb 0.216
2026-10-01 22:36:18,072 | DEBUG | step 5986 epoch 4 loss 0.1087 step_s 0.0016 peak_mem_gb 0.216
2026-10-01 22:36:18,075 | DEBUG | step 5987 epoch 4 loss 0.2133 step_s 0.0016 peak_mem_gb 0.216
2026-10-01 22:36:18,078 | DEBUG | step 5988 epoch 4 loss 0.0845 step_s 0.0017 peak_mem_gb 0.216
2026-10-01 22:36:18,080 | DEBUG | step 5989 epoch 4 loss 0.1480 step_s 0.0016 peak_mem_gb 0.216
2026-10-01 22:36:18,082 | DEBUG | step 5990 epoch 4 loss 0.1143 step_s 0.0016 peak_mem_gb 0.216
2026-10-01 22:36:18,085 | DEBUG | step 5991 epoch 4 loss 0.0975 step_s 0.0017 peak_mem_gb 0.216
2026-10-01 22:36:18,087 | DEBUG | step 5992 epoch 4 loss 0.1083 step_s 0.0016 peak_mem_gb 0.216
2026-10-01 22:36:18,089 | DEBUG | step 5993 epoch 4 loss 0.1407 step_s 0.0016 peak_mem_gb 0.216
2026-10-01 22:36:18,092 | DEBUG | step 5994 epoch 4 loss 0.1858 step_s 0.0017 peak_mem_gb 0.216
2026-10-01 22:36:18,094 | DEBUG | step 5995 epoch 4 loss 0.0881 step_s 0.0018 peak_mem_gb 0.216
2026-10-01 22:36:18,096 | DEBUG | step 5996 epoch 4 loss 0.0978 step_s 0.0016 peak_mem_gb 0.216
2026-10-01 22:36:18,099 | DEBUG | step 5997 epoch 4 loss 0.1389 step_s 0.0016 peak_mem_gb 0.216
2026-10-01 22:36:18,102 | DEBUG | step 5998 epoch 4 loss 0.2261 step_s 0.0017 peak_mem_gb 0.216
2026-10-01 22:36:18,104 | DEBUG | step 5999 epoch 4 loss 0.1396 step_s 0.0016 peak_mem_gb 0.216
2026-10-01 22:36:18,106 | INFO | step 6000 epoch 4 loss 0.1863 step_s 0.0016 peak_mem_gb 0.216
2026-10-01 22:36:18,110 | DEBUG | step 6001 epoch 4 loss 0.2417 step_s 0.0021 peak_mem_gb 0.216
2026-10-01 22:36:18,113 | DEBUG | step 6002 epoch 4 loss 0.0695 step_s 0.0018 peak_mem_gb 0.216
2026-10-01 22:36:18,116 | DEBUG | step 6003 epoch 4 loss 0.2311 step_s 0.0029 peak_mem_gb 0.216
2026-10-01 22:36:18,119 | DEBUG | step 6004 epoch 4 loss 0.0446 step_s 0.0018 peak_mem_gb 0.216
2026-10-01 22:36:18,121 | DEBUG | step 6005 epoch 4 loss 0.2013 step_s 0.0016 peak_mem_gb 0.216
2026-10-01 22:36:18,124 | DEBUG | step 6006 epoch 4 loss 0.1313 step_s 0.0016 peak_mem_gb 0.216
2026-10-01 22:36:18,126 | DEBUG | step 6007 epoch 4 loss 0.0823 step_s 0.0017 peak_mem_gb 0.216
2026-10-01 22:36:18,129 | DEBUG | step 6008 epoch 4 loss 0.1414 step_s 0.0017 peak_mem_gb 0.216
2026-10-01 22:36:18,131 | DEBUG | step 6009 epoch 4 loss 0.1521 step_s 0.0017 peak_mem_gb 0.216
2026-10-01 22:36:18,133 | DEBUG | step 6010 epoch 4 loss 0.1820 step_s 0.0016 peak_mem_gb 0.216
2026-10-01 22:36:18,136 | DEBUG | step 6011 epoch 4 loss 0.0597 step_s 0.0016 peak_mem_gb 0.216
2026-10-01 22:36:18,138 | DEBUG | step 6012 epoch 4 loss 0.0745 step_s 0.0016 peak_mem_gb 0.216
2026-10-01 22:36:18,141 | DEBUG | step 6013 epoch 4 loss 0.1243 step_s 0.0017 peak_mem_gb 0.216
2026-10-01 22:36:18,143 | DEBUG | step 6014 epoch 4 loss 0.0403 step_s 0.0017 peak_mem_gb 0.216
2026-10-01 22:36:18,145 | DEBUG | step 6015 epoch 4 loss 0.0837 step_s 0.0017 peak_mem_gb 0.216
2026-10-01 22:36:18,148 | DEBUG | step 6016 epoch 4 loss 0.2350 step_s 0.0016 peak_mem_gb 0.216
2026-10-01 22:36:18,150 | DEBUG | step 6017 epoch 4 loss 0.2498 step_s 0.0016 peak_mem_gb 0.216
2026-10-01 22:36:18,152 | DEBUG | step 6018 epoch 4 loss 0.1716 step_s 0.0016 peak_mem_gb 0.216
2026-10-01 22:36:18,155 | DEBUG | step 6019 epoch 4 loss 0.1684 step_s 0.0016 peak_mem_gb 0.216
2026-10-01 22:36:18,157 | DEBUG | step 6020 epoch 4 loss 0.0914 step_s 0.0017 peak_mem_gb 0.216
2026-10-01 22:36:18,159 | DEBUG | step 6021 epoch 4 loss 0.1768 step_s 0.0016 peak_mem_gb 0.216
2026-10-01 22:36:18,162 | DEBUG | step 6022 epoch 4 loss 0.0898 step_s 0.0016 peak_mem_gb 0.216
2026-10-01 22:36:18,164 | DEBUG | step 6023 epoch 4 loss 0.1638 step_s 0.0016 peak_mem_gb 0.216
2026-10-01 22:36:18,167 | DEBUG | step 6024 epoch 4 loss 0.0477 step_s 0.0016 peak_mem_gb 0.216
2026-10-01 22:36:18,169 | DEBUG | step 6025 epoch 4 loss 0.1803 step_s 0.0017 peak_mem_gb 0.216
2026-10-01 22:36:18,171 | DEBUG | step 6026 epoch 4 loss 0.0849 step_s 0.0017 peak_mem_gb 0.216
2026-10-01 22:36:18,174 | DEBUG | step 6027 epoch 4 loss 0.1043 step_s 0.0018 peak_mem_gb 0.216
2026-10-01 22:36:18,176 | DEBUG | step 6028 epoch 4 loss 0.1038 step_s 0.0018 peak_mem_gb 0.216
2026-10-01 22:36:18,179 | DEBUG | step 6029 epoch 4 loss 0.0863 step_s 0.0017 peak_mem_gb 0.216
2026-10-01 22:36:18,181 | DEBUG | step 6030 epoch 4 loss 0.2120 step_s 0.0016 peak_mem_gb 0.216
2026-10-01 22:36:18,183 | DEBUG | step 6031 epoch 4 loss 0.1285 step_s 0.0016 peak_mem_gb 0.216
2026-10-01 22:36:18,186 | DEBUG | step 6032 epoch 4 loss 0.1574 step_s 0.0016 peak_mem_gb 0.216
2026-10-01 22:36:18,188 | DEBUG | step 6033 epoch 4 loss 0.0975 step_s 0.0016 peak_mem_gb 0.216
2026-10-01 22:36:18,190 | DEBUG | step 6034 epoch 4 loss 0.1770 step_s 0.0016 peak_mem_gb 0.216
2026-10-01 22:36:18,193 | DEBUG | step 6035 epoch 4 loss 0.1269 step_s 0.0017 peak_mem_gb 0.216
2026-10-01 22:36:18,195 | DEBUG | step 6036 epoch 4 loss 0.0608 step_s 0.0016 peak_mem_gb 0.216
2026-10-01 22:36:18,197 | DEBUG | step 6037 epoch 4 loss 0.2486 step_s 0.0017 peak_mem_gb 0.216
2026-10-01 22:36:18,200 | DEBUG | step 6038 epoch 4 loss 0.0454 step_s 0.0017 peak_mem_gb 0.216
2026-10-01 22:36:18,202 | DEBUG | step 6039 epoch 4 loss 0.1428 step_s 0.0016 peak_mem_gb 0.216
2026-10-01 22:36:18,204 | DEBUG | step 6040 epoch 4 loss 0.1926 step_s 0.0016 peak_mem_gb 0.216
2026-10-01 22:36:18,207 | DEBUG | step 6041 epoch 4 loss 0.0899 step_s 0.0016 peak_mem_gb 0.216
2026-10-01 22:36:18,209 | DEBUG | step 6042 epoch 4 loss 0.0912 step_s 0.0017 peak_mem_gb 0.216
2026-10-01 22:36:18,211 | DEBUG | step 6043 epoch 4 loss 0.0836 step_s 0.0016 peak_mem_gb 0.216
2026-10-01 22:36:18,214 | DEBUG | step 6044 epoch 4 loss 0.0500 step_s 0.0016 peak_mem_gb 0.216
2026-10-01 22:36:18,216 | DEBUG | step 6045 epoch 4 loss 0.0995 step_s 0.0016 peak_mem_gb 0.216
2026-10-01 22:36:18,219 | DEBUG | step 6046 epoch 4 loss 0.2619 step_s 0.0016 peak_mem_gb 0.216
2026-10-01 22:36:18,221 | DEBUG | step 6047 epoch 4 loss 0.0989 step_s 0.0017 peak_mem_gb 0.216
2026-10-01 22:36:18,223 | DEBUG | step 6048 epoch 4 loss 0.1294 step_s 0.0016 peak_mem_gb 0.216
2026-10-01 22:36:18,225 | DEBUG | step 6049 epoch 4 loss 0.2893 step_s 0.0016 peak_mem_gb 0.216
2026-10-01 22:36:18,228 | DEBUG | step 6050 epoch 4 loss 0.0649 step_s 0.0017 peak_mem_gb 0.216
2026-10-01 22:36:18,230 | DEBUG | step 6051 epoch 4 loss 0.1387 step_s 0.0016 peak_mem_gb 0.216
2026-10-01 22:36:18,232 | DEBUG | step 6052 epoch 4 loss 0.1311 step_s 0.0016 peak_mem_gb 0.216
2026-10-01 22:36:18,235 | DEBUG | step 6053 epoch 4 loss 0.0956 step_s 0.0016 peak_mem_gb 0.216
2026-10-01 22:36:18,237 | DEBUG | step 6054 epoch 4 loss 0.1264 step_s 0.0016 peak_mem_gb 0.216
2026-10-01 22:36:18,239 | DEBUG | step 6055 epoch 4 loss 0.1034 step_s 0.0016 peak_mem_gb 0.216
2026-10-01 22:36:18,242 | DEBUG | step 6056 epoch 4 loss 0.1222 step_s 0.0016 peak_mem_gb 0.216
2026-10-01 22:36:18,244 | DEBUG | step 6057 epoch 4 loss 0.0567 step_s 0.0017 peak_mem_gb 0.216
2026-10-01 22:36:18,246 | DEBUG | step 6058 epoch 4 loss 0.1308 step_s 0.0016 peak_mem_gb 0.216
2026-10-01 22:36:18,249 | DEBUG | step 6059 epoch 4 loss 0.1304 step_s 0.0016 peak_mem_gb 0.216
2026-10-01 22:36:18,251 | DEBUG | step 6060 epoch 4 loss 0.1300 step_s 0.0016 peak_mem_gb 0.216
2026-10-01 22:36:18,253 | DEBUG | step 6061 epoch 4 loss 0.0888 step_s 0.0016 peak_mem_gb 0.216
2026-10-01 22:36:18,256 | DEBUG | step 6062 epoch 4 loss 0.2310 step_s 0.0016 peak_mem_gb 0.216
2026-10-01 22:36:18,258 | DEBUG | step 6063 epoch 4 loss 0.0372 step_s 0.0016 peak_mem_gb 0.216
2026-10-01 22:36:18,261 | DEBUG | step 6064 epoch 4 loss 0.0561 step_s 0.0016 peak_mem_gb 0.216
2026-10-01 22:36:18,263 | DEBUG | step 6065 epoch 4 loss 0.3059 step_s 0.0016 peak_mem_gb 0.216
2026-10-01 22:36:18,265 | DEBUG | step 6066 epoch 4 loss 0.1276 step_s 0.0016 peak_mem_gb 0.216
2026-10-01 22:36:18,267 | DEBUG | step 6067 epoch 4 loss 0.1292 step_s 0.0016 peak_mem_gb 0.216
2026-10-01 22:36:18,270 | DEBUG | step 6068 epoch 4 loss 0.0996 step_s 0.0016 peak_mem_gb 0.216
2026-10-01 22:36:18,272 | DEBUG | step 6069 epoch 4 loss 0.1054 step_s 0.0016 peak_mem_gb 0.216
2026-10-01 22:36:18,274 | DEBUG | step 6070 epoch 4 loss 0.2231 step_s 0.0016 peak_mem_gb 0.216
2026-10-01 22:36:18,277 | DEBUG | step 6071 epoch 4 loss 0.1212 step_s 0.0017 peak_mem_gb 0.216
2026-10-01 22:36:18,279 | DEBUG | step 6072 epoch 4 loss 0.1503 step_s 0.0016 peak_mem_gb 0.216
2026-10-01 22:36:18,281 | DEBUG | step 6073 epoch 4 loss 0.1861 step_s 0.0017 peak_mem_gb 0.216
2026-10-01 22:36:18,284 | DEBUG | step 6074 epoch 4 loss 0.1318 step_s 0.0016 peak_mem_gb 0.216
2026-10-01 22:36:18,286 | DEBUG | step 6075 epoch 4 loss 0.0294 step_s 0.0017 peak_mem_gb 0.216
2026-10-01 22:36:18,288 | DEBUG | step 6076 epoch 4 loss 0.2445 step_s 0.0016 peak_mem_gb 0.216
2026-10-01 22:36:18,291 | DEBUG | step 6077 epoch 4 loss 0.1652 step_s 0.0017 peak_mem_gb 0.216
2026-10-01 22:36:18,293 | DEBUG | step 6078 epoch 4 loss 0.2443 step_s 0.0016 peak_mem_gb 0.216
2026-10-01 22:36:18,295 | DEBUG | step 6079 epoch 4 loss 0.0923 step_s 0.0016 peak_mem_gb 0.216
2026-10-01 22:36:18,298 | DEBUG | step 6080 epoch 4 loss 0.1477 step_s 0.0016 peak_mem_gb 0.216
2026-10-01 22:36:18,300 | DEBUG | step 6081 epoch 4 loss 0.0563 step_s 0.0016 peak_mem_gb 0.216
2026-10-01 22:36:18,302 | DEBUG | step 6082 epoch 4 loss 0.1391 step_s 0.0016 peak_mem_gb 0.216
2026-10-01 22:36:18,305 | DEBUG | step 6083 epoch 4 loss 0.1235 step_s 0.0016 peak_mem_gb 0.216
2026-10-01 22:36:18,307 | DEBUG | step 6084 epoch 4 loss 0.2139 step_s 0.0017 peak_mem_gb 0.216
2026-10-01 22:36:18,310 | DEBUG | step 6085 epoch 4 loss 0.1633 step_s 0.0018 peak_mem_gb 0.216
2026-10-01 22:36:18,312 | DEBUG | step 6086 epoch 4 loss 0.0813 step_s 0.0016 peak_mem_gb 0.216
2026-10-01 22:36:18,314 | DEBUG | step 6087 epoch 4 loss 0.1027 step_s 0.0016 peak_mem_gb 0.216
2026-10-01 22:36:18,316 | DEBUG | step 6088 epoch 4 loss 0.1778 step_s 0.0016 peak_mem_gb 0.216
2026-10-01 22:36:18,319 | DEBUG | step 6089 epoch 4 loss 0.1882 step_s 0.0017 peak_mem_gb 0.216
2026-10-01 22:36:18,321 | DEBUG | step 6090 epoch 4 loss 0.1417 step_s 0.0016 peak_mem_gb 0.216
2026-10-01 22:36:18,323 | DEBUG | step 6091 epoch 4 loss 0.1924 step_s 0.0016 peak_mem_gb 0.216
2026-10-01 22:36:18,326 | DEBUG | step 6092 epoch 4 loss 0.1082 step_s 0.0016 peak_mem_gb 0.216
2026-10-01 22:36:18,328 | DEBUG | step 6093 epoch 4 loss 0.0958 step_s 0.0016 peak_mem_gb 0.216
2026-10-01 22:36:18,330 | DEBUG | step 6094 epoch 4 loss 0.1432 step_s 0.0016 peak_mem_gb 0.216
2026-10-01 22:36:18,333 | DEBUG | step 6095 epoch 4 loss 0.2390 step_s 0.0016 peak_mem_gb 0.216
2026-10-01 22:36:18,335 | DEBUG | step 6096 epoch 4 loss 0.3276 step_s 0.0016 peak_mem_gb 0.216
2026-10-01 22:36:18,337 | DEBUG | step 6097 epoch 4 loss 0.2348 step_s 0.0017 peak_mem_gb 0.216
2026-10-01 22:36:18,340 | DEBUG | step 6098 epoch 4 loss 0.1153 step_s 0.0016 peak_mem_gb 0.216
2026-10-01 22:36:18,342 | DEBUG | step 6099 epoch 4 loss 0.0621 step_s 0.0016 peak_mem_gb 0.216
2026-10-01 22:36:18,344 | DEBUG | step 6100 epoch 4 loss 0.0710 step_s 0.0016 peak_mem_gb 0.216
2026-10-01 22:36:18,346 | DEBUG | step 6101 epoch 4 loss 0.1460 step_s 0.0016 peak_mem_gb 0.216
2026-10-01 22:36:18,349 | DEBUG | step 6102 epoch 4 loss 0.1842 step_s 0.0016 peak_mem_gb 0.216
2026-10-01 22:36:18,351 | DEBUG | step 6103 epoch 4 loss 0.2298 step_s 0.0016 peak_mem_gb 0.216
2026-10-01 22:36:18,354 | DEBUG | step 6104 epoch 4 loss 0.0479 step_s 0.0018 peak_mem_gb 0.216
2026-10-01 22:36:18,356 | DEBUG | step 6105 epoch 4 loss 0.1516 step_s 0.0016 peak_mem_gb 0.216
2026-10-01 22:36:18,358 | DEBUG | step 6106 epoch 4 loss 0.0892 step_s 0.0016 peak_mem_gb 0.216
2026-10-01 22:36:18,360 | DEBUG | step 6107 epoch 4 loss 0.1092 step_s 0.0016 peak_mem_gb 0.216
2026-10-01 22:36:18,363 | DEBUG | step 6108 epoch 4 loss 0.1367 step_s 0.0016 peak_mem_gb 0.216
2026-10-01 22:36:18,365 | DEBUG | step 6109 epoch 4 loss 0.2577 step_s 0.0016 peak_mem_gb 0.216
2026-10-01 22:36:18,367 | DEBUG | step 6110 epoch 4 loss 0.0739 step_s 0.0016 peak_mem_gb 0.216
2026-10-01 22:36:18,370 | DEBUG | step 6111 epoch 4 loss 0.0892 step_s 0.0019 peak_mem_gb 0.216
2026-10-01 22:36:18,372 | DEBUG | step 6112 epoch 4 loss 0.1973 step_s 0.0016 peak_mem_gb 0.216
2026-10-01 22:36:18,374 | DEBUG | step 6113 epoch 4 loss 0.1113 step_s 0.0016 peak_mem_gb 0.216
2026-10-01 22:36:18,377 | DEBUG | step 6114 epoch 4 loss 0.1500 step_s 0.0016 peak_mem_gb 0.216
2026-10-01 22:36:18,379 | DEBUG | step 6115 epoch 4 loss 0.2746 step_s 0.0016 peak_mem_gb 0.216
2026-10-01 22:36:18,381 | DEBUG | step 6116 epoch 4 loss 0.1464 step_s 0.0017 peak_mem_gb 0.216
2026-10-01 22:36:18,384 | DEBUG | step 6117 epoch 4 loss 0.0683 step_s 0.0017 peak_mem_gb 0.216
2026-10-01 22:36:18,386 | DEBUG | step 6118 epoch 4 loss 0.0947 step_s 0.0016 peak_mem_gb 0.216
2026-10-01 22:36:18,388 | DEBUG | step 6119 epoch 4 loss 0.1207 step_s 0.0016 peak_mem_gb 0.216
2026-10-01 22:36:18,391 | DEBUG | step 6120 epoch 4 loss 0.2339 step_s 0.0016 peak_mem_gb 0.216
2026-10-01 22:36:18,393 | DEBUG | step 6121 epoch 4 loss 0.2055 step_s 0.0016 peak_mem_gb 0.216
2026-10-01 22:36:18,395 | DEBUG | step 6122 epoch 4 loss 0.1110 step_s 0.0016 peak_mem_gb 0.216
2026-10-01 22:36:18,397 | DEBUG | step 6123 epoch 4 loss 0.0897 step_s 0.0016 peak_mem_gb 0.216
2026-10-01 22:36:18,400 | DEBUG | step 6124 epoch 4 loss 0.1394 step_s 0.0016 peak_mem_gb 0.216
2026-10-01 22:36:18,402 | DEBUG | step 6125 epoch 4 loss 0.1272 step_s 0.0016 peak_mem_gb 0.216
2026-10-01 22:36:18,405 | DEBUG | step 6126 epoch 4 loss 0.1414 step_s 0.0016 peak_mem_gb 0.216
2026-10-01 22:36:18,407 | DEBUG | step 6127 epoch 4 loss 0.0959 step_s 0.0016 peak_mem_gb 0.216
2026-10-01 22:36:18,409 | DEBUG | step 6128 epoch 4 loss 0.0713 step_s 0.0017 peak_mem_gb 0.216
2026-10-01 22:36:18,411 | DEBUG | step 6129 epoch 4 loss 0.1781 step_s 0.0016 peak_mem_gb 0.216
2026-10-01 22:36:18,414 | DEBUG | step 6130 epoch 4 loss 0.1325 step_s 0.0016 peak_mem_gb 0.216
2026-10-01 22:36:18,416 | DEBUG | step 6131 epoch 4 loss 0.1437 step_s 0.0016 peak_mem_gb 0.216
2026-10-01 22:36:18,418 | DEBUG | step 6132 epoch 4 loss 0.0503 step_s 0.0016 peak_mem_gb 0.216
2026-10-01 22:36:18,421 | DEBUG | step 6133 epoch 4 loss 0.0608 step_s 0.0016 peak_mem_gb 0.216
2026-10-01 22:36:18,423 | DEBUG | step 6134 epoch 4 loss 0.1536 step_s 0.0016 peak_mem_gb 0.216
2026-10-01 22:36:18,425 | DEBUG | step 6135 epoch 4 loss 0.0709 step_s 0.0016 peak_mem_gb 0.216
2026-10-01 22:36:18,428 | DEBUG | step 6136 epoch 4 loss 0.1342 step_s 0.0016 peak_mem_gb 0.216
2026-10-01 22:36:18,430 | DEBUG | step 6137 epoch 4 loss 0.0922 step_s 0.0016 peak_mem_gb 0.216
2026-10-01 22:36:18,432 | DEBUG | step 6138 epoch 4 loss 0.1305 step_s 0.0017 peak_mem_gb 0.216
2026-10-01 22:36:18,435 | DEBUG | step 6139 epoch 4 loss 0.1698 step_s 0.0016 peak_mem_gb 0.216
2026-10-01 22:36:18,437 | DEBUG | step 6140 epoch 4 loss 0.1111 step_s 0.0017 peak_mem_gb 0.216
2026-10-01 22:36:18,439 | DEBUG | step 6141 epoch 4 loss 0.0657 step_s 0.0016 peak_mem_gb 0.216
2026-10-01 22:36:18,442 | DEBUG | step 6142 epoch 4 loss 0.0925 step_s 0.0017 peak_mem_gb 0.216
2026-10-01 22:36:18,444 | DEBUG | step 6143 epoch 4 loss 0.2070 step_s 0.0016 peak_mem_gb 0.216
2026-10-01 22:36:18,446 | DEBUG | step 6144 epoch 4 loss 0.1434 step_s 0.0016 peak_mem_gb 0.216
2026-10-01 22:36:18,449 | DEBUG | step 6145 epoch 4 loss 0.1238 step_s 0.0018 peak_mem_gb 0.216
2026-10-01 22:36:18,451 | DEBUG | step 6146 epoch 4 loss 0.2398 step_s 0.0016 peak_mem_gb 0.216
2026-10-01 22:36:18,454 | DEBUG | step 6147 epoch 4 loss 0.1880 step_s 0.0016 peak_mem_gb 0.216
2026-10-01 22:36:18,456 | DEBUG | step 6148 epoch 4 loss 0.0544 step_s 0.0016 peak_mem_gb 0.216
2026-10-01 22:36:18,458 | DEBUG | step 6149 epoch 4 loss 0.1102 step_s 0.0016 peak_mem_gb 0.216
2026-10-01 22:36:18,460 | DEBUG | step 6150 epoch 4 loss 0.2614 step_s 0.0016 peak_mem_gb 0.216
2026-10-01 22:36:18,463 | DEBUG | step 6151 epoch 4 loss 0.1734 step_s 0.0016 peak_mem_gb 0.216
2026-10-01 22:36:18,465 | DEBUG | step 6152 epoch 4 loss 0.1089 step_s 0.0018 peak_mem_gb 0.216
2026-10-01 22:36:18,468 | DEBUG | step 6153 epoch 4 loss 0.1896 step_s 0.0016 peak_mem_gb 0.216
2026-10-01 22:36:18,470 | DEBUG | step 6154 epoch 4 loss 0.0989 step_s 0.0016 peak_mem_gb 0.216
2026-10-01 22:36:18,472 | DEBUG | step 6155 epoch 4 loss 0.1603 step_s 0.0016 peak_mem_gb 0.216
2026-10-01 22:36:18,475 | DEBUG | step 6156 epoch 4 loss 0.1737 step_s 0.0016 peak_mem_gb 0.216
2026-10-01 22:36:18,477 | DEBUG | step 6157 epoch 4 loss 0.0228 step_s 0.0017 peak_mem_gb 0.216
2026-10-01 22:36:18,479 | DEBUG | step 6158 epoch 4 loss 0.2329 step_s 0.0018 peak_mem_gb 0.216
2026-10-01 22:36:18,482 | DEBUG | step 6159 epoch 4 loss 0.1424 step_s 0.0016 peak_mem_gb 0.216
2026-10-01 22:36:18,484 | DEBUG | step 6160 epoch 4 loss 0.0727 step_s 0.0016 peak_mem_gb 0.216
2026-10-01 22:36:18,486 | DEBUG | step 6161 epoch 4 loss 0.1387 step_s 0.0016 peak_mem_gb 0.216
2026-10-01 22:36:18,489 | DEBUG | step 6162 epoch 4 loss 0.1370 step_s 0.0016 peak_mem_gb 0.216
2026-10-01 22:36:18,491 | DEBUG | step 6163 epoch 4 loss 0.1915 step_s 0.0016 peak_mem_gb 0.216
2026-10-01 22:36:18,493 | DEBUG | step 6164 epoch 4 loss 0.1322 step_s 0.0016 peak_mem_gb 0.216
2026-10-01 22:36:18,496 | DEBUG | step 6165 epoch 4 loss 0.1254 step_s 0.0017 peak_mem_gb 0.216
2026-10-01 22:36:18,498 | DEBUG | step 6166 epoch 4 loss 0.1533 step_s 0.0017 peak_mem_gb 0.216
2026-10-01 22:36:18,500 | DEBUG | step 6167 epoch 4 loss 0.1455 step_s 0.0016 peak_mem_gb 0.216
2026-10-01 22:36:18,503 | DEBUG | step 6168 epoch 4 loss 0.1213 step_s 0.0016 peak_mem_gb 0.216
2026-10-01 22:36:18,505 | DEBUG | step 6169 epoch 4 loss 0.1873 step_s 0.0016 peak_mem_gb 0.216
2026-10-01 22:36:18,507 | DEBUG | step 6170 epoch 4 loss 0.1567 step_s 0.0016 peak_mem_gb 0.216
2026-10-01 22:36:18,510 | DEBUG | step 6171 epoch 4 loss 0.2477 step_s 0.0017 peak_mem_gb 0.216
2026-10-01 22:36:18,512 | DEBUG | step 6172 epoch 4 loss 0.1945 step_s 0.0017 peak_mem_gb 0.216
2026-10-01 22:36:18,514 | DEBUG | step 6173 epoch 4 loss 0.1080 step_s 0.0016 peak_mem_gb 0.216
2026-10-01 22:36:18,517 | DEBUG | step 6174 epoch 4 loss 0.1822 step_s 0.0016 peak_mem_gb 0.216
2026-10-01 22:36:18,519 | DEBUG | step 6175 epoch 4 loss 0.1158 step_s 0.0016 peak_mem_gb 0.216
2026-10-01 22:36:18,521 | DEBUG | step 6176 epoch 4 loss 0.1628 step_s 0.0016 peak_mem_gb 0.216
2026-10-01 22:36:18,523 | DEBUG | step 6177 epoch 4 loss 0.0913 step_s 0.0016 peak_mem_gb 0.216
2026-10-01 22:36:18,526 | DEBUG | step 6178 epoch 4 loss 0.0809 step_s 0.0016 peak_mem_gb 0.216
2026-10-01 22:36:18,528 | DEBUG | step 6179 epoch 4 loss 0.2236 step_s 0.0017 peak_mem_gb 0.216
2026-10-01 22:36:18,531 | DEBUG | step 6180 epoch 4 loss 0.1722 step_s 0.0016 peak_mem_gb 0.216
2026-10-01 22:36:18,533 | DEBUG | step 6181 epoch 4 loss 0.1739 step_s 0.0016 peak_mem_gb 0.216
2026-10-01 22:36:18,535 | DEBUG | step 6182 epoch 4 loss 0.3252 step_s 0.0016 peak_mem_gb 0.216
2026-10-01 22:36:18,538 | DEBUG | step 6183 epoch 4 loss 0.1472 step_s 0.0017 peak_mem_gb 0.216
2026-10-01 22:36:18,540 | DEBUG | step 6184 epoch 4 loss 0.2699 step_s 0.0016 peak_mem_gb 0.216
2026-10-01 22:36:18,542 | DEBUG | step 6185 epoch 4 loss 0.1630 step_s 0.0016 peak_mem_gb 0.216
2026-10-01 22:36:18,545 | DEBUG | step 6186 epoch 4 loss 0.0812 step_s 0.0016 peak_mem_gb 0.216
2026-10-01 22:36:18,547 | DEBUG | step 6187 epoch 4 loss 0.1515 step_s 0.0016 peak_mem_gb 0.216
2026-10-01 22:36:18,549 | DEBUG | step 6188 epoch 4 loss 0.1303 step_s 0.0017 peak_mem_gb 0.216
2026-10-01 22:36:18,552 | DEBUG | step 6189 epoch 4 loss 0.1521 step_s 0.0016 peak_mem_gb 0.216
2026-10-01 22:36:18,554 | DEBUG | step 6190 epoch 4 loss 0.1712 step_s 0.0016 peak_mem_gb 0.216
2026-10-01 22:36:18,556 | DEBUG | step 6191 epoch 4 loss 0.2024 step_s 0.0016 peak_mem_gb 0.216
2026-10-01 22:36:18,559 | DEBUG | step 6192 epoch 4 loss 0.0667 step_s 0.0017 peak_mem_gb 0.216
2026-10-01 22:36:18,561 | DEBUG | step 6193 epoch 4 loss 0.0416 step_s 0.0017 peak_mem_gb 0.216
2026-10-01 22:36:18,563 | DEBUG | step 6194 epoch 4 loss 0.1200 step_s 0.0016 peak_mem_gb 0.216
2026-10-01 22:36:18,566 | DEBUG | step 6195 epoch 4 loss 0.2078 step_s 0.0017 peak_mem_gb 0.216
2026-10-01 22:36:18,568 | DEBUG | step 6196 epoch 4 loss 0.0769 step_s 0.0016 peak_mem_gb 0.216
2026-10-01 22:36:18,570 | DEBUG | step 6197 epoch 4 loss 0.1257 step_s 0.0016 peak_mem_gb 0.216
2026-10-01 22:36:18,572 | DEBUG | step 6198 epoch 4 loss 0.1044 step_s 0.0016 peak_mem_gb 0.216
2026-10-01 22:36:18,575 | DEBUG | step 6199 epoch 4 loss 0.2024 step_s 0.0016 peak_mem_gb 0.216
2026-10-01 22:36:18,577 | INFO | step 6200 epoch 4 loss 0.2067 step_s 0.0016 peak_mem_gb 0.216
2026-10-01 22:36:18,580 | DEBUG | step 6201 epoch 4 loss 0.2440 step_s 0.0017 peak_mem_gb 0.216
2026-10-01 22:36:18,583 | DEBUG | step 6202 epoch 4 loss 0.1656 step_s 0.0017 peak_mem_gb 0.216
2026-10-01 22:36:18,587 | DEBUG | step 6203 epoch 4 loss 0.1879 step_s 0.0031 peak_mem_gb 0.216
2026-10-01 22:36:18,590 | DEBUG | step 6204 epoch 4 loss 0.1288 step_s 0.0019 peak_mem_gb 0.216
2026-10-01 22:36:18,592 | DEBUG | step 6205 epoch 4 loss 0.0894 step_s 0.0017 peak_mem_gb 0.216
2026-10-01 22:36:18,595 | DEBUG | step 6206 epoch 4 loss 0.1852 step_s 0.0017 peak_mem_gb 0.216
2026-10-01 22:36:18,597 | DEBUG | step 6207 epoch 4 loss 0.0778 step_s 0.0017 peak_mem_gb 0.216
2026-10-01 22:36:18,599 | DEBUG | step 6208 epoch 4 loss 0.1447 step_s 0.0017 peak_mem_gb 0.216
2026-10-01 22:36:18,602 | DEBUG | step 6209 epoch 4 loss 0.1247 step_s 0.0016 peak_mem_gb 0.216
2026-10-01 22:36:18,604 | DEBUG | step 6210 epoch 4 loss 0.0911 step_s 0.0016 peak_mem_gb 0.216
2026-10-01 22:36:18,607 | DEBUG | step 6211 epoch 4 loss 0.1120 step_s 0.0017 peak_mem_gb 0.216
2026-10-01 22:36:18,609 | DEBUG | step 6212 epoch 4 loss 0.2538 step_s 0.0016 peak_mem_gb 0.216
2026-10-01 22:36:18,611 | DEBUG | step 6213 epoch 4 loss 0.0727 step_s 0.0018 peak_mem_gb 0.216
2026-10-01 22:36:18,614 | DEBUG | step 6214 epoch 4 loss 0.1326 step_s 0.0016 peak_mem_gb 0.216
2026-10-01 22:36:18,616 | DEBUG | step 6215 epoch 4 loss 0.1731 step_s 0.0016 peak_mem_gb 0.216
2026-10-01 22:36:18,618 | DEBUG | step 6216 epoch 4 loss 0.1596 step_s 0.0016 peak_mem_gb 0.216
2026-10-01 22:36:18,621 | DEBUG | step 6217 epoch 4 loss 0.1646 step_s 0.0017 peak_mem_gb 0.216
2026-10-01 22:36:18,623 | DEBUG | step 6218 epoch 4 loss 0.1591 step_s 0.0016 peak_mem_gb 0.216
2026-10-01 22:36:18,625 | DEBUG | step 6219 epoch 4 loss 0.0558 step_s 0.0017 peak_mem_gb 0.216
2026-10-01 22:36:18,628 | DEBUG | step 6220 epoch 4 loss 0.0784 step_s 0.0016 peak_mem_gb 0.216
2026-10-01 22:36:18,630 | DEBUG | step 6221 epoch 4 loss 0.1759 step_s 0.0016 peak_mem_gb 0.216
2026-10-01 22:36:18,632 | DEBUG | step 6222 epoch 4 loss 0.1135 step_s 0.0017 peak_mem_gb 0.216
2026-10-01 22:36:18,635 | DEBUG | step 6223 epoch 4 loss 0.1706 step_s 0.0016 peak_mem_gb 0.216
2026-10-01 22:36:18,637 | DEBUG | step 6224 epoch 4 loss 0.3379 step_s 0.0016 peak_mem_gb 0.216
2026-10-01 22:36:18,639 | DEBUG | step 6225 epoch 4 loss 0.1565 step_s 0.0016 peak_mem_gb 0.216
2026-10-01 22:36:18,642 | DEBUG | step 6226 epoch 4 loss 0.0642 step_s 0.0016 peak_mem_gb 0.216
2026-10-01 22:36:18,644 | DEBUG | step 6227 epoch 4 loss 0.0962 step_s 0.0020 peak_mem_gb 0.216
2026-10-01 22:36:18,647 | DEBUG | step 6228 epoch 4 loss 0.0978 step_s 0.0016 peak_mem_gb 0.216
2026-10-01 22:36:18,649 | DEBUG | step 6229 epoch 4 loss 0.1329 step_s 0.0017 peak_mem_gb 0.216
2026-10-01 22:36:18,651 | DEBUG | step 6230 epoch 4 loss 0.1497 step_s 0.0016 peak_mem_gb 0.216
2026-10-01 22:36:18,654 | DEBUG | step 6231 epoch 4 loss 0.1604 step_s 0.0016 peak_mem_gb 0.216
2026-10-01 22:36:18,656 | DEBUG | step 6232 epoch 4 loss 0.1626 step_s 0.0016 peak_mem_gb 0.216
2026-10-01 22:36:18,658 | DEBUG | step 6233 epoch 4 loss 0.0879 step_s 0.0016 peak_mem_gb 0.216
2026-10-01 22:36:18,661 | DEBUG | step 6234 epoch 4 loss 0.1264 step_s 0.0016 peak_mem_gb 0.216
2026-10-01 22:36:18,663 | DEBUG | step 6235 epoch 4 loss 0.2052 step_s 0.0016 peak_mem_gb 0.216
2026-10-01 22:36:18,665 | DEBUG | step 6236 epoch 4 loss 0.1512 step_s 0.0017 peak_mem_gb 0.216
2026-10-01 22:36:18,668 | DEBUG | step 6237 epoch 4 loss 0.1317 step_s 0.0016 peak_mem_gb 0.216
2026-10-01 22:36:18,670 | DEBUG | step 6238 epoch 4 loss 0.0584 step_s 0.0016 peak_mem_gb 0.216
2026-10-01 22:36:18,672 | DEBUG | step 6239 epoch 4 loss 0.1451 step_s 0.0016 peak_mem_gb 0.216
2026-10-01 22:36:18,676 | DEBUG | step 6240 epoch 4 loss 0.0743 step_s 0.0017 peak_mem_gb 0.216
2026-10-01 22:36:18,678 | DEBUG | step 6241 epoch 4 loss 0.0581 step_s 0.0016 peak_mem_gb 0.216
2026-10-01 22:36:18,680 | DEBUG | step 6242 epoch 4 loss 0.1333 step_s 0.0016 peak_mem_gb 0.216
2026-10-01 22:36:18,683 | DEBUG | step 6243 epoch 4 loss 0.1006 step_s 0.0016 peak_mem_gb 0.216
2026-10-01 22:36:18,685 | DEBUG | step 6244 epoch 4 loss 0.1649 step_s 0.0016 peak_mem_gb 0.216
2026-10-01 22:36:18,688 | DEBUG | step 6245 epoch 4 loss 0.1596 step_s 0.0016 peak_mem_gb 0.216
2026-10-01 22:36:18,690 | DEBUG | step 6246 epoch 4 loss 0.1103 step_s 0.0016 peak_mem_gb 0.216
2026-10-01 22:36:18,692 | DEBUG | step 6247 epoch 4 loss 0.0720 step_s 0.0016 peak_mem_gb 0.216
2026-10-01 22:36:18,694 | DEBUG | step 6248 epoch 4 loss 0.1829 step_s 0.0016 peak_mem_gb 0.216
2026-10-01 22:36:18,697 | DEBUG | step 6249 epoch 4 loss 0.0682 step_s 0.0016 peak_mem_gb 0.216
2026-10-01 22:36:18,699 | DEBUG | step 6250 epoch 4 loss 0.2227 step_s 0.0017 peak_mem_gb 0.216
2026-10-01 22:36:18,701 | DEBUG | step 6251 epoch 4 loss 0.1495 step_s 0.0017 peak_mem_gb 0.216
2026-10-01 22:36:18,706 | DEBUG | step 6252 epoch 4 loss 0.1861 step_s 0.0019 peak_mem_gb 0.216
2026-10-01 22:36:18,751 | INFO | epoch 4/5 train_loss 0.1381 val_f1_macro 0.9203 val_accuracy 0.9203
2026-10-01 22:36:18,758 | DEBUG | step 6253 epoch 5 loss 0.0942 step_s 0.0025 peak_mem_gb 0.216
2026-10-01 22:36:18,762 | DEBUG | step 6254 epoch 5 loss 0.1331 step_s 0.0034 peak_mem_gb 0.216
2026-10-01 22:36:18,765 | DEBUG | step 6255 epoch 5 loss 0.0821 step_s 0.0019 peak_mem_gb 0.216
2026-10-01 22:36:18,768 | DEBUG | step 6256 epoch 5 loss 0.0779 step_s 0.0018 peak_mem_gb 0.216
2026-10-01 22:36:18,770 | DEBUG | step 6257 epoch 5 loss 0.1672 step_s 0.0018 peak_mem_gb 0.216
2026-10-01 22:36:18,773 | DEBUG | step 6258 epoch 5 loss 0.2803 step_s 0.0019 peak_mem_gb 0.216
2026-10-01 22:36:18,776 | DEBUG | step 6259 epoch 5 loss 0.0922 step_s 0.0018 peak_mem_gb 0.216
2026-10-01 22:36:18,778 | DEBUG | step 6260 epoch 5 loss 0.1213 step_s 0.0018 peak_mem_gb 0.216
2026-10-01 22:36:18,781 | DEBUG | step 6261 epoch 5 loss 0.0533 step_s 0.0018 peak_mem_gb 0.216
2026-10-01 22:36:18,783 | DEBUG | step 6262 epoch 5 loss 0.0424 step_s 0.0017 peak_mem_gb 0.216
2026-10-01 22:36:18,787 | DEBUG | step 6263 epoch 5 loss 0.1231 step_s 0.0018 peak_mem_gb 0.216
2026-10-01 22:36:18,789 | DEBUG | step 6264 epoch 5 loss 0.0626 step_s 0.0018 peak_mem_gb 0.216
2026-10-01 22:36:18,792 | DEBUG | step 6265 epoch 5 loss 0.0901 step_s 0.0020 peak_mem_gb 0.216
2026-10-01 22:36:18,795 | DEBUG | step 6266 epoch 5 loss 0.1426 step_s 0.0020 peak_mem_gb 0.216
2026-10-01 22:36:18,798 | DEBUG | step 6267 epoch 5 loss 0.0591 step_s 0.0021 peak_mem_gb 0.216
2026-10-01 22:36:18,800 | DEBUG | step 6268 epoch 5 loss 0.2355 step_s 0.0018 peak_mem_gb 0.216
2026-10-01 22:36:18,805 | DEBUG | step 6269 epoch 5 loss 0.1479 step_s 0.0038 peak_mem_gb 0.216
2026-10-01 22:36:18,808 | DEBUG | step 6270 epoch 5 loss 0.0365 step_s 0.0017 peak_mem_gb 0.216
2026-10-01 22:36:18,810 | DEBUG | step 6271 epoch 5 loss 0.1628 step_s 0.0019 peak_mem_gb 0.216
2026-10-01 22:36:18,813 | DEBUG | step 6272 epoch 5 loss 0.1416 step_s 0.0018 peak_mem_gb 0.216
2026-10-01 22:36:18,815 | DEBUG | step 6273 epoch 5 loss 0.0920 step_s 0.0018 peak_mem_gb 0.216
2026-10-01 22:36:18,818 | DEBUG | step 6274 epoch 5 loss 0.1824 step_s 0.0018 peak_mem_gb 0.216
2026-10-01 22:36:18,820 | DEBUG | step 6275 epoch 5 loss 0.0793 step_s 0.0020 peak_mem_gb 0.216
2026-10-01 22:36:18,823 | DEBUG | step 6276 epoch 5 loss 0.1069 step_s 0.0018 peak_mem_gb 0.216
2026-10-01 22:36:18,825 | DEBUG | step 6277 epoch 5 loss 0.0349 step_s 0.0018 peak_mem_gb 0.216
2026-10-01 22:36:18,828 | DEBUG | step 6278 epoch 5 loss 0.1815 step_s 0.0019 peak_mem_gb 0.216
2026-10-01 22:36:18,831 | DEBUG | step 6279 epoch 5 loss 0.1449 step_s 0.0018 peak_mem_gb 0.216
2026-10-01 22:36:18,833 | DEBUG | step 6280 epoch 5 loss 0.1245 step_s 0.0019 peak_mem_gb 0.216
2026-10-01 22:36:18,836 | DEBUG | step 6281 epoch 5 loss 0.0959 step_s 0.0019 peak_mem_gb 0.216
2026-10-01 22:36:18,839 | DEBUG | step 6282 epoch 5 loss 0.1082 step_s 0.0018 peak_mem_gb 0.216
2026-10-01 22:36:18,843 | DEBUG | step 6283 epoch 5 loss 0.1216 step_s 0.0023 peak_mem_gb 0.216
2026-10-01 22:36:18,846 | DEBUG | step 6284 epoch 5 loss 0.2606 step_s 0.0021 peak_mem_gb 0.216
2026-10-01 22:36:18,849 | DEBUG | step 6285 epoch 5 loss 0.0554 step_s 0.0021 peak_mem_gb 0.216
2026-10-01 22:36:18,852 | DEBUG | step 6286 epoch 5 loss 0.1316 step_s 0.0019 peak_mem_gb 0.216
2026-10-01 22:36:18,855 | DEBUG | step 6287 epoch 5 loss 0.0646 step_s 0.0019 peak_mem_gb 0.216
2026-10-01 22:36:18,857 | DEBUG | step 6288 epoch 5 loss 0.1321 step_s 0.0018 peak_mem_gb 0.216
2026-10-01 22:36:18,861 | DEBUG | step 6289 epoch 5 loss 0.1055 step_s 0.0022 peak_mem_gb 0.216
2026-10-01 22:36:18,865 | DEBUG | step 6290 epoch 5 loss 0.1997 step_s 0.0033 peak_mem_gb 0.216
2026-10-01 22:36:18,868 | DEBUG | step 6291 epoch 5 loss 0.1034 step_s 0.0018 peak_mem_gb 0.216
2026-10-01 22:36:18,870 | DEBUG | step 6292 epoch 5 loss 0.1221 step_s 0.0018 peak_mem_gb 0.216
2026-10-01 22:36:18,873 | DEBUG | step 6293 epoch 5 loss 0.3248 step_s 0.0020 peak_mem_gb 0.216
2026-10-01 22:36:18,876 | DEBUG | step 6294 epoch 5 loss 0.1067 step_s 0.0019 peak_mem_gb 0.216
2026-10-01 22:36:18,879 | DEBUG | step 6295 epoch 5 loss 0.1042 step_s 0.0021 peak_mem_gb 0.216
2026-10-01 22:36:18,882 | DEBUG | step 6296 epoch 5 loss 0.1354 step_s 0.0019 peak_mem_gb 0.216
2026-10-01 22:36:18,885 | DEBUG | step 6297 epoch 5 loss 0.0490 step_s 0.0019 peak_mem_gb 0.216
2026-10-01 22:36:18,887 | DEBUG | step 6298 epoch 5 loss 0.1221 step_s 0.0017 peak_mem_gb 0.216
2026-10-01 22:36:18,890 | DEBUG | step 6299 epoch 5 loss 0.1279 step_s 0.0018 peak_mem_gb 0.216
2026-10-01 22:36:18,892 | DEBUG | step 6300 epoch 5 loss 0.1040 step_s 0.0019 peak_mem_gb 0.216
2026-10-01 22:36:18,895 | DEBUG | step 6301 epoch 5 loss 0.0560 step_s 0.0018 peak_mem_gb 0.216
2026-10-01 22:36:18,898 | DEBUG | step 6302 epoch 5 loss 0.1573 step_s 0.0019 peak_mem_gb 0.216
2026-10-01 22:36:18,900 | DEBUG | step 6303 epoch 5 loss 0.1280 step_s 0.0018 peak_mem_gb 0.216
2026-10-01 22:36:18,903 | DEBUG | step 6304 epoch 5 loss 0.0848 step_s 0.0018 peak_mem_gb 0.216
2026-10-01 22:36:18,905 | DEBUG | step 6305 epoch 5 loss 0.1203 step_s 0.0018 peak_mem_gb 0.216
2026-10-01 22:36:18,908 | DEBUG | step 6306 epoch 5 loss 0.1351 step_s 0.0017 peak_mem_gb 0.216
2026-10-01 22:36:18,910 | DEBUG | step 6307 epoch 5 loss 0.1101 step_s 0.0017 peak_mem_gb 0.216
2026-10-01 22:36:18,913 | DEBUG | step 6308 epoch 5 loss 0.0642 step_s 0.0017 peak_mem_gb 0.216
2026-10-01 22:36:18,915 | DEBUG | step 6309 epoch 5 loss 0.1244 step_s 0.0017 peak_mem_gb 0.216
2026-10-01 22:36:18,918 | DEBUG | step 6310 epoch 5 loss 0.0584 step_s 0.0018 peak_mem_gb 0.216
2026-10-01 22:36:18,921 | DEBUG | step 6311 epoch 5 loss 0.0382 step_s 0.0018 peak_mem_gb 0.216
2026-10-01 22:36:18,923 | DEBUG | step 6312 epoch 5 loss 0.0672 step_s 0.0018 peak_mem_gb 0.216
2026-10-01 22:36:18,926 | DEBUG | step 6313 epoch 5 loss 0.1134 step_s 0.0018 peak_mem_gb 0.216
2026-10-01 22:36:18,928 | DEBUG | step 6314 epoch 5 loss 0.0639 step_s 0.0017 peak_mem_gb 0.216
2026-10-01 22:36:18,931 | DEBUG | step 6315 epoch 5 loss 0.0685 step_s 0.0017 peak_mem_gb 0.216
2026-10-01 22:36:18,933 | DEBUG | step 6316 epoch 5 loss 0.2581 step_s 0.0018 peak_mem_gb 0.216
2026-10-01 22:36:18,936 | DEBUG | step 6317 epoch 5 loss 0.0191 step_s 0.0019 peak_mem_gb 0.216
2026-10-01 22:36:18,939 | DEBUG | step 6318 epoch 5 loss 0.1344 step_s 0.0018 peak_mem_gb 0.216
2026-10-01 22:36:18,942 | DEBUG | step 6319 epoch 5 loss 0.0942 step_s 0.0019 peak_mem_gb 0.216
2026-10-01 22:36:18,944 | DEBUG | step 6320 epoch 5 loss 0.1557 step_s 0.0019 peak_mem_gb 0.216
2026-10-01 22:36:18,947 | DEBUG | step 6321 epoch 5 loss 0.2176 step_s 0.0018 peak_mem_gb 0.216
2026-10-01 22:36:18,950 | DEBUG | step 6322 epoch 5 loss 0.0926 step_s 0.0020 peak_mem_gb 0.216
2026-10-01 22:36:18,953 | DEBUG | step 6323 epoch 5 loss 0.1785 step_s 0.0018 peak_mem_gb 0.216
2026-10-01 22:36:18,956 | DEBUG | step 6324 epoch 5 loss 0.0574 step_s 0.0018 peak_mem_gb 0.216
2026-10-01 22:36:18,958 | DEBUG | step 6325 epoch 5 loss 0.0658 step_s 0.0017 peak_mem_gb 0.216
2026-10-01 22:36:18,961 | DEBUG | step 6326 epoch 5 loss 0.1143 step_s 0.0016 peak_mem_gb 0.216
2026-10-01 22:36:18,963 | DEBUG | step 6327 epoch 5 loss 0.1098 step_s 0.0016 peak_mem_gb 0.216
2026-10-01 22:36:18,965 | DEBUG | step 6328 epoch 5 loss 0.0946 step_s 0.0017 peak_mem_gb 0.216
2026-10-01 22:36:18,968 | DEBUG | step 6329 epoch 5 loss 0.1175 step_s 0.0016 peak_mem_gb 0.216
2026-10-01 22:36:18,970 | DEBUG | step 6330 epoch 5 loss 0.1392 step_s 0.0016 peak_mem_gb 0.216
2026-10-01 22:36:18,972 | DEBUG | step 6331 epoch 5 loss 0.1605 step_s 0.0016 peak_mem_gb 0.216
2026-10-01 22:36:18,975 | DEBUG | step 6332 epoch 5 loss 0.1581 step_s 0.0016 peak_mem_gb 0.216
2026-10-01 22:36:18,977 | DEBUG | step 6333 epoch 5 loss 0.0498 step_s 0.0017 peak_mem_gb 0.216
2026-10-01 22:36:18,980 | DEBUG | step 6334 epoch 5 loss 0.0853 step_s 0.0016 peak_mem_gb 0.216
2026-10-01 22:36:18,982 | DEBUG | step 6335 epoch 5 loss 0.0866 step_s 0.0016 peak_mem_gb 0.216
2026-10-01 22:36:18,984 | DEBUG | step 6336 epoch 5 loss 0.0717 step_s 0.0016 peak_mem_gb 0.216
2026-10-01 22:36:18,987 | DEBUG | step 6337 epoch 5 loss 0.0392 step_s 0.0017 peak_mem_gb 0.216
2026-10-01 22:36:18,989 | DEBUG | step 6338 epoch 5 loss 0.0706 step_s 0.0016 peak_mem_gb 0.216
2026-10-01 22:36:18,991 | DEBUG | step 6339 epoch 5 loss 0.1284 step_s 0.0016 peak_mem_gb 0.216
2026-10-01 22:36:18,994 | DEBUG | step 6340 epoch 5 loss 0.1485 step_s 0.0016 peak_mem_gb 0.216
2026-10-01 22:36:18,996 | DEBUG | step 6341 epoch 5 loss 0.0703 step_s 0.0017 peak_mem_gb 0.216
2026-10-01 22:36:18,999 | DEBUG | step 6342 epoch 5 loss 0.2954 step_s 0.0018 peak_mem_gb 0.216
2026-10-01 22:36:19,001 | DEBUG | step 6343 epoch 5 loss 0.1379 step_s 0.0017 peak_mem_gb 0.216
2026-10-01 22:36:19,003 | DEBUG | step 6344 epoch 5 loss 0.1430 step_s 0.0017 peak_mem_gb 0.216
2026-10-01 22:36:19,006 | DEBUG | step 6345 epoch 5 loss 0.0617 step_s 0.0016 peak_mem_gb 0.216
2026-10-01 22:36:19,008 | DEBUG | step 6346 epoch 5 loss 0.1069 step_s 0.0016 peak_mem_gb 0.216
2026-10-01 22:36:19,010 | DEBUG | step 6347 epoch 5 loss 0.1019 step_s 0.0016 peak_mem_gb 0.216
2026-10-01 22:36:19,013 | DEBUG | step 6348 epoch 5 loss 0.1010 step_s 0.0017 peak_mem_gb 0.216
2026-10-01 22:36:19,015 | DEBUG | step 6349 epoch 5 loss 0.0410 step_s 0.0016 peak_mem_gb 0.216
2026-10-01 22:36:19,017 | DEBUG | step 6350 epoch 5 loss 0.0386 step_s 0.0017 peak_mem_gb 0.216
2026-10-01 22:36:19,020 | DEBUG | step 6351 epoch 5 loss 0.1111 step_s 0.0016 peak_mem_gb 0.216
2026-10-01 22:36:19,022 | DEBUG | step 6352 epoch 5 loss 0.1087 step_s 0.0016 peak_mem_gb 0.216
2026-10-01 22:36:19,024 | DEBUG | step 6353 epoch 5 loss 0.0698 step_s 0.0016 peak_mem_gb 0.216
2026-10-01 22:36:19,027 | DEBUG | step 6354 epoch 5 loss 0.0955 step_s 0.0016 peak_mem_gb 0.216
2026-10-01 22:36:19,029 | DEBUG | step 6355 epoch 5 loss 0.0962 step_s 0.0017 peak_mem_gb 0.216
2026-10-01 22:36:19,031 | DEBUG | step 6356 epoch 5 loss 0.0149 step_s 0.0016 peak_mem_gb 0.216
2026-10-01 22:36:19,034 | DEBUG | step 6357 epoch 5 loss 0.0381 step_s 0.0020 peak_mem_gb 0.216
2026-10-01 22:36:19,036 | DEBUG | step 6358 epoch 5 loss 0.0785 step_s 0.0016 peak_mem_gb 0.216
2026-10-01 22:36:19,038 | DEBUG | step 6359 epoch 5 loss 0.0475 step_s 0.0016 peak_mem_gb 0.216
2026-10-01 22:36:19,041 | DEBUG | step 6360 epoch 5 loss 0.1480 step_s 0.0016 peak_mem_gb 0.216
2026-10-01 22:36:19,043 | DEBUG | step 6361 epoch 5 loss 0.0631 step_s 0.0016 peak_mem_gb 0.216
2026-10-01 22:36:19,045 | DEBUG | step 6362 epoch 5 loss 0.1154 step_s 0.0017 peak_mem_gb 0.216
2026-10-01 22:36:19,048 | DEBUG | step 6363 epoch 5 loss 0.0540 step_s 0.0016 peak_mem_gb 0.216
2026-10-01 22:36:19,050 | DEBUG | step 6364 epoch 5 loss 0.1127 step_s 0.0016 peak_mem_gb 0.216
2026-10-01 22:36:19,052 | DEBUG | step 6365 epoch 5 loss 0.0674 step_s 0.0016 peak_mem_gb 0.216
2026-10-01 22:36:19,055 | DEBUG | step 6366 epoch 5 loss 0.1770 step_s 0.0016 peak_mem_gb 0.216
2026-10-01 22:36:19,057 | DEBUG | step 6367 epoch 5 loss 0.0619 step_s 0.0016 peak_mem_gb 0.216
2026-10-01 22:36:19,059 | DEBUG | step 6368 epoch 5 loss 0.0431 step_s 0.0016 peak_mem_gb 0.216
2026-10-01 22:36:19,062 | DEBUG | step 6369 epoch 5 loss 0.0741 step_s 0.0016 peak_mem_gb 0.216
2026-10-01 22:36:19,064 | DEBUG | step 6370 epoch 5 loss 0.1925 step_s 0.0016 peak_mem_gb 0.216
2026-10-01 22:36:19,068 | DEBUG | step 6371 epoch 5 loss 0.1865 step_s 0.0021 peak_mem_gb 0.216
2026-10-01 22:36:19,070 | DEBUG | step 6372 epoch 5 loss 0.0862 step_s 0.0017 peak_mem_gb 0.216
2026-10-01 22:36:19,073 | DEBUG | step 6373 epoch 5 loss 0.0504 step_s 0.0017 peak_mem_gb 0.216
2026-10-01 22:36:19,075 | DEBUG | step 6374 epoch 5 loss 0.0479 step_s 0.0016 peak_mem_gb 0.216
2026-10-01 22:36:19,077 | DEBUG | step 6375 epoch 5 loss 0.1219 step_s 0.0016 peak_mem_gb 0.216
2026-10-01 22:36:19,080 | DEBUG | step 6376 epoch 5 loss 0.0731 step_s 0.0016 peak_mem_gb 0.216
2026-10-01 22:36:19,084 | DEBUG | step 6377 epoch 5 loss 0.0791 step_s 0.0031 peak_mem_gb 0.216
2026-10-01 22:36:19,086 | DEBUG | step 6378 epoch 5 loss 0.0656 step_s 0.0016 peak_mem_gb 0.216
2026-10-01 22:36:19,088 | DEBUG | step 6379 epoch 5 loss 0.1226 step_s 0.0016 peak_mem_gb 0.216
2026-10-01 22:36:19,091 | DEBUG | step 6380 epoch 5 loss 0.0394 step_s 0.0016 peak_mem_gb 0.216
2026-10-01 22:36:19,093 | DEBUG | step 6381 epoch 5 loss 0.1844 step_s 0.0017 peak_mem_gb 0.216
2026-10-01 22:36:19,095 | DEBUG | step 6382 epoch 5 loss 0.0434 step_s 0.0017 peak_mem_gb 0.216
2026-10-01 22:36:19,098 | DEBUG | step 6383 epoch 5 loss 0.1049 step_s 0.0019 peak_mem_gb 0.216
2026-10-01 22:36:19,101 | DEBUG | step 6384 epoch 5 loss 0.1336 step_s 0.0017 peak_mem_gb 0.216
2026-10-01 22:36:19,103 | DEBUG | step 6385 epoch 5 loss 0.0638 step_s 0.0016 peak_mem_gb 0.216
2026-10-01 22:36:19,105 | DEBUG | step 6386 epoch 5 loss 0.1250 step_s 0.0016 peak_mem_gb 0.216
2026-10-01 22:36:19,108 | DEBUG | step 6387 epoch 5 loss 0.0828 step_s 0.0016 peak_mem_gb 0.216
2026-10-01 22:36:19,110 | DEBUG | step 6388 epoch 5 loss 0.0637 step_s 0.0017 peak_mem_gb 0.216
2026-10-01 22:36:19,112 | DEBUG | step 6389 epoch 5 loss 0.1074 step_s 0.0017 peak_mem_gb 0.216
2026-10-01 22:36:19,115 | DEBUG | step 6390 epoch 5 loss 0.0688 step_s 0.0016 peak_mem_gb 0.216
2026-10-01 22:36:19,117 | DEBUG | step 6391 epoch 5 loss 0.0470 step_s 0.0017 peak_mem_gb 0.216
2026-10-01 22:36:19,119 | DEBUG | step 6392 epoch 5 loss 0.1187 step_s 0.0016 peak_mem_gb 0.216
2026-10-01 22:36:19,122 | DEBUG | step 6393 epoch 5 loss 0.0296 step_s 0.0016 peak_mem_gb 0.216
2026-10-01 22:36:19,124 | DEBUG | step 6394 epoch 5 loss 0.1885 step_s 0.0016 peak_mem_gb 0.216
2026-10-01 22:36:19,127 | DEBUG | step 6395 epoch 5 loss 0.1201 step_s 0.0018 peak_mem_gb 0.216
2026-10-01 22:36:19,129 | DEBUG | step 6396 epoch 5 loss 0.0673 step_s 0.0016 peak_mem_gb 0.216
2026-10-01 22:36:19,131 | DEBUG | step 6397 epoch 5 loss 0.0855 step_s 0.0016 peak_mem_gb 0.216
2026-10-01 22:36:19,133 | DEBUG | step 6398 epoch 5 loss 0.1146 step_s 0.0016 peak_mem_gb 0.216
2026-10-01 22:36:19,136 | DEBUG | step 6399 epoch 5 loss 0.0602 step_s 0.0015 peak_mem_gb 0.216
2026-10-01 22:36:19,138 | INFO | step 6400 epoch 5 loss 0.1044 step_s 0.0017 peak_mem_gb 0.216
2026-10-01 22:36:19,142 | DEBUG | step 6401 epoch 5 loss 0.1228 step_s 0.0022 peak_mem_gb 0.216
2026-10-01 22:36:19,144 | DEBUG | step 6402 epoch 5 loss 0.0792 step_s 0.0018 peak_mem_gb 0.216
2026-10-01 22:36:19,148 | DEBUG | step 6403 epoch 5 loss 0.0659 step_s 0.0032 peak_mem_gb 0.216
2026-10-01 22:36:19,151 | DEBUG | step 6404 epoch 5 loss 0.0738 step_s 0.0018 peak_mem_gb 0.216
2026-10-01 22:36:19,153 | DEBUG | step 6405 epoch 5 loss 0.1423 step_s 0.0017 peak_mem_gb 0.216
2026-10-01 22:36:19,156 | DEBUG | step 6406 epoch 5 loss 0.1818 step_s 0.0017 peak_mem_gb 0.216
2026-10-01 22:36:19,158 | DEBUG | step 6407 epoch 5 loss 0.1136 step_s 0.0016 peak_mem_gb 0.216
2026-10-01 22:36:19,160 | DEBUG | step 6408 epoch 5 loss 0.2197 step_s 0.0017 peak_mem_gb 0.216
2026-10-01 22:36:19,163 | DEBUG | step 6409 epoch 5 loss 0.0541 step_s 0.0017 peak_mem_gb 0.216
2026-10-01 22:36:19,165 | DEBUG | step 6410 epoch 5 loss 0.1184 step_s 0.0018 peak_mem_gb 0.216
2026-10-01 22:36:19,168 | DEBUG | step 6411 epoch 5 loss 0.1236 step_s 0.0017 peak_mem_gb 0.216
2026-10-01 22:36:19,170 | DEBUG | step 6412 epoch 5 loss 0.1441 step_s 0.0016 peak_mem_gb 0.216
2026-10-01 22:36:19,173 | DEBUG | step 6413 epoch 5 loss 0.1332 step_s 0.0017 peak_mem_gb 0.216
2026-10-01 22:36:19,175 | DEBUG | step 6414 epoch 5 loss 0.2076 step_s 0.0016 peak_mem_gb 0.216
2026-10-01 22:36:19,177 | DEBUG | step 6415 epoch 5 loss 0.0900 step_s 0.0017 peak_mem_gb 0.216
2026-10-01 22:36:19,180 | DEBUG | step 6416 epoch 5 loss 0.1163 step_s 0.0016 peak_mem_gb 0.216
2026-10-01 22:36:19,182 | DEBUG | step 6417 epoch 5 loss 0.1063 step_s 0.0018 peak_mem_gb 0.216
2026-10-01 22:36:19,185 | DEBUG | step 6418 epoch 5 loss 0.1489 step_s 0.0016 peak_mem_gb 0.216
2026-10-01 22:36:19,187 | DEBUG | step 6419 epoch 5 loss 0.1053 step_s 0.0016 peak_mem_gb 0.216
2026-10-01 22:36:19,189 | DEBUG | step 6420 epoch 5 loss 0.0805 step_s 0.0017 peak_mem_gb 0.216
2026-10-01 22:36:19,192 | DEBUG | step 6421 epoch 5 loss 0.0985 step_s 0.0016 peak_mem_gb 0.216
2026-10-01 22:36:19,194 | DEBUG | step 6422 epoch 5 loss 0.0779 step_s 0.0016 peak_mem_gb 0.216
2026-10-01 22:36:19,197 | DEBUG | step 6423 epoch 5 loss 0.0938 step_s 0.0016 peak_mem_gb 0.216
2026-10-01 22:36:19,199 | DEBUG | step 6424 epoch 5 loss 0.0461 step_s 0.0016 peak_mem_gb 0.216
2026-10-01 22:36:19,201 | DEBUG | step 6425 epoch 5 loss 0.1662 step_s 0.0016 peak_mem_gb 0.216
2026-10-01 22:36:19,203 | DEBUG | step 6426 epoch 5 loss 0.0685 step_s 0.0016 peak_mem_gb 0.216
2026-10-01 22:36:19,206 | DEBUG | step 6427 epoch 5 loss 0.1073 step_s 0.0017 peak_mem_gb 0.216
2026-10-01 22:36:19,208 | DEBUG | step 6428 epoch 5 loss 0.0523 step_s 0.0016 peak_mem_gb 0.216
2026-10-01 22:36:19,211 | DEBUG | step 6429 epoch 5 loss 0.0640 step_s 0.0017 peak_mem_gb 0.216
2026-10-01 22:36:19,213 | DEBUG | step 6430 epoch 5 loss 0.0546 step_s 0.0016 peak_mem_gb 0.216
2026-10-01 22:36:19,215 | DEBUG | step 6431 epoch 5 loss 0.1564 step_s 0.0016 peak_mem_gb 0.216
2026-10-01 22:36:19,218 | DEBUG | step 6432 epoch 5 loss 0.0692 step_s 0.0017 peak_mem_gb 0.216
2026-10-01 22:36:19,220 | DEBUG | step 6433 epoch 5 loss 0.1346 step_s 0.0017 peak_mem_gb 0.216
2026-10-01 22:36:19,222 | DEBUG | step 6434 epoch 5 loss 0.1641 step_s 0.0016 peak_mem_gb 0.216
2026-10-01 22:36:19,225 | DEBUG | step 6435 epoch 5 loss 0.0674 step_s 0.0017 peak_mem_gb 0.216
2026-10-01 22:36:19,227 | DEBUG | step 6436 epoch 5 loss 0.1695 step_s 0.0017 peak_mem_gb 0.216
2026-10-01 22:36:19,230 | DEBUG | step 6437 epoch 5 loss 0.0898 step_s 0.0018 peak_mem_gb 0.216
2026-10-01 22:36:19,232 | DEBUG | step 6438 epoch 5 loss 0.0518 step_s 0.0016 peak_mem_gb 0.216
2026-10-01 22:36:19,234 | DEBUG | step 6439 epoch 5 loss 0.1473 step_s 0.0017 peak_mem_gb 0.216
2026-10-01 22:36:19,236 | DEBUG | step 6440 epoch 5 loss 0.1336 step_s 0.0016 peak_mem_gb 0.216
2026-10-01 22:36:19,239 | DEBUG | step 6441 epoch 5 loss 0.1391 step_s 0.0017 peak_mem_gb 0.216
2026-10-01 22:36:19,241 | DEBUG | step 6442 epoch 5 loss 0.0388 step_s 0.0017 peak_mem_gb 0.216
2026-10-01 22:36:19,244 | DEBUG | step 6443 epoch 5 loss 0.1340 step_s 0.0017 peak_mem_gb 0.216
2026-10-01 22:36:19,246 | DEBUG | step 6444 epoch 5 loss 0.0960 step_s 0.0016 peak_mem_gb 0.216
2026-10-01 22:36:19,248 | DEBUG | step 6445 epoch 5 loss 0.0596 step_s 0.0017 peak_mem_gb 0.216
2026-10-01 22:36:19,251 | DEBUG | step 6446 epoch 5 loss 0.1013 step_s 0.0017 peak_mem_gb 0.216
2026-10-01 22:36:19,253 | DEBUG | step 6447 epoch 5 loss 0.0373 step_s 0.0016 peak_mem_gb 0.216
2026-10-01 22:36:19,255 | DEBUG | step 6448 epoch 5 loss 0.0861 step_s 0.0017 peak_mem_gb 0.216
2026-10-01 22:36:19,258 | DEBUG | step 6449 epoch 5 loss 0.1075 step_s 0.0016 peak_mem_gb 0.216
2026-10-01 22:36:19,260 | DEBUG | step 6450 epoch 5 loss 0.1394 step_s 0.0016 peak_mem_gb 0.216
2026-10-01 22:36:19,262 | DEBUG | step 6451 epoch 5 loss 0.0836 step_s 0.0016 peak_mem_gb 0.216
2026-10-01 22:36:19,265 | DEBUG | step 6452 epoch 5 loss 0.0627 step_s 0.0016 peak_mem_gb 0.216
2026-10-01 22:36:19,267 | DEBUG | step 6453 epoch 5 loss 0.1712 step_s 0.0016 peak_mem_gb 0.216
2026-10-01 22:36:19,269 | DEBUG | step 6454 epoch 5 loss 0.1390 step_s 0.0016 peak_mem_gb 0.216
2026-10-01 22:36:19,271 | DEBUG | step 6455 epoch 5 loss 0.1302 step_s 0.0016 peak_mem_gb 0.216
2026-10-01 22:36:19,274 | DEBUG | step 6456 epoch 5 loss 0.0764 step_s 0.0016 peak_mem_gb 0.216
2026-10-01 22:36:19,276 | DEBUG | step 6457 epoch 5 loss 0.1059 step_s 0.0016 peak_mem_gb 0.216
2026-10-01 22:36:19,278 | DEBUG | step 6458 epoch 5 loss 0.0775 step_s 0.0016 peak_mem_gb 0.216
2026-10-01 22:36:19,281 | DEBUG | step 6459 epoch 5 loss 0.1529 step_s 0.0016 peak_mem_gb 0.216
2026-10-01 22:36:19,283 | DEBUG | step 6460 epoch 5 loss 0.0931 step_s 0.0016 peak_mem_gb 0.216
2026-10-01 22:36:19,285 | DEBUG | step 6461 epoch 5 loss 0.0934 step_s 0.0016 peak_mem_gb 0.216
2026-10-01 22:36:19,288 | DEBUG | step 6462 epoch 5 loss 0.1177 step_s 0.0016 peak_mem_gb 0.216
2026-10-01 22:36:19,290 | DEBUG | step 6463 epoch 5 loss 0.0629 step_s 0.0017 peak_mem_gb 0.216
2026-10-01 22:36:19,292 | DEBUG | step 6464 epoch 5 loss 0.0871 step_s 0.0015 peak_mem_gb 0.216
2026-10-01 22:36:19,294 | DEBUG | step 6465 epoch 5 loss 0.0742 step_s 0.0016 peak_mem_gb 0.216
2026-10-01 22:36:19,297 | DEBUG | step 6466 epoch 5 loss 0.0272 step_s 0.0016 peak_mem_gb 0.216
2026-10-01 22:36:19,299 | DEBUG | step 6467 epoch 5 loss 0.1814 step_s 0.0016 peak_mem_gb 0.216
2026-10-01 22:36:19,301 | DEBUG | step 6468 epoch 5 loss 0.1008 step_s 0.0016 peak_mem_gb 0.216
2026-10-01 22:36:19,303 | DEBUG | step 6469 epoch 5 loss 0.0779 step_s 0.0016 peak_mem_gb 0.216
2026-10-01 22:36:19,306 | DEBUG | step 6470 epoch 5 loss 0.1840 step_s 0.0016 peak_mem_gb 0.216
2026-10-01 22:36:19,308 | DEBUG | step 6471 epoch 5 loss 0.1053 step_s 0.0016 peak_mem_gb 0.216
2026-10-01 22:36:19,310 | DEBUG | step 6472 epoch 5 loss 0.1904 step_s 0.0016 peak_mem_gb 0.216
2026-10-01 22:36:19,313 | DEBUG | step 6473 epoch 5 loss 0.0422 step_s 0.0016 peak_mem_gb 0.216
2026-10-01 22:36:19,315 | DEBUG | step 6474 epoch 5 loss 0.1426 step_s 0.0016 peak_mem_gb 0.216
2026-10-01 22:36:19,317 | DEBUG | step 6475 epoch 5 loss 0.0464 step_s 0.0017 peak_mem_gb 0.216
2026-10-01 22:36:19,320 | DEBUG | step 6476 epoch 5 loss 0.1276 step_s 0.0016 peak_mem_gb 0.216
2026-10-01 22:36:19,322 | DEBUG | step 6477 epoch 5 loss 0.1856 step_s 0.0016 peak_mem_gb 0.216
2026-10-01 22:36:19,324 | DEBUG | step 6478 epoch 5 loss 0.0338 step_s 0.0016 peak_mem_gb 0.216
2026-10-01 22:36:19,327 | DEBUG | step 6479 epoch 5 loss 0.1566 step_s 0.0017 peak_mem_gb 0.216
2026-10-01 22:36:19,329 | DEBUG | step 6480 epoch 5 loss 0.1020 step_s 0.0016 peak_mem_gb 0.216
2026-10-01 22:36:19,331 | DEBUG | step 6481 epoch 5 loss 0.1708 step_s 0.0016 peak_mem_gb 0.216
2026-10-01 22:36:19,334 | DEBUG | step 6482 epoch 5 loss 0.0630 step_s 0.0016 peak_mem_gb 0.216
2026-10-01 22:36:19,336 | DEBUG | step 6483 epoch 5 loss 0.2419 step_s 0.0017 peak_mem_gb 0.216
2026-10-01 22:36:19,339 | DEBUG | step 6484 epoch 5 loss 0.0475 step_s 0.0017 peak_mem_gb 0.216
2026-10-01 22:36:19,341 | DEBUG | step 6485 epoch 5 loss 0.1193 step_s 0.0018 peak_mem_gb 0.216
2026-10-01 22:36:19,343 | DEBUG | step 6486 epoch 5 loss 0.1502 step_s 0.0016 peak_mem_gb 0.216
2026-10-01 22:36:19,346 | DEBUG | step 6487 epoch 5 loss 0.0928 step_s 0.0016 peak_mem_gb 0.216
2026-10-01 22:36:19,348 | DEBUG | step 6488 epoch 5 loss 0.1157 step_s 0.0016 peak_mem_gb 0.216
2026-10-01 22:36:19,350 | DEBUG | step 6489 epoch 5 loss 0.1084 step_s 0.0016 peak_mem_gb 0.216
2026-10-01 22:36:19,353 | DEBUG | step 6490 epoch 5 loss 0.1087 step_s 0.0017 peak_mem_gb 0.216
2026-10-01 22:36:19,355 | DEBUG | step 6491 epoch 5 loss 0.1540 step_s 0.0016 peak_mem_gb 0.216
2026-10-01 22:36:19,358 | DEBUG | step 6492 epoch 5 loss 0.1811 step_s 0.0017 peak_mem_gb 0.216
2026-10-01 22:36:19,360 | DEBUG | step 6493 epoch 5 loss 0.0919 step_s 0.0016 peak_mem_gb 0.216
2026-10-01 22:36:19,362 | DEBUG | step 6494 epoch 5 loss 0.1273 step_s 0.0016 peak_mem_gb 0.216
2026-10-01 22:36:19,364 | DEBUG | step 6495 epoch 5 loss 0.1442 step_s 0.0016 peak_mem_gb 0.216
2026-10-01 22:36:19,367 | DEBUG | step 6496 epoch 5 loss 0.0637 step_s 0.0016 peak_mem_gb 0.216
2026-10-01 22:36:19,369 | DEBUG | step 6497 epoch 5 loss 0.0683 step_s 0.0018 peak_mem_gb 0.216
2026-10-01 22:36:19,372 | DEBUG | step 6498 epoch 5 loss 0.1768 step_s 0.0018 peak_mem_gb 0.216
2026-10-01 22:36:19,374 | DEBUG | step 6499 epoch 5 loss 0.1156 step_s 0.0017 peak_mem_gb 0.216
2026-10-01 22:36:19,377 | DEBUG | step 6500 epoch 5 loss 0.1015 step_s 0.0016 peak_mem_gb 0.216
2026-10-01 22:36:19,379 | DEBUG | step 6501 epoch 5 loss 0.0265 step_s 0.0016 peak_mem_gb 0.216
2026-10-01 22:36:19,382 | DEBUG | step 6502 epoch 5 loss 0.1093 step_s 0.0017 peak_mem_gb 0.216
2026-10-01 22:36:19,384 | DEBUG | step 6503 epoch 5 loss 0.0387 step_s 0.0016 peak_mem_gb 0.216
2026-10-01 22:36:19,386 | DEBUG | step 6504 epoch 5 loss 0.1308 step_s 0.0018 peak_mem_gb 0.216
2026-10-01 22:36:19,389 | DEBUG | step 6505 epoch 5 loss 0.1974 step_s 0.0018 peak_mem_gb 0.216
2026-10-01 22:36:19,391 | DEBUG | step 6506 epoch 5 loss 0.0647 step_s 0.0016 peak_mem_gb 0.216
2026-10-01 22:36:19,393 | DEBUG | step 6507 epoch 5 loss 0.0661 step_s 0.0016 peak_mem_gb 0.216
2026-10-01 22:36:19,396 | DEBUG | step 6508 epoch 5 loss 0.0977 step_s 0.0016 peak_mem_gb 0.216
2026-10-01 22:36:19,398 | DEBUG | step 6509 epoch 5 loss 0.1372 step_s 0.0016 peak_mem_gb 0.216
2026-10-01 22:36:19,401 | DEBUG | step 6510 epoch 5 loss 0.1500 step_s 0.0017 peak_mem_gb 0.216
2026-10-01 22:36:19,403 | DEBUG | step 6511 epoch 5 loss 0.1266 step_s 0.0016 peak_mem_gb 0.216
2026-10-01 22:36:19,405 | DEBUG | step 6512 epoch 5 loss 0.1349 step_s 0.0017 peak_mem_gb 0.216
2026-10-01 22:36:19,408 | DEBUG | step 6513 epoch 5 loss 0.1235 step_s 0.0016 peak_mem_gb 0.216
2026-10-01 22:36:19,410 | DEBUG | step 6514 epoch 5 loss 0.1618 step_s 0.0016 peak_mem_gb 0.216
2026-10-01 22:36:19,412 | DEBUG | step 6515 epoch 5 loss 0.1019 step_s 0.0016 peak_mem_gb 0.216
2026-10-01 22:36:19,414 | DEBUG | step 6516 epoch 5 loss 0.1216 step_s 0.0016 peak_mem_gb 0.216
2026-10-01 22:36:19,417 | DEBUG | step 6517 epoch 5 loss 0.1894 step_s 0.0018 peak_mem_gb 0.216
2026-10-01 22:36:19,419 | DEBUG | step 6518 epoch 5 loss 0.0672 step_s 0.0016 peak_mem_gb 0.216
2026-10-01 22:36:19,421 | DEBUG | step 6519 epoch 5 loss 0.1603 step_s 0.0017 peak_mem_gb 0.216
2026-10-01 22:36:19,426 | DEBUG | step 6520 epoch 5 loss 0.1543 step_s 0.0017 peak_mem_gb 0.216
2026-10-01 22:36:19,428 | DEBUG | step 6521 epoch 5 loss 0.0633 step_s 0.0016 peak_mem_gb 0.216
2026-10-01 22:36:19,430 | DEBUG | step 6522 epoch 5 loss 0.1610 step_s 0.0016 peak_mem_gb 0.216
2026-10-01 22:36:19,433 | DEBUG | step 6523 epoch 5 loss 0.1235 step_s 0.0018 peak_mem_gb 0.216
2026-10-01 22:36:19,435 | DEBUG | step 6524 epoch 5 loss 0.0456 step_s 0.0016 peak_mem_gb 0.216
2026-10-01 22:36:19,437 | DEBUG | step 6525 epoch 5 loss 0.1552 step_s 0.0016 peak_mem_gb 0.216
2026-10-01 22:36:19,440 | DEBUG | step 6526 epoch 5 loss 0.1258 step_s 0.0015 peak_mem_gb 0.216
2026-10-01 22:36:19,442 | DEBUG | step 6527 epoch 5 loss 0.0974 step_s 0.0016 peak_mem_gb 0.216
2026-10-01 22:36:19,444 | DEBUG | step 6528 epoch 5 loss 0.1357 step_s 0.0016 peak_mem_gb 0.216
2026-10-01 22:36:19,446 | DEBUG | step 6529 epoch 5 loss 0.0648 step_s 0.0015 peak_mem_gb 0.216
2026-10-01 22:36:19,449 | DEBUG | step 6530 epoch 5 loss 0.1155 step_s 0.0017 peak_mem_gb 0.216
2026-10-01 22:36:19,451 | DEBUG | step 6531 epoch 5 loss 0.1290 step_s 0.0018 peak_mem_gb 0.216
2026-10-01 22:36:19,454 | DEBUG | step 6532 epoch 5 loss 0.1918 step_s 0.0016 peak_mem_gb 0.216
2026-10-01 22:36:19,456 | DEBUG | step 6533 epoch 5 loss 0.0994 step_s 0.0016 peak_mem_gb 0.216
2026-10-01 22:36:19,458 | DEBUG | step 6534 epoch 5 loss 0.0937 step_s 0.0016 peak_mem_gb 0.216
2026-10-01 22:36:19,460 | DEBUG | step 6535 epoch 5 loss 0.0930 step_s 0.0016 peak_mem_gb 0.216
2026-10-01 22:36:19,463 | DEBUG | step 6536 epoch 5 loss 0.0959 step_s 0.0016 peak_mem_gb 0.216
2026-10-01 22:36:19,465 | DEBUG | step 6537 epoch 5 loss 0.0923 step_s 0.0017 peak_mem_gb 0.216
2026-10-01 22:36:19,467 | DEBUG | step 6538 epoch 5 loss 0.0670 step_s 0.0016 peak_mem_gb 0.216
2026-10-01 22:36:19,470 | DEBUG | step 6539 epoch 5 loss 0.1975 step_s 0.0016 peak_mem_gb 0.216
2026-10-01 22:36:19,472 | DEBUG | step 6540 epoch 5 loss 0.0343 step_s 0.0016 peak_mem_gb 0.216
2026-10-01 22:36:19,474 | DEBUG | step 6541 epoch 5 loss 0.0954 step_s 0.0016 peak_mem_gb 0.216
2026-10-01 22:36:19,477 | DEBUG | step 6542 epoch 5 loss 0.0934 step_s 0.0016 peak_mem_gb 0.216
2026-10-01 22:36:19,479 | DEBUG | step 6543 epoch 5 loss 0.1636 step_s 0.0016 peak_mem_gb 0.216
2026-10-01 22:36:19,481 | DEBUG | step 6544 epoch 5 loss 0.1159 step_s 0.0017 peak_mem_gb 0.216
2026-10-01 22:36:19,483 | DEBUG | step 6545 epoch 5 loss 0.0647 step_s 0.0016 peak_mem_gb 0.216
2026-10-01 22:36:19,486 | DEBUG | step 6546 epoch 5 loss 0.0674 step_s 0.0016 peak_mem_gb 0.216
2026-10-01 22:36:19,488 | DEBUG | step 6547 epoch 5 loss 0.0847 step_s 0.0016 peak_mem_gb 0.216
2026-10-01 22:36:19,490 | DEBUG | step 6548 epoch 5 loss 0.0739 step_s 0.0016 peak_mem_gb 0.216
2026-10-01 22:36:19,493 | DEBUG | step 6549 epoch 5 loss 0.1212 step_s 0.0016 peak_mem_gb 0.216
2026-10-01 22:36:19,495 | DEBUG | step 6550 epoch 5 loss 0.1367 step_s 0.0016 peak_mem_gb 0.216
2026-10-01 22:36:19,497 | DEBUG | step 6551 epoch 5 loss 0.0603 step_s 0.0017 peak_mem_gb 0.216
2026-10-01 22:36:19,500 | DEBUG | step 6552 epoch 5 loss 0.0573 step_s 0.0016 peak_mem_gb 0.216
2026-10-01 22:36:19,502 | DEBUG | step 6553 epoch 5 loss 0.1105 step_s 0.0016 peak_mem_gb 0.216
2026-10-01 22:36:19,504 | DEBUG | step 6554 epoch 5 loss 0.1129 step_s 0.0016 peak_mem_gb 0.216
2026-10-01 22:36:19,506 | DEBUG | step 6555 epoch 5 loss 0.1738 step_s 0.0016 peak_mem_gb 0.216
2026-10-01 22:36:19,509 | DEBUG | step 6556 epoch 5 loss 0.0867 step_s 0.0016 peak_mem_gb 0.216
2026-10-01 22:36:19,511 | DEBUG | step 6557 epoch 5 loss 0.1189 step_s 0.0016 peak_mem_gb 0.216
2026-10-01 22:36:19,513 | DEBUG | step 6558 epoch 5 loss 0.1233 step_s 0.0016 peak_mem_gb 0.216
2026-10-01 22:36:19,516 | DEBUG | step 6559 epoch 5 loss 0.1173 step_s 0.0016 peak_mem_gb 0.216
2026-10-01 22:36:19,518 | DEBUG | step 6560 epoch 5 loss 0.0303 step_s 0.0016 peak_mem_gb 0.216
2026-10-01 22:36:19,520 | DEBUG | step 6561 epoch 5 loss 0.1853 step_s 0.0016 peak_mem_gb 0.216
2026-10-01 22:36:19,523 | DEBUG | step 6562 epoch 5 loss 0.0641 step_s 0.0016 peak_mem_gb 0.216
2026-10-01 22:36:19,525 | DEBUG | step 6563 epoch 5 loss 0.1845 step_s 0.0017 peak_mem_gb 0.216
2026-10-01 22:36:19,527 | DEBUG | step 6564 epoch 5 loss 0.1659 step_s 0.0017 peak_mem_gb 0.216
2026-10-01 22:36:19,529 | DEBUG | step 6565 epoch 5 loss 0.0337 step_s 0.0016 peak_mem_gb 0.216
2026-10-01 22:36:19,532 | DEBUG | step 6566 epoch 5 loss 0.1502 step_s 0.0016 peak_mem_gb 0.216
2026-10-01 22:36:19,534 | DEBUG | step 6567 epoch 5 loss 0.1477 step_s 0.0016 peak_mem_gb 0.216
2026-10-01 22:36:19,536 | DEBUG | step 6568 epoch 5 loss 0.0751 step_s 0.0016 peak_mem_gb 0.216
2026-10-01 22:36:19,539 | DEBUG | step 6569 epoch 5 loss 0.1419 step_s 0.0016 peak_mem_gb 0.216
2026-10-01 22:36:19,541 | DEBUG | step 6570 epoch 5 loss 0.1105 step_s 0.0016 peak_mem_gb 0.216
2026-10-01 22:36:19,543 | DEBUG | step 6571 epoch 5 loss 0.1763 step_s 0.0017 peak_mem_gb 0.216
2026-10-01 22:36:19,546 | DEBUG | step 6572 epoch 5 loss 0.2241 step_s 0.0017 peak_mem_gb 0.216
2026-10-01 22:36:19,548 | DEBUG | step 6573 epoch 5 loss 0.2777 step_s 0.0016 peak_mem_gb 0.216
2026-10-01 22:36:19,550 | DEBUG | step 6574 epoch 5 loss 0.0910 step_s 0.0016 peak_mem_gb 0.216
2026-10-01 22:36:19,552 | DEBUG | step 6575 epoch 5 loss 0.1012 step_s 0.0016 peak_mem_gb 0.216
2026-10-01 22:36:19,555 | DEBUG | step 6576 epoch 5 loss 0.1550 step_s 0.0016 peak_mem_gb 0.216
2026-10-01 22:36:19,557 | DEBUG | step 6577 epoch 5 loss 0.1061 step_s 0.0016 peak_mem_gb 0.216
2026-10-01 22:36:19,559 | DEBUG | step 6578 epoch 5 loss 0.0775 step_s 0.0017 peak_mem_gb 0.216
2026-10-01 22:36:19,561 | DEBUG | step 6579 epoch 5 loss 0.1065 step_s 0.0016 peak_mem_gb 0.216
2026-10-01 22:36:19,564 | DEBUG | step 6580 epoch 5 loss 0.1691 step_s 0.0017 peak_mem_gb 0.216
2026-10-01 22:36:19,566 | DEBUG | step 6581 epoch 5 loss 0.1487 step_s 0.0016 peak_mem_gb 0.216
2026-10-01 22:36:19,569 | DEBUG | step 6582 epoch 5 loss 0.2004 step_s 0.0016 peak_mem_gb 0.216
2026-10-01 22:36:19,571 | DEBUG | step 6583 epoch 5 loss 0.1094 step_s 0.0016 peak_mem_gb 0.216
2026-10-01 22:36:19,573 | DEBUG | step 6584 epoch 5 loss 0.1642 step_s 0.0017 peak_mem_gb 0.216
2026-10-01 22:36:19,575 | DEBUG | step 6585 epoch 5 loss 0.1158 step_s 0.0017 peak_mem_gb 0.216
2026-10-01 22:36:19,578 | DEBUG | step 6586 epoch 5 loss 0.1802 step_s 0.0016 peak_mem_gb 0.216
2026-10-01 22:36:19,580 | DEBUG | step 6587 epoch 5 loss 0.1096 step_s 0.0015 peak_mem_gb 0.216
2026-10-01 22:36:19,582 | DEBUG | step 6588 epoch 5 loss 0.0591 step_s 0.0016 peak_mem_gb 0.216
2026-10-01 22:36:19,584 | DEBUG | step 6589 epoch 5 loss 0.1319 step_s 0.0016 peak_mem_gb 0.216
2026-10-01 22:36:19,587 | DEBUG | step 6590 epoch 5 loss 0.0684 step_s 0.0016 peak_mem_gb 0.216
2026-10-01 22:36:19,589 | DEBUG | step 6591 epoch 5 loss 0.1894 step_s 0.0016 peak_mem_gb 0.216
2026-10-01 22:36:19,591 | DEBUG | step 6592 epoch 5 loss 0.1179 step_s 0.0016 peak_mem_gb 0.216
2026-10-01 22:36:19,594 | DEBUG | step 6593 epoch 5 loss 0.1541 step_s 0.0015 peak_mem_gb 0.216
2026-10-01 22:36:19,596 | DEBUG | step 6594 epoch 5 loss 0.1401 step_s 0.0016 peak_mem_gb 0.216
2026-10-01 22:36:19,598 | DEBUG | step 6595 epoch 5 loss 0.0817 step_s 0.0016 peak_mem_gb 0.216
2026-10-01 22:36:19,601 | DEBUG | step 6596 epoch 5 loss 0.1123 step_s 0.0017 peak_mem_gb 0.216
2026-10-01 22:36:19,603 | DEBUG | step 6597 epoch 5 loss 0.1074 step_s 0.0016 peak_mem_gb 0.216
2026-10-01 22:36:19,605 | DEBUG | step 6598 epoch 5 loss 0.1965 step_s 0.0016 peak_mem_gb 0.216
2026-10-01 22:36:19,608 | DEBUG | step 6599 epoch 5 loss 0.1652 step_s 0.0016 peak_mem_gb 0.216
2026-10-01 22:36:19,610 | INFO | step 6600 epoch 5 loss 0.2008 step_s 0.0016 peak_mem_gb 0.216
2026-10-01 22:36:19,613 | DEBUG | step 6601 epoch 5 loss 0.0675 step_s 0.0017 peak_mem_gb 0.216
2026-10-01 22:36:19,616 | DEBUG | step 6602 epoch 5 loss 0.1199 step_s 0.0018 peak_mem_gb 0.216
2026-10-01 22:36:19,619 | DEBUG | step 6603 epoch 5 loss 0.0755 step_s 0.0023 peak_mem_gb 0.216
2026-10-01 22:36:19,622 | DEBUG | step 6604 epoch 5 loss 0.0804 step_s 0.0019 peak_mem_gb 0.216
2026-10-01 22:36:19,624 | DEBUG | step 6605 epoch 5 loss 0.0778 step_s 0.0017 peak_mem_gb 0.216
2026-10-01 22:36:19,626 | DEBUG | step 6606 epoch 5 loss 0.0943 step_s 0.0016 peak_mem_gb 0.216
2026-10-01 22:36:19,629 | DEBUG | step 6607 epoch 5 loss 0.2373 step_s 0.0017 peak_mem_gb 0.216
2026-10-01 22:36:19,631 | DEBUG | step 6608 epoch 5 loss 0.0719 step_s 0.0016 peak_mem_gb 0.216
2026-10-01 22:36:19,633 | DEBUG | step 6609 epoch 5 loss 0.1311 step_s 0.0017 peak_mem_gb 0.216
2026-10-01 22:36:19,636 | DEBUG | step 6610 epoch 5 loss 0.1653 step_s 0.0016 peak_mem_gb 0.216
2026-10-01 22:36:19,638 | DEBUG | step 6611 epoch 5 loss 0.0968 step_s 0.0016 peak_mem_gb 0.216
2026-10-01 22:36:19,640 | DEBUG | step 6612 epoch 5 loss 0.0695 step_s 0.0016 peak_mem_gb 0.216
2026-10-01 22:36:19,643 | DEBUG | step 6613 epoch 5 loss 0.0862 step_s 0.0016 peak_mem_gb 0.216
2026-10-01 22:36:19,645 | DEBUG | step 6614 epoch 5 loss 0.0534 step_s 0.0017 peak_mem_gb 0.216
2026-10-01 22:36:19,647 | DEBUG | step 6615 epoch 5 loss 0.0538 step_s 0.0016 peak_mem_gb 0.216
2026-10-01 22:36:19,650 | DEBUG | step 6616 epoch 5 loss 0.1114 step_s 0.0016 peak_mem_gb 0.216
2026-10-01 22:36:19,652 | DEBUG | step 6617 epoch 5 loss 0.0952 step_s 0.0016 peak_mem_gb 0.216
2026-10-01 22:36:19,654 | DEBUG | step 6618 epoch 5 loss 0.0882 step_s 0.0016 peak_mem_gb 0.216
2026-10-01 22:36:19,657 | DEBUG | step 6619 epoch 5 loss 0.0704 step_s 0.0016 peak_mem_gb 0.216
2026-10-01 22:36:19,659 | DEBUG | step 6620 epoch 5 loss 0.0259 step_s 0.0016 peak_mem_gb 0.216
2026-10-01 22:36:19,661 | DEBUG | step 6621 epoch 5 loss 0.0231 step_s 0.0017 peak_mem_gb 0.216
2026-10-01 22:36:19,664 | DEBUG | step 6622 epoch 5 loss 0.0321 step_s 0.0016 peak_mem_gb 0.216
2026-10-01 22:36:19,666 | DEBUG | step 6623 epoch 5 loss 0.2224 step_s 0.0016 peak_mem_gb 0.216
2026-10-01 22:36:19,668 | DEBUG | step 6624 epoch 5 loss 0.1390 step_s 0.0016 peak_mem_gb 0.216
2026-10-01 22:36:19,670 | DEBUG | step 6625 epoch 5 loss 0.0606 step_s 0.0016 peak_mem_gb 0.216
2026-10-01 22:36:19,673 | DEBUG | step 6626 epoch 5 loss 0.1129 step_s 0.0017 peak_mem_gb 0.216
2026-10-01 22:36:19,675 | DEBUG | step 6627 epoch 5 loss 0.1132 step_s 0.0015 peak_mem_gb 0.216
2026-10-01 22:36:19,677 | DEBUG | step 6628 epoch 5 loss 0.0547 step_s 0.0018 peak_mem_gb 0.216
2026-10-01 22:36:19,680 | DEBUG | step 6629 epoch 5 loss 0.1002 step_s 0.0017 peak_mem_gb 0.216
2026-10-01 22:36:19,682 | DEBUG | step 6630 epoch 5 loss 0.1446 step_s 0.0016 peak_mem_gb 0.216
2026-10-01 22:36:19,684 | DEBUG | step 6631 epoch 5 loss 0.0785 step_s 0.0016 peak_mem_gb 0.216
2026-10-01 22:36:19,687 | DEBUG | step 6632 epoch 5 loss 0.1535 step_s 0.0016 peak_mem_gb 0.216
2026-10-01 22:36:19,689 | DEBUG | step 6633 epoch 5 loss 0.1174 step_s 0.0016 peak_mem_gb 0.216
2026-10-01 22:36:19,693 | DEBUG | step 6634 epoch 5 loss 0.0314 step_s 0.0017 peak_mem_gb 0.216
2026-10-01 22:36:19,695 | DEBUG | step 6635 epoch 5 loss 0.0712 step_s 0.0016 peak_mem_gb 0.216
2026-10-01 22:36:19,698 | DEBUG | step 6636 epoch 5 loss 0.1161 step_s 0.0016 peak_mem_gb 0.216
2026-10-01 22:36:19,700 | DEBUG | step 6637 epoch 5 loss 0.0969 step_s 0.0016 peak_mem_gb 0.216
2026-10-01 22:36:19,702 | DEBUG | step 6638 epoch 5 loss 0.1325 step_s 0.0016 peak_mem_gb 0.216
2026-10-01 22:36:19,705 | DEBUG | step 6639 epoch 5 loss 0.1448 step_s 0.0016 peak_mem_gb 0.216
2026-10-01 22:36:19,707 | DEBUG | step 6640 epoch 5 loss 0.0156 step_s 0.0016 peak_mem_gb 0.216
2026-10-01 22:36:19,710 | DEBUG | step 6641 epoch 5 loss 0.2267 step_s 0.0018 peak_mem_gb 0.216
2026-10-01 22:36:19,712 | DEBUG | step 6642 epoch 5 loss 0.0283 step_s 0.0016 peak_mem_gb 0.216
2026-10-01 22:36:19,714 | DEBUG | step 6643 epoch 5 loss 0.1209 step_s 0.0016 peak_mem_gb 0.216
2026-10-01 22:36:19,716 | DEBUG | step 6644 epoch 5 loss 0.0302 step_s 0.0016 peak_mem_gb 0.216
2026-10-01 22:36:19,719 | DEBUG | step 6645 epoch 5 loss 0.0507 step_s 0.0016 peak_mem_gb 0.216
2026-10-01 22:36:19,721 | DEBUG | step 6646 epoch 5 loss 0.1416 step_s 0.0016 peak_mem_gb 0.216
2026-10-01 22:36:19,723 | DEBUG | step 6647 epoch 5 loss 0.1168 step_s 0.0016 peak_mem_gb 0.216
2026-10-01 22:36:19,726 | DEBUG | step 6648 epoch 5 loss 0.0826 step_s 0.0022 peak_mem_gb 0.216
2026-10-01 22:36:19,728 | DEBUG | step 6649 epoch 5 loss 0.1442 step_s 0.0016 peak_mem_gb 0.216
2026-10-01 22:36:19,731 | DEBUG | step 6650 epoch 5 loss 0.2085 step_s 0.0016 peak_mem_gb 0.216
2026-10-01 22:36:19,733 | DEBUG | step 6651 epoch 5 loss 0.0293 step_s 0.0016 peak_mem_gb 0.216
2026-10-01 22:36:19,735 | DEBUG | step 6652 epoch 5 loss 0.0833 step_s 0.0016 peak_mem_gb 0.216
2026-10-01 22:36:19,738 | DEBUG | step 6653 epoch 5 loss 0.0780 step_s 0.0016 peak_mem_gb 0.216
2026-10-01 22:36:19,740 | DEBUG | step 6654 epoch 5 loss 0.0451 step_s 0.0016 peak_mem_gb 0.216
2026-10-01 22:36:19,742 | DEBUG | step 6655 epoch 5 loss 0.0863 step_s 0.0018 peak_mem_gb 0.216
2026-10-01 22:36:19,745 | DEBUG | step 6656 epoch 5 loss 0.1055 step_s 0.0016 peak_mem_gb 0.216
2026-10-01 22:36:19,747 | DEBUG | step 6657 epoch 5 loss 0.0709 step_s 0.0016 peak_mem_gb 0.216
2026-10-01 22:36:19,749 | DEBUG | step 6658 epoch 5 loss 0.0645 step_s 0.0016 peak_mem_gb 0.216
2026-10-01 22:36:19,752 | DEBUG | step 6659 epoch 5 loss 0.1841 step_s 0.0016 peak_mem_gb 0.216
2026-10-01 22:36:19,754 | DEBUG | step 6660 epoch 5 loss 0.0698 step_s 0.0016 peak_mem_gb 0.216
2026-10-01 22:36:19,757 | DEBUG | step 6661 epoch 5 loss 0.0452 step_s 0.0017 peak_mem_gb 0.216
2026-10-01 22:36:19,759 | DEBUG | step 6662 epoch 5 loss 0.0455 step_s 0.0016 peak_mem_gb 0.216
2026-10-01 22:36:19,761 | DEBUG | step 6663 epoch 5 loss 0.1553 step_s 0.0016 peak_mem_gb 0.216
2026-10-01 22:36:19,763 | DEBUG | step 6664 epoch 5 loss 0.0635 step_s 0.0016 peak_mem_gb 0.216
2026-10-01 22:36:19,766 | DEBUG | step 6665 epoch 5 loss 0.0891 step_s 0.0016 peak_mem_gb 0.216
2026-10-01 22:36:19,768 | DEBUG | step 6666 epoch 5 loss 0.3242 step_s 0.0016 peak_mem_gb 0.216
2026-10-01 22:36:19,770 | DEBUG | step 6667 epoch 5 loss 0.0308 step_s 0.0016 peak_mem_gb 0.216
2026-10-01 22:36:19,773 | DEBUG | step 6668 epoch 5 loss 0.0710 step_s 0.0017 peak_mem_gb 0.216
2026-10-01 22:36:19,775 | DEBUG | step 6669 epoch 5 loss 0.1460 step_s 0.0017 peak_mem_gb 0.216
2026-10-01 22:36:19,777 | DEBUG | step 6670 epoch 5 loss 0.2428 step_s 0.0016 peak_mem_gb 0.216
2026-10-01 22:36:19,780 | DEBUG | step 6671 epoch 5 loss 0.1119 step_s 0.0016 peak_mem_gb 0.216
2026-10-01 22:36:19,782 | DEBUG | step 6672 epoch 5 loss 0.0374 step_s 0.0016 peak_mem_gb 0.216
2026-10-01 22:36:19,784 | DEBUG | step 6673 epoch 5 loss 0.0840 step_s 0.0016 peak_mem_gb 0.216
2026-10-01 22:36:19,787 | DEBUG | step 6674 epoch 5 loss 0.1128 step_s 0.0016 peak_mem_gb 0.216
2026-10-01 22:36:19,789 | DEBUG | step 6675 epoch 5 loss 0.1162 step_s 0.0020 peak_mem_gb 0.216
2026-10-01 22:36:19,792 | DEBUG | step 6676 epoch 5 loss 0.1353 step_s 0.0016 peak_mem_gb 0.216
2026-10-01 22:36:19,794 | DEBUG | step 6677 epoch 5 loss 0.0660 step_s 0.0016 peak_mem_gb 0.216
2026-10-01 22:36:19,796 | DEBUG | step 6678 epoch 5 loss 0.0436 step_s 0.0017 peak_mem_gb 0.216
2026-10-01 22:36:19,799 | DEBUG | step 6679 epoch 5 loss 0.0812 step_s 0.0016 peak_mem_gb 0.216
2026-10-01 22:36:19,801 | DEBUG | step 6680 epoch 5 loss 0.0783 step_s 0.0016 peak_mem_gb 0.216
2026-10-01 22:36:19,804 | DEBUG | step 6681 epoch 5 loss 0.0932 step_s 0.0017 peak_mem_gb 0.216
2026-10-01 22:36:19,806 | DEBUG | step 6682 epoch 5 loss 0.1591 step_s 0.0017 peak_mem_gb 0.216
2026-10-01 22:36:19,808 | DEBUG | step 6683 epoch 5 loss 0.0640 step_s 0.0016 peak_mem_gb 0.216
2026-10-01 22:36:19,811 | DEBUG | step 6684 epoch 5 loss 0.2466 step_s 0.0016 peak_mem_gb 0.216
2026-10-01 22:36:19,813 | DEBUG | step 6685 epoch 5 loss 0.0844 step_s 0.0018 peak_mem_gb 0.216
2026-10-01 22:36:19,816 | DEBUG | step 6686 epoch 5 loss 0.2758 step_s 0.0016 peak_mem_gb 0.216
2026-10-01 22:36:19,818 | DEBUG | step 6687 epoch 5 loss 0.1754 step_s 0.0016 peak_mem_gb 0.216
2026-10-01 22:36:19,820 | DEBUG | step 6688 epoch 5 loss 0.1168 step_s 0.0017 peak_mem_gb 0.216
2026-10-01 22:36:19,824 | DEBUG | step 6689 epoch 5 loss 0.0319 step_s 0.0029 peak_mem_gb 0.216
2026-10-01 22:36:19,827 | DEBUG | step 6690 epoch 5 loss 0.1135 step_s 0.0022 peak_mem_gb 0.216
2026-10-01 22:36:19,830 | DEBUG | step 6691 epoch 5 loss 0.0957 step_s 0.0018 peak_mem_gb 0.216
2026-10-01 22:36:19,832 | DEBUG | step 6692 epoch 5 loss 0.4200 step_s 0.0017 peak_mem_gb 0.216
2026-10-01 22:36:19,835 | DEBUG | step 6693 epoch 5 loss 0.1355 step_s 0.0018 peak_mem_gb 0.216
2026-10-01 22:36:19,838 | DEBUG | step 6694 epoch 5 loss 0.1538 step_s 0.0018 peak_mem_gb 0.216
2026-10-01 22:36:19,840 | DEBUG | step 6695 epoch 5 loss 0.1651 step_s 0.0016 peak_mem_gb 0.216
2026-10-01 22:36:19,842 | DEBUG | step 6696 epoch 5 loss 0.1280 step_s 0.0016 peak_mem_gb 0.216
2026-10-01 22:36:19,845 | DEBUG | step 6697 epoch 5 loss 0.0528 step_s 0.0016 peak_mem_gb 0.216
2026-10-01 22:36:19,847 | DEBUG | step 6698 epoch 5 loss 0.1221 step_s 0.0017 peak_mem_gb 0.216
2026-10-01 22:36:19,849 | DEBUG | step 6699 epoch 5 loss 0.0866 step_s 0.0017 peak_mem_gb 0.216
2026-10-01 22:36:19,852 | DEBUG | step 6700 epoch 5 loss 0.0319 step_s 0.0018 peak_mem_gb 0.216
2026-10-01 22:36:19,854 | DEBUG | step 6701 epoch 5 loss 0.0540 step_s 0.0016 peak_mem_gb 0.216
2026-10-01 22:36:19,857 | DEBUG | step 6702 epoch 5 loss 0.1120 step_s 0.0017 peak_mem_gb 0.216
2026-10-01 22:36:19,859 | DEBUG | step 6703 epoch 5 loss 0.0607 step_s 0.0017 peak_mem_gb 0.216
2026-10-01 22:36:19,862 | DEBUG | step 6704 epoch 5 loss 0.1450 step_s 0.0016 peak_mem_gb 0.216
2026-10-01 22:36:19,864 | DEBUG | step 6705 epoch 5 loss 0.0913 step_s 0.0017 peak_mem_gb 0.216
2026-10-01 22:36:19,866 | DEBUG | step 6706 epoch 5 loss 0.1007 step_s 0.0016 peak_mem_gb 0.216
2026-10-01 22:36:19,869 | DEBUG | step 6707 epoch 5 loss 0.1309 step_s 0.0016 peak_mem_gb 0.216
2026-10-01 22:36:19,871 | DEBUG | step 6708 epoch 5 loss 0.1844 step_s 0.0016 peak_mem_gb 0.216
2026-10-01 22:36:19,873 | DEBUG | step 6709 epoch 5 loss 0.1266 step_s 0.0017 peak_mem_gb 0.216
2026-10-01 22:36:19,876 | DEBUG | step 6710 epoch 5 loss 0.0609 step_s 0.0016 peak_mem_gb 0.216
2026-10-01 22:36:19,878 | DEBUG | step 6711 epoch 5 loss 0.1190 step_s 0.0016 peak_mem_gb 0.216
2026-10-01 22:36:19,880 | DEBUG | step 6712 epoch 5 loss 0.1244 step_s 0.0016 peak_mem_gb 0.216
2026-10-01 22:36:19,882 | DEBUG | step 6713 epoch 5 loss 0.1196 step_s 0.0016 peak_mem_gb 0.216
2026-10-01 22:36:19,885 | DEBUG | step 6714 epoch 5 loss 0.1018 step_s 0.0016 peak_mem_gb 0.216
2026-10-01 22:36:19,887 | DEBUG | step 6715 epoch 5 loss 0.1466 step_s 0.0016 peak_mem_gb 0.216
2026-10-01 22:36:19,889 | DEBUG | step 6716 epoch 5 loss 0.0817 step_s 0.0016 peak_mem_gb 0.216
2026-10-01 22:36:19,892 | DEBUG | step 6717 epoch 5 loss 0.2101 step_s 0.0016 peak_mem_gb 0.216
2026-10-01 22:36:19,894 | DEBUG | step 6718 epoch 5 loss 0.0143 step_s 0.0016 peak_mem_gb 0.216
2026-10-01 22:36:19,896 | DEBUG | step 6719 epoch 5 loss 0.1302 step_s 0.0015 peak_mem_gb 0.216
2026-10-01 22:36:19,899 | DEBUG | step 6720 epoch 5 loss 0.1020 step_s 0.0016 peak_mem_gb 0.216
2026-10-01 22:36:19,901 | DEBUG | step 6721 epoch 5 loss 0.1433 step_s 0.0017 peak_mem_gb 0.216
2026-10-01 22:36:19,903 | DEBUG | step 6722 epoch 5 loss 0.1230 step_s 0.0016 peak_mem_gb 0.216
2026-10-01 22:36:19,906 | DEBUG | step 6723 epoch 5 loss 0.1496 step_s 0.0016 peak_mem_gb 0.216
2026-10-01 22:36:19,908 | DEBUG | step 6724 epoch 5 loss 0.1428 step_s 0.0016 peak_mem_gb 0.216
2026-10-01 22:36:19,910 | DEBUG | step 6725 epoch 5 loss 0.0945 step_s 0.0016 peak_mem_gb 0.216
2026-10-01 22:36:19,913 | DEBUG | step 6726 epoch 5 loss 0.1009 step_s 0.0016 peak_mem_gb 0.216
2026-10-01 22:36:19,915 | DEBUG | step 6727 epoch 5 loss 0.0446 step_s 0.0016 peak_mem_gb 0.216
2026-10-01 22:36:19,917 | DEBUG | step 6728 epoch 5 loss 0.1147 step_s 0.0016 peak_mem_gb 0.216
2026-10-01 22:36:19,920 | DEBUG | step 6729 epoch 5 loss 0.0768 step_s 0.0016 peak_mem_gb 0.216
2026-10-01 22:36:19,922 | DEBUG | step 6730 epoch 5 loss 0.0596 step_s 0.0016 peak_mem_gb 0.216
2026-10-01 22:36:19,924 | DEBUG | step 6731 epoch 5 loss 0.1704 step_s 0.0017 peak_mem_gb 0.216
2026-10-01 22:36:19,927 | DEBUG | step 6732 epoch 5 loss 0.0319 step_s 0.0016 peak_mem_gb 0.216
2026-10-01 22:36:19,929 | DEBUG | step 6733 epoch 5 loss 0.0766 step_s 0.0016 peak_mem_gb 0.216
2026-10-01 22:36:19,931 | DEBUG | step 6734 epoch 5 loss 0.1202 step_s 0.0016 peak_mem_gb 0.216
2026-10-01 22:36:19,934 | DEBUG | step 6735 epoch 5 loss 0.1134 step_s 0.0016 peak_mem_gb 0.216
2026-10-01 22:36:19,936 | DEBUG | step 6736 epoch 5 loss 0.0855 step_s 0.0016 peak_mem_gb 0.216
2026-10-01 22:36:19,938 | DEBUG | step 6737 epoch 5 loss 0.2098 step_s 0.0016 peak_mem_gb 0.216
2026-10-01 22:36:19,940 | DEBUG | step 6738 epoch 5 loss 0.0500 step_s 0.0017 peak_mem_gb 0.216
2026-10-01 22:36:19,943 | DEBUG | step 6739 epoch 5 loss 0.1513 step_s 0.0016 peak_mem_gb 0.216
2026-10-01 22:36:19,945 | DEBUG | step 6740 epoch 5 loss 0.1626 step_s 0.0017 peak_mem_gb 0.216
2026-10-01 22:36:19,948 | DEBUG | step 6741 epoch 5 loss 0.2580 step_s 0.0016 peak_mem_gb 0.216
2026-10-01 22:36:19,950 | DEBUG | step 6742 epoch 5 loss 0.0601 step_s 0.0016 peak_mem_gb 0.216
2026-10-01 22:36:19,952 | DEBUG | step 6743 epoch 5 loss 0.0812 step_s 0.0017 peak_mem_gb 0.216
2026-10-01 22:36:19,954 | DEBUG | step 6744 epoch 5 loss 0.1788 step_s 0.0016 peak_mem_gb 0.216
2026-10-01 22:36:19,957 | DEBUG | step 6745 epoch 5 loss 0.2460 step_s 0.0016 peak_mem_gb 0.216
2026-10-01 22:36:19,959 | DEBUG | step 6746 epoch 5 loss 0.1397 step_s 0.0016 peak_mem_gb 0.216
2026-10-01 22:36:19,962 | DEBUG | step 6747 epoch 5 loss 0.1839 step_s 0.0017 peak_mem_gb 0.216
2026-10-01 22:36:19,964 | DEBUG | step 6748 epoch 5 loss 0.0536 step_s 0.0016 peak_mem_gb 0.216
2026-10-01 22:36:19,966 | DEBUG | step 6749 epoch 5 loss 0.1055 step_s 0.0016 peak_mem_gb 0.216
2026-10-01 22:36:19,968 | DEBUG | step 6750 epoch 5 loss 0.1678 step_s 0.0016 peak_mem_gb 0.216
2026-10-01 22:36:19,971 | DEBUG | step 6751 epoch 5 loss 0.1384 step_s 0.0016 peak_mem_gb 0.216
2026-10-01 22:36:19,973 | DEBUG | step 6752 epoch 5 loss 0.0442 step_s 0.0016 peak_mem_gb 0.216
2026-10-01 22:36:19,975 | DEBUG | step 6753 epoch 5 loss 0.0278 step_s 0.0016 peak_mem_gb 0.216
2026-10-01 22:36:19,978 | DEBUG | step 6754 epoch 5 loss 0.0906 step_s 0.0017 peak_mem_gb 0.216
2026-10-01 22:36:19,980 | DEBUG | step 6755 epoch 5 loss 0.0527 step_s 0.0016 peak_mem_gb 0.216
2026-10-01 22:36:19,982 | DEBUG | step 6756 epoch 5 loss 0.0673 step_s 0.0016 peak_mem_gb 0.216
2026-10-01 22:36:19,984 | DEBUG | step 6757 epoch 5 loss 0.1211 step_s 0.0016 peak_mem_gb 0.216
2026-10-01 22:36:19,987 | DEBUG | step 6758 epoch 5 loss 0.1124 step_s 0.0016 peak_mem_gb 0.216
2026-10-01 22:36:19,989 | DEBUG | step 6759 epoch 5 loss 0.1320 step_s 0.0019 peak_mem_gb 0.216
2026-10-01 22:36:19,992 | DEBUG | step 6760 epoch 5 loss 0.0242 step_s 0.0016 peak_mem_gb 0.216
2026-10-01 22:36:19,994 | DEBUG | step 6761 epoch 5 loss 0.2351 step_s 0.0016 peak_mem_gb 0.216
2026-10-01 22:36:19,997 | DEBUG | step 6762 epoch 5 loss 0.1971 step_s 0.0016 peak_mem_gb 0.216
2026-10-01 22:36:19,999 | DEBUG | step 6763 epoch 5 loss 0.1277 step_s 0.0016 peak_mem_gb 0.216
2026-10-01 22:36:20,001 | DEBUG | step 6764 epoch 5 loss 0.1620 step_s 0.0016 peak_mem_gb 0.216
2026-10-01 22:36:20,003 | DEBUG | step 6765 epoch 5 loss 0.1199 step_s 0.0016 peak_mem_gb 0.216
2026-10-01 22:36:20,006 | DEBUG | step 6766 epoch 5 loss 0.2536 step_s 0.0016 peak_mem_gb 0.216
2026-10-01 22:36:20,008 | DEBUG | step 6767 epoch 5 loss 0.1504 step_s 0.0016 peak_mem_gb 0.216
2026-10-01 22:36:20,010 | DEBUG | step 6768 epoch 5 loss 0.1285 step_s 0.0016 peak_mem_gb 0.216
2026-10-01 22:36:20,013 | DEBUG | step 6769 epoch 5 loss 0.1557 step_s 0.0016 peak_mem_gb 0.216
2026-10-01 22:36:20,015 | DEBUG | step 6770 epoch 5 loss 0.2012 step_s 0.0016 peak_mem_gb 0.216
2026-10-01 22:36:20,017 | DEBUG | step 6771 epoch 5 loss 0.0966 step_s 0.0017 peak_mem_gb 0.216
2026-10-01 22:36:20,020 | DEBUG | step 6772 epoch 5 loss 0.1848 step_s 0.0016 peak_mem_gb 0.216
2026-10-01 22:36:20,022 | DEBUG | step 6773 epoch 5 loss 0.1789 step_s 0.0016 peak_mem_gb 0.216
2026-10-01 22:36:20,024 | DEBUG | step 6774 epoch 5 loss 0.1072 step_s 0.0016 peak_mem_gb 0.216
2026-10-01 22:36:20,027 | DEBUG | step 6775 epoch 5 loss 0.1238 step_s 0.0016 peak_mem_gb 0.216
2026-10-01 22:36:20,029 | DEBUG | step 6776 epoch 5 loss 0.0968 step_s 0.0016 peak_mem_gb 0.216
2026-10-01 22:36:20,031 | DEBUG | step 6777 epoch 5 loss 0.1537 step_s 0.0016 peak_mem_gb 0.216
2026-10-01 22:36:20,034 | DEBUG | step 6778 epoch 5 loss 0.0621 step_s 0.0016 peak_mem_gb 0.216
2026-10-01 22:36:20,036 | DEBUG | step 6779 epoch 5 loss 0.1528 step_s 0.0016 peak_mem_gb 0.216
2026-10-01 22:36:20,038 | DEBUG | step 6780 epoch 5 loss 0.1618 step_s 0.0016 peak_mem_gb 0.216
2026-10-01 22:36:20,041 | DEBUG | step 6781 epoch 5 loss 0.1688 step_s 0.0022 peak_mem_gb 0.216
2026-10-01 22:36:20,044 | DEBUG | step 6782 epoch 5 loss 0.1343 step_s 0.0016 peak_mem_gb 0.216
2026-10-01 22:36:20,046 | DEBUG | step 6783 epoch 5 loss 0.0483 step_s 0.0016 peak_mem_gb 0.216
2026-10-01 22:36:20,048 | DEBUG | step 6784 epoch 5 loss 0.1022 step_s 0.0016 peak_mem_gb 0.216
2026-10-01 22:36:20,051 | DEBUG | step 6785 epoch 5 loss 0.0878 step_s 0.0016 peak_mem_gb 0.216
2026-10-01 22:36:20,053 | DEBUG | step 6786 epoch 5 loss 0.0572 step_s 0.0016 peak_mem_gb 0.216
2026-10-01 22:36:20,055 | DEBUG | step 6787 epoch 5 loss 0.0863 step_s 0.0016 peak_mem_gb 0.216
2026-10-01 22:36:20,057 | DEBUG | step 6788 epoch 5 loss 0.0628 step_s 0.0016 peak_mem_gb 0.216
2026-10-01 22:36:20,060 | DEBUG | step 6789 epoch 5 loss 0.1214 step_s 0.0016 peak_mem_gb 0.216
2026-10-01 22:36:20,062 | DEBUG | step 6790 epoch 5 loss 0.2044 step_s 0.0016 peak_mem_gb 0.216
2026-10-01 22:36:20,064 | DEBUG | step 6791 epoch 5 loss 0.1899 step_s 0.0016 peak_mem_gb 0.216
2026-10-01 22:36:20,067 | DEBUG | step 6792 epoch 5 loss 0.1063 step_s 0.0016 peak_mem_gb 0.216
2026-10-01 22:36:20,069 | DEBUG | step 6793 epoch 5 loss 0.0594 step_s 0.0017 peak_mem_gb 0.216
2026-10-01 22:36:20,071 | DEBUG | step 6794 epoch 5 loss 0.0919 step_s 0.0016 peak_mem_gb 0.216
2026-10-01 22:36:20,074 | DEBUG | step 6795 epoch 5 loss 0.0547 step_s 0.0022 peak_mem_gb 0.216
2026-10-01 22:36:20,077 | DEBUG | step 6796 epoch 5 loss 0.1128 step_s 0.0019 peak_mem_gb 0.216
2026-10-01 22:36:20,079 | DEBUG | step 6797 epoch 5 loss 0.0808 step_s 0.0017 peak_mem_gb 0.216
2026-10-01 22:36:20,082 | DEBUG | step 6798 epoch 5 loss 0.1039 step_s 0.0017 peak_mem_gb 0.216
2026-10-01 22:36:20,085 | DEBUG | step 6799 epoch 5 loss 0.1278 step_s 0.0018 peak_mem_gb 0.216
2026-10-01 22:36:20,087 | INFO | step 6800 epoch 5 loss 0.2056 step_s 0.0017 peak_mem_gb 0.216
2026-10-01 22:36:20,090 | DEBUG | step 6801 epoch 5 loss 0.0896 step_s 0.0016 peak_mem_gb 0.216
2026-10-01 22:36:20,093 | DEBUG | step 6802 epoch 5 loss 0.1939 step_s 0.0020 peak_mem_gb 0.216
2026-10-01 22:36:20,097 | DEBUG | step 6803 epoch 5 loss 0.1376 step_s 0.0030 peak_mem_gb 0.216
2026-10-01 22:36:20,100 | DEBUG | step 6804 epoch 5 loss 0.1222 step_s 0.0017 peak_mem_gb 0.216
2026-10-01 22:36:20,102 | DEBUG | step 6805 epoch 5 loss 0.1325 step_s 0.0016 peak_mem_gb 0.216
2026-10-01 22:36:20,104 | DEBUG | step 6806 epoch 5 loss 0.0487 step_s 0.0016 peak_mem_gb 0.216
2026-10-01 22:36:20,107 | DEBUG | step 6807 epoch 5 loss 0.0733 step_s 0.0016 peak_mem_gb 0.216
2026-10-01 22:36:20,109 | DEBUG | step 6808 epoch 5 loss 0.0365 step_s 0.0016 peak_mem_gb 0.216
2026-10-01 22:36:20,111 | DEBUG | step 6809 epoch 5 loss 0.1553 step_s 0.0016 peak_mem_gb 0.216
2026-10-01 22:36:20,114 | DEBUG | step 6810 epoch 5 loss 0.1110 step_s 0.0016 peak_mem_gb 0.216
2026-10-01 22:36:20,116 | DEBUG | step 6811 epoch 5 loss 0.1497 step_s 0.0016 peak_mem_gb 0.216
2026-10-01 22:36:20,118 | DEBUG | step 6812 epoch 5 loss 0.3407 step_s 0.0016 peak_mem_gb 0.216
2026-10-01 22:36:20,121 | DEBUG | step 6813 epoch 5 loss 0.0844 step_s 0.0018 peak_mem_gb 0.216
2026-10-01 22:36:20,123 | DEBUG | step 6814 epoch 5 loss 0.0864 step_s 0.0016 peak_mem_gb 0.216
2026-10-01 22:36:20,126 | DEBUG | step 6815 epoch 5 loss 0.0557 step_s 0.0017 peak_mem_gb 0.216
2026-10-01 22:36:20,128 | DEBUG | step 6816 epoch 5 loss 0.0979 step_s 0.0018 peak_mem_gb 0.216
2026-10-01 22:36:20,130 | DEBUG | step 6817 epoch 5 loss 0.0896 step_s 0.0016 peak_mem_gb 0.216
2026-10-01 22:36:20,133 | DEBUG | step 6818 epoch 5 loss 0.1395 step_s 0.0016 peak_mem_gb 0.216
2026-10-01 22:36:20,135 | DEBUG | step 6819 epoch 5 loss 0.1041 step_s 0.0016 peak_mem_gb 0.216
2026-10-01 22:36:20,137 | DEBUG | step 6820 epoch 5 loss 0.1210 step_s 0.0017 peak_mem_gb 0.216
2026-10-01 22:36:20,140 | DEBUG | step 6821 epoch 5 loss 0.0463 step_s 0.0017 peak_mem_gb 0.216
2026-10-01 22:36:20,142 | DEBUG | step 6822 epoch 5 loss 0.0976 step_s 0.0016 peak_mem_gb 0.216
2026-10-01 22:36:20,145 | DEBUG | step 6823 epoch 5 loss 0.1886 step_s 0.0016 peak_mem_gb 0.216
2026-10-01 22:36:20,147 | DEBUG | step 6824 epoch 5 loss 0.1684 step_s 0.0016 peak_mem_gb 0.216
2026-10-01 22:36:20,149 | DEBUG | step 6825 epoch 5 loss 0.0879 step_s 0.0017 peak_mem_gb 0.216
2026-10-01 22:36:20,152 | DEBUG | step 6826 epoch 5 loss 0.1455 step_s 0.0016 peak_mem_gb 0.216
2026-10-01 22:36:20,154 | DEBUG | step 6827 epoch 5 loss 0.1160 step_s 0.0016 peak_mem_gb 0.216
2026-10-01 22:36:20,156 | DEBUG | step 6828 epoch 5 loss 0.2076 step_s 0.0016 peak_mem_gb 0.216
2026-10-01 22:36:20,159 | DEBUG | step 6829 epoch 5 loss 0.1735 step_s 0.0016 peak_mem_gb 0.216
2026-10-01 22:36:20,161 | DEBUG | step 6830 epoch 5 loss 0.0358 step_s 0.0018 peak_mem_gb 0.216
2026-10-01 22:36:20,163 | DEBUG | step 6831 epoch 5 loss 0.0703 step_s 0.0016 peak_mem_gb 0.216
2026-10-01 22:36:20,166 | DEBUG | step 6832 epoch 5 loss 0.0896 step_s 0.0017 peak_mem_gb 0.216
2026-10-01 22:36:20,168 | DEBUG | step 6833 epoch 5 loss 0.1430 step_s 0.0016 peak_mem_gb 0.216
2026-10-01 22:36:20,170 | DEBUG | step 6834 epoch 5 loss 0.1539 step_s 0.0016 peak_mem_gb 0.216
2026-10-01 22:36:20,173 | DEBUG | step 6835 epoch 5 loss 0.1300 step_s 0.0017 peak_mem_gb 0.216
2026-10-01 22:36:20,175 | DEBUG | step 6836 epoch 5 loss 0.0848 step_s 0.0016 peak_mem_gb 0.216
2026-10-01 22:36:20,178 | DEBUG | step 6837 epoch 5 loss 0.1122 step_s 0.0016 peak_mem_gb 0.216
2026-10-01 22:36:20,180 | DEBUG | step 6838 epoch 5 loss 0.1973 step_s 0.0016 peak_mem_gb 0.216
2026-10-01 22:36:20,182 | DEBUG | step 6839 epoch 5 loss 0.1790 step_s 0.0017 peak_mem_gb 0.216
2026-10-01 22:36:20,185 | DEBUG | step 6840 epoch 5 loss 0.0972 step_s 0.0017 peak_mem_gb 0.216
2026-10-01 22:36:20,187 | DEBUG | step 6841 epoch 5 loss 0.1022 step_s 0.0016 peak_mem_gb 0.216
2026-10-01 22:36:20,190 | DEBUG | step 6842 epoch 5 loss 0.2351 step_s 0.0017 peak_mem_gb 0.216
2026-10-01 22:36:20,192 | DEBUG | step 6843 epoch 5 loss 0.0436 step_s 0.0017 peak_mem_gb 0.216
2026-10-01 22:36:20,194 | DEBUG | step 6844 epoch 5 loss 0.0507 step_s 0.0016 peak_mem_gb 0.216
2026-10-01 22:36:20,197 | DEBUG | step 6845 epoch 5 loss 0.1229 step_s 0.0016 peak_mem_gb 0.216
2026-10-01 22:36:20,199 | DEBUG | step 6846 epoch 5 loss 0.1277 step_s 0.0016 peak_mem_gb 0.216
2026-10-01 22:36:20,201 | DEBUG | step 6847 epoch 5 loss 0.1179 step_s 0.0017 peak_mem_gb 0.216
2026-10-01 22:36:20,203 | DEBUG | step 6848 epoch 5 loss 0.0656 step_s 0.0016 peak_mem_gb 0.216
2026-10-01 22:36:20,206 | DEBUG | step 6849 epoch 5 loss 0.1219 step_s 0.0016 peak_mem_gb 0.216
2026-10-01 22:36:20,208 | DEBUG | step 6850 epoch 5 loss 0.0954 step_s 0.0016 peak_mem_gb 0.216
2026-10-01 22:36:20,210 | DEBUG | step 6851 epoch 5 loss 0.1478 step_s 0.0017 peak_mem_gb 0.216
2026-10-01 22:36:20,213 | DEBUG | step 6852 epoch 5 loss 0.0723 step_s 0.0017 peak_mem_gb 0.216
2026-10-01 22:36:20,215 | DEBUG | step 6853 epoch 5 loss 0.0496 step_s 0.0016 peak_mem_gb 0.216
2026-10-01 22:36:20,218 | DEBUG | step 6854 epoch 5 loss 0.1527 step_s 0.0017 peak_mem_gb 0.216
2026-10-01 22:36:20,220 | DEBUG | step 6855 epoch 5 loss 0.0854 step_s 0.0016 peak_mem_gb 0.216
2026-10-01 22:36:20,222 | DEBUG | step 6856 epoch 5 loss 0.0629 step_s 0.0016 peak_mem_gb 0.216
2026-10-01 22:36:20,224 | DEBUG | step 6857 epoch 5 loss 0.0486 step_s 0.0016 peak_mem_gb 0.216
2026-10-01 22:36:20,227 | DEBUG | step 6858 epoch 5 loss 0.1975 step_s 0.0017 peak_mem_gb 0.216
2026-10-01 22:36:20,229 | DEBUG | step 6859 epoch 5 loss 0.1002 step_s 0.0018 peak_mem_gb 0.216
2026-10-01 22:36:20,232 | DEBUG | step 6860 epoch 5 loss 0.1084 step_s 0.0017 peak_mem_gb 0.216
2026-10-01 22:36:20,234 | DEBUG | step 6861 epoch 5 loss 0.1439 step_s 0.0017 peak_mem_gb 0.216
2026-10-01 22:36:20,237 | DEBUG | step 6862 epoch 5 loss 0.0562 step_s 0.0017 peak_mem_gb 0.216
2026-10-01 22:36:20,239 | DEBUG | step 6863 epoch 5 loss 0.0635 step_s 0.0017 peak_mem_gb 0.216
2026-10-01 22:36:20,242 | DEBUG | step 6864 epoch 5 loss 0.0751 step_s 0.0017 peak_mem_gb 0.216
2026-10-01 22:36:20,244 | DEBUG | step 6865 epoch 5 loss 0.0503 step_s 0.0017 peak_mem_gb 0.216
2026-10-01 22:36:20,246 | DEBUG | step 6866 epoch 5 loss 0.0450 step_s 0.0017 peak_mem_gb 0.216
2026-10-01 22:36:20,249 | DEBUG | step 6867 epoch 5 loss 0.1036 step_s 0.0017 peak_mem_gb 0.216
2026-10-01 22:36:20,251 | DEBUG | step 6868 epoch 5 loss 0.0917 step_s 0.0016 peak_mem_gb 0.216
2026-10-01 22:36:20,253 | DEBUG | step 6869 epoch 5 loss 0.1573 step_s 0.0017 peak_mem_gb 0.216
2026-10-01 22:36:20,256 | DEBUG | step 6870 epoch 5 loss 0.0973 step_s 0.0016 peak_mem_gb 0.216
2026-10-01 22:36:20,258 | DEBUG | step 6871 epoch 5 loss 0.0408 step_s 0.0017 peak_mem_gb 0.216
2026-10-01 22:36:20,260 | DEBUG | step 6872 epoch 5 loss 0.1806 step_s 0.0016 peak_mem_gb 0.216
2026-10-01 22:36:20,263 | DEBUG | step 6873 epoch 5 loss 0.1282 step_s 0.0016 peak_mem_gb 0.216
2026-10-01 22:36:20,265 | DEBUG | step 6874 epoch 5 loss 0.0548 step_s 0.0017 peak_mem_gb 0.216
2026-10-01 22:36:20,267 | DEBUG | step 6875 epoch 5 loss 0.0563 step_s 0.0016 peak_mem_gb 0.216
2026-10-01 22:36:20,270 | DEBUG | step 6876 epoch 5 loss 0.1110 step_s 0.0016 peak_mem_gb 0.216
2026-10-01 22:36:20,272 | DEBUG | step 6877 epoch 5 loss 0.1358 step_s 0.0016 peak_mem_gb 0.216
2026-10-01 22:36:20,274 | DEBUG | step 6878 epoch 5 loss 0.1434 step_s 0.0017 peak_mem_gb 0.216
2026-10-01 22:36:20,277 | DEBUG | step 6879 epoch 5 loss 0.0829 step_s 0.0016 peak_mem_gb 0.216
2026-10-01 22:36:20,279 | DEBUG | step 6880 epoch 5 loss 0.1437 step_s 0.0016 peak_mem_gb 0.216
2026-10-01 22:36:20,281 | DEBUG | step 6881 epoch 5 loss 0.0439 step_s 0.0017 peak_mem_gb 0.216
2026-10-01 22:36:20,284 | DEBUG | step 6882 epoch 5 loss 0.1914 step_s 0.0016 peak_mem_gb 0.216
2026-10-01 22:36:20,286 | DEBUG | step 6883 epoch 5 loss 0.1064 step_s 0.0016 peak_mem_gb 0.216
2026-10-01 22:36:20,288 | DEBUG | step 6884 epoch 5 loss 0.1444 step_s 0.0016 peak_mem_gb 0.216
2026-10-01 22:36:20,291 | DEBUG | step 6885 epoch 5 loss 0.0775 step_s 0.0016 peak_mem_gb 0.216
2026-10-01 22:36:20,293 | DEBUG | step 6886 epoch 5 loss 0.2203 step_s 0.0017 peak_mem_gb 0.216
2026-10-01 22:36:20,295 | DEBUG | step 6887 epoch 5 loss 0.1222 step_s 0.0016 peak_mem_gb 0.216
2026-10-01 22:36:20,298 | DEBUG | step 6888 epoch 5 loss 0.0526 step_s 0.0016 peak_mem_gb 0.216
2026-10-01 22:36:20,300 | DEBUG | step 6889 epoch 5 loss 0.0341 step_s 0.0016 peak_mem_gb 0.216
2026-10-01 22:36:20,302 | DEBUG | step 6890 epoch 5 loss 0.0299 step_s 0.0016 peak_mem_gb 0.216
2026-10-01 22:36:20,304 | DEBUG | step 6891 epoch 5 loss 0.1387 step_s 0.0016 peak_mem_gb 0.216
2026-10-01 22:36:20,307 | DEBUG | step 6892 epoch 5 loss 0.1481 step_s 0.0016 peak_mem_gb 0.216
2026-10-01 22:36:20,309 | DEBUG | step 6893 epoch 5 loss 0.1034 step_s 0.0017 peak_mem_gb 0.216
2026-10-01 22:36:20,311 | DEBUG | step 6894 epoch 5 loss 0.1459 step_s 0.0016 peak_mem_gb 0.216
2026-10-01 22:36:20,314 | DEBUG | step 6895 epoch 5 loss 0.0719 step_s 0.0016 peak_mem_gb 0.216
2026-10-01 22:36:20,316 | DEBUG | step 6896 epoch 5 loss 0.1539 step_s 0.0016 peak_mem_gb 0.216
2026-10-01 22:36:20,318 | DEBUG | step 6897 epoch 5 loss 0.1331 step_s 0.0016 peak_mem_gb 0.216
2026-10-01 22:36:20,321 | DEBUG | step 6898 epoch 5 loss 0.1320 step_s 0.0017 peak_mem_gb 0.216
2026-10-01 22:36:20,323 | DEBUG | step 6899 epoch 5 loss 0.1009 step_s 0.0016 peak_mem_gb 0.216
2026-10-01 22:36:20,325 | DEBUG | step 6900 epoch 5 loss 0.0774 step_s 0.0017 peak_mem_gb 0.216
2026-10-01 22:36:20,328 | DEBUG | step 6901 epoch 5 loss 0.0238 step_s 0.0016 peak_mem_gb 0.216
2026-10-01 22:36:20,330 | DEBUG | step 6902 epoch 5 loss 0.1183 step_s 0.0016 peak_mem_gb 0.216
2026-10-01 22:36:20,332 | DEBUG | step 6903 epoch 5 loss 0.0770 step_s 0.0016 peak_mem_gb 0.216
2026-10-01 22:36:20,335 | DEBUG | step 6904 epoch 5 loss 0.1907 step_s 0.0016 peak_mem_gb 0.216
2026-10-01 22:36:20,337 | DEBUG | step 6905 epoch 5 loss 0.1177 step_s 0.0017 peak_mem_gb 0.216
2026-10-01 22:36:20,339 | DEBUG | step 6906 epoch 5 loss 0.0438 step_s 0.0016 peak_mem_gb 0.216
2026-10-01 22:36:20,342 | DEBUG | step 6907 epoch 5 loss 0.2315 step_s 0.0016 peak_mem_gb 0.216
2026-10-01 22:36:20,344 | DEBUG | step 6908 epoch 5 loss 0.0476 step_s 0.0016 peak_mem_gb 0.216
2026-10-01 22:36:20,346 | DEBUG | step 6909 epoch 5 loss 0.1018 step_s 0.0016 peak_mem_gb 0.216
2026-10-01 22:36:20,348 | DEBUG | step 6910 epoch 5 loss 0.0638 step_s 0.0016 peak_mem_gb 0.216
2026-10-01 22:36:20,351 | DEBUG | step 6911 epoch 5 loss 0.0917 step_s 0.0016 peak_mem_gb 0.216
2026-10-01 22:36:20,353 | DEBUG | step 6912 epoch 5 loss 0.0475 step_s 0.0017 peak_mem_gb 0.216
2026-10-01 22:36:20,355 | DEBUG | step 6913 epoch 5 loss 0.1246 step_s 0.0016 peak_mem_gb 0.216
2026-10-01 22:36:20,358 | DEBUG | step 6914 epoch 5 loss 0.1829 step_s 0.0016 peak_mem_gb 0.216
2026-10-01 22:36:20,360 | DEBUG | step 6915 epoch 5 loss 0.0267 step_s 0.0016 peak_mem_gb 0.216
2026-10-01 22:36:20,362 | DEBUG | step 6916 epoch 5 loss 0.0923 step_s 0.0016 peak_mem_gb 0.216
2026-10-01 22:36:20,365 | DEBUG | step 6917 epoch 5 loss 0.0875 step_s 0.0016 peak_mem_gb 0.216
2026-10-01 22:36:20,367 | DEBUG | step 6918 epoch 5 loss 0.2070 step_s 0.0016 peak_mem_gb 0.216
2026-10-01 22:36:20,369 | DEBUG | step 6919 epoch 5 loss 0.1170 step_s 0.0017 peak_mem_gb 0.216
2026-10-01 22:36:20,372 | DEBUG | step 6920 epoch 5 loss 0.0415 step_s 0.0017 peak_mem_gb 0.216
2026-10-01 22:36:20,375 | DEBUG | step 6921 epoch 5 loss 0.0404 step_s 0.0017 peak_mem_gb 0.216
2026-10-01 22:36:20,377 | DEBUG | step 6922 epoch 5 loss 0.1767 step_s 0.0018 peak_mem_gb 0.216
2026-10-01 22:36:20,379 | DEBUG | step 6923 epoch 5 loss 0.1564 step_s 0.0017 peak_mem_gb 0.216
2026-10-01 22:36:20,382 | DEBUG | step 6924 epoch 5 loss 0.0454 step_s 0.0017 peak_mem_gb 0.216
2026-10-01 22:36:20,384 | DEBUG | step 6925 epoch 5 loss 0.1890 step_s 0.0018 peak_mem_gb 0.216
2026-10-01 22:36:20,386 | DEBUG | step 6926 epoch 5 loss 0.0459 step_s 0.0016 peak_mem_gb 0.216
2026-10-01 22:36:20,389 | DEBUG | step 6927 epoch 5 loss 0.1986 step_s 0.0016 peak_mem_gb 0.216
2026-10-01 22:36:20,391 | DEBUG | step 6928 epoch 5 loss 0.0855 step_s 0.0016 peak_mem_gb 0.216
2026-10-01 22:36:20,393 | DEBUG | step 6929 epoch 5 loss 0.1327 step_s 0.0017 peak_mem_gb 0.216
2026-10-01 22:36:20,396 | DEBUG | step 6930 epoch 5 loss 0.0573 step_s 0.0016 peak_mem_gb 0.216
2026-10-01 22:36:20,398 | DEBUG | step 6931 epoch 5 loss 0.1542 step_s 0.0016 peak_mem_gb 0.216
2026-10-01 22:36:20,400 | DEBUG | step 6932 epoch 5 loss 0.0844 step_s 0.0017 peak_mem_gb 0.216
2026-10-01 22:36:20,403 | DEBUG | step 6933 epoch 5 loss 0.0950 step_s 0.0016 peak_mem_gb 0.216
2026-10-01 22:36:20,405 | DEBUG | step 6934 epoch 5 loss 0.1211 step_s 0.0017 peak_mem_gb 0.216
2026-10-01 22:36:20,407 | DEBUG | step 6935 epoch 5 loss 0.0831 step_s 0.0016 peak_mem_gb 0.216
2026-10-01 22:36:20,410 | DEBUG | step 6936 epoch 5 loss 0.0887 step_s 0.0016 peak_mem_gb 0.216
2026-10-01 22:36:20,412 | DEBUG | step 6937 epoch 5 loss 0.1362 step_s 0.0016 peak_mem_gb 0.216
2026-10-01 22:36:20,414 | DEBUG | step 6938 epoch 5 loss 0.1292 step_s 0.0016 peak_mem_gb 0.216
2026-10-01 22:36:20,417 | DEBUG | step 6939 epoch 5 loss 0.1233 step_s 0.0017 peak_mem_gb 0.216
2026-10-01 22:36:20,419 | DEBUG | step 6940 epoch 5 loss 0.1680 step_s 0.0016 peak_mem_gb 0.216
2026-10-01 22:36:20,421 | DEBUG | step 6941 epoch 5 loss 0.0930 step_s 0.0017 peak_mem_gb 0.216
2026-10-01 22:36:20,424 | DEBUG | step 6942 epoch 5 loss 0.0660 step_s 0.0016 peak_mem_gb 0.216
2026-10-01 22:36:20,426 | DEBUG | step 6943 epoch 5 loss 0.1042 step_s 0.0016 peak_mem_gb 0.216
2026-10-01 22:36:20,428 | DEBUG | step 6944 epoch 5 loss 0.1273 step_s 0.0016 peak_mem_gb 0.216
2026-10-01 22:36:20,431 | DEBUG | step 6945 epoch 5 loss 0.1221 step_s 0.0016 peak_mem_gb 0.216
2026-10-01 22:36:20,433 | DEBUG | step 6946 epoch 5 loss 0.2579 step_s 0.0016 peak_mem_gb 0.216
2026-10-01 22:36:20,435 | DEBUG | step 6947 epoch 5 loss 0.0918 step_s 0.0016 peak_mem_gb 0.216
2026-10-01 22:36:20,438 | DEBUG | step 6948 epoch 5 loss 0.2722 step_s 0.0017 peak_mem_gb 0.216
2026-10-01 22:36:20,440 | DEBUG | step 6949 epoch 5 loss 0.1418 step_s 0.0016 peak_mem_gb 0.216
2026-10-01 22:36:20,442 | DEBUG | step 6950 epoch 5 loss 0.1731 step_s 0.0016 peak_mem_gb 0.216
2026-10-01 22:36:20,444 | DEBUG | step 6951 epoch 5 loss 0.0566 step_s 0.0016 peak_mem_gb 0.216
2026-10-01 22:36:20,447 | DEBUG | step 6952 epoch 5 loss 0.0940 step_s 0.0016 peak_mem_gb 0.216
2026-10-01 22:36:20,449 | DEBUG | step 6953 epoch 5 loss 0.1310 step_s 0.0017 peak_mem_gb 0.216
2026-10-01 22:36:20,452 | DEBUG | step 6954 epoch 5 loss 0.0662 step_s 0.0016 peak_mem_gb 0.216
2026-10-01 22:36:20,454 | DEBUG | step 6955 epoch 5 loss 0.1319 step_s 0.0017 peak_mem_gb 0.216
2026-10-01 22:36:20,456 | DEBUG | step 6956 epoch 5 loss 0.1860 step_s 0.0016 peak_mem_gb 0.216
2026-10-01 22:36:20,459 | DEBUG | step 6957 epoch 5 loss 0.1011 step_s 0.0016 peak_mem_gb 0.216
2026-10-01 22:36:20,461 | DEBUG | step 6958 epoch 5 loss 0.1822 step_s 0.0016 peak_mem_gb 0.216
2026-10-01 22:36:20,463 | DEBUG | step 6959 epoch 5 loss 0.1078 step_s 0.0017 peak_mem_gb 0.216
2026-10-01 22:36:20,466 | DEBUG | step 6960 epoch 5 loss 0.1228 step_s 0.0017 peak_mem_gb 0.216
2026-10-01 22:36:20,468 | DEBUG | step 6961 epoch 5 loss 0.1761 step_s 0.0016 peak_mem_gb 0.216
2026-10-01 22:36:20,470 | DEBUG | step 6962 epoch 5 loss 0.0968 step_s 0.0016 peak_mem_gb 0.216
2026-10-01 22:36:20,473 | DEBUG | step 6963 epoch 5 loss 0.0945 step_s 0.0017 peak_mem_gb 0.216
2026-10-01 22:36:20,475 | DEBUG | step 6964 epoch 5 loss 0.0791 step_s 0.0016 peak_mem_gb 0.216
2026-10-01 22:36:20,477 | DEBUG | step 6965 epoch 5 loss 0.1173 step_s 0.0017 peak_mem_gb 0.216
2026-10-01 22:36:20,480 | DEBUG | step 6966 epoch 5 loss 0.1426 step_s 0.0017 peak_mem_gb 0.216
2026-10-01 22:36:20,482 | DEBUG | step 6967 epoch 5 loss 0.0916 step_s 0.0016 peak_mem_gb 0.216
2026-10-01 22:36:20,484 | DEBUG | step 6968 epoch 5 loss 0.1006 step_s 0.0016 peak_mem_gb 0.216
2026-10-01 22:36:20,487 | DEBUG | step 6969 epoch 5 loss 0.1373 step_s 0.0016 peak_mem_gb 0.216
2026-10-01 22:36:20,489 | DEBUG | step 6970 epoch 5 loss 0.2742 step_s 0.0017 peak_mem_gb 0.216
2026-10-01 22:36:20,491 | DEBUG | step 6971 epoch 5 loss 0.0931 step_s 0.0016 peak_mem_gb 0.216
2026-10-01 22:36:20,493 | DEBUG | step 6972 epoch 5 loss 0.1252 step_s 0.0017 peak_mem_gb 0.216
2026-10-01 22:36:20,496 | DEBUG | step 6973 epoch 5 loss 0.1323 step_s 0.0016 peak_mem_gb 0.216
2026-10-01 22:36:20,498 | DEBUG | step 6974 epoch 5 loss 0.0700 step_s 0.0016 peak_mem_gb 0.216
2026-10-01 22:36:20,501 | DEBUG | step 6975 epoch 5 loss 0.1216 step_s 0.0016 peak_mem_gb 0.216
2026-10-01 22:36:20,503 | DEBUG | step 6976 epoch 5 loss 0.1038 step_s 0.0016 peak_mem_gb 0.216
2026-10-01 22:36:20,505 | DEBUG | step 6977 epoch 5 loss 0.1080 step_s 0.0017 peak_mem_gb 0.216
2026-10-01 22:36:20,507 | DEBUG | step 6978 epoch 5 loss 0.0799 step_s 0.0016 peak_mem_gb 0.216
2026-10-01 22:36:20,510 | DEBUG | step 6979 epoch 5 loss 0.1109 step_s 0.0016 peak_mem_gb 0.216
2026-10-01 22:36:20,512 | DEBUG | step 6980 epoch 5 loss 0.1626 step_s 0.0017 peak_mem_gb 0.216
2026-10-01 22:36:20,515 | DEBUG | step 6981 epoch 5 loss 0.0358 step_s 0.0016 peak_mem_gb 0.216
2026-10-01 22:36:20,517 | DEBUG | step 6982 epoch 5 loss 0.1567 step_s 0.0016 peak_mem_gb 0.216
2026-10-01 22:36:20,519 | DEBUG | step 6983 epoch 5 loss 0.1035 step_s 0.0016 peak_mem_gb 0.216
2026-10-01 22:36:20,522 | DEBUG | step 6984 epoch 5 loss 0.0496 step_s 0.0016 peak_mem_gb 0.216
2026-10-01 22:36:20,524 | DEBUG | step 6985 epoch 5 loss 0.3526 step_s 0.0016 peak_mem_gb 0.216
2026-10-01 22:36:20,526 | DEBUG | step 6986 epoch 5 loss 0.0997 step_s 0.0018 peak_mem_gb 0.216
2026-10-01 22:36:20,529 | DEBUG | step 6987 epoch 5 loss 0.1317 step_s 0.0016 peak_mem_gb 0.216
2026-10-01 22:36:20,531 | DEBUG | step 6988 epoch 5 loss 0.1251 step_s 0.0016 peak_mem_gb 0.216
2026-10-01 22:36:20,533 | DEBUG | step 6989 epoch 5 loss 0.1037 step_s 0.0017 peak_mem_gb 0.216
2026-10-01 22:36:20,535 | DEBUG | step 6990 epoch 5 loss 0.1578 step_s 0.0016 peak_mem_gb 0.216
2026-10-01 22:36:20,538 | DEBUG | step 6991 epoch 5 loss 0.1205 step_s 0.0016 peak_mem_gb 0.216
2026-10-01 22:36:20,540 | DEBUG | step 6992 epoch 5 loss 0.1479 step_s 0.0016 peak_mem_gb 0.216
2026-10-01 22:36:20,542 | DEBUG | step 6993 epoch 5 loss 0.1246 step_s 0.0017 peak_mem_gb 0.216
2026-10-01 22:36:20,545 | DEBUG | step 6994 epoch 5 loss 0.0984 step_s 0.0016 peak_mem_gb 0.216
2026-10-01 22:36:20,547 | DEBUG | step 6995 epoch 5 loss 0.1686 step_s 0.0016 peak_mem_gb 0.216
2026-10-01 22:36:20,549 | DEBUG | step 6996 epoch 5 loss 0.1808 step_s 0.0017 peak_mem_gb 0.216
2026-10-01 22:36:20,552 | DEBUG | step 6997 epoch 5 loss 0.1652 step_s 0.0016 peak_mem_gb 0.216
2026-10-01 22:36:20,554 | DEBUG | step 6998 epoch 5 loss 0.1205 step_s 0.0016 peak_mem_gb 0.216
2026-10-01 22:36:20,556 | DEBUG | step 6999 epoch 5 loss 0.1918 step_s 0.0016 peak_mem_gb 0.216
2026-10-01 22:36:20,559 | INFO | step 7000 epoch 5 loss 0.1436 step_s 0.0018 peak_mem_gb 0.216
2026-10-01 22:36:20,562 | DEBUG | step 7001 epoch 5 loss 0.0999 step_s 0.0016 peak_mem_gb 0.216
2026-10-01 22:36:20,564 | DEBUG | step 7002 epoch 5 loss 0.1910 step_s 0.0017 peak_mem_gb 0.216
2026-10-01 22:36:20,568 | DEBUG | step 7003 epoch 5 loss 0.0435 step_s 0.0024 peak_mem_gb 0.216
2026-10-01 22:36:20,570 | DEBUG | step 7004 epoch 5 loss 0.1467 step_s 0.0019 peak_mem_gb 0.216
2026-10-01 22:36:20,573 | DEBUG | step 7005 epoch 5 loss 0.1729 step_s 0.0017 peak_mem_gb 0.216
2026-10-01 22:36:20,575 | DEBUG | step 7006 epoch 5 loss 0.0593 step_s 0.0016 peak_mem_gb 0.216
2026-10-01 22:36:20,577 | DEBUG | step 7007 epoch 5 loss 0.0849 step_s 0.0016 peak_mem_gb 0.216
2026-10-01 22:36:20,580 | DEBUG | step 7008 epoch 5 loss 0.2114 step_s 0.0016 peak_mem_gb 0.216
2026-10-01 22:36:20,582 | DEBUG | step 7009 epoch 5 loss 0.1348 step_s 0.0017 peak_mem_gb 0.216
2026-10-01 22:36:20,584 | DEBUG | step 7010 epoch 5 loss 0.1122 step_s 0.0016 peak_mem_gb 0.216
2026-10-01 22:36:20,587 | DEBUG | step 7011 epoch 5 loss 0.0747 step_s 0.0016 peak_mem_gb 0.216
2026-10-01 22:36:20,589 | DEBUG | step 7012 epoch 5 loss 0.0948 step_s 0.0019 peak_mem_gb 0.216
2026-10-01 22:36:20,592 | DEBUG | step 7013 epoch 5 loss 0.0451 step_s 0.0018 peak_mem_gb 0.216
2026-10-01 22:36:20,594 | DEBUG | step 7014 epoch 5 loss 0.1717 step_s 0.0016 peak_mem_gb 0.216
2026-10-01 22:36:20,596 | DEBUG | step 7015 epoch 5 loss 0.1624 step_s 0.0016 peak_mem_gb 0.216
2026-10-01 22:36:20,599 | DEBUG | step 7016 epoch 5 loss 0.1452 step_s 0.0016 peak_mem_gb 0.216
2026-10-01 22:36:20,601 | DEBUG | step 7017 epoch 5 loss 0.0612 step_s 0.0016 peak_mem_gb 0.216
2026-10-01 22:36:20,603 | DEBUG | step 7018 epoch 5 loss 0.0795 step_s 0.0016 peak_mem_gb 0.216
2026-10-01 22:36:20,606 | DEBUG | step 7019 epoch 5 loss 0.1312 step_s 0.0017 peak_mem_gb 0.216
2026-10-01 22:36:20,608 | DEBUG | step 7020 epoch 5 loss 0.1008 step_s 0.0016 peak_mem_gb 0.216
2026-10-01 22:36:20,611 | DEBUG | step 7021 epoch 5 loss 0.0367 step_s 0.0017 peak_mem_gb 0.216
2026-10-01 22:36:20,613 | DEBUG | step 7022 epoch 5 loss 0.0570 step_s 0.0017 peak_mem_gb 0.216
2026-10-01 22:36:20,615 | DEBUG | step 7023 epoch 5 loss 0.0750 step_s 0.0016 peak_mem_gb 0.216
2026-10-01 22:36:20,618 | DEBUG | step 7024 epoch 5 loss 0.1746 step_s 0.0016 peak_mem_gb 0.216
2026-10-01 22:36:20,620 | DEBUG | step 7025 epoch 5 loss 0.2344 step_s 0.0016 peak_mem_gb 0.216
2026-10-01 22:36:20,622 | DEBUG | step 7026 epoch 5 loss 0.1259 step_s 0.0016 peak_mem_gb 0.216
2026-10-01 22:36:20,625 | DEBUG | step 7027 epoch 5 loss 0.0417 step_s 0.0016 peak_mem_gb 0.216
2026-10-01 22:36:20,627 | DEBUG | step 7028 epoch 5 loss 0.1150 step_s 0.0016 peak_mem_gb 0.216
2026-10-01 22:36:20,629 | DEBUG | step 7029 epoch 5 loss 0.1039 step_s 0.0016 peak_mem_gb 0.216
2026-10-01 22:36:20,631 | DEBUG | step 7030 epoch 5 loss 0.0741 step_s 0.0017 peak_mem_gb 0.216
2026-10-01 22:36:20,634 | DEBUG | step 7031 epoch 5 loss 0.1676 step_s 0.0016 peak_mem_gb 0.216
2026-10-01 22:36:20,636 | DEBUG | step 7032 epoch 5 loss 0.0898 step_s 0.0016 peak_mem_gb 0.216
2026-10-01 22:36:20,638 | DEBUG | step 7033 epoch 5 loss 0.0710 step_s 0.0016 peak_mem_gb 0.216
2026-10-01 22:36:20,641 | DEBUG | step 7034 epoch 5 loss 0.0908 step_s 0.0016 peak_mem_gb 0.216
2026-10-01 22:36:20,643 | DEBUG | step 7035 epoch 5 loss 0.1395 step_s 0.0016 peak_mem_gb 0.216
2026-10-01 22:36:20,645 | DEBUG | step 7036 epoch 5 loss 0.1134 step_s 0.0016 peak_mem_gb 0.216
2026-10-01 22:36:20,648 | DEBUG | step 7037 epoch 5 loss 0.0377 step_s 0.0016 peak_mem_gb 0.216
2026-10-01 22:36:20,650 | DEBUG | step 7038 epoch 5 loss 0.0788 step_s 0.0016 peak_mem_gb 0.216
2026-10-01 22:36:20,652 | DEBUG | step 7039 epoch 5 loss 0.1228 step_s 0.0016 peak_mem_gb 0.216
2026-10-01 22:36:20,655 | DEBUG | step 7040 epoch 5 loss 0.0528 step_s 0.0016 peak_mem_gb 0.216
2026-10-01 22:36:20,657 | DEBUG | step 7041 epoch 5 loss 0.1218 step_s 0.0016 peak_mem_gb 0.216
2026-10-01 22:36:20,659 | DEBUG | step 7042 epoch 5 loss 0.0838 step_s 0.0016 peak_mem_gb 0.216
2026-10-01 22:36:20,662 | DEBUG | step 7043 epoch 5 loss 0.0560 step_s 0.0016 peak_mem_gb 0.216
2026-10-01 22:36:20,664 | DEBUG | step 7044 epoch 5 loss 0.1042 step_s 0.0016 peak_mem_gb 0.216
2026-10-01 22:36:20,667 | DEBUG | step 7045 epoch 5 loss 0.0601 step_s 0.0016 peak_mem_gb 0.216
2026-10-01 22:36:20,669 | DEBUG | step 7046 epoch 5 loss 0.0639 step_s 0.0016 peak_mem_gb 0.216
2026-10-01 22:36:20,671 | DEBUG | step 7047 epoch 5 loss 0.1202 step_s 0.0015 peak_mem_gb 0.216
2026-10-01 22:36:20,674 | DEBUG | step 7048 epoch 5 loss 0.2173 step_s 0.0016 peak_mem_gb 0.216
2026-10-01 22:36:20,676 | DEBUG | step 7049 epoch 5 loss 0.1924 step_s 0.0016 peak_mem_gb 0.216
2026-10-01 22:36:20,678 | DEBUG | step 7050 epoch 5 loss 0.0879 step_s 0.0017 peak_mem_gb 0.216
2026-10-01 22:36:20,680 | DEBUG | step 7051 epoch 5 loss 0.0824 step_s 0.0016 peak_mem_gb 0.216
2026-10-01 22:36:20,683 | DEBUG | step 7052 epoch 5 loss 0.1621 step_s 0.0016 peak_mem_gb 0.216
2026-10-01 22:36:20,685 | DEBUG | step 7053 epoch 5 loss 0.1220 step_s 0.0016 peak_mem_gb 0.216
2026-10-01 22:36:20,687 | DEBUG | step 7054 epoch 5 loss 0.2163 step_s 0.0016 peak_mem_gb 0.216
2026-10-01 22:36:20,689 | DEBUG | step 7055 epoch 5 loss 0.1772 step_s 0.0016 peak_mem_gb 0.216
2026-10-01 22:36:20,692 | DEBUG | step 7056 epoch 5 loss 0.1005 step_s 0.0016 peak_mem_gb 0.216
2026-10-01 22:36:20,694 | DEBUG | step 7057 epoch 5 loss 0.1985 step_s 0.0018 peak_mem_gb 0.216
2026-10-01 22:36:20,697 | DEBUG | step 7058 epoch 5 loss 0.1949 step_s 0.0016 peak_mem_gb 0.216
2026-10-01 22:36:20,699 | DEBUG | step 7059 epoch 5 loss 0.1535 step_s 0.0016 peak_mem_gb 0.216
2026-10-01 22:36:20,701 | DEBUG | step 7060 epoch 5 loss 0.1026 step_s 0.0016 peak_mem_gb 0.216
2026-10-01 22:36:20,704 | DEBUG | step 7061 epoch 5 loss 0.0904 step_s 0.0016 peak_mem_gb 0.216
2026-10-01 22:36:20,706 | DEBUG | step 7062 epoch 5 loss 0.1555 step_s 0.0016 peak_mem_gb 0.216
2026-10-01 22:36:20,709 | DEBUG | step 7063 epoch 5 loss 0.1177 step_s 0.0016 peak_mem_gb 0.216
2026-10-01 22:36:20,711 | DEBUG | step 7064 epoch 5 loss 0.0652 step_s 0.0017 peak_mem_gb 0.216
2026-10-01 22:36:20,713 | DEBUG | step 7065 epoch 5 loss 0.1274 step_s 0.0016 peak_mem_gb 0.216
2026-10-01 22:36:20,716 | DEBUG | step 7066 epoch 5 loss 0.0717 step_s 0.0016 peak_mem_gb 0.216
2026-10-01 22:36:20,718 | DEBUG | step 7067 epoch 5 loss 0.0732 step_s 0.0016 peak_mem_gb 0.216
2026-10-01 22:36:20,720 | DEBUG | step 7068 epoch 5 loss 0.3363 step_s 0.0016 peak_mem_gb 0.216
2026-10-01 22:36:20,723 | DEBUG | step 7069 epoch 5 loss 0.3007 step_s 0.0017 peak_mem_gb 0.216
2026-10-01 22:36:20,725 | DEBUG | step 7070 epoch 5 loss 0.1295 step_s 0.0017 peak_mem_gb 0.216
2026-10-01 22:36:20,727 | DEBUG | step 7071 epoch 5 loss 0.1162 step_s 0.0017 peak_mem_gb 0.216
2026-10-01 22:36:20,730 | DEBUG | step 7072 epoch 5 loss 0.0630 step_s 0.0016 peak_mem_gb 0.216
2026-10-01 22:36:20,732 | DEBUG | step 7073 epoch 5 loss 0.1222 step_s 0.0016 peak_mem_gb 0.216
2026-10-01 22:36:20,734 | DEBUG | step 7074 epoch 5 loss 0.1101 step_s 0.0016 peak_mem_gb 0.216
2026-10-01 22:36:20,737 | DEBUG | step 7075 epoch 5 loss 0.1032 step_s 0.0016 peak_mem_gb 0.216
2026-10-01 22:36:20,739 | DEBUG | step 7076 epoch 5 loss 0.0748 step_s 0.0016 peak_mem_gb 0.216
2026-10-01 22:36:20,741 | DEBUG | step 7077 epoch 5 loss 0.1743 step_s 0.0017 peak_mem_gb 0.216
2026-10-01 22:36:20,744 | DEBUG | step 7078 epoch 5 loss 0.0262 step_s 0.0019 peak_mem_gb 0.216
2026-10-01 22:36:20,746 | DEBUG | step 7079 epoch 5 loss 0.1147 step_s 0.0017 peak_mem_gb 0.216
2026-10-01 22:36:20,749 | DEBUG | step 7080 epoch 5 loss 0.1508 step_s 0.0021 peak_mem_gb 0.216
2026-10-01 22:36:20,752 | DEBUG | step 7081 epoch 5 loss 0.0597 step_s 0.0016 peak_mem_gb 0.216
2026-10-01 22:36:20,754 | DEBUG | step 7082 epoch 5 loss 0.1467 step_s 0.0018 peak_mem_gb 0.216
2026-10-01 22:36:20,757 | DEBUG | step 7083 epoch 5 loss 0.1589 step_s 0.0017 peak_mem_gb 0.216
2026-10-01 22:36:20,761 | DEBUG | step 7084 epoch 5 loss 0.0538 step_s 0.0023 peak_mem_gb 0.216
2026-10-01 22:36:20,764 | DEBUG | step 7085 epoch 5 loss 0.1253 step_s 0.0017 peak_mem_gb 0.216
2026-10-01 22:36:20,766 | DEBUG | step 7086 epoch 5 loss 0.0772 step_s 0.0017 peak_mem_gb 0.216
2026-10-01 22:36:20,768 | DEBUG | step 7087 epoch 5 loss 0.1746 step_s 0.0016 peak_mem_gb 0.216
2026-10-01 22:36:20,771 | DEBUG | step 7088 epoch 5 loss 0.0769 step_s 0.0016 peak_mem_gb 0.216
2026-10-01 22:36:20,773 | DEBUG | step 7089 epoch 5 loss 0.0304 step_s 0.0016 peak_mem_gb 0.216
2026-10-01 22:36:20,775 | DEBUG | step 7090 epoch 5 loss 0.1077 step_s 0.0016 peak_mem_gb 0.216
2026-10-01 22:36:20,778 | DEBUG | step 7091 epoch 5 loss 0.0840 step_s 0.0016 peak_mem_gb 0.216
2026-10-01 22:36:20,780 | DEBUG | step 7092 epoch 5 loss 0.1065 step_s 0.0016 peak_mem_gb 0.216
2026-10-01 22:36:20,782 | DEBUG | step 7093 epoch 5 loss 0.1578 step_s 0.0016 peak_mem_gb 0.216
2026-10-01 22:36:20,785 | DEBUG | step 7094 epoch 5 loss 0.0591 step_s 0.0017 peak_mem_gb 0.216
2026-10-01 22:36:20,787 | DEBUG | step 7095 epoch 5 loss 0.0825 step_s 0.0016 peak_mem_gb 0.216
2026-10-01 22:36:20,789 | DEBUG | step 7096 epoch 5 loss 0.0806 step_s 0.0017 peak_mem_gb 0.216
2026-10-01 22:36:20,792 | DEBUG | step 7097 epoch 5 loss 0.0802 step_s 0.0016 peak_mem_gb 0.216
2026-10-01 22:36:20,794 | DEBUG | step 7098 epoch 5 loss 0.1155 step_s 0.0016 peak_mem_gb 0.216
2026-10-01 22:36:20,796 | DEBUG | step 7099 epoch 5 loss 0.0845 step_s 0.0016 peak_mem_gb 0.216
2026-10-01 22:36:20,799 | DEBUG | step 7100 epoch 5 loss 0.1531 step_s 0.0016 peak_mem_gb 0.216
2026-10-01 22:36:20,801 | DEBUG | step 7101 epoch 5 loss 0.0934 step_s 0.0017 peak_mem_gb 0.216
2026-10-01 22:36:20,804 | DEBUG | step 7102 epoch 5 loss 0.0785 step_s 0.0016 peak_mem_gb 0.216
2026-10-01 22:36:20,806 | DEBUG | step 7103 epoch 5 loss 0.0914 step_s 0.0016 peak_mem_gb 0.216
2026-10-01 22:36:20,808 | DEBUG | step 7104 epoch 5 loss 0.0423 step_s 0.0016 peak_mem_gb 0.216
2026-10-01 22:36:20,811 | DEBUG | step 7105 epoch 5 loss 0.1427 step_s 0.0018 peak_mem_gb 0.216
2026-10-01 22:36:20,813 | DEBUG | step 7106 epoch 5 loss 0.2093 step_s 0.0016 peak_mem_gb 0.216
2026-10-01 22:36:20,815 | DEBUG | step 7107 epoch 5 loss 0.1448 step_s 0.0016 peak_mem_gb 0.216
2026-10-01 22:36:20,818 | DEBUG | step 7108 epoch 5 loss 0.3187 step_s 0.0016 peak_mem_gb 0.216
2026-10-01 22:36:20,820 | DEBUG | step 7109 epoch 5 loss 0.0844 step_s 0.0016 peak_mem_gb 0.216
2026-10-01 22:36:20,822 | DEBUG | step 7110 epoch 5 loss 0.0660 step_s 0.0016 peak_mem_gb 0.216
2026-10-01 22:36:20,824 | DEBUG | step 7111 epoch 5 loss 0.1448 step_s 0.0016 peak_mem_gb 0.216
2026-10-01 22:36:20,827 | DEBUG | step 7112 epoch 5 loss 0.1484 step_s 0.0017 peak_mem_gb 0.216
2026-10-01 22:36:20,829 | DEBUG | step 7113 epoch 5 loss 0.1191 step_s 0.0016 peak_mem_gb 0.216
2026-10-01 22:36:20,831 | DEBUG | step 7114 epoch 5 loss 0.1103 step_s 0.0018 peak_mem_gb 0.216
2026-10-01 22:36:20,834 | DEBUG | step 7115 epoch 5 loss 0.1141 step_s 0.0016 peak_mem_gb 0.216
2026-10-01 22:36:20,836 | DEBUG | step 7116 epoch 5 loss 0.1036 step_s 0.0016 peak_mem_gb 0.216
2026-10-01 22:36:20,838 | DEBUG | step 7117 epoch 5 loss 0.0941 step_s 0.0016 peak_mem_gb 0.216
2026-10-01 22:36:20,841 | DEBUG | step 7118 epoch 5 loss 0.0586 step_s 0.0016 peak_mem_gb 0.216
2026-10-01 22:36:20,843 | DEBUG | step 7119 epoch 5 loss 0.1346 step_s 0.0016 peak_mem_gb 0.216
2026-10-01 22:36:20,845 | DEBUG | step 7120 epoch 5 loss 0.0997 step_s 0.0016 peak_mem_gb 0.216
2026-10-01 22:36:20,848 | DEBUG | step 7121 epoch 5 loss 0.0874 step_s 0.0016 peak_mem_gb 0.216
2026-10-01 22:36:20,850 | DEBUG | step 7122 epoch 5 loss 0.1311 step_s 0.0016 peak_mem_gb 0.216
2026-10-01 22:36:20,852 | DEBUG | step 7123 epoch 5 loss 0.1258 step_s 0.0016 peak_mem_gb 0.216
2026-10-01 22:36:20,854 | DEBUG | step 7124 epoch 5 loss 0.2332 step_s 0.0016 peak_mem_gb 0.216
2026-10-01 22:36:20,857 | DEBUG | step 7125 epoch 5 loss 0.1180 step_s 0.0016 peak_mem_gb 0.216
2026-10-01 22:36:20,859 | DEBUG | step 7126 epoch 5 loss 0.1784 step_s 0.0016 peak_mem_gb 0.216
2026-10-01 22:36:20,861 | DEBUG | step 7127 epoch 5 loss 0.0855 step_s 0.0016 peak_mem_gb 0.216
2026-10-01 22:36:20,864 | DEBUG | step 7128 epoch 5 loss 0.1501 step_s 0.0016 peak_mem_gb 0.216
2026-10-01 22:36:20,866 | DEBUG | step 7129 epoch 5 loss 0.0868 step_s 0.0016 peak_mem_gb 0.216
2026-10-01 22:36:20,868 | DEBUG | step 7130 epoch 5 loss 0.1406 step_s 0.0016 peak_mem_gb 0.216
2026-10-01 22:36:20,871 | DEBUG | step 7131 epoch 5 loss 0.1495 step_s 0.0016 peak_mem_gb 0.216
2026-10-01 22:36:20,873 | DEBUG | step 7132 epoch 5 loss 0.1951 step_s 0.0017 peak_mem_gb 0.216
2026-10-01 22:36:20,875 | DEBUG | step 7133 epoch 5 loss 0.0737 step_s 0.0016 peak_mem_gb 0.216
2026-10-01 22:36:20,878 | DEBUG | step 7134 epoch 5 loss 0.0565 step_s 0.0017 peak_mem_gb 0.216
2026-10-01 22:36:20,880 | DEBUG | step 7135 epoch 5 loss 0.0944 step_s 0.0016 peak_mem_gb 0.216
2026-10-01 22:36:20,882 | DEBUG | step 7136 epoch 5 loss 0.0776 step_s 0.0016 peak_mem_gb 0.216
2026-10-01 22:36:20,884 | DEBUG | step 7137 epoch 5 loss 0.1011 step_s 0.0016 peak_mem_gb 0.216
2026-10-01 22:36:20,887 | DEBUG | step 7138 epoch 5 loss 0.0708 step_s 0.0016 peak_mem_gb 0.216
2026-10-01 22:36:20,889 | DEBUG | step 7139 epoch 5 loss 0.2486 step_s 0.0018 peak_mem_gb 0.216
2026-10-01 22:36:20,892 | DEBUG | step 7140 epoch 5 loss 0.0951 step_s 0.0016 peak_mem_gb 0.216
2026-10-01 22:36:20,894 | DEBUG | step 7141 epoch 5 loss 0.0909 step_s 0.0016 peak_mem_gb 0.216
2026-10-01 22:36:20,896 | DEBUG | step 7142 epoch 5 loss 0.1615 step_s 0.0016 peak_mem_gb 0.216
2026-10-01 22:36:20,899 | DEBUG | step 7143 epoch 5 loss 0.0225 step_s 0.0016 peak_mem_gb 0.216
2026-10-01 22:36:20,901 | DEBUG | step 7144 epoch 5 loss 0.1334 step_s 0.0016 peak_mem_gb 0.216
2026-10-01 22:36:20,903 | DEBUG | step 7145 epoch 5 loss 0.0722 step_s 0.0016 peak_mem_gb 0.216
2026-10-01 22:36:20,906 | DEBUG | step 7146 epoch 5 loss 0.2215 step_s 0.0018 peak_mem_gb 0.216
2026-10-01 22:36:20,908 | DEBUG | step 7147 epoch 5 loss 0.1625 step_s 0.0016 peak_mem_gb 0.216
2026-10-01 22:36:20,910 | DEBUG | step 7148 epoch 5 loss 0.1892 step_s 0.0016 peak_mem_gb 0.216
2026-10-01 22:36:20,913 | DEBUG | step 7149 epoch 5 loss 0.0679 step_s 0.0016 peak_mem_gb 0.216
2026-10-01 22:36:20,915 | DEBUG | step 7150 epoch 5 loss 0.1527 step_s 0.0016 peak_mem_gb 0.216
2026-10-01 22:36:20,917 | DEBUG | step 7151 epoch 5 loss 0.1673 step_s 0.0016 peak_mem_gb 0.216
2026-10-01 22:36:20,919 | DEBUG | step 7152 epoch 5 loss 0.0973 step_s 0.0016 peak_mem_gb 0.216
2026-10-01 22:36:20,922 | DEBUG | step 7153 epoch 5 loss 0.0841 step_s 0.0017 peak_mem_gb 0.216
2026-10-01 22:36:20,924 | DEBUG | step 7154 epoch 5 loss 0.0588 step_s 0.0016 peak_mem_gb 0.216
2026-10-01 22:36:20,926 | DEBUG | step 7155 epoch 5 loss 0.0660 step_s 0.0016 peak_mem_gb 0.216
2026-10-01 22:36:20,929 | DEBUG | step 7156 epoch 5 loss 0.1219 step_s 0.0016 peak_mem_gb 0.216
2026-10-01 22:36:20,931 | DEBUG | step 7157 epoch 5 loss 0.0534 step_s 0.0016 peak_mem_gb 0.216
2026-10-01 22:36:20,933 | DEBUG | step 7158 epoch 5 loss 0.0802 step_s 0.0017 peak_mem_gb 0.216
2026-10-01 22:36:20,936 | DEBUG | step 7159 epoch 5 loss 0.1057 step_s 0.0017 peak_mem_gb 0.216
2026-10-01 22:36:20,938 | DEBUG | step 7160 epoch 5 loss 0.1181 step_s 0.0016 peak_mem_gb 0.216
2026-10-01 22:36:20,941 | DEBUG | step 7161 epoch 5 loss 0.0843 step_s 0.0017 peak_mem_gb 0.216
2026-10-01 22:36:20,943 | DEBUG | step 7162 epoch 5 loss 0.1330 step_s 0.0016 peak_mem_gb 0.216
2026-10-01 22:36:20,945 | DEBUG | step 7163 epoch 5 loss 0.0933 step_s 0.0016 peak_mem_gb 0.216
2026-10-01 22:36:20,947 | DEBUG | step 7164 epoch 5 loss 0.2007 step_s 0.0016 peak_mem_gb 0.216
2026-10-01 22:36:20,950 | DEBUG | step 7165 epoch 5 loss 0.1656 step_s 0.0016 peak_mem_gb 0.216
2026-10-01 22:36:20,952 | DEBUG | step 7166 epoch 5 loss 0.0797 step_s 0.0017 peak_mem_gb 0.216
2026-10-01 22:36:20,955 | DEBUG | step 7167 epoch 5 loss 0.0787 step_s 0.0016 peak_mem_gb 0.216
2026-10-01 22:36:20,957 | DEBUG | step 7168 epoch 5 loss 0.1078 step_s 0.0017 peak_mem_gb 0.216
2026-10-01 22:36:20,960 | DEBUG | step 7169 epoch 5 loss 0.1757 step_s 0.0016 peak_mem_gb 0.216
2026-10-01 22:36:20,962 | DEBUG | step 7170 epoch 5 loss 0.1938 step_s 0.0016 peak_mem_gb 0.216
2026-10-01 22:36:20,964 | DEBUG | step 7171 epoch 5 loss 0.1437 step_s 0.0016 peak_mem_gb 0.216
2026-10-01 22:36:20,967 | DEBUG | step 7172 epoch 5 loss 0.0929 step_s 0.0016 peak_mem_gb 0.216
2026-10-01 22:36:20,969 | DEBUG | step 7173 epoch 5 loss 0.0598 step_s 0.0017 peak_mem_gb 0.216
2026-10-01 22:36:20,971 | DEBUG | step 7174 epoch 5 loss 0.1729 step_s 0.0016 peak_mem_gb 0.216
2026-10-01 22:36:20,974 | DEBUG | step 7175 epoch 5 loss 0.0974 step_s 0.0016 peak_mem_gb 0.216
2026-10-01 22:36:20,976 | DEBUG | step 7176 epoch 5 loss 0.0726 step_s 0.0016 peak_mem_gb 0.216
2026-10-01 22:36:20,978 | DEBUG | step 7177 epoch 5 loss 0.2811 step_s 0.0016 peak_mem_gb 0.216
2026-10-01 22:36:20,980 | DEBUG | step 7178 epoch 5 loss 0.0648 step_s 0.0016 peak_mem_gb 0.216
2026-10-01 22:36:20,983 | DEBUG | step 7179 epoch 5 loss 0.1133 step_s 0.0016 peak_mem_gb 0.216
2026-10-01 22:36:20,985 | DEBUG | step 7180 epoch 5 loss 0.2782 step_s 0.0017 peak_mem_gb 0.216
2026-10-01 22:36:20,988 | DEBUG | step 7181 epoch 5 loss 0.1455 step_s 0.0016 peak_mem_gb 0.216
2026-10-01 22:36:20,990 | DEBUG | step 7182 epoch 5 loss 0.0854 step_s 0.0016 peak_mem_gb 0.216
2026-10-01 22:36:20,992 | DEBUG | step 7183 epoch 5 loss 0.1494 step_s 0.0016 peak_mem_gb 0.216
2026-10-01 22:36:20,995 | DEBUG | step 7184 epoch 5 loss 0.1335 step_s 0.0016 peak_mem_gb 0.216
2026-10-01 22:36:20,997 | DEBUG | step 7185 epoch 5 loss 0.1604 step_s 0.0016 peak_mem_gb 0.216
2026-10-01 22:36:20,999 | DEBUG | step 7186 epoch 5 loss 0.0396 step_s 0.0016 peak_mem_gb 0.216
2026-10-01 22:36:21,001 | DEBUG | step 7187 epoch 5 loss 0.0519 step_s 0.0017 peak_mem_gb 0.216
2026-10-01 22:36:21,004 | DEBUG | step 7188 epoch 5 loss 0.0945 step_s 0.0016 peak_mem_gb 0.216
2026-10-01 22:36:21,006 | DEBUG | step 7189 epoch 5 loss 0.1402 step_s 0.0017 peak_mem_gb 0.216
2026-10-01 22:36:21,008 | DEBUG | step 7190 epoch 5 loss 0.1224 step_s 0.0015 peak_mem_gb 0.216
2026-10-01 22:36:21,011 | DEBUG | step 7191 epoch 5 loss 0.0426 step_s 0.0016 peak_mem_gb 0.216
2026-10-01 22:36:21,013 | DEBUG | step 7192 epoch 5 loss 0.1109 step_s 0.0016 peak_mem_gb 0.216
2026-10-01 22:36:21,015 | DEBUG | step 7193 epoch 5 loss 0.3147 step_s 0.0017 peak_mem_gb 0.216
2026-10-01 22:36:21,018 | DEBUG | step 7194 epoch 5 loss 0.1122 step_s 0.0017 peak_mem_gb 0.216
2026-10-01 22:36:21,020 | DEBUG | step 7195 epoch 5 loss 0.0849 step_s 0.0019 peak_mem_gb 0.216
2026-10-01 22:36:21,022 | DEBUG | step 7196 epoch 5 loss 0.0879 step_s 0.0016 peak_mem_gb 0.216
2026-10-01 22:36:21,025 | DEBUG | step 7197 epoch 5 loss 0.1339 step_s 0.0019 peak_mem_gb 0.216
2026-10-01 22:36:21,027 | DEBUG | step 7198 epoch 5 loss 0.0565 step_s 0.0016 peak_mem_gb 0.216
2026-10-01 22:36:21,030 | DEBUG | step 7199 epoch 5 loss 0.0434 step_s 0.0016 peak_mem_gb 0.216
2026-10-01 22:36:21,032 | INFO | step 7200 epoch 5 loss 0.0967 step_s 0.0016 peak_mem_gb 0.216
2026-10-01 22:36:21,036 | DEBUG | step 7201 epoch 5 loss 0.0963 step_s 0.0019 peak_mem_gb 0.216
2026-10-01 22:36:21,038 | DEBUG | step 7202 epoch 5 loss 0.1657 step_s 0.0017 peak_mem_gb 0.216
2026-10-01 22:36:21,042 | DEBUG | step 7203 epoch 5 loss 0.1385 step_s 0.0029 peak_mem_gb 0.216
2026-10-01 22:36:21,044 | DEBUG | step 7204 epoch 5 loss 0.1145 step_s 0.0017 peak_mem_gb 0.216
2026-10-01 22:36:21,047 | DEBUG | step 7205 epoch 5 loss 0.1025 step_s 0.0017 peak_mem_gb 0.216
2026-10-01 22:36:21,049 | DEBUG | step 7206 epoch 5 loss 0.1197 step_s 0.0019 peak_mem_gb 0.216
2026-10-01 22:36:21,051 | DEBUG | step 7207 epoch 5 loss 0.2003 step_s 0.0016 peak_mem_gb 0.216
2026-10-01 22:36:21,054 | DEBUG | step 7208 epoch 5 loss 0.0390 step_s 0.0017 peak_mem_gb 0.216
2026-10-01 22:36:21,056 | DEBUG | step 7209 epoch 5 loss 0.0986 step_s 0.0017 peak_mem_gb 0.216
2026-10-01 22:36:21,059 | DEBUG | step 7210 epoch 5 loss 0.1029 step_s 0.0016 peak_mem_gb 0.216
2026-10-01 22:36:21,061 | DEBUG | step 7211 epoch 5 loss 0.0852 step_s 0.0016 peak_mem_gb 0.216
2026-10-01 22:36:21,063 | DEBUG | step 7212 epoch 5 loss 0.0263 step_s 0.0017 peak_mem_gb 0.216
2026-10-01 22:36:21,066 | DEBUG | step 7213 epoch 5 loss 0.0750 step_s 0.0017 peak_mem_gb 0.216
2026-10-01 22:36:21,068 | DEBUG | step 7214 epoch 5 loss 0.1438 step_s 0.0016 peak_mem_gb 0.216
2026-10-01 22:36:21,070 | DEBUG | step 7215 epoch 5 loss 0.1350 step_s 0.0016 peak_mem_gb 0.216
2026-10-01 22:36:21,073 | DEBUG | step 7216 epoch 5 loss 0.0515 step_s 0.0017 peak_mem_gb 0.216
2026-10-01 22:36:21,075 | DEBUG | step 7217 epoch 5 loss 0.1232 step_s 0.0016 peak_mem_gb 0.216
2026-10-01 22:36:21,077 | DEBUG | step 7218 epoch 5 loss 0.1929 step_s 0.0017 peak_mem_gb 0.216
2026-10-01 22:36:21,080 | DEBUG | step 7219 epoch 5 loss 0.0615 step_s 0.0017 peak_mem_gb 0.216
2026-10-01 22:36:21,082 | DEBUG | step 7220 epoch 5 loss 0.1257 step_s 0.0017 peak_mem_gb 0.216
2026-10-01 22:36:21,085 | DEBUG | step 7221 epoch 5 loss 0.1077 step_s 0.0017 peak_mem_gb 0.216
2026-10-01 22:36:21,087 | DEBUG | step 7222 epoch 5 loss 0.2037 step_s 0.0016 peak_mem_gb 0.216
2026-10-01 22:36:21,089 | DEBUG | step 7223 epoch 5 loss 0.0654 step_s 0.0016 peak_mem_gb 0.216
2026-10-01 22:36:21,092 | DEBUG | step 7224 epoch 5 loss 0.1512 step_s 0.0016 peak_mem_gb 0.216
2026-10-01 22:36:21,094 | DEBUG | step 7225 epoch 5 loss 0.0750 step_s 0.0016 peak_mem_gb 0.216
2026-10-01 22:36:21,097 | DEBUG | step 7226 epoch 5 loss 0.1104 step_s 0.0018 peak_mem_gb 0.216
2026-10-01 22:36:21,099 | DEBUG | step 7227 epoch 5 loss 0.1838 step_s 0.0016 peak_mem_gb 0.216
2026-10-01 22:36:21,101 | DEBUG | step 7228 epoch 5 loss 0.1859 step_s 0.0018 peak_mem_gb 0.216
2026-10-01 22:36:21,104 | DEBUG | step 7229 epoch 5 loss 0.1864 step_s 0.0016 peak_mem_gb 0.216
2026-10-01 22:36:21,106 | DEBUG | step 7230 epoch 5 loss 0.1190 step_s 0.0016 peak_mem_gb 0.216
2026-10-01 22:36:21,108 | DEBUG | step 7231 epoch 5 loss 0.0907 step_s 0.0017 peak_mem_gb 0.216
2026-10-01 22:36:21,111 | DEBUG | step 7232 epoch 5 loss 0.1907 step_s 0.0018 peak_mem_gb 0.216
2026-10-01 22:36:21,114 | DEBUG | step 7233 epoch 5 loss 0.2258 step_s 0.0018 peak_mem_gb 0.216
2026-10-01 22:36:21,116 | DEBUG | step 7234 epoch 5 loss 0.0974 step_s 0.0016 peak_mem_gb 0.216
2026-10-01 22:36:21,118 | DEBUG | step 7235 epoch 5 loss 0.0477 step_s 0.0016 peak_mem_gb 0.216
2026-10-01 22:36:21,120 | DEBUG | step 7236 epoch 5 loss 0.0768 step_s 0.0016 peak_mem_gb 0.216
2026-10-01 22:36:21,123 | DEBUG | step 7237 epoch 5 loss 0.1159 step_s 0.0017 peak_mem_gb 0.216
2026-10-01 22:36:21,125 | DEBUG | step 7238 epoch 5 loss 0.0607 step_s 0.0017 peak_mem_gb 0.216
2026-10-01 22:36:21,128 | DEBUG | step 7239 epoch 5 loss 0.1046 step_s 0.0017 peak_mem_gb 0.216
2026-10-01 22:36:21,130 | DEBUG | step 7240 epoch 5 loss 0.1744 step_s 0.0016 peak_mem_gb 0.216
2026-10-01 22:36:21,132 | DEBUG | step 7241 epoch 5 loss 0.0693 step_s 0.0016 peak_mem_gb 0.216
2026-10-01 22:36:21,135 | DEBUG | step 7242 epoch 5 loss 0.0660 step_s 0.0016 peak_mem_gb 0.216
2026-10-01 22:36:21,137 | DEBUG | step 7243 epoch 5 loss 0.0927 step_s 0.0017 peak_mem_gb 0.216
2026-10-01 22:36:21,139 | DEBUG | step 7244 epoch 5 loss 0.1417 step_s 0.0017 peak_mem_gb 0.216
2026-10-01 22:36:21,142 | DEBUG | step 7245 epoch 5 loss 0.0914 step_s 0.0017 peak_mem_gb 0.216
2026-10-01 22:36:21,144 | DEBUG | step 7246 epoch 5 loss 0.1106 step_s 0.0017 peak_mem_gb 0.216
2026-10-01 22:36:21,147 | DEBUG | step 7247 epoch 5 loss 0.0752 step_s 0.0017 peak_mem_gb 0.216
2026-10-01 22:36:21,149 | DEBUG | step 7248 epoch 5 loss 0.0578 step_s 0.0018 peak_mem_gb 0.216
2026-10-01 22:36:21,152 | DEBUG | step 7249 epoch 5 loss 0.1014 step_s 0.0016 peak_mem_gb 0.216
2026-10-01 22:36:21,154 | DEBUG | step 7250 epoch 5 loss 0.2177 step_s 0.0016 peak_mem_gb 0.216
2026-10-01 22:36:21,156 | DEBUG | step 7251 epoch 5 loss 0.0732 step_s 0.0016 peak_mem_gb 0.216
2026-10-01 22:36:21,159 | DEBUG | step 7252 epoch 5 loss 0.1472 step_s 0.0017 peak_mem_gb 0.216
2026-10-01 22:36:21,161 | DEBUG | step 7253 epoch 5 loss 0.0760 step_s 0.0018 peak_mem_gb 0.216
2026-10-01 22:36:21,163 | DEBUG | step 7254 epoch 5 loss 0.1351 step_s 0.0017 peak_mem_gb 0.216
2026-10-01 22:36:21,166 | DEBUG | step 7255 epoch 5 loss 0.0782 step_s 0.0016 peak_mem_gb 0.216
2026-10-01 22:36:21,168 | DEBUG | step 7256 epoch 5 loss 0.1514 step_s 0.0016 peak_mem_gb 0.216
2026-10-01 22:36:21,170 | DEBUG | step 7257 epoch 5 loss 0.1328 step_s 0.0016 peak_mem_gb 0.216
2026-10-01 22:36:21,173 | DEBUG | step 7258 epoch 5 loss 0.1169 step_s 0.0016 peak_mem_gb 0.216
2026-10-01 22:36:21,175 | DEBUG | step 7259 epoch 5 loss 0.1397 step_s 0.0016 peak_mem_gb 0.216
2026-10-01 22:36:21,177 | DEBUG | step 7260 epoch 5 loss 0.0771 step_s 0.0017 peak_mem_gb 0.216
2026-10-01 22:36:21,180 | DEBUG | step 7261 epoch 5 loss 0.0731 step_s 0.0016 peak_mem_gb 0.216
2026-10-01 22:36:21,182 | DEBUG | step 7262 epoch 5 loss 0.0874 step_s 0.0017 peak_mem_gb 0.216
2026-10-01 22:36:21,185 | DEBUG | step 7263 epoch 5 loss 0.0813 step_s 0.0017 peak_mem_gb 0.216
2026-10-01 22:36:21,187 | DEBUG | step 7264 epoch 5 loss 0.1143 step_s 0.0016 peak_mem_gb 0.216
2026-10-01 22:36:21,189 | DEBUG | step 7265 epoch 5 loss 0.1853 step_s 0.0017 peak_mem_gb 0.216
2026-10-01 22:36:21,192 | DEBUG | step 7266 epoch 5 loss 0.2760 step_s 0.0016 peak_mem_gb 0.216
2026-10-01 22:36:21,194 | DEBUG | step 7267 epoch 5 loss 0.0683 step_s 0.0016 peak_mem_gb 0.216
2026-10-01 22:36:21,196 | DEBUG | step 7268 epoch 5 loss 0.1911 step_s 0.0016 peak_mem_gb 0.216
2026-10-01 22:36:21,199 | DEBUG | step 7269 epoch 5 loss 0.1353 step_s 0.0016 peak_mem_gb 0.216
2026-10-01 22:36:21,201 | DEBUG | step 7270 epoch 5 loss 0.1961 step_s 0.0016 peak_mem_gb 0.216
2026-10-01 22:36:21,203 | DEBUG | step 7271 epoch 5 loss 0.1722 step_s 0.0016 peak_mem_gb 0.216
2026-10-01 22:36:21,206 | DEBUG | step 7272 epoch 5 loss 0.1150 step_s 0.0017 peak_mem_gb 0.216
2026-10-01 22:36:21,208 | DEBUG | step 7273 epoch 5 loss 0.1277 step_s 0.0018 peak_mem_gb 0.216
2026-10-01 22:36:21,210 | DEBUG | step 7274 epoch 5 loss 0.1189 step_s 0.0018 peak_mem_gb 0.216
2026-10-01 22:36:21,213 | DEBUG | step 7275 epoch 5 loss 0.0719 step_s 0.0017 peak_mem_gb 0.216
2026-10-01 22:36:21,215 | DEBUG | step 7276 epoch 5 loss 0.0741 step_s 0.0016 peak_mem_gb 0.216
2026-10-01 22:36:21,218 | DEBUG | step 7277 epoch 5 loss 0.0729 step_s 0.0017 peak_mem_gb 0.216
2026-10-01 22:36:21,220 | DEBUG | step 7278 epoch 5 loss 0.1148 step_s 0.0016 peak_mem_gb 0.216
2026-10-01 22:36:21,222 | DEBUG | step 7279 epoch 5 loss 0.0932 step_s 0.0017 peak_mem_gb 0.216
2026-10-01 22:36:21,224 | DEBUG | step 7280 epoch 5 loss 0.1646 step_s 0.0016 peak_mem_gb 0.216
2026-10-01 22:36:21,227 | DEBUG | step 7281 epoch 5 loss 0.0994 step_s 0.0017 peak_mem_gb 0.216
2026-10-01 22:36:21,229 | DEBUG | step 7282 epoch 5 loss 0.0674 step_s 0.0016 peak_mem_gb 0.216
2026-10-01 22:36:21,232 | DEBUG | step 7283 epoch 5 loss 0.1012 step_s 0.0016 peak_mem_gb 0.216
2026-10-01 22:36:21,234 | DEBUG | step 7284 epoch 5 loss 0.3218 step_s 0.0016 peak_mem_gb 0.216
2026-10-01 22:36:21,236 | DEBUG | step 7285 epoch 5 loss 0.2073 step_s 0.0016 peak_mem_gb 0.216
2026-10-01 22:36:21,238 | DEBUG | step 7286 epoch 5 loss 0.1530 step_s 0.0016 peak_mem_gb 0.216
2026-10-01 22:36:21,241 | DEBUG | step 7287 epoch 5 loss 0.1488 step_s 0.0018 peak_mem_gb 0.216
2026-10-01 22:36:21,243 | DEBUG | step 7288 epoch 5 loss 0.1127 step_s 0.0016 peak_mem_gb 0.216
2026-10-01 22:36:21,246 | DEBUG | step 7289 epoch 5 loss 0.0750 step_s 0.0015 peak_mem_gb 0.216
2026-10-01 22:36:21,248 | DEBUG | step 7290 epoch 5 loss 0.0874 step_s 0.0016 peak_mem_gb 0.216
2026-10-01 22:36:21,250 | DEBUG | step 7291 epoch 5 loss 0.1213 step_s 0.0016 peak_mem_gb 0.216
2026-10-01 22:36:21,253 | DEBUG | step 7292 epoch 5 loss 0.1868 step_s 0.0016 peak_mem_gb 0.216
2026-10-01 22:36:21,255 | DEBUG | step 7293 epoch 5 loss 0.1066 step_s 0.0016 peak_mem_gb 0.216
2026-10-01 22:36:21,257 | DEBUG | step 7294 epoch 5 loss 0.0923 step_s 0.0016 peak_mem_gb 0.216
2026-10-01 22:36:21,259 | DEBUG | step 7295 epoch 5 loss 0.2319 step_s 0.0016 peak_mem_gb 0.216
2026-10-01 22:36:21,262 | DEBUG | step 7296 epoch 5 loss 0.0984 step_s 0.0016 peak_mem_gb 0.216
2026-10-01 22:36:21,264 | DEBUG | step 7297 epoch 5 loss 0.1051 step_s 0.0016 peak_mem_gb 0.216
2026-10-01 22:36:21,266 | DEBUG | step 7298 epoch 5 loss 0.1536 step_s 0.0016 peak_mem_gb 0.216
2026-10-01 22:36:21,269 | DEBUG | step 7299 epoch 5 loss 0.2246 step_s 0.0016 peak_mem_gb 0.216
2026-10-01 22:36:21,271 | DEBUG | step 7300 epoch 5 loss 0.0861 step_s 0.0016 peak_mem_gb 0.216
2026-10-01 22:36:21,273 | DEBUG | step 7301 epoch 5 loss 0.1277 step_s 0.0017 peak_mem_gb 0.216
2026-10-01 22:36:21,276 | DEBUG | step 7302 epoch 5 loss 0.1070 step_s 0.0016 peak_mem_gb 0.216
2026-10-01 22:36:21,278 | DEBUG | step 7303 epoch 5 loss 0.1364 step_s 0.0016 peak_mem_gb 0.216
2026-10-01 22:36:21,280 | DEBUG | step 7304 epoch 5 loss 0.1328 step_s 0.0016 peak_mem_gb 0.216
2026-10-01 22:36:21,283 | DEBUG | step 7305 epoch 5 loss 0.0982 step_s 0.0015 peak_mem_gb 0.216
2026-10-01 22:36:21,285 | DEBUG | step 7306 epoch 5 loss 0.0972 step_s 0.0017 peak_mem_gb 0.216
2026-10-01 22:36:21,287 | DEBUG | step 7307 epoch 5 loss 0.1222 step_s 0.0016 peak_mem_gb 0.216
2026-10-01 22:36:21,289 | DEBUG | step 7308 epoch 5 loss 0.0739 step_s 0.0017 peak_mem_gb 0.216
2026-10-01 22:36:21,292 | DEBUG | step 7309 epoch 5 loss 0.1288 step_s 0.0016 peak_mem_gb 0.216
2026-10-01 22:36:21,294 | DEBUG | step 7310 epoch 5 loss 0.1368 step_s 0.0016 peak_mem_gb 0.216
2026-10-01 22:36:21,296 | DEBUG | step 7311 epoch 5 loss 0.0951 step_s 0.0016 peak_mem_gb 0.216
2026-10-01 22:36:21,299 | DEBUG | step 7312 epoch 5 loss 0.0600 step_s 0.0016 peak_mem_gb 0.216
2026-10-01 22:36:21,301 | DEBUG | step 7313 epoch 5 loss 0.1038 step_s 0.0016 peak_mem_gb 0.216
2026-10-01 22:36:21,303 | DEBUG | step 7314 epoch 5 loss 0.1332 step_s 0.0016 peak_mem_gb 0.216
2026-10-01 22:36:21,305 | DEBUG | step 7315 epoch 5 loss 0.0796 step_s 0.0016 peak_mem_gb 0.216
2026-10-01 22:36:21,308 | DEBUG | step 7316 epoch 5 loss 0.1199 step_s 0.0016 peak_mem_gb 0.216
2026-10-01 22:36:21,310 | DEBUG | step 7317 epoch 5 loss 0.1824 step_s 0.0016 peak_mem_gb 0.216
2026-10-01 22:36:21,312 | DEBUG | step 7318 epoch 5 loss 0.1056 step_s 0.0016 peak_mem_gb 0.216
2026-10-01 22:36:21,314 | DEBUG | step 7319 epoch 5 loss 0.0594 step_s 0.0016 peak_mem_gb 0.216
2026-10-01 22:36:21,317 | DEBUG | step 7320 epoch 5 loss 0.0519 step_s 0.0016 peak_mem_gb 0.216
2026-10-01 22:36:21,319 | DEBUG | step 7321 epoch 5 loss 0.1929 step_s 0.0016 peak_mem_gb 0.216
2026-10-01 22:36:21,322 | DEBUG | step 7322 epoch 5 loss 0.0910 step_s 0.0016 peak_mem_gb 0.216
2026-10-01 22:36:21,324 | DEBUG | step 7323 epoch 5 loss 0.1354 step_s 0.0016 peak_mem_gb 0.216
2026-10-01 22:36:21,326 | DEBUG | step 7324 epoch 5 loss 0.0964 step_s 0.0016 peak_mem_gb 0.216
2026-10-01 22:36:21,328 | DEBUG | step 7325 epoch 5 loss 0.0781 step_s 0.0016 peak_mem_gb 0.216
2026-10-01 22:36:21,331 | DEBUG | step 7326 epoch 5 loss 0.0965 step_s 0.0016 peak_mem_gb 0.216
2026-10-01 22:36:21,333 | DEBUG | step 7327 epoch 5 loss 0.1607 step_s 0.0016 peak_mem_gb 0.216
2026-10-01 22:36:21,335 | DEBUG | step 7328 epoch 5 loss 0.1231 step_s 0.0017 peak_mem_gb 0.216
2026-10-01 22:36:21,338 | DEBUG | step 7329 epoch 5 loss 0.1291 step_s 0.0017 peak_mem_gb 0.216
2026-10-01 22:36:21,340 | DEBUG | step 7330 epoch 5 loss 0.2709 step_s 0.0016 peak_mem_gb 0.216
2026-10-01 22:36:21,342 | DEBUG | step 7331 epoch 5 loss 0.1956 step_s 0.0016 peak_mem_gb 0.216
2026-10-01 22:36:21,344 | DEBUG | step 7332 epoch 5 loss 0.1124 step_s 0.0015 peak_mem_gb 0.216
2026-10-01 22:36:21,347 | DEBUG | step 7333 epoch 5 loss 0.1023 step_s 0.0016 peak_mem_gb 0.216
2026-10-01 22:36:21,349 | DEBUG | step 7334 epoch 5 loss 0.3337 step_s 0.0016 peak_mem_gb 0.216
2026-10-01 22:36:21,351 | DEBUG | step 7335 epoch 5 loss 0.0787 step_s 0.0017 peak_mem_gb 0.216
2026-10-01 22:36:21,354 | DEBUG | step 7336 epoch 5 loss 0.1667 step_s 0.0016 peak_mem_gb 0.216
2026-10-01 22:36:21,356 | DEBUG | step 7337 epoch 5 loss 0.0943 step_s 0.0016 peak_mem_gb 0.216
2026-10-01 22:36:21,358 | DEBUG | step 7338 epoch 5 loss 0.1910 step_s 0.0016 peak_mem_gb 0.216
2026-10-01 22:36:21,360 | DEBUG | step 7339 epoch 5 loss 0.1026 step_s 0.0016 peak_mem_gb 0.216
2026-10-01 22:36:21,363 | DEBUG | step 7340 epoch 5 loss 0.1120 step_s 0.0016 peak_mem_gb 0.216
2026-10-01 22:36:21,365 | DEBUG | step 7341 epoch 5 loss 0.1286 step_s 0.0016 peak_mem_gb 0.216
2026-10-01 22:36:21,368 | DEBUG | step 7342 epoch 5 loss 0.1117 step_s 0.0020 peak_mem_gb 0.216
2026-10-01 22:36:21,370 | DEBUG | step 7343 epoch 5 loss 0.1505 step_s 0.0016 peak_mem_gb 0.216
2026-10-01 22:36:21,372 | DEBUG | step 7344 epoch 5 loss 0.1721 step_s 0.0016 peak_mem_gb 0.216
2026-10-01 22:36:21,375 | DEBUG | step 7345 epoch 5 loss 0.2074 step_s 0.0015 peak_mem_gb 0.216
2026-10-01 22:36:21,377 | DEBUG | step 7346 epoch 5 loss 0.0697 step_s 0.0016 peak_mem_gb 0.216
2026-10-01 22:36:21,379 | DEBUG | step 7347 epoch 5 loss 0.1401 step_s 0.0015 peak_mem_gb 0.216
2026-10-01 22:36:21,381 | DEBUG | step 7348 epoch 5 loss 0.0933 step_s 0.0017 peak_mem_gb 0.216
2026-10-01 22:36:21,384 | DEBUG | step 7349 epoch 5 loss 0.1903 step_s 0.0017 peak_mem_gb 0.216
2026-10-01 22:36:21,386 | DEBUG | step 7350 epoch 5 loss 0.0864 step_s 0.0016 peak_mem_gb 0.216
2026-10-01 22:36:21,389 | DEBUG | step 7351 epoch 5 loss 0.0712 step_s 0.0016 peak_mem_gb 0.216
2026-10-01 22:36:21,391 | DEBUG | step 7352 epoch 5 loss 0.0690 step_s 0.0016 peak_mem_gb 0.216
2026-10-01 22:36:21,393 | DEBUG | step 7353 epoch 5 loss 0.1011 step_s 0.0017 peak_mem_gb 0.216
2026-10-01 22:36:21,395 | DEBUG | step 7354 epoch 5 loss 0.0912 step_s 0.0016 peak_mem_gb 0.216
2026-10-01 22:36:21,398 | DEBUG | step 7355 epoch 5 loss 0.1421 step_s 0.0016 peak_mem_gb 0.216
2026-10-01 22:36:21,400 | DEBUG | step 7356 epoch 5 loss 0.0808 step_s 0.0019 peak_mem_gb 0.216
2026-10-01 22:36:21,403 | DEBUG | step 7357 epoch 5 loss 0.1284 step_s 0.0017 peak_mem_gb 0.216
2026-10-01 22:36:21,405 | DEBUG | step 7358 epoch 5 loss 0.0685 step_s 0.0016 peak_mem_gb 0.216
2026-10-01 22:36:21,407 | DEBUG | step 7359 epoch 5 loss 0.1036 step_s 0.0016 peak_mem_gb 0.216
2026-10-01 22:36:21,410 | DEBUG | step 7360 epoch 5 loss 0.1222 step_s 0.0016 peak_mem_gb 0.216
2026-10-01 22:36:21,412 | DEBUG | step 7361 epoch 5 loss 0.1932 step_s 0.0016 peak_mem_gb 0.216
2026-10-01 22:36:21,415 | DEBUG | step 7362 epoch 5 loss 0.0919 step_s 0.0016 peak_mem_gb 0.216
2026-10-01 22:36:21,417 | DEBUG | step 7363 epoch 5 loss 0.1888 step_s 0.0018 peak_mem_gb 0.216
2026-10-01 22:36:21,419 | DEBUG | step 7364 epoch 5 loss 0.1772 step_s 0.0016 peak_mem_gb 0.216
2026-10-01 22:36:21,422 | DEBUG | step 7365 epoch 5 loss 0.1025 step_s 0.0017 peak_mem_gb 0.216
2026-10-01 22:36:21,424 | DEBUG | step 7366 epoch 5 loss 0.0332 step_s 0.0016 peak_mem_gb 0.216
2026-10-01 22:36:21,427 | DEBUG | step 7367 epoch 5 loss 0.0676 step_s 0.0017 peak_mem_gb 0.216
2026-10-01 22:36:21,429 | DEBUG | step 7368 epoch 5 loss 0.1320 step_s 0.0017 peak_mem_gb 0.216
2026-10-01 22:36:21,432 | DEBUG | step 7369 epoch 5 loss 0.2420 step_s 0.0017 peak_mem_gb 0.216
2026-10-01 22:36:21,434 | DEBUG | step 7370 epoch 5 loss 0.1133 step_s 0.0017 peak_mem_gb 0.216
2026-10-01 22:36:21,436 | DEBUG | step 7371 epoch 5 loss 0.1666 step_s 0.0016 peak_mem_gb 0.216
2026-10-01 22:36:21,439 | DEBUG | step 7372 epoch 5 loss 0.1438 step_s 0.0016 peak_mem_gb 0.216
2026-10-01 22:36:21,441 | DEBUG | step 7373 epoch 5 loss 0.0684 step_s 0.0016 peak_mem_gb 0.216
2026-10-01 22:36:21,443 | DEBUG | step 7374 epoch 5 loss 0.1402 step_s 0.0016 peak_mem_gb 0.216
2026-10-01 22:36:21,446 | DEBUG | step 7375 epoch 5 loss 0.1151 step_s 0.0016 peak_mem_gb 0.216
2026-10-01 22:36:21,448 | DEBUG | step 7376 epoch 5 loss 0.0833 step_s 0.0018 peak_mem_gb 0.216
2026-10-01 22:36:21,451 | DEBUG | step 7377 epoch 5 loss 0.1469 step_s 0.0016 peak_mem_gb 0.216
2026-10-01 22:36:21,453 | DEBUG | step 7378 epoch 5 loss 0.0579 step_s 0.0017 peak_mem_gb 0.216
2026-10-01 22:36:21,455 | DEBUG | step 7379 epoch 5 loss 0.0493 step_s 0.0017 peak_mem_gb 0.216
2026-10-01 22:36:21,458 | DEBUG | step 7380 epoch 5 loss 0.2284 step_s 0.0016 peak_mem_gb 0.216
2026-10-01 22:36:21,460 | DEBUG | step 7381 epoch 5 loss 0.0654 step_s 0.0016 peak_mem_gb 0.216
2026-10-01 22:36:21,463 | DEBUG | step 7382 epoch 5 loss 0.2003 step_s 0.0016 peak_mem_gb 0.216
2026-10-01 22:36:21,465 | DEBUG | step 7383 epoch 5 loss 0.0736 step_s 0.0016 peak_mem_gb 0.216
2026-10-01 22:36:21,467 | DEBUG | step 7384 epoch 5 loss 0.1252 step_s 0.0016 peak_mem_gb 0.216
2026-10-01 22:36:21,470 | DEBUG | step 7385 epoch 5 loss 0.0827 step_s 0.0019 peak_mem_gb 0.216
2026-10-01 22:36:21,472 | DEBUG | step 7386 epoch 5 loss 0.1012 step_s 0.0016 peak_mem_gb 0.216
2026-10-01 22:36:21,474 | DEBUG | step 7387 epoch 5 loss 0.1483 step_s 0.0016 peak_mem_gb 0.216
2026-10-01 22:36:21,477 | DEBUG | step 7388 epoch 5 loss 0.0769 step_s 0.0017 peak_mem_gb 0.216
2026-10-01 22:36:21,479 | DEBUG | step 7389 epoch 5 loss 0.1326 step_s 0.0016 peak_mem_gb 0.216
2026-10-01 22:36:21,482 | DEBUG | step 7390 epoch 5 loss 0.0998 step_s 0.0016 peak_mem_gb 0.216
2026-10-01 22:36:21,484 | DEBUG | step 7391 epoch 5 loss 0.2194 step_s 0.0017 peak_mem_gb 0.216
2026-10-01 22:36:21,486 | DEBUG | step 7392 epoch 5 loss 0.1891 step_s 0.0016 peak_mem_gb 0.216
2026-10-01 22:36:21,489 | DEBUG | step 7393 epoch 5 loss 0.1512 step_s 0.0016 peak_mem_gb 0.216
2026-10-01 22:36:21,491 | DEBUG | step 7394 epoch 5 loss 0.2114 step_s 0.0016 peak_mem_gb 0.216
2026-10-01 22:36:21,493 | DEBUG | step 7395 epoch 5 loss 0.1158 step_s 0.0016 peak_mem_gb 0.216
2026-10-01 22:36:21,496 | DEBUG | step 7396 epoch 5 loss 0.1548 step_s 0.0016 peak_mem_gb 0.216
2026-10-01 22:36:21,498 | DEBUG | step 7397 epoch 5 loss 0.1586 step_s 0.0016 peak_mem_gb 0.216
2026-10-01 22:36:21,500 | DEBUG | step 7398 epoch 5 loss 0.0952 step_s 0.0015 peak_mem_gb 0.216
2026-10-01 22:36:21,502 | DEBUG | step 7399 epoch 5 loss 0.0400 step_s 0.0016 peak_mem_gb 0.216
2026-10-01 22:36:21,505 | INFO | step 7400 epoch 5 loss 0.1215 step_s 0.0016 peak_mem_gb 0.216
2026-10-01 22:36:21,508 | DEBUG | step 7401 epoch 5 loss 0.2700 step_s 0.0017 peak_mem_gb 0.216
2026-10-01 22:36:21,511 | DEBUG | step 7402 epoch 5 loss 0.0764 step_s 0.0017 peak_mem_gb 0.216
2026-10-01 22:36:21,514 | DEBUG | step 7403 epoch 5 loss 0.1243 step_s 0.0023 peak_mem_gb 0.216
2026-10-01 22:36:21,516 | DEBUG | step 7404 epoch 5 loss 0.2575 step_s 0.0020 peak_mem_gb 0.216
2026-10-01 22:36:21,519 | DEBUG | step 7405 epoch 5 loss 0.0549 step_s 0.0017 peak_mem_gb 0.216
2026-10-01 22:36:21,521 | DEBUG | step 7406 epoch 5 loss 0.1181 step_s 0.0017 peak_mem_gb 0.216
2026-10-01 22:36:21,524 | DEBUG | step 7407 epoch 5 loss 0.1282 step_s 0.0016 peak_mem_gb 0.216
2026-10-01 22:36:21,526 | DEBUG | step 7408 epoch 5 loss 0.1185 step_s 0.0016 peak_mem_gb 0.216
2026-10-01 22:36:21,528 | DEBUG | step 7409 epoch 5 loss 0.1101 step_s 0.0016 peak_mem_gb 0.216
2026-10-01 22:36:21,531 | DEBUG | step 7410 epoch 5 loss 0.0975 step_s 0.0016 peak_mem_gb 0.216
2026-10-01 22:36:21,533 | DEBUG | step 7411 epoch 5 loss 0.0910 step_s 0.0016 peak_mem_gb 0.216
2026-10-01 22:36:21,535 | DEBUG | step 7412 epoch 5 loss 0.0737 step_s 0.0016 peak_mem_gb 0.216
2026-10-01 22:36:21,538 | DEBUG | step 7413 epoch 5 loss 0.1689 step_s 0.0017 peak_mem_gb 0.216
2026-10-01 22:36:21,540 | DEBUG | step 7414 epoch 5 loss 0.1521 step_s 0.0016 peak_mem_gb 0.216
2026-10-01 22:36:21,542 | DEBUG | step 7415 epoch 5 loss 0.1172 step_s 0.0016 peak_mem_gb 0.216
2026-10-01 22:36:21,545 | DEBUG | step 7416 epoch 5 loss 0.0933 step_s 0.0016 peak_mem_gb 0.216
2026-10-01 22:36:21,547 | DEBUG | step 7417 epoch 5 loss 0.1146 step_s 0.0016 peak_mem_gb 0.216
2026-10-01 22:36:21,549 | DEBUG | step 7418 epoch 5 loss 0.0930 step_s 0.0017 peak_mem_gb 0.216
2026-10-01 22:36:21,552 | DEBUG | step 7419 epoch 5 loss 0.0683 step_s 0.0016 peak_mem_gb 0.216
2026-10-01 22:36:21,554 | DEBUG | step 7420 epoch 5 loss 0.1373 step_s 0.0016 peak_mem_gb 0.216
2026-10-01 22:36:21,556 | DEBUG | step 7421 epoch 5 loss 0.0303 step_s 0.0016 peak_mem_gb 0.216
2026-10-01 22:36:21,559 | DEBUG | step 7422 epoch 5 loss 0.0910 step_s 0.0017 peak_mem_gb 0.216
2026-10-01 22:36:21,561 | DEBUG | step 7423 epoch 5 loss 0.2052 step_s 0.0018 peak_mem_gb 0.216
2026-10-01 22:36:21,564 | DEBUG | step 7424 epoch 5 loss 0.0942 step_s 0.0016 peak_mem_gb 0.216
2026-10-01 22:36:21,566 | DEBUG | step 7425 epoch 5 loss 0.2011 step_s 0.0016 peak_mem_gb 0.216
2026-10-01 22:36:21,568 | DEBUG | step 7426 epoch 5 loss 0.0724 step_s 0.0016 peak_mem_gb 0.216
2026-10-01 22:36:21,570 | DEBUG | step 7427 epoch 5 loss 0.0606 step_s 0.0017 peak_mem_gb 0.216
2026-10-01 22:36:21,573 | DEBUG | step 7428 epoch 5 loss 0.0743 step_s 0.0016 peak_mem_gb 0.216
2026-10-01 22:36:21,575 | DEBUG | step 7429 epoch 5 loss 0.0621 step_s 0.0016 peak_mem_gb 0.216
2026-10-01 22:36:21,577 | DEBUG | step 7430 epoch 5 loss 0.0867 step_s 0.0017 peak_mem_gb 0.216
2026-10-01 22:36:21,580 | DEBUG | step 7431 epoch 5 loss 0.0521 step_s 0.0016 peak_mem_gb 0.216
2026-10-01 22:36:21,582 | DEBUG | step 7432 epoch 5 loss 0.2154 step_s 0.0016 peak_mem_gb 0.216
2026-10-01 22:36:21,584 | DEBUG | step 7433 epoch 5 loss 0.0982 step_s 0.0016 peak_mem_gb 0.216
2026-10-01 22:36:21,587 | DEBUG | step 7434 epoch 5 loss 0.0907 step_s 0.0016 peak_mem_gb 0.216
2026-10-01 22:36:21,589 | DEBUG | step 7435 epoch 5 loss 0.0489 step_s 0.0016 peak_mem_gb 0.216
2026-10-01 22:36:21,591 | DEBUG | step 7436 epoch 5 loss 0.0883 step_s 0.0016 peak_mem_gb 0.216
2026-10-01 22:36:21,593 | DEBUG | step 7437 epoch 5 loss 0.2846 step_s 0.0017 peak_mem_gb 0.216
2026-10-01 22:36:21,596 | DEBUG | step 7438 epoch 5 loss 0.1191 step_s 0.0016 peak_mem_gb 0.216
2026-10-01 22:36:21,598 | DEBUG | step 7439 epoch 5 loss 0.1780 step_s 0.0016 peak_mem_gb 0.216
2026-10-01 22:36:21,600 | DEBUG | step 7440 epoch 5 loss 0.1640 step_s 0.0016 peak_mem_gb 0.216
2026-10-01 22:36:21,603 | DEBUG | step 7441 epoch 5 loss 0.1549 step_s 0.0016 peak_mem_gb 0.216
2026-10-01 22:36:21,605 | DEBUG | step 7442 epoch 5 loss 0.0464 step_s 0.0016 peak_mem_gb 0.216
2026-10-01 22:36:21,607 | DEBUG | step 7443 epoch 5 loss 0.1820 step_s 0.0016 peak_mem_gb 0.216
2026-10-01 22:36:21,610 | DEBUG | step 7444 epoch 5 loss 0.1556 step_s 0.0017 peak_mem_gb 0.216
2026-10-01 22:36:21,612 | DEBUG | step 7445 epoch 5 loss 0.1166 step_s 0.0016 peak_mem_gb 0.216
2026-10-01 22:36:21,614 | DEBUG | step 7446 epoch 5 loss 0.1622 step_s 0.0016 peak_mem_gb 0.216
2026-10-01 22:36:21,617 | DEBUG | step 7447 epoch 5 loss 0.1415 step_s 0.0016 peak_mem_gb 0.216
2026-10-01 22:36:21,619 | DEBUG | step 7448 epoch 5 loss 0.0756 step_s 0.0016 peak_mem_gb 0.216
2026-10-01 22:36:21,621 | DEBUG | step 7449 epoch 5 loss 0.1700 step_s 0.0017 peak_mem_gb 0.216
2026-10-01 22:36:21,623 | DEBUG | step 7450 epoch 5 loss 0.0856 step_s 0.0016 peak_mem_gb 0.216
2026-10-01 22:36:21,626 | DEBUG | step 7451 epoch 5 loss 0.1364 step_s 0.0019 peak_mem_gb 0.216
2026-10-01 22:36:21,628 | DEBUG | step 7452 epoch 5 loss 0.0954 step_s 0.0016 peak_mem_gb 0.216
2026-10-01 22:36:21,631 | DEBUG | step 7453 epoch 5 loss 0.0625 step_s 0.0016 peak_mem_gb 0.216
2026-10-01 22:36:21,633 | DEBUG | step 7454 epoch 5 loss 0.1435 step_s 0.0016 peak_mem_gb 0.216
2026-10-01 22:36:21,635 | DEBUG | step 7455 epoch 5 loss 0.0872 step_s 0.0016 peak_mem_gb 0.216
2026-10-01 22:36:21,638 | DEBUG | step 7456 epoch 5 loss 0.1709 step_s 0.0016 peak_mem_gb 0.216
2026-10-01 22:36:21,640 | DEBUG | step 7457 epoch 5 loss 0.1913 step_s 0.0016 peak_mem_gb 0.216
2026-10-01 22:36:21,642 | DEBUG | step 7458 epoch 5 loss 0.0976 step_s 0.0017 peak_mem_gb 0.216
2026-10-01 22:36:21,645 | DEBUG | step 7459 epoch 5 loss 0.0933 step_s 0.0016 peak_mem_gb 0.216
2026-10-01 22:36:21,647 | DEBUG | step 7460 epoch 5 loss 0.1101 step_s 0.0016 peak_mem_gb 0.216
2026-10-01 22:36:21,649 | DEBUG | step 7461 epoch 5 loss 0.2155 step_s 0.0017 peak_mem_gb 0.216
2026-10-01 22:36:21,652 | DEBUG | step 7462 epoch 5 loss 0.1516 step_s 0.0017 peak_mem_gb 0.216
2026-10-01 22:36:21,654 | DEBUG | step 7463 epoch 5 loss 0.1022 step_s 0.0016 peak_mem_gb 0.216
2026-10-01 22:36:21,656 | DEBUG | step 7464 epoch 5 loss 0.0910 step_s 0.0017 peak_mem_gb 0.216
2026-10-01 22:36:21,659 | DEBUG | step 7465 epoch 5 loss 0.0573 step_s 0.0016 peak_mem_gb 0.216
2026-10-01 22:36:21,661 | DEBUG | step 7466 epoch 5 loss 0.1336 step_s 0.0017 peak_mem_gb 0.216
2026-10-01 22:36:21,663 | DEBUG | step 7467 epoch 5 loss 0.1235 step_s 0.0016 peak_mem_gb 0.216
2026-10-01 22:36:21,666 | DEBUG | step 7468 epoch 5 loss 0.0772 step_s 0.0016 peak_mem_gb 0.216
2026-10-01 22:36:21,668 | DEBUG | step 7469 epoch 5 loss 0.1133 step_s 0.0016 peak_mem_gb 0.216
2026-10-01 22:36:21,670 | DEBUG | step 7470 epoch 5 loss 0.1361 step_s 0.0016 peak_mem_gb 0.216
2026-10-01 22:36:21,673 | DEBUG | step 7471 epoch 5 loss 0.0538 step_s 0.0016 peak_mem_gb 0.216
2026-10-01 22:36:21,675 | DEBUG | step 7472 epoch 5 loss 0.0664 step_s 0.0016 peak_mem_gb 0.216
2026-10-01 22:36:21,677 | DEBUG | step 7473 epoch 5 loss 0.0435 step_s 0.0017 peak_mem_gb 0.216
2026-10-01 22:36:21,680 | DEBUG | step 7474 epoch 5 loss 0.1985 step_s 0.0016 peak_mem_gb 0.216
2026-10-01 22:36:21,682 | DEBUG | step 7475 epoch 5 loss 0.1421 step_s 0.0016 peak_mem_gb 0.216
2026-10-01 22:36:21,684 | DEBUG | step 7476 epoch 5 loss 0.1553 step_s 0.0016 peak_mem_gb 0.216
2026-10-01 22:36:21,686 | DEBUG | step 7477 epoch 5 loss 0.1142 step_s 0.0016 peak_mem_gb 0.216
2026-10-01 22:36:21,689 | DEBUG | step 7478 epoch 5 loss 0.1017 step_s 0.0017 peak_mem_gb 0.216
2026-10-01 22:36:21,691 | DEBUG | step 7479 epoch 5 loss 0.1329 step_s 0.0016 peak_mem_gb 0.216
2026-10-01 22:36:21,693 | DEBUG | step 7480 epoch 5 loss 0.1540 step_s 0.0016 peak_mem_gb 0.216
2026-10-01 22:36:21,696 | DEBUG | step 7481 epoch 5 loss 0.1680 step_s 0.0016 peak_mem_gb 0.216
2026-10-01 22:36:21,698 | DEBUG | step 7482 epoch 5 loss 0.0926 step_s 0.0016 peak_mem_gb 0.216
2026-10-01 22:36:21,700 | DEBUG | step 7483 epoch 5 loss 0.0838 step_s 0.0016 peak_mem_gb 0.216
2026-10-01 22:36:21,703 | DEBUG | step 7484 epoch 5 loss 0.2237 step_s 0.0016 peak_mem_gb 0.216
2026-10-01 22:36:21,705 | DEBUG | step 7485 epoch 5 loss 0.1034 step_s 0.0017 peak_mem_gb 0.216
2026-10-01 22:36:21,707 | DEBUG | step 7486 epoch 5 loss 0.1067 step_s 0.0017 peak_mem_gb 0.216
2026-10-01 22:36:21,710 | DEBUG | step 7487 epoch 5 loss 0.1685 step_s 0.0016 peak_mem_gb 0.216
2026-10-01 22:36:21,712 | DEBUG | step 7488 epoch 5 loss 0.0628 step_s 0.0016 peak_mem_gb 0.216
2026-10-01 22:36:21,714 | DEBUG | step 7489 epoch 5 loss 0.1520 step_s 0.0016 peak_mem_gb 0.216
2026-10-01 22:36:21,717 | DEBUG | step 7490 epoch 5 loss 0.0984 step_s 0.0016 peak_mem_gb 0.216
2026-10-01 22:36:21,719 | DEBUG | step 7491 epoch 5 loss 0.0997 step_s 0.0016 peak_mem_gb 0.216
2026-10-01 22:36:21,721 | DEBUG | step 7492 epoch 5 loss 0.0914 step_s 0.0017 peak_mem_gb 0.216
2026-10-01 22:36:21,723 | DEBUG | step 7493 epoch 5 loss 0.0740 step_s 0.0016 peak_mem_gb 0.216
2026-10-01 22:36:21,726 | DEBUG | step 7494 epoch 5 loss 0.1141 step_s 0.0016 peak_mem_gb 0.216
2026-10-01 22:36:21,728 | DEBUG | step 7495 epoch 5 loss 0.0742 step_s 0.0016 peak_mem_gb 0.216
2026-10-01 22:36:21,730 | DEBUG | step 7496 epoch 5 loss 0.1255 step_s 0.0016 peak_mem_gb 0.216
2026-10-01 22:36:21,733 | DEBUG | step 7497 epoch 5 loss 0.2131 step_s 0.0017 peak_mem_gb 0.216
2026-10-01 22:36:21,736 | DEBUG | step 7498 epoch 5 loss 0.1416 step_s 0.0016 peak_mem_gb 0.216
2026-10-01 22:36:21,739 | DEBUG | step 7499 epoch 5 loss 0.1053 step_s 0.0029 peak_mem_gb 0.216
2026-10-01 22:36:21,742 | DEBUG | step 7500 epoch 5 loss 0.0432 step_s 0.0016 peak_mem_gb 0.216
2026-10-01 22:36:21,744 | DEBUG | step 7501 epoch 5 loss 0.2902 step_s 0.0016 peak_mem_gb 0.216
2026-10-01 22:36:21,746 | DEBUG | step 7502 epoch 5 loss 0.1039 step_s 0.0016 peak_mem_gb 0.216
2026-10-01 22:36:21,749 | DEBUG | step 7503 epoch 5 loss 0.1645 step_s 0.0016 peak_mem_gb 0.216
2026-10-01 22:36:21,751 | DEBUG | step 7504 epoch 5 loss 0.0492 step_s 0.0016 peak_mem_gb 0.216
2026-10-01 22:36:21,753 | DEBUG | step 7505 epoch 5 loss 0.1817 step_s 0.0017 peak_mem_gb 0.216
2026-10-01 22:36:21,756 | DEBUG | step 7506 epoch 5 loss 0.1420 step_s 0.0016 peak_mem_gb 0.216
2026-10-01 22:36:21,758 | DEBUG | step 7507 epoch 5 loss 0.1652 step_s 0.0016 peak_mem_gb 0.216
2026-10-01 22:36:21,760 | DEBUG | step 7508 epoch 5 loss 0.0778 step_s 0.0016 peak_mem_gb 0.216
2026-10-01 22:36:21,763 | DEBUG | step 7509 epoch 5 loss 0.1134 step_s 0.0016 peak_mem_gb 0.216
2026-10-01 22:36:21,765 | DEBUG | step 7510 epoch 5 loss 0.0927 step_s 0.0016 peak_mem_gb 0.216
2026-10-01 22:36:21,767 | DEBUG | step 7511 epoch 5 loss 0.0808 step_s 0.0016 peak_mem_gb 0.216
2026-10-01 22:36:21,770 | DEBUG | step 7512 epoch 5 loss 0.0891 step_s 0.0016 peak_mem_gb 0.216
2026-10-01 22:36:21,772 | DEBUG | step 7513 epoch 5 loss 0.1623 step_s 0.0016 peak_mem_gb 0.216
2026-10-01 22:36:21,774 | DEBUG | step 7514 epoch 5 loss 0.1141 step_s 0.0016 peak_mem_gb 0.216
2026-10-01 22:36:21,776 | DEBUG | step 7515 epoch 5 loss 0.0935 step_s 0.0016 peak_mem_gb 0.216
2026-10-01 22:36:21,779 | DEBUG | step 7516 epoch 5 loss 0.1793 step_s 0.0015 peak_mem_gb 0.216
2026-10-01 22:36:21,781 | DEBUG | step 7517 epoch 5 loss 0.1618 step_s 0.0016 peak_mem_gb 0.216
2026-10-01 22:36:21,783 | DEBUG | step 7518 epoch 5 loss 0.1110 step_s 0.0016 peak_mem_gb 0.216
2026-10-01 22:36:21,786 | DEBUG | step 7519 epoch 5 loss 0.0750 step_s 0.0016 peak_mem_gb 0.216
2026-10-01 22:36:21,788 | DEBUG | step 7520 epoch 5 loss 0.0818 step_s 0.0016 peak_mem_gb 0.216
2026-10-01 22:36:21,790 | DEBUG | step 7521 epoch 5 loss 0.1117 step_s 0.0016 peak_mem_gb 0.216
2026-10-01 22:36:21,793 | DEBUG | step 7522 epoch 5 loss 0.0488 step_s 0.0017 peak_mem_gb 0.216
2026-10-01 22:36:21,795 | DEBUG | step 7523 epoch 5 loss 0.1539 step_s 0.0016 peak_mem_gb 0.216
2026-10-01 22:36:21,797 | DEBUG | step 7524 epoch 5 loss 0.0360 step_s 0.0016 peak_mem_gb 0.216
2026-10-01 22:36:21,800 | DEBUG | step 7525 epoch 5 loss 0.1054 step_s 0.0018 peak_mem_gb 0.216
2026-10-01 22:36:21,802 | DEBUG | step 7526 epoch 5 loss 0.1368 step_s 0.0016 peak_mem_gb 0.216
2026-10-01 22:36:21,804 | DEBUG | step 7527 epoch 5 loss 0.0675 step_s 0.0017 peak_mem_gb 0.216
2026-10-01 22:36:21,807 | DEBUG | step 7528 epoch 5 loss 0.1891 step_s 0.0016 peak_mem_gb 0.216
2026-10-01 22:36:21,809 | DEBUG | step 7529 epoch 5 loss 0.0710 step_s 0.0017 peak_mem_gb 0.216
2026-10-01 22:36:21,811 | DEBUG | step 7530 epoch 5 loss 0.0681 step_s 0.0016 peak_mem_gb 0.216
2026-10-01 22:36:21,814 | DEBUG | step 7531 epoch 5 loss 0.0853 step_s 0.0016 peak_mem_gb 0.216
2026-10-01 22:36:21,816 | DEBUG | step 7532 epoch 5 loss 0.0702 step_s 0.0016 peak_mem_gb 0.216
2026-10-01 22:36:21,818 | DEBUG | step 7533 epoch 5 loss 0.1406 step_s 0.0016 peak_mem_gb 0.216
2026-10-01 22:36:21,821 | DEBUG | step 7534 epoch 5 loss 0.1376 step_s 0.0016 peak_mem_gb 0.216
2026-10-01 22:36:21,823 | DEBUG | step 7535 epoch 5 loss 0.1522 step_s 0.0016 peak_mem_gb 0.216
2026-10-01 22:36:21,825 | DEBUG | step 7536 epoch 5 loss 0.2105 step_s 0.0016 peak_mem_gb 0.216
2026-10-01 22:36:21,827 | DEBUG | step 7537 epoch 5 loss 0.0727 step_s 0.0016 peak_mem_gb 0.216
2026-10-01 22:36:21,830 | DEBUG | step 7538 epoch 5 loss 0.0553 step_s 0.0016 peak_mem_gb 0.216
2026-10-01 22:36:21,832 | DEBUG | step 7539 epoch 5 loss 0.1084 step_s 0.0016 peak_mem_gb 0.216
2026-10-01 22:36:21,834 | DEBUG | step 7540 epoch 5 loss 0.1424 step_s 0.0016 peak_mem_gb 0.216
2026-10-01 22:36:21,837 | DEBUG | step 7541 epoch 5 loss 0.1632 step_s 0.0017 peak_mem_gb 0.216
2026-10-01 22:36:21,839 | DEBUG | step 7542 epoch 5 loss 0.1415 step_s 0.0017 peak_mem_gb 0.216
2026-10-01 22:36:21,842 | DEBUG | step 7543 epoch 5 loss 0.1760 step_s 0.0016 peak_mem_gb 0.216
2026-10-01 22:36:21,844 | DEBUG | step 7544 epoch 5 loss 0.1833 step_s 0.0016 peak_mem_gb 0.216
2026-10-01 22:36:21,846 | DEBUG | step 7545 epoch 5 loss 0.1773 step_s 0.0017 peak_mem_gb 0.216
2026-10-01 22:36:21,849 | DEBUG | step 7546 epoch 5 loss 0.0968 step_s 0.0016 peak_mem_gb 0.216
2026-10-01 22:36:21,851 | DEBUG | step 7547 epoch 5 loss 0.1869 step_s 0.0016 peak_mem_gb 0.216
2026-10-01 22:36:21,853 | DEBUG | step 7548 epoch 5 loss 0.1154 step_s 0.0017 peak_mem_gb 0.216
2026-10-01 22:36:21,855 | DEBUG | step 7549 epoch 5 loss 0.1935 step_s 0.0016 peak_mem_gb 0.216
2026-10-01 22:36:21,858 | DEBUG | step 7550 epoch 5 loss 0.2199 step_s 0.0016 peak_mem_gb 0.216
2026-10-01 22:36:21,860 | DEBUG | step 7551 epoch 5 loss 0.1030 step_s 0.0016 peak_mem_gb 0.216
2026-10-01 22:36:21,862 | DEBUG | step 7552 epoch 5 loss 0.0899 step_s 0.0016 peak_mem_gb 0.216
2026-10-01 22:36:21,865 | DEBUG | step 7553 epoch 5 loss 0.1594 step_s 0.0018 peak_mem_gb 0.216
2026-10-01 22:36:21,867 | DEBUG | step 7554 epoch 5 loss 0.1459 step_s 0.0016 peak_mem_gb 0.216
2026-10-01 22:36:21,869 | DEBUG | step 7555 epoch 5 loss 0.0908 step_s 0.0016 peak_mem_gb 0.216
2026-10-01 22:36:21,872 | DEBUG | step 7556 epoch 5 loss 0.2623 step_s 0.0016 peak_mem_gb 0.216
2026-10-01 22:36:21,874 | DEBUG | step 7557 epoch 5 loss 0.0815 step_s 0.0016 peak_mem_gb 0.216
2026-10-01 22:36:21,876 | DEBUG | step 7558 epoch 5 loss 0.1851 step_s 0.0016 peak_mem_gb 0.216
2026-10-01 22:36:21,879 | DEBUG | step 7559 epoch 5 loss 0.2544 step_s 0.0018 peak_mem_gb 0.216
2026-10-01 22:36:21,881 | DEBUG | step 7560 epoch 5 loss 0.1506 step_s 0.0017 peak_mem_gb 0.216
2026-10-01 22:36:21,884 | DEBUG | step 7561 epoch 5 loss 0.2894 step_s 0.0016 peak_mem_gb 0.216
2026-10-01 22:36:21,886 | DEBUG | step 7562 epoch 5 loss 0.1426 step_s 0.0016 peak_mem_gb 0.216
2026-10-01 22:36:21,888 | DEBUG | step 7563 epoch 5 loss 0.1339 step_s 0.0016 peak_mem_gb 0.216
2026-10-01 22:36:21,890 | DEBUG | step 7564 epoch 5 loss 0.1263 step_s 0.0016 peak_mem_gb 0.216
2026-10-01 22:36:21,893 | DEBUG | step 7565 epoch 5 loss 0.1602 step_s 0.0017 peak_mem_gb 0.216
2026-10-01 22:36:21,895 | DEBUG | step 7566 epoch 5 loss 0.1054 step_s 0.0018 peak_mem_gb 0.216
2026-10-01 22:36:21,898 | DEBUG | step 7567 epoch 5 loss 0.0776 step_s 0.0016 peak_mem_gb 0.216
2026-10-01 22:36:21,900 | DEBUG | step 7568 epoch 5 loss 0.1898 step_s 0.0017 peak_mem_gb 0.216
2026-10-01 22:36:21,902 | DEBUG | step 7569 epoch 5 loss 0.0838 step_s 0.0016 peak_mem_gb 0.216
2026-10-01 22:36:21,905 | DEBUG | step 7570 epoch 5 loss 0.1465 step_s 0.0016 peak_mem_gb 0.216
2026-10-01 22:36:21,907 | DEBUG | step 7571 epoch 5 loss 0.1149 step_s 0.0016 peak_mem_gb 0.216
2026-10-01 22:36:21,910 | DEBUG | step 7572 epoch 5 loss 0.1418 step_s 0.0020 peak_mem_gb 0.216
2026-10-01 22:36:21,912 | DEBUG | step 7573 epoch 5 loss 0.0471 step_s 0.0016 peak_mem_gb 0.216
2026-10-01 22:36:21,914 | DEBUG | step 7574 epoch 5 loss 0.0644 step_s 0.0016 peak_mem_gb 0.216
2026-10-01 22:36:21,916 | DEBUG | step 7575 epoch 5 loss 0.1303 step_s 0.0016 peak_mem_gb 0.216
2026-10-01 22:36:21,919 | DEBUG | step 7576 epoch 5 loss 0.1186 step_s 0.0016 peak_mem_gb 0.216
2026-10-01 22:36:21,921 | DEBUG | step 7577 epoch 5 loss 0.0992 step_s 0.0016 peak_mem_gb 0.216
2026-10-01 22:36:21,923 | DEBUG | step 7578 epoch 5 loss 0.1065 step_s 0.0016 peak_mem_gb 0.216
2026-10-01 22:36:21,926 | DEBUG | step 7579 epoch 5 loss 0.1272 step_s 0.0017 peak_mem_gb 0.216
2026-10-01 22:36:21,928 | DEBUG | step 7580 epoch 5 loss 0.1195 step_s 0.0016 peak_mem_gb 0.216
2026-10-01 22:36:21,930 | DEBUG | step 7581 epoch 5 loss 0.0512 step_s 0.0016 peak_mem_gb 0.216
2026-10-01 22:36:21,932 | DEBUG | step 7582 epoch 5 loss 0.0946 step_s 0.0016 peak_mem_gb 0.216
2026-10-01 22:36:21,935 | DEBUG | step 7583 epoch 5 loss 0.1546 step_s 0.0016 peak_mem_gb 0.216
2026-10-01 22:36:21,937 | DEBUG | step 7584 epoch 5 loss 0.1635 step_s 0.0016 peak_mem_gb 0.216
2026-10-01 22:36:21,939 | DEBUG | step 7585 epoch 5 loss 0.2209 step_s 0.0015 peak_mem_gb 0.216
2026-10-01 22:36:21,943 | DEBUG | step 7586 epoch 5 loss 0.1467 step_s 0.0028 peak_mem_gb 0.216
2026-10-01 22:36:21,945 | DEBUG | step 7587 epoch 5 loss 0.1112 step_s 0.0016 peak_mem_gb 0.216
2026-10-01 22:36:21,947 | DEBUG | step 7588 epoch 5 loss 0.2548 step_s 0.0016 peak_mem_gb 0.216
2026-10-01 22:36:21,950 | DEBUG | step 7589 epoch 5 loss 0.0912 step_s 0.0016 peak_mem_gb 0.216
2026-10-01 22:36:21,952 | DEBUG | step 7590 epoch 5 loss 0.1256 step_s 0.0016 peak_mem_gb 0.216
2026-10-01 22:36:21,954 | DEBUG | step 7591 epoch 5 loss 0.1358 step_s 0.0016 peak_mem_gb 0.216
2026-10-01 22:36:21,957 | DEBUG | step 7592 epoch 5 loss 0.1296 step_s 0.0017 peak_mem_gb 0.216
2026-10-01 22:36:21,959 | DEBUG | step 7593 epoch 5 loss 0.0885 step_s 0.0016 peak_mem_gb 0.216
2026-10-01 22:36:21,961 | DEBUG | step 7594 epoch 5 loss 0.1072 step_s 0.0016 peak_mem_gb 0.216
2026-10-01 22:36:21,963 | DEBUG | step 7595 epoch 5 loss 0.1168 step_s 0.0016 peak_mem_gb 0.216
2026-10-01 22:36:21,966 | DEBUG | step 7596 epoch 5 loss 0.0337 step_s 0.0016 peak_mem_gb 0.216
2026-10-01 22:36:21,968 | DEBUG | step 7597 epoch 5 loss 0.3034 step_s 0.0016 peak_mem_gb 0.216
2026-10-01 22:36:21,970 | DEBUG | step 7598 epoch 5 loss 0.1642 step_s 0.0016 peak_mem_gb 0.216
2026-10-01 22:36:21,973 | DEBUG | step 7599 epoch 5 loss 0.1741 step_s 0.0017 peak_mem_gb 0.216
2026-10-01 22:36:21,975 | INFO | step 7600 epoch 5 loss 0.1765 step_s 0.0016 peak_mem_gb 0.216
2026-10-01 22:36:21,978 | DEBUG | step 7601 epoch 5 loss 0.2290 step_s 0.0017 peak_mem_gb 0.216
2026-10-01 22:36:21,981 | DEBUG | step 7602 epoch 5 loss 0.1242 step_s 0.0017 peak_mem_gb 0.216
2026-10-01 22:36:21,984 | DEBUG | step 7603 epoch 5 loss 0.0906 step_s 0.0023 peak_mem_gb 0.216
2026-10-01 22:36:21,986 | DEBUG | step 7604 epoch 5 loss 0.1574 step_s 0.0020 peak_mem_gb 0.216
2026-10-01 22:36:21,989 | DEBUG | step 7605 epoch 5 loss 0.1990 step_s 0.0018 peak_mem_gb 0.216
2026-10-01 22:36:21,991 | DEBUG | step 7606 epoch 5 loss 0.1197 step_s 0.0017 peak_mem_gb 0.216
2026-10-01 22:36:21,994 | DEBUG | step 7607 epoch 5 loss 0.1391 step_s 0.0016 peak_mem_gb 0.216
2026-10-01 22:36:21,996 | DEBUG | step 7608 epoch 5 loss 0.0385 step_s 0.0016 peak_mem_gb 0.216
2026-10-01 22:36:21,998 | DEBUG | step 7609 epoch 5 loss 0.1221 step_s 0.0016 peak_mem_gb 0.216
2026-10-01 22:36:22,001 | DEBUG | step 7610 epoch 5 loss 0.1521 step_s 0.0016 peak_mem_gb 0.216
2026-10-01 22:36:22,003 | DEBUG | step 7611 epoch 5 loss 0.2297 step_s 0.0016 peak_mem_gb 0.216
2026-10-01 22:36:22,005 | DEBUG | step 7612 epoch 5 loss 0.1488 step_s 0.0017 peak_mem_gb 0.216
2026-10-01 22:36:22,008 | DEBUG | step 7613 epoch 5 loss 0.1015 step_s 0.0016 peak_mem_gb 0.216
2026-10-01 22:36:22,010 | DEBUG | step 7614 epoch 5 loss 0.1960 step_s 0.0016 peak_mem_gb 0.216
2026-10-01 22:36:22,012 | DEBUG | step 7615 epoch 5 loss 0.0792 step_s 0.0017 peak_mem_gb 0.216
2026-10-01 22:36:22,015 | DEBUG | step 7616 epoch 5 loss 0.0515 step_s 0.0019 peak_mem_gb 0.216
2026-10-01 22:36:22,017 | DEBUG | step 7617 epoch 5 loss 0.1020 step_s 0.0017 peak_mem_gb 0.216
2026-10-01 22:36:22,020 | DEBUG | step 7618 epoch 5 loss 0.1298 step_s 0.0016 peak_mem_gb 0.216
2026-10-01 22:36:22,022 | DEBUG | step 7619 epoch 5 loss 0.2173 step_s 0.0016 peak_mem_gb 0.216
2026-10-01 22:36:22,024 | DEBUG | step 7620 epoch 5 loss 0.1287 step_s 0.0016 peak_mem_gb 0.216
2026-10-01 22:36:22,027 | DEBUG | step 7621 epoch 5 loss 0.1666 step_s 0.0016 peak_mem_gb 0.216
2026-10-01 22:36:22,029 | DEBUG | step 7622 epoch 5 loss 0.1448 step_s 0.0016 peak_mem_gb 0.216
2026-10-01 22:36:22,031 | DEBUG | step 7623 epoch 5 loss 0.0652 step_s 0.0017 peak_mem_gb 0.216
2026-10-01 22:36:22,034 | DEBUG | step 7624 epoch 5 loss 0.0851 step_s 0.0016 peak_mem_gb 0.216
2026-10-01 22:36:22,036 | DEBUG | step 7625 epoch 5 loss 0.1078 step_s 0.0016 peak_mem_gb 0.216
2026-10-01 22:36:22,038 | DEBUG | step 7626 epoch 5 loss 0.1180 step_s 0.0016 peak_mem_gb 0.216
2026-10-01 22:36:22,040 | DEBUG | step 7627 epoch 5 loss 0.0780 step_s 0.0016 peak_mem_gb 0.216
2026-10-01 22:36:22,043 | DEBUG | step 7628 epoch 5 loss 0.1323 step_s 0.0016 peak_mem_gb 0.216
2026-10-01 22:36:22,045 | DEBUG | step 7629 epoch 5 loss 0.1000 step_s 0.0017 peak_mem_gb 0.216
2026-10-01 22:36:22,047 | DEBUG | step 7630 epoch 5 loss 0.0810 step_s 0.0016 peak_mem_gb 0.216
2026-10-01 22:36:22,050 | DEBUG | step 7631 epoch 5 loss 0.1741 step_s 0.0016 peak_mem_gb 0.216
2026-10-01 22:36:22,052 | DEBUG | step 7632 epoch 5 loss 0.1500 step_s 0.0016 peak_mem_gb 0.216
2026-10-01 22:36:22,054 | DEBUG | step 7633 epoch 5 loss 0.1549 step_s 0.0016 peak_mem_gb 0.216
2026-10-01 22:36:22,056 | DEBUG | step 7634 epoch 5 loss 0.0816 step_s 0.0016 peak_mem_gb 0.216
2026-10-01 22:36:22,059 | DEBUG | step 7635 epoch 5 loss 0.1733 step_s 0.0016 peak_mem_gb 0.216
2026-10-01 22:36:22,061 | DEBUG | step 7636 epoch 5 loss 0.0641 step_s 0.0017 peak_mem_gb 0.216
2026-10-01 22:36:22,063 | DEBUG | step 7637 epoch 5 loss 0.1134 step_s 0.0016 peak_mem_gb 0.216
2026-10-01 22:36:22,066 | DEBUG | step 7638 epoch 5 loss 0.0980 step_s 0.0016 peak_mem_gb 0.216
2026-10-01 22:36:22,068 | DEBUG | step 7639 epoch 5 loss 0.0963 step_s 0.0016 peak_mem_gb 0.216
2026-10-01 22:36:22,070 | DEBUG | step 7640 epoch 5 loss 0.1167 step_s 0.0016 peak_mem_gb 0.216
2026-10-01 22:36:22,073 | DEBUG | step 7641 epoch 5 loss 0.0887 step_s 0.0016 peak_mem_gb 0.216
2026-10-01 22:36:22,075 | DEBUG | step 7642 epoch 5 loss 0.2663 step_s 0.0016 peak_mem_gb 0.216
2026-10-01 22:36:22,077 | DEBUG | step 7643 epoch 5 loss 0.1501 step_s 0.0017 peak_mem_gb 0.216
2026-10-01 22:36:22,080 | DEBUG | step 7644 epoch 5 loss 0.1764 step_s 0.0016 peak_mem_gb 0.216
2026-10-01 22:36:22,082 | DEBUG | step 7645 epoch 5 loss 0.1482 step_s 0.0016 peak_mem_gb 0.216
2026-10-01 22:36:22,084 | DEBUG | step 7646 epoch 5 loss 0.1269 step_s 0.0016 peak_mem_gb 0.216
2026-10-01 22:36:22,087 | DEBUG | step 7647 epoch 5 loss 0.1824 step_s 0.0016 peak_mem_gb 0.216
2026-10-01 22:36:22,089 | DEBUG | step 7648 epoch 5 loss 0.1528 step_s 0.0016 peak_mem_gb 0.216
2026-10-01 22:36:22,091 | DEBUG | step 7649 epoch 5 loss 0.1350 step_s 0.0017 peak_mem_gb 0.216
2026-10-01 22:36:22,094 | DEBUG | step 7650 epoch 5 loss 0.1499 step_s 0.0017 peak_mem_gb 0.216
2026-10-01 22:36:22,096 | DEBUG | step 7651 epoch 5 loss 0.0532 step_s 0.0016 peak_mem_gb 0.216
2026-10-01 22:36:22,098 | DEBUG | step 7652 epoch 5 loss 0.3406 step_s 0.0016 peak_mem_gb 0.216
2026-10-01 22:36:22,101 | DEBUG | step 7653 epoch 5 loss 0.2205 step_s 0.0016 peak_mem_gb 0.216
2026-10-01 22:36:22,103 | DEBUG | step 7654 epoch 5 loss 0.1298 step_s 0.0016 peak_mem_gb 0.216
2026-10-01 22:36:22,105 | DEBUG | step 7655 epoch 5 loss 0.1633 step_s 0.0017 peak_mem_gb 0.216
2026-10-01 22:36:22,108 | DEBUG | step 7656 epoch 5 loss 0.1892 step_s 0.0017 peak_mem_gb 0.216
2026-10-01 22:36:22,110 | DEBUG | step 7657 epoch 5 loss 0.1336 step_s 0.0017 peak_mem_gb 0.216
2026-10-01 22:36:22,112 | DEBUG | step 7658 epoch 5 loss 0.1459 step_s 0.0016 peak_mem_gb 0.216
2026-10-01 22:36:22,115 | DEBUG | step 7659 epoch 5 loss 0.2930 step_s 0.0016 peak_mem_gb 0.216
2026-10-01 22:36:22,117 | DEBUG | step 7660 epoch 5 loss 0.0945 step_s 0.0016 peak_mem_gb 0.216
2026-10-01 22:36:22,119 | DEBUG | step 7661 epoch 5 loss 0.1054 step_s 0.0016 peak_mem_gb 0.216
2026-10-01 22:36:22,122 | DEBUG | step 7662 epoch 5 loss 0.1169 step_s 0.0016 peak_mem_gb 0.216
2026-10-01 22:36:22,124 | DEBUG | step 7663 epoch 5 loss 0.1681 step_s 0.0016 peak_mem_gb 0.216
2026-10-01 22:36:22,126 | DEBUG | step 7664 epoch 5 loss 0.0856 step_s 0.0016 peak_mem_gb 0.216
2026-10-01 22:36:22,129 | DEBUG | step 7665 epoch 5 loss 0.0477 step_s 0.0017 peak_mem_gb 0.216
2026-10-01 22:36:22,131 | DEBUG | step 7666 epoch 5 loss 0.0774 step_s 0.0016 peak_mem_gb 0.216
2026-10-01 22:36:22,133 | DEBUG | step 7667 epoch 5 loss 0.0956 step_s 0.0017 peak_mem_gb 0.216
2026-10-01 22:36:22,136 | DEBUG | step 7668 epoch 5 loss 0.0871 step_s 0.0016 peak_mem_gb 0.216
2026-10-01 22:36:22,138 | DEBUG | step 7669 epoch 5 loss 0.0982 step_s 0.0016 peak_mem_gb 0.216
2026-10-01 22:36:22,140 | DEBUG | step 7670 epoch 5 loss 0.1291 step_s 0.0016 peak_mem_gb 0.216
2026-10-01 22:36:22,143 | DEBUG | step 7671 epoch 5 loss 0.1904 step_s 0.0019 peak_mem_gb 0.216
2026-10-01 22:36:22,145 | DEBUG | step 7672 epoch 5 loss 0.0957 step_s 0.0017 peak_mem_gb 0.216
2026-10-01 22:36:22,148 | DEBUG | step 7673 epoch 5 loss 0.0633 step_s 0.0016 peak_mem_gb 0.216
2026-10-01 22:36:22,150 | DEBUG | step 7674 epoch 5 loss 0.0508 step_s 0.0016 peak_mem_gb 0.216
2026-10-01 22:36:22,152 | DEBUG | step 7675 epoch 5 loss 0.1486 step_s 0.0016 peak_mem_gb 0.216
2026-10-01 22:36:22,154 | DEBUG | step 7676 epoch 5 loss 0.1719 step_s 0.0016 peak_mem_gb 0.216
2026-10-01 22:36:22,157 | DEBUG | step 7677 epoch 5 loss 0.1182 step_s 0.0017 peak_mem_gb 0.216
2026-10-01 22:36:22,159 | DEBUG | step 7678 epoch 5 loss 0.2205 step_s 0.0019 peak_mem_gb 0.216
2026-10-01 22:36:22,162 | DEBUG | step 7679 epoch 5 loss 0.0595 step_s 0.0016 peak_mem_gb 0.216
2026-10-01 22:36:22,164 | DEBUG | step 7680 epoch 5 loss 0.1721 step_s 0.0016 peak_mem_gb 0.216
2026-10-01 22:36:22,167 | DEBUG | step 7681 epoch 5 loss 0.1389 step_s 0.0017 peak_mem_gb 0.216
2026-10-01 22:36:22,169 | DEBUG | step 7682 epoch 5 loss 0.1150 step_s 0.0017 peak_mem_gb 0.216
2026-10-01 22:36:22,172 | DEBUG | step 7683 epoch 5 loss 0.1053 step_s 0.0017 peak_mem_gb 0.216
2026-10-01 22:36:22,174 | DEBUG | step 7684 epoch 5 loss 0.0900 step_s 0.0016 peak_mem_gb 0.216
2026-10-01 22:36:22,176 | DEBUG | step 7685 epoch 5 loss 0.1080 step_s 0.0016 peak_mem_gb 0.216
2026-10-01 22:36:22,178 | DEBUG | step 7686 epoch 5 loss 0.1821 step_s 0.0016 peak_mem_gb 0.216
2026-10-01 22:36:22,181 | DEBUG | step 7687 epoch 5 loss 0.1738 step_s 0.0017 peak_mem_gb 0.216
2026-10-01 22:36:22,183 | DEBUG | step 7688 epoch 5 loss 0.1111 step_s 0.0016 peak_mem_gb 0.216
2026-10-01 22:36:22,185 | DEBUG | step 7689 epoch 5 loss 0.1086 step_s 0.0017 peak_mem_gb 0.216
2026-10-01 22:36:22,188 | DEBUG | step 7690 epoch 5 loss 0.1199 step_s 0.0016 peak_mem_gb 0.216
2026-10-01 22:36:22,190 | DEBUG | step 7691 epoch 5 loss 0.0559 step_s 0.0017 peak_mem_gb 0.216
2026-10-01 22:36:22,193 | DEBUG | step 7692 epoch 5 loss 0.0441 step_s 0.0016 peak_mem_gb 0.216
2026-10-01 22:36:22,195 | DEBUG | step 7693 epoch 5 loss 0.1607 step_s 0.0016 peak_mem_gb 0.216
2026-10-01 22:36:22,197 | DEBUG | step 7694 epoch 5 loss 0.1599 step_s 0.0016 peak_mem_gb 0.216
2026-10-01 22:36:22,200 | DEBUG | step 7695 epoch 5 loss 0.0407 step_s 0.0016 peak_mem_gb 0.216
2026-10-01 22:36:22,202 | DEBUG | step 7696 epoch 5 loss 0.0770 step_s 0.0016 peak_mem_gb 0.216
2026-10-01 22:36:22,204 | DEBUG | step 7697 epoch 5 loss 0.1157 step_s 0.0016 peak_mem_gb 0.216
2026-10-01 22:36:22,207 | DEBUG | step 7698 epoch 5 loss 0.2182 step_s 0.0016 peak_mem_gb 0.216
2026-10-01 22:36:22,209 | DEBUG | step 7699 epoch 5 loss 0.0292 step_s 0.0017 peak_mem_gb 0.216
2026-10-01 22:36:22,211 | DEBUG | step 7700 epoch 5 loss 0.1466 step_s 0.0016 peak_mem_gb 0.216
2026-10-01 22:36:22,214 | DEBUG | step 7701 epoch 5 loss 0.1037 step_s 0.0016 peak_mem_gb 0.216
2026-10-01 22:36:22,216 | DEBUG | step 7702 epoch 5 loss 0.0746 step_s 0.0016 peak_mem_gb 0.216
2026-10-01 22:36:22,218 | DEBUG | step 7703 epoch 5 loss 0.2050 step_s 0.0016 peak_mem_gb 0.216
2026-10-01 22:36:22,220 | DEBUG | step 7704 epoch 5 loss 0.1885 step_s 0.0016 peak_mem_gb 0.216
2026-10-01 22:36:22,223 | DEBUG | step 7705 epoch 5 loss 0.1305 step_s 0.0016 peak_mem_gb 0.216
2026-10-01 22:36:22,225 | DEBUG | step 7706 epoch 5 loss 0.1270 step_s 0.0016 peak_mem_gb 0.216
2026-10-01 22:36:22,227 | DEBUG | step 7707 epoch 5 loss 0.0754 step_s 0.0016 peak_mem_gb 0.216
2026-10-01 22:36:22,230 | DEBUG | step 7708 epoch 5 loss 0.0810 step_s 0.0016 peak_mem_gb 0.216
2026-10-01 22:36:22,232 | DEBUG | step 7709 epoch 5 loss 0.0683 step_s 0.0016 peak_mem_gb 0.216
2026-10-01 22:36:22,234 | DEBUG | step 7710 epoch 5 loss 0.3496 step_s 0.0016 peak_mem_gb 0.216
2026-10-01 22:36:22,237 | DEBUG | step 7711 epoch 5 loss 0.0638 step_s 0.0016 peak_mem_gb 0.216
2026-10-01 22:36:22,239 | DEBUG | step 7712 epoch 5 loss 0.1409 step_s 0.0018 peak_mem_gb 0.216
2026-10-01 22:36:22,241 | DEBUG | step 7713 epoch 5 loss 0.1439 step_s 0.0017 peak_mem_gb 0.216
2026-10-01 22:36:22,244 | DEBUG | step 7714 epoch 5 loss 0.2547 step_s 0.0016 peak_mem_gb 0.216
2026-10-01 22:36:22,246 | DEBUG | step 7715 epoch 5 loss 0.1302 step_s 0.0016 peak_mem_gb 0.216
2026-10-01 22:36:22,248 | DEBUG | step 7716 epoch 5 loss 0.1308 step_s 0.0016 peak_mem_gb 0.216
2026-10-01 22:36:22,251 | DEBUG | step 7717 epoch 5 loss 0.1024 step_s 0.0016 peak_mem_gb 0.216
2026-10-01 22:36:22,253 | DEBUG | step 7718 epoch 5 loss 0.2062 step_s 0.0019 peak_mem_gb 0.216
2026-10-01 22:36:22,256 | DEBUG | step 7719 epoch 5 loss 0.0774 step_s 0.0016 peak_mem_gb 0.216
2026-10-01 22:36:22,258 | DEBUG | step 7720 epoch 5 loss 0.0849 step_s 0.0016 peak_mem_gb 0.216
2026-10-01 22:36:22,261 | DEBUG | step 7721 epoch 5 loss 0.0961 step_s 0.0017 peak_mem_gb 0.216
2026-10-01 22:36:22,263 | DEBUG | step 7722 epoch 5 loss 0.0504 step_s 0.0016 peak_mem_gb 0.216
2026-10-01 22:36:22,265 | DEBUG | step 7723 epoch 5 loss 0.1764 step_s 0.0017 peak_mem_gb 0.216
2026-10-01 22:36:22,267 | DEBUG | step 7724 epoch 5 loss 0.1137 step_s 0.0016 peak_mem_gb 0.216
2026-10-01 22:36:22,270 | DEBUG | step 7725 epoch 5 loss 0.2878 step_s 0.0016 peak_mem_gb 0.216
2026-10-01 22:36:22,272 | DEBUG | step 7726 epoch 5 loss 0.0828 step_s 0.0016 peak_mem_gb 0.216
2026-10-01 22:36:22,274 | DEBUG | step 7727 epoch 5 loss 0.1354 step_s 0.0016 peak_mem_gb 0.216
2026-10-01 22:36:22,277 | DEBUG | step 7728 epoch 5 loss 0.1630 step_s 0.0017 peak_mem_gb 0.216
2026-10-01 22:36:22,279 | DEBUG | step 7729 epoch 5 loss 0.0541 step_s 0.0016 peak_mem_gb 0.216
2026-10-01 22:36:22,281 | DEBUG | step 7730 epoch 5 loss 0.1046 step_s 0.0017 peak_mem_gb 0.216
2026-10-01 22:36:22,284 | DEBUG | step 7731 epoch 5 loss 0.1932 step_s 0.0016 peak_mem_gb 0.216
2026-10-01 22:36:22,288 | DEBUG | step 7732 epoch 5 loss 0.2559 step_s 0.0018 peak_mem_gb 0.216
2026-10-01 22:36:22,290 | DEBUG | step 7733 epoch 5 loss 0.0809 step_s 0.0016 peak_mem_gb 0.216
2026-10-01 22:36:22,292 | DEBUG | step 7734 epoch 5 loss 0.1542 step_s 0.0016 peak_mem_gb 0.216
2026-10-01 22:36:22,295 | DEBUG | step 7735 epoch 5 loss 0.1778 step_s 0.0017 peak_mem_gb 0.216
2026-10-01 22:36:22,297 | DEBUG | step 7736 epoch 5 loss 0.1292 step_s 0.0016 peak_mem_gb 0.216
2026-10-01 22:36:22,299 | DEBUG | step 7737 epoch 5 loss 0.1287 step_s 0.0016 peak_mem_gb 0.216
2026-10-01 22:36:22,302 | DEBUG | step 7738 epoch 5 loss 0.0958 step_s 0.0017 peak_mem_gb 0.216
2026-10-01 22:36:22,304 | DEBUG | step 7739 epoch 5 loss 0.1167 step_s 0.0016 peak_mem_gb 0.216
2026-10-01 22:36:22,306 | DEBUG | step 7740 epoch 5 loss 0.0955 step_s 0.0016 peak_mem_gb 0.216
2026-10-01 22:36:22,309 | DEBUG | step 7741 epoch 5 loss 0.1251 step_s 0.0016 peak_mem_gb 0.216
2026-10-01 22:36:22,311 | DEBUG | step 7742 epoch 5 loss 0.1843 step_s 0.0016 peak_mem_gb 0.216
2026-10-01 22:36:22,313 | DEBUG | step 7743 epoch 5 loss 0.2002 step_s 0.0017 peak_mem_gb 0.216
2026-10-01 22:36:22,316 | DEBUG | step 7744 epoch 5 loss 0.1261 step_s 0.0016 peak_mem_gb 0.216
2026-10-01 22:36:22,318 | DEBUG | step 7745 epoch 5 loss 0.0865 step_s 0.0016 peak_mem_gb 0.216
2026-10-01 22:36:22,320 | DEBUG | step 7746 epoch 5 loss 0.1535 step_s 0.0016 peak_mem_gb 0.216
2026-10-01 22:36:22,323 | DEBUG | step 7747 epoch 5 loss 0.1712 step_s 0.0016 peak_mem_gb 0.216
2026-10-01 22:36:22,325 | DEBUG | step 7748 epoch 5 loss 0.2141 step_s 0.0017 peak_mem_gb 0.216
2026-10-01 22:36:22,327 | DEBUG | step 7749 epoch 5 loss 0.1062 step_s 0.0016 peak_mem_gb 0.216
2026-10-01 22:36:22,329 | DEBUG | step 7750 epoch 5 loss 0.1079 step_s 0.0017 peak_mem_gb 0.216
2026-10-01 22:36:22,332 | DEBUG | step 7751 epoch 5 loss 0.2372 step_s 0.0016 peak_mem_gb 0.216
2026-10-01 22:36:22,334 | DEBUG | step 7752 epoch 5 loss 0.1166 step_s 0.0016 peak_mem_gb 0.216
2026-10-01 22:36:22,336 | DEBUG | step 7753 epoch 5 loss 0.1505 step_s 0.0016 peak_mem_gb 0.216
2026-10-01 22:36:22,339 | DEBUG | step 7754 epoch 5 loss 0.0752 step_s 0.0016 peak_mem_gb 0.216
2026-10-01 22:36:22,341 | DEBUG | step 7755 epoch 5 loss 0.1643 step_s 0.0017 peak_mem_gb 0.216
2026-10-01 22:36:22,343 | DEBUG | step 7756 epoch 5 loss 0.0650 step_s 0.0016 peak_mem_gb 0.216
2026-10-01 22:36:22,346 | DEBUG | step 7757 epoch 5 loss 0.1963 step_s 0.0017 peak_mem_gb 0.216
2026-10-01 22:36:22,348 | DEBUG | step 7758 epoch 5 loss 0.1334 step_s 0.0017 peak_mem_gb 0.216
2026-10-01 22:36:22,350 | DEBUG | step 7759 epoch 5 loss 0.1731 step_s 0.0016 peak_mem_gb 0.216
2026-10-01 22:36:22,353 | DEBUG | step 7760 epoch 5 loss 0.2102 step_s 0.0016 peak_mem_gb 0.216
2026-10-01 22:36:22,355 | DEBUG | step 7761 epoch 5 loss 0.1511 step_s 0.0016 peak_mem_gb 0.216
2026-10-01 22:36:22,357 | DEBUG | step 7762 epoch 5 loss 0.1712 step_s 0.0017 peak_mem_gb 0.216
2026-10-01 22:36:22,360 | DEBUG | step 7763 epoch 5 loss 0.1536 step_s 0.0017 peak_mem_gb 0.216
2026-10-01 22:36:22,362 | DEBUG | step 7764 epoch 5 loss 0.0791 step_s 0.0016 peak_mem_gb 0.216
2026-10-01 22:36:22,364 | DEBUG | step 7765 epoch 5 loss 0.1635 step_s 0.0017 peak_mem_gb 0.216
2026-10-01 22:36:22,367 | DEBUG | step 7766 epoch 5 loss 0.0926 step_s 0.0016 peak_mem_gb 0.216
2026-10-01 22:36:22,369 | DEBUG | step 7767 epoch 5 loss 0.2163 step_s 0.0017 peak_mem_gb 0.216
2026-10-01 22:36:22,371 | DEBUG | step 7768 epoch 5 loss 0.2085 step_s 0.0016 peak_mem_gb 0.216
2026-10-01 22:36:22,374 | DEBUG | step 7769 epoch 5 loss 0.1042 step_s 0.0016 peak_mem_gb 0.216
2026-10-01 22:36:22,376 | DEBUG | step 7770 epoch 5 loss 0.1600 step_s 0.0016 peak_mem_gb 0.216
2026-10-01 22:36:22,378 | DEBUG | step 7771 epoch 5 loss 0.0578 step_s 0.0016 peak_mem_gb 0.216
2026-10-01 22:36:22,381 | DEBUG | step 7772 epoch 5 loss 0.0837 step_s 0.0016 peak_mem_gb 0.216
2026-10-01 22:36:22,383 | DEBUG | step 7773 epoch 5 loss 0.0658 step_s 0.0016 peak_mem_gb 0.216
2026-10-01 22:36:22,385 | DEBUG | step 7774 epoch 5 loss 0.0676 step_s 0.0017 peak_mem_gb 0.216
2026-10-01 22:36:22,388 | DEBUG | step 7775 epoch 5 loss 0.1379 step_s 0.0016 peak_mem_gb 0.216
2026-10-01 22:36:22,390 | DEBUG | step 7776 epoch 5 loss 0.1571 step_s 0.0016 peak_mem_gb 0.216
2026-10-01 22:36:22,392 | DEBUG | step 7777 epoch 5 loss 0.1827 step_s 0.0017 peak_mem_gb 0.216
2026-10-01 22:36:22,395 | DEBUG | step 7778 epoch 5 loss 0.1312 step_s 0.0016 peak_mem_gb 0.216
2026-10-01 22:36:22,397 | DEBUG | step 7779 epoch 5 loss 0.1092 step_s 0.0016 peak_mem_gb 0.216
2026-10-01 22:36:22,399 | DEBUG | step 7780 epoch 5 loss 0.0836 step_s 0.0016 peak_mem_gb 0.216
2026-10-01 22:36:22,402 | DEBUG | step 7781 epoch 5 loss 0.1731 step_s 0.0016 peak_mem_gb 0.216
2026-10-01 22:36:22,404 | DEBUG | step 7782 epoch 5 loss 0.1293 step_s 0.0015 peak_mem_gb 0.216
2026-10-01 22:36:22,406 | DEBUG | step 7783 epoch 5 loss 0.0828 step_s 0.0016 peak_mem_gb 0.216
2026-10-01 22:36:22,408 | DEBUG | step 7784 epoch 5 loss 0.1536 step_s 0.0016 peak_mem_gb 0.216
2026-10-01 22:36:22,411 | DEBUG | step 7785 epoch 5 loss 0.0515 step_s 0.0021 peak_mem_gb 0.216
2026-10-01 22:36:22,413 | DEBUG | step 7786 epoch 5 loss 0.1360 step_s 0.0016 peak_mem_gb 0.216
2026-10-01 22:36:22,416 | DEBUG | step 7787 epoch 5 loss 0.2197 step_s 0.0016 peak_mem_gb 0.216
2026-10-01 22:36:22,418 | DEBUG | step 7788 epoch 5 loss 0.1638 step_s 0.0017 peak_mem_gb 0.216
2026-10-01 22:36:22,420 | DEBUG | step 7789 epoch 5 loss 0.0808 step_s 0.0016 peak_mem_gb 0.216
2026-10-01 22:36:22,423 | DEBUG | step 7790 epoch 5 loss 0.1548 step_s 0.0016 peak_mem_gb 0.216
2026-10-01 22:36:22,425 | DEBUG | step 7791 epoch 5 loss 0.0957 step_s 0.0017 peak_mem_gb 0.216
2026-10-01 22:36:22,427 | DEBUG | step 7792 epoch 5 loss 0.1930 step_s 0.0017 peak_mem_gb 0.216
2026-10-01 22:36:22,430 | DEBUG | step 7793 epoch 5 loss 0.1085 step_s 0.0016 peak_mem_gb 0.216
2026-10-01 22:36:22,432 | DEBUG | step 7794 epoch 5 loss 0.0848 step_s 0.0015 peak_mem_gb 0.216
2026-10-01 22:36:22,434 | DEBUG | step 7795 epoch 5 loss 0.1600 step_s 0.0016 peak_mem_gb 0.216
2026-10-01 22:36:22,436 | DEBUG | step 7796 epoch 5 loss 0.2452 step_s 0.0016 peak_mem_gb 0.216
2026-10-01 22:36:22,439 | DEBUG | step 7797 epoch 5 loss 0.0849 step_s 0.0016 peak_mem_gb 0.216
2026-10-01 22:36:22,441 | DEBUG | step 7798 epoch 5 loss 0.0359 step_s 0.0017 peak_mem_gb 0.216
2026-10-01 22:36:22,443 | DEBUG | step 7799 epoch 5 loss 0.1323 step_s 0.0017 peak_mem_gb 0.216
2026-10-01 22:36:22,446 | INFO | step 7800 epoch 5 loss 0.1330 step_s 0.0016 peak_mem_gb 0.216
2026-10-01 22:36:22,449 | DEBUG | step 7801 epoch 5 loss 0.2263 step_s 0.0019 peak_mem_gb 0.216
2026-10-01 22:36:22,452 | DEBUG | step 7802 epoch 5 loss 0.0913 step_s 0.0018 peak_mem_gb 0.216
2026-10-01 22:36:22,455 | DEBUG | step 7803 epoch 5 loss 0.1032 step_s 0.0023 peak_mem_gb 0.216
2026-10-01 22:36:22,458 | DEBUG | step 7804 epoch 5 loss 0.0577 step_s 0.0019 peak_mem_gb 0.216
2026-10-01 22:36:22,460 | DEBUG | step 7805 epoch 5 loss 0.1531 step_s 0.0016 peak_mem_gb 0.216
2026-10-01 22:36:22,462 | DEBUG | step 7806 epoch 5 loss 0.2187 step_s 0.0016 peak_mem_gb 0.216
2026-10-01 22:36:22,465 | DEBUG | step 7807 epoch 5 loss 0.1474 step_s 0.0017 peak_mem_gb 0.216
2026-10-01 22:36:22,467 | DEBUG | step 7808 epoch 5 loss 0.0936 step_s 0.0016 peak_mem_gb 0.216
2026-10-01 22:36:22,469 | DEBUG | step 7809 epoch 5 loss 0.0393 step_s 0.0017 peak_mem_gb 0.216
2026-10-01 22:36:22,472 | DEBUG | step 7810 epoch 5 loss 0.0703 step_s 0.0016 peak_mem_gb 0.216
2026-10-01 22:36:22,474 | DEBUG | step 7811 epoch 5 loss 0.1543 step_s 0.0016 peak_mem_gb 0.216
2026-10-01 22:36:22,476 | DEBUG | step 7812 epoch 5 loss 0.0689 step_s 0.0016 peak_mem_gb 0.216
2026-10-01 22:36:22,479 | DEBUG | step 7813 epoch 5 loss 0.0455 step_s 0.0017 peak_mem_gb 0.216
2026-10-01 22:36:22,481 | DEBUG | step 7814 epoch 5 loss 0.1277 step_s 0.0017 peak_mem_gb 0.216
2026-10-01 22:36:22,486 | DEBUG | step 7815 epoch 5 loss 0.0707 step_s 0.0022 peak_mem_gb 0.216
2026-10-01 22:36:22,528 | INFO | epoch 5/5 train_loss 0.1193 val_f1_macro 0.9191 val_accuracy 0.9191
2026-10-01 22:36:22,529 | INFO | early stop: no val macro-F1 gain for 2 epochs
2026-10-01 22:36:22,656 | INFO | summary {"model": "meanpool", "pipeline": "main", "param_count": 3939329, "vocab_size": 30002, "best_epoch": 3, "epochs_run": 5, "val_f1_macro": 0.9212248728260157, "val_accuracy": 0.9212460623031151, "train_seconds": 18.883277771000394, "examples_per_sec": 26477.394765003883, "compute_examples_per_sec": 39698.97573818876, "peak_mem_gb": 0.215924224, "device_name": "NVIDIA GeForce RTX 4090", "cpu_name": "x86_64", "n_train": 99996, "n_val": 19999, "train_log": "reproducibility/raw_logs/sneha/task2_meanpool_train_main_20261001T223603Z.log", "checkpoint": "task2_sentiment/sneha/checkpoints/meanpool_best.pt", "config_sha256": "012ed6da3e8ac84897ae07194271ef4d37fb3627a6cbbf4add77da2f0d2300cd"}
