2026-10-03 16:36:35,653 config_sha256=d7edee1d922850af02ee6fe9689313dd9bd166b6f41772f29e38171b4b1c6bdd
2026-10-03 16:36:35,696 git_sha=unknown
2026-10-03 16:36:35,696 python=3.12.10 (tags/v3.12.10:0cc8128, Apr  8 2025, 12:21:36) [MSC v.1943 64 bit (AMD64)]
2026-10-03 16:36:35,726 platform=Windows-11-10.0.26200-SP0
2026-10-03 16:36:35,727 device=cuda gpu=NVIDIA GeForce RTX 5080 Laptop GPU
2026-10-03 16:36:35,727 cwd=C:\Users\ADS-Admin\data266-lab\ayush repo=C:\Users\ADS-Admin\data266-lab\ayush
2026-10-03 16:36:35,727 config={
  "seed": 42,
  "member": "ayush",
  "device": "cuda",
  "paths": {
    "task1_data": "task1_llm/data",
    "task2_splits": "task2_sentiment/data/splits",
    "task3_data": "task3_gan/data",
    "logs": "reproducibility/raw_logs/ayush",
    "manifests": "reproducibility/manifests"
  },
  "task1": {
    "hf_dataset": "roneneldan/TinyStories",
    "train_stories": 100000,
    "val_stories": 10000,
    "train_sequences": 100000,
    "val_sequences": 10000,
    "split_seed": 42,
    "block_size": 256,
    "batch_size": 64,
    "samples_per_epoch": 20000,
    "epochs": 30,
    "n_layer": 4,
    "n_head": 4,
    "d_model": 256,
    "d_ff": 1024,
    "dropout": 0.1,
    "norm_position": "pre",
    "activation": "GELU",
    "tie_weights": true,
    "lr": 0.0003,
    "warmup_steps": 200,
    "schedule": "cosine",
    "weight_decay": 0.1,
    "grad_clip": 1.0,
    "gen": {
      "n_samples": 20,
      "max_new_tokens": 500,
      "temperature": 0.8
    }
  },
  "task2": {
    "n_train": 100000,
    "n_val": 20000,
    "split_seed": 42,
    "max_vocab": 30000,
    "max_len": 256,
    "batch_size": 64,
    "epochs": 5,
    "lr": 0.001,
    "early_stop_patience": 2,
    "models": [
      "textcnn",
      "bilstm",
      "bilstm_attn"
    ]
  },
  "task3": {
    "image_size": 256,
    "photo_subset": 2000,
    "photo_subset_seed": 42,
    "batch_size": 1,
    "epochs": 40,
    "decay_start_epoch": 25,
    "lr": 0.0002,
    "beta1": 0.5,
    "lambda_cycle": 10.0,
    "lambda_identity": 0.5,
    "pool_size": 50,
    "n_eval": 300,
    "generator": "resnet9"
  }
}
2026-10-03 16:36:36,312 pip_freeze_begin
colorama==0.4.6
contourpy==1.4.0
cycler==0.12.1
filelock==3.32.3
fonttools==4.66.1
fsspec==2026.7.0
Jinja2==3.1.6
kiwisolver==1.5.1
MarkupSafe==3.0.3
matplotlib==3.11.2
mpmath==1.3.0
networkx==3.6.1
numpy==2.5.2
packaging==26.3
pillow==12.3.0
pyparsing==3.3.3
python-dateutil==2.9.0.post0
PyYAML==6.0.3
scipy==1.18.1
setuptools==78.1.0
six==1.17.0
sympy==1.14.0
torch==2.11.0+cu128
torchvision==0.26.0+cu128
tqdm==4.70.1
typing_extensions==4.16.0

pip_freeze_end
2026-10-03 16:36:36,312 log_path=C:\Users\ADS-Admin\data266-lab\ayush\reproducibility\raw_logs\ayush\task3_cyclegan_20261003T233635Z.log
2026-10-03 16:36:36,322 monets=300 photos=6438 epochs=200 smoke=0 all_photos=1 resume=task3_gan\ayush\checkpoints\cyclegan_submission_epoch100.pt
2026-10-03 16:36:36,323 device=NVIDIA GeForce RTX 5080 Laptop GPU mem_gb=15.9 batch=1 workers=12 amp=bf16
2026-10-03 16:36:37,069 resumed after epoch=100 from task3_gan\ayush\checkpoints\cyclegan_submission_epoch100.pt
2026-10-03 16:36:37,133 params_total=28298120
2026-10-03 16:36:37,133 Adam reset (fresh moments) lr=0.0002
2026-10-03 16:36:37,134 base_lr=0.0002 batch_override=1
2026-10-03 16:38:00,041 epoch=101 step=1 loss_G=2.3850 loss_D_A=0.0843 loss_D_B=0.1756 cycle=0.0584 idt=0.0397 gnorm=25.267 dnorm=18.534 nan=0
2026-10-03 16:38:15,370 epoch=101 step=100 loss_G=3.2372 loss_D_A=0.4691 loss_D_B=0.3410 cycle=0.1625 idt=0.0907 gnorm=63.772 dnorm=46.363 nan=0
2026-10-03 16:38:30,322 epoch=101 step=200 loss_G=2.6520 loss_D_A=0.1230 loss_D_B=0.2373 cycle=0.1346 idt=0.0713 gnorm=50.949 dnorm=14.452 nan=0
2026-10-03 16:38:45,381 epoch=101 step=300 loss_G=3.3818 loss_D_A=0.4962 loss_D_B=0.1363 cycle=0.1371 idt=0.1178 gnorm=37.720 dnorm=23.575 nan=0
2026-10-03 16:39:00,917 epoch=101 step=400 loss_G=3.4391 loss_D_A=0.1375 loss_D_B=0.1542 cycle=0.1541 idt=0.1160 gnorm=41.320 dnorm=17.180 nan=0
2026-10-03 16:39:16,292 epoch=101 step=500 loss_G=3.1930 loss_D_A=0.1300 loss_D_B=0.3052 cycle=0.1422 idt=0.0996 gnorm=35.130 dnorm=23.296 nan=0
2026-10-03 16:39:31,627 epoch=101 step=600 loss_G=3.3895 loss_D_A=0.1741 loss_D_B=0.2000 cycle=0.1833 idt=0.1186 gnorm=42.921 dnorm=17.613 nan=0
2026-10-03 16:39:46,796 epoch=101 step=700 loss_G=4.5400 loss_D_A=0.1518 loss_D_B=0.0671 cycle=0.1955 idt=0.2736 gnorm=47.887 dnorm=8.951 nan=0
2026-10-03 16:40:01,875 epoch=101 step=800 loss_G=4.1013 loss_D_A=0.2824 loss_D_B=0.0418 cycle=0.1427 idt=0.0819 gnorm=52.353 dnorm=17.635 nan=0
2026-10-03 16:40:16,847 epoch=101 step=900 loss_G=2.9511 loss_D_A=0.1671 loss_D_B=0.2324 cycle=0.1459 idt=0.0886 gnorm=47.289 dnorm=17.738 nan=0
2026-10-03 16:40:32,224 epoch=101 step=1000 loss_G=2.6276 loss_D_A=0.0630 loss_D_B=0.0400 cycle=0.1143 idt=0.0716 gnorm=25.936 dnorm=7.701 nan=0
2026-10-03 16:40:47,560 epoch=101 step=1100 loss_G=3.1142 loss_D_A=0.1420 loss_D_B=0.3177 cycle=0.1226 idt=0.1025 gnorm=22.829 dnorm=13.958 nan=0
2026-10-03 16:41:02,709 epoch=101 step=1200 loss_G=3.7935 loss_D_A=0.0604 loss_D_B=0.1509 cycle=0.2231 idt=0.1355 gnorm=62.932 dnorm=7.996 nan=0
2026-10-03 16:41:18,039 epoch=101 step=1300 loss_G=1.6725 loss_D_A=0.0996 loss_D_B=0.2368 cycle=0.0877 idt=0.0760 gnorm=28.394 dnorm=11.042 nan=0
2026-10-03 16:41:33,174 epoch=101 step=1400 loss_G=2.5702 loss_D_A=0.1192 loss_D_B=0.2576 cycle=0.1246 idt=0.0869 gnorm=35.035 dnorm=11.047 nan=0
2026-10-03 16:41:48,571 epoch=101 step=1500 loss_G=4.1151 loss_D_A=0.1277 loss_D_B=0.1996 cycle=0.2206 idt=0.1201 gnorm=33.910 dnorm=11.618 nan=0
2026-10-03 16:42:03,674 epoch=101 step=1600 loss_G=2.9231 loss_D_A=0.0986 loss_D_B=0.0392 cycle=0.1498 idt=0.1282 gnorm=34.618 dnorm=8.507 nan=0
2026-10-03 16:42:19,017 epoch=101 step=1700 loss_G=2.4862 loss_D_A=0.2877 loss_D_B=0.1193 cycle=0.0967 idt=0.0854 gnorm=32.049 dnorm=14.407 nan=0
2026-10-03 16:42:34,347 epoch=101 step=1800 loss_G=3.2574 loss_D_A=0.2530 loss_D_B=0.0895 cycle=0.1355 idt=0.0891 gnorm=28.884 dnorm=14.211 nan=0
2026-10-03 16:42:49,509 epoch=101 step=1900 loss_G=5.7021 loss_D_A=0.0936 loss_D_B=0.1939 cycle=0.3445 idt=0.1962 gnorm=54.162 dnorm=10.682 nan=0
2026-10-03 16:43:03,889 epoch=101 step=2000 loss_G=2.6802 loss_D_A=0.1089 loss_D_B=0.2414 cycle=0.1256 idt=0.1201 gnorm=31.952 dnorm=10.389 nan=0
2026-10-03 16:43:19,196 epoch=101 step=2100 loss_G=2.7528 loss_D_A=0.3163 loss_D_B=0.2076 cycle=0.1235 idt=0.0921 gnorm=32.782 dnorm=19.739 nan=0
2026-10-03 16:43:34,594 epoch=101 step=2200 loss_G=2.2884 loss_D_A=0.0459 loss_D_B=0.2956 cycle=0.1268 idt=0.0947 gnorm=23.261 dnorm=10.493 nan=0
2026-10-03 16:43:49,928 epoch=101 step=2300 loss_G=2.9273 loss_D_A=0.2074 loss_D_B=0.1231 cycle=0.1389 idt=0.1211 gnorm=27.168 dnorm=16.002 nan=0
2026-10-03 16:44:05,207 epoch=101 step=2400 loss_G=3.8262 loss_D_A=0.2892 loss_D_B=0.2733 cycle=0.1880 idt=0.1474 gnorm=34.559 dnorm=17.651 nan=0
2026-10-03 16:44:20,602 epoch=101 step=2500 loss_G=2.9523 loss_D_A=0.4092 loss_D_B=0.1818 cycle=0.1493 idt=0.1464 gnorm=33.957 dnorm=14.915 nan=0
2026-10-03 16:44:36,071 epoch=101 step=2600 loss_G=3.7724 loss_D_A=0.2082 loss_D_B=0.1821 cycle=0.1700 idt=0.1370 gnorm=36.363 dnorm=9.509 nan=0
2026-10-03 16:44:51,024 epoch=101 step=2700 loss_G=3.8395 loss_D_A=0.2408 loss_D_B=0.2599 cycle=0.1552 idt=0.1448 gnorm=29.739 dnorm=13.981 nan=0
2026-10-03 16:45:06,425 epoch=101 step=2800 loss_G=2.7792 loss_D_A=0.1431 loss_D_B=0.2325 cycle=0.1390 idt=0.1197 gnorm=39.430 dnorm=17.327 nan=0
2026-10-03 16:45:21,606 epoch=101 step=2900 loss_G=3.2641 loss_D_A=0.1827 loss_D_B=0.0481 cycle=0.1689 idt=0.1337 gnorm=40.382 dnorm=10.930 nan=0
2026-10-03 16:45:36,907 epoch=101 step=3000 loss_G=2.3747 loss_D_A=0.1972 loss_D_B=0.1666 cycle=0.1003 idt=0.0615 gnorm=21.769 dnorm=12.713 nan=0
2026-10-03 16:45:52,223 epoch=101 step=3100 loss_G=2.6539 loss_D_A=0.1636 loss_D_B=0.3083 cycle=0.1003 idt=0.1621 gnorm=31.871 dnorm=11.381 nan=0
2026-10-03 16:46:07,550 epoch=101 step=3200 loss_G=4.8896 loss_D_A=0.1531 loss_D_B=0.2008 cycle=0.2981 idt=0.1907 gnorm=98.556 dnorm=11.101 nan=0
2026-10-03 16:46:22,489 epoch=101 step=3300 loss_G=3.8109 loss_D_A=0.1080 loss_D_B=0.3679 cycle=0.1858 idt=0.1077 gnorm=41.618 dnorm=15.522 nan=0
2026-10-03 16:46:37,554 epoch=101 step=3400 loss_G=3.5252 loss_D_A=0.0981 loss_D_B=0.2420 cycle=0.1607 idt=0.1839 gnorm=48.895 dnorm=8.741 nan=0
2026-10-03 16:46:52,930 epoch=101 step=3500 loss_G=2.5298 loss_D_A=0.1980 loss_D_B=0.0768 cycle=0.1224 idt=0.1089 gnorm=24.585 dnorm=11.477 nan=0
2026-10-03 16:47:08,322 epoch=101 step=3600 loss_G=3.0392 loss_D_A=0.2310 loss_D_B=0.1111 cycle=0.1366 idt=0.1061 gnorm=26.750 dnorm=9.613 nan=0
2026-10-03 16:47:23,685 epoch=101 step=3700 loss_G=2.8914 loss_D_A=0.2042 loss_D_B=0.2770 cycle=0.1309 idt=0.0851 gnorm=24.696 dnorm=11.161 nan=0
2026-10-03 16:47:38,944 epoch=101 step=3800 loss_G=2.5616 loss_D_A=0.1230 loss_D_B=0.0764 cycle=0.1146 idt=0.1015 gnorm=24.788 dnorm=7.842 nan=0
2026-10-03 16:47:54,363 epoch=101 step=3900 loss_G=3.2529 loss_D_A=0.2496 loss_D_B=0.1278 cycle=0.1383 idt=0.1970 gnorm=26.176 dnorm=8.392 nan=0
2026-10-03 16:48:09,355 epoch=101 step=4000 loss_G=3.9436 loss_D_A=0.3353 loss_D_B=0.3367 cycle=0.2238 idt=0.1244 gnorm=52.269 dnorm=18.000 nan=0
2026-10-03 16:48:24,661 epoch=101 step=4100 loss_G=2.5015 loss_D_A=0.0989 loss_D_B=0.1643 cycle=0.0926 idt=0.1127 gnorm=13.700 dnorm=9.893 nan=0
2026-10-03 16:48:40,074 epoch=101 step=4200 loss_G=3.2044 loss_D_A=0.2598 loss_D_B=0.1866 cycle=0.1699 idt=0.1373 gnorm=31.870 dnorm=10.035 nan=0
2026-10-03 16:48:55,409 epoch=101 step=4300 loss_G=3.3635 loss_D_A=0.1241 loss_D_B=0.1112 cycle=0.1597 idt=0.1223 gnorm=38.915 dnorm=10.734 nan=0
2026-10-03 16:49:10,707 epoch=101 step=4400 loss_G=4.5874 loss_D_A=0.3223 loss_D_B=0.4651 cycle=0.2363 idt=0.1807 gnorm=37.515 dnorm=15.749 nan=0
2026-10-03 16:49:26,091 epoch=101 step=4500 loss_G=2.9006 loss_D_A=0.1575 loss_D_B=0.1145 cycle=0.1244 idt=0.1035 gnorm=36.080 dnorm=11.995 nan=0
2026-10-03 16:49:41,504 epoch=101 step=4600 loss_G=2.3087 loss_D_A=0.1470 loss_D_B=0.2666 cycle=0.1204 idt=0.0805 gnorm=24.695 dnorm=10.277 nan=0
2026-10-03 16:49:56,872 epoch=101 step=4700 loss_G=2.9800 loss_D_A=0.1347 loss_D_B=0.1203 cycle=0.1671 idt=0.1145 gnorm=36.887 dnorm=9.047 nan=0
2026-10-03 16:50:12,300 epoch=101 step=4800 loss_G=2.4316 loss_D_A=0.1756 loss_D_B=0.1158 cycle=0.1198 idt=0.0849 gnorm=25.789 dnorm=10.324 nan=0
2026-10-03 16:50:27,747 epoch=101 step=4900 loss_G=3.5572 loss_D_A=0.1405 loss_D_B=0.1478 cycle=0.1857 idt=0.1461 gnorm=22.405 dnorm=9.875 nan=0
2026-10-03 16:50:43,138 epoch=101 step=5000 loss_G=3.7341 loss_D_A=0.0535 loss_D_B=0.3400 cycle=0.1675 idt=0.1478 gnorm=37.565 dnorm=8.680 nan=0
2026-10-03 16:50:58,565 epoch=101 step=5100 loss_G=2.7042 loss_D_A=0.3014 loss_D_B=0.1340 cycle=0.1508 idt=0.1105 gnorm=37.891 dnorm=12.012 nan=0
2026-10-03 16:51:13,992 epoch=101 step=5200 loss_G=2.8726 loss_D_A=0.1391 loss_D_B=0.1975 cycle=0.1392 idt=0.1253 gnorm=30.785 dnorm=9.481 nan=0
2026-10-03 16:51:29,396 epoch=101 step=5300 loss_G=2.3382 loss_D_A=0.2129 loss_D_B=0.1616 cycle=0.1242 idt=0.0971 gnorm=24.309 dnorm=12.502 nan=0
2026-10-03 16:51:44,845 epoch=101 step=5400 loss_G=2.0983 loss_D_A=0.1413 loss_D_B=0.6442 cycle=0.1075 idt=0.0862 gnorm=30.955 dnorm=20.012 nan=0
2026-10-03 16:52:00,196 epoch=101 step=5500 loss_G=3.1617 loss_D_A=0.0879 loss_D_B=0.2278 cycle=0.1319 idt=0.0969 gnorm=32.250 dnorm=7.828 nan=0
2026-10-03 16:52:15,621 epoch=101 step=5600 loss_G=3.9683 loss_D_A=0.6196 loss_D_B=0.3760 cycle=0.2424 idt=0.2073 gnorm=34.650 dnorm=21.113 nan=0
2026-10-03 16:52:31,083 epoch=101 step=5700 loss_G=2.1341 loss_D_A=0.1604 loss_D_B=0.1591 cycle=0.1126 idt=0.0624 gnorm=25.575 dnorm=7.249 nan=0
2026-10-03 16:52:46,430 epoch=101 step=5800 loss_G=2.8502 loss_D_A=0.2040 loss_D_B=0.1529 cycle=0.1594 idt=0.1132 gnorm=35.729 dnorm=9.980 nan=0
2026-10-03 16:53:01,808 epoch=101 step=5900 loss_G=3.1167 loss_D_A=0.1954 loss_D_B=0.2736 cycle=0.1497 idt=0.1356 gnorm=31.951 dnorm=15.095 nan=0
2026-10-03 16:53:17,226 epoch=101 step=6000 loss_G=2.9589 loss_D_A=0.3702 loss_D_B=0.1795 cycle=0.1686 idt=0.1904 gnorm=65.160 dnorm=11.788 nan=0
2026-10-03 16:53:32,591 epoch=101 step=6100 loss_G=3.8399 loss_D_A=0.1120 loss_D_B=0.1216 cycle=0.2177 idt=0.1745 gnorm=32.204 dnorm=7.788 nan=0
2026-10-03 16:53:47,974 epoch=101 step=6200 loss_G=4.1833 loss_D_A=0.0691 loss_D_B=0.1269 cycle=0.1679 idt=0.2182 gnorm=49.686 dnorm=5.385 nan=0
2026-10-03 16:54:03,372 epoch=101 step=6300 loss_G=2.2293 loss_D_A=0.2071 loss_D_B=0.2825 cycle=0.1053 idt=0.1297 gnorm=25.713 dnorm=14.824 nan=0
2026-10-03 16:54:18,786 epoch=101 step=6400 loss_G=2.7918 loss_D_A=0.0677 loss_D_B=0.2022 cycle=0.1366 idt=0.0729 gnorm=26.875 dnorm=6.119 nan=0
2026-10-03 16:54:24,663 epoch_mean={'g': 2.8769327989088227, 'd_a': 0.19046595971308053, 'd_b': 0.2084021235001165, 'cycle': 0.1413553077339867, 'identity': 0.10866792885625388, 'epoch': 101}
2026-10-03 16:54:27,289 epoch=102 step=1 loss_G=2.8652 loss_D_A=0.1769 loss_D_B=0.2523 cycle=0.1111 idt=0.0723 gnorm=33.975 dnorm=13.694 nan=0
2026-10-03 16:54:42,300 epoch=102 step=100 loss_G=2.4302 loss_D_A=0.2601 loss_D_B=0.1921 cycle=0.1147 idt=0.0819 gnorm=27.966 dnorm=10.586 nan=0
2026-10-03 16:54:57,437 epoch=102 step=200 loss_G=2.5482 loss_D_A=0.1497 loss_D_B=0.0531 cycle=0.1282 idt=0.1245 gnorm=29.976 dnorm=9.830 nan=0
2026-10-03 16:55:12,647 epoch=102 step=300 loss_G=2.7356 loss_D_A=0.0791 loss_D_B=0.1354 cycle=0.0982 idt=0.0935 gnorm=35.418 dnorm=7.474 nan=0
2026-10-03 16:55:27,890 epoch=102 step=400 loss_G=2.2679 loss_D_A=0.1509 loss_D_B=0.2070 cycle=0.1008 idt=0.0750 gnorm=29.640 dnorm=12.873 nan=0
2026-10-03 16:55:43,249 epoch=102 step=500 loss_G=2.2554 loss_D_A=0.1256 loss_D_B=0.1723 cycle=0.1154 idt=0.0851 gnorm=19.907 dnorm=9.381 nan=0
2026-10-03 16:55:58,669 epoch=102 step=600 loss_G=2.0765 loss_D_A=0.1788 loss_D_B=0.2835 cycle=0.1010 idt=0.0738 gnorm=16.539 dnorm=7.936 nan=0
2026-10-03 16:56:13,364 epoch=102 step=700 loss_G=2.0271 loss_D_A=0.0586 loss_D_B=0.1714 cycle=0.1045 idt=0.0684 gnorm=23.780 dnorm=6.331 nan=0
2026-10-03 16:56:28,777 epoch=102 step=800 loss_G=6.6333 loss_D_A=0.1304 loss_D_B=0.2485 cycle=0.3934 idt=0.3717 gnorm=37.059 dnorm=9.503 nan=0
2026-10-03 16:56:44,150 epoch=102 step=900 loss_G=2.5619 loss_D_A=0.2229 loss_D_B=0.1818 cycle=0.1062 idt=0.1303 gnorm=28.379 dnorm=9.906 nan=0
2026-10-03 16:56:59,179 epoch=102 step=1000 loss_G=2.6172 loss_D_A=0.1624 loss_D_B=0.1051 cycle=0.0889 idt=0.0696 gnorm=25.761 dnorm=8.258 nan=0
2026-10-03 16:57:14,556 epoch=102 step=1100 loss_G=3.4822 loss_D_A=0.1116 loss_D_B=0.2320 cycle=0.1638 idt=0.1707 gnorm=40.772 dnorm=12.173 nan=0
2026-10-03 16:57:29,955 epoch=102 step=1200 loss_G=2.5645 loss_D_A=0.3404 loss_D_B=0.1333 cycle=0.1129 idt=0.0839 gnorm=28.834 dnorm=10.722 nan=0
2026-10-03 16:57:45,356 epoch=102 step=1300 loss_G=2.2560 loss_D_A=0.2320 loss_D_B=0.3766 cycle=0.0968 idt=0.0998 gnorm=24.094 dnorm=15.857 nan=0
2026-10-03 16:58:00,804 epoch=102 step=1400 loss_G=3.0964 loss_D_A=0.1281 loss_D_B=0.0955 cycle=0.1697 idt=0.1180 gnorm=47.207 dnorm=7.772 nan=0
2026-10-03 16:58:15,936 epoch=102 step=1500 loss_G=2.1555 loss_D_A=0.1045 loss_D_B=0.1334 cycle=0.1207 idt=0.1025 gnorm=35.416 dnorm=7.201 nan=0
2026-10-03 16:58:31,211 epoch=102 step=1600 loss_G=2.5970 loss_D_A=0.2170 loss_D_B=0.2354 cycle=0.1357 idt=0.1182 gnorm=32.677 dnorm=10.066 nan=0
2026-10-03 16:58:46,602 epoch=102 step=1700 loss_G=3.0447 loss_D_A=0.1240 loss_D_B=0.2393 cycle=0.1466 idt=0.0933 gnorm=37.650 dnorm=10.746 nan=0
2026-10-03 16:59:01,892 epoch=102 step=1800 loss_G=2.5217 loss_D_A=0.0499 loss_D_B=0.1747 cycle=0.1365 idt=0.0994 gnorm=56.621 dnorm=9.526 nan=0
2026-10-03 16:59:17,313 epoch=102 step=1900 loss_G=3.5972 loss_D_A=0.0981 loss_D_B=0.0766 cycle=0.1693 idt=0.1220 gnorm=38.805 dnorm=7.298 nan=0
2026-10-03 16:59:32,473 epoch=102 step=2000 loss_G=2.0234 loss_D_A=0.2425 loss_D_B=0.3054 cycle=0.0968 idt=0.0752 gnorm=24.309 dnorm=9.263 nan=0
2026-10-03 16:59:47,306 epoch=102 step=2100 loss_G=2.4846 loss_D_A=0.0877 loss_D_B=0.2400 cycle=0.1293 idt=0.0771 gnorm=31.542 dnorm=5.822 nan=0
2026-10-03 17:00:02,722 epoch=102 step=2200 loss_G=1.9829 loss_D_A=0.1153 loss_D_B=0.1568 cycle=0.1068 idt=0.0709 gnorm=21.269 dnorm=7.612 nan=0
2026-10-03 17:00:17,448 epoch=102 step=2300 loss_G=2.4899 loss_D_A=0.2477 loss_D_B=0.2109 cycle=0.1445 idt=0.1309 gnorm=27.538 dnorm=12.550 nan=0
2026-10-03 17:00:32,698 epoch=102 step=2400 loss_G=2.2981 loss_D_A=0.2399 loss_D_B=0.1546 cycle=0.0997 idt=0.0756 gnorm=20.634 dnorm=9.231 nan=0
2026-10-03 17:00:48,109 epoch=102 step=2500 loss_G=2.1331 loss_D_A=0.1987 loss_D_B=0.1979 cycle=0.1196 idt=0.0732 gnorm=17.573 dnorm=7.808 nan=0
2026-10-03 17:01:03,486 epoch=102 step=2600 loss_G=2.7451 loss_D_A=0.1054 loss_D_B=0.1446 cycle=0.1306 idt=0.1255 gnorm=23.467 dnorm=6.482 nan=0
2026-10-03 17:01:18,845 epoch=102 step=2700 loss_G=2.9287 loss_D_A=0.1502 loss_D_B=0.1488 cycle=0.1318 idt=0.0834 gnorm=25.080 dnorm=9.020 nan=0
2026-10-03 17:01:34,289 epoch=102 step=2800 loss_G=3.9423 loss_D_A=0.1963 loss_D_B=0.2293 cycle=0.1782 idt=0.1576 gnorm=34.843 dnorm=14.663 nan=0
2026-10-03 17:01:49,456 epoch=102 step=2900 loss_G=1.7799 loss_D_A=0.1763 loss_D_B=0.1613 cycle=0.1044 idt=0.0679 gnorm=23.415 dnorm=7.530 nan=0
2026-10-03 17:02:04,818 epoch=102 step=3000 loss_G=2.4600 loss_D_A=0.4307 loss_D_B=0.1241 cycle=0.0983 idt=0.0670 gnorm=25.100 dnorm=13.075 nan=0
2026-10-03 17:02:20,261 epoch=102 step=3100 loss_G=2.6038 loss_D_A=0.3151 loss_D_B=0.3767 cycle=0.1186 idt=0.0749 gnorm=21.732 dnorm=7.788 nan=0
2026-10-03 17:02:35,549 epoch=102 step=3200 loss_G=2.1111 loss_D_A=0.3557 loss_D_B=0.1966 cycle=0.1060 idt=0.0822 gnorm=29.750 dnorm=14.661 nan=0
2026-10-03 17:02:50,982 epoch=102 step=3300 loss_G=2.8437 loss_D_A=0.4426 loss_D_B=0.1704 cycle=0.1248 idt=0.1544 gnorm=42.938 dnorm=12.666 nan=0
2026-10-03 17:03:06,211 epoch=102 step=3400 loss_G=3.4029 loss_D_A=0.2398 loss_D_B=0.2111 cycle=0.1798 idt=0.1494 gnorm=34.052 dnorm=9.235 nan=0
2026-10-03 17:03:21,391 epoch=102 step=3500 loss_G=2.2451 loss_D_A=0.2212 loss_D_B=0.1420 cycle=0.1035 idt=0.0944 gnorm=20.466 dnorm=13.829 nan=0
2026-10-03 17:03:36,803 epoch=102 step=3600 loss_G=2.3558 loss_D_A=0.1067 loss_D_B=0.2042 cycle=0.1130 idt=0.1320 gnorm=17.981 dnorm=6.171 nan=0
2026-10-03 17:03:51,436 epoch=102 step=3700 loss_G=2.5025 loss_D_A=0.2521 loss_D_B=0.2793 cycle=0.1491 idt=0.0765 gnorm=27.927 dnorm=16.048 nan=0
2026-10-03 17:04:06,503 epoch=102 step=3800 loss_G=4.5523 loss_D_A=0.4692 loss_D_B=0.1874 cycle=0.1094 idt=0.1682 gnorm=37.965 dnorm=20.621 nan=0
2026-10-03 17:04:21,948 epoch=102 step=3900 loss_G=2.3471 loss_D_A=0.3464 loss_D_B=0.1251 cycle=0.1110 idt=0.0699 gnorm=19.474 dnorm=10.966 nan=0
2026-10-03 17:04:37,347 epoch=102 step=4000 loss_G=2.6410 loss_D_A=0.0940 loss_D_B=0.1588 cycle=0.1325 idt=0.0991 gnorm=17.066 dnorm=8.020 nan=0
2026-10-03 17:04:52,713 epoch=102 step=4100 loss_G=3.0511 loss_D_A=0.0864 loss_D_B=0.3050 cycle=0.1267 idt=0.0774 gnorm=37.621 dnorm=8.327 nan=0
2026-10-03 17:05:08,089 epoch=102 step=4200 loss_G=2.8235 loss_D_A=0.0530 loss_D_B=0.3415 cycle=0.1389 idt=0.0899 gnorm=36.228 dnorm=8.440 nan=0
2026-10-03 17:05:23,431 epoch=102 step=4300 loss_G=2.4856 loss_D_A=0.1463 loss_D_B=0.3809 cycle=0.1456 idt=0.1105 gnorm=41.159 dnorm=12.852 nan=0
2026-10-03 17:05:38,826 epoch=102 step=4400 loss_G=2.2812 loss_D_A=0.1938 loss_D_B=0.1855 cycle=0.1200 idt=0.0894 gnorm=29.203 dnorm=10.205 nan=0
2026-10-03 17:05:54,259 epoch=102 step=4500 loss_G=2.7968 loss_D_A=0.3034 loss_D_B=0.1099 cycle=0.1485 idt=0.1081 gnorm=31.874 dnorm=8.388 nan=0
2026-10-03 17:06:09,577 epoch=102 step=4600 loss_G=2.4400 loss_D_A=0.2448 loss_D_B=0.2582 cycle=0.1187 idt=0.0819 gnorm=22.296 dnorm=9.803 nan=0
2026-10-03 17:06:24,980 epoch=102 step=4700 loss_G=2.0131 loss_D_A=0.0506 loss_D_B=0.1293 cycle=0.0873 idt=0.0964 gnorm=17.801 dnorm=5.665 nan=0
2026-10-03 17:06:40,118 epoch=102 step=4800 loss_G=2.3679 loss_D_A=0.1399 loss_D_B=0.1176 cycle=0.1383 idt=0.0927 gnorm=31.239 dnorm=6.965 nan=0
2026-10-03 17:06:55,448 epoch=102 step=4900 loss_G=3.3684 loss_D_A=0.2138 loss_D_B=0.3106 cycle=0.1867 idt=0.1451 gnorm=42.955 dnorm=10.671 nan=0
2026-10-03 17:07:10,580 epoch=102 step=5000 loss_G=3.2935 loss_D_A=0.1728 loss_D_B=0.1942 cycle=0.1576 idt=0.1176 gnorm=26.614 dnorm=8.946 nan=0
2026-10-03 17:07:25,578 epoch=102 step=5100 loss_G=2.5661 loss_D_A=0.1248 loss_D_B=0.2318 cycle=0.1306 idt=0.0971 gnorm=37.997 dnorm=10.176 nan=0
2026-10-03 17:07:40,470 epoch=102 step=5200 loss_G=2.7900 loss_D_A=0.1135 loss_D_B=0.0884 cycle=0.1077 idt=0.0957 gnorm=25.514 dnorm=6.370 nan=0
2026-10-03 17:07:55,880 epoch=102 step=5300 loss_G=4.1658 loss_D_A=0.1714 loss_D_B=0.2126 cycle=0.2155 idt=0.2419 gnorm=33.399 dnorm=6.816 nan=0
2026-10-03 17:08:11,221 epoch=102 step=5400 loss_G=2.9367 loss_D_A=0.1894 loss_D_B=0.3014 cycle=0.1498 idt=0.1293 gnorm=33.233 dnorm=16.092 nan=0
2026-10-03 17:08:26,657 epoch=102 step=5500 loss_G=4.0383 loss_D_A=0.2444 loss_D_B=0.3949 cycle=0.2211 idt=0.1243 gnorm=30.119 dnorm=12.434 nan=0
2026-10-03 17:08:41,511 epoch=102 step=5600 loss_G=2.7643 loss_D_A=0.2804 loss_D_B=0.2368 cycle=0.1265 idt=0.1222 gnorm=26.173 dnorm=12.050 nan=0
2026-10-03 17:08:56,626 epoch=102 step=5700 loss_G=2.7353 loss_D_A=0.1957 loss_D_B=0.2473 cycle=0.1316 idt=0.0841 gnorm=20.404 dnorm=7.016 nan=0
2026-10-03 17:09:11,805 epoch=102 step=5800 loss_G=2.8718 loss_D_A=0.1605 loss_D_B=0.3513 cycle=0.1395 idt=0.0897 gnorm=34.563 dnorm=8.446 nan=0
2026-10-03 17:09:26,932 epoch=102 step=5900 loss_G=3.3464 loss_D_A=0.2383 loss_D_B=0.1545 cycle=0.1498 idt=0.1014 gnorm=28.893 dnorm=15.386 nan=0
2026-10-03 17:09:42,278 epoch=102 step=6000 loss_G=2.9635 loss_D_A=0.1653 loss_D_B=0.1794 cycle=0.1607 idt=0.1185 gnorm=55.641 dnorm=9.188 nan=0
2026-10-03 17:09:57,734 epoch=102 step=6100 loss_G=2.5508 loss_D_A=0.0932 loss_D_B=0.2269 cycle=0.1037 idt=0.1143 gnorm=27.051 dnorm=8.528 nan=0
2026-10-03 17:10:13,153 epoch=102 step=6200 loss_G=2.9822 loss_D_A=0.1645 loss_D_B=0.1481 cycle=0.1547 idt=0.1255 gnorm=33.193 dnorm=5.865 nan=0
2026-10-03 17:10:28,450 epoch=102 step=6300 loss_G=2.4469 loss_D_A=0.1543 loss_D_B=0.2063 cycle=0.1172 idt=0.0650 gnorm=40.155 dnorm=7.794 nan=0
2026-10-03 17:10:43,856 epoch=102 step=6400 loss_G=2.1959 loss_D_A=0.2541 loss_D_B=0.2935 cycle=0.1179 idt=0.0964 gnorm=27.084 dnorm=10.545 nan=0
2026-10-03 17:10:49,682 epoch_mean={'g': 2.6745986962177697, 'd_a': 0.18691287554728758, 'd_b': 0.20957142360908862, 'cycle': 0.13293872275090285, 'identity': 0.10435168718691752, 'epoch': 102}
2026-10-03 17:10:50,311 epoch=103 step=1 loss_G=2.2760 loss_D_A=0.2195 loss_D_B=0.1636 cycle=0.1044 idt=0.0769 gnorm=25.206 dnorm=6.456 nan=0
2026-10-03 17:11:05,349 epoch=103 step=100 loss_G=2.0423 loss_D_A=0.0471 loss_D_B=0.2111 cycle=0.1037 idt=0.0845 gnorm=18.536 dnorm=5.380 nan=0
2026-10-03 17:11:20,671 epoch=103 step=200 loss_G=2.3774 loss_D_A=0.1557 loss_D_B=0.1811 cycle=0.1188 idt=0.0849 gnorm=27.174 dnorm=6.214 nan=0
2026-10-03 17:11:35,497 epoch=103 step=300 loss_G=2.4955 loss_D_A=0.2788 loss_D_B=0.1376 cycle=0.1267 idt=0.1028 gnorm=29.942 dnorm=8.076 nan=0
2026-10-03 17:11:50,710 epoch=103 step=400 loss_G=3.3281 loss_D_A=0.0992 loss_D_B=0.1461 cycle=0.1742 idt=0.1153 gnorm=33.093 dnorm=5.872 nan=0
2026-10-03 17:12:06,042 epoch=103 step=500 loss_G=2.5668 loss_D_A=0.2510 loss_D_B=0.3033 cycle=0.1157 idt=0.1122 gnorm=15.268 dnorm=9.064 nan=0
2026-10-03 17:12:21,165 epoch=103 step=600 loss_G=2.1750 loss_D_A=0.2157 loss_D_B=0.2667 cycle=0.1104 idt=0.0880 gnorm=29.663 dnorm=9.925 nan=0
2026-10-03 17:12:36,627 epoch=103 step=700 loss_G=2.3148 loss_D_A=0.1503 loss_D_B=0.1347 cycle=0.1076 idt=0.0760 gnorm=18.366 dnorm=6.871 nan=0
2026-10-03 17:12:51,964 epoch=103 step=800 loss_G=2.6230 loss_D_A=0.2013 loss_D_B=0.1139 cycle=0.1029 idt=0.0781 gnorm=20.842 dnorm=6.847 nan=0
2026-10-03 17:13:07,267 epoch=103 step=900 loss_G=2.3151 loss_D_A=0.1706 loss_D_B=0.1793 cycle=0.1089 idt=0.1342 gnorm=22.580 dnorm=6.908 nan=0
2026-10-03 17:13:22,659 epoch=103 step=1000 loss_G=2.7165 loss_D_A=0.1871 loss_D_B=0.1648 cycle=0.1462 idt=0.1369 gnorm=30.151 dnorm=6.578 nan=0
2026-10-03 17:13:37,819 epoch=103 step=1100 loss_G=2.5657 loss_D_A=0.1941 loss_D_B=0.2337 cycle=0.1503 idt=0.1098 gnorm=23.488 dnorm=9.401 nan=0
2026-10-03 17:13:53,059 epoch=103 step=1200 loss_G=2.1059 loss_D_A=0.1137 loss_D_B=0.1715 cycle=0.1177 idt=0.0632 gnorm=23.964 dnorm=5.662 nan=0
2026-10-03 17:14:08,464 epoch=103 step=1300 loss_G=2.3036 loss_D_A=0.2232 loss_D_B=0.1167 cycle=0.0912 idt=0.0802 gnorm=22.508 dnorm=8.694 nan=0
2026-10-03 17:14:23,354 epoch=103 step=1400 loss_G=2.2095 loss_D_A=0.2599 loss_D_B=0.4240 cycle=0.1039 idt=0.0710 gnorm=27.524 dnorm=12.072 nan=0
2026-10-03 17:14:38,567 epoch=103 step=1500 loss_G=2.8464 loss_D_A=0.3426 loss_D_B=0.1970 cycle=0.1143 idt=0.0888 gnorm=23.320 dnorm=12.146 nan=0
2026-10-03 17:14:53,985 epoch=103 step=1600 loss_G=2.1692 loss_D_A=0.3694 loss_D_B=0.2486 cycle=0.1130 idt=0.0742 gnorm=23.961 dnorm=8.351 nan=0
2026-10-03 17:15:09,312 epoch=103 step=1700 loss_G=2.4389 loss_D_A=0.1265 loss_D_B=0.1551 cycle=0.1448 idt=0.1128 gnorm=18.907 dnorm=7.019 nan=0
2026-10-03 17:15:24,689 epoch=103 step=1800 loss_G=2.3606 loss_D_A=0.3175 loss_D_B=0.2236 cycle=0.1209 idt=0.0889 gnorm=17.334 dnorm=17.888 nan=0
2026-10-03 17:15:39,851 epoch=103 step=1900 loss_G=1.9580 loss_D_A=0.1724 loss_D_B=0.1868 cycle=0.0975 idt=0.0771 gnorm=16.718 dnorm=9.394 nan=0
2026-10-03 17:15:54,830 epoch=103 step=2000 loss_G=2.6584 loss_D_A=0.4099 loss_D_B=0.1555 cycle=0.1493 idt=0.1044 gnorm=34.640 dnorm=11.066 nan=0
2026-10-03 17:16:09,503 epoch=103 step=2100 loss_G=2.1749 loss_D_A=0.0821 loss_D_B=0.1737 cycle=0.1150 idt=0.0838 gnorm=16.183 dnorm=6.135 nan=0
2026-10-03 17:16:24,819 epoch=103 step=2200 loss_G=1.8710 loss_D_A=0.2823 loss_D_B=0.2074 cycle=0.1105 idt=0.0909 gnorm=27.595 dnorm=8.770 nan=0
2026-10-03 17:16:39,878 epoch=103 step=2300 loss_G=2.3664 loss_D_A=0.1084 loss_D_B=0.1787 cycle=0.1394 idt=0.0645 gnorm=27.747 dnorm=6.945 nan=0
2026-10-03 17:16:55,202 epoch=103 step=2400 loss_G=2.4873 loss_D_A=0.1511 loss_D_B=0.3720 cycle=0.1125 idt=0.0826 gnorm=25.097 dnorm=7.220 nan=0
2026-10-03 17:17:10,533 epoch=103 step=2500 loss_G=2.4945 loss_D_A=0.1879 loss_D_B=0.1340 cycle=0.1026 idt=0.1143 gnorm=23.604 dnorm=6.881 nan=0
2026-10-03 17:17:25,761 epoch=103 step=2600 loss_G=3.0282 loss_D_A=0.1591 loss_D_B=0.3029 cycle=0.1892 idt=0.1199 gnorm=25.712 dnorm=9.581 nan=0
2026-10-03 17:17:40,643 epoch=103 step=2700 loss_G=2.5494 loss_D_A=0.2238 loss_D_B=0.4556 cycle=0.1430 idt=0.1075 gnorm=22.939 dnorm=14.907 nan=0
2026-10-03 17:17:55,888 epoch=103 step=2800 loss_G=2.6908 loss_D_A=0.2972 loss_D_B=0.2537 cycle=0.0834 idt=0.0839 gnorm=18.759 dnorm=9.564 nan=0
2026-10-03 17:18:11,045 epoch=103 step=2900 loss_G=1.9576 loss_D_A=0.0890 loss_D_B=0.3141 cycle=0.1042 idt=0.0726 gnorm=21.965 dnorm=5.448 nan=0
2026-10-03 17:18:26,349 epoch=103 step=3000 loss_G=2.6745 loss_D_A=0.0787 loss_D_B=0.1865 cycle=0.1272 idt=0.1272 gnorm=26.385 dnorm=5.759 nan=0
2026-10-03 17:18:41,699 epoch=103 step=3100 loss_G=3.1258 loss_D_A=0.0703 loss_D_B=0.1895 cycle=0.1521 idt=0.1033 gnorm=23.174 dnorm=5.789 nan=0
2026-10-03 17:18:57,007 epoch=103 step=3200 loss_G=1.8717 loss_D_A=0.1712 loss_D_B=0.2322 cycle=0.1004 idt=0.0573 gnorm=26.284 dnorm=7.134 nan=0
2026-10-03 17:19:12,300 epoch=103 step=3300 loss_G=2.5324 loss_D_A=0.0533 loss_D_B=0.1544 cycle=0.1386 idt=0.1068 gnorm=28.289 dnorm=7.673 nan=0
2026-10-03 17:19:27,824 epoch=103 step=3400 loss_G=1.7810 loss_D_A=0.3901 loss_D_B=0.1796 cycle=0.1048 idt=0.0857 gnorm=30.188 dnorm=9.616 nan=0
2026-10-03 17:19:43,076 epoch=103 step=3500 loss_G=3.2944 loss_D_A=0.2008 loss_D_B=0.2401 cycle=0.1505 idt=0.1500 gnorm=18.601 dnorm=11.411 nan=0
2026-10-03 17:19:58,364 epoch=103 step=3600 loss_G=2.3306 loss_D_A=0.2085 loss_D_B=0.2284 cycle=0.1227 idt=0.1020 gnorm=20.606 dnorm=10.654 nan=0
2026-10-03 17:20:13,722 epoch=103 step=3700 loss_G=2.4901 loss_D_A=0.1296 loss_D_B=0.1783 cycle=0.1073 idt=0.1113 gnorm=25.918 dnorm=8.583 nan=0
2026-10-03 17:20:28,687 epoch=103 step=3800 loss_G=2.3104 loss_D_A=0.2742 loss_D_B=0.3159 cycle=0.0928 idt=0.0816 gnorm=25.228 dnorm=12.349 nan=0
2026-10-03 17:20:43,953 epoch=103 step=3900 loss_G=2.0010 loss_D_A=0.1417 loss_D_B=0.2017 cycle=0.1046 idt=0.0735 gnorm=15.248 dnorm=7.736 nan=0
2026-10-03 17:20:59,279 epoch=103 step=4000 loss_G=2.8194 loss_D_A=0.2177 loss_D_B=0.1672 cycle=0.1554 idt=0.1026 gnorm=23.190 dnorm=7.219 nan=0
2026-10-03 17:21:14,521 epoch=103 step=4100 loss_G=3.1059 loss_D_A=0.2175 loss_D_B=0.1906 cycle=0.1174 idt=0.1690 gnorm=37.786 dnorm=7.670 nan=0
2026-10-03 17:21:29,764 epoch=103 step=4200 loss_G=2.0833 loss_D_A=0.1801 loss_D_B=0.1000 cycle=0.1244 idt=0.0937 gnorm=16.625 dnorm=8.731 nan=0
2026-10-03 17:21:45,056 epoch=103 step=4300 loss_G=2.2481 loss_D_A=0.1698 loss_D_B=0.3662 cycle=0.1139 idt=0.0783 gnorm=38.957 dnorm=8.520 nan=0
2026-10-03 17:22:00,315 epoch=103 step=4400 loss_G=1.7895 loss_D_A=0.1176 loss_D_B=0.3495 cycle=0.0715 idt=0.0678 gnorm=25.339 dnorm=8.627 nan=0
2026-10-03 17:22:15,533 epoch=103 step=4500 loss_G=2.7891 loss_D_A=0.2534 loss_D_B=0.3533 cycle=0.1094 idt=0.1186 gnorm=22.983 dnorm=8.696 nan=0
2026-10-03 17:22:30,850 epoch=103 step=4600 loss_G=2.7513 loss_D_A=0.1673 loss_D_B=0.1396 cycle=0.1569 idt=0.1130 gnorm=34.887 dnorm=7.904 nan=0
2026-10-03 17:22:46,115 epoch=103 step=4700 loss_G=2.1077 loss_D_A=0.2262 loss_D_B=0.1985 cycle=0.1226 idt=0.0932 gnorm=25.132 dnorm=9.543 nan=0
2026-10-03 17:23:01,340 epoch=103 step=4800 loss_G=2.4400 loss_D_A=0.3300 loss_D_B=0.1826 cycle=0.1137 idt=0.0995 gnorm=36.105 dnorm=8.358 nan=0
2026-10-03 17:23:16,565 epoch=103 step=4900 loss_G=2.5781 loss_D_A=0.1178 loss_D_B=0.2184 cycle=0.1264 idt=0.1084 gnorm=22.950 dnorm=6.405 nan=0
2026-10-03 17:23:31,892 epoch=103 step=5000 loss_G=1.9680 loss_D_A=0.2002 loss_D_B=0.1253 cycle=0.1326 idt=0.0939 gnorm=23.114 dnorm=5.508 nan=0
2026-10-03 17:23:47,150 epoch=103 step=5100 loss_G=2.2157 loss_D_A=0.1881 loss_D_B=0.1546 cycle=0.1282 idt=0.1165 gnorm=30.464 dnorm=8.512 nan=0
2026-10-03 17:24:02,495 epoch=103 step=5200 loss_G=1.9255 loss_D_A=0.2278 loss_D_B=0.3655 cycle=0.0892 idt=0.0875 gnorm=21.748 dnorm=10.151 nan=0
2026-10-03 17:24:17,831 epoch=103 step=5300 loss_G=2.3415 loss_D_A=0.2985 loss_D_B=0.2305 cycle=0.1066 idt=0.0714 gnorm=18.337 dnorm=8.466 nan=0
2026-10-03 17:24:33,081 epoch=103 step=5400 loss_G=2.1400 loss_D_A=0.1362 loss_D_B=0.2119 cycle=0.0891 idt=0.0711 gnorm=23.098 dnorm=6.800 nan=0
2026-10-03 17:24:48,408 epoch=103 step=5500 loss_G=2.4991 loss_D_A=0.2099 loss_D_B=0.2868 cycle=0.1296 idt=0.0991 gnorm=32.098 dnorm=8.970 nan=0
2026-10-03 17:25:03,041 epoch=103 step=5600 loss_G=2.3046 loss_D_A=0.1906 loss_D_B=0.2136 cycle=0.1096 idt=0.0979 gnorm=21.348 dnorm=9.613 nan=0
2026-10-03 17:25:18,021 epoch=103 step=5700 loss_G=2.4597 loss_D_A=0.3698 loss_D_B=0.1791 cycle=0.1415 idt=0.1043 gnorm=28.174 dnorm=10.032 nan=0
2026-10-03 17:25:32,906 epoch=103 step=5800 loss_G=4.5345 loss_D_A=0.0540 loss_D_B=0.2388 cycle=0.2194 idt=0.2038 gnorm=89.878 dnorm=7.376 nan=0
2026-10-03 17:25:47,593 epoch=103 step=5900 loss_G=2.4779 loss_D_A=0.0517 loss_D_B=0.1325 cycle=0.1066 idt=0.0733 gnorm=25.487 dnorm=7.704 nan=0
2026-10-03 17:26:02,878 epoch=103 step=6000 loss_G=2.0072 loss_D_A=0.1915 loss_D_B=0.1165 cycle=0.1149 idt=0.0674 gnorm=24.633 dnorm=6.406 nan=0
2026-10-03 17:26:18,235 epoch=103 step=6100 loss_G=2.4942 loss_D_A=0.2574 loss_D_B=0.3151 cycle=0.1352 idt=0.0871 gnorm=36.395 dnorm=8.433 nan=0
2026-10-03 17:26:33,572 epoch=103 step=6200 loss_G=3.0676 loss_D_A=0.2095 loss_D_B=0.2431 cycle=0.1713 idt=0.1301 gnorm=42.802 dnorm=10.058 nan=0
2026-10-03 17:26:48,840 epoch=103 step=6300 loss_G=3.1660 loss_D_A=0.0784 loss_D_B=0.2324 cycle=0.1091 idt=0.1289 gnorm=22.434 dnorm=6.180 nan=0
2026-10-03 17:27:04,139 epoch=103 step=6400 loss_G=2.3202 loss_D_A=0.1858 loss_D_B=0.1848 cycle=0.1238 idt=0.0900 gnorm=27.665 dnorm=7.951 nan=0
2026-10-03 17:27:09,947 epoch_mean={'g': 2.6247303000737805, 'd_a': 0.1833378536133116, 'd_b': 0.20983996692004506, 'cycle': 0.12962063057298948, 'identity': 0.10307223369483438, 'epoch': 103}
2026-10-03 17:27:10,537 epoch=104 step=1 loss_G=4.1542 loss_D_A=0.1108 loss_D_B=0.1536 cycle=0.2467 idt=0.2115 gnorm=49.270 dnorm=5.633 nan=0
2026-10-03 17:27:25,650 epoch=104 step=100 loss_G=2.4566 loss_D_A=0.0415 loss_D_B=0.0768 cycle=0.1179 idt=0.0887 gnorm=20.468 dnorm=4.531 nan=0
2026-10-03 17:27:40,831 epoch=104 step=200 loss_G=2.5911 loss_D_A=0.0412 loss_D_B=0.1045 cycle=0.1317 idt=0.1093 gnorm=35.305 dnorm=3.946 nan=0
2026-10-03 17:27:55,866 epoch=104 step=300 loss_G=2.3077 loss_D_A=0.0990 loss_D_B=0.1846 cycle=0.1213 idt=0.1098 gnorm=31.455 dnorm=7.484 nan=0
2026-10-03 17:28:11,281 epoch=104 step=400 loss_G=1.8814 loss_D_A=0.2915 loss_D_B=0.1358 cycle=0.0931 idt=0.0669 gnorm=21.553 dnorm=9.927 nan=0
2026-10-03 17:28:26,689 epoch=104 step=500 loss_G=3.5296 loss_D_A=0.0976 loss_D_B=0.3886 cycle=0.2005 idt=0.1890 gnorm=38.041 dnorm=10.190 nan=0
2026-10-03 17:28:41,926 epoch=104 step=600 loss_G=2.9690 loss_D_A=0.1532 loss_D_B=0.1211 cycle=0.1233 idt=0.0880 gnorm=26.586 dnorm=6.244 nan=0
2026-10-03 17:28:57,256 epoch=104 step=700 loss_G=2.3328 loss_D_A=0.1728 loss_D_B=0.5327 cycle=0.1315 idt=0.0952 gnorm=19.890 dnorm=10.686 nan=0
2026-10-03 17:29:12,603 epoch=104 step=800 loss_G=2.4853 loss_D_A=0.2001 loss_D_B=0.3712 cycle=0.1014 idt=0.1477 gnorm=20.105 dnorm=12.707 nan=0
2026-10-03 17:29:27,847 epoch=104 step=900 loss_G=3.0866 loss_D_A=0.1463 loss_D_B=0.1490 cycle=0.1398 idt=0.1581 gnorm=29.342 dnorm=6.538 nan=0
2026-10-03 17:29:43,171 epoch=104 step=1000 loss_G=3.2876 loss_D_A=0.4518 loss_D_B=0.1899 cycle=0.1709 idt=0.0962 gnorm=34.080 dnorm=11.514 nan=0
2026-10-03 17:29:58,587 epoch=104 step=1100 loss_G=3.5195 loss_D_A=0.1066 loss_D_B=0.1228 cycle=0.1542 idt=0.1194 gnorm=35.577 dnorm=7.368 nan=0
2026-10-03 17:30:13,656 epoch=104 step=1200 loss_G=2.8777 loss_D_A=0.1875 loss_D_B=0.2125 cycle=0.1372 idt=0.0803 gnorm=33.565 dnorm=7.344 nan=0
2026-10-03 17:30:28,669 epoch=104 step=1300 loss_G=3.5396 loss_D_A=0.3299 loss_D_B=0.2217 cycle=0.1576 idt=0.1397 gnorm=25.653 dnorm=11.817 nan=0
2026-10-03 17:30:43,954 epoch=104 step=1400 loss_G=1.8957 loss_D_A=0.0851 loss_D_B=0.0549 cycle=0.0946 idt=0.0714 gnorm=15.575 dnorm=6.138 nan=0
2026-10-03 17:30:58,860 epoch=104 step=1500 loss_G=1.9278 loss_D_A=0.1999 loss_D_B=0.4087 cycle=0.1064 idt=0.0700 gnorm=19.404 dnorm=9.042 nan=0
2026-10-03 17:31:13,880 epoch=104 step=1600 loss_G=2.3619 loss_D_A=0.0411 loss_D_B=0.2880 cycle=0.1226 idt=0.1066 gnorm=33.415 dnorm=5.039 nan=0
2026-10-03 17:31:29,208 epoch=104 step=1700 loss_G=2.5706 loss_D_A=0.0536 loss_D_B=0.2043 cycle=0.1063 idt=0.0789 gnorm=40.423 dnorm=7.968 nan=0
2026-10-03 17:31:44,407 epoch=104 step=1800 loss_G=2.5511 loss_D_A=0.0847 loss_D_B=0.2006 cycle=0.1243 idt=0.0699 gnorm=21.516 dnorm=5.395 nan=0
2026-10-03 17:31:59,772 epoch=104 step=1900 loss_G=3.1381 loss_D_A=0.1011 loss_D_B=0.1362 cycle=0.1451 idt=0.1453 gnorm=24.314 dnorm=5.987 nan=0
2026-10-03 17:32:15,104 epoch=104 step=2000 loss_G=2.3116 loss_D_A=0.2150 loss_D_B=0.1304 cycle=0.0932 idt=0.0696 gnorm=25.862 dnorm=7.707 nan=0
2026-10-03 17:32:30,382 epoch=104 step=2100 loss_G=2.2524 loss_D_A=0.4591 loss_D_B=0.2342 cycle=0.0893 idt=0.0702 gnorm=19.733 dnorm=10.831 nan=0
2026-10-03 17:32:45,719 epoch=104 step=2200 loss_G=2.6131 loss_D_A=0.1423 loss_D_B=0.1282 cycle=0.1110 idt=0.0754 gnorm=22.361 dnorm=7.050 nan=0
2026-10-03 17:33:01,053 epoch=104 step=2300 loss_G=3.0907 loss_D_A=0.2443 loss_D_B=0.1102 cycle=0.1360 idt=0.1361 gnorm=28.714 dnorm=7.088 nan=0
2026-10-03 17:33:16,062 epoch=104 step=2400 loss_G=3.5148 loss_D_A=0.1809 loss_D_B=0.2539 cycle=0.1576 idt=0.1177 gnorm=30.790 dnorm=9.344 nan=0
2026-10-03 17:33:31,353 epoch=104 step=2500 loss_G=2.2836 loss_D_A=0.1758 loss_D_B=0.2852 cycle=0.0998 idt=0.0695 gnorm=24.729 dnorm=8.389 nan=0
2026-10-03 17:33:46,686 epoch=104 step=2600 loss_G=2.4960 loss_D_A=0.2082 loss_D_B=0.1727 cycle=0.1471 idt=0.1103 gnorm=30.570 dnorm=7.439 nan=0
2026-10-03 17:34:01,815 epoch=104 step=2700 loss_G=2.0242 loss_D_A=0.1775 loss_D_B=0.3110 cycle=0.1049 idt=0.0647 gnorm=25.542 dnorm=7.573 nan=0
2026-10-03 17:34:16,868 epoch=104 step=2800 loss_G=2.3595 loss_D_A=0.1530 loss_D_B=0.2978 cycle=0.0991 idt=0.0622 gnorm=20.929 dnorm=9.568 nan=0
2026-10-03 17:34:32,252 epoch=104 step=2900 loss_G=2.1373 loss_D_A=0.1646 loss_D_B=0.1775 cycle=0.1003 idt=0.1035 gnorm=15.463 dnorm=8.342 nan=0
2026-10-03 17:34:47,541 epoch=104 step=3000 loss_G=2.3445 loss_D_A=0.1280 loss_D_B=0.2135 cycle=0.0881 idt=0.0807 gnorm=19.007 dnorm=7.678 nan=0
2026-10-03 17:35:02,794 epoch=104 step=3100 loss_G=3.0313 loss_D_A=0.1581 loss_D_B=0.0902 cycle=0.1308 idt=0.1008 gnorm=26.254 dnorm=6.028 nan=0
2026-10-03 17:35:18,142 epoch=104 step=3200 loss_G=2.8562 loss_D_A=0.1427 loss_D_B=0.1642 cycle=0.1157 idt=0.0964 gnorm=25.279 dnorm=6.107 nan=0
2026-10-03 17:35:33,456 epoch=104 step=3300 loss_G=2.7383 loss_D_A=0.2162 loss_D_B=0.1398 cycle=0.1204 idt=0.0923 gnorm=25.359 dnorm=8.380 nan=0
2026-10-03 17:35:48,761 epoch=104 step=3400 loss_G=2.8547 loss_D_A=0.1952 loss_D_B=0.1953 cycle=0.1061 idt=0.1198 gnorm=25.752 dnorm=7.790 nan=0
2026-10-03 17:36:04,142 epoch=104 step=3500 loss_G=1.9518 loss_D_A=0.2065 loss_D_B=0.1270 cycle=0.0952 idt=0.0619 gnorm=17.211 dnorm=6.519 nan=0
2026-10-03 17:36:18,879 epoch=104 step=3600 loss_G=2.1570 loss_D_A=0.1320 loss_D_B=0.2990 cycle=0.1099 idt=0.0832 gnorm=17.190 dnorm=7.464 nan=0
2026-10-03 17:36:34,154 epoch=104 step=3700 loss_G=2.2299 loss_D_A=0.2296 loss_D_B=0.2105 cycle=0.0954 idt=0.0767 gnorm=23.946 dnorm=9.955 nan=0
2026-10-03 17:36:49,502 epoch=104 step=3800 loss_G=1.8817 loss_D_A=0.1717 loss_D_B=0.2973 cycle=0.1005 idt=0.0886 gnorm=21.180 dnorm=10.984 nan=0
2026-10-03 17:37:04,803 epoch=104 step=3900 loss_G=3.4550 loss_D_A=0.0877 loss_D_B=0.1015 cycle=0.2141 idt=0.1459 gnorm=36.727 dnorm=5.004 nan=0
2026-10-03 17:37:19,899 epoch=104 step=4000 loss_G=2.4667 loss_D_A=0.0717 loss_D_B=0.2783 cycle=0.1133 idt=0.1038 gnorm=25.691 dnorm=5.537 nan=0
2026-10-03 17:37:35,245 epoch=104 step=4100 loss_G=2.4745 loss_D_A=0.2177 loss_D_B=0.0875 cycle=0.1380 idt=0.1007 gnorm=32.233 dnorm=6.911 nan=0
2026-10-03 17:37:50,336 epoch=104 step=4200 loss_G=2.4526 loss_D_A=0.1805 loss_D_B=0.2584 cycle=0.1272 idt=0.1249 gnorm=32.255 dnorm=7.376 nan=0
2026-10-03 17:38:05,148 epoch=104 step=4300 loss_G=1.8815 loss_D_A=0.2618 loss_D_B=0.1428 cycle=0.0897 idt=0.0672 gnorm=22.730 dnorm=7.233 nan=0
2026-10-03 17:38:20,383 epoch=104 step=4400 loss_G=2.1988 loss_D_A=0.1769 loss_D_B=0.2734 cycle=0.0947 idt=0.0838 gnorm=24.900 dnorm=11.458 nan=0
2026-10-03 17:38:35,601 epoch=104 step=4500 loss_G=2.5863 loss_D_A=0.2089 loss_D_B=0.1287 cycle=0.0904 idt=0.0779 gnorm=18.459 dnorm=9.126 nan=0
2026-10-03 17:38:50,694 epoch=104 step=4600 loss_G=2.7188 loss_D_A=0.0763 loss_D_B=0.1007 cycle=0.1368 idt=0.0982 gnorm=30.598 dnorm=4.498 nan=0
2026-10-03 17:39:05,954 epoch=104 step=4700 loss_G=2.7525 loss_D_A=0.1194 loss_D_B=0.1751 cycle=0.1356 idt=0.1182 gnorm=40.750 dnorm=7.229 nan=0
2026-10-03 17:39:21,236 epoch=104 step=4800 loss_G=2.6280 loss_D_A=0.0871 loss_D_B=0.3657 cycle=0.1251 idt=0.0958 gnorm=23.405 dnorm=8.577 nan=0
2026-10-03 17:39:36,536 epoch=104 step=4900 loss_G=1.8721 loss_D_A=0.1323 loss_D_B=0.2589 cycle=0.0930 idt=0.0613 gnorm=15.111 dnorm=5.576 nan=0
2026-10-03 17:39:51,859 epoch=104 step=5000 loss_G=1.6836 loss_D_A=0.1471 loss_D_B=0.0702 cycle=0.0923 idt=0.0974 gnorm=19.904 dnorm=10.077 nan=0
2026-10-03 17:40:07,150 epoch=104 step=5100 loss_G=7.0923 loss_D_A=0.1062 loss_D_B=0.1433 cycle=0.4486 idt=0.4042 gnorm=32.273 dnorm=6.488 nan=0
2026-10-03 17:40:22,490 epoch=104 step=5200 loss_G=3.4370 loss_D_A=0.0246 loss_D_B=0.1417 cycle=0.1424 idt=0.1131 gnorm=22.557 dnorm=4.714 nan=0
2026-10-03 17:40:37,869 epoch=104 step=5300 loss_G=2.7304 loss_D_A=0.1273 loss_D_B=0.2491 cycle=0.1505 idt=0.1010 gnorm=32.253 dnorm=8.899 nan=0
2026-10-03 17:40:53,141 epoch=104 step=5400 loss_G=2.8544 loss_D_A=0.1052 loss_D_B=0.4410 cycle=0.1338 idt=0.1294 gnorm=28.859 dnorm=8.917 nan=0
2026-10-03 17:41:08,414 epoch=104 step=5500 loss_G=2.6483 loss_D_A=0.2124 loss_D_B=0.2496 cycle=0.1190 idt=0.0971 gnorm=21.603 dnorm=8.722 nan=0
2026-10-03 17:41:23,741 epoch=104 step=5600 loss_G=2.3328 loss_D_A=0.1065 loss_D_B=0.1548 cycle=0.1254 idt=0.0842 gnorm=15.196 dnorm=7.239 nan=0
2026-10-03 17:41:39,035 epoch=104 step=5700 loss_G=2.3738 loss_D_A=0.0364 loss_D_B=0.1865 cycle=0.1140 idt=0.0757 gnorm=27.437 dnorm=5.256 nan=0
2026-10-03 17:41:54,166 epoch=104 step=5800 loss_G=2.2699 loss_D_A=0.1596 loss_D_B=0.1077 cycle=0.0827 idt=0.1121 gnorm=35.795 dnorm=8.035 nan=0
2026-10-03 17:42:09,618 epoch=104 step=5900 loss_G=2.8974 loss_D_A=0.2560 loss_D_B=0.1739 cycle=0.1157 idt=0.1017 gnorm=21.090 dnorm=7.250 nan=0
2026-10-03 17:42:24,707 epoch=104 step=6000 loss_G=2.0849 loss_D_A=0.3425 loss_D_B=0.1580 cycle=0.1040 idt=0.0774 gnorm=23.697 dnorm=8.126 nan=0
2026-10-03 17:42:39,953 epoch=104 step=6100 loss_G=2.6907 loss_D_A=0.1056 loss_D_B=0.3981 cycle=0.1215 idt=0.0705 gnorm=34.096 dnorm=8.275 nan=0
2026-10-03 17:42:55,275 epoch=104 step=6200 loss_G=2.0635 loss_D_A=0.1917 loss_D_B=0.2553 cycle=0.0822 idt=0.0887 gnorm=21.741 dnorm=8.681 nan=0
2026-10-03 17:43:10,584 epoch=104 step=6300 loss_G=2.7470 loss_D_A=0.2794 loss_D_B=0.3452 cycle=0.1329 idt=0.0996 gnorm=41.299 dnorm=9.585 nan=0
2026-10-03 17:43:25,750 epoch=104 step=6400 loss_G=2.2397 loss_D_A=0.1263 loss_D_B=0.1250 cycle=0.0998 idt=0.1024 gnorm=91.102 dnorm=6.523 nan=0
2026-10-03 17:43:31,596 epoch_mean={'g': 2.57695185082712, 'd_a': 0.17942879739923112, 'd_b': 0.20879768592002562, 'cycle': 0.12597819313791161, 'identity': 0.09986649436512213, 'epoch': 104}
2026-10-03 17:43:32,220 epoch=105 step=1 loss_G=1.9206 loss_D_A=0.1108 loss_D_B=0.1721 cycle=0.0854 idt=0.0608 gnorm=17.037 dnorm=7.067 nan=0
2026-10-03 17:43:47,354 epoch=105 step=100 loss_G=2.6659 loss_D_A=0.2132 loss_D_B=0.1944 cycle=0.1330 idt=0.0998 gnorm=25.240 dnorm=6.665 nan=0
2026-10-03 17:44:02,223 epoch=105 step=200 loss_G=2.6823 loss_D_A=0.1478 loss_D_B=0.3454 cycle=0.1302 idt=0.0977 gnorm=29.773 dnorm=8.382 nan=0
2026-10-03 17:44:17,413 epoch=105 step=300 loss_G=2.6709 loss_D_A=0.2027 loss_D_B=0.1716 cycle=0.1441 idt=0.0911 gnorm=36.622 dnorm=7.354 nan=0
2026-10-03 17:44:32,533 epoch=105 step=400 loss_G=2.0720 loss_D_A=0.0668 loss_D_B=0.1961 cycle=0.0988 idt=0.0911 gnorm=17.478 dnorm=5.771 nan=0
2026-10-03 17:44:47,671 epoch=105 step=500 loss_G=1.6809 loss_D_A=0.1560 loss_D_B=0.2273 cycle=0.0738 idt=0.0618 gnorm=18.856 dnorm=7.368 nan=0
2026-10-03 17:45:02,887 epoch=105 step=600 loss_G=1.6020 loss_D_A=0.2475 loss_D_B=0.1572 cycle=0.0952 idt=0.0785 gnorm=24.824 dnorm=8.166 nan=0
2026-10-03 17:45:18,271 epoch=105 step=700 loss_G=2.3597 loss_D_A=0.2605 loss_D_B=0.2704 cycle=0.1192 idt=0.0792 gnorm=23.640 dnorm=9.691 nan=0
2026-10-03 17:45:33,580 epoch=105 step=800 loss_G=1.9474 loss_D_A=0.4062 loss_D_B=0.2070 cycle=0.0847 idt=0.0628 gnorm=20.336 dnorm=13.603 nan=0
2026-10-03 17:45:48,875 epoch=105 step=900 loss_G=2.2274 loss_D_A=0.1102 loss_D_B=0.1720 cycle=0.1343 idt=0.0915 gnorm=32.900 dnorm=5.101 nan=0
2026-10-03 17:46:04,183 epoch=105 step=1000 loss_G=2.0878 loss_D_A=0.1142 loss_D_B=0.1701 cycle=0.0725 idt=0.0605 gnorm=20.858 dnorm=7.557 nan=0
2026-10-03 17:46:19,520 epoch=105 step=1100 loss_G=2.0002 loss_D_A=0.2765 loss_D_B=0.1600 cycle=0.1167 idt=0.0731 gnorm=26.675 dnorm=9.089 nan=0
2026-10-03 17:46:35,107 epoch=105 step=1200 loss_G=2.2304 loss_D_A=0.1698 loss_D_B=0.1866 cycle=0.1147 idt=0.0866 gnorm=18.596 dnorm=6.588 nan=0
2026-10-03 17:46:50,171 epoch=105 step=1300 loss_G=2.2830 loss_D_A=0.2719 loss_D_B=0.1711 cycle=0.1029 idt=0.1002 gnorm=27.513 dnorm=10.576 nan=0
2026-10-03 17:47:05,327 epoch=105 step=1400 loss_G=2.2796 loss_D_A=0.1713 loss_D_B=0.2486 cycle=0.1352 idt=0.0876 gnorm=42.742 dnorm=7.353 nan=0
2026-10-03 17:47:20,632 epoch=105 step=1500 loss_G=2.2046 loss_D_A=0.0813 loss_D_B=0.1962 cycle=0.1191 idt=0.0881 gnorm=24.170 dnorm=5.501 nan=0
2026-10-03 17:47:35,972 epoch=105 step=1600 loss_G=2.3122 loss_D_A=0.1939 loss_D_B=0.3174 cycle=0.1256 idt=0.0958 gnorm=21.636 dnorm=10.202 nan=0
2026-10-03 17:47:51,320 epoch=105 step=1700 loss_G=2.8363 loss_D_A=0.0761 loss_D_B=0.0909 cycle=0.1484 idt=0.1163 gnorm=32.359 dnorm=4.860 nan=0
2026-10-03 17:48:06,213 epoch=105 step=1800 loss_G=2.0898 loss_D_A=0.1514 loss_D_B=0.1115 cycle=0.0936 idt=0.0697 gnorm=21.265 dnorm=4.663 nan=0
2026-10-03 17:48:21,187 epoch=105 step=1900 loss_G=1.8253 loss_D_A=0.2128 loss_D_B=0.1289 cycle=0.0896 idt=0.0738 gnorm=18.013 dnorm=5.788 nan=0
2026-10-03 17:48:36,458 epoch=105 step=2000 loss_G=3.0329 loss_D_A=0.0552 loss_D_B=0.3055 cycle=0.1528 idt=0.1176 gnorm=39.150 dnorm=5.588 nan=0
2026-10-03 17:48:51,511 epoch=105 step=2100 loss_G=2.6006 loss_D_A=0.1923 loss_D_B=0.1598 cycle=0.1238 idt=0.1028 gnorm=17.739 dnorm=9.289 nan=0
2026-10-03 17:49:06,797 epoch=105 step=2200 loss_G=2.8577 loss_D_A=0.2460 loss_D_B=0.0794 cycle=0.1492 idt=0.1398 gnorm=26.684 dnorm=11.314 nan=0
2026-10-03 17:49:22,159 epoch=105 step=2300 loss_G=2.5199 loss_D_A=0.1724 loss_D_B=0.2062 cycle=0.1410 idt=0.0723 gnorm=32.227 dnorm=7.989 nan=0
2026-10-03 17:49:37,462 epoch=105 step=2400 loss_G=2.3346 loss_D_A=0.1456 loss_D_B=0.1374 cycle=0.0956 idt=0.0771 gnorm=15.923 dnorm=7.132 nan=0
2026-10-03 17:49:52,722 epoch=105 step=2500 loss_G=2.4674 loss_D_A=0.0929 loss_D_B=0.2676 cycle=0.1106 idt=0.0882 gnorm=13.887 dnorm=7.221 nan=0
2026-10-03 17:50:07,778 epoch=105 step=2600 loss_G=2.1252 loss_D_A=0.4456 loss_D_B=0.1153 cycle=0.1162 idt=0.0987 gnorm=52.506 dnorm=9.694 nan=0
2026-10-03 17:50:23,133 epoch=105 step=2700 loss_G=2.6755 loss_D_A=0.1265 loss_D_B=0.2764 cycle=0.1558 idt=0.1297 gnorm=25.029 dnorm=8.573 nan=0
2026-10-03 17:50:38,166 epoch=105 step=2800 loss_G=2.3518 loss_D_A=0.1127 loss_D_B=0.3065 cycle=0.1209 idt=0.0925 gnorm=17.610 dnorm=6.402 nan=0
2026-10-03 17:50:53,236 epoch=105 step=2900 loss_G=1.8386 loss_D_A=0.2370 loss_D_B=0.2547 cycle=0.1005 idt=0.1014 gnorm=26.915 dnorm=9.557 nan=0
2026-10-03 17:51:08,538 epoch=105 step=3000 loss_G=2.4014 loss_D_A=0.1318 loss_D_B=0.1778 cycle=0.1288 idt=0.1034 gnorm=31.004 dnorm=5.364 nan=0
2026-10-03 17:51:23,704 epoch=105 step=3100 loss_G=2.2808 loss_D_A=0.1749 loss_D_B=0.1375 cycle=0.1122 idt=0.0724 gnorm=25.973 dnorm=7.370 nan=0
2026-10-03 17:51:39,069 epoch=105 step=3200 loss_G=2.0405 loss_D_A=0.2249 loss_D_B=0.3651 cycle=0.0999 idt=0.0872 gnorm=20.523 dnorm=9.344 nan=0
2026-10-03 17:51:54,343 epoch=105 step=3300 loss_G=2.3591 loss_D_A=0.1466 loss_D_B=0.3761 cycle=0.1109 idt=0.0739 gnorm=21.944 dnorm=8.112 nan=0
2026-10-03 17:52:09,636 epoch=105 step=3400 loss_G=3.2344 loss_D_A=0.0264 loss_D_B=0.0979 cycle=0.1697 idt=0.0786 gnorm=41.049 dnorm=5.375 nan=0
2026-10-03 17:52:24,926 epoch=105 step=3500 loss_G=1.6748 loss_D_A=0.1242 loss_D_B=0.1471 cycle=0.0971 idt=0.0799 gnorm=20.568 dnorm=6.948 nan=0
2026-10-03 17:52:40,212 epoch=105 step=3600 loss_G=2.2507 loss_D_A=0.1816 loss_D_B=0.0848 cycle=0.1569 idt=0.0639 gnorm=36.199 dnorm=6.558 nan=0
2026-10-03 17:52:55,486 epoch=105 step=3700 loss_G=2.3872 loss_D_A=0.1407 loss_D_B=0.2796 cycle=0.1211 idt=0.0832 gnorm=37.935 dnorm=10.510 nan=0
2026-10-03 17:53:10,786 epoch=105 step=3800 loss_G=2.5090 loss_D_A=0.1615 loss_D_B=0.1231 cycle=0.1054 idt=0.1208 gnorm=26.679 dnorm=6.187 nan=0
2026-10-03 17:53:25,872 epoch=105 step=3900 loss_G=2.0792 loss_D_A=0.1467 loss_D_B=0.2389 cycle=0.1076 idt=0.1343 gnorm=27.521 dnorm=12.472 nan=0
2026-10-03 17:53:41,144 epoch=105 step=4000 loss_G=3.1366 loss_D_A=0.3504 loss_D_B=0.1387 cycle=0.1584 idt=0.0871 gnorm=30.743 dnorm=7.807 nan=0
2026-10-03 17:53:56,144 epoch=105 step=4100 loss_G=2.2434 loss_D_A=0.1702 loss_D_B=0.1833 cycle=0.1036 idt=0.0834 gnorm=25.472 dnorm=7.956 nan=0
2026-10-03 17:54:11,260 epoch=105 step=4200 loss_G=2.1215 loss_D_A=0.2467 loss_D_B=0.1492 cycle=0.1081 idt=0.0776 gnorm=32.889 dnorm=9.034 nan=0
2026-10-03 17:54:26,539 epoch=105 step=4300 loss_G=2.7515 loss_D_A=0.1321 loss_D_B=0.1570 cycle=0.1536 idt=0.1171 gnorm=34.317 dnorm=7.696 nan=0
2026-10-03 17:54:41,870 epoch=105 step=4400 loss_G=1.8636 loss_D_A=0.1955 loss_D_B=0.1340 cycle=0.0929 idt=0.0668 gnorm=21.782 dnorm=6.747 nan=0
2026-10-03 17:54:56,997 epoch=105 step=4500 loss_G=1.9704 loss_D_A=0.1440 loss_D_B=0.2702 cycle=0.0982 idt=0.0709 gnorm=13.937 dnorm=11.216 nan=0
2026-10-03 17:55:12,251 epoch=105 step=4600 loss_G=2.3593 loss_D_A=0.0769 loss_D_B=0.2616 cycle=0.1211 idt=0.0916 gnorm=18.940 dnorm=7.775 nan=0
2026-10-03 17:55:27,606 epoch=105 step=4700 loss_G=2.7887 loss_D_A=0.1018 loss_D_B=0.2312 cycle=0.1261 idt=0.1053 gnorm=33.270 dnorm=6.006 nan=0
2026-10-03 17:55:42,913 epoch=105 step=4800 loss_G=1.7633 loss_D_A=0.1365 loss_D_B=0.4150 cycle=0.0912 idt=0.0575 gnorm=19.573 dnorm=7.547 nan=0
2026-10-03 17:55:58,154 epoch=105 step=4900 loss_G=2.8665 loss_D_A=0.1563 loss_D_B=0.0920 cycle=0.1440 idt=0.1082 gnorm=27.642 dnorm=7.736 nan=0
2026-10-03 17:56:13,427 epoch=105 step=5000 loss_G=2.5180 loss_D_A=0.1443 loss_D_B=0.1453 cycle=0.1360 idt=0.0870 gnorm=31.598 dnorm=6.114 nan=0
2026-10-03 17:56:28,740 epoch=105 step=5100 loss_G=2.1955 loss_D_A=0.1547 loss_D_B=0.1526 cycle=0.1079 idt=0.0810 gnorm=16.620 dnorm=5.903 nan=0
2026-10-03 17:56:44,023 epoch=105 step=5200 loss_G=3.4104 loss_D_A=0.1943 loss_D_B=0.3105 cycle=0.1571 idt=0.1246 gnorm=39.030 dnorm=13.269 nan=0
2026-10-03 17:56:59,299 epoch=105 step=5300 loss_G=2.8994 loss_D_A=0.1223 loss_D_B=0.3261 cycle=0.1413 idt=0.1111 gnorm=34.590 dnorm=8.482 nan=0
2026-10-03 17:57:14,313 epoch=105 step=5400 loss_G=2.9845 loss_D_A=0.0699 loss_D_B=0.1647 cycle=0.1106 idt=0.1124 gnorm=33.254 dnorm=6.606 nan=0
2026-10-03 17:57:29,352 epoch=105 step=5500 loss_G=2.8188 loss_D_A=0.1848 loss_D_B=0.1134 cycle=0.1219 idt=0.1055 gnorm=26.608 dnorm=8.667 nan=0
2026-10-03 17:57:44,614 epoch=105 step=5600 loss_G=2.5506 loss_D_A=0.0391 loss_D_B=0.3258 cycle=0.0983 idt=0.0941 gnorm=19.862 dnorm=8.324 nan=0
2026-10-03 17:57:59,792 epoch=105 step=5700 loss_G=2.9021 loss_D_A=0.1662 loss_D_B=0.3855 cycle=0.1444 idt=0.0849 gnorm=42.168 dnorm=9.164 nan=0
2026-10-03 17:58:15,063 epoch=105 step=5800 loss_G=2.2451 loss_D_A=0.2354 loss_D_B=0.1427 cycle=0.1017 idt=0.0703 gnorm=18.235 dnorm=8.912 nan=0
2026-10-03 17:58:30,251 epoch=105 step=5900 loss_G=2.4865 loss_D_A=0.1351 loss_D_B=0.2051 cycle=0.1139 idt=0.1040 gnorm=24.681 dnorm=7.290 nan=0
2026-10-03 17:58:45,568 epoch=105 step=6000 loss_G=2.0970 loss_D_A=0.2513 loss_D_B=0.1652 cycle=0.0977 idt=0.1113 gnorm=16.721 dnorm=7.036 nan=0
2026-10-03 17:59:00,798 epoch=105 step=6100 loss_G=2.4151 loss_D_A=0.2400 loss_D_B=0.2590 cycle=0.1068 idt=0.0948 gnorm=25.941 dnorm=12.391 nan=0
2026-10-03 17:59:15,777 epoch=105 step=6200 loss_G=1.9995 loss_D_A=0.0845 loss_D_B=0.2989 cycle=0.1126 idt=0.0737 gnorm=14.174 dnorm=8.048 nan=0
2026-10-03 17:59:30,731 epoch=105 step=6300 loss_G=1.9785 loss_D_A=0.1592 loss_D_B=0.2670 cycle=0.1063 idt=0.0818 gnorm=14.001 dnorm=9.473 nan=0
2026-10-03 17:59:45,739 epoch=105 step=6400 loss_G=2.2313 loss_D_A=0.1923 loss_D_B=0.1251 cycle=0.1126 idt=0.1363 gnorm=19.538 dnorm=6.282 nan=0
2026-10-03 17:59:51,605 epoch_mean={'g': 2.539875998708838, 'd_a': 0.17563570608593507, 'd_b': 0.20789524160138048, 'cycle': 0.12287967773134126, 'identity': 0.09683003800372302, 'epoch': 105}
2026-10-03 17:59:52,220 epoch=106 step=1 loss_G=2.8342 loss_D_A=0.0956 loss_D_B=0.0998 cycle=0.1206 idt=0.0823 gnorm=25.036 dnorm=6.279 nan=0
2026-10-03 18:00:06,963 epoch=106 step=100 loss_G=2.1224 loss_D_A=0.1068 loss_D_B=0.1673 cycle=0.1478 idt=0.0779 gnorm=35.888 dnorm=6.980 nan=0
2026-10-03 18:00:22,053 epoch=106 step=200 loss_G=2.4080 loss_D_A=0.0620 loss_D_B=0.2031 cycle=0.1022 idt=0.0824 gnorm=21.191 dnorm=6.391 nan=0
2026-10-03 18:00:36,953 epoch=106 step=300 loss_G=2.4046 loss_D_A=0.2351 loss_D_B=0.2868 cycle=0.1062 idt=0.0842 gnorm=24.156 dnorm=9.065 nan=0
2026-10-03 18:00:52,269 epoch=106 step=400 loss_G=2.7492 loss_D_A=0.2427 loss_D_B=0.3480 cycle=0.1233 idt=0.1001 gnorm=27.105 dnorm=9.671 nan=0
2026-10-03 18:01:07,590 epoch=106 step=500 loss_G=3.3915 loss_D_A=0.2578 loss_D_B=0.1278 cycle=0.1852 idt=0.1391 gnorm=54.838 dnorm=10.229 nan=0
2026-10-03 18:01:22,815 epoch=106 step=600 loss_G=1.8061 loss_D_A=0.2433 loss_D_B=0.1939 cycle=0.0816 idt=0.0612 gnorm=26.197 dnorm=8.083 nan=0
2026-10-03 18:01:38,086 epoch=106 step=700 loss_G=2.3064 loss_D_A=0.1569 loss_D_B=0.2040 cycle=0.1109 idt=0.1179 gnorm=21.457 dnorm=7.045 nan=0
2026-10-03 18:01:52,915 epoch=106 step=800 loss_G=2.7982 loss_D_A=0.0251 loss_D_B=0.1095 cycle=0.1040 idt=0.0651 gnorm=26.954 dnorm=2.703 nan=0
2026-10-03 18:02:08,059 epoch=106 step=900 loss_G=3.6075 loss_D_A=0.0906 loss_D_B=0.2504 cycle=0.1565 idt=0.2048 gnorm=33.537 dnorm=8.184 nan=0
2026-10-03 18:02:23,002 epoch=106 step=1000 loss_G=1.8305 loss_D_A=0.2837 loss_D_B=0.1467 cycle=0.1150 idt=0.0726 gnorm=22.857 dnorm=10.945 nan=0
2026-10-03 18:02:38,331 epoch=106 step=1100 loss_G=1.9304 loss_D_A=0.1442 loss_D_B=0.1656 cycle=0.1074 idt=0.0606 gnorm=25.085 dnorm=6.016 nan=0
2026-10-03 18:02:53,639 epoch=106 step=1200 loss_G=2.6074 loss_D_A=0.0524 loss_D_B=0.2986 cycle=0.1106 idt=0.0865 gnorm=27.024 dnorm=7.239 nan=0
2026-10-03 18:03:08,835 epoch=106 step=1300 loss_G=2.0928 loss_D_A=0.2552 loss_D_B=0.2256 cycle=0.1261 idt=0.0803 gnorm=19.554 dnorm=6.493 nan=0
2026-10-03 18:03:23,891 epoch=106 step=1400 loss_G=2.0286 loss_D_A=0.2082 loss_D_B=0.1087 cycle=0.1013 idt=0.0949 gnorm=22.431 dnorm=6.105 nan=0
2026-10-03 18:03:39,006 epoch=106 step=1500 loss_G=2.6596 loss_D_A=0.3110 loss_D_B=0.1758 cycle=0.1030 idt=0.0823 gnorm=20.581 dnorm=10.772 nan=0
2026-10-03 18:03:54,261 epoch=106 step=1600 loss_G=2.4405 loss_D_A=0.0702 loss_D_B=0.2892 cycle=0.1153 idt=0.0936 gnorm=23.512 dnorm=9.006 nan=0
2026-10-03 18:04:09,559 epoch=106 step=1700 loss_G=2.2379 loss_D_A=0.2687 loss_D_B=0.3477 cycle=0.1111 idt=0.0944 gnorm=28.970 dnorm=9.997 nan=0
2026-10-03 18:04:24,900 epoch=106 step=1800 loss_G=3.3937 loss_D_A=0.0728 loss_D_B=0.1535 cycle=0.1434 idt=0.1009 gnorm=41.749 dnorm=4.571 nan=0
2026-10-03 18:04:40,153 epoch=106 step=1900 loss_G=2.7892 loss_D_A=0.2000 loss_D_B=0.1870 cycle=0.1501 idt=0.0994 gnorm=28.121 dnorm=9.715 nan=0
2026-10-03 18:04:55,279 epoch=106 step=2000 loss_G=2.7510 loss_D_A=0.1457 loss_D_B=0.1612 cycle=0.1163 idt=0.0760 gnorm=34.463 dnorm=8.130 nan=0
2026-10-03 18:05:10,439 epoch=106 step=2100 loss_G=1.9096 loss_D_A=0.3976 loss_D_B=0.2396 cycle=0.1104 idt=0.0759 gnorm=17.994 dnorm=8.070 nan=0
2026-10-03 18:05:25,611 epoch=106 step=2200 loss_G=2.9445 loss_D_A=0.1669 loss_D_B=0.1705 cycle=0.1815 idt=0.1091 gnorm=43.833 dnorm=6.120 nan=0
2026-10-03 18:05:40,871 epoch=106 step=2300 loss_G=2.2328 loss_D_A=0.1498 loss_D_B=0.1585 cycle=0.1082 idt=0.0684 gnorm=22.611 dnorm=7.595 nan=0
2026-10-03 18:05:56,212 epoch=106 step=2400 loss_G=2.8943 loss_D_A=0.2477 loss_D_B=0.1158 cycle=0.1420 idt=0.1202 gnorm=29.961 dnorm=7.622 nan=0
2026-10-03 18:06:11,487 epoch=106 step=2500 loss_G=2.6918 loss_D_A=0.1812 loss_D_B=0.3080 cycle=0.1460 idt=0.0851 gnorm=30.397 dnorm=7.397 nan=0
2026-10-03 18:06:26,732 epoch=106 step=2600 loss_G=2.3769 loss_D_A=0.1953 loss_D_B=0.2790 cycle=0.1077 idt=0.0868 gnorm=23.715 dnorm=7.722 nan=0
2026-10-03 18:06:42,068 epoch=106 step=2700 loss_G=2.3049 loss_D_A=0.1482 loss_D_B=0.1727 cycle=0.1266 idt=0.0508 gnorm=41.235 dnorm=6.555 nan=0
2026-10-03 18:06:57,361 epoch=106 step=2800 loss_G=2.2315 loss_D_A=0.2073 loss_D_B=0.2295 cycle=0.1172 idt=0.0762 gnorm=27.994 dnorm=6.596 nan=0
2026-10-03 18:07:12,582 epoch=106 step=2900 loss_G=2.1359 loss_D_A=0.3169 loss_D_B=0.1317 cycle=0.0920 idt=0.0721 gnorm=21.748 dnorm=8.704 nan=0
2026-10-03 18:07:27,915 epoch=106 step=3000 loss_G=2.0540 loss_D_A=0.2294 loss_D_B=0.2285 cycle=0.1225 idt=0.0969 gnorm=25.945 dnorm=7.966 nan=0
2026-10-03 18:07:43,127 epoch=106 step=3100 loss_G=1.7184 loss_D_A=0.0486 loss_D_B=0.2962 cycle=0.1117 idt=0.0639 gnorm=27.452 dnorm=6.533 nan=0
2026-10-03 18:07:58,111 epoch=106 step=3200 loss_G=2.5691 loss_D_A=0.2552 loss_D_B=0.1710 cycle=0.1254 idt=0.1332 gnorm=35.931 dnorm=8.312 nan=0
2026-10-03 18:08:13,437 epoch=106 step=3300 loss_G=2.1353 loss_D_A=0.1096 loss_D_B=0.1798 cycle=0.1147 idt=0.0849 gnorm=25.925 dnorm=7.480 nan=0
2026-10-03 18:08:28,471 epoch=106 step=3400 loss_G=2.2151 loss_D_A=0.1376 loss_D_B=0.1168 cycle=0.1023 idt=0.0839 gnorm=19.122 dnorm=5.968 nan=0
2026-10-03 18:08:43,765 epoch=106 step=3500 loss_G=2.0243 loss_D_A=0.1069 loss_D_B=0.3809 cycle=0.1231 idt=0.0750 gnorm=24.574 dnorm=8.499 nan=0
2026-10-03 18:08:59,103 epoch=106 step=3600 loss_G=2.8066 loss_D_A=0.2483 loss_D_B=0.0794 cycle=0.1082 idt=0.0845 gnorm=19.049 dnorm=10.707 nan=0
2026-10-03 18:09:14,437 epoch=106 step=3700 loss_G=2.8470 loss_D_A=0.2967 loss_D_B=0.3498 cycle=0.1406 idt=0.1092 gnorm=29.456 dnorm=8.743 nan=0
2026-10-03 18:09:29,673 epoch=106 step=3800 loss_G=2.3225 loss_D_A=0.1266 loss_D_B=0.1714 cycle=0.0785 idt=0.0593 gnorm=15.963 dnorm=9.133 nan=0
2026-10-03 18:09:44,976 epoch=106 step=3900 loss_G=2.0207 loss_D_A=0.0544 loss_D_B=0.3041 cycle=0.1091 idt=0.0688 gnorm=19.994 dnorm=5.050 nan=0
2026-10-03 18:10:00,281 epoch=106 step=4000 loss_G=2.5026 loss_D_A=0.1223 loss_D_B=0.3030 cycle=0.1199 idt=0.0760 gnorm=23.619 dnorm=10.138 nan=0
2026-10-03 18:10:15,559 epoch=106 step=4100 loss_G=4.3285 loss_D_A=0.2259 loss_D_B=0.1891 cycle=0.2332 idt=0.1907 gnorm=34.901 dnorm=10.296 nan=0
2026-10-03 18:10:30,884 epoch=106 step=4200 loss_G=2.7197 loss_D_A=0.1369 loss_D_B=0.2608 cycle=0.1553 idt=0.1366 gnorm=28.794 dnorm=11.285 nan=0
2026-10-03 18:10:46,191 epoch=106 step=4300 loss_G=2.4413 loss_D_A=0.0909 loss_D_B=0.3018 cycle=0.1086 idt=0.0686 gnorm=41.847 dnorm=7.499 nan=0
2026-10-03 18:11:01,450 epoch=106 step=4400 loss_G=2.3790 loss_D_A=0.2981 loss_D_B=0.0296 cycle=0.1214 idt=0.0996 gnorm=26.774 dnorm=11.273 nan=0
2026-10-03 18:11:16,790 epoch=106 step=4500 loss_G=2.2428 loss_D_A=0.0939 loss_D_B=0.0960 cycle=0.0927 idt=0.0808 gnorm=16.696 dnorm=5.056 nan=0
2026-10-03 18:11:32,025 epoch=106 step=4600 loss_G=2.8357 loss_D_A=0.1263 loss_D_B=0.1008 cycle=0.1441 idt=0.1499 gnorm=23.415 dnorm=5.934 nan=0
2026-10-03 18:11:47,129 epoch=106 step=4700 loss_G=1.7182 loss_D_A=0.1957 loss_D_B=0.3259 cycle=0.1009 idt=0.0840 gnorm=13.834 dnorm=8.418 nan=0
2026-10-03 18:12:02,427 epoch=106 step=4800 loss_G=2.3390 loss_D_A=0.1338 loss_D_B=0.3659 cycle=0.1050 idt=0.0932 gnorm=28.442 dnorm=5.473 nan=0
2026-10-03 18:12:17,781 epoch=106 step=4900 loss_G=2.0870 loss_D_A=0.2522 loss_D_B=0.2856 cycle=0.0995 idt=0.0642 gnorm=20.810 dnorm=10.746 nan=0
2026-10-03 18:12:33,020 epoch=106 step=5000 loss_G=2.4294 loss_D_A=0.0774 loss_D_B=0.1547 cycle=0.1334 idt=0.0906 gnorm=24.531 dnorm=4.780 nan=0
2026-10-03 18:12:47,848 epoch=106 step=5100 loss_G=2.9234 loss_D_A=0.2492 loss_D_B=0.2247 cycle=0.1050 idt=0.1091 gnorm=24.709 dnorm=9.456 nan=0
2026-10-03 18:13:02,986 epoch=106 step=5200 loss_G=2.6629 loss_D_A=0.1312 loss_D_B=0.2932 cycle=0.1207 idt=0.0838 gnorm=26.383 dnorm=6.867 nan=0
2026-10-03 18:13:18,279 epoch=106 step=5300 loss_G=2.2057 loss_D_A=0.1602 loss_D_B=0.3604 cycle=0.1015 idt=0.0523 gnorm=22.662 dnorm=14.645 nan=0
2026-10-03 18:13:33,543 epoch=106 step=5400 loss_G=2.1100 loss_D_A=0.2916 loss_D_B=0.3007 cycle=0.1016 idt=0.0783 gnorm=33.244 dnorm=11.398 nan=0
2026-10-03 18:13:48,889 epoch=106 step=5500 loss_G=1.6193 loss_D_A=0.4756 loss_D_B=0.2606 cycle=0.0829 idt=0.0681 gnorm=12.536 dnorm=12.558 nan=0
2026-10-03 18:14:03,925 epoch=106 step=5600 loss_G=2.5035 loss_D_A=0.1584 loss_D_B=0.0892 cycle=0.1248 idt=0.0860 gnorm=27.288 dnorm=7.144 nan=0
2026-10-03 18:14:19,278 epoch=106 step=5700 loss_G=2.8705 loss_D_A=0.0798 loss_D_B=0.1357 cycle=0.1457 idt=0.0914 gnorm=32.194 dnorm=5.472 nan=0
2026-10-03 18:14:34,657 epoch=106 step=5800 loss_G=2.1434 loss_D_A=0.1843 loss_D_B=0.2015 cycle=0.1070 idt=0.1117 gnorm=32.905 dnorm=6.495 nan=0
2026-10-03 18:14:49,939 epoch=106 step=5900 loss_G=2.2622 loss_D_A=0.1939 loss_D_B=0.1316 cycle=0.1278 idt=0.0715 gnorm=21.711 dnorm=4.892 nan=0
2026-10-03 18:15:05,260 epoch=106 step=6000 loss_G=2.2051 loss_D_A=0.2607 loss_D_B=0.2045 cycle=0.1266 idt=0.0869 gnorm=31.350 dnorm=10.055 nan=0
2026-10-03 18:15:20,452 epoch=106 step=6100 loss_G=2.1868 loss_D_A=0.2502 loss_D_B=0.4651 cycle=0.1076 idt=0.0848 gnorm=21.579 dnorm=11.846 nan=0
2026-10-03 18:15:35,703 epoch=106 step=6200 loss_G=2.1396 loss_D_A=0.3844 loss_D_B=0.2041 cycle=0.1152 idt=0.1004 gnorm=20.717 dnorm=12.137 nan=0
2026-10-03 18:15:51,031 epoch=106 step=6300 loss_G=2.2937 loss_D_A=0.2123 loss_D_B=0.1212 cycle=0.1265 idt=0.1089 gnorm=30.781 dnorm=6.821 nan=0
2026-10-03 18:16:06,404 epoch=106 step=6400 loss_G=2.7019 loss_D_A=0.1198 loss_D_B=0.2456 cycle=0.1269 idt=0.1156 gnorm=31.018 dnorm=9.529 nan=0
2026-10-03 18:16:12,172 epoch_mean={'g': 2.5420901774619447, 'd_a': 0.17447728953697772, 'd_b': 0.20435599889693035, 'cycle': 0.12186656808512446, 'identity': 0.09713408561106904, 'epoch': 106}
2026-10-03 18:16:12,772 epoch=107 step=1 loss_G=2.3553 loss_D_A=0.1020 loss_D_B=0.3008 cycle=0.1188 idt=0.1047 gnorm=29.647 dnorm=6.904 nan=0
2026-10-03 18:16:27,972 epoch=107 step=100 loss_G=2.7710 loss_D_A=0.1598 loss_D_B=0.2094 cycle=0.1129 idt=0.0909 gnorm=27.155 dnorm=7.700 nan=0
2026-10-03 18:16:42,841 epoch=107 step=200 loss_G=3.2407 loss_D_A=0.1981 loss_D_B=0.1885 cycle=0.1558 idt=0.1148 gnorm=26.680 dnorm=9.533 nan=0
2026-10-03 18:16:57,669 epoch=107 step=300 loss_G=2.0550 loss_D_A=0.2921 loss_D_B=0.1689 cycle=0.0847 idt=0.0636 gnorm=22.107 dnorm=8.803 nan=0
2026-10-03 18:17:13,068 epoch=107 step=400 loss_G=3.2855 loss_D_A=0.0580 loss_D_B=0.1638 cycle=0.1668 idt=0.0800 gnorm=29.156 dnorm=4.818 nan=0
2026-10-03 18:17:28,393 epoch=107 step=500 loss_G=3.2918 loss_D_A=0.1387 loss_D_B=0.1757 cycle=0.1730 idt=0.1178 gnorm=43.272 dnorm=7.007 nan=0
2026-10-03 18:17:43,626 epoch=107 step=600 loss_G=2.6475 loss_D_A=0.1720 loss_D_B=0.1006 cycle=0.1151 idt=0.1357 gnorm=23.931 dnorm=7.279 nan=0
2026-10-03 18:17:59,009 epoch=107 step=700 loss_G=2.6172 loss_D_A=0.3579 loss_D_B=0.1217 cycle=0.1519 idt=0.0934 gnorm=33.352 dnorm=8.130 nan=0
2026-10-03 18:18:14,089 epoch=107 step=800 loss_G=2.2882 loss_D_A=0.1916 loss_D_B=0.0852 cycle=0.1112 idt=0.0871 gnorm=24.129 dnorm=7.783 nan=0
2026-10-03 18:18:29,536 epoch=107 step=900 loss_G=2.7724 loss_D_A=0.1105 loss_D_B=0.1686 cycle=0.1059 idt=0.0835 gnorm=21.778 dnorm=8.220 nan=0
2026-10-03 18:18:44,849 epoch=107 step=1000 loss_G=2.0324 loss_D_A=0.1163 loss_D_B=0.0878 cycle=0.0972 idt=0.0701 gnorm=17.698 dnorm=5.991 nan=0
2026-10-03 18:19:00,227 epoch=107 step=1100 loss_G=2.2706 loss_D_A=0.3051 loss_D_B=0.4310 cycle=0.1165 idt=0.0868 gnorm=31.922 dnorm=8.072 nan=0
2026-10-03 18:19:15,733 epoch=107 step=1200 loss_G=2.5623 loss_D_A=0.1304 loss_D_B=0.2216 cycle=0.1248 idt=0.0729 gnorm=22.646 dnorm=6.070 nan=0
2026-10-03 18:19:31,195 epoch=107 step=1300 loss_G=2.8932 loss_D_A=0.0772 loss_D_B=0.1746 cycle=0.1150 idt=0.0857 gnorm=28.141 dnorm=5.556 nan=0
2026-10-03 18:19:46,496 epoch=107 step=1400 loss_G=2.0126 loss_D_A=0.2457 loss_D_B=0.1944 cycle=0.1060 idt=0.0705 gnorm=26.301 dnorm=8.482 nan=0
2026-10-03 18:20:01,816 epoch=107 step=1500 loss_G=2.3975 loss_D_A=0.3088 loss_D_B=0.4909 cycle=0.0973 idt=0.0727 gnorm=24.961 dnorm=18.696 nan=0
2026-10-03 18:20:16,896 epoch=107 step=1600 loss_G=1.9443 loss_D_A=0.2423 loss_D_B=0.3468 cycle=0.0818 idt=0.0864 gnorm=20.574 dnorm=7.650 nan=0
2026-10-03 18:20:31,566 epoch=107 step=1700 loss_G=2.3981 loss_D_A=0.3167 loss_D_B=0.2965 cycle=0.0986 idt=0.0798 gnorm=24.043 dnorm=8.336 nan=0
2026-10-03 18:20:46,837 epoch=107 step=1800 loss_G=1.8140 loss_D_A=0.0418 loss_D_B=0.2086 cycle=0.1086 idt=0.0771 gnorm=24.990 dnorm=6.040 nan=0
2026-10-03 18:21:02,245 epoch=107 step=1900 loss_G=2.0325 loss_D_A=0.0915 loss_D_B=0.2527 cycle=0.0838 idt=0.0828 gnorm=21.769 dnorm=6.527 nan=0
2026-10-03 18:21:17,595 epoch=107 step=2000 loss_G=2.5120 loss_D_A=0.1560 loss_D_B=0.1261 cycle=0.1121 idt=0.0882 gnorm=24.092 dnorm=6.288 nan=0
2026-10-03 18:21:32,924 epoch=107 step=2100 loss_G=2.3033 loss_D_A=0.0633 loss_D_B=0.1736 cycle=0.1024 idt=0.0778 gnorm=23.973 dnorm=5.090 nan=0
2026-10-03 18:21:47,866 epoch=107 step=2200 loss_G=2.3372 loss_D_A=0.1990 loss_D_B=0.1410 cycle=0.1082 idt=0.0826 gnorm=22.576 dnorm=6.325 nan=0
2026-10-03 18:22:03,055 epoch=107 step=2300 loss_G=1.9549 loss_D_A=0.1407 loss_D_B=0.2491 cycle=0.1068 idt=0.0782 gnorm=21.986 dnorm=6.683 nan=0
2026-10-03 18:22:18,249 epoch=107 step=2400 loss_G=1.7320 loss_D_A=0.5373 loss_D_B=0.1822 cycle=0.0971 idt=0.0627 gnorm=26.632 dnorm=15.754 nan=0
2026-10-03 18:22:33,593 epoch=107 step=2500 loss_G=3.7208 loss_D_A=0.2628 loss_D_B=0.3309 cycle=0.2180 idt=0.2281 gnorm=34.785 dnorm=9.354 nan=0
2026-10-03 18:22:49,027 epoch=107 step=2600 loss_G=3.1419 loss_D_A=0.1046 loss_D_B=0.2727 cycle=0.1355 idt=0.0854 gnorm=29.566 dnorm=9.043 nan=0
2026-10-03 18:23:04,339 epoch=107 step=2700 loss_G=2.8991 loss_D_A=0.2064 loss_D_B=0.3062 cycle=0.1347 idt=0.0945 gnorm=46.150 dnorm=8.770 nan=0
2026-10-03 18:23:19,691 epoch=107 step=2800 loss_G=2.0657 loss_D_A=0.0894 loss_D_B=0.1277 cycle=0.0937 idt=0.0774 gnorm=24.030 dnorm=6.890 nan=0
2026-10-03 18:23:35,127 epoch=107 step=2900 loss_G=2.6974 loss_D_A=0.2833 loss_D_B=0.1757 cycle=0.1350 idt=0.1122 gnorm=25.098 dnorm=6.977 nan=0
2026-10-03 18:23:50,469 epoch=107 step=3000 loss_G=2.2208 loss_D_A=0.1739 loss_D_B=0.2013 cycle=0.1029 idt=0.0826 gnorm=18.814 dnorm=8.096 nan=0
2026-10-03 18:24:05,838 epoch=107 step=3100 loss_G=2.5146 loss_D_A=0.1153 loss_D_B=0.1813 cycle=0.1184 idt=0.0626 gnorm=26.944 dnorm=5.892 nan=0
2026-10-03 18:24:21,248 epoch=107 step=3200 loss_G=2.6005 loss_D_A=0.2418 loss_D_B=0.1545 cycle=0.1128 idt=0.0824 gnorm=24.061 dnorm=9.410 nan=0
2026-10-03 18:24:36,603 epoch=107 step=3300 loss_G=1.9875 loss_D_A=0.1672 loss_D_B=0.5203 cycle=0.0882 idt=0.0565 gnorm=15.507 dnorm=11.570 nan=0
2026-10-03 18:24:51,878 epoch=107 step=3400 loss_G=2.6558 loss_D_A=0.0961 loss_D_B=0.3232 cycle=0.1062 idt=0.1393 gnorm=35.579 dnorm=5.755 nan=0
2026-10-03 18:25:07,268 epoch=107 step=3500 loss_G=2.7506 loss_D_A=0.1520 loss_D_B=0.1952 cycle=0.1178 idt=0.0772 gnorm=26.565 dnorm=8.144 nan=0
2026-10-03 18:25:22,619 epoch=107 step=3600 loss_G=2.1862 loss_D_A=0.1859 loss_D_B=0.3973 cycle=0.1028 idt=0.0780 gnorm=20.551 dnorm=8.730 nan=0
2026-10-03 18:25:37,759 epoch=107 step=3700 loss_G=1.9914 loss_D_A=0.0861 loss_D_B=0.0586 cycle=0.0915 idt=0.0606 gnorm=23.410 dnorm=4.464 nan=0
2026-10-03 18:25:52,825 epoch=107 step=3800 loss_G=2.7975 loss_D_A=0.2234 loss_D_B=0.1310 cycle=0.1036 idt=0.0769 gnorm=20.741 dnorm=6.464 nan=0
2026-10-03 18:26:08,158 epoch=107 step=3900 loss_G=2.0653 loss_D_A=0.0812 loss_D_B=0.1264 cycle=0.0897 idt=0.0698 gnorm=18.555 dnorm=5.260 nan=0
2026-10-03 18:26:23,441 epoch=107 step=4000 loss_G=1.7935 loss_D_A=0.2416 loss_D_B=0.2820 cycle=0.1020 idt=0.0755 gnorm=20.402 dnorm=12.227 nan=0
2026-10-03 18:26:38,770 epoch=107 step=4100 loss_G=3.5430 loss_D_A=0.0264 loss_D_B=0.2853 cycle=0.1837 idt=0.1523 gnorm=37.930 dnorm=7.199 nan=0
2026-10-03 18:26:54,102 epoch=107 step=4200 loss_G=3.3477 loss_D_A=0.1746 loss_D_B=0.2162 cycle=0.1445 idt=0.0883 gnorm=27.366 dnorm=8.615 nan=0
2026-10-03 18:27:09,244 epoch=107 step=4300 loss_G=1.9545 loss_D_A=0.1037 loss_D_B=0.4702 cycle=0.0841 idt=0.0573 gnorm=19.055 dnorm=8.867 nan=0
2026-10-03 18:27:24,632 epoch=107 step=4400 loss_G=2.4529 loss_D_A=0.2635 loss_D_B=0.2101 cycle=0.1520 idt=0.1044 gnorm=34.864 dnorm=10.258 nan=0
2026-10-03 18:27:39,971 epoch=107 step=4500 loss_G=2.5994 loss_D_A=0.0452 loss_D_B=0.1460 cycle=0.1615 idt=0.1100 gnorm=41.711 dnorm=4.166 nan=0
2026-10-03 18:27:55,289 epoch=107 step=4600 loss_G=2.4090 loss_D_A=0.1262 loss_D_B=0.1557 cycle=0.0835 idt=0.0613 gnorm=24.776 dnorm=6.652 nan=0
2026-10-03 18:28:10,493 epoch=107 step=4700 loss_G=2.0248 loss_D_A=0.2588 loss_D_B=0.2972 cycle=0.0929 idt=0.0551 gnorm=19.526 dnorm=9.275 nan=0
2026-10-03 18:28:25,805 epoch=107 step=4800 loss_G=1.7290 loss_D_A=0.1580 loss_D_B=0.1489 cycle=0.0846 idt=0.0483 gnorm=21.811 dnorm=6.791 nan=0
2026-10-03 18:28:41,199 epoch=107 step=4900 loss_G=1.9762 loss_D_A=0.1571 loss_D_B=0.1547 cycle=0.1106 idt=0.0969 gnorm=19.678 dnorm=7.291 nan=0
2026-10-03 18:28:56,564 epoch=107 step=5000 loss_G=2.2124 loss_D_A=0.1582 loss_D_B=0.2214 cycle=0.0819 idt=0.0581 gnorm=27.365 dnorm=7.397 nan=0
2026-10-03 18:29:11,958 epoch=107 step=5100 loss_G=1.6920 loss_D_A=0.1413 loss_D_B=0.2007 cycle=0.0901 idt=0.0831 gnorm=18.364 dnorm=9.644 nan=0
2026-10-03 18:29:27,339 epoch=107 step=5200 loss_G=2.4785 loss_D_A=0.0589 loss_D_B=0.1132 cycle=0.1232 idt=0.0953 gnorm=19.815 dnorm=4.840 nan=0
2026-10-03 18:29:42,660 epoch=107 step=5300 loss_G=2.4967 loss_D_A=0.1590 loss_D_B=0.0708 cycle=0.1076 idt=0.0901 gnorm=21.130 dnorm=7.062 nan=0
2026-10-03 18:29:58,032 epoch=107 step=5400 loss_G=2.3213 loss_D_A=0.3150 loss_D_B=0.2025 cycle=0.1238 idt=0.0823 gnorm=27.850 dnorm=9.084 nan=0
2026-10-03 18:30:13,448 epoch=107 step=5500 loss_G=3.4237 loss_D_A=0.1492 loss_D_B=0.0754 cycle=0.1040 idt=0.0817 gnorm=24.468 dnorm=8.325 nan=0
2026-10-03 18:30:28,748 epoch=107 step=5600 loss_G=1.9151 loss_D_A=0.1779 loss_D_B=0.1883 cycle=0.0992 idt=0.0667 gnorm=24.840 dnorm=6.693 nan=0
2026-10-03 18:30:44,119 epoch=107 step=5700 loss_G=2.1122 loss_D_A=0.2080 loss_D_B=0.1624 cycle=0.0876 idt=0.0614 gnorm=18.260 dnorm=6.828 nan=0
2026-10-03 18:30:59,424 epoch=107 step=5800 loss_G=2.3804 loss_D_A=0.0915 loss_D_B=0.2584 cycle=0.0965 idt=0.0837 gnorm=26.575 dnorm=8.779 nan=0
2026-10-03 18:31:14,724 epoch=107 step=5900 loss_G=1.8726 loss_D_A=0.3752 loss_D_B=0.2880 cycle=0.1081 idt=0.0627 gnorm=23.359 dnorm=10.893 nan=0
2026-10-03 18:31:30,116 epoch=107 step=6000 loss_G=2.3639 loss_D_A=0.0931 loss_D_B=0.2040 cycle=0.1154 idt=0.1104 gnorm=26.350 dnorm=8.199 nan=0
2026-10-03 18:31:45,523 epoch=107 step=6100 loss_G=2.4658 loss_D_A=0.0960 loss_D_B=0.1805 cycle=0.1283 idt=0.0956 gnorm=35.339 dnorm=5.367 nan=0
2026-10-03 18:32:00,554 epoch=107 step=6200 loss_G=1.9934 loss_D_A=0.0904 loss_D_B=0.1825 cycle=0.0855 idt=0.0522 gnorm=23.796 dnorm=5.938 nan=0
2026-10-03 18:32:15,389 epoch=107 step=6300 loss_G=2.9074 loss_D_A=0.1485 loss_D_B=0.0978 cycle=0.1234 idt=0.0893 gnorm=24.264 dnorm=8.761 nan=0
2026-10-03 18:32:30,675 epoch=107 step=6400 loss_G=2.7898 loss_D_A=0.2608 loss_D_B=0.2282 cycle=0.1409 idt=0.1017 gnorm=18.189 dnorm=10.167 nan=0
2026-10-03 18:32:36,530 epoch_mean={'g': 2.4924015307063527, 'd_a': 0.17985941853424006, 'd_b': 0.20521052900624223, 'cycle': 0.11950919657029066, 'identity': 0.0937379787856283, 'epoch': 107}
2026-10-03 18:32:37,123 epoch=108 step=1 loss_G=2.3667 loss_D_A=0.1916 loss_D_B=0.2542 cycle=0.1555 idt=0.0968 gnorm=41.108 dnorm=7.054 nan=0
2026-10-03 18:32:52,259 epoch=108 step=100 loss_G=3.1228 loss_D_A=0.1622 loss_D_B=0.1693 cycle=0.1524 idt=0.1146 gnorm=41.754 dnorm=7.116 nan=0
2026-10-03 18:33:07,568 epoch=108 step=200 loss_G=2.4108 loss_D_A=0.1587 loss_D_B=0.3107 cycle=0.1109 idt=0.0694 gnorm=25.042 dnorm=8.796 nan=0
2026-10-03 18:33:22,973 epoch=108 step=300 loss_G=2.1786 loss_D_A=0.1780 loss_D_B=0.3496 cycle=0.0750 idt=0.0617 gnorm=13.250 dnorm=14.094 nan=0
2026-10-03 18:33:37,854 epoch=108 step=400 loss_G=3.9454 loss_D_A=0.3044 loss_D_B=0.3614 cycle=0.2285 idt=0.2447 gnorm=38.870 dnorm=9.513 nan=0
2026-10-03 18:33:53,134 epoch=108 step=500 loss_G=1.9093 loss_D_A=0.2843 loss_D_B=0.3850 cycle=0.0936 idt=0.0602 gnorm=18.800 dnorm=10.526 nan=0
2026-10-03 18:34:08,340 epoch=108 step=600 loss_G=2.9053 loss_D_A=0.2947 loss_D_B=0.3261 cycle=0.1501 idt=0.1652 gnorm=29.222 dnorm=8.052 nan=0
2026-10-03 18:34:23,431 epoch=108 step=700 loss_G=1.5180 loss_D_A=0.3288 loss_D_B=0.3929 cycle=0.0983 idt=0.0683 gnorm=21.401 dnorm=8.203 nan=0
2026-10-03 18:34:38,538 epoch=108 step=800 loss_G=2.1743 loss_D_A=0.1101 loss_D_B=0.2134 cycle=0.1158 idt=0.0993 gnorm=39.925 dnorm=5.020 nan=0
2026-10-03 18:34:53,949 epoch=108 step=900 loss_G=2.9061 loss_D_A=0.1409 loss_D_B=0.3540 cycle=0.0766 idt=0.2139 gnorm=16.122 dnorm=8.023 nan=0
2026-10-03 18:35:09,120 epoch=108 step=1000 loss_G=2.1640 loss_D_A=0.0884 loss_D_B=0.1799 cycle=0.0825 idt=0.0769 gnorm=19.135 dnorm=4.927 nan=0
2026-10-03 18:35:23,937 epoch=108 step=1100 loss_G=2.2515 loss_D_A=0.0965 loss_D_B=0.1953 cycle=0.1127 idt=0.0812 gnorm=18.540 dnorm=5.539 nan=0
2026-10-03 18:35:39,050 epoch=108 step=1200 loss_G=2.3896 loss_D_A=0.1983 loss_D_B=0.1077 cycle=0.1368 idt=0.0969 gnorm=32.171 dnorm=7.309 nan=0
2026-10-03 18:35:54,399 epoch=108 step=1300 loss_G=2.4825 loss_D_A=0.2891 loss_D_B=0.2106 cycle=0.1116 idt=0.1068 gnorm=29.105 dnorm=8.474 nan=0
2026-10-03 18:36:09,334 epoch=108 step=1400 loss_G=2.2536 loss_D_A=0.1861 loss_D_B=0.0568 cycle=0.1185 idt=0.0675 gnorm=35.857 dnorm=5.311 nan=0
2026-10-03 18:36:24,398 epoch=108 step=1500 loss_G=1.9355 loss_D_A=0.0937 loss_D_B=0.2309 cycle=0.0784 idt=0.0708 gnorm=21.938 dnorm=8.287 nan=0
2026-10-03 18:36:39,599 epoch=108 step=1600 loss_G=1.9496 loss_D_A=0.2454 loss_D_B=0.3558 cycle=0.1241 idt=0.0789 gnorm=29.733 dnorm=8.741 nan=0
2026-10-03 18:36:54,858 epoch=108 step=1700 loss_G=3.2105 loss_D_A=0.3274 loss_D_B=0.1360 cycle=0.2442 idt=0.0607 gnorm=31.978 dnorm=9.734 nan=0
2026-10-03 18:37:10,092 epoch=108 step=1800 loss_G=2.1198 loss_D_A=0.2040 loss_D_B=0.1313 cycle=0.0872 idt=0.0589 gnorm=16.559 dnorm=7.052 nan=0
2026-10-03 18:37:25,350 epoch=108 step=1900 loss_G=2.7164 loss_D_A=0.1010 loss_D_B=0.2693 cycle=0.1439 idt=0.0627 gnorm=30.550 dnorm=9.011 nan=0
2026-10-03 18:37:40,794 epoch=108 step=2000 loss_G=3.9689 loss_D_A=0.2316 loss_D_B=0.1518 cycle=0.1669 idt=0.1599 gnorm=40.627 dnorm=11.512 nan=0
2026-10-03 18:37:55,882 epoch=108 step=2100 loss_G=3.3080 loss_D_A=0.1023 loss_D_B=0.1276 cycle=0.1574 idt=0.1323 gnorm=44.203 dnorm=6.390 nan=0
2026-10-03 18:38:11,189 epoch=108 step=2200 loss_G=2.1052 loss_D_A=0.1830 loss_D_B=0.1266 cycle=0.1149 idt=0.0869 gnorm=25.324 dnorm=7.936 nan=0
2026-10-03 18:38:26,589 epoch=108 step=2300 loss_G=2.9345 loss_D_A=0.0397 loss_D_B=0.1844 cycle=0.1616 idt=0.0872 gnorm=35.498 dnorm=7.260 nan=0
2026-10-03 18:38:41,956 epoch=108 step=2400 loss_G=2.2502 loss_D_A=0.2457 loss_D_B=0.1269 cycle=0.0944 idt=0.0937 gnorm=25.487 dnorm=10.819 nan=0
2026-10-03 18:38:57,321 epoch=108 step=2500 loss_G=2.8105 loss_D_A=0.0633 loss_D_B=0.0682 cycle=0.1140 idt=0.0896 gnorm=23.188 dnorm=4.932 nan=0
2026-10-03 18:39:12,687 epoch=108 step=2600 loss_G=1.9416 loss_D_A=0.0851 loss_D_B=0.1407 cycle=0.0848 idt=0.0693 gnorm=16.792 dnorm=5.598 nan=0
2026-10-03 18:39:28,031 epoch=108 step=2700 loss_G=2.3085 loss_D_A=0.3034 loss_D_B=0.3611 cycle=0.1155 idt=0.0896 gnorm=22.177 dnorm=11.338 nan=0
2026-10-03 18:39:43,348 epoch=108 step=2800 loss_G=2.1057 loss_D_A=0.1417 loss_D_B=0.1359 cycle=0.0782 idt=0.0619 gnorm=14.834 dnorm=9.139 nan=0
2026-10-03 18:39:58,700 epoch=108 step=2900 loss_G=2.3460 loss_D_A=0.2028 loss_D_B=0.1199 cycle=0.0964 idt=0.0886 gnorm=18.809 dnorm=7.443 nan=0
2026-10-03 18:40:14,086 epoch=108 step=3000 loss_G=1.5470 loss_D_A=0.1768 loss_D_B=0.0314 cycle=0.0682 idt=0.0698 gnorm=19.430 dnorm=4.477 nan=0
2026-10-03 18:40:29,504 epoch=108 step=3100 loss_G=2.0225 loss_D_A=0.1206 loss_D_B=0.1227 cycle=0.0839 idt=0.0825 gnorm=18.785 dnorm=5.990 nan=0
2026-10-03 18:40:44,865 epoch=108 step=3200 loss_G=2.0819 loss_D_A=0.1918 loss_D_B=0.1404 cycle=0.0845 idt=0.0642 gnorm=22.986 dnorm=6.756 nan=0
2026-10-03 18:41:00,167 epoch=108 step=3300 loss_G=2.6851 loss_D_A=0.1998 loss_D_B=0.0943 cycle=0.1302 idt=0.0863 gnorm=23.917 dnorm=5.204 nan=0
2026-10-03 18:41:15,529 epoch=108 step=3400 loss_G=2.5108 loss_D_A=0.1847 loss_D_B=0.1975 cycle=0.1075 idt=0.0741 gnorm=18.933 dnorm=6.016 nan=0
2026-10-03 18:41:30,966 epoch=108 step=3500 loss_G=4.5286 loss_D_A=0.2531 loss_D_B=0.3741 cycle=0.2252 idt=0.2351 gnorm=76.304 dnorm=7.677 nan=0
2026-10-03 18:41:46,118 epoch=108 step=3600 loss_G=2.4137 loss_D_A=0.1883 loss_D_B=0.1479 cycle=0.1181 idt=0.1224 gnorm=23.779 dnorm=7.848 nan=0
2026-10-03 18:42:01,400 epoch=108 step=3700 loss_G=2.8320 loss_D_A=0.1793 loss_D_B=0.1789 cycle=0.1505 idt=0.0618 gnorm=31.144 dnorm=10.087 nan=0
2026-10-03 18:42:16,534 epoch=108 step=3800 loss_G=1.6303 loss_D_A=0.2016 loss_D_B=0.4104 cycle=0.0829 idt=0.0691 gnorm=22.049 dnorm=7.482 nan=0
2026-10-03 18:42:31,338 epoch=108 step=3900 loss_G=2.9039 loss_D_A=0.2281 loss_D_B=0.2788 cycle=0.2055 idt=0.1205 gnorm=39.153 dnorm=12.579 nan=0
2026-10-03 18:42:46,649 epoch=108 step=4000 loss_G=3.0866 loss_D_A=0.1473 loss_D_B=0.1135 cycle=0.1626 idt=0.1611 gnorm=26.711 dnorm=6.625 nan=0
2026-10-03 18:43:01,842 epoch=108 step=4100 loss_G=2.7623 loss_D_A=0.0555 loss_D_B=0.1570 cycle=0.1555 idt=0.0827 gnorm=27.481 dnorm=5.284 nan=0
2026-10-03 18:43:17,189 epoch=108 step=4200 loss_G=2.5068 loss_D_A=0.2355 loss_D_B=0.2263 cycle=0.1133 idt=0.1010 gnorm=26.424 dnorm=11.197 nan=0
2026-10-03 18:43:32,565 epoch=108 step=4300 loss_G=2.3468 loss_D_A=0.1675 loss_D_B=0.1114 cycle=0.1426 idt=0.0692 gnorm=20.421 dnorm=6.041 nan=0
2026-10-03 18:43:47,920 epoch=108 step=4400 loss_G=2.2123 loss_D_A=0.0685 loss_D_B=0.1309 cycle=0.0944 idt=0.0862 gnorm=25.556 dnorm=4.849 nan=0
2026-10-03 18:44:03,273 epoch=108 step=4500 loss_G=2.0592 loss_D_A=0.2048 loss_D_B=0.2945 cycle=0.1012 idt=0.0718 gnorm=12.720 dnorm=6.963 nan=0
2026-10-03 18:44:18,720 epoch=108 step=4600 loss_G=1.5524 loss_D_A=0.0996 loss_D_B=0.0822 cycle=0.0789 idt=0.0707 gnorm=17.428 dnorm=5.044 nan=0
2026-10-03 18:44:34,042 epoch=108 step=4700 loss_G=1.7336 loss_D_A=0.2598 loss_D_B=0.1183 cycle=0.0924 idt=0.0644 gnorm=11.416 dnorm=7.987 nan=0
2026-10-03 18:44:49,405 epoch=108 step=4800 loss_G=3.1607 loss_D_A=0.1345 loss_D_B=0.1492 cycle=0.1562 idt=0.1327 gnorm=37.566 dnorm=5.590 nan=0
2026-10-03 18:45:04,886 epoch=108 step=4900 loss_G=2.1887 loss_D_A=0.1690 loss_D_B=0.2248 cycle=0.0948 idt=0.0702 gnorm=17.624 dnorm=8.284 nan=0
2026-10-03 18:45:19,956 epoch=108 step=5000 loss_G=2.3834 loss_D_A=0.2583 loss_D_B=0.1750 cycle=0.1157 idt=0.0767 gnorm=22.294 dnorm=7.407 nan=0
2026-10-03 18:45:35,152 epoch=108 step=5100 loss_G=2.5991 loss_D_A=0.0513 loss_D_B=0.1863 cycle=0.1697 idt=0.0820 gnorm=59.686 dnorm=5.454 nan=0
2026-10-03 18:45:50,139 epoch=108 step=5200 loss_G=2.6777 loss_D_A=0.1286 loss_D_B=0.2569 cycle=0.1468 idt=0.0979 gnorm=26.413 dnorm=8.290 nan=0
2026-10-03 18:46:05,157 epoch=108 step=5300 loss_G=2.1735 loss_D_A=0.2730 loss_D_B=0.4798 cycle=0.0886 idt=0.0973 gnorm=26.939 dnorm=15.581 nan=0
2026-10-03 18:46:20,017 epoch=108 step=5400 loss_G=2.2707 loss_D_A=0.2439 loss_D_B=0.2092 cycle=0.1092 idt=0.0710 gnorm=26.478 dnorm=8.123 nan=0
2026-10-03 18:46:35,433 epoch=108 step=5500 loss_G=2.0986 loss_D_A=0.2124 loss_D_B=0.2577 cycle=0.0851 idt=0.0629 gnorm=18.732 dnorm=8.773 nan=0
2026-10-03 18:46:50,638 epoch=108 step=5600 loss_G=2.5066 loss_D_A=0.0997 loss_D_B=0.2193 cycle=0.1381 idt=0.0989 gnorm=34.240 dnorm=7.542 nan=0
2026-10-03 18:47:06,002 epoch=108 step=5700 loss_G=3.3839 loss_D_A=0.1461 loss_D_B=0.1020 cycle=0.1208 idt=0.0978 gnorm=29.739 dnorm=6.368 nan=0
2026-10-03 18:47:21,156 epoch=108 step=5800 loss_G=2.2895 loss_D_A=0.1667 loss_D_B=0.2781 cycle=0.1007 idt=0.0473 gnorm=34.164 dnorm=10.414 nan=0
2026-10-03 18:47:36,534 epoch=108 step=5900 loss_G=2.6130 loss_D_A=0.1454 loss_D_B=0.1057 cycle=0.1380 idt=0.0972 gnorm=20.283 dnorm=5.188 nan=0
2026-10-03 18:47:51,310 epoch=108 step=6000 loss_G=2.4441 loss_D_A=0.1902 loss_D_B=0.3145 cycle=0.1097 idt=0.1228 gnorm=22.644 dnorm=9.193 nan=0
2026-10-03 18:48:06,670 epoch=108 step=6100 loss_G=2.1593 loss_D_A=0.0859 loss_D_B=0.2132 cycle=0.0986 idt=0.0834 gnorm=31.050 dnorm=9.819 nan=0
2026-10-03 18:48:21,955 epoch=108 step=6200 loss_G=2.3607 loss_D_A=0.2077 loss_D_B=0.1653 cycle=0.1174 idt=0.1006 gnorm=30.307 dnorm=7.018 nan=0
2026-10-03 18:48:37,160 epoch=108 step=6300 loss_G=2.8071 loss_D_A=0.1412 loss_D_B=0.3959 cycle=0.1249 idt=0.1146 gnorm=41.243 dnorm=15.594 nan=0
2026-10-03 18:48:52,503 epoch=108 step=6400 loss_G=3.1070 loss_D_A=0.3034 loss_D_B=0.1755 cycle=0.1307 idt=0.1143 gnorm=29.213 dnorm=7.710 nan=0
2026-10-03 18:48:58,388 epoch_mean={'g': 2.4753338332945014, 'd_a': 0.17876793398328286, 'd_b': 0.20350907211090402, 'cycle': 0.11830977706221847, 'identity': 0.09342916251043608, 'epoch': 108}
2026-10-03 18:48:59,002 epoch=109 step=1 loss_G=1.6843 loss_D_A=0.2493 loss_D_B=0.2899 cycle=0.0850 idt=0.0580 gnorm=15.143 dnorm=9.425 nan=0
2026-10-03 18:49:14,131 epoch=109 step=100 loss_G=2.5360 loss_D_A=0.2347 loss_D_B=0.1453 cycle=0.0875 idt=0.0649 gnorm=20.208 dnorm=8.586 nan=0
2026-10-03 18:49:29,107 epoch=109 step=200 loss_G=2.5305 loss_D_A=0.1626 loss_D_B=0.2606 cycle=0.1178 idt=0.0819 gnorm=21.399 dnorm=5.621 nan=0
2026-10-03 18:49:44,420 epoch=109 step=300 loss_G=2.9626 loss_D_A=0.0761 loss_D_B=0.1340 cycle=0.1134 idt=0.0866 gnorm=24.084 dnorm=5.643 nan=0
2026-10-03 18:49:59,762 epoch=109 step=400 loss_G=2.3126 loss_D_A=0.1907 loss_D_B=0.2001 cycle=0.1396 idt=0.1347 gnorm=33.255 dnorm=6.231 nan=0
2026-10-03 18:50:15,220 epoch=109 step=500 loss_G=2.4514 loss_D_A=0.3858 loss_D_B=0.1457 cycle=0.1063 idt=0.0982 gnorm=21.309 dnorm=10.166 nan=0
2026-10-03 18:50:30,599 epoch=109 step=600 loss_G=2.9391 loss_D_A=0.2145 loss_D_B=0.2792 cycle=0.1414 idt=0.1805 gnorm=41.036 dnorm=8.662 nan=0
2026-10-03 18:50:45,934 epoch=109 step=700 loss_G=2.1347 loss_D_A=0.2766 loss_D_B=0.2573 cycle=0.0894 idt=0.0756 gnorm=19.646 dnorm=9.010 nan=0
2026-10-03 18:51:01,249 epoch=109 step=800 loss_G=1.8690 loss_D_A=0.1662 loss_D_B=0.1523 cycle=0.0851 idt=0.0612 gnorm=16.039 dnorm=5.471 nan=0
2026-10-03 18:51:15,952 epoch=109 step=900 loss_G=2.5023 loss_D_A=0.1665 loss_D_B=0.3214 cycle=0.1237 idt=0.1211 gnorm=46.004 dnorm=8.133 nan=0
2026-10-03 18:51:31,097 epoch=109 step=1000 loss_G=2.4112 loss_D_A=0.1813 loss_D_B=0.3679 cycle=0.1200 idt=0.0991 gnorm=19.033 dnorm=9.027 nan=0
2026-10-03 18:51:46,401 epoch=109 step=1100 loss_G=2.9832 loss_D_A=0.2267 loss_D_B=0.1456 cycle=0.1044 idt=0.1770 gnorm=27.552 dnorm=8.663 nan=0
2026-10-03 18:52:01,770 epoch=109 step=1200 loss_G=2.3935 loss_D_A=0.1044 loss_D_B=0.2807 cycle=0.1009 idt=0.0792 gnorm=28.946 dnorm=10.945 nan=0
2026-10-03 18:52:17,161 epoch=109 step=1300 loss_G=2.2605 loss_D_A=0.1975 loss_D_B=0.2664 cycle=0.1044 idt=0.0871 gnorm=24.564 dnorm=8.807 nan=0
2026-10-03 18:52:32,587 epoch=109 step=1400 loss_G=2.0454 loss_D_A=0.2699 loss_D_B=0.1733 cycle=0.0920 idt=0.0808 gnorm=22.183 dnorm=6.762 nan=0
2026-10-03 18:52:47,965 epoch=109 step=1500 loss_G=1.6311 loss_D_A=0.0697 loss_D_B=0.1127 cycle=0.0828 idt=0.0538 gnorm=21.240 dnorm=6.034 nan=0
2026-10-03 18:53:03,332 epoch=109 step=1600 loss_G=3.1030 loss_D_A=0.0693 loss_D_B=0.3584 cycle=0.1368 idt=0.1119 gnorm=27.277 dnorm=6.782 nan=0
2026-10-03 18:53:18,740 epoch=109 step=1700 loss_G=2.7449 loss_D_A=0.1669 loss_D_B=0.1740 cycle=0.1067 idt=0.1007 gnorm=25.458 dnorm=8.203 nan=0
2026-10-03 18:53:34,158 epoch=109 step=1800 loss_G=3.6275 loss_D_A=0.4058 loss_D_B=0.1284 cycle=0.1672 idt=0.1684 gnorm=30.804 dnorm=10.450 nan=0
2026-10-03 18:53:49,612 epoch=109 step=1900 loss_G=2.4463 loss_D_A=0.1076 loss_D_B=0.1210 cycle=0.1266 idt=0.0814 gnorm=27.463 dnorm=11.940 nan=0
2026-10-03 18:54:05,005 epoch=109 step=2000 loss_G=3.0259 loss_D_A=0.4588 loss_D_B=0.1740 cycle=0.1483 idt=0.0913 gnorm=35.594 dnorm=11.564 nan=0
2026-10-03 18:54:20,361 epoch=109 step=2100 loss_G=1.4729 loss_D_A=0.1730 loss_D_B=0.1860 cycle=0.0704 idt=0.0531 gnorm=11.781 dnorm=8.670 nan=0
2026-10-03 18:54:35,664 epoch=109 step=2200 loss_G=2.0857 loss_D_A=0.0753 loss_D_B=0.0349 cycle=0.0860 idt=0.0548 gnorm=19.606 dnorm=3.673 nan=0
2026-10-03 18:54:50,847 epoch=109 step=2300 loss_G=2.8559 loss_D_A=0.1291 loss_D_B=0.0785 cycle=0.1751 idt=0.0744 gnorm=36.096 dnorm=5.765 nan=0
2026-10-03 18:55:06,157 epoch=109 step=2400 loss_G=2.0866 loss_D_A=0.2528 loss_D_B=0.2393 cycle=0.0976 idt=0.0671 gnorm=31.244 dnorm=12.827 nan=0
2026-10-03 18:55:21,597 epoch=109 step=2500 loss_G=2.1491 loss_D_A=0.1122 loss_D_B=0.1374 cycle=0.0975 idt=0.0737 gnorm=20.646 dnorm=6.043 nan=0
2026-10-03 18:55:36,942 epoch=109 step=2600 loss_G=2.0961 loss_D_A=0.1069 loss_D_B=0.1436 cycle=0.0955 idt=0.0777 gnorm=18.920 dnorm=8.222 nan=0
2026-10-03 18:55:52,262 epoch=109 step=2700 loss_G=2.0498 loss_D_A=0.1615 loss_D_B=0.0784 cycle=0.0915 idt=0.0568 gnorm=18.007 dnorm=11.348 nan=0
2026-10-03 18:56:07,670 epoch=109 step=2800 loss_G=2.3781 loss_D_A=0.0440 loss_D_B=0.2463 cycle=0.1221 idt=0.0926 gnorm=16.140 dnorm=7.260 nan=0
2026-10-03 18:56:23,061 epoch=109 step=2900 loss_G=3.2988 loss_D_A=0.1605 loss_D_B=0.1943 cycle=0.1235 idt=0.0955 gnorm=22.803 dnorm=6.528 nan=0
2026-10-03 18:56:38,383 epoch=109 step=3000 loss_G=2.8481 loss_D_A=0.1838 loss_D_B=0.1554 cycle=0.1397 idt=0.0979 gnorm=28.491 dnorm=7.267 nan=0
2026-10-03 18:56:53,800 epoch=109 step=3100 loss_G=2.7797 loss_D_A=0.1042 loss_D_B=0.2040 cycle=0.1221 idt=0.1126 gnorm=27.060 dnorm=7.386 nan=0
2026-10-03 18:57:09,150 epoch=109 step=3200 loss_G=1.8137 loss_D_A=0.1078 loss_D_B=0.1664 cycle=0.0815 idt=0.0598 gnorm=20.627 dnorm=8.616 nan=0
2026-10-03 18:57:24,501 epoch=109 step=3300 loss_G=2.3856 loss_D_A=0.3096 loss_D_B=0.2389 cycle=0.1168 idt=0.0865 gnorm=27.618 dnorm=13.673 nan=0
2026-10-03 18:57:39,914 epoch=109 step=3400 loss_G=1.4174 loss_D_A=0.3870 loss_D_B=0.3419 cycle=0.0856 idt=0.0611 gnorm=13.872 dnorm=11.495 nan=0
2026-10-03 18:57:55,040 epoch=109 step=3500 loss_G=1.6638 loss_D_A=0.2192 loss_D_B=0.1763 cycle=0.0943 idt=0.0534 gnorm=23.381 dnorm=7.875 nan=0
2026-10-03 18:58:09,747 epoch=109 step=3600 loss_G=2.0964 loss_D_A=0.2819 loss_D_B=0.2391 cycle=0.1264 idt=0.1136 gnorm=15.416 dnorm=9.063 nan=0
2026-10-03 18:58:25,133 epoch=109 step=3700 loss_G=1.8156 loss_D_A=0.2476 loss_D_B=0.1559 cycle=0.1008 idt=0.0714 gnorm=38.020 dnorm=6.611 nan=0
2026-10-03 18:58:40,427 epoch=109 step=3800 loss_G=2.4136 loss_D_A=0.2789 loss_D_B=0.3233 cycle=0.1030 idt=0.0696 gnorm=36.739 dnorm=8.676 nan=0
2026-10-03 18:58:55,858 epoch=109 step=3900 loss_G=2.9080 loss_D_A=0.1679 loss_D_B=0.1052 cycle=0.0836 idt=0.0918 gnorm=28.986 dnorm=5.423 nan=0
2026-10-03 18:59:10,862 epoch=109 step=4000 loss_G=2.2358 loss_D_A=0.5139 loss_D_B=0.1882 cycle=0.1024 idt=0.0862 gnorm=29.472 dnorm=10.395 nan=0
2026-10-03 18:59:26,202 epoch=109 step=4100 loss_G=2.5825 loss_D_A=0.0651 loss_D_B=0.2116 cycle=0.1045 idt=0.0924 gnorm=26.803 dnorm=5.678 nan=0
2026-10-03 18:59:41,493 epoch=109 step=4200 loss_G=2.3311 loss_D_A=0.0528 loss_D_B=0.1338 cycle=0.1064 idt=0.0992 gnorm=31.920 dnorm=5.640 nan=0
2026-10-03 18:59:56,876 epoch=109 step=4300 loss_G=1.4672 loss_D_A=0.1256 loss_D_B=0.1089 cycle=0.0906 idt=0.0514 gnorm=29.424 dnorm=4.920 nan=0
2026-10-03 19:00:11,499 epoch=109 step=4400 loss_G=2.6273 loss_D_A=0.1140 loss_D_B=0.1608 cycle=0.1329 idt=0.1053 gnorm=24.918 dnorm=8.932 nan=0
2026-10-03 19:00:26,902 epoch=109 step=4500 loss_G=1.5505 loss_D_A=0.0421 loss_D_B=0.0745 cycle=0.0766 idt=0.0526 gnorm=19.095 dnorm=4.563 nan=0
2026-10-03 19:00:42,257 epoch=109 step=4600 loss_G=2.9734 loss_D_A=0.1433 loss_D_B=0.2394 cycle=0.1622 idt=0.1458 gnorm=23.622 dnorm=8.522 nan=0
2026-10-03 19:00:57,578 epoch=109 step=4700 loss_G=2.1168 loss_D_A=0.1703 loss_D_B=0.2300 cycle=0.0906 idt=0.0642 gnorm=22.625 dnorm=7.526 nan=0
2026-10-03 19:01:12,815 epoch=109 step=4800 loss_G=2.4153 loss_D_A=0.2150 loss_D_B=0.0886 cycle=0.1411 idt=0.0870 gnorm=23.613 dnorm=6.951 nan=0
2026-10-03 19:01:28,051 epoch=109 step=4900 loss_G=1.9050 loss_D_A=0.1607 loss_D_B=0.1903 cycle=0.0846 idt=0.0611 gnorm=19.585 dnorm=9.291 nan=0
2026-10-03 19:01:43,119 epoch=109 step=5000 loss_G=2.9706 loss_D_A=0.0837 loss_D_B=0.1264 cycle=0.1168 idt=0.0901 gnorm=31.128 dnorm=5.354 nan=0
2026-10-03 19:01:58,343 epoch=109 step=5100 loss_G=2.3503 loss_D_A=0.1849 loss_D_B=0.2479 cycle=0.1092 idt=0.0756 gnorm=29.473 dnorm=7.352 nan=0
2026-10-03 19:02:13,318 epoch=109 step=5200 loss_G=3.3980 loss_D_A=0.2916 loss_D_B=0.2002 cycle=0.1916 idt=0.1614 gnorm=25.013 dnorm=11.368 nan=0
2026-10-03 19:02:28,484 epoch=109 step=5300 loss_G=4.2363 loss_D_A=0.0744 loss_D_B=0.2398 cycle=0.2498 idt=0.2652 gnorm=42.363 dnorm=8.203 nan=0
2026-10-03 19:02:43,786 epoch=109 step=5400 loss_G=2.4040 loss_D_A=0.1026 loss_D_B=0.1526 cycle=0.1279 idt=0.0992 gnorm=22.029 dnorm=5.022 nan=0
2026-10-03 19:02:58,982 epoch=109 step=5500 loss_G=1.7811 loss_D_A=0.1305 loss_D_B=0.2116 cycle=0.0895 idt=0.0799 gnorm=15.491 dnorm=7.327 nan=0
2026-10-03 19:03:13,912 epoch=109 step=5600 loss_G=2.0493 loss_D_A=0.0887 loss_D_B=0.1270 cycle=0.1048 idt=0.0981 gnorm=30.413 dnorm=4.659 nan=0
2026-10-03 19:03:28,992 epoch=109 step=5700 loss_G=3.5505 loss_D_A=0.0656 loss_D_B=0.3909 cycle=0.1834 idt=0.1777 gnorm=26.187 dnorm=10.316 nan=0
2026-10-03 19:03:44,345 epoch=109 step=5800 loss_G=2.5064 loss_D_A=0.1981 loss_D_B=0.1729 cycle=0.1093 idt=0.0844 gnorm=16.621 dnorm=6.957 nan=0
2026-10-03 19:03:59,765 epoch=109 step=5900 loss_G=3.7543 loss_D_A=0.1209 loss_D_B=0.1149 cycle=0.2026 idt=0.1786 gnorm=33.950 dnorm=4.925 nan=0
2026-10-03 19:04:14,602 epoch=109 step=6000 loss_G=2.8164 loss_D_A=0.1927 loss_D_B=0.1910 cycle=0.1347 idt=0.0841 gnorm=35.836 dnorm=8.377 nan=0
2026-10-03 19:04:29,993 epoch=109 step=6100 loss_G=2.9487 loss_D_A=0.1252 loss_D_B=0.0524 cycle=0.0747 idt=0.0604 gnorm=16.824 dnorm=5.691 nan=0
2026-10-03 19:04:45,129 epoch=109 step=6200 loss_G=2.0729 loss_D_A=0.1668 loss_D_B=0.1654 cycle=0.1169 idt=0.0734 gnorm=31.418 dnorm=6.980 nan=0
2026-10-03 19:05:00,398 epoch=109 step=6300 loss_G=2.5271 loss_D_A=0.2952 loss_D_B=0.5740 cycle=0.0987 idt=0.0700 gnorm=25.147 dnorm=13.128 nan=0
2026-10-03 19:05:15,804 epoch=109 step=6400 loss_G=2.0096 loss_D_A=0.1814 loss_D_B=0.2436 cycle=0.1087 idt=0.0809 gnorm=20.874 dnorm=7.051 nan=0
2026-10-03 19:05:21,654 epoch_mean={'g': 2.4513616357467383, 'd_a': 0.1778073934488098, 'd_b': 0.2037024923124903, 'cycle': 0.1160458069700897, 'identity': 0.09100033682153327, 'epoch': 109}
2026-10-03 19:05:22,279 epoch=110 step=1 loss_G=2.5923 loss_D_A=0.0425 loss_D_B=0.0874 cycle=0.1073 idt=0.1035 gnorm=30.394 dnorm=4.257 nan=0
2026-10-03 19:05:37,098 epoch=110 step=100 loss_G=2.3451 loss_D_A=0.0827 loss_D_B=0.1600 cycle=0.1040 idt=0.0728 gnorm=26.674 dnorm=5.196 nan=0
2026-10-03 19:05:52,418 epoch=110 step=200 loss_G=2.4971 loss_D_A=0.1574 loss_D_B=0.1130 cycle=0.1251 idt=0.0703 gnorm=31.418 dnorm=6.726 nan=0
2026-10-03 19:06:07,747 epoch=110 step=300 loss_G=2.6633 loss_D_A=0.0706 loss_D_B=0.0246 cycle=0.1219 idt=0.1245 gnorm=32.342 dnorm=4.034 nan=0
2026-10-03 19:06:22,592 epoch=110 step=400 loss_G=1.9661 loss_D_A=0.3845 loss_D_B=0.2469 cycle=0.1076 idt=0.0831 gnorm=30.378 dnorm=11.703 nan=0
2026-10-03 19:06:37,569 epoch=110 step=500 loss_G=2.8441 loss_D_A=0.0758 loss_D_B=0.2654 cycle=0.1159 idt=0.0852 gnorm=18.400 dnorm=4.907 nan=0
2026-10-03 19:06:52,725 epoch=110 step=600 loss_G=1.8412 loss_D_A=0.2368 loss_D_B=0.2353 cycle=0.1006 idt=0.0602 gnorm=20.201 dnorm=9.072 nan=0
2026-10-03 19:07:08,126 epoch=110 step=700 loss_G=2.7014 loss_D_A=0.1370 loss_D_B=0.0872 cycle=0.1282 idt=0.1004 gnorm=21.873 dnorm=6.735 nan=0
2026-10-03 19:07:23,105 epoch=110 step=800 loss_G=2.9506 loss_D_A=0.2430 loss_D_B=0.1560 cycle=0.1785 idt=0.1424 gnorm=34.675 dnorm=8.025 nan=0
2026-10-03 19:07:38,441 epoch=110 step=900 loss_G=3.0326 loss_D_A=0.1317 loss_D_B=0.2273 cycle=0.1140 idt=0.0820 gnorm=21.764 dnorm=9.004 nan=0
2026-10-03 19:07:53,436 epoch=110 step=1000 loss_G=2.6411 loss_D_A=0.1082 loss_D_B=0.1630 cycle=0.1265 idt=0.0906 gnorm=25.915 dnorm=4.924 nan=0
2026-10-03 19:08:08,768 epoch=110 step=1100 loss_G=2.4051 loss_D_A=0.1622 loss_D_B=0.1859 cycle=0.0964 idt=0.0965 gnorm=25.669 dnorm=7.969 nan=0
2026-10-03 19:08:24,082 epoch=110 step=1200 loss_G=1.8439 loss_D_A=0.2330 loss_D_B=0.1208 cycle=0.0955 idt=0.0617 gnorm=17.562 dnorm=7.876 nan=0
2026-10-03 19:08:39,538 epoch=110 step=1300 loss_G=2.2387 loss_D_A=0.2592 loss_D_B=0.1347 cycle=0.1226 idt=0.0824 gnorm=26.499 dnorm=9.292 nan=0
2026-10-03 19:08:54,869 epoch=110 step=1400 loss_G=2.1108 loss_D_A=0.1736 loss_D_B=0.1839 cycle=0.1134 idt=0.0683 gnorm=20.330 dnorm=6.979 nan=0
2026-10-03 19:09:09,913 epoch=110 step=1500 loss_G=2.4540 loss_D_A=0.0710 loss_D_B=0.1165 cycle=0.1304 idt=0.0894 gnorm=32.218 dnorm=5.315 nan=0
2026-10-03 19:09:25,311 epoch=110 step=1600 loss_G=2.3143 loss_D_A=0.2292 loss_D_B=0.1920 cycle=0.1024 idt=0.0702 gnorm=25.772 dnorm=8.225 nan=0
2026-10-03 19:09:40,384 epoch=110 step=1700 loss_G=2.9124 loss_D_A=0.2608 loss_D_B=0.1903 cycle=0.1303 idt=0.0743 gnorm=34.839 dnorm=9.186 nan=0
2026-10-03 19:09:55,697 epoch=110 step=1800 loss_G=3.0673 loss_D_A=0.0905 loss_D_B=0.1397 cycle=0.1474 idt=0.0906 gnorm=32.289 dnorm=5.131 nan=0
2026-10-03 19:10:11,082 epoch=110 step=1900 loss_G=2.1648 loss_D_A=0.2314 loss_D_B=0.2165 cycle=0.0956 idt=0.0935 gnorm=20.035 dnorm=7.818 nan=0
2026-10-03 19:10:26,412 epoch=110 step=2000 loss_G=3.1704 loss_D_A=0.0601 loss_D_B=0.1421 cycle=0.1268 idt=0.0446 gnorm=37.201 dnorm=4.489 nan=0
2026-10-03 19:10:41,810 epoch=110 step=2100 loss_G=2.5462 loss_D_A=0.1796 loss_D_B=0.3508 cycle=0.0962 idt=0.1227 gnorm=30.821 dnorm=9.464 nan=0
2026-10-03 19:10:57,233 epoch=110 step=2200 loss_G=2.2556 loss_D_A=0.1393 loss_D_B=0.3559 cycle=0.1114 idt=0.0734 gnorm=29.248 dnorm=8.837 nan=0
2026-10-03 19:11:12,548 epoch=110 step=2300 loss_G=2.5952 loss_D_A=0.0908 loss_D_B=0.1314 cycle=0.1129 idt=0.0937 gnorm=22.921 dnorm=5.837 nan=0
2026-10-03 19:11:27,952 epoch=110 step=2400 loss_G=2.0763 loss_D_A=0.2045 loss_D_B=0.1176 cycle=0.1066 idt=0.0918 gnorm=17.883 dnorm=7.539 nan=0
2026-10-03 19:11:43,103 epoch=110 step=2500 loss_G=2.8055 loss_D_A=0.2687 loss_D_B=0.1215 cycle=0.1215 idt=0.0776 gnorm=16.752 dnorm=7.711 nan=0
2026-10-03 19:11:58,430 epoch=110 step=2600 loss_G=2.3371 loss_D_A=0.0515 loss_D_B=0.0524 cycle=0.1154 idt=0.1352 gnorm=29.675 dnorm=3.321 nan=0
2026-10-03 19:12:13,844 epoch=110 step=2700 loss_G=1.8196 loss_D_A=0.1076 loss_D_B=0.2882 cycle=0.0987 idt=0.0730 gnorm=20.320 dnorm=10.657 nan=0
2026-10-03 19:12:29,286 epoch=110 step=2800 loss_G=3.1783 loss_D_A=0.2381 loss_D_B=0.2492 cycle=0.1494 idt=0.1511 gnorm=31.168 dnorm=8.496 nan=0
2026-10-03 19:12:44,587 epoch=110 step=2900 loss_G=2.8525 loss_D_A=0.1892 loss_D_B=0.2894 cycle=0.1407 idt=0.1048 gnorm=30.129 dnorm=11.707 nan=0
2026-10-03 19:13:00,016 epoch=110 step=3000 loss_G=2.3434 loss_D_A=0.1076 loss_D_B=0.2263 cycle=0.1106 idt=0.0703 gnorm=21.158 dnorm=6.336 nan=0
2026-10-03 19:13:15,399 epoch=110 step=3100 loss_G=2.1901 loss_D_A=0.0591 loss_D_B=0.1292 cycle=0.0990 idt=0.0825 gnorm=20.435 dnorm=4.932 nan=0
2026-10-03 19:13:30,794 epoch=110 step=3200 loss_G=2.9498 loss_D_A=0.0657 loss_D_B=0.2666 cycle=0.1085 idt=0.0885 gnorm=28.308 dnorm=6.181 nan=0
2026-10-03 19:13:46,190 epoch=110 step=3300 loss_G=1.9399 loss_D_A=0.0996 loss_D_B=0.2074 cycle=0.0762 idt=0.0748 gnorm=19.516 dnorm=6.648 nan=0
2026-10-03 19:14:01,565 epoch=110 step=3400 loss_G=2.1822 loss_D_A=0.2037 loss_D_B=0.2143 cycle=0.0878 idt=0.0693 gnorm=20.548 dnorm=8.646 nan=0
2026-10-03 19:14:16,894 epoch=110 step=3500 loss_G=1.7952 loss_D_A=0.1961 loss_D_B=0.2062 cycle=0.0793 idt=0.0583 gnorm=22.387 dnorm=7.906 nan=0
2026-10-03 19:14:32,247 epoch=110 step=3600 loss_G=1.9581 loss_D_A=0.1101 loss_D_B=0.1696 cycle=0.0891 idt=0.0855 gnorm=16.882 dnorm=6.537 nan=0
2026-10-03 19:14:47,617 epoch=110 step=3700 loss_G=2.7671 loss_D_A=0.0834 loss_D_B=0.0802 cycle=0.1475 idt=0.1143 gnorm=26.837 dnorm=5.234 nan=0
2026-10-03 19:15:02,941 epoch=110 step=3800 loss_G=2.8292 loss_D_A=0.2544 loss_D_B=0.1873 cycle=0.1065 idt=0.0890 gnorm=19.442 dnorm=6.641 nan=0
2026-10-03 19:15:18,312 epoch=110 step=3900 loss_G=1.6776 loss_D_A=0.3170 loss_D_B=0.2017 cycle=0.0714 idt=0.0550 gnorm=21.710 dnorm=10.827 nan=0
2026-10-03 19:15:33,677 epoch=110 step=4000 loss_G=2.1489 loss_D_A=0.0859 loss_D_B=0.3770 cycle=0.1259 idt=0.0884 gnorm=17.060 dnorm=11.604 nan=0
2026-10-03 19:15:49,063 epoch=110 step=4100 loss_G=2.8388 loss_D_A=0.1730 loss_D_B=0.1197 cycle=0.1535 idt=0.1078 gnorm=36.296 dnorm=8.591 nan=0
2026-10-03 19:16:04,396 epoch=110 step=4200 loss_G=1.9428 loss_D_A=0.1883 loss_D_B=0.1906 cycle=0.0955 idt=0.0909 gnorm=24.912 dnorm=7.297 nan=0
2026-10-03 19:16:19,737 epoch=110 step=4300 loss_G=3.1010 loss_D_A=0.1703 loss_D_B=0.1995 cycle=0.1734 idt=0.1456 gnorm=32.329 dnorm=5.876 nan=0
2026-10-03 19:16:35,136 epoch=110 step=4400 loss_G=1.8521 loss_D_A=0.1613 loss_D_B=0.0963 cycle=0.0872 idt=0.0631 gnorm=22.129 dnorm=6.196 nan=0
2026-10-03 19:16:50,178 epoch=110 step=4500 loss_G=2.2441 loss_D_A=0.1319 loss_D_B=0.1708 cycle=0.0844 idt=0.0566 gnorm=14.279 dnorm=5.352 nan=0
2026-10-03 19:17:05,435 epoch=110 step=4600 loss_G=2.3709 loss_D_A=0.1784 loss_D_B=0.4160 cycle=0.1045 idt=0.0920 gnorm=25.820 dnorm=7.472 nan=0
2026-10-03 19:17:20,803 epoch=110 step=4700 loss_G=2.1611 loss_D_A=0.2348 loss_D_B=0.4160 cycle=0.1027 idt=0.0651 gnorm=25.655 dnorm=14.256 nan=0
2026-10-03 19:17:36,230 epoch=110 step=4800 loss_G=2.3440 loss_D_A=0.0843 loss_D_B=0.3464 cycle=0.1228 idt=0.0674 gnorm=21.915 dnorm=7.658 nan=0
2026-10-03 19:17:51,550 epoch=110 step=4900 loss_G=2.0350 loss_D_A=0.1054 loss_D_B=0.2638 cycle=0.1068 idt=0.0762 gnorm=19.387 dnorm=5.832 nan=0
2026-10-03 19:18:06,871 epoch=110 step=5000 loss_G=2.8267 loss_D_A=0.0626 loss_D_B=0.1238 cycle=0.1207 idt=0.1046 gnorm=36.771 dnorm=4.922 nan=0
2026-10-03 19:18:22,215 epoch=110 step=5100 loss_G=2.2071 loss_D_A=0.1181 loss_D_B=0.1880 cycle=0.0875 idt=0.0526 gnorm=18.382 dnorm=9.711 nan=0
2026-10-03 19:18:37,587 epoch=110 step=5200 loss_G=2.3683 loss_D_A=0.2506 loss_D_B=0.3055 cycle=0.1068 idt=0.1096 gnorm=28.923 dnorm=10.664 nan=0
2026-10-03 19:18:52,210 epoch=110 step=5300 loss_G=2.6221 loss_D_A=0.1614 loss_D_B=0.2932 cycle=0.1080 idt=0.0926 gnorm=15.246 dnorm=7.894 nan=0
2026-10-03 19:19:07,557 epoch=110 step=5400 loss_G=1.6905 loss_D_A=0.1043 loss_D_B=0.2011 cycle=0.1065 idt=0.0890 gnorm=24.037 dnorm=7.395 nan=0
2026-10-03 19:19:22,794 epoch=110 step=5500 loss_G=2.1228 loss_D_A=0.1611 loss_D_B=0.2354 cycle=0.1101 idt=0.0923 gnorm=29.855 dnorm=10.672 nan=0
2026-10-03 19:19:37,813 epoch=110 step=5600 loss_G=2.1972 loss_D_A=0.0431 loss_D_B=0.2396 cycle=0.1043 idt=0.0830 gnorm=34.338 dnorm=7.154 nan=0
2026-10-03 19:19:52,876 epoch=110 step=5700 loss_G=2.1995 loss_D_A=0.3117 loss_D_B=0.2155 cycle=0.0825 idt=0.0715 gnorm=18.115 dnorm=12.545 nan=0
2026-10-03 19:20:07,957 epoch=110 step=5800 loss_G=1.9601 loss_D_A=0.1299 loss_D_B=0.1711 cycle=0.0807 idt=0.0722 gnorm=20.112 dnorm=7.267 nan=0
2026-10-03 19:20:23,389 epoch=110 step=5900 loss_G=1.9445 loss_D_A=0.2882 loss_D_B=0.0873 cycle=0.0792 idt=0.0817 gnorm=25.834 dnorm=8.278 nan=0
2026-10-03 19:20:38,712 epoch=110 step=6000 loss_G=2.4667 loss_D_A=0.1883 loss_D_B=0.4492 cycle=0.0774 idt=0.0680 gnorm=18.703 dnorm=8.894 nan=0
2026-10-03 19:20:54,107 epoch=110 step=6100 loss_G=1.9424 loss_D_A=0.0324 loss_D_B=0.1961 cycle=0.0901 idt=0.0673 gnorm=15.704 dnorm=5.832 nan=0
2026-10-03 19:21:09,460 epoch=110 step=6200 loss_G=2.5220 loss_D_A=0.2847 loss_D_B=0.2630 cycle=0.1357 idt=0.1165 gnorm=17.739 dnorm=13.125 nan=0
2026-10-03 19:21:24,528 epoch=110 step=6300 loss_G=2.2961 loss_D_A=0.1579 loss_D_B=0.2461 cycle=0.0968 idt=0.0720 gnorm=17.211 dnorm=6.560 nan=0
2026-10-03 19:21:39,777 epoch=110 step=6400 loss_G=2.6168 loss_D_A=0.2080 loss_D_B=0.2343 cycle=0.1420 idt=0.0726 gnorm=40.037 dnorm=8.827 nan=0
2026-10-03 19:21:45,363 epoch_mean={'g': 2.419730142319043, 'd_a': 0.17839296310723438, 'd_b': 0.2009956902619214, 'cycle': 0.11399864535703537, 'identity': 0.08900308979338983, 'epoch': 110}
2026-10-03 19:21:46,310 epoch=111 step=1 loss_G=2.9451 loss_D_A=0.1023 loss_D_B=0.1910 cycle=0.1413 idt=0.1032 gnorm=33.990 dnorm=9.841 nan=0
2026-10-03 19:22:01,549 epoch=111 step=100 loss_G=1.9503 loss_D_A=0.1047 loss_D_B=0.1423 cycle=0.0948 idt=0.0523 gnorm=18.063 dnorm=5.848 nan=0
2026-10-03 19:22:16,869 epoch=111 step=200 loss_G=2.6736 loss_D_A=0.0929 loss_D_B=0.0898 cycle=0.0926 idt=0.0676 gnorm=20.915 dnorm=4.461 nan=0
2026-10-03 19:22:32,168 epoch=111 step=300 loss_G=2.5344 loss_D_A=0.1383 loss_D_B=0.1691 cycle=0.1014 idt=0.0755 gnorm=19.640 dnorm=6.999 nan=0
2026-10-03 19:22:47,569 epoch=111 step=400 loss_G=2.1979 loss_D_A=0.3062 loss_D_B=0.2925 cycle=0.1110 idt=0.0740 gnorm=24.618 dnorm=7.024 nan=0
2026-10-03 19:23:02,593 epoch=111 step=500 loss_G=2.8261 loss_D_A=0.2604 loss_D_B=0.1838 cycle=0.1381 idt=0.1111 gnorm=30.163 dnorm=9.895 nan=0
2026-10-03 19:23:17,581 epoch=111 step=600 loss_G=2.3491 loss_D_A=0.2271 loss_D_B=0.4168 cycle=0.1025 idt=0.0746 gnorm=22.140 dnorm=9.980 nan=0
2026-10-03 19:23:32,773 epoch=111 step=700 loss_G=2.7884 loss_D_A=0.1871 loss_D_B=0.2140 cycle=0.1376 idt=0.1029 gnorm=37.451 dnorm=6.984 nan=0
2026-10-03 19:23:47,937 epoch=111 step=800 loss_G=2.5387 loss_D_A=0.1791 loss_D_B=0.0990 cycle=0.0816 idt=0.0545 gnorm=19.783 dnorm=5.828 nan=0
2026-10-03 19:24:03,185 epoch=111 step=900 loss_G=1.8737 loss_D_A=0.5093 loss_D_B=0.1587 cycle=0.1009 idt=0.1035 gnorm=21.163 dnorm=11.136 nan=0
2026-10-03 19:24:18,157 epoch=111 step=1000 loss_G=2.1721 loss_D_A=0.3994 loss_D_B=0.2456 cycle=0.1026 idt=0.0822 gnorm=29.575 dnorm=10.076 nan=0
2026-10-03 19:24:33,478 epoch=111 step=1100 loss_G=2.3114 loss_D_A=0.2137 loss_D_B=0.1974 cycle=0.1113 idt=0.0793 gnorm=26.494 dnorm=8.599 nan=0
2026-10-03 19:24:48,796 epoch=111 step=1200 loss_G=1.9791 loss_D_A=0.1544 loss_D_B=0.0722 cycle=0.0939 idt=0.0668 gnorm=15.095 dnorm=4.809 nan=0
2026-10-03 19:25:03,897 epoch=111 step=1300 loss_G=1.6905 loss_D_A=0.2747 loss_D_B=0.0557 cycle=0.0741 idt=0.0548 gnorm=14.541 dnorm=8.080 nan=0
2026-10-03 19:25:19,156 epoch=111 step=1400 loss_G=2.2100 loss_D_A=0.1522 loss_D_B=0.3261 cycle=0.1136 idt=0.0875 gnorm=21.398 dnorm=8.906 nan=0
2026-10-03 19:25:34,471 epoch=111 step=1500 loss_G=2.3701 loss_D_A=0.1935 loss_D_B=0.1554 cycle=0.1050 idt=0.0900 gnorm=19.518 dnorm=5.510 nan=0
2026-10-03 19:25:49,689 epoch=111 step=1600 loss_G=1.4006 loss_D_A=0.1989 loss_D_B=0.1231 cycle=0.0608 idt=0.0395 gnorm=17.510 dnorm=7.468 nan=0
2026-10-03 19:26:05,294 epoch=111 step=1700 loss_G=2.6795 loss_D_A=0.2925 loss_D_B=0.2226 cycle=0.1418 idt=0.1039 gnorm=29.019 dnorm=11.347 nan=0
2026-10-03 19:26:20,579 epoch=111 step=1800 loss_G=2.4467 loss_D_A=0.0661 loss_D_B=0.2427 cycle=0.0921 idt=0.0679 gnorm=26.107 dnorm=6.208 nan=0
2026-10-03 19:26:35,856 epoch=111 step=1900 loss_G=3.1674 loss_D_A=0.1398 loss_D_B=0.1514 cycle=0.1359 idt=0.0995 gnorm=33.517 dnorm=8.182 nan=0
2026-10-03 19:26:51,201 epoch=111 step=2000 loss_G=2.9025 loss_D_A=0.1768 loss_D_B=0.2338 cycle=0.1466 idt=0.1194 gnorm=39.459 dnorm=7.823 nan=0
2026-10-03 19:27:06,485 epoch=111 step=2100 loss_G=2.7174 loss_D_A=0.1640 loss_D_B=0.0928 cycle=0.0933 idt=0.0690 gnorm=19.663 dnorm=8.225 nan=0
2026-10-03 19:27:21,796 epoch=111 step=2200 loss_G=2.8681 loss_D_A=0.0433 loss_D_B=0.1844 cycle=0.1429 idt=0.1197 gnorm=40.302 dnorm=5.171 nan=0
2026-10-03 19:27:37,132 epoch=111 step=2300 loss_G=2.3121 loss_D_A=0.1837 loss_D_B=0.1676 cycle=0.1091 idt=0.0707 gnorm=30.617 dnorm=8.591 nan=0
2026-10-03 19:27:52,427 epoch=111 step=2400 loss_G=2.4128 loss_D_A=0.2582 loss_D_B=0.2982 cycle=0.1420 idt=0.0981 gnorm=23.392 dnorm=11.193 nan=0
2026-10-03 19:28:07,143 epoch=111 step=2500 loss_G=2.6454 loss_D_A=0.1059 loss_D_B=0.0813 cycle=0.0929 idt=0.0804 gnorm=27.376 dnorm=4.979 nan=0
2026-10-03 19:28:22,409 epoch=111 step=2600 loss_G=1.9880 loss_D_A=0.1743 loss_D_B=0.2505 cycle=0.0908 idt=0.0709 gnorm=16.970 dnorm=8.060 nan=0
2026-10-03 19:28:37,432 epoch=111 step=2700 loss_G=1.6107 loss_D_A=0.1249 loss_D_B=0.2459 cycle=0.0700 idt=0.0592 gnorm=15.927 dnorm=5.297 nan=0
2026-10-03 19:28:52,637 epoch=111 step=2800 loss_G=2.4372 loss_D_A=0.2146 loss_D_B=0.2261 cycle=0.1062 idt=0.1084 gnorm=28.559 dnorm=9.535 nan=0
2026-10-03 19:29:07,887 epoch=111 step=2900 loss_G=2.3044 loss_D_A=0.4019 loss_D_B=0.2215 cycle=0.1073 idt=0.0796 gnorm=24.282 dnorm=18.535 nan=0
2026-10-03 19:29:22,633 epoch=111 step=3000 loss_G=2.1257 loss_D_A=0.2047 loss_D_B=0.0778 cycle=0.0851 idt=0.0897 gnorm=26.141 dnorm=7.652 nan=0
2026-10-03 19:29:37,802 epoch=111 step=3100 loss_G=2.9048 loss_D_A=0.1331 loss_D_B=0.2644 cycle=0.1573 idt=0.1578 gnorm=39.053 dnorm=6.987 nan=0
2026-10-03 19:29:53,152 epoch=111 step=3200 loss_G=2.7858 loss_D_A=0.3952 loss_D_B=0.2501 cycle=0.0712 idt=0.0537 gnorm=24.311 dnorm=25.127 nan=0
2026-10-03 19:30:08,423 epoch=111 step=3300 loss_G=2.9348 loss_D_A=0.1349 loss_D_B=0.2658 cycle=0.1241 idt=0.1339 gnorm=30.961 dnorm=6.935 nan=0
2026-10-03 19:30:23,755 epoch=111 step=3400 loss_G=1.5149 loss_D_A=0.3787 loss_D_B=0.1849 cycle=0.0657 idt=0.0448 gnorm=14.281 dnorm=17.394 nan=0
2026-10-03 19:30:39,083 epoch=111 step=3500 loss_G=1.6595 loss_D_A=0.3558 loss_D_B=0.3179 cycle=0.0843 idt=0.1019 gnorm=29.017 dnorm=11.548 nan=0
2026-10-03 19:30:54,343 epoch=111 step=3600 loss_G=3.5745 loss_D_A=0.0698 loss_D_B=0.0909 cycle=0.1341 idt=0.1093 gnorm=31.967 dnorm=6.018 nan=0
2026-10-03 19:31:09,664 epoch=111 step=3700 loss_G=2.8454 loss_D_A=0.1071 loss_D_B=0.1161 cycle=0.1011 idt=0.0915 gnorm=24.130 dnorm=7.266 nan=0
2026-10-03 19:31:25,010 epoch=111 step=3800 loss_G=2.1474 loss_D_A=0.0477 loss_D_B=0.2259 cycle=0.0951 idt=0.0680 gnorm=18.080 dnorm=5.642 nan=0
2026-10-03 19:31:40,287 epoch=111 step=3900 loss_G=2.6160 loss_D_A=0.2501 loss_D_B=0.1964 cycle=0.0911 idt=0.0695 gnorm=18.294 dnorm=7.241 nan=0
2026-10-03 19:31:55,559 epoch=111 step=4000 loss_G=2.2462 loss_D_A=0.1133 loss_D_B=0.1888 cycle=0.0922 idt=0.0685 gnorm=13.741 dnorm=6.549 nan=0
2026-10-03 19:32:10,911 epoch=111 step=4100 loss_G=2.1130 loss_D_A=0.2680 loss_D_B=0.1757 cycle=0.0849 idt=0.0705 gnorm=22.182 dnorm=8.647 nan=0
2026-10-03 19:32:26,242 epoch=111 step=4200 loss_G=1.7270 loss_D_A=0.0932 loss_D_B=0.3134 cycle=0.0891 idt=0.0661 gnorm=17.293 dnorm=9.328 nan=0
2026-10-03 19:32:41,514 epoch=111 step=4300 loss_G=1.8456 loss_D_A=0.0657 loss_D_B=0.2711 cycle=0.1055 idt=0.0882 gnorm=30.791 dnorm=6.818 nan=0
2026-10-03 19:32:56,851 epoch=111 step=4400 loss_G=2.8949 loss_D_A=0.0926 loss_D_B=0.3846 cycle=0.1402 idt=0.1857 gnorm=45.651 dnorm=5.797 nan=0
2026-10-03 19:33:12,139 epoch=111 step=4500 loss_G=1.7859 loss_D_A=0.2573 loss_D_B=0.3241 cycle=0.0905 idt=0.0584 gnorm=24.901 dnorm=8.855 nan=0
2026-10-03 19:33:27,246 epoch=111 step=4600 loss_G=2.1697 loss_D_A=0.2463 loss_D_B=0.1539 cycle=0.1252 idt=0.0991 gnorm=38.614 dnorm=8.255 nan=0
2026-10-03 19:33:42,595 epoch=111 step=4700 loss_G=1.8944 loss_D_A=0.1174 loss_D_B=0.2029 cycle=0.0970 idt=0.0637 gnorm=19.296 dnorm=7.099 nan=0
2026-10-03 19:33:57,868 epoch=111 step=4800 loss_G=2.0523 loss_D_A=0.0534 loss_D_B=0.1060 cycle=0.0660 idt=0.0444 gnorm=19.789 dnorm=6.706 nan=0
2026-10-03 19:34:12,838 epoch=111 step=4900 loss_G=2.8194 loss_D_A=0.1927 loss_D_B=0.2329 cycle=0.1694 idt=0.1319 gnorm=36.047 dnorm=10.484 nan=0
2026-10-03 19:34:28,144 epoch=111 step=5000 loss_G=2.1501 loss_D_A=0.1545 loss_D_B=0.1697 cycle=0.0867 idt=0.0639 gnorm=16.986 dnorm=6.744 nan=0
2026-10-03 19:34:43,172 epoch=111 step=5100 loss_G=2.0483 loss_D_A=0.2083 loss_D_B=0.3175 cycle=0.0943 idt=0.0830 gnorm=19.345 dnorm=8.970 nan=0
2026-10-03 19:34:58,477 epoch=111 step=5200 loss_G=2.6532 loss_D_A=0.1499 loss_D_B=0.1662 cycle=0.0840 idt=0.0680 gnorm=23.005 dnorm=8.824 nan=0
2026-10-03 19:35:13,868 epoch=111 step=5300 loss_G=2.1336 loss_D_A=0.1686 loss_D_B=0.1912 cycle=0.0980 idt=0.0614 gnorm=19.612 dnorm=6.548 nan=0
2026-10-03 19:35:28,925 epoch=111 step=5400 loss_G=1.9126 loss_D_A=0.1930 loss_D_B=0.0892 cycle=0.0993 idt=0.0735 gnorm=27.519 dnorm=4.478 nan=0
2026-10-03 19:35:44,200 epoch=111 step=5500 loss_G=2.3858 loss_D_A=0.3193 loss_D_B=0.1474 cycle=0.1258 idt=0.0887 gnorm=28.745 dnorm=7.014 nan=0
2026-10-03 19:35:59,576 epoch=111 step=5600 loss_G=2.1821 loss_D_A=0.1987 loss_D_B=0.2389 cycle=0.0993 idt=0.0701 gnorm=18.405 dnorm=7.801 nan=0
2026-10-03 19:36:14,858 epoch=111 step=5700 loss_G=1.9885 loss_D_A=0.1235 loss_D_B=0.2421 cycle=0.0904 idt=0.0606 gnorm=16.507 dnorm=9.030 nan=0
2026-10-03 19:36:30,179 epoch=111 step=5800 loss_G=2.2303 loss_D_A=0.2386 loss_D_B=0.1359 cycle=0.1304 idt=0.0821 gnorm=19.018 dnorm=7.198 nan=0
2026-10-03 19:36:45,549 epoch=111 step=5900 loss_G=2.0164 loss_D_A=0.1326 loss_D_B=0.2126 cycle=0.0942 idt=0.0886 gnorm=27.246 dnorm=10.504 nan=0
2026-10-03 19:37:00,466 epoch=111 step=6000 loss_G=2.8008 loss_D_A=0.1288 loss_D_B=0.3363 cycle=0.1196 idt=0.0767 gnorm=30.897 dnorm=9.974 nan=0
2026-10-03 19:37:15,708 epoch=111 step=6100 loss_G=2.4332 loss_D_A=0.0905 loss_D_B=0.1153 cycle=0.0939 idt=0.0711 gnorm=26.053 dnorm=7.655 nan=0
2026-10-03 19:37:30,568 epoch=111 step=6200 loss_G=2.9269 loss_D_A=0.2117 loss_D_B=0.1142 cycle=0.1483 idt=0.1163 gnorm=33.111 dnorm=9.147 nan=0
2026-10-03 19:37:45,990 epoch=111 step=6300 loss_G=1.8381 loss_D_A=0.4051 loss_D_B=0.1966 cycle=0.0931 idt=0.0595 gnorm=22.570 dnorm=13.634 nan=0
2026-10-03 19:38:01,230 epoch=111 step=6400 loss_G=2.2517 loss_D_A=0.1807 loss_D_B=0.2012 cycle=0.1065 idt=0.0817 gnorm=19.152 dnorm=7.005 nan=0
2026-10-03 19:38:06,882 epoch_mean={'g': 2.395448654473439, 'd_a': 0.17696077003727867, 'd_b': 0.20191007995131446, 'cycle': 0.11227354421197869, 'identity': 0.08813095448290424, 'epoch': 111}
2026-10-03 19:38:07,479 epoch=112 step=1 loss_G=2.0397 loss_D_A=0.3988 loss_D_B=0.2532 cycle=0.1069 idt=0.0666 gnorm=14.624 dnorm=9.479 nan=0
2026-10-03 19:38:22,324 epoch=112 step=100 loss_G=2.2136 loss_D_A=0.2278 loss_D_B=0.1126 cycle=0.1117 idt=0.0935 gnorm=26.306 dnorm=9.650 nan=0
2026-10-03 19:38:37,322 epoch=112 step=200 loss_G=1.9021 loss_D_A=0.1622 loss_D_B=0.1211 cycle=0.1122 idt=0.0981 gnorm=21.620 dnorm=8.383 nan=0
2026-10-03 19:38:52,597 epoch=112 step=300 loss_G=2.3768 loss_D_A=0.1509 loss_D_B=0.1922 cycle=0.1158 idt=0.0954 gnorm=35.345 dnorm=8.229 nan=0
2026-10-03 19:39:07,769 epoch=112 step=400 loss_G=2.2762 loss_D_A=0.0553 loss_D_B=0.1957 cycle=0.1022 idt=0.0708 gnorm=22.124 dnorm=5.180 nan=0
2026-10-03 19:39:23,171 epoch=112 step=500 loss_G=2.2356 loss_D_A=0.1759 loss_D_B=0.1743 cycle=0.0806 idt=0.0711 gnorm=24.885 dnorm=7.299 nan=0
2026-10-03 19:39:38,474 epoch=112 step=600 loss_G=1.6211 loss_D_A=0.1468 loss_D_B=0.3140 cycle=0.0879 idt=0.0608 gnorm=15.770 dnorm=7.377 nan=0
2026-10-03 19:39:53,727 epoch=112 step=700 loss_G=2.9343 loss_D_A=0.1584 loss_D_B=0.2024 cycle=0.1318 idt=0.1030 gnorm=27.266 dnorm=6.034 nan=0
2026-10-03 19:40:09,047 epoch=112 step=800 loss_G=1.9525 loss_D_A=0.2094 loss_D_B=0.1863 cycle=0.1178 idt=0.0664 gnorm=23.883 dnorm=7.912 nan=0
2026-10-03 19:40:24,353 epoch=112 step=900 loss_G=2.1584 loss_D_A=0.3945 loss_D_B=0.2191 cycle=0.0882 idt=0.0604 gnorm=20.108 dnorm=8.856 nan=0
2026-10-03 19:40:39,672 epoch=112 step=1000 loss_G=2.1648 loss_D_A=0.2171 loss_D_B=0.2603 cycle=0.1184 idt=0.0986 gnorm=25.800 dnorm=9.697 nan=0
2026-10-03 19:40:54,846 epoch=112 step=1100 loss_G=2.0039 loss_D_A=0.1671 loss_D_B=0.1919 cycle=0.1017 idt=0.0680 gnorm=19.805 dnorm=6.538 nan=0
2026-10-03 19:41:10,146 epoch=112 step=1200 loss_G=1.7034 loss_D_A=0.1748 loss_D_B=0.2477 cycle=0.0643 idt=0.0580 gnorm=13.717 dnorm=6.182 nan=0
2026-10-03 19:41:25,218 epoch=112 step=1300 loss_G=2.0487 loss_D_A=0.0918 loss_D_B=0.1810 cycle=0.0962 idt=0.0639 gnorm=21.847 dnorm=6.020 nan=0
2026-10-03 19:41:40,522 epoch=112 step=1400 loss_G=2.2868 loss_D_A=0.2752 loss_D_B=0.2585 cycle=0.1069 idt=0.0819 gnorm=17.782 dnorm=7.654 nan=0
2026-10-03 19:41:55,818 epoch=112 step=1500 loss_G=1.8192 loss_D_A=0.2657 loss_D_B=0.2950 cycle=0.0994 idt=0.0502 gnorm=26.091 dnorm=10.548 nan=0
2026-10-03 19:42:10,824 epoch=112 step=1600 loss_G=2.4937 loss_D_A=0.0469 loss_D_B=0.1961 cycle=0.1244 idt=0.0828 gnorm=22.130 dnorm=4.962 nan=0
2026-10-03 19:42:26,128 epoch=112 step=1700 loss_G=2.6632 loss_D_A=0.1023 loss_D_B=0.1966 cycle=0.1226 idt=0.0759 gnorm=19.076 dnorm=8.391 nan=0
2026-10-03 19:42:41,339 epoch=112 step=1800 loss_G=2.9323 loss_D_A=0.1829 loss_D_B=0.0940 cycle=0.1251 idt=0.0956 gnorm=18.694 dnorm=8.062 nan=0
2026-10-03 19:42:56,601 epoch=112 step=1900 loss_G=2.1952 loss_D_A=0.0361 loss_D_B=0.1811 cycle=0.0960 idt=0.0522 gnorm=23.103 dnorm=4.528 nan=0
2026-10-03 19:43:11,861 epoch=112 step=2000 loss_G=1.7972 loss_D_A=0.2006 loss_D_B=0.2035 cycle=0.0949 idt=0.0577 gnorm=25.987 dnorm=7.945 nan=0
2026-10-03 19:43:27,167 epoch=112 step=2100 loss_G=2.4283 loss_D_A=0.0430 loss_D_B=0.1127 cycle=0.1172 idt=0.0775 gnorm=33.164 dnorm=6.829 nan=0
2026-10-03 19:43:42,179 epoch=112 step=2200 loss_G=2.1886 loss_D_A=0.1615 loss_D_B=0.2150 cycle=0.0972 idt=0.0798 gnorm=19.356 dnorm=7.857 nan=0
2026-10-03 19:43:57,476 epoch=112 step=2300 loss_G=2.3638 loss_D_A=0.2857 loss_D_B=0.1279 cycle=0.1131 idt=0.0864 gnorm=33.346 dnorm=6.227 nan=0
2026-10-03 19:44:12,783 epoch=112 step=2400 loss_G=2.2484 loss_D_A=0.2489 loss_D_B=0.3696 cycle=0.0993 idt=0.0874 gnorm=19.279 dnorm=7.425 nan=0
2026-10-03 19:44:28,098 epoch=112 step=2500 loss_G=2.5405 loss_D_A=0.3146 loss_D_B=0.0874 cycle=0.0993 idt=0.0704 gnorm=26.738 dnorm=12.721 nan=0
2026-10-03 19:44:43,368 epoch=112 step=2600 loss_G=2.3311 loss_D_A=0.3034 loss_D_B=0.1391 cycle=0.1008 idt=0.0703 gnorm=33.172 dnorm=7.782 nan=0
2026-10-03 19:44:58,750 epoch=112 step=2700 loss_G=2.1044 loss_D_A=0.2030 loss_D_B=0.0937 cycle=0.1186 idt=0.0875 gnorm=32.181 dnorm=6.883 nan=0
2026-10-03 19:45:14,008 epoch=112 step=2800 loss_G=2.3023 loss_D_A=0.2086 loss_D_B=0.2231 cycle=0.1256 idt=0.0681 gnorm=16.194 dnorm=7.247 nan=0
2026-10-03 19:45:28,628 epoch=112 step=2900 loss_G=1.8902 loss_D_A=0.1591 loss_D_B=0.1365 cycle=0.0920 idt=0.0643 gnorm=25.630 dnorm=7.794 nan=0
2026-10-03 19:45:43,258 epoch=112 step=3000 loss_G=2.6390 loss_D_A=0.2381 loss_D_B=0.1155 cycle=0.1042 idt=0.0826 gnorm=24.377 dnorm=6.852 nan=0
2026-10-03 19:45:58,498 epoch=112 step=3100 loss_G=1.8567 loss_D_A=0.3102 loss_D_B=0.2365 cycle=0.0895 idt=0.0695 gnorm=16.456 dnorm=7.965 nan=0
2026-10-03 19:46:13,820 epoch=112 step=3200 loss_G=2.1196 loss_D_A=0.3867 loss_D_B=0.1257 cycle=0.1019 idt=0.0877 gnorm=27.798 dnorm=18.103 nan=0
2026-10-03 19:46:29,018 epoch=112 step=3300 loss_G=2.4904 loss_D_A=0.0584 loss_D_B=0.3210 cycle=0.0953 idt=0.0684 gnorm=18.771 dnorm=8.126 nan=0
2026-10-03 19:46:44,284 epoch=112 step=3400 loss_G=2.3530 loss_D_A=0.2903 loss_D_B=0.1558 cycle=0.0758 idt=0.0573 gnorm=19.875 dnorm=8.927 nan=0
2026-10-03 19:46:59,570 epoch=112 step=3500 loss_G=2.0632 loss_D_A=0.1273 loss_D_B=0.1978 cycle=0.1094 idt=0.1067 gnorm=39.033 dnorm=8.176 nan=0
2026-10-03 19:47:14,913 epoch=112 step=3600 loss_G=1.9595 loss_D_A=0.1157 loss_D_B=0.1551 cycle=0.0853 idt=0.0665 gnorm=30.369 dnorm=6.847 nan=0
2026-10-03 19:47:29,774 epoch=112 step=3700 loss_G=2.8660 loss_D_A=0.0929 loss_D_B=0.1033 cycle=0.1259 idt=0.1034 gnorm=21.644 dnorm=4.821 nan=0
2026-10-03 19:47:45,032 epoch=112 step=3800 loss_G=3.5033 loss_D_A=0.0576 loss_D_B=0.0413 cycle=0.1597 idt=0.0853 gnorm=38.683 dnorm=3.532 nan=0
2026-10-03 19:48:00,404 epoch=112 step=3900 loss_G=2.2801 loss_D_A=0.0613 loss_D_B=0.0808 cycle=0.0855 idt=0.0593 gnorm=17.298 dnorm=3.928 nan=0
2026-10-03 19:48:15,749 epoch=112 step=4000 loss_G=2.8615 loss_D_A=0.1537 loss_D_B=0.1793 cycle=0.1305 idt=0.1064 gnorm=53.697 dnorm=8.211 nan=0
2026-10-03 19:48:30,699 epoch=112 step=4100 loss_G=4.2772 loss_D_A=0.3732 loss_D_B=0.1873 cycle=0.2684 idt=0.2272 gnorm=45.245 dnorm=10.346 nan=0
2026-10-03 19:48:46,006 epoch=112 step=4200 loss_G=2.4503 loss_D_A=0.1142 loss_D_B=0.2130 cycle=0.1295 idt=0.0857 gnorm=27.387 dnorm=10.111 nan=0
2026-10-03 19:49:01,283 epoch=112 step=4300 loss_G=2.4739 loss_D_A=0.0665 loss_D_B=0.1373 cycle=0.0819 idt=0.0569 gnorm=21.535 dnorm=5.080 nan=0
2026-10-03 19:49:16,589 epoch=112 step=4400 loss_G=1.6087 loss_D_A=0.2270 loss_D_B=0.2480 cycle=0.0905 idt=0.0587 gnorm=21.687 dnorm=9.481 nan=0
2026-10-03 19:49:31,923 epoch=112 step=4500 loss_G=2.2214 loss_D_A=0.1194 loss_D_B=0.2577 cycle=0.1256 idt=0.0771 gnorm=25.438 dnorm=8.459 nan=0
2026-10-03 19:49:47,233 epoch=112 step=4600 loss_G=2.0540 loss_D_A=0.2154 loss_D_B=0.1588 cycle=0.0959 idt=0.0712 gnorm=12.465 dnorm=9.176 nan=0
2026-10-03 19:50:02,315 epoch=112 step=4700 loss_G=3.5474 loss_D_A=0.2475 loss_D_B=0.2453 cycle=0.1647 idt=0.1349 gnorm=37.246 dnorm=8.426 nan=0
2026-10-03 19:50:17,685 epoch=112 step=4800 loss_G=2.4266 loss_D_A=0.1053 loss_D_B=0.4279 cycle=0.1300 idt=0.0757 gnorm=29.214 dnorm=13.510 nan=0
2026-10-03 19:50:32,988 epoch=112 step=4900 loss_G=2.2024 loss_D_A=0.1622 loss_D_B=0.1475 cycle=0.0998 idt=0.0798 gnorm=23.486 dnorm=6.495 nan=0
2026-10-03 19:50:48,051 epoch=112 step=5000 loss_G=1.8019 loss_D_A=0.1535 loss_D_B=0.2688 cycle=0.0815 idt=0.0747 gnorm=16.649 dnorm=12.207 nan=0
2026-10-03 19:51:03,392 epoch=112 step=5100 loss_G=1.9932 loss_D_A=0.2030 loss_D_B=0.1177 cycle=0.0874 idt=0.0650 gnorm=15.777 dnorm=6.379 nan=0
2026-10-03 19:51:18,689 epoch=112 step=5200 loss_G=2.9743 loss_D_A=0.3020 loss_D_B=0.1522 cycle=0.0926 idt=0.0578 gnorm=21.770 dnorm=8.727 nan=0
2026-10-03 19:51:33,946 epoch=112 step=5300 loss_G=1.7737 loss_D_A=0.2607 loss_D_B=0.1691 cycle=0.0950 idt=0.0671 gnorm=28.254 dnorm=6.101 nan=0
2026-10-03 19:51:48,991 epoch=112 step=5400 loss_G=3.5876 loss_D_A=0.1538 loss_D_B=0.0688 cycle=0.1957 idt=0.1906 gnorm=34.315 dnorm=8.096 nan=0
2026-10-03 19:52:03,986 epoch=112 step=5500 loss_G=1.7830 loss_D_A=0.1289 loss_D_B=0.2138 cycle=0.0849 idt=0.0643 gnorm=16.062 dnorm=8.086 nan=0
2026-10-03 19:52:19,246 epoch=112 step=5600 loss_G=2.6235 loss_D_A=0.1029 loss_D_B=0.1550 cycle=0.1197 idt=0.1065 gnorm=28.138 dnorm=6.380 nan=0
2026-10-03 19:52:34,587 epoch=112 step=5700 loss_G=2.6399 loss_D_A=0.2368 loss_D_B=0.1446 cycle=0.1013 idt=0.0697 gnorm=18.759 dnorm=12.206 nan=0
2026-10-03 19:52:49,897 epoch=112 step=5800 loss_G=3.0862 loss_D_A=0.0612 loss_D_B=0.0988 cycle=0.1677 idt=0.1523 gnorm=17.566 dnorm=4.974 nan=0
2026-10-03 19:53:05,155 epoch=112 step=5900 loss_G=2.0342 loss_D_A=0.2132 loss_D_B=0.1771 cycle=0.0926 idt=0.0686 gnorm=19.282 dnorm=7.291 nan=0
2026-10-03 19:53:20,347 epoch=112 step=6000 loss_G=2.6767 loss_D_A=0.5599 loss_D_B=0.1603 cycle=0.1091 idt=0.1111 gnorm=26.207 dnorm=15.946 nan=0
2026-10-03 19:53:35,670 epoch=112 step=6100 loss_G=2.0837 loss_D_A=0.1442 loss_D_B=0.2011 cycle=0.1036 idt=0.0825 gnorm=22.361 dnorm=5.504 nan=0
2026-10-03 19:53:50,888 epoch=112 step=6200 loss_G=2.0860 loss_D_A=0.1957 loss_D_B=0.2339 cycle=0.0932 idt=0.0717 gnorm=17.581 dnorm=9.551 nan=0
2026-10-03 19:54:06,206 epoch=112 step=6300 loss_G=2.4964 loss_D_A=0.1781 loss_D_B=0.1042 cycle=0.1211 idt=0.0821 gnorm=31.642 dnorm=6.555 nan=0
2026-10-03 19:54:21,575 epoch=112 step=6400 loss_G=2.1718 loss_D_A=0.1704 loss_D_B=0.2384 cycle=0.1097 idt=0.0769 gnorm=28.581 dnorm=9.151 nan=0
2026-10-03 19:54:27,373 epoch_mean={'g': 2.399306516241457, 'd_a': 0.17659687233030444, 'd_b': 0.1994601033718255, 'cycle': 0.11147619071455615, 'identity': 0.0870092272869583, 'epoch': 112}
2026-10-03 19:54:27,989 epoch=113 step=1 loss_G=2.2644 loss_D_A=0.3253 loss_D_B=0.2117 cycle=0.0898 idt=0.0708 gnorm=26.029 dnorm=8.478 nan=0
2026-10-03 19:54:43,194 epoch=113 step=100 loss_G=2.8778 loss_D_A=0.2369 loss_D_B=0.1800 cycle=0.0955 idt=0.0634 gnorm=26.810 dnorm=8.053 nan=0
2026-10-03 19:54:58,393 epoch=113 step=200 loss_G=2.2415 loss_D_A=0.0668 loss_D_B=0.2002 cycle=0.1140 idt=0.0709 gnorm=33.882 dnorm=6.710 nan=0
2026-10-03 19:55:13,837 epoch=113 step=300 loss_G=2.7230 loss_D_A=0.2493 loss_D_B=0.0938 cycle=0.1486 idt=0.1167 gnorm=33.034 dnorm=6.012 nan=0
2026-10-03 19:55:29,174 epoch=113 step=400 loss_G=1.8762 loss_D_A=0.0813 loss_D_B=0.1066 cycle=0.0774 idt=0.0610 gnorm=19.826 dnorm=5.235 nan=0
2026-10-03 19:55:44,473 epoch=113 step=500 loss_G=2.4875 loss_D_A=0.0994 loss_D_B=0.3423 cycle=0.1142 idt=0.0898 gnorm=15.723 dnorm=7.349 nan=0
2026-10-03 19:55:59,470 epoch=113 step=600 loss_G=2.6583 loss_D_A=0.2272 loss_D_B=0.1591 cycle=0.1229 idt=0.0781 gnorm=30.505 dnorm=9.064 nan=0
2026-10-03 19:56:14,839 epoch=113 step=700 loss_G=2.0544 loss_D_A=0.2296 loss_D_B=0.2015 cycle=0.0904 idt=0.0687 gnorm=19.639 dnorm=7.870 nan=0
2026-10-03 19:56:30,101 epoch=113 step=800 loss_G=2.0325 loss_D_A=0.2094 loss_D_B=0.1725 cycle=0.0953 idt=0.0687 gnorm=23.553 dnorm=8.730 nan=0
2026-10-03 19:56:45,501 epoch=113 step=900 loss_G=2.6449 loss_D_A=0.0967 loss_D_B=0.3471 cycle=0.1310 idt=0.0846 gnorm=25.456 dnorm=6.750 nan=0
2026-10-03 19:57:00,841 epoch=113 step=1000 loss_G=4.6293 loss_D_A=0.0727 loss_D_B=0.1846 cycle=0.2329 idt=0.2681 gnorm=45.423 dnorm=7.413 nan=0
2026-10-03 19:57:16,097 epoch=113 step=1100 loss_G=2.0107 loss_D_A=0.2324 loss_D_B=0.1559 cycle=0.0732 idt=0.0631 gnorm=20.799 dnorm=6.905 nan=0
2026-10-03 19:57:31,422 epoch=113 step=1200 loss_G=2.7210 loss_D_A=0.1763 loss_D_B=0.0933 cycle=0.1455 idt=0.1216 gnorm=29.928 dnorm=7.449 nan=0
2026-10-03 19:57:46,811 epoch=113 step=1300 loss_G=2.1497 loss_D_A=0.1426 loss_D_B=0.0648 cycle=0.0687 idt=0.0626 gnorm=16.318 dnorm=6.025 nan=0
2026-10-03 19:58:02,066 epoch=113 step=1400 loss_G=2.3684 loss_D_A=0.2325 loss_D_B=0.2362 cycle=0.1056 idt=0.0927 gnorm=24.865 dnorm=9.640 nan=0
2026-10-03 19:58:17,383 epoch=113 step=1500 loss_G=2.7658 loss_D_A=0.1158 loss_D_B=0.1803 cycle=0.1040 idt=0.0879 gnorm=28.237 dnorm=8.292 nan=0
2026-10-03 19:58:32,850 epoch=113 step=1600 loss_G=2.0761 loss_D_A=0.3180 loss_D_B=0.1200 cycle=0.0918 idt=0.0763 gnorm=14.533 dnorm=7.697 nan=0
2026-10-03 19:58:48,121 epoch=113 step=1700 loss_G=2.1655 loss_D_A=0.1164 loss_D_B=0.1871 cycle=0.0934 idt=0.0752 gnorm=20.697 dnorm=6.224 nan=0
2026-10-03 19:59:03,426 epoch=113 step=1800 loss_G=2.4394 loss_D_A=0.1174 loss_D_B=0.3041 cycle=0.0927 idt=0.0607 gnorm=19.977 dnorm=7.767 nan=0
2026-10-03 19:59:18,662 epoch=113 step=1900 loss_G=2.5129 loss_D_A=0.1613 loss_D_B=0.2158 cycle=0.1504 idt=0.1090 gnorm=37.171 dnorm=5.281 nan=0
2026-10-03 19:59:33,841 epoch=113 step=2000 loss_G=2.2546 loss_D_A=0.0871 loss_D_B=0.2477 cycle=0.1086 idt=0.0788 gnorm=22.795 dnorm=8.897 nan=0
2026-10-03 19:59:49,004 epoch=113 step=2100 loss_G=1.8408 loss_D_A=0.1187 loss_D_B=0.1310 cycle=0.0932 idt=0.0619 gnorm=19.558 dnorm=6.160 nan=0
2026-10-03 20:00:04,385 epoch=113 step=2200 loss_G=2.2836 loss_D_A=0.1846 loss_D_B=0.1494 cycle=0.1300 idt=0.1028 gnorm=26.584 dnorm=6.700 nan=0
2026-10-03 20:00:19,664 epoch=113 step=2300 loss_G=2.3960 loss_D_A=0.1678 loss_D_B=0.2770 cycle=0.1085 idt=0.0802 gnorm=20.177 dnorm=8.315 nan=0
2026-10-03 20:00:34,872 epoch=113 step=2400 loss_G=2.8859 loss_D_A=0.2597 loss_D_B=0.1495 cycle=0.1239 idt=0.0772 gnorm=32.622 dnorm=6.611 nan=0
2026-10-03 20:00:50,238 epoch=113 step=2500 loss_G=1.9424 loss_D_A=0.1091 loss_D_B=0.2474 cycle=0.1052 idt=0.0672 gnorm=27.993 dnorm=7.556 nan=0
2026-10-03 20:01:05,192 epoch=113 step=2600 loss_G=1.5426 loss_D_A=0.1330 loss_D_B=0.2208 cycle=0.0663 idt=0.0438 gnorm=16.882 dnorm=9.262 nan=0
2026-10-03 20:01:20,501 epoch=113 step=2700 loss_G=2.7652 loss_D_A=0.2862 loss_D_B=0.2135 cycle=0.1131 idt=0.1045 gnorm=36.353 dnorm=10.114 nan=0
2026-10-03 20:01:35,845 epoch=113 step=2800 loss_G=2.1631 loss_D_A=0.1116 loss_D_B=0.1542 cycle=0.1031 idt=0.0745 gnorm=22.170 dnorm=11.701 nan=0
2026-10-03 20:01:51,139 epoch=113 step=2900 loss_G=1.6033 loss_D_A=0.2847 loss_D_B=0.1095 cycle=0.0876 idt=0.0519 gnorm=22.374 dnorm=6.367 nan=0
2026-10-03 20:02:06,431 epoch=113 step=3000 loss_G=2.9471 loss_D_A=0.1244 loss_D_B=0.4246 cycle=0.1400 idt=0.2153 gnorm=28.184 dnorm=7.845 nan=0
2026-10-03 20:02:21,807 epoch=113 step=3100 loss_G=2.0747 loss_D_A=0.1240 loss_D_B=0.2153 cycle=0.0906 idt=0.0883 gnorm=35.183 dnorm=5.841 nan=0
2026-10-03 20:02:37,087 epoch=113 step=3200 loss_G=1.9271 loss_D_A=0.1992 loss_D_B=0.1863 cycle=0.0938 idt=0.1007 gnorm=20.699 dnorm=7.034 nan=0
2026-10-03 20:02:52,317 epoch=113 step=3300 loss_G=1.9112 loss_D_A=0.1141 loss_D_B=0.1529 cycle=0.0842 idt=0.0852 gnorm=26.880 dnorm=5.406 nan=0
2026-10-03 20:03:07,687 epoch=113 step=3400 loss_G=2.4850 loss_D_A=0.2815 loss_D_B=0.2453 cycle=0.1192 idt=0.0713 gnorm=22.716 dnorm=7.519 nan=0
2026-10-03 20:03:22,951 epoch=113 step=3500 loss_G=2.2840 loss_D_A=0.1239 loss_D_B=0.1311 cycle=0.1082 idt=0.0994 gnorm=18.569 dnorm=6.317 nan=0
2026-10-03 20:03:38,216 epoch=113 step=3600 loss_G=2.3049 loss_D_A=0.0680 loss_D_B=0.2055 cycle=0.0974 idt=0.0645 gnorm=19.455 dnorm=6.646 nan=0
2026-10-03 20:03:53,511 epoch=113 step=3700 loss_G=2.1194 loss_D_A=0.2605 loss_D_B=0.0899 cycle=0.0938 idt=0.0652 gnorm=22.783 dnorm=7.460 nan=0
2026-10-03 20:04:08,797 epoch=113 step=3800 loss_G=2.2604 loss_D_A=0.1726 loss_D_B=0.1346 cycle=0.1068 idt=0.0996 gnorm=28.570 dnorm=5.501 nan=0
2026-10-03 20:04:24,038 epoch=113 step=3900 loss_G=2.0066 loss_D_A=0.2156 loss_D_B=0.2890 cycle=0.0942 idt=0.0861 gnorm=17.480 dnorm=9.308 nan=0
2026-10-03 20:04:39,401 epoch=113 step=4000 loss_G=1.7174 loss_D_A=0.3755 loss_D_B=0.2127 cycle=0.0797 idt=0.0700 gnorm=20.644 dnorm=15.644 nan=0
2026-10-03 20:04:54,742 epoch=113 step=4100 loss_G=1.8633 loss_D_A=0.0848 loss_D_B=0.2971 cycle=0.0984 idt=0.0659 gnorm=34.107 dnorm=7.282 nan=0
2026-10-03 20:05:09,990 epoch=113 step=4200 loss_G=1.9870 loss_D_A=0.1099 loss_D_B=0.2359 cycle=0.0749 idt=0.0591 gnorm=20.516 dnorm=5.789 nan=0
2026-10-03 20:05:25,359 epoch=113 step=4300 loss_G=2.4755 loss_D_A=0.1893 loss_D_B=0.0738 cycle=0.1129 idt=0.0697 gnorm=20.982 dnorm=8.355 nan=0
2026-10-03 20:05:40,484 epoch=113 step=4400 loss_G=2.2243 loss_D_A=0.2029 loss_D_B=0.1423 cycle=0.1001 idt=0.0713 gnorm=17.727 dnorm=7.084 nan=0
2026-10-03 20:05:55,725 epoch=113 step=4500 loss_G=2.7656 loss_D_A=0.2286 loss_D_B=0.2074 cycle=0.1328 idt=0.1108 gnorm=39.395 dnorm=10.183 nan=0
2026-10-03 20:06:11,003 epoch=113 step=4600 loss_G=2.0089 loss_D_A=0.2017 loss_D_B=0.2328 cycle=0.0938 idt=0.0661 gnorm=19.438 dnorm=6.206 nan=0
2026-10-03 20:06:26,044 epoch=113 step=4700 loss_G=2.6893 loss_D_A=0.1454 loss_D_B=0.1417 cycle=0.1017 idt=0.1308 gnorm=28.685 dnorm=5.367 nan=0
2026-10-03 20:06:41,047 epoch=113 step=4800 loss_G=1.5866 loss_D_A=0.1549 loss_D_B=0.0726 cycle=0.0844 idt=0.0577 gnorm=19.970 dnorm=8.158 nan=0
2026-10-03 20:06:56,391 epoch=113 step=4900 loss_G=2.5184 loss_D_A=0.1492 loss_D_B=0.1105 cycle=0.0962 idt=0.0621 gnorm=18.840 dnorm=8.416 nan=0
2026-10-03 20:07:11,748 epoch=113 step=5000 loss_G=2.4998 loss_D_A=0.0680 loss_D_B=0.2138 cycle=0.0852 idt=0.0605 gnorm=20.919 dnorm=5.860 nan=0
2026-10-03 20:07:27,015 epoch=113 step=5100 loss_G=2.2879 loss_D_A=0.0775 loss_D_B=0.0807 cycle=0.1326 idt=0.0911 gnorm=31.914 dnorm=4.590 nan=0
2026-10-03 20:07:42,492 epoch=113 step=5200 loss_G=1.8416 loss_D_A=0.2528 loss_D_B=0.3487 cycle=0.0967 idt=0.0746 gnorm=15.625 dnorm=9.415 nan=0
2026-10-03 20:07:57,783 epoch=113 step=5300 loss_G=2.6818 loss_D_A=0.2226 loss_D_B=0.3126 cycle=0.1366 idt=0.0963 gnorm=16.807 dnorm=5.769 nan=0
2026-10-03 20:08:13,045 epoch=113 step=5400 loss_G=2.1947 loss_D_A=0.0994 loss_D_B=0.1727 cycle=0.1175 idt=0.0880 gnorm=13.220 dnorm=5.427 nan=0
2026-10-03 20:08:28,216 epoch=113 step=5500 loss_G=2.5009 loss_D_A=0.2678 loss_D_B=0.3647 cycle=0.1368 idt=0.0769 gnorm=29.230 dnorm=11.362 nan=0
2026-10-03 20:08:43,407 epoch=113 step=5600 loss_G=2.3992 loss_D_A=0.0930 loss_D_B=0.1652 cycle=0.0843 idt=0.0689 gnorm=19.240 dnorm=7.855 nan=0
2026-10-03 20:08:58,707 epoch=113 step=5700 loss_G=1.8145 loss_D_A=0.1828 loss_D_B=0.2248 cycle=0.0831 idt=0.0840 gnorm=18.701 dnorm=8.401 nan=0
2026-10-03 20:09:13,551 epoch=113 step=5800 loss_G=2.5903 loss_D_A=0.3232 loss_D_B=0.2503 cycle=0.1322 idt=0.1122 gnorm=37.479 dnorm=9.700 nan=0
2026-10-03 20:09:28,889 epoch=113 step=5900 loss_G=3.7272 loss_D_A=0.2435 loss_D_B=0.1267 cycle=0.2037 idt=0.1693 gnorm=33.919 dnorm=8.301 nan=0
2026-10-03 20:09:44,007 epoch=113 step=6000 loss_G=2.7615 loss_D_A=0.1113 loss_D_B=0.2889 cycle=0.1014 idt=0.1085 gnorm=32.492 dnorm=7.374 nan=0
2026-10-03 20:09:59,197 epoch=113 step=6100 loss_G=1.6231 loss_D_A=0.1238 loss_D_B=0.1825 cycle=0.0709 idt=0.0517 gnorm=16.156 dnorm=8.346 nan=0
2026-10-03 20:10:14,118 epoch=113 step=6200 loss_G=2.5389 loss_D_A=0.1593 loss_D_B=0.2991 cycle=0.1058 idt=0.0680 gnorm=25.267 dnorm=6.878 nan=0
2026-10-03 20:10:29,386 epoch=113 step=6300 loss_G=1.8922 loss_D_A=0.1481 loss_D_B=0.1078 cycle=0.0770 idt=0.0517 gnorm=14.002 dnorm=6.453 nan=0
2026-10-03 20:10:44,707 epoch=113 step=6400 loss_G=2.7690 loss_D_A=0.1376 loss_D_B=0.0700 cycle=0.1343 idt=0.1021 gnorm=28.467 dnorm=4.536 nan=0
2026-10-03 20:10:50,470 epoch_mean={'g': 2.385346587158279, 'd_a': 0.1769836748116651, 'd_b': 0.19714108976972664, 'cycle': 0.11079792118694665, 'identity': 0.08616997018738835, 'epoch': 113}
2026-10-03 20:10:51,071 epoch=114 step=1 loss_G=2.3684 loss_D_A=0.2360 loss_D_B=0.4522 cycle=0.0964 idt=0.1027 gnorm=24.764 dnorm=11.434 nan=0
2026-10-03 20:11:06,192 epoch=114 step=100 loss_G=1.7144 loss_D_A=0.5277 loss_D_B=0.2733 cycle=0.0948 idt=0.0774 gnorm=16.745 dnorm=11.356 nan=0
2026-10-03 20:11:21,509 epoch=114 step=200 loss_G=1.7886 loss_D_A=0.1040 loss_D_B=0.1768 cycle=0.0977 idt=0.0575 gnorm=16.494 dnorm=6.228 nan=0
2026-10-03 20:11:36,942 epoch=114 step=300 loss_G=1.7966 loss_D_A=0.1566 loss_D_B=0.2884 cycle=0.0993 idt=0.0683 gnorm=26.626 dnorm=9.633 nan=0
2026-10-03 20:11:52,389 epoch=114 step=400 loss_G=3.1262 loss_D_A=0.1324 loss_D_B=0.1868 cycle=0.1152 idt=0.1395 gnorm=28.610 dnorm=7.121 nan=0
2026-10-03 20:12:07,688 epoch=114 step=500 loss_G=2.5841 loss_D_A=0.1315 loss_D_B=0.0728 cycle=0.1038 idt=0.0895 gnorm=26.077 dnorm=4.513 nan=0
2026-10-03 20:12:22,719 epoch=114 step=600 loss_G=3.1592 loss_D_A=0.0926 loss_D_B=0.0863 cycle=0.1726 idt=0.1490 gnorm=31.091 dnorm=7.114 nan=0
2026-10-03 20:12:38,086 epoch=114 step=700 loss_G=2.4235 loss_D_A=0.0747 loss_D_B=0.1765 cycle=0.1157 idt=0.1321 gnorm=23.390 dnorm=5.383 nan=0
2026-10-03 20:12:53,400 epoch=114 step=800 loss_G=2.3224 loss_D_A=0.1899 loss_D_B=0.1473 cycle=0.1083 idt=0.1031 gnorm=21.663 dnorm=5.191 nan=0
2026-10-03 20:13:08,646 epoch=114 step=900 loss_G=2.6632 loss_D_A=0.2559 loss_D_B=0.0841 cycle=0.0978 idt=0.0586 gnorm=24.360 dnorm=9.844 nan=0
2026-10-03 20:13:23,565 epoch=114 step=1000 loss_G=2.3710 loss_D_A=0.2089 loss_D_B=0.1032 cycle=0.1096 idt=0.0923 gnorm=17.337 dnorm=7.697 nan=0
2026-10-03 20:13:38,587 epoch=114 step=1100 loss_G=1.7705 loss_D_A=0.1242 loss_D_B=0.2561 cycle=0.0781 idt=0.0779 gnorm=25.423 dnorm=9.217 nan=0
2026-10-03 20:13:53,815 epoch=114 step=1200 loss_G=2.7510 loss_D_A=0.1672 loss_D_B=0.3003 cycle=0.1254 idt=0.0754 gnorm=46.228 dnorm=8.376 nan=0
2026-10-03 20:14:09,181 epoch=114 step=1300 loss_G=2.5357 loss_D_A=0.3295 loss_D_B=0.3792 cycle=0.1327 idt=0.1069 gnorm=33.591 dnorm=11.372 nan=0
2026-10-03 20:14:24,524 epoch=114 step=1400 loss_G=1.8838 loss_D_A=0.2771 loss_D_B=0.1103 cycle=0.0928 idt=0.0488 gnorm=20.143 dnorm=10.170 nan=0
2026-10-03 20:14:39,748 epoch=114 step=1500 loss_G=2.6900 loss_D_A=0.1130 loss_D_B=0.4557 cycle=0.1084 idt=0.1186 gnorm=23.446 dnorm=13.516 nan=0
2026-10-03 20:14:55,044 epoch=114 step=1600 loss_G=2.3253 loss_D_A=0.1395 loss_D_B=0.1059 cycle=0.1058 idt=0.0799 gnorm=16.019 dnorm=6.205 nan=0
2026-10-03 20:15:10,407 epoch=114 step=1700 loss_G=2.3958 loss_D_A=0.2175 loss_D_B=0.0641 cycle=0.1282 idt=0.0912 gnorm=12.586 dnorm=6.963 nan=0
2026-10-03 20:15:25,173 epoch=114 step=1800 loss_G=2.3894 loss_D_A=0.1385 loss_D_B=0.2479 cycle=0.0952 idt=0.1047 gnorm=26.682 dnorm=12.546 nan=0
2026-10-03 20:15:40,512 epoch=114 step=1900 loss_G=2.2297 loss_D_A=0.1314 loss_D_B=0.1605 cycle=0.1139 idt=0.0713 gnorm=30.362 dnorm=6.049 nan=0
2026-10-03 20:15:55,904 epoch=114 step=2000 loss_G=2.6995 loss_D_A=0.1982 loss_D_B=0.0747 cycle=0.1231 idt=0.1142 gnorm=29.642 dnorm=7.422 nan=0
2026-10-03 20:16:11,205 epoch=114 step=2100 loss_G=1.6065 loss_D_A=0.0950 loss_D_B=0.2893 cycle=0.0925 idt=0.0633 gnorm=13.759 dnorm=5.086 nan=0
2026-10-03 20:16:26,527 epoch=114 step=2200 loss_G=1.9350 loss_D_A=0.2723 loss_D_B=0.1506 cycle=0.1092 idt=0.0748 gnorm=17.529 dnorm=9.003 nan=0
2026-10-03 20:16:41,844 epoch=114 step=2300 loss_G=1.9883 loss_D_A=0.2359 loss_D_B=0.1745 cycle=0.1145 idt=0.0909 gnorm=24.504 dnorm=7.280 nan=0
2026-10-03 20:16:57,129 epoch=114 step=2400 loss_G=1.9543 loss_D_A=0.1442 loss_D_B=0.2579 cycle=0.0778 idt=0.0548 gnorm=14.286 dnorm=5.570 nan=0
2026-10-03 20:17:12,432 epoch=114 step=2500 loss_G=1.9092 loss_D_A=0.1058 loss_D_B=0.1010 cycle=0.0915 idt=0.0738 gnorm=24.969 dnorm=5.231 nan=0
2026-10-03 20:17:27,754 epoch=114 step=2600 loss_G=2.1351 loss_D_A=0.3714 loss_D_B=0.2667 cycle=0.0966 idt=0.0617 gnorm=26.552 dnorm=7.256 nan=0
2026-10-03 20:17:43,069 epoch=114 step=2700 loss_G=2.1484 loss_D_A=0.0414 loss_D_B=0.3482 cycle=0.0993 idt=0.0831 gnorm=23.053 dnorm=9.688 nan=0
2026-10-03 20:17:57,903 epoch=114 step=2800 loss_G=2.2456 loss_D_A=0.1184 loss_D_B=0.2415 cycle=0.1013 idt=0.0731 gnorm=20.001 dnorm=6.546 nan=0
2026-10-03 20:18:13,141 epoch=114 step=2900 loss_G=2.8818 loss_D_A=0.3138 loss_D_B=0.2128 cycle=0.1292 idt=0.0965 gnorm=34.940 dnorm=8.964 nan=0
2026-10-03 20:18:28,420 epoch=114 step=3000 loss_G=2.9056 loss_D_A=0.2452 loss_D_B=0.1529 cycle=0.1323 idt=0.0992 gnorm=28.443 dnorm=7.336 nan=0
2026-10-03 20:18:43,457 epoch=114 step=3100 loss_G=2.0951 loss_D_A=0.1676 loss_D_B=0.1241 cycle=0.0825 idt=0.0596 gnorm=17.827 dnorm=6.443 nan=0
2026-10-03 20:18:58,796 epoch=114 step=3200 loss_G=2.5033 loss_D_A=0.1675 loss_D_B=0.4329 cycle=0.0894 idt=0.0747 gnorm=31.578 dnorm=7.273 nan=0
2026-10-03 20:19:14,028 epoch=114 step=3300 loss_G=2.8904 loss_D_A=0.3590 loss_D_B=0.0832 cycle=0.1020 idt=0.0762 gnorm=24.251 dnorm=7.263 nan=0
2026-10-03 20:19:29,442 epoch=114 step=3400 loss_G=1.8288 loss_D_A=0.1926 loss_D_B=0.2487 cycle=0.0894 idt=0.0773 gnorm=27.264 dnorm=9.998 nan=0
2026-10-03 20:19:44,793 epoch=114 step=3500 loss_G=2.1878 loss_D_A=0.1515 loss_D_B=0.0917 cycle=0.1148 idt=0.0701 gnorm=21.204 dnorm=8.972 nan=0
2026-10-03 20:19:59,502 epoch=114 step=3600 loss_G=2.5262 loss_D_A=0.1073 loss_D_B=0.1494 cycle=0.1035 idt=0.0629 gnorm=23.804 dnorm=6.791 nan=0
2026-10-03 20:20:14,542 epoch=114 step=3700 loss_G=2.5042 loss_D_A=0.1263 loss_D_B=0.2482 cycle=0.1157 idt=0.0851 gnorm=29.398 dnorm=6.759 nan=0
2026-10-03 20:20:29,724 epoch=114 step=3800 loss_G=2.0980 loss_D_A=0.1520 loss_D_B=0.1516 cycle=0.0969 idt=0.0515 gnorm=17.339 dnorm=6.429 nan=0
2026-10-03 20:20:44,999 epoch=114 step=3900 loss_G=1.8922 loss_D_A=0.3015 loss_D_B=0.2361 cycle=0.0955 idt=0.1033 gnorm=14.742 dnorm=10.401 nan=0
2026-10-03 20:21:00,145 epoch=114 step=4000 loss_G=2.9816 loss_D_A=0.1841 loss_D_B=0.2009 cycle=0.1233 idt=0.1143 gnorm=31.970 dnorm=12.789 nan=0
2026-10-03 20:21:15,469 epoch=114 step=4100 loss_G=2.8397 loss_D_A=0.1967 loss_D_B=0.1147 cycle=0.0958 idt=0.0901 gnorm=24.314 dnorm=10.297 nan=0
2026-10-03 20:21:30,733 epoch=114 step=4200 loss_G=2.2521 loss_D_A=0.2221 loss_D_B=0.0817 cycle=0.0972 idt=0.0612 gnorm=20.375 dnorm=6.047 nan=0
2026-10-03 20:21:46,004 epoch=114 step=4300 loss_G=2.3921 loss_D_A=0.1651 loss_D_B=0.1870 cycle=0.1374 idt=0.0901 gnorm=37.420 dnorm=6.040 nan=0
2026-10-03 20:22:01,304 epoch=114 step=4400 loss_G=2.3722 loss_D_A=0.1591 loss_D_B=0.1622 cycle=0.0751 idt=0.0546 gnorm=18.016 dnorm=9.296 nan=0
2026-10-03 20:22:16,628 epoch=114 step=4500 loss_G=1.9134 loss_D_A=0.1655 loss_D_B=0.2513 cycle=0.0856 idt=0.0650 gnorm=17.992 dnorm=7.860 nan=0
2026-10-03 20:22:31,672 epoch=114 step=4600 loss_G=1.9076 loss_D_A=0.0519 loss_D_B=0.1403 cycle=0.0758 idt=0.0419 gnorm=19.928 dnorm=3.714 nan=0
2026-10-03 20:22:46,960 epoch=114 step=4700 loss_G=2.8036 loss_D_A=0.0810 loss_D_B=0.5079 cycle=0.1420 idt=0.1085 gnorm=34.254 dnorm=12.700 nan=0
2026-10-03 20:23:02,279 epoch=114 step=4800 loss_G=2.0608 loss_D_A=0.1929 loss_D_B=0.3170 cycle=0.0989 idt=0.0621 gnorm=29.310 dnorm=16.377 nan=0
2026-10-03 20:23:17,586 epoch=114 step=4900 loss_G=1.8812 loss_D_A=0.1132 loss_D_B=0.1858 cycle=0.0950 idt=0.0733 gnorm=22.029 dnorm=8.008 nan=0
2026-10-03 20:23:32,926 epoch=114 step=5000 loss_G=2.7224 loss_D_A=0.1857 loss_D_B=0.1918 cycle=0.1341 idt=0.1259 gnorm=28.360 dnorm=8.927 nan=0
2026-10-03 20:23:48,276 epoch=114 step=5100 loss_G=2.1985 loss_D_A=0.3224 loss_D_B=0.2009 cycle=0.1011 idt=0.0823 gnorm=29.282 dnorm=10.135 nan=0
2026-10-03 20:24:03,601 epoch=114 step=5200 loss_G=1.9993 loss_D_A=0.1416 loss_D_B=0.3732 cycle=0.0908 idt=0.0531 gnorm=29.025 dnorm=11.065 nan=0
2026-10-03 20:24:19,036 epoch=114 step=5300 loss_G=2.1094 loss_D_A=0.3427 loss_D_B=0.1532 cycle=0.1051 idt=0.0776 gnorm=19.590 dnorm=12.605 nan=0
2026-10-03 20:24:34,371 epoch=114 step=5400 loss_G=2.1705 loss_D_A=0.0855 loss_D_B=0.1099 cycle=0.1033 idt=0.0643 gnorm=22.971 dnorm=4.481 nan=0
2026-10-03 20:24:49,783 epoch=114 step=5500 loss_G=2.9220 loss_D_A=0.1194 loss_D_B=0.2888 cycle=0.1510 idt=0.1362 gnorm=37.099 dnorm=6.936 nan=0
2026-10-03 20:25:05,210 epoch=114 step=5600 loss_G=2.0605 loss_D_A=0.2416 loss_D_B=0.2772 cycle=0.1027 idt=0.0727 gnorm=18.713 dnorm=7.548 nan=0
2026-10-03 20:25:20,559 epoch=114 step=5700 loss_G=2.5105 loss_D_A=0.1381 loss_D_B=0.1514 cycle=0.1362 idt=0.1071 gnorm=37.261 dnorm=6.522 nan=0
2026-10-03 20:25:35,933 epoch=114 step=5800 loss_G=1.7966 loss_D_A=0.0803 loss_D_B=0.1318 cycle=0.0706 idt=0.0582 gnorm=32.386 dnorm=5.338 nan=0
2026-10-03 20:25:51,379 epoch=114 step=5900 loss_G=1.8865 loss_D_A=0.1740 loss_D_B=0.2902 cycle=0.0983 idt=0.0963 gnorm=28.968 dnorm=6.495 nan=0
2026-10-03 20:26:06,709 epoch=114 step=6000 loss_G=3.2723 loss_D_A=0.1339 loss_D_B=0.1249 cycle=0.1022 idt=0.0867 gnorm=35.110 dnorm=6.327 nan=0
2026-10-03 20:26:22,063 epoch=114 step=6100 loss_G=2.1039 loss_D_A=0.3722 loss_D_B=0.1086 cycle=0.1045 idt=0.0742 gnorm=16.224 dnorm=8.333 nan=0
2026-10-03 20:26:37,450 epoch=114 step=6200 loss_G=3.5403 loss_D_A=0.2913 loss_D_B=0.0677 cycle=0.1761 idt=0.1394 gnorm=33.092 dnorm=6.951 nan=0
2026-10-03 20:26:52,811 epoch=114 step=6300 loss_G=2.4683 loss_D_A=0.0695 loss_D_B=0.0967 cycle=0.1135 idt=0.0758 gnorm=34.513 dnorm=6.158 nan=0
2026-10-03 20:27:08,182 epoch=114 step=6400 loss_G=1.6079 loss_D_A=0.1003 loss_D_B=0.1505 cycle=0.0790 idt=0.0578 gnorm=28.972 dnorm=4.943 nan=0
2026-10-03 20:27:14,023 epoch_mean={'g': 2.365705060529279, 'd_a': 0.1766269253662337, 'd_b': 0.19564634467104497, 'cycle': 0.10873669058167812, 'identity': 0.08429810214983302, 'epoch': 114}
2026-10-03 20:27:14,637 epoch=115 step=1 loss_G=1.5139 loss_D_A=0.4370 loss_D_B=0.2024 cycle=0.0691 idt=0.0810 gnorm=21.191 dnorm=12.413 nan=0
2026-10-03 20:27:29,854 epoch=115 step=100 loss_G=2.1349 loss_D_A=0.0346 loss_D_B=0.2710 cycle=0.0808 idt=0.0649 gnorm=24.006 dnorm=10.266 nan=0
2026-10-03 20:27:45,242 epoch=115 step=200 loss_G=1.8330 loss_D_A=0.4161 loss_D_B=0.2079 cycle=0.1118 idt=0.0778 gnorm=30.077 dnorm=9.856 nan=0
2026-10-03 20:28:00,487 epoch=115 step=300 loss_G=2.6388 loss_D_A=0.1950 loss_D_B=0.1116 cycle=0.1176 idt=0.0811 gnorm=39.017 dnorm=4.685 nan=0
2026-10-03 20:28:15,608 epoch=115 step=400 loss_G=2.0546 loss_D_A=0.0790 loss_D_B=0.0687 cycle=0.1053 idt=0.0810 gnorm=23.806 dnorm=5.095 nan=0
2026-10-03 20:28:30,998 epoch=115 step=500 loss_G=2.0582 loss_D_A=0.1500 loss_D_B=0.1917 cycle=0.0900 idt=0.0733 gnorm=18.928 dnorm=7.607 nan=0
2026-10-03 20:28:46,377 epoch=115 step=600 loss_G=2.2814 loss_D_A=0.0969 loss_D_B=0.2508 cycle=0.1158 idt=0.0833 gnorm=33.126 dnorm=6.878 nan=0
2026-10-03 20:29:01,773 epoch=115 step=700 loss_G=1.8791 loss_D_A=0.0756 loss_D_B=0.0918 cycle=0.0989 idt=0.0755 gnorm=22.615 dnorm=5.371 nan=0
2026-10-03 20:29:17,175 epoch=115 step=800 loss_G=2.6520 loss_D_A=0.3134 loss_D_B=0.1041 cycle=0.1164 idt=0.0910 gnorm=28.676 dnorm=8.576 nan=0
2026-10-03 20:29:32,498 epoch=115 step=900 loss_G=2.5423 loss_D_A=0.2750 loss_D_B=0.1544 cycle=0.1139 idt=0.0746 gnorm=27.062 dnorm=5.717 nan=0
2026-10-03 20:29:47,445 epoch=115 step=1000 loss_G=2.1644 loss_D_A=0.1453 loss_D_B=0.0955 cycle=0.1120 idt=0.0852 gnorm=26.811 dnorm=7.493 nan=0
2026-10-03 20:30:02,494 epoch=115 step=1100 loss_G=1.9398 loss_D_A=0.0706 loss_D_B=0.1756 cycle=0.0943 idt=0.0738 gnorm=16.110 dnorm=6.771 nan=0
2026-10-03 20:30:17,519 epoch=115 step=1200 loss_G=1.6516 loss_D_A=0.2617 loss_D_B=0.0735 cycle=0.0931 idt=0.0619 gnorm=21.635 dnorm=5.782 nan=0
2026-10-03 20:30:32,813 epoch=115 step=1300 loss_G=2.5128 loss_D_A=0.3012 loss_D_B=0.1305 cycle=0.1187 idt=0.1400 gnorm=25.066 dnorm=11.206 nan=0
2026-10-03 20:30:48,167 epoch=115 step=1400 loss_G=1.9063 loss_D_A=0.0330 loss_D_B=0.1969 cycle=0.0918 idt=0.0603 gnorm=23.201 dnorm=4.918 nan=0
2026-10-03 20:31:03,514 epoch=115 step=1500 loss_G=2.8854 loss_D_A=0.0965 loss_D_B=0.0572 cycle=0.0990 idt=0.0746 gnorm=27.629 dnorm=5.535 nan=0
2026-10-03 20:31:18,966 epoch=115 step=1600 loss_G=2.6949 loss_D_A=0.2031 loss_D_B=0.1927 cycle=0.1249 idt=0.0818 gnorm=29.786 dnorm=10.156 nan=0
2026-10-03 20:31:33,463 epoch=115 step=1700 loss_G=3.0213 loss_D_A=0.2744 loss_D_B=0.1066 cycle=0.1478 idt=0.0899 gnorm=34.673 dnorm=10.056 nan=0
2026-10-03 20:31:48,514 epoch=115 step=1800 loss_G=1.8694 loss_D_A=0.1702 loss_D_B=0.2352 cycle=0.0930 idt=0.0687 gnorm=19.363 dnorm=7.088 nan=0
2026-10-03 20:32:03,968 epoch=115 step=1900 loss_G=4.9300 loss_D_A=0.2245 loss_D_B=0.1721 cycle=0.2707 idt=0.1727 gnorm=29.563 dnorm=8.999 nan=0
2026-10-03 20:32:19,112 epoch=115 step=2000 loss_G=2.5251 loss_D_A=0.3975 loss_D_B=0.1292 cycle=0.1051 idt=0.0778 gnorm=20.257 dnorm=8.173 nan=0
2026-10-03 20:32:34,141 epoch=115 step=2100 loss_G=2.2939 loss_D_A=0.1151 loss_D_B=0.2085 cycle=0.1261 idt=0.0830 gnorm=18.715 dnorm=5.976 nan=0
2026-10-03 20:32:49,607 epoch=115 step=2200 loss_G=2.7184 loss_D_A=0.2731 loss_D_B=0.1869 cycle=0.1505 idt=0.0698 gnorm=28.047 dnorm=11.995 nan=0
2026-10-03 20:33:04,650 epoch=115 step=2300 loss_G=3.1433 loss_D_A=0.2037 loss_D_B=0.0937 cycle=0.1149 idt=0.2185 gnorm=34.142 dnorm=8.275 nan=0
2026-10-03 20:33:19,994 epoch=115 step=2400 loss_G=2.0589 loss_D_A=0.1497 loss_D_B=0.1173 cycle=0.1017 idt=0.0708 gnorm=14.685 dnorm=7.617 nan=0
2026-10-03 20:33:35,396 epoch=115 step=2500 loss_G=1.9851 loss_D_A=0.1084 loss_D_B=0.1580 cycle=0.0951 idt=0.0727 gnorm=15.361 dnorm=7.466 nan=0
2026-10-03 20:33:50,226 epoch=115 step=2600 loss_G=2.4830 loss_D_A=0.3451 loss_D_B=0.1566 cycle=0.1248 idt=0.1490 gnorm=30.830 dnorm=13.296 nan=0
2026-10-03 20:34:05,617 epoch=115 step=2700 loss_G=2.3106 loss_D_A=0.1394 loss_D_B=0.1569 cycle=0.1043 idt=0.0792 gnorm=13.126 dnorm=5.762 nan=0
2026-10-03 20:34:20,986 epoch=115 step=2800 loss_G=2.0449 loss_D_A=0.4370 loss_D_B=0.1788 cycle=0.0948 idt=0.0919 gnorm=15.434 dnorm=12.029 nan=0
2026-10-03 20:34:35,801 epoch=115 step=2900 loss_G=2.6184 loss_D_A=0.0779 loss_D_B=0.0811 cycle=0.1261 idt=0.1163 gnorm=42.844 dnorm=5.836 nan=0
2026-10-03 20:34:51,066 epoch=115 step=3000 loss_G=1.7488 loss_D_A=0.3241 loss_D_B=0.1919 cycle=0.0825 idt=0.0573 gnorm=19.804 dnorm=14.286 nan=0
2026-10-03 20:35:06,409 epoch=115 step=3100 loss_G=2.9725 loss_D_A=0.1874 loss_D_B=0.1473 cycle=0.1476 idt=0.1628 gnorm=29.963 dnorm=6.086 nan=0
2026-10-03 20:35:21,790 epoch=115 step=3200 loss_G=2.0488 loss_D_A=0.1047 loss_D_B=0.0527 cycle=0.0846 idt=0.0704 gnorm=20.925 dnorm=5.719 nan=0
2026-10-03 20:35:37,062 epoch=115 step=3300 loss_G=2.3003 loss_D_A=0.3135 loss_D_B=0.2836 cycle=0.1023 idt=0.0893 gnorm=20.220 dnorm=8.801 nan=0
2026-10-03 20:35:52,434 epoch=115 step=3400 loss_G=1.8106 loss_D_A=0.1711 loss_D_B=0.1989 cycle=0.0914 idt=0.0493 gnorm=24.548 dnorm=8.538 nan=0
2026-10-03 20:36:07,765 epoch=115 step=3500 loss_G=3.1661 loss_D_A=0.1462 loss_D_B=0.1242 cycle=0.1542 idt=0.1577 gnorm=48.025 dnorm=7.565 nan=0
2026-10-03 20:36:22,949 epoch=115 step=3600 loss_G=1.9172 loss_D_A=0.0988 loss_D_B=0.1018 cycle=0.0956 idt=0.0680 gnorm=18.783 dnorm=5.993 nan=0
2026-10-03 20:36:37,941 epoch=115 step=3700 loss_G=3.1912 loss_D_A=0.1447 loss_D_B=0.1314 cycle=0.1239 idt=0.0966 gnorm=23.363 dnorm=6.466 nan=0
2026-10-03 20:36:53,311 epoch=115 step=3800 loss_G=3.1709 loss_D_A=0.0286 loss_D_B=0.0159 cycle=0.0970 idt=0.1210 gnorm=26.704 dnorm=2.095 nan=0
2026-10-03 20:37:08,377 epoch=115 step=3900 loss_G=2.4840 loss_D_A=0.2258 loss_D_B=0.0338 cycle=0.1363 idt=0.0795 gnorm=37.688 dnorm=4.082 nan=0
2026-10-03 20:37:23,724 epoch=115 step=4000 loss_G=2.3493 loss_D_A=0.1960 loss_D_B=0.1220 cycle=0.1123 idt=0.0551 gnorm=28.387 dnorm=8.986 nan=0
2026-10-03 20:37:38,922 epoch=115 step=4100 loss_G=2.8640 loss_D_A=0.1338 loss_D_B=0.1174 cycle=0.1489 idt=0.1239 gnorm=22.884 dnorm=7.686 nan=0
2026-10-03 20:37:54,126 epoch=115 step=4200 loss_G=2.5544 loss_D_A=0.2689 loss_D_B=0.2019 cycle=0.1330 idt=0.0969 gnorm=19.471 dnorm=7.660 nan=0
2026-10-03 20:38:09,486 epoch=115 step=4300 loss_G=1.8729 loss_D_A=0.2413 loss_D_B=0.0498 cycle=0.1024 idt=0.0813 gnorm=30.278 dnorm=5.515 nan=0
2026-10-03 20:38:24,608 epoch=115 step=4400 loss_G=2.2662 loss_D_A=0.2136 loss_D_B=0.3044 cycle=0.0889 idt=0.0730 gnorm=24.872 dnorm=7.286 nan=0
2026-10-03 20:38:39,945 epoch=115 step=4500 loss_G=2.6860 loss_D_A=0.3128 loss_D_B=0.0586 cycle=0.1189 idt=0.1283 gnorm=36.076 dnorm=10.225 nan=0
2026-10-03 20:38:55,256 epoch=115 step=4600 loss_G=2.9378 loss_D_A=0.1786 loss_D_B=0.2815 cycle=0.1146 idt=0.0888 gnorm=35.200 dnorm=10.220 nan=0
2026-10-03 20:39:10,528 epoch=115 step=4700 loss_G=2.1989 loss_D_A=0.3487 loss_D_B=0.1929 cycle=0.1034 idt=0.0807 gnorm=24.583 dnorm=10.509 nan=0
2026-10-03 20:39:25,893 epoch=115 step=4800 loss_G=1.5295 loss_D_A=0.1747 loss_D_B=0.1528 cycle=0.0829 idt=0.0540 gnorm=23.347 dnorm=10.511 nan=0
2026-10-03 20:39:41,217 epoch=115 step=4900 loss_G=2.1730 loss_D_A=0.4960 loss_D_B=0.2231 cycle=0.0818 idt=0.0768 gnorm=24.435 dnorm=11.047 nan=0
2026-10-03 20:39:56,640 epoch=115 step=5000 loss_G=2.7072 loss_D_A=0.0564 loss_D_B=0.0804 cycle=0.1192 idt=0.0836 gnorm=23.806 dnorm=4.417 nan=0
2026-10-03 20:40:11,962 epoch=115 step=5100 loss_G=2.1073 loss_D_A=0.1508 loss_D_B=0.2369 cycle=0.1216 idt=0.0811 gnorm=41.704 dnorm=8.430 nan=0
2026-10-03 20:40:27,042 epoch=115 step=5200 loss_G=2.0312 loss_D_A=0.1305 loss_D_B=0.2101 cycle=0.0906 idt=0.0591 gnorm=27.031 dnorm=7.241 nan=0
2026-10-03 20:40:42,279 epoch=115 step=5300 loss_G=2.2927 loss_D_A=0.0703 loss_D_B=0.1182 cycle=0.1275 idt=0.0776 gnorm=26.067 dnorm=5.770 nan=0
2026-10-03 20:40:57,528 epoch=115 step=5400 loss_G=1.7988 loss_D_A=0.2255 loss_D_B=0.3060 cycle=0.0770 idt=0.0549 gnorm=22.571 dnorm=7.916 nan=0
2026-10-03 20:41:12,866 epoch=115 step=5500 loss_G=2.4410 loss_D_A=0.1236 loss_D_B=0.0740 cycle=0.1253 idt=0.0885 gnorm=26.841 dnorm=5.264 nan=0
2026-10-03 20:41:28,243 epoch=115 step=5600 loss_G=2.0787 loss_D_A=0.1585 loss_D_B=0.2424 cycle=0.1011 idt=0.0926 gnorm=26.603 dnorm=6.992 nan=0
2026-10-03 20:41:43,562 epoch=115 step=5700 loss_G=2.0320 loss_D_A=0.0416 loss_D_B=0.2427 cycle=0.0636 idt=0.0664 gnorm=15.864 dnorm=10.373 nan=0
2026-10-03 20:41:58,417 epoch=115 step=5800 loss_G=1.3564 loss_D_A=0.1147 loss_D_B=0.2005 cycle=0.0871 idt=0.0602 gnorm=17.951 dnorm=8.216 nan=0
2026-10-03 20:42:13,800 epoch=115 step=5900 loss_G=3.1196 loss_D_A=0.2671 loss_D_B=0.1593 cycle=0.1570 idt=0.1389 gnorm=31.330 dnorm=7.323 nan=0
2026-10-03 20:42:29,142 epoch=115 step=6000 loss_G=3.0953 loss_D_A=0.4129 loss_D_B=0.1999 cycle=0.1593 idt=0.1709 gnorm=29.769 dnorm=9.827 nan=0
2026-10-03 20:42:44,553 epoch=115 step=6100 loss_G=2.0430 loss_D_A=0.1333 loss_D_B=0.1572 cycle=0.0963 idt=0.0854 gnorm=21.352 dnorm=6.821 nan=0
2026-10-03 20:42:59,690 epoch=115 step=6200 loss_G=1.6333 loss_D_A=0.1188 loss_D_B=0.1743 cycle=0.0721 idt=0.0617 gnorm=14.255 dnorm=5.705 nan=0
2026-10-03 20:43:14,988 epoch=115 step=6300 loss_G=2.9245 loss_D_A=0.0656 loss_D_B=0.1762 cycle=0.1190 idt=0.0872 gnorm=27.620 dnorm=4.771 nan=0
2026-10-03 20:43:30,448 epoch=115 step=6400 loss_G=1.8628 loss_D_A=0.0987 loss_D_B=0.2222 cycle=0.0786 idt=0.0532 gnorm=15.627 dnorm=6.897 nan=0
2026-10-03 20:43:36,271 epoch_mean={'g': 2.3707956845584808, 'd_a': 0.1737142837206819, 'd_b': 0.19450740097249727, 'cycle': 0.10865048482278075, 'identity': 0.08385933730571897, 'epoch': 115}
2026-10-03 20:43:36,889 epoch=116 step=1 loss_G=2.0743 loss_D_A=0.2575 loss_D_B=0.1717 cycle=0.0761 idt=0.0623 gnorm=19.688 dnorm=12.083 nan=0
2026-10-03 20:43:52,122 epoch=116 step=100 loss_G=2.8290 loss_D_A=0.0995 loss_D_B=0.1522 cycle=0.1420 idt=0.0960 gnorm=34.817 dnorm=4.741 nan=0
2026-10-03 20:44:07,450 epoch=116 step=200 loss_G=2.5094 loss_D_A=0.2647 loss_D_B=0.1488 cycle=0.1019 idt=0.0899 gnorm=23.244 dnorm=11.361 nan=0
2026-10-03 20:44:22,786 epoch=116 step=300 loss_G=2.5888 loss_D_A=0.1946 loss_D_B=0.4136 cycle=0.0836 idt=0.0530 gnorm=30.394 dnorm=10.445 nan=0
2026-10-03 20:44:38,229 epoch=116 step=400 loss_G=2.1204 loss_D_A=0.2365 loss_D_B=0.1764 cycle=0.0977 idt=0.0702 gnorm=29.074 dnorm=8.571 nan=0
2026-10-03 20:44:53,533 epoch=116 step=500 loss_G=1.7598 loss_D_A=0.1183 loss_D_B=0.2440 cycle=0.0832 idt=0.0773 gnorm=14.930 dnorm=6.108 nan=0
2026-10-03 20:45:08,884 epoch=116 step=600 loss_G=2.1285 loss_D_A=0.0350 loss_D_B=0.2790 cycle=0.1088 idt=0.1093 gnorm=41.471 dnorm=6.159 nan=0
2026-10-03 20:45:24,322 epoch=116 step=700 loss_G=1.5648 loss_D_A=0.1908 loss_D_B=0.2069 cycle=0.0714 idt=0.0610 gnorm=19.386 dnorm=7.966 nan=0
2026-10-03 20:45:39,678 epoch=116 step=800 loss_G=2.3266 loss_D_A=0.2153 loss_D_B=0.1780 cycle=0.0866 idt=0.0654 gnorm=22.414 dnorm=6.932 nan=0
2026-10-03 20:45:55,022 epoch=116 step=900 loss_G=3.2489 loss_D_A=0.1458 loss_D_B=0.1658 cycle=0.2166 idt=0.1749 gnorm=32.264 dnorm=9.935 nan=0
2026-10-03 20:46:10,439 epoch=116 step=1000 loss_G=2.4845 loss_D_A=0.2446 loss_D_B=0.2359 cycle=0.1259 idt=0.1150 gnorm=35.213 dnorm=8.076 nan=0
2026-10-03 20:46:25,757 epoch=116 step=1100 loss_G=2.5538 loss_D_A=0.1327 loss_D_B=0.2270 cycle=0.1207 idt=0.1052 gnorm=23.855 dnorm=11.100 nan=0
2026-10-03 20:46:41,060 epoch=116 step=1200 loss_G=2.2568 loss_D_A=0.2563 loss_D_B=0.3315 cycle=0.1439 idt=0.1129 gnorm=32.504 dnorm=10.104 nan=0
2026-10-03 20:46:56,493 epoch=116 step=1300 loss_G=2.3931 loss_D_A=0.1024 loss_D_B=0.0964 cycle=0.1047 idt=0.0780 gnorm=27.917 dnorm=5.000 nan=0
2026-10-03 20:47:11,850 epoch=116 step=1400 loss_G=2.7929 loss_D_A=0.1849 loss_D_B=0.2150 cycle=0.1108 idt=0.0780 gnorm=26.367 dnorm=8.680 nan=0
2026-10-03 20:47:27,204 epoch=116 step=1500 loss_G=1.6865 loss_D_A=0.1861 loss_D_B=0.1965 cycle=0.0841 idt=0.0605 gnorm=26.777 dnorm=7.955 nan=0
2026-10-03 20:47:42,308 epoch=116 step=1600 loss_G=3.5237 loss_D_A=0.3445 loss_D_B=0.2539 cycle=0.2037 idt=0.1545 gnorm=32.698 dnorm=10.431 nan=0
2026-10-03 20:47:57,230 epoch=116 step=1700 loss_G=2.4243 loss_D_A=0.1042 loss_D_B=0.1133 cycle=0.1161 idt=0.0766 gnorm=23.082 dnorm=6.983 nan=0
2026-10-03 20:48:12,648 epoch=116 step=1800 loss_G=2.3693 loss_D_A=0.2672 loss_D_B=0.1353 cycle=0.1040 idt=0.0878 gnorm=27.531 dnorm=7.932 nan=0
2026-10-03 20:48:28,004 epoch=116 step=1900 loss_G=2.8843 loss_D_A=0.4233 loss_D_B=0.1444 cycle=0.1372 idt=0.0914 gnorm=27.407 dnorm=12.124 nan=0
2026-10-03 20:48:43,336 epoch=116 step=2000 loss_G=2.2098 loss_D_A=0.1521 loss_D_B=0.3317 cycle=0.0946 idt=0.0634 gnorm=22.499 dnorm=8.131 nan=0
2026-10-03 20:48:58,710 epoch=116 step=2100 loss_G=2.6646 loss_D_A=0.2530 loss_D_B=0.0962 cycle=0.1197 idt=0.0931 gnorm=21.876 dnorm=6.856 nan=0
2026-10-03 20:49:13,870 epoch=116 step=2200 loss_G=2.0921 loss_D_A=0.1523 loss_D_B=0.2306 cycle=0.0988 idt=0.0760 gnorm=23.194 dnorm=7.243 nan=0
2026-10-03 20:49:29,194 epoch=116 step=2300 loss_G=1.4866 loss_D_A=0.1819 loss_D_B=0.1299 cycle=0.0764 idt=0.0554 gnorm=18.040 dnorm=5.226 nan=0
2026-10-03 20:49:44,565 epoch=116 step=2400 loss_G=2.5707 loss_D_A=0.0879 loss_D_B=0.1087 cycle=0.1382 idt=0.1048 gnorm=34.004 dnorm=5.962 nan=0
2026-10-03 20:50:00,013 epoch=116 step=2500 loss_G=2.1795 loss_D_A=0.2258 loss_D_B=0.1781 cycle=0.0911 idt=0.0703 gnorm=27.918 dnorm=6.460 nan=0
2026-10-03 20:50:15,318 epoch=116 step=2600 loss_G=2.9615 loss_D_A=0.1258 loss_D_B=0.0763 cycle=0.1049 idt=0.0581 gnorm=33.102 dnorm=4.877 nan=0
2026-10-03 20:50:30,725 epoch=116 step=2700 loss_G=2.5730 loss_D_A=0.1352 loss_D_B=0.3529 cycle=0.1040 idt=0.0636 gnorm=25.977 dnorm=7.524 nan=0
2026-10-03 20:50:45,652 epoch=116 step=2800 loss_G=1.7920 loss_D_A=0.1630 loss_D_B=0.3018 cycle=0.0751 idt=0.0570 gnorm=19.321 dnorm=9.742 nan=0
2026-10-03 20:51:00,976 epoch=116 step=2900 loss_G=1.9261 loss_D_A=0.1256 loss_D_B=0.0987 cycle=0.1296 idt=0.0942 gnorm=27.945 dnorm=4.983 nan=0
2026-10-03 20:51:16,189 epoch=116 step=3000 loss_G=2.5179 loss_D_A=0.1058 loss_D_B=0.1481 cycle=0.1213 idt=0.0793 gnorm=32.380 dnorm=4.897 nan=0
2026-10-03 20:51:31,559 epoch=116 step=3100 loss_G=2.0935 loss_D_A=0.2872 loss_D_B=0.2203 cycle=0.1039 idt=0.0711 gnorm=26.460 dnorm=8.171 nan=0
2026-10-03 20:51:46,879 epoch=116 step=3200 loss_G=2.6500 loss_D_A=0.1470 loss_D_B=0.2570 cycle=0.1162 idt=0.1081 gnorm=30.918 dnorm=11.172 nan=0
2026-10-03 20:52:02,073 epoch=116 step=3300 loss_G=3.0116 loss_D_A=0.2210 loss_D_B=0.2520 cycle=0.1031 idt=0.0610 gnorm=38.132 dnorm=8.459 nan=0
2026-10-03 20:52:16,725 epoch=116 step=3400 loss_G=2.0196 loss_D_A=0.1023 loss_D_B=0.1732 cycle=0.0850 idt=0.0627 gnorm=23.912 dnorm=8.172 nan=0
2026-10-03 20:52:32,064 epoch=116 step=3500 loss_G=2.4515 loss_D_A=0.2581 loss_D_B=0.1104 cycle=0.0889 idt=0.0640 gnorm=19.922 dnorm=7.537 nan=0
2026-10-03 20:52:47,452 epoch=116 step=3600 loss_G=1.6778 loss_D_A=0.2433 loss_D_B=0.2210 cycle=0.0789 idt=0.0679 gnorm=19.237 dnorm=12.185 nan=0
2026-10-03 20:53:02,767 epoch=116 step=3700 loss_G=1.7872 loss_D_A=0.0839 loss_D_B=0.1032 cycle=0.0959 idt=0.0742 gnorm=19.158 dnorm=5.741 nan=0
2026-10-03 20:53:18,129 epoch=116 step=3800 loss_G=2.3335 loss_D_A=0.1197 loss_D_B=0.2192 cycle=0.1235 idt=0.0872 gnorm=30.480 dnorm=6.998 nan=0
2026-10-03 20:53:33,535 epoch=116 step=3900 loss_G=2.7192 loss_D_A=0.1844 loss_D_B=0.2407 cycle=0.1210 idt=0.0836 gnorm=26.963 dnorm=6.902 nan=0
2026-10-03 20:53:48,830 epoch=116 step=4000 loss_G=2.1252 loss_D_A=0.2971 loss_D_B=0.0979 cycle=0.0968 idt=0.0531 gnorm=35.829 dnorm=14.114 nan=0
2026-10-03 20:54:04,082 epoch=116 step=4100 loss_G=2.3567 loss_D_A=0.1518 loss_D_B=0.1201 cycle=0.0929 idt=0.0411 gnorm=37.070 dnorm=6.855 nan=0
2026-10-03 20:54:19,523 epoch=116 step=4200 loss_G=1.7117 loss_D_A=0.0976 loss_D_B=0.3242 cycle=0.0820 idt=0.0637 gnorm=17.079 dnorm=9.077 nan=0
2026-10-03 20:54:34,821 epoch=116 step=4300 loss_G=2.1209 loss_D_A=0.2081 loss_D_B=0.3847 cycle=0.1046 idt=0.0687 gnorm=23.784 dnorm=9.122 nan=0
2026-10-03 20:54:50,201 epoch=116 step=4400 loss_G=2.1735 loss_D_A=0.1622 loss_D_B=0.2139 cycle=0.0894 idt=0.0939 gnorm=28.492 dnorm=6.671 nan=0
2026-10-03 20:55:05,616 epoch=116 step=4500 loss_G=1.9196 loss_D_A=0.2044 loss_D_B=0.2750 cycle=0.0909 idt=0.0703 gnorm=19.046 dnorm=8.544 nan=0
2026-10-03 20:55:20,977 epoch=116 step=4600 loss_G=1.8983 loss_D_A=0.2028 loss_D_B=0.1183 cycle=0.0661 idt=0.0499 gnorm=16.110 dnorm=8.416 nan=0
2026-10-03 20:55:36,262 epoch=116 step=4700 loss_G=2.5856 loss_D_A=0.2138 loss_D_B=0.2266 cycle=0.1011 idt=0.0821 gnorm=33.855 dnorm=7.518 nan=0
2026-10-03 20:55:51,610 epoch=116 step=4800 loss_G=1.7427 loss_D_A=0.2931 loss_D_B=0.2515 cycle=0.0721 idt=0.0572 gnorm=18.851 dnorm=11.609 nan=0
2026-10-03 20:56:06,751 epoch=116 step=4900 loss_G=2.0560 loss_D_A=0.2849 loss_D_B=0.2288 cycle=0.0916 idt=0.0574 gnorm=23.266 dnorm=11.541 nan=0
2026-10-03 20:56:21,833 epoch=116 step=5000 loss_G=1.9226 loss_D_A=0.1653 loss_D_B=0.0925 cycle=0.0984 idt=0.0645 gnorm=21.376 dnorm=5.591 nan=0
2026-10-03 20:56:37,123 epoch=116 step=5100 loss_G=2.1962 loss_D_A=0.1480 loss_D_B=0.0659 cycle=0.0791 idt=0.0676 gnorm=19.460 dnorm=5.613 nan=0
2026-10-03 20:56:52,470 epoch=116 step=5200 loss_G=1.9254 loss_D_A=0.1228 loss_D_B=0.2250 cycle=0.0909 idt=0.0680 gnorm=23.487 dnorm=9.926 nan=0
2026-10-03 20:57:07,720 epoch=116 step=5300 loss_G=2.0253 loss_D_A=0.1363 loss_D_B=0.2785 cycle=0.1510 idt=0.0577 gnorm=27.388 dnorm=7.553 nan=0
2026-10-03 20:57:23,013 epoch=116 step=5400 loss_G=2.1100 loss_D_A=0.0779 loss_D_B=0.1478 cycle=0.0773 idt=0.0596 gnorm=18.801 dnorm=4.774 nan=0
2026-10-03 20:57:38,290 epoch=116 step=5500 loss_G=2.5421 loss_D_A=0.1766 loss_D_B=0.2066 cycle=0.0887 idt=0.0837 gnorm=26.819 dnorm=8.563 nan=0
2026-10-03 20:57:53,697 epoch=116 step=5600 loss_G=2.0619 loss_D_A=0.1522 loss_D_B=0.3939 cycle=0.0858 idt=0.0663 gnorm=21.988 dnorm=12.381 nan=0
2026-10-03 20:58:08,694 epoch=116 step=5700 loss_G=2.2024 loss_D_A=0.2181 loss_D_B=0.2714 cycle=0.1006 idt=0.0783 gnorm=13.772 dnorm=9.132 nan=0
2026-10-03 20:58:23,870 epoch=116 step=5800 loss_G=2.2687 loss_D_A=0.1869 loss_D_B=0.1605 cycle=0.1072 idt=0.0839 gnorm=39.003 dnorm=7.371 nan=0
2026-10-03 20:58:39,242 epoch=116 step=5900 loss_G=1.7642 loss_D_A=0.1200 loss_D_B=0.1188 cycle=0.0952 idt=0.0823 gnorm=32.166 dnorm=5.794 nan=0
2026-10-03 20:58:54,590 epoch=116 step=6000 loss_G=1.7267 loss_D_A=0.1323 loss_D_B=0.1767 cycle=0.0849 idt=0.0670 gnorm=17.271 dnorm=5.993 nan=0
2026-10-03 20:59:09,575 epoch=116 step=6100 loss_G=2.2710 loss_D_A=0.1672 loss_D_B=0.3518 cycle=0.0919 idt=0.0665 gnorm=22.076 dnorm=10.273 nan=0
2026-10-03 20:59:24,762 epoch=116 step=6200 loss_G=4.4652 loss_D_A=0.1037 loss_D_B=0.2195 cycle=0.2557 idt=0.1883 gnorm=36.046 dnorm=6.143 nan=0
2026-10-03 20:59:39,828 epoch=116 step=6300 loss_G=2.9865 loss_D_A=0.2955 loss_D_B=0.0986 cycle=0.1478 idt=0.1196 gnorm=41.128 dnorm=8.459 nan=0
2026-10-03 20:59:55,253 epoch=116 step=6400 loss_G=1.7495 loss_D_A=0.3098 loss_D_B=0.2049 cycle=0.0977 idt=0.0652 gnorm=26.151 dnorm=8.354 nan=0
2026-10-03 21:00:01,046 epoch_mean={'g': 2.3545730368029667, 'd_a': 0.17387137482646978, 'd_b': 0.19414191054942334, 'cycle': 0.10772694649626728, 'identity': 0.08296059036373389, 'epoch': 116}
2026-10-03 21:00:01,664 epoch=117 step=1 loss_G=2.1231 loss_D_A=0.2410 loss_D_B=0.2628 cycle=0.1032 idt=0.0753 gnorm=18.997 dnorm=8.978 nan=0
2026-10-03 21:00:16,378 epoch=117 step=100 loss_G=2.1756 loss_D_A=0.2370 loss_D_B=0.3135 cycle=0.0860 idt=0.0627 gnorm=26.119 dnorm=12.262 nan=0
2026-10-03 21:00:31,783 epoch=117 step=200 loss_G=1.7429 loss_D_A=0.2929 loss_D_B=0.1448 cycle=0.1070 idt=0.0671 gnorm=24.633 dnorm=5.707 nan=0
2026-10-03 21:00:47,041 epoch=117 step=300 loss_G=2.6597 loss_D_A=0.1429 loss_D_B=0.0613 cycle=0.1357 idt=0.1346 gnorm=32.415 dnorm=5.103 nan=0
2026-10-03 21:01:02,375 epoch=117 step=400 loss_G=2.9618 loss_D_A=0.1195 loss_D_B=0.0893 cycle=0.1216 idt=0.1242 gnorm=31.784 dnorm=12.030 nan=0
2026-10-03 21:01:17,783 epoch=117 step=500 loss_G=2.3089 loss_D_A=0.2043 loss_D_B=0.2208 cycle=0.0917 idt=0.0940 gnorm=21.749 dnorm=6.732 nan=0
2026-10-03 21:01:33,093 epoch=117 step=600 loss_G=1.8054 loss_D_A=0.1704 loss_D_B=0.0960 cycle=0.0919 idt=0.0564 gnorm=15.495 dnorm=9.485 nan=0
2026-10-03 21:01:48,136 epoch=117 step=700 loss_G=1.7474 loss_D_A=0.0416 loss_D_B=0.1270 cycle=0.0766 idt=0.0531 gnorm=12.270 dnorm=4.369 nan=0
2026-10-03 21:02:03,555 epoch=117 step=800 loss_G=2.1821 loss_D_A=0.1388 loss_D_B=0.2551 cycle=0.1146 idt=0.0848 gnorm=32.260 dnorm=7.372 nan=0
2026-10-03 21:02:18,870 epoch=117 step=900 loss_G=1.7657 loss_D_A=0.1832 loss_D_B=0.4752 cycle=0.0857 idt=0.0590 gnorm=19.055 dnorm=13.274 nan=0
2026-10-03 21:02:34,283 epoch=117 step=1000 loss_G=1.8146 loss_D_A=0.0851 loss_D_B=0.2840 cycle=0.0815 idt=0.0684 gnorm=16.283 dnorm=7.025 nan=0
2026-10-03 21:02:49,370 epoch=117 step=1100 loss_G=2.3953 loss_D_A=0.1547 loss_D_B=0.1520 cycle=0.1302 idt=0.0933 gnorm=30.487 dnorm=5.094 nan=0
2026-10-03 21:03:04,718 epoch=117 step=1200 loss_G=2.5933 loss_D_A=0.2282 loss_D_B=0.1918 cycle=0.0984 idt=0.0692 gnorm=28.514 dnorm=10.243 nan=0
2026-10-03 21:03:20,060 epoch=117 step=1300 loss_G=2.1209 loss_D_A=0.3325 loss_D_B=0.1018 cycle=0.1171 idt=0.0630 gnorm=24.353 dnorm=12.421 nan=0
2026-10-03 21:03:34,714 epoch=117 step=1400 loss_G=1.9651 loss_D_A=0.1898 loss_D_B=0.0414 cycle=0.0839 idt=0.0575 gnorm=29.490 dnorm=5.785 nan=0
2026-10-03 21:03:50,072 epoch=117 step=1500 loss_G=3.0614 loss_D_A=0.2256 loss_D_B=0.1325 cycle=0.1611 idt=0.1106 gnorm=41.803 dnorm=6.118 nan=0
2026-10-03 21:04:05,407 epoch=117 step=1600 loss_G=2.5685 loss_D_A=0.0625 loss_D_B=0.0697 cycle=0.1015 idt=0.0741 gnorm=19.838 dnorm=4.397 nan=0
2026-10-03 21:04:20,512 epoch=117 step=1700 loss_G=1.7034 loss_D_A=0.0648 loss_D_B=0.1047 cycle=0.0843 idt=0.0623 gnorm=12.987 dnorm=4.376 nan=0
2026-10-03 21:04:35,806 epoch=117 step=1800 loss_G=1.7872 loss_D_A=0.1549 loss_D_B=0.0878 cycle=0.0871 idt=0.0644 gnorm=21.538 dnorm=5.758 nan=0
2026-10-03 21:04:50,980 epoch=117 step=1900 loss_G=2.2270 loss_D_A=0.0539 loss_D_B=0.1641 cycle=0.0871 idt=0.0529 gnorm=14.756 dnorm=4.715 nan=0
2026-10-03 21:05:06,273 epoch=117 step=2000 loss_G=2.7667 loss_D_A=0.0691 loss_D_B=0.0666 cycle=0.1527 idt=0.1373 gnorm=30.224 dnorm=4.320 nan=0
2026-10-03 21:05:21,636 epoch=117 step=2100 loss_G=2.6584 loss_D_A=0.1562 loss_D_B=0.1712 cycle=0.1441 idt=0.1168 gnorm=28.659 dnorm=6.198 nan=0
2026-10-03 21:05:37,038 epoch=117 step=2200 loss_G=1.9706 loss_D_A=0.1170 loss_D_B=0.0737 cycle=0.0921 idt=0.0799 gnorm=30.197 dnorm=4.849 nan=0
2026-10-03 21:05:52,389 epoch=117 step=2300 loss_G=1.5524 loss_D_A=0.1325 loss_D_B=0.1653 cycle=0.0796 idt=0.0567 gnorm=19.325 dnorm=6.309 nan=0
2026-10-03 21:06:07,555 epoch=117 step=2400 loss_G=2.8129 loss_D_A=0.1614 loss_D_B=0.1344 cycle=0.1543 idt=0.1261 gnorm=39.473 dnorm=8.540 nan=0
2026-10-03 21:06:22,780 epoch=117 step=2500 loss_G=1.9787 loss_D_A=0.3889 loss_D_B=0.1834 cycle=0.0985 idt=0.0718 gnorm=16.881 dnorm=7.486 nan=0
2026-10-03 21:06:38,092 epoch=117 step=2600 loss_G=2.6380 loss_D_A=0.2335 loss_D_B=0.2979 cycle=0.1025 idt=0.0883 gnorm=20.933 dnorm=8.962 nan=0
2026-10-03 21:06:53,451 epoch=117 step=2700 loss_G=3.8190 loss_D_A=0.1172 loss_D_B=0.0443 cycle=0.1291 idt=0.1291 gnorm=22.751 dnorm=4.626 nan=0
2026-10-03 21:07:08,821 epoch=117 step=2800 loss_G=2.5298 loss_D_A=0.1963 loss_D_B=0.1742 cycle=0.0873 idt=0.0586 gnorm=28.733 dnorm=8.271 nan=0
2026-10-03 21:07:24,176 epoch=117 step=2900 loss_G=2.4204 loss_D_A=0.0993 loss_D_B=0.3208 cycle=0.1087 idt=0.1184 gnorm=33.151 dnorm=8.492 nan=0
2026-10-03 21:07:39,641 epoch=117 step=3000 loss_G=1.8930 loss_D_A=0.2124 loss_D_B=0.1878 cycle=0.0884 idt=0.0724 gnorm=24.480 dnorm=7.614 nan=0
2026-10-03 21:07:54,997 epoch=117 step=3100 loss_G=2.5489 loss_D_A=0.0839 loss_D_B=0.1013 cycle=0.1121 idt=0.0730 gnorm=34.725 dnorm=3.705 nan=0
2026-10-03 21:08:10,065 epoch=117 step=3200 loss_G=2.2449 loss_D_A=0.1369 loss_D_B=0.1817 cycle=0.1053 idt=0.0795 gnorm=28.894 dnorm=6.800 nan=0
2026-10-03 21:08:25,446 epoch=117 step=3300 loss_G=2.7220 loss_D_A=0.1822 loss_D_B=0.5491 cycle=0.1096 idt=0.0656 gnorm=31.859 dnorm=11.322 nan=0
2026-10-03 21:08:40,537 epoch=117 step=3400 loss_G=2.3467 loss_D_A=0.0817 loss_D_B=0.1674 cycle=0.0847 idt=0.0667 gnorm=21.132 dnorm=7.981 nan=0
2026-10-03 21:08:55,713 epoch=117 step=3500 loss_G=2.7320 loss_D_A=0.3056 loss_D_B=0.1420 cycle=0.1327 idt=0.1162 gnorm=26.146 dnorm=13.729 nan=0
2026-10-03 21:09:10,616 epoch=117 step=3600 loss_G=2.3003 loss_D_A=0.0969 loss_D_B=0.1923 cycle=0.0908 idt=0.0614 gnorm=26.097 dnorm=6.616 nan=0
2026-10-03 21:09:25,987 epoch=117 step=3700 loss_G=1.8587 loss_D_A=0.1649 loss_D_B=0.1475 cycle=0.0961 idt=0.0752 gnorm=35.728 dnorm=12.536 nan=0
2026-10-03 21:09:41,358 epoch=117 step=3800 loss_G=1.9632 loss_D_A=0.3425 loss_D_B=0.1204 cycle=0.1017 idt=0.0795 gnorm=25.998 dnorm=10.384 nan=0
2026-10-03 21:09:56,772 epoch=117 step=3900 loss_G=1.8851 loss_D_A=0.1308 loss_D_B=0.1781 cycle=0.1019 idt=0.0665 gnorm=23.018 dnorm=6.553 nan=0
2026-10-03 21:10:12,012 epoch=117 step=4000 loss_G=2.1161 loss_D_A=0.1218 loss_D_B=0.1549 cycle=0.0877 idt=0.0582 gnorm=21.927 dnorm=5.427 nan=0
2026-10-03 21:10:27,153 epoch=117 step=4100 loss_G=1.7578 loss_D_A=0.0890 loss_D_B=0.1212 cycle=0.0856 idt=0.0565 gnorm=18.908 dnorm=5.989 nan=0
2026-10-03 21:10:42,450 epoch=117 step=4200 loss_G=2.1549 loss_D_A=0.1119 loss_D_B=0.1161 cycle=0.0788 idt=0.0727 gnorm=15.887 dnorm=5.496 nan=0
2026-10-03 21:10:57,822 epoch=117 step=4300 loss_G=1.8719 loss_D_A=0.1668 loss_D_B=0.2713 cycle=0.0957 idt=0.0707 gnorm=23.174 dnorm=7.600 nan=0
2026-10-03 21:11:13,005 epoch=117 step=4400 loss_G=2.3519 loss_D_A=0.1090 loss_D_B=0.2139 cycle=0.0942 idt=0.0757 gnorm=19.184 dnorm=5.655 nan=0
2026-10-03 21:11:28,353 epoch=117 step=4500 loss_G=2.3651 loss_D_A=0.1404 loss_D_B=0.2608 cycle=0.1240 idt=0.0862 gnorm=49.099 dnorm=6.939 nan=0
2026-10-03 21:11:43,678 epoch=117 step=4600 loss_G=2.5007 loss_D_A=0.0509 loss_D_B=0.2273 cycle=0.1166 idt=0.0979 gnorm=22.469 dnorm=8.363 nan=0
2026-10-03 21:11:59,109 epoch=117 step=4700 loss_G=2.8479 loss_D_A=0.1236 loss_D_B=0.3401 cycle=0.1007 idt=0.0760 gnorm=23.751 dnorm=10.458 nan=0
2026-10-03 21:12:14,323 epoch=117 step=4800 loss_G=2.5672 loss_D_A=0.1768 loss_D_B=0.2820 cycle=0.1151 idt=0.0715 gnorm=29.317 dnorm=7.967 nan=0
2026-10-03 21:12:29,672 epoch=117 step=4900 loss_G=2.3873 loss_D_A=0.1813 loss_D_B=0.1437 cycle=0.1188 idt=0.0752 gnorm=42.728 dnorm=8.770 nan=0
2026-10-03 21:12:44,779 epoch=117 step=5000 loss_G=2.7402 loss_D_A=0.1292 loss_D_B=0.1213 cycle=0.1424 idt=0.1223 gnorm=41.273 dnorm=6.752 nan=0
2026-10-03 21:12:59,632 epoch=117 step=5100 loss_G=2.0438 loss_D_A=0.0755 loss_D_B=0.0854 cycle=0.0950 idt=0.0863 gnorm=23.162 dnorm=6.218 nan=0
2026-10-03 21:13:14,848 epoch=117 step=5200 loss_G=2.0974 loss_D_A=0.3487 loss_D_B=0.2567 cycle=0.0715 idt=0.0500 gnorm=16.131 dnorm=12.672 nan=0
2026-10-03 21:13:30,082 epoch=117 step=5300 loss_G=2.3502 loss_D_A=0.1637 loss_D_B=0.1337 cycle=0.1138 idt=0.0957 gnorm=22.227 dnorm=6.246 nan=0
2026-10-03 21:13:45,187 epoch=117 step=5400 loss_G=2.2594 loss_D_A=0.1775 loss_D_B=0.2333 cycle=0.0829 idt=0.0572 gnorm=25.558 dnorm=7.252 nan=0
2026-10-03 21:14:00,526 epoch=117 step=5500 loss_G=2.6053 loss_D_A=0.2645 loss_D_B=0.2554 cycle=0.1154 idt=0.0923 gnorm=39.018 dnorm=10.142 nan=0
2026-10-03 21:14:15,897 epoch=117 step=5600 loss_G=2.2041 loss_D_A=0.0630 loss_D_B=0.1292 cycle=0.0917 idt=0.0762 gnorm=24.914 dnorm=5.374 nan=0
2026-10-03 21:14:31,251 epoch=117 step=5700 loss_G=2.1323 loss_D_A=0.0597 loss_D_B=0.2077 cycle=0.1167 idt=0.0909 gnorm=22.871 dnorm=6.063 nan=0
2026-10-03 21:14:46,543 epoch=117 step=5800 loss_G=2.6480 loss_D_A=0.2022 loss_D_B=0.2593 cycle=0.0850 idt=0.0681 gnorm=24.256 dnorm=7.430 nan=0
2026-10-03 21:15:01,759 epoch=117 step=5900 loss_G=2.1247 loss_D_A=0.1702 loss_D_B=0.2131 cycle=0.1078 idt=0.0645 gnorm=29.015 dnorm=8.943 nan=0
2026-10-03 21:15:16,845 epoch=117 step=6000 loss_G=3.0010 loss_D_A=0.0534 loss_D_B=0.2593 cycle=0.1310 idt=0.0889 gnorm=29.869 dnorm=7.068 nan=0
2026-10-03 21:15:32,281 epoch=117 step=6100 loss_G=1.5285 loss_D_A=0.2774 loss_D_B=0.2546 cycle=0.0990 idt=0.0500 gnorm=35.450 dnorm=15.414 nan=0
2026-10-03 21:15:47,621 epoch=117 step=6200 loss_G=2.1041 loss_D_A=0.3235 loss_D_B=0.1846 cycle=0.0987 idt=0.0792 gnorm=23.318 dnorm=10.824 nan=0
2026-10-03 21:16:02,564 epoch=117 step=6300 loss_G=2.7428 loss_D_A=0.1666 loss_D_B=0.2439 cycle=0.1293 idt=0.0805 gnorm=34.214 dnorm=10.034 nan=0
2026-10-03 21:16:18,060 epoch=117 step=6400 loss_G=3.3091 loss_D_A=0.0343 loss_D_B=0.0968 cycle=0.1500 idt=0.1290 gnorm=30.618 dnorm=3.298 nan=0
2026-10-03 21:16:23,871 epoch_mean={'g': 2.348586396202237, 'd_a': 0.17163285027012465, 'd_b': 0.19215987016785105, 'cycle': 0.10670505795059607, 'identity': 0.08209718655043784, 'epoch': 117}
2026-10-03 21:16:24,461 epoch=118 step=1 loss_G=2.2357 loss_D_A=0.1148 loss_D_B=0.3359 cycle=0.0786 idt=0.0636 gnorm=26.019 dnorm=7.207 nan=0
2026-10-03 21:16:39,677 epoch=118 step=100 loss_G=2.7272 loss_D_A=0.1499 loss_D_B=0.2210 cycle=0.1333 idt=0.1221 gnorm=49.055 dnorm=6.806 nan=0
2026-10-03 21:16:54,844 epoch=118 step=200 loss_G=4.2006 loss_D_A=0.1023 loss_D_B=0.1515 cycle=0.1715 idt=0.1252 gnorm=33.392 dnorm=6.985 nan=0
2026-10-03 21:17:10,017 epoch=118 step=300 loss_G=1.9115 loss_D_A=0.1102 loss_D_B=0.2063 cycle=0.0919 idt=0.0704 gnorm=18.738 dnorm=6.167 nan=0
2026-10-03 21:17:25,371 epoch=118 step=400 loss_G=3.0803 loss_D_A=0.1797 loss_D_B=0.1897 cycle=0.1598 idt=0.0870 gnorm=33.411 dnorm=7.107 nan=0
2026-10-03 21:17:39,816 epoch=118 step=500 loss_G=1.9594 loss_D_A=0.2171 loss_D_B=0.0930 cycle=0.0951 idt=0.0645 gnorm=24.387 dnorm=5.708 nan=0
2026-10-03 21:17:54,988 epoch=118 step=600 loss_G=2.1604 loss_D_A=0.1419 loss_D_B=0.1784 cycle=0.1072 idt=0.0770 gnorm=17.317 dnorm=6.174 nan=0
2026-10-03 21:18:10,433 epoch=118 step=700 loss_G=2.4562 loss_D_A=0.2183 loss_D_B=0.2404 cycle=0.1331 idt=0.0945 gnorm=33.611 dnorm=8.542 nan=0
2026-10-03 21:18:25,743 epoch=118 step=800 loss_G=1.2610 loss_D_A=0.2378 loss_D_B=0.3034 cycle=0.0688 idt=0.0501 gnorm=17.418 dnorm=10.727 nan=0
2026-10-03 21:18:40,957 epoch=118 step=900 loss_G=1.6047 loss_D_A=0.2262 loss_D_B=0.0934 cycle=0.0918 idt=0.0568 gnorm=25.908 dnorm=6.448 nan=0
2026-10-03 21:18:56,205 epoch=118 step=1000 loss_G=2.4442 loss_D_A=0.2118 loss_D_B=0.0813 cycle=0.1136 idt=0.0718 gnorm=32.127 dnorm=9.215 nan=0
2026-10-03 21:19:11,249 epoch=118 step=1100 loss_G=2.2654 loss_D_A=0.1454 loss_D_B=0.1992 cycle=0.1103 idt=0.0760 gnorm=27.748 dnorm=10.843 nan=0
2026-10-03 21:19:26,572 epoch=118 step=1200 loss_G=2.1767 loss_D_A=0.4436 loss_D_B=0.3682 cycle=0.0751 idt=0.0606 gnorm=23.580 dnorm=14.755 nan=0
2026-10-03 21:19:41,640 epoch=118 step=1300 loss_G=2.8155 loss_D_A=0.0495 loss_D_B=0.1467 cycle=0.0878 idt=0.0736 gnorm=22.928 dnorm=6.120 nan=0
2026-10-03 21:19:57,008 epoch=118 step=1400 loss_G=2.7992 loss_D_A=0.1213 loss_D_B=0.2234 cycle=0.0826 idt=0.1112 gnorm=37.313 dnorm=6.166 nan=0
2026-10-03 21:20:11,979 epoch=118 step=1500 loss_G=2.0153 loss_D_A=0.1591 loss_D_B=0.2066 cycle=0.0973 idt=0.0573 gnorm=17.104 dnorm=7.052 nan=0
2026-10-03 21:20:26,837 epoch=118 step=1600 loss_G=2.1619 loss_D_A=0.1523 loss_D_B=0.1585 cycle=0.0968 idt=0.0784 gnorm=28.345 dnorm=4.778 nan=0
2026-10-03 21:20:42,199 epoch=118 step=1700 loss_G=2.0806 loss_D_A=0.0772 loss_D_B=0.3360 cycle=0.1126 idt=0.0741 gnorm=25.088 dnorm=11.698 nan=0
2026-10-03 21:20:57,621 epoch=118 step=1800 loss_G=2.2884 loss_D_A=0.2451 loss_D_B=0.1974 cycle=0.1026 idt=0.0739 gnorm=13.376 dnorm=8.159 nan=0
2026-10-03 21:21:12,707 epoch=118 step=1900 loss_G=2.6948 loss_D_A=0.1210 loss_D_B=0.2798 cycle=0.0913 idt=0.0630 gnorm=18.491 dnorm=6.836 nan=0
2026-10-03 21:21:27,814 epoch=118 step=2000 loss_G=2.9414 loss_D_A=0.0753 loss_D_B=0.1351 cycle=0.1130 idt=0.0662 gnorm=23.246 dnorm=3.910 nan=0
2026-10-03 21:21:43,236 epoch=118 step=2100 loss_G=2.1229 loss_D_A=0.1169 loss_D_B=0.1180 cycle=0.0928 idt=0.0653 gnorm=20.824 dnorm=6.564 nan=0
2026-10-03 21:21:58,094 epoch=118 step=2200 loss_G=1.8947 loss_D_A=0.2535 loss_D_B=0.2023 cycle=0.0874 idt=0.0665 gnorm=16.511 dnorm=8.547 nan=0
2026-10-03 21:22:12,948 epoch=118 step=2300 loss_G=2.7282 loss_D_A=0.1454 loss_D_B=0.1498 cycle=0.1383 idt=0.0999 gnorm=34.879 dnorm=7.085 nan=0
2026-10-03 21:22:28,383 epoch=118 step=2400 loss_G=2.1273 loss_D_A=0.2175 loss_D_B=0.0936 cycle=0.0808 idt=0.0566 gnorm=19.229 dnorm=10.238 nan=0
2026-10-03 21:22:43,693 epoch=118 step=2500 loss_G=1.9441 loss_D_A=0.0792 loss_D_B=0.0862 cycle=0.0782 idt=0.0538 gnorm=23.689 dnorm=6.001 nan=0
2026-10-03 21:22:58,824 epoch=118 step=2600 loss_G=2.3819 loss_D_A=0.0615 loss_D_B=0.1811 cycle=0.1156 idt=0.0573 gnorm=41.805 dnorm=4.189 nan=0
2026-10-03 21:23:14,230 epoch=118 step=2700 loss_G=2.7554 loss_D_A=0.2536 loss_D_B=0.1653 cycle=0.0846 idt=0.0802 gnorm=20.918 dnorm=10.693 nan=0
2026-10-03 21:23:29,570 epoch=118 step=2800 loss_G=2.7512 loss_D_A=0.1521 loss_D_B=0.2573 cycle=0.1214 idt=0.0963 gnorm=39.497 dnorm=7.481 nan=0
2026-10-03 21:23:44,829 epoch=118 step=2900 loss_G=2.1971 loss_D_A=0.0967 loss_D_B=0.2173 cycle=0.1111 idt=0.0894 gnorm=23.362 dnorm=6.269 nan=0
2026-10-03 21:23:59,737 epoch=118 step=3000 loss_G=2.4725 loss_D_A=0.2038 loss_D_B=0.0816 cycle=0.1028 idt=0.0650 gnorm=24.002 dnorm=7.098 nan=0
2026-10-03 21:24:15,086 epoch=118 step=3100 loss_G=2.6911 loss_D_A=0.1383 loss_D_B=0.3879 cycle=0.1465 idt=0.0827 gnorm=25.824 dnorm=12.203 nan=0
2026-10-03 21:24:30,449 epoch=118 step=3200 loss_G=2.6917 loss_D_A=0.2067 loss_D_B=0.1898 cycle=0.1352 idt=0.0887 gnorm=32.916 dnorm=7.269 nan=0
2026-10-03 21:24:45,759 epoch=118 step=3300 loss_G=2.6865 loss_D_A=0.2618 loss_D_B=0.2646 cycle=0.1048 idt=0.0747 gnorm=38.889 dnorm=10.601 nan=0
2026-10-03 21:25:01,119 epoch=118 step=3400 loss_G=2.0769 loss_D_A=0.1071 loss_D_B=0.2355 cycle=0.0881 idt=0.1275 gnorm=15.430 dnorm=5.934 nan=0
2026-10-03 21:25:16,322 epoch=118 step=3500 loss_G=2.4830 loss_D_A=0.1504 loss_D_B=0.2369 cycle=0.1066 idt=0.0774 gnorm=19.679 dnorm=8.653 nan=0
2026-10-03 21:25:31,368 epoch=118 step=3600 loss_G=2.2469 loss_D_A=0.0643 loss_D_B=0.1001 cycle=0.0996 idt=0.0615 gnorm=27.969 dnorm=4.112 nan=0
2026-10-03 21:25:46,695 epoch=118 step=3700 loss_G=2.4362 loss_D_A=0.1124 loss_D_B=0.1996 cycle=0.1415 idt=0.0761 gnorm=40.786 dnorm=5.657 nan=0
2026-10-03 21:26:01,420 epoch=118 step=3800 loss_G=2.0837 loss_D_A=0.1730 loss_D_B=0.1032 cycle=0.1028 idt=0.0910 gnorm=21.870 dnorm=8.023 nan=0
2026-10-03 21:26:16,338 epoch=118 step=3900 loss_G=2.4541 loss_D_A=0.1524 loss_D_B=0.1682 cycle=0.0860 idt=0.0612 gnorm=30.525 dnorm=6.897 nan=0
2026-10-03 21:26:31,722 epoch=118 step=4000 loss_G=2.8389 loss_D_A=0.0640 loss_D_B=0.3344 cycle=0.1140 idt=0.0909 gnorm=19.130 dnorm=5.743 nan=0
2026-10-03 21:26:47,028 epoch=118 step=4100 loss_G=2.2357 loss_D_A=0.1739 loss_D_B=0.1696 cycle=0.1100 idt=0.0590 gnorm=30.249 dnorm=8.635 nan=0
2026-10-03 21:27:02,255 epoch=118 step=4200 loss_G=3.3971 loss_D_A=0.2311 loss_D_B=0.1415 cycle=0.1889 idt=0.1799 gnorm=40.535 dnorm=8.067 nan=0
2026-10-03 21:27:17,564 epoch=118 step=4300 loss_G=2.2186 loss_D_A=0.2286 loss_D_B=0.0965 cycle=0.1093 idt=0.1211 gnorm=35.657 dnorm=8.857 nan=0
2026-10-03 21:27:32,872 epoch=118 step=4400 loss_G=2.5324 loss_D_A=0.1585 loss_D_B=0.1199 cycle=0.0944 idt=0.0839 gnorm=30.428 dnorm=4.608 nan=0
2026-10-03 21:27:48,162 epoch=118 step=4500 loss_G=1.8965 loss_D_A=0.1842 loss_D_B=0.1041 cycle=0.0968 idt=0.0602 gnorm=21.884 dnorm=7.434 nan=0
2026-10-03 21:28:03,424 epoch=118 step=4600 loss_G=2.2725 loss_D_A=0.2014 loss_D_B=0.2141 cycle=0.0917 idt=0.0606 gnorm=16.956 dnorm=7.804 nan=0
2026-10-03 21:28:18,734 epoch=118 step=4700 loss_G=2.4949 loss_D_A=0.1972 loss_D_B=0.2490 cycle=0.1041 idt=0.0751 gnorm=15.556 dnorm=7.430 nan=0
2026-10-03 21:28:33,954 epoch=118 step=4800 loss_G=1.7778 loss_D_A=0.2022 loss_D_B=0.2068 cycle=0.0862 idt=0.0629 gnorm=26.143 dnorm=11.484 nan=0
2026-10-03 21:28:49,237 epoch=118 step=4900 loss_G=2.4918 loss_D_A=0.2428 loss_D_B=0.2854 cycle=0.1241 idt=0.1142 gnorm=25.525 dnorm=9.204 nan=0
2026-10-03 21:29:04,561 epoch=118 step=5000 loss_G=2.4198 loss_D_A=0.1267 loss_D_B=0.1107 cycle=0.1469 idt=0.1084 gnorm=21.488 dnorm=5.236 nan=0
2026-10-03 21:29:19,859 epoch=118 step=5100 loss_G=1.5779 loss_D_A=0.1125 loss_D_B=0.1768 cycle=0.0655 idt=0.0567 gnorm=17.329 dnorm=6.890 nan=0
2026-10-03 21:29:35,159 epoch=118 step=5200 loss_G=2.2811 loss_D_A=0.1397 loss_D_B=0.2447 cycle=0.1010 idt=0.0911 gnorm=36.312 dnorm=7.514 nan=0
2026-10-03 21:29:50,470 epoch=118 step=5300 loss_G=2.2349 loss_D_A=0.2173 loss_D_B=0.3190 cycle=0.1270 idt=0.0907 gnorm=36.884 dnorm=13.229 nan=0
2026-10-03 21:30:05,832 epoch=118 step=5400 loss_G=1.9755 loss_D_A=0.1793 loss_D_B=0.3419 cycle=0.1173 idt=0.0722 gnorm=25.422 dnorm=9.997 nan=0
2026-10-03 21:30:20,640 epoch=118 step=5500 loss_G=1.7225 loss_D_A=0.0797 loss_D_B=0.1651 cycle=0.0887 idt=0.0875 gnorm=31.725 dnorm=5.298 nan=0
2026-10-03 21:30:35,771 epoch=118 step=5600 loss_G=3.2262 loss_D_A=0.2392 loss_D_B=0.1376 cycle=0.1221 idt=0.0767 gnorm=30.695 dnorm=11.899 nan=0
2026-10-03 21:30:51,021 epoch=118 step=5700 loss_G=2.1307 loss_D_A=0.2096 loss_D_B=0.3328 cycle=0.1204 idt=0.1151 gnorm=40.156 dnorm=14.087 nan=0
2026-10-03 21:31:06,301 epoch=118 step=5800 loss_G=2.5340 loss_D_A=0.1258 loss_D_B=0.2242 cycle=0.1206 idt=0.0652 gnorm=29.580 dnorm=7.711 nan=0
2026-10-03 21:31:21,370 epoch=118 step=5900 loss_G=2.3200 loss_D_A=0.3027 loss_D_B=0.1030 cycle=0.1125 idt=0.0941 gnorm=18.183 dnorm=10.882 nan=0
2026-10-03 21:31:36,257 epoch=118 step=6000 loss_G=2.0348 loss_D_A=0.1674 loss_D_B=0.0704 cycle=0.0778 idt=0.0599 gnorm=17.249 dnorm=5.698 nan=0
2026-10-03 21:31:51,571 epoch=118 step=6100 loss_G=2.7198 loss_D_A=0.1552 loss_D_B=0.1890 cycle=0.1025 idt=0.0635 gnorm=34.559 dnorm=9.381 nan=0
2026-10-03 21:32:06,635 epoch=118 step=6200 loss_G=2.3659 loss_D_A=0.1057 loss_D_B=0.0679 cycle=0.1011 idt=0.0751 gnorm=17.592 dnorm=6.113 nan=0
2026-10-03 21:32:21,904 epoch=118 step=6300 loss_G=2.0639 loss_D_A=0.1470 loss_D_B=0.1988 cycle=0.0976 idt=0.0749 gnorm=20.294 dnorm=7.920 nan=0
2026-10-03 21:32:36,931 epoch=118 step=6400 loss_G=2.0543 loss_D_A=0.2012 loss_D_B=0.1091 cycle=0.0906 idt=0.0502 gnorm=25.317 dnorm=10.779 nan=0
2026-10-03 21:32:42,749 epoch_mean={'g': 2.3396627871136224, 'd_a': 0.17199488980831587, 'd_b': 0.1903973781162628, 'cycle': 0.1054419203180821, 'identity': 0.08066843488491185, 'epoch': 118}
2026-10-03 21:32:43,397 epoch=119 step=1 loss_G=2.5726 loss_D_A=0.1791 loss_D_B=0.1552 cycle=0.0944 idt=0.0725 gnorm=22.750 dnorm=7.201 nan=0
2026-10-03 21:32:58,324 epoch=119 step=100 loss_G=2.0464 loss_D_A=0.1773 loss_D_B=0.0844 cycle=0.0892 idt=0.0837 gnorm=26.470 dnorm=6.170 nan=0
2026-10-03 21:33:13,714 epoch=119 step=200 loss_G=2.1015 loss_D_A=0.2215 loss_D_B=0.2315 cycle=0.0703 idt=0.0646 gnorm=25.225 dnorm=9.729 nan=0
2026-10-03 21:33:28,984 epoch=119 step=300 loss_G=1.7683 loss_D_A=0.3427 loss_D_B=0.1008 cycle=0.0690 idt=0.0470 gnorm=21.572 dnorm=15.300 nan=0
2026-10-03 21:33:43,897 epoch=119 step=400 loss_G=1.6923 loss_D_A=0.2425 loss_D_B=0.3923 cycle=0.0668 idt=0.0461 gnorm=21.347 dnorm=10.536 nan=0
2026-10-03 21:33:59,168 epoch=119 step=500 loss_G=2.4739 loss_D_A=0.0938 loss_D_B=0.1297 cycle=0.1108 idt=0.0965 gnorm=21.716 dnorm=7.906 nan=0
2026-10-03 21:34:14,444 epoch=119 step=600 loss_G=2.1070 loss_D_A=0.3010 loss_D_B=0.4244 cycle=0.0887 idt=0.0896 gnorm=23.858 dnorm=12.590 nan=0
2026-10-03 21:34:29,586 epoch=119 step=700 loss_G=1.9316 loss_D_A=0.0367 loss_D_B=0.3268 cycle=0.0819 idt=0.0620 gnorm=20.886 dnorm=7.458 nan=0
2026-10-03 21:34:44,973 epoch=119 step=800 loss_G=1.7214 loss_D_A=0.0626 loss_D_B=0.0793 cycle=0.0990 idt=0.0627 gnorm=29.162 dnorm=3.859 nan=0
2026-10-03 21:35:00,249 epoch=119 step=900 loss_G=1.7737 loss_D_A=0.2112 loss_D_B=0.2959 cycle=0.0831 idt=0.1014 gnorm=22.611 dnorm=9.817 nan=0
2026-10-03 21:35:15,554 epoch=119 step=1000 loss_G=2.4839 loss_D_A=0.2693 loss_D_B=0.1549 cycle=0.1062 idt=0.0878 gnorm=27.760 dnorm=7.956 nan=0
2026-10-03 21:35:30,717 epoch=119 step=1100 loss_G=2.2509 loss_D_A=0.1911 loss_D_B=0.1745 cycle=0.0687 idt=0.0478 gnorm=20.954 dnorm=9.192 nan=0
2026-10-03 21:35:46,070 epoch=119 step=1200 loss_G=2.1666 loss_D_A=0.0760 loss_D_B=0.0742 cycle=0.0988 idt=0.0705 gnorm=24.644 dnorm=5.693 nan=0
2026-10-03 21:36:01,367 epoch=119 step=1300 loss_G=3.0073 loss_D_A=0.1763 loss_D_B=0.1810 cycle=0.0917 idt=0.0948 gnorm=30.470 dnorm=6.189 nan=0
2026-10-03 21:36:16,380 epoch=119 step=1400 loss_G=2.2024 loss_D_A=0.2322 loss_D_B=0.0732 cycle=0.1339 idt=0.0647 gnorm=37.496 dnorm=6.176 nan=0
2026-10-03 21:36:31,664 epoch=119 step=1500 loss_G=1.7002 loss_D_A=0.2963 loss_D_B=0.2226 cycle=0.0819 idt=0.0557 gnorm=18.341 dnorm=10.181 nan=0
2026-10-03 21:36:46,999 epoch=119 step=1600 loss_G=2.4358 loss_D_A=0.1092 loss_D_B=0.1788 cycle=0.1122 idt=0.0593 gnorm=34.964 dnorm=6.449 nan=0
2026-10-03 21:37:02,314 epoch=119 step=1700 loss_G=3.3649 loss_D_A=0.1960 loss_D_B=0.1251 cycle=0.1604 idt=0.0929 gnorm=43.217 dnorm=6.026 nan=0
2026-10-03 21:37:17,620 epoch=119 step=1800 loss_G=2.4115 loss_D_A=0.1262 loss_D_B=0.1665 cycle=0.0829 idt=0.1589 gnorm=24.087 dnorm=6.790 nan=0
2026-10-03 21:37:32,595 epoch=119 step=1900 loss_G=3.0486 loss_D_A=0.0348 loss_D_B=0.1916 cycle=0.1314 idt=0.1165 gnorm=24.898 dnorm=6.288 nan=0
2026-10-03 21:37:47,930 epoch=119 step=2000 loss_G=2.8467 loss_D_A=0.0221 loss_D_B=0.3015 cycle=0.1131 idt=0.0985 gnorm=28.328 dnorm=7.221 nan=0
2026-10-03 21:38:03,252 epoch=119 step=2100 loss_G=1.8574 loss_D_A=0.0656 loss_D_B=0.1643 cycle=0.0688 idt=0.0632 gnorm=17.742 dnorm=6.204 nan=0
2026-10-03 21:38:18,535 epoch=119 step=2200 loss_G=2.0609 loss_D_A=0.1830 loss_D_B=0.1945 cycle=0.0936 idt=0.0613 gnorm=24.594 dnorm=9.214 nan=0
2026-10-03 21:38:33,659 epoch=119 step=2300 loss_G=2.2110 loss_D_A=0.2903 loss_D_B=0.3450 cycle=0.0818 idt=0.0662 gnorm=18.249 dnorm=8.652 nan=0
2026-10-03 21:38:48,924 epoch=119 step=2400 loss_G=2.4034 loss_D_A=0.1103 loss_D_B=0.2053 cycle=0.0908 idt=0.0625 gnorm=32.347 dnorm=5.286 nan=0
2026-10-03 21:39:03,618 epoch=119 step=2500 loss_G=2.0691 loss_D_A=0.2235 loss_D_B=0.3054 cycle=0.0918 idt=0.0621 gnorm=24.620 dnorm=8.816 nan=0
2026-10-03 21:39:18,836 epoch=119 step=2600 loss_G=2.0722 loss_D_A=0.0562 loss_D_B=0.1064 cycle=0.0767 idt=0.0733 gnorm=20.446 dnorm=6.048 nan=0
2026-10-03 21:39:34,350 epoch=119 step=2700 loss_G=2.4242 loss_D_A=0.1848 loss_D_B=0.0893 cycle=0.0956 idt=0.1037 gnorm=28.781 dnorm=6.799 nan=0
2026-10-03 21:39:49,606 epoch=119 step=2800 loss_G=2.9548 loss_D_A=0.1480 loss_D_B=0.1793 cycle=0.0953 idt=0.0691 gnorm=25.829 dnorm=9.382 nan=0
2026-10-03 21:40:04,783 epoch=119 step=2900 loss_G=2.0635 loss_D_A=0.0953 loss_D_B=0.2134 cycle=0.0861 idt=0.0571 gnorm=24.557 dnorm=6.686 nan=0
2026-10-03 21:40:19,817 epoch=119 step=3000 loss_G=2.2959 loss_D_A=0.0703 loss_D_B=0.1631 cycle=0.1007 idt=0.0635 gnorm=29.323 dnorm=6.802 nan=0
2026-10-03 21:40:34,926 epoch=119 step=3100 loss_G=2.6827 loss_D_A=0.0524 loss_D_B=0.1299 cycle=0.0897 idt=0.0691 gnorm=21.468 dnorm=5.287 nan=0
2026-10-03 21:40:50,273 epoch=119 step=3200 loss_G=2.5018 loss_D_A=0.2388 loss_D_B=0.2032 cycle=0.1117 idt=0.0815 gnorm=21.161 dnorm=7.334 nan=0
2026-10-03 21:41:05,456 epoch=119 step=3300 loss_G=2.2920 loss_D_A=0.2277 loss_D_B=0.1895 cycle=0.0803 idt=0.0581 gnorm=22.829 dnorm=6.619 nan=0
2026-10-03 21:41:20,342 epoch=119 step=3400 loss_G=2.4809 loss_D_A=0.2142 loss_D_B=0.2194 cycle=0.0717 idt=0.0678 gnorm=21.132 dnorm=8.424 nan=0
2026-10-03 21:41:35,704 epoch=119 step=3500 loss_G=2.3516 loss_D_A=0.0374 loss_D_B=0.0663 cycle=0.0701 idt=0.0475 gnorm=25.252 dnorm=3.240 nan=0
2026-10-03 21:41:50,824 epoch=119 step=3600 loss_G=2.4198 loss_D_A=0.1237 loss_D_B=0.2035 cycle=0.1023 idt=0.0616 gnorm=25.424 dnorm=6.182 nan=0
2026-10-03 21:42:06,084 epoch=119 step=3700 loss_G=1.7839 loss_D_A=0.2993 loss_D_B=0.2208 cycle=0.0781 idt=0.0671 gnorm=18.093 dnorm=9.295 nan=0
2026-10-03 21:42:21,349 epoch=119 step=3800 loss_G=1.4002 loss_D_A=0.2464 loss_D_B=0.2407 cycle=0.0753 idt=0.0513 gnorm=21.561 dnorm=9.785 nan=0
2026-10-03 21:42:36,319 epoch=119 step=3900 loss_G=2.2339 loss_D_A=0.1625 loss_D_B=0.1857 cycle=0.1071 idt=0.1016 gnorm=28.102 dnorm=6.066 nan=0
2026-10-03 21:42:51,399 epoch=119 step=4000 loss_G=2.7316 loss_D_A=0.1001 loss_D_B=0.1812 cycle=0.1006 idt=0.0710 gnorm=29.180 dnorm=4.826 nan=0
2026-10-03 21:43:06,510 epoch=119 step=4100 loss_G=2.6410 loss_D_A=0.1657 loss_D_B=0.2318 cycle=0.0922 idt=0.1109 gnorm=32.545 dnorm=8.282 nan=0
2026-10-03 21:43:21,796 epoch=119 step=4200 loss_G=1.7993 loss_D_A=0.2501 loss_D_B=0.1990 cycle=0.0738 idt=0.0547 gnorm=15.780 dnorm=9.646 nan=0
2026-10-03 21:43:36,912 epoch=119 step=4300 loss_G=3.0297 loss_D_A=0.2609 loss_D_B=0.1898 cycle=0.0944 idt=0.0867 gnorm=34.110 dnorm=8.519 nan=0
2026-10-03 21:43:52,221 epoch=119 step=4400 loss_G=2.0976 loss_D_A=0.2786 loss_D_B=0.3785 cycle=0.0983 idt=0.1272 gnorm=21.945 dnorm=12.568 nan=0
2026-10-03 21:44:07,504 epoch=119 step=4500 loss_G=1.6264 loss_D_A=0.0813 loss_D_B=0.2824 cycle=0.0855 idt=0.0568 gnorm=15.697 dnorm=6.814 nan=0
2026-10-03 21:44:22,784 epoch=119 step=4600 loss_G=2.8319 loss_D_A=0.2535 loss_D_B=0.2428 cycle=0.1040 idt=0.0927 gnorm=34.510 dnorm=9.199 nan=0
2026-10-03 21:44:37,929 epoch=119 step=4700 loss_G=2.7283 loss_D_A=0.2035 loss_D_B=0.0912 cycle=0.0966 idt=0.0882 gnorm=29.381 dnorm=7.260 nan=0
2026-10-03 21:44:53,015 epoch=119 step=4800 loss_G=2.6521 loss_D_A=0.2140 loss_D_B=0.1993 cycle=0.0734 idt=0.0575 gnorm=19.706 dnorm=13.494 nan=0
2026-10-03 21:45:07,771 epoch=119 step=4900 loss_G=2.4928 loss_D_A=0.0800 loss_D_B=0.2545 cycle=0.0997 idt=0.0790 gnorm=23.522 dnorm=7.291 nan=0
2026-10-03 21:45:23,182 epoch=119 step=5000 loss_G=2.1183 loss_D_A=0.2939 loss_D_B=0.1982 cycle=0.1015 idt=0.0923 gnorm=34.438 dnorm=9.189 nan=0
2026-10-03 21:45:38,268 epoch=119 step=5100 loss_G=2.5112 loss_D_A=0.2809 loss_D_B=0.1425 cycle=0.0897 idt=0.0680 gnorm=24.864 dnorm=11.991 nan=0
2026-10-03 21:45:53,466 epoch=119 step=5200 loss_G=1.9123 loss_D_A=0.2604 loss_D_B=0.2214 cycle=0.0883 idt=0.0721 gnorm=23.896 dnorm=9.081 nan=0
2026-10-03 21:46:08,425 epoch=119 step=5300 loss_G=2.0674 loss_D_A=0.1022 loss_D_B=0.0363 cycle=0.0897 idt=0.0764 gnorm=22.277 dnorm=3.744 nan=0
2026-10-03 21:46:23,665 epoch=119 step=5400 loss_G=3.2336 loss_D_A=0.0866 loss_D_B=0.2953 cycle=0.0990 idt=0.1525 gnorm=25.209 dnorm=9.097 nan=0
2026-10-03 21:46:38,964 epoch=119 step=5500 loss_G=1.6824 loss_D_A=0.1740 loss_D_B=0.0774 cycle=0.0808 idt=0.0640 gnorm=17.471 dnorm=5.705 nan=0
2026-10-03 21:46:54,291 epoch=119 step=5600 loss_G=2.2992 loss_D_A=0.0961 loss_D_B=0.1308 cycle=0.0963 idt=0.0777 gnorm=20.145 dnorm=7.251 nan=0
2026-10-03 21:47:09,608 epoch=119 step=5700 loss_G=2.3132 loss_D_A=0.3923 loss_D_B=0.1949 cycle=0.1109 idt=0.0708 gnorm=33.208 dnorm=14.377 nan=0
2026-10-03 21:47:24,895 epoch=119 step=5800 loss_G=1.9366 loss_D_A=0.1864 loss_D_B=0.1662 cycle=0.0903 idt=0.0574 gnorm=25.200 dnorm=7.158 nan=0
2026-10-03 21:47:40,006 epoch=119 step=5900 loss_G=2.3745 loss_D_A=0.0859 loss_D_B=0.2182 cycle=0.1108 idt=0.0880 gnorm=33.109 dnorm=13.728 nan=0
2026-10-03 21:47:55,268 epoch=119 step=6000 loss_G=2.0394 loss_D_A=0.3230 loss_D_B=0.3746 cycle=0.0922 idt=0.0570 gnorm=23.594 dnorm=11.933 nan=0
2026-10-03 21:48:10,510 epoch=119 step=6100 loss_G=3.3635 loss_D_A=0.1908 loss_D_B=0.0812 cycle=0.0843 idt=0.1579 gnorm=33.132 dnorm=5.409 nan=0
2026-10-03 21:48:25,856 epoch=119 step=6200 loss_G=2.4591 loss_D_A=0.0669 loss_D_B=0.1982 cycle=0.1349 idt=0.0795 gnorm=33.704 dnorm=5.203 nan=0
2026-10-03 21:48:41,175 epoch=119 step=6300 loss_G=2.5868 loss_D_A=0.0996 loss_D_B=0.1036 cycle=0.1186 idt=0.0793 gnorm=29.641 dnorm=4.596 nan=0
2026-10-03 21:48:56,228 epoch=119 step=6400 loss_G=1.5771 loss_D_A=0.2420 loss_D_B=0.2207 cycle=0.0856 idt=0.0643 gnorm=10.994 dnorm=11.211 nan=0
2026-10-03 21:49:02,092 epoch_mean={'g': 2.3334836553956975, 'd_a': 0.1713381219480526, 'd_b': 0.18759800892285064, 'cycle': 0.10463406247876378, 'identity': 0.08034859284291027, 'epoch': 119}
2026-10-03 21:49:02,720 epoch=120 step=1 loss_G=2.2747 loss_D_A=0.0397 loss_D_B=0.1269 cycle=0.0958 idt=0.0695 gnorm=21.547 dnorm=4.149 nan=0
2026-10-03 21:49:17,831 epoch=120 step=100 loss_G=1.7313 loss_D_A=0.2091 loss_D_B=0.1164 cycle=0.0819 idt=0.0677 gnorm=19.136 dnorm=7.820 nan=0
2026-10-03 21:49:33,301 epoch=120 step=200 loss_G=2.4721 loss_D_A=0.0452 loss_D_B=0.1841 cycle=0.1185 idt=0.0960 gnorm=28.531 dnorm=7.742 nan=0
2026-10-03 21:49:48,522 epoch=120 step=300 loss_G=1.9884 loss_D_A=0.0838 loss_D_B=0.1623 cycle=0.0900 idt=0.0874 gnorm=18.278 dnorm=5.089 nan=0
2026-10-03 21:50:03,474 epoch=120 step=400 loss_G=1.7047 loss_D_A=0.0835 loss_D_B=0.1636 cycle=0.0855 idt=0.0582 gnorm=17.394 dnorm=9.673 nan=0
2026-10-03 21:50:18,899 epoch=120 step=500 loss_G=2.8628 loss_D_A=0.1002 loss_D_B=0.1231 cycle=0.1358 idt=0.0861 gnorm=26.745 dnorm=9.394 nan=0
2026-10-03 21:50:34,212 epoch=120 step=600 loss_G=2.5540 loss_D_A=0.0465 loss_D_B=0.2316 cycle=0.1127 idt=0.0738 gnorm=39.088 dnorm=6.382 nan=0
2026-10-03 21:50:48,920 epoch=120 step=700 loss_G=2.2195 loss_D_A=0.1190 loss_D_B=0.1491 cycle=0.1017 idt=0.0833 gnorm=32.352 dnorm=5.538 nan=0
2026-10-03 21:51:04,231 epoch=120 step=800 loss_G=2.2617 loss_D_A=0.1992 loss_D_B=0.2784 cycle=0.0913 idt=0.1225 gnorm=28.700 dnorm=8.336 nan=0
2026-10-03 21:51:19,510 epoch=120 step=900 loss_G=2.8242 loss_D_A=0.2387 loss_D_B=0.1098 cycle=0.1211 idt=0.0822 gnorm=39.465 dnorm=6.239 nan=0
2026-10-03 21:51:34,815 epoch=120 step=1000 loss_G=1.5628 loss_D_A=0.0433 loss_D_B=0.0552 cycle=0.0765 idt=0.0546 gnorm=13.648 dnorm=3.738 nan=0
2026-10-03 21:51:50,155 epoch=120 step=1100 loss_G=2.5582 loss_D_A=0.1432 loss_D_B=0.1318 cycle=0.0793 idt=0.0603 gnorm=15.391 dnorm=4.862 nan=0
2026-10-03 21:52:05,446 epoch=120 step=1200 loss_G=1.9851 loss_D_A=0.1240 loss_D_B=0.0788 cycle=0.0996 idt=0.0816 gnorm=26.164 dnorm=5.879 nan=0
2026-10-03 21:52:20,798 epoch=120 step=1300 loss_G=2.0520 loss_D_A=0.1507 loss_D_B=0.3327 cycle=0.0947 idt=0.0636 gnorm=31.182 dnorm=9.739 nan=0
2026-10-03 21:52:36,044 epoch=120 step=1400 loss_G=2.6907 loss_D_A=0.2034 loss_D_B=0.1160 cycle=0.1163 idt=0.0763 gnorm=29.541 dnorm=6.196 nan=0
2026-10-03 21:52:51,195 epoch=120 step=1500 loss_G=2.0318 loss_D_A=0.1517 loss_D_B=0.2196 cycle=0.0951 idt=0.0637 gnorm=16.739 dnorm=6.001 nan=0
2026-10-03 21:53:06,412 epoch=120 step=1600 loss_G=2.3977 loss_D_A=0.2161 loss_D_B=0.1399 cycle=0.1135 idt=0.0676 gnorm=21.764 dnorm=6.522 nan=0
2026-10-03 21:53:21,508 epoch=120 step=1700 loss_G=2.2098 loss_D_A=0.1066 loss_D_B=0.1684 cycle=0.1129 idt=0.0791 gnorm=35.105 dnorm=6.941 nan=0
2026-10-03 21:53:36,787 epoch=120 step=1800 loss_G=2.2342 loss_D_A=0.2152 loss_D_B=0.0757 cycle=0.1002 idt=0.0773 gnorm=22.368 dnorm=6.575 nan=0
2026-10-03 21:53:51,895 epoch=120 step=1900 loss_G=2.3511 loss_D_A=0.2054 loss_D_B=0.2024 cycle=0.1116 idt=0.0943 gnorm=24.960 dnorm=8.047 nan=0
2026-10-03 21:54:07,128 epoch=120 step=2000 loss_G=2.7743 loss_D_A=0.1091 loss_D_B=0.3163 cycle=0.1273 idt=0.0912 gnorm=24.010 dnorm=12.391 nan=0
2026-10-03 21:54:22,419 epoch=120 step=2100 loss_G=1.7285 loss_D_A=0.0231 loss_D_B=0.2206 cycle=0.0893 idt=0.0723 gnorm=18.486 dnorm=8.255 nan=0
2026-10-03 21:54:37,744 epoch=120 step=2200 loss_G=2.2627 loss_D_A=0.1751 loss_D_B=0.1053 cycle=0.1344 idt=0.0738 gnorm=32.958 dnorm=6.041 nan=0
2026-10-03 21:54:53,081 epoch=120 step=2300 loss_G=1.4761 loss_D_A=0.1152 loss_D_B=0.2980 cycle=0.0868 idt=0.0526 gnorm=28.837 dnorm=12.446 nan=0
2026-10-03 21:55:08,183 epoch=120 step=2400 loss_G=2.9870 loss_D_A=0.1410 loss_D_B=0.1621 cycle=0.1521 idt=0.1108 gnorm=50.692 dnorm=6.878 nan=0
2026-10-03 21:55:23,498 epoch=120 step=2500 loss_G=2.2313 loss_D_A=0.1850 loss_D_B=0.0860 cycle=0.1000 idt=0.0605 gnorm=24.372 dnorm=5.516 nan=0
2026-10-03 21:55:38,886 epoch=120 step=2600 loss_G=2.0640 loss_D_A=0.2135 loss_D_B=0.1509 cycle=0.0903 idt=0.0792 gnorm=32.547 dnorm=6.273 nan=0
2026-10-03 21:55:54,201 epoch=120 step=2700 loss_G=2.1136 loss_D_A=0.1961 loss_D_B=0.2334 cycle=0.0734 idt=0.0552 gnorm=21.157 dnorm=7.020 nan=0
2026-10-03 21:56:09,380 epoch=120 step=2800 loss_G=1.7896 loss_D_A=0.1209 loss_D_B=0.1468 cycle=0.0878 idt=0.0549 gnorm=15.824 dnorm=6.000 nan=0
2026-10-03 21:56:24,652 epoch=120 step=2900 loss_G=1.7308 loss_D_A=0.1839 loss_D_B=0.1344 cycle=0.0842 idt=0.0482 gnorm=23.800 dnorm=7.594 nan=0
2026-10-03 21:56:39,963 epoch=120 step=3000 loss_G=2.7293 loss_D_A=0.3261 loss_D_B=0.1440 cycle=0.1350 idt=0.1182 gnorm=37.458 dnorm=7.352 nan=0
2026-10-03 21:56:54,737 epoch=120 step=3100 loss_G=2.4188 loss_D_A=0.0796 loss_D_B=0.1224 cycle=0.1094 idt=0.0695 gnorm=23.812 dnorm=5.440 nan=0
2026-10-03 21:57:10,054 epoch=120 step=3200 loss_G=3.2828 loss_D_A=0.1423 loss_D_B=0.1361 cycle=0.1246 idt=0.1203 gnorm=34.205 dnorm=10.370 nan=0
2026-10-03 21:57:25,419 epoch=120 step=3300 loss_G=1.7410 loss_D_A=0.0985 loss_D_B=0.1690 cycle=0.0801 idt=0.0678 gnorm=21.276 dnorm=7.186 nan=0
2026-10-03 21:57:40,405 epoch=120 step=3400 loss_G=1.6777 loss_D_A=0.1057 loss_D_B=0.1067 cycle=0.0996 idt=0.0576 gnorm=22.013 dnorm=5.528 nan=0
2026-10-03 21:57:55,615 epoch=120 step=3500 loss_G=2.5110 loss_D_A=0.1649 loss_D_B=0.0983 cycle=0.1270 idt=0.0853 gnorm=30.304 dnorm=6.942 nan=0
2026-10-03 21:58:10,926 epoch=120 step=3600 loss_G=2.9453 loss_D_A=0.0642 loss_D_B=0.2205 cycle=0.1562 idt=0.0793 gnorm=28.312 dnorm=7.234 nan=0
2026-10-03 21:58:26,251 epoch=120 step=3700 loss_G=1.9423 loss_D_A=0.3342 loss_D_B=0.3369 cycle=0.0866 idt=0.0585 gnorm=32.920 dnorm=11.578 nan=0
2026-10-03 21:58:41,599 epoch=120 step=3800 loss_G=2.4298 loss_D_A=0.0868 loss_D_B=0.1993 cycle=0.0934 idt=0.0650 gnorm=22.276 dnorm=7.256 nan=0
2026-10-03 21:58:56,913 epoch=120 step=3900 loss_G=2.0070 loss_D_A=0.1610 loss_D_B=0.1134 cycle=0.1129 idt=0.0969 gnorm=19.323 dnorm=7.096 nan=0
2026-10-03 21:59:12,219 epoch=120 step=4000 loss_G=1.9892 loss_D_A=0.0695 loss_D_B=0.2690 cycle=0.0898 idt=0.0817 gnorm=20.334 dnorm=5.798 nan=0
2026-10-03 21:59:27,572 epoch=120 step=4100 loss_G=3.1914 loss_D_A=0.0536 loss_D_B=0.0946 cycle=0.1704 idt=0.1073 gnorm=31.669 dnorm=5.640 nan=0
2026-10-03 21:59:42,845 epoch=120 step=4200 loss_G=2.2647 loss_D_A=0.1501 loss_D_B=0.2135 cycle=0.1003 idt=0.0979 gnorm=33.141 dnorm=6.294 nan=0
2026-10-03 21:59:57,821 epoch=120 step=4300 loss_G=1.8796 loss_D_A=0.3030 loss_D_B=0.2178 cycle=0.0980 idt=0.0695 gnorm=18.267 dnorm=12.212 nan=0
2026-10-03 22:00:12,106 epoch=120 step=4400 loss_G=1.9879 loss_D_A=0.2744 loss_D_B=0.1932 cycle=0.0737 idt=0.0478 gnorm=20.238 dnorm=10.569 nan=0
2026-10-03 22:00:27,114 epoch=120 step=4500 loss_G=2.0966 loss_D_A=0.1787 loss_D_B=0.1057 cycle=0.0892 idt=0.0638 gnorm=18.798 dnorm=7.828 nan=0
2026-10-03 22:00:42,035 epoch=120 step=4600 loss_G=2.1758 loss_D_A=0.1248 loss_D_B=0.0996 cycle=0.0819 idt=0.0431 gnorm=26.056 dnorm=8.105 nan=0
2026-10-03 22:00:57,301 epoch=120 step=4700 loss_G=2.0596 loss_D_A=0.1337 loss_D_B=0.2402 cycle=0.0806 idt=0.0603 gnorm=19.092 dnorm=6.196 nan=0
2026-10-03 22:01:12,386 epoch=120 step=4800 loss_G=2.6772 loss_D_A=0.0559 loss_D_B=0.0911 cycle=0.1057 idt=0.0511 gnorm=26.754 dnorm=4.852 nan=0
2026-10-03 22:01:27,709 epoch=120 step=4900 loss_G=1.8580 loss_D_A=0.1717 loss_D_B=0.2667 cycle=0.0782 idt=0.0548 gnorm=14.508 dnorm=9.290 nan=0
2026-10-03 22:01:43,055 epoch=120 step=5000 loss_G=2.2831 loss_D_A=0.1231 loss_D_B=0.0894 cycle=0.0973 idt=0.0781 gnorm=25.449 dnorm=6.784 nan=0
2026-10-03 22:01:58,337 epoch=120 step=5100 loss_G=1.8525 loss_D_A=0.1042 loss_D_B=0.1816 cycle=0.0712 idt=0.0589 gnorm=17.012 dnorm=6.160 nan=0
2026-10-03 22:02:13,598 epoch=120 step=5200 loss_G=2.8070 loss_D_A=0.2756 loss_D_B=0.1892 cycle=0.1180 idt=0.0896 gnorm=24.636 dnorm=8.394 nan=0
2026-10-03 22:02:28,700 epoch=120 step=5300 loss_G=2.9254 loss_D_A=0.3281 loss_D_B=0.1832 cycle=0.1535 idt=0.1076 gnorm=37.298 dnorm=8.387 nan=0
2026-10-03 22:02:44,016 epoch=120 step=5400 loss_G=1.7506 loss_D_A=0.2160 loss_D_B=0.1741 cycle=0.1018 idt=0.0779 gnorm=30.672 dnorm=11.724 nan=0
2026-10-03 22:02:59,333 epoch=120 step=5500 loss_G=2.4761 loss_D_A=0.0766 loss_D_B=0.2629 cycle=0.1088 idt=0.0516 gnorm=33.657 dnorm=5.966 nan=0
2026-10-03 22:03:14,711 epoch=120 step=5600 loss_G=2.5930 loss_D_A=0.3633 loss_D_B=0.0642 cycle=0.1109 idt=0.1304 gnorm=15.969 dnorm=5.962 nan=0
2026-10-03 22:03:29,782 epoch=120 step=5700 loss_G=2.4712 loss_D_A=0.2544 loss_D_B=0.1304 cycle=0.0897 idt=0.0713 gnorm=17.454 dnorm=6.392 nan=0
2026-10-03 22:03:44,189 epoch=120 step=5800 loss_G=2.6526 loss_D_A=0.1581 loss_D_B=0.1443 cycle=0.0886 idt=0.0709 gnorm=28.813 dnorm=5.859 nan=0
2026-10-03 22:03:59,347 epoch=120 step=5900 loss_G=2.1343 loss_D_A=0.1046 loss_D_B=0.0793 cycle=0.0960 idt=0.0897 gnorm=33.641 dnorm=4.844 nan=0
2026-10-03 22:04:14,565 epoch=120 step=6000 loss_G=2.4552 loss_D_A=0.2578 loss_D_B=0.2501 cycle=0.1030 idt=0.0885 gnorm=24.871 dnorm=10.471 nan=0
2026-10-03 22:04:29,877 epoch=120 step=6100 loss_G=2.1124 loss_D_A=0.2340 loss_D_B=0.2235 cycle=0.0900 idt=0.0503 gnorm=25.929 dnorm=9.111 nan=0
2026-10-03 22:04:45,209 epoch=120 step=6200 loss_G=1.6529 loss_D_A=0.1246 loss_D_B=0.0546 cycle=0.0722 idt=0.0481 gnorm=19.270 dnorm=5.103 nan=0
2026-10-03 22:05:00,460 epoch=120 step=6300 loss_G=2.4613 loss_D_A=0.2093 loss_D_B=0.1797 cycle=0.0967 idt=0.0735 gnorm=23.418 dnorm=8.981 nan=0
2026-10-03 22:05:15,732 epoch=120 step=6400 loss_G=2.4887 loss_D_A=0.0779 loss_D_B=0.0462 cycle=0.0944 idt=0.0714 gnorm=25.848 dnorm=4.139 nan=0
2026-10-03 22:05:21,576 epoch_mean={'g': 2.327213207954722, 'd_a': 0.1731961200829062, 'd_b': 0.18776605943227712, 'cycle': 0.10435840882807645, 'identity': 0.08014976878312849, 'epoch': 120}
2026-10-03 22:05:22,528 epoch=121 step=1 loss_G=1.6154 loss_D_A=0.4075 loss_D_B=0.0837 cycle=0.0927 idt=0.0689 gnorm=22.481 dnorm=13.012 nan=0
2026-10-03 22:05:37,345 epoch=121 step=100 loss_G=2.0489 loss_D_A=0.1488 loss_D_B=0.1372 cycle=0.0784 idt=0.0748 gnorm=21.039 dnorm=9.399 nan=0
2026-10-03 22:05:52,470 epoch=121 step=200 loss_G=2.1362 loss_D_A=0.3348 loss_D_B=0.4412 cycle=0.1131 idt=0.0734 gnorm=31.335 dnorm=12.542 nan=0
2026-10-03 22:06:07,666 epoch=121 step=300 loss_G=1.9266 loss_D_A=0.0331 loss_D_B=0.2332 cycle=0.0860 idt=0.0510 gnorm=20.243 dnorm=5.597 nan=0
2026-10-03 22:06:22,964 epoch=121 step=400 loss_G=2.1620 loss_D_A=0.0924 loss_D_B=0.0835 cycle=0.0990 idt=0.0662 gnorm=18.099 dnorm=5.554 nan=0
2026-10-03 22:06:38,292 epoch=121 step=500 loss_G=3.6080 loss_D_A=0.4114 loss_D_B=0.2058 cycle=0.1530 idt=0.1687 gnorm=28.396 dnorm=9.102 nan=0
2026-10-03 22:06:53,515 epoch=121 step=600 loss_G=2.2148 loss_D_A=0.0845 loss_D_B=0.1066 cycle=0.0991 idt=0.0652 gnorm=23.044 dnorm=4.821 nan=0
2026-10-03 22:07:08,784 epoch=121 step=700 loss_G=2.5699 loss_D_A=0.1252 loss_D_B=0.2302 cycle=0.1331 idt=0.0824 gnorm=41.603 dnorm=9.354 nan=0
2026-10-03 22:07:24,088 epoch=121 step=800 loss_G=2.6367 loss_D_A=0.0752 loss_D_B=0.1657 cycle=0.1148 idt=0.1091 gnorm=38.789 dnorm=5.767 nan=0
2026-10-03 22:07:39,385 epoch=121 step=900 loss_G=2.1394 loss_D_A=0.1462 loss_D_B=0.2476 cycle=0.0922 idt=0.0672 gnorm=24.590 dnorm=7.361 nan=0
2026-10-03 22:07:54,397 epoch=121 step=1000 loss_G=2.8008 loss_D_A=0.1417 loss_D_B=0.1627 cycle=0.1406 idt=0.0926 gnorm=26.300 dnorm=6.075 nan=0
2026-10-03 22:08:09,776 epoch=121 step=1100 loss_G=2.0871 loss_D_A=0.1590 loss_D_B=0.2124 cycle=0.0911 idt=0.0558 gnorm=17.999 dnorm=7.887 nan=0
2026-10-03 22:08:25,065 epoch=121 step=1200 loss_G=2.8030 loss_D_A=0.1209 loss_D_B=0.0840 cycle=0.1712 idt=0.1111 gnorm=43.912 dnorm=4.380 nan=0
2026-10-03 22:08:39,689 epoch=121 step=1300 loss_G=2.4127 loss_D_A=0.1652 loss_D_B=0.3851 cycle=0.1027 idt=0.0815 gnorm=21.543 dnorm=6.942 nan=0
2026-10-03 22:08:54,839 epoch=121 step=1400 loss_G=1.9571 loss_D_A=0.1417 loss_D_B=0.1441 cycle=0.0906 idt=0.0663 gnorm=20.730 dnorm=8.621 nan=0
2026-10-03 22:09:10,112 epoch=121 step=1500 loss_G=2.2683 loss_D_A=0.0622 loss_D_B=0.0992 cycle=0.0973 idt=0.0752 gnorm=24.248 dnorm=4.981 nan=0
2026-10-03 22:09:25,414 epoch=121 step=1600 loss_G=3.1663 loss_D_A=0.1110 loss_D_B=0.1939 cycle=0.0963 idt=0.0736 gnorm=25.044 dnorm=8.957 nan=0
2026-10-03 22:09:40,758 epoch=121 step=1700 loss_G=2.0395 loss_D_A=0.0734 loss_D_B=0.0307 cycle=0.0899 idt=0.0638 gnorm=30.381 dnorm=3.612 nan=0
2026-10-03 22:09:56,089 epoch=121 step=1800 loss_G=1.6058 loss_D_A=0.1107 loss_D_B=0.2944 cycle=0.0838 idt=0.0692 gnorm=17.366 dnorm=8.367 nan=0
2026-10-03 22:10:11,345 epoch=121 step=1900 loss_G=2.4156 loss_D_A=0.1373 loss_D_B=0.0770 cycle=0.0925 idt=0.0731 gnorm=29.204 dnorm=4.337 nan=0
2026-10-03 22:10:26,648 epoch=121 step=2000 loss_G=2.1422 loss_D_A=0.2947 loss_D_B=0.2688 cycle=0.0901 idt=0.0777 gnorm=33.614 dnorm=9.169 nan=0
2026-10-03 22:10:41,978 epoch=121 step=2100 loss_G=2.2711 loss_D_A=0.0716 loss_D_B=0.2835 cycle=0.0942 idt=0.0668 gnorm=38.838 dnorm=12.077 nan=0
2026-10-03 22:10:56,599 epoch=121 step=2200 loss_G=1.9226 loss_D_A=0.2057 loss_D_B=0.1351 cycle=0.1011 idt=0.0746 gnorm=31.012 dnorm=6.814 nan=0
2026-10-03 22:11:11,628 epoch=121 step=2300 loss_G=1.8008 loss_D_A=0.2134 loss_D_B=0.1418 cycle=0.0875 idt=0.0650 gnorm=15.864 dnorm=8.830 nan=0
2026-10-03 22:11:26,959 epoch=121 step=2400 loss_G=2.7741 loss_D_A=0.0504 loss_D_B=0.2406 cycle=0.1196 idt=0.0936 gnorm=29.266 dnorm=6.102 nan=0
2026-10-03 22:11:42,211 epoch=121 step=2500 loss_G=1.6488 loss_D_A=0.1047 loss_D_B=0.0760 cycle=0.0756 idt=0.0542 gnorm=19.561 dnorm=4.957 nan=0
2026-10-03 22:11:57,527 epoch=121 step=2600 loss_G=2.5586 loss_D_A=0.1342 loss_D_B=0.0882 cycle=0.0994 idt=0.0745 gnorm=18.993 dnorm=5.640 nan=0
2026-10-03 22:12:12,872 epoch=121 step=2700 loss_G=2.1232 loss_D_A=0.1798 loss_D_B=0.0731 cycle=0.0793 idt=0.0581 gnorm=20.948 dnorm=8.780 nan=0
2026-10-03 22:12:28,146 epoch=121 step=2800 loss_G=2.1942 loss_D_A=0.3401 loss_D_B=0.2444 cycle=0.1356 idt=0.0918 gnorm=24.611 dnorm=19.541 nan=0
2026-10-03 22:12:43,435 epoch=121 step=2900 loss_G=2.3661 loss_D_A=0.1745 loss_D_B=0.2409 cycle=0.1126 idt=0.1033 gnorm=41.876 dnorm=14.302 nan=0
2026-10-03 22:12:58,616 epoch=121 step=3000 loss_G=1.5526 loss_D_A=0.1146 loss_D_B=0.1246 cycle=0.0743 idt=0.0615 gnorm=16.356 dnorm=7.042 nan=0
2026-10-03 22:13:13,936 epoch=121 step=3100 loss_G=3.2192 loss_D_A=0.3006 loss_D_B=0.1998 cycle=0.1511 idt=0.1410 gnorm=32.220 dnorm=9.788 nan=0
2026-10-03 22:13:29,216 epoch=121 step=3200 loss_G=1.7153 loss_D_A=0.1029 loss_D_B=0.2114 cycle=0.0625 idt=0.0458 gnorm=16.844 dnorm=6.709 nan=0
2026-10-03 22:13:44,403 epoch=121 step=3300 loss_G=1.4725 loss_D_A=0.3559 loss_D_B=0.1944 cycle=0.0763 idt=0.0530 gnorm=11.838 dnorm=10.689 nan=0
2026-10-03 22:13:59,676 epoch=121 step=3400 loss_G=2.0846 loss_D_A=0.1704 loss_D_B=0.5401 cycle=0.0886 idt=0.0709 gnorm=24.170 dnorm=23.102 nan=0
2026-10-03 22:14:14,782 epoch=121 step=3500 loss_G=1.8358 loss_D_A=0.1305 loss_D_B=0.1254 cycle=0.0879 idt=0.0816 gnorm=20.217 dnorm=5.914 nan=0
2026-10-03 22:14:30,117 epoch=121 step=3600 loss_G=3.3522 loss_D_A=0.1534 loss_D_B=0.2929 cycle=0.1156 idt=0.1872 gnorm=30.640 dnorm=8.744 nan=0
2026-10-03 22:14:45,126 epoch=121 step=3700 loss_G=2.2738 loss_D_A=0.1585 loss_D_B=0.1165 cycle=0.0996 idt=0.0667 gnorm=30.352 dnorm=6.595 nan=0
2026-10-03 22:15:00,164 epoch=121 step=3800 loss_G=2.0615 loss_D_A=0.2233 loss_D_B=0.2190 cycle=0.0764 idt=0.0543 gnorm=14.638 dnorm=7.400 nan=0
2026-10-03 22:15:15,352 epoch=121 step=3900 loss_G=2.0458 loss_D_A=0.4918 loss_D_B=0.0985 cycle=0.0900 idt=0.0664 gnorm=25.419 dnorm=10.997 nan=0
2026-10-03 22:15:30,592 epoch=121 step=4000 loss_G=2.3440 loss_D_A=0.0381 loss_D_B=0.0936 cycle=0.0899 idt=0.0986 gnorm=26.669 dnorm=4.159 nan=0
2026-10-03 22:15:45,826 epoch=121 step=4100 loss_G=1.7544 loss_D_A=0.2211 loss_D_B=0.2318 cycle=0.0970 idt=0.0707 gnorm=25.868 dnorm=6.948 nan=0
2026-10-03 22:16:00,435 epoch=121 step=4200 loss_G=2.2536 loss_D_A=0.1287 loss_D_B=0.2385 cycle=0.0999 idt=0.0648 gnorm=28.110 dnorm=7.607 nan=0
2026-10-03 22:16:15,490 epoch=121 step=4300 loss_G=2.5429 loss_D_A=0.1307 loss_D_B=0.1091 cycle=0.1167 idt=0.0742 gnorm=33.648 dnorm=6.972 nan=0
2026-10-03 22:16:30,833 epoch=121 step=4400 loss_G=2.4412 loss_D_A=0.1048 loss_D_B=0.2962 cycle=0.0859 idt=0.0549 gnorm=19.236 dnorm=9.575 nan=0
2026-10-03 22:16:45,935 epoch=121 step=4500 loss_G=2.6908 loss_D_A=0.2079 loss_D_B=0.2598 cycle=0.1172 idt=0.0716 gnorm=30.605 dnorm=8.139 nan=0
2026-10-03 22:17:01,260 epoch=121 step=4600 loss_G=2.4386 loss_D_A=0.2443 loss_D_B=0.2107 cycle=0.1044 idt=0.0783 gnorm=31.346 dnorm=7.571 nan=0
2026-10-03 22:17:16,556 epoch=121 step=4700 loss_G=1.7372 loss_D_A=0.2305 loss_D_B=0.0659 cycle=0.0762 idt=0.0431 gnorm=22.262 dnorm=5.038 nan=0
2026-10-03 22:17:31,944 epoch=121 step=4800 loss_G=2.3658 loss_D_A=0.2603 loss_D_B=0.1368 cycle=0.0915 idt=0.0834 gnorm=29.542 dnorm=7.051 nan=0
2026-10-03 22:17:47,252 epoch=121 step=4900 loss_G=1.6983 loss_D_A=0.1864 loss_D_B=0.2216 cycle=0.0833 idt=0.0637 gnorm=27.642 dnorm=10.718 nan=0
2026-10-03 22:18:02,551 epoch=121 step=5000 loss_G=2.9090 loss_D_A=0.1146 loss_D_B=0.1884 cycle=0.1017 idt=0.0566 gnorm=31.580 dnorm=5.120 nan=0
2026-10-03 22:18:17,916 epoch=121 step=5100 loss_G=2.7591 loss_D_A=0.0901 loss_D_B=0.2768 cycle=0.1078 idt=0.0796 gnorm=19.593 dnorm=6.108 nan=0
2026-10-03 22:18:33,224 epoch=121 step=5200 loss_G=2.1280 loss_D_A=0.2345 loss_D_B=0.1658 cycle=0.1173 idt=0.0726 gnorm=28.264 dnorm=8.035 nan=0
2026-10-03 22:18:48,510 epoch=121 step=5300 loss_G=3.0512 loss_D_A=0.1373 loss_D_B=0.1443 cycle=0.1167 idt=0.0733 gnorm=35.973 dnorm=8.349 nan=0
2026-10-03 22:19:03,836 epoch=121 step=5400 loss_G=2.6067 loss_D_A=0.1722 loss_D_B=0.1798 cycle=0.1063 idt=0.0704 gnorm=20.964 dnorm=8.629 nan=0
2026-10-03 22:19:19,168 epoch=121 step=5500 loss_G=2.4159 loss_D_A=0.1221 loss_D_B=0.1320 cycle=0.1189 idt=0.1073 gnorm=31.736 dnorm=5.815 nan=0
2026-10-03 22:19:34,513 epoch=121 step=5600 loss_G=1.9432 loss_D_A=0.0358 loss_D_B=0.2129 cycle=0.0968 idt=0.0720 gnorm=15.006 dnorm=5.058 nan=0
2026-10-03 22:19:49,825 epoch=121 step=5700 loss_G=2.6492 loss_D_A=0.3631 loss_D_B=0.1728 cycle=0.1194 idt=0.0916 gnorm=31.577 dnorm=7.706 nan=0
2026-10-03 22:20:05,038 epoch=121 step=5800 loss_G=2.1932 loss_D_A=0.1255 loss_D_B=0.2532 cycle=0.1158 idt=0.0589 gnorm=34.052 dnorm=7.704 nan=0
2026-10-03 22:20:20,316 epoch=121 step=5900 loss_G=1.6987 loss_D_A=0.1529 loss_D_B=0.1342 cycle=0.1027 idt=0.0664 gnorm=23.637 dnorm=7.701 nan=0
2026-10-03 22:20:35,401 epoch=121 step=6000 loss_G=2.8836 loss_D_A=0.1572 loss_D_B=0.2520 cycle=0.1683 idt=0.1236 gnorm=36.101 dnorm=8.886 nan=0
2026-10-03 22:20:50,126 epoch=121 step=6100 loss_G=3.1150 loss_D_A=0.3970 loss_D_B=0.2903 cycle=0.1438 idt=0.0971 gnorm=37.049 dnorm=11.599 nan=0
2026-10-03 22:21:05,115 epoch=121 step=6200 loss_G=2.2421 loss_D_A=0.1093 loss_D_B=0.1557 cycle=0.1024 idt=0.0936 gnorm=17.852 dnorm=6.593 nan=0
2026-10-03 22:21:20,132 epoch=121 step=6300 loss_G=2.2429 loss_D_A=0.1801 loss_D_B=0.1052 cycle=0.0775 idt=0.0573 gnorm=29.751 dnorm=7.800 nan=0
2026-10-03 22:21:35,237 epoch=121 step=6400 loss_G=3.7065 loss_D_A=0.0985 loss_D_B=0.1516 cycle=0.1731 idt=0.1354 gnorm=48.883 dnorm=6.516 nan=0
2026-10-03 22:21:40,915 epoch_mean={'g': 2.3196201994019883, 'd_a': 0.1710967306544152, 'd_b': 0.18497332655594712, 'cycle': 0.10283961182019843, 'identity': 0.07861884153566956, 'epoch': 121}
2026-10-03 22:21:41,539 epoch=122 step=1 loss_G=1.9465 loss_D_A=0.1947 loss_D_B=0.1530 cycle=0.1032 idt=0.0774 gnorm=30.108 dnorm=9.035 nan=0
2026-10-03 22:21:56,771 epoch=122 step=100 loss_G=3.1239 loss_D_A=0.0913 loss_D_B=0.4276 cycle=0.0943 idt=0.0958 gnorm=28.311 dnorm=9.634 nan=0
2026-10-03 22:22:12,071 epoch=122 step=200 loss_G=3.2738 loss_D_A=0.2843 loss_D_B=0.2506 cycle=0.1742 idt=0.1326 gnorm=33.788 dnorm=11.535 nan=0
2026-10-03 22:22:27,161 epoch=122 step=300 loss_G=2.8120 loss_D_A=0.0939 loss_D_B=0.2262 cycle=0.0964 idt=0.0640 gnorm=24.254 dnorm=6.333 nan=0
2026-10-03 22:22:42,330 epoch=122 step=400 loss_G=2.9901 loss_D_A=0.1521 loss_D_B=0.1428 cycle=0.1150 idt=0.0694 gnorm=30.679 dnorm=5.215 nan=0
2026-10-03 22:22:57,710 epoch=122 step=500 loss_G=1.9735 loss_D_A=0.0659 loss_D_B=0.0703 cycle=0.0804 idt=0.1168 gnorm=23.122 dnorm=5.227 nan=0
2026-10-03 22:23:13,039 epoch=122 step=600 loss_G=3.5728 loss_D_A=0.1393 loss_D_B=0.1779 cycle=0.1265 idt=0.1010 gnorm=31.917 dnorm=8.452 nan=0
2026-10-03 22:23:28,321 epoch=122 step=700 loss_G=2.3956 loss_D_A=0.3210 loss_D_B=0.1209 cycle=0.1207 idt=0.0975 gnorm=32.577 dnorm=12.773 nan=0
2026-10-03 22:23:43,645 epoch=122 step=800 loss_G=2.3849 loss_D_A=0.1829 loss_D_B=0.2082 cycle=0.0970 idt=0.0728 gnorm=17.960 dnorm=6.787 nan=0
2026-10-03 22:23:58,966 epoch=122 step=900 loss_G=2.4047 loss_D_A=0.2202 loss_D_B=0.3072 cycle=0.1309 idt=0.0928 gnorm=35.111 dnorm=9.962 nan=0
2026-10-03 22:24:14,220 epoch=122 step=1000 loss_G=2.0799 loss_D_A=0.3962 loss_D_B=0.1493 cycle=0.1051 idt=0.0717 gnorm=23.451 dnorm=9.786 nan=0
2026-10-03 22:24:29,526 epoch=122 step=1100 loss_G=2.2647 loss_D_A=0.1136 loss_D_B=0.1231 cycle=0.0804 idt=0.0689 gnorm=21.425 dnorm=5.992 nan=0
2026-10-03 22:24:44,913 epoch=122 step=1200 loss_G=3.0256 loss_D_A=0.1444 loss_D_B=0.0755 cycle=0.1006 idt=0.0781 gnorm=23.122 dnorm=4.932 nan=0
2026-10-03 22:25:00,259 epoch=122 step=1300 loss_G=2.5438 loss_D_A=0.1857 loss_D_B=0.0544 cycle=0.1097 idt=0.0858 gnorm=37.996 dnorm=7.775 nan=0
2026-10-03 22:25:15,437 epoch=122 step=1400 loss_G=2.0052 loss_D_A=0.2259 loss_D_B=0.1905 cycle=0.0675 idt=0.0423 gnorm=21.522 dnorm=8.860 nan=0
2026-10-03 22:25:30,790 epoch=122 step=1500 loss_G=2.1633 loss_D_A=0.2363 loss_D_B=0.1266 cycle=0.1073 idt=0.0760 gnorm=34.393 dnorm=5.885 nan=0
2026-10-03 22:25:46,072 epoch=122 step=1600 loss_G=2.3902 loss_D_A=0.1322 loss_D_B=0.1377 cycle=0.0945 idt=0.0606 gnorm=19.698 dnorm=5.286 nan=0
2026-10-03 22:26:01,171 epoch=122 step=1700 loss_G=2.1094 loss_D_A=0.3732 loss_D_B=0.2536 cycle=0.0980 idt=0.1127 gnorm=23.424 dnorm=12.007 nan=0
2026-10-03 22:26:16,514 epoch=122 step=1800 loss_G=2.2251 loss_D_A=0.0738 loss_D_B=0.1846 cycle=0.1388 idt=0.0695 gnorm=43.230 dnorm=5.157 nan=0
2026-10-03 22:26:31,795 epoch=122 step=1900 loss_G=1.9056 loss_D_A=0.2156 loss_D_B=0.1775 cycle=0.1035 idt=0.0676 gnorm=25.425 dnorm=11.350 nan=0
2026-10-03 22:26:47,036 epoch=122 step=2000 loss_G=2.3045 loss_D_A=0.1049 loss_D_B=0.1438 cycle=0.0902 idt=0.0523 gnorm=28.270 dnorm=5.479 nan=0
2026-10-03 22:27:02,372 epoch=122 step=2100 loss_G=2.9143 loss_D_A=0.0610 loss_D_B=0.0696 cycle=0.1338 idt=0.1052 gnorm=35.350 dnorm=3.887 nan=0
2026-10-03 22:27:17,583 epoch=122 step=2200 loss_G=2.5622 loss_D_A=0.1177 loss_D_B=0.1575 cycle=0.0946 idt=0.0762 gnorm=19.509 dnorm=7.654 nan=0
2026-10-03 22:27:32,886 epoch=122 step=2300 loss_G=2.2287 loss_D_A=0.0589 loss_D_B=0.1899 cycle=0.1222 idt=0.0868 gnorm=27.428 dnorm=4.406 nan=0
2026-10-03 22:27:48,017 epoch=122 step=2400 loss_G=2.1829 loss_D_A=0.1608 loss_D_B=0.2386 cycle=0.0836 idt=0.0748 gnorm=25.019 dnorm=8.419 nan=0
2026-10-03 22:28:03,056 epoch=122 step=2500 loss_G=2.3748 loss_D_A=0.1965 loss_D_B=0.1229 cycle=0.1082 idt=0.0888 gnorm=28.133 dnorm=6.980 nan=0
2026-10-03 22:28:17,904 epoch=122 step=2600 loss_G=2.8747 loss_D_A=0.0651 loss_D_B=0.1661 cycle=0.1180 idt=0.0857 gnorm=31.114 dnorm=4.963 nan=0
2026-10-03 22:28:33,289 epoch=122 step=2700 loss_G=2.2635 loss_D_A=0.0889 loss_D_B=0.4635 cycle=0.0906 idt=0.0613 gnorm=9.581 dnorm=9.107 nan=0
2026-10-03 22:28:48,618 epoch=122 step=2800 loss_G=2.3998 loss_D_A=0.2321 loss_D_B=0.1816 cycle=0.1226 idt=0.0851 gnorm=26.442 dnorm=5.895 nan=0
2026-10-03 22:29:03,991 epoch=122 step=2900 loss_G=2.0295 loss_D_A=0.0453 loss_D_B=0.2194 cycle=0.0999 idt=0.0801 gnorm=32.697 dnorm=5.661 nan=0
2026-10-03 22:29:19,375 epoch=122 step=3000 loss_G=2.4360 loss_D_A=0.0685 loss_D_B=0.3004 cycle=0.0993 idt=0.0956 gnorm=36.889 dnorm=5.753 nan=0
2026-10-03 22:29:34,711 epoch=122 step=3100 loss_G=2.5748 loss_D_A=0.0949 loss_D_B=0.1695 cycle=0.0990 idt=0.0800 gnorm=17.513 dnorm=5.143 nan=0
2026-10-03 22:29:49,890 epoch=122 step=3200 loss_G=2.9417 loss_D_A=0.2064 loss_D_B=0.1229 cycle=0.1495 idt=0.0816 gnorm=23.569 dnorm=7.022 nan=0
2026-10-03 22:30:05,406 epoch=122 step=3300 loss_G=2.6765 loss_D_A=0.3307 loss_D_B=0.1544 cycle=0.1086 idt=0.0807 gnorm=27.104 dnorm=6.468 nan=0
2026-10-03 22:30:20,559 epoch=122 step=3400 loss_G=1.6159 loss_D_A=0.2267 loss_D_B=0.4048 cycle=0.0717 idt=0.0538 gnorm=12.567 dnorm=11.071 nan=0
2026-10-03 22:30:35,944 epoch=122 step=3500 loss_G=2.4768 loss_D_A=0.0660 loss_D_B=0.2841 cycle=0.1087 idt=0.0852 gnorm=30.173 dnorm=7.159 nan=0
2026-10-03 22:30:51,247 epoch=122 step=3600 loss_G=2.1424 loss_D_A=0.4064 loss_D_B=0.2486 cycle=0.1168 idt=0.0868 gnorm=35.679 dnorm=11.676 nan=0
2026-10-03 22:31:06,571 epoch=122 step=3700 loss_G=2.0510 loss_D_A=0.1587 loss_D_B=0.1434 cycle=0.1066 idt=0.0907 gnorm=24.058 dnorm=7.342 nan=0
2026-10-03 22:31:21,955 epoch=122 step=3800 loss_G=2.1651 loss_D_A=0.2306 loss_D_B=0.2145 cycle=0.1088 idt=0.0954 gnorm=30.920 dnorm=9.902 nan=0
2026-10-03 22:31:37,340 epoch=122 step=3900 loss_G=2.1212 loss_D_A=0.1679 loss_D_B=0.1932 cycle=0.0903 idt=0.0454 gnorm=18.997 dnorm=6.275 nan=0
2026-10-03 22:31:52,672 epoch=122 step=4000 loss_G=1.7980 loss_D_A=0.2460 loss_D_B=0.1653 cycle=0.0893 idt=0.0941 gnorm=24.846 dnorm=9.079 nan=0
2026-10-03 22:32:07,850 epoch=122 step=4100 loss_G=1.9286 loss_D_A=0.2121 loss_D_B=0.1278 cycle=0.1016 idt=0.0733 gnorm=18.555 dnorm=5.352 nan=0
2026-10-03 22:32:23,243 epoch=122 step=4200 loss_G=2.9434 loss_D_A=0.0457 loss_D_B=0.2641 cycle=0.1227 idt=0.0932 gnorm=24.174 dnorm=6.422 nan=0
2026-10-03 22:32:38,627 epoch=122 step=4300 loss_G=2.2811 loss_D_A=0.3472 loss_D_B=0.2495 cycle=0.0981 idt=0.0731 gnorm=18.106 dnorm=12.671 nan=0
2026-10-03 22:32:54,057 epoch=122 step=4400 loss_G=1.9127 loss_D_A=0.2046 loss_D_B=0.3804 cycle=0.0831 idt=0.0531 gnorm=24.979 dnorm=10.345 nan=0
2026-10-03 22:33:09,362 epoch=122 step=4500 loss_G=1.9047 loss_D_A=0.3480 loss_D_B=0.1040 cycle=0.0999 idt=0.0866 gnorm=30.687 dnorm=7.460 nan=0
2026-10-03 22:33:24,729 epoch=122 step=4600 loss_G=1.8412 loss_D_A=0.2788 loss_D_B=0.2444 cycle=0.0840 idt=0.0519 gnorm=14.379 dnorm=10.386 nan=0
2026-10-03 22:33:40,120 epoch=122 step=4700 loss_G=1.7366 loss_D_A=0.1293 loss_D_B=0.0944 cycle=0.0774 idt=0.0555 gnorm=18.821 dnorm=6.728 nan=0
2026-10-03 22:33:55,402 epoch=122 step=4800 loss_G=2.7197 loss_D_A=0.1957 loss_D_B=0.0938 cycle=0.1478 idt=0.1622 gnorm=26.113 dnorm=9.500 nan=0
2026-10-03 22:34:10,788 epoch=122 step=4900 loss_G=1.7067 loss_D_A=0.1584 loss_D_B=0.1981 cycle=0.0734 idt=0.0574 gnorm=26.373 dnorm=8.087 nan=0
2026-10-03 22:34:26,192 epoch=122 step=5000 loss_G=2.8587 loss_D_A=0.0555 loss_D_B=0.2808 cycle=0.1124 idt=0.1314 gnorm=40.834 dnorm=9.577 nan=0
2026-10-03 22:34:41,281 epoch=122 step=5100 loss_G=1.8772 loss_D_A=0.1298 loss_D_B=0.2601 cycle=0.0970 idt=0.0699 gnorm=28.468 dnorm=9.220 nan=0
2026-10-03 22:34:56,635 epoch=122 step=5200 loss_G=2.3441 loss_D_A=0.1183 loss_D_B=0.1879 cycle=0.1066 idt=0.0737 gnorm=26.681 dnorm=10.241 nan=0
2026-10-03 22:35:11,683 epoch=122 step=5300 loss_G=2.5869 loss_D_A=0.1597 loss_D_B=0.2594 cycle=0.1031 idt=0.0926 gnorm=31.899 dnorm=7.489 nan=0
2026-10-03 22:35:26,612 epoch=122 step=5400 loss_G=2.5086 loss_D_A=0.1640 loss_D_B=0.1900 cycle=0.1084 idt=0.1112 gnorm=43.408 dnorm=8.818 nan=0
2026-10-03 22:35:41,824 epoch=122 step=5500 loss_G=1.7959 loss_D_A=0.1721 loss_D_B=0.1981 cycle=0.0731 idt=0.0480 gnorm=16.098 dnorm=15.032 nan=0
2026-10-03 22:35:57,231 epoch=122 step=5600 loss_G=2.0907 loss_D_A=0.3260 loss_D_B=0.3982 cycle=0.1034 idt=0.0927 gnorm=28.029 dnorm=9.735 nan=0
2026-10-03 22:36:12,557 epoch=122 step=5700 loss_G=2.2934 loss_D_A=0.1634 loss_D_B=0.2192 cycle=0.1002 idt=0.0639 gnorm=30.517 dnorm=9.996 nan=0
2026-10-03 22:36:27,876 epoch=122 step=5800 loss_G=2.1621 loss_D_A=0.2166 loss_D_B=0.2429 cycle=0.1030 idt=0.0838 gnorm=23.086 dnorm=7.374 nan=0
2026-10-03 22:36:43,300 epoch=122 step=5900 loss_G=2.1920 loss_D_A=0.2890 loss_D_B=0.0466 cycle=0.0931 idt=0.0605 gnorm=31.609 dnorm=7.472 nan=0
2026-10-03 22:36:58,659 epoch=122 step=6000 loss_G=2.7454 loss_D_A=0.2840 loss_D_B=0.2821 cycle=0.1057 idt=0.1189 gnorm=35.919 dnorm=7.574 nan=0
2026-10-03 22:37:13,824 epoch=122 step=6100 loss_G=1.7522 loss_D_A=0.1869 loss_D_B=0.2593 cycle=0.0925 idt=0.0678 gnorm=13.410 dnorm=7.804 nan=0
2026-10-03 22:37:29,046 epoch=122 step=6200 loss_G=2.7347 loss_D_A=0.1618 loss_D_B=0.2229 cycle=0.0957 idt=0.0603 gnorm=18.944 dnorm=5.172 nan=0
2026-10-03 22:37:44,279 epoch=122 step=6300 loss_G=2.6226 loss_D_A=0.0910 loss_D_B=0.2583 cycle=0.0972 idt=0.0792 gnorm=31.758 dnorm=9.345 nan=0
2026-10-03 22:37:59,339 epoch=122 step=6400 loss_G=2.0916 loss_D_A=0.1031 loss_D_B=0.1422 cycle=0.1114 idt=0.0851 gnorm=34.250 dnorm=6.681 nan=0
2026-10-03 22:38:05,134 epoch_mean={'g': 2.311985325168919, 'd_a': 0.17103571445907115, 'd_b': 0.1854177701913929, 'cycle': 0.10261501040877893, 'identity': 0.0777974550899566, 'epoch': 122}
2026-10-03 22:38:05,729 epoch=123 step=1 loss_G=2.3642 loss_D_A=0.3020 loss_D_B=0.1676 cycle=0.0825 idt=0.0712 gnorm=35.910 dnorm=8.285 nan=0
2026-10-03 22:38:20,548 epoch=123 step=100 loss_G=2.3884 loss_D_A=0.1641 loss_D_B=0.0848 cycle=0.1221 idt=0.1160 gnorm=32.404 dnorm=5.859 nan=0
2026-10-03 22:38:35,728 epoch=123 step=200 loss_G=2.0484 loss_D_A=0.1677 loss_D_B=0.0878 cycle=0.1013 idt=0.0741 gnorm=15.624 dnorm=5.452 nan=0
2026-10-03 22:38:50,771 epoch=123 step=300 loss_G=2.6321 loss_D_A=0.2204 loss_D_B=0.0957 cycle=0.1119 idt=0.1231 gnorm=23.705 dnorm=7.442 nan=0
2026-10-03 22:39:05,858 epoch=123 step=400 loss_G=3.1679 loss_D_A=0.2090 loss_D_B=0.2088 cycle=0.1288 idt=0.0896 gnorm=40.496 dnorm=9.563 nan=0
2026-10-03 22:39:20,724 epoch=123 step=500 loss_G=2.1870 loss_D_A=0.1178 loss_D_B=0.3857 cycle=0.0954 idt=0.0631 gnorm=24.561 dnorm=7.032 nan=0
2026-10-03 22:39:35,748 epoch=123 step=600 loss_G=1.9129 loss_D_A=0.1277 loss_D_B=0.1422 cycle=0.1006 idt=0.0736 gnorm=20.479 dnorm=6.146 nan=0
2026-10-03 22:39:51,179 epoch=123 step=700 loss_G=1.9367 loss_D_A=0.1486 loss_D_B=0.1259 cycle=0.0923 idt=0.0611 gnorm=23.611 dnorm=7.512 nan=0
2026-10-03 22:40:06,149 epoch=123 step=800 loss_G=1.9269 loss_D_A=0.1765 loss_D_B=0.0933 cycle=0.0735 idt=0.0629 gnorm=24.024 dnorm=5.080 nan=0
2026-10-03 22:40:21,678 epoch=123 step=900 loss_G=2.6535 loss_D_A=0.2665 loss_D_B=0.2375 cycle=0.1071 idt=0.0794 gnorm=23.197 dnorm=11.956 nan=0
2026-10-03 22:40:37,100 epoch=123 step=1000 loss_G=2.0834 loss_D_A=0.1411 loss_D_B=0.2104 cycle=0.0893 idt=0.0719 gnorm=37.704 dnorm=7.891 nan=0
2026-10-03 22:40:52,026 epoch=123 step=1100 loss_G=2.5815 loss_D_A=0.2429 loss_D_B=0.1404 cycle=0.0997 idt=0.0740 gnorm=26.667 dnorm=10.574 nan=0
2026-10-03 22:41:07,180 epoch=123 step=1200 loss_G=1.8712 loss_D_A=0.1323 loss_D_B=0.2418 cycle=0.0785 idt=0.0492 gnorm=18.754 dnorm=6.801 nan=0
2026-10-03 22:41:22,549 epoch=123 step=1300 loss_G=3.7739 loss_D_A=0.2731 loss_D_B=0.2001 cycle=0.1409 idt=0.0773 gnorm=35.129 dnorm=9.123 nan=0
2026-10-03 22:41:37,861 epoch=123 step=1400 loss_G=1.5941 loss_D_A=0.1036 loss_D_B=0.1403 cycle=0.0785 idt=0.0740 gnorm=28.739 dnorm=7.847 nan=0
2026-10-03 22:41:53,222 epoch=123 step=1500 loss_G=2.4611 loss_D_A=0.1141 loss_D_B=0.1909 cycle=0.0952 idt=0.0618 gnorm=32.196 dnorm=5.824 nan=0
2026-10-03 22:42:08,628 epoch=123 step=1600 loss_G=2.0298 loss_D_A=0.1246 loss_D_B=0.1853 cycle=0.1045 idt=0.0552 gnorm=37.059 dnorm=7.605 nan=0
2026-10-03 22:42:23,928 epoch=123 step=1700 loss_G=2.4258 loss_D_A=0.1219 loss_D_B=0.2175 cycle=0.0886 idt=0.0654 gnorm=29.153 dnorm=6.523 nan=0
2026-10-03 22:42:39,313 epoch=123 step=1800 loss_G=1.9931 loss_D_A=0.2434 loss_D_B=0.2042 cycle=0.0767 idt=0.0662 gnorm=17.340 dnorm=9.273 nan=0
2026-10-03 22:42:54,706 epoch=123 step=1900 loss_G=1.9701 loss_D_A=0.2138 loss_D_B=0.2632 cycle=0.0902 idt=0.0842 gnorm=30.462 dnorm=12.972 nan=0
2026-10-03 22:43:09,942 epoch=123 step=2000 loss_G=1.8866 loss_D_A=0.1691 loss_D_B=0.1670 cycle=0.0737 idt=0.0610 gnorm=15.252 dnorm=7.366 nan=0
2026-10-03 22:43:25,066 epoch=123 step=2100 loss_G=2.3222 loss_D_A=0.0866 loss_D_B=0.5821 cycle=0.0946 idt=0.0689 gnorm=22.939 dnorm=30.072 nan=0
2026-10-03 22:43:40,227 epoch=123 step=2200 loss_G=2.6968 loss_D_A=0.1147 loss_D_B=0.1314 cycle=0.0959 idt=0.1134 gnorm=32.734 dnorm=4.868 nan=0
2026-10-03 22:43:54,763 epoch=123 step=2300 loss_G=2.9607 loss_D_A=0.0484 loss_D_B=0.2492 cycle=0.0971 idt=0.0818 gnorm=25.283 dnorm=4.995 nan=0
2026-10-03 22:44:09,929 epoch=123 step=2400 loss_G=2.2265 loss_D_A=0.1825 loss_D_B=0.2937 cycle=0.0726 idt=0.0509 gnorm=23.429 dnorm=7.995 nan=0
2026-10-03 22:44:25,292 epoch=123 step=2500 loss_G=2.1679 loss_D_A=0.1900 loss_D_B=0.2342 cycle=0.0794 idt=0.0683 gnorm=25.641 dnorm=14.714 nan=0
2026-10-03 22:44:40,666 epoch=123 step=2600 loss_G=2.0343 loss_D_A=0.1718 loss_D_B=0.1445 cycle=0.0755 idt=0.0760 gnorm=25.599 dnorm=8.583 nan=0
2026-10-03 22:44:55,874 epoch=123 step=2700 loss_G=3.5754 loss_D_A=0.0342 loss_D_B=0.1148 cycle=0.1567 idt=0.1671 gnorm=35.954 dnorm=3.898 nan=0
2026-10-03 22:45:10,811 epoch=123 step=2800 loss_G=1.9619 loss_D_A=0.1372 loss_D_B=0.1607 cycle=0.1011 idt=0.0641 gnorm=23.918 dnorm=5.189 nan=0
2026-10-03 22:45:26,102 epoch=123 step=2900 loss_G=2.7569 loss_D_A=0.1483 loss_D_B=0.1426 cycle=0.1291 idt=0.0905 gnorm=31.032 dnorm=5.719 nan=0
2026-10-03 22:45:41,290 epoch=123 step=3000 loss_G=2.3016 loss_D_A=0.1121 loss_D_B=0.0873 cycle=0.1090 idt=0.0887 gnorm=32.533 dnorm=4.987 nan=0
2026-10-03 22:45:56,661 epoch=123 step=3100 loss_G=2.1494 loss_D_A=0.3014 loss_D_B=0.1691 cycle=0.0878 idt=0.0582 gnorm=20.719 dnorm=9.992 nan=0
2026-10-03 22:46:11,793 epoch=123 step=3200 loss_G=2.4378 loss_D_A=0.2354 loss_D_B=0.2896 cycle=0.1115 idt=0.0963 gnorm=24.380 dnorm=6.373 nan=0
2026-10-03 22:46:27,041 epoch=123 step=3300 loss_G=2.0483 loss_D_A=0.0975 loss_D_B=0.2043 cycle=0.0764 idt=0.0647 gnorm=19.846 dnorm=9.518 nan=0
2026-10-03 22:46:41,729 epoch=123 step=3400 loss_G=1.9608 loss_D_A=0.0777 loss_D_B=0.2329 cycle=0.0873 idt=0.0617 gnorm=21.848 dnorm=10.285 nan=0
2026-10-03 22:46:57,125 epoch=123 step=3500 loss_G=2.6485 loss_D_A=0.0524 loss_D_B=0.2318 cycle=0.1008 idt=0.0677 gnorm=15.908 dnorm=10.048 nan=0
2026-10-03 22:47:12,519 epoch=123 step=3600 loss_G=2.0250 loss_D_A=0.2429 loss_D_B=0.1320 cycle=0.1093 idt=0.0778 gnorm=26.422 dnorm=6.693 nan=0
2026-10-03 22:47:27,872 epoch=123 step=3700 loss_G=3.1967 loss_D_A=0.1211 loss_D_B=0.1833 cycle=0.0975 idt=0.1665 gnorm=48.479 dnorm=6.064 nan=0
2026-10-03 22:47:43,218 epoch=123 step=3800 loss_G=2.1708 loss_D_A=0.1132 loss_D_B=0.0634 cycle=0.1024 idt=0.0630 gnorm=27.539 dnorm=5.743 nan=0
2026-10-03 22:47:58,551 epoch=123 step=3900 loss_G=2.5764 loss_D_A=0.2353 loss_D_B=0.0746 cycle=0.1063 idt=0.0796 gnorm=31.359 dnorm=7.762 nan=0
2026-10-03 22:48:13,919 epoch=123 step=4000 loss_G=2.3935 loss_D_A=0.1424 loss_D_B=0.1465 cycle=0.1121 idt=0.0765 gnorm=29.027 dnorm=6.820 nan=0
2026-10-03 22:48:29,236 epoch=123 step=4100 loss_G=1.4391 loss_D_A=0.1135 loss_D_B=0.1022 cycle=0.0735 idt=0.0566 gnorm=19.933 dnorm=5.229 nan=0
2026-10-03 22:48:44,400 epoch=123 step=4200 loss_G=2.9566 loss_D_A=0.0703 loss_D_B=0.2264 cycle=0.0940 idt=0.0604 gnorm=25.974 dnorm=6.043 nan=0
2026-10-03 22:48:59,770 epoch=123 step=4300 loss_G=2.7224 loss_D_A=0.0562 loss_D_B=0.0826 cycle=0.1055 idt=0.0683 gnorm=33.517 dnorm=4.787 nan=0
2026-10-03 22:49:15,000 epoch=123 step=4400 loss_G=2.0140 loss_D_A=0.1538 loss_D_B=0.3907 cycle=0.1051 idt=0.0931 gnorm=22.517 dnorm=12.212 nan=0
2026-10-03 22:49:30,330 epoch=123 step=4500 loss_G=2.2748 loss_D_A=0.1349 loss_D_B=0.1559 cycle=0.0930 idt=0.0603 gnorm=21.616 dnorm=6.861 nan=0
2026-10-03 22:49:45,685 epoch=123 step=4600 loss_G=3.2847 loss_D_A=0.0894 loss_D_B=0.2262 cycle=0.1138 idt=0.1015 gnorm=35.958 dnorm=10.323 nan=0
2026-10-03 22:50:01,194 epoch=123 step=4700 loss_G=1.8332 loss_D_A=0.1090 loss_D_B=0.1235 cycle=0.0831 idt=0.0756 gnorm=22.388 dnorm=7.325 nan=0
2026-10-03 22:50:16,357 epoch=123 step=4800 loss_G=2.0363 loss_D_A=0.1832 loss_D_B=0.0837 cycle=0.0954 idt=0.0749 gnorm=36.402 dnorm=7.840 nan=0
2026-10-03 22:50:31,744 epoch=123 step=4900 loss_G=1.8929 loss_D_A=0.3692 loss_D_B=0.1979 cycle=0.0977 idt=0.0625 gnorm=30.203 dnorm=9.498 nan=0
2026-10-03 22:50:47,128 epoch=123 step=5000 loss_G=2.5286 loss_D_A=0.1617 loss_D_B=0.0873 cycle=0.0981 idt=0.0763 gnorm=31.912 dnorm=5.097 nan=0
2026-10-03 22:51:02,491 epoch=123 step=5100 loss_G=1.7107 loss_D_A=0.1021 loss_D_B=0.2388 cycle=0.0902 idt=0.0554 gnorm=27.538 dnorm=6.915 nan=0
2026-10-03 22:51:17,879 epoch=123 step=5200 loss_G=1.8144 loss_D_A=0.1385 loss_D_B=0.2620 cycle=0.0856 idt=0.0604 gnorm=19.250 dnorm=7.471 nan=0
2026-10-03 22:51:32,757 epoch=123 step=5300 loss_G=2.2486 loss_D_A=0.2601 loss_D_B=0.0436 cycle=0.0888 idt=0.0957 gnorm=34.917 dnorm=6.515 nan=0
2026-10-03 22:51:48,097 epoch=123 step=5400 loss_G=2.3932 loss_D_A=0.1992 loss_D_B=0.1329 cycle=0.1119 idt=0.0749 gnorm=38.056 dnorm=10.816 nan=0
2026-10-03 22:52:03,497 epoch=123 step=5500 loss_G=2.8030 loss_D_A=0.0895 loss_D_B=0.1173 cycle=0.1231 idt=0.0931 gnorm=41.531 dnorm=5.453 nan=0
2026-10-03 22:52:18,862 epoch=123 step=5600 loss_G=1.8389 loss_D_A=0.0743 loss_D_B=0.0957 cycle=0.0711 idt=0.0490 gnorm=18.378 dnorm=4.709 nan=0
2026-10-03 22:52:34,193 epoch=123 step=5700 loss_G=1.9939 loss_D_A=0.2283 loss_D_B=0.1043 cycle=0.0806 idt=0.0582 gnorm=29.896 dnorm=5.783 nan=0
2026-10-03 22:52:49,667 epoch=123 step=5800 loss_G=2.4760 loss_D_A=0.1674 loss_D_B=0.2619 cycle=0.1448 idt=0.0810 gnorm=50.082 dnorm=11.126 nan=0
2026-10-03 22:53:05,461 epoch=123 step=5900 loss_G=1.6918 loss_D_A=0.0821 loss_D_B=0.1863 cycle=0.1080 idt=0.0642 gnorm=22.858 dnorm=8.507 nan=0
2026-10-03 22:53:21,117 epoch=123 step=6000 loss_G=1.9164 loss_D_A=0.2196 loss_D_B=0.1850 cycle=0.0766 idt=0.0556 gnorm=23.730 dnorm=8.251 nan=0
2026-10-03 22:53:36,370 epoch=123 step=6100 loss_G=2.3237 loss_D_A=0.0692 loss_D_B=0.1008 cycle=0.0996 idt=0.0951 gnorm=23.033 dnorm=3.927 nan=0
2026-10-03 22:53:51,713 epoch=123 step=6200 loss_G=1.4804 loss_D_A=0.0939 loss_D_B=0.1196 cycle=0.0781 idt=0.0582 gnorm=19.521 dnorm=4.920 nan=0
2026-10-03 22:54:07,032 epoch=123 step=6300 loss_G=2.1572 loss_D_A=0.0335 loss_D_B=0.1839 cycle=0.0809 idt=0.0547 gnorm=26.754 dnorm=6.296 nan=0
2026-10-03 22:54:22,461 epoch=123 step=6400 loss_G=1.7848 loss_D_A=0.2901 loss_D_B=0.4031 cycle=0.0770 idt=0.0481 gnorm=19.904 dnorm=12.804 nan=0
2026-10-03 22:54:28,253 epoch_mean={'g': 2.3079672816674432, 'd_a': 0.16982830292914142, 'd_b': 0.18506701239224138, 'cycle': 0.10218977417105952, 'identity': 0.07724986412614797, 'epoch': 123}
2026-10-03 22:54:28,879 epoch=124 step=1 loss_G=1.9949 loss_D_A=0.0809 loss_D_B=0.2442 cycle=0.0886 idt=0.0629 gnorm=18.758 dnorm=6.407 nan=0
2026-10-03 22:54:43,857 epoch=124 step=100 loss_G=1.9375 loss_D_A=0.0540 loss_D_B=0.1895 cycle=0.1080 idt=0.0691 gnorm=35.101 dnorm=4.894 nan=0
2026-10-03 22:54:59,172 epoch=124 step=200 loss_G=2.7007 loss_D_A=0.0532 loss_D_B=0.2861 cycle=0.1097 idt=0.0857 gnorm=31.614 dnorm=6.722 nan=0
2026-10-03 22:55:14,299 epoch=124 step=300 loss_G=2.8265 loss_D_A=0.1771 loss_D_B=0.0650 cycle=0.1476 idt=0.1103 gnorm=23.523 dnorm=6.515 nan=0
2026-10-03 22:55:29,550 epoch=124 step=400 loss_G=2.0434 loss_D_A=0.1320 loss_D_B=0.2508 cycle=0.0794 idt=0.0624 gnorm=28.799 dnorm=7.866 nan=0
2026-10-03 22:55:44,857 epoch=124 step=500 loss_G=2.1639 loss_D_A=0.0326 loss_D_B=0.2705 cycle=0.1210 idt=0.0824 gnorm=31.020 dnorm=8.549 nan=0
2026-10-03 22:56:00,133 epoch=124 step=600 loss_G=2.5636 loss_D_A=0.0653 loss_D_B=0.1582 cycle=0.0979 idt=0.1179 gnorm=40.083 dnorm=8.118 nan=0
2026-10-03 22:56:15,420 epoch=124 step=700 loss_G=1.9474 loss_D_A=0.2253 loss_D_B=0.1277 cycle=0.1167 idt=0.0912 gnorm=33.819 dnorm=8.394 nan=0
2026-10-03 22:56:30,814 epoch=124 step=800 loss_G=2.4246 loss_D_A=0.0511 loss_D_B=0.1433 cycle=0.0868 idt=0.1002 gnorm=29.745 dnorm=5.223 nan=0
2026-10-03 22:56:46,186 epoch=124 step=900 loss_G=1.6598 loss_D_A=0.1991 loss_D_B=0.1439 cycle=0.0872 idt=0.0593 gnorm=18.409 dnorm=7.268 nan=0
2026-10-03 22:57:01,293 epoch=124 step=1000 loss_G=2.3617 loss_D_A=0.1010 loss_D_B=0.2125 cycle=0.0965 idt=0.1123 gnorm=32.640 dnorm=6.259 nan=0
2026-10-03 22:57:16,653 epoch=124 step=1100 loss_G=1.9066 loss_D_A=0.1660 loss_D_B=0.2306 cycle=0.0908 idt=0.0572 gnorm=18.527 dnorm=8.422 nan=0
2026-10-03 22:57:31,823 epoch=124 step=1200 loss_G=1.8529 loss_D_A=0.2304 loss_D_B=0.3124 cycle=0.0633 idt=0.0346 gnorm=24.107 dnorm=13.305 nan=0
2026-10-03 22:57:47,084 epoch=124 step=1300 loss_G=2.0033 loss_D_A=0.1351 loss_D_B=0.0651 cycle=0.0949 idt=0.0750 gnorm=19.479 dnorm=4.767 nan=0
2026-10-03 22:58:02,203 epoch=124 step=1400 loss_G=2.3500 loss_D_A=0.1774 loss_D_B=0.1442 cycle=0.0847 idt=0.0671 gnorm=22.075 dnorm=9.851 nan=0
2026-10-03 22:58:17,154 epoch=124 step=1500 loss_G=2.3828 loss_D_A=0.1580 loss_D_B=0.0791 cycle=0.1081 idt=0.0640 gnorm=35.628 dnorm=5.857 nan=0
2026-10-03 22:58:32,518 epoch=124 step=1600 loss_G=2.8151 loss_D_A=0.2255 loss_D_B=0.1754 cycle=0.1025 idt=0.0670 gnorm=25.013 dnorm=7.273 nan=0
2026-10-03 22:58:47,891 epoch=124 step=1700 loss_G=2.1758 loss_D_A=0.1531 loss_D_B=0.1468 cycle=0.0941 idt=0.0594 gnorm=22.063 dnorm=7.114 nan=0
2026-10-03 22:59:03,321 epoch=124 step=1800 loss_G=3.0891 loss_D_A=0.3036 loss_D_B=0.0652 cycle=0.1071 idt=0.0901 gnorm=25.880 dnorm=7.398 nan=0
2026-10-03 22:59:18,639 epoch=124 step=1900 loss_G=2.1817 loss_D_A=0.1768 loss_D_B=0.1220 cycle=0.1016 idt=0.0808 gnorm=25.497 dnorm=10.159 nan=0
2026-10-03 22:59:33,709 epoch=124 step=2000 loss_G=2.7777 loss_D_A=0.1331 loss_D_B=0.1798 cycle=0.1351 idt=0.0878 gnorm=40.069 dnorm=7.507 nan=0
2026-10-03 22:59:48,949 epoch=124 step=2100 loss_G=2.4017 loss_D_A=0.2864 loss_D_B=0.1641 cycle=0.0847 idt=0.0898 gnorm=34.419 dnorm=9.165 nan=0
2026-10-03 23:00:03,987 epoch=124 step=2200 loss_G=2.2947 loss_D_A=0.0961 loss_D_B=0.2170 cycle=0.0992 idt=0.0775 gnorm=20.947 dnorm=6.942 nan=0
2026-10-03 23:00:19,182 epoch=124 step=2300 loss_G=2.4931 loss_D_A=0.2087 loss_D_B=0.1963 cycle=0.1121 idt=0.0922 gnorm=28.267 dnorm=6.467 nan=0
2026-10-03 23:00:34,617 epoch=124 step=2400 loss_G=2.7948 loss_D_A=0.3534 loss_D_B=0.1891 cycle=0.1315 idt=0.1708 gnorm=48.628 dnorm=10.068 nan=0
2026-10-03 23:00:49,814 epoch=124 step=2500 loss_G=2.1747 loss_D_A=0.0950 loss_D_B=0.1310 cycle=0.0993 idt=0.0632 gnorm=28.551 dnorm=6.599 nan=0
2026-10-03 23:01:05,135 epoch=124 step=2600 loss_G=2.1337 loss_D_A=0.0683 loss_D_B=0.0843 cycle=0.0929 idt=0.0799 gnorm=14.970 dnorm=5.937 nan=0
2026-10-03 23:01:20,632 epoch=124 step=2700 loss_G=2.5285 loss_D_A=0.4041 loss_D_B=0.1582 cycle=0.1141 idt=0.0807 gnorm=22.895 dnorm=9.917 nan=0
2026-10-03 23:01:36,053 epoch=124 step=2800 loss_G=1.9194 loss_D_A=0.0952 loss_D_B=0.1122 cycle=0.0843 idt=0.0524 gnorm=27.610 dnorm=5.779 nan=0
2026-10-03 23:01:52,377 epoch=124 step=2900 loss_G=1.3176 loss_D_A=0.0327 loss_D_B=0.1580 cycle=0.0718 idt=0.0441 gnorm=17.946 dnorm=5.206 nan=0
2026-10-03 23:02:08,471 epoch=124 step=3000 loss_G=1.6175 loss_D_A=0.1877 loss_D_B=0.1229 cycle=0.0785 idt=0.0531 gnorm=16.273 dnorm=7.247 nan=0
2026-10-03 23:02:24,441 epoch=124 step=3100 loss_G=1.9664 loss_D_A=0.0994 loss_D_B=0.2161 cycle=0.1072 idt=0.0801 gnorm=22.770 dnorm=8.067 nan=0
2026-10-03 23:02:39,583 epoch=124 step=3200 loss_G=2.2772 loss_D_A=0.2104 loss_D_B=0.0953 cycle=0.0934 idt=0.0640 gnorm=31.353 dnorm=6.764 nan=0
2026-10-03 23:02:54,999 epoch=124 step=3300 loss_G=1.7812 loss_D_A=0.2203 loss_D_B=0.2703 cycle=0.0958 idt=0.0650 gnorm=21.878 dnorm=9.902 nan=0
2026-10-03 23:03:10,355 epoch=124 step=3400 loss_G=1.7799 loss_D_A=0.0815 loss_D_B=0.2046 cycle=0.0796 idt=0.0585 gnorm=19.155 dnorm=6.687 nan=0
2026-10-03 23:03:25,822 epoch=124 step=3500 loss_G=2.2453 loss_D_A=0.2184 loss_D_B=0.1865 cycle=0.1183 idt=0.0550 gnorm=29.686 dnorm=6.165 nan=0
2026-10-03 23:03:41,226 epoch=124 step=3600 loss_G=2.3520 loss_D_A=0.1379 loss_D_B=0.2369 cycle=0.1252 idt=0.0789 gnorm=33.887 dnorm=5.354 nan=0
2026-10-03 23:03:56,584 epoch=124 step=3700 loss_G=2.0317 loss_D_A=0.0900 loss_D_B=0.2475 cycle=0.0880 idt=0.0653 gnorm=18.472 dnorm=5.940 nan=0
2026-10-03 23:04:11,989 epoch=124 step=3800 loss_G=2.9452 loss_D_A=0.0838 loss_D_B=0.1008 cycle=0.1009 idt=0.0819 gnorm=30.189 dnorm=4.981 nan=0
2026-10-03 23:04:27,389 epoch=124 step=3900 loss_G=2.1569 loss_D_A=0.3708 loss_D_B=0.1301 cycle=0.0826 idt=0.0580 gnorm=38.675 dnorm=10.027 nan=0
2026-10-03 23:04:42,127 epoch=124 step=4000 loss_G=2.6007 loss_D_A=0.0964 loss_D_B=0.2113 cycle=0.0931 idt=0.0667 gnorm=18.188 dnorm=8.972 nan=0
2026-10-03 23:04:57,369 epoch=124 step=4100 loss_G=2.2938 loss_D_A=0.0617 loss_D_B=0.3711 cycle=0.1010 idt=0.0943 gnorm=25.324 dnorm=6.352 nan=0
2026-10-03 23:05:12,404 epoch=124 step=4200 loss_G=2.0448 loss_D_A=0.1448 loss_D_B=0.2308 cycle=0.0883 idt=0.0438 gnorm=29.070 dnorm=7.626 nan=0
2026-10-03 23:05:27,729 epoch=124 step=4300 loss_G=2.1284 loss_D_A=0.0895 loss_D_B=0.1414 cycle=0.0871 idt=0.0844 gnorm=26.858 dnorm=5.844 nan=0
2026-10-03 23:05:42,477 epoch=124 step=4400 loss_G=2.5369 loss_D_A=0.1308 loss_D_B=0.0915 cycle=0.1254 idt=0.1025 gnorm=27.731 dnorm=6.005 nan=0
2026-10-03 23:05:57,618 epoch=124 step=4500 loss_G=2.1252 loss_D_A=0.0908 loss_D_B=0.1154 cycle=0.0853 idt=0.0550 gnorm=31.989 dnorm=4.350 nan=0
2026-10-03 23:06:12,674 epoch=124 step=4600 loss_G=2.9343 loss_D_A=0.4060 loss_D_B=0.1716 cycle=0.1121 idt=0.0784 gnorm=25.797 dnorm=10.337 nan=0
2026-10-03 23:06:28,139 epoch=124 step=4700 loss_G=1.6242 loss_D_A=0.2495 loss_D_B=0.2213 cycle=0.0814 idt=0.0562 gnorm=22.002 dnorm=12.622 nan=0
2026-10-03 23:06:43,452 epoch=124 step=4800 loss_G=1.9886 loss_D_A=0.3070 loss_D_B=0.1806 cycle=0.0833 idt=0.0600 gnorm=18.019 dnorm=9.705 nan=0
2026-10-03 23:06:58,849 epoch=124 step=4900 loss_G=2.8165 loss_D_A=0.0940 loss_D_B=0.0559 cycle=0.1784 idt=0.1036 gnorm=73.809 dnorm=5.432 nan=0
2026-10-03 23:07:14,048 epoch=124 step=5000 loss_G=2.7823 loss_D_A=0.1662 loss_D_B=0.2063 cycle=0.1081 idt=0.0929 gnorm=30.147 dnorm=8.932 nan=0
2026-10-03 23:07:29,377 epoch=124 step=5100 loss_G=2.2782 loss_D_A=0.2014 loss_D_B=0.0783 cycle=0.0832 idt=0.0664 gnorm=22.946 dnorm=5.683 nan=0
2026-10-03 23:07:44,816 epoch=124 step=5200 loss_G=2.4887 loss_D_A=0.1228 loss_D_B=0.0663 cycle=0.0700 idt=0.0528 gnorm=13.713 dnorm=5.322 nan=0
2026-10-03 23:08:00,203 epoch=124 step=5300 loss_G=2.3598 loss_D_A=0.1594 loss_D_B=0.2094 cycle=0.0867 idt=0.0621 gnorm=23.346 dnorm=5.038 nan=0
2026-10-03 23:08:15,499 epoch=124 step=5400 loss_G=2.0432 loss_D_A=0.0777 loss_D_B=0.1131 cycle=0.0828 idt=0.0599 gnorm=16.411 dnorm=9.284 nan=0
2026-10-03 23:08:30,907 epoch=124 step=5500 loss_G=2.2282 loss_D_A=0.1022 loss_D_B=0.4930 cycle=0.0910 idt=0.0660 gnorm=22.221 dnorm=13.398 nan=0
2026-10-03 23:08:46,292 epoch=124 step=5600 loss_G=2.4618 loss_D_A=0.2573 loss_D_B=0.1014 cycle=0.0888 idt=0.0775 gnorm=32.903 dnorm=6.566 nan=0
2026-10-03 23:09:01,565 epoch=124 step=5700 loss_G=3.0373 loss_D_A=0.2520 loss_D_B=0.1362 cycle=0.1299 idt=0.1013 gnorm=43.836 dnorm=7.995 nan=0
2026-10-03 23:09:16,411 epoch=124 step=5800 loss_G=2.0124 loss_D_A=0.2324 loss_D_B=0.1962 cycle=0.0933 idt=0.0582 gnorm=25.442 dnorm=10.308 nan=0
2026-10-03 23:09:31,713 epoch=124 step=5900 loss_G=1.6252 loss_D_A=0.1525 loss_D_B=0.2215 cycle=0.1005 idt=0.0638 gnorm=19.680 dnorm=14.349 nan=0
2026-10-03 23:09:46,995 epoch=124 step=6000 loss_G=2.2280 loss_D_A=0.1208 loss_D_B=0.2150 cycle=0.0980 idt=0.0688 gnorm=14.727 dnorm=6.949 nan=0
2026-10-03 23:10:02,363 epoch=124 step=6100 loss_G=1.8954 loss_D_A=0.2065 loss_D_B=0.0806 cycle=0.0892 idt=0.0628 gnorm=31.639 dnorm=5.765 nan=0
2026-10-03 23:10:17,654 epoch=124 step=6200 loss_G=1.9120 loss_D_A=0.1352 loss_D_B=0.1597 cycle=0.0993 idt=0.0634 gnorm=27.748 dnorm=6.521 nan=0
2026-10-03 23:10:33,001 epoch=124 step=6300 loss_G=2.6661 loss_D_A=0.1949 loss_D_B=0.1558 cycle=0.1230 idt=0.1788 gnorm=26.212 dnorm=5.451 nan=0
2026-10-03 23:10:48,409 epoch=124 step=6400 loss_G=2.1417 loss_D_A=0.0854 loss_D_B=0.1731 cycle=0.1023 idt=0.0848 gnorm=34.239 dnorm=6.904 nan=0
2026-10-03 23:10:54,201 epoch_mean={'g': 2.3172660133193537, 'd_a': 0.16934521696737145, 'd_b': 0.18191811785856438, 'cycle': 0.1016989331987564, 'identity': 0.07668770644634397, 'epoch': 124}
2026-10-03 23:10:54,808 epoch=125 step=1 loss_G=2.2237 loss_D_A=0.2222 loss_D_B=0.2679 cycle=0.0906 idt=0.0730 gnorm=30.289 dnorm=11.361 nan=0
2026-10-03 23:11:09,918 epoch=125 step=100 loss_G=2.2924 loss_D_A=0.1030 loss_D_B=0.1409 cycle=0.1060 idt=0.0942 gnorm=17.520 dnorm=5.258 nan=0
2026-10-03 23:11:25,124 epoch=125 step=200 loss_G=3.0104 loss_D_A=0.1834 loss_D_B=0.1202 cycle=0.1032 idt=0.0823 gnorm=19.624 dnorm=6.700 nan=0
2026-10-03 23:11:40,380 epoch=125 step=300 loss_G=2.2921 loss_D_A=0.1660 loss_D_B=0.1704 cycle=0.1137 idt=0.0954 gnorm=26.735 dnorm=9.554 nan=0
2026-10-03 23:11:55,499 epoch=125 step=400 loss_G=1.9288 loss_D_A=0.1502 loss_D_B=0.2644 cycle=0.0977 idt=0.0784 gnorm=26.046 dnorm=7.328 nan=0
2026-10-03 23:12:10,487 epoch=125 step=500 loss_G=1.8757 loss_D_A=0.1779 loss_D_B=0.2434 cycle=0.0897 idt=0.0689 gnorm=18.362 dnorm=12.587 nan=0
2026-10-03 23:12:25,866 epoch=125 step=600 loss_G=1.4212 loss_D_A=0.3853 loss_D_B=0.1731 cycle=0.0789 idt=0.0545 gnorm=21.327 dnorm=8.194 nan=0
2026-10-03 23:12:41,068 epoch=125 step=700 loss_G=1.9330 loss_D_A=0.0949 loss_D_B=0.1472 cycle=0.1080 idt=0.0815 gnorm=23.064 dnorm=5.933 nan=0
2026-10-03 23:12:55,952 epoch=125 step=800 loss_G=3.0067 loss_D_A=0.1351 loss_D_B=0.1536 cycle=0.1096 idt=0.0678 gnorm=28.783 dnorm=8.921 nan=0
2026-10-03 23:13:10,984 epoch=125 step=900 loss_G=1.7791 loss_D_A=0.1154 loss_D_B=0.2696 cycle=0.0786 idt=0.0568 gnorm=19.784 dnorm=11.256 nan=0
2026-10-03 23:13:26,388 epoch=125 step=1000 loss_G=1.8451 loss_D_A=0.2893 loss_D_B=0.0507 cycle=0.0923 idt=0.0926 gnorm=22.290 dnorm=8.990 nan=0
2026-10-03 23:13:41,225 epoch=125 step=1100 loss_G=2.3475 loss_D_A=0.2117 loss_D_B=0.1658 cycle=0.0985 idt=0.1060 gnorm=32.342 dnorm=8.450 nan=0
2026-10-03 23:13:55,989 epoch=125 step=1200 loss_G=2.1520 loss_D_A=0.3122 loss_D_B=0.1690 cycle=0.1031 idt=0.0475 gnorm=28.623 dnorm=7.113 nan=0
2026-10-03 23:14:11,315 epoch=125 step=1300 loss_G=2.6454 loss_D_A=0.2092 loss_D_B=0.1241 cycle=0.1254 idt=0.0863 gnorm=31.609 dnorm=5.393 nan=0
2026-10-03 23:14:26,409 epoch=125 step=1400 loss_G=2.2904 loss_D_A=0.1560 loss_D_B=0.0549 cycle=0.1161 idt=0.0869 gnorm=17.869 dnorm=6.879 nan=0
2026-10-03 23:14:41,796 epoch=125 step=1500 loss_G=2.8902 loss_D_A=0.1574 loss_D_B=0.0966 cycle=0.1248 idt=0.1033 gnorm=38.743 dnorm=9.368 nan=0
2026-10-03 23:14:57,203 epoch=125 step=1600 loss_G=2.1807 loss_D_A=0.0935 loss_D_B=0.1308 cycle=0.0960 idt=0.0682 gnorm=27.177 dnorm=4.702 nan=0
2026-10-03 23:15:12,489 epoch=125 step=1700 loss_G=1.7206 loss_D_A=0.1876 loss_D_B=0.2262 cycle=0.0778 idt=0.0760 gnorm=16.175 dnorm=6.825 nan=0
2026-10-03 23:15:27,877 epoch=125 step=1800 loss_G=1.8975 loss_D_A=0.0545 loss_D_B=0.1655 cycle=0.0848 idt=0.0568 gnorm=21.608 dnorm=6.444 nan=0
2026-10-03 23:15:42,782 epoch=125 step=1900 loss_G=1.7985 loss_D_A=0.0364 loss_D_B=0.1295 cycle=0.0874 idt=0.0526 gnorm=28.424 dnorm=4.928 nan=0
2026-10-03 23:15:58,115 epoch=125 step=2000 loss_G=2.0948 loss_D_A=0.0920 loss_D_B=0.2779 cycle=0.0871 idt=0.0822 gnorm=22.128 dnorm=6.266 nan=0
2026-10-03 23:16:13,276 epoch=125 step=2100 loss_G=3.0777 loss_D_A=0.0343 loss_D_B=0.2049 cycle=0.0977 idt=0.0744 gnorm=23.112 dnorm=4.812 nan=0
2026-10-03 23:16:28,649 epoch=125 step=2200 loss_G=2.5037 loss_D_A=0.2148 loss_D_B=0.2083 cycle=0.0872 idt=0.0749 gnorm=20.775 dnorm=9.149 nan=0
2026-10-03 23:16:44,015 epoch=125 step=2300 loss_G=2.1678 loss_D_A=0.0659 loss_D_B=0.1208 cycle=0.1077 idt=0.0608 gnorm=33.321 dnorm=5.010 nan=0
2026-10-03 23:16:59,322 epoch=125 step=2400 loss_G=1.8126 loss_D_A=0.0866 loss_D_B=0.2237 cycle=0.0864 idt=0.0562 gnorm=17.674 dnorm=7.536 nan=0
2026-10-03 23:17:14,164 epoch=125 step=2500 loss_G=2.0175 loss_D_A=0.1754 loss_D_B=0.1866 cycle=0.1017 idt=0.0636 gnorm=26.128 dnorm=7.907 nan=0
2026-10-03 23:17:29,413 epoch=125 step=2600 loss_G=2.0436 loss_D_A=0.3502 loss_D_B=0.2011 cycle=0.1055 idt=0.0683 gnorm=20.688 dnorm=11.152 nan=0
2026-10-03 23:17:44,781 epoch=125 step=2700 loss_G=2.4303 loss_D_A=0.0846 loss_D_B=0.2183 cycle=0.0967 idt=0.0926 gnorm=27.425 dnorm=6.147 nan=0
2026-10-03 23:18:00,106 epoch=125 step=2800 loss_G=1.3458 loss_D_A=0.2443 loss_D_B=0.2540 cycle=0.0854 idt=0.0498 gnorm=26.147 dnorm=10.661 nan=0
2026-10-03 23:18:15,483 epoch=125 step=2900 loss_G=3.0634 loss_D_A=0.1919 loss_D_B=0.2124 cycle=0.1415 idt=0.1593 gnorm=25.851 dnorm=7.079 nan=0
2026-10-03 23:18:30,729 epoch=125 step=3000 loss_G=2.5334 loss_D_A=0.2169 loss_D_B=0.2504 cycle=0.0932 idt=0.0913 gnorm=32.593 dnorm=6.844 nan=0
2026-10-03 23:18:45,257 epoch=125 step=3100 loss_G=1.4482 loss_D_A=0.1524 loss_D_B=0.1611 cycle=0.0846 idt=0.0566 gnorm=25.048 dnorm=17.038 nan=0
2026-10-03 23:19:00,683 epoch=125 step=3200 loss_G=2.3873 loss_D_A=0.0997 loss_D_B=0.3488 cycle=0.1258 idt=0.0831 gnorm=31.260 dnorm=12.063 nan=0
2026-10-03 23:19:16,086 epoch=125 step=3300 loss_G=2.4609 loss_D_A=0.2570 loss_D_B=0.3421 cycle=0.1358 idt=0.0985 gnorm=49.036 dnorm=20.619 nan=0
2026-10-03 23:19:31,391 epoch=125 step=3400 loss_G=2.2447 loss_D_A=0.2174 loss_D_B=0.1938 cycle=0.0871 idt=0.0609 gnorm=37.250 dnorm=9.316 nan=0
2026-10-03 23:19:46,631 epoch=125 step=3500 loss_G=2.7627 loss_D_A=0.1130 loss_D_B=0.2748 cycle=0.1017 idt=0.0909 gnorm=22.234 dnorm=7.310 nan=0
2026-10-03 23:20:01,745 epoch=125 step=3600 loss_G=2.1043 loss_D_A=0.2449 loss_D_B=0.1190 cycle=0.1153 idt=0.0593 gnorm=24.558 dnorm=7.112 nan=0
2026-10-03 23:20:16,787 epoch=125 step=3700 loss_G=1.9194 loss_D_A=0.0321 loss_D_B=0.2226 cycle=0.0778 idt=0.0577 gnorm=18.621 dnorm=5.714 nan=0
2026-10-03 23:20:31,903 epoch=125 step=3800 loss_G=2.6484 loss_D_A=0.1159 loss_D_B=0.0876 cycle=0.1100 idt=0.0734 gnorm=30.547 dnorm=6.840 nan=0
2026-10-03 23:20:47,164 epoch=125 step=3900 loss_G=2.6151 loss_D_A=0.3045 loss_D_B=0.2943 cycle=0.1036 idt=0.0765 gnorm=23.623 dnorm=15.817 nan=0
2026-10-03 23:21:02,397 epoch=125 step=4000 loss_G=2.2053 loss_D_A=0.1231 loss_D_B=0.1202 cycle=0.1113 idt=0.1256 gnorm=31.636 dnorm=7.329 nan=0
2026-10-03 23:21:17,776 epoch=125 step=4100 loss_G=2.7543 loss_D_A=0.0867 loss_D_B=0.0572 cycle=0.0909 idt=0.0512 gnorm=42.523 dnorm=3.311 nan=0
2026-10-03 23:21:33,073 epoch=125 step=4200 loss_G=2.1201 loss_D_A=0.2511 loss_D_B=0.1635 cycle=0.0856 idt=0.0524 gnorm=18.852 dnorm=8.852 nan=0
2026-10-03 23:21:48,462 epoch=125 step=4300 loss_G=2.0269 loss_D_A=0.1666 loss_D_B=0.2436 cycle=0.0940 idt=0.0693 gnorm=31.755 dnorm=8.607 nan=0
2026-10-03 23:22:03,844 epoch=125 step=4400 loss_G=2.0311 loss_D_A=0.2611 loss_D_B=0.1897 cycle=0.0933 idt=0.0571 gnorm=19.816 dnorm=8.282 nan=0
2026-10-03 23:22:18,965 epoch=125 step=4500 loss_G=2.5615 loss_D_A=0.0280 loss_D_B=0.1407 cycle=0.1077 idt=0.0921 gnorm=38.463 dnorm=3.993 nan=0
2026-10-03 23:22:34,158 epoch=125 step=4600 loss_G=1.9347 loss_D_A=0.2774 loss_D_B=0.2486 cycle=0.0857 idt=0.0993 gnorm=22.334 dnorm=10.916 nan=0
2026-10-03 23:22:49,554 epoch=125 step=4700 loss_G=2.8661 loss_D_A=0.2634 loss_D_B=0.2181 cycle=0.1410 idt=0.0973 gnorm=36.828 dnorm=10.643 nan=0
2026-10-03 23:23:04,614 epoch=125 step=4800 loss_G=1.5305 loss_D_A=0.0501 loss_D_B=0.2475 cycle=0.0760 idt=0.0487 gnorm=19.781 dnorm=6.369 nan=0
2026-10-03 23:23:19,987 epoch=125 step=4900 loss_G=2.2652 loss_D_A=0.2105 loss_D_B=0.0668 cycle=0.0736 idt=0.0643 gnorm=9.376 dnorm=6.468 nan=0
2026-10-03 23:23:34,712 epoch=125 step=5000 loss_G=2.1087 loss_D_A=0.2298 loss_D_B=0.1043 cycle=0.1091 idt=0.1008 gnorm=37.800 dnorm=10.527 nan=0
2026-10-03 23:23:49,642 epoch=125 step=5100 loss_G=1.8340 loss_D_A=0.0694 loss_D_B=0.0959 cycle=0.0844 idt=0.0705 gnorm=27.212 dnorm=3.928 nan=0
2026-10-03 23:24:05,043 epoch=125 step=5200 loss_G=2.4399 loss_D_A=0.2049 loss_D_B=0.2064 cycle=0.0995 idt=0.0789 gnorm=37.162 dnorm=9.110 nan=0
2026-10-03 23:24:20,427 epoch=125 step=5300 loss_G=2.6604 loss_D_A=0.0759 loss_D_B=0.2141 cycle=0.1582 idt=0.0875 gnorm=38.127 dnorm=7.898 nan=0
2026-10-03 23:24:35,764 epoch=125 step=5400 loss_G=2.3483 loss_D_A=0.1124 loss_D_B=0.2456 cycle=0.1230 idt=0.0944 gnorm=21.861 dnorm=13.795 nan=0
2026-10-03 23:24:51,122 epoch=125 step=5500 loss_G=2.0258 loss_D_A=0.2920 loss_D_B=0.3072 cycle=0.0784 idt=0.0555 gnorm=23.706 dnorm=11.313 nan=0
2026-10-03 23:25:06,185 epoch=125 step=5600 loss_G=2.5493 loss_D_A=0.2313 loss_D_B=0.1736 cycle=0.0944 idt=0.0913 gnorm=28.960 dnorm=9.421 nan=0
2026-10-03 23:25:21,513 epoch=125 step=5700 loss_G=2.3198 loss_D_A=0.1208 loss_D_B=0.0705 cycle=0.0968 idt=0.0691 gnorm=24.249 dnorm=5.310 nan=0
2026-10-03 23:25:36,575 epoch=125 step=5800 loss_G=2.8340 loss_D_A=0.1467 loss_D_B=0.2374 cycle=0.1012 idt=0.0758 gnorm=34.503 dnorm=9.515 nan=0
2026-10-03 23:25:51,854 epoch=125 step=5900 loss_G=2.0280 loss_D_A=0.1803 loss_D_B=0.1012 cycle=0.0821 idt=0.0443 gnorm=21.392 dnorm=7.569 nan=0
2026-10-03 23:26:07,189 epoch=125 step=6000 loss_G=2.7552 loss_D_A=0.1273 loss_D_B=0.1839 cycle=0.1344 idt=0.0876 gnorm=47.750 dnorm=7.158 nan=0
2026-10-03 23:26:22,570 epoch=125 step=6100 loss_G=1.7466 loss_D_A=0.2162 loss_D_B=0.2209 cycle=0.0817 idt=0.0624 gnorm=26.765 dnorm=7.896 nan=0
2026-10-03 23:26:37,872 epoch=125 step=6200 loss_G=1.9111 loss_D_A=0.0878 loss_D_B=0.2802 cycle=0.0887 idt=0.0610 gnorm=22.803 dnorm=6.462 nan=0
2026-10-03 23:26:53,185 epoch=125 step=6300 loss_G=2.3981 loss_D_A=0.1242 loss_D_B=0.0893 cycle=0.1188 idt=0.0995 gnorm=30.346 dnorm=4.886 nan=0
2026-10-03 23:27:08,420 epoch=125 step=6400 loss_G=2.1187 loss_D_A=0.2144 loss_D_B=0.1422 cycle=0.0957 idt=0.0545 gnorm=34.447 dnorm=7.624 nan=0
2026-10-03 23:27:14,228 epoch_mean={'g': 2.301131799229186, 'd_a': 0.16854525634538095, 'd_b': 0.18382361306282036, 'cycle': 0.10091022587444665, 'identity': 0.07685946381288347, 'epoch': 125}
2026-10-03 23:27:14,839 epoch=126 step=1 loss_G=1.8914 loss_D_A=0.0925 loss_D_B=0.0675 cycle=0.0895 idt=0.0682 gnorm=29.942 dnorm=4.915 nan=0
2026-10-03 23:27:30,014 epoch=126 step=100 loss_G=2.8612 loss_D_A=0.1483 loss_D_B=0.0596 cycle=0.1039 idt=0.0785 gnorm=23.163 dnorm=7.484 nan=0
2026-10-03 23:27:45,287 epoch=126 step=200 loss_G=2.1564 loss_D_A=0.1335 loss_D_B=0.2194 cycle=0.1056 idt=0.0921 gnorm=28.784 dnorm=7.442 nan=0
2026-10-03 23:28:00,471 epoch=126 step=300 loss_G=1.8568 loss_D_A=0.1319 loss_D_B=0.1991 cycle=0.0733 idt=0.0485 gnorm=20.121 dnorm=6.250 nan=0
2026-10-03 23:28:15,675 epoch=126 step=400 loss_G=2.4441 loss_D_A=0.0634 loss_D_B=0.1018 cycle=0.1641 idt=0.0694 gnorm=31.285 dnorm=7.303 nan=0
2026-10-03 23:28:30,984 epoch=126 step=500 loss_G=2.0815 loss_D_A=0.1548 loss_D_B=0.2869 cycle=0.0891 idt=0.0792 gnorm=29.457 dnorm=7.756 nan=0
2026-10-03 23:28:45,995 epoch=126 step=600 loss_G=2.6807 loss_D_A=0.1346 loss_D_B=0.1332 cycle=0.1517 idt=0.0923 gnorm=94.117 dnorm=8.023 nan=0
2026-10-03 23:29:00,660 epoch=126 step=700 loss_G=2.8831 loss_D_A=0.0328 loss_D_B=0.1329 cycle=0.1406 idt=0.0587 gnorm=52.531 dnorm=6.724 nan=0
2026-10-03 23:29:15,718 epoch=126 step=800 loss_G=1.7101 loss_D_A=0.2670 loss_D_B=0.3240 cycle=0.0800 idt=0.0484 gnorm=16.776 dnorm=12.474 nan=0
2026-10-03 23:29:30,916 epoch=126 step=900 loss_G=2.4735 loss_D_A=0.0983 loss_D_B=0.1593 cycle=0.0934 idt=0.0668 gnorm=26.528 dnorm=5.134 nan=0
2026-10-03 23:29:46,173 epoch=126 step=1000 loss_G=2.0464 loss_D_A=0.1035 loss_D_B=0.2175 cycle=0.0810 idt=0.0531 gnorm=15.349 dnorm=7.647 nan=0
2026-10-03 23:30:01,517 epoch=126 step=1100 loss_G=2.2144 loss_D_A=0.1075 loss_D_B=0.2412 cycle=0.0967 idt=0.0810 gnorm=26.216 dnorm=8.073 nan=0
2026-10-03 23:30:16,901 epoch=126 step=1200 loss_G=1.2614 loss_D_A=0.1230 loss_D_B=0.2198 cycle=0.0671 idt=0.0675 gnorm=16.331 dnorm=7.606 nan=0
2026-10-03 23:30:32,300 epoch=126 step=1300 loss_G=2.6724 loss_D_A=0.0440 loss_D_B=0.0784 cycle=0.1393 idt=0.0852 gnorm=39.620 dnorm=3.682 nan=0
2026-10-03 23:30:47,356 epoch=126 step=1400 loss_G=1.6759 loss_D_A=0.1587 loss_D_B=0.1589 cycle=0.0728 idt=0.0534 gnorm=19.620 dnorm=7.641 nan=0
2026-10-03 23:31:02,665 epoch=126 step=1500 loss_G=1.9250 loss_D_A=0.3457 loss_D_B=0.1080 cycle=0.0906 idt=0.0724 gnorm=26.400 dnorm=9.049 nan=0
2026-10-03 23:31:17,517 epoch=126 step=1600 loss_G=2.2639 loss_D_A=0.0892 loss_D_B=0.1649 cycle=0.0931 idt=0.0618 gnorm=30.709 dnorm=7.947 nan=0
2026-10-03 23:31:32,785 epoch=126 step=1700 loss_G=2.3695 loss_D_A=0.2709 loss_D_B=0.3217 cycle=0.0982 idt=0.0642 gnorm=50.898 dnorm=17.356 nan=0
2026-10-03 23:31:48,107 epoch=126 step=1800 loss_G=1.8608 loss_D_A=0.0773 loss_D_B=0.2977 cycle=0.0753 idt=0.0537 gnorm=16.471 dnorm=7.319 nan=0
2026-10-03 23:32:03,350 epoch=126 step=1900 loss_G=2.5478 loss_D_A=0.4798 loss_D_B=0.1827 cycle=0.1094 idt=0.0956 gnorm=29.123 dnorm=9.139 nan=0
2026-10-03 23:32:18,665 epoch=126 step=2000 loss_G=2.1953 loss_D_A=0.2100 loss_D_B=0.1939 cycle=0.1033 idt=0.0700 gnorm=31.452 dnorm=7.086 nan=0
2026-10-03 23:32:33,687 epoch=126 step=2100 loss_G=2.0160 loss_D_A=0.1691 loss_D_B=0.1503 cycle=0.0923 idt=0.0589 gnorm=29.806 dnorm=7.552 nan=0
2026-10-03 23:32:48,221 epoch=126 step=2200 loss_G=2.1614 loss_D_A=0.1035 loss_D_B=0.1637 cycle=0.0977 idt=0.0560 gnorm=25.890 dnorm=6.076 nan=0
2026-10-03 23:33:03,414 epoch=126 step=2300 loss_G=2.1987 loss_D_A=0.2571 loss_D_B=0.4245 cycle=0.1050 idt=0.0761 gnorm=24.089 dnorm=9.576 nan=0
2026-10-03 23:33:18,586 epoch=126 step=2400 loss_G=2.0595 loss_D_A=0.0829 loss_D_B=0.2670 cycle=0.0782 idt=0.0562 gnorm=23.743 dnorm=8.540 nan=0
2026-10-03 23:33:33,883 epoch=126 step=2500 loss_G=2.2270 loss_D_A=0.2188 loss_D_B=0.1323 cycle=0.0825 idt=0.0662 gnorm=30.550 dnorm=8.505 nan=0
2026-10-03 23:33:49,161 epoch=126 step=2600 loss_G=2.1122 loss_D_A=0.1697 loss_D_B=0.2020 cycle=0.1006 idt=0.1077 gnorm=30.365 dnorm=7.713 nan=0
2026-10-03 23:34:04,506 epoch=126 step=2700 loss_G=2.1462 loss_D_A=0.1868 loss_D_B=0.1038 cycle=0.0898 idt=0.0576 gnorm=29.645 dnorm=6.586 nan=0
2026-10-03 23:34:19,890 epoch=126 step=2800 loss_G=3.0111 loss_D_A=0.2990 loss_D_B=0.1156 cycle=0.1173 idt=0.1094 gnorm=20.510 dnorm=13.545 nan=0
2026-10-03 23:34:35,139 epoch=126 step=2900 loss_G=1.4302 loss_D_A=0.1574 loss_D_B=0.3317 cycle=0.0894 idt=0.0615 gnorm=29.288 dnorm=11.651 nan=0
2026-10-03 23:34:50,455 epoch=126 step=3000 loss_G=3.4985 loss_D_A=0.3876 loss_D_B=0.1670 cycle=0.1914 idt=0.1309 gnorm=30.826 dnorm=8.181 nan=0
2026-10-03 23:35:05,786 epoch=126 step=3100 loss_G=2.1449 loss_D_A=0.2311 loss_D_B=0.0902 cycle=0.1067 idt=0.0885 gnorm=18.768 dnorm=6.039 nan=0
2026-10-03 23:35:21,039 epoch=126 step=3200 loss_G=2.9399 loss_D_A=0.1362 loss_D_B=0.1398 cycle=0.1263 idt=0.1060 gnorm=28.958 dnorm=8.762 nan=0
2026-10-03 23:35:36,210 epoch=126 step=3300 loss_G=1.5524 loss_D_A=0.3048 loss_D_B=0.1797 cycle=0.0766 idt=0.0391 gnorm=29.294 dnorm=7.218 nan=0
2026-10-03 23:35:51,550 epoch=126 step=3400 loss_G=2.1309 loss_D_A=0.2712 loss_D_B=0.0753 cycle=0.0924 idt=0.0650 gnorm=20.969 dnorm=4.849 nan=0
2026-10-03 23:36:06,798 epoch=126 step=3500 loss_G=2.8895 loss_D_A=0.0352 loss_D_B=0.1398 cycle=0.0955 idt=0.0648 gnorm=23.562 dnorm=5.160 nan=0
2026-10-03 23:36:22,134 epoch=126 step=3600 loss_G=1.6609 loss_D_A=0.1815 loss_D_B=0.2313 cycle=0.0837 idt=0.0654 gnorm=16.013 dnorm=10.115 nan=0
2026-10-03 23:36:37,459 epoch=126 step=3700 loss_G=2.8139 loss_D_A=0.2724 loss_D_B=0.2349 cycle=0.1318 idt=0.0731 gnorm=32.283 dnorm=8.449 nan=0
2026-10-03 23:36:52,722 epoch=126 step=3800 loss_G=2.3742 loss_D_A=0.0639 loss_D_B=0.0871 cycle=0.0817 idt=0.0511 gnorm=15.521 dnorm=5.403 nan=0
2026-10-03 23:37:07,822 epoch=126 step=3900 loss_G=1.7518 loss_D_A=0.2029 loss_D_B=0.1559 cycle=0.0760 idt=0.0559 gnorm=14.060 dnorm=6.193 nan=0
2026-10-03 23:37:23,121 epoch=126 step=4000 loss_G=1.9189 loss_D_A=0.2436 loss_D_B=0.0824 cycle=0.0848 idt=0.0765 gnorm=19.607 dnorm=8.380 nan=0
2026-10-03 23:37:38,379 epoch=126 step=4100 loss_G=1.9464 loss_D_A=0.2488 loss_D_B=0.1617 cycle=0.0933 idt=0.0841 gnorm=28.318 dnorm=10.865 nan=0
2026-10-03 23:37:53,727 epoch=126 step=4200 loss_G=2.5395 loss_D_A=0.1384 loss_D_B=0.1263 cycle=0.0792 idt=0.0546 gnorm=20.349 dnorm=5.803 nan=0
2026-10-03 23:38:09,030 epoch=126 step=4300 loss_G=2.9046 loss_D_A=0.1204 loss_D_B=0.3968 cycle=0.0868 idt=0.0663 gnorm=25.771 dnorm=10.642 nan=0
2026-10-03 23:38:24,283 epoch=126 step=4400 loss_G=1.6366 loss_D_A=0.1671 loss_D_B=0.1368 cycle=0.0742 idt=0.0541 gnorm=28.573 dnorm=7.882 nan=0
2026-10-03 23:38:39,604 epoch=126 step=4500 loss_G=2.9828 loss_D_A=0.1730 loss_D_B=0.1720 cycle=0.1236 idt=0.1086 gnorm=32.504 dnorm=6.586 nan=0
2026-10-03 23:38:54,963 epoch=126 step=4600 loss_G=2.0105 loss_D_A=0.0566 loss_D_B=0.0822 cycle=0.0998 idt=0.0733 gnorm=25.895 dnorm=3.104 nan=0
2026-10-03 23:39:10,224 epoch=126 step=4700 loss_G=1.5807 loss_D_A=0.2405 loss_D_B=0.2422 cycle=0.0984 idt=0.0609 gnorm=20.845 dnorm=10.650 nan=0
2026-10-03 23:39:25,509 epoch=126 step=4800 loss_G=2.1558 loss_D_A=0.1268 loss_D_B=0.2534 cycle=0.0927 idt=0.0751 gnorm=25.892 dnorm=8.028 nan=0
2026-10-03 23:39:40,840 epoch=126 step=4900 loss_G=2.8863 loss_D_A=0.1124 loss_D_B=0.3282 cycle=0.0816 idt=0.0589 gnorm=21.164 dnorm=13.410 nan=0
2026-10-03 23:39:56,105 epoch=126 step=5000 loss_G=3.2762 loss_D_A=0.0655 loss_D_B=0.0895 cycle=0.1627 idt=0.1271 gnorm=34.087 dnorm=5.322 nan=0
2026-10-03 23:40:11,374 epoch=126 step=5100 loss_G=1.7825 loss_D_A=0.0585 loss_D_B=0.0433 cycle=0.0851 idt=0.0568 gnorm=26.971 dnorm=4.453 nan=0
2026-10-03 23:40:26,736 epoch=126 step=5200 loss_G=2.9993 loss_D_A=0.2572 loss_D_B=0.0988 cycle=0.1526 idt=0.0740 gnorm=42.582 dnorm=7.912 nan=0
2026-10-03 23:40:42,019 epoch=126 step=5300 loss_G=1.9566 loss_D_A=0.0769 loss_D_B=0.1263 cycle=0.0841 idt=0.0652 gnorm=22.644 dnorm=6.825 nan=0
2026-10-03 23:40:57,276 epoch=126 step=5400 loss_G=1.8124 loss_D_A=0.1267 loss_D_B=0.1881 cycle=0.0859 idt=0.0793 gnorm=16.619 dnorm=8.174 nan=0
2026-10-03 23:41:12,454 epoch=126 step=5500 loss_G=2.1612 loss_D_A=0.1514 loss_D_B=0.0960 cycle=0.0809 idt=0.0561 gnorm=33.697 dnorm=6.095 nan=0
2026-10-03 23:41:27,722 epoch=126 step=5600 loss_G=2.3725 loss_D_A=0.1529 loss_D_B=0.1609 cycle=0.0984 idt=0.0770 gnorm=19.897 dnorm=6.623 nan=0
2026-10-03 23:41:42,990 epoch=126 step=5700 loss_G=3.8439 loss_D_A=0.2434 loss_D_B=0.5204 cycle=0.2291 idt=0.1683 gnorm=41.453 dnorm=12.190 nan=0
2026-10-03 23:41:58,349 epoch=126 step=5800 loss_G=3.0315 loss_D_A=0.1763 loss_D_B=0.1700 cycle=0.1954 idt=0.1010 gnorm=47.084 dnorm=6.890 nan=0
2026-10-03 23:42:13,652 epoch=126 step=5900 loss_G=2.4300 loss_D_A=0.2490 loss_D_B=0.2328 cycle=0.1152 idt=0.0829 gnorm=35.302 dnorm=9.467 nan=0
2026-10-03 23:42:28,784 epoch=126 step=6000 loss_G=1.7952 loss_D_A=0.2088 loss_D_B=0.0681 cycle=0.0772 idt=0.0670 gnorm=21.731 dnorm=6.551 nan=0
2026-10-03 23:42:43,922 epoch=126 step=6100 loss_G=3.2284 loss_D_A=0.2291 loss_D_B=0.1940 cycle=0.1042 idt=0.0688 gnorm=34.614 dnorm=10.182 nan=0
2026-10-03 23:42:59,185 epoch=126 step=6200 loss_G=2.7304 loss_D_A=0.0576 loss_D_B=0.1035 cycle=0.1218 idt=0.0951 gnorm=28.259 dnorm=5.119 nan=0
2026-10-03 23:43:14,468 epoch=126 step=6300 loss_G=2.7605 loss_D_A=0.0565 loss_D_B=0.2562 cycle=0.1169 idt=0.0829 gnorm=41.492 dnorm=7.495 nan=0
2026-10-03 23:43:29,500 epoch=126 step=6400 loss_G=2.4180 loss_D_A=0.4014 loss_D_B=0.3561 cycle=0.0844 idt=0.0536 gnorm=16.663 dnorm=10.823 nan=0
2026-10-03 23:43:35,285 epoch_mean={'g': 2.2779386673850577, 'd_a': 0.16973886433577975, 'd_b': 0.18285300428728837, 'cycle': 0.09951401112352924, 'identity': 0.07479403810717372, 'epoch': 126}
2026-10-03 23:43:35,890 epoch=127 step=1 loss_G=2.1463 loss_D_A=0.0855 loss_D_B=0.3027 cycle=0.0833 idt=0.0662 gnorm=23.394 dnorm=8.602 nan=0
2026-10-03 23:43:50,591 epoch=127 step=100 loss_G=2.0063 loss_D_A=0.1375 loss_D_B=0.0715 cycle=0.0929 idt=0.1042 gnorm=19.955 dnorm=4.148 nan=0
2026-10-03 23:44:05,916 epoch=127 step=200 loss_G=2.1642 loss_D_A=0.0603 loss_D_B=0.1297 cycle=0.0788 idt=0.0536 gnorm=16.344 dnorm=4.907 nan=0
2026-10-03 23:44:20,968 epoch=127 step=300 loss_G=2.4501 loss_D_A=0.1572 loss_D_B=0.0767 cycle=0.1054 idt=0.0861 gnorm=31.931 dnorm=6.691 nan=0
2026-10-03 23:44:36,336 epoch=127 step=400 loss_G=2.1985 loss_D_A=0.1124 loss_D_B=0.4398 cycle=0.0880 idt=0.0683 gnorm=20.275 dnorm=11.879 nan=0
2026-10-03 23:44:51,157 epoch=127 step=500 loss_G=2.4627 loss_D_A=0.3474 loss_D_B=0.0853 cycle=0.1056 idt=0.1046 gnorm=29.104 dnorm=6.608 nan=0
2026-10-03 23:45:06,440 epoch=127 step=600 loss_G=2.0832 loss_D_A=0.1478 loss_D_B=0.3031 cycle=0.0864 idt=0.0614 gnorm=19.823 dnorm=8.523 nan=0
2026-10-03 23:45:21,767 epoch=127 step=700 loss_G=2.8273 loss_D_A=0.1057 loss_D_B=0.0762 cycle=0.1115 idt=0.0910 gnorm=33.108 dnorm=8.367 nan=0
2026-10-03 23:45:36,988 epoch=127 step=800 loss_G=1.7238 loss_D_A=0.0881 loss_D_B=0.1516 cycle=0.0868 idt=0.0601 gnorm=30.508 dnorm=7.440 nan=0
2026-10-03 23:45:52,279 epoch=127 step=900 loss_G=2.2548 loss_D_A=0.1863 loss_D_B=0.1867 cycle=0.0849 idt=0.0768 gnorm=29.594 dnorm=5.868 nan=0
2026-10-03 23:46:07,628 epoch=127 step=1000 loss_G=1.8556 loss_D_A=0.1449 loss_D_B=0.2691 cycle=0.0883 idt=0.0704 gnorm=30.533 dnorm=6.718 nan=0
2026-10-03 23:46:22,858 epoch=127 step=1100 loss_G=2.5839 loss_D_A=0.1230 loss_D_B=0.1094 cycle=0.0886 idt=0.0584 gnorm=31.209 dnorm=8.885 nan=0
2026-10-03 23:46:37,858 epoch=127 step=1200 loss_G=2.3138 loss_D_A=0.2012 loss_D_B=0.3588 cycle=0.1265 idt=0.0941 gnorm=28.493 dnorm=10.212 nan=0
2026-10-03 23:46:53,177 epoch=127 step=1300 loss_G=1.7369 loss_D_A=0.0944 loss_D_B=0.3805 cycle=0.0813 idt=0.0561 gnorm=28.173 dnorm=9.172 nan=0
2026-10-03 23:47:07,882 epoch=127 step=1400 loss_G=1.6552 loss_D_A=0.2539 loss_D_B=0.4990 cycle=0.0833 idt=0.0787 gnorm=32.073 dnorm=13.530 nan=0
2026-10-03 23:47:22,830 epoch=127 step=1500 loss_G=2.1202 loss_D_A=0.1774 loss_D_B=0.1512 cycle=0.0907 idt=0.1013 gnorm=21.839 dnorm=7.247 nan=0
2026-10-03 23:47:38,034 epoch=127 step=1600 loss_G=2.6341 loss_D_A=0.1375 loss_D_B=0.1516 cycle=0.0976 idt=0.0816 gnorm=29.195 dnorm=8.642 nan=0
2026-10-03 23:47:53,259 epoch=127 step=1700 loss_G=2.0596 loss_D_A=0.2789 loss_D_B=0.2274 cycle=0.0901 idt=0.0624 gnorm=28.563 dnorm=6.739 nan=0
2026-10-03 23:48:08,529 epoch=127 step=1800 loss_G=1.9644 loss_D_A=0.3179 loss_D_B=0.2478 cycle=0.1069 idt=0.0801 gnorm=15.181 dnorm=5.769 nan=0
2026-10-03 23:48:23,900 epoch=127 step=1900 loss_G=1.6431 loss_D_A=0.2480 loss_D_B=0.2060 cycle=0.0882 idt=0.0698 gnorm=20.164 dnorm=10.059 nan=0
2026-10-03 23:48:39,135 epoch=127 step=2000 loss_G=3.3696 loss_D_A=0.0813 loss_D_B=0.2017 cycle=0.1193 idt=0.0724 gnorm=39.391 dnorm=6.667 nan=0
2026-10-03 23:48:54,349 epoch=127 step=2100 loss_G=2.5180 loss_D_A=0.2364 loss_D_B=0.2238 cycle=0.1079 idt=0.0816 gnorm=34.786 dnorm=8.666 nan=0
2026-10-03 23:49:09,416 epoch=127 step=2200 loss_G=2.3643 loss_D_A=0.1275 loss_D_B=0.2398 cycle=0.0961 idt=0.0675 gnorm=21.924 dnorm=9.631 nan=0
2026-10-03 23:49:24,697 epoch=127 step=2300 loss_G=2.6971 loss_D_A=0.2553 loss_D_B=0.3946 cycle=0.1044 idt=0.0862 gnorm=23.413 dnorm=12.677 nan=0
2026-10-03 23:49:39,934 epoch=127 step=2400 loss_G=2.2347 loss_D_A=0.2726 loss_D_B=0.5279 cycle=0.0936 idt=0.0633 gnorm=24.950 dnorm=17.797 nan=0
2026-10-03 23:49:55,142 epoch=127 step=2500 loss_G=2.3682 loss_D_A=0.1924 loss_D_B=0.0883 cycle=0.0776 idt=0.0715 gnorm=17.882 dnorm=5.866 nan=0
2026-10-03 23:50:10,283 epoch=127 step=2600 loss_G=2.3100 loss_D_A=0.2911 loss_D_B=0.2604 cycle=0.0732 idt=0.0455 gnorm=17.400 dnorm=11.207 nan=0
2026-10-03 23:50:25,509 epoch=127 step=2700 loss_G=1.8527 loss_D_A=0.1625 loss_D_B=0.1507 cycle=0.0634 idt=0.0593 gnorm=23.909 dnorm=6.018 nan=0
2026-10-03 23:50:40,833 epoch=127 step=2800 loss_G=3.1529 loss_D_A=0.1616 loss_D_B=0.2222 cycle=0.1057 idt=0.1171 gnorm=33.112 dnorm=12.535 nan=0
2026-10-03 23:50:56,146 epoch=127 step=2900 loss_G=2.3698 loss_D_A=0.1901 loss_D_B=0.2532 cycle=0.1123 idt=0.0835 gnorm=30.004 dnorm=8.336 nan=0
2026-10-03 23:51:11,444 epoch=127 step=3000 loss_G=3.3795 loss_D_A=0.1748 loss_D_B=0.0569 cycle=0.1443 idt=0.2206 gnorm=39.819 dnorm=5.767 nan=0
2026-10-03 23:51:26,777 epoch=127 step=3100 loss_G=1.7915 loss_D_A=0.1789 loss_D_B=0.2442 cycle=0.0811 idt=0.0504 gnorm=23.280 dnorm=8.613 nan=0
2026-10-03 23:51:42,099 epoch=127 step=3200 loss_G=1.8813 loss_D_A=0.0460 loss_D_B=0.0837 cycle=0.0744 idt=0.0676 gnorm=37.632 dnorm=3.997 nan=0
2026-10-03 23:51:57,365 epoch=127 step=3300 loss_G=2.4872 loss_D_A=0.1348 loss_D_B=0.0875 cycle=0.0962 idt=0.0856 gnorm=27.884 dnorm=5.818 nan=0
2026-10-03 23:52:12,510 epoch=127 step=3400 loss_G=2.0970 loss_D_A=0.1125 loss_D_B=0.0897 cycle=0.1173 idt=0.1065 gnorm=35.838 dnorm=5.324 nan=0
2026-10-03 23:52:27,869 epoch=127 step=3500 loss_G=2.3303 loss_D_A=0.1485 loss_D_B=0.1683 cycle=0.0880 idt=0.0560 gnorm=42.445 dnorm=5.430 nan=0
2026-10-03 23:52:43,169 epoch=127 step=3600 loss_G=1.9876 loss_D_A=0.0572 loss_D_B=0.1448 cycle=0.0871 idt=0.0586 gnorm=24.503 dnorm=5.882 nan=0
2026-10-03 23:52:58,506 epoch=127 step=3700 loss_G=2.3886 loss_D_A=0.1708 loss_D_B=0.2144 cycle=0.0948 idt=0.0694 gnorm=25.087 dnorm=7.049 nan=0
2026-10-03 23:53:13,864 epoch=127 step=3800 loss_G=2.0939 loss_D_A=0.1102 loss_D_B=0.2325 cycle=0.1027 idt=0.0765 gnorm=33.487 dnorm=7.968 nan=0
2026-10-03 23:53:28,856 epoch=127 step=3900 loss_G=2.9593 loss_D_A=0.1471 loss_D_B=0.1215 cycle=0.1234 idt=0.0908 gnorm=32.509 dnorm=7.344 nan=0
2026-10-03 23:53:44,100 epoch=127 step=4000 loss_G=2.8086 loss_D_A=0.2858 loss_D_B=0.2487 cycle=0.1396 idt=0.0669 gnorm=35.829 dnorm=11.105 nan=0
2026-10-03 23:53:59,937 epoch=127 step=4100 loss_G=2.1997 loss_D_A=0.2186 loss_D_B=0.2850 cycle=0.1027 idt=0.0720 gnorm=27.740 dnorm=11.821 nan=0
2026-10-03 23:54:15,193 epoch=127 step=4200 loss_G=2.0433 loss_D_A=0.0334 loss_D_B=0.0724 cycle=0.0854 idt=0.0702 gnorm=25.902 dnorm=2.943 nan=0
2026-10-03 23:54:30,326 epoch=127 step=4300 loss_G=2.9246 loss_D_A=0.2266 loss_D_B=0.1444 cycle=0.1590 idt=0.0562 gnorm=39.583 dnorm=6.463 nan=0
2026-10-03 23:54:45,206 epoch=127 step=4400 loss_G=1.6850 loss_D_A=0.4000 loss_D_B=0.1265 cycle=0.0821 idt=0.0774 gnorm=20.844 dnorm=8.991 nan=0
2026-10-03 23:55:00,172 epoch=127 step=4500 loss_G=1.7543 loss_D_A=0.1082 loss_D_B=0.1104 cycle=0.0792 idt=0.0575 gnorm=17.838 dnorm=6.475 nan=0
2026-10-03 23:55:15,478 epoch=127 step=4600 loss_G=2.7151 loss_D_A=0.1544 loss_D_B=0.1834 cycle=0.1184 idt=0.1059 gnorm=20.088 dnorm=6.307 nan=0
2026-10-03 23:55:30,825 epoch=127 step=4700 loss_G=2.1861 loss_D_A=0.0706 loss_D_B=0.1091 cycle=0.0869 idt=0.0556 gnorm=27.722 dnorm=4.065 nan=0
2026-10-03 23:55:45,850 epoch=127 step=4800 loss_G=3.1714 loss_D_A=0.1515 loss_D_B=0.1346 cycle=0.1707 idt=0.1607 gnorm=44.607 dnorm=7.072 nan=0
2026-10-03 23:56:00,924 epoch=127 step=4900 loss_G=2.7573 loss_D_A=0.0569 loss_D_B=0.0837 cycle=0.0937 idt=0.0635 gnorm=25.934 dnorm=4.971 nan=0
2026-10-03 23:56:15,995 epoch=127 step=5000 loss_G=3.2731 loss_D_A=0.1076 loss_D_B=0.0682 cycle=0.1873 idt=0.1087 gnorm=63.576 dnorm=5.664 nan=0
2026-10-03 23:56:31,252 epoch=127 step=5100 loss_G=2.1490 loss_D_A=0.1649 loss_D_B=0.0913 cycle=0.0963 idt=0.0644 gnorm=15.822 dnorm=6.813 nan=0
2026-10-03 23:56:46,543 epoch=127 step=5200 loss_G=1.7177 loss_D_A=0.3037 loss_D_B=0.1623 cycle=0.0740 idt=0.0500 gnorm=11.079 dnorm=7.461 nan=0
2026-10-03 23:57:01,903 epoch=127 step=5300 loss_G=2.2835 loss_D_A=0.0959 loss_D_B=0.1909 cycle=0.1448 idt=0.0882 gnorm=43.138 dnorm=10.719 nan=0
2026-10-03 23:57:17,200 epoch=127 step=5400 loss_G=2.0474 loss_D_A=0.2020 loss_D_B=0.0573 cycle=0.0806 idt=0.0429 gnorm=31.775 dnorm=8.409 nan=0
2026-10-03 23:57:32,160 epoch=127 step=5500 loss_G=1.9948 loss_D_A=0.2812 loss_D_B=0.2795 cycle=0.0836 idt=0.0604 gnorm=22.299 dnorm=10.541 nan=0
2026-10-03 23:57:47,291 epoch=127 step=5600 loss_G=1.8739 loss_D_A=0.1603 loss_D_B=0.2632 cycle=0.0763 idt=0.0556 gnorm=14.090 dnorm=7.065 nan=0
2026-10-03 23:58:02,552 epoch=127 step=5700 loss_G=2.2612 loss_D_A=0.1607 loss_D_B=0.4645 cycle=0.0953 idt=0.0706 gnorm=27.699 dnorm=9.951 nan=0
2026-10-03 23:58:17,538 epoch=127 step=5800 loss_G=1.8504 loss_D_A=0.1244 loss_D_B=0.1988 cycle=0.0832 idt=0.0579 gnorm=32.791 dnorm=7.404 nan=0
2026-10-03 23:58:32,859 epoch=127 step=5900 loss_G=2.0685 loss_D_A=0.2193 loss_D_B=0.2308 cycle=0.0973 idt=0.0856 gnorm=26.101 dnorm=8.099 nan=0
2026-10-03 23:58:48,139 epoch=127 step=6000 loss_G=2.4389 loss_D_A=0.1198 loss_D_B=0.1312 cycle=0.1078 idt=0.0859 gnorm=36.152 dnorm=5.256 nan=0
2026-10-03 23:59:03,453 epoch=127 step=6100 loss_G=1.7787 loss_D_A=0.2065 loss_D_B=0.1886 cycle=0.0941 idt=0.0723 gnorm=25.259 dnorm=7.110 nan=0
2026-10-03 23:59:18,753 epoch=127 step=6200 loss_G=2.6980 loss_D_A=0.0484 loss_D_B=0.0878 cycle=0.0982 idt=0.0764 gnorm=22.309 dnorm=3.256 nan=0
2026-10-03 23:59:33,907 epoch=127 step=6300 loss_G=1.8568 loss_D_A=0.2891 loss_D_B=0.2163 cycle=0.0818 idt=0.0698 gnorm=20.987 dnorm=6.968 nan=0
2026-10-03 23:59:48,999 epoch=127 step=6400 loss_G=2.1266 loss_D_A=0.1933 loss_D_B=0.0805 cycle=0.0785 idt=0.0588 gnorm=20.775 dnorm=6.322 nan=0
2026-10-03 23:59:54,837 epoch_mean={'g': 2.2847240930316093, 'd_a': 0.16979650548986486, 'd_b': 0.1797988194788269, 'cycle': 0.09922936052296909, 'identity': 0.07471999102921617, 'epoch': 127}
2026-10-03 23:59:55,452 epoch=128 step=1 loss_G=2.3765 loss_D_A=0.1807 loss_D_B=0.1431 cycle=0.1002 idt=0.0807 gnorm=20.851 dnorm=6.409 nan=0
2026-10-04 00:00:10,367 epoch=128 step=100 loss_G=3.0107 loss_D_A=0.2062 loss_D_B=0.2969 cycle=0.1619 idt=0.1019 gnorm=38.254 dnorm=9.278 nan=0
2026-10-04 00:00:25,693 epoch=128 step=200 loss_G=2.4399 loss_D_A=0.1445 loss_D_B=0.1303 cycle=0.1074 idt=0.0694 gnorm=31.759 dnorm=7.422 nan=0
2026-10-04 00:00:41,104 epoch=128 step=300 loss_G=2.1457 loss_D_A=0.3554 loss_D_B=0.1279 cycle=0.0733 idt=0.0666 gnorm=19.726 dnorm=8.327 nan=0
2026-10-04 00:00:56,380 epoch=128 step=400 loss_G=1.8542 loss_D_A=0.1394 loss_D_B=0.1838 cycle=0.0564 idt=0.0481 gnorm=29.200 dnorm=6.896 nan=0
2026-10-04 00:01:11,740 epoch=128 step=500 loss_G=2.8513 loss_D_A=0.3028 loss_D_B=0.0825 cycle=0.1307 idt=0.1066 gnorm=25.615 dnorm=13.453 nan=0
2026-10-04 00:01:27,042 epoch=128 step=600 loss_G=1.9237 loss_D_A=0.0775 loss_D_B=0.1557 cycle=0.1021 idt=0.0707 gnorm=26.985 dnorm=5.854 nan=0
2026-10-04 00:01:42,349 epoch=128 step=700 loss_G=2.4602 loss_D_A=0.3706 loss_D_B=0.0695 cycle=0.0882 idt=0.0698 gnorm=25.151 dnorm=6.756 nan=0
2026-10-04 00:01:57,668 epoch=128 step=800 loss_G=2.2194 loss_D_A=0.1525 loss_D_B=0.1241 cycle=0.0933 idt=0.0725 gnorm=23.540 dnorm=5.565 nan=0
2026-10-04 00:02:12,986 epoch=128 step=900 loss_G=2.2798 loss_D_A=0.3918 loss_D_B=0.1744 cycle=0.0661 idt=0.0562 gnorm=20.258 dnorm=10.988 nan=0
2026-10-04 00:02:28,297 epoch=128 step=1000 loss_G=1.8154 loss_D_A=0.1489 loss_D_B=0.2092 cycle=0.0918 idt=0.0677 gnorm=17.660 dnorm=10.719 nan=0
2026-10-04 00:02:43,639 epoch=128 step=1100 loss_G=1.5546 loss_D_A=0.0903 loss_D_B=0.2471 cycle=0.0641 idt=0.0414 gnorm=21.932 dnorm=8.376 nan=0
2026-10-04 00:02:58,896 epoch=128 step=1200 loss_G=2.1413 loss_D_A=0.0992 loss_D_B=0.2617 cycle=0.0784 idt=0.0514 gnorm=18.855 dnorm=6.714 nan=0
2026-10-04 00:03:14,042 epoch=128 step=1300 loss_G=1.9008 loss_D_A=0.2444 loss_D_B=0.2109 cycle=0.0917 idt=0.0620 gnorm=14.353 dnorm=9.241 nan=0
2026-10-04 00:03:29,424 epoch=128 step=1400 loss_G=2.5598 loss_D_A=0.1798 loss_D_B=0.1262 cycle=0.1099 idt=0.0790 gnorm=29.158 dnorm=4.873 nan=0
2026-10-04 00:03:44,727 epoch=128 step=1500 loss_G=2.0286 loss_D_A=0.1209 loss_D_B=0.2082 cycle=0.0813 idt=0.0552 gnorm=21.925 dnorm=5.652 nan=0
2026-10-04 00:03:59,734 epoch=128 step=1600 loss_G=1.8821 loss_D_A=0.1213 loss_D_B=0.1696 cycle=0.0862 idt=0.0623 gnorm=34.509 dnorm=6.564 nan=0
2026-10-04 00:04:15,074 epoch=128 step=1700 loss_G=1.5621 loss_D_A=0.0799 loss_D_B=0.1610 cycle=0.0764 idt=0.0478 gnorm=20.441 dnorm=7.194 nan=0
2026-10-04 00:04:30,360 epoch=128 step=1800 loss_G=2.8003 loss_D_A=0.0448 loss_D_B=0.1778 cycle=0.1071 idt=0.0717 gnorm=30.279 dnorm=7.657 nan=0
2026-10-04 00:04:45,617 epoch=128 step=1900 loss_G=2.5214 loss_D_A=0.0497 loss_D_B=0.1944 cycle=0.1032 idt=0.0612 gnorm=29.109 dnorm=7.118 nan=0
2026-10-04 00:05:00,970 epoch=128 step=2000 loss_G=2.3248 loss_D_A=0.1241 loss_D_B=0.0664 cycle=0.1111 idt=0.0678 gnorm=22.524 dnorm=5.128 nan=0
2026-10-04 00:05:16,244 epoch=128 step=2100 loss_G=2.5399 loss_D_A=0.2113 loss_D_B=0.0804 cycle=0.1011 idt=0.0663 gnorm=22.899 dnorm=6.522 nan=0
2026-10-04 00:05:31,021 epoch=128 step=2200 loss_G=2.1694 loss_D_A=0.2119 loss_D_B=0.1794 cycle=0.0765 idt=0.0457 gnorm=29.724 dnorm=6.625 nan=0
2026-10-04 00:05:46,376 epoch=128 step=2300 loss_G=2.3108 loss_D_A=0.0714 loss_D_B=0.2525 cycle=0.0822 idt=0.0664 gnorm=22.892 dnorm=9.653 nan=0
2026-10-04 00:06:01,595 epoch=128 step=2400 loss_G=2.4968 loss_D_A=0.0924 loss_D_B=0.0816 cycle=0.1145 idt=0.0864 gnorm=26.554 dnorm=5.033 nan=0
2026-10-04 00:06:16,888 epoch=128 step=2500 loss_G=2.9455 loss_D_A=0.0735 loss_D_B=0.1256 cycle=0.1374 idt=0.1007 gnorm=29.585 dnorm=5.668 nan=0
2026-10-04 00:06:32,245 epoch=128 step=2600 loss_G=2.0643 loss_D_A=0.1625 loss_D_B=0.2598 cycle=0.0935 idt=0.0607 gnorm=15.039 dnorm=7.920 nan=0
2026-10-04 00:06:47,561 epoch=128 step=2700 loss_G=2.2752 loss_D_A=0.2616 loss_D_B=0.1220 cycle=0.1317 idt=0.0691 gnorm=49.276 dnorm=7.223 nan=0
2026-10-04 00:07:02,774 epoch=128 step=2800 loss_G=2.5370 loss_D_A=0.1505 loss_D_B=0.3149 cycle=0.1014 idt=0.0827 gnorm=20.243 dnorm=9.365 nan=0
2026-10-04 00:07:17,967 epoch=128 step=2900 loss_G=2.6116 loss_D_A=0.4281 loss_D_B=0.3585 cycle=0.1082 idt=0.0860 gnorm=27.073 dnorm=12.332 nan=0
2026-10-04 00:07:33,113 epoch=128 step=3000 loss_G=2.3880 loss_D_A=0.0978 loss_D_B=0.1577 cycle=0.1305 idt=0.0754 gnorm=42.360 dnorm=6.367 nan=0
2026-10-04 00:07:48,372 epoch=128 step=3100 loss_G=2.0983 loss_D_A=0.2190 loss_D_B=0.3584 cycle=0.0989 idt=0.0926 gnorm=22.606 dnorm=8.651 nan=0
2026-10-04 00:08:03,467 epoch=128 step=3200 loss_G=1.5674 loss_D_A=0.1707 loss_D_B=0.1803 cycle=0.0797 idt=0.0611 gnorm=26.616 dnorm=6.227 nan=0
2026-10-04 00:08:18,621 epoch=128 step=3300 loss_G=1.4507 loss_D_A=0.2051 loss_D_B=0.1449 cycle=0.0763 idt=0.0556 gnorm=17.339 dnorm=7.736 nan=0
2026-10-04 00:08:34,010 epoch=128 step=3400 loss_G=2.1078 loss_D_A=0.1622 loss_D_B=0.0750 cycle=0.0909 idt=0.0534 gnorm=24.568 dnorm=6.096 nan=0
2026-10-04 00:08:49,411 epoch=128 step=3500 loss_G=2.0188 loss_D_A=0.1386 loss_D_B=0.2992 cycle=0.0894 idt=0.0689 gnorm=28.824 dnorm=17.495 nan=0
2026-10-04 00:09:04,740 epoch=128 step=3600 loss_G=2.0113 loss_D_A=0.1416 loss_D_B=0.2827 cycle=0.1056 idt=0.0690 gnorm=20.825 dnorm=12.865 nan=0
2026-10-04 00:09:20,118 epoch=128 step=3700 loss_G=2.9581 loss_D_A=0.0497 loss_D_B=0.0930 cycle=0.1561 idt=0.0882 gnorm=56.911 dnorm=6.004 nan=0
2026-10-04 00:09:35,496 epoch=128 step=3800 loss_G=2.4890 loss_D_A=0.2078 loss_D_B=0.1139 cycle=0.1072 idt=0.0805 gnorm=30.975 dnorm=10.831 nan=0
2026-10-04 00:09:50,796 epoch=128 step=3900 loss_G=1.9300 loss_D_A=0.1248 loss_D_B=0.1570 cycle=0.0835 idt=0.0634 gnorm=23.717 dnorm=4.713 nan=0
2026-10-04 00:10:06,143 epoch=128 step=4000 loss_G=1.9636 loss_D_A=0.1049 loss_D_B=0.3523 cycle=0.0912 idt=0.0651 gnorm=21.385 dnorm=8.685 nan=0
2026-10-04 00:10:21,234 epoch=128 step=4100 loss_G=2.3185 loss_D_A=0.3550 loss_D_B=0.0327 cycle=0.0848 idt=0.0487 gnorm=47.227 dnorm=12.072 nan=0
2026-10-04 00:10:36,284 epoch=128 step=4200 loss_G=2.4692 loss_D_A=0.1494 loss_D_B=0.1133 cycle=0.0849 idt=0.0466 gnorm=23.839 dnorm=8.170 nan=0
2026-10-04 00:10:51,346 epoch=128 step=4300 loss_G=2.6268 loss_D_A=0.2114 loss_D_B=0.2542 cycle=0.0846 idt=0.0900 gnorm=24.392 dnorm=7.997 nan=0
2026-10-04 00:11:06,137 epoch=128 step=4400 loss_G=2.9678 loss_D_A=0.1863 loss_D_B=0.3310 cycle=0.1150 idt=0.0639 gnorm=35.366 dnorm=17.386 nan=0
2026-10-04 00:11:21,449 epoch=128 step=4500 loss_G=2.9152 loss_D_A=0.1886 loss_D_B=0.1580 cycle=0.1025 idt=0.0694 gnorm=33.697 dnorm=8.196 nan=0
2026-10-04 00:11:36,716 epoch=128 step=4600 loss_G=2.1833 loss_D_A=0.1482 loss_D_B=0.3084 cycle=0.1069 idt=0.0744 gnorm=22.284 dnorm=7.517 nan=0
2026-10-04 00:11:52,063 epoch=128 step=4700 loss_G=3.1878 loss_D_A=0.0624 loss_D_B=0.1868 cycle=0.1519 idt=0.1043 gnorm=45.738 dnorm=4.476 nan=0
2026-10-04 00:12:07,388 epoch=128 step=4800 loss_G=2.0898 loss_D_A=0.1415 loss_D_B=0.1664 cycle=0.1161 idt=0.0760 gnorm=37.272 dnorm=8.365 nan=0
2026-10-04 00:12:22,702 epoch=128 step=4900 loss_G=2.7984 loss_D_A=0.1404 loss_D_B=0.0768 cycle=0.1364 idt=0.1002 gnorm=37.809 dnorm=5.005 nan=0
2026-10-04 00:12:38,046 epoch=128 step=5000 loss_G=2.2393 loss_D_A=0.4607 loss_D_B=0.1623 cycle=0.0874 idt=0.0706 gnorm=21.740 dnorm=15.659 nan=0
2026-10-04 00:12:53,407 epoch=128 step=5100 loss_G=2.5842 loss_D_A=0.1012 loss_D_B=0.1736 cycle=0.0865 idt=0.0691 gnorm=31.264 dnorm=6.166 nan=0
2026-10-04 00:13:08,708 epoch=128 step=5200 loss_G=1.9943 loss_D_A=0.1370 loss_D_B=0.1216 cycle=0.0741 idt=0.0525 gnorm=33.278 dnorm=9.324 nan=0
2026-10-04 00:13:24,009 epoch=128 step=5300 loss_G=2.4796 loss_D_A=0.1552 loss_D_B=0.0913 cycle=0.0864 idt=0.0717 gnorm=28.857 dnorm=6.646 nan=0
2026-10-04 00:13:39,345 epoch=128 step=5400 loss_G=2.1866 loss_D_A=0.1168 loss_D_B=0.0774 cycle=0.0778 idt=0.0498 gnorm=25.001 dnorm=4.007 nan=0
2026-10-04 00:13:54,069 epoch=128 step=5500 loss_G=2.1788 loss_D_A=0.2285 loss_D_B=0.1190 cycle=0.1134 idt=0.0833 gnorm=35.049 dnorm=7.736 nan=0
2026-10-04 00:14:09,431 epoch=128 step=5600 loss_G=2.5348 loss_D_A=0.1301 loss_D_B=0.1283 cycle=0.1312 idt=0.0865 gnorm=48.189 dnorm=9.909 nan=0
2026-10-04 00:14:24,675 epoch=128 step=5700 loss_G=1.9555 loss_D_A=0.2045 loss_D_B=0.3192 cycle=0.0722 idt=0.0557 gnorm=19.227 dnorm=8.371 nan=0
2026-10-04 00:14:39,761 epoch=128 step=5800 loss_G=2.1225 loss_D_A=0.1800 loss_D_B=0.1158 cycle=0.0983 idt=0.0553 gnorm=23.693 dnorm=6.276 nan=0
2026-10-04 00:14:55,007 epoch=128 step=5900 loss_G=2.6330 loss_D_A=0.1347 loss_D_B=0.2181 cycle=0.0886 idt=0.0566 gnorm=27.025 dnorm=9.734 nan=0
2026-10-04 00:15:10,125 epoch=128 step=6000 loss_G=2.0683 loss_D_A=0.1718 loss_D_B=0.1073 cycle=0.0854 idt=0.0568 gnorm=23.853 dnorm=6.555 nan=0
2026-10-04 00:15:25,415 epoch=128 step=6100 loss_G=2.6633 loss_D_A=0.1451 loss_D_B=0.1724 cycle=0.1336 idt=0.0653 gnorm=39.809 dnorm=8.244 nan=0
2026-10-04 00:15:40,751 epoch=128 step=6200 loss_G=2.6182 loss_D_A=0.0697 loss_D_B=0.1661 cycle=0.0837 idt=0.0602 gnorm=27.082 dnorm=6.172 nan=0
2026-10-04 00:15:55,922 epoch=128 step=6300 loss_G=2.5571 loss_D_A=0.1116 loss_D_B=0.1478 cycle=0.1001 idt=0.1015 gnorm=38.317 dnorm=9.303 nan=0
2026-10-04 00:16:11,190 epoch=128 step=6400 loss_G=3.4527 loss_D_A=0.1119 loss_D_B=0.2328 cycle=0.1086 idt=0.1052 gnorm=29.110 dnorm=6.933 nan=0
2026-10-04 00:16:17,033 epoch_mean={'g': 2.2878497604554986, 'd_a': 0.1697208704360341, 'd_b': 0.17851545055966528, 'cycle': 0.09878583649146183, 'identity': 0.07410107861768019, 'epoch': 128}
2026-10-04 00:16:17,669 epoch=129 step=1 loss_G=1.5716 loss_D_A=0.1439 loss_D_B=0.1434 cycle=0.0728 idt=0.0618 gnorm=25.826 dnorm=8.325 nan=0
2026-10-04 00:16:31,893 epoch=129 step=100 loss_G=3.2774 loss_D_A=0.0853 loss_D_B=0.2796 cycle=0.1597 idt=0.1688 gnorm=93.859 dnorm=6.708 nan=0
2026-10-04 00:16:47,271 epoch=129 step=200 loss_G=1.5204 loss_D_A=0.3923 loss_D_B=0.3051 cycle=0.0917 idt=0.0725 gnorm=27.264 dnorm=12.289 nan=0
2026-10-04 00:17:02,572 epoch=129 step=300 loss_G=2.5926 loss_D_A=0.1773 loss_D_B=0.1826 cycle=0.1089 idt=0.1185 gnorm=52.603 dnorm=7.788 nan=0
2026-10-04 00:17:17,802 epoch=129 step=400 loss_G=2.1689 loss_D_A=0.1186 loss_D_B=0.2213 cycle=0.0897 idt=0.0770 gnorm=31.365 dnorm=13.873 nan=0
2026-10-04 00:17:33,218 epoch=129 step=500 loss_G=2.6967 loss_D_A=0.1864 loss_D_B=0.2489 cycle=0.1117 idt=0.0748 gnorm=29.514 dnorm=9.269 nan=0
2026-10-04 00:17:48,531 epoch=129 step=600 loss_G=2.7152 loss_D_A=0.2967 loss_D_B=0.2385 cycle=0.1223 idt=0.1066 gnorm=32.201 dnorm=9.010 nan=0
2026-10-04 00:18:03,667 epoch=129 step=700 loss_G=2.2788 loss_D_A=0.0679 loss_D_B=0.1337 cycle=0.0935 idt=0.0587 gnorm=35.556 dnorm=4.416 nan=0
2026-10-04 00:18:18,907 epoch=129 step=800 loss_G=2.0835 loss_D_A=0.1733 loss_D_B=0.3242 cycle=0.0841 idt=0.0609 gnorm=20.655 dnorm=13.962 nan=0
2026-10-04 00:18:33,858 epoch=129 step=900 loss_G=1.5333 loss_D_A=0.4388 loss_D_B=0.1204 cycle=0.0793 idt=0.0542 gnorm=30.805 dnorm=9.806 nan=0
2026-10-04 00:18:49,167 epoch=129 step=1000 loss_G=3.2163 loss_D_A=0.2367 loss_D_B=0.3235 cycle=0.1018 idt=0.2391 gnorm=44.627 dnorm=8.545 nan=0
2026-10-04 00:19:04,536 epoch=129 step=1100 loss_G=1.8395 loss_D_A=0.2144 loss_D_B=0.2401 cycle=0.0788 idt=0.0734 gnorm=19.610 dnorm=8.478 nan=0
2026-10-04 00:19:19,601 epoch=129 step=1200 loss_G=2.2432 loss_D_A=0.0480 loss_D_B=0.1356 cycle=0.0879 idt=0.0771 gnorm=26.204 dnorm=10.659 nan=0
2026-10-04 00:19:34,995 epoch=129 step=1300 loss_G=1.8083 loss_D_A=0.2041 loss_D_B=0.4143 cycle=0.0953 idt=0.0814 gnorm=19.128 dnorm=10.316 nan=0
2026-10-04 00:19:50,375 epoch=129 step=1400 loss_G=2.4678 loss_D_A=0.1692 loss_D_B=0.0901 cycle=0.0926 idt=0.0770 gnorm=31.319 dnorm=6.987 nan=0
2026-10-04 00:20:05,499 epoch=129 step=1500 loss_G=2.0076 loss_D_A=0.2145 loss_D_B=0.2018 cycle=0.0906 idt=0.0532 gnorm=18.188 dnorm=9.003 nan=0
2026-10-04 00:20:20,834 epoch=129 step=1600 loss_G=2.0181 loss_D_A=0.2478 loss_D_B=0.0970 cycle=0.1065 idt=0.0496 gnorm=24.897 dnorm=8.526 nan=0
2026-10-04 00:20:36,182 epoch=129 step=1700 loss_G=2.0779 loss_D_A=0.1928 loss_D_B=0.0768 cycle=0.0994 idt=0.0571 gnorm=24.779 dnorm=6.676 nan=0
2026-10-04 00:20:51,505 epoch=129 step=1800 loss_G=2.2724 loss_D_A=0.1512 loss_D_B=0.0774 cycle=0.1060 idt=0.0736 gnorm=45.524 dnorm=5.378 nan=0
2026-10-04 00:21:06,395 epoch=129 step=1900 loss_G=2.1801 loss_D_A=0.0611 loss_D_B=0.1238 cycle=0.1077 idt=0.0892 gnorm=22.252 dnorm=5.621 nan=0
2026-10-04 00:21:21,743 epoch=129 step=2000 loss_G=2.2912 loss_D_A=0.0400 loss_D_B=0.1161 cycle=0.1190 idt=0.0687 gnorm=34.679 dnorm=4.155 nan=0
2026-10-04 00:21:37,040 epoch=129 step=2100 loss_G=1.8762 loss_D_A=0.1157 loss_D_B=0.1671 cycle=0.0703 idt=0.0546 gnorm=21.326 dnorm=5.805 nan=0
2026-10-04 00:21:52,232 epoch=129 step=2200 loss_G=2.0797 loss_D_A=0.2049 loss_D_B=0.1212 cycle=0.0890 idt=0.0565 gnorm=19.293 dnorm=6.205 nan=0
2026-10-04 00:22:07,455 epoch=129 step=2300 loss_G=1.8099 loss_D_A=0.3774 loss_D_B=0.1893 cycle=0.0813 idt=0.0694 gnorm=27.040 dnorm=11.000 nan=0
2026-10-04 00:22:22,726 epoch=129 step=2400 loss_G=2.2387 loss_D_A=0.2192 loss_D_B=0.0301 cycle=0.0844 idt=0.0546 gnorm=19.522 dnorm=8.099 nan=0
2026-10-04 00:22:38,002 epoch=129 step=2500 loss_G=2.5745 loss_D_A=0.1560 loss_D_B=0.2682 cycle=0.1344 idt=0.0887 gnorm=31.437 dnorm=5.940 nan=0
2026-10-04 00:22:53,407 epoch=129 step=2600 loss_G=2.4671 loss_D_A=0.0849 loss_D_B=0.2966 cycle=0.0811 idt=0.0763 gnorm=25.181 dnorm=8.376 nan=0
2026-10-04 00:23:08,748 epoch=129 step=2700 loss_G=1.8422 loss_D_A=0.1602 loss_D_B=0.3187 cycle=0.0778 idt=0.0559 gnorm=23.690 dnorm=12.029 nan=0
2026-10-04 00:23:23,913 epoch=129 step=2800 loss_G=2.2535 loss_D_A=0.2943 loss_D_B=0.1946 cycle=0.1148 idt=0.0848 gnorm=50.959 dnorm=10.888 nan=0
2026-10-04 00:23:39,100 epoch=129 step=2900 loss_G=2.1287 loss_D_A=0.2955 loss_D_B=0.1107 cycle=0.1130 idt=0.0780 gnorm=34.162 dnorm=7.627 nan=0
2026-10-04 00:23:54,386 epoch=129 step=3000 loss_G=1.6505 loss_D_A=0.1367 loss_D_B=0.4341 cycle=0.0879 idt=0.0774 gnorm=16.724 dnorm=6.962 nan=0
2026-10-04 00:24:09,683 epoch=129 step=3100 loss_G=2.5708 loss_D_A=0.5454 loss_D_B=0.2692 cycle=0.1012 idt=0.0695 gnorm=22.160 dnorm=15.463 nan=0
2026-10-04 00:24:24,930 epoch=129 step=3200 loss_G=2.9800 loss_D_A=0.3505 loss_D_B=0.2262 cycle=0.1483 idt=0.1126 gnorm=49.599 dnorm=8.877 nan=0
2026-10-04 00:24:40,158 epoch=129 step=3300 loss_G=1.8614 loss_D_A=0.1399 loss_D_B=0.1679 cycle=0.0879 idt=0.0913 gnorm=29.985 dnorm=7.918 nan=0
2026-10-04 00:24:55,082 epoch=129 step=3400 loss_G=3.2427 loss_D_A=0.2185 loss_D_B=0.1874 cycle=0.1217 idt=0.0803 gnorm=60.346 dnorm=9.654 nan=0
2026-10-04 00:25:09,740 epoch=129 step=3500 loss_G=2.0780 loss_D_A=0.1427 loss_D_B=0.3504 cycle=0.0990 idt=0.0669 gnorm=34.585 dnorm=10.585 nan=0
2026-10-04 00:25:25,101 epoch=129 step=3600 loss_G=1.8151 loss_D_A=0.3191 loss_D_B=0.2639 cycle=0.0830 idt=0.0632 gnorm=32.107 dnorm=13.819 nan=0
2026-10-04 00:25:40,368 epoch=129 step=3700 loss_G=1.8925 loss_D_A=0.1699 loss_D_B=0.3117 cycle=0.0971 idt=0.0750 gnorm=21.210 dnorm=9.534 nan=0
2026-10-04 00:25:55,669 epoch=129 step=3800 loss_G=1.8219 loss_D_A=0.1135 loss_D_B=0.1204 cycle=0.0777 idt=0.0581 gnorm=27.655 dnorm=5.360 nan=0
2026-10-04 00:26:10,993 epoch=129 step=3900 loss_G=1.9064 loss_D_A=0.0486 loss_D_B=0.0877 cycle=0.0852 idt=0.0618 gnorm=30.367 dnorm=4.914 nan=0
2026-10-04 00:26:26,146 epoch=129 step=4000 loss_G=1.7898 loss_D_A=0.1612 loss_D_B=0.2620 cycle=0.0832 idt=0.0652 gnorm=21.389 dnorm=8.462 nan=0
2026-10-04 00:26:41,157 epoch=129 step=4100 loss_G=2.2267 loss_D_A=0.1100 loss_D_B=0.3078 cycle=0.0846 idt=0.0575 gnorm=16.370 dnorm=7.499 nan=0
2026-10-04 00:26:56,531 epoch=129 step=4200 loss_G=2.0595 loss_D_A=0.1214 loss_D_B=0.1333 cycle=0.1077 idt=0.0765 gnorm=29.935 dnorm=5.350 nan=0
2026-10-04 00:27:11,839 epoch=129 step=4300 loss_G=2.7257 loss_D_A=0.2532 loss_D_B=0.2370 cycle=0.1409 idt=0.0822 gnorm=30.874 dnorm=8.361 nan=0
2026-10-04 00:27:26,743 epoch=129 step=4400 loss_G=2.0613 loss_D_A=0.0322 loss_D_B=0.5206 cycle=0.0754 idt=0.0730 gnorm=24.652 dnorm=9.605 nan=0
2026-10-04 00:27:42,055 epoch=129 step=4500 loss_G=2.0684 loss_D_A=0.0906 loss_D_B=0.2969 cycle=0.0810 idt=0.0630 gnorm=17.255 dnorm=11.149 nan=0
2026-10-04 00:27:57,098 epoch=129 step=4600 loss_G=2.9764 loss_D_A=0.0660 loss_D_B=0.1386 cycle=0.1087 idt=0.0587 gnorm=42.898 dnorm=5.665 nan=0
2026-10-04 00:28:12,397 epoch=129 step=4700 loss_G=3.5805 loss_D_A=0.2015 loss_D_B=0.1168 cycle=0.1579 idt=0.1511 gnorm=52.717 dnorm=6.904 nan=0
2026-10-04 00:28:27,723 epoch=129 step=4800 loss_G=1.8559 loss_D_A=0.3446 loss_D_B=0.1273 cycle=0.0802 idt=0.0527 gnorm=26.986 dnorm=8.173 nan=0
2026-10-04 00:28:43,036 epoch=129 step=4900 loss_G=3.0271 loss_D_A=0.2538 loss_D_B=0.0517 cycle=0.1091 idt=0.0829 gnorm=23.129 dnorm=9.729 nan=0
2026-10-04 00:28:58,383 epoch=129 step=5000 loss_G=3.0243 loss_D_A=0.1564 loss_D_B=0.2217 cycle=0.1042 idt=0.0695 gnorm=28.890 dnorm=9.497 nan=0
2026-10-04 00:29:13,719 epoch=129 step=5100 loss_G=1.9500 loss_D_A=0.1783 loss_D_B=0.2113 cycle=0.0935 idt=0.0753 gnorm=21.692 dnorm=9.205 nan=0
2026-10-04 00:29:29,034 epoch=129 step=5200 loss_G=1.9616 loss_D_A=0.1463 loss_D_B=0.2127 cycle=0.0842 idt=0.0597 gnorm=20.171 dnorm=7.871 nan=0
2026-10-04 00:29:44,348 epoch=129 step=5300 loss_G=2.3295 loss_D_A=0.2822 loss_D_B=0.0361 cycle=0.0975 idt=0.0674 gnorm=18.930 dnorm=8.260 nan=0
2026-10-04 00:29:59,703 epoch=129 step=5400 loss_G=3.0602 loss_D_A=0.1361 loss_D_B=0.1739 cycle=0.1409 idt=0.0889 gnorm=44.224 dnorm=6.128 nan=0
2026-10-04 00:30:14,851 epoch=129 step=5500 loss_G=2.7146 loss_D_A=0.0365 loss_D_B=0.0814 cycle=0.0950 idt=0.0883 gnorm=36.669 dnorm=4.228 nan=0
2026-10-04 00:30:29,990 epoch=129 step=5600 loss_G=2.3499 loss_D_A=0.0332 loss_D_B=0.1345 cycle=0.0956 idt=0.0796 gnorm=31.101 dnorm=5.038 nan=0
2026-10-04 00:30:45,330 epoch=129 step=5700 loss_G=2.6883 loss_D_A=0.0787 loss_D_B=0.1825 cycle=0.1205 idt=0.0596 gnorm=38.795 dnorm=6.572 nan=0
2026-10-04 00:31:00,482 epoch=129 step=5800 loss_G=2.3546 loss_D_A=0.0954 loss_D_B=0.0518 cycle=0.1076 idt=0.0550 gnorm=31.359 dnorm=4.379 nan=0
2026-10-04 00:31:15,807 epoch=129 step=5900 loss_G=2.2750 loss_D_A=0.1538 loss_D_B=0.1580 cycle=0.0838 idt=0.0782 gnorm=27.648 dnorm=6.785 nan=0
2026-10-04 00:31:31,027 epoch=129 step=6000 loss_G=2.3351 loss_D_A=0.1552 loss_D_B=0.0589 cycle=0.1052 idt=0.0689 gnorm=25.831 dnorm=4.976 nan=0
2026-10-04 00:31:46,318 epoch=129 step=6100 loss_G=2.3315 loss_D_A=0.1208 loss_D_B=0.1046 cycle=0.0957 idt=0.0561 gnorm=24.634 dnorm=5.509 nan=0
2026-10-04 00:32:01,571 epoch=129 step=6200 loss_G=2.0576 loss_D_A=0.0956 loss_D_B=0.2791 cycle=0.0836 idt=0.0613 gnorm=23.729 dnorm=9.502 nan=0
2026-10-04 00:32:16,980 epoch=129 step=6300 loss_G=3.0936 loss_D_A=0.2300 loss_D_B=0.2629 cycle=0.1428 idt=0.0660 gnorm=41.676 dnorm=7.895 nan=0
2026-10-04 00:32:32,400 epoch=129 step=6400 loss_G=1.8669 loss_D_A=0.2583 loss_D_B=0.0839 cycle=0.0817 idt=0.0609 gnorm=15.954 dnorm=8.902 nan=0
2026-10-04 00:32:38,242 epoch_mean={'g': 2.305796637154396, 'd_a': 0.16714852016954992, 'd_b': 0.1757352508421676, 'cycle': 0.09946875144102885, 'identity': 0.07544247264927238, 'epoch': 129}
2026-10-04 00:32:38,847 epoch=130 step=1 loss_G=2.1815 loss_D_A=0.0635 loss_D_B=0.4095 cycle=0.0938 idt=0.0757 gnorm=19.684 dnorm=24.234 nan=0
2026-10-04 00:32:53,734 epoch=130 step=100 loss_G=2.1953 loss_D_A=0.1414 loss_D_B=0.1964 cycle=0.1005 idt=0.0683 gnorm=23.842 dnorm=7.533 nan=0
2026-10-04 00:33:09,108 epoch=130 step=200 loss_G=1.8513 loss_D_A=0.3632 loss_D_B=0.1712 cycle=0.0935 idt=0.0655 gnorm=28.398 dnorm=11.552 nan=0
2026-10-04 00:33:24,483 epoch=130 step=300 loss_G=2.7585 loss_D_A=0.0709 loss_D_B=0.1461 cycle=0.1184 idt=0.0851 gnorm=34.054 dnorm=4.916 nan=0
2026-10-04 00:33:39,781 epoch=130 step=400 loss_G=2.3293 loss_D_A=0.1120 loss_D_B=0.1557 cycle=0.1230 idt=0.0860 gnorm=32.819 dnorm=5.256 nan=0
2026-10-04 00:33:55,086 epoch=130 step=500 loss_G=3.0867 loss_D_A=0.1170 loss_D_B=0.2146 cycle=0.1048 idt=0.0843 gnorm=31.422 dnorm=8.308 nan=0
2026-10-04 00:34:10,517 epoch=130 step=600 loss_G=1.6702 loss_D_A=0.2664 loss_D_B=0.2417 cycle=0.0863 idt=0.0469 gnorm=26.872 dnorm=17.665 nan=0
2026-10-04 00:34:25,852 epoch=130 step=700 loss_G=2.6371 loss_D_A=0.0767 loss_D_B=0.1552 cycle=0.1587 idt=0.0895 gnorm=36.141 dnorm=6.347 nan=0
2026-10-04 00:34:40,992 epoch=130 step=800 loss_G=3.2103 loss_D_A=0.1206 loss_D_B=0.1892 cycle=0.1224 idt=0.1082 gnorm=45.901 dnorm=5.680 nan=0
2026-10-04 00:34:56,144 epoch=130 step=900 loss_G=2.6444 loss_D_A=0.1427 loss_D_B=0.2429 cycle=0.1054 idt=0.0918 gnorm=26.793 dnorm=7.839 nan=0
2026-10-04 00:35:11,204 epoch=130 step=1000 loss_G=2.8092 loss_D_A=0.1896 loss_D_B=0.1926 cycle=0.1531 idt=0.0884 gnorm=41.463 dnorm=6.801 nan=0
2026-10-04 00:35:26,564 epoch=130 step=1100 loss_G=1.3638 loss_D_A=0.2963 loss_D_B=0.2195 cycle=0.0802 idt=0.0544 gnorm=19.613 dnorm=11.407 nan=0
2026-10-04 00:35:41,460 epoch=130 step=1200 loss_G=2.5112 loss_D_A=0.2441 loss_D_B=0.1933 cycle=0.1124 idt=0.0567 gnorm=33.603 dnorm=8.416 nan=0
2026-10-04 00:35:55,891 epoch=130 step=1300 loss_G=2.6302 loss_D_A=0.1488 loss_D_B=0.0929 cycle=0.1193 idt=0.0942 gnorm=30.586 dnorm=5.086 nan=0
2026-10-04 00:36:11,262 epoch=130 step=1400 loss_G=2.5949 loss_D_A=0.2096 loss_D_B=0.1040 cycle=0.0932 idt=0.0685 gnorm=23.917 dnorm=8.040 nan=0
2026-10-04 00:36:26,627 epoch=130 step=1500 loss_G=1.7157 loss_D_A=0.2869 loss_D_B=0.2132 cycle=0.0831 idt=0.0640 gnorm=12.094 dnorm=7.817 nan=0
2026-10-04 00:36:42,007 epoch=130 step=1600 loss_G=1.8744 loss_D_A=0.2694 loss_D_B=0.1457 cycle=0.0881 idt=0.0468 gnorm=31.434 dnorm=8.050 nan=0
2026-10-04 00:36:57,310 epoch=130 step=1700 loss_G=2.3365 loss_D_A=0.2871 loss_D_B=0.2661 cycle=0.1090 idt=0.0951 gnorm=26.841 dnorm=9.589 nan=0
2026-10-04 00:37:12,629 epoch=130 step=1800 loss_G=1.4421 loss_D_A=0.2570 loss_D_B=0.1358 cycle=0.0768 idt=0.0653 gnorm=16.737 dnorm=10.172 nan=0
2026-10-04 00:37:27,741 epoch=130 step=1900 loss_G=3.0261 loss_D_A=0.0659 loss_D_B=0.1793 cycle=0.1289 idt=0.0874 gnorm=24.781 dnorm=6.472 nan=0
2026-10-04 00:37:43,175 epoch=130 step=2000 loss_G=2.2696 loss_D_A=0.1452 loss_D_B=0.2104 cycle=0.1024 idt=0.0693 gnorm=21.026 dnorm=7.525 nan=0
2026-10-04 00:37:58,331 epoch=130 step=2100 loss_G=1.5753 loss_D_A=0.1030 loss_D_B=0.2413 cycle=0.0950 idt=0.0573 gnorm=24.165 dnorm=7.121 nan=0
2026-10-04 00:38:13,649 epoch=130 step=2200 loss_G=2.1668 loss_D_A=0.0665 loss_D_B=0.2089 cycle=0.0849 idt=0.0597 gnorm=32.243 dnorm=8.583 nan=0
2026-10-04 00:38:29,088 epoch=130 step=2300 loss_G=2.2061 loss_D_A=0.1299 loss_D_B=0.1430 cycle=0.1210 idt=0.0637 gnorm=49.502 dnorm=4.221 nan=0
2026-10-04 00:38:44,409 epoch=130 step=2400 loss_G=3.0931 loss_D_A=0.0635 loss_D_B=0.0474 cycle=0.1290 idt=0.1065 gnorm=41.899 dnorm=4.153 nan=0
2026-10-04 00:38:59,764 epoch=130 step=2500 loss_G=1.9087 loss_D_A=0.0384 loss_D_B=0.2205 cycle=0.0936 idt=0.0715 gnorm=24.272 dnorm=5.668 nan=0
2026-10-04 00:39:15,266 epoch=130 step=2600 loss_G=2.4767 loss_D_A=0.1853 loss_D_B=0.2672 cycle=0.0996 idt=0.0564 gnorm=23.480 dnorm=12.269 nan=0
2026-10-04 00:39:30,628 epoch=130 step=2700 loss_G=2.3415 loss_D_A=0.0666 loss_D_B=0.1438 cycle=0.0906 idt=0.0541 gnorm=24.930 dnorm=4.428 nan=0
2026-10-04 00:39:45,999 epoch=130 step=2800 loss_G=2.9237 loss_D_A=0.2365 loss_D_B=0.1981 cycle=0.1112 idt=0.1204 gnorm=35.297 dnorm=9.081 nan=0
2026-10-04 00:40:01,387 epoch=130 step=2900 loss_G=1.8165 loss_D_A=0.1079 loss_D_B=0.1624 cycle=0.0768 idt=0.0557 gnorm=25.818 dnorm=7.054 nan=0
2026-10-04 00:40:16,729 epoch=130 step=3000 loss_G=2.1748 loss_D_A=0.3201 loss_D_B=0.2139 cycle=0.0876 idt=0.0662 gnorm=17.524 dnorm=16.130 nan=0
2026-10-04 00:40:32,140 epoch=130 step=3100 loss_G=2.8034 loss_D_A=0.1194 loss_D_B=0.1416 cycle=0.1270 idt=0.0540 gnorm=32.961 dnorm=7.549 nan=0
2026-10-04 00:40:47,502 epoch=130 step=3200 loss_G=2.2326 loss_D_A=0.1664 loss_D_B=0.1055 cycle=0.0898 idt=0.0746 gnorm=22.086 dnorm=6.845 nan=0
2026-10-04 00:41:02,858 epoch=130 step=3300 loss_G=2.0845 loss_D_A=0.0233 loss_D_B=0.2113 cycle=0.0885 idt=0.0802 gnorm=31.500 dnorm=4.853 nan=0
2026-10-04 00:41:18,289 epoch=130 step=3400 loss_G=2.4580 loss_D_A=0.0471 loss_D_B=0.2796 cycle=0.0946 idt=0.0715 gnorm=23.164 dnorm=9.376 nan=0
2026-10-04 00:41:33,660 epoch=130 step=3500 loss_G=2.1589 loss_D_A=0.1861 loss_D_B=0.1879 cycle=0.0832 idt=0.0534 gnorm=18.767 dnorm=8.106 nan=0
2026-10-04 00:41:49,011 epoch=130 step=3600 loss_G=2.5724 loss_D_A=0.2131 loss_D_B=0.1330 cycle=0.1152 idt=0.0833 gnorm=28.997 dnorm=5.786 nan=0
2026-10-04 00:42:04,449 epoch=130 step=3700 loss_G=2.3045 loss_D_A=0.2098 loss_D_B=0.3551 cycle=0.0913 idt=0.0747 gnorm=23.524 dnorm=6.932 nan=0
2026-10-04 00:42:19,816 epoch=130 step=3800 loss_G=2.1198 loss_D_A=0.1151 loss_D_B=0.2003 cycle=0.0712 idt=0.0680 gnorm=29.489 dnorm=7.807 nan=0
2026-10-04 00:42:35,120 epoch=130 step=3900 loss_G=2.3372 loss_D_A=0.0684 loss_D_B=0.1368 cycle=0.0907 idt=0.0654 gnorm=26.460 dnorm=4.873 nan=0
2026-10-04 00:42:50,571 epoch=130 step=4000 loss_G=2.0153 loss_D_A=0.3064 loss_D_B=0.1949 cycle=0.1401 idt=0.0533 gnorm=31.781 dnorm=7.869 nan=0
2026-10-04 00:43:05,959 epoch=130 step=4100 loss_G=2.2104 loss_D_A=0.0794 loss_D_B=0.2944 cycle=0.0778 idt=0.0522 gnorm=21.101 dnorm=6.285 nan=0
2026-10-04 00:43:21,280 epoch=130 step=4200 loss_G=1.9848 loss_D_A=0.1753 loss_D_B=0.1617 cycle=0.0897 idt=0.0662 gnorm=22.719 dnorm=5.737 nan=0
2026-10-04 00:43:36,443 epoch=130 step=4300 loss_G=1.6121 loss_D_A=0.0954 loss_D_B=0.0801 cycle=0.0746 idt=0.0643 gnorm=16.641 dnorm=5.763 nan=0
2026-10-04 00:43:51,810 epoch=130 step=4400 loss_G=2.0192 loss_D_A=0.1645 loss_D_B=0.1045 cycle=0.0902 idt=0.0621 gnorm=22.461 dnorm=5.737 nan=0
2026-10-04 00:44:07,167 epoch=130 step=4500 loss_G=2.6325 loss_D_A=0.1188 loss_D_B=0.1864 cycle=0.1024 idt=0.0729 gnorm=29.569 dnorm=6.360 nan=0
2026-10-04 00:44:22,594 epoch=130 step=4600 loss_G=2.2671 loss_D_A=0.1780 loss_D_B=0.2519 cycle=0.0931 idt=0.0612 gnorm=19.877 dnorm=8.461 nan=0
2026-10-04 00:44:37,920 epoch=130 step=4700 loss_G=1.9087 loss_D_A=0.4314 loss_D_B=0.2411 cycle=0.0812 idt=0.0528 gnorm=26.774 dnorm=11.000 nan=0
2026-10-04 00:44:53,324 epoch=130 step=4800 loss_G=1.9441 loss_D_A=0.2002 loss_D_B=0.2801 cycle=0.1029 idt=0.0840 gnorm=26.806 dnorm=7.664 nan=0
2026-10-04 00:45:08,745 epoch=130 step=4900 loss_G=2.4927 loss_D_A=0.2183 loss_D_B=0.1368 cycle=0.0785 idt=0.0522 gnorm=26.502 dnorm=7.610 nan=0
2026-10-04 00:45:24,096 epoch=130 step=5000 loss_G=1.4496 loss_D_A=0.1098 loss_D_B=0.1390 cycle=0.0626 idt=0.0398 gnorm=16.549 dnorm=6.967 nan=0
2026-10-04 00:45:39,298 epoch=130 step=5100 loss_G=2.3951 loss_D_A=0.1100 loss_D_B=0.1488 cycle=0.0718 idt=0.0465 gnorm=18.748 dnorm=6.255 nan=0
2026-10-04 00:45:54,410 epoch=130 step=5200 loss_G=2.4545 loss_D_A=0.1578 loss_D_B=0.0485 cycle=0.1360 idt=0.1061 gnorm=52.791 dnorm=6.883 nan=0
2026-10-04 00:46:09,250 epoch=130 step=5300 loss_G=2.3648 loss_D_A=0.1962 loss_D_B=0.1671 cycle=0.0977 idt=0.0517 gnorm=31.047 dnorm=7.274 nan=0
2026-10-04 00:46:24,707 epoch=130 step=5400 loss_G=2.8624 loss_D_A=0.0952 loss_D_B=0.0978 cycle=0.1064 idt=0.0693 gnorm=17.363 dnorm=7.419 nan=0
2026-10-04 00:46:39,989 epoch=130 step=5500 loss_G=2.6421 loss_D_A=0.2376 loss_D_B=0.2433 cycle=0.1524 idt=0.0988 gnorm=44.845 dnorm=11.569 nan=0
2026-10-04 00:46:54,965 epoch=130 step=5600 loss_G=2.0034 loss_D_A=0.2301 loss_D_B=0.2940 cycle=0.1128 idt=0.0496 gnorm=38.164 dnorm=9.898 nan=0
2026-10-04 00:47:10,237 epoch=130 step=5700 loss_G=2.3770 loss_D_A=0.1630 loss_D_B=0.3792 cycle=0.1023 idt=0.0733 gnorm=19.488 dnorm=13.454 nan=0
2026-10-04 00:47:25,344 epoch=130 step=5800 loss_G=4.5853 loss_D_A=0.1584 loss_D_B=0.0776 cycle=0.2470 idt=0.1639 gnorm=49.602 dnorm=6.356 nan=0
2026-10-04 00:47:40,655 epoch=130 step=5900 loss_G=2.8735 loss_D_A=0.0821 loss_D_B=0.1074 cycle=0.1427 idt=0.1204 gnorm=42.921 dnorm=6.310 nan=0
2026-10-04 00:47:56,072 epoch=130 step=6000 loss_G=1.7675 loss_D_A=0.1213 loss_D_B=0.1142 cycle=0.0703 idt=0.0543 gnorm=24.135 dnorm=6.317 nan=0
2026-10-04 00:48:11,403 epoch=130 step=6100 loss_G=2.5272 loss_D_A=0.2033 loss_D_B=0.5182 cycle=0.1173 idt=0.0792 gnorm=31.320 dnorm=12.007 nan=0
2026-10-04 00:48:26,421 epoch=130 step=6200 loss_G=1.9526 loss_D_A=0.0877 loss_D_B=0.1778 cycle=0.0765 idt=0.0617 gnorm=23.727 dnorm=5.862 nan=0
2026-10-04 00:48:41,866 epoch=130 step=6300 loss_G=1.9684 loss_D_A=0.2949 loss_D_B=0.1494 cycle=0.0845 idt=0.0720 gnorm=22.153 dnorm=7.419 nan=0
2026-10-04 00:48:57,117 epoch=130 step=6400 loss_G=2.3588 loss_D_A=0.0714 loss_D_B=0.1188 cycle=0.1162 idt=0.0742 gnorm=21.919 dnorm=4.931 nan=0
2026-10-04 00:49:03,034 epoch_mean={'g': 2.2649553008018795, 'd_a': 0.16600532922806965, 'd_b': 0.17939201324168996, 'cycle': 0.09772194005866049, 'identity': 0.07260663215326722, 'epoch': 130}
2026-10-04 00:49:03,978 epoch=131 step=1 loss_G=2.4525 loss_D_A=0.1527 loss_D_B=0.1356 cycle=0.1073 idt=0.0691 gnorm=26.114 dnorm=6.328 nan=0
2026-10-04 00:49:19,028 epoch=131 step=100 loss_G=1.8870 loss_D_A=0.2188 loss_D_B=0.1363 cycle=0.0821 idt=0.0765 gnorm=26.867 dnorm=9.051 nan=0
2026-10-04 00:49:34,241 epoch=131 step=200 loss_G=2.3055 loss_D_A=0.0262 loss_D_B=0.2526 cycle=0.0988 idt=0.0795 gnorm=28.259 dnorm=5.811 nan=0
2026-10-04 00:49:49,388 epoch=131 step=300 loss_G=2.4881 loss_D_A=0.1634 loss_D_B=0.0288 cycle=0.0894 idt=0.0746 gnorm=25.382 dnorm=5.224 nan=0
2026-10-04 00:50:04,778 epoch=131 step=400 loss_G=1.9978 loss_D_A=0.2706 loss_D_B=0.1351 cycle=0.0671 idt=0.0462 gnorm=17.291 dnorm=8.133 nan=0
2026-10-04 00:50:20,100 epoch=131 step=500 loss_G=2.4831 loss_D_A=0.1340 loss_D_B=0.0693 cycle=0.0852 idt=0.0739 gnorm=25.274 dnorm=5.641 nan=0
2026-10-04 00:50:35,416 epoch=131 step=600 loss_G=2.4196 loss_D_A=0.2992 loss_D_B=0.1607 cycle=0.0951 idt=0.0637 gnorm=31.426 dnorm=7.876 nan=0
2026-10-04 00:50:50,769 epoch=131 step=700 loss_G=2.8594 loss_D_A=0.1382 loss_D_B=0.0682 cycle=0.1161 idt=0.0639 gnorm=40.478 dnorm=6.251 nan=0
2026-10-04 00:51:06,180 epoch=131 step=800 loss_G=2.4367 loss_D_A=0.1427 loss_D_B=0.1118 cycle=0.0981 idt=0.0800 gnorm=26.430 dnorm=4.705 nan=0
2026-10-04 00:51:21,575 epoch=131 step=900 loss_G=2.2139 loss_D_A=0.1558 loss_D_B=0.2412 cycle=0.1156 idt=0.0903 gnorm=42.166 dnorm=8.509 nan=0
2026-10-04 00:51:36,953 epoch=131 step=1000 loss_G=1.3773 loss_D_A=0.2597 loss_D_B=0.1663 cycle=0.0843 idt=0.0487 gnorm=20.654 dnorm=7.102 nan=0
2026-10-04 00:51:52,368 epoch=131 step=1100 loss_G=2.2525 loss_D_A=0.1648 loss_D_B=0.1912 cycle=0.1206 idt=0.0764 gnorm=21.958 dnorm=7.566 nan=0
2026-10-04 00:52:07,729 epoch=131 step=1200 loss_G=4.9912 loss_D_A=0.1769 loss_D_B=0.0797 cycle=0.2099 idt=0.2863 gnorm=47.272 dnorm=8.221 nan=0
2026-10-04 00:52:22,911 epoch=131 step=1300 loss_G=2.6253 loss_D_A=0.1509 loss_D_B=0.0914 cycle=0.1018 idt=0.0844 gnorm=26.705 dnorm=5.917 nan=0
2026-10-04 00:52:38,339 epoch=131 step=1400 loss_G=1.8719 loss_D_A=0.1601 loss_D_B=0.1957 cycle=0.0912 idt=0.0695 gnorm=23.394 dnorm=7.322 nan=0
2026-10-04 00:52:53,148 epoch=131 step=1500 loss_G=2.2918 loss_D_A=0.1763 loss_D_B=0.2747 cycle=0.1272 idt=0.1419 gnorm=36.815 dnorm=9.279 nan=0
2026-10-04 00:53:08,507 epoch=131 step=1600 loss_G=2.4044 loss_D_A=0.0683 loss_D_B=0.0606 cycle=0.0946 idt=0.0782 gnorm=40.358 dnorm=4.150 nan=0
2026-10-04 00:53:23,842 epoch=131 step=1700 loss_G=2.5513 loss_D_A=0.1246 loss_D_B=0.2110 cycle=0.1333 idt=0.0890 gnorm=30.272 dnorm=4.572 nan=0
2026-10-04 00:53:39,241 epoch=131 step=1800 loss_G=2.2954 loss_D_A=0.0550 loss_D_B=0.2005 cycle=0.0847 idt=0.0665 gnorm=19.514 dnorm=5.894 nan=0
2026-10-04 00:53:54,596 epoch=131 step=1900 loss_G=2.7208 loss_D_A=0.0950 loss_D_B=0.2449 cycle=0.0886 idt=0.0576 gnorm=30.694 dnorm=5.939 nan=0
2026-10-04 00:54:09,665 epoch=131 step=2000 loss_G=2.0896 loss_D_A=0.0456 loss_D_B=0.1520 cycle=0.0908 idt=0.0615 gnorm=36.008 dnorm=5.261 nan=0
2026-10-04 00:54:25,036 epoch=131 step=2100 loss_G=2.2395 loss_D_A=0.2085 loss_D_B=0.1631 cycle=0.0806 idt=0.0555 gnorm=26.279 dnorm=6.922 nan=0
2026-10-04 00:54:40,419 epoch=131 step=2200 loss_G=2.3361 loss_D_A=0.1339 loss_D_B=0.1230 cycle=0.0882 idt=0.0618 gnorm=23.752 dnorm=6.749 nan=0
2026-10-04 00:54:55,698 epoch=131 step=2300 loss_G=2.3102 loss_D_A=0.2010 loss_D_B=0.1185 cycle=0.0970 idt=0.0649 gnorm=27.899 dnorm=6.581 nan=0
2026-10-04 00:55:11,069 epoch=131 step=2400 loss_G=1.5122 loss_D_A=0.2145 loss_D_B=0.1136 cycle=0.0860 idt=0.0734 gnorm=20.615 dnorm=8.832 nan=0
2026-10-04 00:55:26,117 epoch=131 step=2500 loss_G=1.6574 loss_D_A=0.2627 loss_D_B=0.0893 cycle=0.0728 idt=0.0503 gnorm=22.130 dnorm=7.585 nan=0
2026-10-04 00:55:41,114 epoch=131 step=2600 loss_G=1.7597 loss_D_A=0.2107 loss_D_B=0.1910 cycle=0.0721 idt=0.0546 gnorm=27.374 dnorm=8.628 nan=0
2026-10-04 00:55:56,460 epoch=131 step=2700 loss_G=3.0451 loss_D_A=0.3502 loss_D_B=0.1343 cycle=0.1408 idt=0.0852 gnorm=30.331 dnorm=9.580 nan=0
2026-10-04 00:56:11,662 epoch=131 step=2800 loss_G=2.3439 loss_D_A=0.2069 loss_D_B=0.1874 cycle=0.1249 idt=0.0936 gnorm=35.425 dnorm=8.841 nan=0
2026-10-04 00:56:27,083 epoch=131 step=2900 loss_G=2.4950 loss_D_A=0.1264 loss_D_B=0.1993 cycle=0.1069 idt=0.0655 gnorm=31.594 dnorm=8.914 nan=0
2026-10-04 00:56:42,150 epoch=131 step=3000 loss_G=1.9334 loss_D_A=0.3705 loss_D_B=0.0685 cycle=0.0726 idt=0.0645 gnorm=24.182 dnorm=10.117 nan=0
2026-10-04 00:56:57,632 epoch=131 step=3100 loss_G=1.8107 loss_D_A=0.1756 loss_D_B=0.2313 cycle=0.0743 idt=0.0601 gnorm=27.763 dnorm=8.739 nan=0
2026-10-04 00:57:12,993 epoch=131 step=3200 loss_G=2.2080 loss_D_A=0.0592 loss_D_B=0.1158 cycle=0.0819 idt=0.0416 gnorm=17.724 dnorm=4.784 nan=0
2026-10-04 00:57:28,193 epoch=131 step=3300 loss_G=2.7895 loss_D_A=0.1932 loss_D_B=0.1290 cycle=0.0872 idt=0.0624 gnorm=26.473 dnorm=7.176 nan=0
2026-10-04 00:57:43,584 epoch=131 step=3400 loss_G=1.5474 loss_D_A=0.0889 loss_D_B=0.1312 cycle=0.0748 idt=0.0587 gnorm=28.167 dnorm=7.829 nan=0
2026-10-04 00:57:57,951 epoch=131 step=3500 loss_G=1.8330 loss_D_A=0.7342 loss_D_B=0.1345 cycle=0.0847 idt=0.0600 gnorm=17.831 dnorm=17.904 nan=0
2026-10-04 00:58:13,289 epoch=131 step=3600 loss_G=1.9291 loss_D_A=0.1187 loss_D_B=0.2029 cycle=0.0767 idt=0.0461 gnorm=19.286 dnorm=6.731 nan=0
2026-10-04 00:58:28,667 epoch=131 step=3700 loss_G=1.6337 loss_D_A=0.2414 loss_D_B=0.0688 cycle=0.0847 idt=0.0685 gnorm=19.299 dnorm=5.507 nan=0
2026-10-04 00:58:43,573 epoch=131 step=3800 loss_G=1.7291 loss_D_A=0.1001 loss_D_B=0.0511 cycle=0.0715 idt=0.0564 gnorm=21.125 dnorm=3.547 nan=0
2026-10-04 00:58:58,936 epoch=131 step=3900 loss_G=2.2141 loss_D_A=0.1691 loss_D_B=0.1043 cycle=0.1008 idt=0.0692 gnorm=31.272 dnorm=7.705 nan=0
2026-10-04 00:59:13,965 epoch=131 step=4000 loss_G=2.0072 loss_D_A=0.3412 loss_D_B=0.1298 cycle=0.0860 idt=0.0638 gnorm=29.900 dnorm=9.508 nan=0
2026-10-04 00:59:28,997 epoch=131 step=4100 loss_G=1.8079 loss_D_A=0.4148 loss_D_B=0.1212 cycle=0.0958 idt=0.0714 gnorm=29.111 dnorm=7.066 nan=0
2026-10-04 00:59:44,380 epoch=131 step=4200 loss_G=1.9829 loss_D_A=0.1859 loss_D_B=0.2224 cycle=0.1115 idt=0.0703 gnorm=29.870 dnorm=7.292 nan=0
2026-10-04 00:59:59,623 epoch=131 step=4300 loss_G=2.8196 loss_D_A=0.3995 loss_D_B=0.0834 cycle=0.1453 idt=0.1330 gnorm=42.719 dnorm=10.991 nan=0
2026-10-04 01:00:14,971 epoch=131 step=4400 loss_G=2.3786 loss_D_A=0.1265 loss_D_B=0.2534 cycle=0.1027 idt=0.0479 gnorm=23.358 dnorm=9.429 nan=0
2026-10-04 01:00:29,558 epoch=131 step=4500 loss_G=2.3788 loss_D_A=0.1668 loss_D_B=0.1497 cycle=0.0953 idt=0.0536 gnorm=24.891 dnorm=8.470 nan=0
2026-10-04 01:00:45,308 epoch=131 step=4600 loss_G=2.6412 loss_D_A=0.0730 loss_D_B=0.1091 cycle=0.1196 idt=0.0801 gnorm=24.120 dnorm=3.755 nan=0
2026-10-04 01:01:00,398 epoch=131 step=4700 loss_G=2.5903 loss_D_A=0.0955 loss_D_B=0.0771 cycle=0.1363 idt=0.0869 gnorm=54.282 dnorm=4.076 nan=0
2026-10-04 01:01:15,414 epoch=131 step=4800 loss_G=2.0506 loss_D_A=0.1137 loss_D_B=0.1228 cycle=0.0906 idt=0.0599 gnorm=23.179 dnorm=6.774 nan=0
2026-10-04 01:01:30,590 epoch=131 step=4900 loss_G=2.8028 loss_D_A=0.1846 loss_D_B=0.2752 cycle=0.1064 idt=0.0716 gnorm=30.685 dnorm=11.182 nan=0
2026-10-04 01:01:45,625 epoch=131 step=5000 loss_G=1.7112 loss_D_A=0.1355 loss_D_B=0.1627 cycle=0.0748 idt=0.0502 gnorm=23.104 dnorm=6.213 nan=0
2026-10-04 01:02:00,928 epoch=131 step=5100 loss_G=2.8182 loss_D_A=0.2243 loss_D_B=0.2511 cycle=0.1197 idt=0.0911 gnorm=34.511 dnorm=9.402 nan=0
2026-10-04 01:02:16,316 epoch=131 step=5200 loss_G=2.1646 loss_D_A=0.1436 loss_D_B=0.3425 cycle=0.1045 idt=0.0506 gnorm=26.248 dnorm=10.296 nan=0
2026-10-04 01:02:31,676 epoch=131 step=5300 loss_G=2.3142 loss_D_A=0.0967 loss_D_B=0.0810 cycle=0.0944 idt=0.0633 gnorm=26.853 dnorm=3.944 nan=0
2026-10-04 01:02:46,795 epoch=131 step=5400 loss_G=3.0097 loss_D_A=0.0963 loss_D_B=0.1014 cycle=0.1419 idt=0.1218 gnorm=32.071 dnorm=8.392 nan=0
2026-10-04 01:03:01,888 epoch=131 step=5500 loss_G=2.4699 loss_D_A=0.2098 loss_D_B=0.0950 cycle=0.0968 idt=0.0719 gnorm=19.229 dnorm=7.973 nan=0
2026-10-04 01:03:17,114 epoch=131 step=5600 loss_G=2.4788 loss_D_A=0.0864 loss_D_B=0.4179 cycle=0.0998 idt=0.0890 gnorm=30.442 dnorm=13.498 nan=0
2026-10-04 01:03:32,495 epoch=131 step=5700 loss_G=1.6305 loss_D_A=0.2396 loss_D_B=0.3033 cycle=0.0884 idt=0.0604 gnorm=34.236 dnorm=6.601 nan=0
2026-10-04 01:03:47,691 epoch=131 step=5800 loss_G=2.1915 loss_D_A=0.0873 loss_D_B=0.1348 cycle=0.0854 idt=0.0548 gnorm=25.076 dnorm=3.863 nan=0
2026-10-04 01:04:03,097 epoch=131 step=5900 loss_G=2.1719 loss_D_A=0.0923 loss_D_B=0.1112 cycle=0.1036 idt=0.0817 gnorm=24.895 dnorm=5.192 nan=0
2026-10-04 01:04:18,298 epoch=131 step=6000 loss_G=1.6921 loss_D_A=0.2188 loss_D_B=0.2655 cycle=0.0693 idt=0.0454 gnorm=20.941 dnorm=8.616 nan=0
2026-10-04 01:04:33,621 epoch=131 step=6100 loss_G=1.7921 loss_D_A=0.1115 loss_D_B=0.0597 cycle=0.0871 idt=0.0624 gnorm=22.546 dnorm=5.247 nan=0
2026-10-04 01:04:49,006 epoch=131 step=6200 loss_G=2.2073 loss_D_A=0.1526 loss_D_B=0.1334 cycle=0.1147 idt=0.0707 gnorm=32.931 dnorm=5.945 nan=0
2026-10-04 01:05:04,265 epoch=131 step=6300 loss_G=1.9877 loss_D_A=0.2040 loss_D_B=0.2706 cycle=0.0882 idt=0.0719 gnorm=23.076 dnorm=8.534 nan=0
2026-10-04 01:05:19,354 epoch=131 step=6400 loss_G=2.2075 loss_D_A=0.0795 loss_D_B=0.1941 cycle=0.1005 idt=0.0726 gnorm=17.582 dnorm=6.512 nan=0
2026-10-04 01:05:25,244 epoch_mean={'g': 2.2617040363369836, 'd_a': 0.1691695441737535, 'd_b': 0.1773479896585702, 'cycle': 0.09760944500366477, 'identity': 0.07271064694307723, 'epoch': 131}
2026-10-04 01:05:25,846 epoch=132 step=1 loss_G=1.4338 loss_D_A=0.1155 loss_D_B=0.2864 cycle=0.0707 idt=0.0433 gnorm=24.570 dnorm=9.416 nan=0
2026-10-04 01:05:40,996 epoch=132 step=100 loss_G=1.9438 loss_D_A=0.1232 loss_D_B=0.1785 cycle=0.0889 idt=0.0616 gnorm=24.128 dnorm=6.787 nan=0
2026-10-04 01:05:56,403 epoch=132 step=200 loss_G=2.0025 loss_D_A=0.0770 loss_D_B=0.0720 cycle=0.0820 idt=0.0564 gnorm=17.481 dnorm=4.890 nan=0
2026-10-04 01:06:11,506 epoch=132 step=300 loss_G=2.8588 loss_D_A=0.2408 loss_D_B=0.0998 cycle=0.1087 idt=0.0749 gnorm=23.021 dnorm=5.820 nan=0
2026-10-04 01:06:26,787 epoch=132 step=400 loss_G=1.9378 loss_D_A=0.1167 loss_D_B=0.1025 cycle=0.0790 idt=0.0719 gnorm=32.995 dnorm=5.780 nan=0
2026-10-04 01:06:41,671 epoch=132 step=500 loss_G=1.8653 loss_D_A=0.2160 loss_D_B=0.1492 cycle=0.0516 idt=0.0328 gnorm=17.335 dnorm=13.032 nan=0
2026-10-04 01:06:56,782 epoch=132 step=600 loss_G=2.2597 loss_D_A=0.3935 loss_D_B=0.1932 cycle=0.1117 idt=0.0701 gnorm=38.702 dnorm=15.725 nan=0
2026-10-04 01:07:12,082 epoch=132 step=700 loss_G=2.8201 loss_D_A=0.1186 loss_D_B=0.2279 cycle=0.1144 idt=0.0506 gnorm=28.687 dnorm=7.378 nan=0
2026-10-04 01:07:27,473 epoch=132 step=800 loss_G=3.0417 loss_D_A=0.1095 loss_D_B=0.2751 cycle=0.1150 idt=0.0751 gnorm=26.416 dnorm=11.534 nan=0
2026-10-04 01:07:42,502 epoch=132 step=900 loss_G=1.9536 loss_D_A=0.1621 loss_D_B=0.1512 cycle=0.0909 idt=0.0569 gnorm=23.675 dnorm=6.581 nan=0
2026-10-04 01:07:57,756 epoch=132 step=1000 loss_G=3.0909 loss_D_A=0.1744 loss_D_B=0.1471 cycle=0.1070 idt=0.0782 gnorm=21.616 dnorm=6.717 nan=0
2026-10-04 01:08:12,532 epoch=132 step=1100 loss_G=1.9516 loss_D_A=0.2412 loss_D_B=0.2009 cycle=0.0765 idt=0.0673 gnorm=25.516 dnorm=7.587 nan=0
2026-10-04 01:08:27,963 epoch=132 step=1200 loss_G=2.0095 loss_D_A=0.1682 loss_D_B=0.1653 cycle=0.0952 idt=0.0551 gnorm=36.238 dnorm=8.348 nan=0
2026-10-04 01:08:42,898 epoch=132 step=1300 loss_G=1.7779 loss_D_A=0.1223 loss_D_B=0.2239 cycle=0.0918 idt=0.0727 gnorm=37.494 dnorm=7.302 nan=0
2026-10-04 01:08:58,291 epoch=132 step=1400 loss_G=1.8284 loss_D_A=0.0727 loss_D_B=0.1444 cycle=0.0833 idt=0.0574 gnorm=17.647 dnorm=5.329 nan=0
2026-10-04 01:09:13,615 epoch=132 step=1500 loss_G=2.1462 loss_D_A=0.1713 loss_D_B=0.1483 cycle=0.1241 idt=0.0807 gnorm=31.682 dnorm=9.502 nan=0
2026-10-04 01:09:28,926 epoch=132 step=1600 loss_G=2.9212 loss_D_A=0.1888 loss_D_B=0.1161 cycle=0.1117 idt=0.1071 gnorm=37.686 dnorm=5.771 nan=0
2026-10-04 01:09:44,323 epoch=132 step=1700 loss_G=1.9213 loss_D_A=0.2507 loss_D_B=0.3265 cycle=0.1138 idt=0.0775 gnorm=32.070 dnorm=10.588 nan=0
2026-10-04 01:09:59,646 epoch=132 step=1800 loss_G=3.1878 loss_D_A=0.2138 loss_D_B=0.1499 cycle=0.1583 idt=0.1245 gnorm=35.504 dnorm=9.021 nan=0
2026-10-04 01:10:14,569 epoch=132 step=1900 loss_G=2.7958 loss_D_A=0.1166 loss_D_B=0.2067 cycle=0.1283 idt=0.0677 gnorm=32.434 dnorm=7.701 nan=0
2026-10-04 01:10:29,943 epoch=132 step=2000 loss_G=2.6016 loss_D_A=0.1923 loss_D_B=0.1424 cycle=0.0865 idt=0.0612 gnorm=35.553 dnorm=6.716 nan=0
2026-10-04 01:10:44,360 epoch=132 step=2100 loss_G=1.9854 loss_D_A=0.0800 loss_D_B=0.0770 cycle=0.0827 idt=0.0693 gnorm=22.715 dnorm=7.097 nan=0
2026-10-04 01:10:59,760 epoch=132 step=2200 loss_G=2.2776 loss_D_A=0.0815 loss_D_B=0.0576 cycle=0.0900 idt=0.0751 gnorm=41.047 dnorm=5.771 nan=0
2026-10-04 01:11:15,135 epoch=132 step=2300 loss_G=1.7396 loss_D_A=0.1103 loss_D_B=0.0814 cycle=0.1013 idt=0.0597 gnorm=18.819 dnorm=5.060 nan=0
2026-10-04 01:11:30,399 epoch=132 step=2400 loss_G=1.8937 loss_D_A=0.2782 loss_D_B=0.0871 cycle=0.1050 idt=0.0671 gnorm=16.055 dnorm=5.786 nan=0
2026-10-04 01:11:45,782 epoch=132 step=2500 loss_G=2.6610 loss_D_A=0.2591 loss_D_B=0.0595 cycle=0.0962 idt=0.0698 gnorm=36.394 dnorm=5.806 nan=0
2026-10-04 01:12:01,120 epoch=132 step=2600 loss_G=2.7493 loss_D_A=0.0659 loss_D_B=0.2220 cycle=0.1050 idt=0.0670 gnorm=44.919 dnorm=7.333 nan=0
2026-10-04 01:12:16,436 epoch=132 step=2700 loss_G=2.5002 loss_D_A=0.0485 loss_D_B=0.1492 cycle=0.0862 idt=0.0633 gnorm=36.317 dnorm=4.238 nan=0
2026-10-04 01:12:31,840 epoch=132 step=2800 loss_G=2.7413 loss_D_A=0.1354 loss_D_B=0.2455 cycle=0.1176 idt=0.0912 gnorm=39.687 dnorm=8.296 nan=0
2026-10-04 01:12:47,184 epoch=132 step=2900 loss_G=2.2084 loss_D_A=0.1997 loss_D_B=0.0910 cycle=0.0979 idt=0.0561 gnorm=34.162 dnorm=7.060 nan=0
2026-10-04 01:13:02,540 epoch=132 step=3000 loss_G=1.5847 loss_D_A=0.1275 loss_D_B=0.1943 cycle=0.0874 idt=0.0505 gnorm=34.916 dnorm=6.471 nan=0
2026-10-04 01:13:17,593 epoch=132 step=3100 loss_G=2.7772 loss_D_A=0.1445 loss_D_B=0.1227 cycle=0.1024 idt=0.1107 gnorm=34.401 dnorm=8.375 nan=0
2026-10-04 01:13:32,937 epoch=132 step=3200 loss_G=2.0820 loss_D_A=0.1835 loss_D_B=0.1633 cycle=0.0898 idt=0.0530 gnorm=19.352 dnorm=7.365 nan=0
2026-10-04 01:13:48,158 epoch=132 step=3300 loss_G=1.7848 loss_D_A=0.1932 loss_D_B=0.4203 cycle=0.1065 idt=0.0806 gnorm=33.395 dnorm=14.058 nan=0
2026-10-04 01:14:03,548 epoch=132 step=3400 loss_G=1.9554 loss_D_A=0.1642 loss_D_B=0.0958 cycle=0.0833 idt=0.0571 gnorm=19.765 dnorm=5.554 nan=0
2026-10-04 01:14:18,842 epoch=132 step=3500 loss_G=1.3937 loss_D_A=0.0896 loss_D_B=0.1775 cycle=0.0787 idt=0.0664 gnorm=21.107 dnorm=6.781 nan=0
2026-10-04 01:14:34,208 epoch=132 step=3600 loss_G=2.3398 loss_D_A=0.0324 loss_D_B=0.2289 cycle=0.1064 idt=0.0790 gnorm=28.545 dnorm=4.943 nan=0
2026-10-04 01:14:49,658 epoch=132 step=3700 loss_G=2.3757 loss_D_A=0.2658 loss_D_B=0.1736 cycle=0.0953 idt=0.0596 gnorm=27.813 dnorm=7.429 nan=0
2026-10-04 01:15:04,974 epoch=132 step=3800 loss_G=3.2886 loss_D_A=0.0504 loss_D_B=0.2187 cycle=0.1415 idt=0.0762 gnorm=58.259 dnorm=7.337 nan=0
2026-10-04 01:15:20,334 epoch=132 step=3900 loss_G=2.9759 loss_D_A=0.2372 loss_D_B=0.0724 cycle=0.1268 idt=0.1036 gnorm=46.941 dnorm=7.662 nan=0
2026-10-04 01:15:35,757 epoch=132 step=4000 loss_G=2.1584 loss_D_A=0.1280 loss_D_B=0.0813 cycle=0.0922 idt=0.0645 gnorm=33.806 dnorm=5.288 nan=0
2026-10-04 01:15:51,051 epoch=132 step=4100 loss_G=1.9692 loss_D_A=0.1667 loss_D_B=0.2603 cycle=0.0956 idt=0.0621 gnorm=29.894 dnorm=9.945 nan=0
2026-10-04 01:16:06,407 epoch=132 step=4200 loss_G=2.9184 loss_D_A=0.3415 loss_D_B=0.0886 cycle=0.1170 idt=0.0902 gnorm=40.106 dnorm=8.055 nan=0
2026-10-04 01:16:21,826 epoch=132 step=4300 loss_G=2.4584 loss_D_A=0.0884 loss_D_B=0.0945 cycle=0.1010 idt=0.0899 gnorm=37.903 dnorm=7.093 nan=0
2026-10-04 01:16:37,167 epoch=132 step=4400 loss_G=1.9281 loss_D_A=0.0444 loss_D_B=0.0978 cycle=0.0940 idt=0.0707 gnorm=23.276 dnorm=6.347 nan=0
2026-10-04 01:16:52,561 epoch=132 step=4500 loss_G=3.5553 loss_D_A=0.2738 loss_D_B=0.2859 cycle=0.1690 idt=0.1963 gnorm=31.784 dnorm=9.443 nan=0
2026-10-04 01:17:07,973 epoch=132 step=4600 loss_G=2.2027 loss_D_A=0.1411 loss_D_B=0.0417 cycle=0.0961 idt=0.0802 gnorm=39.161 dnorm=4.634 nan=0
2026-10-04 01:17:23,294 epoch=132 step=4700 loss_G=2.4328 loss_D_A=0.2237 loss_D_B=0.3110 cycle=0.0852 idt=0.0684 gnorm=20.348 dnorm=8.251 nan=0
2026-10-04 01:17:38,652 epoch=132 step=4800 loss_G=2.1840 loss_D_A=0.1030 loss_D_B=0.1005 cycle=0.0935 idt=0.0704 gnorm=31.628 dnorm=6.871 nan=0
2026-10-04 01:17:54,004 epoch=132 step=4900 loss_G=2.6524 loss_D_A=0.2209 loss_D_B=0.0344 cycle=0.0759 idt=0.0952 gnorm=24.513 dnorm=8.618 nan=0
2026-10-04 01:18:09,328 epoch=132 step=5000 loss_G=2.2480 loss_D_A=0.3984 loss_D_B=0.1101 cycle=0.0947 idt=0.0582 gnorm=25.831 dnorm=9.920 nan=0
2026-10-04 01:18:24,770 epoch=132 step=5100 loss_G=1.8656 loss_D_A=0.0968 loss_D_B=0.1121 cycle=0.0792 idt=0.0627 gnorm=19.453 dnorm=7.906 nan=0
2026-10-04 01:18:40,175 epoch=132 step=5200 loss_G=2.4402 loss_D_A=0.1731 loss_D_B=0.0892 cycle=0.1018 idt=0.0705 gnorm=25.132 dnorm=7.395 nan=0
2026-10-04 01:18:55,505 epoch=132 step=5300 loss_G=1.9668 loss_D_A=0.2122 loss_D_B=0.2158 cycle=0.0986 idt=0.0730 gnorm=25.339 dnorm=10.316 nan=0
2026-10-04 01:19:10,988 epoch=132 step=5400 loss_G=1.9361 loss_D_A=0.3557 loss_D_B=0.2018 cycle=0.1018 idt=0.0548 gnorm=22.458 dnorm=11.337 nan=0
2026-10-04 01:19:26,176 epoch=132 step=5500 loss_G=2.5842 loss_D_A=0.0508 loss_D_B=0.1337 cycle=0.0864 idt=0.0529 gnorm=18.674 dnorm=4.266 nan=0
2026-10-04 01:19:41,310 epoch=132 step=5600 loss_G=2.2443 loss_D_A=0.1182 loss_D_B=0.1897 cycle=0.1090 idt=0.0910 gnorm=35.597 dnorm=8.947 nan=0
2026-10-04 01:19:56,545 epoch=132 step=5700 loss_G=2.3350 loss_D_A=0.3336 loss_D_B=0.1066 cycle=0.0802 idt=0.0595 gnorm=23.172 dnorm=8.818 nan=0
2026-10-04 01:20:11,913 epoch=132 step=5800 loss_G=1.9286 loss_D_A=0.2787 loss_D_B=0.1679 cycle=0.0707 idt=0.0506 gnorm=27.729 dnorm=8.542 nan=0
2026-10-04 01:20:27,255 epoch=132 step=5900 loss_G=2.1839 loss_D_A=0.0917 loss_D_B=0.1912 cycle=0.1107 idt=0.1006 gnorm=42.303 dnorm=5.426 nan=0
2026-10-04 01:20:42,326 epoch=132 step=6000 loss_G=2.1184 loss_D_A=0.2752 loss_D_B=0.1479 cycle=0.0914 idt=0.0657 gnorm=28.614 dnorm=7.332 nan=0
2026-10-04 01:20:57,692 epoch=132 step=6100 loss_G=2.2755 loss_D_A=0.0487 loss_D_B=0.2815 cycle=0.0838 idt=0.0716 gnorm=27.297 dnorm=7.379 nan=0
2026-10-04 01:21:12,860 epoch=132 step=6200 loss_G=3.5566 loss_D_A=0.2548 loss_D_B=0.1505 cycle=0.1348 idt=0.1182 gnorm=36.033 dnorm=8.854 nan=0
2026-10-04 01:21:28,228 epoch=132 step=6300 loss_G=2.1303 loss_D_A=0.1777 loss_D_B=0.1716 cycle=0.0682 idt=0.0478 gnorm=17.372 dnorm=7.396 nan=0
2026-10-04 01:21:43,583 epoch=132 step=6400 loss_G=1.8024 loss_D_A=0.4622 loss_D_B=0.2374 cycle=0.0740 idt=0.0570 gnorm=19.983 dnorm=14.558 nan=0
2026-10-04 01:21:49,462 epoch_mean={'g': 2.272791160638009, 'd_a': 0.16709525898473904, 'd_b': 0.17439535946237186, 'cycle': 0.09719720646697344, 'identity': 0.072245341570861, 'epoch': 132}
2026-10-04 01:21:50,093 epoch=133 step=1 loss_G=2.1021 loss_D_A=0.1073 loss_D_B=0.1532 cycle=0.0732 idt=0.0455 gnorm=19.812 dnorm=6.624 nan=0
2026-10-04 01:22:05,260 epoch=133 step=100 loss_G=2.0648 loss_D_A=0.1718 loss_D_B=0.3194 cycle=0.0895 idt=0.0662 gnorm=26.721 dnorm=9.052 nan=0
2026-10-04 01:22:20,610 epoch=133 step=200 loss_G=1.9618 loss_D_A=0.0887 loss_D_B=0.1369 cycle=0.1085 idt=0.0472 gnorm=26.586 dnorm=5.141 nan=0
2026-10-04 01:22:36,041 epoch=133 step=300 loss_G=2.3103 loss_D_A=0.1083 loss_D_B=0.1737 cycle=0.0893 idt=0.0588 gnorm=24.742 dnorm=6.576 nan=0
2026-10-04 01:22:51,118 epoch=133 step=400 loss_G=2.0518 loss_D_A=0.1241 loss_D_B=0.1284 cycle=0.0614 idt=0.0457 gnorm=20.903 dnorm=6.661 nan=0
2026-10-04 01:23:06,425 epoch=133 step=500 loss_G=2.4853 loss_D_A=0.2725 loss_D_B=0.4133 cycle=0.1126 idt=0.0780 gnorm=48.673 dnorm=20.160 nan=0
2026-10-04 01:23:21,495 epoch=133 step=600 loss_G=2.9813 loss_D_A=0.1473 loss_D_B=0.0741 cycle=0.1181 idt=0.1216 gnorm=28.038 dnorm=7.455 nan=0
2026-10-04 01:23:36,873 epoch=133 step=700 loss_G=1.6326 loss_D_A=0.1093 loss_D_B=0.2104 cycle=0.0754 idt=0.0680 gnorm=24.850 dnorm=6.972 nan=0
2026-10-04 01:23:52,268 epoch=133 step=800 loss_G=2.5232 loss_D_A=0.2544 loss_D_B=0.1519 cycle=0.0898 idt=0.0859 gnorm=28.528 dnorm=6.407 nan=0
2026-10-04 01:24:07,622 epoch=133 step=900 loss_G=2.4856 loss_D_A=0.2626 loss_D_B=0.2365 cycle=0.1006 idt=0.0830 gnorm=31.797 dnorm=8.803 nan=0
2026-10-04 01:24:23,000 epoch=133 step=1000 loss_G=1.9552 loss_D_A=0.1933 loss_D_B=0.2146 cycle=0.0792 idt=0.0531 gnorm=23.327 dnorm=10.321 nan=0
2026-10-04 01:24:38,434 epoch=133 step=1100 loss_G=1.6178 loss_D_A=0.1615 loss_D_B=0.2399 cycle=0.0776 idt=0.0519 gnorm=19.298 dnorm=8.340 nan=0
2026-10-04 01:24:53,747 epoch=133 step=1200 loss_G=2.1569 loss_D_A=0.0841 loss_D_B=0.0480 cycle=0.0919 idt=0.0513 gnorm=20.913 dnorm=4.217 nan=0
2026-10-04 01:25:08,661 epoch=133 step=1300 loss_G=1.8553 loss_D_A=0.0388 loss_D_B=0.0899 cycle=0.1164 idt=0.0709 gnorm=27.139 dnorm=4.908 nan=0
2026-10-04 01:25:24,126 epoch=133 step=1400 loss_G=3.1824 loss_D_A=0.1673 loss_D_B=0.0874 cycle=0.1162 idt=0.1116 gnorm=41.084 dnorm=6.560 nan=0
2026-10-04 01:25:38,971 epoch=133 step=1500 loss_G=1.9261 loss_D_A=0.1260 loss_D_B=0.2138 cycle=0.0805 idt=0.0549 gnorm=24.756 dnorm=6.919 nan=0
2026-10-04 01:25:54,238 epoch=133 step=1600 loss_G=2.2553 loss_D_A=0.2289 loss_D_B=0.1852 cycle=0.0884 idt=0.0798 gnorm=36.456 dnorm=8.658 nan=0
2026-10-04 01:26:09,511 epoch=133 step=1700 loss_G=2.6131 loss_D_A=0.1800 loss_D_B=0.1607 cycle=0.0868 idt=0.0663 gnorm=26.215 dnorm=6.600 nan=0
2026-10-04 01:26:24,829 epoch=133 step=1800 loss_G=2.7581 loss_D_A=0.0714 loss_D_B=0.2007 cycle=0.1105 idt=0.0663 gnorm=35.934 dnorm=8.626 nan=0
2026-10-04 01:26:39,695 epoch=133 step=1900 loss_G=1.9721 loss_D_A=0.2810 loss_D_B=0.1365 cycle=0.0988 idt=0.0903 gnorm=29.780 dnorm=6.144 nan=0
2026-10-04 01:26:55,108 epoch=133 step=2000 loss_G=1.9656 loss_D_A=0.0678 loss_D_B=0.1868 cycle=0.0961 idt=0.0746 gnorm=15.256 dnorm=4.954 nan=0
2026-10-04 01:27:09,966 epoch=133 step=2100 loss_G=2.4861 loss_D_A=0.1950 loss_D_B=0.1828 cycle=0.1138 idt=0.0768 gnorm=35.455 dnorm=8.555 nan=0
2026-10-04 01:27:25,478 epoch=133 step=2200 loss_G=2.2030 loss_D_A=0.1585 loss_D_B=0.1944 cycle=0.1085 idt=0.0915 gnorm=22.464 dnorm=6.106 nan=0
2026-10-04 01:27:40,708 epoch=133 step=2300 loss_G=2.5273 loss_D_A=0.1776 loss_D_B=0.1846 cycle=0.0868 idt=0.0632 gnorm=32.967 dnorm=7.406 nan=0
2026-10-04 01:27:56,122 epoch=133 step=2400 loss_G=1.7962 loss_D_A=0.3742 loss_D_B=0.0342 cycle=0.0779 idt=0.0737 gnorm=25.863 dnorm=8.034 nan=0
2026-10-04 01:28:11,611 epoch=133 step=2500 loss_G=2.6705 loss_D_A=0.1018 loss_D_B=0.2308 cycle=0.1144 idt=0.0665 gnorm=40.327 dnorm=6.370 nan=0
2026-10-04 01:28:26,742 epoch=133 step=2600 loss_G=2.2317 loss_D_A=0.2129 loss_D_B=0.1997 cycle=0.1097 idt=0.0529 gnorm=36.771 dnorm=10.782 nan=0
2026-10-04 01:28:41,882 epoch=133 step=2700 loss_G=1.9584 loss_D_A=0.1433 loss_D_B=0.2648 cycle=0.1129 idt=0.0686 gnorm=27.594 dnorm=6.591 nan=0
2026-10-04 01:28:57,035 epoch=133 step=2800 loss_G=2.6144 loss_D_A=0.2979 loss_D_B=0.3107 cycle=0.1022 idt=0.0651 gnorm=28.744 dnorm=10.862 nan=0
2026-10-04 01:29:12,369 epoch=133 step=2900 loss_G=2.9082 loss_D_A=0.1931 loss_D_B=0.0393 cycle=0.0421 idt=0.0312 gnorm=54.265 dnorm=7.719 nan=0
2026-10-04 01:29:26,823 epoch=133 step=3000 loss_G=2.4408 loss_D_A=0.0705 loss_D_B=0.1520 cycle=0.1204 idt=0.0726 gnorm=32.028 dnorm=4.689 nan=0
2026-10-04 01:29:41,958 epoch=133 step=3100 loss_G=2.6333 loss_D_A=0.1400 loss_D_B=0.2008 cycle=0.0946 idt=0.0805 gnorm=40.063 dnorm=9.210 nan=0
2026-10-04 01:29:57,177 epoch=133 step=3200 loss_G=2.4264 loss_D_A=0.1528 loss_D_B=0.0916 cycle=0.1517 idt=0.0498 gnorm=44.711 dnorm=4.932 nan=0
2026-10-04 01:30:12,548 epoch=133 step=3300 loss_G=2.0502 loss_D_A=0.1557 loss_D_B=0.1268 cycle=0.0920 idt=0.0590 gnorm=33.635 dnorm=7.294 nan=0
2026-10-04 01:30:27,977 epoch=133 step=3400 loss_G=2.7857 loss_D_A=0.1517 loss_D_B=0.1808 cycle=0.1160 idt=0.1162 gnorm=42.637 dnorm=7.670 nan=0
2026-10-04 01:30:43,337 epoch=133 step=3500 loss_G=2.8173 loss_D_A=0.1050 loss_D_B=0.1637 cycle=0.1541 idt=0.0570 gnorm=46.404 dnorm=7.438 nan=0
2026-10-04 01:30:58,681 epoch=133 step=3600 loss_G=2.1673 loss_D_A=0.1305 loss_D_B=0.0342 cycle=0.1156 idt=0.0495 gnorm=37.601 dnorm=5.603 nan=0
2026-10-04 01:31:13,867 epoch=133 step=3700 loss_G=2.1943 loss_D_A=0.2136 loss_D_B=0.1867 cycle=0.1084 idt=0.0560 gnorm=32.032 dnorm=8.839 nan=0
2026-10-04 01:31:28,970 epoch=133 step=3800 loss_G=2.6767 loss_D_A=0.0833 loss_D_B=0.2414 cycle=0.0939 idt=0.0578 gnorm=25.829 dnorm=6.529 nan=0
2026-10-04 01:31:44,254 epoch=133 step=3900 loss_G=2.1604 loss_D_A=0.0993 loss_D_B=0.4797 cycle=0.0896 idt=0.0647 gnorm=23.635 dnorm=13.196 nan=0
2026-10-04 01:31:59,638 epoch=133 step=4000 loss_G=2.2244 loss_D_A=0.3952 loss_D_B=0.1645 cycle=0.1054 idt=0.0650 gnorm=37.422 dnorm=15.751 nan=0
2026-10-04 01:32:14,999 epoch=133 step=4100 loss_G=2.6289 loss_D_A=0.1196 loss_D_B=0.1967 cycle=0.0881 idt=0.1003 gnorm=19.616 dnorm=6.322 nan=0
2026-10-04 01:32:30,317 epoch=133 step=4200 loss_G=2.0822 loss_D_A=0.0958 loss_D_B=0.1430 cycle=0.0930 idt=0.0841 gnorm=27.289 dnorm=7.831 nan=0
2026-10-04 01:32:45,321 epoch=133 step=4300 loss_G=3.2290 loss_D_A=0.1565 loss_D_B=0.1352 cycle=0.1442 idt=0.1113 gnorm=39.320 dnorm=6.135 nan=0
2026-10-04 01:33:00,398 epoch=133 step=4400 loss_G=2.7612 loss_D_A=0.0318 loss_D_B=0.1060 cycle=0.1397 idt=0.1077 gnorm=45.161 dnorm=5.079 nan=0
2026-10-04 01:33:15,863 epoch=133 step=4500 loss_G=2.7139 loss_D_A=0.1483 loss_D_B=0.1937 cycle=0.0905 idt=0.0703 gnorm=24.987 dnorm=7.010 nan=0
2026-10-04 01:33:30,970 epoch=133 step=4600 loss_G=1.9521 loss_D_A=0.0507 loss_D_B=0.1727 cycle=0.0896 idt=0.0806 gnorm=31.188 dnorm=10.186 nan=0
2026-10-04 01:33:46,289 epoch=133 step=4700 loss_G=1.5595 loss_D_A=0.1988 loss_D_B=0.1835 cycle=0.0781 idt=0.0694 gnorm=27.891 dnorm=5.447 nan=0
2026-10-04 01:34:01,698 epoch=133 step=4800 loss_G=1.5640 loss_D_A=0.1031 loss_D_B=0.1433 cycle=0.0764 idt=0.0639 gnorm=25.031 dnorm=5.711 nan=0
2026-10-04 01:34:17,069 epoch=133 step=4900 loss_G=2.7179 loss_D_A=0.1861 loss_D_B=0.3735 cycle=0.0820 idt=0.1354 gnorm=25.673 dnorm=6.108 nan=0
2026-10-04 01:34:32,378 epoch=133 step=5000 loss_G=1.7365 loss_D_A=0.1548 loss_D_B=0.1619 cycle=0.0778 idt=0.0447 gnorm=30.619 dnorm=7.142 nan=0
2026-10-04 01:34:47,691 epoch=133 step=5100 loss_G=2.5951 loss_D_A=0.0292 loss_D_B=0.2858 cycle=0.0990 idt=0.0742 gnorm=25.506 dnorm=5.788 nan=0
2026-10-04 01:35:03,039 epoch=133 step=5200 loss_G=1.7908 loss_D_A=0.0635 loss_D_B=0.3175 cycle=0.0991 idt=0.0787 gnorm=18.851 dnorm=11.237 nan=0
2026-10-04 01:35:18,087 epoch=133 step=5300 loss_G=3.2290 loss_D_A=0.0440 loss_D_B=0.1157 cycle=0.1081 idt=0.1227 gnorm=24.463 dnorm=5.450 nan=0
2026-10-04 01:35:33,827 epoch=133 step=5400 loss_G=2.5424 loss_D_A=0.1256 loss_D_B=0.1611 cycle=0.1073 idt=0.0514 gnorm=30.813 dnorm=10.829 nan=0
2026-10-04 01:35:48,705 epoch=133 step=5500 loss_G=2.1011 loss_D_A=0.0741 loss_D_B=0.0951 cycle=0.0933 idt=0.0679 gnorm=20.878 dnorm=4.947 nan=0
2026-10-04 01:36:04,089 epoch=133 step=5600 loss_G=2.7215 loss_D_A=0.0570 loss_D_B=0.0832 cycle=0.1024 idt=0.0907 gnorm=25.253 dnorm=3.819 nan=0
2026-10-04 01:36:19,457 epoch=133 step=5700 loss_G=1.9070 loss_D_A=0.3265 loss_D_B=0.2024 cycle=0.0993 idt=0.0825 gnorm=30.976 dnorm=8.568 nan=0
2026-10-04 01:36:34,769 epoch=133 step=5800 loss_G=1.9268 loss_D_A=0.1040 loss_D_B=0.0513 cycle=0.1060 idt=0.0743 gnorm=29.183 dnorm=3.922 nan=0
2026-10-04 01:36:50,149 epoch=133 step=5900 loss_G=1.9136 loss_D_A=0.3327 loss_D_B=0.2857 cycle=0.0843 idt=0.0777 gnorm=29.742 dnorm=8.450 nan=0
2026-10-04 01:37:05,475 epoch=133 step=6000 loss_G=2.0986 loss_D_A=0.1103 loss_D_B=0.0995 cycle=0.0766 idt=0.0574 gnorm=12.572 dnorm=5.179 nan=0
2026-10-04 01:37:20,756 epoch=133 step=6100 loss_G=1.4572 loss_D_A=0.2496 loss_D_B=0.1436 cycle=0.0798 idt=0.0547 gnorm=15.286 dnorm=10.740 nan=0
2026-10-04 01:37:36,114 epoch=133 step=6200 loss_G=2.8723 loss_D_A=0.1283 loss_D_B=0.1548 cycle=0.1181 idt=0.1074 gnorm=30.892 dnorm=5.549 nan=0
2026-10-04 01:37:51,422 epoch=133 step=6300 loss_G=1.8236 loss_D_A=0.3078 loss_D_B=0.1572 cycle=0.0768 idt=0.0670 gnorm=25.242 dnorm=11.263 nan=0
2026-10-04 01:38:06,710 epoch=133 step=6400 loss_G=1.4691 loss_D_A=0.0627 loss_D_B=0.1825 cycle=0.0774 idt=0.0481 gnorm=17.798 dnorm=4.970 nan=0
2026-10-04 01:38:12,576 epoch_mean={'g': 2.2627098744757688, 'd_a': 0.16610129037307783, 'd_b': 0.17856802915186198, 'cycle': 0.09661536262656784, 'identity': 0.07157038546156609, 'epoch': 133}
2026-10-04 01:38:13,176 epoch=134 step=1 loss_G=1.9359 loss_D_A=0.1249 loss_D_B=0.2316 cycle=0.0877 idt=0.0649 gnorm=26.836 dnorm=7.305 nan=0
2026-10-04 01:38:28,179 epoch=134 step=100 loss_G=2.3848 loss_D_A=0.2201 loss_D_B=0.1722 cycle=0.1002 idt=0.0685 gnorm=33.298 dnorm=8.496 nan=0
2026-10-04 01:38:43,295 epoch=134 step=200 loss_G=2.9976 loss_D_A=0.0591 loss_D_B=0.2815 cycle=0.1421 idt=0.1199 gnorm=35.386 dnorm=8.901 nan=0
2026-10-04 01:38:58,514 epoch=134 step=300 loss_G=2.9578 loss_D_A=0.2580 loss_D_B=0.3349 cycle=0.1106 idt=0.0929 gnorm=33.946 dnorm=11.244 nan=0
2026-10-04 01:39:13,151 epoch=134 step=400 loss_G=2.1781 loss_D_A=0.0902 loss_D_B=0.1202 cycle=0.0978 idt=0.0588 gnorm=27.902 dnorm=5.096 nan=0
2026-10-04 01:39:28,556 epoch=134 step=500 loss_G=2.2653 loss_D_A=0.0589 loss_D_B=0.1967 cycle=0.1011 idt=0.0479 gnorm=32.980 dnorm=5.495 nan=0
2026-10-04 01:39:43,845 epoch=134 step=600 loss_G=1.7098 loss_D_A=0.0831 loss_D_B=0.0612 cycle=0.0851 idt=0.0693 gnorm=21.786 dnorm=3.721 nan=0
2026-10-04 01:39:58,582 epoch=134 step=700 loss_G=2.6008 loss_D_A=0.1747 loss_D_B=0.1604 cycle=0.1395 idt=0.0587 gnorm=39.069 dnorm=7.959 nan=0
2026-10-04 01:40:12,910 epoch=134 step=800 loss_G=3.7014 loss_D_A=0.2231 loss_D_B=0.1355 cycle=0.1824 idt=0.2199 gnorm=40.486 dnorm=7.978 nan=0
2026-10-04 01:40:28,050 epoch=134 step=900 loss_G=2.0355 loss_D_A=0.1101 loss_D_B=0.1603 cycle=0.1026 idt=0.0839 gnorm=37.683 dnorm=7.695 nan=0
2026-10-04 01:40:43,183 epoch=134 step=1000 loss_G=2.1608 loss_D_A=0.2716 loss_D_B=0.1781 cycle=0.1048 idt=0.0893 gnorm=22.964 dnorm=8.990 nan=0
2026-10-04 01:40:58,383 epoch=134 step=1100 loss_G=2.3063 loss_D_A=0.3983 loss_D_B=0.1595 cycle=0.0996 idt=0.0684 gnorm=22.953 dnorm=8.447 nan=0
2026-10-04 01:41:13,574 epoch=134 step=1200 loss_G=2.5863 loss_D_A=0.2915 loss_D_B=0.1487 cycle=0.1190 idt=0.0651 gnorm=33.574 dnorm=7.760 nan=0
2026-10-04 01:41:28,841 epoch=134 step=1300 loss_G=1.9170 loss_D_A=0.0845 loss_D_B=0.1711 cycle=0.0834 idt=0.0526 gnorm=33.789 dnorm=7.479 nan=0
2026-10-04 01:41:44,183 epoch=134 step=1400 loss_G=2.4867 loss_D_A=0.2830 loss_D_B=0.2181 cycle=0.1096 idt=0.0665 gnorm=33.707 dnorm=6.453 nan=0
2026-10-04 01:41:59,245 epoch=134 step=1500 loss_G=2.7962 loss_D_A=0.1667 loss_D_B=0.1196 cycle=0.1018 idt=0.0667 gnorm=32.132 dnorm=7.231 nan=0
2026-10-04 01:42:14,224 epoch=134 step=1600 loss_G=2.3024 loss_D_A=0.0645 loss_D_B=0.1262 cycle=0.0712 idt=0.0802 gnorm=33.139 dnorm=5.619 nan=0
2026-10-04 01:42:29,416 epoch=134 step=1700 loss_G=3.9695 loss_D_A=0.2282 loss_D_B=0.2023 cycle=0.2184 idt=0.1258 gnorm=54.442 dnorm=7.882 nan=0
2026-10-04 01:42:44,550 epoch=134 step=1800 loss_G=2.1115 loss_D_A=0.0753 loss_D_B=0.1345 cycle=0.0752 idt=0.0543 gnorm=21.274 dnorm=6.030 nan=0
2026-10-04 01:42:59,802 epoch=134 step=1900 loss_G=2.4301 loss_D_A=0.0902 loss_D_B=0.3471 cycle=0.0841 idt=0.0695 gnorm=22.088 dnorm=9.813 nan=0
2026-10-04 01:43:15,134 epoch=134 step=2000 loss_G=2.1500 loss_D_A=0.1918 loss_D_B=0.3107 cycle=0.0932 idt=0.0933 gnorm=19.904 dnorm=6.467 nan=0
2026-10-04 01:43:30,324 epoch=134 step=2100 loss_G=1.9388 loss_D_A=0.0758 loss_D_B=0.2824 cycle=0.1022 idt=0.0627 gnorm=17.382 dnorm=6.656 nan=0
2026-10-04 01:43:45,282 epoch=134 step=2200 loss_G=2.0631 loss_D_A=0.2171 loss_D_B=0.1495 cycle=0.1038 idt=0.0703 gnorm=19.506 dnorm=6.489 nan=0
2026-10-04 01:44:00,306 epoch=134 step=2300 loss_G=1.8323 loss_D_A=0.0370 loss_D_B=0.1709 cycle=0.0772 idt=0.0526 gnorm=11.176 dnorm=6.488 nan=0
2026-10-04 01:44:14,869 epoch=134 step=2400 loss_G=1.9590 loss_D_A=0.1950 loss_D_B=0.1529 cycle=0.0863 idt=0.0503 gnorm=21.863 dnorm=6.216 nan=0
2026-10-04 01:44:29,605 epoch=134 step=2500 loss_G=1.9427 loss_D_A=0.3733 loss_D_B=0.1273 cycle=0.0882 idt=0.0697 gnorm=28.330 dnorm=12.218 nan=0
2026-10-04 01:44:44,589 epoch=134 step=2600 loss_G=1.8483 loss_D_A=0.1184 loss_D_B=0.3166 cycle=0.0846 idt=0.0696 gnorm=24.076 dnorm=8.713 nan=0
2026-10-04 01:44:59,631 epoch=134 step=2700 loss_G=2.6732 loss_D_A=0.0581 loss_D_B=0.0465 cycle=0.0988 idt=0.0629 gnorm=25.723 dnorm=4.173 nan=0
2026-10-04 01:45:14,908 epoch=134 step=2800 loss_G=2.1394 loss_D_A=0.0943 loss_D_B=0.1395 cycle=0.0960 idt=0.0746 gnorm=32.057 dnorm=6.866 nan=0
2026-10-04 01:45:30,093 epoch=134 step=2900 loss_G=2.0129 loss_D_A=0.1502 loss_D_B=0.0672 cycle=0.0941 idt=0.0576 gnorm=24.502 dnorm=5.243 nan=0
2026-10-04 01:45:45,403 epoch=134 step=3000 loss_G=3.1255 loss_D_A=0.2463 loss_D_B=0.1900 cycle=0.0989 idt=0.1475 gnorm=37.889 dnorm=6.829 nan=0
2026-10-04 01:46:00,582 epoch=134 step=3100 loss_G=2.0910 loss_D_A=0.1101 loss_D_B=0.1194 cycle=0.0787 idt=0.0569 gnorm=17.944 dnorm=5.756 nan=0
2026-10-04 01:46:16,299 epoch=134 step=3200 loss_G=2.6178 loss_D_A=0.4690 loss_D_B=0.1070 cycle=0.1206 idt=0.1139 gnorm=27.250 dnorm=13.452 nan=0
2026-10-04 01:46:31,638 epoch=134 step=3300 loss_G=2.5304 loss_D_A=0.1479 loss_D_B=0.0942 cycle=0.0911 idt=0.0634 gnorm=34.772 dnorm=4.873 nan=0
2026-10-04 01:46:46,723 epoch=134 step=3400 loss_G=2.2298 loss_D_A=0.1237 loss_D_B=0.0475 cycle=0.0930 idt=0.0629 gnorm=19.751 dnorm=6.236 nan=0
2026-10-04 01:47:01,939 epoch=134 step=3500 loss_G=2.1163 loss_D_A=0.1656 loss_D_B=0.2440 cycle=0.0982 idt=0.0529 gnorm=28.950 dnorm=13.332 nan=0
2026-10-04 01:47:17,256 epoch=134 step=3600 loss_G=2.4133 loss_D_A=0.0518 loss_D_B=0.1564 cycle=0.1091 idt=0.0747 gnorm=37.313 dnorm=6.635 nan=0
2026-10-04 01:47:32,525 epoch=134 step=3700 loss_G=1.6468 loss_D_A=0.1192 loss_D_B=0.0645 cycle=0.0782 idt=0.0653 gnorm=32.228 dnorm=5.546 nan=0
2026-10-04 01:47:47,836 epoch=134 step=3800 loss_G=2.7337 loss_D_A=0.1219 loss_D_B=0.0506 cycle=0.1456 idt=0.0907 gnorm=47.903 dnorm=6.872 nan=0
2026-10-04 01:48:02,970 epoch=134 step=3900 loss_G=1.8704 loss_D_A=0.2579 loss_D_B=0.1179 cycle=0.0782 idt=0.0703 gnorm=38.841 dnorm=7.293 nan=0
2026-10-04 01:48:18,273 epoch=134 step=4000 loss_G=2.3385 loss_D_A=0.1884 loss_D_B=0.1904 cycle=0.0932 idt=0.0570 gnorm=30.649 dnorm=7.753 nan=0
2026-10-04 01:48:33,158 epoch=134 step=4100 loss_G=2.4900 loss_D_A=0.1664 loss_D_B=0.3604 cycle=0.0891 idt=0.0718 gnorm=19.614 dnorm=7.670 nan=0
2026-10-04 01:48:48,096 epoch=134 step=4200 loss_G=2.5459 loss_D_A=0.1291 loss_D_B=0.1864 cycle=0.1058 idt=0.0787 gnorm=38.191 dnorm=6.425 nan=0
2026-10-04 01:49:03,426 epoch=134 step=4300 loss_G=2.0272 loss_D_A=0.2206 loss_D_B=0.2500 cycle=0.0987 idt=0.0642 gnorm=18.016 dnorm=7.660 nan=0
2026-10-04 01:49:18,351 epoch=134 step=4400 loss_G=2.2140 loss_D_A=0.2212 loss_D_B=0.0496 cycle=0.1188 idt=0.0729 gnorm=22.277 dnorm=7.499 nan=0
2026-10-04 01:49:33,662 epoch=134 step=4500 loss_G=1.2979 loss_D_A=0.2261 loss_D_B=0.1080 cycle=0.0791 idt=0.0562 gnorm=15.052 dnorm=6.261 nan=0
2026-10-04 01:49:48,334 epoch=134 step=4600 loss_G=1.9190 loss_D_A=0.1459 loss_D_B=0.2039 cycle=0.0950 idt=0.0650 gnorm=34.337 dnorm=6.184 nan=0
2026-10-04 01:50:03,549 epoch=134 step=4700 loss_G=2.8449 loss_D_A=0.0733 loss_D_B=0.0825 cycle=0.1099 idt=0.0835 gnorm=34.186 dnorm=3.819 nan=0
2026-10-04 01:50:18,899 epoch=134 step=4800 loss_G=2.1107 loss_D_A=0.1545 loss_D_B=0.1676 cycle=0.0924 idt=0.0599 gnorm=26.639 dnorm=6.143 nan=0
2026-10-04 01:50:34,193 epoch=134 step=4900 loss_G=2.9028 loss_D_A=0.0882 loss_D_B=0.0677 cycle=0.1492 idt=0.1304 gnorm=52.329 dnorm=4.304 nan=0
2026-10-04 01:50:49,524 epoch=134 step=5000 loss_G=1.8375 loss_D_A=0.3014 loss_D_B=0.1230 cycle=0.0780 idt=0.1087 gnorm=26.405 dnorm=8.343 nan=0
2026-10-04 01:51:04,855 epoch=134 step=5100 loss_G=1.9123 loss_D_A=0.1081 loss_D_B=0.1130 cycle=0.0898 idt=0.0562 gnorm=15.985 dnorm=6.668 nan=0
2026-10-04 01:51:20,104 epoch=134 step=5200 loss_G=2.1581 loss_D_A=0.1234 loss_D_B=0.1077 cycle=0.0957 idt=0.0585 gnorm=27.285 dnorm=6.060 nan=0
2026-10-04 01:51:35,436 epoch=134 step=5300 loss_G=2.7887 loss_D_A=0.2022 loss_D_B=0.0664 cycle=0.1437 idt=0.1114 gnorm=38.895 dnorm=6.335 nan=0
2026-10-04 01:51:50,787 epoch=134 step=5400 loss_G=1.4893 loss_D_A=0.1737 loss_D_B=0.1962 cycle=0.0623 idt=0.0549 gnorm=22.156 dnorm=7.868 nan=0
2026-10-04 01:52:06,011 epoch=134 step=5500 loss_G=3.1708 loss_D_A=0.0998 loss_D_B=0.1475 cycle=0.1595 idt=0.1416 gnorm=44.793 dnorm=6.736 nan=0
2026-10-04 01:52:21,386 epoch=134 step=5600 loss_G=2.2492 loss_D_A=0.1372 loss_D_B=0.1436 cycle=0.0814 idt=0.0525 gnorm=33.340 dnorm=5.018 nan=0
2026-10-04 01:52:36,462 epoch=134 step=5700 loss_G=2.0497 loss_D_A=0.2265 loss_D_B=0.1079 cycle=0.0918 idt=0.0673 gnorm=32.380 dnorm=5.401 nan=0
2026-10-04 01:52:51,780 epoch=134 step=5800 loss_G=1.8033 loss_D_A=0.1790 loss_D_B=0.0527 cycle=0.0930 idt=0.0777 gnorm=29.723 dnorm=5.456 nan=0
2026-10-04 01:53:07,065 epoch=134 step=5900 loss_G=3.4643 loss_D_A=0.0894 loss_D_B=0.1760 cycle=0.1444 idt=0.0779 gnorm=36.990 dnorm=6.938 nan=0
2026-10-04 01:53:22,330 epoch=134 step=6000 loss_G=1.9360 loss_D_A=0.4179 loss_D_B=0.2374 cycle=0.0972 idt=0.0523 gnorm=27.276 dnorm=8.929 nan=0
2026-10-04 01:53:37,641 epoch=134 step=6100 loss_G=2.0072 loss_D_A=0.1218 loss_D_B=0.1455 cycle=0.0778 idt=0.0462 gnorm=17.384 dnorm=6.490 nan=0
2026-10-04 01:53:52,951 epoch=134 step=6200 loss_G=1.8836 loss_D_A=0.2091 loss_D_B=0.0748 cycle=0.0740 idt=0.0686 gnorm=28.364 dnorm=10.910 nan=0
2026-10-04 01:54:08,344 epoch=134 step=6300 loss_G=2.3111 loss_D_A=0.2583 loss_D_B=0.2005 cycle=0.0845 idt=0.0628 gnorm=15.028 dnorm=8.758 nan=0
2026-10-04 01:54:23,662 epoch=134 step=6400 loss_G=2.7749 loss_D_A=0.0303 loss_D_B=0.0580 cycle=0.0856 idt=0.0623 gnorm=33.347 dnorm=3.826 nan=0
2026-10-04 01:54:29,507 epoch_mean={'g': 2.251188772959382, 'd_a': 0.16814271631208255, 'd_b': 0.17793117024284522, 'cycle': 0.09615682155754893, 'identity': 0.07133882539766329, 'epoch': 134}
2026-10-04 01:54:30,121 epoch=135 step=1 loss_G=1.5340 loss_D_A=0.0681 loss_D_B=0.2454 cycle=0.0774 idt=0.0481 gnorm=18.725 dnorm=5.091 nan=0
2026-10-04 01:54:45,092 epoch=135 step=100 loss_G=5.1680 loss_D_A=0.0861 loss_D_B=0.1089 cycle=0.2347 idt=0.2800 gnorm=47.010 dnorm=4.687 nan=0
2026-10-04 01:55:00,471 epoch=135 step=200 loss_G=1.9523 loss_D_A=0.0486 loss_D_B=0.3137 cycle=0.0917 idt=0.0639 gnorm=19.424 dnorm=12.768 nan=0
2026-10-04 01:55:15,859 epoch=135 step=300 loss_G=2.4203 loss_D_A=0.0735 loss_D_B=0.2702 cycle=0.1037 idt=0.0784 gnorm=22.884 dnorm=6.025 nan=0
2026-10-04 01:55:31,139 epoch=135 step=400 loss_G=2.1718 loss_D_A=0.1188 loss_D_B=0.2043 cycle=0.1167 idt=0.0718 gnorm=31.287 dnorm=6.225 nan=0
2026-10-04 01:55:46,511 epoch=135 step=500 loss_G=1.7376 loss_D_A=0.0527 loss_D_B=0.2846 cycle=0.0764 idt=0.0910 gnorm=24.982 dnorm=7.723 nan=0
2026-10-04 01:56:01,843 epoch=135 step=600 loss_G=2.1561 loss_D_A=0.2732 loss_D_B=0.1662 cycle=0.0790 idt=0.0578 gnorm=23.294 dnorm=11.466 nan=0
2026-10-04 01:56:17,131 epoch=135 step=700 loss_G=1.6533 loss_D_A=0.1860 loss_D_B=0.1611 cycle=0.0818 idt=0.0644 gnorm=24.947 dnorm=8.155 nan=0
2026-10-04 01:56:32,420 epoch=135 step=800 loss_G=1.7000 loss_D_A=0.2874 loss_D_B=0.2536 cycle=0.0775 idt=0.0593 gnorm=16.533 dnorm=9.634 nan=0
2026-10-04 01:56:47,281 epoch=135 step=900 loss_G=1.9166 loss_D_A=0.1082 loss_D_B=0.1345 cycle=0.0869 idt=0.0676 gnorm=26.059 dnorm=4.920 nan=0
2026-10-04 01:57:02,573 epoch=135 step=1000 loss_G=2.8075 loss_D_A=0.1178 loss_D_B=0.2018 cycle=0.0904 idt=0.0597 gnorm=23.454 dnorm=7.118 nan=0
2026-10-04 01:57:17,866 epoch=135 step=1100 loss_G=2.3088 loss_D_A=0.1670 loss_D_B=0.2487 cycle=0.1091 idt=0.0552 gnorm=28.541 dnorm=10.423 nan=0
2026-10-04 01:57:33,229 epoch=135 step=1200 loss_G=1.7984 loss_D_A=0.1774 loss_D_B=0.2198 cycle=0.0863 idt=0.0616 gnorm=35.956 dnorm=7.292 nan=0
2026-10-04 01:57:48,355 epoch=135 step=1300 loss_G=3.5474 loss_D_A=0.1090 loss_D_B=0.1848 cycle=0.1182 idt=0.1534 gnorm=31.764 dnorm=6.335 nan=0
2026-10-04 01:58:03,632 epoch=135 step=1400 loss_G=2.2966 loss_D_A=0.1359 loss_D_B=0.3754 cycle=0.1022 idt=0.0669 gnorm=38.068 dnorm=10.060 nan=0
2026-10-04 01:58:18,932 epoch=135 step=1500 loss_G=2.6307 loss_D_A=0.2391 loss_D_B=0.0701 cycle=0.1495 idt=0.1113 gnorm=36.757 dnorm=6.640 nan=0
2026-10-04 01:58:34,197 epoch=135 step=1600 loss_G=2.1921 loss_D_A=0.0553 loss_D_B=0.2036 cycle=0.0891 idt=0.0558 gnorm=19.267 dnorm=9.008 nan=0
2026-10-04 01:58:49,516 epoch=135 step=1700 loss_G=2.3804 loss_D_A=0.2367 loss_D_B=0.1843 cycle=0.1096 idt=0.0788 gnorm=24.917 dnorm=7.396 nan=0
2026-10-04 01:59:04,871 epoch=135 step=1800 loss_G=1.8791 loss_D_A=0.3122 loss_D_B=0.1958 cycle=0.0907 idt=0.0588 gnorm=19.966 dnorm=8.272 nan=0
2026-10-04 01:59:20,187 epoch=135 step=1900 loss_G=1.8775 loss_D_A=0.0803 loss_D_B=0.1454 cycle=0.1075 idt=0.0502 gnorm=31.322 dnorm=6.584 nan=0
2026-10-04 01:59:34,993 epoch=135 step=2000 loss_G=1.9624 loss_D_A=0.1291 loss_D_B=0.1089 cycle=0.0847 idt=0.0655 gnorm=21.221 dnorm=4.733 nan=0
2026-10-04 01:59:50,272 epoch=135 step=2100 loss_G=2.3409 loss_D_A=0.2323 loss_D_B=0.0880 cycle=0.0986 idt=0.0538 gnorm=33.669 dnorm=5.975 nan=0
2026-10-04 02:00:05,571 epoch=135 step=2200 loss_G=3.4308 loss_D_A=0.0652 loss_D_B=0.1208 cycle=0.1385 idt=0.1169 gnorm=35.396 dnorm=5.311 nan=0
2026-10-04 02:00:20,900 epoch=135 step=2300 loss_G=2.0943 loss_D_A=0.0921 loss_D_B=0.0340 cycle=0.0577 idt=0.0796 gnorm=22.078 dnorm=3.574 nan=0
2026-10-04 02:00:36,208 epoch=135 step=2400 loss_G=1.6460 loss_D_A=0.1125 loss_D_B=0.1439 cycle=0.0726 idt=0.0666 gnorm=20.924 dnorm=7.011 nan=0
2026-10-04 02:00:51,323 epoch=135 step=2500 loss_G=2.5614 loss_D_A=0.2083 loss_D_B=0.1624 cycle=0.0739 idt=0.0433 gnorm=19.398 dnorm=9.426 nan=0
2026-10-04 02:01:06,595 epoch=135 step=2600 loss_G=2.6829 loss_D_A=0.0444 loss_D_B=0.2472 cycle=0.1238 idt=0.1000 gnorm=39.542 dnorm=4.603 nan=0
2026-10-04 02:01:21,977 epoch=135 step=2700 loss_G=2.5328 loss_D_A=0.3579 loss_D_B=0.1338 cycle=0.1092 idt=0.0589 gnorm=25.264 dnorm=10.201 nan=0
2026-10-04 02:01:37,223 epoch=135 step=2800 loss_G=2.1777 loss_D_A=0.2081 loss_D_B=0.1243 cycle=0.0694 idt=0.0447 gnorm=20.911 dnorm=10.376 nan=0
2026-10-04 02:01:52,289 epoch=135 step=2900 loss_G=1.9276 loss_D_A=0.0791 loss_D_B=0.1902 cycle=0.1068 idt=0.0701 gnorm=40.663 dnorm=8.507 nan=0
2026-10-04 02:02:07,632 epoch=135 step=3000 loss_G=5.2415 loss_D_A=0.2753 loss_D_B=0.0929 cycle=0.3187 idt=0.2877 gnorm=49.564 dnorm=9.462 nan=0
2026-10-04 02:02:22,669 epoch=135 step=3100 loss_G=2.2265 loss_D_A=0.1450 loss_D_B=0.1423 cycle=0.1001 idt=0.0713 gnorm=41.193 dnorm=6.724 nan=0
2026-10-04 02:02:37,904 epoch=135 step=3200 loss_G=2.7552 loss_D_A=0.1404 loss_D_B=0.1778 cycle=0.1164 idt=0.0881 gnorm=33.597 dnorm=7.295 nan=0
2026-10-04 02:02:53,282 epoch=135 step=3300 loss_G=2.3399 loss_D_A=0.1818 loss_D_B=0.1514 cycle=0.0846 idt=0.0568 gnorm=22.318 dnorm=7.307 nan=0
2026-10-04 02:03:08,615 epoch=135 step=3400 loss_G=2.3500 loss_D_A=0.2149 loss_D_B=0.1746 cycle=0.1132 idt=0.0886 gnorm=31.957 dnorm=11.983 nan=0
2026-10-04 02:03:23,891 epoch=135 step=3500 loss_G=2.2842 loss_D_A=0.2163 loss_D_B=0.0616 cycle=0.1036 idt=0.0680 gnorm=22.028 dnorm=6.511 nan=0
2026-10-04 02:03:39,257 epoch=135 step=3600 loss_G=2.2799 loss_D_A=0.2970 loss_D_B=0.1538 cycle=0.0809 idt=0.0815 gnorm=25.927 dnorm=11.055 nan=0
2026-10-04 02:03:54,552 epoch=135 step=3700 loss_G=2.5901 loss_D_A=0.2485 loss_D_B=0.2508 cycle=0.1057 idt=0.0813 gnorm=34.107 dnorm=7.834 nan=0
2026-10-04 02:04:09,848 epoch=135 step=3800 loss_G=1.8909 loss_D_A=0.0842 loss_D_B=0.4861 cycle=0.0917 idt=0.0538 gnorm=37.850 dnorm=14.542 nan=0
2026-10-04 02:04:25,168 epoch=135 step=3900 loss_G=1.9467 loss_D_A=0.2039 loss_D_B=0.1177 cycle=0.0697 idt=0.0535 gnorm=24.044 dnorm=6.349 nan=0
2026-10-04 02:04:40,503 epoch=135 step=4000 loss_G=1.6590 loss_D_A=0.1312 loss_D_B=0.1994 cycle=0.0747 idt=0.0651 gnorm=20.188 dnorm=9.444 nan=0
2026-10-04 02:04:55,771 epoch=135 step=4100 loss_G=2.1449 loss_D_A=0.2523 loss_D_B=0.2621 cycle=0.0723 idt=0.0457 gnorm=17.116 dnorm=10.753 nan=0
2026-10-04 02:05:11,111 epoch=135 step=4200 loss_G=1.5770 loss_D_A=0.2425 loss_D_B=0.2533 cycle=0.0832 idt=0.0555 gnorm=29.308 dnorm=7.887 nan=0
2026-10-04 02:05:26,452 epoch=135 step=4300 loss_G=2.2767 loss_D_A=0.1876 loss_D_B=0.0997 cycle=0.1002 idt=0.0681 gnorm=26.651 dnorm=5.870 nan=0
2026-10-04 02:05:41,682 epoch=135 step=4400 loss_G=2.1446 loss_D_A=0.1928 loss_D_B=0.0994 cycle=0.1151 idt=0.0726 gnorm=30.700 dnorm=6.039 nan=0
2026-10-04 02:05:57,017 epoch=135 step=4500 loss_G=2.3989 loss_D_A=0.2520 loss_D_B=0.1315 cycle=0.1338 idt=0.1051 gnorm=36.673 dnorm=6.762 nan=0
2026-10-04 02:06:12,373 epoch=135 step=4600 loss_G=2.7147 loss_D_A=0.1965 loss_D_B=0.3394 cycle=0.1189 idt=0.0820 gnorm=31.284 dnorm=12.023 nan=0
2026-10-04 02:06:27,655 epoch=135 step=4700 loss_G=1.6057 loss_D_A=0.0824 loss_D_B=0.2073 cycle=0.0807 idt=0.0528 gnorm=19.885 dnorm=6.705 nan=0
2026-10-04 02:06:43,027 epoch=135 step=4800 loss_G=2.1255 loss_D_A=0.1522 loss_D_B=0.1638 cycle=0.0917 idt=0.0653 gnorm=33.124 dnorm=5.850 nan=0
2026-10-04 02:06:58,388 epoch=135 step=4900 loss_G=1.7538 loss_D_A=0.1617 loss_D_B=0.1844 cycle=0.0851 idt=0.0572 gnorm=25.442 dnorm=5.819 nan=0
2026-10-04 02:07:13,367 epoch=135 step=5000 loss_G=2.4319 loss_D_A=0.0571 loss_D_B=0.0570 cycle=0.1057 idt=0.0701 gnorm=31.169 dnorm=4.933 nan=0
2026-10-04 02:07:28,691 epoch=135 step=5100 loss_G=1.5259 loss_D_A=0.2823 loss_D_B=0.1683 cycle=0.0693 idt=0.0415 gnorm=23.334 dnorm=6.423 nan=0
2026-10-04 02:07:44,070 epoch=135 step=5200 loss_G=1.8015 loss_D_A=0.0593 loss_D_B=0.2418 cycle=0.0654 idt=0.0449 gnorm=18.393 dnorm=8.498 nan=0
2026-10-04 02:07:59,344 epoch=135 step=5300 loss_G=2.9021 loss_D_A=0.1493 loss_D_B=0.0756 cycle=0.1104 idt=0.0936 gnorm=28.806 dnorm=8.869 nan=0
2026-10-04 02:08:14,681 epoch=135 step=5400 loss_G=2.1980 loss_D_A=0.0415 loss_D_B=0.0856 cycle=0.0993 idt=0.0782 gnorm=31.141 dnorm=3.748 nan=0
2026-10-04 02:08:29,808 epoch=135 step=5500 loss_G=2.0709 loss_D_A=0.1987 loss_D_B=0.2507 cycle=0.0928 idt=0.0790 gnorm=26.438 dnorm=8.528 nan=0
2026-10-04 02:08:45,078 epoch=135 step=5600 loss_G=2.3068 loss_D_A=0.0793 loss_D_B=0.1700 cycle=0.0790 idt=0.0530 gnorm=21.531 dnorm=5.206 nan=0
2026-10-04 02:09:00,385 epoch=135 step=5700 loss_G=1.7989 loss_D_A=0.0973 loss_D_B=0.3772 cycle=0.0847 idt=0.0721 gnorm=35.745 dnorm=8.335 nan=0
2026-10-04 02:09:15,698 epoch=135 step=5800 loss_G=1.8347 loss_D_A=0.4609 loss_D_B=0.2115 cycle=0.0766 idt=0.0629 gnorm=24.839 dnorm=10.581 nan=0
2026-10-04 02:09:30,770 epoch=135 step=5900 loss_G=2.1181 loss_D_A=0.1699 loss_D_B=0.1009 cycle=0.0835 idt=0.0591 gnorm=22.114 dnorm=6.273 nan=0
2026-10-04 02:09:45,833 epoch=135 step=6000 loss_G=1.6271 loss_D_A=0.2068 loss_D_B=0.1588 cycle=0.0793 idt=0.0561 gnorm=12.098 dnorm=6.020 nan=0
2026-10-04 02:10:01,223 epoch=135 step=6100 loss_G=2.0483 loss_D_A=0.0782 loss_D_B=0.3097 cycle=0.1321 idt=0.0656 gnorm=47.740 dnorm=7.575 nan=0
2026-10-04 02:10:16,102 epoch=135 step=6200 loss_G=2.6107 loss_D_A=0.3963 loss_D_B=0.1266 cycle=0.1347 idt=0.0553 gnorm=24.167 dnorm=8.898 nan=0
2026-10-04 02:10:31,373 epoch=135 step=6300 loss_G=2.0552 loss_D_A=0.0494 loss_D_B=0.1197 cycle=0.0950 idt=0.0707 gnorm=29.848 dnorm=3.326 nan=0
2026-10-04 02:10:46,395 epoch=135 step=6400 loss_G=2.0972 loss_D_A=0.1654 loss_D_B=0.1482 cycle=0.0714 idt=0.0406 gnorm=30.324 dnorm=6.248 nan=0
2026-10-04 02:10:52,166 epoch_mean={'g': 2.246221318975225, 'd_a': 0.1663587984367719, 'd_b': 0.17617912565043492, 'cycle': 0.09507391681653367, 'identity': 0.07132719288186354, 'epoch': 135}
2026-10-04 02:10:52,781 epoch=136 step=1 loss_G=2.0577 loss_D_A=0.1274 loss_D_B=0.3066 cycle=0.0680 idt=0.0527 gnorm=20.745 dnorm=18.786 nan=0
2026-10-04 02:11:07,947 epoch=136 step=100 loss_G=2.0159 loss_D_A=0.1102 loss_D_B=0.1138 cycle=0.0641 idt=0.0612 gnorm=25.634 dnorm=4.775 nan=0
2026-10-04 02:11:23,213 epoch=136 step=200 loss_G=2.2397 loss_D_A=0.1472 loss_D_B=0.0674 cycle=0.0956 idt=0.0650 gnorm=26.044 dnorm=5.378 nan=0
2026-10-04 02:11:38,556 epoch=136 step=300 loss_G=2.8868 loss_D_A=0.0961 loss_D_B=0.0413 cycle=0.1406 idt=0.0838 gnorm=46.833 dnorm=4.660 nan=0
2026-10-04 02:11:54,012 epoch=136 step=400 loss_G=2.1514 loss_D_A=0.1018 loss_D_B=0.1861 cycle=0.1137 idt=0.0777 gnorm=40.379 dnorm=7.809 nan=0
2026-10-04 02:12:09,272 epoch=136 step=500 loss_G=2.3211 loss_D_A=0.0957 loss_D_B=0.0819 cycle=0.1227 idt=0.0739 gnorm=45.744 dnorm=5.293 nan=0
2026-10-04 02:12:24,276 epoch=136 step=600 loss_G=1.8966 loss_D_A=0.2247 loss_D_B=0.0322 cycle=0.0782 idt=0.0516 gnorm=25.537 dnorm=7.020 nan=0
2026-10-04 02:12:39,556 epoch=136 step=700 loss_G=2.5581 loss_D_A=0.1968 loss_D_B=0.0985 cycle=0.1019 idt=0.0820 gnorm=20.139 dnorm=5.836 nan=0
2026-10-04 02:12:54,806 epoch=136 step=800 loss_G=1.8122 loss_D_A=0.1082 loss_D_B=0.0686 cycle=0.0808 idt=0.0430 gnorm=24.122 dnorm=6.633 nan=0
2026-10-04 02:13:09,813 epoch=136 step=900 loss_G=2.2109 loss_D_A=0.1296 loss_D_B=0.0777 cycle=0.0813 idt=0.0702 gnorm=23.455 dnorm=4.486 nan=0
2026-10-04 02:13:25,151 epoch=136 step=1000 loss_G=2.6511 loss_D_A=0.2984 loss_D_B=0.0538 cycle=0.0910 idt=0.0639 gnorm=18.426 dnorm=6.393 nan=0
2026-10-04 02:13:40,235 epoch=136 step=1100 loss_G=2.4072 loss_D_A=0.1097 loss_D_B=0.1354 cycle=0.0892 idt=0.0790 gnorm=26.762 dnorm=6.948 nan=0
2026-10-04 02:13:55,207 epoch=136 step=1200 loss_G=2.1319 loss_D_A=0.0670 loss_D_B=0.0938 cycle=0.0777 idt=0.0493 gnorm=37.328 dnorm=4.121 nan=0
2026-10-04 02:14:10,351 epoch=136 step=1300 loss_G=2.9935 loss_D_A=0.1923 loss_D_B=0.1074 cycle=0.0902 idt=0.0494 gnorm=32.076 dnorm=6.305 nan=0
2026-10-04 02:14:25,660 epoch=136 step=1400 loss_G=1.9521 loss_D_A=0.2235 loss_D_B=0.2554 cycle=0.0926 idt=0.0846 gnorm=22.872 dnorm=7.282 nan=0
2026-10-04 02:14:40,531 epoch=136 step=1500 loss_G=2.3919 loss_D_A=0.1028 loss_D_B=0.3362 cycle=0.0911 idt=0.0558 gnorm=36.655 dnorm=9.562 nan=0
2026-10-04 02:14:55,731 epoch=136 step=1600 loss_G=2.6164 loss_D_A=0.1659 loss_D_B=0.0839 cycle=0.1037 idt=0.0588 gnorm=25.624 dnorm=5.129 nan=0
2026-10-04 02:15:10,982 epoch=136 step=1700 loss_G=2.1923 loss_D_A=0.1573 loss_D_B=0.1938 cycle=0.0689 idt=0.0610 gnorm=26.526 dnorm=7.850 nan=0
2026-10-04 02:15:26,265 epoch=136 step=1800 loss_G=2.6429 loss_D_A=0.3153 loss_D_B=0.1497 cycle=0.1147 idt=0.1309 gnorm=33.476 dnorm=6.867 nan=0
2026-10-04 02:15:41,166 epoch=136 step=1900 loss_G=2.1096 loss_D_A=0.0840 loss_D_B=0.1686 cycle=0.0912 idt=0.0738 gnorm=26.784 dnorm=11.323 nan=0
2026-10-04 02:15:56,162 epoch=136 step=2000 loss_G=2.5704 loss_D_A=0.1387 loss_D_B=0.0894 cycle=0.1135 idt=0.0578 gnorm=44.440 dnorm=6.837 nan=0
2026-10-04 02:16:11,438 epoch=136 step=2100 loss_G=1.7563 loss_D_A=0.1352 loss_D_B=0.1750 cycle=0.0806 idt=0.0495 gnorm=22.502 dnorm=9.358 nan=0
2026-10-04 02:16:26,752 epoch=136 step=2200 loss_G=2.1910 loss_D_A=0.2730 loss_D_B=0.1718 cycle=0.1046 idt=0.0699 gnorm=38.749 dnorm=9.245 nan=0
2026-10-04 02:16:42,021 epoch=136 step=2300 loss_G=1.9526 loss_D_A=0.1471 loss_D_B=0.0956 cycle=0.1011 idt=0.0930 gnorm=36.073 dnorm=5.238 nan=0
2026-10-04 02:16:57,304 epoch=136 step=2400 loss_G=2.5930 loss_D_A=0.1253 loss_D_B=0.1533 cycle=0.1074 idt=0.0960 gnorm=35.037 dnorm=6.521 nan=0
2026-10-04 02:17:12,677 epoch=136 step=2500 loss_G=1.5584 loss_D_A=0.0793 loss_D_B=0.3009 cycle=0.0777 idt=0.0610 gnorm=18.616 dnorm=8.031 nan=0
2026-10-04 02:17:27,782 epoch=136 step=2600 loss_G=2.1183 loss_D_A=0.1575 loss_D_B=0.1382 cycle=0.0789 idt=0.0551 gnorm=14.172 dnorm=5.937 nan=0
2026-10-04 02:17:43,086 epoch=136 step=2700 loss_G=2.1016 loss_D_A=0.1942 loss_D_B=0.1459 cycle=0.0999 idt=0.0592 gnorm=39.244 dnorm=9.054 nan=0
2026-10-04 02:17:58,477 epoch=136 step=2800 loss_G=1.9835 loss_D_A=0.1298 loss_D_B=0.1681 cycle=0.0734 idt=0.0980 gnorm=17.524 dnorm=8.105 nan=0
2026-10-04 02:18:13,740 epoch=136 step=2900 loss_G=2.5854 loss_D_A=0.2904 loss_D_B=0.3199 cycle=0.0750 idt=0.0549 gnorm=25.605 dnorm=9.237 nan=0
2026-10-04 02:18:28,976 epoch=136 step=3000 loss_G=2.1519 loss_D_A=0.1948 loss_D_B=0.0786 cycle=0.0919 idt=0.0654 gnorm=17.934 dnorm=7.591 nan=0
2026-10-04 02:18:44,351 epoch=136 step=3100 loss_G=2.9668 loss_D_A=0.0474 loss_D_B=0.2476 cycle=0.1296 idt=0.0900 gnorm=36.497 dnorm=9.689 nan=0
2026-10-04 02:18:59,674 epoch=136 step=3200 loss_G=2.0339 loss_D_A=0.0548 loss_D_B=0.1435 cycle=0.0727 idt=0.0471 gnorm=25.031 dnorm=4.981 nan=0
2026-10-04 02:19:14,945 epoch=136 step=3300 loss_G=1.9643 loss_D_A=0.2663 loss_D_B=0.1153 cycle=0.0931 idt=0.0635 gnorm=20.606 dnorm=7.356 nan=0
2026-10-04 02:19:30,362 epoch=136 step=3400 loss_G=1.6604 loss_D_A=0.0765 loss_D_B=0.1047 cycle=0.0911 idt=0.0596 gnorm=19.969 dnorm=5.181 nan=0
2026-10-04 02:19:45,720 epoch=136 step=3500 loss_G=1.9894 loss_D_A=0.0933 loss_D_B=0.1981 cycle=0.0698 idt=0.0508 gnorm=21.442 dnorm=7.873 nan=0
2026-10-04 02:20:00,954 epoch=136 step=3600 loss_G=2.7900 loss_D_A=0.2694 loss_D_B=0.1634 cycle=0.0732 idt=0.0551 gnorm=37.854 dnorm=8.662 nan=0
2026-10-04 02:20:16,247 epoch=136 step=3700 loss_G=1.7402 loss_D_A=0.2371 loss_D_B=0.1334 cycle=0.0748 idt=0.0507 gnorm=16.412 dnorm=7.952 nan=0
2026-10-04 02:20:31,186 epoch=136 step=3800 loss_G=3.1473 loss_D_A=0.2280 loss_D_B=0.1483 cycle=0.1575 idt=0.0869 gnorm=40.252 dnorm=7.727 nan=0
2026-10-04 02:20:46,407 epoch=136 step=3900 loss_G=1.7784 loss_D_A=0.2227 loss_D_B=0.1435 cycle=0.0907 idt=0.0594 gnorm=18.664 dnorm=9.151 nan=0
2026-10-04 02:21:01,709 epoch=136 step=4000 loss_G=1.3933 loss_D_A=0.2345 loss_D_B=0.2336 cycle=0.0815 idt=0.0352 gnorm=32.042 dnorm=6.671 nan=0
2026-10-04 02:21:16,924 epoch=136 step=4100 loss_G=2.1314 loss_D_A=0.1456 loss_D_B=0.2385 cycle=0.0947 idt=0.0583 gnorm=25.153 dnorm=9.652 nan=0
2026-10-04 02:21:32,219 epoch=136 step=4200 loss_G=1.7898 loss_D_A=0.0421 loss_D_B=0.0679 cycle=0.0884 idt=0.0619 gnorm=20.418 dnorm=4.668 nan=0
2026-10-04 02:21:47,321 epoch=136 step=4300 loss_G=2.0629 loss_D_A=0.0866 loss_D_B=0.1932 cycle=0.0720 idt=0.0579 gnorm=23.182 dnorm=6.618 nan=0
2026-10-04 02:22:02,643 epoch=136 step=4400 loss_G=1.7109 loss_D_A=0.0748 loss_D_B=0.3861 cycle=0.0861 idt=0.0741 gnorm=21.756 dnorm=14.096 nan=0
2026-10-04 02:22:17,937 epoch=136 step=4500 loss_G=2.2565 loss_D_A=0.1667 loss_D_B=0.0289 cycle=0.1159 idt=0.0851 gnorm=31.600 dnorm=4.715 nan=0
2026-10-04 02:22:33,293 epoch=136 step=4600 loss_G=2.5481 loss_D_A=0.1756 loss_D_B=0.1337 cycle=0.1169 idt=0.1179 gnorm=36.997 dnorm=6.666 nan=0
2026-10-04 02:22:48,589 epoch=136 step=4700 loss_G=2.5869 loss_D_A=0.2004 loss_D_B=0.1498 cycle=0.1062 idt=0.1068 gnorm=42.585 dnorm=8.771 nan=0
2026-10-04 02:23:03,843 epoch=136 step=4800 loss_G=2.9646 loss_D_A=0.0282 loss_D_B=0.0996 cycle=0.1227 idt=0.0916 gnorm=33.942 dnorm=5.740 nan=0
2026-10-04 02:23:19,049 epoch=136 step=4900 loss_G=1.7878 loss_D_A=0.1052 loss_D_B=0.1969 cycle=0.1222 idt=0.0547 gnorm=31.672 dnorm=16.199 nan=0
2026-10-04 02:23:33,964 epoch=136 step=5000 loss_G=2.1737 loss_D_A=0.0967 loss_D_B=0.1627 cycle=0.0973 idt=0.0572 gnorm=21.111 dnorm=6.876 nan=0
2026-10-04 02:23:49,232 epoch=136 step=5100 loss_G=2.3240 loss_D_A=0.1560 loss_D_B=0.2847 cycle=0.0931 idt=0.0494 gnorm=34.296 dnorm=7.949 nan=0
2026-10-04 02:24:04,292 epoch=136 step=5200 loss_G=2.4553 loss_D_A=0.2462 loss_D_B=0.1926 cycle=0.1230 idt=0.0706 gnorm=32.326 dnorm=11.537 nan=0
2026-10-04 02:24:19,634 epoch=136 step=5300 loss_G=2.5128 loss_D_A=0.1730 loss_D_B=0.1616 cycle=0.1037 idt=0.0945 gnorm=31.556 dnorm=6.284 nan=0
2026-10-04 02:24:34,869 epoch=136 step=5400 loss_G=1.9003 loss_D_A=0.1177 loss_D_B=0.1232 cycle=0.0786 idt=0.0909 gnorm=29.736 dnorm=6.898 nan=0
2026-10-04 02:24:50,202 epoch=136 step=5500 loss_G=1.4979 loss_D_A=0.1786 loss_D_B=0.2435 cycle=0.0775 idt=0.0398 gnorm=23.848 dnorm=10.300 nan=0
2026-10-04 02:25:05,517 epoch=136 step=5600 loss_G=2.5648 loss_D_A=0.3675 loss_D_B=0.1590 cycle=0.0668 idt=0.0572 gnorm=29.567 dnorm=10.693 nan=0
2026-10-04 02:25:20,798 epoch=136 step=5700 loss_G=1.6863 loss_D_A=0.1257 loss_D_B=0.2124 cycle=0.0855 idt=0.0529 gnorm=26.280 dnorm=7.522 nan=0
2026-10-04 02:25:36,090 epoch=136 step=5800 loss_G=1.7640 loss_D_A=0.2669 loss_D_B=0.0852 cycle=0.0610 idt=0.0545 gnorm=17.457 dnorm=7.475 nan=0
2026-10-04 02:25:51,291 epoch=136 step=5900 loss_G=2.3144 loss_D_A=0.0580 loss_D_B=0.1429 cycle=0.0848 idt=0.0623 gnorm=19.687 dnorm=5.152 nan=0
2026-10-04 02:26:06,598 epoch=136 step=6000 loss_G=2.1469 loss_D_A=0.0849 loss_D_B=0.1646 cycle=0.0782 idt=0.0513 gnorm=32.577 dnorm=7.426 nan=0
2026-10-04 02:26:21,935 epoch=136 step=6100 loss_G=2.3618 loss_D_A=0.1624 loss_D_B=0.1010 cycle=0.0981 idt=0.0636 gnorm=35.887 dnorm=8.147 nan=0
2026-10-04 02:26:37,324 epoch=136 step=6200 loss_G=1.4869 loss_D_A=0.4154 loss_D_B=0.2409 cycle=0.0798 idt=0.0498 gnorm=17.389 dnorm=10.902 nan=0
2026-10-04 02:26:52,302 epoch=136 step=6300 loss_G=1.7431 loss_D_A=0.1037 loss_D_B=0.3119 cycle=0.0846 idt=0.0568 gnorm=20.929 dnorm=7.319 nan=0
2026-10-04 02:27:07,534 epoch=136 step=6400 loss_G=2.7158 loss_D_A=0.1783 loss_D_B=0.1388 cycle=0.1319 idt=0.0810 gnorm=36.831 dnorm=4.862 nan=0
2026-10-04 02:27:13,382 epoch_mean={'g': 2.2417574666530755, 'd_a': 0.16672468703887078, 'd_b': 0.176090521336935, 'cycle': 0.09523701852950742, 'identity': 0.07069581841489253, 'epoch': 136}
2026-10-04 02:27:14,006 epoch=137 step=1 loss_G=2.3339 loss_D_A=0.1821 loss_D_B=0.2639 cycle=0.1083 idt=0.0653 gnorm=26.492 dnorm=11.191 nan=0
2026-10-04 02:27:29,226 epoch=137 step=100 loss_G=1.6961 loss_D_A=0.2574 loss_D_B=0.2527 cycle=0.0869 idt=0.0523 gnorm=19.070 dnorm=10.827 nan=0
2026-10-04 02:27:44,662 epoch=137 step=200 loss_G=2.6433 loss_D_A=0.2592 loss_D_B=0.1329 cycle=0.0956 idt=0.0607 gnorm=31.425 dnorm=9.248 nan=0
2026-10-04 02:27:59,969 epoch=137 step=300 loss_G=1.9203 loss_D_A=0.2166 loss_D_B=0.1896 cycle=0.0813 idt=0.0627 gnorm=20.197 dnorm=15.781 nan=0
2026-10-04 02:28:15,310 epoch=137 step=400 loss_G=2.3318 loss_D_A=0.3753 loss_D_B=0.1969 cycle=0.0934 idt=0.0694 gnorm=28.137 dnorm=6.567 nan=0
2026-10-04 02:28:30,684 epoch=137 step=500 loss_G=1.4731 loss_D_A=0.1257 loss_D_B=0.2780 cycle=0.0727 idt=0.0620 gnorm=34.000 dnorm=7.688 nan=0
2026-10-04 02:28:45,993 epoch=137 step=600 loss_G=2.1201 loss_D_A=0.1695 loss_D_B=0.0418 cycle=0.0627 idt=0.0398 gnorm=15.531 dnorm=6.037 nan=0
2026-10-04 02:29:01,295 epoch=137 step=700 loss_G=2.7775 loss_D_A=0.2837 loss_D_B=0.2312 cycle=0.1078 idt=0.0842 gnorm=35.874 dnorm=8.566 nan=0
2026-10-04 02:29:16,653 epoch=137 step=800 loss_G=3.8978 loss_D_A=0.1162 loss_D_B=0.2851 cycle=0.1566 idt=0.0546 gnorm=36.885 dnorm=7.254 nan=0
2026-10-04 02:29:31,926 epoch=137 step=900 loss_G=2.3945 loss_D_A=0.2054 loss_D_B=0.1785 cycle=0.1108 idt=0.0653 gnorm=32.400 dnorm=10.046 nan=0
2026-10-04 02:29:47,232 epoch=137 step=1000 loss_G=1.5696 loss_D_A=0.5676 loss_D_B=0.1099 cycle=0.0789 idt=0.0474 gnorm=21.865 dnorm=20.440 nan=0
2026-10-04 02:30:02,600 epoch=137 step=1100 loss_G=2.0976 loss_D_A=0.1616 loss_D_B=0.1672 cycle=0.0792 idt=0.1346 gnorm=15.420 dnorm=6.994 nan=0
2026-10-04 02:30:17,934 epoch=137 step=1200 loss_G=1.7280 loss_D_A=0.1196 loss_D_B=0.0560 cycle=0.0774 idt=0.0780 gnorm=21.481 dnorm=5.517 nan=0
2026-10-04 02:30:33,227 epoch=137 step=1300 loss_G=2.7352 loss_D_A=0.1231 loss_D_B=0.1706 cycle=0.1147 idt=0.0721 gnorm=41.102 dnorm=9.152 nan=0
2026-10-04 02:30:48,569 epoch=137 step=1400 loss_G=1.8526 loss_D_A=0.2527 loss_D_B=0.1757 cycle=0.0753 idt=0.0693 gnorm=25.833 dnorm=9.334 nan=0
2026-10-04 02:31:03,892 epoch=137 step=1500 loss_G=1.8697 loss_D_A=0.1604 loss_D_B=0.1514 cycle=0.0814 idt=0.0522 gnorm=28.082 dnorm=6.774 nan=0
2026-10-04 02:31:19,179 epoch=137 step=1600 loss_G=2.6229 loss_D_A=0.0954 loss_D_B=0.0901 cycle=0.0947 idt=0.0883 gnorm=27.745 dnorm=5.728 nan=0
2026-10-04 02:31:34,482 epoch=137 step=1700 loss_G=2.5334 loss_D_A=0.1242 loss_D_B=0.1638 cycle=0.1116 idt=0.0616 gnorm=48.527 dnorm=5.439 nan=0
2026-10-04 02:31:49,769 epoch=137 step=1800 loss_G=2.8267 loss_D_A=0.1316 loss_D_B=0.1214 cycle=0.1003 idt=0.0837 gnorm=38.309 dnorm=6.792 nan=0
2026-10-04 02:32:05,078 epoch=137 step=1900 loss_G=2.2437 loss_D_A=0.2590 loss_D_B=0.2799 cycle=0.0908 idt=0.0765 gnorm=30.091 dnorm=7.537 nan=0
2026-10-04 02:32:20,434 epoch=137 step=2000 loss_G=2.3570 loss_D_A=0.2188 loss_D_B=0.0609 cycle=0.0982 idt=0.0567 gnorm=29.872 dnorm=5.572 nan=0
2026-10-04 02:32:35,665 epoch=137 step=2100 loss_G=1.4590 loss_D_A=0.1882 loss_D_B=0.2243 cycle=0.0831 idt=0.0664 gnorm=16.610 dnorm=6.167 nan=0
2026-10-04 02:32:50,958 epoch=137 step=2200 loss_G=1.7866 loss_D_A=0.3430 loss_D_B=0.1407 cycle=0.0748 idt=0.0474 gnorm=23.462 dnorm=12.237 nan=0
2026-10-04 02:33:06,292 epoch=137 step=2300 loss_G=1.8295 loss_D_A=0.1261 loss_D_B=0.1559 cycle=0.0795 idt=0.0510 gnorm=17.780 dnorm=7.978 nan=0
2026-10-04 02:33:21,619 epoch=137 step=2400 loss_G=1.6576 loss_D_A=0.0998 loss_D_B=0.3017 cycle=0.0981 idt=0.0607 gnorm=25.413 dnorm=5.956 nan=0
2026-10-04 02:33:36,868 epoch=137 step=2500 loss_G=2.4827 loss_D_A=0.1466 loss_D_B=0.2153 cycle=0.0937 idt=0.0683 gnorm=20.918 dnorm=5.731 nan=0
2026-10-04 02:33:52,202 epoch=137 step=2600 loss_G=2.6445 loss_D_A=0.0717 loss_D_B=0.3863 cycle=0.1081 idt=0.0656 gnorm=38.714 dnorm=7.802 nan=0
2026-10-04 02:34:07,504 epoch=137 step=2700 loss_G=2.1391 loss_D_A=0.0468 loss_D_B=0.1476 cycle=0.0880 idt=0.0553 gnorm=21.644 dnorm=5.324 nan=0
2026-10-04 02:34:22,564 epoch=137 step=2800 loss_G=2.0603 loss_D_A=0.0390 loss_D_B=0.0740 cycle=0.0761 idt=0.0814 gnorm=28.999 dnorm=4.279 nan=0
2026-10-04 02:34:37,840 epoch=137 step=2900 loss_G=2.1468 loss_D_A=0.2563 loss_D_B=0.3089 cycle=0.0923 idt=0.0964 gnorm=28.084 dnorm=10.445 nan=0
2026-10-04 02:34:53,183 epoch=137 step=3000 loss_G=1.7439 loss_D_A=0.3646 loss_D_B=0.1113 cycle=0.0797 idt=0.0449 gnorm=18.730 dnorm=7.651 nan=0
2026-10-04 02:35:08,486 epoch=137 step=3100 loss_G=2.2814 loss_D_A=0.1929 loss_D_B=0.0965 cycle=0.0908 idt=0.0719 gnorm=28.898 dnorm=8.959 nan=0
2026-10-04 02:35:23,837 epoch=137 step=3200 loss_G=1.6444 loss_D_A=0.1129 loss_D_B=0.1533 cycle=0.0776 idt=0.0459 gnorm=22.019 dnorm=5.009 nan=0
2026-10-04 02:35:39,094 epoch=137 step=3300 loss_G=2.3119 loss_D_A=0.1238 loss_D_B=0.1633 cycle=0.1010 idt=0.0583 gnorm=34.918 dnorm=5.817 nan=0
2026-10-04 02:35:54,391 epoch=137 step=3400 loss_G=1.8902 loss_D_A=0.2300 loss_D_B=0.2192 cycle=0.0759 idt=0.0527 gnorm=14.559 dnorm=8.639 nan=0
2026-10-04 02:36:09,694 epoch=137 step=3500 loss_G=2.2167 loss_D_A=0.2293 loss_D_B=0.1234 cycle=0.0836 idt=0.0644 gnorm=38.059 dnorm=8.745 nan=0
2026-10-04 02:36:24,874 epoch=137 step=3600 loss_G=2.4866 loss_D_A=0.1384 loss_D_B=0.1115 cycle=0.0974 idt=0.0810 gnorm=27.455 dnorm=7.120 nan=0
2026-10-04 02:36:40,168 epoch=137 step=3700 loss_G=1.8252 loss_D_A=0.3007 loss_D_B=0.1697 cycle=0.0658 idt=0.0520 gnorm=28.814 dnorm=6.964 nan=0
2026-10-04 02:36:55,467 epoch=137 step=3800 loss_G=2.7501 loss_D_A=0.0808 loss_D_B=0.1027 cycle=0.0755 idt=0.1830 gnorm=26.694 dnorm=6.253 nan=0
2026-10-04 02:37:10,832 epoch=137 step=3900 loss_G=1.9416 loss_D_A=0.1455 loss_D_B=0.0990 cycle=0.0742 idt=0.0432 gnorm=20.362 dnorm=4.714 nan=0
2026-10-04 02:37:26,146 epoch=137 step=4000 loss_G=2.6263 loss_D_A=0.3034 loss_D_B=0.1516 cycle=0.0892 idt=0.0727 gnorm=27.204 dnorm=9.231 nan=0
2026-10-04 02:37:41,422 epoch=137 step=4100 loss_G=2.7378 loss_D_A=0.0549 loss_D_B=0.1556 cycle=0.1155 idt=0.0951 gnorm=18.611 dnorm=6.685 nan=0
2026-10-04 02:37:56,769 epoch=137 step=4200 loss_G=1.9146 loss_D_A=0.0896 loss_D_B=0.1752 cycle=0.0940 idt=0.0779 gnorm=23.920 dnorm=5.899 nan=0
2026-10-04 02:38:12,069 epoch=137 step=4300 loss_G=2.2772 loss_D_A=0.1422 loss_D_B=0.1006 cycle=0.0858 idt=0.0815 gnorm=25.620 dnorm=7.377 nan=0
2026-10-04 02:38:27,358 epoch=137 step=4400 loss_G=1.6743 loss_D_A=0.2437 loss_D_B=0.1693 cycle=0.0679 idt=0.0469 gnorm=20.515 dnorm=7.286 nan=0
2026-10-04 02:38:42,689 epoch=137 step=4500 loss_G=2.1564 loss_D_A=0.0905 loss_D_B=0.1744 cycle=0.1233 idt=0.0842 gnorm=52.530 dnorm=5.270 nan=0
2026-10-04 02:38:58,054 epoch=137 step=4600 loss_G=1.7041 loss_D_A=0.2113 loss_D_B=0.1158 cycle=0.0687 idt=0.0540 gnorm=23.982 dnorm=7.283 nan=0
2026-10-04 02:39:13,471 epoch=137 step=4700 loss_G=2.1556 loss_D_A=0.1319 loss_D_B=0.1453 cycle=0.0852 idt=0.0634 gnorm=23.371 dnorm=6.341 nan=0
2026-10-04 02:39:28,852 epoch=137 step=4800 loss_G=2.2989 loss_D_A=0.0988 loss_D_B=0.0779 cycle=0.1197 idt=0.0652 gnorm=48.301 dnorm=5.563 nan=0
2026-10-04 02:39:43,964 epoch=137 step=4900 loss_G=2.4335 loss_D_A=0.1559 loss_D_B=0.0688 cycle=0.0749 idt=0.0618 gnorm=19.647 dnorm=5.867 nan=0
2026-10-04 02:39:59,357 epoch=137 step=5000 loss_G=1.4832 loss_D_A=0.0931 loss_D_B=0.1884 cycle=0.0706 idt=0.0440 gnorm=21.459 dnorm=9.019 nan=0
2026-10-04 02:40:14,636 epoch=137 step=5100 loss_G=2.4102 loss_D_A=0.1314 loss_D_B=0.0343 cycle=0.0923 idt=0.0649 gnorm=27.297 dnorm=3.863 nan=0
2026-10-04 02:40:29,908 epoch=137 step=5200 loss_G=1.9060 loss_D_A=0.2654 loss_D_B=0.1724 cycle=0.0908 idt=0.0594 gnorm=28.233 dnorm=6.727 nan=0
2026-10-04 02:40:45,299 epoch=137 step=5300 loss_G=3.2424 loss_D_A=0.1418 loss_D_B=0.1085 cycle=0.1612 idt=0.1051 gnorm=41.107 dnorm=5.730 nan=0
2026-10-04 02:41:00,688 epoch=137 step=5400 loss_G=2.2225 loss_D_A=0.2728 loss_D_B=0.0728 cycle=0.0732 idt=0.0994 gnorm=28.352 dnorm=5.810 nan=0
2026-10-04 02:41:15,978 epoch=137 step=5500 loss_G=1.6732 loss_D_A=0.2978 loss_D_B=0.2396 cycle=0.0726 idt=0.0524 gnorm=20.733 dnorm=7.689 nan=0
2026-10-04 02:41:31,340 epoch=137 step=5600 loss_G=2.6107 loss_D_A=0.1439 loss_D_B=0.2052 cycle=0.1134 idt=0.0691 gnorm=33.694 dnorm=6.981 nan=0
2026-10-04 02:41:46,739 epoch=137 step=5700 loss_G=3.0026 loss_D_A=0.0533 loss_D_B=0.1395 cycle=0.1197 idt=0.0761 gnorm=36.965 dnorm=6.971 nan=0
2026-10-04 02:42:02,084 epoch=137 step=5800 loss_G=1.8057 loss_D_A=0.1954 loss_D_B=0.1012 cycle=0.0918 idt=0.0648 gnorm=18.038 dnorm=8.022 nan=0
2026-10-04 02:42:16,970 epoch=137 step=5900 loss_G=1.6634 loss_D_A=0.0595 loss_D_B=0.1811 cycle=0.0862 idt=0.0674 gnorm=14.000 dnorm=5.349 nan=0
2026-10-04 02:42:32,047 epoch=137 step=6000 loss_G=3.1982 loss_D_A=0.0241 loss_D_B=0.2340 cycle=0.1017 idt=0.0716 gnorm=20.441 dnorm=5.153 nan=0
2026-10-04 02:42:47,403 epoch=137 step=6100 loss_G=2.6154 loss_D_A=0.0372 loss_D_B=0.1534 cycle=0.1351 idt=0.0678 gnorm=36.809 dnorm=6.347 nan=0
2026-10-04 02:43:02,860 epoch=137 step=6200 loss_G=2.4799 loss_D_A=0.1484 loss_D_B=0.1769 cycle=0.0844 idt=0.0564 gnorm=26.347 dnorm=8.732 nan=0
2026-10-04 02:43:18,203 epoch=137 step=6300 loss_G=1.7010 loss_D_A=0.0514 loss_D_B=0.2792 cycle=0.0748 idt=0.0635 gnorm=31.753 dnorm=6.890 nan=0
2026-10-04 02:43:33,553 epoch=137 step=6400 loss_G=1.9602 loss_D_A=0.0455 loss_D_B=0.1164 cycle=0.0731 idt=0.0543 gnorm=22.972 dnorm=3.726 nan=0
2026-10-04 02:43:39,398 epoch_mean={'g': 2.250186727001786, 'd_a': 0.16595824929859818, 'd_b': 0.17491011013707672, 'cycle': 0.0953455886769717, 'identity': 0.07000308645627039, 'epoch': 137}
2026-10-04 02:43:40,025 epoch=138 step=1 loss_G=2.2215 loss_D_A=0.2240 loss_D_B=0.2656 cycle=0.0849 idt=0.1096 gnorm=39.608 dnorm=6.274 nan=0
2026-10-04 02:43:55,229 epoch=138 step=100 loss_G=2.0558 loss_D_A=0.2586 loss_D_B=0.1630 cycle=0.0732 idt=0.0484 gnorm=23.032 dnorm=6.626 nan=0
2026-10-04 02:44:10,598 epoch=138 step=200 loss_G=2.0564 loss_D_A=0.2088 loss_D_B=0.1552 cycle=0.1182 idt=0.0737 gnorm=43.748 dnorm=8.136 nan=0
2026-10-04 02:44:25,925 epoch=138 step=300 loss_G=1.8618 loss_D_A=0.1444 loss_D_B=0.3109 cycle=0.0796 idt=0.0609 gnorm=27.024 dnorm=12.298 nan=0
2026-10-04 02:44:41,239 epoch=138 step=400 loss_G=2.4527 loss_D_A=0.1539 loss_D_B=0.1027 cycle=0.1122 idt=0.0925 gnorm=41.857 dnorm=5.459 nan=0
2026-10-04 02:44:56,237 epoch=138 step=500 loss_G=2.5499 loss_D_A=0.2165 loss_D_B=0.2303 cycle=0.0964 idt=0.0518 gnorm=34.896 dnorm=12.600 nan=0
2026-10-04 02:45:11,097 epoch=138 step=600 loss_G=2.0107 loss_D_A=0.1770 loss_D_B=0.1180 cycle=0.1013 idt=0.0593 gnorm=24.745 dnorm=7.946 nan=0
2026-10-04 02:45:26,505 epoch=138 step=700 loss_G=1.8500 loss_D_A=0.4949 loss_D_B=0.1283 cycle=0.0670 idt=0.0603 gnorm=20.705 dnorm=12.912 nan=0
2026-10-04 02:45:41,872 epoch=138 step=800 loss_G=1.9020 loss_D_A=0.0370 loss_D_B=0.1126 cycle=0.0727 idt=0.0588 gnorm=21.727 dnorm=5.038 nan=0
2026-10-04 02:45:56,918 epoch=138 step=900 loss_G=3.0752 loss_D_A=0.0447 loss_D_B=0.1763 cycle=0.1325 idt=0.1023 gnorm=52.702 dnorm=5.081 nan=0
2026-10-04 02:46:11,804 epoch=138 step=1000 loss_G=2.5878 loss_D_A=0.0965 loss_D_B=0.1692 cycle=0.1200 idt=0.0941 gnorm=35.457 dnorm=6.428 nan=0
2026-10-04 02:46:27,189 epoch=138 step=1100 loss_G=2.1272 loss_D_A=0.1935 loss_D_B=0.1427 cycle=0.0917 idt=0.0874 gnorm=24.311 dnorm=8.467 nan=0
2026-10-04 02:46:42,336 epoch=138 step=1200 loss_G=2.1701 loss_D_A=0.1888 loss_D_B=0.0859 cycle=0.1017 idt=0.0711 gnorm=25.178 dnorm=5.816 nan=0
2026-10-04 02:46:57,350 epoch=138 step=1300 loss_G=2.6102 loss_D_A=0.2730 loss_D_B=0.0750 cycle=0.1210 idt=0.0718 gnorm=35.118 dnorm=8.534 nan=0
2026-10-04 02:47:12,736 epoch=138 step=1400 loss_G=2.9611 loss_D_A=0.1903 loss_D_B=0.2334 cycle=0.1252 idt=0.0951 gnorm=39.512 dnorm=9.511 nan=0
2026-10-04 02:47:27,673 epoch=138 step=1500 loss_G=2.4955 loss_D_A=0.0726 loss_D_B=0.1337 cycle=0.1008 idt=0.0650 gnorm=20.684 dnorm=8.200 nan=0
2026-10-04 02:47:42,880 epoch=138 step=1600 loss_G=2.5983 loss_D_A=0.0607 loss_D_B=0.1035 cycle=0.1088 idt=0.0613 gnorm=33.806 dnorm=4.745 nan=0
2026-10-04 02:47:58,144 epoch=138 step=1700 loss_G=2.6984 loss_D_A=0.2818 loss_D_B=0.1103 cycle=0.1326 idt=0.0913 gnorm=33.779 dnorm=8.474 nan=0
2026-10-04 02:48:13,502 epoch=138 step=1800 loss_G=2.2770 loss_D_A=0.1328 loss_D_B=0.0743 cycle=0.0604 idt=0.0504 gnorm=23.444 dnorm=7.156 nan=0
2026-10-04 02:48:28,955 epoch=138 step=1900 loss_G=3.0792 loss_D_A=0.0874 loss_D_B=0.1272 cycle=0.1206 idt=0.1027 gnorm=21.805 dnorm=6.208 nan=0
2026-10-04 02:48:44,325 epoch=138 step=2000 loss_G=2.2526 loss_D_A=0.0484 loss_D_B=0.2476 cycle=0.0952 idt=0.0624 gnorm=43.764 dnorm=5.611 nan=0
2026-10-04 02:48:59,672 epoch=138 step=2100 loss_G=1.6673 loss_D_A=0.0329 loss_D_B=0.1717 cycle=0.0806 idt=0.0483 gnorm=18.884 dnorm=4.498 nan=0
2026-10-04 02:49:15,110 epoch=138 step=2200 loss_G=1.9160 loss_D_A=0.1301 loss_D_B=0.1072 cycle=0.0840 idt=0.0614 gnorm=19.200 dnorm=6.707 nan=0
2026-10-04 02:49:30,424 epoch=138 step=2300 loss_G=2.2928 loss_D_A=0.1627 loss_D_B=0.0446 cycle=0.0885 idt=0.0504 gnorm=44.611 dnorm=4.747 nan=0
2026-10-04 02:49:45,766 epoch=138 step=2400 loss_G=2.2954 loss_D_A=0.1264 loss_D_B=0.0716 cycle=0.0675 idt=0.0471 gnorm=26.798 dnorm=5.730 nan=0
2026-10-04 02:50:01,210 epoch=138 step=2500 loss_G=1.8383 loss_D_A=0.1363 loss_D_B=0.0893 cycle=0.0785 idt=0.0561 gnorm=15.150 dnorm=6.675 nan=0
2026-10-04 02:50:16,550 epoch=138 step=2600 loss_G=1.9834 loss_D_A=0.0470 loss_D_B=0.1066 cycle=0.0859 idt=0.0609 gnorm=33.024 dnorm=3.438 nan=0
2026-10-04 02:50:31,942 epoch=138 step=2700 loss_G=2.0216 loss_D_A=0.2227 loss_D_B=0.1070 cycle=0.0872 idt=0.0619 gnorm=27.682 dnorm=6.152 nan=0
2026-10-04 02:50:47,359 epoch=138 step=2800 loss_G=2.8815 loss_D_A=0.1217 loss_D_B=0.0483 cycle=0.0938 idt=0.0607 gnorm=27.679 dnorm=7.056 nan=0
2026-10-04 02:51:02,680 epoch=138 step=2900 loss_G=2.8473 loss_D_A=0.1686 loss_D_B=0.1197 cycle=0.0797 idt=0.0798 gnorm=28.356 dnorm=6.906 nan=0
2026-10-04 02:51:18,025 epoch=138 step=3000 loss_G=2.0452 loss_D_A=0.0620 loss_D_B=0.2349 cycle=0.0963 idt=0.0547 gnorm=24.659 dnorm=6.009 nan=0
2026-10-04 02:51:33,475 epoch=138 step=3100 loss_G=2.8217 loss_D_A=0.1570 loss_D_B=0.1069 cycle=0.0864 idt=0.0612 gnorm=33.513 dnorm=6.587 nan=0
2026-10-04 02:51:48,800 epoch=138 step=3200 loss_G=3.4730 loss_D_A=0.1551 loss_D_B=0.1771 cycle=0.1216 idt=0.0725 gnorm=57.905 dnorm=10.786 nan=0
2026-10-04 02:52:04,132 epoch=138 step=3300 loss_G=1.6670 loss_D_A=0.0962 loss_D_B=0.1829 cycle=0.0829 idt=0.0627 gnorm=28.972 dnorm=5.111 nan=0
2026-10-04 02:52:19,314 epoch=138 step=3400 loss_G=2.7844 loss_D_A=0.1913 loss_D_B=0.0597 cycle=0.1052 idt=0.0875 gnorm=37.198 dnorm=5.688 nan=0
2026-10-04 02:52:34,669 epoch=138 step=3500 loss_G=2.9145 loss_D_A=0.1963 loss_D_B=0.0937 cycle=0.0824 idt=0.0651 gnorm=20.766 dnorm=5.306 nan=0
2026-10-04 02:52:50,059 epoch=138 step=3600 loss_G=2.5913 loss_D_A=0.1122 loss_D_B=0.0832 cycle=0.1079 idt=0.0796 gnorm=34.828 dnorm=7.283 nan=0
2026-10-04 02:53:05,426 epoch=138 step=3700 loss_G=2.5058 loss_D_A=0.0543 loss_D_B=0.0856 cycle=0.1118 idt=0.0879 gnorm=36.671 dnorm=4.076 nan=0
2026-10-04 02:53:20,772 epoch=138 step=3800 loss_G=2.3541 loss_D_A=0.0975 loss_D_B=0.2682 cycle=0.0888 idt=0.0668 gnorm=34.484 dnorm=7.047 nan=0
2026-10-04 02:53:36,126 epoch=138 step=3900 loss_G=2.9421 loss_D_A=0.3938 loss_D_B=0.1035 cycle=0.1244 idt=0.0805 gnorm=38.200 dnorm=10.109 nan=0
2026-10-04 02:53:51,264 epoch=138 step=4000 loss_G=3.5423 loss_D_A=0.3704 loss_D_B=0.0843 cycle=0.2353 idt=0.1361 gnorm=60.392 dnorm=8.623 nan=0
2026-10-04 02:54:06,616 epoch=138 step=4100 loss_G=2.3004 loss_D_A=0.1105 loss_D_B=0.1546 cycle=0.1051 idt=0.0678 gnorm=41.642 dnorm=7.543 nan=0
2026-10-04 02:54:21,996 epoch=138 step=4200 loss_G=1.9925 loss_D_A=0.1940 loss_D_B=0.2249 cycle=0.0745 idt=0.0565 gnorm=18.904 dnorm=7.984 nan=0
2026-10-04 02:54:37,353 epoch=138 step=4300 loss_G=2.2209 loss_D_A=0.1758 loss_D_B=0.1110 cycle=0.0809 idt=0.0642 gnorm=26.400 dnorm=8.943 nan=0
2026-10-04 02:54:52,419 epoch=138 step=4400 loss_G=1.6216 loss_D_A=0.1581 loss_D_B=0.2169 cycle=0.0550 idt=0.0458 gnorm=26.252 dnorm=10.892 nan=0
2026-10-04 02:55:07,877 epoch=138 step=4500 loss_G=1.8672 loss_D_A=0.1067 loss_D_B=0.1800 cycle=0.0778 idt=0.0492 gnorm=30.698 dnorm=8.694 nan=0
2026-10-04 02:55:23,238 epoch=138 step=4600 loss_G=2.0869 loss_D_A=0.2601 loss_D_B=0.0692 cycle=0.1274 idt=0.0762 gnorm=49.337 dnorm=8.535 nan=0
2026-10-04 02:55:38,550 epoch=138 step=4700 loss_G=1.7873 loss_D_A=0.3485 loss_D_B=0.1527 cycle=0.0941 idt=0.0666 gnorm=34.403 dnorm=8.845 nan=0
2026-10-04 02:55:53,888 epoch=138 step=4800 loss_G=2.0743 loss_D_A=0.1161 loss_D_B=0.2640 cycle=0.0826 idt=0.0804 gnorm=29.578 dnorm=9.524 nan=0
2026-10-04 02:56:09,145 epoch=138 step=4900 loss_G=2.1798 loss_D_A=0.2149 loss_D_B=0.2055 cycle=0.0783 idt=0.0525 gnorm=21.018 dnorm=7.864 nan=0
2026-10-04 02:56:24,467 epoch=138 step=5000 loss_G=1.4185 loss_D_A=0.1518 loss_D_B=0.2023 cycle=0.0737 idt=0.0431 gnorm=17.382 dnorm=5.681 nan=0
2026-10-04 02:56:39,797 epoch=138 step=5100 loss_G=2.3886 loss_D_A=0.2722 loss_D_B=0.1917 cycle=0.1203 idt=0.1006 gnorm=31.434 dnorm=7.508 nan=0
2026-10-04 02:56:55,186 epoch=138 step=5200 loss_G=1.9398 loss_D_A=0.2287 loss_D_B=0.1264 cycle=0.1056 idt=0.0773 gnorm=27.097 dnorm=5.036 nan=0
2026-10-04 02:57:10,335 epoch=138 step=5300 loss_G=1.7287 loss_D_A=0.2425 loss_D_B=0.0843 cycle=0.0842 idt=0.0541 gnorm=19.129 dnorm=7.659 nan=0
2026-10-04 02:57:25,581 epoch=138 step=5400 loss_G=2.0803 loss_D_A=0.2530 loss_D_B=0.1031 cycle=0.1133 idt=0.0805 gnorm=20.759 dnorm=10.616 nan=0
2026-10-04 02:57:40,138 epoch=138 step=5500 loss_G=3.7361 loss_D_A=0.2326 loss_D_B=0.1170 cycle=0.1584 idt=0.1122 gnorm=40.673 dnorm=8.791 nan=0
2026-10-04 02:57:55,431 epoch=138 step=5600 loss_G=1.6235 loss_D_A=0.1554 loss_D_B=0.0825 cycle=0.0723 idt=0.0471 gnorm=15.459 dnorm=5.551 nan=0
2026-10-04 02:58:10,577 epoch=138 step=5700 loss_G=2.6413 loss_D_A=0.0682 loss_D_B=0.1156 cycle=0.1251 idt=0.0735 gnorm=43.069 dnorm=4.106 nan=0
2026-10-04 02:58:25,943 epoch=138 step=5800 loss_G=2.0791 loss_D_A=0.1081 loss_D_B=0.1706 cycle=0.1041 idt=0.0675 gnorm=30.700 dnorm=9.559 nan=0
2026-10-04 02:58:41,354 epoch=138 step=5900 loss_G=2.3278 loss_D_A=0.1295 loss_D_B=0.1594 cycle=0.0961 idt=0.0674 gnorm=35.417 dnorm=8.748 nan=0
2026-10-04 02:58:56,508 epoch=138 step=6000 loss_G=2.0397 loss_D_A=0.1263 loss_D_B=0.1458 cycle=0.1231 idt=0.0723 gnorm=33.712 dnorm=7.106 nan=0
2026-10-04 02:59:11,836 epoch=138 step=6100 loss_G=2.3120 loss_D_A=0.2230 loss_D_B=0.2349 cycle=0.0941 idt=0.0511 gnorm=28.802 dnorm=9.750 nan=0
2026-10-04 02:59:27,252 epoch=138 step=6200 loss_G=1.8150 loss_D_A=0.2667 loss_D_B=0.2014 cycle=0.1034 idt=0.0629 gnorm=23.147 dnorm=11.327 nan=0
2026-10-04 02:59:42,317 epoch=138 step=6300 loss_G=2.3576 loss_D_A=0.1050 loss_D_B=0.2146 cycle=0.0806 idt=0.0630 gnorm=31.881 dnorm=7.612 nan=0
2026-10-04 02:59:57,663 epoch=138 step=6400 loss_G=2.0418 loss_D_A=0.1260 loss_D_B=0.0411 cycle=0.0723 idt=0.0509 gnorm=18.441 dnorm=5.837 nan=0
2026-10-04 03:00:03,565 epoch_mean={'g': 2.2199504528774465, 'd_a': 0.16615134716478333, 'd_b': 0.1757620805240855, 'cycle': 0.09392914263940665, 'identity': 0.06865270495525833, 'epoch': 138}
2026-10-04 03:00:04,190 epoch=139 step=1 loss_G=2.3475 loss_D_A=0.1924 loss_D_B=0.1348 cycle=0.0720 idt=0.0534 gnorm=32.142 dnorm=7.320 nan=0
2026-10-04 03:00:19,087 epoch=139 step=100 loss_G=2.1788 loss_D_A=0.1706 loss_D_B=0.1044 cycle=0.0864 idt=0.0635 gnorm=24.200 dnorm=6.326 nan=0
2026-10-04 03:00:34,488 epoch=139 step=200 loss_G=1.5623 loss_D_A=0.2128 loss_D_B=0.2566 cycle=0.0693 idt=0.0607 gnorm=21.502 dnorm=8.208 nan=0
2026-10-04 03:00:49,768 epoch=139 step=300 loss_G=2.6353 loss_D_A=0.0698 loss_D_B=0.1290 cycle=0.1065 idt=0.0599 gnorm=28.257 dnorm=4.985 nan=0
2026-10-04 03:01:05,113 epoch=139 step=400 loss_G=1.8502 loss_D_A=0.1526 loss_D_B=0.1296 cycle=0.0760 idt=0.0549 gnorm=35.785 dnorm=7.456 nan=0
2026-10-04 03:01:20,358 epoch=139 step=500 loss_G=2.6261 loss_D_A=0.1776 loss_D_B=0.4522 cycle=0.0923 idt=0.0521 gnorm=29.077 dnorm=10.902 nan=0
2026-10-04 03:01:35,742 epoch=139 step=600 loss_G=2.2708 loss_D_A=0.1151 loss_D_B=0.2384 cycle=0.0907 idt=0.0625 gnorm=21.557 dnorm=7.445 nan=0
2026-10-04 03:01:50,839 epoch=139 step=700 loss_G=2.2346 loss_D_A=0.1448 loss_D_B=0.1411 cycle=0.0722 idt=0.0538 gnorm=26.817 dnorm=7.285 nan=0
2026-10-04 03:02:06,089 epoch=139 step=800 loss_G=2.0391 loss_D_A=0.1468 loss_D_B=0.0851 cycle=0.0903 idt=0.0576 gnorm=15.073 dnorm=4.776 nan=0
2026-10-04 03:02:21,225 epoch=139 step=900 loss_G=1.5589 loss_D_A=0.2558 loss_D_B=0.2041 cycle=0.0677 idt=0.0677 gnorm=21.701 dnorm=9.899 nan=0
2026-10-04 03:02:36,621 epoch=139 step=1000 loss_G=2.1837 loss_D_A=0.0489 loss_D_B=0.1193 cycle=0.0846 idt=0.0570 gnorm=20.022 dnorm=4.099 nan=0
2026-10-04 03:02:52,060 epoch=139 step=1100 loss_G=2.2818 loss_D_A=0.2131 loss_D_B=0.2014 cycle=0.0841 idt=0.0600 gnorm=28.525 dnorm=10.146 nan=0
2026-10-04 03:03:07,420 epoch=139 step=1200 loss_G=2.6213 loss_D_A=0.1028 loss_D_B=0.1713 cycle=0.0938 idt=0.0607 gnorm=32.820 dnorm=6.512 nan=0
2026-10-04 03:03:22,668 epoch=139 step=1300 loss_G=2.0619 loss_D_A=0.0283 loss_D_B=0.2074 cycle=0.1181 idt=0.1028 gnorm=35.854 dnorm=7.683 nan=0
2026-10-04 03:03:38,098 epoch=139 step=1400 loss_G=4.4368 loss_D_A=0.1139 loss_D_B=0.0671 cycle=0.2337 idt=0.2248 gnorm=39.659 dnorm=6.112 nan=0
2026-10-04 03:03:53,452 epoch=139 step=1500 loss_G=2.7321 loss_D_A=0.2516 loss_D_B=0.0483 cycle=0.1169 idt=0.0824 gnorm=28.644 dnorm=8.465 nan=0
2026-10-04 03:04:08,728 epoch=139 step=1600 loss_G=1.6379 loss_D_A=0.1021 loss_D_B=0.1223 cycle=0.0773 idt=0.0477 gnorm=22.237 dnorm=6.428 nan=0
2026-10-04 03:04:23,900 epoch=139 step=1700 loss_G=2.3822 loss_D_A=0.0605 loss_D_B=0.1877 cycle=0.0896 idt=0.0636 gnorm=25.149 dnorm=8.374 nan=0
2026-10-04 03:04:38,919 epoch=139 step=1800 loss_G=1.9793 loss_D_A=0.1368 loss_D_B=0.2175 cycle=0.0754 idt=0.0693 gnorm=22.090 dnorm=7.173 nan=0
2026-10-04 03:04:54,336 epoch=139 step=1900 loss_G=2.4814 loss_D_A=0.1868 loss_D_B=0.0558 cycle=0.1187 idt=0.0725 gnorm=42.075 dnorm=5.319 nan=0
2026-10-04 03:05:09,705 epoch=139 step=2000 loss_G=2.0706 loss_D_A=0.1043 loss_D_B=0.1994 cycle=0.0827 idt=0.0620 gnorm=13.660 dnorm=7.210 nan=0
2026-10-04 03:05:24,822 epoch=139 step=2100 loss_G=2.0522 loss_D_A=0.0575 loss_D_B=0.1992 cycle=0.0828 idt=0.0585 gnorm=20.935 dnorm=5.658 nan=0
2026-10-04 03:05:40,067 epoch=139 step=2200 loss_G=2.0211 loss_D_A=0.1314 loss_D_B=0.0715 cycle=0.0729 idt=0.0424 gnorm=28.359 dnorm=9.175 nan=0
2026-10-04 03:05:55,431 epoch=139 step=2300 loss_G=1.9789 loss_D_A=0.0935 loss_D_B=0.1741 cycle=0.1030 idt=0.0745 gnorm=37.178 dnorm=6.379 nan=0
2026-10-04 03:06:10,745 epoch=139 step=2400 loss_G=2.4278 loss_D_A=0.1212 loss_D_B=0.1680 cycle=0.0946 idt=0.0643 gnorm=26.947 dnorm=7.146 nan=0
2026-10-04 03:06:25,965 epoch=139 step=2500 loss_G=1.9195 loss_D_A=0.1075 loss_D_B=0.2463 cycle=0.1000 idt=0.0603 gnorm=22.612 dnorm=8.264 nan=0
2026-10-04 03:06:41,326 epoch=139 step=2600 loss_G=2.7486 loss_D_A=0.1637 loss_D_B=0.2310 cycle=0.1039 idt=0.0710 gnorm=21.482 dnorm=6.776 nan=0
2026-10-04 03:06:56,674 epoch=139 step=2700 loss_G=2.2272 loss_D_A=0.2473 loss_D_B=0.1033 cycle=0.0916 idt=0.0617 gnorm=26.677 dnorm=9.585 nan=0
2026-10-04 03:07:11,952 epoch=139 step=2800 loss_G=2.1936 loss_D_A=0.1425 loss_D_B=0.3317 cycle=0.0988 idt=0.0698 gnorm=30.195 dnorm=6.384 nan=0
2026-10-04 03:07:27,330 epoch=139 step=2900 loss_G=2.3283 loss_D_A=0.0352 loss_D_B=0.1593 cycle=0.0881 idt=0.0638 gnorm=30.047 dnorm=4.693 nan=0
2026-10-04 03:07:42,531 epoch=139 step=3000 loss_G=2.4333 loss_D_A=0.0309 loss_D_B=0.3116 cycle=0.0835 idt=0.0570 gnorm=27.743 dnorm=10.767 nan=0
2026-10-04 03:07:57,937 epoch=139 step=3100 loss_G=1.8650 loss_D_A=0.1951 loss_D_B=0.2374 cycle=0.0740 idt=0.0518 gnorm=16.662 dnorm=5.889 nan=0
2026-10-04 03:08:13,138 epoch=139 step=3200 loss_G=2.4953 loss_D_A=0.1466 loss_D_B=0.0730 cycle=0.0907 idt=0.0672 gnorm=27.024 dnorm=6.478 nan=0
2026-10-04 03:08:28,653 epoch=139 step=3300 loss_G=2.0277 loss_D_A=0.0416 loss_D_B=0.1461 cycle=0.0751 idt=0.0637 gnorm=36.182 dnorm=5.291 nan=0
2026-10-04 03:08:44,060 epoch=139 step=3400 loss_G=2.4194 loss_D_A=0.2052 loss_D_B=0.1459 cycle=0.0822 idt=0.0561 gnorm=31.725 dnorm=10.965 nan=0
2026-10-04 03:08:59,440 epoch=139 step=3500 loss_G=1.6425 loss_D_A=0.1147 loss_D_B=0.1013 cycle=0.0812 idt=0.0496 gnorm=10.950 dnorm=5.938 nan=0
2026-10-04 03:09:14,884 epoch=139 step=3600 loss_G=2.9767 loss_D_A=0.1664 loss_D_B=0.3303 cycle=0.1287 idt=0.0955 gnorm=27.228 dnorm=10.652 nan=0
2026-10-04 03:09:30,331 epoch=139 step=3700 loss_G=2.0883 loss_D_A=0.1926 loss_D_B=0.1928 cycle=0.0930 idt=0.0687 gnorm=32.652 dnorm=7.226 nan=0
2026-10-04 03:09:45,645 epoch=139 step=3800 loss_G=2.5257 loss_D_A=0.1309 loss_D_B=0.2969 cycle=0.1178 idt=0.0894 gnorm=45.513 dnorm=10.667 nan=0
2026-10-04 03:10:01,049 epoch=139 step=3900 loss_G=2.7860 loss_D_A=0.0912 loss_D_B=0.0217 cycle=0.1127 idt=0.0810 gnorm=38.504 dnorm=3.168 nan=0
2026-10-04 03:10:16,401 epoch=139 step=4000 loss_G=2.0816 loss_D_A=0.1631 loss_D_B=0.2783 cycle=0.1075 idt=0.0568 gnorm=30.525 dnorm=10.657 nan=0
2026-10-04 03:10:31,699 epoch=139 step=4100 loss_G=1.5754 loss_D_A=0.1001 loss_D_B=0.1542 cycle=0.0742 idt=0.0576 gnorm=30.004 dnorm=6.409 nan=0
2026-10-04 03:10:47,065 epoch=139 step=4200 loss_G=2.1373 loss_D_A=0.0745 loss_D_B=0.1975 cycle=0.1000 idt=0.0575 gnorm=28.370 dnorm=6.769 nan=0
2026-10-04 03:11:01,956 epoch=139 step=4300 loss_G=2.3029 loss_D_A=0.1134 loss_D_B=0.1358 cycle=0.1054 idt=0.0699 gnorm=37.576 dnorm=5.113 nan=0
2026-10-04 03:11:17,263 epoch=139 step=4400 loss_G=2.4604 loss_D_A=0.1718 loss_D_B=0.1596 cycle=0.0876 idt=0.0595 gnorm=32.089 dnorm=5.181 nan=0
2026-10-04 03:11:32,690 epoch=139 step=4500 loss_G=2.0975 loss_D_A=0.1480 loss_D_B=0.1965 cycle=0.0772 idt=0.0683 gnorm=23.825 dnorm=6.318 nan=0
2026-10-04 03:11:47,950 epoch=139 step=4600 loss_G=2.2477 loss_D_A=0.1492 loss_D_B=0.0940 cycle=0.0799 idt=0.0824 gnorm=31.367 dnorm=6.890 nan=0
2026-10-04 03:12:03,339 epoch=139 step=4700 loss_G=1.5617 loss_D_A=0.3087 loss_D_B=0.5095 cycle=0.0892 idt=0.0703 gnorm=17.555 dnorm=22.263 nan=0
2026-10-04 03:12:18,720 epoch=139 step=4800 loss_G=3.0935 loss_D_A=0.1046 loss_D_B=0.3654 cycle=0.1271 idt=0.0919 gnorm=28.712 dnorm=10.028 nan=0
2026-10-04 03:12:34,078 epoch=139 step=4900 loss_G=2.0244 loss_D_A=0.2587 loss_D_B=0.2573 cycle=0.0735 idt=0.0529 gnorm=26.538 dnorm=11.016 nan=0
2026-10-04 03:12:49,500 epoch=139 step=5000 loss_G=2.5449 loss_D_A=0.2387 loss_D_B=0.0974 cycle=0.1135 idt=0.0636 gnorm=24.842 dnorm=8.366 nan=0
2026-10-04 03:13:04,872 epoch=139 step=5100 loss_G=3.0031 loss_D_A=0.2427 loss_D_B=0.1303 cycle=0.1436 idt=0.0942 gnorm=47.201 dnorm=7.204 nan=0
2026-10-04 03:13:20,230 epoch=139 step=5200 loss_G=1.8210 loss_D_A=0.1067 loss_D_B=0.2349 cycle=0.0746 idt=0.0543 gnorm=17.682 dnorm=6.915 nan=0
2026-10-04 03:13:35,634 epoch=139 step=5300 loss_G=1.8278 loss_D_A=0.2356 loss_D_B=0.1715 cycle=0.0873 idt=0.0687 gnorm=15.949 dnorm=6.778 nan=0
2026-10-04 03:13:51,024 epoch=139 step=5400 loss_G=2.1248 loss_D_A=0.1777 loss_D_B=0.1106 cycle=0.0907 idt=0.0586 gnorm=33.771 dnorm=6.101 nan=0
2026-10-04 03:14:06,351 epoch=139 step=5500 loss_G=2.2611 loss_D_A=0.1572 loss_D_B=0.1549 cycle=0.1233 idt=0.0591 gnorm=36.750 dnorm=6.712 nan=0
2026-10-04 03:14:21,793 epoch=139 step=5600 loss_G=2.8894 loss_D_A=0.0772 loss_D_B=0.2029 cycle=0.1141 idt=0.0874 gnorm=35.207 dnorm=10.110 nan=0
2026-10-04 03:14:37,203 epoch=139 step=5700 loss_G=1.8311 loss_D_A=0.1679 loss_D_B=0.5668 cycle=0.0929 idt=0.0563 gnorm=20.320 dnorm=13.558 nan=0
2026-10-04 03:14:52,289 epoch=139 step=5800 loss_G=1.8344 loss_D_A=0.2101 loss_D_B=0.2041 cycle=0.1011 idt=0.0755 gnorm=35.791 dnorm=9.140 nan=0
2026-10-04 03:15:07,577 epoch=139 step=5900 loss_G=2.2058 loss_D_A=0.2335 loss_D_B=0.0989 cycle=0.0890 idt=0.0596 gnorm=29.718 dnorm=7.186 nan=0
2026-10-04 03:15:23,001 epoch=139 step=6000 loss_G=2.8140 loss_D_A=0.3117 loss_D_B=0.1474 cycle=0.1039 idt=0.0913 gnorm=24.721 dnorm=6.087 nan=0
2026-10-04 03:15:38,167 epoch=139 step=6100 loss_G=2.3327 loss_D_A=0.1119 loss_D_B=0.2145 cycle=0.0948 idt=0.0825 gnorm=51.212 dnorm=7.779 nan=0
2026-10-04 03:15:53,609 epoch=139 step=6200 loss_G=2.1068 loss_D_A=0.1043 loss_D_B=0.0427 cycle=0.0874 idt=0.1070 gnorm=33.553 dnorm=5.861 nan=0
2026-10-04 03:16:08,969 epoch=139 step=6300 loss_G=2.0993 loss_D_A=0.2095 loss_D_B=0.2164 cycle=0.0806 idt=0.0814 gnorm=32.320 dnorm=8.150 nan=0
2026-10-04 03:16:24,375 epoch=139 step=6400 loss_G=2.1519 loss_D_A=0.1734 loss_D_B=0.1547 cycle=0.0973 idt=0.0646 gnorm=28.820 dnorm=7.011 nan=0
2026-10-04 03:16:30,221 epoch_mean={'g': 2.2242870395988663, 'd_a': 0.1658802630924297, 'd_b': 0.17556488710221535, 'cycle': 0.09365040784150261, 'identity': 0.06850086602041831, 'epoch': 139}
2026-10-04 03:16:31,074 epoch=140 step=1 loss_G=2.7395 loss_D_A=0.0954 loss_D_B=0.1218 cycle=0.0905 idt=0.0667 gnorm=23.019 dnorm=7.632 nan=0
2026-10-04 03:16:46,228 epoch=140 step=100 loss_G=2.4598 loss_D_A=0.1655 loss_D_B=0.1651 cycle=0.1167 idt=0.0863 gnorm=33.073 dnorm=8.981 nan=0
2026-10-04 03:17:01,011 epoch=140 step=200 loss_G=1.6418 loss_D_A=0.2778 loss_D_B=0.1791 cycle=0.0851 idt=0.0618 gnorm=22.255 dnorm=8.328 nan=0
2026-10-04 03:17:16,131 epoch=140 step=300 loss_G=1.7754 loss_D_A=0.4343 loss_D_B=0.4057 cycle=0.0895 idt=0.0628 gnorm=33.066 dnorm=13.361 nan=0
2026-10-04 03:17:31,381 epoch=140 step=400 loss_G=2.4715 loss_D_A=0.1766 loss_D_B=0.0639 cycle=0.0827 idt=0.0558 gnorm=32.122 dnorm=7.708 nan=0
2026-10-04 03:17:46,773 epoch=140 step=500 loss_G=2.2706 loss_D_A=0.1016 loss_D_B=0.1355 cycle=0.0994 idt=0.0818 gnorm=25.404 dnorm=5.037 nan=0
2026-10-04 03:18:02,052 epoch=140 step=600 loss_G=2.3646 loss_D_A=0.1671 loss_D_B=0.1308 cycle=0.1059 idt=0.0997 gnorm=38.628 dnorm=9.251 nan=0
2026-10-04 03:18:17,315 epoch=140 step=700 loss_G=1.8349 loss_D_A=0.0771 loss_D_B=0.1133 cycle=0.0712 idt=0.0444 gnorm=27.082 dnorm=5.976 nan=0
2026-10-04 03:18:32,678 epoch=140 step=800 loss_G=1.9982 loss_D_A=0.2483 loss_D_B=0.2193 cycle=0.0815 idt=0.0642 gnorm=25.210 dnorm=8.848 nan=0
2026-10-04 03:18:47,859 epoch=140 step=900 loss_G=2.6277 loss_D_A=0.3014 loss_D_B=0.1261 cycle=0.0857 idt=0.0593 gnorm=27.336 dnorm=10.370 nan=0
2026-10-04 03:19:03,337 epoch=140 step=1000 loss_G=3.7972 loss_D_A=0.0769 loss_D_B=0.1544 cycle=0.1544 idt=0.2289 gnorm=34.718 dnorm=7.615 nan=0
2026-10-04 03:19:18,678 epoch=140 step=1100 loss_G=2.0655 loss_D_A=0.0757 loss_D_B=0.1200 cycle=0.0568 idt=0.0395 gnorm=19.040 dnorm=6.202 nan=0
2026-10-04 03:19:34,049 epoch=140 step=1200 loss_G=2.6452 loss_D_A=0.0544 loss_D_B=0.2542 cycle=0.1026 idt=0.0756 gnorm=44.123 dnorm=7.344 nan=0
2026-10-04 03:19:49,183 epoch=140 step=1300 loss_G=1.7149 loss_D_A=0.1637 loss_D_B=0.0277 cycle=0.0621 idt=0.0389 gnorm=25.086 dnorm=4.573 nan=0
2026-10-04 03:20:04,522 epoch=140 step=1400 loss_G=2.4279 loss_D_A=0.1251 loss_D_B=0.1151 cycle=0.0819 idt=0.0379 gnorm=24.346 dnorm=5.813 nan=0
2026-10-04 03:20:19,726 epoch=140 step=1500 loss_G=1.9334 loss_D_A=0.2367 loss_D_B=0.2345 cycle=0.1006 idt=0.0651 gnorm=23.510 dnorm=12.746 nan=0
2026-10-04 03:20:35,147 epoch=140 step=1600 loss_G=2.0413 loss_D_A=0.0962 loss_D_B=0.1851 cycle=0.0908 idt=0.0734 gnorm=26.200 dnorm=5.448 nan=0
2026-10-04 03:20:50,485 epoch=140 step=1700 loss_G=3.5776 loss_D_A=0.0704 loss_D_B=0.1595 cycle=0.1609 idt=0.1009 gnorm=41.102 dnorm=6.726 nan=0
2026-10-04 03:21:05,457 epoch=140 step=1800 loss_G=2.8972 loss_D_A=0.3147 loss_D_B=0.2964 cycle=0.1010 idt=0.0764 gnorm=33.714 dnorm=10.139 nan=0
2026-10-04 03:21:20,829 epoch=140 step=1900 loss_G=2.5557 loss_D_A=0.1232 loss_D_B=0.1601 cycle=0.1277 idt=0.1017 gnorm=56.693 dnorm=12.443 nan=0
2026-10-04 03:21:36,187 epoch=140 step=2000 loss_G=2.0911 loss_D_A=0.1402 loss_D_B=0.1634 cycle=0.0633 idt=0.0626 gnorm=24.444 dnorm=7.796 nan=0
2026-10-04 03:21:51,171 epoch=140 step=2100 loss_G=2.6578 loss_D_A=0.2355 loss_D_B=0.1799 cycle=0.0933 idt=0.0731 gnorm=38.088 dnorm=7.193 nan=0
2026-10-04 03:22:06,218 epoch=140 step=2200 loss_G=1.9778 loss_D_A=0.3287 loss_D_B=0.0609 cycle=0.0717 idt=0.0574 gnorm=25.291 dnorm=7.674 nan=0
2026-10-04 03:22:21,586 epoch=140 step=2300 loss_G=1.7620 loss_D_A=0.3504 loss_D_B=0.2325 cycle=0.0865 idt=0.0710 gnorm=16.969 dnorm=9.504 nan=0
2026-10-04 03:22:36,992 epoch=140 step=2400 loss_G=2.7582 loss_D_A=0.1349 loss_D_B=0.1604 cycle=0.1026 idt=0.0820 gnorm=19.828 dnorm=7.068 nan=0
2026-10-04 03:22:52,366 epoch=140 step=2500 loss_G=2.2871 loss_D_A=0.1963 loss_D_B=0.1084 cycle=0.0751 idt=0.0570 gnorm=29.029 dnorm=6.413 nan=0
2026-10-04 03:23:07,500 epoch=140 step=2600 loss_G=2.3907 loss_D_A=0.1348 loss_D_B=0.0955 cycle=0.1103 idt=0.0699 gnorm=35.279 dnorm=5.177 nan=0
2026-10-04 03:23:22,889 epoch=140 step=2700 loss_G=1.3027 loss_D_A=0.2025 loss_D_B=0.4950 cycle=0.0722 idt=0.0598 gnorm=13.723 dnorm=9.505 nan=0
2026-10-04 03:23:38,281 epoch=140 step=2800 loss_G=2.4559 loss_D_A=0.1112 loss_D_B=0.2696 cycle=0.0951 idt=0.0601 gnorm=26.590 dnorm=8.896 nan=0
2026-10-04 03:23:53,578 epoch=140 step=2900 loss_G=2.1003 loss_D_A=0.0983 loss_D_B=0.4224 cycle=0.1043 idt=0.0580 gnorm=23.852 dnorm=10.588 nan=0
2026-10-04 03:24:08,960 epoch=140 step=3000 loss_G=2.5702 loss_D_A=0.2179 loss_D_B=0.0840 cycle=0.1043 idt=0.1218 gnorm=26.728 dnorm=8.843 nan=0
2026-10-04 03:24:24,377 epoch=140 step=3100 loss_G=1.7672 loss_D_A=0.1865 loss_D_B=0.1769 cycle=0.0872 idt=0.0396 gnorm=26.204 dnorm=9.590 nan=0
2026-10-04 03:24:39,677 epoch=140 step=3200 loss_G=1.8400 loss_D_A=0.2395 loss_D_B=0.0742 cycle=0.0815 idt=0.0519 gnorm=18.604 dnorm=6.226 nan=0
2026-10-04 03:24:55,112 epoch=140 step=3300 loss_G=2.0064 loss_D_A=0.1881 loss_D_B=0.1213 cycle=0.0863 idt=0.0675 gnorm=33.648 dnorm=7.248 nan=0
2026-10-04 03:25:10,511 epoch=140 step=3400 loss_G=1.8966 loss_D_A=0.1668 loss_D_B=0.3325 cycle=0.0715 idt=0.0673 gnorm=38.912 dnorm=7.101 nan=0
2026-10-04 03:25:25,842 epoch=140 step=3500 loss_G=1.2228 loss_D_A=0.2012 loss_D_B=0.2011 cycle=0.0737 idt=0.0648 gnorm=10.927 dnorm=10.756 nan=0
2026-10-04 03:25:41,218 epoch=140 step=3600 loss_G=4.0812 loss_D_A=0.5080 loss_D_B=0.0475 cycle=0.1436 idt=0.0715 gnorm=61.154 dnorm=13.433 nan=0
2026-10-04 03:25:56,639 epoch=140 step=3700 loss_G=1.6095 loss_D_A=0.1233 loss_D_B=0.3506 cycle=0.0834 idt=0.0660 gnorm=24.785 dnorm=12.143 nan=0
2026-10-04 03:26:12,039 epoch=140 step=3800 loss_G=1.9960 loss_D_A=0.1700 loss_D_B=0.1515 cycle=0.1041 idt=0.0703 gnorm=33.131 dnorm=8.597 nan=0
2026-10-04 03:26:27,385 epoch=140 step=3900 loss_G=2.3665 loss_D_A=0.0910 loss_D_B=0.0517 cycle=0.0703 idt=0.0591 gnorm=19.163 dnorm=4.675 nan=0
2026-10-04 03:26:42,735 epoch=140 step=4000 loss_G=2.5830 loss_D_A=0.1404 loss_D_B=0.4314 cycle=0.0729 idt=0.0513 gnorm=16.844 dnorm=7.447 nan=0
2026-10-04 03:26:58,093 epoch=140 step=4100 loss_G=1.6929 loss_D_A=0.2451 loss_D_B=0.1424 cycle=0.0743 idt=0.0465 gnorm=22.307 dnorm=6.498 nan=0
2026-10-04 03:27:13,508 epoch=140 step=4200 loss_G=1.7603 loss_D_A=0.2156 loss_D_B=0.2444 cycle=0.0944 idt=0.0614 gnorm=30.752 dnorm=6.879 nan=0
2026-10-04 03:27:28,839 epoch=140 step=4300 loss_G=2.7220 loss_D_A=0.2869 loss_D_B=0.1024 cycle=0.1113 idt=0.0842 gnorm=37.764 dnorm=8.408 nan=0
2026-10-04 03:27:44,154 epoch=140 step=4400 loss_G=2.0378 loss_D_A=0.2146 loss_D_B=0.1603 cycle=0.0862 idt=0.0507 gnorm=21.809 dnorm=11.861 nan=0
2026-10-04 03:27:59,616 epoch=140 step=4500 loss_G=2.0837 loss_D_A=0.1122 loss_D_B=0.1063 cycle=0.0817 idt=0.0576 gnorm=22.258 dnorm=6.758 nan=0
2026-10-04 03:28:14,915 epoch=140 step=4600 loss_G=1.8684 loss_D_A=0.1341 loss_D_B=0.1241 cycle=0.0687 idt=0.0464 gnorm=20.804 dnorm=4.353 nan=0
2026-10-04 03:28:29,978 epoch=140 step=4700 loss_G=1.7469 loss_D_A=0.1832 loss_D_B=0.2301 cycle=0.0761 idt=0.0547 gnorm=20.439 dnorm=6.977 nan=0
2026-10-04 03:28:45,311 epoch=140 step=4800 loss_G=1.9997 loss_D_A=0.1417 loss_D_B=0.0923 cycle=0.0707 idt=0.0626 gnorm=32.990 dnorm=5.550 nan=0
2026-10-04 03:29:00,675 epoch=140 step=4900 loss_G=2.0878 loss_D_A=0.0757 loss_D_B=0.1522 cycle=0.0863 idt=0.0571 gnorm=33.317 dnorm=5.459 nan=0
2026-10-04 03:29:16,062 epoch=140 step=5000 loss_G=2.9242 loss_D_A=0.1960 loss_D_B=0.3992 cycle=0.0977 idt=0.1867 gnorm=23.493 dnorm=11.346 nan=0
2026-10-04 03:29:31,193 epoch=140 step=5100 loss_G=1.3909 loss_D_A=0.2490 loss_D_B=0.3107 cycle=0.0793 idt=0.0558 gnorm=10.723 dnorm=10.675 nan=0
2026-10-04 03:29:46,583 epoch=140 step=5200 loss_G=1.7703 loss_D_A=0.1899 loss_D_B=0.1683 cycle=0.0527 idt=0.0398 gnorm=16.010 dnorm=7.213 nan=0
2026-10-04 03:30:01,945 epoch=140 step=5300 loss_G=2.5313 loss_D_A=0.0625 loss_D_B=0.4544 cycle=0.1099 idt=0.0700 gnorm=25.250 dnorm=5.945 nan=0
2026-10-04 03:30:17,349 epoch=140 step=5400 loss_G=2.7401 loss_D_A=0.1225 loss_D_B=0.0790 cycle=0.1149 idt=0.0740 gnorm=34.024 dnorm=6.198 nan=0
2026-10-04 03:30:32,699 epoch=140 step=5500 loss_G=2.4396 loss_D_A=0.0346 loss_D_B=0.1930 cycle=0.0981 idt=0.1085 gnorm=32.701 dnorm=6.843 nan=0
2026-10-04 03:30:48,036 epoch=140 step=5600 loss_G=1.8300 loss_D_A=0.1156 loss_D_B=0.0458 cycle=0.0731 idt=0.0600 gnorm=19.888 dnorm=4.795 nan=0
2026-10-04 03:31:03,231 epoch=140 step=5700 loss_G=2.0818 loss_D_A=0.1398 loss_D_B=0.1443 cycle=0.0851 idt=0.0655 gnorm=26.232 dnorm=7.596 nan=0
2026-10-04 03:31:18,575 epoch=140 step=5800 loss_G=1.8606 loss_D_A=0.1375 loss_D_B=0.1339 cycle=0.0728 idt=0.0446 gnorm=21.922 dnorm=7.144 nan=0
2026-10-04 03:31:33,753 epoch=140 step=5900 loss_G=1.9906 loss_D_A=0.1521 loss_D_B=0.1888 cycle=0.0802 idt=0.0660 gnorm=26.512 dnorm=7.431 nan=0
2026-10-04 03:31:49,104 epoch=140 step=6000 loss_G=1.4885 loss_D_A=0.1587 loss_D_B=0.1755 cycle=0.0852 idt=0.0541 gnorm=29.511 dnorm=7.050 nan=0
2026-10-04 03:32:04,418 epoch=140 step=6100 loss_G=2.7876 loss_D_A=0.1199 loss_D_B=0.1868 cycle=0.1118 idt=0.0871 gnorm=21.367 dnorm=6.495 nan=0
2026-10-04 03:32:19,837 epoch=140 step=6200 loss_G=2.4444 loss_D_A=0.0808 loss_D_B=0.1794 cycle=0.0894 idt=0.0653 gnorm=17.459 dnorm=5.855 nan=0
2026-10-04 03:32:35,245 epoch=140 step=6300 loss_G=1.6432 loss_D_A=0.2845 loss_D_B=0.0631 cycle=0.0731 idt=0.0542 gnorm=22.886 dnorm=7.174 nan=0
2026-10-04 03:32:50,580 epoch=140 step=6400 loss_G=2.5429 loss_D_A=0.0852 loss_D_B=0.2211 cycle=0.0975 idt=0.0698 gnorm=24.955 dnorm=6.404 nan=0
2026-10-04 03:32:56,463 epoch_mean={'g': 2.218529295054753, 'd_a': 0.1648366737898998, 'd_b': 0.17410364592434568, 'cycle': 0.09328662389996407, 'identity': 0.06793270247365496, 'epoch': 140}
2026-10-04 03:32:57,384 epoch=141 step=1 loss_G=2.0912 loss_D_A=0.2544 loss_D_B=0.2401 cycle=0.0712 idt=0.0655 gnorm=24.487 dnorm=8.682 nan=0
2026-10-04 03:33:12,430 epoch=141 step=100 loss_G=1.8169 loss_D_A=0.0842 loss_D_B=0.2761 cycle=0.0864 idt=0.0582 gnorm=26.290 dnorm=8.425 nan=0
2026-10-04 03:33:27,830 epoch=141 step=200 loss_G=2.1779 loss_D_A=0.1043 loss_D_B=0.3382 cycle=0.0984 idt=0.0767 gnorm=16.584 dnorm=10.225 nan=0
2026-10-04 03:33:43,140 epoch=141 step=300 loss_G=2.2145 loss_D_A=0.0498 loss_D_B=0.0788 cycle=0.0877 idt=0.0593 gnorm=26.245 dnorm=4.867 nan=0
2026-10-04 03:33:58,474 epoch=141 step=400 loss_G=2.1285 loss_D_A=0.0840 loss_D_B=0.1584 cycle=0.0786 idt=0.0622 gnorm=30.841 dnorm=6.492 nan=0
2026-10-04 03:34:13,854 epoch=141 step=500 loss_G=1.9886 loss_D_A=0.0828 loss_D_B=0.1835 cycle=0.0902 idt=0.0595 gnorm=32.541 dnorm=8.468 nan=0
2026-10-04 03:34:29,208 epoch=141 step=600 loss_G=2.7796 loss_D_A=0.1029 loss_D_B=0.3663 cycle=0.1160 idt=0.0700 gnorm=27.199 dnorm=8.289 nan=0
2026-10-04 03:34:44,566 epoch=141 step=700 loss_G=2.7370 loss_D_A=0.0981 loss_D_B=0.1878 cycle=0.0987 idt=0.0704 gnorm=18.162 dnorm=6.688 nan=0
2026-10-04 03:34:59,998 epoch=141 step=800 loss_G=3.0021 loss_D_A=0.1506 loss_D_B=0.1097 cycle=0.1420 idt=0.1094 gnorm=35.217 dnorm=7.839 nan=0
2026-10-04 03:35:15,343 epoch=141 step=900 loss_G=2.1682 loss_D_A=0.0435 loss_D_B=0.1344 cycle=0.0723 idt=0.0652 gnorm=27.688 dnorm=7.133 nan=0
2026-10-04 03:35:30,692 epoch=141 step=1000 loss_G=1.7579 loss_D_A=0.2496 loss_D_B=0.1525 cycle=0.0785 idt=0.0584 gnorm=21.724 dnorm=6.354 nan=0
2026-10-04 03:35:46,099 epoch=141 step=1100 loss_G=2.6394 loss_D_A=0.2004 loss_D_B=0.3245 cycle=0.0865 idt=0.0553 gnorm=24.767 dnorm=10.744 nan=0
2026-10-04 03:36:01,478 epoch=141 step=1200 loss_G=1.7372 loss_D_A=0.1834 loss_D_B=0.2265 cycle=0.0599 idt=0.0790 gnorm=31.792 dnorm=9.140 nan=0
2026-10-04 03:36:16,818 epoch=141 step=1300 loss_G=1.8818 loss_D_A=0.0501 loss_D_B=0.2831 cycle=0.0718 idt=0.0565 gnorm=17.473 dnorm=7.273 nan=0
2026-10-04 03:36:32,261 epoch=141 step=1400 loss_G=2.9852 loss_D_A=0.1657 loss_D_B=0.0843 cycle=0.1110 idt=0.0636 gnorm=33.336 dnorm=7.029 nan=0
2026-10-04 03:36:47,630 epoch=141 step=1500 loss_G=2.2904 loss_D_A=0.1943 loss_D_B=0.3407 cycle=0.1090 idt=0.0786 gnorm=33.341 dnorm=9.321 nan=0
2026-10-04 03:37:02,976 epoch=141 step=1600 loss_G=2.2092 loss_D_A=0.1091 loss_D_B=0.1371 cycle=0.1240 idt=0.0865 gnorm=43.285 dnorm=5.117 nan=0
2026-10-04 03:37:18,296 epoch=141 step=1700 loss_G=1.9132 loss_D_A=0.2635 loss_D_B=0.2408 cycle=0.0913 idt=0.0715 gnorm=32.038 dnorm=10.391 nan=0
2026-10-04 03:37:33,390 epoch=141 step=1800 loss_G=3.4606 loss_D_A=0.1198 loss_D_B=0.3077 cycle=0.1329 idt=0.0585 gnorm=30.218 dnorm=7.380 nan=0
2026-10-04 03:37:48,539 epoch=141 step=1900 loss_G=1.7102 loss_D_A=0.1195 loss_D_B=0.3297 cycle=0.0792 idt=0.0631 gnorm=22.820 dnorm=7.670 nan=0
2026-10-04 03:38:03,843 epoch=141 step=2000 loss_G=2.2363 loss_D_A=0.4391 loss_D_B=0.1698 cycle=0.0889 idt=0.0603 gnorm=18.738 dnorm=11.496 nan=0
2026-10-04 03:38:19,216 epoch=141 step=2100 loss_G=1.9646 loss_D_A=0.0905 loss_D_B=0.0993 cycle=0.0730 idt=0.0432 gnorm=19.882 dnorm=5.865 nan=0
2026-10-04 03:38:34,553 epoch=141 step=2200 loss_G=1.3216 loss_D_A=0.3377 loss_D_B=0.2666 cycle=0.0574 idt=0.0513 gnorm=20.508 dnorm=12.914 nan=0
2026-10-04 03:38:49,914 epoch=141 step=2300 loss_G=2.0331 loss_D_A=0.1000 loss_D_B=0.1711 cycle=0.0819 idt=0.0616 gnorm=32.323 dnorm=6.747 nan=0
2026-10-04 03:39:05,244 epoch=141 step=2400 loss_G=2.7309 loss_D_A=0.1087 loss_D_B=0.1241 cycle=0.1041 idt=0.0911 gnorm=30.800 dnorm=8.569 nan=0
2026-10-04 03:39:20,712 epoch=141 step=2500 loss_G=3.2359 loss_D_A=0.1549 loss_D_B=0.1857 cycle=0.1331 idt=0.1317 gnorm=57.027 dnorm=9.680 nan=0
2026-10-04 03:39:35,783 epoch=141 step=2600 loss_G=1.9878 loss_D_A=0.0847 loss_D_B=0.1406 cycle=0.0916 idt=0.0514 gnorm=25.149 dnorm=5.928 nan=0
2026-10-04 03:39:50,897 epoch=141 step=2700 loss_G=1.9245 loss_D_A=0.0447 loss_D_B=0.1485 cycle=0.0868 idt=0.0631 gnorm=21.063 dnorm=4.725 nan=0
2026-10-04 03:40:06,085 epoch=141 step=2800 loss_G=2.8463 loss_D_A=0.0750 loss_D_B=0.1324 cycle=0.1198 idt=0.1018 gnorm=22.990 dnorm=4.351 nan=0
2026-10-04 03:40:21,453 epoch=141 step=2900 loss_G=2.5834 loss_D_A=0.1296 loss_D_B=0.0290 cycle=0.1213 idt=0.0983 gnorm=23.487 dnorm=4.162 nan=0
2026-10-04 03:40:36,565 epoch=141 step=3000 loss_G=1.9920 loss_D_A=0.0786 loss_D_B=0.2145 cycle=0.0969 idt=0.0687 gnorm=23.738 dnorm=5.625 nan=0
2026-10-04 03:40:51,977 epoch=141 step=3100 loss_G=3.7003 loss_D_A=0.0852 loss_D_B=0.0805 cycle=0.1039 idt=0.1188 gnorm=36.184 dnorm=4.783 nan=0
2026-10-04 03:41:07,383 epoch=141 step=3200 loss_G=1.5256 loss_D_A=0.3004 loss_D_B=0.1874 cycle=0.0674 idt=0.0512 gnorm=22.184 dnorm=8.329 nan=0
2026-10-04 03:41:22,706 epoch=141 step=3300 loss_G=1.7042 loss_D_A=0.0414 loss_D_B=0.0702 cycle=0.0897 idt=0.0661 gnorm=31.548 dnorm=3.564 nan=0
2026-10-04 03:41:37,803 epoch=141 step=3400 loss_G=1.8169 loss_D_A=0.1677 loss_D_B=0.2135 cycle=0.0822 idt=0.0510 gnorm=16.324 dnorm=5.980 nan=0
2026-10-04 03:41:52,918 epoch=141 step=3500 loss_G=1.5701 loss_D_A=0.2207 loss_D_B=0.1555 cycle=0.0941 idt=0.0671 gnorm=36.116 dnorm=6.021 nan=0
2026-10-04 03:42:08,245 epoch=141 step=3600 loss_G=2.5906 loss_D_A=0.1672 loss_D_B=0.1619 cycle=0.0979 idt=0.1283 gnorm=36.271 dnorm=8.430 nan=0
2026-10-04 03:42:23,597 epoch=141 step=3700 loss_G=2.4240 loss_D_A=0.1696 loss_D_B=0.2618 cycle=0.0978 idt=0.0754 gnorm=59.633 dnorm=6.526 nan=0
2026-10-04 03:42:38,872 epoch=141 step=3800 loss_G=2.0383 loss_D_A=0.2004 loss_D_B=0.0797 cycle=0.0760 idt=0.0610 gnorm=33.290 dnorm=8.497 nan=0
2026-10-04 03:42:54,175 epoch=141 step=3900 loss_G=2.2000 loss_D_A=0.0517 loss_D_B=0.3164 cycle=0.1270 idt=0.0671 gnorm=47.797 dnorm=7.070 nan=0
2026-10-04 03:43:09,443 epoch=141 step=4000 loss_G=1.9923 loss_D_A=0.0720 loss_D_B=0.1399 cycle=0.0884 idt=0.0521 gnorm=27.266 dnorm=7.269 nan=0
2026-10-04 03:43:24,751 epoch=141 step=4100 loss_G=1.7335 loss_D_A=0.1533 loss_D_B=0.0794 cycle=0.0941 idt=0.0513 gnorm=35.878 dnorm=6.892 nan=0
2026-10-04 03:43:39,854 epoch=141 step=4200 loss_G=1.7558 loss_D_A=0.2034 loss_D_B=0.2977 cycle=0.0870 idt=0.0530 gnorm=22.770 dnorm=8.337 nan=0
2026-10-04 03:43:54,904 epoch=141 step=4300 loss_G=2.2476 loss_D_A=0.1160 loss_D_B=0.4489 cycle=0.0944 idt=0.0560 gnorm=31.077 dnorm=11.910 nan=0
2026-10-04 03:44:10,155 epoch=141 step=4400 loss_G=2.2221 loss_D_A=0.1269 loss_D_B=0.2959 cycle=0.1249 idt=0.0669 gnorm=40.349 dnorm=9.797 nan=0
2026-10-04 03:44:25,456 epoch=141 step=4500 loss_G=1.9551 loss_D_A=0.2302 loss_D_B=0.2739 cycle=0.1018 idt=0.0638 gnorm=13.463 dnorm=8.950 nan=0
2026-10-04 03:44:40,836 epoch=141 step=4600 loss_G=2.3626 loss_D_A=0.2177 loss_D_B=0.1085 cycle=0.0922 idt=0.0804 gnorm=32.417 dnorm=6.878 nan=0
2026-10-04 03:44:56,106 epoch=141 step=4700 loss_G=2.4577 loss_D_A=0.1706 loss_D_B=0.2400 cycle=0.0780 idt=0.0643 gnorm=24.857 dnorm=11.301 nan=0
2026-10-04 03:45:11,372 epoch=141 step=4800 loss_G=2.3917 loss_D_A=0.0383 loss_D_B=0.1580 cycle=0.1001 idt=0.0637 gnorm=28.124 dnorm=5.025 nan=0
2026-10-04 03:45:26,545 epoch=141 step=4900 loss_G=1.8170 loss_D_A=0.1195 loss_D_B=0.1275 cycle=0.1004 idt=0.0863 gnorm=30.834 dnorm=6.029 nan=0
2026-10-04 03:45:41,859 epoch=141 step=5000 loss_G=1.9398 loss_D_A=0.1832 loss_D_B=0.1554 cycle=0.0857 idt=0.0568 gnorm=31.239 dnorm=5.998 nan=0
2026-10-04 03:45:57,171 epoch=141 step=5100 loss_G=2.8316 loss_D_A=0.1594 loss_D_B=0.2113 cycle=0.1143 idt=0.1335 gnorm=50.149 dnorm=7.165 nan=0
2026-10-04 03:46:12,504 epoch=141 step=5200 loss_G=2.4760 loss_D_A=0.0426 loss_D_B=0.1046 cycle=0.0704 idt=0.0443 gnorm=33.893 dnorm=4.476 nan=0
2026-10-04 03:46:27,783 epoch=141 step=5300 loss_G=2.4606 loss_D_A=0.0440 loss_D_B=0.1518 cycle=0.0920 idt=0.0653 gnorm=32.695 dnorm=5.084 nan=0
2026-10-04 03:46:43,036 epoch=141 step=5400 loss_G=1.9801 loss_D_A=0.1376 loss_D_B=0.2012 cycle=0.1146 idt=0.0782 gnorm=19.372 dnorm=6.778 nan=0
2026-10-04 03:46:58,440 epoch=141 step=5500 loss_G=1.8617 loss_D_A=0.1786 loss_D_B=0.0925 cycle=0.0805 idt=0.0599 gnorm=22.766 dnorm=4.968 nan=0
2026-10-04 03:47:13,778 epoch=141 step=5600 loss_G=1.6260 loss_D_A=0.0526 loss_D_B=0.0711 cycle=0.0755 idt=0.0546 gnorm=20.123 dnorm=5.485 nan=0
2026-10-04 03:47:29,083 epoch=141 step=5700 loss_G=2.1953 loss_D_A=0.0906 loss_D_B=0.1119 cycle=0.0806 idt=0.0541 gnorm=27.440 dnorm=3.826 nan=0
2026-10-04 03:47:44,421 epoch=141 step=5800 loss_G=1.5651 loss_D_A=0.1659 loss_D_B=0.1660 cycle=0.0717 idt=0.0468 gnorm=27.294 dnorm=5.226 nan=0
2026-10-04 03:47:59,729 epoch=141 step=5900 loss_G=2.0943 loss_D_A=0.1533 loss_D_B=0.1425 cycle=0.1225 idt=0.0710 gnorm=40.671 dnorm=5.543 nan=0
2026-10-04 03:48:15,037 epoch=141 step=6000 loss_G=1.8125 loss_D_A=0.0467 loss_D_B=0.2041 cycle=0.0724 idt=0.0429 gnorm=36.145 dnorm=6.916 nan=0
2026-10-04 03:48:30,275 epoch=141 step=6100 loss_G=1.4600 loss_D_A=0.1463 loss_D_B=0.1988 cycle=0.0703 idt=0.0441 gnorm=15.902 dnorm=7.799 nan=0
2026-10-04 03:48:45,609 epoch=141 step=6200 loss_G=2.2840 loss_D_A=0.1392 loss_D_B=0.3689 cycle=0.0769 idt=0.0497 gnorm=18.331 dnorm=12.679 nan=0
2026-10-04 03:49:00,913 epoch=141 step=6300 loss_G=2.2531 loss_D_A=0.1256 loss_D_B=0.1732 cycle=0.0863 idt=0.0590 gnorm=32.228 dnorm=5.853 nan=0
2026-10-04 03:49:16,217 epoch=141 step=6400 loss_G=1.9984 loss_D_A=0.1799 loss_D_B=0.1926 cycle=0.0870 idt=0.0618 gnorm=21.111 dnorm=9.185 nan=0
2026-10-04 03:49:21,998 epoch_mean={'g': 2.21585686912667, 'd_a': 0.16410893525866924, 'd_b': 0.17436741108700296, 'cycle': 0.09276142576608128, 'identity': 0.06806049423952508, 'epoch': 141}
2026-10-04 03:49:22,626 epoch=142 step=1 loss_G=1.8643 loss_D_A=0.0682 loss_D_B=0.2191 cycle=0.0909 idt=0.0646 gnorm=20.560 dnorm=6.056 nan=0
2026-10-04 03:49:37,860 epoch=142 step=100 loss_G=1.9471 loss_D_A=0.2852 loss_D_B=0.2283 cycle=0.1018 idt=0.0637 gnorm=41.178 dnorm=8.124 nan=0
2026-10-04 03:49:52,689 epoch=142 step=200 loss_G=2.1122 loss_D_A=0.3032 loss_D_B=0.1264 cycle=0.0902 idt=0.0744 gnorm=32.863 dnorm=7.839 nan=0
2026-10-04 03:50:08,037 epoch=142 step=300 loss_G=2.1788 loss_D_A=0.1232 loss_D_B=0.1506 cycle=0.1104 idt=0.0879 gnorm=38.480 dnorm=6.367 nan=0
2026-10-04 03:50:23,286 epoch=142 step=400 loss_G=2.3009 loss_D_A=0.1097 loss_D_B=0.1753 cycle=0.0840 idt=0.0660 gnorm=27.342 dnorm=5.197 nan=0
2026-10-04 03:50:38,277 epoch=142 step=500 loss_G=1.9509 loss_D_A=0.1436 loss_D_B=0.3576 cycle=0.0979 idt=0.0575 gnorm=42.709 dnorm=11.650 nan=0
2026-10-04 03:50:53,404 epoch=142 step=600 loss_G=2.0786 loss_D_A=0.1527 loss_D_B=0.1729 cycle=0.0698 idt=0.0680 gnorm=16.293 dnorm=6.366 nan=0
2026-10-04 03:51:08,136 epoch=142 step=700 loss_G=2.7700 loss_D_A=0.0994 loss_D_B=0.1243 cycle=0.1399 idt=0.1020 gnorm=39.221 dnorm=4.573 nan=0
2026-10-04 03:51:23,394 epoch=142 step=800 loss_G=3.1963 loss_D_A=0.0603 loss_D_B=0.2739 cycle=0.0872 idt=0.1090 gnorm=34.677 dnorm=15.688 nan=0
2026-10-04 03:51:38,684 epoch=142 step=900 loss_G=2.1408 loss_D_A=0.0722 loss_D_B=0.1641 cycle=0.0827 idt=0.0596 gnorm=27.129 dnorm=6.374 nan=0
2026-10-04 03:51:53,980 epoch=142 step=1000 loss_G=2.3525 loss_D_A=0.1348 loss_D_B=0.3546 cycle=0.1056 idt=0.0726 gnorm=42.011 dnorm=10.391 nan=0
2026-10-04 03:52:09,240 epoch=142 step=1100 loss_G=2.5761 loss_D_A=0.1693 loss_D_B=0.2801 cycle=0.0613 idt=0.0420 gnorm=19.353 dnorm=12.277 nan=0
2026-10-04 03:52:24,601 epoch=142 step=1200 loss_G=1.7487 loss_D_A=0.3712 loss_D_B=0.2196 cycle=0.0774 idt=0.0559 gnorm=21.973 dnorm=10.060 nan=0
2026-10-04 03:52:39,980 epoch=142 step=1300 loss_G=2.0950 loss_D_A=0.0743 loss_D_B=0.2151 cycle=0.0874 idt=0.0529 gnorm=27.154 dnorm=5.718 nan=0
2026-10-04 03:52:55,307 epoch=142 step=1400 loss_G=2.5880 loss_D_A=0.1283 loss_D_B=0.0907 cycle=0.1012 idt=0.0733 gnorm=29.431 dnorm=6.691 nan=0
2026-10-04 03:53:10,564 epoch=142 step=1500 loss_G=2.5801 loss_D_A=0.2500 loss_D_B=0.1968 cycle=0.0891 idt=0.0771 gnorm=35.240 dnorm=8.602 nan=0
2026-10-04 03:53:25,952 epoch=142 step=1600 loss_G=2.4193 loss_D_A=0.0253 loss_D_B=0.3226 cycle=0.1020 idt=0.1111 gnorm=32.700 dnorm=10.572 nan=0
2026-10-04 03:53:41,064 epoch=142 step=1700 loss_G=2.4975 loss_D_A=0.0619 loss_D_B=0.1026 cycle=0.0969 idt=0.0555 gnorm=30.889 dnorm=3.583 nan=0
2026-10-04 03:53:56,380 epoch=142 step=1800 loss_G=1.3888 loss_D_A=0.2464 loss_D_B=0.1367 cycle=0.0668 idt=0.0448 gnorm=21.547 dnorm=8.484 nan=0
2026-10-04 03:54:11,761 epoch=142 step=1900 loss_G=2.4005 loss_D_A=0.1218 loss_D_B=0.0540 cycle=0.0734 idt=0.0510 gnorm=28.905 dnorm=4.439 nan=0
2026-10-04 03:54:27,088 epoch=142 step=2000 loss_G=2.2014 loss_D_A=0.0657 loss_D_B=0.2200 cycle=0.0844 idt=0.0529 gnorm=19.607 dnorm=10.429 nan=0
2026-10-04 03:54:42,420 epoch=142 step=2100 loss_G=1.7463 loss_D_A=0.1379 loss_D_B=0.1693 cycle=0.0781 idt=0.0599 gnorm=38.487 dnorm=6.197 nan=0
2026-10-04 03:54:58,511 epoch=142 step=2200 loss_G=2.0850 loss_D_A=0.2511 loss_D_B=0.2371 cycle=0.0606 idt=0.0602 gnorm=29.689 dnorm=9.317 nan=0
2026-10-04 03:55:13,889 epoch=142 step=2300 loss_G=2.0384 loss_D_A=0.2256 loss_D_B=0.1173 cycle=0.0699 idt=0.0507 gnorm=25.198 dnorm=8.689 nan=0
2026-10-04 03:55:29,150 epoch=142 step=2400 loss_G=2.3919 loss_D_A=0.1237 loss_D_B=0.2926 cycle=0.1203 idt=0.0974 gnorm=41.028 dnorm=9.911 nan=0
2026-10-04 03:55:44,451 epoch=142 step=2500 loss_G=2.8160 loss_D_A=0.1903 loss_D_B=0.1518 cycle=0.0840 idt=0.0626 gnorm=38.703 dnorm=8.364 nan=0
2026-10-04 03:55:59,418 epoch=142 step=2600 loss_G=1.8132 loss_D_A=0.3476 loss_D_B=0.0669 cycle=0.0801 idt=0.0738 gnorm=27.472 dnorm=8.200 nan=0
2026-10-04 03:56:13,675 epoch=142 step=2700 loss_G=1.5656 loss_D_A=0.2182 loss_D_B=0.2898 cycle=0.0837 idt=0.0565 gnorm=13.010 dnorm=10.634 nan=0
2026-10-04 03:56:28,981 epoch=142 step=2800 loss_G=1.7837 loss_D_A=0.1112 loss_D_B=0.2028 cycle=0.0720 idt=0.0496 gnorm=14.502 dnorm=8.090 nan=0
2026-10-04 03:56:44,177 epoch=142 step=2900 loss_G=1.5474 loss_D_A=0.1373 loss_D_B=0.2179 cycle=0.0629 idt=0.0644 gnorm=19.442 dnorm=6.626 nan=0
2026-10-04 03:56:59,003 epoch=142 step=3000 loss_G=2.1273 loss_D_A=0.1645 loss_D_B=0.2386 cycle=0.0846 idt=0.0452 gnorm=33.390 dnorm=8.365 nan=0
2026-10-04 03:57:14,365 epoch=142 step=3100 loss_G=1.5241 loss_D_A=0.0631 loss_D_B=0.1890 cycle=0.0655 idt=0.0354 gnorm=16.520 dnorm=6.829 nan=0
2026-10-04 03:57:29,134 epoch=142 step=3200 loss_G=2.2770 loss_D_A=0.0953 loss_D_B=0.2150 cycle=0.1260 idt=0.0459 gnorm=42.919 dnorm=5.987 nan=0
2026-10-04 03:57:43,950 epoch=142 step=3300 loss_G=2.2999 loss_D_A=0.1452 loss_D_B=0.0382 cycle=0.0815 idt=0.0618 gnorm=30.275 dnorm=4.558 nan=0
2026-10-04 03:57:59,313 epoch=142 step=3400 loss_G=2.0676 loss_D_A=0.1106 loss_D_B=0.1151 cycle=0.1058 idt=0.0896 gnorm=38.967 dnorm=6.629 nan=0
2026-10-04 03:58:14,143 epoch=142 step=3500 loss_G=2.8732 loss_D_A=0.1151 loss_D_B=0.2598 cycle=0.1105 idt=0.0984 gnorm=33.782 dnorm=9.232 nan=0
2026-10-04 03:58:28,845 epoch=142 step=3600 loss_G=2.9029 loss_D_A=0.0543 loss_D_B=0.1013 cycle=0.1279 idt=0.0799 gnorm=35.910 dnorm=6.311 nan=0
2026-10-04 03:58:44,279 epoch=142 step=3700 loss_G=1.7863 loss_D_A=0.3593 loss_D_B=0.0898 cycle=0.0747 idt=0.0537 gnorm=19.929 dnorm=11.827 nan=0
2026-10-04 03:58:59,605 epoch=142 step=3800 loss_G=2.4497 loss_D_A=0.1084 loss_D_B=0.2479 cycle=0.1256 idt=0.0980 gnorm=32.716 dnorm=8.325 nan=0
2026-10-04 03:59:14,740 epoch=142 step=3900 loss_G=3.0541 loss_D_A=0.1398 loss_D_B=0.1620 cycle=0.0928 idt=0.0622 gnorm=28.451 dnorm=6.134 nan=0
2026-10-04 03:59:30,030 epoch=142 step=4000 loss_G=1.8491 loss_D_A=0.1693 loss_D_B=0.1115 cycle=0.0655 idt=0.0466 gnorm=22.131 dnorm=8.078 nan=0
2026-10-04 03:59:45,345 epoch=142 step=4100 loss_G=2.2187 loss_D_A=0.0436 loss_D_B=0.2487 cycle=0.0814 idt=0.0510 gnorm=16.212 dnorm=14.437 nan=0
2026-10-04 04:00:00,279 epoch=142 step=4200 loss_G=2.1088 loss_D_A=0.1155 loss_D_B=0.1442 cycle=0.1040 idt=0.0840 gnorm=26.243 dnorm=5.152 nan=0
2026-10-04 04:00:15,596 epoch=142 step=4300 loss_G=2.2264 loss_D_A=0.2535 loss_D_B=0.0722 cycle=0.1158 idt=0.0809 gnorm=37.311 dnorm=9.081 nan=0
2026-10-04 04:00:30,414 epoch=142 step=4400 loss_G=2.0367 loss_D_A=0.2294 loss_D_B=0.1264 cycle=0.0713 idt=0.0513 gnorm=34.729 dnorm=7.543 nan=0
2026-10-04 04:00:45,096 epoch=142 step=4500 loss_G=2.4172 loss_D_A=0.2450 loss_D_B=0.1058 cycle=0.1102 idt=0.0816 gnorm=28.123 dnorm=6.343 nan=0
2026-10-04 04:01:00,046 epoch=142 step=4600 loss_G=1.9695 loss_D_A=0.3132 loss_D_B=0.1526 cycle=0.0710 idt=0.0574 gnorm=17.957 dnorm=6.611 nan=0
2026-10-04 04:01:15,140 epoch=142 step=4700 loss_G=1.9619 loss_D_A=0.3120 loss_D_B=0.2248 cycle=0.0725 idt=0.0572 gnorm=21.511 dnorm=7.547 nan=0
2026-10-04 04:01:30,446 epoch=142 step=4800 loss_G=2.7890 loss_D_A=0.0953 loss_D_B=0.1170 cycle=0.1018 idt=0.0464 gnorm=35.270 dnorm=6.382 nan=0
2026-10-04 04:01:45,819 epoch=142 step=4900 loss_G=2.2984 loss_D_A=0.0640 loss_D_B=0.2265 cycle=0.0918 idt=0.0648 gnorm=23.687 dnorm=6.698 nan=0
2026-10-04 04:02:01,149 epoch=142 step=5000 loss_G=2.5215 loss_D_A=0.0512 loss_D_B=0.0390 cycle=0.0953 idt=0.0639 gnorm=24.055 dnorm=3.284 nan=0
2026-10-04 04:02:16,454 epoch=142 step=5100 loss_G=2.4216 loss_D_A=0.0475 loss_D_B=0.3232 cycle=0.1024 idt=0.0671 gnorm=39.060 dnorm=7.587 nan=0
2026-10-04 04:02:31,485 epoch=142 step=5200 loss_G=1.8903 loss_D_A=0.1281 loss_D_B=0.1164 cycle=0.0829 idt=0.0623 gnorm=18.548 dnorm=5.451 nan=0
2026-10-04 04:02:46,754 epoch=142 step=5300 loss_G=1.5891 loss_D_A=0.3362 loss_D_B=0.3458 cycle=0.0799 idt=0.0590 gnorm=24.337 dnorm=8.691 nan=0
2026-10-04 04:03:01,858 epoch=142 step=5400 loss_G=2.7204 loss_D_A=0.2189 loss_D_B=0.1256 cycle=0.0928 idt=0.0633 gnorm=23.620 dnorm=7.593 nan=0
2026-10-04 04:03:17,210 epoch=142 step=5500 loss_G=2.4769 loss_D_A=0.0817 loss_D_B=0.1709 cycle=0.0987 idt=0.0968 gnorm=38.562 dnorm=7.103 nan=0
2026-10-04 04:03:32,494 epoch=142 step=5600 loss_G=1.9618 loss_D_A=0.0782 loss_D_B=0.1981 cycle=0.0928 idt=0.0740 gnorm=17.516 dnorm=9.410 nan=0
2026-10-04 04:03:47,734 epoch=142 step=5700 loss_G=1.6682 loss_D_A=0.2699 loss_D_B=0.1427 cycle=0.0797 idt=0.0433 gnorm=24.831 dnorm=9.080 nan=0
2026-10-04 04:04:02,868 epoch=142 step=5800 loss_G=2.2470 loss_D_A=0.1231 loss_D_B=0.0673 cycle=0.0778 idt=0.0545 gnorm=17.867 dnorm=4.533 nan=0
2026-10-04 04:04:18,200 epoch=142 step=5900 loss_G=1.8196 loss_D_A=0.2946 loss_D_B=0.1394 cycle=0.0678 idt=0.0525 gnorm=17.702 dnorm=6.825 nan=0
2026-10-04 04:04:33,395 epoch=142 step=6000 loss_G=2.4128 loss_D_A=0.2614 loss_D_B=0.2251 cycle=0.1374 idt=0.0843 gnorm=25.954 dnorm=8.905 nan=0
2026-10-04 04:04:48,208 epoch=142 step=6100 loss_G=2.7399 loss_D_A=0.2206 loss_D_B=0.1161 cycle=0.1419 idt=0.0958 gnorm=51.161 dnorm=7.394 nan=0
2026-10-04 04:05:03,127 epoch=142 step=6200 loss_G=1.7775 loss_D_A=0.0566 loss_D_B=0.1023 cycle=0.0799 idt=0.0535 gnorm=22.757 dnorm=5.131 nan=0
2026-10-04 04:05:18,385 epoch=142 step=6300 loss_G=2.7715 loss_D_A=0.1248 loss_D_B=0.0438 cycle=0.1496 idt=0.1053 gnorm=48.589 dnorm=6.030 nan=0
2026-10-04 04:05:33,562 epoch=142 step=6400 loss_G=2.1223 loss_D_A=0.1502 loss_D_B=0.1299 cycle=0.0870 idt=0.0678 gnorm=30.985 dnorm=5.382 nan=0
2026-10-04 04:05:39,346 epoch_mean={'g': 2.2115045069315005, 'd_a': 0.16379998625713538, 'd_b': 0.1736861457362535, 'cycle': 0.09246075319999418, 'identity': 0.06730401571510222, 'epoch': 142}
2026-10-04 04:05:39,938 epoch=143 step=1 loss_G=2.3811 loss_D_A=0.1202 loss_D_B=0.0921 cycle=0.0887 idt=0.0612 gnorm=25.993 dnorm=5.645 nan=0
2026-10-04 04:05:54,735 epoch=143 step=100 loss_G=2.3374 loss_D_A=0.0397 loss_D_B=0.2884 cycle=0.0886 idt=0.0614 gnorm=22.919 dnorm=8.902 nan=0
2026-10-04 04:06:10,075 epoch=143 step=200 loss_G=2.4420 loss_D_A=0.1391 loss_D_B=0.3556 cycle=0.1009 idt=0.0685 gnorm=25.618 dnorm=9.632 nan=0
2026-10-04 04:06:25,259 epoch=143 step=300 loss_G=1.4086 loss_D_A=0.1615 loss_D_B=0.2141 cycle=0.0814 idt=0.0545 gnorm=17.133 dnorm=7.477 nan=0
2026-10-04 04:06:40,391 epoch=143 step=400 loss_G=2.0744 loss_D_A=0.1613 loss_D_B=0.1869 cycle=0.0993 idt=0.0672 gnorm=34.339 dnorm=7.107 nan=0
2026-10-04 04:06:55,314 epoch=143 step=500 loss_G=2.4759 loss_D_A=0.1765 loss_D_B=0.0516 cycle=0.0943 idt=0.0707 gnorm=19.898 dnorm=5.618 nan=0
2026-10-04 04:07:10,576 epoch=143 step=600 loss_G=2.0594 loss_D_A=0.1646 loss_D_B=0.2291 cycle=0.1126 idt=0.0785 gnorm=41.963 dnorm=6.141 nan=0
2026-10-04 04:07:26,017 epoch=143 step=700 loss_G=1.7194 loss_D_A=0.0814 loss_D_B=0.2156 cycle=0.0780 idt=0.0452 gnorm=26.720 dnorm=5.532 nan=0
2026-10-04 04:07:41,317 epoch=143 step=800 loss_G=2.4286 loss_D_A=0.0393 loss_D_B=0.1537 cycle=0.0896 idt=0.0576 gnorm=26.787 dnorm=5.378 nan=0
2026-10-04 04:07:56,588 epoch=143 step=900 loss_G=2.0104 loss_D_A=0.3227 loss_D_B=0.1719 cycle=0.1158 idt=0.0937 gnorm=39.128 dnorm=8.879 nan=0
2026-10-04 04:08:11,877 epoch=143 step=1000 loss_G=2.3157 loss_D_A=0.1129 loss_D_B=0.1947 cycle=0.0814 idt=0.0693 gnorm=28.443 dnorm=5.197 nan=0
2026-10-04 04:08:27,078 epoch=143 step=1100 loss_G=1.8478 loss_D_A=0.0959 loss_D_B=0.1088 cycle=0.0775 idt=0.0515 gnorm=24.565 dnorm=4.431 nan=0
2026-10-04 04:08:42,348 epoch=143 step=1200 loss_G=2.0957 loss_D_A=0.1057 loss_D_B=0.0792 cycle=0.0771 idt=0.0445 gnorm=16.850 dnorm=4.450 nan=0
2026-10-04 04:08:57,793 epoch=143 step=1300 loss_G=1.7856 loss_D_A=0.1565 loss_D_B=0.1449 cycle=0.0789 idt=0.0481 gnorm=30.099 dnorm=6.031 nan=0
2026-10-04 04:09:13,170 epoch=143 step=1400 loss_G=2.0578 loss_D_A=0.2862 loss_D_B=0.0765 cycle=0.0702 idt=0.0444 gnorm=25.226 dnorm=8.785 nan=0
2026-10-04 04:09:28,443 epoch=143 step=1500 loss_G=2.6995 loss_D_A=0.2307 loss_D_B=0.2859 cycle=0.1060 idt=0.0913 gnorm=45.973 dnorm=9.315 nan=0
2026-10-04 04:09:43,721 epoch=143 step=1600 loss_G=2.3870 loss_D_A=0.1831 loss_D_B=0.1650 cycle=0.1032 idt=0.0897 gnorm=20.404 dnorm=5.493 nan=0
2026-10-04 04:09:59,071 epoch=143 step=1700 loss_G=1.3883 loss_D_A=0.1567 loss_D_B=0.1332 cycle=0.0681 idt=0.0439 gnorm=16.290 dnorm=8.307 nan=0
2026-10-04 04:10:14,174 epoch=143 step=1800 loss_G=2.1655 loss_D_A=0.1759 loss_D_B=0.4281 cycle=0.0931 idt=0.0695 gnorm=42.984 dnorm=10.335 nan=0
2026-10-04 04:10:29,513 epoch=143 step=1900 loss_G=2.5270 loss_D_A=0.1704 loss_D_B=0.1938 cycle=0.0980 idt=0.0710 gnorm=33.505 dnorm=10.926 nan=0
2026-10-04 04:10:44,855 epoch=143 step=2000 loss_G=2.1933 loss_D_A=0.1810 loss_D_B=0.0650 cycle=0.0892 idt=0.0923 gnorm=29.668 dnorm=8.146 nan=0
2026-10-04 04:11:00,107 epoch=143 step=2100 loss_G=2.3026 loss_D_A=0.2139 loss_D_B=0.1148 cycle=0.0830 idt=0.0550 gnorm=28.231 dnorm=5.066 nan=0
2026-10-04 04:11:15,159 epoch=143 step=2200 loss_G=2.6189 loss_D_A=0.0639 loss_D_B=0.2520 cycle=0.0901 idt=0.0482 gnorm=31.727 dnorm=7.410 nan=0
2026-10-04 04:11:30,484 epoch=143 step=2300 loss_G=2.1481 loss_D_A=0.3668 loss_D_B=0.0458 cycle=0.1084 idt=0.0817 gnorm=40.044 dnorm=9.130 nan=0
2026-10-04 04:11:45,494 epoch=143 step=2400 loss_G=1.6784 loss_D_A=0.0791 loss_D_B=0.2052 cycle=0.0710 idt=0.0608 gnorm=23.454 dnorm=7.268 nan=0
2026-10-04 04:12:00,838 epoch=143 step=2500 loss_G=3.0465 loss_D_A=0.1963 loss_D_B=0.0966 cycle=0.1214 idt=0.0692 gnorm=43.762 dnorm=7.928 nan=0
2026-10-04 04:12:16,111 epoch=143 step=2600 loss_G=2.1529 loss_D_A=0.2229 loss_D_B=0.1432 cycle=0.0786 idt=0.0426 gnorm=20.644 dnorm=8.357 nan=0
2026-10-04 04:12:31,419 epoch=143 step=2700 loss_G=1.8741 loss_D_A=0.0660 loss_D_B=0.1703 cycle=0.1068 idt=0.0513 gnorm=35.450 dnorm=5.504 nan=0
2026-10-04 04:12:46,691 epoch=143 step=2800 loss_G=1.8436 loss_D_A=0.1252 loss_D_B=0.1889 cycle=0.0845 idt=0.0626 gnorm=21.322 dnorm=5.788 nan=0
2026-10-04 04:13:02,035 epoch=143 step=2900 loss_G=2.2489 loss_D_A=0.0720 loss_D_B=0.2032 cycle=0.0784 idt=0.0469 gnorm=26.742 dnorm=8.497 nan=0
2026-10-04 04:13:17,321 epoch=143 step=3000 loss_G=2.0183 loss_D_A=0.0440 loss_D_B=0.1245 cycle=0.0633 idt=0.0822 gnorm=23.777 dnorm=4.284 nan=0
2026-10-04 04:13:32,302 epoch=143 step=3100 loss_G=1.7890 loss_D_A=0.0526 loss_D_B=0.1980 cycle=0.0549 idt=0.0364 gnorm=17.979 dnorm=7.098 nan=0
2026-10-04 04:13:47,656 epoch=143 step=3200 loss_G=2.1785 loss_D_A=0.2199 loss_D_B=0.1588 cycle=0.1154 idt=0.0825 gnorm=39.819 dnorm=11.514 nan=0
2026-10-04 04:14:02,932 epoch=143 step=3300 loss_G=2.5134 loss_D_A=0.3418 loss_D_B=0.1013 cycle=0.1037 idt=0.0924 gnorm=39.949 dnorm=10.145 nan=0
2026-10-04 04:14:17,530 epoch=143 step=3400 loss_G=2.5480 loss_D_A=0.2373 loss_D_B=0.1994 cycle=0.1175 idt=0.0815 gnorm=53.124 dnorm=8.526 nan=0
2026-10-04 04:14:32,925 epoch=143 step=3500 loss_G=2.9035 loss_D_A=0.2522 loss_D_B=0.2874 cycle=0.1573 idt=0.1111 gnorm=37.051 dnorm=11.923 nan=0
2026-10-04 04:14:48,192 epoch=143 step=3600 loss_G=2.4864 loss_D_A=0.0755 loss_D_B=0.0909 cycle=0.0738 idt=0.0536 gnorm=24.449 dnorm=7.819 nan=0
2026-10-04 04:15:03,047 epoch=143 step=3700 loss_G=2.5511 loss_D_A=0.2237 loss_D_B=0.0688 cycle=0.0867 idt=0.0533 gnorm=34.560 dnorm=4.524 nan=0
2026-10-04 04:15:18,590 epoch=143 step=3800 loss_G=2.3548 loss_D_A=0.0998 loss_D_B=0.0607 cycle=0.0906 idt=0.0664 gnorm=17.229 dnorm=4.256 nan=0
2026-10-04 04:15:33,877 epoch=143 step=3900 loss_G=2.8666 loss_D_A=0.1959 loss_D_B=0.3622 cycle=0.0984 idt=0.0734 gnorm=16.521 dnorm=9.743 nan=0
2026-10-04 04:15:49,176 epoch=143 step=4000 loss_G=2.1320 loss_D_A=0.1096 loss_D_B=0.1605 cycle=0.0760 idt=0.0559 gnorm=15.945 dnorm=5.927 nan=0
2026-10-04 04:16:04,405 epoch=143 step=4100 loss_G=2.8831 loss_D_A=0.1550 loss_D_B=0.1564 cycle=0.1690 idt=0.0814 gnorm=28.905 dnorm=10.894 nan=0
2026-10-04 04:16:19,704 epoch=143 step=4200 loss_G=1.6997 loss_D_A=0.1519 loss_D_B=0.0620 cycle=0.0788 idt=0.0657 gnorm=21.871 dnorm=5.514 nan=0
2026-10-04 04:16:34,991 epoch=143 step=4300 loss_G=1.7327 loss_D_A=0.1628 loss_D_B=0.1003 cycle=0.0713 idt=0.0506 gnorm=25.190 dnorm=5.819 nan=0
2026-10-04 04:16:50,331 epoch=143 step=4400 loss_G=2.4331 loss_D_A=0.4012 loss_D_B=0.0658 cycle=0.1095 idt=0.1030 gnorm=28.702 dnorm=9.939 nan=0
2026-10-04 04:17:05,627 epoch=143 step=4500 loss_G=2.9169 loss_D_A=0.2274 loss_D_B=0.2157 cycle=0.1024 idt=0.0832 gnorm=30.301 dnorm=9.079 nan=0
2026-10-04 04:17:20,918 epoch=143 step=4600 loss_G=1.8665 loss_D_A=0.2333 loss_D_B=0.0566 cycle=0.0780 idt=0.0557 gnorm=25.363 dnorm=6.275 nan=0
2026-10-04 04:17:36,245 epoch=143 step=4700 loss_G=2.0581 loss_D_A=0.1857 loss_D_B=0.1491 cycle=0.0944 idt=0.0548 gnorm=36.328 dnorm=7.409 nan=0
2026-10-04 04:17:51,377 epoch=143 step=4800 loss_G=2.1712 loss_D_A=0.2510 loss_D_B=0.0304 cycle=0.0906 idt=0.0698 gnorm=33.892 dnorm=6.092 nan=0
2026-10-04 04:18:06,392 epoch=143 step=4900 loss_G=2.1499 loss_D_A=0.1356 loss_D_B=0.1867 cycle=0.0800 idt=0.0558 gnorm=23.984 dnorm=6.653 nan=0
2026-10-04 04:18:21,552 epoch=143 step=5000 loss_G=2.0612 loss_D_A=0.0921 loss_D_B=0.1109 cycle=0.0784 idt=0.0471 gnorm=32.256 dnorm=6.917 nan=0
2026-10-04 04:18:36,780 epoch=143 step=5100 loss_G=2.0309 loss_D_A=0.0580 loss_D_B=0.2105 cycle=0.0757 idt=0.0557 gnorm=18.325 dnorm=5.882 nan=0
2026-10-04 04:18:52,084 epoch=143 step=5200 loss_G=2.3352 loss_D_A=0.1490 loss_D_B=0.2564 cycle=0.0762 idt=0.0682 gnorm=30.479 dnorm=8.969 nan=0
2026-10-04 04:19:07,433 epoch=143 step=5300 loss_G=1.9933 loss_D_A=0.1247 loss_D_B=0.1872 cycle=0.0884 idt=0.0695 gnorm=23.994 dnorm=7.919 nan=0
2026-10-04 04:19:22,700 epoch=143 step=5400 loss_G=3.3002 loss_D_A=0.1603 loss_D_B=0.1418 cycle=0.1316 idt=0.1334 gnorm=42.930 dnorm=6.912 nan=0
2026-10-04 04:19:38,074 epoch=143 step=5500 loss_G=2.4456 loss_D_A=0.4074 loss_D_B=0.2244 cycle=0.0926 idt=0.0663 gnorm=27.189 dnorm=9.269 nan=0
2026-10-04 04:19:52,913 epoch=143 step=5600 loss_G=2.0070 loss_D_A=0.2243 loss_D_B=0.2573 cycle=0.0747 idt=0.0522 gnorm=16.077 dnorm=7.302 nan=0
2026-10-04 04:20:08,329 epoch=143 step=5700 loss_G=1.9856 loss_D_A=0.0995 loss_D_B=0.1366 cycle=0.0842 idt=0.0616 gnorm=22.756 dnorm=5.558 nan=0
2026-10-04 04:20:23,647 epoch=143 step=5800 loss_G=2.6466 loss_D_A=0.1450 loss_D_B=0.1218 cycle=0.0738 idt=0.0626 gnorm=27.911 dnorm=5.319 nan=0
2026-10-04 04:20:38,835 epoch=143 step=5900 loss_G=1.8578 loss_D_A=0.1751 loss_D_B=0.1081 cycle=0.0816 idt=0.0489 gnorm=24.195 dnorm=8.459 nan=0
2026-10-04 04:20:54,170 epoch=143 step=6000 loss_G=2.0430 loss_D_A=0.2725 loss_D_B=0.0668 cycle=0.0965 idt=0.0663 gnorm=32.418 dnorm=7.116 nan=0
2026-10-04 04:21:09,157 epoch=143 step=6100 loss_G=3.0380 loss_D_A=0.2056 loss_D_B=0.3288 cycle=0.1108 idt=0.1436 gnorm=50.135 dnorm=13.762 nan=0
2026-10-04 04:21:24,522 epoch=143 step=6200 loss_G=2.5726 loss_D_A=0.1017 loss_D_B=0.2813 cycle=0.0806 idt=0.0519 gnorm=25.850 dnorm=7.631 nan=0
2026-10-04 04:21:39,673 epoch=143 step=6300 loss_G=2.0161 loss_D_A=0.2854 loss_D_B=0.1997 cycle=0.0697 idt=0.0392 gnorm=31.433 dnorm=11.353 nan=0
2026-10-04 04:21:54,961 epoch=143 step=6400 loss_G=1.4976 loss_D_A=0.1725 loss_D_B=0.1197 cycle=0.0750 idt=0.0435 gnorm=20.994 dnorm=6.733 nan=0
2026-10-04 04:22:00,498 epoch_mean={'g': 2.1996950479574404, 'd_a': 0.1642853096058073, 'd_b': 0.17206362309238118, 'cycle': 0.09226536106418919, 'identity': 0.0666934840239957, 'epoch': 143}
2026-10-04 04:22:01,114 epoch=144 step=1 loss_G=1.9028 loss_D_A=0.1887 loss_D_B=0.1430 cycle=0.0779 idt=0.0807 gnorm=25.671 dnorm=7.747 nan=0
2026-10-04 04:22:16,340 epoch=144 step=100 loss_G=1.4712 loss_D_A=0.1347 loss_D_B=0.2203 cycle=0.0814 idt=0.0517 gnorm=21.110 dnorm=8.142 nan=0
2026-10-04 04:22:31,766 epoch=144 step=200 loss_G=1.8846 loss_D_A=0.0672 loss_D_B=0.1921 cycle=0.0866 idt=0.0515 gnorm=36.625 dnorm=8.030 nan=0
2026-10-04 04:22:47,043 epoch=144 step=300 loss_G=1.6374 loss_D_A=0.1290 loss_D_B=0.0942 cycle=0.0846 idt=0.0480 gnorm=23.718 dnorm=7.171 nan=0
2026-10-04 04:23:02,385 epoch=144 step=400 loss_G=3.0688 loss_D_A=0.1027 loss_D_B=0.0980 cycle=0.1336 idt=0.0604 gnorm=34.774 dnorm=5.232 nan=0
2026-10-04 04:23:17,721 epoch=144 step=500 loss_G=2.1679 loss_D_A=0.0253 loss_D_B=0.0762 cycle=0.0784 idt=0.0545 gnorm=21.734 dnorm=5.418 nan=0
2026-10-04 04:23:32,992 epoch=144 step=600 loss_G=2.2849 loss_D_A=0.3416 loss_D_B=0.0784 cycle=0.0973 idt=0.0498 gnorm=43.323 dnorm=9.930 nan=0
2026-10-04 04:23:48,320 epoch=144 step=700 loss_G=1.9544 loss_D_A=0.2198 loss_D_B=0.1289 cycle=0.1070 idt=0.0922 gnorm=27.790 dnorm=6.175 nan=0
2026-10-04 04:24:03,366 epoch=144 step=800 loss_G=2.0549 loss_D_A=0.2297 loss_D_B=0.1780 cycle=0.0886 idt=0.0607 gnorm=20.099 dnorm=9.769 nan=0
2026-10-04 04:24:18,534 epoch=144 step=900 loss_G=2.5658 loss_D_A=0.0841 loss_D_B=0.1465 cycle=0.1096 idt=0.0898 gnorm=35.697 dnorm=4.975 nan=0
2026-10-04 04:24:33,489 epoch=144 step=1000 loss_G=1.8023 loss_D_A=0.1666 loss_D_B=0.1257 cycle=0.0812 idt=0.0469 gnorm=24.020 dnorm=6.622 nan=0
2026-10-04 04:24:48,787 epoch=144 step=1100 loss_G=1.8379 loss_D_A=0.0845 loss_D_B=0.0702 cycle=0.0769 idt=0.0464 gnorm=16.310 dnorm=4.253 nan=0
2026-10-04 04:25:04,121 epoch=144 step=1200 loss_G=2.4582 loss_D_A=0.1699 loss_D_B=0.1683 cycle=0.0631 idt=0.0628 gnorm=27.189 dnorm=7.431 nan=0
2026-10-04 04:25:18,913 epoch=144 step=1300 loss_G=2.2662 loss_D_A=0.1061 loss_D_B=0.0529 cycle=0.0947 idt=0.0601 gnorm=27.129 dnorm=3.931 nan=0
2026-10-04 04:25:34,159 epoch=144 step=1400 loss_G=1.9739 loss_D_A=0.2119 loss_D_B=0.2964 cycle=0.0657 idt=0.0487 gnorm=26.886 dnorm=11.383 nan=0
2026-10-04 04:25:49,377 epoch=144 step=1500 loss_G=2.5844 loss_D_A=0.0901 loss_D_B=0.2486 cycle=0.0932 idt=0.0595 gnorm=31.078 dnorm=6.468 nan=0
2026-10-04 04:26:04,699 epoch=144 step=1600 loss_G=1.8382 loss_D_A=0.0666 loss_D_B=0.1987 cycle=0.0632 idt=0.0706 gnorm=36.834 dnorm=10.838 nan=0
2026-10-04 04:26:19,886 epoch=144 step=1700 loss_G=2.0240 loss_D_A=0.0325 loss_D_B=0.2159 cycle=0.1051 idt=0.0861 gnorm=33.082 dnorm=7.220 nan=0
2026-10-04 04:26:34,966 epoch=144 step=1800 loss_G=2.1561 loss_D_A=0.0471 loss_D_B=0.3862 cycle=0.1104 idt=0.0903 gnorm=28.009 dnorm=8.944 nan=0
2026-10-04 04:26:50,289 epoch=144 step=1900 loss_G=2.2904 loss_D_A=0.1876 loss_D_B=0.2315 cycle=0.1248 idt=0.0887 gnorm=41.345 dnorm=8.571 nan=0
2026-10-04 04:27:05,649 epoch=144 step=2000 loss_G=2.3581 loss_D_A=0.1119 loss_D_B=0.2544 cycle=0.0709 idt=0.0589 gnorm=29.774 dnorm=6.285 nan=0
2026-10-04 04:27:20,980 epoch=144 step=2100 loss_G=1.3846 loss_D_A=0.1239 loss_D_B=0.1669 cycle=0.0727 idt=0.0464 gnorm=14.699 dnorm=6.588 nan=0
2026-10-04 04:27:35,720 epoch=144 step=2200 loss_G=1.6661 loss_D_A=0.1910 loss_D_B=0.1603 cycle=0.0738 idt=0.0409 gnorm=14.890 dnorm=6.647 nan=0
2026-10-04 04:27:51,120 epoch=144 step=2300 loss_G=2.9321 loss_D_A=0.0900 loss_D_B=0.1114 cycle=0.1017 idt=0.0697 gnorm=39.132 dnorm=4.456 nan=0
2026-10-04 04:28:06,410 epoch=144 step=2400 loss_G=2.1372 loss_D_A=0.0573 loss_D_B=0.1055 cycle=0.0852 idt=0.0541 gnorm=38.113 dnorm=5.293 nan=0
2026-10-04 04:28:21,657 epoch=144 step=2500 loss_G=2.0660 loss_D_A=0.2366 loss_D_B=0.0898 cycle=0.1057 idt=0.0682 gnorm=16.153 dnorm=8.860 nan=0
2026-10-04 04:28:37,034 epoch=144 step=2600 loss_G=2.1563 loss_D_A=0.1277 loss_D_B=0.2852 cycle=0.0844 idt=0.0637 gnorm=21.142 dnorm=10.925 nan=0
2026-10-04 04:28:52,328 epoch=144 step=2700 loss_G=2.9353 loss_D_A=0.1394 loss_D_B=0.1948 cycle=0.0978 idt=0.0536 gnorm=40.841 dnorm=8.210 nan=0
2026-10-04 04:29:07,215 epoch=144 step=2800 loss_G=3.0369 loss_D_A=0.0377 loss_D_B=0.1620 cycle=0.1338 idt=0.0791 gnorm=38.285 dnorm=6.230 nan=0
2026-10-04 04:29:22,511 epoch=144 step=2900 loss_G=2.2692 loss_D_A=0.1769 loss_D_B=0.0582 cycle=0.1195 idt=0.0494 gnorm=28.237 dnorm=4.509 nan=0
2026-10-04 04:29:37,749 epoch=144 step=3000 loss_G=1.6465 loss_D_A=0.1817 loss_D_B=0.1917 cycle=0.0648 idt=0.0493 gnorm=23.999 dnorm=9.487 nan=0
2026-10-04 04:29:53,073 epoch=144 step=3100 loss_G=2.0614 loss_D_A=0.1847 loss_D_B=0.1204 cycle=0.0781 idt=0.0529 gnorm=30.235 dnorm=5.881 nan=0
2026-10-04 04:30:08,467 epoch=144 step=3200 loss_G=1.5466 loss_D_A=0.1363 loss_D_B=0.0814 cycle=0.0761 idt=0.0505 gnorm=24.339 dnorm=6.269 nan=0
2026-10-04 04:30:23,788 epoch=144 step=3300 loss_G=2.4881 loss_D_A=0.2008 loss_D_B=0.2206 cycle=0.0921 idt=0.0755 gnorm=23.297 dnorm=4.921 nan=0
2026-10-04 04:30:38,856 epoch=144 step=3400 loss_G=1.7723 loss_D_A=0.1578 loss_D_B=0.2261 cycle=0.0595 idt=0.0672 gnorm=22.510 dnorm=8.723 nan=0
2026-10-04 04:30:54,225 epoch=144 step=3500 loss_G=2.1731 loss_D_A=0.1889 loss_D_B=0.1497 cycle=0.0931 idt=0.0771 gnorm=30.673 dnorm=6.363 nan=0
2026-10-04 04:31:09,557 epoch=144 step=3600 loss_G=3.5166 loss_D_A=0.0757 loss_D_B=0.0525 cycle=0.1481 idt=0.0825 gnorm=58.490 dnorm=4.420 nan=0
2026-10-04 04:31:24,830 epoch=144 step=3700 loss_G=2.0391 loss_D_A=0.1414 loss_D_B=0.1218 cycle=0.0992 idt=0.0646 gnorm=54.421 dnorm=9.040 nan=0
2026-10-04 04:31:40,132 epoch=144 step=3800 loss_G=2.8338 loss_D_A=0.2262 loss_D_B=0.1804 cycle=0.0861 idt=0.0781 gnorm=39.188 dnorm=6.287 nan=0
2026-10-04 04:31:55,414 epoch=144 step=3900 loss_G=2.0786 loss_D_A=0.0569 loss_D_B=0.1684 cycle=0.0907 idt=0.0625 gnorm=30.580 dnorm=7.445 nan=0
2026-10-04 04:32:10,565 epoch=144 step=4000 loss_G=2.4836 loss_D_A=0.1025 loss_D_B=0.1631 cycle=0.0935 idt=0.0497 gnorm=42.695 dnorm=6.989 nan=0
2026-10-04 04:32:25,918 epoch=144 step=4100 loss_G=1.6198 loss_D_A=0.2254 loss_D_B=0.2315 cycle=0.0730 idt=0.0581 gnorm=35.530 dnorm=6.289 nan=0
2026-10-04 04:32:41,212 epoch=144 step=4200 loss_G=2.0346 loss_D_A=0.0781 loss_D_B=0.1217 cycle=0.0816 idt=0.0479 gnorm=30.802 dnorm=4.938 nan=0
2026-10-04 04:32:56,106 epoch=144 step=4300 loss_G=1.8044 loss_D_A=0.0775 loss_D_B=0.2824 cycle=0.0799 idt=0.0510 gnorm=29.334 dnorm=7.046 nan=0
2026-10-04 04:33:11,460 epoch=144 step=4400 loss_G=2.9554 loss_D_A=0.0994 loss_D_B=0.2877 cycle=0.0998 idt=0.0408 gnorm=32.479 dnorm=8.875 nan=0
2026-10-04 04:33:26,775 epoch=144 step=4500 loss_G=2.8353 loss_D_A=0.2986 loss_D_B=0.1517 cycle=0.1151 idt=0.0842 gnorm=46.980 dnorm=11.182 nan=0
2026-10-04 04:33:42,035 epoch=144 step=4600 loss_G=2.0547 loss_D_A=0.2993 loss_D_B=0.1331 cycle=0.0823 idt=0.0487 gnorm=15.639 dnorm=8.476 nan=0
2026-10-04 04:33:57,363 epoch=144 step=4700 loss_G=2.5300 loss_D_A=0.1194 loss_D_B=0.0628 cycle=0.1004 idt=0.0664 gnorm=41.228 dnorm=4.607 nan=0
2026-10-04 04:34:12,425 epoch=144 step=4800 loss_G=2.6258 loss_D_A=0.1695 loss_D_B=0.1820 cycle=0.0971 idt=0.0746 gnorm=31.259 dnorm=6.067 nan=0
2026-10-04 04:34:27,247 epoch=144 step=4900 loss_G=2.0528 loss_D_A=0.0750 loss_D_B=0.1087 cycle=0.1145 idt=0.0732 gnorm=41.776 dnorm=6.534 nan=0
2026-10-04 04:34:42,339 epoch=144 step=5000 loss_G=2.1154 loss_D_A=0.0568 loss_D_B=0.1670 cycle=0.0947 idt=0.0705 gnorm=25.396 dnorm=7.726 nan=0
2026-10-04 04:34:57,633 epoch=144 step=5100 loss_G=1.8975 loss_D_A=0.1748 loss_D_B=0.2365 cycle=0.0783 idt=0.0471 gnorm=23.047 dnorm=9.383 nan=0
2026-10-04 04:35:13,035 epoch=144 step=5200 loss_G=2.9259 loss_D_A=0.1442 loss_D_B=0.0504 cycle=0.1068 idt=0.0706 gnorm=24.493 dnorm=6.138 nan=0
2026-10-04 04:35:28,169 epoch=144 step=5300 loss_G=2.7858 loss_D_A=0.0442 loss_D_B=0.1290 cycle=0.1029 idt=0.1176 gnorm=43.175 dnorm=4.888 nan=0
2026-10-04 04:35:43,395 epoch=144 step=5400 loss_G=1.8541 loss_D_A=0.1928 loss_D_B=0.3208 cycle=0.0892 idt=0.0596 gnorm=27.729 dnorm=11.587 nan=0
2026-10-04 04:35:58,167 epoch=144 step=5500 loss_G=2.3558 loss_D_A=0.1685 loss_D_B=0.2139 cycle=0.0965 idt=0.0658 gnorm=31.354 dnorm=6.741 nan=0
2026-10-04 04:36:13,494 epoch=144 step=5600 loss_G=2.1244 loss_D_A=0.1542 loss_D_B=0.2356 cycle=0.0836 idt=0.0608 gnorm=21.907 dnorm=7.534 nan=0
2026-10-04 04:36:28,688 epoch=144 step=5700 loss_G=2.1341 loss_D_A=0.1255 loss_D_B=0.1078 cycle=0.0639 idt=0.0405 gnorm=15.936 dnorm=4.009 nan=0
2026-10-04 04:36:43,560 epoch=144 step=5800 loss_G=1.9404 loss_D_A=0.1607 loss_D_B=0.1109 cycle=0.0824 idt=0.0524 gnorm=24.183 dnorm=7.135 nan=0
2026-10-04 04:36:58,894 epoch=144 step=5900 loss_G=2.3496 loss_D_A=0.1027 loss_D_B=0.0942 cycle=0.0904 idt=0.0629 gnorm=17.386 dnorm=4.936 nan=0
2026-10-04 04:37:14,227 epoch=144 step=6000 loss_G=1.7883 loss_D_A=0.1444 loss_D_B=0.0890 cycle=0.0766 idt=0.0547 gnorm=24.438 dnorm=5.154 nan=0
2026-10-04 04:37:29,502 epoch=144 step=6100 loss_G=2.1434 loss_D_A=0.2176 loss_D_B=0.1592 cycle=0.0677 idt=0.0547 gnorm=26.743 dnorm=10.646 nan=0
2026-10-04 04:37:44,807 epoch=144 step=6200 loss_G=2.4789 loss_D_A=0.1472 loss_D_B=0.2182 cycle=0.1098 idt=0.0804 gnorm=25.995 dnorm=7.365 nan=0
2026-10-04 04:38:00,002 epoch=144 step=6300 loss_G=1.8948 loss_D_A=0.0897 loss_D_B=0.2397 cycle=0.0743 idt=0.0461 gnorm=20.659 dnorm=7.287 nan=0
2026-10-04 04:38:15,313 epoch=144 step=6400 loss_G=2.2103 loss_D_A=0.2043 loss_D_B=0.2270 cycle=0.0810 idt=0.0668 gnorm=29.516 dnorm=8.234 nan=0
2026-10-04 04:38:21,165 epoch_mean={'g': 2.2090303362360206, 'd_a': 0.16252566169011146, 'd_b': 0.17280613216934607, 'cycle': 0.09174814547171094, 'identity': 0.06627001115052956, 'epoch': 144}
2026-10-04 04:38:21,770 epoch=145 step=1 loss_G=1.9592 loss_D_A=0.2999 loss_D_B=0.1047 cycle=0.1003 idt=0.0619 gnorm=36.162 dnorm=9.969 nan=0
2026-10-04 04:38:36,885 epoch=145 step=100 loss_G=1.6387 loss_D_A=0.0869 loss_D_B=0.0335 cycle=0.0791 idt=0.0602 gnorm=26.959 dnorm=3.488 nan=0
2026-10-04 04:38:51,985 epoch=145 step=200 loss_G=2.1463 loss_D_A=0.1191 loss_D_B=0.1236 cycle=0.0910 idt=0.0722 gnorm=33.314 dnorm=5.000 nan=0
2026-10-04 04:39:07,303 epoch=145 step=300 loss_G=1.9646 loss_D_A=0.1769 loss_D_B=0.2197 cycle=0.1040 idt=0.0770 gnorm=29.107 dnorm=7.637 nan=0
2026-10-04 04:39:22,579 epoch=145 step=400 loss_G=1.9302 loss_D_A=0.1452 loss_D_B=0.2839 cycle=0.0932 idt=0.0470 gnorm=30.646 dnorm=6.628 nan=0
2026-10-04 04:39:37,919 epoch=145 step=500 loss_G=2.7644 loss_D_A=0.3042 loss_D_B=0.0680 cycle=0.0591 idt=0.0472 gnorm=29.564 dnorm=10.229 nan=0
2026-10-04 04:39:53,252 epoch=145 step=600 loss_G=1.8866 loss_D_A=0.1596 loss_D_B=0.0411 cycle=0.0707 idt=0.0455 gnorm=17.891 dnorm=4.701 nan=0
2026-10-04 04:40:08,534 epoch=145 step=700 loss_G=2.3439 loss_D_A=0.1801 loss_D_B=0.1568 cycle=0.0785 idt=0.0633 gnorm=22.469 dnorm=9.395 nan=0
2026-10-04 04:40:23,885 epoch=145 step=800 loss_G=1.7018 loss_D_A=0.0686 loss_D_B=0.1112 cycle=0.0797 idt=0.0580 gnorm=18.617 dnorm=5.438 nan=0
2026-10-04 04:40:39,204 epoch=145 step=900 loss_G=1.7527 loss_D_A=0.2121 loss_D_B=0.2000 cycle=0.0931 idt=0.0565 gnorm=24.791 dnorm=7.230 nan=0
2026-10-04 04:40:54,483 epoch=145 step=1000 loss_G=1.9076 loss_D_A=0.1693 loss_D_B=0.2826 cycle=0.0848 idt=0.0537 gnorm=20.788 dnorm=9.621 nan=0
2026-10-04 04:41:09,821 epoch=145 step=1100 loss_G=2.0478 loss_D_A=0.1174 loss_D_B=0.0778 cycle=0.0647 idt=0.0361 gnorm=25.791 dnorm=4.347 nan=0
2026-10-04 04:41:25,134 epoch=145 step=1200 loss_G=2.6570 loss_D_A=0.2654 loss_D_B=0.2427 cycle=0.1467 idt=0.1158 gnorm=39.422 dnorm=11.048 nan=0
2026-10-04 04:41:40,407 epoch=145 step=1300 loss_G=2.5031 loss_D_A=0.1352 loss_D_B=0.1605 cycle=0.1186 idt=0.0601 gnorm=42.459 dnorm=6.741 nan=0
2026-10-04 04:41:55,741 epoch=145 step=1400 loss_G=2.3363 loss_D_A=0.0648 loss_D_B=0.0711 cycle=0.1126 idt=0.0618 gnorm=36.112 dnorm=3.391 nan=0
2026-10-04 04:42:11,056 epoch=145 step=1500 loss_G=1.9096 loss_D_A=0.1498 loss_D_B=0.1119 cycle=0.0820 idt=0.0576 gnorm=17.657 dnorm=6.665 nan=0
2026-10-04 04:42:26,178 epoch=145 step=1600 loss_G=1.9918 loss_D_A=0.1610 loss_D_B=0.1535 cycle=0.0802 idt=0.0590 gnorm=28.843 dnorm=6.019 nan=0
2026-10-04 04:42:41,344 epoch=145 step=1700 loss_G=2.7769 loss_D_A=0.2278 loss_D_B=0.1891 cycle=0.1220 idt=0.1004 gnorm=43.923 dnorm=11.798 nan=0
2026-10-04 04:42:56,463 epoch=145 step=1800 loss_G=2.2112 loss_D_A=0.1841 loss_D_B=0.1477 cycle=0.0864 idt=0.0663 gnorm=29.451 dnorm=5.817 nan=0
2026-10-04 04:43:11,726 epoch=145 step=1900 loss_G=2.0744 loss_D_A=0.2624 loss_D_B=0.1440 cycle=0.0905 idt=0.0738 gnorm=38.380 dnorm=7.933 nan=0
2026-10-04 04:43:27,052 epoch=145 step=2000 loss_G=2.2341 loss_D_A=0.2508 loss_D_B=0.1824 cycle=0.0765 idt=0.0625 gnorm=26.019 dnorm=7.568 nan=0
2026-10-04 04:43:42,341 epoch=145 step=2100 loss_G=1.9954 loss_D_A=0.2337 loss_D_B=0.1686 cycle=0.0743 idt=0.0669 gnorm=23.483 dnorm=7.467 nan=0
2026-10-04 04:43:57,494 epoch=145 step=2200 loss_G=1.4368 loss_D_A=0.1203 loss_D_B=0.3141 cycle=0.0749 idt=0.0473 gnorm=19.414 dnorm=7.150 nan=0
2026-10-04 04:44:12,391 epoch=145 step=2300 loss_G=1.8439 loss_D_A=0.2179 loss_D_B=0.2328 cycle=0.0759 idt=0.0513 gnorm=30.892 dnorm=6.796 nan=0
2026-10-04 04:44:27,507 epoch=145 step=2400 loss_G=2.8377 loss_D_A=0.2998 loss_D_B=0.2450 cycle=0.1331 idt=0.0982 gnorm=31.804 dnorm=7.924 nan=0
2026-10-04 04:44:42,861 epoch=145 step=2500 loss_G=2.0050 loss_D_A=0.0818 loss_D_B=0.1081 cycle=0.0851 idt=0.0558 gnorm=34.947 dnorm=5.152 nan=0
2026-10-04 04:44:58,201 epoch=145 step=2600 loss_G=2.9598 loss_D_A=0.1051 loss_D_B=0.1663 cycle=0.1134 idt=0.0716 gnorm=42.799 dnorm=5.597 nan=0
2026-10-04 04:45:13,524 epoch=145 step=2700 loss_G=2.2214 loss_D_A=0.0488 loss_D_B=0.2122 cycle=0.1093 idt=0.0757 gnorm=34.656 dnorm=7.059 nan=0
2026-10-04 04:45:28,867 epoch=145 step=2800 loss_G=1.9903 loss_D_A=0.2535 loss_D_B=0.2958 cycle=0.0953 idt=0.0519 gnorm=28.471 dnorm=12.793 nan=0
2026-10-04 04:45:44,209 epoch=145 step=2900 loss_G=2.7192 loss_D_A=0.1678 loss_D_B=0.1094 cycle=0.1342 idt=0.0576 gnorm=47.959 dnorm=6.806 nan=0
2026-10-04 04:45:59,624 epoch=145 step=3000 loss_G=2.4564 loss_D_A=0.1022 loss_D_B=0.1716 cycle=0.1004 idt=0.0827 gnorm=41.462 dnorm=7.539 nan=0
2026-10-04 04:46:15,034 epoch=145 step=3100 loss_G=2.3008 loss_D_A=0.1400 loss_D_B=0.3399 cycle=0.1099 idt=0.0954 gnorm=40.140 dnorm=9.507 nan=0
2026-10-04 04:46:30,388 epoch=145 step=3200 loss_G=1.8384 loss_D_A=0.2148 loss_D_B=0.1454 cycle=0.1042 idt=0.0806 gnorm=34.764 dnorm=8.637 nan=0
2026-10-04 04:46:45,768 epoch=145 step=3300 loss_G=2.0208 loss_D_A=0.1438 loss_D_B=0.1900 cycle=0.1019 idt=0.0700 gnorm=33.429 dnorm=6.985 nan=0
2026-10-04 04:47:01,122 epoch=145 step=3400 loss_G=1.8611 loss_D_A=0.2159 loss_D_B=0.1638 cycle=0.1038 idt=0.0677 gnorm=27.159 dnorm=7.001 nan=0
2026-10-04 04:47:16,328 epoch=145 step=3500 loss_G=2.1234 loss_D_A=0.3722 loss_D_B=0.3729 cycle=0.0579 idt=0.0451 gnorm=23.672 dnorm=20.230 nan=0
2026-10-04 04:47:31,669 epoch=145 step=3600 loss_G=2.0317 loss_D_A=0.3102 loss_D_B=0.1710 cycle=0.0788 idt=0.0685 gnorm=33.269 dnorm=7.704 nan=0
2026-10-04 04:47:47,036 epoch=145 step=3700 loss_G=2.3239 loss_D_A=0.0917 loss_D_B=0.0720 cycle=0.0788 idt=0.0686 gnorm=32.451 dnorm=4.795 nan=0
2026-10-04 04:48:02,300 epoch=145 step=3800 loss_G=1.7565 loss_D_A=0.0764 loss_D_B=0.2364 cycle=0.0885 idt=0.0700 gnorm=26.457 dnorm=6.930 nan=0
2026-10-04 04:48:17,424 epoch=145 step=3900 loss_G=2.8650 loss_D_A=0.0588 loss_D_B=0.0691 cycle=0.1248 idt=0.0692 gnorm=38.110 dnorm=3.681 nan=0
2026-10-04 04:48:32,851 epoch=145 step=4000 loss_G=2.2990 loss_D_A=0.1311 loss_D_B=0.1525 cycle=0.0930 idt=0.0798 gnorm=32.874 dnorm=5.653 nan=0
2026-10-04 04:48:47,931 epoch=145 step=4100 loss_G=1.9643 loss_D_A=0.4454 loss_D_B=0.1768 cycle=0.1015 idt=0.0659 gnorm=22.084 dnorm=7.457 nan=0
2026-10-04 04:49:03,089 epoch=145 step=4200 loss_G=2.3813 loss_D_A=0.0477 loss_D_B=0.1039 cycle=0.1087 idt=0.0795 gnorm=32.515 dnorm=4.400 nan=0
2026-10-04 04:49:18,462 epoch=145 step=4300 loss_G=2.6599 loss_D_A=0.0619 loss_D_B=0.0949 cycle=0.0985 idt=0.0652 gnorm=46.035 dnorm=3.983 nan=0
2026-10-04 04:49:33,903 epoch=145 step=4400 loss_G=2.2283 loss_D_A=0.2023 loss_D_B=0.0895 cycle=0.1028 idt=0.0709 gnorm=31.423 dnorm=5.540 nan=0
2026-10-04 04:49:49,289 epoch=145 step=4500 loss_G=1.6140 loss_D_A=0.0751 loss_D_B=0.2404 cycle=0.0706 idt=0.0511 gnorm=14.480 dnorm=7.134 nan=0
2026-10-04 04:50:04,649 epoch=145 step=4600 loss_G=1.7513 loss_D_A=0.2077 loss_D_B=0.2082 cycle=0.0737 idt=0.0603 gnorm=20.118 dnorm=10.837 nan=0
2026-10-04 04:50:19,983 epoch=145 step=4700 loss_G=3.5673 loss_D_A=0.0926 loss_D_B=0.1035 cycle=0.1010 idt=0.0662 gnorm=21.728 dnorm=5.973 nan=0
2026-10-04 04:50:35,417 epoch=145 step=4800 loss_G=2.0177 loss_D_A=0.1702 loss_D_B=0.2510 cycle=0.1020 idt=0.0781 gnorm=38.814 dnorm=8.985 nan=0
2026-10-04 04:50:50,764 epoch=145 step=4900 loss_G=2.5989 loss_D_A=0.1688 loss_D_B=0.1440 cycle=0.0911 idt=0.0535 gnorm=29.624 dnorm=7.055 nan=0
2026-10-04 04:51:05,907 epoch=145 step=5000 loss_G=1.9271 loss_D_A=0.1180 loss_D_B=0.0961 cycle=0.0945 idt=0.0526 gnorm=26.673 dnorm=5.380 nan=0
2026-10-04 04:51:20,839 epoch=145 step=5100 loss_G=2.0483 loss_D_A=0.1960 loss_D_B=0.2912 cycle=0.0753 idt=0.0552 gnorm=23.795 dnorm=8.316 nan=0
2026-10-04 04:51:36,249 epoch=145 step=5200 loss_G=2.1865 loss_D_A=0.0403 loss_D_B=0.2630 cycle=0.1041 idt=0.0725 gnorm=28.676 dnorm=13.776 nan=0
2026-10-04 04:51:51,647 epoch=145 step=5300 loss_G=1.4893 loss_D_A=0.2271 loss_D_B=0.0478 cycle=0.0676 idt=0.0591 gnorm=28.283 dnorm=6.964 nan=0
2026-10-04 04:52:06,984 epoch=145 step=5400 loss_G=1.6025 loss_D_A=0.1384 loss_D_B=0.1624 cycle=0.0979 idt=0.0659 gnorm=31.769 dnorm=6.266 nan=0
2026-10-04 04:52:22,414 epoch=145 step=5500 loss_G=2.1275 loss_D_A=0.2625 loss_D_B=0.2096 cycle=0.0951 idt=0.0722 gnorm=36.828 dnorm=6.510 nan=0
2026-10-04 04:52:37,831 epoch=145 step=5600 loss_G=2.1257 loss_D_A=0.0379 loss_D_B=0.0650 cycle=0.0846 idt=0.0570 gnorm=24.620 dnorm=3.461 nan=0
2026-10-04 04:52:53,130 epoch=145 step=5700 loss_G=2.1162 loss_D_A=0.2222 loss_D_B=0.0485 cycle=0.0871 idt=0.0698 gnorm=34.122 dnorm=6.769 nan=0
2026-10-04 04:53:08,459 epoch=145 step=5800 loss_G=1.8170 loss_D_A=0.2130 loss_D_B=0.0789 cycle=0.0777 idt=0.0497 gnorm=17.915 dnorm=8.572 nan=0
2026-10-04 04:53:23,878 epoch=145 step=5900 loss_G=2.4039 loss_D_A=0.0881 loss_D_B=0.1112 cycle=0.0990 idt=0.0550 gnorm=32.497 dnorm=6.297 nan=0
2026-10-04 04:53:38,676 epoch=145 step=6000 loss_G=2.9710 loss_D_A=0.1914 loss_D_B=0.1045 cycle=0.1223 idt=0.0904 gnorm=41.205 dnorm=7.390 nan=0
2026-10-04 04:53:54,116 epoch=145 step=6100 loss_G=2.0884 loss_D_A=0.1849 loss_D_B=0.1706 cycle=0.0884 idt=0.0499 gnorm=32.095 dnorm=6.615 nan=0
2026-10-04 04:54:09,434 epoch=145 step=6200 loss_G=1.7603 loss_D_A=0.2943 loss_D_B=0.1590 cycle=0.0772 idt=0.0560 gnorm=23.425 dnorm=8.134 nan=0
2026-10-04 04:54:24,776 epoch=145 step=6300 loss_G=1.8697 loss_D_A=0.3332 loss_D_B=0.1981 cycle=0.0979 idt=0.0550 gnorm=28.704 dnorm=7.585 nan=0
2026-10-04 04:54:39,910 epoch=145 step=6400 loss_G=2.7917 loss_D_A=0.1907 loss_D_B=0.2391 cycle=0.1353 idt=0.0927 gnorm=45.012 dnorm=7.520 nan=0
2026-10-04 04:54:45,729 epoch_mean={'g': 2.209800149017552, 'd_a': 0.16382526114476545, 'd_b': 0.17306889240398804, 'cycle': 0.09205259125808189, 'identity': 0.0673225974029323, 'epoch': 145}
2026-10-04 04:54:46,332 epoch=146 step=1 loss_G=1.7925 loss_D_A=0.1384 loss_D_B=0.1815 cycle=0.0821 idt=0.0565 gnorm=36.399 dnorm=6.018 nan=0
2026-10-04 04:55:01,456 epoch=146 step=100 loss_G=1.6424 loss_D_A=0.1559 loss_D_B=0.0711 cycle=0.0684 idt=0.0374 gnorm=22.194 dnorm=7.168 nan=0
2026-10-04 04:55:16,364 epoch=146 step=200 loss_G=1.8621 loss_D_A=0.2861 loss_D_B=0.0465 cycle=0.0977 idt=0.0735 gnorm=38.161 dnorm=7.146 nan=0
2026-10-04 04:55:31,246 epoch=146 step=300 loss_G=2.2269 loss_D_A=0.1172 loss_D_B=0.0617 cycle=0.0888 idt=0.0658 gnorm=48.937 dnorm=5.439 nan=0
2026-10-04 04:55:46,380 epoch=146 step=400 loss_G=2.5417 loss_D_A=0.0963 loss_D_B=0.0696 cycle=0.1089 idt=0.0980 gnorm=41.919 dnorm=7.249 nan=0
2026-10-04 04:56:01,461 epoch=146 step=500 loss_G=2.3044 loss_D_A=0.1470 loss_D_B=0.1383 cycle=0.0883 idt=0.0687 gnorm=22.318 dnorm=7.030 nan=0
2026-10-04 04:56:16,389 epoch=146 step=600 loss_G=2.0461 loss_D_A=0.1593 loss_D_B=0.0772 cycle=0.0639 idt=0.0484 gnorm=23.247 dnorm=6.527 nan=0
2026-10-04 04:56:31,077 epoch=146 step=700 loss_G=2.0428 loss_D_A=0.0856 loss_D_B=0.0946 cycle=0.0844 idt=0.0660 gnorm=30.787 dnorm=5.562 nan=0
2026-10-04 04:56:46,247 epoch=146 step=800 loss_G=1.5648 loss_D_A=0.1852 loss_D_B=0.2017 cycle=0.0815 idt=0.0617 gnorm=17.529 dnorm=8.640 nan=0
2026-10-04 04:57:01,532 epoch=146 step=900 loss_G=2.1832 loss_D_A=0.1521 loss_D_B=0.2422 cycle=0.1020 idt=0.0765 gnorm=44.275 dnorm=6.753 nan=0
2026-10-04 04:57:16,495 epoch=146 step=1000 loss_G=2.2405 loss_D_A=0.2167 loss_D_B=0.1900 cycle=0.1051 idt=0.0829 gnorm=26.064 dnorm=10.072 nan=0
2026-10-04 04:57:31,177 epoch=146 step=1100 loss_G=2.2951 loss_D_A=0.1913 loss_D_B=0.2549 cycle=0.0919 idt=0.1062 gnorm=33.474 dnorm=8.245 nan=0
2026-10-04 04:57:46,641 epoch=146 step=1200 loss_G=1.6896 loss_D_A=0.1910 loss_D_B=0.1054 cycle=0.0802 idt=0.0412 gnorm=22.439 dnorm=5.533 nan=0
2026-10-04 04:58:01,714 epoch=146 step=1300 loss_G=2.0899 loss_D_A=0.1000 loss_D_B=0.1888 cycle=0.0916 idt=0.0565 gnorm=23.107 dnorm=6.332 nan=0
2026-10-04 04:58:17,094 epoch=146 step=1400 loss_G=1.5578 loss_D_A=0.0654 loss_D_B=0.0351 cycle=0.0868 idt=0.0679 gnorm=26.803 dnorm=3.494 nan=0
2026-10-04 04:58:32,511 epoch=146 step=1500 loss_G=2.4319 loss_D_A=0.1092 loss_D_B=0.1380 cycle=0.1085 idt=0.0562 gnorm=46.402 dnorm=6.503 nan=0
2026-10-04 04:58:47,834 epoch=146 step=1600 loss_G=1.6170 loss_D_A=0.0704 loss_D_B=0.3548 cycle=0.0780 idt=0.0744 gnorm=32.216 dnorm=11.739 nan=0
2026-10-04 04:59:02,818 epoch=146 step=1700 loss_G=3.1006 loss_D_A=0.2832 loss_D_B=0.1689 cycle=0.1124 idt=0.1841 gnorm=39.934 dnorm=7.403 nan=0
2026-10-04 04:59:18,160 epoch=146 step=1800 loss_G=1.7467 loss_D_A=0.1007 loss_D_B=0.2710 cycle=0.0880 idt=0.0540 gnorm=30.913 dnorm=13.437 nan=0
2026-10-04 04:59:33,308 epoch=146 step=1900 loss_G=2.0177 loss_D_A=0.1129 loss_D_B=0.2790 cycle=0.1207 idt=0.0526 gnorm=37.443 dnorm=9.756 nan=0
2026-10-04 04:59:48,392 epoch=146 step=2000 loss_G=2.0960 loss_D_A=0.1209 loss_D_B=0.0835 cycle=0.0836 idt=0.0747 gnorm=26.414 dnorm=8.134 nan=0
2026-10-04 05:00:03,764 epoch=146 step=2100 loss_G=2.0830 loss_D_A=0.1220 loss_D_B=0.1848 cycle=0.1168 idt=0.0925 gnorm=25.787 dnorm=11.199 nan=0
2026-10-04 05:00:18,848 epoch=146 step=2200 loss_G=2.0787 loss_D_A=0.1239 loss_D_B=0.2158 cycle=0.1030 idt=0.0642 gnorm=24.253 dnorm=8.186 nan=0
2026-10-04 05:00:34,038 epoch=146 step=2300 loss_G=2.1805 loss_D_A=0.2179 loss_D_B=0.1981 cycle=0.1014 idt=0.0668 gnorm=26.540 dnorm=14.206 nan=0
2026-10-04 05:00:49,141 epoch=146 step=2400 loss_G=2.2803 loss_D_A=0.0899 loss_D_B=0.1291 cycle=0.0956 idt=0.0560 gnorm=22.841 dnorm=8.562 nan=0
2026-10-04 05:01:04,352 epoch=146 step=2500 loss_G=2.2377 loss_D_A=0.2558 loss_D_B=0.2898 cycle=0.0870 idt=0.0621 gnorm=14.157 dnorm=9.475 nan=0
2026-10-04 05:01:19,767 epoch=146 step=2600 loss_G=1.5987 loss_D_A=0.0866 loss_D_B=0.2482 cycle=0.0904 idt=0.0654 gnorm=33.763 dnorm=12.943 nan=0
2026-10-04 05:01:34,923 epoch=146 step=2700 loss_G=3.4122 loss_D_A=0.1356 loss_D_B=0.3214 cycle=0.1302 idt=0.1098 gnorm=46.706 dnorm=9.456 nan=0
2026-10-04 05:01:50,314 epoch=146 step=2800 loss_G=2.4457 loss_D_A=0.1886 loss_D_B=0.3797 cycle=0.0971 idt=0.0573 gnorm=27.834 dnorm=9.175 nan=0
2026-10-04 05:02:05,767 epoch=146 step=2900 loss_G=1.4449 loss_D_A=0.1863 loss_D_B=0.1374 cycle=0.0657 idt=0.0490 gnorm=22.616 dnorm=7.059 nan=0
2026-10-04 05:02:21,083 epoch=146 step=3000 loss_G=2.0215 loss_D_A=0.2034 loss_D_B=0.1130 cycle=0.0957 idt=0.0576 gnorm=33.139 dnorm=7.540 nan=0
2026-10-04 05:02:36,416 epoch=146 step=3100 loss_G=3.1711 loss_D_A=0.2241 loss_D_B=0.1683 cycle=0.1247 idt=0.1022 gnorm=44.312 dnorm=7.392 nan=0
2026-10-04 05:02:51,840 epoch=146 step=3200 loss_G=2.5600 loss_D_A=0.1835 loss_D_B=0.1105 cycle=0.1236 idt=0.1095 gnorm=41.562 dnorm=5.622 nan=0
2026-10-04 05:03:07,189 epoch=146 step=3300 loss_G=1.9693 loss_D_A=0.2762 loss_D_B=0.1374 cycle=0.0765 idt=0.0755 gnorm=26.004 dnorm=8.156 nan=0
2026-10-04 05:03:22,579 epoch=146 step=3400 loss_G=1.9637 loss_D_A=0.0893 loss_D_B=0.1235 cycle=0.0714 idt=0.0577 gnorm=17.798 dnorm=5.641 nan=0
2026-10-04 05:03:37,972 epoch=146 step=3500 loss_G=2.5212 loss_D_A=0.1292 loss_D_B=0.1226 cycle=0.0938 idt=0.0635 gnorm=28.764 dnorm=5.983 nan=0
2026-10-04 05:03:53,330 epoch=146 step=3600 loss_G=1.7045 loss_D_A=0.0330 loss_D_B=0.2395 cycle=0.0722 idt=0.0533 gnorm=13.186 dnorm=4.575 nan=0
2026-10-04 05:04:08,709 epoch=146 step=3700 loss_G=2.2263 loss_D_A=0.1254 loss_D_B=0.1597 cycle=0.1035 idt=0.0640 gnorm=33.043 dnorm=6.305 nan=0
2026-10-04 05:04:24,094 epoch=146 step=3800 loss_G=2.0147 loss_D_A=0.1858 loss_D_B=0.2008 cycle=0.1140 idt=0.0787 gnorm=23.743 dnorm=7.486 nan=0
2026-10-04 05:04:39,153 epoch=146 step=3900 loss_G=2.0794 loss_D_A=0.1621 loss_D_B=0.0886 cycle=0.0952 idt=0.0414 gnorm=42.693 dnorm=6.976 nan=0
2026-10-04 05:04:54,553 epoch=146 step=4000 loss_G=2.0078 loss_D_A=0.3249 loss_D_B=0.1693 cycle=0.0973 idt=0.0636 gnorm=39.930 dnorm=6.838 nan=0
2026-10-04 05:05:09,920 epoch=146 step=4100 loss_G=2.1458 loss_D_A=0.0299 loss_D_B=0.1264 cycle=0.0763 idt=0.0911 gnorm=27.632 dnorm=4.897 nan=0
2026-10-04 05:05:25,299 epoch=146 step=4200 loss_G=1.7612 loss_D_A=0.0644 loss_D_B=0.1153 cycle=0.0755 idt=0.0467 gnorm=27.559 dnorm=5.096 nan=0
2026-10-04 05:05:40,628 epoch=146 step=4300 loss_G=1.8690 loss_D_A=0.1152 loss_D_B=0.2763 cycle=0.0870 idt=0.0579 gnorm=29.929 dnorm=10.066 nan=0
2026-10-04 05:05:55,964 epoch=146 step=4400 loss_G=2.5058 loss_D_A=0.0542 loss_D_B=0.0613 cycle=0.0827 idt=0.0453 gnorm=21.545 dnorm=4.176 nan=0
2026-10-04 05:06:11,060 epoch=146 step=4500 loss_G=2.4464 loss_D_A=0.1634 loss_D_B=0.3787 cycle=0.1051 idt=0.0615 gnorm=36.307 dnorm=10.035 nan=0
2026-10-04 05:06:26,527 epoch=146 step=4600 loss_G=1.8961 loss_D_A=0.2286 loss_D_B=0.0893 cycle=0.1022 idt=0.0896 gnorm=24.270 dnorm=8.533 nan=0
2026-10-04 05:06:41,843 epoch=146 step=4700 loss_G=1.7486 loss_D_A=0.2734 loss_D_B=0.1750 cycle=0.0832 idt=0.0518 gnorm=23.598 dnorm=8.142 nan=0
2026-10-04 05:06:57,153 epoch=146 step=4800 loss_G=2.1932 loss_D_A=0.1930 loss_D_B=0.0483 cycle=0.1033 idt=0.0790 gnorm=37.557 dnorm=8.509 nan=0
2026-10-04 05:07:12,579 epoch=146 step=4900 loss_G=1.9315 loss_D_A=0.0977 loss_D_B=0.1509 cycle=0.0777 idt=0.0527 gnorm=21.645 dnorm=8.426 nan=0
2026-10-04 05:07:27,539 epoch=146 step=5000 loss_G=1.6168 loss_D_A=0.1655 loss_D_B=0.1402 cycle=0.0694 idt=0.0356 gnorm=35.271 dnorm=9.055 nan=0
2026-10-04 05:07:42,507 epoch=146 step=5100 loss_G=1.6909 loss_D_A=0.1359 loss_D_B=0.2373 cycle=0.0830 idt=0.0518 gnorm=19.753 dnorm=6.184 nan=0
2026-10-04 05:07:57,930 epoch=146 step=5200 loss_G=2.8288 loss_D_A=0.1246 loss_D_B=0.1965 cycle=0.0905 idt=0.0444 gnorm=39.530 dnorm=7.976 nan=0
2026-10-04 05:08:13,156 epoch=146 step=5300 loss_G=1.8278 loss_D_A=0.0907 loss_D_B=0.1275 cycle=0.0839 idt=0.0503 gnorm=22.338 dnorm=6.005 nan=0
2026-10-04 05:08:28,504 epoch=146 step=5400 loss_G=1.6555 loss_D_A=0.0602 loss_D_B=0.0171 cycle=0.0704 idt=0.0562 gnorm=21.028 dnorm=3.303 nan=0
2026-10-04 05:08:43,899 epoch=146 step=5500 loss_G=2.3815 loss_D_A=0.4053 loss_D_B=0.3198 cycle=0.0988 idt=0.0586 gnorm=31.891 dnorm=8.840 nan=0
2026-10-04 05:08:59,253 epoch=146 step=5600 loss_G=2.1513 loss_D_A=0.1248 loss_D_B=0.3751 cycle=0.1184 idt=0.0678 gnorm=47.835 dnorm=10.540 nan=0
2026-10-04 05:09:14,545 epoch=146 step=5700 loss_G=2.5227 loss_D_A=0.1415 loss_D_B=0.0947 cycle=0.0849 idt=0.0524 gnorm=27.971 dnorm=5.252 nan=0
2026-10-04 05:09:29,947 epoch=146 step=5800 loss_G=2.1518 loss_D_A=0.1377 loss_D_B=0.2600 cycle=0.1366 idt=0.0896 gnorm=44.819 dnorm=10.157 nan=0
2026-10-04 05:09:45,352 epoch=146 step=5900 loss_G=2.4644 loss_D_A=0.1161 loss_D_B=0.1682 cycle=0.0837 idt=0.0790 gnorm=36.629 dnorm=5.599 nan=0
2026-10-04 05:10:00,368 epoch=146 step=6000 loss_G=2.1356 loss_D_A=0.0473 loss_D_B=0.1693 cycle=0.1069 idt=0.0704 gnorm=26.801 dnorm=4.962 nan=0
2026-10-04 05:10:15,579 epoch=146 step=6100 loss_G=1.6155 loss_D_A=0.1972 loss_D_B=0.1465 cycle=0.0642 idt=0.0467 gnorm=22.546 dnorm=7.207 nan=0
2026-10-04 05:10:30,871 epoch=146 step=6200 loss_G=2.3639 loss_D_A=0.2145 loss_D_B=0.3036 cycle=0.0868 idt=0.0595 gnorm=16.624 dnorm=9.180 nan=0
2026-10-04 05:10:45,786 epoch=146 step=6300 loss_G=1.6552 loss_D_A=0.0677 loss_D_B=0.1814 cycle=0.0945 idt=0.0889 gnorm=19.513 dnorm=5.746 nan=0
2026-10-04 05:11:01,219 epoch=146 step=6400 loss_G=1.6542 loss_D_A=0.2186 loss_D_B=0.2696 cycle=0.0659 idt=0.0519 gnorm=23.978 dnorm=16.569 nan=0
2026-10-04 05:11:07,000 epoch_mean={'g': 2.2018405123873874, 'd_a': 0.1616424247691927, 'd_b': 0.17258686825295122, 'cycle': 0.0910745782487768, 'identity': 0.06702552740897552, 'epoch': 146}
2026-10-04 05:11:07,588 epoch=147 step=1 loss_G=1.8902 loss_D_A=0.1124 loss_D_B=0.2736 cycle=0.0825 idt=0.0547 gnorm=28.614 dnorm=10.372 nan=0
2026-10-04 05:11:22,772 epoch=147 step=100 loss_G=1.6674 loss_D_A=0.0568 loss_D_B=0.1932 cycle=0.0738 idt=0.0505 gnorm=16.562 dnorm=5.748 nan=0
2026-10-04 05:11:37,601 epoch=147 step=200 loss_G=1.1963 loss_D_A=0.4336 loss_D_B=0.1463 cycle=0.0762 idt=0.0427 gnorm=30.421 dnorm=7.486 nan=0
2026-10-04 05:11:53,008 epoch=147 step=300 loss_G=1.8710 loss_D_A=0.1372 loss_D_B=0.2303 cycle=0.0714 idt=0.0567 gnorm=27.328 dnorm=5.773 nan=0
2026-10-04 05:12:08,332 epoch=147 step=400 loss_G=1.4450 loss_D_A=0.1838 loss_D_B=0.1259 cycle=0.0508 idt=0.0371 gnorm=25.325 dnorm=8.925 nan=0
2026-10-04 05:12:23,626 epoch=147 step=500 loss_G=2.2342 loss_D_A=0.2895 loss_D_B=0.1689 cycle=0.0814 idt=0.0655 gnorm=30.739 dnorm=9.937 nan=0
2026-10-04 05:12:39,027 epoch=147 step=600 loss_G=2.0503 loss_D_A=0.2172 loss_D_B=0.1301 cycle=0.0845 idt=0.0619 gnorm=23.575 dnorm=6.227 nan=0
2026-10-04 05:12:54,438 epoch=147 step=700 loss_G=2.2338 loss_D_A=0.1817 loss_D_B=0.0788 cycle=0.1179 idt=0.0965 gnorm=29.837 dnorm=6.798 nan=0
2026-10-04 05:13:09,647 epoch=147 step=800 loss_G=2.1296 loss_D_A=0.1298 loss_D_B=0.2092 cycle=0.0871 idt=0.0840 gnorm=34.237 dnorm=8.012 nan=0
2026-10-04 05:13:25,142 epoch=147 step=900 loss_G=1.4685 loss_D_A=0.2218 loss_D_B=0.0909 cycle=0.0775 idt=0.0487 gnorm=32.518 dnorm=4.999 nan=0
2026-10-04 05:13:40,571 epoch=147 step=1000 loss_G=2.3088 loss_D_A=0.1330 loss_D_B=0.1777 cycle=0.0925 idt=0.0529 gnorm=24.025 dnorm=9.708 nan=0
2026-10-04 05:13:55,862 epoch=147 step=1100 loss_G=2.2456 loss_D_A=0.1537 loss_D_B=0.0778 cycle=0.0728 idt=0.0502 gnorm=20.631 dnorm=3.711 nan=0
2026-10-04 05:14:11,265 epoch=147 step=1200 loss_G=1.9699 loss_D_A=0.0778 loss_D_B=0.1611 cycle=0.0905 idt=0.0568 gnorm=18.278 dnorm=6.361 nan=0
2026-10-04 05:14:26,683 epoch=147 step=1300 loss_G=2.9864 loss_D_A=0.0927 loss_D_B=0.2824 cycle=0.1010 idt=0.0605 gnorm=25.199 dnorm=7.659 nan=0
2026-10-04 05:14:42,006 epoch=147 step=1400 loss_G=2.0666 loss_D_A=0.4156 loss_D_B=0.2066 cycle=0.0813 idt=0.0578 gnorm=20.888 dnorm=9.101 nan=0
2026-10-04 05:14:57,410 epoch=147 step=1500 loss_G=2.8477 loss_D_A=0.1225 loss_D_B=0.2235 cycle=0.0761 idt=0.0488 gnorm=13.117 dnorm=9.496 nan=0
2026-10-04 05:15:12,462 epoch=147 step=1600 loss_G=2.0775 loss_D_A=0.1380 loss_D_B=0.1753 cycle=0.0845 idt=0.0505 gnorm=21.326 dnorm=8.095 nan=0
2026-10-04 05:15:27,792 epoch=147 step=1700 loss_G=2.1489 loss_D_A=0.2537 loss_D_B=0.0817 cycle=0.0986 idt=0.0918 gnorm=36.000 dnorm=8.678 nan=0
2026-10-04 05:15:43,191 epoch=147 step=1800 loss_G=1.9406 loss_D_A=0.0765 loss_D_B=0.2629 cycle=0.0791 idt=0.0590 gnorm=19.411 dnorm=6.736 nan=0
2026-10-04 05:15:58,531 epoch=147 step=1900 loss_G=2.4222 loss_D_A=0.1756 loss_D_B=0.1250 cycle=0.0874 idt=0.0559 gnorm=39.690 dnorm=8.538 nan=0
2026-10-04 05:16:13,879 epoch=147 step=2000 loss_G=2.6198 loss_D_A=0.0707 loss_D_B=0.2513 cycle=0.1089 idt=0.0726 gnorm=18.107 dnorm=6.549 nan=0
2026-10-04 05:16:29,300 epoch=147 step=2100 loss_G=2.2837 loss_D_A=0.0500 loss_D_B=0.1053 cycle=0.0730 idt=0.0595 gnorm=33.262 dnorm=5.187 nan=0
2026-10-04 05:16:44,605 epoch=147 step=2200 loss_G=2.1795 loss_D_A=0.2197 loss_D_B=0.2297 cycle=0.0913 idt=0.0524 gnorm=31.620 dnorm=8.012 nan=0
2026-10-04 05:17:00,003 epoch=147 step=2300 loss_G=2.0773 loss_D_A=0.0711 loss_D_B=0.0687 cycle=0.0895 idt=0.0595 gnorm=19.406 dnorm=4.804 nan=0
2026-10-04 05:17:15,206 epoch=147 step=2400 loss_G=2.1483 loss_D_A=0.2396 loss_D_B=0.3507 cycle=0.0907 idt=0.0553 gnorm=36.765 dnorm=14.877 nan=0
2026-10-04 05:17:30,516 epoch=147 step=2500 loss_G=1.7745 loss_D_A=0.1824 loss_D_B=0.1758 cycle=0.0654 idt=0.0473 gnorm=26.258 dnorm=10.343 nan=0
2026-10-04 05:17:45,624 epoch=147 step=2600 loss_G=2.4118 loss_D_A=0.2714 loss_D_B=0.2272 cycle=0.0706 idt=0.0537 gnorm=29.944 dnorm=11.138 nan=0
2026-10-04 05:18:00,663 epoch=147 step=2700 loss_G=2.2414 loss_D_A=0.1030 loss_D_B=0.0404 cycle=0.0906 idt=0.0839 gnorm=41.537 dnorm=5.034 nan=0
2026-10-04 05:18:15,203 epoch=147 step=2800 loss_G=2.1423 loss_D_A=0.1624 loss_D_B=0.2492 cycle=0.0680 idt=0.0627 gnorm=27.680 dnorm=8.459 nan=0
2026-10-04 05:18:30,688 epoch=147 step=2900 loss_G=2.0933 loss_D_A=0.1710 loss_D_B=0.1277 cycle=0.0823 idt=0.0632 gnorm=26.957 dnorm=6.345 nan=0
2026-10-04 05:18:46,121 epoch=147 step=3000 loss_G=2.3632 loss_D_A=0.1058 loss_D_B=0.3977 cycle=0.0682 idt=0.0528 gnorm=27.054 dnorm=8.010 nan=0
2026-10-04 05:19:01,511 epoch=147 step=3100 loss_G=1.4099 loss_D_A=0.1366 loss_D_B=0.1874 cycle=0.0730 idt=0.0539 gnorm=23.323 dnorm=9.239 nan=0
2026-10-04 05:19:16,865 epoch=147 step=3200 loss_G=2.6834 loss_D_A=0.0585 loss_D_B=0.1778 cycle=0.0984 idt=0.0707 gnorm=32.947 dnorm=8.609 nan=0
2026-10-04 05:19:32,238 epoch=147 step=3300 loss_G=2.4311 loss_D_A=0.0889 loss_D_B=0.1565 cycle=0.1204 idt=0.0799 gnorm=27.125 dnorm=4.625 nan=0
2026-10-04 05:19:47,610 epoch=147 step=3400 loss_G=1.9967 loss_D_A=0.1265 loss_D_B=0.1497 cycle=0.1062 idt=0.0496 gnorm=31.322 dnorm=4.847 nan=0
2026-10-04 05:20:03,025 epoch=147 step=3500 loss_G=2.0981 loss_D_A=0.1464 loss_D_B=0.0562 cycle=0.0753 idt=0.0551 gnorm=31.662 dnorm=5.327 nan=0
2026-10-04 05:20:18,406 epoch=147 step=3600 loss_G=2.0096 loss_D_A=0.2110 loss_D_B=0.0888 cycle=0.0808 idt=0.0487 gnorm=24.125 dnorm=6.912 nan=0
2026-10-04 05:20:33,746 epoch=147 step=3700 loss_G=2.7102 loss_D_A=0.2226 loss_D_B=0.3213 cycle=0.1079 idt=0.0819 gnorm=23.939 dnorm=6.845 nan=0
2026-10-04 05:20:49,130 epoch=147 step=3800 loss_G=2.2849 loss_D_A=0.0830 loss_D_B=0.0692 cycle=0.0672 idt=0.0602 gnorm=18.968 dnorm=4.891 nan=0
2026-10-04 05:21:04,462 epoch=147 step=3900 loss_G=2.0626 loss_D_A=0.2513 loss_D_B=0.1319 cycle=0.0988 idt=0.0684 gnorm=31.005 dnorm=7.226 nan=0
2026-10-04 05:21:19,822 epoch=147 step=4000 loss_G=2.5927 loss_D_A=0.2498 loss_D_B=0.2200 cycle=0.0966 idt=0.0563 gnorm=33.669 dnorm=12.270 nan=0
2026-10-04 05:21:35,259 epoch=147 step=4100 loss_G=3.0310 loss_D_A=0.1236 loss_D_B=0.2054 cycle=0.1018 idt=0.0779 gnorm=33.959 dnorm=7.119 nan=0
2026-10-04 05:21:50,386 epoch=147 step=4200 loss_G=2.3758 loss_D_A=0.2120 loss_D_B=0.1470 cycle=0.1207 idt=0.0803 gnorm=43.433 dnorm=15.531 nan=0
2026-10-04 05:22:05,731 epoch=147 step=4300 loss_G=4.0338 loss_D_A=0.0976 loss_D_B=0.0960 cycle=0.1265 idt=0.1127 gnorm=41.837 dnorm=5.809 nan=0
2026-10-04 05:22:21,143 epoch=147 step=4400 loss_G=1.4987 loss_D_A=0.1376 loss_D_B=0.4505 cycle=0.0549 idt=0.0317 gnorm=17.203 dnorm=11.047 nan=0
2026-10-04 05:22:36,442 epoch=147 step=4500 loss_G=1.8909 loss_D_A=0.4139 loss_D_B=0.2040 cycle=0.0828 idt=0.0653 gnorm=29.549 dnorm=13.081 nan=0
2026-10-04 05:22:51,787 epoch=147 step=4600 loss_G=2.6308 loss_D_A=0.0867 loss_D_B=0.1234 cycle=0.0821 idt=0.0598 gnorm=28.245 dnorm=6.748 nan=0
2026-10-04 05:23:07,157 epoch=147 step=4700 loss_G=2.3436 loss_D_A=0.1825 loss_D_B=0.0810 cycle=0.0822 idt=0.0518 gnorm=22.126 dnorm=8.138 nan=0
2026-10-04 05:23:22,483 epoch=147 step=4800 loss_G=1.8946 loss_D_A=0.1080 loss_D_B=0.0317 cycle=0.0825 idt=0.0575 gnorm=20.378 dnorm=3.892 nan=0
2026-10-04 05:23:37,839 epoch=147 step=4900 loss_G=2.1313 loss_D_A=0.2069 loss_D_B=0.0874 cycle=0.0763 idt=0.0599 gnorm=30.614 dnorm=7.512 nan=0
2026-10-04 05:23:53,095 epoch=147 step=5000 loss_G=1.8852 loss_D_A=0.0790 loss_D_B=0.2307 cycle=0.0823 idt=0.0558 gnorm=20.449 dnorm=6.121 nan=0
2026-10-04 05:24:08,451 epoch=147 step=5100 loss_G=1.7020 loss_D_A=0.1839 loss_D_B=0.0648 cycle=0.0543 idt=0.0424 gnorm=31.412 dnorm=5.930 nan=0
2026-10-04 05:24:23,849 epoch=147 step=5200 loss_G=2.5951 loss_D_A=0.3111 loss_D_B=0.1347 cycle=0.0855 idt=0.0535 gnorm=32.637 dnorm=6.950 nan=0
2026-10-04 05:24:39,231 epoch=147 step=5300 loss_G=2.2270 loss_D_A=0.1058 loss_D_B=0.0678 cycle=0.1010 idt=0.0596 gnorm=40.561 dnorm=5.423 nan=0
2026-10-04 05:24:54,571 epoch=147 step=5400 loss_G=2.2580 loss_D_A=0.1670 loss_D_B=0.1641 cycle=0.0682 idt=0.0541 gnorm=33.540 dnorm=7.326 nan=0
2026-10-04 05:25:09,885 epoch=147 step=5500 loss_G=2.0115 loss_D_A=0.1685 loss_D_B=0.0421 cycle=0.0796 idt=0.0581 gnorm=34.821 dnorm=6.279 nan=0
2026-10-04 05:25:25,257 epoch=147 step=5600 loss_G=2.2898 loss_D_A=0.1657 loss_D_B=0.1040 cycle=0.0974 idt=0.0584 gnorm=42.120 dnorm=6.161 nan=0
2026-10-04 05:25:40,569 epoch=147 step=5700 loss_G=2.3422 loss_D_A=0.2791 loss_D_B=0.2386 cycle=0.0859 idt=0.0512 gnorm=32.968 dnorm=10.695 nan=0
2026-10-04 05:25:55,978 epoch=147 step=5800 loss_G=1.9887 loss_D_A=0.1210 loss_D_B=0.2515 cycle=0.0629 idt=0.0584 gnorm=17.569 dnorm=8.355 nan=0
2026-10-04 05:26:11,147 epoch=147 step=5900 loss_G=2.7735 loss_D_A=0.1514 loss_D_B=0.1123 cycle=0.1239 idt=0.0815 gnorm=43.387 dnorm=9.751 nan=0
2026-10-04 05:26:26,490 epoch=147 step=6000 loss_G=1.7227 loss_D_A=0.2803 loss_D_B=0.0456 cycle=0.0651 idt=0.0452 gnorm=15.042 dnorm=7.356 nan=0
2026-10-04 05:26:41,595 epoch=147 step=6100 loss_G=1.9210 loss_D_A=0.2055 loss_D_B=0.1458 cycle=0.0838 idt=0.0510 gnorm=35.519 dnorm=7.454 nan=0
2026-10-04 05:26:56,765 epoch=147 step=6200 loss_G=1.7165 loss_D_A=0.0673 loss_D_B=0.1267 cycle=0.0778 idt=0.0529 gnorm=16.136 dnorm=5.280 nan=0
2026-10-04 05:27:12,053 epoch=147 step=6300 loss_G=1.9881 loss_D_A=0.1105 loss_D_B=0.1557 cycle=0.0891 idt=0.0538 gnorm=34.900 dnorm=7.378 nan=0
2026-10-04 05:27:27,461 epoch=147 step=6400 loss_G=2.2844 loss_D_A=0.0920 loss_D_B=0.0714 cycle=0.0955 idt=0.0850 gnorm=20.431 dnorm=4.536 nan=0
2026-10-04 05:27:33,282 epoch_mean={'g': 2.1888492580673344, 'd_a': 0.1632127669998932, 'd_b': 0.1712373257720274, 'cycle': 0.09082147859571586, 'identity': 0.06523414841717391, 'epoch': 147}
2026-10-04 05:27:33,910 epoch=148 step=1 loss_G=2.1239 loss_D_A=0.1603 loss_D_B=0.0821 cycle=0.0902 idt=0.0640 gnorm=54.159 dnorm=9.747 nan=0
2026-10-04 05:27:49,022 epoch=148 step=100 loss_G=1.6560 loss_D_A=0.2317 loss_D_B=0.0735 cycle=0.0788 idt=0.0513 gnorm=20.444 dnorm=7.444 nan=0
2026-10-04 05:28:04,391 epoch=148 step=200 loss_G=3.0346 loss_D_A=0.1624 loss_D_B=0.2591 cycle=0.1864 idt=0.0772 gnorm=59.881 dnorm=7.098 nan=0
2026-10-04 05:28:19,721 epoch=148 step=300 loss_G=2.6019 loss_D_A=0.0778 loss_D_B=0.4688 cycle=0.1094 idt=0.0880 gnorm=39.322 dnorm=8.591 nan=0
2026-10-04 05:28:35,250 epoch=148 step=400 loss_G=2.7360 loss_D_A=0.1619 loss_D_B=0.1050 cycle=0.1386 idt=0.0877 gnorm=53.199 dnorm=6.195 nan=0
2026-10-04 05:28:50,642 epoch=148 step=500 loss_G=2.0072 loss_D_A=0.0459 loss_D_B=0.2407 cycle=0.0918 idt=0.0807 gnorm=37.571 dnorm=6.462 nan=0
2026-10-04 05:29:05,988 epoch=148 step=600 loss_G=1.8275 loss_D_A=0.1992 loss_D_B=0.2089 cycle=0.0726 idt=0.0401 gnorm=23.878 dnorm=6.271 nan=0
2026-10-04 05:29:21,452 epoch=148 step=700 loss_G=2.3341 loss_D_A=0.0542 loss_D_B=0.1283 cycle=0.0898 idt=0.0759 gnorm=45.226 dnorm=4.194 nan=0
2026-10-04 05:29:36,851 epoch=148 step=800 loss_G=2.0334 loss_D_A=0.0947 loss_D_B=0.1641 cycle=0.0769 idt=0.0484 gnorm=15.776 dnorm=5.315 nan=0
2026-10-04 05:29:52,232 epoch=148 step=900 loss_G=1.6714 loss_D_A=0.0878 loss_D_B=0.1382 cycle=0.0919 idt=0.0534 gnorm=30.604 dnorm=5.095 nan=0
2026-10-04 05:30:07,661 epoch=148 step=1000 loss_G=2.9167 loss_D_A=0.1264 loss_D_B=0.0615 cycle=0.1144 idt=0.0793 gnorm=43.232 dnorm=4.052 nan=0
2026-10-04 05:30:23,060 epoch=148 step=1100 loss_G=2.0845 loss_D_A=0.0724 loss_D_B=0.1891 cycle=0.0803 idt=0.0634 gnorm=38.101 dnorm=7.401 nan=0
2026-10-04 05:30:38,444 epoch=148 step=1200 loss_G=1.9815 loss_D_A=0.1553 loss_D_B=0.2190 cycle=0.1004 idt=0.0605 gnorm=29.278 dnorm=8.404 nan=0
2026-10-04 05:30:53,353 epoch=148 step=1300 loss_G=1.6105 loss_D_A=0.1699 loss_D_B=0.2230 cycle=0.0784 idt=0.0495 gnorm=18.462 dnorm=8.991 nan=0
2026-10-04 05:31:08,494 epoch=148 step=1400 loss_G=1.7959 loss_D_A=0.0854 loss_D_B=0.1465 cycle=0.0978 idt=0.0644 gnorm=14.988 dnorm=7.818 nan=0
2026-10-04 05:31:23,320 epoch=148 step=1500 loss_G=1.4858 loss_D_A=0.2230 loss_D_B=0.1017 cycle=0.0718 idt=0.0447 gnorm=24.203 dnorm=7.291 nan=0
2026-10-04 05:31:38,703 epoch=148 step=1600 loss_G=2.7298 loss_D_A=0.0489 loss_D_B=0.1071 cycle=0.0837 idt=0.0641 gnorm=26.810 dnorm=5.614 nan=0
2026-10-04 05:31:54,043 epoch=148 step=1700 loss_G=2.3253 loss_D_A=0.1302 loss_D_B=0.1508 cycle=0.1096 idt=0.0720 gnorm=30.742 dnorm=5.589 nan=0
2026-10-04 05:32:09,491 epoch=148 step=1800 loss_G=2.2610 loss_D_A=0.1834 loss_D_B=0.1627 cycle=0.0995 idt=0.0789 gnorm=30.837 dnorm=7.365 nan=0
2026-10-04 05:32:24,972 epoch=148 step=1900 loss_G=3.0163 loss_D_A=0.1977 loss_D_B=0.0912 cycle=0.0929 idt=0.0793 gnorm=36.679 dnorm=5.092 nan=0
2026-10-04 05:32:40,307 epoch=148 step=2000 loss_G=2.5728 loss_D_A=0.1679 loss_D_B=0.1521 cycle=0.1359 idt=0.0557 gnorm=44.338 dnorm=5.723 nan=0
2026-10-04 05:32:55,777 epoch=148 step=2100 loss_G=2.3908 loss_D_A=0.0956 loss_D_B=0.1500 cycle=0.0858 idt=0.0517 gnorm=33.333 dnorm=5.704 nan=0
2026-10-04 05:33:10,854 epoch=148 step=2200 loss_G=2.1052 loss_D_A=0.0422 loss_D_B=0.1844 cycle=0.0799 idt=0.0526 gnorm=23.955 dnorm=5.929 nan=0
2026-10-04 05:33:26,181 epoch=148 step=2300 loss_G=2.1235 loss_D_A=0.1428 loss_D_B=0.0959 cycle=0.0397 idt=0.0408 gnorm=19.566 dnorm=5.617 nan=0
2026-10-04 05:33:41,332 epoch=148 step=2400 loss_G=1.5862 loss_D_A=0.1502 loss_D_B=0.1642 cycle=0.0781 idt=0.0615 gnorm=22.390 dnorm=6.949 nan=0
2026-10-04 05:33:56,699 epoch=148 step=2500 loss_G=1.7660 loss_D_A=0.3710 loss_D_B=0.1600 cycle=0.1039 idt=0.0859 gnorm=22.335 dnorm=10.084 nan=0
2026-10-04 05:34:12,323 epoch=148 step=2600 loss_G=3.0107 loss_D_A=0.1292 loss_D_B=0.1739 cycle=0.1275 idt=0.0992 gnorm=28.336 dnorm=8.582 nan=0
2026-10-04 05:34:27,718 epoch=148 step=2700 loss_G=2.5944 loss_D_A=0.1911 loss_D_B=0.1747 cycle=0.0940 idt=0.0537 gnorm=32.796 dnorm=8.884 nan=0
2026-10-04 05:34:43,073 epoch=148 step=2800 loss_G=2.7808 loss_D_A=0.1104 loss_D_B=0.0475 cycle=0.0892 idt=0.0583 gnorm=24.475 dnorm=4.170 nan=0
2026-10-04 05:34:58,452 epoch=148 step=2900 loss_G=2.3172 loss_D_A=0.0907 loss_D_B=0.1520 cycle=0.0883 idt=0.0756 gnorm=31.006 dnorm=4.373 nan=0
2026-10-04 05:35:13,738 epoch=148 step=3000 loss_G=1.8008 loss_D_A=0.1245 loss_D_B=0.1901 cycle=0.0714 idt=0.0498 gnorm=21.489 dnorm=7.981 nan=0
2026-10-04 05:35:29,107 epoch=148 step=3100 loss_G=2.3871 loss_D_A=0.0411 loss_D_B=0.0788 cycle=0.0974 idt=0.0746 gnorm=32.989 dnorm=4.551 nan=0
2026-10-04 05:35:44,530 epoch=148 step=3200 loss_G=1.6056 loss_D_A=0.0772 loss_D_B=0.1165 cycle=0.0985 idt=0.0659 gnorm=21.446 dnorm=5.323 nan=0
2026-10-04 05:35:59,857 epoch=148 step=3300 loss_G=2.5709 loss_D_A=0.0796 loss_D_B=0.1572 cycle=0.0919 idt=0.0601 gnorm=31.958 dnorm=6.741 nan=0
2026-10-04 05:36:15,164 epoch=148 step=3400 loss_G=1.9147 loss_D_A=0.1147 loss_D_B=0.0891 cycle=0.0744 idt=0.0547 gnorm=20.821 dnorm=6.139 nan=0
2026-10-04 05:36:30,580 epoch=148 step=3500 loss_G=1.9380 loss_D_A=0.1489 loss_D_B=0.0866 cycle=0.0844 idt=0.0731 gnorm=40.745 dnorm=6.469 nan=0
2026-10-04 05:36:45,900 epoch=148 step=3600 loss_G=2.2626 loss_D_A=0.0841 loss_D_B=0.2244 cycle=0.0840 idt=0.0670 gnorm=29.712 dnorm=10.772 nan=0
2026-10-04 05:37:00,314 epoch=148 step=3700 loss_G=1.6502 loss_D_A=0.3951 loss_D_B=0.2506 cycle=0.0781 idt=0.0586 gnorm=23.545 dnorm=9.474 nan=0
2026-10-04 05:37:15,547 epoch=148 step=3800 loss_G=2.2979 loss_D_A=0.0817 loss_D_B=0.1440 cycle=0.0952 idt=0.0790 gnorm=32.255 dnorm=5.693 nan=0
2026-10-04 05:37:30,530 epoch=148 step=3900 loss_G=2.6628 loss_D_A=0.1266 loss_D_B=0.3498 cycle=0.0652 idt=0.0558 gnorm=14.023 dnorm=10.128 nan=0
2026-10-04 05:37:45,526 epoch=148 step=4000 loss_G=1.6597 loss_D_A=0.1053 loss_D_B=0.1942 cycle=0.0771 idt=0.0593 gnorm=25.675 dnorm=8.323 nan=0
2026-10-04 05:38:00,303 epoch=148 step=4100 loss_G=1.5711 loss_D_A=0.1998 loss_D_B=0.1918 cycle=0.0790 idt=0.0580 gnorm=18.836 dnorm=7.802 nan=0
2026-10-04 05:38:15,678 epoch=148 step=4200 loss_G=2.2533 loss_D_A=0.3097 loss_D_B=0.3309 cycle=0.0831 idt=0.0516 gnorm=23.573 dnorm=18.822 nan=0
2026-10-04 05:38:31,131 epoch=148 step=4300 loss_G=1.7909 loss_D_A=0.2985 loss_D_B=0.2403 cycle=0.0731 idt=0.0507 gnorm=14.432 dnorm=15.866 nan=0
2026-10-04 05:38:46,330 epoch=148 step=4400 loss_G=2.2365 loss_D_A=0.1577 loss_D_B=0.1603 cycle=0.1304 idt=0.0763 gnorm=37.871 dnorm=5.326 nan=0
2026-10-04 05:39:01,503 epoch=148 step=4500 loss_G=2.0262 loss_D_A=0.1423 loss_D_B=0.2722 cycle=0.0732 idt=0.0560 gnorm=23.767 dnorm=8.506 nan=0
2026-10-04 05:39:16,930 epoch=148 step=4600 loss_G=1.8807 loss_D_A=0.1116 loss_D_B=0.0800 cycle=0.0821 idt=0.0683 gnorm=21.773 dnorm=7.266 nan=0
2026-10-04 05:39:32,305 epoch=148 step=4700 loss_G=1.7115 loss_D_A=0.0860 loss_D_B=0.3398 cycle=0.1057 idt=0.0736 gnorm=25.122 dnorm=7.166 nan=0
2026-10-04 05:39:47,259 epoch=148 step=4800 loss_G=2.2540 loss_D_A=0.1588 loss_D_B=0.1784 cycle=0.1229 idt=0.0839 gnorm=29.327 dnorm=8.959 nan=0
2026-10-04 05:40:02,537 epoch=148 step=4900 loss_G=2.3653 loss_D_A=0.0875 loss_D_B=0.1683 cycle=0.1024 idt=0.0813 gnorm=15.172 dnorm=4.979 nan=0
2026-10-04 05:40:17,930 epoch=148 step=5000 loss_G=2.2124 loss_D_A=0.1294 loss_D_B=0.1250 cycle=0.0935 idt=0.0797 gnorm=42.364 dnorm=7.782 nan=0
2026-10-04 05:40:33,033 epoch=148 step=5100 loss_G=2.9061 loss_D_A=0.1590 loss_D_B=0.3046 cycle=0.1247 idt=0.0865 gnorm=39.096 dnorm=5.886 nan=0
2026-10-04 05:40:48,272 epoch=148 step=5200 loss_G=1.4655 loss_D_A=0.1721 loss_D_B=0.0921 cycle=0.0764 idt=0.0556 gnorm=18.993 dnorm=6.513 nan=0
2026-10-04 05:41:03,659 epoch=148 step=5300 loss_G=1.7505 loss_D_A=0.0466 loss_D_B=0.2529 cycle=0.0865 idt=0.0668 gnorm=27.738 dnorm=5.000 nan=0
2026-10-04 05:41:18,971 epoch=148 step=5400 loss_G=1.6329 loss_D_A=0.0961 loss_D_B=0.0879 cycle=0.0762 idt=0.0438 gnorm=37.896 dnorm=5.359 nan=0
2026-10-04 05:41:34,316 epoch=148 step=5500 loss_G=2.1422 loss_D_A=0.3223 loss_D_B=0.1547 cycle=0.1161 idt=0.0736 gnorm=26.271 dnorm=10.643 nan=0
2026-10-04 05:41:49,613 epoch=148 step=5600 loss_G=2.4776 loss_D_A=0.0360 loss_D_B=0.1364 cycle=0.1402 idt=0.1005 gnorm=39.015 dnorm=3.843 nan=0
2026-10-04 05:42:04,699 epoch=148 step=5700 loss_G=1.8926 loss_D_A=0.1887 loss_D_B=0.1368 cycle=0.0789 idt=0.0547 gnorm=24.796 dnorm=6.122 nan=0
2026-10-04 05:42:19,889 epoch=148 step=5800 loss_G=2.1062 loss_D_A=0.1462 loss_D_B=0.2140 cycle=0.1040 idt=0.0678 gnorm=15.695 dnorm=16.007 nan=0
2026-10-04 05:42:34,991 epoch=148 step=5900 loss_G=2.8385 loss_D_A=0.1639 loss_D_B=0.0609 cycle=0.0846 idt=0.0686 gnorm=30.239 dnorm=6.534 nan=0
2026-10-04 05:42:50,372 epoch=148 step=6000 loss_G=2.1539 loss_D_A=0.0764 loss_D_B=0.2426 cycle=0.0955 idt=0.0673 gnorm=18.232 dnorm=5.649 nan=0
2026-10-04 05:43:05,496 epoch=148 step=6100 loss_G=2.4074 loss_D_A=0.3466 loss_D_B=0.0472 cycle=0.1168 idt=0.0793 gnorm=37.234 dnorm=9.154 nan=0
2026-10-04 05:43:20,647 epoch=148 step=6200 loss_G=2.1796 loss_D_A=0.1488 loss_D_B=0.4316 cycle=0.0974 idt=0.0707 gnorm=28.659 dnorm=8.179 nan=0
2026-10-04 05:43:35,830 epoch=148 step=6300 loss_G=2.4341 loss_D_A=0.2893 loss_D_B=0.1282 cycle=0.0788 idt=0.0607 gnorm=26.238 dnorm=13.362 nan=0
2026-10-04 05:43:51,151 epoch=148 step=6400 loss_G=1.9479 loss_D_A=0.1414 loss_D_B=0.0667 cycle=0.0930 idt=0.0787 gnorm=34.397 dnorm=5.158 nan=0
2026-10-04 05:43:56,944 epoch_mean={'g': 2.1755785958372167, 'd_a': 0.16306346882645037, 'd_b': 0.17204479491277377, 'cycle': 0.09036727957415928, 'identity': 0.06456664868414347, 'epoch': 148}
2026-10-04 05:43:57,549 epoch=149 step=1 loss_G=1.8888 loss_D_A=0.1385 loss_D_B=0.1979 cycle=0.0765 idt=0.0555 gnorm=21.752 dnorm=7.765 nan=0
2026-10-04 05:44:12,366 epoch=149 step=100 loss_G=2.2792 loss_D_A=0.2182 loss_D_B=0.0859 cycle=0.0834 idt=0.0518 gnorm=24.422 dnorm=7.148 nan=0
2026-10-04 05:44:27,004 epoch=149 step=200 loss_G=1.5288 loss_D_A=0.1097 loss_D_B=0.3335 cycle=0.0819 idt=0.0583 gnorm=21.367 dnorm=8.467 nan=0
2026-10-04 05:44:42,228 epoch=149 step=300 loss_G=2.1696 loss_D_A=0.5326 loss_D_B=0.1001 cycle=0.0875 idt=0.0522 gnorm=27.875 dnorm=9.086 nan=0
2026-10-04 05:44:57,470 epoch=149 step=400 loss_G=2.4540 loss_D_A=0.0733 loss_D_B=0.2254 cycle=0.0907 idt=0.0502 gnorm=33.288 dnorm=5.105 nan=0
2026-10-04 05:45:12,794 epoch=149 step=500 loss_G=1.8417 loss_D_A=0.1477 loss_D_B=0.1706 cycle=0.0755 idt=0.0407 gnorm=24.538 dnorm=11.812 nan=0
2026-10-04 05:45:28,077 epoch=149 step=600 loss_G=1.8102 loss_D_A=0.2429 loss_D_B=0.2153 cycle=0.0647 idt=0.0421 gnorm=18.002 dnorm=10.994 nan=0
2026-10-04 05:45:43,428 epoch=149 step=700 loss_G=1.9571 loss_D_A=0.4131 loss_D_B=0.2144 cycle=0.0929 idt=0.0518 gnorm=30.562 dnorm=12.688 nan=0
2026-10-04 05:45:58,782 epoch=149 step=800 loss_G=1.7402 loss_D_A=0.2516 loss_D_B=0.4424 cycle=0.0747 idt=0.0488 gnorm=24.342 dnorm=17.304 nan=0
2026-10-04 05:46:14,222 epoch=149 step=900 loss_G=2.3675 loss_D_A=0.0335 loss_D_B=0.1630 cycle=0.1035 idt=0.0691 gnorm=26.609 dnorm=5.118 nan=0
2026-10-04 05:46:29,585 epoch=149 step=1000 loss_G=2.5365 loss_D_A=0.1165 loss_D_B=0.3089 cycle=0.1308 idt=0.0658 gnorm=47.169 dnorm=6.069 nan=0
2026-10-04 05:46:44,697 epoch=149 step=1100 loss_G=3.0937 loss_D_A=0.2207 loss_D_B=0.2124 cycle=0.1176 idt=0.0908 gnorm=45.730 dnorm=9.032 nan=0
2026-10-04 05:47:00,087 epoch=149 step=1200 loss_G=1.9318 loss_D_A=0.1240 loss_D_B=0.3270 cycle=0.0686 idt=0.0557 gnorm=17.128 dnorm=8.709 nan=0
2026-10-04 05:47:15,433 epoch=149 step=1300 loss_G=2.4058 loss_D_A=0.1431 loss_D_B=0.1005 cycle=0.1057 idt=0.0655 gnorm=41.028 dnorm=5.222 nan=0
2026-10-04 05:47:30,773 epoch=149 step=1400 loss_G=2.4087 loss_D_A=0.1707 loss_D_B=0.3146 cycle=0.0753 idt=0.0676 gnorm=25.409 dnorm=8.560 nan=0
2026-10-04 05:47:45,634 epoch=149 step=1500 loss_G=2.2658 loss_D_A=0.2881 loss_D_B=0.2974 cycle=0.0836 idt=0.0573 gnorm=27.203 dnorm=7.420 nan=0
2026-10-04 05:48:00,965 epoch=149 step=1600 loss_G=1.5808 loss_D_A=0.1019 loss_D_B=0.0832 cycle=0.0821 idt=0.0575 gnorm=30.534 dnorm=4.023 nan=0
2026-10-04 05:48:16,274 epoch=149 step=1700 loss_G=2.5746 loss_D_A=0.1039 loss_D_B=0.2725 cycle=0.1337 idt=0.0770 gnorm=50.921 dnorm=9.358 nan=0
2026-10-04 05:48:31,501 epoch=149 step=1800 loss_G=2.0413 loss_D_A=0.1293 loss_D_B=0.1388 cycle=0.0910 idt=0.0779 gnorm=50.424 dnorm=8.727 nan=0
2026-10-04 05:48:46,803 epoch=149 step=1900 loss_G=1.7194 loss_D_A=0.1703 loss_D_B=0.1818 cycle=0.0867 idt=0.0547 gnorm=21.585 dnorm=6.900 nan=0
2026-10-04 05:49:01,626 epoch=149 step=2000 loss_G=1.9086 loss_D_A=0.1442 loss_D_B=0.1878 cycle=0.0872 idt=0.0557 gnorm=22.377 dnorm=5.141 nan=0
2026-10-04 05:49:16,926 epoch=149 step=2100 loss_G=2.1443 loss_D_A=0.2696 loss_D_B=0.0721 cycle=0.0925 idt=0.0648 gnorm=39.212 dnorm=8.768 nan=0
2026-10-04 05:49:32,290 epoch=149 step=2200 loss_G=1.4345 loss_D_A=0.0530 loss_D_B=0.1076 cycle=0.0575 idt=0.0368 gnorm=20.619 dnorm=3.658 nan=0
2026-10-04 05:49:47,328 epoch=149 step=2300 loss_G=2.2454 loss_D_A=0.1125 loss_D_B=0.1089 cycle=0.0982 idt=0.0695 gnorm=30.759 dnorm=6.020 nan=0
2026-10-04 05:50:02,650 epoch=149 step=2400 loss_G=2.6238 loss_D_A=0.1931 loss_D_B=0.1817 cycle=0.1475 idt=0.1160 gnorm=42.283 dnorm=7.903 nan=0
2026-10-04 05:50:17,966 epoch=149 step=2500 loss_G=1.7289 loss_D_A=0.2788 loss_D_B=0.0865 cycle=0.0739 idt=0.0521 gnorm=20.009 dnorm=9.645 nan=0
2026-10-04 05:50:33,249 epoch=149 step=2600 loss_G=1.8566 loss_D_A=0.0823 loss_D_B=0.0783 cycle=0.0659 idt=0.0379 gnorm=21.126 dnorm=4.187 nan=0
2026-10-04 05:50:48,614 epoch=149 step=2700 loss_G=1.8042 loss_D_A=0.0899 loss_D_B=0.4910 cycle=0.1006 idt=0.0637 gnorm=33.608 dnorm=10.455 nan=0
2026-10-04 05:51:03,912 epoch=149 step=2800 loss_G=2.1589 loss_D_A=0.0688 loss_D_B=0.1017 cycle=0.0803 idt=0.0648 gnorm=35.936 dnorm=4.567 nan=0
2026-10-04 05:51:19,177 epoch=149 step=2900 loss_G=2.8525 loss_D_A=0.1431 loss_D_B=0.1398 cycle=0.0928 idt=0.0628 gnorm=30.185 dnorm=8.066 nan=0
2026-10-04 05:51:34,517 epoch=149 step=3000 loss_G=1.6250 loss_D_A=0.0864 loss_D_B=0.2390 cycle=0.0817 idt=0.0571 gnorm=20.773 dnorm=5.503 nan=0
2026-10-04 05:51:49,548 epoch=149 step=3100 loss_G=1.8391 loss_D_A=0.3042 loss_D_B=0.2370 cycle=0.0844 idt=0.0505 gnorm=26.225 dnorm=9.650 nan=0
2026-10-04 05:52:04,484 epoch=149 step=3200 loss_G=3.2361 loss_D_A=0.0726 loss_D_B=0.1119 cycle=0.0642 idt=0.0422 gnorm=20.009 dnorm=7.182 nan=0
2026-10-04 05:52:19,809 epoch=149 step=3300 loss_G=2.4733 loss_D_A=0.0488 loss_D_B=0.1103 cycle=0.1177 idt=0.1275 gnorm=49.394 dnorm=5.488 nan=0
2026-10-04 05:52:35,113 epoch=149 step=3400 loss_G=1.8645 loss_D_A=0.1043 loss_D_B=0.1684 cycle=0.0680 idt=0.0401 gnorm=27.782 dnorm=7.575 nan=0
2026-10-04 05:52:50,380 epoch=149 step=3500 loss_G=2.3205 loss_D_A=0.2408 loss_D_B=0.1464 cycle=0.0955 idt=0.0584 gnorm=24.139 dnorm=8.087 nan=0
2026-10-04 05:53:05,711 epoch=149 step=3600 loss_G=1.4534 loss_D_A=0.0235 loss_D_B=0.2637 cycle=0.0809 idt=0.0490 gnorm=17.125 dnorm=4.943 nan=0
2026-10-04 05:53:21,006 epoch=149 step=3700 loss_G=1.8058 loss_D_A=0.0853 loss_D_B=0.1005 cycle=0.0846 idt=0.0602 gnorm=24.172 dnorm=5.568 nan=0
2026-10-04 05:53:35,755 epoch=149 step=3800 loss_G=2.3008 loss_D_A=0.1978 loss_D_B=0.2804 cycle=0.1376 idt=0.1138 gnorm=33.776 dnorm=10.713 nan=0
2026-10-04 05:53:51,055 epoch=149 step=3900 loss_G=3.1118 loss_D_A=0.1847 loss_D_B=0.1777 cycle=0.1622 idt=0.0683 gnorm=49.541 dnorm=6.921 nan=0
2026-10-04 05:54:05,945 epoch=149 step=4000 loss_G=2.2662 loss_D_A=0.1422 loss_D_B=0.1132 cycle=0.0783 idt=0.1074 gnorm=38.179 dnorm=6.187 nan=0
2026-10-04 05:54:20,718 epoch=149 step=4100 loss_G=2.8902 loss_D_A=0.2148 loss_D_B=0.1419 cycle=0.0983 idt=0.0751 gnorm=27.671 dnorm=6.540 nan=0
2026-10-04 05:54:35,748 epoch=149 step=4200 loss_G=2.1798 loss_D_A=0.0324 loss_D_B=0.1459 cycle=0.0900 idt=0.0572 gnorm=22.438 dnorm=3.685 nan=0
2026-10-04 05:54:51,104 epoch=149 step=4300 loss_G=2.7598 loss_D_A=0.0942 loss_D_B=0.1499 cycle=0.0901 idt=0.0588 gnorm=29.484 dnorm=8.599 nan=0
2026-10-04 05:55:06,119 epoch=149 step=4400 loss_G=2.3713 loss_D_A=0.1207 loss_D_B=0.0996 cycle=0.0907 idt=0.0526 gnorm=35.954 dnorm=5.371 nan=0
2026-10-04 05:55:21,464 epoch=149 step=4500 loss_G=2.3553 loss_D_A=0.2925 loss_D_B=0.1807 cycle=0.0890 idt=0.0583 gnorm=22.058 dnorm=8.415 nan=0
2026-10-04 05:55:36,793 epoch=149 step=4600 loss_G=1.6109 loss_D_A=0.4027 loss_D_B=0.1890 cycle=0.0874 idt=0.0627 gnorm=26.471 dnorm=13.747 nan=0
2026-10-04 05:55:52,076 epoch=149 step=4700 loss_G=1.9487 loss_D_A=0.1450 loss_D_B=0.1690 cycle=0.0763 idt=0.0502 gnorm=26.868 dnorm=9.890 nan=0
2026-10-04 05:56:07,363 epoch=149 step=4800 loss_G=2.6520 loss_D_A=0.1536 loss_D_B=0.1772 cycle=0.0866 idt=0.0632 gnorm=27.919 dnorm=8.889 nan=0
2026-10-04 05:56:22,702 epoch=149 step=4900 loss_G=2.0001 loss_D_A=0.1747 loss_D_B=0.2680 cycle=0.0837 idt=0.0555 gnorm=31.129 dnorm=9.383 nan=0
2026-10-04 05:56:37,990 epoch=149 step=5000 loss_G=2.2334 loss_D_A=0.1770 loss_D_B=0.1293 cycle=0.1048 idt=0.0682 gnorm=24.883 dnorm=5.585 nan=0
2026-10-04 05:56:53,308 epoch=149 step=5100 loss_G=1.9555 loss_D_A=0.1269 loss_D_B=0.1377 cycle=0.0978 idt=0.0583 gnorm=29.840 dnorm=5.938 nan=0
2026-10-04 05:57:08,607 epoch=149 step=5200 loss_G=1.6565 loss_D_A=0.2565 loss_D_B=0.1607 cycle=0.0815 idt=0.0722 gnorm=26.560 dnorm=6.683 nan=0
2026-10-04 05:57:24,059 epoch=149 step=5300 loss_G=1.7410 loss_D_A=0.2616 loss_D_B=0.1707 cycle=0.0718 idt=0.0692 gnorm=34.084 dnorm=9.541 nan=0
2026-10-04 05:57:39,380 epoch=149 step=5400 loss_G=2.4312 loss_D_A=0.2484 loss_D_B=0.1829 cycle=0.1207 idt=0.0775 gnorm=35.649 dnorm=8.089 nan=0
2026-10-04 05:57:54,242 epoch=149 step=5500 loss_G=1.3944 loss_D_A=0.3031 loss_D_B=0.3956 cycle=0.0785 idt=0.0605 gnorm=25.315 dnorm=12.470 nan=0
2026-10-04 05:58:09,511 epoch=149 step=5600 loss_G=2.2800 loss_D_A=0.1313 loss_D_B=0.0983 cycle=0.1295 idt=0.0648 gnorm=44.267 dnorm=5.464 nan=0
2026-10-04 05:58:24,791 epoch=149 step=5700 loss_G=1.6665 loss_D_A=0.1808 loss_D_B=0.0832 cycle=0.0552 idt=0.0366 gnorm=13.900 dnorm=7.178 nan=0
2026-10-04 05:58:40,185 epoch=149 step=5800 loss_G=1.8843 loss_D_A=0.1074 loss_D_B=0.0954 cycle=0.0852 idt=0.0508 gnorm=34.428 dnorm=4.700 nan=0
2026-10-04 05:58:55,466 epoch=149 step=5900 loss_G=1.9156 loss_D_A=0.2093 loss_D_B=0.0967 cycle=0.0981 idt=0.0631 gnorm=43.426 dnorm=8.531 nan=0
2026-10-04 05:59:10,780 epoch=149 step=6000 loss_G=2.3421 loss_D_A=0.5971 loss_D_B=0.2182 cycle=0.0950 idt=0.0686 gnorm=30.715 dnorm=9.624 nan=0
2026-10-04 05:59:26,194 epoch=149 step=6100 loss_G=1.5143 loss_D_A=0.4675 loss_D_B=0.2086 cycle=0.0752 idt=0.0501 gnorm=15.990 dnorm=8.738 nan=0
2026-10-04 05:59:41,468 epoch=149 step=6200 loss_G=2.6476 loss_D_A=0.2406 loss_D_B=0.2215 cycle=0.0863 idt=0.0821 gnorm=26.825 dnorm=8.588 nan=0
2026-10-04 05:59:56,199 epoch=149 step=6300 loss_G=1.9610 loss_D_A=0.1282 loss_D_B=0.1990 cycle=0.0833 idt=0.0559 gnorm=25.380 dnorm=7.737 nan=0
2026-10-04 06:00:11,225 epoch=149 step=6400 loss_G=2.1826 loss_D_A=0.1663 loss_D_B=0.0365 cycle=0.0782 idt=0.0766 gnorm=25.625 dnorm=7.801 nan=0
2026-10-04 06:00:17,011 epoch_mean={'g': 2.181309795113001, 'd_a': 0.16313464806738312, 'd_b': 0.17156567178034715, 'cycle': 0.09031454929471497, 'identity': 0.06503851927004456, 'epoch': 149}
2026-10-04 06:00:17,607 epoch=150 step=1 loss_G=1.6736 loss_D_A=0.2765 loss_D_B=0.1083 cycle=0.0719 idt=0.0433 gnorm=21.460 dnorm=6.260 nan=0
2026-10-04 06:00:32,579 epoch=150 step=100 loss_G=2.3195 loss_D_A=0.2738 loss_D_B=0.1632 cycle=0.0902 idt=0.0631 gnorm=26.704 dnorm=12.925 nan=0
2026-10-04 06:00:47,870 epoch=150 step=200 loss_G=2.0282 loss_D_A=0.1324 loss_D_B=0.1017 cycle=0.0710 idt=0.0560 gnorm=18.716 dnorm=5.540 nan=0
2026-10-04 06:01:03,037 epoch=150 step=300 loss_G=2.1453 loss_D_A=0.2475 loss_D_B=0.1205 cycle=0.0955 idt=0.0566 gnorm=25.449 dnorm=9.458 nan=0
2026-10-04 06:01:18,476 epoch=150 step=400 loss_G=1.9865 loss_D_A=0.2692 loss_D_B=0.1617 cycle=0.0952 idt=0.0653 gnorm=34.042 dnorm=7.173 nan=0
2026-10-04 06:01:33,151 epoch=150 step=500 loss_G=1.2895 loss_D_A=0.0450 loss_D_B=0.5083 cycle=0.0588 idt=0.0630 gnorm=21.769 dnorm=15.965 nan=0
2026-10-04 06:01:48,180 epoch=150 step=600 loss_G=2.6310 loss_D_A=0.1523 loss_D_B=0.1215 cycle=0.0817 idt=0.0548 gnorm=27.583 dnorm=6.287 nan=0
2026-10-04 06:02:03,381 epoch=150 step=700 loss_G=1.3886 loss_D_A=0.2562 loss_D_B=0.1618 cycle=0.0743 idt=0.0595 gnorm=27.021 dnorm=8.770 nan=0
2026-10-04 06:02:18,104 epoch=150 step=800 loss_G=1.5423 loss_D_A=0.0594 loss_D_B=0.1162 cycle=0.0876 idt=0.0548 gnorm=22.506 dnorm=5.023 nan=0
2026-10-04 06:02:33,440 epoch=150 step=900 loss_G=2.3572 loss_D_A=0.0870 loss_D_B=0.0258 cycle=0.0840 idt=0.0510 gnorm=27.788 dnorm=4.903 nan=0
2026-10-04 06:02:48,796 epoch=150 step=1000 loss_G=2.1562 loss_D_A=0.1961 loss_D_B=0.1603 cycle=0.0749 idt=0.0644 gnorm=34.019 dnorm=8.973 nan=0
2026-10-04 06:03:03,951 epoch=150 step=1100 loss_G=2.5515 loss_D_A=0.2297 loss_D_B=0.2844 cycle=0.1204 idt=0.0721 gnorm=26.854 dnorm=10.908 nan=0
2026-10-04 06:03:19,322 epoch=150 step=1200 loss_G=2.7379 loss_D_A=0.1557 loss_D_B=0.0783 cycle=0.0965 idt=0.0626 gnorm=32.827 dnorm=6.719 nan=0
2026-10-04 06:03:34,636 epoch=150 step=1300 loss_G=1.9272 loss_D_A=0.1517 loss_D_B=0.2369 cycle=0.1025 idt=0.0529 gnorm=23.522 dnorm=7.899 nan=0
2026-10-04 06:03:49,929 epoch=150 step=1400 loss_G=1.7252 loss_D_A=0.1327 loss_D_B=0.4530 cycle=0.0787 idt=0.0814 gnorm=31.161 dnorm=8.587 nan=0
2026-10-04 06:04:04,955 epoch=150 step=1500 loss_G=3.2766 loss_D_A=0.0294 loss_D_B=0.3930 cycle=0.1453 idt=0.1491 gnorm=49.712 dnorm=9.756 nan=0
2026-10-04 06:04:20,301 epoch=150 step=1600 loss_G=1.7986 loss_D_A=0.0531 loss_D_B=0.1205 cycle=0.0766 idt=0.0535 gnorm=27.415 dnorm=5.174 nan=0
2026-10-04 06:04:35,546 epoch=150 step=1700 loss_G=2.8991 loss_D_A=0.0986 loss_D_B=0.3286 cycle=0.0987 idt=0.0865 gnorm=32.847 dnorm=10.405 nan=0
2026-10-04 06:04:50,915 epoch=150 step=1800 loss_G=2.0266 loss_D_A=0.1717 loss_D_B=0.1024 cycle=0.1010 idt=0.0710 gnorm=43.321 dnorm=8.818 nan=0
2026-10-04 06:05:06,247 epoch=150 step=1900 loss_G=2.1152 loss_D_A=0.2582 loss_D_B=0.1994 cycle=0.1005 idt=0.0670 gnorm=18.611 dnorm=5.975 nan=0
2026-10-04 06:05:21,523 epoch=150 step=2000 loss_G=2.3084 loss_D_A=0.1838 loss_D_B=0.0435 cycle=0.0885 idt=0.0566 gnorm=36.941 dnorm=3.987 nan=0
2026-10-04 06:05:36,833 epoch=150 step=2100 loss_G=1.6359 loss_D_A=0.1599 loss_D_B=0.1330 cycle=0.0898 idt=0.0627 gnorm=33.058 dnorm=7.835 nan=0
2026-10-04 06:05:51,994 epoch=150 step=2200 loss_G=1.8914 loss_D_A=0.2205 loss_D_B=0.0722 cycle=0.0817 idt=0.0562 gnorm=19.726 dnorm=6.170 nan=0
2026-10-04 06:06:07,237 epoch=150 step=2300 loss_G=1.6734 loss_D_A=0.2278 loss_D_B=0.2724 cycle=0.0719 idt=0.0530 gnorm=32.517 dnorm=10.133 nan=0
2026-10-04 06:06:22,564 epoch=150 step=2400 loss_G=2.2025 loss_D_A=0.3428 loss_D_B=0.0879 cycle=0.0802 idt=0.0742 gnorm=20.270 dnorm=7.821 nan=0
2026-10-04 06:06:37,916 epoch=150 step=2500 loss_G=2.0763 loss_D_A=0.3167 loss_D_B=0.2502 cycle=0.1071 idt=0.0883 gnorm=40.183 dnorm=13.997 nan=0
2026-10-04 06:06:53,203 epoch=150 step=2600 loss_G=2.4882 loss_D_A=0.1018 loss_D_B=0.1945 cycle=0.0690 idt=0.0405 gnorm=28.982 dnorm=6.555 nan=0
2026-10-04 06:07:08,529 epoch=150 step=2700 loss_G=2.5890 loss_D_A=0.1719 loss_D_B=0.1382 cycle=0.1201 idt=0.1039 gnorm=29.561 dnorm=10.840 nan=0
2026-10-04 06:07:23,892 epoch=150 step=2800 loss_G=1.9770 loss_D_A=0.1632 loss_D_B=0.2174 cycle=0.0832 idt=0.0789 gnorm=27.950 dnorm=8.731 nan=0
2026-10-04 06:07:38,951 epoch=150 step=2900 loss_G=1.6450 loss_D_A=0.0582 loss_D_B=0.0392 cycle=0.0711 idt=0.0451 gnorm=22.022 dnorm=2.632 nan=0
2026-10-04 06:07:54,261 epoch=150 step=3000 loss_G=1.8811 loss_D_A=0.1205 loss_D_B=0.0726 cycle=0.0736 idt=0.0519 gnorm=32.288 dnorm=4.390 nan=0
2026-10-04 06:08:09,659 epoch=150 step=3100 loss_G=2.0333 loss_D_A=0.1373 loss_D_B=0.2485 cycle=0.0813 idt=0.0633 gnorm=24.872 dnorm=9.237 nan=0
2026-10-04 06:08:24,959 epoch=150 step=3200 loss_G=2.2411 loss_D_A=0.1126 loss_D_B=0.1914 cycle=0.0934 idt=0.0916 gnorm=25.134 dnorm=7.928 nan=0
2026-10-04 06:08:40,253 epoch=150 step=3300 loss_G=1.8699 loss_D_A=0.1615 loss_D_B=0.1502 cycle=0.0780 idt=0.0536 gnorm=25.822 dnorm=9.424 nan=0
2026-10-04 06:08:55,682 epoch=150 step=3400 loss_G=2.0014 loss_D_A=0.0952 loss_D_B=0.3406 cycle=0.0609 idt=0.0506 gnorm=22.628 dnorm=10.106 nan=0
2026-10-04 06:09:11,031 epoch=150 step=3500 loss_G=1.8074 loss_D_A=0.1668 loss_D_B=0.1356 cycle=0.0810 idt=0.0660 gnorm=36.221 dnorm=5.604 nan=0
2026-10-04 06:09:26,318 epoch=150 step=3600 loss_G=2.3824 loss_D_A=0.0696 loss_D_B=0.0987 cycle=0.1130 idt=0.0677 gnorm=29.772 dnorm=5.002 nan=0
2026-10-04 06:09:41,702 epoch=150 step=3700 loss_G=3.0471 loss_D_A=0.0510 loss_D_B=0.1294 cycle=0.1151 idt=0.0692 gnorm=39.935 dnorm=7.645 nan=0
2026-10-04 06:09:57,025 epoch=150 step=3800 loss_G=2.2500 loss_D_A=0.2697 loss_D_B=0.2218 cycle=0.0834 idt=0.0545 gnorm=28.166 dnorm=8.510 nan=0
2026-10-04 06:10:11,791 epoch=150 step=3900 loss_G=2.1270 loss_D_A=0.1195 loss_D_B=0.4178 cycle=0.1003 idt=0.0672 gnorm=31.489 dnorm=15.372 nan=0
2026-10-04 06:10:27,122 epoch=150 step=4000 loss_G=2.4542 loss_D_A=0.1958 loss_D_B=0.1031 cycle=0.0941 idt=0.0590 gnorm=33.808 dnorm=9.925 nan=0
2026-10-04 06:10:42,420 epoch=150 step=4100 loss_G=2.2570 loss_D_A=0.0554 loss_D_B=0.0636 cycle=0.0681 idt=0.0386 gnorm=19.384 dnorm=6.181 nan=0
2026-10-04 06:10:57,716 epoch=150 step=4200 loss_G=1.4941 loss_D_A=0.5545 loss_D_B=0.3663 cycle=0.0732 idt=0.0490 gnorm=28.475 dnorm=16.918 nan=0
2026-10-04 06:11:13,026 epoch=150 step=4300 loss_G=2.3550 loss_D_A=0.0802 loss_D_B=0.0806 cycle=0.0810 idt=0.0601 gnorm=26.206 dnorm=5.933 nan=0
2026-10-04 06:11:28,384 epoch=150 step=4400 loss_G=2.6198 loss_D_A=0.1496 loss_D_B=0.2993 cycle=0.1015 idt=0.0781 gnorm=23.941 dnorm=8.117 nan=0
2026-10-04 06:11:43,097 epoch=150 step=4500 loss_G=2.3109 loss_D_A=0.1286 loss_D_B=0.1595 cycle=0.0857 idt=0.0967 gnorm=36.290 dnorm=7.818 nan=0
2026-10-04 06:11:58,472 epoch=150 step=4600 loss_G=1.7952 loss_D_A=0.1319 loss_D_B=0.2929 cycle=0.0739 idt=0.0567 gnorm=21.314 dnorm=6.886 nan=0
2026-10-04 06:12:13,803 epoch=150 step=4700 loss_G=2.3105 loss_D_A=0.2300 loss_D_B=0.1287 cycle=0.0864 idt=0.0550 gnorm=35.309 dnorm=7.301 nan=0
2026-10-04 06:12:29,098 epoch=150 step=4800 loss_G=1.5134 loss_D_A=0.1193 loss_D_B=0.1400 cycle=0.0821 idt=0.0525 gnorm=20.457 dnorm=6.983 nan=0
2026-10-04 06:12:44,264 epoch=150 step=4900 loss_G=2.1697 loss_D_A=0.2160 loss_D_B=0.3992 cycle=0.0914 idt=0.0736 gnorm=27.595 dnorm=9.981 nan=0
2026-10-04 06:12:59,592 epoch=150 step=5000 loss_G=2.4379 loss_D_A=0.2096 loss_D_B=0.0803 cycle=0.1030 idt=0.0798 gnorm=46.224 dnorm=6.510 nan=0
2026-10-04 06:13:14,861 epoch=150 step=5100 loss_G=2.0226 loss_D_A=0.3246 loss_D_B=0.1497 cycle=0.0802 idt=0.0547 gnorm=24.849 dnorm=13.538 nan=0
2026-10-04 06:13:30,192 epoch=150 step=5200 loss_G=1.8666 loss_D_A=0.1110 loss_D_B=0.2210 cycle=0.0834 idt=0.0574 gnorm=21.591 dnorm=8.078 nan=0
2026-10-04 06:13:45,518 epoch=150 step=5300 loss_G=2.0220 loss_D_A=0.0959 loss_D_B=0.1314 cycle=0.1069 idt=0.0554 gnorm=28.131 dnorm=5.718 nan=0
2026-10-04 06:14:00,780 epoch=150 step=5400 loss_G=2.6619 loss_D_A=0.1184 loss_D_B=0.1167 cycle=0.0844 idt=0.0659 gnorm=33.246 dnorm=6.134 nan=0
2026-10-04 06:14:16,167 epoch=150 step=5500 loss_G=2.6907 loss_D_A=0.2199 loss_D_B=0.2044 cycle=0.0919 idt=0.0521 gnorm=20.641 dnorm=9.473 nan=0
2026-10-04 06:14:31,517 epoch=150 step=5600 loss_G=1.6597 loss_D_A=0.1401 loss_D_B=0.3300 cycle=0.0805 idt=0.0568 gnorm=21.859 dnorm=11.007 nan=0
2026-10-04 06:14:46,785 epoch=150 step=5700 loss_G=1.8070 loss_D_A=0.1794 loss_D_B=0.2932 cycle=0.0911 idt=0.0614 gnorm=24.493 dnorm=9.004 nan=0
2026-10-04 06:15:02,171 epoch=150 step=5800 loss_G=2.7463 loss_D_A=0.2532 loss_D_B=0.1188 cycle=0.0694 idt=0.0830 gnorm=49.540 dnorm=8.042 nan=0
2026-10-04 06:15:17,502 epoch=150 step=5900 loss_G=2.0987 loss_D_A=0.1549 loss_D_B=0.0906 cycle=0.1123 idt=0.0783 gnorm=34.305 dnorm=8.527 nan=0
2026-10-04 06:15:32,752 epoch=150 step=6000 loss_G=2.4894 loss_D_A=0.1405 loss_D_B=0.1029 cycle=0.1020 idt=0.0808 gnorm=32.964 dnorm=6.434 nan=0
2026-10-04 06:15:48,109 epoch=150 step=6100 loss_G=2.8937 loss_D_A=0.1327 loss_D_B=0.1355 cycle=0.1020 idt=0.0730 gnorm=21.534 dnorm=5.431 nan=0
2026-10-04 06:16:03,480 epoch=150 step=6200 loss_G=2.7718 loss_D_A=0.2713 loss_D_B=0.1887 cycle=0.0955 idt=0.0639 gnorm=28.884 dnorm=11.075 nan=0
2026-10-04 06:16:18,740 epoch=150 step=6300 loss_G=2.4277 loss_D_A=0.0900 loss_D_B=0.1518 cycle=0.0775 idt=0.0568 gnorm=38.141 dnorm=6.613 nan=0
2026-10-04 06:16:34,057 epoch=150 step=6400 loss_G=1.5916 loss_D_A=0.1668 loss_D_B=0.2549 cycle=0.0883 idt=0.0541 gnorm=31.161 dnorm=11.847 nan=0
2026-10-04 06:16:39,856 epoch_mean={'g': 2.1772641445324634, 'd_a': 0.16228944672379816, 'd_b': 0.1713049593235477, 'cycle': 0.08962036208656124, 'identity': 0.06427022810121544, 'epoch': 150}
2026-10-04 06:16:40,809 epoch=151 step=1 loss_G=1.9082 loss_D_A=0.2356 loss_D_B=0.3708 cycle=0.0904 idt=0.0521 gnorm=24.999 dnorm=8.697 nan=0
2026-10-04 06:16:56,091 epoch=151 step=100 loss_G=2.6692 loss_D_A=0.2771 loss_D_B=0.1274 cycle=0.0781 idt=0.1520 gnorm=29.852 dnorm=9.953 nan=0
2026-10-04 06:17:11,384 epoch=151 step=200 loss_G=1.9312 loss_D_A=0.0715 loss_D_B=0.1234 cycle=0.0690 idt=0.0609 gnorm=25.378 dnorm=6.027 nan=0
2026-10-04 06:17:26,682 epoch=151 step=300 loss_G=2.2603 loss_D_A=0.0582 loss_D_B=0.1191 cycle=0.0966 idt=0.0589 gnorm=32.780 dnorm=4.863 nan=0
2026-10-04 06:17:42,090 epoch=151 step=400 loss_G=1.8302 loss_D_A=0.0737 loss_D_B=0.1161 cycle=0.0639 idt=0.0435 gnorm=28.497 dnorm=5.760 nan=0
2026-10-04 06:17:57,425 epoch=151 step=500 loss_G=2.6643 loss_D_A=0.1523 loss_D_B=0.1899 cycle=0.1082 idt=0.0994 gnorm=40.703 dnorm=9.120 nan=0
2026-10-04 06:18:12,707 epoch=151 step=600 loss_G=2.5739 loss_D_A=0.0861 loss_D_B=0.1214 cycle=0.1056 idt=0.0898 gnorm=36.350 dnorm=5.358 nan=0
2026-10-04 06:18:28,033 epoch=151 step=700 loss_G=1.8163 loss_D_A=0.2121 loss_D_B=0.2761 cycle=0.0803 idt=0.0516 gnorm=23.257 dnorm=9.138 nan=0
2026-10-04 06:18:43,359 epoch=151 step=800 loss_G=2.3137 loss_D_A=0.0862 loss_D_B=0.0852 cycle=0.0827 idt=0.0600 gnorm=33.423 dnorm=3.762 nan=0
2026-10-04 06:18:58,623 epoch=151 step=900 loss_G=2.2833 loss_D_A=0.2064 loss_D_B=0.0938 cycle=0.0742 idt=0.0586 gnorm=44.126 dnorm=6.944 nan=0
2026-10-04 06:19:13,946 epoch=151 step=1000 loss_G=2.8182 loss_D_A=0.1052 loss_D_B=0.2925 cycle=0.1212 idt=0.0985 gnorm=46.021 dnorm=5.484 nan=0
2026-10-04 06:19:29,344 epoch=151 step=1100 loss_G=2.6867 loss_D_A=0.1544 loss_D_B=0.0558 cycle=0.0664 idt=0.0559 gnorm=26.255 dnorm=6.836 nan=0
2026-10-04 06:19:44,633 epoch=151 step=1200 loss_G=2.8912 loss_D_A=0.0405 loss_D_B=0.1085 cycle=0.1043 idt=0.0638 gnorm=25.474 dnorm=3.649 nan=0
2026-10-04 06:19:59,949 epoch=151 step=1300 loss_G=2.1319 loss_D_A=0.1119 loss_D_B=0.0694 cycle=0.0966 idt=0.0664 gnorm=26.471 dnorm=5.528 nan=0
2026-10-04 06:20:15,181 epoch=151 step=1400 loss_G=2.6907 loss_D_A=0.1926 loss_D_B=0.0558 cycle=0.0844 idt=0.0472 gnorm=33.482 dnorm=8.189 nan=0
2026-10-04 06:20:29,876 epoch=151 step=1500 loss_G=1.7769 loss_D_A=0.1001 loss_D_B=0.2722 cycle=0.0825 idt=0.0637 gnorm=29.923 dnorm=7.685 nan=0
2026-10-04 06:20:45,190 epoch=151 step=1600 loss_G=2.6192 loss_D_A=0.1955 loss_D_B=0.1446 cycle=0.0677 idt=0.0997 gnorm=60.310 dnorm=8.827 nan=0
2026-10-04 06:21:00,444 epoch=151 step=1700 loss_G=2.6914 loss_D_A=0.2102 loss_D_B=0.1824 cycle=0.0646 idt=0.2099 gnorm=33.961 dnorm=9.258 nan=0
2026-10-04 06:21:15,730 epoch=151 step=1800 loss_G=1.4737 loss_D_A=0.0702 loss_D_B=0.2987 cycle=0.0678 idt=0.0603 gnorm=18.583 dnorm=8.059 nan=0
2026-10-04 06:21:31,044 epoch=151 step=1900 loss_G=1.8995 loss_D_A=0.3187 loss_D_B=0.1613 cycle=0.0919 idt=0.0541 gnorm=26.034 dnorm=12.489 nan=0
2026-10-04 06:21:46,000 epoch=151 step=2000 loss_G=2.1796 loss_D_A=0.1460 loss_D_B=0.2334 cycle=0.0954 idt=0.0618 gnorm=31.071 dnorm=7.877 nan=0
2026-10-04 06:22:00,760 epoch=151 step=2100 loss_G=2.6112 loss_D_A=0.0840 loss_D_B=0.2030 cycle=0.0751 idt=0.0509 gnorm=33.701 dnorm=5.895 nan=0
2026-10-04 06:22:15,718 epoch=151 step=2200 loss_G=1.7975 loss_D_A=0.2613 loss_D_B=0.3434 cycle=0.0772 idt=0.0845 gnorm=26.809 dnorm=12.742 nan=0
2026-10-04 06:22:31,070 epoch=151 step=2300 loss_G=1.9868 loss_D_A=0.0281 loss_D_B=0.0596 cycle=0.0685 idt=0.0506 gnorm=24.371 dnorm=2.955 nan=0
2026-10-04 06:22:46,302 epoch=151 step=2400 loss_G=2.0909 loss_D_A=0.2198 loss_D_B=0.1581 cycle=0.0999 idt=0.0623 gnorm=46.786 dnorm=6.531 nan=0
2026-10-04 06:23:01,034 epoch=151 step=2500 loss_G=1.6184 loss_D_A=0.0910 loss_D_B=0.1095 cycle=0.0651 idt=0.0634 gnorm=39.107 dnorm=6.370 nan=0
2026-10-04 06:23:16,380 epoch=151 step=2600 loss_G=2.6061 loss_D_A=0.1294 loss_D_B=0.1902 cycle=0.0985 idt=0.0650 gnorm=23.873 dnorm=11.332 nan=0
2026-10-04 06:23:31,633 epoch=151 step=2700 loss_G=3.0790 loss_D_A=0.0334 loss_D_B=0.2338 cycle=0.0923 idt=0.0697 gnorm=32.053 dnorm=5.927 nan=0
2026-10-04 06:23:46,968 epoch=151 step=2800 loss_G=1.6279 loss_D_A=0.2199 loss_D_B=0.1650 cycle=0.0732 idt=0.0389 gnorm=20.853 dnorm=7.039 nan=0
2026-10-04 06:24:02,097 epoch=151 step=2900 loss_G=2.0591 loss_D_A=0.0358 loss_D_B=0.2626 cycle=0.1099 idt=0.0509 gnorm=34.702 dnorm=4.410 nan=0
2026-10-04 06:24:16,807 epoch=151 step=3000 loss_G=1.9761 loss_D_A=0.3251 loss_D_B=0.1802 cycle=0.0736 idt=0.0853 gnorm=45.993 dnorm=15.705 nan=0
2026-10-04 06:24:32,080 epoch=151 step=3100 loss_G=1.6577 loss_D_A=0.0447 loss_D_B=0.2376 cycle=0.0666 idt=0.0488 gnorm=27.446 dnorm=5.980 nan=0
2026-10-04 06:24:47,435 epoch=151 step=3200 loss_G=2.2712 loss_D_A=0.0458 loss_D_B=0.2817 cycle=0.1040 idt=0.0678 gnorm=42.394 dnorm=7.176 nan=0
2026-10-04 06:25:02,726 epoch=151 step=3300 loss_G=2.3171 loss_D_A=0.1159 loss_D_B=0.2391 cycle=0.0845 idt=0.0415 gnorm=39.783 dnorm=8.386 nan=0
2026-10-04 06:25:17,714 epoch=151 step=3400 loss_G=2.0005 loss_D_A=0.0526 loss_D_B=0.2273 cycle=0.0907 idt=0.0629 gnorm=20.417 dnorm=7.745 nan=0
2026-10-04 06:25:33,112 epoch=151 step=3500 loss_G=2.2547 loss_D_A=0.1535 loss_D_B=0.0306 cycle=0.0923 idt=0.0690 gnorm=31.131 dnorm=4.827 nan=0
2026-10-04 06:25:47,894 epoch=151 step=3600 loss_G=2.0564 loss_D_A=0.1122 loss_D_B=0.1281 cycle=0.0951 idt=0.0646 gnorm=35.629 dnorm=6.504 nan=0
2026-10-04 06:26:03,199 epoch=151 step=3700 loss_G=1.8566 loss_D_A=0.0877 loss_D_B=0.1290 cycle=0.0808 idt=0.0593 gnorm=28.334 dnorm=5.247 nan=0
2026-10-04 06:26:18,555 epoch=151 step=3800 loss_G=2.5780 loss_D_A=0.1270 loss_D_B=0.1706 cycle=0.1096 idt=0.0979 gnorm=42.904 dnorm=7.133 nan=0
2026-10-04 06:26:33,897 epoch=151 step=3900 loss_G=2.2808 loss_D_A=0.0536 loss_D_B=0.2172 cycle=0.1031 idt=0.0538 gnorm=27.121 dnorm=10.704 nan=0
2026-10-04 06:26:48,958 epoch=151 step=4000 loss_G=2.0596 loss_D_A=0.3331 loss_D_B=0.0953 cycle=0.0957 idt=0.0688 gnorm=30.391 dnorm=8.164 nan=0
2026-10-04 06:27:04,171 epoch=151 step=4100 loss_G=1.6363 loss_D_A=0.0771 loss_D_B=0.2396 cycle=0.0817 idt=0.0446 gnorm=31.143 dnorm=8.823 nan=0
2026-10-04 06:27:19,501 epoch=151 step=4200 loss_G=2.1768 loss_D_A=0.1953 loss_D_B=0.3290 cycle=0.1040 idt=0.0690 gnorm=50.774 dnorm=9.239 nan=0
2026-10-04 06:27:34,799 epoch=151 step=4300 loss_G=2.7493 loss_D_A=0.0839 loss_D_B=0.2979 cycle=0.0899 idt=0.0651 gnorm=25.734 dnorm=7.845 nan=0
2026-10-04 06:27:50,154 epoch=151 step=4400 loss_G=1.8483 loss_D_A=0.2875 loss_D_B=0.1767 cycle=0.0733 idt=0.0513 gnorm=42.056 dnorm=7.330 nan=0
2026-10-04 06:28:05,435 epoch=151 step=4500 loss_G=1.8573 loss_D_A=0.1691 loss_D_B=0.2004 cycle=0.0774 idt=0.0501 gnorm=31.094 dnorm=7.682 nan=0
2026-10-04 06:28:20,526 epoch=151 step=4600 loss_G=1.8818 loss_D_A=0.0420 loss_D_B=0.2856 cycle=0.0873 idt=0.0529 gnorm=20.705 dnorm=6.966 nan=0
2026-10-04 06:28:35,493 epoch=151 step=4700 loss_G=2.0671 loss_D_A=0.0936 loss_D_B=0.1088 cycle=0.0924 idt=0.0720 gnorm=43.594 dnorm=6.800 nan=0
2026-10-04 06:28:50,829 epoch=151 step=4800 loss_G=2.0878 loss_D_A=0.2883 loss_D_B=0.0969 cycle=0.0859 idt=0.0542 gnorm=41.101 dnorm=7.864 nan=0
2026-10-04 06:29:06,098 epoch=151 step=4900 loss_G=2.3191 loss_D_A=0.0760 loss_D_B=0.1052 cycle=0.0839 idt=0.0468 gnorm=34.545 dnorm=5.182 nan=0
2026-10-04 06:29:21,400 epoch=151 step=5000 loss_G=3.0174 loss_D_A=0.1394 loss_D_B=0.0808 cycle=0.1153 idt=0.1105 gnorm=46.293 dnorm=7.622 nan=0
2026-10-04 06:29:36,727 epoch=151 step=5100 loss_G=1.5747 loss_D_A=0.3254 loss_D_B=0.3242 cycle=0.0824 idt=0.0599 gnorm=25.024 dnorm=12.042 nan=0
2026-10-04 06:29:51,967 epoch=151 step=5200 loss_G=2.1261 loss_D_A=0.0576 loss_D_B=0.1216 cycle=0.0833 idt=0.0589 gnorm=18.206 dnorm=3.874 nan=0
2026-10-04 06:30:07,280 epoch=151 step=5300 loss_G=1.7163 loss_D_A=0.0752 loss_D_B=0.1566 cycle=0.0721 idt=0.0634 gnorm=27.726 dnorm=5.024 nan=0
2026-10-04 06:30:22,647 epoch=151 step=5400 loss_G=2.2680 loss_D_A=0.1008 loss_D_B=0.0830 cycle=0.0766 idt=0.0687 gnorm=29.224 dnorm=5.571 nan=0
2026-10-04 06:30:37,647 epoch=151 step=5500 loss_G=2.0711 loss_D_A=0.1034 loss_D_B=0.1534 cycle=0.0809 idt=0.0635 gnorm=33.609 dnorm=4.312 nan=0
2026-10-04 06:30:52,771 epoch=151 step=5600 loss_G=1.9251 loss_D_A=0.1610 loss_D_B=0.1035 cycle=0.0783 idt=0.0693 gnorm=36.606 dnorm=7.933 nan=0
2026-10-04 06:31:08,129 epoch=151 step=5700 loss_G=1.5162 loss_D_A=0.0483 loss_D_B=0.1964 cycle=0.0731 idt=0.0447 gnorm=25.600 dnorm=8.216 nan=0
2026-10-04 06:31:23,410 epoch=151 step=5800 loss_G=2.3657 loss_D_A=0.1065 loss_D_B=0.1458 cycle=0.0800 idt=0.0661 gnorm=36.743 dnorm=4.946 nan=0
2026-10-04 06:31:38,681 epoch=151 step=5900 loss_G=2.4705 loss_D_A=0.1700 loss_D_B=0.2135 cycle=0.1040 idt=0.0704 gnorm=45.252 dnorm=7.956 nan=0
2026-10-04 06:31:53,715 epoch=151 step=6000 loss_G=1.7824 loss_D_A=0.1645 loss_D_B=0.2113 cycle=0.0875 idt=0.0474 gnorm=24.001 dnorm=11.008 nan=0
2026-10-04 06:32:08,769 epoch=151 step=6100 loss_G=1.9924 loss_D_A=0.0916 loss_D_B=0.1880 cycle=0.0771 idt=0.0761 gnorm=26.810 dnorm=4.688 nan=0
2026-10-04 06:32:24,160 epoch=151 step=6200 loss_G=2.4787 loss_D_A=0.1422 loss_D_B=0.1200 cycle=0.1150 idt=0.0915 gnorm=27.657 dnorm=5.446 nan=0
2026-10-04 06:32:39,506 epoch=151 step=6300 loss_G=2.1324 loss_D_A=0.1827 loss_D_B=0.1460 cycle=0.0759 idt=0.0537 gnorm=25.782 dnorm=6.226 nan=0
2026-10-04 06:32:54,805 epoch=151 step=6400 loss_G=2.7260 loss_D_A=0.2048 loss_D_B=0.1664 cycle=0.0932 idt=0.0759 gnorm=44.631 dnorm=6.211 nan=0
2026-10-04 06:33:00,632 epoch_mean={'g': 2.190445007912007, 'd_a': 0.16097994967623874, 'd_b': 0.1694723688026658, 'cycle': 0.08940893850477633, 'identity': 0.06571009559785405, 'epoch': 151}
2026-10-04 06:33:01,224 epoch=152 step=1 loss_G=1.9695 loss_D_A=0.0405 loss_D_B=0.1700 cycle=0.0629 idt=0.0340 gnorm=20.640 dnorm=4.941 nan=0
2026-10-04 06:33:15,877 epoch=152 step=100 loss_G=1.6408 loss_D_A=0.1117 loss_D_B=0.1403 cycle=0.0928 idt=0.0546 gnorm=31.341 dnorm=6.656 nan=0
2026-10-04 06:33:31,229 epoch=152 step=200 loss_G=2.0379 loss_D_A=0.1916 loss_D_B=0.1426 cycle=0.1007 idt=0.0643 gnorm=22.361 dnorm=9.719 nan=0
2026-10-04 06:33:46,308 epoch=152 step=300 loss_G=2.1115 loss_D_A=0.2889 loss_D_B=0.2599 cycle=0.0782 idt=0.0602 gnorm=29.834 dnorm=6.750 nan=0
2026-10-04 06:34:01,297 epoch=152 step=400 loss_G=2.9274 loss_D_A=0.1254 loss_D_B=0.0737 cycle=0.1100 idt=0.0810 gnorm=47.833 dnorm=4.622 nan=0
2026-10-04 06:34:16,007 epoch=152 step=500 loss_G=1.9836 loss_D_A=0.2265 loss_D_B=0.1449 cycle=0.0885 idt=0.0652 gnorm=28.830 dnorm=8.736 nan=0
2026-10-04 06:34:31,399 epoch=152 step=600 loss_G=1.9469 loss_D_A=0.2223 loss_D_B=0.1444 cycle=0.0893 idt=0.0721 gnorm=35.708 dnorm=9.670 nan=0
2026-10-04 06:34:46,682 epoch=152 step=700 loss_G=2.2840 loss_D_A=0.1586 loss_D_B=0.1923 cycle=0.0868 idt=0.1130 gnorm=33.143 dnorm=9.965 nan=0
2026-10-04 06:35:01,978 epoch=152 step=800 loss_G=2.9846 loss_D_A=0.0809 loss_D_B=0.2047 cycle=0.1156 idt=0.1345 gnorm=57.627 dnorm=6.605 nan=0
2026-10-04 06:35:17,257 epoch=152 step=900 loss_G=2.3177 loss_D_A=0.1451 loss_D_B=0.1868 cycle=0.0715 idt=0.0461 gnorm=26.969 dnorm=9.345 nan=0
2026-10-04 06:35:32,546 epoch=152 step=1000 loss_G=1.7049 loss_D_A=0.2981 loss_D_B=0.2160 cycle=0.0701 idt=0.0450 gnorm=32.725 dnorm=10.156 nan=0
2026-10-04 06:35:47,845 epoch=152 step=1100 loss_G=1.8889 loss_D_A=0.1993 loss_D_B=0.1362 cycle=0.0840 idt=0.0497 gnorm=27.769 dnorm=5.569 nan=0
2026-10-04 06:36:03,176 epoch=152 step=1200 loss_G=1.9012 loss_D_A=0.1627 loss_D_B=0.1329 cycle=0.0931 idt=0.0553 gnorm=29.456 dnorm=4.639 nan=0
2026-10-04 06:36:18,149 epoch=152 step=1300 loss_G=2.2167 loss_D_A=0.0619 loss_D_B=0.0960 cycle=0.0979 idt=0.0516 gnorm=28.373 dnorm=4.679 nan=0
2026-10-04 06:36:33,408 epoch=152 step=1400 loss_G=1.8244 loss_D_A=0.2510 loss_D_B=0.2186 cycle=0.0846 idt=0.0776 gnorm=44.053 dnorm=16.256 nan=0
2026-10-04 06:36:48,735 epoch=152 step=1500 loss_G=2.7531 loss_D_A=0.2734 loss_D_B=0.0615 cycle=0.1037 idt=0.0773 gnorm=18.594 dnorm=6.552 nan=0
2026-10-04 06:37:04,081 epoch=152 step=1600 loss_G=2.6127 loss_D_A=0.0681 loss_D_B=0.2372 cycle=0.0949 idt=0.0745 gnorm=17.208 dnorm=7.847 nan=0
2026-10-04 06:37:19,374 epoch=152 step=1700 loss_G=1.5797 loss_D_A=0.0944 loss_D_B=0.1813 cycle=0.0681 idt=0.0531 gnorm=21.005 dnorm=6.686 nan=0
2026-10-04 06:37:34,561 epoch=152 step=1800 loss_G=1.9680 loss_D_A=0.0621 loss_D_B=0.3529 cycle=0.0750 idt=0.0512 gnorm=20.438 dnorm=8.627 nan=0
2026-10-04 06:37:49,891 epoch=152 step=1900 loss_G=1.9310 loss_D_A=0.1652 loss_D_B=0.1846 cycle=0.0722 idt=0.0575 gnorm=21.121 dnorm=10.404 nan=0
2026-10-04 06:38:05,058 epoch=152 step=2000 loss_G=2.1857 loss_D_A=0.2962 loss_D_B=0.1731 cycle=0.0980 idt=0.0635 gnorm=36.855 dnorm=10.015 nan=0
2026-10-04 06:38:20,397 epoch=152 step=2100 loss_G=2.1055 loss_D_A=0.1468 loss_D_B=0.1284 cycle=0.0847 idt=0.0727 gnorm=28.601 dnorm=7.333 nan=0
2026-10-04 06:38:35,812 epoch=152 step=2200 loss_G=2.6324 loss_D_A=0.1802 loss_D_B=0.0385 cycle=0.0923 idt=0.0682 gnorm=46.871 dnorm=5.128 nan=0
2026-10-04 06:38:51,101 epoch=152 step=2300 loss_G=1.7414 loss_D_A=0.3054 loss_D_B=0.1661 cycle=0.0793 idt=0.0675 gnorm=28.113 dnorm=8.615 nan=0
2026-10-04 06:39:06,195 epoch=152 step=2400 loss_G=2.1535 loss_D_A=0.2111 loss_D_B=0.2663 cycle=0.0929 idt=0.0561 gnorm=23.165 dnorm=8.578 nan=0
2026-10-04 06:39:21,540 epoch=152 step=2500 loss_G=2.1129 loss_D_A=0.2461 loss_D_B=0.1727 cycle=0.0948 idt=0.0702 gnorm=25.833 dnorm=7.125 nan=0
2026-10-04 06:39:36,817 epoch=152 step=2600 loss_G=2.1452 loss_D_A=0.1163 loss_D_B=0.1148 cycle=0.0809 idt=0.0670 gnorm=37.751 dnorm=9.868 nan=0
2026-10-04 06:39:52,164 epoch=152 step=2700 loss_G=2.4577 loss_D_A=0.2331 loss_D_B=0.1911 cycle=0.0807 idt=0.0686 gnorm=32.279 dnorm=9.221 nan=0
2026-10-04 06:40:07,264 epoch=152 step=2800 loss_G=1.8475 loss_D_A=0.1627 loss_D_B=0.1920 cycle=0.0806 idt=0.0522 gnorm=19.350 dnorm=13.789 nan=0
2026-10-04 06:40:22,263 epoch=152 step=2900 loss_G=2.4176 loss_D_A=0.1466 loss_D_B=0.0564 cycle=0.0734 idt=0.0448 gnorm=33.767 dnorm=7.563 nan=0
2026-10-04 06:40:37,418 epoch=152 step=3000 loss_G=2.1076 loss_D_A=0.0546 loss_D_B=0.0524 cycle=0.0873 idt=0.0531 gnorm=31.846 dnorm=2.841 nan=0
2026-10-04 06:40:52,766 epoch=152 step=3100 loss_G=1.7481 loss_D_A=0.1423 loss_D_B=0.2193 cycle=0.0812 idt=0.0545 gnorm=18.757 dnorm=5.648 nan=0
2026-10-04 06:41:08,028 epoch=152 step=3200 loss_G=2.0280 loss_D_A=0.1815 loss_D_B=0.1968 cycle=0.0667 idt=0.0499 gnorm=24.798 dnorm=9.699 nan=0
2026-10-04 06:41:23,185 epoch=152 step=3300 loss_G=2.4770 loss_D_A=0.1431 loss_D_B=0.1731 cycle=0.0975 idt=0.0493 gnorm=40.746 dnorm=6.611 nan=0
2026-10-04 06:41:38,543 epoch=152 step=3400 loss_G=2.1239 loss_D_A=0.0884 loss_D_B=0.3637 cycle=0.0780 idt=0.0532 gnorm=22.364 dnorm=9.195 nan=0
2026-10-04 06:41:53,856 epoch=152 step=3500 loss_G=1.7892 loss_D_A=0.1701 loss_D_B=0.3375 cycle=0.0577 idt=0.0382 gnorm=29.657 dnorm=7.794 nan=0
2026-10-04 06:42:09,221 epoch=152 step=3600 loss_G=1.5001 loss_D_A=0.1215 loss_D_B=0.3278 cycle=0.0663 idt=0.0424 gnorm=23.836 dnorm=8.386 nan=0
2026-10-04 06:42:24,807 epoch=152 step=3700 loss_G=2.9070 loss_D_A=0.2163 loss_D_B=0.2048 cycle=0.0788 idt=0.0412 gnorm=37.142 dnorm=11.660 nan=0
2026-10-04 06:42:40,247 epoch=152 step=3800 loss_G=2.2231 loss_D_A=0.1240 loss_D_B=0.0528 cycle=0.1061 idt=0.0480 gnorm=37.378 dnorm=5.619 nan=0
2026-10-04 06:42:55,525 epoch=152 step=3900 loss_G=2.1079 loss_D_A=0.2089 loss_D_B=0.3389 cycle=0.1007 idt=0.0741 gnorm=35.716 dnorm=8.036 nan=0
2026-10-04 06:43:10,791 epoch=152 step=4000 loss_G=2.6490 loss_D_A=0.1229 loss_D_B=0.2269 cycle=0.0901 idt=0.0792 gnorm=24.777 dnorm=7.889 nan=0
2026-10-04 06:43:26,238 epoch=152 step=4100 loss_G=1.6885 loss_D_A=0.2277 loss_D_B=0.4236 cycle=0.0916 idt=0.0584 gnorm=34.822 dnorm=8.789 nan=0
2026-10-04 06:43:41,772 epoch=152 step=4200 loss_G=2.9009 loss_D_A=0.1892 loss_D_B=0.0686 cycle=0.0957 idt=0.0635 gnorm=49.804 dnorm=6.481 nan=0
2026-10-04 06:43:57,289 epoch=152 step=4300 loss_G=3.7545 loss_D_A=0.1924 loss_D_B=0.1151 cycle=0.1701 idt=0.0910 gnorm=50.739 dnorm=6.657 nan=0
2026-10-04 06:44:12,751 epoch=152 step=4400 loss_G=1.3494 loss_D_A=0.1283 loss_D_B=0.1636 cycle=0.0787 idt=0.0455 gnorm=18.168 dnorm=6.588 nan=0
2026-10-04 06:44:28,171 epoch=152 step=4500 loss_G=2.7629 loss_D_A=0.1189 loss_D_B=0.2716 cycle=0.1151 idt=0.0636 gnorm=45.984 dnorm=8.924 nan=0
2026-10-04 06:44:44,057 epoch=152 step=4600 loss_G=1.7130 loss_D_A=0.2204 loss_D_B=0.1298 cycle=0.0612 idt=0.0406 gnorm=19.710 dnorm=7.085 nan=0
2026-10-04 06:44:59,387 epoch=152 step=4700 loss_G=1.6885 loss_D_A=0.0942 loss_D_B=0.2609 cycle=0.0766 idt=0.0637 gnorm=37.439 dnorm=11.708 nan=0
2026-10-04 06:45:15,429 epoch=152 step=4800 loss_G=1.8298 loss_D_A=0.0453 loss_D_B=0.0702 cycle=0.0746 idt=0.0552 gnorm=24.425 dnorm=5.477 nan=0
2026-10-04 06:45:30,972 epoch=152 step=4900 loss_G=2.2319 loss_D_A=0.1495 loss_D_B=0.1201 cycle=0.0786 idt=0.0660 gnorm=26.889 dnorm=6.368 nan=0
2026-10-04 06:45:46,389 epoch=152 step=5000 loss_G=2.1649 loss_D_A=0.0722 loss_D_B=0.1043 cycle=0.0846 idt=0.0570 gnorm=22.344 dnorm=5.022 nan=0
2026-10-04 06:46:01,480 epoch=152 step=5100 loss_G=2.0500 loss_D_A=0.3493 loss_D_B=0.0895 cycle=0.0838 idt=0.0659 gnorm=42.226 dnorm=7.332 nan=0
2026-10-04 06:46:17,741 epoch=152 step=5200 loss_G=1.9591 loss_D_A=0.2307 loss_D_B=0.1918 cycle=0.1005 idt=0.0636 gnorm=30.313 dnorm=6.500 nan=0
2026-10-04 06:46:33,152 epoch=152 step=5300 loss_G=2.3681 loss_D_A=0.1910 loss_D_B=0.1104 cycle=0.0662 idt=0.0446 gnorm=15.449 dnorm=7.127 nan=0
2026-10-04 06:46:48,673 epoch=152 step=5400 loss_G=2.3274 loss_D_A=0.1433 loss_D_B=0.1190 cycle=0.0979 idt=0.0749 gnorm=24.338 dnorm=7.724 nan=0
2026-10-04 06:47:04,161 epoch=152 step=5500 loss_G=2.3737 loss_D_A=0.3454 loss_D_B=0.0965 cycle=0.1071 idt=0.0684 gnorm=35.221 dnorm=7.649 nan=0
2026-10-04 06:47:19,509 epoch=152 step=5600 loss_G=2.3300 loss_D_A=0.1130 loss_D_B=0.0895 cycle=0.0875 idt=0.0558 gnorm=28.087 dnorm=5.929 nan=0
2026-10-04 06:47:34,970 epoch=152 step=5700 loss_G=1.7494 loss_D_A=0.1525 loss_D_B=0.2109 cycle=0.0737 idt=0.0597 gnorm=21.060 dnorm=5.950 nan=0
2026-10-04 06:47:50,529 epoch=152 step=5800 loss_G=1.9977 loss_D_A=0.3115 loss_D_B=0.2781 cycle=0.1071 idt=0.0636 gnorm=31.918 dnorm=11.899 nan=0
2026-10-04 06:48:06,002 epoch=152 step=5900 loss_G=2.6361 loss_D_A=0.1491 loss_D_B=0.1493 cycle=0.0843 idt=0.0603 gnorm=21.984 dnorm=6.991 nan=0
2026-10-04 06:48:21,503 epoch=152 step=6000 loss_G=1.9623 loss_D_A=0.0937 loss_D_B=0.1273 cycle=0.0805 idt=0.0567 gnorm=24.494 dnorm=9.234 nan=0
2026-10-04 06:48:37,029 epoch=152 step=6100 loss_G=2.8895 loss_D_A=0.2367 loss_D_B=0.3247 cycle=0.0985 idt=0.0737 gnorm=25.822 dnorm=13.796 nan=0
2026-10-04 06:48:52,885 epoch=152 step=6200 loss_G=1.3873 loss_D_A=0.1974 loss_D_B=0.2965 cycle=0.0647 idt=0.0545 gnorm=33.562 dnorm=6.004 nan=0
2026-10-04 06:49:08,283 epoch=152 step=6300 loss_G=2.4452 loss_D_A=0.1247 loss_D_B=0.1986 cycle=0.1304 idt=0.0609 gnorm=50.309 dnorm=11.222 nan=0
2026-10-04 06:49:23,633 epoch=152 step=6400 loss_G=1.6193 loss_D_A=0.1204 loss_D_B=0.1025 cycle=0.0677 idt=0.0411 gnorm=19.777 dnorm=5.075 nan=0
2026-10-04 06:49:29,293 epoch_mean={'g': 2.1645316686568035, 'd_a': 0.16140469293040346, 'd_b': 0.16963909204867583, 'cycle': 0.08811778613372262, 'identity': 0.06247455920444286, 'epoch': 152}
2026-10-04 06:49:29,852 epoch=153 step=1 loss_G=2.0031 loss_D_A=0.1287 loss_D_B=0.2716 cycle=0.0877 idt=0.0645 gnorm=34.800 dnorm=6.934 nan=0
2026-10-04 06:49:44,768 epoch=153 step=100 loss_G=1.7316 loss_D_A=0.1949 loss_D_B=0.3679 cycle=0.0964 idt=0.0657 gnorm=15.461 dnorm=10.519 nan=0
2026-10-04 06:49:59,860 epoch=153 step=200 loss_G=2.0548 loss_D_A=0.1240 loss_D_B=0.0685 cycle=0.0780 idt=0.0459 gnorm=31.273 dnorm=6.822 nan=0
2026-10-04 06:50:15,205 epoch=153 step=300 loss_G=2.0344 loss_D_A=0.2232 loss_D_B=0.1447 cycle=0.0814 idt=0.0554 gnorm=21.709 dnorm=7.746 nan=0
2026-10-04 06:50:30,611 epoch=153 step=400 loss_G=2.5613 loss_D_A=0.2426 loss_D_B=0.0278 cycle=0.0549 idt=0.0376 gnorm=27.466 dnorm=5.945 nan=0
2026-10-04 06:50:45,745 epoch=153 step=500 loss_G=1.9989 loss_D_A=0.1312 loss_D_B=0.2201 cycle=0.0778 idt=0.0471 gnorm=32.237 dnorm=7.056 nan=0
2026-10-04 06:51:00,890 epoch=153 step=600 loss_G=1.8971 loss_D_A=0.1265 loss_D_B=0.1708 cycle=0.0881 idt=0.0413 gnorm=31.753 dnorm=8.796 nan=0
2026-10-04 06:51:16,293 epoch=153 step=700 loss_G=2.1199 loss_D_A=0.1748 loss_D_B=0.2451 cycle=0.0957 idt=0.0749 gnorm=50.400 dnorm=7.432 nan=0
2026-10-04 06:51:31,526 epoch=153 step=800 loss_G=2.0883 loss_D_A=0.0949 loss_D_B=0.4931 cycle=0.0732 idt=0.0715 gnorm=23.860 dnorm=12.782 nan=0
2026-10-04 06:51:46,955 epoch=153 step=900 loss_G=2.1562 loss_D_A=0.1734 loss_D_B=0.1398 cycle=0.0798 idt=0.0545 gnorm=24.343 dnorm=8.129 nan=0
2026-10-04 06:52:02,373 epoch=153 step=1000 loss_G=2.3447 loss_D_A=0.2679 loss_D_B=0.1963 cycle=0.0988 idt=0.0733 gnorm=27.164 dnorm=8.605 nan=0
2026-10-04 06:52:17,751 epoch=153 step=1100 loss_G=2.4503 loss_D_A=0.1453 loss_D_B=0.2612 cycle=0.0913 idt=0.0664 gnorm=19.996 dnorm=6.358 nan=0
2026-10-04 06:52:32,724 epoch=153 step=1200 loss_G=1.9130 loss_D_A=0.1910 loss_D_B=0.2067 cycle=0.0850 idt=0.0604 gnorm=25.839 dnorm=5.913 nan=0
2026-10-04 06:52:47,479 epoch=153 step=1300 loss_G=1.9716 loss_D_A=0.4877 loss_D_B=0.1338 cycle=0.0780 idt=0.0550 gnorm=24.796 dnorm=16.462 nan=0
2026-10-04 06:53:02,835 epoch=153 step=1400 loss_G=1.6218 loss_D_A=0.1512 loss_D_B=0.1774 cycle=0.0659 idt=0.0502 gnorm=33.430 dnorm=6.526 nan=0
2026-10-04 06:53:18,187 epoch=153 step=1500 loss_G=2.8874 loss_D_A=0.2380 loss_D_B=0.1540 cycle=0.1626 idt=0.1233 gnorm=61.750 dnorm=8.829 nan=0
2026-10-04 06:53:33,549 epoch=153 step=1600 loss_G=2.7177 loss_D_A=0.2297 loss_D_B=0.0338 cycle=0.1063 idt=0.0557 gnorm=38.223 dnorm=4.664 nan=0
2026-10-04 06:53:48,902 epoch=153 step=1700 loss_G=2.0956 loss_D_A=0.2069 loss_D_B=0.1905 cycle=0.0844 idt=0.0731 gnorm=17.522 dnorm=8.070 nan=0
2026-10-04 06:54:04,246 epoch=153 step=1800 loss_G=2.2398 loss_D_A=0.2005 loss_D_B=0.1335 cycle=0.1118 idt=0.0652 gnorm=42.647 dnorm=8.848 nan=0
2026-10-04 06:54:19,572 epoch=153 step=1900 loss_G=1.9474 loss_D_A=0.1742 loss_D_B=0.1809 cycle=0.0864 idt=0.0545 gnorm=36.554 dnorm=7.200 nan=0
2026-10-04 06:54:34,760 epoch=153 step=2000 loss_G=3.1132 loss_D_A=0.0305 loss_D_B=0.1983 cycle=0.0772 idt=0.0456 gnorm=27.786 dnorm=5.337 nan=0
2026-10-04 06:54:50,090 epoch=153 step=2100 loss_G=1.3194 loss_D_A=0.3693 loss_D_B=0.2742 cycle=0.0612 idt=0.0459 gnorm=18.176 dnorm=12.499 nan=0
2026-10-04 06:55:05,472 epoch=153 step=2200 loss_G=1.6788 loss_D_A=0.2917 loss_D_B=0.1905 cycle=0.0808 idt=0.0450 gnorm=24.038 dnorm=8.393 nan=0
2026-10-04 06:55:20,940 epoch=153 step=2300 loss_G=1.5998 loss_D_A=0.1968 loss_D_B=0.0642 cycle=0.0689 idt=0.0464 gnorm=28.451 dnorm=5.618 nan=0
2026-10-04 06:55:36,089 epoch=153 step=2400 loss_G=2.6992 loss_D_A=0.0306 loss_D_B=0.1018 cycle=0.0823 idt=0.0568 gnorm=23.710 dnorm=5.078 nan=0
2026-10-04 06:55:51,494 epoch=153 step=2500 loss_G=2.3779 loss_D_A=0.0981 loss_D_B=0.0413 cycle=0.0930 idt=0.0463 gnorm=33.737 dnorm=4.438 nan=0
2026-10-04 06:56:06,877 epoch=153 step=2600 loss_G=1.9939 loss_D_A=0.1312 loss_D_B=0.0482 cycle=0.0748 idt=0.0532 gnorm=17.633 dnorm=3.308 nan=0
2026-10-04 06:56:21,989 epoch=153 step=2700 loss_G=2.6255 loss_D_A=0.1056 loss_D_B=0.0820 cycle=0.0863 idt=0.0589 gnorm=20.731 dnorm=5.883 nan=0
2026-10-04 06:56:37,198 epoch=153 step=2800 loss_G=2.2009 loss_D_A=0.1220 loss_D_B=0.0716 cycle=0.1044 idt=0.0597 gnorm=34.036 dnorm=6.325 nan=0
2026-10-04 06:56:52,634 epoch=153 step=2900 loss_G=2.4261 loss_D_A=0.1232 loss_D_B=0.1271 cycle=0.0807 idt=0.0511 gnorm=21.010 dnorm=7.026 nan=0
2026-10-04 06:57:07,958 epoch=153 step=3000 loss_G=2.1200 loss_D_A=0.1191 loss_D_B=0.2035 cycle=0.0865 idt=0.0648 gnorm=31.207 dnorm=9.022 nan=0
2026-10-04 06:57:23,435 epoch=153 step=3100 loss_G=3.4694 loss_D_A=0.0973 loss_D_B=0.0488 cycle=0.1028 idt=0.0785 gnorm=25.455 dnorm=2.840 nan=0
2026-10-04 06:57:38,683 epoch=153 step=3200 loss_G=1.9597 loss_D_A=0.3033 loss_D_B=0.2008 cycle=0.0809 idt=0.0603 gnorm=41.348 dnorm=11.420 nan=0
2026-10-04 06:57:53,910 epoch=153 step=3300 loss_G=2.1761 loss_D_A=0.1481 loss_D_B=0.1982 cycle=0.0760 idt=0.0516 gnorm=31.998 dnorm=7.580 nan=0
2026-10-04 06:58:09,121 epoch=153 step=3400 loss_G=2.0194 loss_D_A=0.2809 loss_D_B=0.1757 cycle=0.0801 idt=0.0543 gnorm=25.821 dnorm=7.593 nan=0
2026-10-04 06:58:24,391 epoch=153 step=3500 loss_G=2.0435 loss_D_A=0.1762 loss_D_B=0.0680 cycle=0.0889 idt=0.0595 gnorm=18.367 dnorm=4.605 nan=0
2026-10-04 06:58:39,751 epoch=153 step=3600 loss_G=2.4743 loss_D_A=0.1451 loss_D_B=0.1912 cycle=0.0976 idt=0.0616 gnorm=34.623 dnorm=9.475 nan=0
2026-10-04 06:58:55,096 epoch=153 step=3700 loss_G=1.6805 loss_D_A=0.4377 loss_D_B=0.4001 cycle=0.0618 idt=0.0386 gnorm=24.204 dnorm=15.250 nan=0
2026-10-04 06:59:09,972 epoch=153 step=3800 loss_G=1.5657 loss_D_A=0.3285 loss_D_B=0.2240 cycle=0.0634 idt=0.0461 gnorm=21.327 dnorm=10.587 nan=0
2026-10-04 06:59:25,122 epoch=153 step=3900 loss_G=1.6753 loss_D_A=0.1506 loss_D_B=0.1149 cycle=0.0910 idt=0.0840 gnorm=35.812 dnorm=6.473 nan=0
2026-10-04 06:59:40,267 epoch=153 step=4000 loss_G=2.0135 loss_D_A=0.1127 loss_D_B=0.3080 cycle=0.0845 idt=0.0558 gnorm=22.849 dnorm=8.273 nan=0
2026-10-04 06:59:55,541 epoch=153 step=4100 loss_G=2.6283 loss_D_A=0.1755 loss_D_B=0.1933 cycle=0.1106 idt=0.0758 gnorm=33.660 dnorm=6.911 nan=0
2026-10-04 07:00:10,768 epoch=153 step=4200 loss_G=2.0605 loss_D_A=0.0978 loss_D_B=0.0828 cycle=0.0981 idt=0.0804 gnorm=31.462 dnorm=5.862 nan=0
2026-10-04 07:00:26,151 epoch=153 step=4300 loss_G=2.0547 loss_D_A=0.1141 loss_D_B=0.2213 cycle=0.0680 idt=0.0465 gnorm=27.556 dnorm=8.610 nan=0
2026-10-04 07:00:41,272 epoch=153 step=4400 loss_G=2.1515 loss_D_A=0.1392 loss_D_B=0.1159 cycle=0.1170 idt=0.0670 gnorm=41.447 dnorm=6.831 nan=0
2026-10-04 07:00:56,678 epoch=153 step=4500 loss_G=2.6130 loss_D_A=0.1118 loss_D_B=0.0867 cycle=0.1246 idt=0.0784 gnorm=30.120 dnorm=4.774 nan=0
2026-10-04 07:01:12,074 epoch=153 step=4600 loss_G=1.7211 loss_D_A=0.2818 loss_D_B=0.2277 cycle=0.0688 idt=0.0551 gnorm=17.579 dnorm=10.232 nan=0
2026-10-04 07:01:27,499 epoch=153 step=4700 loss_G=2.4324 loss_D_A=0.1841 loss_D_B=0.1796 cycle=0.1207 idt=0.0590 gnorm=34.120 dnorm=7.875 nan=0
2026-10-04 07:01:42,931 epoch=153 step=4800 loss_G=2.8589 loss_D_A=0.2413 loss_D_B=0.2766 cycle=0.0967 idt=0.1729 gnorm=36.017 dnorm=7.873 nan=0
2026-10-04 07:01:58,336 epoch=153 step=4900 loss_G=1.6533 loss_D_A=0.3504 loss_D_B=0.2018 cycle=0.0652 idt=0.0421 gnorm=19.381 dnorm=9.390 nan=0
2026-10-04 07:02:13,241 epoch=153 step=5000 loss_G=2.3968 loss_D_A=0.0392 loss_D_B=0.2086 cycle=0.0875 idt=0.0771 gnorm=19.492 dnorm=8.073 nan=0
2026-10-04 07:02:28,689 epoch=153 step=5100 loss_G=2.1125 loss_D_A=0.0501 loss_D_B=0.1271 cycle=0.0699 idt=0.0524 gnorm=25.360 dnorm=4.164 nan=0
2026-10-04 07:02:44,102 epoch=153 step=5200 loss_G=1.9988 loss_D_A=0.1508 loss_D_B=0.2129 cycle=0.0760 idt=0.0602 gnorm=30.602 dnorm=6.755 nan=0
2026-10-04 07:02:59,495 epoch=153 step=5300 loss_G=2.5475 loss_D_A=0.0520 loss_D_B=0.1335 cycle=0.1177 idt=0.0873 gnorm=43.371 dnorm=5.350 nan=0
2026-10-04 07:03:14,905 epoch=153 step=5400 loss_G=2.0415 loss_D_A=0.3222 loss_D_B=0.1753 cycle=0.0680 idt=0.0474 gnorm=28.905 dnorm=7.440 nan=0
2026-10-04 07:03:30,294 epoch=153 step=5500 loss_G=2.2946 loss_D_A=0.0399 loss_D_B=0.1150 cycle=0.0806 idt=0.0564 gnorm=25.606 dnorm=7.135 nan=0
2026-10-04 07:03:45,370 epoch=153 step=5600 loss_G=2.3210 loss_D_A=0.0961 loss_D_B=0.1993 cycle=0.0754 idt=0.0590 gnorm=34.997 dnorm=7.301 nan=0
2026-10-04 07:04:00,582 epoch=153 step=5700 loss_G=1.9773 loss_D_A=0.1440 loss_D_B=0.0975 cycle=0.0807 idt=0.0606 gnorm=30.429 dnorm=4.777 nan=0
2026-10-04 07:04:15,736 epoch=153 step=5800 loss_G=1.7238 loss_D_A=0.3134 loss_D_B=0.1694 cycle=0.0951 idt=0.0609 gnorm=26.213 dnorm=7.783 nan=0
2026-10-04 07:04:31,171 epoch=153 step=5900 loss_G=1.9562 loss_D_A=0.0777 loss_D_B=0.0896 cycle=0.0775 idt=0.0647 gnorm=30.728 dnorm=6.265 nan=0
2026-10-04 07:04:46,535 epoch=153 step=6000 loss_G=2.4451 loss_D_A=0.1625 loss_D_B=0.0918 cycle=0.1229 idt=0.1103 gnorm=48.490 dnorm=7.190 nan=0
2026-10-04 07:05:01,751 epoch=153 step=6100 loss_G=2.0015 loss_D_A=0.1893 loss_D_B=0.2251 cycle=0.0793 idt=0.0502 gnorm=36.752 dnorm=7.496 nan=0
2026-10-04 07:05:17,241 epoch=153 step=6200 loss_G=3.1872 loss_D_A=0.0579 loss_D_B=0.1312 cycle=0.1252 idt=0.0852 gnorm=20.545 dnorm=6.517 nan=0
2026-10-04 07:05:32,614 epoch=153 step=6300 loss_G=2.1566 loss_D_A=0.2809 loss_D_B=0.0926 cycle=0.0608 idt=0.0601 gnorm=25.589 dnorm=6.957 nan=0
2026-10-04 07:05:47,963 epoch=153 step=6400 loss_G=2.4794 loss_D_A=0.1334 loss_D_B=0.1373 cycle=0.0764 idt=0.0564 gnorm=16.679 dnorm=5.181 nan=0
2026-10-04 07:05:53,801 epoch_mean={'g': 2.1558442366126904, 'd_a': 0.1607239964068325, 'd_b': 0.16910386359554597, 'cycle': 0.08759550797935597, 'identity': 0.062010069151182436, 'epoch': 153}
2026-10-04 07:05:54,406 epoch=154 step=1 loss_G=2.4055 loss_D_A=0.0342 loss_D_B=0.1157 cycle=0.0957 idt=0.0655 gnorm=26.919 dnorm=5.677 nan=0
2026-10-04 07:06:09,380 epoch=154 step=100 loss_G=2.2843 loss_D_A=0.1264 loss_D_B=0.1124 cycle=0.0737 idt=0.0395 gnorm=22.380 dnorm=7.180 nan=0
2026-10-04 07:06:24,798 epoch=154 step=200 loss_G=2.3538 loss_D_A=0.0690 loss_D_B=0.1401 cycle=0.0770 idt=0.0559 gnorm=35.125 dnorm=5.204 nan=0
2026-10-04 07:06:40,046 epoch=154 step=300 loss_G=2.1626 loss_D_A=0.0556 loss_D_B=0.2593 cycle=0.0797 idt=0.0432 gnorm=24.835 dnorm=5.571 nan=0
2026-10-04 07:06:55,342 epoch=154 step=400 loss_G=2.2448 loss_D_A=0.0333 loss_D_B=0.1813 cycle=0.0971 idt=0.0743 gnorm=20.216 dnorm=7.895 nan=0
2026-10-04 07:07:10,756 epoch=154 step=500 loss_G=2.0404 loss_D_A=0.1791 loss_D_B=0.0649 cycle=0.0633 idt=0.0454 gnorm=26.149 dnorm=9.684 nan=0
2026-10-04 07:07:26,057 epoch=154 step=600 loss_G=1.4566 loss_D_A=0.1865 loss_D_B=0.2783 cycle=0.0691 idt=0.0583 gnorm=20.595 dnorm=10.546 nan=0
2026-10-04 07:07:41,099 epoch=154 step=700 loss_G=2.3981 loss_D_A=0.0504 loss_D_B=0.1275 cycle=0.1032 idt=0.0632 gnorm=49.118 dnorm=5.719 nan=0
2026-10-04 07:07:56,159 epoch=154 step=800 loss_G=2.1327 loss_D_A=0.2597 loss_D_B=0.3135 cycle=0.0811 idt=0.0542 gnorm=46.847 dnorm=11.048 nan=0
2026-10-04 07:08:11,443 epoch=154 step=900 loss_G=1.7651 loss_D_A=0.2142 loss_D_B=0.1338 cycle=0.0722 idt=0.0671 gnorm=20.167 dnorm=6.025 nan=0
2026-10-04 07:08:26,598 epoch=154 step=1000 loss_G=2.3835 loss_D_A=0.1317 loss_D_B=0.1108 cycle=0.1017 idt=0.0702 gnorm=31.395 dnorm=7.031 nan=0
2026-10-04 07:08:41,320 epoch=154 step=1100 loss_G=2.6120 loss_D_A=0.2016 loss_D_B=0.0718 cycle=0.0995 idt=0.0421 gnorm=27.061 dnorm=6.758 nan=0
2026-10-04 07:08:55,954 epoch=154 step=1200 loss_G=2.2620 loss_D_A=0.1774 loss_D_B=0.1213 cycle=0.0985 idt=0.0528 gnorm=36.157 dnorm=5.974 nan=0
2026-10-04 07:09:11,349 epoch=154 step=1300 loss_G=1.8894 loss_D_A=0.1643 loss_D_B=0.1889 cycle=0.0751 idt=0.0559 gnorm=33.078 dnorm=6.474 nan=0
2026-10-04 07:09:26,449 epoch=154 step=1400 loss_G=2.1470 loss_D_A=0.1473 loss_D_B=0.1077 cycle=0.0951 idt=0.0798 gnorm=27.863 dnorm=7.119 nan=0
2026-10-04 07:09:41,493 epoch=154 step=1500 loss_G=1.9562 loss_D_A=0.1918 loss_D_B=0.1397 cycle=0.0826 idt=0.0503 gnorm=34.870 dnorm=6.080 nan=0
2026-10-04 07:09:56,926 epoch=154 step=1600 loss_G=2.6243 loss_D_A=0.0532 loss_D_B=0.1393 cycle=0.0938 idt=0.0681 gnorm=22.853 dnorm=5.385 nan=0
2026-10-04 07:10:12,023 epoch=154 step=1700 loss_G=2.7688 loss_D_A=0.1096 loss_D_B=0.0270 cycle=0.0889 idt=0.0568 gnorm=39.174 dnorm=4.685 nan=0
2026-10-04 07:10:27,337 epoch=154 step=1800 loss_G=1.8902 loss_D_A=0.3032 loss_D_B=0.1679 cycle=0.0711 idt=0.0543 gnorm=16.060 dnorm=12.195 nan=0
2026-10-04 07:10:42,804 epoch=154 step=1900 loss_G=2.3232 loss_D_A=0.2887 loss_D_B=0.2878 cycle=0.1132 idt=0.0695 gnorm=23.519 dnorm=9.379 nan=0
2026-10-04 07:10:57,944 epoch=154 step=2000 loss_G=2.4090 loss_D_A=0.1370 loss_D_B=0.1468 cycle=0.0976 idt=0.0786 gnorm=30.448 dnorm=7.492 nan=0
2026-10-04 07:11:13,169 epoch=154 step=2100 loss_G=1.5273 loss_D_A=0.0558 loss_D_B=0.4211 cycle=0.0762 idt=0.0463 gnorm=26.022 dnorm=11.774 nan=0
2026-10-04 07:11:28,620 epoch=154 step=2200 loss_G=2.1584 loss_D_A=0.1402 loss_D_B=0.0668 cycle=0.0943 idt=0.0475 gnorm=42.167 dnorm=8.388 nan=0
2026-10-04 07:11:43,948 epoch=154 step=2300 loss_G=1.6764 loss_D_A=0.1461 loss_D_B=0.2057 cycle=0.0721 idt=0.0539 gnorm=19.417 dnorm=7.427 nan=0
2026-10-04 07:11:59,285 epoch=154 step=2400 loss_G=2.0731 loss_D_A=0.1751 loss_D_B=0.0431 cycle=0.0792 idt=0.1344 gnorm=47.420 dnorm=6.069 nan=0
2026-10-04 07:12:14,703 epoch=154 step=2500 loss_G=2.5431 loss_D_A=0.2157 loss_D_B=0.1331 cycle=0.0916 idt=0.0648 gnorm=24.011 dnorm=8.746 nan=0
2026-10-04 07:12:30,079 epoch=154 step=2600 loss_G=1.8660 loss_D_A=0.1138 loss_D_B=0.2607 cycle=0.0817 idt=0.0571 gnorm=15.714 dnorm=17.566 nan=0
2026-10-04 07:12:45,430 epoch=154 step=2700 loss_G=2.1540 loss_D_A=0.1097 loss_D_B=0.0593 cycle=0.0667 idt=0.0518 gnorm=22.840 dnorm=5.600 nan=0
2026-10-04 07:13:00,833 epoch=154 step=2800 loss_G=1.8138 loss_D_A=0.1457 loss_D_B=0.2769 cycle=0.0858 idt=0.0505 gnorm=26.995 dnorm=8.004 nan=0
2026-10-04 07:13:16,175 epoch=154 step=2900 loss_G=2.6627 loss_D_A=0.2945 loss_D_B=0.2620 cycle=0.0914 idt=0.1231 gnorm=40.935 dnorm=9.285 nan=0
2026-10-04 07:13:31,529 epoch=154 step=3000 loss_G=2.4572 loss_D_A=0.0713 loss_D_B=0.0793 cycle=0.0858 idt=0.0692 gnorm=22.861 dnorm=5.356 nan=0
2026-10-04 07:13:46,888 epoch=154 step=3100 loss_G=3.2912 loss_D_A=0.1187 loss_D_B=0.1795 cycle=0.1407 idt=0.1388 gnorm=42.831 dnorm=7.677 nan=0
2026-10-04 07:14:02,229 epoch=154 step=3200 loss_G=2.7673 loss_D_A=0.1003 loss_D_B=0.1120 cycle=0.0906 idt=0.0530 gnorm=26.123 dnorm=7.996 nan=0
2026-10-04 07:14:17,415 epoch=154 step=3300 loss_G=1.9425 loss_D_A=0.1291 loss_D_B=0.1944 cycle=0.0847 idt=0.0580 gnorm=41.003 dnorm=6.061 nan=0
2026-10-04 07:14:32,784 epoch=154 step=3400 loss_G=1.9548 loss_D_A=0.1333 loss_D_B=0.2089 cycle=0.0784 idt=0.0456 gnorm=23.976 dnorm=7.305 nan=0
2026-10-04 07:14:48,090 epoch=154 step=3500 loss_G=1.9634 loss_D_A=0.1415 loss_D_B=0.1469 cycle=0.0730 idt=0.0509 gnorm=22.105 dnorm=5.598 nan=0
2026-10-04 07:15:03,221 epoch=154 step=3600 loss_G=2.1276 loss_D_A=0.2374 loss_D_B=0.1639 cycle=0.0641 idt=0.0379 gnorm=17.437 dnorm=9.147 nan=0
2026-10-04 07:15:18,608 epoch=154 step=3700 loss_G=2.1588 loss_D_A=0.1696 loss_D_B=0.2386 cycle=0.0875 idt=0.0934 gnorm=46.044 dnorm=10.330 nan=0
2026-10-04 07:15:33,724 epoch=154 step=3800 loss_G=2.8503 loss_D_A=0.3812 loss_D_B=0.1804 cycle=0.0906 idt=0.0474 gnorm=34.398 dnorm=10.548 nan=0
2026-10-04 07:15:48,973 epoch=154 step=3900 loss_G=2.3275 loss_D_A=0.0667 loss_D_B=0.1966 cycle=0.0985 idt=0.0675 gnorm=18.895 dnorm=6.522 nan=0
2026-10-04 07:16:04,421 epoch=154 step=4000 loss_G=2.1027 loss_D_A=0.1348 loss_D_B=0.2886 cycle=0.0839 idt=0.0655 gnorm=30.997 dnorm=10.336 nan=0
2026-10-04 07:16:19,762 epoch=154 step=4100 loss_G=2.4910 loss_D_A=0.1295 loss_D_B=0.1244 cycle=0.1101 idt=0.0997 gnorm=41.206 dnorm=6.217 nan=0
2026-10-04 07:16:35,147 epoch=154 step=4200 loss_G=2.4032 loss_D_A=0.0754 loss_D_B=0.0883 cycle=0.0845 idt=0.0556 gnorm=35.040 dnorm=5.034 nan=0
2026-10-04 07:16:50,096 epoch=154 step=4300 loss_G=2.0490 loss_D_A=0.1144 loss_D_B=0.0833 cycle=0.0830 idt=0.0595 gnorm=19.902 dnorm=4.674 nan=0
2026-10-04 07:17:05,024 epoch=154 step=4400 loss_G=2.2358 loss_D_A=0.1499 loss_D_B=0.0790 cycle=0.0715 idt=0.0508 gnorm=35.532 dnorm=5.609 nan=0
2026-10-04 07:17:19,602 epoch=154 step=4500 loss_G=2.1878 loss_D_A=0.1316 loss_D_B=0.2412 cycle=0.0749 idt=0.0528 gnorm=29.179 dnorm=7.852 nan=0
2026-10-04 07:17:34,665 epoch=154 step=4600 loss_G=1.8047 loss_D_A=0.1331 loss_D_B=0.2836 cycle=0.0901 idt=0.0638 gnorm=39.570 dnorm=7.348 nan=0
2026-10-04 07:17:49,484 epoch=154 step=4700 loss_G=2.7803 loss_D_A=0.1754 loss_D_B=0.1018 cycle=0.0932 idt=0.0672 gnorm=36.446 dnorm=6.616 nan=0
2026-10-04 07:18:03,877 epoch=154 step=4800 loss_G=2.3580 loss_D_A=0.1356 loss_D_B=0.1216 cycle=0.0895 idt=0.0635 gnorm=23.272 dnorm=6.090 nan=0
2026-10-04 07:18:18,990 epoch=154 step=4900 loss_G=1.8836 loss_D_A=0.2273 loss_D_B=0.1680 cycle=0.0765 idt=0.0498 gnorm=32.417 dnorm=7.143 nan=0
2026-10-04 07:18:34,318 epoch=154 step=5000 loss_G=1.9598 loss_D_A=0.1402 loss_D_B=0.1874 cycle=0.0691 idt=0.0403 gnorm=32.005 dnorm=7.621 nan=0
2026-10-04 07:18:49,706 epoch=154 step=5100 loss_G=2.0143 loss_D_A=0.2706 loss_D_B=0.1541 cycle=0.0941 idt=0.0616 gnorm=15.941 dnorm=7.060 nan=0
2026-10-04 07:19:04,918 epoch=154 step=5200 loss_G=1.8637 loss_D_A=0.3014 loss_D_B=0.1334 cycle=0.0901 idt=0.0687 gnorm=39.906 dnorm=8.181 nan=0
2026-10-04 07:19:20,377 epoch=154 step=5300 loss_G=2.5428 loss_D_A=0.3538 loss_D_B=0.2552 cycle=0.0974 idt=0.0621 gnorm=33.180 dnorm=6.686 nan=0
2026-10-04 07:19:35,855 epoch=154 step=5400 loss_G=1.5384 loss_D_A=0.1227 loss_D_B=0.1045 cycle=0.0717 idt=0.0475 gnorm=23.485 dnorm=5.119 nan=0
2026-10-04 07:19:51,100 epoch=154 step=5500 loss_G=2.4016 loss_D_A=0.0342 loss_D_B=0.1312 cycle=0.0837 idt=0.0861 gnorm=31.210 dnorm=8.310 nan=0
2026-10-04 07:20:06,470 epoch=154 step=5600 loss_G=2.3145 loss_D_A=0.1819 loss_D_B=0.0406 cycle=0.0908 idt=0.0656 gnorm=33.017 dnorm=4.257 nan=0
2026-10-04 07:20:21,131 epoch=154 step=5700 loss_G=2.1105 loss_D_A=0.1954 loss_D_B=0.1682 cycle=0.0796 idt=0.0719 gnorm=23.800 dnorm=7.048 nan=0
2026-10-04 07:20:36,092 epoch=154 step=5800 loss_G=2.0804 loss_D_A=0.0782 loss_D_B=0.1571 cycle=0.0817 idt=0.0610 gnorm=18.454 dnorm=7.792 nan=0
2026-10-04 07:20:51,465 epoch=154 step=5900 loss_G=1.8271 loss_D_A=0.3024 loss_D_B=0.0515 cycle=0.0759 idt=0.0382 gnorm=28.757 dnorm=8.573 nan=0
2026-10-04 07:21:06,795 epoch=154 step=6000 loss_G=1.7884 loss_D_A=0.1693 loss_D_B=0.1847 cycle=0.0754 idt=0.0528 gnorm=15.848 dnorm=7.869 nan=0
2026-10-04 07:21:22,261 epoch=154 step=6100 loss_G=2.6453 loss_D_A=0.1818 loss_D_B=0.1729 cycle=0.1394 idt=0.1510 gnorm=42.794 dnorm=5.461 nan=0
2026-10-04 07:21:37,618 epoch=154 step=6200 loss_G=1.5470 loss_D_A=0.0999 loss_D_B=0.2068 cycle=0.0809 idt=0.0641 gnorm=21.178 dnorm=6.782 nan=0
2026-10-04 07:21:52,945 epoch=154 step=6300 loss_G=1.7339 loss_D_A=0.1258 loss_D_B=0.2147 cycle=0.0686 idt=0.0457 gnorm=26.744 dnorm=6.994 nan=0
2026-10-04 07:22:08,164 epoch=154 step=6400 loss_G=1.9102 loss_D_A=0.2793 loss_D_B=0.1810 cycle=0.0889 idt=0.0567 gnorm=18.567 dnorm=12.483 nan=0
2026-10-04 07:22:13,740 epoch_mean={'g': 2.1609142311762195, 'd_a': 0.1585686249035269, 'd_b': 0.16713824335852556, 'cycle': 0.08717246172627369, 'identity': 0.061697612382047996, 'epoch': 154}
2026-10-04 07:22:14,344 epoch=155 step=1 loss_G=1.4729 loss_D_A=0.0969 loss_D_B=0.1093 cycle=0.0858 idt=0.0596 gnorm=18.767 dnorm=5.102 nan=0
2026-10-04 07:22:29,605 epoch=155 step=100 loss_G=1.5191 loss_D_A=0.0927 loss_D_B=0.4646 cycle=0.0931 idt=0.0479 gnorm=20.929 dnorm=15.368 nan=0
2026-10-04 07:22:44,890 epoch=155 step=200 loss_G=2.5516 loss_D_A=0.0774 loss_D_B=0.0981 cycle=0.0765 idt=0.0562 gnorm=18.312 dnorm=6.511 nan=0
2026-10-04 07:22:59,739 epoch=155 step=300 loss_G=1.8740 loss_D_A=0.0893 loss_D_B=0.1735 cycle=0.0794 idt=0.0450 gnorm=30.220 dnorm=8.248 nan=0
2026-10-04 07:23:15,219 epoch=155 step=400 loss_G=2.5099 loss_D_A=0.1305 loss_D_B=0.1298 cycle=0.0809 idt=0.0527 gnorm=37.677 dnorm=6.252 nan=0
2026-10-04 07:23:30,515 epoch=155 step=500 loss_G=1.8920 loss_D_A=0.2398 loss_D_B=0.0990 cycle=0.0772 idt=0.0472 gnorm=24.801 dnorm=7.024 nan=0
2026-10-04 07:23:45,136 epoch=155 step=600 loss_G=2.0356 loss_D_A=0.1854 loss_D_B=0.0923 cycle=0.1141 idt=0.0529 gnorm=31.439 dnorm=8.294 nan=0
2026-10-04 07:24:00,601 epoch=155 step=700 loss_G=2.2316 loss_D_A=0.2886 loss_D_B=0.3152 cycle=0.0762 idt=0.0517 gnorm=28.442 dnorm=11.372 nan=0
2026-10-04 07:24:15,699 epoch=155 step=800 loss_G=2.6618 loss_D_A=0.0910 loss_D_B=0.0787 cycle=0.0852 idt=0.0509 gnorm=30.735 dnorm=5.466 nan=0
2026-10-04 07:24:31,028 epoch=155 step=900 loss_G=2.0746 loss_D_A=0.0763 loss_D_B=0.1258 cycle=0.1010 idt=0.1002 gnorm=45.303 dnorm=6.499 nan=0
2026-10-04 07:24:46,294 epoch=155 step=1000 loss_G=2.1476 loss_D_A=0.1829 loss_D_B=0.2078 cycle=0.0795 idt=0.0565 gnorm=28.575 dnorm=6.464 nan=0
2026-10-04 07:25:01,657 epoch=155 step=1100 loss_G=2.4412 loss_D_A=0.0466 loss_D_B=0.2194 cycle=0.0784 idt=0.0968 gnorm=36.840 dnorm=6.557 nan=0
2026-10-04 07:25:17,017 epoch=155 step=1200 loss_G=1.6741 loss_D_A=0.0799 loss_D_B=0.0990 cycle=0.0795 idt=0.0550 gnorm=30.472 dnorm=6.495 nan=0
2026-10-04 07:25:32,433 epoch=155 step=1300 loss_G=2.6224 loss_D_A=0.1167 loss_D_B=0.0511 cycle=0.0753 idt=0.0538 gnorm=22.356 dnorm=5.528 nan=0
2026-10-04 07:25:47,765 epoch=155 step=1400 loss_G=2.3103 loss_D_A=0.2010 loss_D_B=0.6674 cycle=0.0942 idt=0.0619 gnorm=20.603 dnorm=13.034 nan=0
2026-10-04 07:26:02,599 epoch=155 step=1500 loss_G=1.6256 loss_D_A=0.0540 loss_D_B=0.1767 cycle=0.0750 idt=0.0543 gnorm=22.301 dnorm=5.936 nan=0
2026-10-04 07:26:18,008 epoch=155 step=1600 loss_G=1.9369 loss_D_A=0.2730 loss_D_B=0.1212 cycle=0.0848 idt=0.0597 gnorm=26.890 dnorm=6.811 nan=0
2026-10-04 07:26:33,079 epoch=155 step=1700 loss_G=3.3790 loss_D_A=0.1027 loss_D_B=0.2190 cycle=0.1014 idt=0.0792 gnorm=39.784 dnorm=8.613 nan=0
2026-10-04 07:26:48,002 epoch=155 step=1800 loss_G=2.3459 loss_D_A=0.1703 loss_D_B=0.2118 cycle=0.0826 idt=0.0515 gnorm=25.372 dnorm=6.922 nan=0
2026-10-04 07:27:03,374 epoch=155 step=1900 loss_G=2.2015 loss_D_A=0.1609 loss_D_B=0.2077 cycle=0.0685 idt=0.0545 gnorm=24.253 dnorm=8.388 nan=0
2026-10-04 07:27:18,716 epoch=155 step=2000 loss_G=1.9335 loss_D_A=0.2503 loss_D_B=0.1367 cycle=0.0859 idt=0.0561 gnorm=12.877 dnorm=5.495 nan=0
2026-10-04 07:27:34,162 epoch=155 step=2100 loss_G=1.7312 loss_D_A=0.0660 loss_D_B=0.1297 cycle=0.0895 idt=0.0563 gnorm=14.979 dnorm=4.481 nan=0
2026-10-04 07:27:49,523 epoch=155 step=2200 loss_G=1.7652 loss_D_A=0.0727 loss_D_B=0.1785 cycle=0.0928 idt=0.0600 gnorm=20.069 dnorm=4.004 nan=0
2026-10-04 07:28:04,837 epoch=155 step=2300 loss_G=2.9049 loss_D_A=0.1994 loss_D_B=0.1383 cycle=0.0887 idt=0.0622 gnorm=29.568 dnorm=5.886 nan=0
2026-10-04 07:28:20,257 epoch=155 step=2400 loss_G=1.4955 loss_D_A=0.1026 loss_D_B=0.1120 cycle=0.0645 idt=0.0751 gnorm=18.113 dnorm=6.712 nan=0
2026-10-04 07:28:35,016 epoch=155 step=2500 loss_G=2.4842 loss_D_A=0.0993 loss_D_B=0.0690 cycle=0.1182 idt=0.0678 gnorm=40.678 dnorm=4.860 nan=0
2026-10-04 07:28:50,329 epoch=155 step=2600 loss_G=3.0680 loss_D_A=0.2246 loss_D_B=0.1986 cycle=0.2061 idt=0.0473 gnorm=46.470 dnorm=10.832 nan=0
2026-10-04 07:29:05,721 epoch=155 step=2700 loss_G=2.1708 loss_D_A=0.0650 loss_D_B=0.0589 cycle=0.1017 idt=0.0876 gnorm=17.453 dnorm=3.702 nan=0
2026-10-04 07:29:21,091 epoch=155 step=2800 loss_G=1.5806 loss_D_A=0.1338 loss_D_B=0.3243 cycle=0.0668 idt=0.0458 gnorm=23.393 dnorm=11.579 nan=0
2026-10-04 07:29:36,067 epoch=155 step=2900 loss_G=1.8016 loss_D_A=0.1758 loss_D_B=0.0893 cycle=0.0564 idt=0.0532 gnorm=29.685 dnorm=6.393 nan=0
2026-10-04 07:29:51,443 epoch=155 step=3000 loss_G=2.4585 loss_D_A=0.2146 loss_D_B=0.0872 cycle=0.0785 idt=0.0568 gnorm=30.037 dnorm=6.122 nan=0
2026-10-04 07:30:06,813 epoch=155 step=3100 loss_G=2.3143 loss_D_A=0.1525 loss_D_B=0.1138 cycle=0.1089 idt=0.0676 gnorm=31.675 dnorm=5.808 nan=0
2026-10-04 07:30:22,047 epoch=155 step=3200 loss_G=1.7010 loss_D_A=0.2113 loss_D_B=0.2106 cycle=0.0851 idt=0.0692 gnorm=25.679 dnorm=10.326 nan=0
2026-10-04 07:30:37,281 epoch=155 step=3300 loss_G=1.4302 loss_D_A=0.2203 loss_D_B=0.1549 cycle=0.0836 idt=0.0612 gnorm=14.587 dnorm=13.674 nan=0
2026-10-04 07:30:51,946 epoch=155 step=3400 loss_G=2.0946 loss_D_A=0.1043 loss_D_B=0.2349 cycle=0.0732 idt=0.0515 gnorm=26.005 dnorm=8.282 nan=0
2026-10-04 07:31:06,783 epoch=155 step=3500 loss_G=1.7669 loss_D_A=0.0680 loss_D_B=0.1889 cycle=0.0780 idt=0.0552 gnorm=28.568 dnorm=6.742 nan=0
2026-10-04 07:31:22,037 epoch=155 step=3600 loss_G=2.2172 loss_D_A=0.1974 loss_D_B=0.0866 cycle=0.0705 idt=0.0595 gnorm=39.178 dnorm=7.215 nan=0
2026-10-04 07:31:37,375 epoch=155 step=3700 loss_G=1.7585 loss_D_A=0.0745 loss_D_B=0.1167 cycle=0.0755 idt=0.0502 gnorm=23.048 dnorm=4.309 nan=0
2026-10-04 07:31:52,649 epoch=155 step=3800 loss_G=1.6259 loss_D_A=0.1838 loss_D_B=0.2194 cycle=0.0646 idt=0.0364 gnorm=32.697 dnorm=12.582 nan=0
2026-10-04 07:32:07,770 epoch=155 step=3900 loss_G=1.9784 loss_D_A=0.2383 loss_D_B=0.2391 cycle=0.0800 idt=0.1122 gnorm=45.615 dnorm=11.426 nan=0
2026-10-04 07:32:23,145 epoch=155 step=4000 loss_G=1.7052 loss_D_A=0.0749 loss_D_B=0.1833 cycle=0.0721 idt=0.0568 gnorm=22.954 dnorm=5.150 nan=0
2026-10-04 07:32:38,558 epoch=155 step=4100 loss_G=1.9352 loss_D_A=0.1592 loss_D_B=0.0697 cycle=0.0806 idt=0.0454 gnorm=18.990 dnorm=4.799 nan=0
2026-10-04 07:32:53,836 epoch=155 step=4200 loss_G=2.1372 loss_D_A=0.1727 loss_D_B=0.1062 cycle=0.0810 idt=0.0589 gnorm=42.184 dnorm=5.810 nan=0
2026-10-04 07:33:09,192 epoch=155 step=4300 loss_G=2.0152 loss_D_A=0.2003 loss_D_B=0.1863 cycle=0.1003 idt=0.0678 gnorm=16.782 dnorm=7.231 nan=0
2026-10-04 07:33:24,601 epoch=155 step=4400 loss_G=2.2066 loss_D_A=0.0850 loss_D_B=0.4166 cycle=0.0756 idt=0.0510 gnorm=17.276 dnorm=9.946 nan=0
2026-10-04 07:33:39,928 epoch=155 step=4500 loss_G=2.5977 loss_D_A=0.2023 loss_D_B=0.3642 cycle=0.0988 idt=0.0709 gnorm=20.436 dnorm=8.882 nan=0
2026-10-04 07:33:55,281 epoch=155 step=4600 loss_G=2.2621 loss_D_A=0.0288 loss_D_B=0.0429 cycle=0.0845 idt=0.0579 gnorm=26.467 dnorm=2.725 nan=0
2026-10-04 07:34:10,458 epoch=155 step=4700 loss_G=2.1736 loss_D_A=0.2165 loss_D_B=0.0890 cycle=0.0823 idt=0.0607 gnorm=25.829 dnorm=5.414 nan=0
2026-10-04 07:34:25,849 epoch=155 step=4800 loss_G=2.1956 loss_D_A=0.0794 loss_D_B=0.1252 cycle=0.0747 idt=0.0539 gnorm=28.064 dnorm=8.554 nan=0
2026-10-04 07:34:41,270 epoch=155 step=4900 loss_G=2.2220 loss_D_A=0.2753 loss_D_B=0.2639 cycle=0.0936 idt=0.0692 gnorm=12.832 dnorm=9.192 nan=0
2026-10-04 07:34:56,452 epoch=155 step=5000 loss_G=1.8772 loss_D_A=0.2031 loss_D_B=0.1552 cycle=0.0809 idt=0.0601 gnorm=37.132 dnorm=8.726 nan=0
2026-10-04 07:35:11,760 epoch=155 step=5100 loss_G=2.4522 loss_D_A=0.2768 loss_D_B=0.1482 cycle=0.0826 idt=0.0583 gnorm=17.443 dnorm=9.989 nan=0
2026-10-04 07:35:27,154 epoch=155 step=5200 loss_G=2.6789 loss_D_A=0.0902 loss_D_B=0.0721 cycle=0.0767 idt=0.0538 gnorm=27.001 dnorm=6.260 nan=0
2026-10-04 07:35:42,588 epoch=155 step=5300 loss_G=2.2056 loss_D_A=0.0903 loss_D_B=0.0628 cycle=0.0871 idt=0.0567 gnorm=18.815 dnorm=3.858 nan=0
2026-10-04 07:35:57,875 epoch=155 step=5400 loss_G=2.3055 loss_D_A=0.3612 loss_D_B=0.2399 cycle=0.0748 idt=0.0417 gnorm=17.651 dnorm=9.473 nan=0
2026-10-04 07:36:13,098 epoch=155 step=5500 loss_G=1.5583 loss_D_A=0.0504 loss_D_B=0.2067 cycle=0.0707 idt=0.0384 gnorm=16.539 dnorm=9.271 nan=0
2026-10-04 07:36:28,484 epoch=155 step=5600 loss_G=1.9338 loss_D_A=0.1597 loss_D_B=0.1323 cycle=0.0871 idt=0.0533 gnorm=39.192 dnorm=8.953 nan=0
2026-10-04 07:36:43,808 epoch=155 step=5700 loss_G=2.0969 loss_D_A=0.1593 loss_D_B=0.1460 cycle=0.0804 idt=0.0551 gnorm=24.350 dnorm=6.165 nan=0
2026-10-04 07:36:59,153 epoch=155 step=5800 loss_G=1.9508 loss_D_A=0.2495 loss_D_B=0.1624 cycle=0.0965 idt=0.0805 gnorm=31.389 dnorm=12.803 nan=0
2026-10-04 07:37:14,574 epoch=155 step=5900 loss_G=2.5646 loss_D_A=0.0761 loss_D_B=0.1789 cycle=0.1106 idt=0.0790 gnorm=33.455 dnorm=11.141 nan=0
2026-10-04 07:37:29,925 epoch=155 step=6000 loss_G=2.4644 loss_D_A=0.0422 loss_D_B=0.0344 cycle=0.0910 idt=0.0563 gnorm=32.552 dnorm=2.549 nan=0
2026-10-04 07:37:45,286 epoch=155 step=6100 loss_G=2.6627 loss_D_A=0.0468 loss_D_B=0.1263 cycle=0.1031 idt=0.0555 gnorm=24.751 dnorm=3.764 nan=0
2026-10-04 07:38:00,284 epoch=155 step=6200 loss_G=2.3987 loss_D_A=0.0878 loss_D_B=0.1111 cycle=0.0999 idt=0.0659 gnorm=25.416 dnorm=6.725 nan=0
2026-10-04 07:38:15,312 epoch=155 step=6300 loss_G=2.3733 loss_D_A=0.1844 loss_D_B=0.1305 cycle=0.0623 idt=0.0436 gnorm=26.450 dnorm=8.982 nan=0
2026-10-04 07:38:30,805 epoch=155 step=6400 loss_G=2.1301 loss_D_A=0.2251 loss_D_B=0.0505 cycle=0.0715 idt=0.0524 gnorm=25.414 dnorm=8.104 nan=0
2026-10-04 07:38:36,601 epoch_mean={'g': 2.1363642569023766, 'd_a': 0.1588799060964925, 'd_b': 0.16793444972113816, 'cycle': 0.08581619760419093, 'identity': 0.06041124289951994, 'epoch': 155}
2026-10-04 07:38:37,205 epoch=156 step=1 loss_G=1.7924 loss_D_A=0.0495 loss_D_B=0.2284 cycle=0.0706 idt=0.0559 gnorm=23.857 dnorm=13.081 nan=0
2026-10-04 07:38:52,405 epoch=156 step=100 loss_G=1.9733 loss_D_A=0.0382 loss_D_B=0.1606 cycle=0.0602 idt=0.0390 gnorm=26.560 dnorm=6.521 nan=0
2026-10-04 07:39:07,076 epoch=156 step=200 loss_G=2.8312 loss_D_A=0.1304 loss_D_B=0.2558 cycle=0.1011 idt=0.0534 gnorm=42.968 dnorm=8.247 nan=0
2026-10-04 07:39:22,007 epoch=156 step=300 loss_G=2.0442 loss_D_A=0.0892 loss_D_B=0.0701 cycle=0.0917 idt=0.0591 gnorm=27.838 dnorm=6.533 nan=0
2026-10-04 07:39:37,388 epoch=156 step=400 loss_G=2.2079 loss_D_A=0.1834 loss_D_B=0.1791 cycle=0.0813 idt=0.0480 gnorm=25.235 dnorm=6.314 nan=0
2026-10-04 07:39:52,210 epoch=156 step=500 loss_G=2.5427 loss_D_A=0.0499 loss_D_B=0.2324 cycle=0.0834 idt=0.0582 gnorm=38.243 dnorm=5.811 nan=0
2026-10-04 07:40:07,583 epoch=156 step=600 loss_G=2.7033 loss_D_A=0.1142 loss_D_B=0.2154 cycle=0.0795 idt=0.0536 gnorm=21.912 dnorm=7.407 nan=0
2026-10-04 07:40:22,828 epoch=156 step=700 loss_G=2.8200 loss_D_A=0.0634 loss_D_B=0.1252 cycle=0.0794 idt=0.0616 gnorm=32.865 dnorm=7.662 nan=0
2026-10-04 07:40:38,000 epoch=156 step=800 loss_G=1.6244 loss_D_A=0.1044 loss_D_B=0.1125 cycle=0.0718 idt=0.0606 gnorm=18.357 dnorm=7.044 nan=0
2026-10-04 07:40:53,232 epoch=156 step=900 loss_G=2.8878 loss_D_A=0.1167 loss_D_B=0.1737 cycle=0.1014 idt=0.0678 gnorm=37.588 dnorm=7.088 nan=0
2026-10-04 07:41:08,456 epoch=156 step=1000 loss_G=2.5971 loss_D_A=0.0512 loss_D_B=0.1327 cycle=0.0988 idt=0.0702 gnorm=22.716 dnorm=4.759 nan=0
2026-10-04 07:41:23,035 epoch=156 step=1100 loss_G=2.2614 loss_D_A=0.2482 loss_D_B=0.1606 cycle=0.0996 idt=0.0696 gnorm=22.206 dnorm=6.918 nan=0
2026-10-04 07:41:38,317 epoch=156 step=1200 loss_G=1.8810 loss_D_A=0.2102 loss_D_B=0.2240 cycle=0.0820 idt=0.0456 gnorm=23.292 dnorm=11.476 nan=0
2026-10-04 07:41:53,433 epoch=156 step=1300 loss_G=1.8614 loss_D_A=0.2405 loss_D_B=0.0568 cycle=0.0810 idt=0.0546 gnorm=24.961 dnorm=8.072 nan=0
2026-10-04 07:42:08,466 epoch=156 step=1400 loss_G=1.8354 loss_D_A=0.0912 loss_D_B=0.0636 cycle=0.0782 idt=0.0500 gnorm=33.423 dnorm=4.849 nan=0
2026-10-04 07:42:23,564 epoch=156 step=1500 loss_G=2.1980 loss_D_A=0.1576 loss_D_B=0.3550 cycle=0.0814 idt=0.0508 gnorm=28.792 dnorm=10.378 nan=0
2026-10-04 07:42:38,886 epoch=156 step=1600 loss_G=1.9816 loss_D_A=0.1923 loss_D_B=0.1505 cycle=0.0756 idt=0.0410 gnorm=19.301 dnorm=8.123 nan=0
2026-10-04 07:42:54,262 epoch=156 step=1700 loss_G=1.3951 loss_D_A=0.0615 loss_D_B=0.3462 cycle=0.0707 idt=0.0478 gnorm=36.126 dnorm=8.985 nan=0
2026-10-04 07:43:09,560 epoch=156 step=1800 loss_G=1.4984 loss_D_A=0.1759 loss_D_B=0.1571 cycle=0.0720 idt=0.0570 gnorm=19.976 dnorm=7.008 nan=0
2026-10-04 07:43:24,943 epoch=156 step=1900 loss_G=2.7604 loss_D_A=0.1799 loss_D_B=0.1364 cycle=0.0981 idt=0.0774 gnorm=30.557 dnorm=6.932 nan=0
2026-10-04 07:43:40,245 epoch=156 step=2000 loss_G=1.8892 loss_D_A=0.1977 loss_D_B=0.1598 cycle=0.0717 idt=0.0493 gnorm=34.356 dnorm=8.205 nan=0
2026-10-04 07:43:55,476 epoch=156 step=2100 loss_G=1.7565 loss_D_A=0.0784 loss_D_B=0.2071 cycle=0.0850 idt=0.0437 gnorm=37.433 dnorm=10.080 nan=0
2026-10-04 07:44:10,639 epoch=156 step=2200 loss_G=2.9538 loss_D_A=0.0814 loss_D_B=0.0726 cycle=0.0783 idt=0.0507 gnorm=27.590 dnorm=4.320 nan=0
2026-10-04 07:44:25,985 epoch=156 step=2300 loss_G=2.3545 loss_D_A=0.2265 loss_D_B=0.1313 cycle=0.0948 idt=0.0634 gnorm=43.584 dnorm=7.473 nan=0
2026-10-04 07:44:41,356 epoch=156 step=2400 loss_G=2.0488 loss_D_A=0.0968 loss_D_B=0.2954 cycle=0.0822 idt=0.0405 gnorm=40.642 dnorm=11.668 nan=0
2026-10-04 07:44:56,297 epoch=156 step=2500 loss_G=2.1055 loss_D_A=0.3497 loss_D_B=0.2239 cycle=0.0980 idt=0.0526 gnorm=27.728 dnorm=8.631 nan=0
2026-10-04 07:45:11,081 epoch=156 step=2600 loss_G=2.0798 loss_D_A=0.1200 loss_D_B=0.0676 cycle=0.0901 idt=0.0824 gnorm=21.430 dnorm=5.785 nan=0
2026-10-04 07:45:26,378 epoch=156 step=2700 loss_G=2.2581 loss_D_A=0.0505 loss_D_B=0.1475 cycle=0.0825 idt=0.0589 gnorm=20.531 dnorm=3.981 nan=0
2026-10-04 07:45:41,474 epoch=156 step=2800 loss_G=2.7352 loss_D_A=0.0706 loss_D_B=0.0348 cycle=0.1796 idt=0.0789 gnorm=59.109 dnorm=4.580 nan=0
2026-10-04 07:45:56,831 epoch=156 step=2900 loss_G=1.6779 loss_D_A=0.3704 loss_D_B=0.0626 cycle=0.0863 idt=0.0684 gnorm=25.694 dnorm=9.402 nan=0
2026-10-04 07:46:12,259 epoch=156 step=3000 loss_G=2.9106 loss_D_A=0.0369 loss_D_B=0.1824 cycle=0.0913 idt=0.0345 gnorm=36.335 dnorm=8.876 nan=0
2026-10-04 07:46:27,384 epoch=156 step=3100 loss_G=1.8859 loss_D_A=0.1083 loss_D_B=0.1062 cycle=0.0855 idt=0.0691 gnorm=16.789 dnorm=5.776 nan=0
2026-10-04 07:46:42,520 epoch=156 step=3200 loss_G=1.5893 loss_D_A=0.2433 loss_D_B=0.1261 cycle=0.0804 idt=0.0633 gnorm=23.268 dnorm=6.239 nan=0
2026-10-04 07:46:57,529 epoch=156 step=3300 loss_G=1.8632 loss_D_A=0.1447 loss_D_B=0.0683 cycle=0.0810 idt=0.0395 gnorm=34.026 dnorm=7.106 nan=0
2026-10-04 07:47:12,897 epoch=156 step=3400 loss_G=2.8778 loss_D_A=0.1256 loss_D_B=0.1626 cycle=0.1060 idt=0.0661 gnorm=33.772 dnorm=5.710 nan=0
2026-10-04 07:47:28,047 epoch=156 step=3500 loss_G=1.6234 loss_D_A=0.0854 loss_D_B=0.3036 cycle=0.0669 idt=0.0440 gnorm=23.858 dnorm=9.003 nan=0
2026-10-04 07:47:42,613 epoch=156 step=3600 loss_G=2.5453 loss_D_A=0.1013 loss_D_B=0.1359 cycle=0.0873 idt=0.0587 gnorm=28.026 dnorm=4.905 nan=0
2026-10-04 07:47:57,963 epoch=156 step=3700 loss_G=2.2413 loss_D_A=0.2245 loss_D_B=0.0644 cycle=0.0785 idt=0.0703 gnorm=31.848 dnorm=7.836 nan=0
2026-10-04 07:48:13,384 epoch=156 step=3800 loss_G=2.3515 loss_D_A=0.1408 loss_D_B=0.2221 cycle=0.1075 idt=0.0629 gnorm=19.864 dnorm=6.393 nan=0
2026-10-04 07:48:28,755 epoch=156 step=3900 loss_G=1.9461 loss_D_A=0.1126 loss_D_B=0.2262 cycle=0.0848 idt=0.0530 gnorm=15.600 dnorm=7.150 nan=0
2026-10-04 07:48:44,142 epoch=156 step=4000 loss_G=2.5874 loss_D_A=0.0462 loss_D_B=0.0555 cycle=0.0902 idt=0.0481 gnorm=31.972 dnorm=4.585 nan=0
2026-10-04 07:48:59,572 epoch=156 step=4100 loss_G=2.3149 loss_D_A=0.1595 loss_D_B=0.1921 cycle=0.1031 idt=0.0468 gnorm=46.205 dnorm=7.978 nan=0
2026-10-04 07:49:14,750 epoch=156 step=4200 loss_G=2.3775 loss_D_A=0.1724 loss_D_B=0.1373 cycle=0.1017 idt=0.0684 gnorm=43.797 dnorm=7.581 nan=0
2026-10-04 07:49:30,166 epoch=156 step=4300 loss_G=2.2308 loss_D_A=0.0518 loss_D_B=0.1587 cycle=0.0791 idt=0.0551 gnorm=36.060 dnorm=4.747 nan=0
2026-10-04 07:49:45,495 epoch=156 step=4400 loss_G=1.3355 loss_D_A=0.1373 loss_D_B=0.2577 cycle=0.0777 idt=0.0526 gnorm=17.225 dnorm=8.079 nan=0
2026-10-04 07:50:00,802 epoch=156 step=4500 loss_G=2.5823 loss_D_A=0.1803 loss_D_B=0.1914 cycle=0.0745 idt=0.0490 gnorm=21.474 dnorm=6.200 nan=0
2026-10-04 07:50:16,026 epoch=156 step=4600 loss_G=2.2628 loss_D_A=0.1036 loss_D_B=0.3150 cycle=0.0720 idt=0.0470 gnorm=19.227 dnorm=10.216 nan=0
2026-10-04 07:50:31,443 epoch=156 step=4700 loss_G=2.8143 loss_D_A=0.0946 loss_D_B=0.1253 cycle=0.1229 idt=0.0730 gnorm=55.123 dnorm=7.349 nan=0
2026-10-04 07:50:46,489 epoch=156 step=4800 loss_G=2.8651 loss_D_A=0.2129 loss_D_B=0.1092 cycle=0.1064 idt=0.0621 gnorm=23.017 dnorm=8.856 nan=0
2026-10-04 07:51:01,836 epoch=156 step=4900 loss_G=1.6731 loss_D_A=0.2286 loss_D_B=0.1049 cycle=0.0716 idt=0.0486 gnorm=20.694 dnorm=7.038 nan=0
2026-10-04 07:51:17,258 epoch=156 step=5000 loss_G=2.1672 loss_D_A=0.1098 loss_D_B=0.1356 cycle=0.1036 idt=0.0987 gnorm=42.612 dnorm=6.005 nan=0
2026-10-04 07:51:32,588 epoch=156 step=5100 loss_G=2.3874 loss_D_A=0.0313 loss_D_B=0.4388 cycle=0.0892 idt=0.0408 gnorm=28.457 dnorm=17.687 nan=0
2026-10-04 07:51:48,016 epoch=156 step=5200 loss_G=2.8346 loss_D_A=0.0448 loss_D_B=0.1593 cycle=0.0992 idt=0.0653 gnorm=35.210 dnorm=5.693 nan=0
2026-10-04 07:52:03,383 epoch=156 step=5300 loss_G=1.7370 loss_D_A=0.0885 loss_D_B=0.1359 cycle=0.0929 idt=0.0543 gnorm=30.404 dnorm=5.651 nan=0
2026-10-04 07:52:18,691 epoch=156 step=5400 loss_G=2.1028 loss_D_A=0.0659 loss_D_B=0.1760 cycle=0.0852 idt=0.0702 gnorm=36.568 dnorm=6.402 nan=0
2026-10-04 07:52:34,018 epoch=156 step=5500 loss_G=1.4642 loss_D_A=0.3570 loss_D_B=0.2513 cycle=0.0777 idt=0.0565 gnorm=17.707 dnorm=8.898 nan=0
2026-10-04 07:52:48,341 epoch=156 step=5600 loss_G=2.2406 loss_D_A=0.1682 loss_D_B=0.0745 cycle=0.0731 idt=0.0505 gnorm=31.504 dnorm=7.699 nan=0
2026-10-04 07:53:03,496 epoch=156 step=5700 loss_G=1.8780 loss_D_A=0.2049 loss_D_B=0.1996 cycle=0.0657 idt=0.0585 gnorm=30.376 dnorm=9.000 nan=0
2026-10-04 07:53:18,887 epoch=156 step=5800 loss_G=2.2549 loss_D_A=0.1851 loss_D_B=0.1676 cycle=0.0888 idt=0.0554 gnorm=25.438 dnorm=7.218 nan=0
2026-10-04 07:53:34,213 epoch=156 step=5900 loss_G=1.7381 loss_D_A=0.2202 loss_D_B=0.1395 cycle=0.0757 idt=0.0466 gnorm=21.133 dnorm=9.448 nan=0
2026-10-04 07:53:49,488 epoch=156 step=6000 loss_G=2.0821 loss_D_A=0.2089 loss_D_B=0.2155 cycle=0.0956 idt=0.0808 gnorm=21.717 dnorm=7.159 nan=0
2026-10-04 07:54:04,875 epoch=156 step=6100 loss_G=1.5102 loss_D_A=0.1091 loss_D_B=0.0379 cycle=0.0799 idt=0.0560 gnorm=33.414 dnorm=4.422 nan=0
2026-10-04 07:54:20,188 epoch=156 step=6200 loss_G=1.7705 loss_D_A=0.0928 loss_D_B=0.2235 cycle=0.0807 idt=0.0609 gnorm=35.641 dnorm=8.778 nan=0
2026-10-04 07:54:35,429 epoch=156 step=6300 loss_G=2.0508 loss_D_A=0.2110 loss_D_B=0.2069 cycle=0.0795 idt=0.0752 gnorm=27.310 dnorm=9.382 nan=0
2026-10-04 07:54:50,759 epoch=156 step=6400 loss_G=1.8187 loss_D_A=0.2500 loss_D_B=0.2574 cycle=0.0740 idt=0.0550 gnorm=18.604 dnorm=8.193 nan=0
2026-10-04 07:54:56,534 epoch_mean={'g': 2.148822027172647, 'd_a': 0.1569204197125466, 'd_b': 0.16708431854200645, 'cycle': 0.08593080680019999, 'identity': 0.06025628015542482, 'epoch': 156}
2026-10-04 07:54:57,150 epoch=157 step=1 loss_G=1.5448 loss_D_A=0.1027 loss_D_B=0.2216 cycle=0.0473 idt=0.0308 gnorm=14.520 dnorm=10.953 nan=0
2026-10-04 07:55:12,377 epoch=157 step=100 loss_G=2.2871 loss_D_A=0.2422 loss_D_B=0.1107 cycle=0.1028 idt=0.0795 gnorm=48.452 dnorm=5.897 nan=0
2026-10-04 07:55:27,590 epoch=157 step=200 loss_G=2.1387 loss_D_A=0.2233 loss_D_B=0.1740 cycle=0.1105 idt=0.0720 gnorm=33.530 dnorm=6.479 nan=0
2026-10-04 07:55:42,597 epoch=157 step=300 loss_G=2.3986 loss_D_A=0.2063 loss_D_B=0.1228 cycle=0.0786 idt=0.0515 gnorm=33.989 dnorm=5.931 nan=0
2026-10-04 07:55:57,907 epoch=157 step=400 loss_G=1.7052 loss_D_A=0.4164 loss_D_B=0.1644 cycle=0.0706 idt=0.0591 gnorm=20.680 dnorm=8.773 nan=0
2026-10-04 07:56:13,003 epoch=157 step=500 loss_G=1.7974 loss_D_A=0.0447 loss_D_B=0.2671 cycle=0.0821 idt=0.0560 gnorm=32.300 dnorm=8.477 nan=0
2026-10-04 07:56:28,118 epoch=157 step=600 loss_G=2.2509 loss_D_A=0.0802 loss_D_B=0.0746 cycle=0.0979 idt=0.0820 gnorm=20.653 dnorm=4.270 nan=0
2026-10-04 07:56:43,203 epoch=157 step=700 loss_G=1.2530 loss_D_A=0.3313 loss_D_B=0.1341 cycle=0.0655 idt=0.0417 gnorm=24.042 dnorm=7.058 nan=0
2026-10-04 07:56:58,504 epoch=157 step=800 loss_G=2.2980 loss_D_A=0.1735 loss_D_B=0.0794 cycle=0.0763 idt=0.0635 gnorm=25.625 dnorm=6.673 nan=0
2026-10-04 07:57:13,751 epoch=157 step=900 loss_G=1.9652 loss_D_A=0.0628 loss_D_B=0.2127 cycle=0.0866 idt=0.0754 gnorm=24.672 dnorm=5.683 nan=0
2026-10-04 07:57:29,138 epoch=157 step=1000 loss_G=2.1813 loss_D_A=0.4810 loss_D_B=0.1648 cycle=0.1193 idt=0.1159 gnorm=42.336 dnorm=13.895 nan=0
2026-10-04 07:57:44,445 epoch=157 step=1100 loss_G=2.4320 loss_D_A=0.0860 loss_D_B=0.1472 cycle=0.0859 idt=0.1177 gnorm=29.306 dnorm=4.428 nan=0
2026-10-04 07:57:59,207 epoch=157 step=1200 loss_G=1.6611 loss_D_A=0.1367 loss_D_B=0.3984 cycle=0.0798 idt=0.0568 gnorm=26.975 dnorm=11.391 nan=0
2026-10-04 07:58:14,534 epoch=157 step=1300 loss_G=1.8689 loss_D_A=0.1572 loss_D_B=0.1084 cycle=0.0732 idt=0.0479 gnorm=32.933 dnorm=7.064 nan=0
2026-10-04 07:58:29,559 epoch=157 step=1400 loss_G=2.0211 loss_D_A=0.1206 loss_D_B=0.0616 cycle=0.0780 idt=0.0506 gnorm=13.419 dnorm=4.407 nan=0
2026-10-04 07:58:44,809 epoch=157 step=1500 loss_G=2.3165 loss_D_A=0.1516 loss_D_B=0.0907 cycle=0.0859 idt=0.0502 gnorm=24.392 dnorm=8.552 nan=0
2026-10-04 07:59:00,042 epoch=157 step=1600 loss_G=1.6066 loss_D_A=0.1238 loss_D_B=0.1295 cycle=0.0700 idt=0.0517 gnorm=27.188 dnorm=5.973 nan=0
2026-10-04 07:59:15,073 epoch=157 step=1700 loss_G=1.5905 loss_D_A=0.0310 loss_D_B=0.2091 cycle=0.0666 idt=0.0600 gnorm=24.097 dnorm=7.327 nan=0
2026-10-04 07:59:30,333 epoch=157 step=1800 loss_G=2.2520 loss_D_A=0.0458 loss_D_B=0.1687 cycle=0.0902 idt=0.0574 gnorm=37.982 dnorm=6.961 nan=0
2026-10-04 07:59:45,619 epoch=157 step=1900 loss_G=2.5339 loss_D_A=0.0343 loss_D_B=0.1142 cycle=0.0899 idt=0.0566 gnorm=29.205 dnorm=4.104 nan=0
2026-10-04 08:00:00,950 epoch=157 step=2000 loss_G=1.8389 loss_D_A=0.1409 loss_D_B=0.1971 cycle=0.0776 idt=0.0551 gnorm=30.623 dnorm=8.076 nan=0
2026-10-04 08:00:16,229 epoch=157 step=2100 loss_G=2.6781 loss_D_A=0.0648 loss_D_B=0.2007 cycle=0.0809 idt=0.0752 gnorm=38.163 dnorm=5.298 nan=0
2026-10-04 08:00:31,522 epoch=157 step=2200 loss_G=2.2233 loss_D_A=0.1439 loss_D_B=0.1753 cycle=0.0843 idt=0.0534 gnorm=29.480 dnorm=10.311 nan=0
2026-10-04 08:00:46,824 epoch=157 step=2300 loss_G=2.1505 loss_D_A=0.1583 loss_D_B=0.2278 cycle=0.0696 idt=0.0587 gnorm=26.987 dnorm=8.653 nan=0
2026-10-04 08:01:02,122 epoch=157 step=2400 loss_G=1.9547 loss_D_A=0.1121 loss_D_B=0.1236 cycle=0.0720 idt=0.0432 gnorm=14.217 dnorm=5.843 nan=0
2026-10-04 08:01:17,543 epoch=157 step=2500 loss_G=2.2155 loss_D_A=0.1727 loss_D_B=0.5009 cycle=0.0822 idt=0.0510 gnorm=17.887 dnorm=10.656 nan=0
2026-10-04 08:01:32,870 epoch=157 step=2600 loss_G=2.1581 loss_D_A=0.1340 loss_D_B=0.0841 cycle=0.0710 idt=0.0450 gnorm=23.930 dnorm=5.954 nan=0
2026-10-04 08:01:48,177 epoch=157 step=2700 loss_G=2.8532 loss_D_A=0.1320 loss_D_B=0.2214 cycle=0.1282 idt=0.0930 gnorm=26.646 dnorm=6.650 nan=0
2026-10-04 08:02:02,964 epoch=157 step=2800 loss_G=1.9178 loss_D_A=0.2133 loss_D_B=0.0821 cycle=0.0694 idt=0.0517 gnorm=16.101 dnorm=5.913 nan=0
2026-10-04 08:02:18,348 epoch=157 step=2900 loss_G=1.5305 loss_D_A=0.0835 loss_D_B=0.0965 cycle=0.0681 idt=0.0435 gnorm=32.545 dnorm=4.574 nan=0
2026-10-04 08:02:33,516 epoch=157 step=3000 loss_G=2.2476 loss_D_A=0.1746 loss_D_B=0.1356 cycle=0.1145 idt=0.0661 gnorm=30.286 dnorm=6.407 nan=0
2026-10-04 08:02:48,589 epoch=157 step=3100 loss_G=1.9894 loss_D_A=0.1455 loss_D_B=0.1631 cycle=0.0641 idt=0.0569 gnorm=19.606 dnorm=8.523 nan=0
2026-10-04 08:03:03,968 epoch=157 step=3200 loss_G=2.3889 loss_D_A=0.1372 loss_D_B=0.3622 cycle=0.1160 idt=0.1129 gnorm=38.973 dnorm=12.172 nan=0
2026-10-04 08:03:19,256 epoch=157 step=3300 loss_G=2.3928 loss_D_A=0.0717 loss_D_B=0.0752 cycle=0.0733 idt=0.0466 gnorm=28.663 dnorm=5.853 nan=0
2026-10-04 08:03:34,595 epoch=157 step=3400 loss_G=1.8448 loss_D_A=0.2535 loss_D_B=0.2143 cycle=0.0795 idt=0.0675 gnorm=21.461 dnorm=8.871 nan=0
2026-10-04 08:03:49,900 epoch=157 step=3500 loss_G=2.2084 loss_D_A=0.1090 loss_D_B=0.2622 cycle=0.0971 idt=0.0536 gnorm=21.889 dnorm=12.078 nan=0
2026-10-04 08:04:04,832 epoch=157 step=3600 loss_G=1.4361 loss_D_A=0.3587 loss_D_B=0.2440 cycle=0.0640 idt=0.0438 gnorm=24.273 dnorm=8.744 nan=0
2026-10-04 08:04:20,162 epoch=157 step=3700 loss_G=2.3739 loss_D_A=0.0459 loss_D_B=0.1457 cycle=0.0951 idt=0.0595 gnorm=47.149 dnorm=11.042 nan=0
2026-10-04 08:04:35,534 epoch=157 step=3800 loss_G=1.5910 loss_D_A=0.1369 loss_D_B=0.1585 cycle=0.0772 idt=0.0531 gnorm=23.671 dnorm=6.646 nan=0
2026-10-04 08:04:50,846 epoch=157 step=3900 loss_G=2.5220 loss_D_A=0.0547 loss_D_B=0.0793 cycle=0.0899 idt=0.0888 gnorm=32.488 dnorm=5.087 nan=0
2026-10-04 08:05:06,125 epoch=157 step=4000 loss_G=2.1947 loss_D_A=0.0742 loss_D_B=0.0766 cycle=0.1050 idt=0.0820 gnorm=43.323 dnorm=6.927 nan=0
2026-10-04 08:05:21,474 epoch=157 step=4100 loss_G=2.4461 loss_D_A=0.0780 loss_D_B=0.0571 cycle=0.0818 idt=0.0609 gnorm=30.158 dnorm=4.505 nan=0
2026-10-04 08:05:36,766 epoch=157 step=4200 loss_G=1.9196 loss_D_A=0.2448 loss_D_B=0.2622 cycle=0.0740 idt=0.0443 gnorm=27.490 dnorm=9.592 nan=0
2026-10-04 08:05:52,004 epoch=157 step=4300 loss_G=3.0170 loss_D_A=0.1332 loss_D_B=0.2762 cycle=0.0935 idt=0.0596 gnorm=19.492 dnorm=8.335 nan=0
2026-10-04 08:06:07,296 epoch=157 step=4400 loss_G=2.2449 loss_D_A=0.1039 loss_D_B=0.1298 cycle=0.0854 idt=0.0542 gnorm=37.640 dnorm=6.515 nan=0
2026-10-04 08:06:22,597 epoch=157 step=4500 loss_G=2.0271 loss_D_A=0.0698 loss_D_B=0.1884 cycle=0.0768 idt=0.0400 gnorm=25.401 dnorm=6.468 nan=0
2026-10-04 08:06:37,854 epoch=157 step=4600 loss_G=1.9258 loss_D_A=0.1020 loss_D_B=0.0518 cycle=0.0696 idt=0.0519 gnorm=28.244 dnorm=5.018 nan=0
2026-10-04 08:06:53,146 epoch=157 step=4700 loss_G=2.1409 loss_D_A=0.1112 loss_D_B=0.1337 cycle=0.0730 idt=0.0609 gnorm=28.516 dnorm=5.256 nan=0
2026-10-04 08:07:08,145 epoch=157 step=4800 loss_G=2.4906 loss_D_A=0.3157 loss_D_B=0.1476 cycle=0.1068 idt=0.0824 gnorm=21.109 dnorm=9.046 nan=0
2026-10-04 08:07:23,053 epoch=157 step=4900 loss_G=1.9217 loss_D_A=0.1546 loss_D_B=0.2052 cycle=0.0729 idt=0.0438 gnorm=18.304 dnorm=10.103 nan=0
2026-10-04 08:07:38,181 epoch=157 step=5000 loss_G=2.1467 loss_D_A=0.3485 loss_D_B=0.2016 cycle=0.0845 idt=0.0392 gnorm=28.228 dnorm=11.766 nan=0
2026-10-04 08:07:53,441 epoch=157 step=5100 loss_G=1.9880 loss_D_A=0.1037 loss_D_B=0.1002 cycle=0.0785 idt=0.0609 gnorm=29.509 dnorm=4.638 nan=0
2026-10-04 08:08:08,732 epoch=157 step=5200 loss_G=2.2730 loss_D_A=0.0498 loss_D_B=0.0975 cycle=0.0857 idt=0.0468 gnorm=34.664 dnorm=3.880 nan=0
2026-10-04 08:08:23,523 epoch=157 step=5300 loss_G=2.0901 loss_D_A=0.0735 loss_D_B=0.1367 cycle=0.0865 idt=0.0522 gnorm=32.433 dnorm=7.200 nan=0
2026-10-04 08:08:38,801 epoch=157 step=5400 loss_G=1.9303 loss_D_A=0.1369 loss_D_B=0.1479 cycle=0.0849 idt=0.0727 gnorm=33.278 dnorm=6.513 nan=0
2026-10-04 08:08:54,087 epoch=157 step=5500 loss_G=2.6353 loss_D_A=0.1899 loss_D_B=0.2583 cycle=0.1079 idt=0.0901 gnorm=41.797 dnorm=8.596 nan=0
2026-10-04 08:09:09,445 epoch=157 step=5600 loss_G=2.0721 loss_D_A=0.2935 loss_D_B=0.0848 cycle=0.0792 idt=0.0546 gnorm=23.614 dnorm=7.921 nan=0
2026-10-04 08:09:24,758 epoch=157 step=5700 loss_G=1.5971 loss_D_A=0.2069 loss_D_B=0.0738 cycle=0.0750 idt=0.0559 gnorm=14.208 dnorm=6.144 nan=0
2026-10-04 08:09:40,031 epoch=157 step=5800 loss_G=1.8723 loss_D_A=0.0773 loss_D_B=0.0670 cycle=0.0715 idt=0.0468 gnorm=21.192 dnorm=5.921 nan=0
2026-10-04 08:09:55,337 epoch=157 step=5900 loss_G=2.2545 loss_D_A=0.1797 loss_D_B=0.1054 cycle=0.0820 idt=0.0760 gnorm=29.920 dnorm=8.154 nan=0
2026-10-04 08:10:10,680 epoch=157 step=6000 loss_G=2.4817 loss_D_A=0.0756 loss_D_B=0.0853 cycle=0.1140 idt=0.1250 gnorm=43.375 dnorm=6.214 nan=0
2026-10-04 08:10:25,953 epoch=157 step=6100 loss_G=2.3499 loss_D_A=0.1169 loss_D_B=0.2806 cycle=0.1022 idt=0.0740 gnorm=23.536 dnorm=7.420 nan=0
2026-10-04 08:10:41,253 epoch=157 step=6200 loss_G=2.6862 loss_D_A=0.0520 loss_D_B=0.1172 cycle=0.1101 idt=0.0685 gnorm=39.478 dnorm=6.819 nan=0
2026-10-04 08:10:56,593 epoch=157 step=6300 loss_G=2.2762 loss_D_A=0.3376 loss_D_B=0.0223 cycle=0.0860 idt=0.0520 gnorm=39.805 dnorm=10.377 nan=0
2026-10-04 08:11:11,826 epoch=157 step=6400 loss_G=2.2973 loss_D_A=0.1322 loss_D_B=0.1581 cycle=0.0714 idt=0.0502 gnorm=28.364 dnorm=7.178 nan=0
2026-10-04 08:11:17,657 epoch_mean={'g': 2.136213783152765, 'd_a': 0.15691558468152958, 'd_b': 0.16706863787278659, 'cycle': 0.08502175460583158, 'identity': 0.0596586276596842, 'epoch': 157}
2026-10-04 08:11:18,260 epoch=158 step=1 loss_G=1.7891 loss_D_A=0.1906 loss_D_B=0.2033 cycle=0.0766 idt=0.0484 gnorm=25.360 dnorm=9.617 nan=0
2026-10-04 08:11:33,422 epoch=158 step=100 loss_G=1.9810 loss_D_A=0.0708 loss_D_B=0.0834 cycle=0.0828 idt=0.0518 gnorm=26.463 dnorm=6.286 nan=0
2026-10-04 08:11:48,654 epoch=158 step=200 loss_G=2.1757 loss_D_A=0.0492 loss_D_B=0.2241 cycle=0.1098 idt=0.0603 gnorm=42.432 dnorm=5.850 nan=0
2026-10-04 08:12:03,968 epoch=158 step=300 loss_G=1.8299 loss_D_A=0.1895 loss_D_B=0.1088 cycle=0.0794 idt=0.0422 gnorm=30.686 dnorm=7.454 nan=0
2026-10-04 08:12:19,259 epoch=158 step=400 loss_G=1.7316 loss_D_A=0.0531 loss_D_B=0.1365 cycle=0.0745 idt=0.0413 gnorm=23.315 dnorm=4.665 nan=0
2026-10-04 08:12:34,615 epoch=158 step=500 loss_G=1.9438 loss_D_A=0.2070 loss_D_B=0.1127 cycle=0.0856 idt=0.0583 gnorm=25.431 dnorm=7.487 nan=0
2026-10-04 08:12:49,927 epoch=158 step=600 loss_G=1.9259 loss_D_A=0.2473 loss_D_B=0.0388 cycle=0.0806 idt=0.0426 gnorm=36.172 dnorm=5.550 nan=0
2026-10-04 08:13:05,159 epoch=158 step=700 loss_G=1.7941 loss_D_A=0.2494 loss_D_B=0.1602 cycle=0.0977 idt=0.0717 gnorm=25.685 dnorm=9.284 nan=0
2026-10-04 08:13:20,437 epoch=158 step=800 loss_G=2.4788 loss_D_A=0.0583 loss_D_B=0.2071 cycle=0.0762 idt=0.0585 gnorm=16.298 dnorm=9.994 nan=0
2026-10-04 08:13:35,771 epoch=158 step=900 loss_G=3.0949 loss_D_A=0.0969 loss_D_B=0.2059 cycle=0.1048 idt=0.0706 gnorm=24.416 dnorm=7.545 nan=0
2026-10-04 08:13:51,048 epoch=158 step=1000 loss_G=2.3706 loss_D_A=0.1065 loss_D_B=0.1621 cycle=0.0825 idt=0.0483 gnorm=28.422 dnorm=6.088 nan=0
2026-10-04 08:14:06,168 epoch=158 step=1100 loss_G=2.3499 loss_D_A=0.0784 loss_D_B=0.0955 cycle=0.0922 idt=0.0614 gnorm=34.372 dnorm=3.737 nan=0
2026-10-04 08:14:21,194 epoch=158 step=1200 loss_G=2.8389 loss_D_A=0.0860 loss_D_B=0.1336 cycle=0.1068 idt=0.0753 gnorm=23.599 dnorm=4.527 nan=0
2026-10-04 08:14:36,491 epoch=158 step=1300 loss_G=1.9146 loss_D_A=0.2155 loss_D_B=0.1140 cycle=0.0744 idt=0.0556 gnorm=35.632 dnorm=6.118 nan=0
2026-10-04 08:14:51,734 epoch=158 step=1400 loss_G=1.6626 loss_D_A=0.1387 loss_D_B=0.2858 cycle=0.0767 idt=0.0502 gnorm=13.656 dnorm=9.901 nan=0
2026-10-04 08:15:07,099 epoch=158 step=1500 loss_G=2.4287 loss_D_A=0.0576 loss_D_B=0.1440 cycle=0.1190 idt=0.0902 gnorm=42.966 dnorm=5.626 nan=0
2026-10-04 08:15:22,407 epoch=158 step=1600 loss_G=2.0021 loss_D_A=0.0808 loss_D_B=0.2848 cycle=0.0718 idt=0.0477 gnorm=26.020 dnorm=6.723 nan=0
2026-10-04 08:15:37,669 epoch=158 step=1700 loss_G=1.4327 loss_D_A=0.1909 loss_D_B=0.1949 cycle=0.0804 idt=0.0441 gnorm=29.726 dnorm=6.825 nan=0
2026-10-04 08:15:52,983 epoch=158 step=1800 loss_G=1.5798 loss_D_A=0.1056 loss_D_B=0.1814 cycle=0.0681 idt=0.0521 gnorm=21.171 dnorm=7.625 nan=0
2026-10-04 08:16:08,329 epoch=158 step=1900 loss_G=2.2451 loss_D_A=0.1372 loss_D_B=0.1168 cycle=0.0590 idt=0.0491 gnorm=23.867 dnorm=7.971 nan=0
2026-10-04 08:16:23,614 epoch=158 step=2000 loss_G=2.7741 loss_D_A=0.0823 loss_D_B=0.1468 cycle=0.1007 idt=0.0692 gnorm=25.252 dnorm=5.183 nan=0
2026-10-04 08:16:38,958 epoch=158 step=2100 loss_G=2.2656 loss_D_A=0.2679 loss_D_B=0.1438 cycle=0.0746 idt=0.0489 gnorm=20.286 dnorm=7.722 nan=0
2026-10-04 08:16:54,286 epoch=158 step=2200 loss_G=2.3872 loss_D_A=0.0760 loss_D_B=0.1727 cycle=0.0776 idt=0.0522 gnorm=26.181 dnorm=6.455 nan=0
2026-10-04 08:17:09,558 epoch=158 step=2300 loss_G=1.3858 loss_D_A=0.1623 loss_D_B=0.1022 cycle=0.0707 idt=0.0416 gnorm=16.892 dnorm=5.771 nan=0
2026-10-04 08:17:24,909 epoch=158 step=2400 loss_G=1.9549 loss_D_A=0.0965 loss_D_B=0.1270 cycle=0.0683 idt=0.0423 gnorm=26.639 dnorm=5.691 nan=0
2026-10-04 08:17:40,203 epoch=158 step=2500 loss_G=1.9831 loss_D_A=0.0509 loss_D_B=0.2094 cycle=0.0891 idt=0.0468 gnorm=43.968 dnorm=5.791 nan=0
2026-10-04 08:17:55,239 epoch=158 step=2600 loss_G=1.9698 loss_D_A=0.2695 loss_D_B=0.1169 cycle=0.0852 idt=0.0657 gnorm=41.480 dnorm=12.869 nan=0
2026-10-04 08:18:10,414 epoch=158 step=2700 loss_G=2.9853 loss_D_A=0.1044 loss_D_B=0.2251 cycle=0.0923 idt=0.0680 gnorm=31.444 dnorm=7.398 nan=0
2026-10-04 08:18:25,781 epoch=158 step=2800 loss_G=1.5932 loss_D_A=0.2125 loss_D_B=0.1582 cycle=0.0786 idt=0.0436 gnorm=23.507 dnorm=9.125 nan=0
2026-10-04 08:18:40,825 epoch=158 step=2900 loss_G=1.6763 loss_D_A=0.1732 loss_D_B=0.1299 cycle=0.0710 idt=0.0541 gnorm=22.221 dnorm=11.705 nan=0
2026-10-04 08:18:56,147 epoch=158 step=3000 loss_G=1.7587 loss_D_A=0.0902 loss_D_B=0.1577 cycle=0.0680 idt=0.0512 gnorm=24.951 dnorm=5.599 nan=0
2026-10-04 08:19:11,456 epoch=158 step=3100 loss_G=1.5264 loss_D_A=0.0506 loss_D_B=0.1270 cycle=0.0678 idt=0.0457 gnorm=26.887 dnorm=6.931 nan=0
2026-10-04 08:19:26,343 epoch=158 step=3200 loss_G=1.8771 loss_D_A=0.2347 loss_D_B=0.1942 cycle=0.0746 idt=0.0460 gnorm=19.220 dnorm=7.230 nan=0
2026-10-04 08:19:41,728 epoch=158 step=3300 loss_G=2.0219 loss_D_A=0.0589 loss_D_B=0.1361 cycle=0.0730 idt=0.0446 gnorm=33.517 dnorm=5.121 nan=0
2026-10-04 08:19:57,048 epoch=158 step=3400 loss_G=2.1454 loss_D_A=0.2778 loss_D_B=0.0361 cycle=0.0688 idt=0.0582 gnorm=26.153 dnorm=6.691 nan=0
2026-10-04 08:20:11,746 epoch=158 step=3500 loss_G=2.2193 loss_D_A=0.1031 loss_D_B=0.2000 cycle=0.0814 idt=0.0497 gnorm=21.474 dnorm=5.739 nan=0
2026-10-04 08:20:27,024 epoch=158 step=3600 loss_G=2.0623 loss_D_A=0.1625 loss_D_B=0.1965 cycle=0.0734 idt=0.0541 gnorm=32.757 dnorm=6.870 nan=0
2026-10-04 08:20:42,346 epoch=158 step=3700 loss_G=1.9857 loss_D_A=0.3011 loss_D_B=0.1706 cycle=0.0867 idt=0.0614 gnorm=41.181 dnorm=8.269 nan=0
2026-10-04 08:20:57,383 epoch=158 step=3800 loss_G=2.0764 loss_D_A=0.0840 loss_D_B=0.1234 cycle=0.0629 idt=0.0407 gnorm=25.595 dnorm=5.530 nan=0
2026-10-04 08:21:12,725 epoch=158 step=3900 loss_G=2.1479 loss_D_A=0.1510 loss_D_B=0.2054 cycle=0.0724 idt=0.0426 gnorm=34.497 dnorm=11.044 nan=0
2026-10-04 08:21:27,943 epoch=158 step=4000 loss_G=1.8492 loss_D_A=0.0738 loss_D_B=0.2899 cycle=0.0714 idt=0.0532 gnorm=20.125 dnorm=15.461 nan=0
2026-10-04 08:21:43,142 epoch=158 step=4100 loss_G=1.9929 loss_D_A=0.2378 loss_D_B=0.1646 cycle=0.0804 idt=0.0565 gnorm=18.226 dnorm=13.739 nan=0
2026-10-04 08:21:58,482 epoch=158 step=4200 loss_G=2.4760 loss_D_A=0.0980 loss_D_B=0.0966 cycle=0.0861 idt=0.0660 gnorm=44.392 dnorm=6.049 nan=0
2026-10-04 08:22:13,844 epoch=158 step=4300 loss_G=1.9149 loss_D_A=0.1350 loss_D_B=0.1862 cycle=0.0692 idt=0.0401 gnorm=29.179 dnorm=10.782 nan=0
2026-10-04 08:22:29,147 epoch=158 step=4400 loss_G=2.2860 loss_D_A=0.1439 loss_D_B=0.1536 cycle=0.0857 idt=0.0452 gnorm=19.283 dnorm=6.012 nan=0
2026-10-04 08:22:44,365 epoch=158 step=4500 loss_G=2.0415 loss_D_A=0.2529 loss_D_B=0.2996 cycle=0.0833 idt=0.0549 gnorm=36.896 dnorm=11.254 nan=0
2026-10-04 08:22:59,772 epoch=158 step=4600 loss_G=2.2522 loss_D_A=0.0728 loss_D_B=0.0378 cycle=0.0739 idt=0.0444 gnorm=26.505 dnorm=2.995 nan=0
2026-10-04 08:23:15,084 epoch=158 step=4700 loss_G=2.5019 loss_D_A=0.1835 loss_D_B=0.1133 cycle=0.0818 idt=0.0672 gnorm=29.122 dnorm=8.935 nan=0
2026-10-04 08:23:30,197 epoch=158 step=4800 loss_G=2.4072 loss_D_A=0.0429 loss_D_B=0.4013 cycle=0.1009 idt=0.0755 gnorm=35.779 dnorm=7.974 nan=0
2026-10-04 08:23:45,538 epoch=158 step=4900 loss_G=2.2980 loss_D_A=0.1228 loss_D_B=0.2201 cycle=0.1023 idt=0.0692 gnorm=34.005 dnorm=6.755 nan=0
2026-10-04 08:24:00,843 epoch=158 step=5000 loss_G=2.4857 loss_D_A=0.1390 loss_D_B=0.0816 cycle=0.0977 idt=0.0909 gnorm=33.652 dnorm=6.304 nan=0
2026-10-04 08:24:16,168 epoch=158 step=5100 loss_G=2.0544 loss_D_A=0.0988 loss_D_B=0.0978 cycle=0.0805 idt=0.0495 gnorm=25.804 dnorm=7.012 nan=0
2026-10-04 08:24:31,416 epoch=158 step=5200 loss_G=2.9180 loss_D_A=0.2741 loss_D_B=0.1193 cycle=0.0970 idt=0.0592 gnorm=27.094 dnorm=6.478 nan=0
2026-10-04 08:24:46,694 epoch=158 step=5300 loss_G=1.8646 loss_D_A=0.1525 loss_D_B=0.1821 cycle=0.0754 idt=0.0429 gnorm=29.301 dnorm=8.828 nan=0
2026-10-04 08:25:01,816 epoch=158 step=5400 loss_G=2.6295 loss_D_A=0.1197 loss_D_B=0.0852 cycle=0.0875 idt=0.0479 gnorm=25.788 dnorm=4.858 nan=0
2026-10-04 08:25:17,140 epoch=158 step=5500 loss_G=3.2839 loss_D_A=0.0487 loss_D_B=0.0706 cycle=0.0914 idt=0.0672 gnorm=32.409 dnorm=3.639 nan=0
2026-10-04 08:25:32,438 epoch=158 step=5600 loss_G=2.1368 loss_D_A=0.1235 loss_D_B=0.1115 cycle=0.1005 idt=0.0403 gnorm=39.342 dnorm=7.351 nan=0
2026-10-04 08:25:47,756 epoch=158 step=5700 loss_G=2.1251 loss_D_A=0.0881 loss_D_B=0.2787 cycle=0.0771 idt=0.0514 gnorm=29.143 dnorm=8.862 nan=0
2026-10-04 08:26:03,116 epoch=158 step=5800 loss_G=3.0691 loss_D_A=0.1197 loss_D_B=0.2029 cycle=0.0970 idt=0.0922 gnorm=54.041 dnorm=7.222 nan=0
2026-10-04 08:26:18,351 epoch=158 step=5900 loss_G=2.7779 loss_D_A=0.2355 loss_D_B=0.2131 cycle=0.0941 idt=0.1947 gnorm=43.324 dnorm=11.104 nan=0
2026-10-04 08:26:33,679 epoch=158 step=6000 loss_G=1.4651 loss_D_A=0.1749 loss_D_B=0.1143 cycle=0.0674 idt=0.0529 gnorm=21.635 dnorm=10.196 nan=0
2026-10-04 08:26:49,036 epoch=158 step=6100 loss_G=1.7660 loss_D_A=0.1393 loss_D_B=0.3331 cycle=0.0671 idt=0.0499 gnorm=30.077 dnorm=9.071 nan=0
2026-10-04 08:27:04,301 epoch=158 step=6200 loss_G=1.8622 loss_D_A=0.0562 loss_D_B=0.2872 cycle=0.0804 idt=0.0455 gnorm=23.283 dnorm=14.208 nan=0
2026-10-04 08:27:19,583 epoch=158 step=6300 loss_G=2.5210 loss_D_A=0.0488 loss_D_B=0.0707 cycle=0.0939 idt=0.0779 gnorm=40.525 dnorm=4.142 nan=0
2026-10-04 08:27:34,992 epoch=158 step=6400 loss_G=2.3239 loss_D_A=0.2616 loss_D_B=0.2274 cycle=0.0827 idt=0.0608 gnorm=34.789 dnorm=8.707 nan=0
2026-10-04 08:27:40,761 epoch_mean={'g': 2.1229778573023452, 'd_a': 0.1556514800428122, 'd_b': 0.16673530514620225, 'cycle': 0.0843386405667521, 'identity': 0.058470214957515435, 'epoch': 158}
2026-10-04 08:27:41,349 epoch=159 step=1 loss_G=2.4524 loss_D_A=0.0936 loss_D_B=0.1943 cycle=0.1000 idt=0.0626 gnorm=30.790 dnorm=9.811 nan=0
2026-10-04 08:27:56,543 epoch=159 step=100 loss_G=2.0580 loss_D_A=0.0907 loss_D_B=0.2218 cycle=0.0976 idt=0.0677 gnorm=31.901 dnorm=6.996 nan=0
2026-10-04 08:28:11,824 epoch=159 step=200 loss_G=2.2886 loss_D_A=0.1387 loss_D_B=0.1521 cycle=0.0728 idt=0.0756 gnorm=33.538 dnorm=6.097 nan=0
2026-10-04 08:28:27,157 epoch=159 step=300 loss_G=2.0804 loss_D_A=0.2880 loss_D_B=0.1402 cycle=0.0854 idt=0.0644 gnorm=36.823 dnorm=11.137 nan=0
2026-10-04 08:28:42,509 epoch=159 step=400 loss_G=1.4822 loss_D_A=0.1099 loss_D_B=0.1669 cycle=0.0739 idt=0.0522 gnorm=28.012 dnorm=5.804 nan=0
2026-10-04 08:28:57,801 epoch=159 step=500 loss_G=1.8871 loss_D_A=0.0984 loss_D_B=0.1632 cycle=0.0546 idt=0.0358 gnorm=19.686 dnorm=15.734 nan=0
2026-10-04 08:29:13,053 epoch=159 step=600 loss_G=2.2996 loss_D_A=0.1422 loss_D_B=0.0912 cycle=0.0709 idt=0.0709 gnorm=28.476 dnorm=6.835 nan=0
2026-10-04 08:29:28,437 epoch=159 step=700 loss_G=1.5527 loss_D_A=0.2236 loss_D_B=0.0595 cycle=0.0903 idt=0.0594 gnorm=18.850 dnorm=5.186 nan=0
2026-10-04 08:29:43,219 epoch=159 step=800 loss_G=1.8101 loss_D_A=0.1867 loss_D_B=0.0823 cycle=0.0819 idt=0.0540 gnorm=35.248 dnorm=4.787 nan=0
2026-10-04 08:29:58,495 epoch=159 step=900 loss_G=2.0815 loss_D_A=0.1089 loss_D_B=0.2561 cycle=0.0783 idt=0.0518 gnorm=19.404 dnorm=6.769 nan=0
2026-10-04 08:30:13,882 epoch=159 step=1000 loss_G=2.1167 loss_D_A=0.2614 loss_D_B=0.1374 cycle=0.0737 idt=0.0445 gnorm=28.491 dnorm=8.542 nan=0
2026-10-04 08:30:29,161 epoch=159 step=1100 loss_G=1.6954 loss_D_A=0.0964 loss_D_B=0.1073 cycle=0.0608 idt=0.0410 gnorm=22.983 dnorm=4.849 nan=0
2026-10-04 08:30:44,435 epoch=159 step=1200 loss_G=2.4996 loss_D_A=0.0846 loss_D_B=0.1581 cycle=0.0854 idt=0.0576 gnorm=23.189 dnorm=7.110 nan=0
2026-10-04 08:30:59,718 epoch=159 step=1300 loss_G=1.2022 loss_D_A=0.1337 loss_D_B=0.2284 cycle=0.0632 idt=0.0388 gnorm=16.922 dnorm=7.334 nan=0
2026-10-04 08:31:15,125 epoch=159 step=1400 loss_G=2.2150 loss_D_A=0.1923 loss_D_B=0.1277 cycle=0.0765 idt=0.0595 gnorm=24.696 dnorm=7.729 nan=0
2026-10-04 08:31:30,112 epoch=159 step=1500 loss_G=1.9046 loss_D_A=0.5166 loss_D_B=0.0291 cycle=0.0877 idt=0.0531 gnorm=22.756 dnorm=8.802 nan=0
2026-10-04 08:31:45,269 epoch=159 step=1600 loss_G=2.5058 loss_D_A=0.1859 loss_D_B=0.1401 cycle=0.0850 idt=0.0542 gnorm=21.666 dnorm=6.830 nan=0
2026-10-04 08:32:00,365 epoch=159 step=1700 loss_G=1.7387 loss_D_A=0.1783 loss_D_B=0.1577 cycle=0.0826 idt=0.0498 gnorm=35.741 dnorm=10.750 nan=0
2026-10-04 08:32:15,628 epoch=159 step=1800 loss_G=2.0867 loss_D_A=0.1685 loss_D_B=0.1195 cycle=0.0928 idt=0.0488 gnorm=37.161 dnorm=7.314 nan=0
2026-10-04 08:32:30,858 epoch=159 step=1900 loss_G=1.9223 loss_D_A=0.3518 loss_D_B=0.1911 cycle=0.0754 idt=0.0497 gnorm=20.538 dnorm=8.795 nan=0
2026-10-04 08:32:46,021 epoch=159 step=2000 loss_G=1.9202 loss_D_A=0.1982 loss_D_B=0.1890 cycle=0.0762 idt=0.0490 gnorm=22.117 dnorm=10.555 nan=0
2026-10-04 08:33:01,017 epoch=159 step=2100 loss_G=2.1190 loss_D_A=0.0531 loss_D_B=0.1910 cycle=0.0966 idt=0.0727 gnorm=26.767 dnorm=7.321 nan=0
2026-10-04 08:33:16,104 epoch=159 step=2200 loss_G=2.0601 loss_D_A=0.3165 loss_D_B=0.2126 cycle=0.1000 idt=0.0586 gnorm=32.622 dnorm=12.316 nan=0
2026-10-04 08:33:31,280 epoch=159 step=2300 loss_G=1.6551 loss_D_A=0.0713 loss_D_B=0.2107 cycle=0.0792 idt=0.0527 gnorm=23.408 dnorm=6.593 nan=0
2026-10-04 08:33:46,073 epoch=159 step=2400 loss_G=2.4409 loss_D_A=0.2062 loss_D_B=0.1716 cycle=0.0788 idt=0.0724 gnorm=29.937 dnorm=9.906 nan=0
2026-10-04 08:34:01,438 epoch=159 step=2500 loss_G=2.2145 loss_D_A=0.2609 loss_D_B=0.2358 cycle=0.0955 idt=0.0645 gnorm=45.077 dnorm=6.582 nan=0
2026-10-04 08:34:16,730 epoch=159 step=2600 loss_G=1.3045 loss_D_A=0.1323 loss_D_B=0.2139 cycle=0.0699 idt=0.0448 gnorm=13.393 dnorm=7.268 nan=0
2026-10-04 08:34:32,011 epoch=159 step=2700 loss_G=2.1632 loss_D_A=0.1796 loss_D_B=0.2196 cycle=0.0905 idt=0.0609 gnorm=26.131 dnorm=9.430 nan=0
2026-10-04 08:34:47,398 epoch=159 step=2800 loss_G=2.3910 loss_D_A=0.0989 loss_D_B=0.1577 cycle=0.0696 idt=0.0516 gnorm=47.726 dnorm=7.538 nan=0
2026-10-04 08:35:02,705 epoch=159 step=2900 loss_G=2.3862 loss_D_A=0.1209 loss_D_B=0.1423 cycle=0.1105 idt=0.0918 gnorm=21.151 dnorm=5.875 nan=0
2026-10-04 08:35:17,974 epoch=159 step=3000 loss_G=1.6938 loss_D_A=0.3143 loss_D_B=0.1891 cycle=0.0824 idt=0.0447 gnorm=30.900 dnorm=14.058 nan=0
2026-10-04 08:35:33,232 epoch=159 step=3100 loss_G=2.1738 loss_D_A=0.2223 loss_D_B=0.2698 cycle=0.0754 idt=0.0555 gnorm=24.773 dnorm=10.327 nan=0
2026-10-04 08:35:48,366 epoch=159 step=3200 loss_G=2.0749 loss_D_A=0.0747 loss_D_B=0.0882 cycle=0.0697 idt=0.0482 gnorm=27.860 dnorm=6.078 nan=0
2026-10-04 08:36:02,841 epoch=159 step=3300 loss_G=2.2139 loss_D_A=0.0802 loss_D_B=0.1461 cycle=0.0847 idt=0.0504 gnorm=23.241 dnorm=7.436 nan=0
2026-10-04 08:36:18,347 epoch=159 step=3400 loss_G=2.9363 loss_D_A=0.0656 loss_D_B=0.1540 cycle=0.0914 idt=0.0653 gnorm=38.880 dnorm=5.002 nan=0
2026-10-04 08:36:33,636 epoch=159 step=3500 loss_G=2.2460 loss_D_A=0.1316 loss_D_B=0.1508 cycle=0.0937 idt=0.0835 gnorm=34.676 dnorm=6.577 nan=0
2026-10-04 08:36:48,884 epoch=159 step=3600 loss_G=2.7686 loss_D_A=0.2121 loss_D_B=0.0870 cycle=0.1143 idt=0.0825 gnorm=35.062 dnorm=7.183 nan=0
2026-10-04 08:37:04,263 epoch=159 step=3700 loss_G=2.0239 loss_D_A=0.0860 loss_D_B=0.1272 cycle=0.1121 idt=0.0556 gnorm=42.495 dnorm=5.917 nan=0
2026-10-04 08:37:19,582 epoch=159 step=3800 loss_G=1.8763 loss_D_A=0.1036 loss_D_B=0.0967 cycle=0.0784 idt=0.0472 gnorm=38.044 dnorm=5.750 nan=0
2026-10-04 08:37:34,815 epoch=159 step=3900 loss_G=2.0173 loss_D_A=0.1220 loss_D_B=0.0215 cycle=0.0869 idt=0.0525 gnorm=32.293 dnorm=4.117 nan=0
2026-10-04 08:37:49,713 epoch=159 step=4000 loss_G=1.9311 loss_D_A=0.2459 loss_D_B=0.1826 cycle=0.0706 idt=0.0463 gnorm=14.550 dnorm=9.389 nan=0
2026-10-04 08:38:05,036 epoch=159 step=4100 loss_G=2.2208 loss_D_A=0.2057 loss_D_B=0.2771 cycle=0.0966 idt=0.0724 gnorm=50.988 dnorm=10.202 nan=0
2026-10-04 08:38:20,324 epoch=159 step=4200 loss_G=1.8326 loss_D_A=0.0794 loss_D_B=0.2542 cycle=0.0578 idt=0.0409 gnorm=23.237 dnorm=7.970 nan=0
2026-10-04 08:38:35,705 epoch=159 step=4300 loss_G=1.6250 loss_D_A=0.0969 loss_D_B=0.1768 cycle=0.0718 idt=0.0496 gnorm=18.922 dnorm=4.615 nan=0
2026-10-04 08:38:51,061 epoch=159 step=4400 loss_G=1.8555 loss_D_A=0.0965 loss_D_B=0.1533 cycle=0.0735 idt=0.0549 gnorm=27.234 dnorm=5.643 nan=0
2026-10-04 08:39:06,400 epoch=159 step=4500 loss_G=1.5145 loss_D_A=0.1676 loss_D_B=0.1914 cycle=0.0590 idt=0.0381 gnorm=14.260 dnorm=6.189 nan=0
2026-10-04 08:39:21,751 epoch=159 step=4600 loss_G=2.3178 loss_D_A=0.1925 loss_D_B=0.1493 cycle=0.0836 idt=0.0555 gnorm=33.808 dnorm=6.814 nan=0
2026-10-04 08:39:37,136 epoch=159 step=4700 loss_G=2.7945 loss_D_A=0.3200 loss_D_B=0.1001 cycle=0.0965 idt=0.0461 gnorm=59.204 dnorm=10.380 nan=0
2026-10-04 08:39:52,470 epoch=159 step=4800 loss_G=1.8660 loss_D_A=0.0650 loss_D_B=0.1680 cycle=0.0863 idt=0.0546 gnorm=30.402 dnorm=6.352 nan=0
2026-10-04 08:40:07,822 epoch=159 step=4900 loss_G=1.7801 loss_D_A=0.0620 loss_D_B=0.1665 cycle=0.0746 idt=0.0462 gnorm=14.667 dnorm=5.903 nan=0
2026-10-04 08:40:23,063 epoch=159 step=5000 loss_G=1.8494 loss_D_A=0.1234 loss_D_B=0.2837 cycle=0.0619 idt=0.0333 gnorm=19.233 dnorm=9.552 nan=0
2026-10-04 08:40:38,347 epoch=159 step=5100 loss_G=1.9615 loss_D_A=0.2311 loss_D_B=0.1690 cycle=0.0695 idt=0.0433 gnorm=25.208 dnorm=8.647 nan=0
2026-10-04 08:40:53,435 epoch=159 step=5200 loss_G=1.5502 loss_D_A=0.0910 loss_D_B=0.2195 cycle=0.0650 idt=0.0489 gnorm=35.093 dnorm=9.870 nan=0
2026-10-04 08:41:08,580 epoch=159 step=5300 loss_G=2.3459 loss_D_A=0.1363 loss_D_B=0.1277 cycle=0.0719 idt=0.0478 gnorm=24.881 dnorm=7.970 nan=0
2026-10-04 08:41:23,865 epoch=159 step=5400 loss_G=2.1435 loss_D_A=0.1677 loss_D_B=0.1148 cycle=0.0997 idt=0.0499 gnorm=33.965 dnorm=12.318 nan=0
2026-10-04 08:41:39,224 epoch=159 step=5500 loss_G=2.2008 loss_D_A=0.2231 loss_D_B=0.1384 cycle=0.0658 idt=0.0824 gnorm=22.757 dnorm=9.350 nan=0
2026-10-04 08:41:54,553 epoch=159 step=5600 loss_G=2.2072 loss_D_A=0.1967 loss_D_B=0.0945 cycle=0.0741 idt=0.0567 gnorm=16.760 dnorm=6.326 nan=0
2026-10-04 08:42:09,665 epoch=159 step=5700 loss_G=2.1439 loss_D_A=0.2408 loss_D_B=0.1414 cycle=0.0813 idt=0.0517 gnorm=21.078 dnorm=9.438 nan=0
2026-10-04 08:42:24,847 epoch=159 step=5800 loss_G=1.8055 loss_D_A=0.1507 loss_D_B=0.1033 cycle=0.0893 idt=0.0509 gnorm=33.807 dnorm=5.366 nan=0
2026-10-04 08:42:40,152 epoch=159 step=5900 loss_G=1.8851 loss_D_A=0.1261 loss_D_B=0.1691 cycle=0.0912 idt=0.0561 gnorm=28.451 dnorm=9.923 nan=0
2026-10-04 08:42:54,928 epoch=159 step=6000 loss_G=3.5588 loss_D_A=0.3675 loss_D_B=0.0649 cycle=0.0916 idt=0.0832 gnorm=30.941 dnorm=17.145 nan=0
2026-10-04 08:43:10,247 epoch=159 step=6100 loss_G=2.3055 loss_D_A=0.0804 loss_D_B=0.1706 cycle=0.0882 idt=0.0752 gnorm=38.999 dnorm=6.295 nan=0
2026-10-04 08:43:25,627 epoch=159 step=6200 loss_G=1.6172 loss_D_A=0.1305 loss_D_B=0.1160 cycle=0.0866 idt=0.0457 gnorm=29.011 dnorm=6.130 nan=0
2026-10-04 08:43:40,880 epoch=159 step=6300 loss_G=2.4131 loss_D_A=0.2380 loss_D_B=0.3066 cycle=0.1050 idt=0.0786 gnorm=40.567 dnorm=10.865 nan=0
2026-10-04 08:43:56,185 epoch=159 step=6400 loss_G=2.1079 loss_D_A=0.1423 loss_D_B=0.2691 cycle=0.0670 idt=0.0445 gnorm=22.587 dnorm=8.832 nan=0
2026-10-04 08:44:02,017 epoch_mean={'g': 2.1114071540559958, 'd_a': 0.15835350394508194, 'd_b': 0.16452846426369797, 'cycle': 0.08379360932524658, 'identity': 0.05791913518701217, 'epoch': 159}
2026-10-04 08:44:02,620 epoch=160 step=1 loss_G=2.2785 loss_D_A=0.0791 loss_D_B=0.0835 cycle=0.0871 idt=0.0553 gnorm=25.592 dnorm=4.432 nan=0
2026-10-04 08:44:17,869 epoch=160 step=100 loss_G=2.8149 loss_D_A=0.0415 loss_D_B=0.1229 cycle=0.0970 idt=0.0576 gnorm=18.069 dnorm=3.644 nan=0
2026-10-04 08:44:33,168 epoch=160 step=200 loss_G=2.0461 loss_D_A=0.0662 loss_D_B=0.1501 cycle=0.0760 idt=0.0579 gnorm=26.717 dnorm=6.136 nan=0
2026-10-04 08:44:48,466 epoch=160 step=300 loss_G=2.0769 loss_D_A=0.1377 loss_D_B=0.3020 cycle=0.0890 idt=0.0825 gnorm=25.718 dnorm=6.674 nan=0
2026-10-04 08:45:03,841 epoch=160 step=400 loss_G=2.1803 loss_D_A=0.0920 loss_D_B=0.1275 cycle=0.0908 idt=0.0613 gnorm=35.786 dnorm=5.315 nan=0
2026-10-04 08:45:19,260 epoch=160 step=500 loss_G=2.9061 loss_D_A=0.0591 loss_D_B=0.0823 cycle=0.0689 idt=0.0521 gnorm=23.639 dnorm=5.190 nan=0
2026-10-04 08:45:34,192 epoch=160 step=600 loss_G=1.3025 loss_D_A=0.4186 loss_D_B=0.3316 cycle=0.0727 idt=0.0477 gnorm=28.814 dnorm=7.442 nan=0
2026-10-04 08:45:49,475 epoch=160 step=700 loss_G=2.9530 loss_D_A=0.1134 loss_D_B=0.2008 cycle=0.1176 idt=0.0992 gnorm=56.632 dnorm=6.923 nan=0
2026-10-04 08:46:04,682 epoch=160 step=800 loss_G=2.9594 loss_D_A=0.1077 loss_D_B=0.0750 cycle=0.1248 idt=0.0973 gnorm=38.705 dnorm=6.015 nan=0
2026-10-04 08:46:19,870 epoch=160 step=900 loss_G=2.1901 loss_D_A=0.1159 loss_D_B=0.2091 cycle=0.0791 idt=0.0600 gnorm=36.340 dnorm=6.433 nan=0
2026-10-04 08:46:34,987 epoch=160 step=1000 loss_G=2.6735 loss_D_A=0.2061 loss_D_B=0.2129 cycle=0.1185 idt=0.0611 gnorm=24.924 dnorm=9.860 nan=0
2026-10-04 08:46:50,358 epoch=160 step=1100 loss_G=2.1297 loss_D_A=0.1094 loss_D_B=0.1085 cycle=0.0800 idt=0.0619 gnorm=28.128 dnorm=9.371 nan=0
2026-10-04 08:47:05,673 epoch=160 step=1200 loss_G=2.4790 loss_D_A=0.0929 loss_D_B=0.1585 cycle=0.0743 idt=0.0683 gnorm=39.147 dnorm=6.992 nan=0
2026-10-04 08:47:21,000 epoch=160 step=1300 loss_G=1.7458 loss_D_A=0.2258 loss_D_B=0.2280 cycle=0.0600 idt=0.0349 gnorm=22.725 dnorm=8.845 nan=0
2026-10-04 08:47:36,127 epoch=160 step=1400 loss_G=2.3258 loss_D_A=0.4827 loss_D_B=0.3614 cycle=0.0775 idt=0.0477 gnorm=24.451 dnorm=12.616 nan=0
2026-10-04 08:47:51,431 epoch=160 step=1500 loss_G=1.8580 loss_D_A=0.0892 loss_D_B=0.0420 cycle=0.0713 idt=0.0589 gnorm=39.166 dnorm=3.047 nan=0
2026-10-04 08:48:06,720 epoch=160 step=1600 loss_G=2.1931 loss_D_A=0.2678 loss_D_B=0.1463 cycle=0.0676 idt=0.0442 gnorm=33.839 dnorm=8.506 nan=0
2026-10-04 08:48:22,044 epoch=160 step=1700 loss_G=2.0094 loss_D_A=0.0690 loss_D_B=0.1096 cycle=0.0630 idt=0.0358 gnorm=25.310 dnorm=5.367 nan=0
2026-10-04 08:48:37,373 epoch=160 step=1800 loss_G=2.0354 loss_D_A=0.1756 loss_D_B=0.0851 cycle=0.0739 idt=0.0718 gnorm=28.372 dnorm=4.976 nan=0
2026-10-04 08:48:52,639 epoch=160 step=1900 loss_G=1.5820 loss_D_A=0.1423 loss_D_B=0.0681 cycle=0.0614 idt=0.0345 gnorm=18.638 dnorm=6.782 nan=0
2026-10-04 08:49:07,988 epoch=160 step=2000 loss_G=2.0691 loss_D_A=0.0398 loss_D_B=0.0327 cycle=0.0580 idt=0.0447 gnorm=30.232 dnorm=3.129 nan=0
2026-10-04 08:49:23,327 epoch=160 step=2100 loss_G=2.7874 loss_D_A=0.0703 loss_D_B=0.1863 cycle=0.0614 idt=0.0403 gnorm=28.698 dnorm=10.776 nan=0
2026-10-04 08:49:38,624 epoch=160 step=2200 loss_G=1.6805 loss_D_A=0.2528 loss_D_B=0.1842 cycle=0.0609 idt=0.0462 gnorm=26.915 dnorm=10.095 nan=0
2026-10-04 08:49:53,838 epoch=160 step=2300 loss_G=1.6667 loss_D_A=0.3933 loss_D_B=0.1880 cycle=0.0904 idt=0.0673 gnorm=21.564 dnorm=12.001 nan=0
2026-10-04 08:50:09,146 epoch=160 step=2400 loss_G=2.0120 loss_D_A=0.3671 loss_D_B=0.1129 cycle=0.0693 idt=0.0434 gnorm=24.560 dnorm=10.566 nan=0
2026-10-04 08:50:24,403 epoch=160 step=2500 loss_G=2.1175 loss_D_A=0.0425 loss_D_B=0.2200 cycle=0.0925 idt=0.0609 gnorm=17.735 dnorm=6.759 nan=0
2026-10-04 08:50:39,690 epoch=160 step=2600 loss_G=2.2598 loss_D_A=0.0731 loss_D_B=0.2337 cycle=0.1001 idt=0.0792 gnorm=42.607 dnorm=6.607 nan=0
2026-10-04 08:50:54,974 epoch=160 step=2700 loss_G=1.9614 loss_D_A=0.1938 loss_D_B=0.1341 cycle=0.0701 idt=0.0477 gnorm=29.892 dnorm=7.496 nan=0
2026-10-04 08:51:09,683 epoch=160 step=2800 loss_G=1.9736 loss_D_A=0.1363 loss_D_B=0.1562 cycle=0.0689 idt=0.0443 gnorm=25.937 dnorm=7.529 nan=0
2026-10-04 08:51:24,848 epoch=160 step=2900 loss_G=1.7377 loss_D_A=0.1488 loss_D_B=0.2351 cycle=0.0901 idt=0.0611 gnorm=29.928 dnorm=8.889 nan=0
2026-10-04 08:51:40,151 epoch=160 step=3000 loss_G=2.5387 loss_D_A=0.1700 loss_D_B=0.1025 cycle=0.0911 idt=0.0614 gnorm=39.432 dnorm=4.272 nan=0
2026-10-04 08:51:55,322 epoch=160 step=3100 loss_G=1.8863 loss_D_A=0.2261 loss_D_B=0.0778 cycle=0.0853 idt=0.0570 gnorm=28.413 dnorm=10.049 nan=0
2026-10-04 08:52:10,641 epoch=160 step=3200 loss_G=1.4929 loss_D_A=0.2522 loss_D_B=0.1216 cycle=0.0769 idt=0.0486 gnorm=25.903 dnorm=5.355 nan=0
2026-10-04 08:52:25,694 epoch=160 step=3300 loss_G=2.2475 loss_D_A=0.0798 loss_D_B=0.1637 cycle=0.0772 idt=0.0525 gnorm=24.267 dnorm=6.115 nan=0
2026-10-04 08:52:40,602 epoch=160 step=3400 loss_G=2.3453 loss_D_A=0.1221 loss_D_B=0.1050 cycle=0.1055 idt=0.0507 gnorm=36.767 dnorm=9.502 nan=0
2026-10-04 08:52:55,756 epoch=160 step=3500 loss_G=2.5356 loss_D_A=0.0991 loss_D_B=0.0961 cycle=0.0965 idt=0.0871 gnorm=40.526 dnorm=5.036 nan=0
2026-10-04 08:53:11,104 epoch=160 step=3600 loss_G=1.4142 loss_D_A=0.0833 loss_D_B=0.1452 cycle=0.0653 idt=0.0511 gnorm=26.281 dnorm=6.263 nan=0
2026-10-04 08:53:26,368 epoch=160 step=3700 loss_G=2.6556 loss_D_A=0.0672 loss_D_B=0.1163 cycle=0.0973 idt=0.0731 gnorm=32.648 dnorm=4.947 nan=0
2026-10-04 08:53:41,741 epoch=160 step=3800 loss_G=2.7262 loss_D_A=0.0378 loss_D_B=0.1240 cycle=0.1008 idt=0.0559 gnorm=51.647 dnorm=7.134 nan=0
2026-10-04 08:53:57,088 epoch=160 step=3900 loss_G=1.6325 loss_D_A=0.1667 loss_D_B=0.1667 cycle=0.0799 idt=0.0548 gnorm=20.324 dnorm=10.690 nan=0
2026-10-04 08:54:12,174 epoch=160 step=4000 loss_G=2.1298 loss_D_A=0.2695 loss_D_B=0.1906 cycle=0.0908 idt=0.0729 gnorm=26.886 dnorm=10.327 nan=0
2026-10-04 08:54:27,539 epoch=160 step=4100 loss_G=1.8668 loss_D_A=0.3324 loss_D_B=0.1314 cycle=0.0734 idt=0.0615 gnorm=31.796 dnorm=12.071 nan=0
2026-10-04 08:54:42,974 epoch=160 step=4200 loss_G=2.2974 loss_D_A=0.1048 loss_D_B=0.1309 cycle=0.0737 idt=0.0712 gnorm=32.417 dnorm=5.997 nan=0
2026-10-04 08:54:58,060 epoch=160 step=4300 loss_G=1.7344 loss_D_A=0.2572 loss_D_B=0.0891 cycle=0.0688 idt=0.0468 gnorm=21.471 dnorm=13.040 nan=0
2026-10-04 08:55:13,433 epoch=160 step=4400 loss_G=1.7428 loss_D_A=0.0509 loss_D_B=0.3127 cycle=0.0646 idt=0.0378 gnorm=12.984 dnorm=7.511 nan=0
2026-10-04 08:55:28,826 epoch=160 step=4500 loss_G=2.1217 loss_D_A=0.0626 loss_D_B=0.1429 cycle=0.0816 idt=0.0442 gnorm=48.973 dnorm=5.699 nan=0
2026-10-04 08:55:44,153 epoch=160 step=4600 loss_G=1.8858 loss_D_A=0.2328 loss_D_B=0.1123 cycle=0.0749 idt=0.0462 gnorm=18.811 dnorm=6.719 nan=0
2026-10-04 08:55:59,535 epoch=160 step=4700 loss_G=2.2324 loss_D_A=0.1345 loss_D_B=0.0830 cycle=0.0806 idt=0.0381 gnorm=29.816 dnorm=8.035 nan=0
2026-10-04 08:56:14,879 epoch=160 step=4800 loss_G=1.8425 loss_D_A=0.1642 loss_D_B=0.1580 cycle=0.0798 idt=0.0539 gnorm=29.778 dnorm=5.810 nan=0
2026-10-04 08:56:30,263 epoch=160 step=4900 loss_G=3.0284 loss_D_A=0.2187 loss_D_B=0.1379 cycle=0.0925 idt=0.0619 gnorm=35.551 dnorm=7.071 nan=0
2026-10-04 08:56:45,752 epoch=160 step=5000 loss_G=1.8253 loss_D_A=0.1051 loss_D_B=0.2669 cycle=0.0775 idt=0.0514 gnorm=31.126 dnorm=14.965 nan=0
2026-10-04 08:57:01,124 epoch=160 step=5100 loss_G=1.3642 loss_D_A=0.2224 loss_D_B=0.1608 cycle=0.0810 idt=0.0471 gnorm=29.067 dnorm=8.989 nan=0
2026-10-04 08:57:16,488 epoch=160 step=5200 loss_G=1.9982 loss_D_A=0.1552 loss_D_B=0.2706 cycle=0.0819 idt=0.0518 gnorm=23.052 dnorm=15.355 nan=0
2026-10-04 08:57:31,934 epoch=160 step=5300 loss_G=1.9044 loss_D_A=0.3895 loss_D_B=0.1557 cycle=0.0755 idt=0.0471 gnorm=34.711 dnorm=8.669 nan=0
2026-10-04 08:57:47,074 epoch=160 step=5400 loss_G=2.6052 loss_D_A=0.2067 loss_D_B=0.2664 cycle=0.0679 idt=0.0464 gnorm=27.348 dnorm=10.288 nan=0
2026-10-04 08:58:02,063 epoch=160 step=5500 loss_G=2.2085 loss_D_A=0.1341 loss_D_B=0.1627 cycle=0.0737 idt=0.0436 gnorm=46.646 dnorm=9.343 nan=0
2026-10-04 08:58:17,183 epoch=160 step=5600 loss_G=1.9568 loss_D_A=0.1897 loss_D_B=0.1952 cycle=0.1016 idt=0.0518 gnorm=45.931 dnorm=8.183 nan=0
2026-10-04 08:58:32,266 epoch=160 step=5700 loss_G=1.9848 loss_D_A=0.2789 loss_D_B=0.0830 cycle=0.0744 idt=0.0384 gnorm=21.076 dnorm=8.459 nan=0
2026-10-04 08:58:47,635 epoch=160 step=5800 loss_G=2.5041 loss_D_A=0.1516 loss_D_B=0.2681 cycle=0.0801 idt=0.1425 gnorm=16.491 dnorm=8.757 nan=0
2026-10-04 08:59:02,853 epoch=160 step=5900 loss_G=2.0749 loss_D_A=0.2415 loss_D_B=0.0622 cycle=0.0649 idt=0.0492 gnorm=29.193 dnorm=6.953 nan=0
2026-10-04 08:59:18,213 epoch=160 step=6000 loss_G=2.0532 loss_D_A=0.1296 loss_D_B=0.2792 cycle=0.0924 idt=0.0558 gnorm=32.646 dnorm=11.228 nan=0
2026-10-04 08:59:33,127 epoch=160 step=6100 loss_G=1.8575 loss_D_A=0.0630 loss_D_B=0.1662 cycle=0.0753 idt=0.0437 gnorm=33.807 dnorm=5.456 nan=0
2026-10-04 08:59:48,513 epoch=160 step=6200 loss_G=2.4229 loss_D_A=0.1309 loss_D_B=0.2057 cycle=0.0969 idt=0.0677 gnorm=27.098 dnorm=7.226 nan=0
2026-10-04 09:00:03,581 epoch=160 step=6300 loss_G=1.8074 loss_D_A=0.1800 loss_D_B=0.0701 cycle=0.0755 idt=0.0507 gnorm=23.881 dnorm=6.838 nan=0
2026-10-04 09:00:18,998 epoch=160 step=6400 loss_G=2.2339 loss_D_A=0.1663 loss_D_B=0.1970 cycle=0.0809 idt=0.0511 gnorm=17.244 dnorm=8.431 nan=0
2026-10-04 09:00:24,802 epoch_mean={'g': 2.123731287861137, 'd_a': 0.15459531017918512, 'd_b': 0.164474482564461, 'cycle': 0.08345674987015572, 'identity': 0.057460745805240854, 'epoch': 160}
2026-10-04 09:00:25,713 epoch=161 step=1 loss_G=2.6833 loss_D_A=0.2029 loss_D_B=0.2617 cycle=0.0741 idt=0.0443 gnorm=29.167 dnorm=15.925 nan=0
2026-10-04 09:00:40,779 epoch=161 step=100 loss_G=2.5618 loss_D_A=0.1051 loss_D_B=0.1691 cycle=0.0803 idt=0.0528 gnorm=29.012 dnorm=6.099 nan=0
2026-10-04 09:00:56,174 epoch=161 step=200 loss_G=2.1661 loss_D_A=0.1783 loss_D_B=0.1754 cycle=0.0776 idt=0.0491 gnorm=22.090 dnorm=8.314 nan=0
2026-10-04 09:01:11,483 epoch=161 step=300 loss_G=2.1091 loss_D_A=0.2343 loss_D_B=0.4590 cycle=0.0951 idt=0.0652 gnorm=35.505 dnorm=14.651 nan=0
2026-10-04 09:01:26,852 epoch=161 step=400 loss_G=1.6874 loss_D_A=0.2857 loss_D_B=0.0916 cycle=0.0713 idt=0.0514 gnorm=34.192 dnorm=7.486 nan=0
2026-10-04 09:01:41,993 epoch=161 step=500 loss_G=2.0718 loss_D_A=0.0874 loss_D_B=0.1120 cycle=0.0796 idt=0.0569 gnorm=29.403 dnorm=4.880 nan=0
2026-10-04 09:01:57,222 epoch=161 step=600 loss_G=1.9268 loss_D_A=0.1340 loss_D_B=0.1705 cycle=0.0795 idt=0.0442 gnorm=19.180 dnorm=8.350 nan=0
2026-10-04 09:02:12,672 epoch=161 step=700 loss_G=3.4785 loss_D_A=0.1386 loss_D_B=0.0282 cycle=0.1652 idt=0.1472 gnorm=33.131 dnorm=4.977 nan=0
2026-10-04 09:02:28,056 epoch=161 step=800 loss_G=1.6177 loss_D_A=0.1083 loss_D_B=0.0395 cycle=0.0798 idt=0.0719 gnorm=32.895 dnorm=3.258 nan=0
2026-10-04 09:02:43,432 epoch=161 step=900 loss_G=2.4918 loss_D_A=0.0838 loss_D_B=0.0782 cycle=0.1053 idt=0.0729 gnorm=23.723 dnorm=4.563 nan=0
2026-10-04 09:02:58,896 epoch=161 step=1000 loss_G=1.8405 loss_D_A=0.1171 loss_D_B=0.0994 cycle=0.0953 idt=0.0704 gnorm=30.942 dnorm=6.199 nan=0
2026-10-04 09:03:14,003 epoch=161 step=1100 loss_G=1.6122 loss_D_A=0.0887 loss_D_B=0.0456 cycle=0.0747 idt=0.0468 gnorm=30.104 dnorm=4.327 nan=0
2026-10-04 09:03:29,297 epoch=161 step=1200 loss_G=2.2638 loss_D_A=0.1121 loss_D_B=0.1872 cycle=0.0687 idt=0.0539 gnorm=32.683 dnorm=9.301 nan=0
2026-10-04 09:03:44,583 epoch=161 step=1300 loss_G=1.6279 loss_D_A=0.3107 loss_D_B=0.0650 cycle=0.0720 idt=0.0596 gnorm=24.029 dnorm=11.447 nan=0
2026-10-04 09:03:59,655 epoch=161 step=1400 loss_G=1.9549 loss_D_A=0.1082 loss_D_B=0.0888 cycle=0.0874 idt=0.0578 gnorm=18.631 dnorm=5.918 nan=0
2026-10-04 09:04:14,881 epoch=161 step=1500 loss_G=2.0928 loss_D_A=0.0626 loss_D_B=0.1117 cycle=0.1037 idt=0.0801 gnorm=34.454 dnorm=5.982 nan=0
2026-10-04 09:04:30,326 epoch=161 step=1600 loss_G=2.7256 loss_D_A=0.0652 loss_D_B=0.1734 cycle=0.0988 idt=0.0766 gnorm=27.939 dnorm=5.172 nan=0
2026-10-04 09:04:45,238 epoch=161 step=1700 loss_G=1.7850 loss_D_A=0.2096 loss_D_B=0.1738 cycle=0.0653 idt=0.0547 gnorm=27.725 dnorm=9.508 nan=0
2026-10-04 09:05:00,493 epoch=161 step=1800 loss_G=2.1464 loss_D_A=0.0640 loss_D_B=0.3205 cycle=0.0618 idt=0.0499 gnorm=24.630 dnorm=11.201 nan=0
2026-10-04 09:05:15,911 epoch=161 step=1900 loss_G=1.9849 loss_D_A=0.1376 loss_D_B=0.2514 cycle=0.0671 idt=0.0471 gnorm=20.407 dnorm=12.166 nan=0
2026-10-04 09:05:31,311 epoch=161 step=2000 loss_G=3.3968 loss_D_A=0.1788 loss_D_B=0.1049 cycle=0.0994 idt=0.0659 gnorm=27.409 dnorm=9.370 nan=0
2026-10-04 09:05:46,591 epoch=161 step=2100 loss_G=3.2491 loss_D_A=0.1350 loss_D_B=0.1631 cycle=0.1016 idt=0.0616 gnorm=27.853 dnorm=5.487 nan=0
2026-10-04 09:06:01,998 epoch=161 step=2200 loss_G=2.7947 loss_D_A=0.0763 loss_D_B=0.1492 cycle=0.0855 idt=0.0476 gnorm=26.994 dnorm=7.244 nan=0
2026-10-04 09:06:17,334 epoch=161 step=2300 loss_G=2.3555 loss_D_A=0.0324 loss_D_B=0.1274 cycle=0.0709 idt=0.0733 gnorm=35.348 dnorm=4.637 nan=0
2026-10-04 09:06:32,785 epoch=161 step=2400 loss_G=1.6819 loss_D_A=0.1000 loss_D_B=0.2109 cycle=0.0746 idt=0.0563 gnorm=21.258 dnorm=11.633 nan=0
2026-10-04 09:06:47,831 epoch=161 step=2500 loss_G=1.8154 loss_D_A=0.1254 loss_D_B=0.2180 cycle=0.0791 idt=0.0452 gnorm=24.059 dnorm=9.310 nan=0
2026-10-04 09:07:02,430 epoch=161 step=2600 loss_G=2.0293 loss_D_A=0.1657 loss_D_B=0.3226 cycle=0.0901 idt=0.0514 gnorm=22.390 dnorm=8.796 nan=0
2026-10-04 09:07:17,713 epoch=161 step=2700 loss_G=2.2726 loss_D_A=0.0662 loss_D_B=0.1962 cycle=0.1004 idt=0.0586 gnorm=34.192 dnorm=6.418 nan=0
2026-10-04 09:07:33,079 epoch=161 step=2800 loss_G=1.7947 loss_D_A=0.2566 loss_D_B=0.0472 cycle=0.0821 idt=0.0517 gnorm=38.162 dnorm=8.428 nan=0
2026-10-04 09:07:48,100 epoch=161 step=2900 loss_G=2.2499 loss_D_A=0.2015 loss_D_B=0.2212 cycle=0.1027 idt=0.0553 gnorm=42.980 dnorm=9.513 nan=0
2026-10-04 09:08:03,397 epoch=161 step=3000 loss_G=2.2643 loss_D_A=0.1098 loss_D_B=0.1483 cycle=0.0585 idt=0.0407 gnorm=25.034 dnorm=6.426 nan=0
2026-10-04 09:08:17,997 epoch=161 step=3100 loss_G=1.9601 loss_D_A=0.1502 loss_D_B=0.0810 cycle=0.0683 idt=0.0422 gnorm=20.117 dnorm=7.066 nan=0
2026-10-04 09:08:33,316 epoch=161 step=3200 loss_G=2.0946 loss_D_A=0.1411 loss_D_B=0.1313 cycle=0.0835 idt=0.0577 gnorm=49.818 dnorm=7.666 nan=0
2026-10-04 09:08:48,721 epoch=161 step=3300 loss_G=2.3772 loss_D_A=0.0490 loss_D_B=0.0490 cycle=0.0723 idt=0.0558 gnorm=34.853 dnorm=4.097 nan=0
2026-10-04 09:09:04,081 epoch=161 step=3400 loss_G=1.9158 loss_D_A=0.1439 loss_D_B=0.1004 cycle=0.0828 idt=0.0753 gnorm=22.929 dnorm=9.179 nan=0
2026-10-04 09:09:19,291 epoch=161 step=3500 loss_G=2.1008 loss_D_A=0.1454 loss_D_B=0.2645 cycle=0.0876 idt=0.0542 gnorm=30.673 dnorm=8.705 nan=0
2026-10-04 09:09:34,383 epoch=161 step=3600 loss_G=2.0459 loss_D_A=0.0983 loss_D_B=0.1895 cycle=0.0882 idt=0.0528 gnorm=25.739 dnorm=11.285 nan=0
2026-10-04 09:09:49,244 epoch=161 step=3700 loss_G=1.8949 loss_D_A=0.3227 loss_D_B=0.0601 cycle=0.0594 idt=0.0381 gnorm=40.277 dnorm=12.896 nan=0
2026-10-04 09:10:04,259 epoch=161 step=3800 loss_G=1.6506 loss_D_A=0.0634 loss_D_B=0.1194 cycle=0.0747 idt=0.0507 gnorm=31.039 dnorm=7.465 nan=0
2026-10-04 09:10:19,621 epoch=161 step=3900 loss_G=1.7362 loss_D_A=0.0953 loss_D_B=0.1270 cycle=0.0510 idt=0.0329 gnorm=28.951 dnorm=9.506 nan=0
2026-10-04 09:10:34,558 epoch=161 step=4000 loss_G=1.9544 loss_D_A=0.4467 loss_D_B=0.1910 cycle=0.0760 idt=0.0491 gnorm=21.306 dnorm=12.171 nan=0
2026-10-04 09:10:49,915 epoch=161 step=4100 loss_G=1.8840 loss_D_A=0.1000 loss_D_B=0.0677 cycle=0.0915 idt=0.0573 gnorm=21.680 dnorm=4.309 nan=0
2026-10-04 09:11:05,263 epoch=161 step=4200 loss_G=2.3491 loss_D_A=0.0487 loss_D_B=0.0494 cycle=0.0888 idt=0.0481 gnorm=23.920 dnorm=3.687 nan=0
2026-10-04 09:11:20,694 epoch=161 step=4300 loss_G=1.8599 loss_D_A=0.1624 loss_D_B=0.0928 cycle=0.0693 idt=0.0529 gnorm=24.212 dnorm=8.328 nan=0
2026-10-04 09:11:36,150 epoch=161 step=4400 loss_G=2.3390 loss_D_A=0.1848 loss_D_B=0.0836 cycle=0.0930 idt=0.0664 gnorm=33.932 dnorm=7.202 nan=0
2026-10-04 09:11:51,472 epoch=161 step=4500 loss_G=1.7919 loss_D_A=0.1715 loss_D_B=0.2523 cycle=0.0642 idt=0.0385 gnorm=18.145 dnorm=9.583 nan=0
2026-10-04 09:12:06,763 epoch=161 step=4600 loss_G=2.5346 loss_D_A=0.2236 loss_D_B=0.1986 cycle=0.0836 idt=0.0488 gnorm=32.100 dnorm=8.390 nan=0
2026-10-04 09:12:22,147 epoch=161 step=4700 loss_G=2.2128 loss_D_A=0.1019 loss_D_B=0.0337 cycle=0.0917 idt=0.0492 gnorm=27.444 dnorm=6.673 nan=0
2026-10-04 09:12:37,487 epoch=161 step=4800 loss_G=2.3628 loss_D_A=0.1767 loss_D_B=0.2102 cycle=0.0978 idt=0.0656 gnorm=29.591 dnorm=11.474 nan=0
2026-10-04 09:12:52,852 epoch=161 step=4900 loss_G=2.5206 loss_D_A=0.0920 loss_D_B=0.1589 cycle=0.0866 idt=0.0572 gnorm=37.417 dnorm=6.869 nan=0
2026-10-04 09:13:08,244 epoch=161 step=5000 loss_G=1.6477 loss_D_A=0.1175 loss_D_B=0.0640 cycle=0.0668 idt=0.0337 gnorm=26.690 dnorm=5.749 nan=0
2026-10-04 09:13:23,596 epoch=161 step=5100 loss_G=2.3675 loss_D_A=0.0681 loss_D_B=0.2130 cycle=0.1040 idt=0.0640 gnorm=27.026 dnorm=8.566 nan=0
2026-10-04 09:13:39,020 epoch=161 step=5200 loss_G=2.6559 loss_D_A=0.2365 loss_D_B=0.2417 cycle=0.1191 idt=0.0802 gnorm=27.269 dnorm=12.700 nan=0
2026-10-04 09:13:54,092 epoch=161 step=5300 loss_G=2.4819 loss_D_A=0.0652 loss_D_B=0.0435 cycle=0.1059 idt=0.0719 gnorm=28.593 dnorm=6.308 nan=0
2026-10-04 09:14:09,025 epoch=161 step=5400 loss_G=3.0736 loss_D_A=0.1403 loss_D_B=0.1793 cycle=0.0757 idt=0.0507 gnorm=16.652 dnorm=11.192 nan=0
2026-10-04 09:14:24,198 epoch=161 step=5500 loss_G=2.1998 loss_D_A=0.0989 loss_D_B=0.1379 cycle=0.0703 idt=0.0446 gnorm=34.000 dnorm=7.089 nan=0
2026-10-04 09:14:39,537 epoch=161 step=5600 loss_G=2.5171 loss_D_A=0.1043 loss_D_B=0.0977 cycle=0.0944 idt=0.0810 gnorm=39.400 dnorm=4.963 nan=0
2026-10-04 09:14:54,857 epoch=161 step=5700 loss_G=2.9037 loss_D_A=0.0337 loss_D_B=0.1012 cycle=0.0578 idt=0.0381 gnorm=30.112 dnorm=5.811 nan=0
2026-10-04 09:15:10,290 epoch=161 step=5800 loss_G=1.9930 loss_D_A=0.2746 loss_D_B=0.2768 cycle=0.0751 idt=0.0366 gnorm=27.804 dnorm=16.579 nan=0
2026-10-04 09:15:25,627 epoch=161 step=5900 loss_G=2.0954 loss_D_A=0.1527 loss_D_B=0.2730 cycle=0.0669 idt=0.0431 gnorm=27.285 dnorm=11.908 nan=0
2026-10-04 09:15:40,952 epoch=161 step=6000 loss_G=2.1743 loss_D_A=0.2831 loss_D_B=0.1285 cycle=0.0818 idt=0.0533 gnorm=20.111 dnorm=8.539 nan=0
2026-10-04 09:15:56,430 epoch=161 step=6100 loss_G=1.6992 loss_D_A=0.0842 loss_D_B=0.3977 cycle=0.0739 idt=0.0515 gnorm=23.398 dnorm=9.063 nan=0
2026-10-04 09:16:11,811 epoch=161 step=6200 loss_G=1.4828 loss_D_A=0.1869 loss_D_B=0.3503 cycle=0.0618 idt=0.0431 gnorm=14.453 dnorm=10.139 nan=0
2026-10-04 09:16:27,162 epoch=161 step=6300 loss_G=4.4776 loss_D_A=0.1683 loss_D_B=0.3092 cycle=0.2259 idt=0.2070 gnorm=48.811 dnorm=8.644 nan=0
2026-10-04 09:16:42,578 epoch=161 step=6400 loss_G=2.1380 loss_D_A=0.0531 loss_D_B=0.1428 cycle=0.0991 idt=0.0422 gnorm=38.136 dnorm=7.199 nan=0
2026-10-04 09:16:48,314 epoch_mean={'g': 2.107966432218857, 'd_a': 0.1539058063148008, 'd_b': 0.162305506611137, 'cycle': 0.08281079920673637, 'identity': 0.05677916285931675, 'epoch': 161}
2026-10-04 09:16:48,899 epoch=162 step=1 loss_G=2.0228 loss_D_A=0.2399 loss_D_B=0.1092 cycle=0.0882 idt=0.0522 gnorm=29.868 dnorm=7.690 nan=0
2026-10-04 09:17:04,197 epoch=162 step=100 loss_G=2.1440 loss_D_A=0.0699 loss_D_B=0.0350 cycle=0.0688 idt=0.0480 gnorm=34.983 dnorm=3.366 nan=0
2026-10-04 09:17:19,460 epoch=162 step=200 loss_G=2.3983 loss_D_A=0.2935 loss_D_B=0.0949 cycle=0.0869 idt=0.0596 gnorm=25.979 dnorm=10.207 nan=0
2026-10-04 09:17:34,378 epoch=162 step=300 loss_G=2.8994 loss_D_A=0.0576 loss_D_B=0.1044 cycle=0.0929 idt=0.0552 gnorm=37.617 dnorm=5.905 nan=0
2026-10-04 09:17:49,643 epoch=162 step=400 loss_G=2.2571 loss_D_A=0.0981 loss_D_B=0.1715 cycle=0.0971 idt=0.0658 gnorm=60.865 dnorm=6.102 nan=0
2026-10-04 09:18:04,994 epoch=162 step=500 loss_G=1.8468 loss_D_A=0.1808 loss_D_B=0.0609 cycle=0.0818 idt=0.0545 gnorm=27.363 dnorm=6.661 nan=0
2026-10-04 09:18:20,388 epoch=162 step=600 loss_G=2.0319 loss_D_A=0.1655 loss_D_B=0.1592 cycle=0.0870 idt=0.0475 gnorm=30.617 dnorm=9.949 nan=0
2026-10-04 09:18:35,743 epoch=162 step=700 loss_G=1.4416 loss_D_A=0.0973 loss_D_B=0.1903 cycle=0.0703 idt=0.0496 gnorm=22.873 dnorm=7.041 nan=0
2026-10-04 09:18:51,094 epoch=162 step=800 loss_G=1.7812 loss_D_A=0.1192 loss_D_B=0.0940 cycle=0.0722 idt=0.0475 gnorm=21.029 dnorm=7.280 nan=0
2026-10-04 09:19:06,435 epoch=162 step=900 loss_G=2.1016 loss_D_A=0.0423 loss_D_B=0.2567 cycle=0.0892 idt=0.0587 gnorm=26.235 dnorm=8.478 nan=0
2026-10-04 09:19:21,473 epoch=162 step=1000 loss_G=1.4426 loss_D_A=0.1426 loss_D_B=0.1806 cycle=0.0709 idt=0.0450 gnorm=24.662 dnorm=8.175 nan=0
2026-10-04 09:19:36,441 epoch=162 step=1100 loss_G=2.3321 loss_D_A=0.0871 loss_D_B=0.1903 cycle=0.1191 idt=0.0698 gnorm=42.547 dnorm=5.994 nan=0
2026-10-04 09:19:51,806 epoch=162 step=1200 loss_G=2.1111 loss_D_A=0.0737 loss_D_B=0.2926 cycle=0.0770 idt=0.0660 gnorm=31.599 dnorm=8.085 nan=0
2026-10-04 09:20:07,182 epoch=162 step=1300 loss_G=2.1168 loss_D_A=0.1055 loss_D_B=0.1347 cycle=0.0609 idt=0.0420 gnorm=28.335 dnorm=8.754 nan=0
2026-10-04 09:20:22,301 epoch=162 step=1400 loss_G=2.5156 loss_D_A=0.0692 loss_D_B=0.2256 cycle=0.0925 idt=0.0628 gnorm=18.689 dnorm=10.549 nan=0
2026-10-04 09:20:37,560 epoch=162 step=1500 loss_G=1.9780 loss_D_A=0.1064 loss_D_B=0.0896 cycle=0.0741 idt=0.0647 gnorm=24.169 dnorm=7.566 nan=0
2026-10-04 09:20:52,951 epoch=162 step=1600 loss_G=2.2519 loss_D_A=0.1075 loss_D_B=0.0837 cycle=0.1028 idt=0.0695 gnorm=40.085 dnorm=5.861 nan=0
2026-10-04 09:21:08,282 epoch=162 step=1700 loss_G=1.8306 loss_D_A=0.2534 loss_D_B=0.0610 cycle=0.0695 idt=0.0473 gnorm=21.440 dnorm=8.481 nan=0
2026-10-04 09:21:23,178 epoch=162 step=1800 loss_G=2.0311 loss_D_A=0.0747 loss_D_B=0.0726 cycle=0.0815 idt=0.0488 gnorm=25.024 dnorm=4.410 nan=0
2026-10-04 09:21:38,345 epoch=162 step=1900 loss_G=2.6265 loss_D_A=0.1898 loss_D_B=0.2648 cycle=0.0869 idt=0.0533 gnorm=38.995 dnorm=14.563 nan=0
2026-10-04 09:21:53,478 epoch=162 step=2000 loss_G=1.4647 loss_D_A=0.0582 loss_D_B=0.2547 cycle=0.0738 idt=0.0534 gnorm=17.564 dnorm=6.884 nan=0
2026-10-04 09:22:08,929 epoch=162 step=2100 loss_G=2.0377 loss_D_A=0.1050 loss_D_B=0.1550 cycle=0.0816 idt=0.0484 gnorm=23.884 dnorm=10.346 nan=0
2026-10-04 09:22:24,292 epoch=162 step=2200 loss_G=2.3140 loss_D_A=0.2795 loss_D_B=0.1465 cycle=0.0841 idt=0.0649 gnorm=35.614 dnorm=7.946 nan=0
2026-10-04 09:22:39,640 epoch=162 step=2300 loss_G=2.3924 loss_D_A=0.1809 loss_D_B=0.1348 cycle=0.0931 idt=0.0502 gnorm=23.385 dnorm=6.929 nan=0
2026-10-04 09:22:55,062 epoch=162 step=2400 loss_G=2.1415 loss_D_A=0.1310 loss_D_B=0.1023 cycle=0.0823 idt=0.0474 gnorm=25.103 dnorm=6.920 nan=0
2026-10-04 09:23:10,119 epoch=162 step=2500 loss_G=2.1496 loss_D_A=0.2666 loss_D_B=0.3654 cycle=0.0750 idt=0.0475 gnorm=25.494 dnorm=16.469 nan=0
2026-10-04 09:23:25,474 epoch=162 step=2600 loss_G=1.6924 loss_D_A=0.1558 loss_D_B=0.0764 cycle=0.0739 idt=0.0538 gnorm=22.912 dnorm=5.692 nan=0
2026-10-04 09:23:40,866 epoch=162 step=2700 loss_G=2.0283 loss_D_A=0.1006 loss_D_B=0.0714 cycle=0.0649 idt=0.0416 gnorm=26.668 dnorm=8.437 nan=0
2026-10-04 09:23:56,208 epoch=162 step=2800 loss_G=2.5329 loss_D_A=0.1716 loss_D_B=0.1809 cycle=0.0910 idt=0.0600 gnorm=24.827 dnorm=8.482 nan=0
2026-10-04 09:24:11,583 epoch=162 step=2900 loss_G=1.8994 loss_D_A=0.1638 loss_D_B=0.2200 cycle=0.0689 idt=0.0555 gnorm=42.808 dnorm=7.704 nan=0
2026-10-04 09:24:26,973 epoch=162 step=3000 loss_G=2.1102 loss_D_A=0.0663 loss_D_B=0.1199 cycle=0.0861 idt=0.0479 gnorm=31.853 dnorm=5.660 nan=0
2026-10-04 09:24:42,322 epoch=162 step=3100 loss_G=2.4443 loss_D_A=0.1139 loss_D_B=0.0686 cycle=0.0935 idt=0.0700 gnorm=34.307 dnorm=5.561 nan=0
2026-10-04 09:24:57,441 epoch=162 step=3200 loss_G=1.6118 loss_D_A=0.2034 loss_D_B=0.1646 cycle=0.0742 idt=0.0536 gnorm=26.112 dnorm=9.885 nan=0
2026-10-04 09:25:12,808 epoch=162 step=3300 loss_G=1.3936 loss_D_A=0.1578 loss_D_B=0.3451 cycle=0.0691 idt=0.0393 gnorm=18.276 dnorm=9.783 nan=0
2026-10-04 09:25:28,158 epoch=162 step=3400 loss_G=2.6341 loss_D_A=0.0719 loss_D_B=0.1894 cycle=0.0876 idt=0.0669 gnorm=38.541 dnorm=8.096 nan=0
2026-10-04 09:25:43,574 epoch=162 step=3500 loss_G=1.9451 loss_D_A=0.1302 loss_D_B=0.1309 cycle=0.0689 idt=0.0477 gnorm=22.050 dnorm=6.074 nan=0
2026-10-04 09:25:58,592 epoch=162 step=3600 loss_G=1.6854 loss_D_A=0.1684 loss_D_B=0.1084 cycle=0.0647 idt=0.0428 gnorm=13.014 dnorm=6.095 nan=0
2026-10-04 09:26:13,931 epoch=162 step=3700 loss_G=2.1524 loss_D_A=0.0925 loss_D_B=0.1212 cycle=0.1162 idt=0.0743 gnorm=46.241 dnorm=5.420 nan=0
2026-10-04 09:26:29,361 epoch=162 step=3800 loss_G=2.9821 loss_D_A=0.0381 loss_D_B=0.2007 cycle=0.0821 idt=0.0476 gnorm=28.510 dnorm=5.832 nan=0
2026-10-04 09:26:44,770 epoch=162 step=3900 loss_G=1.4228 loss_D_A=0.1883 loss_D_B=0.1405 cycle=0.0604 idt=0.0593 gnorm=21.635 dnorm=7.731 nan=0
2026-10-04 09:27:00,081 epoch=162 step=4000 loss_G=2.6692 loss_D_A=0.1084 loss_D_B=0.1630 cycle=0.0788 idt=0.0497 gnorm=22.295 dnorm=7.135 nan=0
2026-10-04 09:27:15,502 epoch=162 step=4100 loss_G=2.4858 loss_D_A=0.1747 loss_D_B=0.2687 cycle=0.0903 idt=0.0651 gnorm=33.992 dnorm=10.294 nan=0
2026-10-04 09:27:30,929 epoch=162 step=4200 loss_G=2.6790 loss_D_A=0.2477 loss_D_B=0.0757 cycle=0.0806 idt=0.0535 gnorm=37.389 dnorm=8.397 nan=0
2026-10-04 09:27:46,346 epoch=162 step=4300 loss_G=1.7849 loss_D_A=0.1707 loss_D_B=0.2684 cycle=0.0708 idt=0.0464 gnorm=17.983 dnorm=10.764 nan=0
2026-10-04 09:28:01,666 epoch=162 step=4400 loss_G=1.8874 loss_D_A=0.2475 loss_D_B=0.1828 cycle=0.0882 idt=0.0643 gnorm=22.520 dnorm=10.297 nan=0
2026-10-04 09:28:17,036 epoch=162 step=4500 loss_G=2.8667 loss_D_A=0.1406 loss_D_B=0.1556 cycle=0.0649 idt=0.0396 gnorm=36.047 dnorm=10.419 nan=0
2026-10-04 09:28:32,446 epoch=162 step=4600 loss_G=1.7898 loss_D_A=0.1193 loss_D_B=0.2001 cycle=0.0838 idt=0.0555 gnorm=27.352 dnorm=9.296 nan=0
2026-10-04 09:28:47,587 epoch=162 step=4700 loss_G=2.2214 loss_D_A=0.2988 loss_D_B=0.2418 cycle=0.1181 idt=0.0688 gnorm=22.481 dnorm=9.465 nan=0
2026-10-04 09:29:02,807 epoch=162 step=4800 loss_G=1.6376 loss_D_A=0.3474 loss_D_B=0.0535 cycle=0.0723 idt=0.0466 gnorm=20.343 dnorm=7.796 nan=0
2026-10-04 09:29:18,252 epoch=162 step=4900 loss_G=1.6916 loss_D_A=0.3462 loss_D_B=0.1643 cycle=0.0598 idt=0.0464 gnorm=30.564 dnorm=12.357 nan=0
2026-10-04 09:29:33,638 epoch=162 step=5000 loss_G=2.3013 loss_D_A=0.1178 loss_D_B=0.1585 cycle=0.0908 idt=0.0561 gnorm=39.928 dnorm=8.342 nan=0
2026-10-04 09:29:48,923 epoch=162 step=5100 loss_G=2.7339 loss_D_A=0.0758 loss_D_B=0.2345 cycle=0.0963 idt=0.0533 gnorm=45.160 dnorm=6.389 nan=0
2026-10-04 09:30:04,103 epoch=162 step=5200 loss_G=1.8116 loss_D_A=0.1320 loss_D_B=0.0495 cycle=0.0775 idt=0.0468 gnorm=18.910 dnorm=7.477 nan=0
2026-10-04 09:30:19,536 epoch=162 step=5300 loss_G=2.9333 loss_D_A=0.2022 loss_D_B=0.0519 cycle=0.1081 idt=0.0715 gnorm=39.952 dnorm=6.761 nan=0
2026-10-04 09:30:34,859 epoch=162 step=5400 loss_G=2.3272 loss_D_A=0.0696 loss_D_B=0.0998 cycle=0.0712 idt=0.0727 gnorm=30.804 dnorm=6.435 nan=0
2026-10-04 09:30:50,237 epoch=162 step=5500 loss_G=2.4399 loss_D_A=0.3316 loss_D_B=0.2201 cycle=0.1136 idt=0.0671 gnorm=47.469 dnorm=9.569 nan=0
2026-10-04 09:31:05,516 epoch=162 step=5600 loss_G=2.4996 loss_D_A=0.0703 loss_D_B=0.1629 cycle=0.1000 idt=0.0776 gnorm=22.800 dnorm=7.833 nan=0
2026-10-04 09:31:20,870 epoch=162 step=5700 loss_G=3.0536 loss_D_A=0.1747 loss_D_B=0.1308 cycle=0.0952 idt=0.0596 gnorm=24.370 dnorm=7.752 nan=0
2026-10-04 09:31:36,179 epoch=162 step=5800 loss_G=2.2129 loss_D_A=0.2419 loss_D_B=0.2352 cycle=0.0651 idt=0.0473 gnorm=28.268 dnorm=11.317 nan=0
2026-10-04 09:31:51,600 epoch=162 step=5900 loss_G=1.4753 loss_D_A=0.3883 loss_D_B=0.3740 cycle=0.0784 idt=0.0520 gnorm=20.715 dnorm=14.406 nan=0
2026-10-04 09:32:06,973 epoch=162 step=6000 loss_G=2.5079 loss_D_A=0.2230 loss_D_B=0.1260 cycle=0.0802 idt=0.0519 gnorm=24.188 dnorm=11.796 nan=0
2026-10-04 09:32:22,385 epoch=162 step=6100 loss_G=2.2323 loss_D_A=0.1400 loss_D_B=0.1119 cycle=0.0575 idt=0.0692 gnorm=23.949 dnorm=6.060 nan=0
2026-10-04 09:32:37,730 epoch=162 step=6200 loss_G=2.2413 loss_D_A=0.4072 loss_D_B=0.0263 cycle=0.0867 idt=0.0571 gnorm=44.305 dnorm=10.177 nan=0
2026-10-04 09:32:53,094 epoch=162 step=6300 loss_G=1.8871 loss_D_A=0.2422 loss_D_B=0.0927 cycle=0.0697 idt=0.0413 gnorm=22.458 dnorm=5.468 nan=0
2026-10-04 09:33:08,544 epoch=162 step=6400 loss_G=1.5510 loss_D_A=0.1539 loss_D_B=0.2622 cycle=0.0720 idt=0.0462 gnorm=22.238 dnorm=10.172 nan=0
2026-10-04 09:33:14,336 epoch_mean={'g': 2.1185535953518175, 'd_a': 0.1539386276429986, 'd_b': 0.16354369169142202, 'cycle': 0.08213447317198665, 'identity': 0.05658084126354264, 'epoch': 162}
2026-10-04 09:33:14,953 epoch=163 step=1 loss_G=2.0761 loss_D_A=0.0381 loss_D_B=0.0852 cycle=0.0667 idt=0.0407 gnorm=24.374 dnorm=4.419 nan=0
2026-10-04 09:33:30,000 epoch=163 step=100 loss_G=2.6216 loss_D_A=0.0645 loss_D_B=0.1882 cycle=0.0800 idt=0.0543 gnorm=29.854 dnorm=9.903 nan=0
2026-10-04 09:33:45,328 epoch=163 step=200 loss_G=2.2002 loss_D_A=0.1411 loss_D_B=0.1989 cycle=0.0730 idt=0.0524 gnorm=29.658 dnorm=9.798 nan=0
2026-10-04 09:34:00,254 epoch=163 step=300 loss_G=1.9688 loss_D_A=0.3249 loss_D_B=0.0540 cycle=0.0920 idt=0.0605 gnorm=23.428 dnorm=9.193 nan=0
2026-10-04 09:34:15,512 epoch=163 step=400 loss_G=2.6995 loss_D_A=0.2757 loss_D_B=0.0509 cycle=0.0938 idt=0.0651 gnorm=28.283 dnorm=6.241 nan=0
2026-10-04 09:34:30,567 epoch=163 step=500 loss_G=1.6086 loss_D_A=0.1026 loss_D_B=0.1774 cycle=0.0759 idt=0.0463 gnorm=28.402 dnorm=8.023 nan=0
2026-10-04 09:34:45,709 epoch=163 step=600 loss_G=1.9106 loss_D_A=0.3327 loss_D_B=0.2422 cycle=0.0721 idt=0.0396 gnorm=32.887 dnorm=8.763 nan=0
2026-10-04 09:35:01,161 epoch=163 step=700 loss_G=1.4560 loss_D_A=0.1048 loss_D_B=0.1050 cycle=0.0682 idt=0.0653 gnorm=21.760 dnorm=7.682 nan=0
2026-10-04 09:35:16,527 epoch=163 step=800 loss_G=1.7291 loss_D_A=0.0934 loss_D_B=0.1486 cycle=0.0575 idt=0.0322 gnorm=18.119 dnorm=5.370 nan=0
2026-10-04 09:35:31,957 epoch=163 step=900 loss_G=2.4558 loss_D_A=0.1152 loss_D_B=0.2230 cycle=0.1042 idt=0.0615 gnorm=22.731 dnorm=8.879 nan=0
2026-10-04 09:35:47,402 epoch=163 step=1000 loss_G=2.0074 loss_D_A=0.1267 loss_D_B=0.1341 cycle=0.0696 idt=0.0450 gnorm=21.372 dnorm=6.651 nan=0
2026-10-04 09:36:02,746 epoch=163 step=1100 loss_G=2.5620 loss_D_A=0.1265 loss_D_B=0.0748 cycle=0.1053 idt=0.0921 gnorm=32.252 dnorm=6.206 nan=0
2026-10-04 09:36:18,162 epoch=163 step=1200 loss_G=1.7384 loss_D_A=0.2385 loss_D_B=0.1970 cycle=0.0693 idt=0.0582 gnorm=35.883 dnorm=9.334 nan=0
2026-10-04 09:36:33,590 epoch=163 step=1300 loss_G=1.8538 loss_D_A=0.3180 loss_D_B=0.0902 cycle=0.0729 idt=0.0458 gnorm=21.861 dnorm=14.320 nan=0
2026-10-04 09:36:48,711 epoch=163 step=1400 loss_G=2.8357 loss_D_A=0.0975 loss_D_B=0.1227 cycle=0.0936 idt=0.0611 gnorm=22.263 dnorm=5.836 nan=0
2026-10-04 09:37:03,962 epoch=163 step=1500 loss_G=2.0808 loss_D_A=0.0602 loss_D_B=0.1366 cycle=0.0788 idt=0.0572 gnorm=14.132 dnorm=5.053 nan=0
2026-10-04 09:37:19,410 epoch=163 step=1600 loss_G=2.1094 loss_D_A=0.3658 loss_D_B=0.1462 cycle=0.0824 idt=0.0620 gnorm=30.666 dnorm=9.815 nan=0
2026-10-04 09:37:34,746 epoch=163 step=1700 loss_G=2.4896 loss_D_A=0.0619 loss_D_B=0.0903 cycle=0.0744 idt=0.0476 gnorm=28.748 dnorm=5.989 nan=0
2026-10-04 09:37:49,976 epoch=163 step=1800 loss_G=2.4405 loss_D_A=0.1638 loss_D_B=0.0960 cycle=0.1203 idt=0.0844 gnorm=37.438 dnorm=7.288 nan=0
2026-10-04 09:38:05,344 epoch=163 step=1900 loss_G=1.9614 loss_D_A=0.2887 loss_D_B=0.1652 cycle=0.0753 idt=0.0520 gnorm=21.235 dnorm=11.463 nan=0
2026-10-04 09:38:20,704 epoch=163 step=2000 loss_G=1.9786 loss_D_A=0.0459 loss_D_B=0.2335 cycle=0.0936 idt=0.0740 gnorm=45.976 dnorm=8.724 nan=0
2026-10-04 09:38:35,576 epoch=163 step=2100 loss_G=2.4292 loss_D_A=0.1381 loss_D_B=0.1705 cycle=0.0826 idt=0.0542 gnorm=29.913 dnorm=5.237 nan=0
2026-10-04 09:38:50,926 epoch=163 step=2200 loss_G=2.8819 loss_D_A=0.0872 loss_D_B=0.1314 cycle=0.1041 idt=0.0670 gnorm=30.100 dnorm=9.410 nan=0
2026-10-04 09:39:06,289 epoch=163 step=2300 loss_G=2.2110 loss_D_A=0.2595 loss_D_B=0.2144 cycle=0.0805 idt=0.0546 gnorm=31.091 dnorm=13.915 nan=0
2026-10-04 09:39:21,702 epoch=163 step=2400 loss_G=1.9844 loss_D_A=0.1637 loss_D_B=0.2734 cycle=0.0955 idt=0.0469 gnorm=45.169 dnorm=14.132 nan=0
2026-10-04 09:39:37,064 epoch=163 step=2500 loss_G=2.2441 loss_D_A=0.2794 loss_D_B=0.8511 cycle=0.0945 idt=0.0631 gnorm=41.060 dnorm=18.067 nan=0
2026-10-04 09:39:52,224 epoch=163 step=2600 loss_G=2.6514 loss_D_A=0.0511 loss_D_B=0.2590 cycle=0.1052 idt=0.0730 gnorm=39.642 dnorm=10.976 nan=0
2026-10-04 09:40:07,463 epoch=163 step=2700 loss_G=2.0068 loss_D_A=0.3845 loss_D_B=0.2350 cycle=0.0826 idt=0.0557 gnorm=19.901 dnorm=11.150 nan=0
2026-10-04 09:40:22,815 epoch=163 step=2800 loss_G=2.3476 loss_D_A=0.2510 loss_D_B=0.1110 cycle=0.0821 idt=0.0473 gnorm=30.251 dnorm=9.865 nan=0
2026-10-04 09:40:38,037 epoch=163 step=2900 loss_G=2.5663 loss_D_A=0.2908 loss_D_B=0.1530 cycle=0.1001 idt=0.0773 gnorm=40.845 dnorm=8.860 nan=0
2026-10-04 09:40:52,713 epoch=163 step=3000 loss_G=1.8551 loss_D_A=0.3475 loss_D_B=0.1684 cycle=0.0746 idt=0.0517 gnorm=31.566 dnorm=9.940 nan=0
2026-10-04 09:41:07,748 epoch=163 step=3100 loss_G=2.4258 loss_D_A=0.1112 loss_D_B=0.0686 cycle=0.0835 idt=0.0698 gnorm=29.223 dnorm=4.552 nan=0
2026-10-04 09:41:22,635 epoch=163 step=3200 loss_G=1.6986 loss_D_A=0.1163 loss_D_B=0.1399 cycle=0.0745 idt=0.0441 gnorm=22.899 dnorm=5.937 nan=0
2026-10-04 09:41:37,998 epoch=163 step=3300 loss_G=2.0120 loss_D_A=0.0761 loss_D_B=0.1983 cycle=0.0853 idt=0.0586 gnorm=28.260 dnorm=10.115 nan=0
2026-10-04 09:41:53,222 epoch=163 step=3400 loss_G=2.5778 loss_D_A=0.1046 loss_D_B=0.1696 cycle=0.0753 idt=0.0468 gnorm=22.345 dnorm=8.551 nan=0
2026-10-04 09:42:08,247 epoch=163 step=3500 loss_G=2.2088 loss_D_A=0.1531 loss_D_B=0.0357 cycle=0.0716 idt=0.0708 gnorm=35.370 dnorm=5.345 nan=0
2026-10-04 09:42:23,614 epoch=163 step=3600 loss_G=2.1297 loss_D_A=0.1163 loss_D_B=0.3379 cycle=0.0820 idt=0.0589 gnorm=30.022 dnorm=8.960 nan=0
2026-10-04 09:42:38,836 epoch=163 step=3700 loss_G=2.2361 loss_D_A=0.3455 loss_D_B=0.3064 cycle=0.0975 idt=0.0677 gnorm=36.497 dnorm=10.805 nan=0
2026-10-04 09:42:54,052 epoch=163 step=3800 loss_G=1.6275 loss_D_A=0.1781 loss_D_B=0.1027 cycle=0.0667 idt=0.0438 gnorm=20.948 dnorm=8.542 nan=0
2026-10-04 09:43:09,376 epoch=163 step=3900 loss_G=2.5686 loss_D_A=0.3135 loss_D_B=0.0817 cycle=0.1116 idt=0.0441 gnorm=35.847 dnorm=8.390 nan=0
2026-10-04 09:43:24,598 epoch=163 step=4000 loss_G=2.4343 loss_D_A=0.1046 loss_D_B=0.0466 cycle=0.0770 idt=0.0441 gnorm=17.846 dnorm=5.868 nan=0
2026-10-04 09:43:39,888 epoch=163 step=4100 loss_G=2.3432 loss_D_A=0.1752 loss_D_B=0.2506 cycle=0.1136 idt=0.0679 gnorm=47.533 dnorm=10.371 nan=0
2026-10-04 09:43:55,141 epoch=163 step=4200 loss_G=1.8968 loss_D_A=0.0569 loss_D_B=0.2093 cycle=0.0736 idt=0.0522 gnorm=40.275 dnorm=6.020 nan=0
2026-10-04 09:44:10,237 epoch=163 step=4300 loss_G=2.5980 loss_D_A=0.1719 loss_D_B=0.1637 cycle=0.0735 idt=0.0501 gnorm=23.869 dnorm=7.093 nan=0
2026-10-04 09:44:25,628 epoch=163 step=4400 loss_G=1.8007 loss_D_A=0.2335 loss_D_B=0.1766 cycle=0.0653 idt=0.0381 gnorm=20.052 dnorm=7.474 nan=0
2026-10-04 09:44:40,924 epoch=163 step=4500 loss_G=2.0093 loss_D_A=0.2201 loss_D_B=0.0843 cycle=0.0925 idt=0.0522 gnorm=25.702 dnorm=6.580 nan=0
2026-10-04 09:44:56,245 epoch=163 step=4600 loss_G=2.6148 loss_D_A=0.1161 loss_D_B=0.2112 cycle=0.0926 idt=0.0572 gnorm=38.192 dnorm=7.224 nan=0
2026-10-04 09:45:11,533 epoch=163 step=4700 loss_G=2.6432 loss_D_A=0.1143 loss_D_B=0.1047 cycle=0.0748 idt=0.0457 gnorm=35.985 dnorm=5.339 nan=0
2026-10-04 09:45:26,850 epoch=163 step=4800 loss_G=2.0391 loss_D_A=0.2138 loss_D_B=0.0872 cycle=0.0681 idt=0.0579 gnorm=26.496 dnorm=6.153 nan=0
2026-10-04 09:45:42,007 epoch=163 step=4900 loss_G=1.6058 loss_D_A=0.1580 loss_D_B=0.0545 cycle=0.0776 idt=0.0524 gnorm=27.799 dnorm=6.393 nan=0
2026-10-04 09:45:57,435 epoch=163 step=5000 loss_G=1.9850 loss_D_A=0.1153 loss_D_B=0.1938 cycle=0.0816 idt=0.0548 gnorm=24.599 dnorm=7.197 nan=0
2026-10-04 09:46:12,832 epoch=163 step=5100 loss_G=2.3752 loss_D_A=0.0731 loss_D_B=0.1471 cycle=0.0894 idt=0.0628 gnorm=28.145 dnorm=4.836 nan=0
2026-10-04 09:46:28,283 epoch=163 step=5200 loss_G=1.7466 loss_D_A=0.2454 loss_D_B=0.1596 cycle=0.0753 idt=0.0498 gnorm=20.168 dnorm=8.217 nan=0
2026-10-04 09:46:43,489 epoch=163 step=5300 loss_G=1.3359 loss_D_A=0.0325 loss_D_B=0.1289 cycle=0.0673 idt=0.0479 gnorm=26.708 dnorm=8.963 nan=0
2026-10-04 09:46:58,874 epoch=163 step=5400 loss_G=2.2428 loss_D_A=0.0767 loss_D_B=0.1937 cycle=0.0859 idt=0.0531 gnorm=21.840 dnorm=6.890 nan=0
2026-10-04 09:47:14,363 epoch=163 step=5500 loss_G=3.6470 loss_D_A=0.1045 loss_D_B=0.3325 cycle=0.0937 idt=0.0526 gnorm=35.172 dnorm=12.279 nan=0
2026-10-04 09:47:29,655 epoch=163 step=5600 loss_G=2.0672 loss_D_A=0.1159 loss_D_B=0.2201 cycle=0.0701 idt=0.0534 gnorm=35.366 dnorm=6.365 nan=0
2026-10-04 09:47:45,007 epoch=163 step=5700 loss_G=2.1838 loss_D_A=0.0737 loss_D_B=0.1603 cycle=0.1000 idt=0.0719 gnorm=33.253 dnorm=5.976 nan=0
2026-10-04 09:48:00,203 epoch=163 step=5800 loss_G=2.3083 loss_D_A=0.1230 loss_D_B=0.0496 cycle=0.1097 idt=0.0454 gnorm=37.130 dnorm=8.270 nan=0
2026-10-04 09:48:15,182 epoch=163 step=5900 loss_G=2.0334 loss_D_A=0.2326 loss_D_B=0.3218 cycle=0.0853 idt=0.0699 gnorm=23.485 dnorm=10.135 nan=0
2026-10-04 09:48:30,256 epoch=163 step=6000 loss_G=2.0353 loss_D_A=0.0995 loss_D_B=0.2788 cycle=0.0740 idt=0.0496 gnorm=25.275 dnorm=8.028 nan=0
2026-10-04 09:48:45,496 epoch=163 step=6100 loss_G=2.0182 loss_D_A=0.0852 loss_D_B=0.1126 cycle=0.0685 idt=0.0420 gnorm=33.547 dnorm=8.186 nan=0
2026-10-04 09:49:00,814 epoch=163 step=6200 loss_G=1.8969 loss_D_A=0.0976 loss_D_B=0.1645 cycle=0.0907 idt=0.0539 gnorm=29.065 dnorm=6.392 nan=0
2026-10-04 09:49:16,243 epoch=163 step=6300 loss_G=1.8936 loss_D_A=0.2294 loss_D_B=0.2258 cycle=0.0667 idt=0.0518 gnorm=27.444 dnorm=10.104 nan=0
2026-10-04 09:49:31,441 epoch=163 step=6400 loss_G=2.3796 loss_D_A=0.3652 loss_D_B=0.0671 cycle=0.0754 idt=0.0461 gnorm=25.945 dnorm=8.313 nan=0
2026-10-04 09:49:37,334 epoch_mean={'g': 2.1082922564266853, 'd_a': 0.15317419027830362, 'd_b': 0.1630059603987069, 'cycle': 0.0819458785209644, 'identity': 0.05540223608997602, 'epoch': 163}
2026-10-04 09:49:37,958 epoch=164 step=1 loss_G=2.5702 loss_D_A=0.1514 loss_D_B=0.1067 cycle=0.1067 idt=0.0582 gnorm=38.492 dnorm=6.362 nan=0
2026-10-04 09:49:53,167 epoch=164 step=100 loss_G=2.2163 loss_D_A=0.0655 loss_D_B=0.1548 cycle=0.1216 idt=0.0873 gnorm=31.663 dnorm=8.735 nan=0
2026-10-04 09:50:08,442 epoch=164 step=200 loss_G=2.0653 loss_D_A=0.0462 loss_D_B=0.0690 cycle=0.0690 idt=0.0436 gnorm=42.149 dnorm=5.148 nan=0
2026-10-04 09:50:23,852 epoch=164 step=300 loss_G=2.0701 loss_D_A=0.0438 loss_D_B=0.1031 cycle=0.0688 idt=0.0448 gnorm=19.944 dnorm=7.410 nan=0
2026-10-04 09:50:39,247 epoch=164 step=400 loss_G=2.1985 loss_D_A=0.2172 loss_D_B=0.0813 cycle=0.0776 idt=0.0470 gnorm=32.228 dnorm=6.745 nan=0
2026-10-04 09:50:54,236 epoch=164 step=500 loss_G=1.5728 loss_D_A=0.1941 loss_D_B=0.3485 cycle=0.0675 idt=0.0469 gnorm=25.306 dnorm=9.038 nan=0
2026-10-04 09:51:09,424 epoch=164 step=600 loss_G=1.5101 loss_D_A=0.0916 loss_D_B=0.1737 cycle=0.0647 idt=0.0475 gnorm=24.503 dnorm=6.609 nan=0
2026-10-04 09:51:24,830 epoch=164 step=700 loss_G=1.6518 loss_D_A=0.1306 loss_D_B=0.1764 cycle=0.0937 idt=0.0674 gnorm=27.092 dnorm=8.067 nan=0
2026-10-04 09:51:40,027 epoch=164 step=800 loss_G=1.9914 loss_D_A=0.2917 loss_D_B=0.1775 cycle=0.0665 idt=0.0497 gnorm=24.298 dnorm=11.705 nan=0
2026-10-04 09:51:55,426 epoch=164 step=900 loss_G=2.2292 loss_D_A=0.1521 loss_D_B=0.2397 cycle=0.0976 idt=0.1290 gnorm=35.737 dnorm=10.632 nan=0
2026-10-04 09:52:10,815 epoch=164 step=1000 loss_G=1.9288 loss_D_A=0.2165 loss_D_B=0.1754 cycle=0.0772 idt=0.0534 gnorm=14.312 dnorm=10.343 nan=0
2026-10-04 09:52:26,246 epoch=164 step=1100 loss_G=2.1779 loss_D_A=0.1212 loss_D_B=0.1089 cycle=0.0946 idt=0.0517 gnorm=24.950 dnorm=6.155 nan=0
2026-10-04 09:52:41,654 epoch=164 step=1200 loss_G=2.9581 loss_D_A=0.1538 loss_D_B=0.1347 cycle=0.1000 idt=0.0916 gnorm=32.124 dnorm=8.422 nan=0
2026-10-04 09:52:57,078 epoch=164 step=1300 loss_G=1.9288 loss_D_A=0.2076 loss_D_B=0.2387 cycle=0.0737 idt=0.0447 gnorm=15.938 dnorm=12.547 nan=0
2026-10-04 09:53:12,522 epoch=164 step=1400 loss_G=1.6796 loss_D_A=0.1703 loss_D_B=0.1636 cycle=0.0710 idt=0.0391 gnorm=42.480 dnorm=8.471 nan=0
2026-10-04 09:53:27,552 epoch=164 step=1500 loss_G=2.4046 loss_D_A=0.0986 loss_D_B=0.0984 cycle=0.0773 idt=0.0487 gnorm=28.741 dnorm=5.696 nan=0
2026-10-04 09:53:42,901 epoch=164 step=1600 loss_G=3.0230 loss_D_A=0.0870 loss_D_B=0.1276 cycle=0.1055 idt=0.0681 gnorm=22.659 dnorm=5.870 nan=0
2026-10-04 09:53:57,705 epoch=164 step=1700 loss_G=2.1807 loss_D_A=0.1746 loss_D_B=0.1209 cycle=0.0837 idt=0.0484 gnorm=21.349 dnorm=10.910 nan=0
2026-10-04 09:54:12,833 epoch=164 step=1800 loss_G=2.6546 loss_D_A=0.1839 loss_D_B=0.2786 cycle=0.0787 idt=0.0614 gnorm=33.743 dnorm=9.909 nan=0
2026-10-04 09:54:28,158 epoch=164 step=1900 loss_G=1.8984 loss_D_A=0.1265 loss_D_B=0.1047 cycle=0.0640 idt=0.0391 gnorm=29.723 dnorm=12.134 nan=0
2026-10-04 09:54:43,560 epoch=164 step=2000 loss_G=1.8759 loss_D_A=0.1088 loss_D_B=0.0802 cycle=0.0797 idt=0.0568 gnorm=34.998 dnorm=6.872 nan=0
2026-10-04 09:54:58,716 epoch=164 step=2100 loss_G=1.7546 loss_D_A=0.2224 loss_D_B=0.1051 cycle=0.0685 idt=0.0379 gnorm=28.291 dnorm=7.909 nan=0
2026-10-04 09:55:14,066 epoch=164 step=2200 loss_G=1.7953 loss_D_A=0.1200 loss_D_B=0.3421 cycle=0.0900 idt=0.0656 gnorm=23.377 dnorm=6.846 nan=0
2026-10-04 09:55:29,458 epoch=164 step=2300 loss_G=2.1020 loss_D_A=0.1491 loss_D_B=0.0649 cycle=0.0916 idt=0.0685 gnorm=24.766 dnorm=5.927 nan=0
2026-10-04 09:55:44,885 epoch=164 step=2400 loss_G=2.0345 loss_D_A=0.4063 loss_D_B=0.3083 cycle=0.0789 idt=0.0496 gnorm=20.883 dnorm=13.346 nan=0
2026-10-04 09:56:00,270 epoch=164 step=2500 loss_G=2.3309 loss_D_A=0.0745 loss_D_B=0.1101 cycle=0.0808 idt=0.0750 gnorm=26.041 dnorm=8.057 nan=0
2026-10-04 09:56:15,648 epoch=164 step=2600 loss_G=2.4517 loss_D_A=0.1130 loss_D_B=0.0833 cycle=0.0755 idt=0.0537 gnorm=43.853 dnorm=5.439 nan=0
2026-10-04 09:56:30,856 epoch=164 step=2700 loss_G=2.1749 loss_D_A=0.1547 loss_D_B=0.5030 cycle=0.0810 idt=0.0537 gnorm=24.208 dnorm=13.581 nan=0
2026-10-04 09:56:45,799 epoch=164 step=2800 loss_G=2.1904 loss_D_A=0.1027 loss_D_B=0.1673 cycle=0.0860 idt=0.0567 gnorm=27.185 dnorm=6.830 nan=0
2026-10-04 09:57:01,066 epoch=164 step=2900 loss_G=1.5135 loss_D_A=0.2229 loss_D_B=0.1527 cycle=0.0774 idt=0.0481 gnorm=26.418 dnorm=7.207 nan=0
2026-10-04 09:57:16,007 epoch=164 step=3000 loss_G=1.7245 loss_D_A=0.0418 loss_D_B=0.1277 cycle=0.0789 idt=0.0404 gnorm=26.181 dnorm=5.695 nan=0
2026-10-04 09:57:31,153 epoch=164 step=3100 loss_G=1.8372 loss_D_A=0.1043 loss_D_B=0.1207 cycle=0.0843 idt=0.0507 gnorm=19.379 dnorm=6.346 nan=0
2026-10-04 09:57:46,591 epoch=164 step=3200 loss_G=2.4191 loss_D_A=0.0843 loss_D_B=0.1162 cycle=0.0665 idt=0.0531 gnorm=31.979 dnorm=8.930 nan=0
2026-10-04 09:58:01,894 epoch=164 step=3300 loss_G=2.1985 loss_D_A=0.2426 loss_D_B=0.4119 cycle=0.1054 idt=0.0782 gnorm=32.409 dnorm=9.486 nan=0
2026-10-04 09:58:16,579 epoch=164 step=3400 loss_G=1.6288 loss_D_A=0.1867 loss_D_B=0.2163 cycle=0.0602 idt=0.0402 gnorm=18.095 dnorm=7.934 nan=0
2026-10-04 09:58:31,688 epoch=164 step=3500 loss_G=2.1319 loss_D_A=0.4263 loss_D_B=0.0704 cycle=0.0918 idt=0.0585 gnorm=19.858 dnorm=11.518 nan=0
2026-10-04 09:58:46,889 epoch=164 step=3600 loss_G=2.0561 loss_D_A=0.0793 loss_D_B=0.1152 cycle=0.0810 idt=0.0482 gnorm=25.898 dnorm=5.525 nan=0
2026-10-04 09:59:02,143 epoch=164 step=3700 loss_G=2.2400 loss_D_A=0.0897 loss_D_B=0.1236 cycle=0.0911 idt=0.0609 gnorm=35.389 dnorm=5.486 nan=0
2026-10-04 09:59:17,287 epoch=164 step=3800 loss_G=2.8468 loss_D_A=0.1370 loss_D_B=0.0452 cycle=0.1069 idt=0.0621 gnorm=26.141 dnorm=6.804 nan=0
2026-10-04 09:59:32,556 epoch=164 step=3900 loss_G=1.8622 loss_D_A=0.1881 loss_D_B=0.1447 cycle=0.0713 idt=0.0415 gnorm=21.013 dnorm=5.662 nan=0
2026-10-04 09:59:47,602 epoch=164 step=4000 loss_G=2.0812 loss_D_A=0.1261 loss_D_B=0.0812 cycle=0.0767 idt=0.0489 gnorm=17.339 dnorm=7.546 nan=0
2026-10-04 10:00:02,935 epoch=164 step=4100 loss_G=2.1096 loss_D_A=0.1402 loss_D_B=0.2011 cycle=0.0872 idt=0.0568 gnorm=23.193 dnorm=7.557 nan=0
2026-10-04 10:00:18,125 epoch=164 step=4200 loss_G=2.0365 loss_D_A=0.1434 loss_D_B=0.0406 cycle=0.0831 idt=0.0599 gnorm=34.796 dnorm=8.714 nan=0
2026-10-04 10:00:32,125 epoch=164 step=4300 loss_G=1.8502 loss_D_A=0.2104 loss_D_B=0.1599 cycle=0.0675 idt=0.0424 gnorm=18.284 dnorm=6.464 nan=0
2026-10-04 10:00:47,379 epoch=164 step=4400 loss_G=1.9805 loss_D_A=0.1147 loss_D_B=0.2961 cycle=0.0772 idt=0.0402 gnorm=24.854 dnorm=12.296 nan=0
2026-10-04 10:01:02,680 epoch=164 step=4500 loss_G=1.6198 loss_D_A=0.1802 loss_D_B=0.1948 cycle=0.0696 idt=0.0402 gnorm=26.442 dnorm=10.320 nan=0
2026-10-04 10:01:18,002 epoch=164 step=4600 loss_G=2.3678 loss_D_A=0.2608 loss_D_B=0.2045 cycle=0.0866 idt=0.0856 gnorm=45.563 dnorm=11.514 nan=0
2026-10-04 10:01:33,332 epoch=164 step=4700 loss_G=1.9807 loss_D_A=0.3585 loss_D_B=0.0842 cycle=0.1064 idt=0.0642 gnorm=36.369 dnorm=10.053 nan=0
2026-10-04 10:01:48,622 epoch=164 step=4800 loss_G=2.2925 loss_D_A=0.1263 loss_D_B=0.1816 cycle=0.0737 idt=0.0621 gnorm=28.491 dnorm=13.633 nan=0
2026-10-04 10:02:03,948 epoch=164 step=4900 loss_G=1.7621 loss_D_A=0.0331 loss_D_B=0.0594 cycle=0.0807 idt=0.0548 gnorm=34.566 dnorm=3.284 nan=0
2026-10-04 10:02:19,107 epoch=164 step=5000 loss_G=2.7923 loss_D_A=0.0459 loss_D_B=0.1358 cycle=0.1236 idt=0.0730 gnorm=64.638 dnorm=4.956 nan=0
2026-10-04 10:02:34,426 epoch=164 step=5100 loss_G=2.0156 loss_D_A=0.1527 loss_D_B=0.2978 cycle=0.0883 idt=0.0692 gnorm=26.931 dnorm=10.312 nan=0
2026-10-04 10:02:49,565 epoch=164 step=5200 loss_G=1.9559 loss_D_A=0.3834 loss_D_B=0.3504 cycle=0.0720 idt=0.0514 gnorm=30.090 dnorm=12.451 nan=0
2026-10-04 10:03:04,909 epoch=164 step=5300 loss_G=2.3221 loss_D_A=0.1305 loss_D_B=0.1414 cycle=0.0751 idt=0.0448 gnorm=30.893 dnorm=9.606 nan=0
2026-10-04 10:03:20,040 epoch=164 step=5400 loss_G=2.2779 loss_D_A=0.1004 loss_D_B=0.1705 cycle=0.0957 idt=0.0644 gnorm=41.609 dnorm=6.578 nan=0
2026-10-04 10:03:35,345 epoch=164 step=5500 loss_G=2.3753 loss_D_A=0.1502 loss_D_B=0.1036 cycle=0.0876 idt=0.0592 gnorm=41.486 dnorm=8.269 nan=0
2026-10-04 10:03:50,542 epoch=164 step=5600 loss_G=2.1169 loss_D_A=0.1870 loss_D_B=0.1663 cycle=0.0811 idt=0.0591 gnorm=28.029 dnorm=8.263 nan=0
2026-10-04 10:04:05,806 epoch=164 step=5700 loss_G=1.8679 loss_D_A=0.1312 loss_D_B=0.2043 cycle=0.0665 idt=0.0353 gnorm=27.799 dnorm=9.437 nan=0
2026-10-04 10:04:21,107 epoch=164 step=5800 loss_G=1.9826 loss_D_A=0.1376 loss_D_B=0.1589 cycle=0.0765 idt=0.0612 gnorm=36.782 dnorm=5.446 nan=0
2026-10-04 10:04:36,455 epoch=164 step=5900 loss_G=2.4951 loss_D_A=0.0237 loss_D_B=0.1986 cycle=0.1067 idt=0.0774 gnorm=33.021 dnorm=5.287 nan=0
2026-10-04 10:04:51,741 epoch=164 step=6000 loss_G=2.5737 loss_D_A=0.3058 loss_D_B=0.2254 cycle=0.1131 idt=0.0699 gnorm=26.446 dnorm=8.049 nan=0
2026-10-04 10:05:06,434 epoch=164 step=6100 loss_G=2.0621 loss_D_A=0.3027 loss_D_B=0.0814 cycle=0.0947 idt=0.0664 gnorm=20.468 dnorm=10.409 nan=0
2026-10-04 10:05:21,796 epoch=164 step=6200 loss_G=2.1106 loss_D_A=0.1033 loss_D_B=0.1877 cycle=0.0665 idt=0.0408 gnorm=28.410 dnorm=10.069 nan=0
2026-10-04 10:05:37,109 epoch=164 step=6300 loss_G=2.0815 loss_D_A=0.1724 loss_D_B=0.2038 cycle=0.0945 idt=0.0639 gnorm=32.053 dnorm=6.951 nan=0
2026-10-04 10:05:52,193 epoch=164 step=6400 loss_G=2.1083 loss_D_A=0.0607 loss_D_B=0.3831 cycle=0.0754 idt=0.0440 gnorm=21.600 dnorm=9.291 nan=0
2026-10-04 10:05:58,063 epoch_mean={'g': 2.101821126757145, 'd_a': 0.15320216709503146, 'd_b': 0.1603523436893251, 'cycle': 0.08108513871495418, 'identity': 0.054767282752007124, 'epoch': 164}
2026-10-04 10:05:58,673 epoch=165 step=1 loss_G=2.0516 loss_D_A=0.0275 loss_D_B=0.1478 cycle=0.0798 idt=0.0507 gnorm=23.087 dnorm=4.265 nan=0
2026-10-04 10:06:13,628 epoch=165 step=100 loss_G=1.9320 loss_D_A=0.2906 loss_D_B=0.1686 cycle=0.0671 idt=0.0360 gnorm=29.166 dnorm=9.150 nan=0
2026-10-04 10:06:28,290 epoch=165 step=200 loss_G=2.4795 loss_D_A=0.0438 loss_D_B=0.2141 cycle=0.0986 idt=0.0576 gnorm=34.319 dnorm=9.227 nan=0
2026-10-04 10:06:43,280 epoch=165 step=300 loss_G=2.1944 loss_D_A=0.1057 loss_D_B=0.1877 cycle=0.0740 idt=0.0489 gnorm=32.796 dnorm=9.366 nan=0
2026-10-04 10:06:58,308 epoch=165 step=400 loss_G=2.2501 loss_D_A=0.0925 loss_D_B=0.0944 cycle=0.0745 idt=0.0391 gnorm=23.338 dnorm=4.303 nan=0
2026-10-04 10:07:13,472 epoch=165 step=500 loss_G=1.6079 loss_D_A=0.2547 loss_D_B=0.2456 cycle=0.0763 idt=0.0496 gnorm=26.740 dnorm=8.988 nan=0
2026-10-04 10:07:28,549 epoch=165 step=600 loss_G=1.8179 loss_D_A=0.1226 loss_D_B=0.1315 cycle=0.0746 idt=0.0397 gnorm=37.142 dnorm=8.617 nan=0
2026-10-04 10:07:43,703 epoch=165 step=700 loss_G=1.6922 loss_D_A=0.1471 loss_D_B=0.2408 cycle=0.0737 idt=0.0442 gnorm=34.940 dnorm=10.475 nan=0
2026-10-04 10:07:58,695 epoch=165 step=800 loss_G=2.1064 loss_D_A=0.1326 loss_D_B=0.1958 cycle=0.0766 idt=0.0516 gnorm=23.140 dnorm=7.641 nan=0
2026-10-04 10:08:13,737 epoch=165 step=900 loss_G=1.8403 loss_D_A=0.0615 loss_D_B=0.1472 cycle=0.0550 idt=0.0392 gnorm=21.953 dnorm=5.714 nan=0
2026-10-04 10:08:28,743 epoch=165 step=1000 loss_G=2.6019 loss_D_A=0.0696 loss_D_B=0.2044 cycle=0.0684 idt=0.0373 gnorm=24.534 dnorm=7.650 nan=0
2026-10-04 10:08:44,109 epoch=165 step=1100 loss_G=2.2966 loss_D_A=0.3425 loss_D_B=0.0764 cycle=0.0901 idt=0.0632 gnorm=26.597 dnorm=9.163 nan=0
2026-10-04 10:08:59,400 epoch=165 step=1200 loss_G=1.7728 loss_D_A=0.2535 loss_D_B=0.1791 cycle=0.0747 idt=0.0447 gnorm=22.010 dnorm=9.162 nan=0
2026-10-04 10:09:14,725 epoch=165 step=1300 loss_G=1.2062 loss_D_A=0.1213 loss_D_B=0.2364 cycle=0.0766 idt=0.0484 gnorm=20.736 dnorm=14.608 nan=0
2026-10-04 10:09:29,957 epoch=165 step=1400 loss_G=1.7350 loss_D_A=0.0837 loss_D_B=0.2339 cycle=0.0889 idt=0.0708 gnorm=34.762 dnorm=7.407 nan=0
2026-10-04 10:09:44,693 epoch=165 step=1500 loss_G=1.6130 loss_D_A=0.2547 loss_D_B=0.1152 cycle=0.0673 idt=0.0540 gnorm=35.637 dnorm=8.011 nan=0
2026-10-04 10:09:59,899 epoch=165 step=1600 loss_G=1.7726 loss_D_A=0.0552 loss_D_B=0.2733 cycle=0.0709 idt=0.0468 gnorm=27.702 dnorm=6.491 nan=0
2026-10-04 10:10:14,860 epoch=165 step=1700 loss_G=1.8507 loss_D_A=0.0793 loss_D_B=0.0368 cycle=0.0879 idt=0.0523 gnorm=34.549 dnorm=5.006 nan=0
2026-10-04 10:10:29,682 epoch=165 step=1800 loss_G=1.5533 loss_D_A=0.0583 loss_D_B=0.0822 cycle=0.0621 idt=0.0414 gnorm=26.922 dnorm=7.638 nan=0
2026-10-04 10:10:45,051 epoch=165 step=1900 loss_G=2.1826 loss_D_A=0.0633 loss_D_B=0.4695 cycle=0.0865 idt=0.0510 gnorm=22.960 dnorm=15.559 nan=0
2026-10-04 10:11:00,355 epoch=165 step=2000 loss_G=2.1735 loss_D_A=0.1879 loss_D_B=0.1357 cycle=0.0707 idt=0.0647 gnorm=28.542 dnorm=4.990 nan=0
2026-10-04 10:11:15,618 epoch=165 step=2100 loss_G=2.1526 loss_D_A=0.0644 loss_D_B=0.1216 cycle=0.0827 idt=0.0489 gnorm=47.202 dnorm=6.790 nan=0
2026-10-04 10:11:30,943 epoch=165 step=2200 loss_G=2.5605 loss_D_A=0.2078 loss_D_B=0.1851 cycle=0.0731 idt=0.0533 gnorm=25.828 dnorm=7.381 nan=0
2026-10-04 10:11:46,307 epoch=165 step=2300 loss_G=1.4478 loss_D_A=0.0871 loss_D_B=0.1846 cycle=0.0714 idt=0.0396 gnorm=22.690 dnorm=9.203 nan=0
2026-10-04 10:12:01,418 epoch=165 step=2400 loss_G=1.4817 loss_D_A=0.1619 loss_D_B=0.1041 cycle=0.0731 idt=0.0378 gnorm=25.660 dnorm=7.143 nan=0
2026-10-04 10:12:16,616 epoch=165 step=2500 loss_G=2.4685 loss_D_A=0.1917 loss_D_B=0.0865 cycle=0.0813 idt=0.0495 gnorm=39.008 dnorm=9.606 nan=0
2026-10-04 10:12:32,022 epoch=165 step=2600 loss_G=2.5390 loss_D_A=0.0726 loss_D_B=0.1610 cycle=0.0829 idt=0.0578 gnorm=42.750 dnorm=6.064 nan=0
2026-10-04 10:12:47,353 epoch=165 step=2700 loss_G=2.7863 loss_D_A=0.2001 loss_D_B=0.0762 cycle=0.0910 idt=0.0611 gnorm=29.798 dnorm=8.999 nan=0
2026-10-04 10:13:02,696 epoch=165 step=2800 loss_G=2.5316 loss_D_A=0.2337 loss_D_B=0.1341 cycle=0.0882 idt=0.0620 gnorm=37.727 dnorm=6.928 nan=0
2026-10-04 10:13:18,035 epoch=165 step=2900 loss_G=2.1671 loss_D_A=0.1357 loss_D_B=0.1919 cycle=0.0837 idt=0.0577 gnorm=36.341 dnorm=6.378 nan=0
2026-10-04 10:13:32,879 epoch=165 step=3000 loss_G=2.8023 loss_D_A=0.1189 loss_D_B=0.0746 cycle=0.1110 idt=0.0426 gnorm=37.389 dnorm=5.625 nan=0
2026-10-04 10:13:47,807 epoch=165 step=3100 loss_G=2.1379 loss_D_A=0.1524 loss_D_B=0.1280 cycle=0.0946 idt=0.0714 gnorm=27.051 dnorm=8.714 nan=0
2026-10-04 10:14:03,160 epoch=165 step=3200 loss_G=2.0948 loss_D_A=0.2805 loss_D_B=0.1613 cycle=0.0619 idt=0.0453 gnorm=30.399 dnorm=9.130 nan=0
2026-10-04 10:14:18,289 epoch=165 step=3300 loss_G=1.8329 loss_D_A=0.2023 loss_D_B=0.1055 cycle=0.0681 idt=0.0487 gnorm=30.694 dnorm=9.553 nan=0
2026-10-04 10:14:33,635 epoch=165 step=3400 loss_G=2.1003 loss_D_A=0.0432 loss_D_B=0.2070 cycle=0.0740 idt=0.0506 gnorm=26.708 dnorm=7.063 nan=0
2026-10-04 10:14:48,993 epoch=165 step=3500 loss_G=2.9651 loss_D_A=0.1548 loss_D_B=0.1075 cycle=0.1075 idt=0.0553 gnorm=34.919 dnorm=7.708 nan=0
2026-10-04 10:15:04,161 epoch=165 step=3600 loss_G=2.0711 loss_D_A=0.0786 loss_D_B=0.1425 cycle=0.0823 idt=0.0561 gnorm=29.561 dnorm=7.017 nan=0
2026-10-04 10:15:19,479 epoch=165 step=3700 loss_G=2.0332 loss_D_A=0.1293 loss_D_B=0.0656 cycle=0.0811 idt=0.0525 gnorm=35.194 dnorm=4.421 nan=0
2026-10-04 10:15:34,759 epoch=165 step=3800 loss_G=1.9966 loss_D_A=0.1965 loss_D_B=0.3555 cycle=0.0683 idt=0.0468 gnorm=29.569 dnorm=12.888 nan=0
2026-10-04 10:15:49,975 epoch=165 step=3900 loss_G=1.3362 loss_D_A=0.0373 loss_D_B=0.3992 cycle=0.0742 idt=0.0598 gnorm=35.981 dnorm=12.433 nan=0
2026-10-04 10:16:05,351 epoch=165 step=4000 loss_G=2.1199 loss_D_A=0.1407 loss_D_B=0.0957 cycle=0.0947 idt=0.0467 gnorm=34.168 dnorm=6.063 nan=0
2026-10-04 10:16:20,721 epoch=165 step=4100 loss_G=1.6906 loss_D_A=0.3165 loss_D_B=0.0761 cycle=0.0801 idt=0.0517 gnorm=25.123 dnorm=9.656 nan=0
2026-10-04 10:16:36,039 epoch=165 step=4200 loss_G=2.1159 loss_D_A=0.2204 loss_D_B=0.0766 cycle=0.0820 idt=0.0479 gnorm=22.211 dnorm=6.864 nan=0
2026-10-04 10:16:51,197 epoch=165 step=4300 loss_G=1.3710 loss_D_A=0.0875 loss_D_B=0.2157 cycle=0.0722 idt=0.0501 gnorm=28.872 dnorm=8.049 nan=0
2026-10-04 10:17:06,508 epoch=165 step=4400 loss_G=2.3261 loss_D_A=0.1186 loss_D_B=0.0638 cycle=0.0928 idt=0.0785 gnorm=52.665 dnorm=6.915 nan=0
2026-10-04 10:17:21,781 epoch=165 step=4500 loss_G=1.8167 loss_D_A=0.0856 loss_D_B=0.2039 cycle=0.0689 idt=0.0408 gnorm=29.466 dnorm=6.264 nan=0
2026-10-04 10:17:36,971 epoch=165 step=4600 loss_G=2.0398 loss_D_A=0.0992 loss_D_B=0.1283 cycle=0.0898 idt=0.0501 gnorm=28.654 dnorm=6.645 nan=0
2026-10-04 10:17:51,982 epoch=165 step=4700 loss_G=1.6955 loss_D_A=0.0998 loss_D_B=0.0822 cycle=0.0602 idt=0.0339 gnorm=27.774 dnorm=6.234 nan=0
2026-10-04 10:18:07,306 epoch=165 step=4800 loss_G=2.0043 loss_D_A=0.0923 loss_D_B=0.1582 cycle=0.0754 idt=0.0555 gnorm=35.127 dnorm=9.003 nan=0
2026-10-04 10:18:22,626 epoch=165 step=4900 loss_G=2.6266 loss_D_A=0.1221 loss_D_B=0.0627 cycle=0.0894 idt=0.0615 gnorm=23.169 dnorm=5.704 nan=0
2026-10-04 10:18:37,653 epoch=165 step=5000 loss_G=1.5346 loss_D_A=0.3455 loss_D_B=0.3024 cycle=0.0686 idt=0.0413 gnorm=25.298 dnorm=9.655 nan=0
2026-10-04 10:18:52,731 epoch=165 step=5100 loss_G=1.5092 loss_D_A=0.0382 loss_D_B=0.2012 cycle=0.0795 idt=0.0507 gnorm=36.509 dnorm=8.368 nan=0
2026-10-04 10:19:07,806 epoch=165 step=5200 loss_G=1.8582 loss_D_A=0.1440 loss_D_B=0.1531 cycle=0.0624 idt=0.0452 gnorm=15.490 dnorm=9.302 nan=0
2026-10-04 10:19:22,789 epoch=165 step=5300 loss_G=1.8169 loss_D_A=0.1036 loss_D_B=0.2011 cycle=0.0717 idt=0.0535 gnorm=23.801 dnorm=9.764 nan=0
2026-10-04 10:19:38,215 epoch=165 step=5400 loss_G=1.8518 loss_D_A=0.0619 loss_D_B=0.0860 cycle=0.0731 idt=0.0532 gnorm=27.936 dnorm=6.155 nan=0
2026-10-04 10:19:53,532 epoch=165 step=5500 loss_G=1.9972 loss_D_A=0.1636 loss_D_B=0.2876 cycle=0.0788 idt=0.0588 gnorm=27.364 dnorm=9.640 nan=0
2026-10-04 10:20:08,924 epoch=165 step=5600 loss_G=1.9116 loss_D_A=0.2264 loss_D_B=0.0663 cycle=0.0776 idt=0.0563 gnorm=24.020 dnorm=11.542 nan=0
2026-10-04 10:20:24,009 epoch=165 step=5700 loss_G=2.1856 loss_D_A=0.1849 loss_D_B=0.1604 cycle=0.0769 idt=0.0459 gnorm=23.094 dnorm=5.883 nan=0
2026-10-04 10:20:39,297 epoch=165 step=5800 loss_G=2.6481 loss_D_A=0.2573 loss_D_B=0.1292 cycle=0.1333 idt=0.1221 gnorm=47.640 dnorm=10.053 nan=0
2026-10-04 10:20:54,532 epoch=165 step=5900 loss_G=1.6618 loss_D_A=0.1417 loss_D_B=0.3185 cycle=0.0624 idt=0.0463 gnorm=18.632 dnorm=6.458 nan=0
2026-10-04 10:21:09,860 epoch=165 step=6000 loss_G=2.4648 loss_D_A=0.1939 loss_D_B=0.0879 cycle=0.1324 idt=0.0489 gnorm=41.916 dnorm=8.582 nan=0
2026-10-04 10:21:25,153 epoch=165 step=6100 loss_G=2.0298 loss_D_A=0.0923 loss_D_B=0.0544 cycle=0.0688 idt=0.0482 gnorm=21.724 dnorm=3.894 nan=0
2026-10-04 10:21:40,247 epoch=165 step=6200 loss_G=2.5969 loss_D_A=0.1771 loss_D_B=0.2527 cycle=0.0790 idt=0.0505 gnorm=38.788 dnorm=14.908 nan=0
2026-10-04 10:21:55,574 epoch=165 step=6300 loss_G=2.1841 loss_D_A=0.0560 loss_D_B=0.1792 cycle=0.0725 idt=0.0476 gnorm=27.980 dnorm=8.072 nan=0
2026-10-04 10:22:10,629 epoch=165 step=6400 loss_G=2.6649 loss_D_A=0.1527 loss_D_B=0.1445 cycle=0.0815 idt=0.0536 gnorm=35.666 dnorm=7.694 nan=0
2026-10-04 10:22:16,476 epoch_mean={'g': 2.0979027417773377, 'd_a': 0.1502262718672336, 'd_b': 0.159989147535871, 'cycle': 0.08085770264809529, 'identity': 0.054397161127655136, 'epoch': 165}
2026-10-04 10:22:17,107 epoch=166 step=1 loss_G=1.9930 loss_D_A=0.3290 loss_D_B=0.1763 cycle=0.0662 idt=0.0459 gnorm=30.142 dnorm=8.578 nan=0
2026-10-04 10:22:32,271 epoch=166 step=100 loss_G=1.9936 loss_D_A=0.2307 loss_D_B=0.1078 cycle=0.0926 idt=0.0623 gnorm=38.103 dnorm=10.846 nan=0
2026-10-04 10:22:47,701 epoch=166 step=200 loss_G=2.6586 loss_D_A=0.0772 loss_D_B=0.0708 cycle=0.0872 idt=0.0724 gnorm=35.393 dnorm=4.748 nan=0
2026-10-04 10:23:03,054 epoch=166 step=300 loss_G=2.8393 loss_D_A=0.1247 loss_D_B=0.3037 cycle=0.0738 idt=0.0454 gnorm=27.258 dnorm=6.683 nan=0
2026-10-04 10:23:17,777 epoch=166 step=400 loss_G=1.4490 loss_D_A=0.2640 loss_D_B=0.0868 cycle=0.0682 idt=0.0463 gnorm=33.818 dnorm=8.147 nan=0
2026-10-04 10:23:32,844 epoch=166 step=500 loss_G=1.8438 loss_D_A=0.1293 loss_D_B=0.2942 cycle=0.0839 idt=0.0594 gnorm=33.075 dnorm=16.536 nan=0
2026-10-04 10:23:48,108 epoch=166 step=600 loss_G=2.3642 loss_D_A=0.2939 loss_D_B=0.2686 cycle=0.0882 idt=0.0535 gnorm=25.997 dnorm=8.351 nan=0
2026-10-04 10:24:03,011 epoch=166 step=700 loss_G=1.8259 loss_D_A=0.2016 loss_D_B=0.2995 cycle=0.0888 idt=0.0597 gnorm=32.299 dnorm=10.088 nan=0
2026-10-04 10:24:18,372 epoch=166 step=800 loss_G=2.2758 loss_D_A=0.1276 loss_D_B=0.2836 cycle=0.0870 idt=0.0603 gnorm=36.248 dnorm=8.423 nan=0
2026-10-04 10:24:33,687 epoch=166 step=900 loss_G=2.9468 loss_D_A=0.0704 loss_D_B=0.1627 cycle=0.1427 idt=0.0506 gnorm=45.205 dnorm=7.364 nan=0
2026-10-04 10:24:49,021 epoch=166 step=1000 loss_G=1.7458 loss_D_A=0.1277 loss_D_B=0.2337 cycle=0.0997 idt=0.0702 gnorm=34.145 dnorm=14.297 nan=0
2026-10-04 10:25:04,383 epoch=166 step=1100 loss_G=1.6030 loss_D_A=0.1760 loss_D_B=0.0989 cycle=0.0739 idt=0.0514 gnorm=27.863 dnorm=7.873 nan=0
2026-10-04 10:25:19,663 epoch=166 step=1200 loss_G=1.8137 loss_D_A=0.3013 loss_D_B=0.2354 cycle=0.0717 idt=0.0497 gnorm=16.373 dnorm=9.882 nan=0
2026-10-04 10:25:34,726 epoch=166 step=1300 loss_G=1.3715 loss_D_A=0.0532 loss_D_B=0.1102 cycle=0.0799 idt=0.0455 gnorm=20.464 dnorm=6.435 nan=0
2026-10-04 10:25:50,062 epoch=166 step=1400 loss_G=1.6255 loss_D_A=0.1967 loss_D_B=0.1767 cycle=0.0618 idt=0.0488 gnorm=26.187 dnorm=8.234 nan=0
2026-10-04 10:26:05,047 epoch=166 step=1500 loss_G=2.5211 loss_D_A=0.0396 loss_D_B=0.2150 cycle=0.0868 idt=0.0614 gnorm=28.206 dnorm=10.953 nan=0
2026-10-04 10:26:20,323 epoch=166 step=1600 loss_G=1.9520 loss_D_A=0.2803 loss_D_B=0.1846 cycle=0.0676 idt=0.0529 gnorm=25.815 dnorm=10.187 nan=0
2026-10-04 10:26:35,682 epoch=166 step=1700 loss_G=2.0666 loss_D_A=0.1220 loss_D_B=0.1067 cycle=0.0992 idt=0.0731 gnorm=23.723 dnorm=6.748 nan=0
2026-10-04 10:26:50,976 epoch=166 step=1800 loss_G=2.5315 loss_D_A=0.0968 loss_D_B=0.0618 cycle=0.0971 idt=0.0577 gnorm=45.345 dnorm=5.688 nan=0
2026-10-04 10:27:05,395 epoch=166 step=1900 loss_G=2.0410 loss_D_A=0.1330 loss_D_B=0.1374 cycle=0.0836 idt=0.0580 gnorm=19.549 dnorm=8.045 nan=0
2026-10-04 10:27:20,724 epoch=166 step=2000 loss_G=2.6600 loss_D_A=0.1642 loss_D_B=0.0835 cycle=0.0817 idt=0.0578 gnorm=16.640 dnorm=6.366 nan=0
2026-10-04 10:27:35,808 epoch=166 step=2100 loss_G=1.9211 loss_D_A=0.1191 loss_D_B=0.1459 cycle=0.0943 idt=0.0616 gnorm=34.367 dnorm=4.857 nan=0
2026-10-04 10:27:51,090 epoch=166 step=2200 loss_G=2.7769 loss_D_A=0.1907 loss_D_B=0.1791 cycle=0.0610 idt=0.0410 gnorm=28.187 dnorm=10.337 nan=0
2026-10-04 10:28:06,587 epoch=166 step=2300 loss_G=2.1316 loss_D_A=0.1114 loss_D_B=0.1190 cycle=0.0891 idt=0.0657 gnorm=17.922 dnorm=6.484 nan=0
2026-10-04 10:28:21,436 epoch=166 step=2400 loss_G=2.0064 loss_D_A=0.0254 loss_D_B=0.1356 cycle=0.0797 idt=0.0765 gnorm=39.589 dnorm=3.878 nan=0
2026-10-04 10:28:36,754 epoch=166 step=2500 loss_G=1.7556 loss_D_A=0.0616 loss_D_B=0.2226 cycle=0.0835 idt=0.0649 gnorm=23.469 dnorm=13.422 nan=0
2026-10-04 10:28:52,077 epoch=166 step=2600 loss_G=2.6756 loss_D_A=0.1562 loss_D_B=0.1232 cycle=0.0892 idt=0.0446 gnorm=22.239 dnorm=10.141 nan=0
2026-10-04 10:29:07,366 epoch=166 step=2700 loss_G=1.9164 loss_D_A=0.0784 loss_D_B=0.3708 cycle=0.0736 idt=0.0367 gnorm=18.153 dnorm=14.447 nan=0
2026-10-04 10:29:22,657 epoch=166 step=2800 loss_G=2.5130 loss_D_A=0.2119 loss_D_B=0.1368 cycle=0.0909 idt=0.0703 gnorm=34.766 dnorm=8.851 nan=0
2026-10-04 10:29:37,977 epoch=166 step=2900 loss_G=2.8032 loss_D_A=0.0345 loss_D_B=0.1582 cycle=0.0961 idt=0.0718 gnorm=20.198 dnorm=6.664 nan=0
2026-10-04 10:29:53,290 epoch=166 step=3000 loss_G=2.5139 loss_D_A=0.1834 loss_D_B=0.0590 cycle=0.0717 idt=0.0596 gnorm=24.927 dnorm=7.545 nan=0
2026-10-04 10:30:08,581 epoch=166 step=3100 loss_G=1.7487 loss_D_A=0.0584 loss_D_B=0.2055 cycle=0.0725 idt=0.0469 gnorm=20.433 dnorm=7.389 nan=0
2026-10-04 10:30:23,937 epoch=166 step=3200 loss_G=2.4565 loss_D_A=0.2531 loss_D_B=0.1795 cycle=0.0932 idt=0.0581 gnorm=31.271 dnorm=8.319 nan=0
2026-10-04 10:30:39,016 epoch=166 step=3300 loss_G=1.8706 loss_D_A=0.3166 loss_D_B=0.1052 cycle=0.0644 idt=0.0332 gnorm=27.157 dnorm=10.548 nan=0
2026-10-04 10:30:54,298 epoch=166 step=3400 loss_G=2.1130 loss_D_A=0.0549 loss_D_B=0.0445 cycle=0.0759 idt=0.0491 gnorm=30.881 dnorm=5.122 nan=0
2026-10-04 10:31:09,624 epoch=166 step=3500 loss_G=1.8874 loss_D_A=0.2508 loss_D_B=0.0898 cycle=0.0799 idt=0.0396 gnorm=33.963 dnorm=10.318 nan=0
2026-10-04 10:31:24,952 epoch=166 step=3600 loss_G=2.2548 loss_D_A=0.3613 loss_D_B=0.1012 cycle=0.0686 idt=0.0480 gnorm=30.005 dnorm=10.359 nan=0
2026-10-04 10:31:40,249 epoch=166 step=3700 loss_G=1.7838 loss_D_A=0.2248 loss_D_B=0.0849 cycle=0.0812 idt=0.0754 gnorm=45.240 dnorm=8.845 nan=0
2026-10-04 10:31:55,228 epoch=166 step=3800 loss_G=1.3540 loss_D_A=0.4280 loss_D_B=0.1859 cycle=0.0744 idt=0.0361 gnorm=27.100 dnorm=11.963 nan=0
2026-10-04 10:32:10,296 epoch=166 step=3900 loss_G=1.9459 loss_D_A=0.1403 loss_D_B=0.0889 cycle=0.0827 idt=0.0597 gnorm=36.261 dnorm=6.366 nan=0
2026-10-04 10:32:25,129 epoch=166 step=4000 loss_G=2.3327 loss_D_A=0.0630 loss_D_B=0.0469 cycle=0.0970 idt=0.0664 gnorm=35.153 dnorm=3.886 nan=0
2026-10-04 10:32:40,489 epoch=166 step=4100 loss_G=2.7470 loss_D_A=0.3192 loss_D_B=0.1126 cycle=0.0840 idt=0.0594 gnorm=22.399 dnorm=8.480 nan=0
2026-10-04 10:32:55,815 epoch=166 step=4200 loss_G=2.3709 loss_D_A=0.1254 loss_D_B=0.0749 cycle=0.0837 idt=0.0488 gnorm=27.233 dnorm=5.117 nan=0
2026-10-04 10:33:11,066 epoch=166 step=4300 loss_G=2.0294 loss_D_A=0.2040 loss_D_B=0.3123 cycle=0.0752 idt=0.0517 gnorm=29.118 dnorm=11.340 nan=0
2026-10-04 10:33:26,475 epoch=166 step=4400 loss_G=1.9206 loss_D_A=0.1020 loss_D_B=0.0949 cycle=0.0760 idt=0.0554 gnorm=22.367 dnorm=5.798 nan=0
2026-10-04 10:33:41,792 epoch=166 step=4500 loss_G=1.7627 loss_D_A=0.1411 loss_D_B=0.1603 cycle=0.0699 idt=0.0394 gnorm=20.057 dnorm=7.478 nan=0
2026-10-04 10:33:56,738 epoch=166 step=4600 loss_G=2.0500 loss_D_A=0.0654 loss_D_B=0.1045 cycle=0.0868 idt=0.0579 gnorm=18.086 dnorm=5.158 nan=0
2026-10-04 10:34:12,066 epoch=166 step=4700 loss_G=1.3651 loss_D_A=0.0681 loss_D_B=0.1055 cycle=0.0707 idt=0.0636 gnorm=31.893 dnorm=6.476 nan=0
2026-10-04 10:34:27,329 epoch=166 step=4800 loss_G=1.8823 loss_D_A=0.1100 loss_D_B=0.2933 cycle=0.0689 idt=0.0454 gnorm=21.105 dnorm=9.113 nan=0
2026-10-04 10:34:42,583 epoch=166 step=4900 loss_G=2.5343 loss_D_A=0.1603 loss_D_B=0.0620 cycle=0.0735 idt=0.0570 gnorm=51.808 dnorm=5.681 nan=0
2026-10-04 10:34:57,791 epoch=166 step=5000 loss_G=1.9164 loss_D_A=0.3129 loss_D_B=0.1191 cycle=0.0822 idt=0.0512 gnorm=16.852 dnorm=10.553 nan=0
2026-10-04 10:35:13,192 epoch=166 step=5100 loss_G=2.4708 loss_D_A=0.2488 loss_D_B=0.2257 cycle=0.0972 idt=0.0566 gnorm=30.368 dnorm=11.621 nan=0
2026-10-04 10:35:28,450 epoch=166 step=5200 loss_G=2.2963 loss_D_A=0.2037 loss_D_B=0.0766 cycle=0.0919 idt=0.0608 gnorm=23.994 dnorm=7.412 nan=0
2026-10-04 10:35:43,604 epoch=166 step=5300 loss_G=1.9343 loss_D_A=0.1154 loss_D_B=0.2486 cycle=0.0784 idt=0.0463 gnorm=23.230 dnorm=6.665 nan=0
2026-10-04 10:35:59,334 epoch=166 step=5400 loss_G=2.1619 loss_D_A=0.1644 loss_D_B=0.0873 cycle=0.0806 idt=0.0487 gnorm=36.540 dnorm=6.714 nan=0
2026-10-04 10:36:14,417 epoch=166 step=5500 loss_G=1.5010 loss_D_A=0.2202 loss_D_B=0.1000 cycle=0.0696 idt=0.0470 gnorm=27.018 dnorm=6.440 nan=0
2026-10-04 10:36:29,560 epoch=166 step=5600 loss_G=1.8214 loss_D_A=0.0639 loss_D_B=0.2597 cycle=0.0814 idt=0.0418 gnorm=23.881 dnorm=9.744 nan=0
2026-10-04 10:36:44,958 epoch=166 step=5700 loss_G=2.3436 loss_D_A=0.0520 loss_D_B=0.0853 cycle=0.1001 idt=0.0469 gnorm=29.053 dnorm=4.969 nan=0
2026-10-04 10:37:00,269 epoch=166 step=5800 loss_G=2.7091 loss_D_A=0.0707 loss_D_B=0.0907 cycle=0.1150 idt=0.0697 gnorm=30.710 dnorm=4.710 nan=0
2026-10-04 10:37:15,452 epoch=166 step=5900 loss_G=2.4316 loss_D_A=0.1604 loss_D_B=0.1916 cycle=0.1016 idt=0.0698 gnorm=47.274 dnorm=11.685 nan=0
2026-10-04 10:37:30,774 epoch=166 step=6000 loss_G=2.0543 loss_D_A=0.1147 loss_D_B=0.0946 cycle=0.0880 idt=0.0452 gnorm=41.579 dnorm=7.888 nan=0
2026-10-04 10:37:45,844 epoch=166 step=6100 loss_G=1.7707 loss_D_A=0.2389 loss_D_B=0.1800 cycle=0.0875 idt=0.0556 gnorm=30.885 dnorm=9.143 nan=0
2026-10-04 10:38:01,111 epoch=166 step=6200 loss_G=2.2826 loss_D_A=0.0499 loss_D_B=0.1222 cycle=0.0884 idt=0.0550 gnorm=22.298 dnorm=5.813 nan=0
2026-10-04 10:38:16,375 epoch=166 step=6300 loss_G=2.6063 loss_D_A=0.0466 loss_D_B=0.2027 cycle=0.0983 idt=0.0663 gnorm=32.363 dnorm=10.427 nan=0
2026-10-04 10:38:31,244 epoch=166 step=6400 loss_G=1.5427 loss_D_A=0.2688 loss_D_B=0.1012 cycle=0.0741 idt=0.0637 gnorm=33.292 dnorm=11.989 nan=0
2026-10-04 10:38:37,101 epoch_mean={'g': 2.0937096511921403, 'd_a': 0.1510906332062801, 'd_b': 0.16132628958430414, 'cycle': 0.08017267355751495, 'identity': 0.05390990376657638, 'epoch': 166}
2026-10-04 10:38:37,725 epoch=167 step=1 loss_G=2.8268 loss_D_A=0.2013 loss_D_B=0.0859 cycle=0.0650 idt=0.0401 gnorm=25.104 dnorm=8.020 nan=0
2026-10-04 10:38:52,519 epoch=167 step=100 loss_G=2.0955 loss_D_A=0.1038 loss_D_B=0.1035 cycle=0.0804 idt=0.0634 gnorm=41.308 dnorm=4.698 nan=0
2026-10-04 10:39:07,440 epoch=167 step=200 loss_G=1.7967 loss_D_A=0.2902 loss_D_B=0.0803 cycle=0.0716 idt=0.0409 gnorm=24.137 dnorm=7.901 nan=0
2026-10-04 10:39:22,381 epoch=167 step=300 loss_G=2.1024 loss_D_A=0.2931 loss_D_B=0.2201 cycle=0.0584 idt=0.0382 gnorm=26.987 dnorm=10.864 nan=0
2026-10-04 10:39:37,714 epoch=167 step=400 loss_G=2.3517 loss_D_A=0.1168 loss_D_B=0.1719 cycle=0.0798 idt=0.0542 gnorm=43.850 dnorm=6.254 nan=0
2026-10-04 10:39:52,983 epoch=167 step=500 loss_G=2.4500 loss_D_A=0.2655 loss_D_B=0.1518 cycle=0.0787 idt=0.0530 gnorm=25.122 dnorm=9.256 nan=0
2026-10-04 10:40:08,366 epoch=167 step=600 loss_G=2.1579 loss_D_A=0.0587 loss_D_B=0.1511 cycle=0.0654 idt=0.0376 gnorm=23.078 dnorm=6.082 nan=0
2026-10-04 10:40:23,659 epoch=167 step=700 loss_G=1.6208 loss_D_A=0.0889 loss_D_B=0.1864 cycle=0.0848 idt=0.0435 gnorm=15.237 dnorm=9.636 nan=0
2026-10-04 10:40:38,962 epoch=167 step=800 loss_G=1.7510 loss_D_A=0.2858 loss_D_B=0.1331 cycle=0.0705 idt=0.0468 gnorm=20.879 dnorm=10.257 nan=0
2026-10-04 10:40:54,283 epoch=167 step=900 loss_G=2.8321 loss_D_A=0.3523 loss_D_B=0.1366 cycle=0.0923 idt=0.0575 gnorm=23.860 dnorm=10.627 nan=0
2026-10-04 10:41:09,613 epoch=167 step=1000 loss_G=2.1605 loss_D_A=0.0868 loss_D_B=0.0981 cycle=0.0758 idt=0.0534 gnorm=32.736 dnorm=7.979 nan=0
2026-10-04 10:41:24,928 epoch=167 step=1100 loss_G=2.4094 loss_D_A=0.1298 loss_D_B=0.1698 cycle=0.0966 idt=0.0762 gnorm=25.694 dnorm=7.215 nan=0
2026-10-04 10:41:40,258 epoch=167 step=1200 loss_G=2.2453 loss_D_A=0.2998 loss_D_B=0.0758 cycle=0.0970 idt=0.0657 gnorm=45.080 dnorm=9.699 nan=0
2026-10-04 10:41:55,531 epoch=167 step=1300 loss_G=2.1187 loss_D_A=0.2626 loss_D_B=0.2271 cycle=0.0905 idt=0.0754 gnorm=34.590 dnorm=10.335 nan=0
2026-10-04 10:42:10,820 epoch=167 step=1400 loss_G=2.1343 loss_D_A=0.3406 loss_D_B=0.2927 cycle=0.1114 idt=0.0724 gnorm=29.547 dnorm=10.738 nan=0
2026-10-04 10:42:26,179 epoch=167 step=1500 loss_G=1.6838 loss_D_A=0.0413 loss_D_B=0.1868 cycle=0.0761 idt=0.0578 gnorm=13.262 dnorm=6.010 nan=0
2026-10-04 10:42:41,446 epoch=167 step=1600 loss_G=2.7275 loss_D_A=0.1836 loss_D_B=0.0878 cycle=0.1104 idt=0.0847 gnorm=37.365 dnorm=7.350 nan=0
2026-10-04 10:42:56,747 epoch=167 step=1700 loss_G=1.7454 loss_D_A=0.3143 loss_D_B=0.2289 cycle=0.0717 idt=0.0473 gnorm=21.240 dnorm=14.538 nan=0
2026-10-04 10:43:12,100 epoch=167 step=1800 loss_G=1.4559 loss_D_A=0.0460 loss_D_B=0.2047 cycle=0.0748 idt=0.0572 gnorm=22.696 dnorm=7.658 nan=0
2026-10-04 10:43:27,407 epoch=167 step=1900 loss_G=2.1107 loss_D_A=0.0682 loss_D_B=0.1617 cycle=0.0973 idt=0.0574 gnorm=21.373 dnorm=6.168 nan=0
2026-10-04 10:43:42,688 epoch=167 step=2000 loss_G=2.1436 loss_D_A=0.1011 loss_D_B=0.0920 cycle=0.0842 idt=0.0655 gnorm=51.106 dnorm=6.236 nan=0
2026-10-04 10:43:58,088 epoch=167 step=2100 loss_G=2.0593 loss_D_A=0.1381 loss_D_B=0.2242 cycle=0.0807 idt=0.0434 gnorm=18.821 dnorm=11.243 nan=0
2026-10-04 10:44:13,373 epoch=167 step=2200 loss_G=1.8744 loss_D_A=0.1580 loss_D_B=0.2517 cycle=0.0567 idt=0.0384 gnorm=37.693 dnorm=6.087 nan=0
2026-10-04 10:44:28,650 epoch=167 step=2300 loss_G=2.0201 loss_D_A=0.1172 loss_D_B=0.2409 cycle=0.0912 idt=0.0560 gnorm=34.532 dnorm=10.136 nan=0
2026-10-04 10:44:44,056 epoch=167 step=2400 loss_G=2.3797 loss_D_A=0.1129 loss_D_B=0.0498 cycle=0.0761 idt=0.0594 gnorm=38.905 dnorm=5.356 nan=0
2026-10-04 10:44:59,401 epoch=167 step=2500 loss_G=1.5205 loss_D_A=0.2799 loss_D_B=0.1095 cycle=0.0851 idt=0.0519 gnorm=32.576 dnorm=8.702 nan=0
2026-10-04 10:45:14,983 epoch=167 step=2600 loss_G=2.8725 loss_D_A=0.0778 loss_D_B=0.3518 cycle=0.1072 idt=0.1000 gnorm=50.331 dnorm=8.020 nan=0
2026-10-04 10:45:29,989 epoch=167 step=2700 loss_G=3.1054 loss_D_A=0.3218 loss_D_B=0.1778 cycle=0.0902 idt=0.0580 gnorm=29.674 dnorm=13.734 nan=0
2026-10-04 10:45:45,320 epoch=167 step=2800 loss_G=1.5484 loss_D_A=0.1504 loss_D_B=0.2501 cycle=0.0754 idt=0.0420 gnorm=24.285 dnorm=6.227 nan=0
2026-10-04 10:46:00,597 epoch=167 step=2900 loss_G=2.2278 loss_D_A=0.2141 loss_D_B=0.0671 cycle=0.0771 idt=0.0576 gnorm=35.403 dnorm=6.261 nan=0
2026-10-04 10:46:15,703 epoch=167 step=3000 loss_G=2.7292 loss_D_A=0.1548 loss_D_B=0.1344 cycle=0.0703 idt=0.0435 gnorm=31.760 dnorm=8.836 nan=0
2026-10-04 10:46:31,013 epoch=167 step=3100 loss_G=1.6297 loss_D_A=0.2748 loss_D_B=0.1008 cycle=0.0736 idt=0.0439 gnorm=26.378 dnorm=10.893 nan=0
2026-10-04 10:46:46,005 epoch=167 step=3200 loss_G=1.9714 loss_D_A=0.0435 loss_D_B=0.1053 cycle=0.0848 idt=0.0500 gnorm=23.444 dnorm=6.041 nan=0
2026-10-04 10:47:01,343 epoch=167 step=3300 loss_G=2.4547 loss_D_A=0.2701 loss_D_B=0.1203 cycle=0.1061 idt=0.0921 gnorm=43.397 dnorm=10.386 nan=0
2026-10-04 10:47:16,705 epoch=167 step=3400 loss_G=2.1579 loss_D_A=0.0461 loss_D_B=0.0601 cycle=0.0973 idt=0.0415 gnorm=35.075 dnorm=4.338 nan=0
2026-10-04 10:47:32,027 epoch=167 step=3500 loss_G=2.1902 loss_D_A=0.2520 loss_D_B=0.1272 cycle=0.0972 idt=0.0706 gnorm=47.068 dnorm=7.968 nan=0
2026-10-04 10:47:47,377 epoch=167 step=3600 loss_G=2.5988 loss_D_A=0.1160 loss_D_B=0.2377 cycle=0.0926 idt=0.0584 gnorm=27.432 dnorm=5.735 nan=0
2026-10-04 10:48:02,738 epoch=167 step=3700 loss_G=2.6731 loss_D_A=0.1253 loss_D_B=0.1339 cycle=0.0943 idt=0.0665 gnorm=41.546 dnorm=19.716 nan=0
2026-10-04 10:48:18,109 epoch=167 step=3800 loss_G=1.8224 loss_D_A=0.1288 loss_D_B=0.1079 cycle=0.0706 idt=0.0664 gnorm=30.279 dnorm=8.591 nan=0
2026-10-04 10:48:33,499 epoch=167 step=3900 loss_G=1.7556 loss_D_A=0.2538 loss_D_B=0.0897 cycle=0.0847 idt=0.0567 gnorm=34.817 dnorm=5.532 nan=0
2026-10-04 10:48:48,852 epoch=167 step=4000 loss_G=2.4281 loss_D_A=0.1183 loss_D_B=0.3715 cycle=0.0693 idt=0.0488 gnorm=29.577 dnorm=10.177 nan=0
2026-10-04 10:49:04,158 epoch=167 step=4100 loss_G=1.8003 loss_D_A=0.0777 loss_D_B=0.2607 cycle=0.0988 idt=0.0485 gnorm=19.825 dnorm=7.489 nan=0
2026-10-04 10:49:19,242 epoch=167 step=4200 loss_G=1.7429 loss_D_A=0.1434 loss_D_B=0.2803 cycle=0.0612 idt=0.0376 gnorm=15.074 dnorm=8.842 nan=0
2026-10-04 10:49:34,598 epoch=167 step=4300 loss_G=2.1534 loss_D_A=0.1736 loss_D_B=0.1531 cycle=0.0782 idt=0.0619 gnorm=17.220 dnorm=11.542 nan=0
2026-10-04 10:49:49,421 epoch=167 step=4400 loss_G=1.6490 loss_D_A=0.2604 loss_D_B=0.1440 cycle=0.0648 idt=0.0409 gnorm=26.528 dnorm=7.957 nan=0
2026-10-04 10:50:04,775 epoch=167 step=4500 loss_G=1.9321 loss_D_A=0.0977 loss_D_B=0.0681 cycle=0.0747 idt=0.0514 gnorm=29.681 dnorm=6.521 nan=0
2026-10-04 10:50:20,109 epoch=167 step=4600 loss_G=1.9283 loss_D_A=0.1131 loss_D_B=0.1050 cycle=0.0820 idt=0.0449 gnorm=23.777 dnorm=5.962 nan=0
2026-10-04 10:50:34,864 epoch=167 step=4700 loss_G=2.1463 loss_D_A=0.0912 loss_D_B=0.1893 cycle=0.0854 idt=0.0625 gnorm=26.842 dnorm=8.405 nan=0
2026-10-04 10:50:50,205 epoch=167 step=4800 loss_G=2.5889 loss_D_A=0.1067 loss_D_B=0.6216 cycle=0.0864 idt=0.0569 gnorm=18.642 dnorm=15.057 nan=0
2026-10-04 10:51:05,549 epoch=167 step=4900 loss_G=1.3810 loss_D_A=0.2306 loss_D_B=0.0800 cycle=0.0679 idt=0.0356 gnorm=13.138 dnorm=8.216 nan=0
2026-10-04 10:51:20,821 epoch=167 step=5000 loss_G=1.7944 loss_D_A=0.1388 loss_D_B=0.2186 cycle=0.0793 idt=0.0492 gnorm=31.156 dnorm=8.718 nan=0
2026-10-04 10:51:36,124 epoch=167 step=5100 loss_G=2.1894 loss_D_A=0.1417 loss_D_B=0.0867 cycle=0.0706 idt=0.0588 gnorm=22.806 dnorm=6.162 nan=0
2026-10-04 10:51:51,045 epoch=167 step=5200 loss_G=1.9218 loss_D_A=0.0312 loss_D_B=0.2422 cycle=0.0692 idt=0.0588 gnorm=24.735 dnorm=7.388 nan=0
2026-10-04 10:52:06,199 epoch=167 step=5300 loss_G=2.9370 loss_D_A=0.0927 loss_D_B=0.1512 cycle=0.0821 idt=0.0671 gnorm=33.518 dnorm=6.617 nan=0
2026-10-04 10:52:21,517 epoch=167 step=5400 loss_G=2.6650 loss_D_A=0.0593 loss_D_B=0.1590 cycle=0.0821 idt=0.0576 gnorm=27.427 dnorm=7.485 nan=0
2026-10-04 10:52:36,874 epoch=167 step=5500 loss_G=2.0863 loss_D_A=0.1129 loss_D_B=0.2133 cycle=0.0910 idt=0.0527 gnorm=17.979 dnorm=6.652 nan=0
2026-10-04 10:52:52,168 epoch=167 step=5600 loss_G=2.3550 loss_D_A=0.0875 loss_D_B=0.1724 cycle=0.0701 idt=0.0968 gnorm=32.052 dnorm=6.110 nan=0
2026-10-04 10:53:07,434 epoch=167 step=5700 loss_G=1.4693 loss_D_A=0.2307 loss_D_B=0.2692 cycle=0.0747 idt=0.0491 gnorm=25.106 dnorm=13.986 nan=0
2026-10-04 10:53:22,820 epoch=167 step=5800 loss_G=2.5347 loss_D_A=0.0723 loss_D_B=0.2005 cycle=0.0818 idt=0.0575 gnorm=40.022 dnorm=6.953 nan=0
2026-10-04 10:53:38,124 epoch=167 step=5900 loss_G=1.6731 loss_D_A=0.1435 loss_D_B=0.2087 cycle=0.0877 idt=0.0546 gnorm=25.972 dnorm=9.273 nan=0
2026-10-04 10:53:52,966 epoch=167 step=6000 loss_G=2.7137 loss_D_A=0.4506 loss_D_B=0.1645 cycle=0.1494 idt=0.0823 gnorm=60.158 dnorm=10.015 nan=0
2026-10-04 10:54:08,104 epoch=167 step=6100 loss_G=1.2629 loss_D_A=0.2603 loss_D_B=0.1940 cycle=0.0697 idt=0.0545 gnorm=26.410 dnorm=7.951 nan=0
2026-10-04 10:54:23,435 epoch=167 step=6200 loss_G=2.3699 loss_D_A=0.0990 loss_D_B=0.1794 cycle=0.0598 idt=0.0424 gnorm=30.813 dnorm=9.786 nan=0
2026-10-04 10:54:38,715 epoch=167 step=6300 loss_G=1.8698 loss_D_A=0.0741 loss_D_B=0.2346 cycle=0.0672 idt=0.0375 gnorm=20.227 dnorm=7.849 nan=0
2026-10-04 10:54:54,073 epoch=167 step=6400 loss_G=3.4176 loss_D_A=0.0503 loss_D_B=0.1208 cycle=0.0889 idt=0.0569 gnorm=25.197 dnorm=5.770 nan=0
2026-10-04 10:54:59,859 epoch_mean={'g': 2.0916838680005436, 'd_a': 0.1516335123849604, 'd_b': 0.15907669185888473, 'cycle': 0.07960116341085158, 'identity': 0.053155212307539224, 'epoch': 167}
2026-10-04 10:55:00,477 epoch=168 step=1 loss_G=1.7642 loss_D_A=0.2032 loss_D_B=0.2197 cycle=0.0507 idt=0.0263 gnorm=29.929 dnorm=8.361 nan=0
2026-10-04 10:55:15,783 epoch=168 step=100 loss_G=3.4664 loss_D_A=0.1121 loss_D_B=0.0992 cycle=0.1470 idt=0.1203 gnorm=43.346 dnorm=5.971 nan=0
2026-10-04 10:55:31,108 epoch=168 step=200 loss_G=1.7568 loss_D_A=0.0951 loss_D_B=0.1274 cycle=0.0534 idt=0.0284 gnorm=24.340 dnorm=6.221 nan=0
2026-10-04 10:55:46,430 epoch=168 step=300 loss_G=2.0367 loss_D_A=0.0479 loss_D_B=0.1435 cycle=0.0879 idt=0.0498 gnorm=30.429 dnorm=9.907 nan=0
2026-10-04 10:56:01,891 epoch=168 step=400 loss_G=2.0325 loss_D_A=0.0571 loss_D_B=0.0624 cycle=0.0945 idt=0.0665 gnorm=27.050 dnorm=7.396 nan=0
2026-10-04 10:56:17,125 epoch=168 step=500 loss_G=1.8881 loss_D_A=0.1377 loss_D_B=0.0894 cycle=0.0923 idt=0.0528 gnorm=40.665 dnorm=7.325 nan=0
2026-10-04 10:56:32,433 epoch=168 step=600 loss_G=2.2937 loss_D_A=0.0917 loss_D_B=0.0348 cycle=0.0805 idt=0.0479 gnorm=12.270 dnorm=5.915 nan=0
2026-10-04 10:56:47,792 epoch=168 step=700 loss_G=1.7056 loss_D_A=0.0685 loss_D_B=0.1238 cycle=0.0689 idt=0.0412 gnorm=25.790 dnorm=6.268 nan=0
2026-10-04 10:57:02,827 epoch=168 step=800 loss_G=2.6781 loss_D_A=0.0587 loss_D_B=0.0714 cycle=0.0767 idt=0.0467 gnorm=35.873 dnorm=5.087 nan=0
2026-10-04 10:57:18,109 epoch=168 step=900 loss_G=2.5774 loss_D_A=0.0638 loss_D_B=0.1074 cycle=0.0715 idt=0.0509 gnorm=28.264 dnorm=4.836 nan=0
2026-10-04 10:57:33,193 epoch=168 step=1000 loss_G=1.8361 loss_D_A=0.2085 loss_D_B=0.2511 cycle=0.0753 idt=0.0486 gnorm=22.191 dnorm=10.650 nan=0
2026-10-04 10:57:48,477 epoch=168 step=1100 loss_G=1.8515 loss_D_A=0.1492 loss_D_B=0.2180 cycle=0.0698 idt=0.0361 gnorm=22.219 dnorm=18.754 nan=0
2026-10-04 10:58:03,771 epoch=168 step=1200 loss_G=2.6313 loss_D_A=0.1082 loss_D_B=0.0449 cycle=0.0993 idt=0.0587 gnorm=19.871 dnorm=5.419 nan=0
2026-10-04 10:58:19,141 epoch=168 step=1300 loss_G=1.7335 loss_D_A=0.3081 loss_D_B=0.0774 cycle=0.0685 idt=0.0424 gnorm=25.344 dnorm=8.215 nan=0
2026-10-04 10:58:34,438 epoch=168 step=1400 loss_G=1.7842 loss_D_A=0.2475 loss_D_B=0.1756 cycle=0.0668 idt=0.0449 gnorm=19.013 dnorm=9.243 nan=0
2026-10-04 10:58:49,763 epoch=168 step=1500 loss_G=1.7671 loss_D_A=0.1935 loss_D_B=0.0691 cycle=0.0876 idt=0.0739 gnorm=44.068 dnorm=6.303 nan=0
2026-10-04 10:59:05,150 epoch=168 step=1600 loss_G=2.0816 loss_D_A=0.2933 loss_D_B=0.0994 cycle=0.0966 idt=0.0855 gnorm=42.339 dnorm=6.846 nan=0
2026-10-04 10:59:20,427 epoch=168 step=1700 loss_G=2.4628 loss_D_A=0.2215 loss_D_B=0.0298 cycle=0.0807 idt=0.0500 gnorm=39.161 dnorm=7.019 nan=0
2026-10-04 10:59:35,708 epoch=168 step=1800 loss_G=1.9913 loss_D_A=0.1508 loss_D_B=0.1722 cycle=0.0844 idt=0.0513 gnorm=27.353 dnorm=8.514 nan=0
2026-10-04 10:59:51,087 epoch=168 step=1900 loss_G=1.8870 loss_D_A=0.0932 loss_D_B=0.0308 cycle=0.0687 idt=0.0538 gnorm=32.175 dnorm=5.456 nan=0
2026-10-04 11:00:06,362 epoch=168 step=2000 loss_G=1.8701 loss_D_A=0.1251 loss_D_B=0.1145 cycle=0.0793 idt=0.0478 gnorm=35.391 dnorm=6.848 nan=0
2026-10-04 11:00:21,272 epoch=168 step=2100 loss_G=2.6687 loss_D_A=0.0718 loss_D_B=0.0497 cycle=0.1016 idt=0.0773 gnorm=39.232 dnorm=4.020 nan=0
2026-10-04 11:00:36,723 epoch=168 step=2200 loss_G=2.1498 loss_D_A=0.0659 loss_D_B=0.0868 cycle=0.0838 idt=0.0466 gnorm=32.941 dnorm=4.943 nan=0
2026-10-04 11:00:51,918 epoch=168 step=2300 loss_G=1.7710 loss_D_A=0.1659 loss_D_B=0.1794 cycle=0.0739 idt=0.0461 gnorm=28.428 dnorm=8.190 nan=0
2026-10-04 11:01:07,267 epoch=168 step=2400 loss_G=2.1004 loss_D_A=0.0935 loss_D_B=0.2889 cycle=0.0621 idt=0.0408 gnorm=31.110 dnorm=8.769 nan=0
2026-10-04 11:01:22,712 epoch=168 step=2500 loss_G=2.2576 loss_D_A=0.1429 loss_D_B=0.0309 cycle=0.0769 idt=0.0462 gnorm=21.104 dnorm=4.989 nan=0
2026-10-04 11:01:37,966 epoch=168 step=2600 loss_G=3.1255 loss_D_A=0.1763 loss_D_B=0.1891 cycle=0.1414 idt=0.1389 gnorm=36.433 dnorm=11.021 nan=0
2026-10-04 11:01:53,292 epoch=168 step=2700 loss_G=2.5256 loss_D_A=0.1303 loss_D_B=0.0829 cycle=0.0817 idt=0.0449 gnorm=23.980 dnorm=6.519 nan=0
2026-10-04 11:02:08,703 epoch=168 step=2800 loss_G=2.2171 loss_D_A=0.3263 loss_D_B=0.1342 cycle=0.1010 idt=0.0674 gnorm=29.381 dnorm=9.773 nan=0
2026-10-04 11:02:24,035 epoch=168 step=2900 loss_G=2.2690 loss_D_A=0.2092 loss_D_B=0.1127 cycle=0.0862 idt=0.0613 gnorm=22.200 dnorm=7.515 nan=0
2026-10-04 11:02:38,866 epoch=168 step=3000 loss_G=1.9358 loss_D_A=0.1242 loss_D_B=0.1604 cycle=0.0721 idt=0.0418 gnorm=26.767 dnorm=6.448 nan=0
2026-10-04 11:02:54,133 epoch=168 step=3100 loss_G=2.2425 loss_D_A=0.3300 loss_D_B=0.1726 cycle=0.0604 idt=0.0449 gnorm=27.329 dnorm=14.667 nan=0
2026-10-04 11:03:09,463 epoch=168 step=3200 loss_G=2.1756 loss_D_A=0.1758 loss_D_B=0.1301 cycle=0.0746 idt=0.0393 gnorm=35.981 dnorm=7.891 nan=0
2026-10-04 11:03:24,817 epoch=168 step=3300 loss_G=2.2751 loss_D_A=0.1576 loss_D_B=0.1817 cycle=0.0802 idt=0.0499 gnorm=26.182 dnorm=10.855 nan=0
2026-10-04 11:03:40,215 epoch=168 step=3400 loss_G=1.7782 loss_D_A=0.0539 loss_D_B=0.3288 cycle=0.0731 idt=0.0505 gnorm=20.420 dnorm=8.424 nan=0
2026-10-04 11:03:55,563 epoch=168 step=3500 loss_G=2.4264 loss_D_A=0.1566 loss_D_B=0.0975 cycle=0.0817 idt=0.0505 gnorm=32.959 dnorm=7.667 nan=0
2026-10-04 11:04:10,962 epoch=168 step=3600 loss_G=2.3376 loss_D_A=0.1768 loss_D_B=0.1230 cycle=0.0900 idt=0.0805 gnorm=53.577 dnorm=7.825 nan=0
2026-10-04 11:04:26,109 epoch=168 step=3700 loss_G=1.8569 loss_D_A=0.1177 loss_D_B=0.0379 cycle=0.0621 idt=0.0542 gnorm=27.774 dnorm=7.101 nan=0
2026-10-04 11:04:40,932 epoch=168 step=3800 loss_G=2.2450 loss_D_A=0.2149 loss_D_B=0.3220 cycle=0.0976 idt=0.0585 gnorm=35.749 dnorm=9.438 nan=0
2026-10-04 11:04:55,960 epoch=168 step=3900 loss_G=1.8032 loss_D_A=0.1395 loss_D_B=0.0310 cycle=0.0749 idt=0.0543 gnorm=30.012 dnorm=4.717 nan=0
2026-10-04 11:05:11,386 epoch=168 step=4000 loss_G=1.9049 loss_D_A=0.1152 loss_D_B=0.1654 cycle=0.0929 idt=0.0550 gnorm=31.863 dnorm=7.679 nan=0
2026-10-04 11:05:26,699 epoch=168 step=4100 loss_G=2.5355 loss_D_A=0.0958 loss_D_B=0.0764 cycle=0.0735 idt=0.0543 gnorm=20.886 dnorm=6.319 nan=0
2026-10-04 11:05:41,700 epoch=168 step=4200 loss_G=1.8596 loss_D_A=0.0850 loss_D_B=0.0679 cycle=0.0763 idt=0.0477 gnorm=32.618 dnorm=4.678 nan=0
2026-10-04 11:05:56,324 epoch=168 step=4300 loss_G=1.9829 loss_D_A=0.1985 loss_D_B=0.1489 cycle=0.0596 idt=0.0377 gnorm=29.051 dnorm=10.377 nan=0
2026-10-04 11:06:11,725 epoch=168 step=4400 loss_G=2.1587 loss_D_A=0.1905 loss_D_B=0.1629 cycle=0.0897 idt=0.0606 gnorm=29.359 dnorm=8.818 nan=0
2026-10-04 11:06:27,136 epoch=168 step=4500 loss_G=3.3282 loss_D_A=0.1800 loss_D_B=0.0698 cycle=0.0819 idt=0.0552 gnorm=41.890 dnorm=8.930 nan=0
2026-10-04 11:06:42,510 epoch=168 step=4600 loss_G=2.2155 loss_D_A=0.2408 loss_D_B=0.0795 cycle=0.0634 idt=0.0569 gnorm=33.639 dnorm=9.084 nan=0
2026-10-04 11:06:57,842 epoch=168 step=4700 loss_G=2.0828 loss_D_A=0.2115 loss_D_B=0.3177 cycle=0.1020 idt=0.0628 gnorm=45.713 dnorm=14.846 nan=0
2026-10-04 11:07:13,127 epoch=168 step=4800 loss_G=2.3089 loss_D_A=0.2041 loss_D_B=0.0906 cycle=0.0731 idt=0.0553 gnorm=38.334 dnorm=6.625 nan=0
2026-10-04 11:07:28,466 epoch=168 step=4900 loss_G=1.6986 loss_D_A=0.2091 loss_D_B=0.3813 cycle=0.0605 idt=0.0441 gnorm=23.866 dnorm=14.359 nan=0
2026-10-04 11:07:43,749 epoch=168 step=5000 loss_G=2.5415 loss_D_A=0.1571 loss_D_B=0.1762 cycle=0.0879 idt=0.0513 gnorm=24.355 dnorm=5.791 nan=0
2026-10-04 11:07:59,083 epoch=168 step=5100 loss_G=2.3197 loss_D_A=0.1428 loss_D_B=0.0428 cycle=0.0849 idt=0.0668 gnorm=33.712 dnorm=6.109 nan=0
2026-10-04 11:08:13,906 epoch=168 step=5200 loss_G=2.3710 loss_D_A=0.1302 loss_D_B=0.1041 cycle=0.0743 idt=0.0532 gnorm=29.609 dnorm=6.394 nan=0
2026-10-04 11:08:29,126 epoch=168 step=5300 loss_G=2.0305 loss_D_A=0.0788 loss_D_B=0.0940 cycle=0.0656 idt=0.0334 gnorm=39.379 dnorm=5.817 nan=0
2026-10-04 11:08:44,528 epoch=168 step=5400 loss_G=2.3610 loss_D_A=0.2257 loss_D_B=0.1200 cycle=0.1152 idt=0.0744 gnorm=27.408 dnorm=8.957 nan=0
2026-10-04 11:08:59,866 epoch=168 step=5500 loss_G=2.8468 loss_D_A=0.0482 loss_D_B=0.1127 cycle=0.0851 idt=0.0608 gnorm=28.191 dnorm=8.058 nan=0
2026-10-04 11:09:15,224 epoch=168 step=5600 loss_G=2.0630 loss_D_A=0.2311 loss_D_B=0.1562 cycle=0.0803 idt=0.0613 gnorm=29.730 dnorm=8.596 nan=0
2026-10-04 11:09:30,237 epoch=168 step=5700 loss_G=2.0368 loss_D_A=0.1848 loss_D_B=0.1873 cycle=0.0788 idt=0.0636 gnorm=38.202 dnorm=7.914 nan=0
2026-10-04 11:09:45,550 epoch=168 step=5800 loss_G=2.4011 loss_D_A=0.2312 loss_D_B=0.0767 cycle=0.1055 idt=0.0393 gnorm=39.197 dnorm=8.502 nan=0
2026-10-04 11:10:00,890 epoch=168 step=5900 loss_G=1.3450 loss_D_A=0.1028 loss_D_B=0.0489 cycle=0.0736 idt=0.0467 gnorm=27.878 dnorm=6.520 nan=0
2026-10-04 11:10:16,290 epoch=168 step=6000 loss_G=1.8686 loss_D_A=0.1747 loss_D_B=0.0930 cycle=0.0776 idt=0.0502 gnorm=20.775 dnorm=6.355 nan=0
2026-10-04 11:10:31,638 epoch=168 step=6100 loss_G=2.7111 loss_D_A=0.0450 loss_D_B=0.1065 cycle=0.1213 idt=0.0688 gnorm=52.130 dnorm=4.307 nan=0
2026-10-04 11:10:46,976 epoch=168 step=6200 loss_G=2.0227 loss_D_A=0.2125 loss_D_B=0.2868 cycle=0.0681 idt=0.0638 gnorm=27.676 dnorm=12.393 nan=0
2026-10-04 11:11:02,316 epoch=168 step=6300 loss_G=2.2875 loss_D_A=0.1818 loss_D_B=0.0589 cycle=0.0808 idt=0.0578 gnorm=28.216 dnorm=13.940 nan=0
2026-10-04 11:11:17,508 epoch=168 step=6400 loss_G=2.4989 loss_D_A=0.1775 loss_D_B=0.1882 cycle=0.1058 idt=0.0670 gnorm=48.022 dnorm=11.569 nan=0
2026-10-04 11:11:23,173 epoch_mean={'g': 2.0908747682218856, 'd_a': 0.15058014873541375, 'd_b': 0.15617419429801568, 'cycle': 0.07928747418283046, 'identity': 0.052366647190024075, 'epoch': 168}
2026-10-04 11:11:23,802 epoch=169 step=1 loss_G=2.1421 loss_D_A=0.2131 loss_D_B=0.2321 cycle=0.0872 idt=0.0580 gnorm=30.293 dnorm=9.315 nan=0
2026-10-04 11:11:38,676 epoch=169 step=100 loss_G=1.8644 loss_D_A=0.0433 loss_D_B=0.1718 cycle=0.0756 idt=0.0522 gnorm=34.101 dnorm=7.058 nan=0
2026-10-04 11:11:53,893 epoch=169 step=200 loss_G=1.9260 loss_D_A=0.0660 loss_D_B=0.2148 cycle=0.0691 idt=0.0459 gnorm=28.285 dnorm=9.318 nan=0
2026-10-04 11:12:09,236 epoch=169 step=300 loss_G=2.3963 loss_D_A=0.1596 loss_D_B=0.1795 cycle=0.0691 idt=0.0412 gnorm=41.055 dnorm=8.928 nan=0
2026-10-04 11:12:24,523 epoch=169 step=400 loss_G=2.2749 loss_D_A=0.4223 loss_D_B=0.2477 cycle=0.0712 idt=0.0435 gnorm=31.467 dnorm=18.850 nan=0
2026-10-04 11:12:39,854 epoch=169 step=500 loss_G=2.7254 loss_D_A=0.0517 loss_D_B=0.1024 cycle=0.0803 idt=0.0561 gnorm=27.405 dnorm=7.316 nan=0
2026-10-04 11:12:55,230 epoch=169 step=600 loss_G=1.6873 loss_D_A=0.0881 loss_D_B=0.3280 cycle=0.0724 idt=0.0409 gnorm=23.752 dnorm=11.016 nan=0
2026-10-04 11:13:10,585 epoch=169 step=700 loss_G=1.6227 loss_D_A=0.0922 loss_D_B=0.1061 cycle=0.0796 idt=0.0515 gnorm=27.325 dnorm=9.477 nan=0
2026-10-04 11:13:25,985 epoch=169 step=800 loss_G=2.5740 loss_D_A=0.2007 loss_D_B=0.2361 cycle=0.0987 idt=0.0614 gnorm=25.180 dnorm=8.367 nan=0
2026-10-04 11:13:41,031 epoch=169 step=900 loss_G=2.0782 loss_D_A=0.2409 loss_D_B=0.2460 cycle=0.0865 idt=0.0506 gnorm=38.596 dnorm=9.956 nan=0
2026-10-04 11:13:56,409 epoch=169 step=1000 loss_G=2.8893 loss_D_A=0.0611 loss_D_B=0.2723 cycle=0.0901 idt=0.0604 gnorm=34.019 dnorm=7.212 nan=0
2026-10-04 11:14:11,768 epoch=169 step=1100 loss_G=1.8029 loss_D_A=0.1742 loss_D_B=0.1275 cycle=0.0675 idt=0.0598 gnorm=38.459 dnorm=10.009 nan=0
2026-10-04 11:14:27,085 epoch=169 step=1200 loss_G=1.3355 loss_D_A=0.2352 loss_D_B=0.2628 cycle=0.0642 idt=0.0546 gnorm=16.818 dnorm=14.485 nan=0
2026-10-04 11:14:42,265 epoch=169 step=1300 loss_G=2.0603 loss_D_A=0.1671 loss_D_B=0.1404 cycle=0.0778 idt=0.0407 gnorm=38.000 dnorm=6.465 nan=0
2026-10-04 11:14:57,664 epoch=169 step=1400 loss_G=2.0338 loss_D_A=0.1174 loss_D_B=0.1558 cycle=0.0814 idt=0.0399 gnorm=31.305 dnorm=7.828 nan=0
2026-10-04 11:15:12,989 epoch=169 step=1500 loss_G=2.3958 loss_D_A=0.1938 loss_D_B=0.0359 cycle=0.0767 idt=0.0486 gnorm=42.063 dnorm=7.830 nan=0
2026-10-04 11:15:28,375 epoch=169 step=1600 loss_G=1.5208 loss_D_A=0.4160 loss_D_B=0.1933 cycle=0.0574 idt=0.0398 gnorm=18.641 dnorm=11.570 nan=0
2026-10-04 11:15:43,682 epoch=169 step=1700 loss_G=2.6438 loss_D_A=0.0704 loss_D_B=0.0438 cycle=0.1215 idt=0.0591 gnorm=36.833 dnorm=4.126 nan=0
2026-10-04 11:15:59,021 epoch=169 step=1800 loss_G=2.5030 loss_D_A=0.1567 loss_D_B=0.2270 cycle=0.1050 idt=0.0488 gnorm=32.772 dnorm=7.876 nan=0
2026-10-04 11:16:14,401 epoch=169 step=1900 loss_G=2.4048 loss_D_A=0.1090 loss_D_B=0.1471 cycle=0.0941 idt=0.0448 gnorm=34.621 dnorm=6.145 nan=0
2026-10-04 11:16:29,250 epoch=169 step=2000 loss_G=2.3824 loss_D_A=0.0891 loss_D_B=0.1785 cycle=0.0997 idt=0.0628 gnorm=41.514 dnorm=8.320 nan=0
2026-10-04 11:16:44,269 epoch=169 step=2100 loss_G=1.8735 loss_D_A=0.1027 loss_D_B=0.0646 cycle=0.0789 idt=0.0556 gnorm=25.246 dnorm=6.007 nan=0
2026-10-04 11:16:59,664 epoch=169 step=2200 loss_G=1.3112 loss_D_A=0.0953 loss_D_B=0.1429 cycle=0.0708 idt=0.0421 gnorm=18.160 dnorm=7.884 nan=0
2026-10-04 11:17:15,071 epoch=169 step=2300 loss_G=2.4040 loss_D_A=0.1943 loss_D_B=0.0291 cycle=0.0743 idt=0.0464 gnorm=26.122 dnorm=7.479 nan=0
2026-10-04 11:17:30,409 epoch=169 step=2400 loss_G=1.9499 loss_D_A=0.1510 loss_D_B=0.3114 cycle=0.0691 idt=0.0456 gnorm=29.588 dnorm=10.072 nan=0
2026-10-04 11:17:45,559 epoch=169 step=2500 loss_G=2.3415 loss_D_A=0.1755 loss_D_B=0.2718 cycle=0.0871 idt=0.0531 gnorm=18.062 dnorm=9.990 nan=0
2026-10-04 11:18:00,922 epoch=169 step=2600 loss_G=1.7940 loss_D_A=0.2048 loss_D_B=0.1154 cycle=0.0768 idt=0.0554 gnorm=36.025 dnorm=7.159 nan=0
2026-10-04 11:18:16,299 epoch=169 step=2700 loss_G=2.8472 loss_D_A=0.1780 loss_D_B=0.2298 cycle=0.0764 idt=0.0484 gnorm=21.069 dnorm=8.481 nan=0
2026-10-04 11:18:31,688 epoch=169 step=2800 loss_G=2.5517 loss_D_A=0.1313 loss_D_B=0.0693 cycle=0.0979 idt=0.0669 gnorm=22.301 dnorm=9.304 nan=0
2026-10-04 11:18:47,039 epoch=169 step=2900 loss_G=1.5940 loss_D_A=0.1599 loss_D_B=0.1604 cycle=0.0632 idt=0.0420 gnorm=22.287 dnorm=12.475 nan=0
2026-10-04 11:19:01,961 epoch=169 step=3000 loss_G=1.9215 loss_D_A=0.2280 loss_D_B=0.2380 cycle=0.0833 idt=0.0523 gnorm=32.406 dnorm=11.697 nan=0
2026-10-04 11:19:17,190 epoch=169 step=3100 loss_G=2.5259 loss_D_A=0.2492 loss_D_B=0.1395 cycle=0.0961 idt=0.0748 gnorm=29.428 dnorm=8.479 nan=0
2026-10-04 11:19:32,561 epoch=169 step=3200 loss_G=1.5975 loss_D_A=0.1659 loss_D_B=0.3159 cycle=0.0801 idt=0.0433 gnorm=29.695 dnorm=10.181 nan=0
2026-10-04 11:19:47,950 epoch=169 step=3300 loss_G=2.2110 loss_D_A=0.1022 loss_D_B=0.1361 cycle=0.0915 idt=0.0525 gnorm=27.304 dnorm=6.356 nan=0
2026-10-04 11:20:03,388 epoch=169 step=3400 loss_G=1.1406 loss_D_A=0.3406 loss_D_B=0.1487 cycle=0.0615 idt=0.0405 gnorm=15.543 dnorm=8.969 nan=0
2026-10-04 11:20:18,373 epoch=169 step=3500 loss_G=1.6843 loss_D_A=0.1795 loss_D_B=0.0986 cycle=0.0860 idt=0.0451 gnorm=48.639 dnorm=6.562 nan=0
2026-10-04 11:20:33,717 epoch=169 step=3600 loss_G=2.0721 loss_D_A=0.4312 loss_D_B=0.0828 cycle=0.0621 idt=0.0435 gnorm=18.600 dnorm=24.136 nan=0
2026-10-04 11:20:49,123 epoch=169 step=3700 loss_G=1.7757 loss_D_A=0.0726 loss_D_B=0.4106 cycle=0.0934 idt=0.0528 gnorm=32.880 dnorm=10.867 nan=0
2026-10-04 11:21:04,465 epoch=169 step=3800 loss_G=2.0560 loss_D_A=0.1602 loss_D_B=0.2196 cycle=0.0799 idt=0.0432 gnorm=29.529 dnorm=9.622 nan=0
2026-10-04 11:21:19,869 epoch=169 step=3900 loss_G=2.2275 loss_D_A=0.0947 loss_D_B=0.3342 cycle=0.0887 idt=0.0560 gnorm=28.963 dnorm=9.738 nan=0
2026-10-04 11:21:35,276 epoch=169 step=4000 loss_G=2.0792 loss_D_A=0.2846 loss_D_B=0.0602 cycle=0.0732 idt=0.0532 gnorm=27.528 dnorm=7.684 nan=0
2026-10-04 11:21:50,687 epoch=169 step=4100 loss_G=2.1595 loss_D_A=0.1351 loss_D_B=0.1872 cycle=0.0677 idt=0.0401 gnorm=24.632 dnorm=7.518 nan=0
2026-10-04 11:22:06,060 epoch=169 step=4200 loss_G=2.3793 loss_D_A=0.1511 loss_D_B=0.1242 cycle=0.1061 idt=0.0806 gnorm=29.636 dnorm=9.712 nan=0
2026-10-04 11:22:21,450 epoch=169 step=4300 loss_G=1.4123 loss_D_A=0.1033 loss_D_B=0.1200 cycle=0.0830 idt=0.0532 gnorm=13.097 dnorm=7.054 nan=0
2026-10-04 11:22:35,813 epoch=169 step=4400 loss_G=1.9280 loss_D_A=0.1714 loss_D_B=0.1472 cycle=0.0697 idt=0.0425 gnorm=26.965 dnorm=7.950 nan=0
2026-10-04 11:22:51,239 epoch=169 step=4500 loss_G=2.2794 loss_D_A=0.1542 loss_D_B=0.2132 cycle=0.0807 idt=0.0524 gnorm=31.904 dnorm=9.434 nan=0
2026-10-04 11:23:06,622 epoch=169 step=4600 loss_G=2.6918 loss_D_A=0.0443 loss_D_B=0.1477 cycle=0.0991 idt=0.0643 gnorm=31.054 dnorm=6.442 nan=0
2026-10-04 11:23:21,919 epoch=169 step=4700 loss_G=1.9692 loss_D_A=0.2367 loss_D_B=0.3699 cycle=0.0791 idt=0.0518 gnorm=19.356 dnorm=11.080 nan=0
2026-10-04 11:23:37,365 epoch=169 step=4800 loss_G=2.6667 loss_D_A=0.0505 loss_D_B=0.0873 cycle=0.0967 idt=0.0556 gnorm=49.022 dnorm=5.307 nan=0
2026-10-04 11:23:52,240 epoch=169 step=4900 loss_G=2.2425 loss_D_A=0.1062 loss_D_B=0.0818 cycle=0.0879 idt=0.0507 gnorm=20.310 dnorm=5.660 nan=0
2026-10-04 11:24:07,572 epoch=169 step=5000 loss_G=2.0578 loss_D_A=0.1311 loss_D_B=0.2025 cycle=0.0958 idt=0.0526 gnorm=41.470 dnorm=13.857 nan=0
2026-10-04 11:24:23,039 epoch=169 step=5100 loss_G=2.3252 loss_D_A=0.1724 loss_D_B=0.1123 cycle=0.0746 idt=0.0372 gnorm=33.970 dnorm=8.632 nan=0
2026-10-04 11:24:38,343 epoch=169 step=5200 loss_G=2.0926 loss_D_A=0.1389 loss_D_B=0.0444 cycle=0.0762 idt=0.0344 gnorm=33.966 dnorm=5.088 nan=0
2026-10-04 11:24:53,642 epoch=169 step=5300 loss_G=2.5951 loss_D_A=0.0399 loss_D_B=0.1502 cycle=0.0857 idt=0.0616 gnorm=28.013 dnorm=7.674 nan=0
2026-10-04 11:25:08,919 epoch=169 step=5400 loss_G=2.0601 loss_D_A=0.0738 loss_D_B=0.1257 cycle=0.0544 idt=0.0381 gnorm=25.101 dnorm=6.896 nan=0
2026-10-04 11:25:24,175 epoch=169 step=5500 loss_G=2.1158 loss_D_A=0.1187 loss_D_B=0.3314 cycle=0.0705 idt=0.0394 gnorm=29.386 dnorm=9.819 nan=0
2026-10-04 11:25:39,054 epoch=169 step=5600 loss_G=2.2133 loss_D_A=0.1022 loss_D_B=0.1190 cycle=0.0812 idt=0.0556 gnorm=22.119 dnorm=6.447 nan=0
2026-10-04 11:25:54,226 epoch=169 step=5700 loss_G=2.7867 loss_D_A=0.2412 loss_D_B=0.1481 cycle=0.0875 idt=0.0546 gnorm=26.535 dnorm=10.802 nan=0
2026-10-04 11:26:09,599 epoch=169 step=5800 loss_G=2.6172 loss_D_A=0.0766 loss_D_B=0.0841 cycle=0.0739 idt=0.0493 gnorm=28.670 dnorm=11.698 nan=0
2026-10-04 11:26:24,976 epoch=169 step=5900 loss_G=1.9842 loss_D_A=0.2622 loss_D_B=0.0750 cycle=0.0693 idt=0.0902 gnorm=30.406 dnorm=11.141 nan=0
2026-10-04 11:26:40,093 epoch=169 step=6000 loss_G=1.6547 loss_D_A=0.1069 loss_D_B=0.1284 cycle=0.0603 idt=0.0329 gnorm=19.442 dnorm=7.930 nan=0
2026-10-04 11:26:55,472 epoch=169 step=6100 loss_G=1.7109 loss_D_A=0.1682 loss_D_B=0.3290 cycle=0.0724 idt=0.0501 gnorm=20.356 dnorm=12.381 nan=0
2026-10-04 11:27:10,658 epoch=169 step=6200 loss_G=2.9112 loss_D_A=0.0961 loss_D_B=0.1614 cycle=0.0875 idt=0.0485 gnorm=41.780 dnorm=7.596 nan=0
2026-10-04 11:27:26,022 epoch=169 step=6300 loss_G=2.2014 loss_D_A=0.1142 loss_D_B=0.1572 cycle=0.0914 idt=0.0448 gnorm=42.932 dnorm=8.132 nan=0
2026-10-04 11:27:41,361 epoch=169 step=6400 loss_G=2.2472 loss_D_A=0.0985 loss_D_B=0.1390 cycle=0.0958 idt=0.0619 gnorm=29.584 dnorm=6.073 nan=0
2026-10-04 11:27:47,258 epoch_mean={'g': 2.095293721118748, 'd_a': 0.14832302353033258, 'd_b': 0.15627129309738078, 'cycle': 0.07915169987555579, 'identity': 0.052253673372153135, 'epoch': 169}
2026-10-04 11:27:47,860 epoch=170 step=1 loss_G=2.3833 loss_D_A=0.1609 loss_D_B=0.1637 cycle=0.0767 idt=0.0570 gnorm=33.957 dnorm=9.112 nan=0
2026-10-04 11:28:02,749 epoch=170 step=100 loss_G=2.8218 loss_D_A=0.1013 loss_D_B=0.1314 cycle=0.0851 idt=0.0527 gnorm=28.205 dnorm=7.035 nan=0
2026-10-04 11:28:17,773 epoch=170 step=200 loss_G=1.9047 loss_D_A=0.0574 loss_D_B=0.2538 cycle=0.0668 idt=0.0519 gnorm=26.488 dnorm=10.838 nan=0
2026-10-04 11:28:33,095 epoch=170 step=300 loss_G=1.9579 loss_D_A=0.1471 loss_D_B=0.1397 cycle=0.0796 idt=0.0726 gnorm=37.577 dnorm=9.180 nan=0
2026-10-04 11:28:48,456 epoch=170 step=400 loss_G=1.6902 loss_D_A=0.1512 loss_D_B=0.1068 cycle=0.0626 idt=0.0469 gnorm=32.414 dnorm=5.848 nan=0
2026-10-04 11:29:03,513 epoch=170 step=500 loss_G=1.6914 loss_D_A=0.2052 loss_D_B=0.1410 cycle=0.0644 idt=0.0333 gnorm=22.010 dnorm=12.264 nan=0
2026-10-04 11:29:18,604 epoch=170 step=600 loss_G=2.9810 loss_D_A=0.1654 loss_D_B=0.1083 cycle=0.1092 idt=0.0637 gnorm=44.291 dnorm=7.592 nan=0
2026-10-04 11:29:33,833 epoch=170 step=700 loss_G=2.1069 loss_D_A=0.1432 loss_D_B=0.1581 cycle=0.0793 idt=0.0501 gnorm=29.231 dnorm=8.501 nan=0
2026-10-04 11:29:49,198 epoch=170 step=800 loss_G=2.2013 loss_D_A=0.1165 loss_D_B=0.2058 cycle=0.0732 idt=0.0541 gnorm=35.141 dnorm=9.608 nan=0
2026-10-04 11:30:04,522 epoch=170 step=900 loss_G=1.9342 loss_D_A=0.2501 loss_D_B=0.2017 cycle=0.0855 idt=0.0530 gnorm=16.222 dnorm=13.455 nan=0
2026-10-04 11:30:19,897 epoch=170 step=1000 loss_G=1.9658 loss_D_A=0.1250 loss_D_B=0.1727 cycle=0.0786 idt=0.0571 gnorm=30.602 dnorm=8.989 nan=0
2026-10-04 11:30:35,338 epoch=170 step=1100 loss_G=2.8727 loss_D_A=0.0751 loss_D_B=0.0683 cycle=0.0938 idt=0.0759 gnorm=49.951 dnorm=6.323 nan=0
2026-10-04 11:30:50,140 epoch=170 step=1200 loss_G=1.9601 loss_D_A=0.2015 loss_D_B=0.0983 cycle=0.0811 idt=0.0491 gnorm=33.184 dnorm=7.362 nan=0
2026-10-04 11:31:05,145 epoch=170 step=1300 loss_G=1.7967 loss_D_A=0.1278 loss_D_B=0.1135 cycle=0.0762 idt=0.0581 gnorm=24.016 dnorm=8.384 nan=0
2026-10-04 11:31:20,386 epoch=170 step=1400 loss_G=2.1590 loss_D_A=0.0440 loss_D_B=0.2630 cycle=0.0804 idt=0.0585 gnorm=24.238 dnorm=8.485 nan=0
2026-10-04 11:31:35,471 epoch=170 step=1500 loss_G=1.8902 loss_D_A=0.2300 loss_D_B=0.4534 cycle=0.0899 idt=0.0629 gnorm=23.851 dnorm=15.837 nan=0
2026-10-04 11:31:50,010 epoch=170 step=1600 loss_G=2.4676 loss_D_A=0.0595 loss_D_B=0.1899 cycle=0.0795 idt=0.0448 gnorm=23.951 dnorm=7.683 nan=0
2026-10-04 11:32:04,943 epoch=170 step=1700 loss_G=1.6883 loss_D_A=0.1268 loss_D_B=0.1019 cycle=0.0742 idt=0.0561 gnorm=22.680 dnorm=8.535 nan=0
2026-10-04 11:32:20,182 epoch=170 step=1800 loss_G=1.9118 loss_D_A=0.3208 loss_D_B=0.2495 cycle=0.0967 idt=0.0509 gnorm=38.235 dnorm=13.002 nan=0
2026-10-04 11:32:35,632 epoch=170 step=1900 loss_G=1.8986 loss_D_A=0.1510 loss_D_B=0.1271 cycle=0.0694 idt=0.0514 gnorm=22.482 dnorm=8.451 nan=0
2026-10-04 11:32:50,931 epoch=170 step=2000 loss_G=1.1685 loss_D_A=0.1267 loss_D_B=0.2953 cycle=0.0653 idt=0.0390 gnorm=13.924 dnorm=14.323 nan=0
2026-10-04 11:33:06,317 epoch=170 step=2100 loss_G=1.8514 loss_D_A=0.1589 loss_D_B=0.1193 cycle=0.0891 idt=0.0453 gnorm=30.047 dnorm=8.988 nan=0
2026-10-04 11:33:21,190 epoch=170 step=2200 loss_G=1.7103 loss_D_A=0.0691 loss_D_B=0.0381 cycle=0.0576 idt=0.0291 gnorm=25.808 dnorm=4.602 nan=0
2026-10-04 11:33:36,061 epoch=170 step=2300 loss_G=2.3148 loss_D_A=0.1195 loss_D_B=0.2493 cycle=0.0888 idt=0.0582 gnorm=34.484 dnorm=9.000 nan=0
2026-10-04 11:33:51,446 epoch=170 step=2400 loss_G=2.3496 loss_D_A=0.0416 loss_D_B=0.1321 cycle=0.0983 idt=0.0449 gnorm=38.446 dnorm=11.598 nan=0
2026-10-04 11:34:06,459 epoch=170 step=2500 loss_G=1.7665 loss_D_A=0.1747 loss_D_B=0.0288 cycle=0.0732 idt=0.0444 gnorm=29.946 dnorm=10.110 nan=0
2026-10-04 11:34:21,576 epoch=170 step=2600 loss_G=1.8610 loss_D_A=0.0963 loss_D_B=0.1921 cycle=0.0768 idt=0.0453 gnorm=22.784 dnorm=8.487 nan=0
2026-10-04 11:34:37,004 epoch=170 step=2700 loss_G=2.6673 loss_D_A=0.1457 loss_D_B=0.0581 cycle=0.0665 idt=0.0428 gnorm=45.592 dnorm=7.197 nan=0
2026-10-04 11:34:52,366 epoch=170 step=2800 loss_G=2.0557 loss_D_A=0.4114 loss_D_B=0.1032 cycle=0.0684 idt=0.0474 gnorm=28.684 dnorm=12.994 nan=0
2026-10-04 11:35:07,506 epoch=170 step=2900 loss_G=1.7810 loss_D_A=0.0893 loss_D_B=0.0401 cycle=0.0723 idt=0.0454 gnorm=18.396 dnorm=3.854 nan=0
2026-10-04 11:35:22,908 epoch=170 step=3000 loss_G=1.6326 loss_D_A=0.1471 loss_D_B=0.0698 cycle=0.0781 idt=0.0496 gnorm=27.414 dnorm=8.320 nan=0
2026-10-04 11:35:37,986 epoch=170 step=3100 loss_G=1.9648 loss_D_A=0.1242 loss_D_B=0.0749 cycle=0.0861 idt=0.0485 gnorm=30.286 dnorm=5.913 nan=0
2026-10-04 11:35:53,138 epoch=170 step=3200 loss_G=1.9373 loss_D_A=0.1470 loss_D_B=0.4477 cycle=0.0992 idt=0.0664 gnorm=20.244 dnorm=21.642 nan=0
2026-10-04 11:36:08,136 epoch=170 step=3300 loss_G=3.0887 loss_D_A=0.0633 loss_D_B=0.0537 cycle=0.0919 idt=0.0539 gnorm=27.592 dnorm=3.410 nan=0
2026-10-04 11:36:23,385 epoch=170 step=3400 loss_G=1.3935 loss_D_A=0.1873 loss_D_B=0.2028 cycle=0.0687 idt=0.0407 gnorm=24.843 dnorm=7.958 nan=0
2026-10-04 11:36:38,406 epoch=170 step=3500 loss_G=1.5848 loss_D_A=0.1095 loss_D_B=0.1181 cycle=0.0668 idt=0.0465 gnorm=26.068 dnorm=10.309 nan=0
2026-10-04 11:36:53,737 epoch=170 step=3600 loss_G=2.6281 loss_D_A=0.0900 loss_D_B=0.3175 cycle=0.0952 idt=0.0562 gnorm=29.109 dnorm=7.151 nan=0
2026-10-04 11:37:08,944 epoch=170 step=3700 loss_G=2.3013 loss_D_A=0.3649 loss_D_B=0.0613 cycle=0.0579 idt=0.0400 gnorm=26.462 dnorm=11.954 nan=0
2026-10-04 11:37:23,956 epoch=170 step=3800 loss_G=2.3651 loss_D_A=0.0456 loss_D_B=0.0514 cycle=0.1060 idt=0.0533 gnorm=41.935 dnorm=3.775 nan=0
2026-10-04 11:37:39,377 epoch=170 step=3900 loss_G=1.9407 loss_D_A=0.0582 loss_D_B=0.1509 cycle=0.0649 idt=0.0371 gnorm=37.997 dnorm=11.340 nan=0
2026-10-04 11:37:54,264 epoch=170 step=4000 loss_G=1.8654 loss_D_A=0.2907 loss_D_B=0.1753 cycle=0.0770 idt=0.0491 gnorm=15.616 dnorm=8.991 nan=0
2026-10-04 11:38:09,654 epoch=170 step=4100 loss_G=1.8007 loss_D_A=0.2491 loss_D_B=0.1881 cycle=0.0797 idt=0.0473 gnorm=20.888 dnorm=7.969 nan=0
2026-10-04 11:38:24,623 epoch=170 step=4200 loss_G=1.4050 loss_D_A=0.0628 loss_D_B=0.0911 cycle=0.0785 idt=0.0532 gnorm=12.627 dnorm=5.006 nan=0
2026-10-04 11:38:40,027 epoch=170 step=4300 loss_G=1.9146 loss_D_A=0.1968 loss_D_B=0.0988 cycle=0.0811 idt=0.0590 gnorm=27.912 dnorm=9.532 nan=0
2026-10-04 11:38:55,410 epoch=170 step=4400 loss_G=1.8846 loss_D_A=0.2549 loss_D_B=0.2017 cycle=0.0743 idt=0.0466 gnorm=30.261 dnorm=10.408 nan=0
2026-10-04 11:39:10,738 epoch=170 step=4500 loss_G=2.0184 loss_D_A=0.1404 loss_D_B=0.3767 cycle=0.0759 idt=0.0575 gnorm=35.983 dnorm=14.235 nan=0
2026-10-04 11:39:26,126 epoch=170 step=4600 loss_G=1.8679 loss_D_A=0.1101 loss_D_B=0.2628 cycle=0.0787 idt=0.0506 gnorm=17.803 dnorm=10.942 nan=0
2026-10-04 11:39:41,137 epoch=170 step=4700 loss_G=1.7662 loss_D_A=0.3244 loss_D_B=0.0827 cycle=0.0627 idt=0.0356 gnorm=26.473 dnorm=6.972 nan=0
2026-10-04 11:39:56,446 epoch=170 step=4800 loss_G=1.3958 loss_D_A=0.2766 loss_D_B=0.0921 cycle=0.0654 idt=0.0370 gnorm=28.346 dnorm=10.724 nan=0
2026-10-04 11:40:11,670 epoch=170 step=4900 loss_G=3.2522 loss_D_A=0.0400 loss_D_B=0.2550 cycle=0.0720 idt=0.0438 gnorm=26.339 dnorm=7.716 nan=0
2026-10-04 11:40:27,149 epoch=170 step=5000 loss_G=1.9632 loss_D_A=0.1154 loss_D_B=0.1083 cycle=0.0689 idt=0.0461 gnorm=23.243 dnorm=6.433 nan=0
2026-10-04 11:40:42,150 epoch=170 step=5100 loss_G=2.3568 loss_D_A=0.0932 loss_D_B=0.1084 cycle=0.0727 idt=0.0477 gnorm=26.927 dnorm=5.886 nan=0
2026-10-04 11:40:57,554 epoch=170 step=5200 loss_G=1.8711 loss_D_A=0.0887 loss_D_B=0.2478 cycle=0.0672 idt=0.0403 gnorm=28.565 dnorm=12.447 nan=0
2026-10-04 11:41:12,947 epoch=170 step=5300 loss_G=2.4433 loss_D_A=0.0942 loss_D_B=0.2134 cycle=0.0753 idt=0.0531 gnorm=22.249 dnorm=12.834 nan=0
2026-10-04 11:41:28,249 epoch=170 step=5400 loss_G=2.2263 loss_D_A=0.2681 loss_D_B=0.2883 cycle=0.0849 idt=0.0546 gnorm=20.044 dnorm=10.492 nan=0
2026-10-04 11:41:43,698 epoch=170 step=5500 loss_G=2.4696 loss_D_A=0.1224 loss_D_B=0.1970 cycle=0.0795 idt=0.0494 gnorm=27.247 dnorm=9.058 nan=0
2026-10-04 11:41:58,878 epoch=170 step=5600 loss_G=1.8526 loss_D_A=0.1963 loss_D_B=0.0897 cycle=0.0615 idt=0.0421 gnorm=33.292 dnorm=10.784 nan=0
2026-10-04 11:42:14,172 epoch=170 step=5700 loss_G=2.7494 loss_D_A=0.1226 loss_D_B=0.0407 cycle=0.0753 idt=0.0534 gnorm=31.781 dnorm=4.975 nan=0
2026-10-04 11:42:29,520 epoch=170 step=5800 loss_G=2.2031 loss_D_A=0.1350 loss_D_B=0.0533 cycle=0.0829 idt=0.0478 gnorm=24.881 dnorm=5.146 nan=0
2026-10-04 11:42:44,427 epoch=170 step=5900 loss_G=2.7848 loss_D_A=0.1495 loss_D_B=0.2119 cycle=0.0743 idt=0.0426 gnorm=42.259 dnorm=7.997 nan=0
2026-10-04 11:42:59,814 epoch=170 step=6000 loss_G=2.0486 loss_D_A=0.0673 loss_D_B=0.1146 cycle=0.0723 idt=0.0422 gnorm=38.962 dnorm=5.022 nan=0
2026-10-04 11:43:15,255 epoch=170 step=6100 loss_G=1.9846 loss_D_A=0.1551 loss_D_B=0.4668 cycle=0.0880 idt=0.0544 gnorm=24.212 dnorm=16.833 nan=0
2026-10-04 11:43:30,634 epoch=170 step=6200 loss_G=1.5563 loss_D_A=0.1815 loss_D_B=0.1561 cycle=0.0623 idt=0.0424 gnorm=21.139 dnorm=5.641 nan=0
2026-10-04 11:43:45,999 epoch=170 step=6300 loss_G=2.1061 loss_D_A=0.1627 loss_D_B=0.0605 cycle=0.0736 idt=0.0451 gnorm=35.607 dnorm=5.454 nan=0
2026-10-04 11:44:01,424 epoch=170 step=6400 loss_G=1.8599 loss_D_A=0.1939 loss_D_B=0.2188 cycle=0.0604 idt=0.0431 gnorm=19.769 dnorm=12.380 nan=0
2026-10-04 11:44:07,213 epoch_mean={'g': 2.0894111379698663, 'd_a': 0.14746950782948898, 'd_b': 0.15447102144068908, 'cycle': 0.07854529218149318, 'identity': 0.05145299697596303, 'epoch': 170}
2026-10-04 11:44:08,135 epoch=171 step=1 loss_G=2.0766 loss_D_A=0.0320 loss_D_B=0.1432 cycle=0.0904 idt=0.0615 gnorm=26.491 dnorm=3.467 nan=0
2026-10-04 11:44:23,230 epoch=171 step=100 loss_G=2.2533 loss_D_A=0.0972 loss_D_B=0.2111 cycle=0.0772 idt=0.0679 gnorm=41.336 dnorm=7.711 nan=0
2026-10-04 11:44:38,562 epoch=171 step=200 loss_G=1.2868 loss_D_A=0.2927 loss_D_B=0.1940 cycle=0.0584 idt=0.0317 gnorm=18.222 dnorm=15.276 nan=0
2026-10-04 11:44:53,726 epoch=171 step=300 loss_G=2.2285 loss_D_A=0.0843 loss_D_B=0.2316 cycle=0.0759 idt=0.0495 gnorm=35.824 dnorm=5.667 nan=0
2026-10-04 11:45:09,065 epoch=171 step=400 loss_G=1.7358 loss_D_A=0.0446 loss_D_B=0.1033 cycle=0.0609 idt=0.0378 gnorm=34.294 dnorm=4.645 nan=0
2026-10-04 11:45:24,363 epoch=171 step=500 loss_G=2.9014 loss_D_A=0.0634 loss_D_B=0.1347 cycle=0.0941 idt=0.0597 gnorm=37.329 dnorm=9.633 nan=0
2026-10-04 11:45:39,456 epoch=171 step=600 loss_G=2.0498 loss_D_A=0.0422 loss_D_B=0.1434 cycle=0.0907 idt=0.0555 gnorm=27.255 dnorm=6.580 nan=0
2026-10-04 11:45:54,871 epoch=171 step=700 loss_G=1.7940 loss_D_A=0.1727 loss_D_B=0.0917 cycle=0.0725 idt=0.0448 gnorm=19.682 dnorm=7.031 nan=0
2026-10-04 11:46:10,235 epoch=171 step=800 loss_G=2.3093 loss_D_A=0.3719 loss_D_B=0.0498 cycle=0.0879 idt=0.0591 gnorm=32.186 dnorm=11.847 nan=0
2026-10-04 11:46:25,402 epoch=171 step=900 loss_G=1.5217 loss_D_A=0.0545 loss_D_B=0.1255 cycle=0.0621 idt=0.0398 gnorm=23.830 dnorm=8.562 nan=0
2026-10-04 11:46:40,648 epoch=171 step=1000 loss_G=1.5922 loss_D_A=0.1336 loss_D_B=0.0530 cycle=0.0696 idt=0.0388 gnorm=30.039 dnorm=5.985 nan=0
2026-10-04 11:46:55,999 epoch=171 step=1100 loss_G=2.7451 loss_D_A=0.1958 loss_D_B=0.0768 cycle=0.1002 idt=0.0620 gnorm=32.294 dnorm=5.007 nan=0
2026-10-04 11:47:11,332 epoch=171 step=1200 loss_G=1.9177 loss_D_A=0.1143 loss_D_B=0.0869 cycle=0.0696 idt=0.0390 gnorm=20.484 dnorm=8.253 nan=0
2026-10-04 11:47:26,618 epoch=171 step=1300 loss_G=2.5473 loss_D_A=0.0734 loss_D_B=0.0527 cycle=0.1269 idt=0.0951 gnorm=23.042 dnorm=4.323 nan=0
2026-10-04 11:47:41,706 epoch=171 step=1400 loss_G=2.0619 loss_D_A=0.1838 loss_D_B=0.0935 cycle=0.0600 idt=0.0418 gnorm=28.573 dnorm=9.940 nan=0
2026-10-04 11:47:56,648 epoch=171 step=1500 loss_G=1.2172 loss_D_A=0.3484 loss_D_B=0.2472 cycle=0.0675 idt=0.0474 gnorm=19.534 dnorm=11.183 nan=0
2026-10-04 11:48:11,983 epoch=171 step=1600 loss_G=2.3638 loss_D_A=0.1674 loss_D_B=0.1743 cycle=0.0926 idt=0.0754 gnorm=25.290 dnorm=8.739 nan=0
2026-10-04 11:48:27,382 epoch=171 step=1700 loss_G=1.6446 loss_D_A=0.3273 loss_D_B=0.1838 cycle=0.0780 idt=0.0559 gnorm=33.676 dnorm=9.797 nan=0
2026-10-04 11:48:42,396 epoch=171 step=1800 loss_G=2.0868 loss_D_A=0.2037 loss_D_B=0.1981 cycle=0.0646 idt=0.0510 gnorm=36.813 dnorm=6.624 nan=0
2026-10-04 11:48:57,807 epoch=171 step=1900 loss_G=2.0883 loss_D_A=0.1764 loss_D_B=0.1233 cycle=0.1044 idt=0.0698 gnorm=37.454 dnorm=6.088 nan=0
2026-10-04 11:49:13,174 epoch=171 step=2000 loss_G=2.1302 loss_D_A=0.1824 loss_D_B=0.1577 cycle=0.0923 idt=0.0493 gnorm=41.215 dnorm=7.954 nan=0
2026-10-04 11:49:28,524 epoch=171 step=2100 loss_G=1.6720 loss_D_A=0.1971 loss_D_B=0.0714 cycle=0.0623 idt=0.0387 gnorm=26.480 dnorm=8.539 nan=0
2026-10-04 11:49:43,775 epoch=171 step=2200 loss_G=1.4639 loss_D_A=0.1115 loss_D_B=0.1583 cycle=0.0681 idt=0.0517 gnorm=31.315 dnorm=7.045 nan=0
2026-10-04 11:49:59,137 epoch=171 step=2300 loss_G=2.6191 loss_D_A=0.0578 loss_D_B=0.3769 cycle=0.0762 idt=0.0636 gnorm=21.904 dnorm=7.438 nan=0
2026-10-04 11:50:14,530 epoch=171 step=2400 loss_G=2.0184 loss_D_A=0.1505 loss_D_B=0.3197 cycle=0.0739 idt=0.0437 gnorm=21.259 dnorm=10.355 nan=0
2026-10-04 11:50:29,722 epoch=171 step=2500 loss_G=2.2893 loss_D_A=0.0972 loss_D_B=0.2297 cycle=0.0777 idt=0.0523 gnorm=29.753 dnorm=8.913 nan=0
2026-10-04 11:50:45,030 epoch=171 step=2600 loss_G=2.2536 loss_D_A=0.0323 loss_D_B=0.0654 cycle=0.0825 idt=0.0469 gnorm=30.116 dnorm=3.933 nan=0
2026-10-04 11:51:00,420 epoch=171 step=2700 loss_G=1.4575 loss_D_A=0.2272 loss_D_B=0.1616 cycle=0.0741 idt=0.0417 gnorm=24.305 dnorm=10.499 nan=0
2026-10-04 11:51:15,822 epoch=171 step=2800 loss_G=1.9284 loss_D_A=0.3004 loss_D_B=0.1509 cycle=0.0779 idt=0.0424 gnorm=32.456 dnorm=11.108 nan=0
2026-10-04 11:51:31,116 epoch=171 step=2900 loss_G=1.4064 loss_D_A=0.1905 loss_D_B=0.1553 cycle=0.0709 idt=0.0405 gnorm=25.212 dnorm=8.459 nan=0
2026-10-04 11:51:46,534 epoch=171 step=3000 loss_G=2.0154 loss_D_A=0.1996 loss_D_B=0.1643 cycle=0.0935 idt=0.0591 gnorm=38.953 dnorm=9.992 nan=0
2026-10-04 11:52:01,949 epoch=171 step=3100 loss_G=2.2922 loss_D_A=0.0390 loss_D_B=0.0722 cycle=0.0790 idt=0.0533 gnorm=20.129 dnorm=3.972 nan=0
2026-10-04 11:52:17,232 epoch=171 step=3200 loss_G=2.4519 loss_D_A=0.0634 loss_D_B=0.0500 cycle=0.0746 idt=0.0428 gnorm=22.481 dnorm=4.297 nan=0
2026-10-04 11:52:32,637 epoch=171 step=3300 loss_G=1.7415 loss_D_A=0.1226 loss_D_B=0.2559 cycle=0.0806 idt=0.0411 gnorm=37.664 dnorm=10.362 nan=0
2026-10-04 11:52:48,023 epoch=171 step=3400 loss_G=2.5474 loss_D_A=0.1657 loss_D_B=0.0419 cycle=0.0961 idt=0.0696 gnorm=39.080 dnorm=6.866 nan=0
2026-10-04 11:53:03,358 epoch=171 step=3500 loss_G=2.0101 loss_D_A=0.0498 loss_D_B=0.1342 cycle=0.0721 idt=0.0553 gnorm=40.732 dnorm=5.679 nan=0
2026-10-04 11:53:18,705 epoch=171 step=3600 loss_G=2.1978 loss_D_A=0.1373 loss_D_B=0.0636 cycle=0.0830 idt=0.0476 gnorm=30.744 dnorm=7.545 nan=0
2026-10-04 11:53:34,089 epoch=171 step=3700 loss_G=2.4482 loss_D_A=0.1514 loss_D_B=0.1650 cycle=0.0809 idt=0.0369 gnorm=25.160 dnorm=9.363 nan=0
2026-10-04 11:53:49,413 epoch=171 step=3800 loss_G=2.4023 loss_D_A=0.0267 loss_D_B=0.0963 cycle=0.0929 idt=0.0519 gnorm=35.898 dnorm=5.329 nan=0
2026-10-04 11:54:04,798 epoch=171 step=3900 loss_G=1.6792 loss_D_A=0.2299 loss_D_B=0.1646 cycle=0.0663 idt=0.0562 gnorm=22.171 dnorm=10.212 nan=0
2026-10-04 11:54:20,190 epoch=171 step=4000 loss_G=2.4118 loss_D_A=0.1392 loss_D_B=0.2373 cycle=0.0741 idt=0.0435 gnorm=35.605 dnorm=9.160 nan=0
2026-10-04 11:54:35,543 epoch=171 step=4100 loss_G=2.8664 loss_D_A=0.1140 loss_D_B=0.1851 cycle=0.0969 idt=0.0628 gnorm=26.527 dnorm=5.797 nan=0
2026-10-04 11:54:50,953 epoch=171 step=4200 loss_G=1.9771 loss_D_A=0.2358 loss_D_B=0.3171 cycle=0.0828 idt=0.0559 gnorm=16.769 dnorm=14.296 nan=0
2026-10-04 11:55:06,294 epoch=171 step=4300 loss_G=2.3345 loss_D_A=0.0424 loss_D_B=0.1172 cycle=0.0738 idt=0.0424 gnorm=21.506 dnorm=8.722 nan=0
2026-10-04 11:55:21,690 epoch=171 step=4400 loss_G=2.4812 loss_D_A=0.1265 loss_D_B=0.1117 cycle=0.0937 idt=0.0642 gnorm=25.839 dnorm=7.213 nan=0
2026-10-04 11:55:37,129 epoch=171 step=4500 loss_G=2.2120 loss_D_A=0.1031 loss_D_B=0.1857 cycle=0.0765 idt=0.0360 gnorm=29.725 dnorm=8.051 nan=0
2026-10-04 11:55:52,471 epoch=171 step=4600 loss_G=1.7769 loss_D_A=0.1454 loss_D_B=0.2908 cycle=0.0716 idt=0.0425 gnorm=17.289 dnorm=22.272 nan=0
2026-10-04 11:56:07,834 epoch=171 step=4700 loss_G=1.7200 loss_D_A=0.1463 loss_D_B=0.0732 cycle=0.0658 idt=0.0356 gnorm=33.321 dnorm=8.364 nan=0
2026-10-04 11:56:23,277 epoch=171 step=4800 loss_G=2.5526 loss_D_A=0.2348 loss_D_B=0.1138 cycle=0.0671 idt=0.0492 gnorm=44.670 dnorm=10.799 nan=0
2026-10-04 11:56:38,618 epoch=171 step=4900 loss_G=2.1407 loss_D_A=0.2191 loss_D_B=0.0656 cycle=0.0705 idt=0.0432 gnorm=21.100 dnorm=8.038 nan=0
2026-10-04 11:56:53,990 epoch=171 step=5000 loss_G=2.2613 loss_D_A=0.1801 loss_D_B=0.1829 cycle=0.0634 idt=0.0400 gnorm=24.055 dnorm=7.558 nan=0
2026-10-04 11:57:09,357 epoch=171 step=5100 loss_G=1.9993 loss_D_A=0.3130 loss_D_B=0.1008 cycle=0.0893 idt=0.0612 gnorm=44.644 dnorm=14.107 nan=0
2026-10-04 11:57:24,237 epoch=171 step=5200 loss_G=2.6567 loss_D_A=0.1286 loss_D_B=0.0833 cycle=0.1138 idt=0.0715 gnorm=23.724 dnorm=8.021 nan=0
2026-10-04 11:57:39,611 epoch=171 step=5300 loss_G=1.7641 loss_D_A=0.2105 loss_D_B=0.0688 cycle=0.0896 idt=0.0526 gnorm=18.926 dnorm=9.041 nan=0
2026-10-04 11:57:55,017 epoch=171 step=5400 loss_G=2.0731 loss_D_A=0.1300 loss_D_B=0.2716 cycle=0.0813 idt=0.0552 gnorm=17.770 dnorm=10.761 nan=0
2026-10-04 11:58:09,645 epoch=171 step=5500 loss_G=2.5545 loss_D_A=0.2638 loss_D_B=0.1957 cycle=0.0673 idt=0.0480 gnorm=28.104 dnorm=11.589 nan=0
2026-10-04 11:58:25,038 epoch=171 step=5600 loss_G=2.1879 loss_D_A=0.0637 loss_D_B=0.1117 cycle=0.0772 idt=0.0440 gnorm=32.940 dnorm=4.767 nan=0
2026-10-04 11:58:40,402 epoch=171 step=5700 loss_G=2.1882 loss_D_A=0.1161 loss_D_B=0.0571 cycle=0.0727 idt=0.0451 gnorm=30.483 dnorm=6.651 nan=0
2026-10-04 11:58:55,087 epoch=171 step=5800 loss_G=2.7600 loss_D_A=0.0399 loss_D_B=0.0771 cycle=0.0896 idt=0.0498 gnorm=48.447 dnorm=4.331 nan=0
2026-10-04 11:59:10,562 epoch=171 step=5900 loss_G=3.0788 loss_D_A=0.1964 loss_D_B=0.0650 cycle=0.0803 idt=0.0418 gnorm=38.998 dnorm=6.810 nan=0
2026-10-04 11:59:25,919 epoch=171 step=6000 loss_G=2.5679 loss_D_A=0.1590 loss_D_B=0.1674 cycle=0.0727 idt=0.0479 gnorm=19.920 dnorm=8.945 nan=0
2026-10-04 11:59:41,302 epoch=171 step=6100 loss_G=1.9580 loss_D_A=0.1841 loss_D_B=0.2001 cycle=0.0898 idt=0.0548 gnorm=28.478 dnorm=11.960 nan=0
2026-10-04 11:59:56,738 epoch=171 step=6200 loss_G=2.1245 loss_D_A=0.1639 loss_D_B=0.1400 cycle=0.0738 idt=0.0433 gnorm=47.460 dnorm=12.215 nan=0
2026-10-04 12:00:11,997 epoch=171 step=6300 loss_G=2.2290 loss_D_A=0.1646 loss_D_B=0.3179 cycle=0.0929 idt=0.0669 gnorm=18.377 dnorm=7.727 nan=0
2026-10-04 12:00:26,916 epoch=171 step=6400 loss_G=1.6637 loss_D_A=0.1184 loss_D_B=0.0743 cycle=0.0882 idt=0.0421 gnorm=35.954 dnorm=6.630 nan=0
2026-10-04 12:00:32,533 epoch_mean={'g': 2.0851943841740446, 'd_a': 0.14801341089709052, 'd_b': 0.15468315605644709, 'cycle': 0.07821972868612147, 'identity': 0.05120850083397649, 'epoch': 171}
2026-10-04 12:00:33,145 epoch=172 step=1 loss_G=1.7131 loss_D_A=0.0897 loss_D_B=0.1722 cycle=0.0664 idt=0.0454 gnorm=29.883 dnorm=6.493 nan=0
2026-10-04 12:00:48,404 epoch=172 step=100 loss_G=1.8579 loss_D_A=0.0552 loss_D_B=0.0985 cycle=0.0608 idt=0.0466 gnorm=23.697 dnorm=7.499 nan=0
2026-10-04 12:01:03,753 epoch=172 step=200 loss_G=1.8877 loss_D_A=0.0941 loss_D_B=0.1736 cycle=0.0758 idt=0.0472 gnorm=17.268 dnorm=6.681 nan=0
2026-10-04 12:01:19,037 epoch=172 step=300 loss_G=1.7971 loss_D_A=0.1702 loss_D_B=0.0733 cycle=0.0846 idt=0.0527 gnorm=15.642 dnorm=6.465 nan=0
2026-10-04 12:01:34,436 epoch=172 step=400 loss_G=2.0597 loss_D_A=0.0281 loss_D_B=0.1771 cycle=0.0741 idt=0.0570 gnorm=27.458 dnorm=4.468 nan=0
2026-10-04 12:01:49,845 epoch=172 step=500 loss_G=1.8860 loss_D_A=0.2556 loss_D_B=0.2332 cycle=0.0854 idt=0.0544 gnorm=38.498 dnorm=12.219 nan=0
2026-10-04 12:02:05,178 epoch=172 step=600 loss_G=2.2613 loss_D_A=0.1903 loss_D_B=0.2286 cycle=0.0779 idt=0.0542 gnorm=15.397 dnorm=14.227 nan=0
2026-10-04 12:02:20,588 epoch=172 step=700 loss_G=1.7990 loss_D_A=0.1776 loss_D_B=0.2385 cycle=0.0750 idt=0.0569 gnorm=34.337 dnorm=10.520 nan=0
2026-10-04 12:02:35,900 epoch=172 step=800 loss_G=1.4761 loss_D_A=0.2834 loss_D_B=0.0813 cycle=0.0776 idt=0.0514 gnorm=38.810 dnorm=11.103 nan=0
2026-10-04 12:02:50,890 epoch=172 step=900 loss_G=1.9485 loss_D_A=0.1375 loss_D_B=0.0854 cycle=0.0756 idt=0.0382 gnorm=29.248 dnorm=6.341 nan=0
2026-10-04 12:03:06,269 epoch=172 step=1000 loss_G=2.4916 loss_D_A=0.3732 loss_D_B=0.3233 cycle=0.0692 idt=0.0466 gnorm=38.991 dnorm=9.471 nan=0
2026-10-04 12:03:21,757 epoch=172 step=1100 loss_G=1.7123 loss_D_A=0.2730 loss_D_B=0.1535 cycle=0.0739 idt=0.0497 gnorm=19.627 dnorm=9.824 nan=0
2026-10-04 12:03:37,094 epoch=172 step=1200 loss_G=1.8290 loss_D_A=0.0867 loss_D_B=0.1998 cycle=0.0700 idt=0.0379 gnorm=26.565 dnorm=8.492 nan=0
2026-10-04 12:03:52,527 epoch=172 step=1300 loss_G=1.7945 loss_D_A=0.0413 loss_D_B=0.1717 cycle=0.0694 idt=0.0392 gnorm=16.590 dnorm=6.700 nan=0
2026-10-04 12:04:07,847 epoch=172 step=1400 loss_G=2.0938 loss_D_A=0.2634 loss_D_B=0.1224 cycle=0.0948 idt=0.0597 gnorm=19.225 dnorm=8.166 nan=0
2026-10-04 12:04:23,117 epoch=172 step=1500 loss_G=2.5806 loss_D_A=0.1259 loss_D_B=0.0819 cycle=0.0853 idt=0.0520 gnorm=24.336 dnorm=10.612 nan=0
2026-10-04 12:04:38,463 epoch=172 step=1600 loss_G=2.3156 loss_D_A=0.1229 loss_D_B=0.0781 cycle=0.0498 idt=0.0267 gnorm=39.376 dnorm=4.881 nan=0
2026-10-04 12:04:53,802 epoch=172 step=1700 loss_G=2.1018 loss_D_A=0.0995 loss_D_B=0.2006 cycle=0.0927 idt=0.0481 gnorm=31.452 dnorm=9.801 nan=0
2026-10-04 12:05:09,079 epoch=172 step=1800 loss_G=2.2306 loss_D_A=0.1304 loss_D_B=0.0556 cycle=0.0786 idt=0.0474 gnorm=29.693 dnorm=5.553 nan=0
2026-10-04 12:05:24,441 epoch=172 step=1900 loss_G=2.0261 loss_D_A=0.0537 loss_D_B=0.1468 cycle=0.0829 idt=0.0485 gnorm=39.564 dnorm=8.369 nan=0
2026-10-04 12:05:39,765 epoch=172 step=2000 loss_G=2.6120 loss_D_A=0.2725 loss_D_B=0.0927 cycle=0.0905 idt=0.0557 gnorm=32.539 dnorm=7.502 nan=0
2026-10-04 12:05:55,030 epoch=172 step=2100 loss_G=2.3741 loss_D_A=0.0577 loss_D_B=0.0921 cycle=0.0982 idt=0.0697 gnorm=34.665 dnorm=6.523 nan=0
2026-10-04 12:06:10,382 epoch=172 step=2200 loss_G=2.1594 loss_D_A=0.1753 loss_D_B=0.2495 cycle=0.0794 idt=0.0568 gnorm=24.364 dnorm=11.389 nan=0
2026-10-04 12:06:25,711 epoch=172 step=2300 loss_G=2.2899 loss_D_A=0.1187 loss_D_B=0.0375 cycle=0.0773 idt=0.0419 gnorm=23.487 dnorm=5.318 nan=0
2026-10-04 12:06:40,959 epoch=172 step=2400 loss_G=2.2797 loss_D_A=0.0664 loss_D_B=0.1425 cycle=0.0808 idt=0.0467 gnorm=30.468 dnorm=6.485 nan=0
2026-10-04 12:06:56,296 epoch=172 step=2500 loss_G=2.1637 loss_D_A=0.0881 loss_D_B=0.0696 cycle=0.0776 idt=0.0511 gnorm=44.318 dnorm=4.465 nan=0
2026-10-04 12:07:11,650 epoch=172 step=2600 loss_G=2.1599 loss_D_A=0.1848 loss_D_B=0.1506 cycle=0.0678 idt=0.0428 gnorm=32.623 dnorm=8.523 nan=0
2026-10-04 12:07:26,937 epoch=172 step=2700 loss_G=1.7906 loss_D_A=0.1167 loss_D_B=0.0725 cycle=0.0860 idt=0.0600 gnorm=27.991 dnorm=6.275 nan=0
2026-10-04 12:07:42,289 epoch=172 step=2800 loss_G=1.8087 loss_D_A=0.1585 loss_D_B=0.2119 cycle=0.0847 idt=0.0551 gnorm=34.257 dnorm=7.452 nan=0
2026-10-04 12:07:57,664 epoch=172 step=2900 loss_G=2.2691 loss_D_A=0.2269 loss_D_B=0.1335 cycle=0.0596 idt=0.0488 gnorm=42.351 dnorm=9.663 nan=0
2026-10-04 12:08:12,935 epoch=172 step=3000 loss_G=1.9951 loss_D_A=0.1025 loss_D_B=0.4017 cycle=0.0813 idt=0.0506 gnorm=21.454 dnorm=9.621 nan=0
2026-10-04 12:08:28,221 epoch=172 step=3100 loss_G=2.3569 loss_D_A=0.2397 loss_D_B=0.1314 cycle=0.0851 idt=0.0488 gnorm=35.077 dnorm=11.535 nan=0
2026-10-04 12:08:43,580 epoch=172 step=3200 loss_G=1.7184 loss_D_A=0.1499 loss_D_B=0.2024 cycle=0.0894 idt=0.0645 gnorm=34.934 dnorm=6.718 nan=0
2026-10-04 12:08:58,827 epoch=172 step=3300 loss_G=1.8628 loss_D_A=0.2765 loss_D_B=0.1279 cycle=0.0549 idt=0.0484 gnorm=22.885 dnorm=12.488 nan=0
2026-10-04 12:09:14,102 epoch=172 step=3400 loss_G=1.9435 loss_D_A=0.0928 loss_D_B=0.0485 cycle=0.0990 idt=0.0590 gnorm=34.042 dnorm=6.000 nan=0
2026-10-04 12:09:29,468 epoch=172 step=3500 loss_G=2.5642 loss_D_A=0.2279 loss_D_B=0.2998 cycle=0.0754 idt=0.0425 gnorm=27.228 dnorm=11.040 nan=0
2026-10-04 12:09:44,798 epoch=172 step=3600 loss_G=2.5595 loss_D_A=0.1071 loss_D_B=0.0893 cycle=0.0932 idt=0.0738 gnorm=25.291 dnorm=5.098 nan=0
2026-10-04 12:10:00,141 epoch=172 step=3700 loss_G=1.7777 loss_D_A=0.0575 loss_D_B=0.2095 cycle=0.0834 idt=0.0385 gnorm=32.672 dnorm=6.781 nan=0
2026-10-04 12:10:15,398 epoch=172 step=3800 loss_G=1.6325 loss_D_A=0.1733 loss_D_B=0.1133 cycle=0.0741 idt=0.0401 gnorm=21.683 dnorm=7.778 nan=0
2026-10-04 12:10:30,539 epoch=172 step=3900 loss_G=2.4108 loss_D_A=0.1219 loss_D_B=0.1552 cycle=0.0863 idt=0.0604 gnorm=36.208 dnorm=10.720 nan=0
2026-10-04 12:10:45,846 epoch=172 step=4000 loss_G=2.6341 loss_D_A=0.1300 loss_D_B=0.0433 cycle=0.0657 idt=0.0431 gnorm=30.198 dnorm=6.617 nan=0
2026-10-04 12:11:01,171 epoch=172 step=4100 loss_G=2.0810 loss_D_A=0.3399 loss_D_B=0.1425 cycle=0.0718 idt=0.0609 gnorm=31.609 dnorm=11.239 nan=0
2026-10-04 12:11:16,542 epoch=172 step=4200 loss_G=1.4446 loss_D_A=0.1165 loss_D_B=0.1157 cycle=0.0712 idt=0.0376 gnorm=31.924 dnorm=10.096 nan=0
2026-10-04 12:11:31,846 epoch=172 step=4300 loss_G=2.0081 loss_D_A=0.2867 loss_D_B=0.2003 cycle=0.0641 idt=0.0353 gnorm=31.533 dnorm=13.581 nan=0
2026-10-04 12:11:47,169 epoch=172 step=4400 loss_G=1.9516 loss_D_A=0.0727 loss_D_B=0.1082 cycle=0.0765 idt=0.0400 gnorm=32.745 dnorm=8.231 nan=0
2026-10-04 12:12:02,490 epoch=172 step=4500 loss_G=2.2103 loss_D_A=0.0765 loss_D_B=0.0797 cycle=0.0794 idt=0.0517 gnorm=25.281 dnorm=4.397 nan=0
2026-10-04 12:12:17,848 epoch=172 step=4600 loss_G=1.8188 loss_D_A=0.1615 loss_D_B=0.0894 cycle=0.0556 idt=0.0347 gnorm=34.381 dnorm=7.448 nan=0
2026-10-04 12:12:33,163 epoch=172 step=4700 loss_G=2.2120 loss_D_A=0.2737 loss_D_B=0.2133 cycle=0.0911 idt=0.0461 gnorm=26.896 dnorm=14.991 nan=0
2026-10-04 12:12:48,417 epoch=172 step=4800 loss_G=2.3505 loss_D_A=0.0402 loss_D_B=0.0655 cycle=0.0585 idt=0.0397 gnorm=29.327 dnorm=3.826 nan=0
2026-10-04 12:13:03,699 epoch=172 step=4900 loss_G=1.9372 loss_D_A=0.2917 loss_D_B=0.1713 cycle=0.0882 idt=0.0615 gnorm=29.065 dnorm=10.740 nan=0
2026-10-04 12:13:18,479 epoch=172 step=5000 loss_G=2.1791 loss_D_A=0.1737 loss_D_B=0.1239 cycle=0.0911 idt=0.0468 gnorm=23.768 dnorm=7.180 nan=0
2026-10-04 12:13:33,790 epoch=172 step=5100 loss_G=1.8208 loss_D_A=0.1315 loss_D_B=0.0906 cycle=0.0603 idt=0.0476 gnorm=25.892 dnorm=4.554 nan=0
2026-10-04 12:13:49,076 epoch=172 step=5200 loss_G=1.7327 loss_D_A=0.1727 loss_D_B=0.1078 cycle=0.0584 idt=0.0400 gnorm=25.401 dnorm=8.767 nan=0
2026-10-04 12:14:04,428 epoch=172 step=5300 loss_G=1.4925 loss_D_A=0.3012 loss_D_B=0.2720 cycle=0.0697 idt=0.0437 gnorm=28.638 dnorm=14.407 nan=0
2026-10-04 12:14:19,643 epoch=172 step=5400 loss_G=1.4610 loss_D_A=0.3945 loss_D_B=0.0789 cycle=0.0660 idt=0.0350 gnorm=28.576 dnorm=11.768 nan=0
2026-10-04 12:14:34,679 epoch=172 step=5500 loss_G=2.0666 loss_D_A=0.0702 loss_D_B=0.1391 cycle=0.0818 idt=0.0727 gnorm=34.508 dnorm=4.994 nan=0
2026-10-04 12:14:50,040 epoch=172 step=5600 loss_G=2.8946 loss_D_A=0.3375 loss_D_B=0.2785 cycle=0.0618 idt=0.0374 gnorm=28.186 dnorm=11.224 nan=0
2026-10-04 12:15:05,362 epoch=172 step=5700 loss_G=1.4972 loss_D_A=0.1361 loss_D_B=0.1842 cycle=0.0619 idt=0.0376 gnorm=19.673 dnorm=6.327 nan=0
2026-10-04 12:15:20,650 epoch=172 step=5800 loss_G=2.3783 loss_D_A=0.2742 loss_D_B=0.1996 cycle=0.0705 idt=0.0453 gnorm=29.604 dnorm=13.394 nan=0
2026-10-04 12:15:35,590 epoch=172 step=5900 loss_G=2.1491 loss_D_A=0.1722 loss_D_B=0.3461 cycle=0.0785 idt=0.0548 gnorm=34.765 dnorm=12.524 nan=0
2026-10-04 12:15:50,905 epoch=172 step=6000 loss_G=1.8971 loss_D_A=0.1001 loss_D_B=0.1258 cycle=0.0726 idt=0.0556 gnorm=28.351 dnorm=8.523 nan=0
2026-10-04 12:16:06,222 epoch=172 step=6100 loss_G=2.0853 loss_D_A=0.1825 loss_D_B=0.2969 cycle=0.0987 idt=0.0706 gnorm=50.352 dnorm=14.139 nan=0
2026-10-04 12:16:21,529 epoch=172 step=6200 loss_G=2.5064 loss_D_A=0.1638 loss_D_B=0.1665 cycle=0.1042 idt=0.0551 gnorm=34.565 dnorm=6.942 nan=0
2026-10-04 12:16:36,845 epoch=172 step=6300 loss_G=2.3140 loss_D_A=0.0801 loss_D_B=0.2665 cycle=0.0784 idt=0.0532 gnorm=35.653 dnorm=8.093 nan=0
2026-10-04 12:16:52,153 epoch=172 step=6400 loss_G=2.1424 loss_D_A=0.1918 loss_D_B=0.2384 cycle=0.1027 idt=0.0718 gnorm=26.038 dnorm=6.821 nan=0
2026-10-04 12:16:58,007 epoch_mean={'g': 2.0803775556267476, 'd_a': 0.14702851507892592, 'd_b': 0.1535260762513591, 'cycle': 0.07761615090727177, 'identity': 0.05081184816197528, 'epoch': 172}
2026-10-04 12:16:58,633 epoch=173 step=1 loss_G=2.3516 loss_D_A=0.1952 loss_D_B=0.0866 cycle=0.0946 idt=0.0545 gnorm=39.928 dnorm=7.371 nan=0
2026-10-04 12:17:13,142 epoch=173 step=100 loss_G=1.7480 loss_D_A=0.0965 loss_D_B=0.0976 cycle=0.0736 idt=0.0431 gnorm=19.496 dnorm=6.658 nan=0
2026-10-04 12:17:28,377 epoch=173 step=200 loss_G=1.6467 loss_D_A=0.2887 loss_D_B=0.1917 cycle=0.0733 idt=0.0478 gnorm=19.831 dnorm=8.312 nan=0
2026-10-04 12:17:43,700 epoch=173 step=300 loss_G=2.3716 loss_D_A=0.1515 loss_D_B=0.1446 cycle=0.0828 idt=0.0483 gnorm=22.031 dnorm=6.989 nan=0
2026-10-04 12:17:58,430 epoch=173 step=400 loss_G=1.8543 loss_D_A=0.1286 loss_D_B=0.1368 cycle=0.0690 idt=0.0449 gnorm=31.858 dnorm=9.777 nan=0
2026-10-04 12:18:13,816 epoch=173 step=500 loss_G=1.9213 loss_D_A=0.1438 loss_D_B=0.0911 cycle=0.0676 idt=0.0418 gnorm=17.790 dnorm=7.769 nan=0
2026-10-04 12:18:29,197 epoch=173 step=600 loss_G=2.7299 loss_D_A=0.0867 loss_D_B=0.1637 cycle=0.0638 idt=0.0436 gnorm=29.021 dnorm=8.857 nan=0
2026-10-04 12:18:44,498 epoch=173 step=700 loss_G=2.2517 loss_D_A=0.1120 loss_D_B=0.1210 cycle=0.0765 idt=0.0465 gnorm=19.459 dnorm=11.460 nan=0
2026-10-04 12:18:59,871 epoch=173 step=800 loss_G=2.2650 loss_D_A=0.1250 loss_D_B=0.0633 cycle=0.0782 idt=0.0489 gnorm=25.059 dnorm=8.091 nan=0
2026-10-04 12:19:15,188 epoch=173 step=900 loss_G=1.4572 loss_D_A=0.0674 loss_D_B=0.1854 cycle=0.0751 idt=0.0452 gnorm=37.066 dnorm=7.194 nan=0
2026-10-04 12:19:30,410 epoch=173 step=1000 loss_G=2.0482 loss_D_A=0.0762 loss_D_B=0.0550 cycle=0.0596 idt=0.0571 gnorm=36.120 dnorm=4.728 nan=0
2026-10-04 12:19:45,700 epoch=173 step=1100 loss_G=1.9056 loss_D_A=0.1144 loss_D_B=0.1487 cycle=0.0683 idt=0.0523 gnorm=27.502 dnorm=7.841 nan=0
2026-10-04 12:20:01,001 epoch=173 step=1200 loss_G=1.6369 loss_D_A=0.2323 loss_D_B=0.1580 cycle=0.0584 idt=0.0466 gnorm=25.585 dnorm=7.694 nan=0
2026-10-04 12:20:16,295 epoch=173 step=1300 loss_G=2.1094 loss_D_A=0.1326 loss_D_B=0.2933 cycle=0.0768 idt=0.0489 gnorm=24.842 dnorm=11.030 nan=0
2026-10-04 12:20:31,248 epoch=173 step=1400 loss_G=1.6995 loss_D_A=0.2657 loss_D_B=0.2515 cycle=0.0630 idt=0.0428 gnorm=25.005 dnorm=11.724 nan=0
2026-10-04 12:20:46,503 epoch=173 step=1500 loss_G=2.1188 loss_D_A=0.1434 loss_D_B=0.2759 cycle=0.0593 idt=0.0333 gnorm=18.974 dnorm=10.050 nan=0
2026-10-04 12:21:01,861 epoch=173 step=1600 loss_G=2.4014 loss_D_A=0.1460 loss_D_B=0.1063 cycle=0.0826 idt=0.0499 gnorm=25.069 dnorm=9.138 nan=0
2026-10-04 12:21:17,163 epoch=173 step=1700 loss_G=2.3583 loss_D_A=0.0396 loss_D_B=0.1920 cycle=0.0643 idt=0.0393 gnorm=27.517 dnorm=6.888 nan=0
2026-10-04 12:21:32,519 epoch=173 step=1800 loss_G=1.6567 loss_D_A=0.1126 loss_D_B=0.2217 cycle=0.0817 idt=0.0416 gnorm=31.798 dnorm=13.832 nan=0
2026-10-04 12:21:47,858 epoch=173 step=1900 loss_G=2.3742 loss_D_A=0.1807 loss_D_B=0.2307 cycle=0.0808 idt=0.0507 gnorm=30.056 dnorm=8.358 nan=0
2026-10-04 12:22:02,856 epoch=173 step=2000 loss_G=2.2657 loss_D_A=0.2249 loss_D_B=0.1909 cycle=0.0795 idt=0.0746 gnorm=29.657 dnorm=15.679 nan=0
2026-10-04 12:22:17,804 epoch=173 step=2100 loss_G=1.8227 loss_D_A=0.0754 loss_D_B=0.1448 cycle=0.0591 idt=0.0354 gnorm=21.881 dnorm=8.332 nan=0
2026-10-04 12:22:33,134 epoch=173 step=2200 loss_G=1.7610 loss_D_A=0.0569 loss_D_B=0.0613 cycle=0.0742 idt=0.0542 gnorm=28.881 dnorm=4.060 nan=0
2026-10-04 12:22:48,519 epoch=173 step=2300 loss_G=2.2745 loss_D_A=0.0623 loss_D_B=0.1580 cycle=0.0961 idt=0.0613 gnorm=49.574 dnorm=12.656 nan=0
2026-10-04 12:23:03,603 epoch=173 step=2400 loss_G=2.2796 loss_D_A=0.1436 loss_D_B=0.0671 cycle=0.0962 idt=0.0750 gnorm=47.601 dnorm=6.678 nan=0
2026-10-04 12:23:18,918 epoch=173 step=2500 loss_G=1.9338 loss_D_A=0.2037 loss_D_B=0.1007 cycle=0.0661 idt=0.0378 gnorm=16.566 dnorm=7.946 nan=0
2026-10-04 12:23:34,248 epoch=173 step=2600 loss_G=2.0859 loss_D_A=0.4628 loss_D_B=0.1950 cycle=0.0843 idt=0.0587 gnorm=22.818 dnorm=10.975 nan=0
2026-10-04 12:23:49,577 epoch=173 step=2700 loss_G=1.9439 loss_D_A=0.0947 loss_D_B=0.2673 cycle=0.0728 idt=0.0388 gnorm=29.590 dnorm=8.784 nan=0
2026-10-04 12:24:04,637 epoch=173 step=2800 loss_G=1.8273 loss_D_A=0.1288 loss_D_B=0.1191 cycle=0.0760 idt=0.0585 gnorm=34.731 dnorm=6.325 nan=0
2026-10-04 12:24:19,979 epoch=173 step=2900 loss_G=1.6369 loss_D_A=0.0564 loss_D_B=0.2575 cycle=0.0781 idt=0.0491 gnorm=27.907 dnorm=4.980 nan=0
2026-10-04 12:24:35,401 epoch=173 step=3000 loss_G=2.2441 loss_D_A=0.0583 loss_D_B=0.2583 cycle=0.0833 idt=0.0523 gnorm=20.553 dnorm=9.475 nan=0
2026-10-04 12:24:50,660 epoch=173 step=3100 loss_G=2.3093 loss_D_A=0.1850 loss_D_B=0.1511 cycle=0.0750 idt=0.0496 gnorm=24.088 dnorm=8.349 nan=0
2026-10-04 12:25:05,937 epoch=173 step=3200 loss_G=1.6188 loss_D_A=0.0794 loss_D_B=0.0626 cycle=0.0755 idt=0.0461 gnorm=22.113 dnorm=4.118 nan=0
2026-10-04 12:25:21,332 epoch=173 step=3300 loss_G=2.1779 loss_D_A=0.1781 loss_D_B=0.2761 cycle=0.0702 idt=0.0596 gnorm=35.865 dnorm=10.730 nan=0
2026-10-04 12:25:36,645 epoch=173 step=3400 loss_G=1.6951 loss_D_A=0.2032 loss_D_B=0.0677 cycle=0.0539 idt=0.0318 gnorm=28.084 dnorm=11.468 nan=0
2026-10-04 12:25:51,904 epoch=173 step=3500 loss_G=2.4262 loss_D_A=0.0891 loss_D_B=0.1679 cycle=0.0849 idt=0.0495 gnorm=23.422 dnorm=7.388 nan=0
2026-10-04 12:26:07,326 epoch=173 step=3600 loss_G=2.0429 loss_D_A=0.1338 loss_D_B=0.2040 cycle=0.0984 idt=0.0493 gnorm=33.684 dnorm=9.958 nan=0
2026-10-04 12:26:22,625 epoch=173 step=3700 loss_G=2.1107 loss_D_A=0.1756 loss_D_B=0.2391 cycle=0.0882 idt=0.0572 gnorm=18.307 dnorm=11.240 nan=0
2026-10-04 12:26:37,918 epoch=173 step=3800 loss_G=2.1884 loss_D_A=0.1481 loss_D_B=0.1148 cycle=0.0725 idt=0.0530 gnorm=27.982 dnorm=8.692 nan=0
2026-10-04 12:26:53,274 epoch=173 step=3900 loss_G=2.4530 loss_D_A=0.0970 loss_D_B=0.0878 cycle=0.1198 idt=0.0657 gnorm=46.788 dnorm=5.411 nan=0
2026-10-04 12:27:08,172 epoch=173 step=4000 loss_G=1.7291 loss_D_A=0.1842 loss_D_B=0.1461 cycle=0.0796 idt=0.0490 gnorm=41.387 dnorm=9.982 nan=0
2026-10-04 12:27:22,953 epoch=173 step=4100 loss_G=1.1525 loss_D_A=0.0763 loss_D_B=0.3206 cycle=0.0576 idt=0.0373 gnorm=14.451 dnorm=12.859 nan=0
2026-10-04 12:27:38,101 epoch=173 step=4200 loss_G=2.6003 loss_D_A=0.1847 loss_D_B=0.1581 cycle=0.0983 idt=0.0775 gnorm=45.779 dnorm=9.230 nan=0
2026-10-04 12:27:53,224 epoch=173 step=4300 loss_G=2.6237 loss_D_A=0.0723 loss_D_B=0.2434 cycle=0.0664 idt=0.0424 gnorm=22.055 dnorm=9.120 nan=0
2026-10-04 12:28:07,906 epoch=173 step=4400 loss_G=2.3610 loss_D_A=0.0735 loss_D_B=0.0917 cycle=0.0680 idt=0.0388 gnorm=26.024 dnorm=5.511 nan=0
2026-10-04 12:28:23,224 epoch=173 step=4500 loss_G=2.5835 loss_D_A=0.0934 loss_D_B=0.2189 cycle=0.0827 idt=0.0506 gnorm=41.430 dnorm=13.316 nan=0
2026-10-04 12:28:38,538 epoch=173 step=4600 loss_G=2.1437 loss_D_A=0.1226 loss_D_B=0.2604 cycle=0.0732 idt=0.0584 gnorm=36.983 dnorm=8.389 nan=0
2026-10-04 12:28:53,858 epoch=173 step=4700 loss_G=2.5263 loss_D_A=0.1790 loss_D_B=0.0597 cycle=0.1004 idt=0.0786 gnorm=40.854 dnorm=7.359 nan=0
2026-10-04 12:29:09,104 epoch=173 step=4800 loss_G=1.4383 loss_D_A=0.0242 loss_D_B=0.2253 cycle=0.0624 idt=0.0383 gnorm=17.906 dnorm=8.701 nan=0
2026-10-04 12:29:24,379 epoch=173 step=4900 loss_G=2.3102 loss_D_A=0.0977 loss_D_B=0.1000 cycle=0.0902 idt=0.0618 gnorm=25.795 dnorm=5.943 nan=0
2026-10-04 12:29:39,404 epoch=173 step=5000 loss_G=1.9290 loss_D_A=0.1737 loss_D_B=0.1510 cycle=0.0776 idt=0.0483 gnorm=31.354 dnorm=7.871 nan=0
2026-10-04 12:29:54,737 epoch=173 step=5100 loss_G=2.1197 loss_D_A=0.1195 loss_D_B=0.1602 cycle=0.0824 idt=0.0505 gnorm=19.378 dnorm=10.536 nan=0
2026-10-04 12:30:10,027 epoch=173 step=5200 loss_G=1.8767 loss_D_A=0.1991 loss_D_B=0.3403 cycle=0.0858 idt=0.0590 gnorm=19.326 dnorm=6.775 nan=0
2026-10-04 12:30:25,382 epoch=173 step=5300 loss_G=1.9393 loss_D_A=0.0902 loss_D_B=0.0852 cycle=0.0620 idt=0.0427 gnorm=24.444 dnorm=8.100 nan=0
2026-10-04 12:30:40,787 epoch=173 step=5400 loss_G=1.9741 loss_D_A=0.1308 loss_D_B=0.3980 cycle=0.0911 idt=0.0562 gnorm=12.897 dnorm=10.645 nan=0
2026-10-04 12:30:56,082 epoch=173 step=5500 loss_G=2.0086 loss_D_A=0.2077 loss_D_B=0.0321 cycle=0.0696 idt=0.0622 gnorm=28.044 dnorm=7.668 nan=0
2026-10-04 12:31:11,443 epoch=173 step=5600 loss_G=2.6794 loss_D_A=0.1495 loss_D_B=0.1427 cycle=0.0916 idt=0.0603 gnorm=33.475 dnorm=8.227 nan=0
2026-10-04 12:31:26,835 epoch=173 step=5700 loss_G=1.5381 loss_D_A=0.1042 loss_D_B=0.2604 cycle=0.0685 idt=0.0448 gnorm=21.154 dnorm=9.072 nan=0
2026-10-04 12:31:42,149 epoch=173 step=5800 loss_G=2.0361 loss_D_A=0.0217 loss_D_B=0.1679 cycle=0.0808 idt=0.0489 gnorm=33.425 dnorm=5.929 nan=0
2026-10-04 12:31:57,435 epoch=173 step=5900 loss_G=2.2846 loss_D_A=0.1197 loss_D_B=0.2145 cycle=0.0850 idt=0.0727 gnorm=23.970 dnorm=12.183 nan=0
2026-10-04 12:32:12,506 epoch=173 step=6000 loss_G=1.9696 loss_D_A=0.0703 loss_D_B=0.0616 cycle=0.0629 idt=0.0430 gnorm=22.570 dnorm=5.368 nan=0
2026-10-04 12:32:27,643 epoch=173 step=6100 loss_G=2.0175 loss_D_A=0.1199 loss_D_B=0.1694 cycle=0.0752 idt=0.0616 gnorm=26.027 dnorm=10.597 nan=0
2026-10-04 12:32:43,213 epoch=173 step=6200 loss_G=1.5993 loss_D_A=0.1775 loss_D_B=0.1013 cycle=0.0893 idt=0.0461 gnorm=45.839 dnorm=8.950 nan=0
2026-10-04 12:32:58,912 epoch=173 step=6300 loss_G=2.2493 loss_D_A=0.1577 loss_D_B=0.3511 cycle=0.0773 idt=0.0421 gnorm=22.081 dnorm=10.749 nan=0
2026-10-04 12:33:14,170 epoch=173 step=6400 loss_G=1.9988 loss_D_A=0.1021 loss_D_B=0.2950 cycle=0.0799 idt=0.0567 gnorm=27.607 dnorm=7.839 nan=0
2026-10-04 12:33:19,898 epoch_mean={'g': 2.079937207546987, 'd_a': 0.1458093383068548, 'd_b': 0.1546086776178792, 'cycle': 0.07703727918887368, 'identity': 0.05011950964215158, 'epoch': 173}
2026-10-04 12:33:20,516 epoch=174 step=1 loss_G=1.8974 loss_D_A=0.1245 loss_D_B=0.0376 cycle=0.0710 idt=0.0423 gnorm=35.511 dnorm=6.326 nan=0
2026-10-04 12:33:35,697 epoch=174 step=100 loss_G=3.0997 loss_D_A=0.0601 loss_D_B=0.0431 cycle=0.0826 idt=0.0430 gnorm=36.858 dnorm=4.624 nan=0
2026-10-04 12:33:50,986 epoch=174 step=200 loss_G=1.5272 loss_D_A=0.1950 loss_D_B=0.1968 cycle=0.0682 idt=0.0376 gnorm=33.055 dnorm=11.766 nan=0
2026-10-04 12:34:06,027 epoch=174 step=300 loss_G=1.3536 loss_D_A=0.1113 loss_D_B=0.3354 cycle=0.0581 idt=0.0351 gnorm=24.286 dnorm=12.105 nan=0
2026-10-04 12:34:20,921 epoch=174 step=400 loss_G=2.1297 loss_D_A=0.1188 loss_D_B=0.0517 cycle=0.0660 idt=0.0396 gnorm=24.286 dnorm=5.843 nan=0
2026-10-04 12:34:36,242 epoch=174 step=500 loss_G=2.2892 loss_D_A=0.2805 loss_D_B=0.3498 cycle=0.0716 idt=0.0461 gnorm=29.173 dnorm=9.837 nan=0
2026-10-04 12:34:51,632 epoch=174 step=600 loss_G=2.1859 loss_D_A=0.1386 loss_D_B=0.0865 cycle=0.0825 idt=0.0494 gnorm=22.231 dnorm=7.432 nan=0
2026-10-04 12:35:06,895 epoch=174 step=700 loss_G=1.7520 loss_D_A=0.2091 loss_D_B=0.0846 cycle=0.0511 idt=0.0288 gnorm=25.975 dnorm=9.610 nan=0
2026-10-04 12:35:22,220 epoch=174 step=800 loss_G=1.7877 loss_D_A=0.2181 loss_D_B=0.1511 cycle=0.0719 idt=0.0413 gnorm=33.466 dnorm=14.033 nan=0
2026-10-04 12:35:37,449 epoch=174 step=900 loss_G=1.8079 loss_D_A=0.3409 loss_D_B=0.2010 cycle=0.0674 idt=0.0398 gnorm=28.898 dnorm=11.364 nan=0
2026-10-04 12:35:52,657 epoch=174 step=1000 loss_G=2.1577 loss_D_A=0.2729 loss_D_B=0.0751 cycle=0.0835 idt=0.0460 gnorm=28.454 dnorm=8.023 nan=0
2026-10-04 12:36:08,048 epoch=174 step=1100 loss_G=2.1058 loss_D_A=0.1924 loss_D_B=0.0416 cycle=0.0765 idt=0.0460 gnorm=24.621 dnorm=9.063 nan=0
2026-10-04 12:36:23,267 epoch=174 step=1200 loss_G=2.1238 loss_D_A=0.2822 loss_D_B=0.2006 cycle=0.0761 idt=0.0476 gnorm=31.348 dnorm=16.529 nan=0
2026-10-04 12:36:38,618 epoch=174 step=1300 loss_G=2.3969 loss_D_A=0.0281 loss_D_B=0.1335 cycle=0.0696 idt=0.0427 gnorm=23.593 dnorm=6.515 nan=0
2026-10-04 12:36:53,268 epoch=174 step=1400 loss_G=2.4887 loss_D_A=0.1877 loss_D_B=0.1906 cycle=0.0763 idt=0.0477 gnorm=17.258 dnorm=10.157 nan=0
2026-10-04 12:37:08,663 epoch=174 step=1500 loss_G=2.2636 loss_D_A=0.0557 loss_D_B=0.0396 cycle=0.0644 idt=0.0345 gnorm=23.673 dnorm=5.136 nan=0
2026-10-04 12:37:23,973 epoch=174 step=1600 loss_G=1.9047 loss_D_A=0.2084 loss_D_B=0.2253 cycle=0.0765 idt=0.0542 gnorm=23.661 dnorm=10.316 nan=0
2026-10-04 12:37:38,771 epoch=174 step=1700 loss_G=1.9040 loss_D_A=0.1042 loss_D_B=0.2441 cycle=0.0816 idt=0.0443 gnorm=21.532 dnorm=12.732 nan=0
2026-10-04 12:37:53,529 epoch=174 step=1800 loss_G=2.5628 loss_D_A=0.1885 loss_D_B=0.1216 cycle=0.0742 idt=0.0448 gnorm=38.916 dnorm=9.363 nan=0
2026-10-04 12:38:08,643 epoch=174 step=1900 loss_G=2.2019 loss_D_A=0.1803 loss_D_B=0.1618 cycle=0.0831 idt=0.0609 gnorm=42.403 dnorm=12.428 nan=0
2026-10-04 12:38:24,014 epoch=174 step=2000 loss_G=2.1468 loss_D_A=0.0728 loss_D_B=0.0649 cycle=0.0690 idt=0.0623 gnorm=43.470 dnorm=6.224 nan=0
2026-10-04 12:38:39,042 epoch=174 step=2100 loss_G=2.0120 loss_D_A=0.0972 loss_D_B=0.2413 cycle=0.0954 idt=0.0558 gnorm=29.262 dnorm=10.007 nan=0
2026-10-04 12:38:54,323 epoch=174 step=2200 loss_G=2.3095 loss_D_A=0.1894 loss_D_B=0.3037 cycle=0.0755 idt=0.0422 gnorm=32.277 dnorm=15.672 nan=0
2026-10-04 12:39:09,660 epoch=174 step=2300 loss_G=2.0485 loss_D_A=0.1601 loss_D_B=0.0449 cycle=0.0708 idt=0.0488 gnorm=32.994 dnorm=8.672 nan=0
2026-10-04 12:39:25,024 epoch=174 step=2400 loss_G=1.8040 loss_D_A=0.0600 loss_D_B=0.3003 cycle=0.0781 idt=0.0396 gnorm=30.773 dnorm=8.166 nan=0
2026-10-04 12:39:40,284 epoch=174 step=2500 loss_G=1.4201 loss_D_A=0.2202 loss_D_B=0.2327 cycle=0.0615 idt=0.0331 gnorm=22.417 dnorm=8.439 nan=0
2026-10-04 12:39:55,572 epoch=174 step=2600 loss_G=2.8837 loss_D_A=0.0273 loss_D_B=0.0868 cycle=0.1185 idt=0.1192 gnorm=26.581 dnorm=3.972 nan=0
2026-10-04 12:40:10,686 epoch=174 step=2700 loss_G=3.1997 loss_D_A=0.2119 loss_D_B=0.2183 cycle=0.1005 idt=0.0898 gnorm=51.277 dnorm=16.305 nan=0
2026-10-04 12:40:25,987 epoch=174 step=2800 loss_G=1.5344 loss_D_A=0.1934 loss_D_B=0.1440 cycle=0.0758 idt=0.0503 gnorm=23.327 dnorm=9.114 nan=0
2026-10-04 12:40:41,048 epoch=174 step=2900 loss_G=2.2614 loss_D_A=0.1258 loss_D_B=0.1097 cycle=0.0624 idt=0.0440 gnorm=30.567 dnorm=12.567 nan=0
2026-10-04 12:40:56,316 epoch=174 step=3000 loss_G=2.0031 loss_D_A=0.1241 loss_D_B=0.0608 cycle=0.0763 idt=0.0482 gnorm=25.442 dnorm=5.946 nan=0
2026-10-04 12:41:11,615 epoch=174 step=3100 loss_G=2.4512 loss_D_A=0.2065 loss_D_B=0.1254 cycle=0.0635 idt=0.0432 gnorm=37.731 dnorm=9.463 nan=0
2026-10-04 12:41:26,602 epoch=174 step=3200 loss_G=2.2348 loss_D_A=0.1146 loss_D_B=0.1373 cycle=0.0813 idt=0.0466 gnorm=27.753 dnorm=6.717 nan=0
2026-10-04 12:41:41,651 epoch=174 step=3300 loss_G=1.5103 loss_D_A=0.2060 loss_D_B=0.0855 cycle=0.0832 idt=0.0456 gnorm=14.516 dnorm=5.802 nan=0
2026-10-04 12:41:56,779 epoch=174 step=3400 loss_G=1.6276 loss_D_A=0.2588 loss_D_B=0.0340 cycle=0.0625 idt=0.0302 gnorm=26.264 dnorm=10.735 nan=0
2026-10-04 12:42:12,118 epoch=174 step=3500 loss_G=2.4689 loss_D_A=0.1315 loss_D_B=0.2246 cycle=0.0832 idt=0.0442 gnorm=21.571 dnorm=8.029 nan=0
2026-10-04 12:42:27,461 epoch=174 step=3600 loss_G=2.5557 loss_D_A=0.1452 loss_D_B=0.2383 cycle=0.0947 idt=0.0767 gnorm=28.744 dnorm=7.124 nan=0
2026-10-04 12:42:42,575 epoch=174 step=3700 loss_G=3.2940 loss_D_A=0.0935 loss_D_B=0.0361 cycle=0.1188 idt=0.0780 gnorm=23.417 dnorm=3.281 nan=0
2026-10-04 12:42:57,929 epoch=174 step=3800 loss_G=1.6970 loss_D_A=0.1356 loss_D_B=0.1652 cycle=0.0712 idt=0.0521 gnorm=30.941 dnorm=7.679 nan=0
2026-10-04 12:43:13,299 epoch=174 step=3900 loss_G=1.7929 loss_D_A=0.1337 loss_D_B=0.1009 cycle=0.0577 idt=0.0385 gnorm=23.298 dnorm=7.349 nan=0
2026-10-04 12:43:28,612 epoch=174 step=4000 loss_G=3.0924 loss_D_A=0.1713 loss_D_B=0.1005 cycle=0.1150 idt=0.0564 gnorm=41.534 dnorm=5.361 nan=0
2026-10-04 12:43:43,679 epoch=174 step=4100 loss_G=2.0604 loss_D_A=0.0915 loss_D_B=0.2153 cycle=0.0825 idt=0.0391 gnorm=27.449 dnorm=7.532 nan=0
2026-10-04 12:43:58,881 epoch=174 step=4200 loss_G=2.1516 loss_D_A=0.0789 loss_D_B=0.0768 cycle=0.0950 idt=0.0479 gnorm=26.649 dnorm=7.225 nan=0
2026-10-04 12:44:13,668 epoch=174 step=4300 loss_G=2.2429 loss_D_A=0.1420 loss_D_B=0.3023 cycle=0.1001 idt=0.0703 gnorm=50.041 dnorm=13.819 nan=0
2026-10-04 12:44:28,580 epoch=174 step=4400 loss_G=2.0920 loss_D_A=0.1346 loss_D_B=0.0633 cycle=0.0686 idt=0.0482 gnorm=28.278 dnorm=5.495 nan=0
2026-10-04 12:44:43,962 epoch=174 step=4500 loss_G=1.9614 loss_D_A=0.1203 loss_D_B=0.2852 cycle=0.0706 idt=0.0448 gnorm=19.649 dnorm=6.322 nan=0
2026-10-04 12:44:59,262 epoch=174 step=4600 loss_G=1.7557 loss_D_A=0.1775 loss_D_B=0.1416 cycle=0.0835 idt=0.0439 gnorm=21.020 dnorm=9.079 nan=0
2026-10-04 12:45:14,400 epoch=174 step=4700 loss_G=2.1985 loss_D_A=0.0784 loss_D_B=0.1048 cycle=0.0754 idt=0.0668 gnorm=39.583 dnorm=5.948 nan=0
2026-10-04 12:45:29,611 epoch=174 step=4800 loss_G=2.8402 loss_D_A=0.0909 loss_D_B=0.1101 cycle=0.0940 idt=0.0527 gnorm=24.715 dnorm=10.858 nan=0
2026-10-04 12:45:44,918 epoch=174 step=4900 loss_G=1.8447 loss_D_A=0.0424 loss_D_B=0.1322 cycle=0.0722 idt=0.0448 gnorm=34.034 dnorm=10.907 nan=0
2026-10-04 12:45:59,914 epoch=174 step=5000 loss_G=1.7452 loss_D_A=0.1711 loss_D_B=0.0880 cycle=0.0748 idt=0.0444 gnorm=21.433 dnorm=9.176 nan=0
2026-10-04 12:46:15,286 epoch=174 step=5100 loss_G=2.5052 loss_D_A=0.1257 loss_D_B=0.1086 cycle=0.0817 idt=0.0575 gnorm=31.536 dnorm=8.731 nan=0
2026-10-04 12:46:30,573 epoch=174 step=5200 loss_G=2.5215 loss_D_A=0.1254 loss_D_B=0.0538 cycle=0.0797 idt=0.0563 gnorm=32.690 dnorm=10.243 nan=0
2026-10-04 12:46:45,882 epoch=174 step=5300 loss_G=2.4769 loss_D_A=0.1217 loss_D_B=0.1554 cycle=0.0931 idt=0.0496 gnorm=62.183 dnorm=6.778 nan=0
2026-10-04 12:47:01,229 epoch=174 step=5400 loss_G=1.8920 loss_D_A=0.0355 loss_D_B=0.0737 cycle=0.0634 idt=0.0488 gnorm=24.047 dnorm=6.395 nan=0
2026-10-04 12:47:16,414 epoch=174 step=5500 loss_G=1.6843 loss_D_A=0.2251 loss_D_B=0.0746 cycle=0.0769 idt=0.0552 gnorm=31.427 dnorm=6.564 nan=0
2026-10-04 12:47:31,800 epoch=174 step=5600 loss_G=2.9282 loss_D_A=0.4073 loss_D_B=0.1178 cycle=0.0877 idt=0.0530 gnorm=44.718 dnorm=13.272 nan=0
2026-10-04 12:47:46,692 epoch=174 step=5700 loss_G=2.5035 loss_D_A=0.0994 loss_D_B=0.1793 cycle=0.0925 idt=0.0582 gnorm=35.100 dnorm=8.122 nan=0
2026-10-04 12:48:01,809 epoch=174 step=5800 loss_G=1.8714 loss_D_A=0.1301 loss_D_B=0.1057 cycle=0.0705 idt=0.0449 gnorm=25.110 dnorm=7.588 nan=0
2026-10-04 12:48:17,090 epoch=174 step=5900 loss_G=1.6655 loss_D_A=0.2563 loss_D_B=0.0587 cycle=0.0621 idt=0.0442 gnorm=37.345 dnorm=7.192 nan=0
2026-10-04 12:48:32,407 epoch=174 step=6000 loss_G=1.9626 loss_D_A=0.2779 loss_D_B=0.3108 cycle=0.0899 idt=0.0459 gnorm=36.055 dnorm=13.680 nan=0
2026-10-04 12:48:47,718 epoch=174 step=6100 loss_G=1.8535 loss_D_A=0.1091 loss_D_B=0.0881 cycle=0.0710 idt=0.0416 gnorm=26.787 dnorm=8.638 nan=0
2026-10-04 12:49:02,603 epoch=174 step=6200 loss_G=1.8770 loss_D_A=0.0528 loss_D_B=0.1113 cycle=0.0643 idt=0.0798 gnorm=23.686 dnorm=6.296 nan=0
2026-10-04 12:49:17,895 epoch=174 step=6300 loss_G=1.5525 loss_D_A=0.2951 loss_D_B=0.1796 cycle=0.0675 idt=0.0516 gnorm=25.231 dnorm=13.511 nan=0
2026-10-04 12:49:33,190 epoch=174 step=6400 loss_G=1.8286 loss_D_A=0.0594 loss_D_B=0.0654 cycle=0.0676 idt=0.0437 gnorm=30.677 dnorm=5.512 nan=0
2026-10-04 12:49:39,042 epoch_mean={'g': 2.077686623854458, 'd_a': 0.14512952346541044, 'd_b': 0.15470567213226158, 'cycle': 0.07699375916949412, 'identity': 0.04973612012386174, 'epoch': 174}
2026-10-04 12:49:39,799 epoch=175 step=1 loss_G=2.9529 loss_D_A=0.1406 loss_D_B=0.1174 cycle=0.1181 idt=0.0862 gnorm=47.005 dnorm=9.767 nan=0
2026-10-04 12:49:55,001 epoch=175 step=100 loss_G=1.7766 loss_D_A=0.1069 loss_D_B=0.2267 cycle=0.0894 idt=0.0542 gnorm=19.749 dnorm=9.918 nan=0
2026-10-04 12:50:10,341 epoch=175 step=200 loss_G=1.7882 loss_D_A=0.1521 loss_D_B=0.0857 cycle=0.0503 idt=0.0298 gnorm=22.981 dnorm=8.314 nan=0
2026-10-04 12:50:25,700 epoch=175 step=300 loss_G=2.0132 loss_D_A=0.1193 loss_D_B=0.1650 cycle=0.0606 idt=0.0364 gnorm=26.175 dnorm=9.162 nan=0
2026-10-04 12:50:41,048 epoch=175 step=400 loss_G=2.3754 loss_D_A=0.2361 loss_D_B=0.1494 cycle=0.0727 idt=0.0571 gnorm=31.976 dnorm=9.436 nan=0
2026-10-04 12:50:55,992 epoch=175 step=500 loss_G=2.0010 loss_D_A=0.1040 loss_D_B=0.1456 cycle=0.0917 idt=0.0566 gnorm=22.510 dnorm=5.826 nan=0
2026-10-04 12:51:11,360 epoch=175 step=600 loss_G=2.1824 loss_D_A=0.2458 loss_D_B=0.2287 cycle=0.0904 idt=0.0611 gnorm=28.218 dnorm=9.406 nan=0
2026-10-04 12:51:26,701 epoch=175 step=700 loss_G=2.6842 loss_D_A=0.1002 loss_D_B=0.1339 cycle=0.0927 idt=0.0557 gnorm=45.656 dnorm=8.586 nan=0
2026-10-04 12:51:42,016 epoch=175 step=800 loss_G=1.9606 loss_D_A=0.1066 loss_D_B=0.1203 cycle=0.0560 idt=0.0367 gnorm=24.551 dnorm=7.208 nan=0
2026-10-04 12:51:57,366 epoch=175 step=900 loss_G=1.6492 loss_D_A=0.1748 loss_D_B=0.0931 cycle=0.0515 idt=0.0508 gnorm=25.708 dnorm=8.531 nan=0
2026-10-04 12:52:12,658 epoch=175 step=1000 loss_G=1.3977 loss_D_A=0.4219 loss_D_B=0.1638 cycle=0.0585 idt=0.0318 gnorm=16.540 dnorm=12.906 nan=0
2026-10-04 12:52:27,951 epoch=175 step=1100 loss_G=1.9501 loss_D_A=0.1584 loss_D_B=0.1579 cycle=0.0738 idt=0.0519 gnorm=25.506 dnorm=6.443 nan=0
2026-10-04 12:52:43,320 epoch=175 step=1200 loss_G=1.7828 loss_D_A=0.1044 loss_D_B=0.1139 cycle=0.0740 idt=0.0474 gnorm=18.434 dnorm=7.796 nan=0
2026-10-04 12:52:58,594 epoch=175 step=1300 loss_G=1.8233 loss_D_A=0.1057 loss_D_B=0.2317 cycle=0.0679 idt=0.0388 gnorm=28.985 dnorm=16.097 nan=0
2026-10-04 12:53:13,892 epoch=175 step=1400 loss_G=1.2988 loss_D_A=0.0381 loss_D_B=0.1268 cycle=0.0653 idt=0.0537 gnorm=19.090 dnorm=4.899 nan=0
2026-10-04 12:53:29,110 epoch=175 step=1500 loss_G=2.2525 loss_D_A=0.1431 loss_D_B=0.0959 cycle=0.1012 idt=0.0673 gnorm=30.534 dnorm=7.174 nan=0
2026-10-04 12:53:43,788 epoch=175 step=1600 loss_G=2.1656 loss_D_A=0.0784 loss_D_B=0.1804 cycle=0.0689 idt=0.0401 gnorm=32.662 dnorm=8.706 nan=0
2026-10-04 12:53:58,894 epoch=175 step=1700 loss_G=1.8243 loss_D_A=0.1099 loss_D_B=0.3007 cycle=0.0664 idt=0.0495 gnorm=36.588 dnorm=8.655 nan=0
2026-10-04 12:54:14,304 epoch=175 step=1800 loss_G=2.2979 loss_D_A=0.0589 loss_D_B=0.0784 cycle=0.0770 idt=0.0540 gnorm=36.973 dnorm=4.363 nan=0
2026-10-04 12:54:29,638 epoch=175 step=1900 loss_G=1.9960 loss_D_A=0.1388 loss_D_B=0.0724 cycle=0.0660 idt=0.0497 gnorm=33.833 dnorm=5.575 nan=0
2026-10-04 12:54:44,626 epoch=175 step=2000 loss_G=1.9619 loss_D_A=0.1994 loss_D_B=0.1173 cycle=0.0703 idt=0.0440 gnorm=29.467 dnorm=6.245 nan=0
2026-10-04 12:54:59,953 epoch=175 step=2100 loss_G=2.6374 loss_D_A=0.0619 loss_D_B=0.0893 cycle=0.0913 idt=0.0631 gnorm=26.409 dnorm=4.778 nan=0
2026-10-04 12:55:15,335 epoch=175 step=2200 loss_G=2.2117 loss_D_A=0.1878 loss_D_B=0.0741 cycle=0.0655 idt=0.0455 gnorm=44.176 dnorm=6.253 nan=0
2026-10-04 12:55:30,622 epoch=175 step=2300 loss_G=2.0341 loss_D_A=0.0270 loss_D_B=0.3402 cycle=0.0852 idt=0.0531 gnorm=32.130 dnorm=14.189 nan=0
2026-10-04 12:55:45,908 epoch=175 step=2400 loss_G=2.7376 loss_D_A=0.1466 loss_D_B=0.1023 cycle=0.0961 idt=0.0617 gnorm=47.799 dnorm=8.568 nan=0
2026-10-04 12:56:01,230 epoch=175 step=2500 loss_G=2.0505 loss_D_A=0.0764 loss_D_B=0.1551 cycle=0.0894 idt=0.0734 gnorm=37.160 dnorm=8.018 nan=0
2026-10-04 12:56:16,498 epoch=175 step=2600 loss_G=1.8601 loss_D_A=0.1041 loss_D_B=0.1758 cycle=0.0962 idt=0.0573 gnorm=35.766 dnorm=8.133 nan=0
2026-10-04 12:56:31,610 epoch=175 step=2700 loss_G=2.8296 loss_D_A=0.1984 loss_D_B=0.1327 cycle=0.0650 idt=0.0406 gnorm=38.381 dnorm=18.679 nan=0
2026-10-04 12:56:46,788 epoch=175 step=2800 loss_G=2.1136 loss_D_A=0.1712 loss_D_B=0.1024 cycle=0.0690 idt=0.0594 gnorm=48.733 dnorm=6.875 nan=0
2026-10-04 12:57:02,078 epoch=175 step=2900 loss_G=2.2075 loss_D_A=0.0776 loss_D_B=0.1197 cycle=0.0744 idt=0.0432 gnorm=29.693 dnorm=6.247 nan=0
2026-10-04 12:57:17,440 epoch=175 step=3000 loss_G=1.4913 loss_D_A=0.0347 loss_D_B=0.2107 cycle=0.0641 idt=0.0344 gnorm=20.050 dnorm=14.849 nan=0
2026-10-04 12:57:32,585 epoch=175 step=3100 loss_G=1.8254 loss_D_A=0.1729 loss_D_B=0.2119 cycle=0.0779 idt=0.0416 gnorm=20.572 dnorm=9.130 nan=0
2026-10-04 12:57:47,882 epoch=175 step=3200 loss_G=2.0899 loss_D_A=0.1114 loss_D_B=0.2025 cycle=0.0761 idt=0.0481 gnorm=34.941 dnorm=7.932 nan=0
2026-10-04 12:58:03,209 epoch=175 step=3300 loss_G=1.9823 loss_D_A=0.1309 loss_D_B=0.1668 cycle=0.0759 idt=0.0438 gnorm=21.692 dnorm=7.913 nan=0
2026-10-04 12:58:18,569 epoch=175 step=3400 loss_G=1.6089 loss_D_A=0.2684 loss_D_B=0.2017 cycle=0.0729 idt=0.0439 gnorm=21.928 dnorm=11.265 nan=0
2026-10-04 12:58:33,846 epoch=175 step=3500 loss_G=1.9116 loss_D_A=0.1075 loss_D_B=0.1188 cycle=0.0726 idt=0.0391 gnorm=30.725 dnorm=9.597 nan=0
2026-10-04 12:58:49,166 epoch=175 step=3600 loss_G=2.1277 loss_D_A=0.0582 loss_D_B=0.1387 cycle=0.0853 idt=0.0517 gnorm=27.857 dnorm=7.047 nan=0
2026-10-04 12:59:04,530 epoch=175 step=3700 loss_G=2.0964 loss_D_A=0.1664 loss_D_B=0.1350 cycle=0.0742 idt=0.0425 gnorm=18.510 dnorm=8.252 nan=0
2026-10-04 12:59:19,824 epoch=175 step=3800 loss_G=1.6970 loss_D_A=0.6472 loss_D_B=0.1599 cycle=0.0757 idt=0.0466 gnorm=21.021 dnorm=12.601 nan=0
2026-10-04 12:59:35,127 epoch=175 step=3900 loss_G=2.2363 loss_D_A=0.0965 loss_D_B=0.1925 cycle=0.0761 idt=0.0625 gnorm=34.476 dnorm=10.019 nan=0
2026-10-04 12:59:50,505 epoch=175 step=4000 loss_G=1.9647 loss_D_A=0.1007 loss_D_B=0.2334 cycle=0.0577 idt=0.0375 gnorm=36.324 dnorm=12.718 nan=0
2026-10-04 13:00:05,779 epoch=175 step=4100 loss_G=1.7738 loss_D_A=0.0478 loss_D_B=0.1706 cycle=0.0802 idt=0.0492 gnorm=25.676 dnorm=5.935 nan=0
2026-10-04 13:00:21,101 epoch=175 step=4200 loss_G=2.6165 loss_D_A=0.2162 loss_D_B=0.0406 cycle=0.0825 idt=0.0544 gnorm=30.590 dnorm=9.233 nan=0
2026-10-04 13:00:36,436 epoch=175 step=4300 loss_G=2.7921 loss_D_A=0.3479 loss_D_B=0.0666 cycle=0.0885 idt=0.0537 gnorm=44.168 dnorm=8.007 nan=0
2026-10-04 13:00:51,681 epoch=175 step=4400 loss_G=1.6557 loss_D_A=0.1468 loss_D_B=0.0647 cycle=0.0588 idt=0.0475 gnorm=29.943 dnorm=11.066 nan=0
2026-10-04 13:01:06,984 epoch=175 step=4500 loss_G=1.7798 loss_D_A=0.1376 loss_D_B=0.1239 cycle=0.0793 idt=0.0460 gnorm=16.577 dnorm=6.911 nan=0
2026-10-04 13:01:22,356 epoch=175 step=4600 loss_G=1.7808 loss_D_A=0.5084 loss_D_B=0.1589 cycle=0.0682 idt=0.0466 gnorm=23.386 dnorm=14.758 nan=0
2026-10-04 13:01:37,649 epoch=175 step=4700 loss_G=2.1444 loss_D_A=0.2063 loss_D_B=0.0724 cycle=0.0932 idt=0.0842 gnorm=63.971 dnorm=7.117 nan=0
2026-10-04 13:01:52,949 epoch=175 step=4800 loss_G=1.8040 loss_D_A=0.1912 loss_D_B=0.1917 cycle=0.0668 idt=0.0451 gnorm=28.669 dnorm=9.376 nan=0
2026-10-04 13:02:08,314 epoch=175 step=4900 loss_G=1.5775 loss_D_A=0.0298 loss_D_B=0.1101 cycle=0.0718 idt=0.0394 gnorm=26.740 dnorm=6.215 nan=0
2026-10-04 13:02:23,645 epoch=175 step=5000 loss_G=2.0956 loss_D_A=0.0479 loss_D_B=0.1731 cycle=0.0642 idt=0.0421 gnorm=34.004 dnorm=6.565 nan=0
2026-10-04 13:02:38,908 epoch=175 step=5100 loss_G=2.2546 loss_D_A=0.3259 loss_D_B=0.2810 cycle=0.0767 idt=0.0506 gnorm=29.008 dnorm=13.923 nan=0
2026-10-04 13:02:54,095 epoch=175 step=5200 loss_G=1.6255 loss_D_A=0.1158 loss_D_B=0.0848 cycle=0.0585 idt=0.0409 gnorm=32.269 dnorm=8.240 nan=0
2026-10-04 13:03:09,430 epoch=175 step=5300 loss_G=2.5955 loss_D_A=0.0875 loss_D_B=0.1641 cycle=0.0906 idt=0.0642 gnorm=40.042 dnorm=5.995 nan=0
2026-10-04 13:03:24,689 epoch=175 step=5400 loss_G=2.0130 loss_D_A=0.1234 loss_D_B=0.0645 cycle=0.0652 idt=0.0408 gnorm=23.958 dnorm=5.543 nan=0
2026-10-04 13:03:40,064 epoch=175 step=5500 loss_G=2.1364 loss_D_A=0.0719 loss_D_B=0.1667 cycle=0.0670 idt=0.0405 gnorm=23.859 dnorm=11.877 nan=0
2026-10-04 13:03:55,232 epoch=175 step=5600 loss_G=2.2282 loss_D_A=0.1589 loss_D_B=0.1075 cycle=0.0718 idt=0.0434 gnorm=22.071 dnorm=9.104 nan=0
2026-10-04 13:04:10,463 epoch=175 step=5700 loss_G=1.8222 loss_D_A=0.1907 loss_D_B=0.2276 cycle=0.0701 idt=0.0485 gnorm=28.855 dnorm=10.829 nan=0
2026-10-04 13:04:25,590 epoch=175 step=5800 loss_G=1.9092 loss_D_A=0.1839 loss_D_B=0.1445 cycle=0.0649 idt=0.0420 gnorm=31.442 dnorm=8.792 nan=0
2026-10-04 13:04:40,915 epoch=175 step=5900 loss_G=1.9827 loss_D_A=0.1000 loss_D_B=0.1805 cycle=0.0727 idt=0.0510 gnorm=40.480 dnorm=6.527 nan=0
2026-10-04 13:04:55,603 epoch=175 step=6000 loss_G=1.7506 loss_D_A=0.1121 loss_D_B=0.2765 cycle=0.0707 idt=0.0441 gnorm=19.825 dnorm=10.605 nan=0
2026-10-04 13:05:11,023 epoch=175 step=6100 loss_G=1.8098 loss_D_A=0.0388 loss_D_B=0.0423 cycle=0.0657 idt=0.0361 gnorm=40.811 dnorm=3.145 nan=0
2026-10-04 13:05:26,312 epoch=175 step=6200 loss_G=1.6542 loss_D_A=0.1723 loss_D_B=0.1864 cycle=0.0780 idt=0.0469 gnorm=30.764 dnorm=10.051 nan=0
2026-10-04 13:05:41,608 epoch=175 step=6300 loss_G=2.5026 loss_D_A=0.2693 loss_D_B=0.2840 cycle=0.0806 idt=0.0463 gnorm=28.202 dnorm=11.800 nan=0
2026-10-04 13:05:56,928 epoch=175 step=6400 loss_G=2.1317 loss_D_A=0.1423 loss_D_B=0.1294 cycle=0.0805 idt=0.0545 gnorm=32.730 dnorm=11.827 nan=0
2026-10-04 13:06:02,520 epoch_mean={'g': 2.0671402645911, 'd_a': 0.14392066142617563, 'd_b': 0.1546100522835605, 'cycle': 0.07629139507064986, 'identity': 0.049510153527213906, 'epoch': 175}
2026-10-04 13:06:03,141 epoch=176 step=1 loss_G=3.2397 loss_D_A=0.0403 loss_D_B=0.1524 cycle=0.0910 idt=0.0598 gnorm=33.443 dnorm=5.062 nan=0
2026-10-04 13:06:18,313 epoch=176 step=100 loss_G=2.6963 loss_D_A=0.0351 loss_D_B=0.2895 cycle=0.0877 idt=0.0556 gnorm=31.631 dnorm=9.325 nan=0
2026-10-04 13:06:33,718 epoch=176 step=200 loss_G=1.5468 loss_D_A=0.0986 loss_D_B=0.1305 cycle=0.0738 idt=0.0547 gnorm=26.431 dnorm=11.103 nan=0
2026-10-04 13:06:48,944 epoch=176 step=300 loss_G=2.5721 loss_D_A=0.1772 loss_D_B=0.1551 cycle=0.0958 idt=0.0361 gnorm=38.193 dnorm=15.047 nan=0
2026-10-04 13:07:04,317 epoch=176 step=400 loss_G=2.3475 loss_D_A=0.1554 loss_D_B=0.0522 cycle=0.0679 idt=0.0438 gnorm=21.365 dnorm=6.423 nan=0
2026-10-04 13:07:19,689 epoch=176 step=500 loss_G=2.3573 loss_D_A=0.0917 loss_D_B=0.1052 cycle=0.0872 idt=0.0529 gnorm=35.283 dnorm=7.351 nan=0
2026-10-04 13:07:35,046 epoch=176 step=600 loss_G=1.9148 loss_D_A=0.1149 loss_D_B=0.1692 cycle=0.0743 idt=0.0464 gnorm=33.167 dnorm=6.856 nan=0
2026-10-04 13:07:50,460 epoch=176 step=700 loss_G=2.1718 loss_D_A=0.0364 loss_D_B=0.0476 cycle=0.0977 idt=0.0446 gnorm=44.270 dnorm=2.288 nan=0
2026-10-04 13:08:05,820 epoch=176 step=800 loss_G=2.2986 loss_D_A=0.2565 loss_D_B=0.2163 cycle=0.0876 idt=0.0563 gnorm=24.636 dnorm=11.954 nan=0
2026-10-04 13:08:21,191 epoch=176 step=900 loss_G=2.1714 loss_D_A=0.1341 loss_D_B=0.0955 cycle=0.1040 idt=0.0755 gnorm=21.997 dnorm=5.883 nan=0
2026-10-04 13:08:36,610 epoch=176 step=1000 loss_G=2.5768 loss_D_A=0.1650 loss_D_B=0.0343 cycle=0.0734 idt=0.0493 gnorm=23.707 dnorm=5.918 nan=0
2026-10-04 13:08:50,962 epoch=176 step=1100 loss_G=1.7137 loss_D_A=0.1823 loss_D_B=0.0790 cycle=0.0757 idt=0.0491 gnorm=37.137 dnorm=6.819 nan=0
2026-10-04 13:09:06,176 epoch=176 step=1200 loss_G=1.9771 loss_D_A=0.0432 loss_D_B=0.0761 cycle=0.0602 idt=0.0296 gnorm=27.014 dnorm=5.108 nan=0
2026-10-04 13:09:21,473 epoch=176 step=1300 loss_G=1.8528 loss_D_A=0.2876 loss_D_B=0.1467 cycle=0.0844 idt=0.0546 gnorm=18.282 dnorm=9.206 nan=0
2026-10-04 13:09:36,385 epoch=176 step=1400 loss_G=2.6254 loss_D_A=0.1148 loss_D_B=0.1215 cycle=0.0646 idt=0.0454 gnorm=30.876 dnorm=8.217 nan=0
2026-10-04 13:09:51,530 epoch=176 step=1500 loss_G=1.6176 loss_D_A=0.0584 loss_D_B=0.1107 cycle=0.0809 idt=0.0421 gnorm=22.798 dnorm=6.542 nan=0
2026-10-04 13:10:06,939 epoch=176 step=1600 loss_G=1.8480 loss_D_A=0.2780 loss_D_B=0.0877 cycle=0.0705 idt=0.0418 gnorm=32.898 dnorm=8.262 nan=0
2026-10-04 13:10:22,281 epoch=176 step=1700 loss_G=2.3078 loss_D_A=0.1133 loss_D_B=0.1304 cycle=0.0667 idt=0.0497 gnorm=48.001 dnorm=9.214 nan=0
2026-10-04 13:10:37,706 epoch=176 step=1800 loss_G=2.7949 loss_D_A=0.1307 loss_D_B=0.2023 cycle=0.0788 idt=0.0525 gnorm=28.751 dnorm=8.871 nan=0
2026-10-04 13:10:52,831 epoch=176 step=1900 loss_G=2.5016 loss_D_A=0.2168 loss_D_B=0.1320 cycle=0.0669 idt=0.0357 gnorm=37.181 dnorm=10.458 nan=0
2026-10-04 13:11:08,240 epoch=176 step=2000 loss_G=1.9286 loss_D_A=0.0793 loss_D_B=0.1001 cycle=0.0683 idt=0.0419 gnorm=33.096 dnorm=5.531 nan=0
2026-10-04 13:11:23,623 epoch=176 step=2100 loss_G=2.2904 loss_D_A=0.1189 loss_D_B=0.1718 cycle=0.0853 idt=0.0576 gnorm=23.598 dnorm=10.307 nan=0
2026-10-04 13:11:38,667 epoch=176 step=2200 loss_G=2.0160 loss_D_A=0.3210 loss_D_B=0.1431 cycle=0.1038 idt=0.0676 gnorm=45.401 dnorm=12.163 nan=0
2026-10-04 13:11:54,053 epoch=176 step=2300 loss_G=2.8156 loss_D_A=0.2707 loss_D_B=0.0809 cycle=0.0651 idt=0.0419 gnorm=36.116 dnorm=9.584 nan=0
2026-10-04 13:12:09,436 epoch=176 step=2400 loss_G=1.9366 loss_D_A=0.0997 loss_D_B=0.1305 cycle=0.0749 idt=0.0481 gnorm=22.148 dnorm=7.115 nan=0
2026-10-04 13:12:24,794 epoch=176 step=2500 loss_G=2.3956 loss_D_A=0.0725 loss_D_B=0.0732 cycle=0.0683 idt=0.0463 gnorm=25.194 dnorm=5.390 nan=0
2026-10-04 13:12:40,227 epoch=176 step=2600 loss_G=2.0834 loss_D_A=0.2426 loss_D_B=0.2888 cycle=0.0748 idt=0.0435 gnorm=35.639 dnorm=11.705 nan=0
2026-10-04 13:12:55,135 epoch=176 step=2700 loss_G=2.1883 loss_D_A=0.1310 loss_D_B=0.2553 cycle=0.0723 idt=0.0456 gnorm=23.301 dnorm=8.092 nan=0
2026-10-04 13:13:10,036 epoch=176 step=2800 loss_G=2.3852 loss_D_A=0.0357 loss_D_B=0.1677 cycle=0.0680 idt=0.0652 gnorm=30.222 dnorm=13.539 nan=0
2026-10-04 13:13:25,181 epoch=176 step=2900 loss_G=2.2127 loss_D_A=0.0415 loss_D_B=0.1101 cycle=0.0612 idt=0.0561 gnorm=36.518 dnorm=5.066 nan=0
2026-10-04 13:13:40,588 epoch=176 step=3000 loss_G=2.1913 loss_D_A=0.1120 loss_D_B=0.0986 cycle=0.0808 idt=0.0500 gnorm=21.836 dnorm=6.489 nan=0
2026-10-04 13:13:55,964 epoch=176 step=3100 loss_G=2.6633 loss_D_A=0.0559 loss_D_B=0.2215 cycle=0.0733 idt=0.0308 gnorm=30.522 dnorm=10.692 nan=0
2026-10-04 13:14:11,367 epoch=176 step=3200 loss_G=1.6617 loss_D_A=0.1650 loss_D_B=0.0471 cycle=0.0579 idt=0.0330 gnorm=28.439 dnorm=11.661 nan=0
2026-10-04 13:14:26,647 epoch=176 step=3300 loss_G=2.5702 loss_D_A=0.1708 loss_D_B=0.1869 cycle=0.0822 idt=0.0423 gnorm=34.058 dnorm=8.413 nan=0
2026-10-04 13:14:41,738 epoch=176 step=3400 loss_G=1.6481 loss_D_A=0.0715 loss_D_B=0.2017 cycle=0.0672 idt=0.0467 gnorm=21.555 dnorm=10.762 nan=0
2026-10-04 13:14:57,155 epoch=176 step=3500 loss_G=2.3103 loss_D_A=0.2195 loss_D_B=0.0868 cycle=0.0552 idt=0.0342 gnorm=40.993 dnorm=8.308 nan=0
2026-10-04 13:15:12,531 epoch=176 step=3600 loss_G=1.6753 loss_D_A=0.1335 loss_D_B=0.2532 cycle=0.0767 idt=0.0417 gnorm=24.796 dnorm=7.611 nan=0
2026-10-04 13:15:27,490 epoch=176 step=3700 loss_G=2.8339 loss_D_A=0.0415 loss_D_B=0.0854 cycle=0.0773 idt=0.0716 gnorm=40.038 dnorm=4.034 nan=0
2026-10-04 13:15:42,774 epoch=176 step=3800 loss_G=1.9335 loss_D_A=0.0656 loss_D_B=0.1407 cycle=0.0552 idt=0.0478 gnorm=24.871 dnorm=6.829 nan=0
2026-10-04 13:15:58,131 epoch=176 step=3900 loss_G=1.5207 loss_D_A=0.1102 loss_D_B=0.1043 cycle=0.0705 idt=0.0588 gnorm=22.754 dnorm=7.680 nan=0
2026-10-04 13:16:13,092 epoch=176 step=4000 loss_G=2.5591 loss_D_A=0.2918 loss_D_B=0.3654 cycle=0.0918 idt=0.0602 gnorm=42.307 dnorm=17.656 nan=0
2026-10-04 13:16:28,315 epoch=176 step=4100 loss_G=2.0573 loss_D_A=0.0317 loss_D_B=0.1372 cycle=0.0801 idt=0.0586 gnorm=33.786 dnorm=5.021 nan=0
2026-10-04 13:16:43,676 epoch=176 step=4200 loss_G=2.2279 loss_D_A=0.1923 loss_D_B=0.3528 cycle=0.0855 idt=0.0629 gnorm=30.549 dnorm=8.621 nan=0
2026-10-04 13:16:58,923 epoch=176 step=4300 loss_G=2.7531 loss_D_A=0.0939 loss_D_B=0.1011 cycle=0.0750 idt=0.1377 gnorm=39.553 dnorm=7.314 nan=0
2026-10-04 13:17:14,110 epoch=176 step=4400 loss_G=2.0910 loss_D_A=0.0771 loss_D_B=0.0604 cycle=0.0788 idt=0.0355 gnorm=37.677 dnorm=5.626 nan=0
2026-10-04 13:17:29,433 epoch=176 step=4500 loss_G=1.6741 loss_D_A=0.3559 loss_D_B=0.0965 cycle=0.0715 idt=0.0485 gnorm=33.455 dnorm=10.899 nan=0
2026-10-04 13:17:44,424 epoch=176 step=4600 loss_G=2.5120 loss_D_A=0.0794 loss_D_B=0.0505 cycle=0.0776 idt=0.0426 gnorm=35.284 dnorm=5.101 nan=0
2026-10-04 13:17:59,725 epoch=176 step=4700 loss_G=2.1715 loss_D_A=0.1556 loss_D_B=0.2671 cycle=0.0635 idt=0.0338 gnorm=22.242 dnorm=14.382 nan=0
2026-10-04 13:18:14,314 epoch=176 step=4800 loss_G=1.9900 loss_D_A=0.1434 loss_D_B=0.4358 cycle=0.0693 idt=0.0454 gnorm=19.958 dnorm=19.656 nan=0
2026-10-04 13:18:29,712 epoch=176 step=4900 loss_G=2.5220 loss_D_A=0.0772 loss_D_B=0.0532 cycle=0.0674 idt=0.0438 gnorm=24.794 dnorm=6.654 nan=0
2026-10-04 13:18:45,132 epoch=176 step=5000 loss_G=1.4062 loss_D_A=0.1565 loss_D_B=0.2197 cycle=0.0735 idt=0.0466 gnorm=36.334 dnorm=9.975 nan=0
2026-10-04 13:19:00,277 epoch=176 step=5100 loss_G=2.0755 loss_D_A=0.1140 loss_D_B=0.1697 cycle=0.0697 idt=0.0348 gnorm=28.234 dnorm=8.965 nan=0
2026-10-04 13:19:15,725 epoch=176 step=5200 loss_G=2.2500 loss_D_A=0.1839 loss_D_B=0.0935 cycle=0.0870 idt=0.0499 gnorm=22.211 dnorm=7.134 nan=0
2026-10-04 13:19:31,094 epoch=176 step=5300 loss_G=1.7407 loss_D_A=0.0601 loss_D_B=0.0440 cycle=0.0781 idt=0.0348 gnorm=22.743 dnorm=3.693 nan=0
2026-10-04 13:19:46,555 epoch=176 step=5400 loss_G=1.4103 loss_D_A=0.2419 loss_D_B=0.1580 cycle=0.0661 idt=0.0372 gnorm=25.209 dnorm=10.567 nan=0
2026-10-04 13:20:02,009 epoch=176 step=5500 loss_G=2.1236 loss_D_A=0.2744 loss_D_B=0.1185 cycle=0.0714 idt=0.0494 gnorm=28.855 dnorm=10.164 nan=0
2026-10-04 13:20:17,345 epoch=176 step=5600 loss_G=1.8381 loss_D_A=0.1852 loss_D_B=0.2723 cycle=0.0754 idt=0.0518 gnorm=23.974 dnorm=17.050 nan=0
2026-10-04 13:20:32,208 epoch=176 step=5700 loss_G=2.2015 loss_D_A=0.1609 loss_D_B=0.1091 cycle=0.0859 idt=0.0487 gnorm=19.964 dnorm=8.678 nan=0
2026-10-04 13:20:47,441 epoch=176 step=5800 loss_G=2.6304 loss_D_A=0.2224 loss_D_B=0.1020 cycle=0.0876 idt=0.0603 gnorm=41.079 dnorm=10.559 nan=0
2026-10-04 13:21:02,583 epoch=176 step=5900 loss_G=1.7885 loss_D_A=0.2210 loss_D_B=0.0965 cycle=0.0755 idt=0.0415 gnorm=24.617 dnorm=10.322 nan=0
2026-10-04 13:21:17,985 epoch=176 step=6000 loss_G=1.6167 loss_D_A=0.1462 loss_D_B=0.0951 cycle=0.0696 idt=0.0357 gnorm=17.314 dnorm=7.005 nan=0
2026-10-04 13:21:33,436 epoch=176 step=6100 loss_G=2.7080 loss_D_A=0.2749 loss_D_B=0.0374 cycle=0.0688 idt=0.0390 gnorm=30.949 dnorm=7.179 nan=0
2026-10-04 13:21:48,789 epoch=176 step=6200 loss_G=1.9802 loss_D_A=0.1749 loss_D_B=0.1310 cycle=0.0706 idt=0.0384 gnorm=25.143 dnorm=7.575 nan=0
2026-10-04 13:22:04,191 epoch=176 step=6300 loss_G=2.1068 loss_D_A=0.0845 loss_D_B=0.1337 cycle=0.0776 idt=0.0472 gnorm=25.896 dnorm=7.431 nan=0
2026-10-04 13:22:19,615 epoch=176 step=6400 loss_G=1.7350 loss_D_A=0.1328 loss_D_B=0.2246 cycle=0.0716 idt=0.0512 gnorm=22.639 dnorm=7.983 nan=0
2026-10-04 13:22:25,331 epoch_mean={'g': 2.070780303471575, 'd_a': 0.14413813353695829, 'd_b': 0.1541225579111574, 'cycle': 0.07611366027850992, 'identity': 0.04874199508472643, 'epoch': 176}
2026-10-04 13:22:25,955 epoch=177 step=1 loss_G=1.9287 loss_D_A=0.1387 loss_D_B=0.0541 cycle=0.0668 idt=0.0412 gnorm=22.067 dnorm=7.515 nan=0
2026-10-04 13:22:41,113 epoch=177 step=100 loss_G=1.7356 loss_D_A=0.2322 loss_D_B=0.0889 cycle=0.0661 idt=0.0692 gnorm=37.620 dnorm=8.154 nan=0
2026-10-04 13:22:56,282 epoch=177 step=200 loss_G=2.1400 loss_D_A=0.2836 loss_D_B=0.1756 cycle=0.0777 idt=0.0494 gnorm=39.822 dnorm=11.641 nan=0
2026-10-04 13:23:11,417 epoch=177 step=300 loss_G=2.2427 loss_D_A=0.0633 loss_D_B=0.1375 cycle=0.0779 idt=0.0413 gnorm=28.485 dnorm=7.785 nan=0
2026-10-04 13:23:26,753 epoch=177 step=400 loss_G=1.9648 loss_D_A=0.2789 loss_D_B=0.2673 cycle=0.0779 idt=0.0522 gnorm=43.003 dnorm=9.022 nan=0
2026-10-04 13:23:42,025 epoch=177 step=500 loss_G=2.3103 loss_D_A=0.1611 loss_D_B=0.1423 cycle=0.0797 idt=0.0444 gnorm=37.419 dnorm=9.926 nan=0
2026-10-04 13:23:57,447 epoch=177 step=600 loss_G=2.6564 loss_D_A=0.2320 loss_D_B=0.0975 cycle=0.0811 idt=0.0498 gnorm=43.320 dnorm=11.408 nan=0
2026-10-04 13:24:12,870 epoch=177 step=700 loss_G=2.2559 loss_D_A=0.0762 loss_D_B=0.1598 cycle=0.0831 idt=0.0323 gnorm=43.339 dnorm=8.788 nan=0
2026-10-04 13:24:28,220 epoch=177 step=800 loss_G=1.5862 loss_D_A=0.1632 loss_D_B=0.1772 cycle=0.0801 idt=0.0448 gnorm=29.423 dnorm=8.717 nan=0
2026-10-04 13:24:43,645 epoch=177 step=900 loss_G=2.3614 loss_D_A=0.2009 loss_D_B=0.1511 cycle=0.0770 idt=0.0442 gnorm=37.693 dnorm=9.066 nan=0
2026-10-04 13:24:59,045 epoch=177 step=1000 loss_G=2.7882 loss_D_A=0.1419 loss_D_B=0.1709 cycle=0.0670 idt=0.0609 gnorm=28.545 dnorm=8.433 nan=0
2026-10-04 13:25:14,411 epoch=177 step=1100 loss_G=1.9861 loss_D_A=0.2282 loss_D_B=0.2570 cycle=0.0684 idt=0.0458 gnorm=33.156 dnorm=12.997 nan=0
2026-10-04 13:25:29,794 epoch=177 step=1200 loss_G=1.9745 loss_D_A=0.0815 loss_D_B=0.0556 cycle=0.0572 idt=0.0400 gnorm=30.048 dnorm=6.669 nan=0
2026-10-04 13:25:45,152 epoch=177 step=1300 loss_G=2.0155 loss_D_A=0.1363 loss_D_B=0.0550 cycle=0.0812 idt=0.0535 gnorm=29.589 dnorm=5.769 nan=0
2026-10-04 13:26:00,475 epoch=177 step=1400 loss_G=2.0138 loss_D_A=0.1652 loss_D_B=0.1002 cycle=0.0718 idt=0.0527 gnorm=33.785 dnorm=7.575 nan=0
2026-10-04 13:26:15,792 epoch=177 step=1500 loss_G=1.6619 loss_D_A=0.1042 loss_D_B=0.1336 cycle=0.0701 idt=0.0398 gnorm=28.265 dnorm=5.735 nan=0
2026-10-04 13:26:31,112 epoch=177 step=1600 loss_G=2.2228 loss_D_A=0.1882 loss_D_B=0.0400 cycle=0.0701 idt=0.0479 gnorm=22.555 dnorm=7.337 nan=0
2026-10-04 13:26:46,226 epoch=177 step=1700 loss_G=2.2699 loss_D_A=0.2801 loss_D_B=0.0430 cycle=0.1106 idt=0.0530 gnorm=52.290 dnorm=10.705 nan=0
2026-10-04 13:27:01,634 epoch=177 step=1800 loss_G=1.8622 loss_D_A=0.2528 loss_D_B=0.2598 cycle=0.0839 idt=0.0497 gnorm=28.294 dnorm=9.511 nan=0
2026-10-04 13:27:16,986 epoch=177 step=1900 loss_G=1.9674 loss_D_A=0.0806 loss_D_B=0.1485 cycle=0.0841 idt=0.0607 gnorm=21.025 dnorm=12.954 nan=0
2026-10-04 13:27:32,382 epoch=177 step=2000 loss_G=1.5230 loss_D_A=0.1128 loss_D_B=0.1260 cycle=0.0883 idt=0.0537 gnorm=19.928 dnorm=14.427 nan=0
2026-10-04 13:27:47,822 epoch=177 step=2100 loss_G=1.6885 loss_D_A=0.0521 loss_D_B=0.1574 cycle=0.0750 idt=0.0511 gnorm=28.346 dnorm=4.260 nan=0
2026-10-04 13:28:03,131 epoch=177 step=2200 loss_G=1.8226 loss_D_A=0.0597 loss_D_B=0.0287 cycle=0.0883 idt=0.0547 gnorm=54.183 dnorm=3.431 nan=0
2026-10-04 13:28:18,483 epoch=177 step=2300 loss_G=2.2043 loss_D_A=0.1013 loss_D_B=0.1261 cycle=0.0600 idt=0.0316 gnorm=22.946 dnorm=7.203 nan=0
2026-10-04 13:28:33,697 epoch=177 step=2400 loss_G=2.7806 loss_D_A=0.1618 loss_D_B=0.1269 cycle=0.0707 idt=0.0471 gnorm=35.073 dnorm=7.870 nan=0
2026-10-04 13:28:48,933 epoch=177 step=2500 loss_G=1.7948 loss_D_A=0.1433 loss_D_B=0.0483 cycle=0.0658 idt=0.0447 gnorm=29.892 dnorm=4.491 nan=0
2026-10-04 13:29:04,329 epoch=177 step=2600 loss_G=2.4470 loss_D_A=0.0985 loss_D_B=0.3056 cycle=0.0944 idt=0.0609 gnorm=38.294 dnorm=9.692 nan=0
2026-10-04 13:29:19,605 epoch=177 step=2700 loss_G=2.1789 loss_D_A=0.1191 loss_D_B=0.2018 cycle=0.0785 idt=0.0489 gnorm=44.333 dnorm=9.769 nan=0
2026-10-04 13:29:34,809 epoch=177 step=2800 loss_G=1.7571 loss_D_A=0.0308 loss_D_B=0.2144 cycle=0.0607 idt=0.0377 gnorm=33.318 dnorm=11.122 nan=0
2026-10-04 13:29:50,219 epoch=177 step=2900 loss_G=1.9125 loss_D_A=0.1221 loss_D_B=0.0836 cycle=0.0778 idt=0.0531 gnorm=40.168 dnorm=5.180 nan=0
2026-10-04 13:30:05,310 epoch=177 step=3000 loss_G=1.5735 loss_D_A=0.1611 loss_D_B=0.1274 cycle=0.0614 idt=0.0352 gnorm=31.310 dnorm=11.446 nan=0
2026-10-04 13:30:20,725 epoch=177 step=3100 loss_G=1.8268 loss_D_A=0.2964 loss_D_B=0.2797 cycle=0.0795 idt=0.0533 gnorm=16.927 dnorm=9.841 nan=0
2026-10-04 13:30:36,147 epoch=177 step=3200 loss_G=1.9981 loss_D_A=0.0679 loss_D_B=0.1180 cycle=0.0680 idt=0.0454 gnorm=25.919 dnorm=4.918 nan=0
2026-10-04 13:30:51,467 epoch=177 step=3300 loss_G=1.6607 loss_D_A=0.0629 loss_D_B=0.3164 cycle=0.0577 idt=0.0826 gnorm=23.468 dnorm=13.400 nan=0
2026-10-04 13:31:06,300 epoch=177 step=3400 loss_G=2.7400 loss_D_A=0.0590 loss_D_B=0.0848 cycle=0.0810 idt=0.0506 gnorm=32.216 dnorm=6.490 nan=0
2026-10-04 13:31:21,678 epoch=177 step=3500 loss_G=2.7406 loss_D_A=0.3689 loss_D_B=0.0735 cycle=0.0772 idt=0.0440 gnorm=30.476 dnorm=10.062 nan=0
2026-10-04 13:31:36,992 epoch=177 step=3600 loss_G=2.0938 loss_D_A=0.1546 loss_D_B=0.0477 cycle=0.0895 idt=0.0624 gnorm=50.601 dnorm=7.725 nan=0
2026-10-04 13:31:51,973 epoch=177 step=3700 loss_G=2.2627 loss_D_A=0.1502 loss_D_B=0.0577 cycle=0.0742 idt=0.0573 gnorm=31.916 dnorm=7.756 nan=0
2026-10-04 13:32:07,195 epoch=177 step=3800 loss_G=2.6371 loss_D_A=0.1099 loss_D_B=0.1135 cycle=0.0706 idt=0.0440 gnorm=36.603 dnorm=6.190 nan=0
2026-10-04 13:32:22,531 epoch=177 step=3900 loss_G=2.0111 loss_D_A=0.0588 loss_D_B=0.2054 cycle=0.0582 idt=0.0364 gnorm=22.803 dnorm=7.266 nan=0
2026-10-04 13:32:37,572 epoch=177 step=4000 loss_G=1.7111 loss_D_A=0.0697 loss_D_B=0.0595 cycle=0.0850 idt=0.0479 gnorm=37.369 dnorm=4.401 nan=0
2026-10-04 13:32:52,757 epoch=177 step=4100 loss_G=1.6804 loss_D_A=0.1323 loss_D_B=0.0976 cycle=0.0651 idt=0.0435 gnorm=19.106 dnorm=10.298 nan=0
2026-10-04 13:33:07,461 epoch=177 step=4200 loss_G=1.9848 loss_D_A=0.0891 loss_D_B=0.1665 cycle=0.0788 idt=0.0450 gnorm=23.592 dnorm=6.552 nan=0
2026-10-04 13:33:22,884 epoch=177 step=4300 loss_G=3.1687 loss_D_A=0.1792 loss_D_B=0.1168 cycle=0.1075 idt=0.0739 gnorm=46.655 dnorm=7.657 nan=0
2026-10-04 13:33:38,080 epoch=177 step=4400 loss_G=2.3568 loss_D_A=0.2375 loss_D_B=0.1287 cycle=0.0936 idt=0.0573 gnorm=29.083 dnorm=10.049 nan=0
2026-10-04 13:33:53,433 epoch=177 step=4500 loss_G=2.4455 loss_D_A=0.0516 loss_D_B=0.1549 cycle=0.1059 idt=0.0712 gnorm=18.735 dnorm=4.568 nan=0
2026-10-04 13:34:08,896 epoch=177 step=4600 loss_G=2.0094 loss_D_A=0.0584 loss_D_B=0.2903 cycle=0.0840 idt=0.0526 gnorm=19.615 dnorm=19.624 nan=0
2026-10-04 13:34:23,739 epoch=177 step=4700 loss_G=2.4609 loss_D_A=0.2658 loss_D_B=0.1301 cycle=0.1038 idt=0.0661 gnorm=47.310 dnorm=13.973 nan=0
2026-10-04 13:34:38,890 epoch=177 step=4800 loss_G=2.1349 loss_D_A=0.1462 loss_D_B=0.1545 cycle=0.0849 idt=0.0453 gnorm=27.911 dnorm=8.301 nan=0
2026-10-04 13:34:54,326 epoch=177 step=4900 loss_G=2.2978 loss_D_A=0.0810 loss_D_B=0.0913 cycle=0.0620 idt=0.0403 gnorm=37.250 dnorm=6.002 nan=0
2026-10-04 13:35:09,633 epoch=177 step=5000 loss_G=2.2589 loss_D_A=0.1624 loss_D_B=0.1542 cycle=0.0806 idt=0.0461 gnorm=27.486 dnorm=12.865 nan=0
2026-10-04 13:35:24,783 epoch=177 step=5100 loss_G=1.6707 loss_D_A=0.1183 loss_D_B=0.1480 cycle=0.0796 idt=0.0437 gnorm=26.727 dnorm=11.293 nan=0
2026-10-04 13:35:40,208 epoch=177 step=5200 loss_G=1.6237 loss_D_A=0.0453 loss_D_B=0.1068 cycle=0.0712 idt=0.0489 gnorm=28.124 dnorm=4.024 nan=0
2026-10-04 13:35:55,522 epoch=177 step=5300 loss_G=2.0966 loss_D_A=0.1049 loss_D_B=0.0533 cycle=0.0683 idt=0.0655 gnorm=36.664 dnorm=5.853 nan=0
2026-10-04 13:36:10,794 epoch=177 step=5400 loss_G=2.5651 loss_D_A=0.1222 loss_D_B=0.1145 cycle=0.0607 idt=0.0562 gnorm=35.369 dnorm=9.369 nan=0
2026-10-04 13:36:25,759 epoch=177 step=5500 loss_G=1.8015 loss_D_A=0.1006 loss_D_B=0.0966 cycle=0.0612 idt=0.0319 gnorm=34.260 dnorm=6.724 nan=0
2026-10-04 13:36:40,298 epoch=177 step=5600 loss_G=2.0098 loss_D_A=0.0283 loss_D_B=0.3334 cycle=0.0677 idt=0.0479 gnorm=38.681 dnorm=8.126 nan=0
2026-10-04 13:36:55,262 epoch=177 step=5700 loss_G=1.9990 loss_D_A=0.1129 loss_D_B=0.1667 cycle=0.0526 idt=0.0336 gnorm=19.893 dnorm=12.154 nan=0
2026-10-04 13:37:10,654 epoch=177 step=5800 loss_G=2.7432 loss_D_A=0.0880 loss_D_B=0.1064 cycle=0.0673 idt=0.0430 gnorm=39.600 dnorm=8.561 nan=0
2026-10-04 13:37:26,007 epoch=177 step=5900 loss_G=2.4975 loss_D_A=0.2457 loss_D_B=0.0566 cycle=0.0609 idt=0.0360 gnorm=33.419 dnorm=14.645 nan=0
2026-10-04 13:37:41,392 epoch=177 step=6000 loss_G=2.0221 loss_D_A=0.1386 loss_D_B=0.0932 cycle=0.0791 idt=0.0454 gnorm=30.291 dnorm=6.636 nan=0
2026-10-04 13:37:56,486 epoch=177 step=6100 loss_G=2.1763 loss_D_A=0.0501 loss_D_B=0.2321 cycle=0.0887 idt=0.0657 gnorm=25.087 dnorm=6.349 nan=0
2026-10-04 13:38:11,879 epoch=177 step=6200 loss_G=1.8661 loss_D_A=0.1599 loss_D_B=0.0756 cycle=0.0802 idt=0.0566 gnorm=22.972 dnorm=10.882 nan=0
2026-10-04 13:38:27,273 epoch=177 step=6300 loss_G=1.5972 loss_D_A=0.0388 loss_D_B=0.1198 cycle=0.0699 idt=0.0319 gnorm=18.665 dnorm=6.260 nan=0
2026-10-04 13:38:42,491 epoch=177 step=6400 loss_G=1.8437 loss_D_A=0.0636 loss_D_B=0.1444 cycle=0.0826 idt=0.0431 gnorm=26.009 dnorm=6.943 nan=0
2026-10-04 13:38:48,344 epoch_mean={'g': 2.071658572635135, 'd_a': 0.14186494844453829, 'd_b': 0.1519266953931976, 'cycle': 0.07572043005003253, 'identity': 0.0484367908621175, 'epoch': 177}
2026-10-04 13:38:48,954 epoch=178 step=1 loss_G=2.5148 loss_D_A=0.0590 loss_D_B=0.2232 cycle=0.0979 idt=0.0546 gnorm=26.596 dnorm=9.016 nan=0
2026-10-04 13:39:03,945 epoch=178 step=100 loss_G=2.0327 loss_D_A=0.1156 loss_D_B=0.1119 cycle=0.0908 idt=0.0658 gnorm=15.004 dnorm=7.428 nan=0
2026-10-04 13:39:19,261 epoch=178 step=200 loss_G=1.9385 loss_D_A=0.0717 loss_D_B=0.1087 cycle=0.0939 idt=0.0492 gnorm=39.651 dnorm=6.832 nan=0
2026-10-04 13:39:34,580 epoch=178 step=300 loss_G=1.9307 loss_D_A=0.0969 loss_D_B=0.2748 cycle=0.0860 idt=0.0562 gnorm=27.094 dnorm=10.840 nan=0
2026-10-04 13:39:49,911 epoch=178 step=400 loss_G=2.3159 loss_D_A=0.1365 loss_D_B=0.0172 cycle=0.0664 idt=0.0627 gnorm=30.450 dnorm=7.155 nan=0
2026-10-04 13:40:05,281 epoch=178 step=500 loss_G=2.2272 loss_D_A=0.0552 loss_D_B=0.2552 cycle=0.0798 idt=0.0359 gnorm=43.397 dnorm=18.716 nan=0
2026-10-04 13:40:20,673 epoch=178 step=600 loss_G=1.4161 loss_D_A=0.2879 loss_D_B=0.0540 cycle=0.0576 idt=0.0295 gnorm=30.637 dnorm=10.879 nan=0
2026-10-04 13:40:35,752 epoch=178 step=700 loss_G=2.7724 loss_D_A=0.0411 loss_D_B=0.0841 cycle=0.0643 idt=0.0378 gnorm=27.867 dnorm=5.303 nan=0
2026-10-04 13:40:51,141 epoch=178 step=800 loss_G=2.1397 loss_D_A=0.0802 loss_D_B=0.0920 cycle=0.0874 idt=0.0677 gnorm=36.829 dnorm=5.813 nan=0
2026-10-04 13:41:06,572 epoch=178 step=900 loss_G=2.3284 loss_D_A=0.0655 loss_D_B=0.1269 cycle=0.0717 idt=0.0455 gnorm=21.262 dnorm=8.262 nan=0
2026-10-04 13:41:21,415 epoch=178 step=1000 loss_G=2.4839 loss_D_A=0.0485 loss_D_B=0.0654 cycle=0.0698 idt=0.0548 gnorm=30.338 dnorm=4.325 nan=0
2026-10-04 13:41:36,772 epoch=178 step=1100 loss_G=1.5805 loss_D_A=0.1736 loss_D_B=0.1974 cycle=0.0642 idt=0.0390 gnorm=27.654 dnorm=9.302 nan=0
2026-10-04 13:41:52,202 epoch=178 step=1200 loss_G=2.5141 loss_D_A=0.0756 loss_D_B=0.0752 cycle=0.0780 idt=0.0616 gnorm=32.171 dnorm=5.402 nan=0
2026-10-04 13:42:07,550 epoch=178 step=1300 loss_G=1.7924 loss_D_A=0.1953 loss_D_B=0.0873 cycle=0.0633 idt=0.0444 gnorm=17.451 dnorm=11.925 nan=0
2026-10-04 13:42:22,422 epoch=178 step=1400 loss_G=2.3302 loss_D_A=0.0572 loss_D_B=0.0960 cycle=0.0853 idt=0.0560 gnorm=23.578 dnorm=5.501 nan=0
2026-10-04 13:42:37,526 epoch=178 step=1500 loss_G=1.8685 loss_D_A=0.0477 loss_D_B=0.1175 cycle=0.0685 idt=0.0421 gnorm=15.732 dnorm=7.589 nan=0
2026-10-04 13:42:52,902 epoch=178 step=1600 loss_G=2.3108 loss_D_A=0.0565 loss_D_B=0.0400 cycle=0.0795 idt=0.0528 gnorm=37.180 dnorm=3.877 nan=0
2026-10-04 13:43:07,952 epoch=178 step=1700 loss_G=2.2642 loss_D_A=0.1723 loss_D_B=0.2795 cycle=0.0851 idt=0.0619 gnorm=29.609 dnorm=10.336 nan=0
2026-10-04 13:43:22,609 epoch=178 step=1800 loss_G=2.3082 loss_D_A=0.2214 loss_D_B=0.2425 cycle=0.0900 idt=0.0469 gnorm=32.910 dnorm=13.578 nan=0
2026-10-04 13:43:37,763 epoch=178 step=1900 loss_G=1.9219 loss_D_A=0.1672 loss_D_B=0.1016 cycle=0.0724 idt=0.0418 gnorm=18.507 dnorm=7.412 nan=0
2026-10-04 13:43:52,881 epoch=178 step=2000 loss_G=2.0487 loss_D_A=0.1469 loss_D_B=0.2354 cycle=0.0668 idt=0.0508 gnorm=32.910 dnorm=14.130 nan=0
2026-10-04 13:44:08,202 epoch=178 step=2100 loss_G=2.0474 loss_D_A=0.0376 loss_D_B=0.1120 cycle=0.0515 idt=0.0369 gnorm=30.545 dnorm=8.551 nan=0
2026-10-04 13:44:23,554 epoch=178 step=2200 loss_G=2.3970 loss_D_A=0.2279 loss_D_B=0.1558 cycle=0.0800 idt=0.0656 gnorm=38.186 dnorm=13.322 nan=0
2026-10-04 13:44:38,605 epoch=178 step=2300 loss_G=1.8231 loss_D_A=0.3199 loss_D_B=0.1423 cycle=0.1001 idt=0.0420 gnorm=45.383 dnorm=10.309 nan=0
2026-10-04 13:44:53,782 epoch=178 step=2400 loss_G=1.9457 loss_D_A=0.3674 loss_D_B=0.0562 cycle=0.0599 idt=0.0518 gnorm=34.639 dnorm=13.547 nan=0
2026-10-04 13:45:08,985 epoch=178 step=2500 loss_G=2.4814 loss_D_A=0.2364 loss_D_B=0.0419 cycle=0.0788 idt=0.0357 gnorm=35.973 dnorm=7.324 nan=0
2026-10-04 13:45:24,243 epoch=178 step=2600 loss_G=1.5604 loss_D_A=0.3075 loss_D_B=0.1021 cycle=0.0719 idt=0.0368 gnorm=18.862 dnorm=9.812 nan=0
2026-10-04 13:45:39,413 epoch=178 step=2700 loss_G=2.5764 loss_D_A=0.1721 loss_D_B=0.1973 cycle=0.0753 idt=0.0342 gnorm=32.830 dnorm=8.205 nan=0
2026-10-04 13:45:54,379 epoch=178 step=2800 loss_G=2.3023 loss_D_A=0.0332 loss_D_B=0.1003 cycle=0.0840 idt=0.0512 gnorm=28.390 dnorm=6.514 nan=0
2026-10-04 13:46:09,617 epoch=178 step=2900 loss_G=1.4163 loss_D_A=0.1251 loss_D_B=0.3342 cycle=0.0907 idt=0.0371 gnorm=30.736 dnorm=22.219 nan=0
2026-10-04 13:46:24,895 epoch=178 step=3000 loss_G=2.5561 loss_D_A=0.0750 loss_D_B=0.1936 cycle=0.0783 idt=0.0468 gnorm=26.405 dnorm=6.315 nan=0
2026-10-04 13:46:40,216 epoch=178 step=3100 loss_G=2.8513 loss_D_A=0.0774 loss_D_B=0.1770 cycle=0.0879 idt=0.0546 gnorm=29.379 dnorm=7.139 nan=0
2026-10-04 13:46:55,012 epoch=178 step=3200 loss_G=2.0796 loss_D_A=0.0510 loss_D_B=0.0559 cycle=0.0728 idt=0.0349 gnorm=43.033 dnorm=4.294 nan=0
2026-10-04 13:47:10,369 epoch=178 step=3300 loss_G=1.7751 loss_D_A=0.1040 loss_D_B=0.2780 cycle=0.0769 idt=0.0479 gnorm=30.784 dnorm=11.390 nan=0
2026-10-04 13:47:25,767 epoch=178 step=3400 loss_G=2.4678 loss_D_A=0.0864 loss_D_B=0.1715 cycle=0.0800 idt=0.0505 gnorm=20.992 dnorm=7.685 nan=0
2026-10-04 13:47:40,896 epoch=178 step=3500 loss_G=2.0069 loss_D_A=0.0735 loss_D_B=0.0332 cycle=0.0698 idt=0.0418 gnorm=31.478 dnorm=3.747 nan=0
2026-10-04 13:47:55,847 epoch=178 step=3600 loss_G=1.4011 loss_D_A=0.0840 loss_D_B=0.1564 cycle=0.0700 idt=0.0500 gnorm=24.955 dnorm=6.762 nan=0
2026-10-04 13:48:10,997 epoch=178 step=3700 loss_G=2.6058 loss_D_A=0.0350 loss_D_B=0.0738 cycle=0.0816 idt=0.0400 gnorm=48.317 dnorm=5.082 nan=0
2026-10-04 13:48:26,337 epoch=178 step=3800 loss_G=1.6784 loss_D_A=0.0780 loss_D_B=0.0821 cycle=0.0732 idt=0.0366 gnorm=31.973 dnorm=4.871 nan=0
2026-10-04 13:48:41,721 epoch=178 step=3900 loss_G=1.7405 loss_D_A=0.2361 loss_D_B=0.2898 cycle=0.0707 idt=0.0473 gnorm=22.915 dnorm=13.638 nan=0
2026-10-04 13:48:57,179 epoch=178 step=4000 loss_G=1.5885 loss_D_A=0.1529 loss_D_B=0.1185 cycle=0.0719 idt=0.0397 gnorm=28.573 dnorm=8.781 nan=0
2026-10-04 13:49:12,492 epoch=178 step=4100 loss_G=1.3722 loss_D_A=0.1318 loss_D_B=0.2227 cycle=0.0505 idt=0.0339 gnorm=17.566 dnorm=15.555 nan=0
2026-10-04 13:49:27,905 epoch=178 step=4200 loss_G=2.0031 loss_D_A=0.1001 loss_D_B=0.1482 cycle=0.0767 idt=0.0956 gnorm=37.270 dnorm=9.554 nan=0
2026-10-04 13:49:43,234 epoch=178 step=4300 loss_G=1.8378 loss_D_A=0.0495 loss_D_B=0.3522 cycle=0.0803 idt=0.0643 gnorm=17.488 dnorm=8.536 nan=0
2026-10-04 13:49:58,564 epoch=178 step=4400 loss_G=2.3213 loss_D_A=0.0349 loss_D_B=0.1696 cycle=0.0752 idt=0.0449 gnorm=22.414 dnorm=7.065 nan=0
2026-10-04 13:50:13,961 epoch=178 step=4500 loss_G=1.5987 loss_D_A=0.0691 loss_D_B=0.0827 cycle=0.0656 idt=0.0386 gnorm=30.105 dnorm=5.299 nan=0
2026-10-04 13:50:29,347 epoch=178 step=4600 loss_G=2.5317 loss_D_A=0.1124 loss_D_B=0.1040 cycle=0.0748 idt=0.0405 gnorm=34.094 dnorm=9.186 nan=0
2026-10-04 13:50:44,713 epoch=178 step=4700 loss_G=1.4179 loss_D_A=0.1814 loss_D_B=0.1712 cycle=0.0775 idt=0.0492 gnorm=32.665 dnorm=11.284 nan=0
2026-10-04 13:51:00,134 epoch=178 step=4800 loss_G=2.0216 loss_D_A=0.2073 loss_D_B=0.0722 cycle=0.0784 idt=0.0375 gnorm=24.912 dnorm=7.686 nan=0
2026-10-04 13:51:15,570 epoch=178 step=4900 loss_G=2.4235 loss_D_A=0.1099 loss_D_B=0.1019 cycle=0.0691 idt=0.0437 gnorm=29.186 dnorm=10.280 nan=0
2026-10-04 13:51:30,944 epoch=178 step=5000 loss_G=2.0249 loss_D_A=0.1513 loss_D_B=0.2488 cycle=0.0730 idt=0.0380 gnorm=31.282 dnorm=15.972 nan=0
2026-10-04 13:51:46,443 epoch=178 step=5100 loss_G=2.4798 loss_D_A=0.1829 loss_D_B=0.0332 cycle=0.0704 idt=0.0633 gnorm=32.302 dnorm=10.645 nan=0
2026-10-04 13:52:01,848 epoch=178 step=5200 loss_G=2.7147 loss_D_A=0.0418 loss_D_B=0.0730 cycle=0.0683 idt=0.0615 gnorm=32.541 dnorm=6.937 nan=0
2026-10-04 13:52:17,226 epoch=178 step=5300 loss_G=2.1446 loss_D_A=0.1589 loss_D_B=0.2215 cycle=0.0860 idt=0.0568 gnorm=51.124 dnorm=9.342 nan=0
2026-10-04 13:52:32,640 epoch=178 step=5400 loss_G=2.9724 loss_D_A=0.1149 loss_D_B=0.0512 cycle=0.0766 idt=0.1663 gnorm=44.652 dnorm=4.589 nan=0
2026-10-04 13:52:47,982 epoch=178 step=5500 loss_G=2.0357 loss_D_A=0.1905 loss_D_B=0.4845 cycle=0.0806 idt=0.0454 gnorm=16.533 dnorm=28.373 nan=0
2026-10-04 13:53:03,315 epoch=178 step=5600 loss_G=2.4687 loss_D_A=0.1941 loss_D_B=0.1675 cycle=0.0817 idt=0.0506 gnorm=30.430 dnorm=9.673 nan=0
2026-10-04 13:53:18,759 epoch=178 step=5700 loss_G=1.6638 loss_D_A=0.0845 loss_D_B=0.0929 cycle=0.0694 idt=0.0392 gnorm=20.611 dnorm=7.024 nan=0
2026-10-04 13:53:34,078 epoch=178 step=5800 loss_G=2.1135 loss_D_A=0.2642 loss_D_B=0.0713 cycle=0.0754 idt=0.0455 gnorm=20.151 dnorm=8.322 nan=0
2026-10-04 13:53:49,464 epoch=178 step=5900 loss_G=2.4068 loss_D_A=0.0638 loss_D_B=0.2556 cycle=0.1053 idt=0.0654 gnorm=31.581 dnorm=11.718 nan=0
2026-10-04 13:54:04,782 epoch=178 step=6000 loss_G=2.1187 loss_D_A=0.2303 loss_D_B=0.1528 cycle=0.0764 idt=0.0393 gnorm=18.325 dnorm=13.841 nan=0
2026-10-04 13:54:19,908 epoch=178 step=6100 loss_G=2.5566 loss_D_A=0.1400 loss_D_B=0.0537 cycle=0.0765 idt=0.0460 gnorm=29.896 dnorm=5.206 nan=0
2026-10-04 13:54:35,296 epoch=178 step=6200 loss_G=1.2041 loss_D_A=0.4257 loss_D_B=0.2096 cycle=0.0628 idt=0.0403 gnorm=17.183 dnorm=12.655 nan=0
2026-10-04 13:54:50,720 epoch=178 step=6300 loss_G=2.3299 loss_D_A=0.0596 loss_D_B=0.1991 cycle=0.0761 idt=0.0608 gnorm=46.999 dnorm=7.991 nan=0
2026-10-04 13:55:06,093 epoch=178 step=6400 loss_G=2.3133 loss_D_A=0.1005 loss_D_B=0.0819 cycle=0.0723 idt=0.0451 gnorm=43.946 dnorm=10.204 nan=0
2026-10-04 13:55:11,975 epoch_mean={'g': 2.0727507208178007, 'd_a': 0.14220686098106458, 'd_b': 0.15186281610105526, 'cycle': 0.07547344054891368, 'identity': 0.04799270748388475, 'epoch': 178}
2026-10-04 13:55:12,595 epoch=179 step=1 loss_G=1.6038 loss_D_A=0.1661 loss_D_B=0.3562 cycle=0.0586 idt=0.0336 gnorm=33.247 dnorm=11.473 nan=0
2026-10-04 13:55:27,642 epoch=179 step=100 loss_G=2.3096 loss_D_A=0.1524 loss_D_B=0.0811 cycle=0.0919 idt=0.0578 gnorm=33.068 dnorm=6.277 nan=0
2026-10-04 13:55:43,001 epoch=179 step=200 loss_G=2.8507 loss_D_A=0.1558 loss_D_B=0.1830 cycle=0.0920 idt=0.0793 gnorm=26.068 dnorm=10.859 nan=0
2026-10-04 13:55:58,382 epoch=179 step=300 loss_G=2.4693 loss_D_A=0.1010 loss_D_B=0.2326 cycle=0.0698 idt=0.0455 gnorm=32.518 dnorm=10.811 nan=0
2026-10-04 13:56:13,667 epoch=179 step=400 loss_G=2.5026 loss_D_A=0.0547 loss_D_B=0.3024 cycle=0.0803 idt=0.0474 gnorm=27.509 dnorm=8.665 nan=0
2026-10-04 13:56:29,062 epoch=179 step=500 loss_G=1.7873 loss_D_A=0.0439 loss_D_B=0.0909 cycle=0.0756 idt=0.0358 gnorm=36.241 dnorm=7.486 nan=0
2026-10-04 13:56:44,501 epoch=179 step=600 loss_G=1.6702 loss_D_A=0.0812 loss_D_B=0.1794 cycle=0.0705 idt=0.0354 gnorm=26.684 dnorm=9.609 nan=0
2026-10-04 13:56:59,930 epoch=179 step=700 loss_G=1.9418 loss_D_A=0.2800 loss_D_B=0.1979 cycle=0.0806 idt=0.0608 gnorm=18.729 dnorm=10.109 nan=0
2026-10-04 13:57:15,391 epoch=179 step=800 loss_G=2.1978 loss_D_A=0.1607 loss_D_B=0.0814 cycle=0.0862 idt=0.0512 gnorm=46.757 dnorm=8.889 nan=0
2026-10-04 13:57:30,790 epoch=179 step=900 loss_G=2.4195 loss_D_A=0.2261 loss_D_B=0.0971 cycle=0.0797 idt=0.0576 gnorm=22.943 dnorm=12.411 nan=0
2026-10-04 13:57:46,134 epoch=179 step=1000 loss_G=2.0030 loss_D_A=0.1739 loss_D_B=0.1576 cycle=0.0612 idt=0.0402 gnorm=26.456 dnorm=14.426 nan=0
2026-10-04 13:58:01,531 epoch=179 step=1100 loss_G=1.7536 loss_D_A=0.1897 loss_D_B=0.0921 cycle=0.0793 idt=0.0415 gnorm=32.133 dnorm=10.735 nan=0
2026-10-04 13:58:16,556 epoch=179 step=1200 loss_G=1.7209 loss_D_A=0.2524 loss_D_B=0.1433 cycle=0.0761 idt=0.0442 gnorm=26.103 dnorm=12.186 nan=0
2026-10-04 13:58:31,960 epoch=179 step=1300 loss_G=2.0271 loss_D_A=0.1095 loss_D_B=0.0943 cycle=0.0809 idt=0.0686 gnorm=22.133 dnorm=6.782 nan=0
2026-10-04 13:58:47,052 epoch=179 step=1400 loss_G=2.2511 loss_D_A=0.1145 loss_D_B=0.0323 cycle=0.0585 idt=0.0425 gnorm=23.510 dnorm=7.678 nan=0
2026-10-04 13:59:02,397 epoch=179 step=1500 loss_G=1.8293 loss_D_A=0.0545 loss_D_B=0.1795 cycle=0.0603 idt=0.0377 gnorm=24.009 dnorm=6.774 nan=0
2026-10-04 13:59:17,783 epoch=179 step=1600 loss_G=2.3887 loss_D_A=0.1153 loss_D_B=0.1601 cycle=0.0691 idt=0.0418 gnorm=38.651 dnorm=9.289 nan=0
2026-10-04 13:59:33,028 epoch=179 step=1700 loss_G=1.5575 loss_D_A=0.0681 loss_D_B=0.1078 cycle=0.0707 idt=0.0475 gnorm=18.860 dnorm=7.019 nan=0
2026-10-04 13:59:48,337 epoch=179 step=1800 loss_G=1.5329 loss_D_A=0.4680 loss_D_B=0.1592 cycle=0.0797 idt=0.0698 gnorm=42.780 dnorm=14.197 nan=0
2026-10-04 14:00:03,687 epoch=179 step=1900 loss_G=2.3380 loss_D_A=0.2720 loss_D_B=0.0654 cycle=0.0921 idt=0.0555 gnorm=23.505 dnorm=9.008 nan=0
2026-10-04 14:00:19,136 epoch=179 step=2000 loss_G=1.9907 loss_D_A=0.1538 loss_D_B=0.2306 cycle=0.0649 idt=0.0402 gnorm=27.323 dnorm=10.582 nan=0
2026-10-04 14:00:34,456 epoch=179 step=2100 loss_G=3.0467 loss_D_A=0.0325 loss_D_B=0.2267 cycle=0.0998 idt=0.0670 gnorm=26.153 dnorm=5.141 nan=0
2026-10-04 14:00:49,697 epoch=179 step=2200 loss_G=2.3605 loss_D_A=0.0492 loss_D_B=0.0822 cycle=0.0860 idt=0.0479 gnorm=18.104 dnorm=6.396 nan=0
2026-10-04 14:01:04,817 epoch=179 step=2300 loss_G=1.7630 loss_D_A=0.1214 loss_D_B=0.1623 cycle=0.0682 idt=0.0477 gnorm=35.914 dnorm=10.114 nan=0
2026-10-04 14:01:19,956 epoch=179 step=2400 loss_G=1.8138 loss_D_A=0.1562 loss_D_B=0.0558 cycle=0.0667 idt=0.0302 gnorm=38.346 dnorm=6.882 nan=0
2026-10-04 14:01:35,288 epoch=179 step=2500 loss_G=2.3537 loss_D_A=0.2224 loss_D_B=0.2335 cycle=0.0678 idt=0.0457 gnorm=22.164 dnorm=9.405 nan=0
2026-10-04 14:01:50,666 epoch=179 step=2600 loss_G=1.9786 loss_D_A=0.0973 loss_D_B=0.2039 cycle=0.0730 idt=0.0461 gnorm=21.789 dnorm=7.253 nan=0
2026-10-04 14:02:05,887 epoch=179 step=2700 loss_G=2.0568 loss_D_A=0.0955 loss_D_B=0.1819 cycle=0.0765 idt=0.0459 gnorm=30.514 dnorm=8.796 nan=0
2026-10-04 14:02:21,287 epoch=179 step=2800 loss_G=2.2859 loss_D_A=0.1558 loss_D_B=0.0518 cycle=0.0740 idt=0.0454 gnorm=28.149 dnorm=6.270 nan=0
2026-10-04 14:02:36,563 epoch=179 step=2900 loss_G=3.0950 loss_D_A=0.0474 loss_D_B=0.0724 cycle=0.1467 idt=0.0659 gnorm=51.993 dnorm=5.971 nan=0
2026-10-04 14:02:51,738 epoch=179 step=3000 loss_G=2.5460 loss_D_A=0.0403 loss_D_B=0.1573 cycle=0.0689 idt=0.0373 gnorm=33.329 dnorm=5.218 nan=0
2026-10-04 14:03:07,145 epoch=179 step=3100 loss_G=2.7510 loss_D_A=0.2419 loss_D_B=0.1982 cycle=0.1160 idt=0.0462 gnorm=35.503 dnorm=12.297 nan=0
2026-10-04 14:03:22,386 epoch=179 step=3200 loss_G=1.7265 loss_D_A=0.2265 loss_D_B=0.1715 cycle=0.0542 idt=0.0317 gnorm=24.510 dnorm=12.787 nan=0
2026-10-04 14:03:37,704 epoch=179 step=3300 loss_G=2.2517 loss_D_A=0.1455 loss_D_B=0.0572 cycle=0.1027 idt=0.0740 gnorm=35.958 dnorm=4.913 nan=0
2026-10-04 14:03:53,038 epoch=179 step=3400 loss_G=2.0707 loss_D_A=0.0794 loss_D_B=0.1442 cycle=0.0705 idt=0.0428 gnorm=24.857 dnorm=8.237 nan=0
2026-10-04 14:04:08,094 epoch=179 step=3500 loss_G=1.8729 loss_D_A=0.0659 loss_D_B=0.2302 cycle=0.0762 idt=0.0432 gnorm=16.003 dnorm=6.202 nan=0
2026-10-04 14:04:23,234 epoch=179 step=3600 loss_G=1.2407 loss_D_A=0.1791 loss_D_B=0.1707 cycle=0.0620 idt=0.0300 gnorm=22.406 dnorm=8.186 nan=0
2026-10-04 14:04:38,655 epoch=179 step=3700 loss_G=1.8129 loss_D_A=0.1090 loss_D_B=0.1514 cycle=0.0627 idt=0.0315 gnorm=22.134 dnorm=8.531 nan=0
2026-10-04 14:04:54,037 epoch=179 step=3800 loss_G=2.0316 loss_D_A=0.2550 loss_D_B=0.2511 cycle=0.0562 idt=0.0344 gnorm=19.060 dnorm=13.051 nan=0
2026-10-04 14:05:09,142 epoch=179 step=3900 loss_G=2.3389 loss_D_A=0.1276 loss_D_B=0.1662 cycle=0.0930 idt=0.0553 gnorm=38.698 dnorm=11.131 nan=0
2026-10-04 14:05:24,460 epoch=179 step=4000 loss_G=1.6453 loss_D_A=0.1356 loss_D_B=0.1824 cycle=0.0758 idt=0.0449 gnorm=22.070 dnorm=9.203 nan=0
2026-10-04 14:05:39,682 epoch=179 step=4100 loss_G=2.2256 loss_D_A=0.1695 loss_D_B=0.0451 cycle=0.0736 idt=0.0549 gnorm=39.566 dnorm=8.840 nan=0
2026-10-04 14:05:55,004 epoch=179 step=4200 loss_G=2.1305 loss_D_A=0.0623 loss_D_B=0.1312 cycle=0.0692 idt=0.0517 gnorm=26.069 dnorm=18.549 nan=0
2026-10-04 14:06:10,481 epoch=179 step=4300 loss_G=2.1285 loss_D_A=0.1130 loss_D_B=0.0581 cycle=0.0835 idt=0.0431 gnorm=31.797 dnorm=10.210 nan=0
2026-10-04 14:06:25,439 epoch=179 step=4400 loss_G=1.8870 loss_D_A=0.1812 loss_D_B=0.3683 cycle=0.0712 idt=0.0382 gnorm=34.296 dnorm=12.425 nan=0
2026-10-04 14:06:40,824 epoch=179 step=4500 loss_G=1.8467 loss_D_A=0.1483 loss_D_B=0.1636 cycle=0.0613 idt=0.0504 gnorm=28.167 dnorm=9.165 nan=0
2026-10-04 14:06:56,220 epoch=179 step=4600 loss_G=1.9738 loss_D_A=0.1039 loss_D_B=0.1505 cycle=0.0629 idt=0.0354 gnorm=27.027 dnorm=6.715 nan=0
2026-10-04 14:07:11,588 epoch=179 step=4700 loss_G=2.0838 loss_D_A=0.1571 loss_D_B=0.2717 cycle=0.0788 idt=0.0559 gnorm=25.052 dnorm=10.061 nan=0
2026-10-04 14:07:26,544 epoch=179 step=4800 loss_G=1.5591 loss_D_A=0.0474 loss_D_B=0.1196 cycle=0.0670 idt=0.0493 gnorm=29.028 dnorm=7.138 nan=0
2026-10-04 14:07:42,010 epoch=179 step=4900 loss_G=2.6429 loss_D_A=0.0362 loss_D_B=0.0737 cycle=0.0779 idt=0.0378 gnorm=48.357 dnorm=7.899 nan=0
2026-10-04 14:07:57,206 epoch=179 step=5000 loss_G=1.4296 loss_D_A=0.2990 loss_D_B=0.0956 cycle=0.0590 idt=0.0506 gnorm=28.766 dnorm=13.751 nan=0
2026-10-04 14:08:12,604 epoch=179 step=5100 loss_G=2.1782 loss_D_A=0.0343 loss_D_B=0.2666 cycle=0.0727 idt=0.0430 gnorm=27.777 dnorm=9.344 nan=0
2026-10-04 14:08:27,718 epoch=179 step=5200 loss_G=2.8705 loss_D_A=0.0818 loss_D_B=0.1474 cycle=0.0943 idt=0.0500 gnorm=45.606 dnorm=7.528 nan=0
2026-10-04 14:08:43,010 epoch=179 step=5300 loss_G=2.2351 loss_D_A=0.2161 loss_D_B=0.2690 cycle=0.0714 idt=0.0453 gnorm=22.114 dnorm=9.246 nan=0
2026-10-04 14:08:58,384 epoch=179 step=5400 loss_G=1.9603 loss_D_A=0.2584 loss_D_B=0.1232 cycle=0.0699 idt=0.0450 gnorm=16.367 dnorm=10.124 nan=0
2026-10-04 14:09:13,791 epoch=179 step=5500 loss_G=1.5643 loss_D_A=0.0816 loss_D_B=0.1887 cycle=0.0719 idt=0.0435 gnorm=21.715 dnorm=7.305 nan=0
2026-10-04 14:09:28,824 epoch=179 step=5600 loss_G=1.8086 loss_D_A=0.3083 loss_D_B=0.1079 cycle=0.0857 idt=0.0426 gnorm=40.324 dnorm=8.650 nan=0
2026-10-04 14:09:43,903 epoch=179 step=5700 loss_G=2.4786 loss_D_A=0.1858 loss_D_B=0.2197 cycle=0.0982 idt=0.0595 gnorm=25.539 dnorm=8.438 nan=0
2026-10-04 14:09:59,096 epoch=179 step=5800 loss_G=1.8058 loss_D_A=0.0653 loss_D_B=0.1038 cycle=0.0646 idt=0.0385 gnorm=17.834 dnorm=7.970 nan=0
2026-10-04 14:10:14,195 epoch=179 step=5900 loss_G=1.7268 loss_D_A=0.0684 loss_D_B=0.0776 cycle=0.0631 idt=0.0354 gnorm=31.090 dnorm=7.101 nan=0
2026-10-04 14:10:29,442 epoch=179 step=6000 loss_G=2.2798 loss_D_A=0.1363 loss_D_B=0.0455 cycle=0.0778 idt=0.0531 gnorm=45.850 dnorm=8.196 nan=0
2026-10-04 14:10:44,784 epoch=179 step=6100 loss_G=2.3940 loss_D_A=0.0645 loss_D_B=0.2346 cycle=0.0740 idt=0.0398 gnorm=26.347 dnorm=14.123 nan=0
2026-10-04 14:11:00,039 epoch=179 step=6200 loss_G=2.0248 loss_D_A=0.0814 loss_D_B=0.1677 cycle=0.0573 idt=0.0327 gnorm=27.400 dnorm=9.092 nan=0
2026-10-04 14:11:14,734 epoch=179 step=6300 loss_G=1.8783 loss_D_A=0.1251 loss_D_B=0.2343 cycle=0.0673 idt=0.0460 gnorm=30.435 dnorm=13.456 nan=0
2026-10-04 14:11:29,892 epoch=179 step=6400 loss_G=2.5111 loss_D_A=0.0555 loss_D_B=0.0820 cycle=0.0739 idt=0.0459 gnorm=22.174 dnorm=7.672 nan=0
2026-10-04 14:11:35,640 epoch_mean={'g': 2.064741482457673, 'd_a': 0.1412117926368583, 'd_b': 0.14988045338408182, 'cycle': 0.07503776633246932, 'identity': 0.04735453079190451, 'epoch': 179}
2026-10-04 14:11:36,243 epoch=180 step=1 loss_G=3.2766 loss_D_A=0.0471 loss_D_B=0.0313 cycle=0.0896 idt=0.0574 gnorm=47.940 dnorm=3.228 nan=0
2026-10-04 14:11:51,439 epoch=180 step=100 loss_G=1.8135 loss_D_A=0.2155 loss_D_B=0.1384 cycle=0.0847 idt=0.0571 gnorm=25.780 dnorm=11.861 nan=0
2026-10-04 14:12:06,756 epoch=180 step=200 loss_G=2.5103 loss_D_A=0.1699 loss_D_B=0.1102 cycle=0.0860 idt=0.0534 gnorm=26.078 dnorm=8.944 nan=0
2026-10-04 14:12:22,106 epoch=180 step=300 loss_G=2.1044 loss_D_A=0.1508 loss_D_B=0.1208 cycle=0.0670 idt=0.0422 gnorm=31.044 dnorm=9.386 nan=0
2026-10-04 14:12:37,421 epoch=180 step=400 loss_G=2.5482 loss_D_A=0.1065 loss_D_B=0.1229 cycle=0.0755 idt=0.0409 gnorm=46.519 dnorm=8.045 nan=0
2026-10-04 14:12:52,671 epoch=180 step=500 loss_G=2.2362 loss_D_A=0.1471 loss_D_B=0.1747 cycle=0.0769 idt=0.0473 gnorm=43.349 dnorm=9.630 nan=0
2026-10-04 14:13:07,640 epoch=180 step=600 loss_G=1.6278 loss_D_A=0.2332 loss_D_B=0.0689 cycle=0.0798 idt=0.0479 gnorm=24.921 dnorm=7.960 nan=0
2026-10-04 14:13:22,672 epoch=180 step=700 loss_G=1.8597 loss_D_A=0.1512 loss_D_B=0.1885 cycle=0.0633 idt=0.0363 gnorm=23.822 dnorm=9.191 nan=0
2026-10-04 14:13:38,016 epoch=180 step=800 loss_G=2.1624 loss_D_A=0.0991 loss_D_B=0.1040 cycle=0.0593 idt=0.0392 gnorm=43.682 dnorm=7.548 nan=0
2026-10-04 14:13:52,764 epoch=180 step=900 loss_G=2.1968 loss_D_A=0.1907 loss_D_B=0.1076 cycle=0.0784 idt=0.0448 gnorm=38.157 dnorm=12.267 nan=0
2026-10-04 14:14:08,057 epoch=180 step=1000 loss_G=1.9892 loss_D_A=0.2285 loss_D_B=0.0869 cycle=0.0530 idt=0.0408 gnorm=32.349 dnorm=8.619 nan=0
2026-10-04 14:14:23,216 epoch=180 step=1100 loss_G=2.1026 loss_D_A=0.0724 loss_D_B=0.1235 cycle=0.0803 idt=0.0402 gnorm=29.441 dnorm=10.797 nan=0
2026-10-04 14:14:37,950 epoch=180 step=1200 loss_G=2.3760 loss_D_A=0.0361 loss_D_B=0.0983 cycle=0.0750 idt=0.0439 gnorm=19.003 dnorm=5.890 nan=0
2026-10-04 14:14:52,976 epoch=180 step=1300 loss_G=2.1355 loss_D_A=0.2462 loss_D_B=0.0468 cycle=0.0841 idt=0.0524 gnorm=36.630 dnorm=7.978 nan=0
2026-10-04 14:15:08,201 epoch=180 step=1400 loss_G=2.7613 loss_D_A=0.1288 loss_D_B=0.2919 cycle=0.0865 idt=0.0751 gnorm=26.178 dnorm=10.741 nan=0
2026-10-04 14:15:23,331 epoch=180 step=1500 loss_G=1.9115 loss_D_A=0.2067 loss_D_B=0.0842 cycle=0.0612 idt=0.0367 gnorm=22.199 dnorm=7.075 nan=0
2026-10-04 14:15:38,627 epoch=180 step=1600 loss_G=1.8052 loss_D_A=0.1164 loss_D_B=0.1525 cycle=0.0726 idt=0.0333 gnorm=41.223 dnorm=9.434 nan=0
2026-10-04 14:15:53,806 epoch=180 step=1700 loss_G=1.5953 loss_D_A=0.4152 loss_D_B=0.1494 cycle=0.0686 idt=0.0383 gnorm=25.435 dnorm=12.943 nan=0
2026-10-04 14:16:09,212 epoch=180 step=1800 loss_G=2.1791 loss_D_A=0.1870 loss_D_B=0.1994 cycle=0.0871 idt=0.0545 gnorm=30.988 dnorm=12.346 nan=0
2026-10-04 14:16:24,451 epoch=180 step=1900 loss_G=1.9310 loss_D_A=0.0624 loss_D_B=0.2117 cycle=0.0644 idt=0.0543 gnorm=29.444 dnorm=9.831 nan=0
2026-10-04 14:16:39,714 epoch=180 step=2000 loss_G=2.3785 loss_D_A=0.1894 loss_D_B=0.2469 cycle=0.0834 idt=0.0515 gnorm=22.777 dnorm=11.013 nan=0
2026-10-04 14:16:54,955 epoch=180 step=2100 loss_G=1.7992 loss_D_A=0.0947 loss_D_B=0.1788 cycle=0.0636 idt=0.0360 gnorm=26.069 dnorm=9.517 nan=0
2026-10-04 14:17:10,325 epoch=180 step=2200 loss_G=2.2370 loss_D_A=0.0635 loss_D_B=0.2268 cycle=0.0753 idt=0.0431 gnorm=26.845 dnorm=9.973 nan=0
2026-10-04 14:17:25,571 epoch=180 step=2300 loss_G=1.4640 loss_D_A=0.0530 loss_D_B=0.1768 cycle=0.0698 idt=0.0445 gnorm=17.572 dnorm=11.861 nan=0
2026-10-04 14:17:40,935 epoch=180 step=2400 loss_G=1.9756 loss_D_A=0.1570 loss_D_B=0.1218 cycle=0.0737 idt=0.0394 gnorm=37.196 dnorm=9.796 nan=0
2026-10-04 14:17:56,004 epoch=180 step=2500 loss_G=1.3780 loss_D_A=0.3134 loss_D_B=0.2134 cycle=0.0646 idt=0.0366 gnorm=37.295 dnorm=17.352 nan=0
2026-10-04 14:18:11,303 epoch=180 step=2600 loss_G=2.2542 loss_D_A=0.1495 loss_D_B=0.1173 cycle=0.0749 idt=0.0385 gnorm=31.951 dnorm=10.175 nan=0
2026-10-04 14:18:26,721 epoch=180 step=2700 loss_G=2.5759 loss_D_A=0.0832 loss_D_B=0.0818 cycle=0.0610 idt=0.0423 gnorm=36.712 dnorm=7.704 nan=0
2026-10-04 14:18:42,077 epoch=180 step=2800 loss_G=2.0701 loss_D_A=0.3016 loss_D_B=0.1367 cycle=0.0648 idt=0.0630 gnorm=39.535 dnorm=10.363 nan=0
2026-10-04 14:18:57,362 epoch=180 step=2900 loss_G=2.0495 loss_D_A=0.1427 loss_D_B=0.1247 cycle=0.0762 idt=0.0382 gnorm=36.018 dnorm=8.480 nan=0
2026-10-04 14:19:12,742 epoch=180 step=3000 loss_G=1.9792 loss_D_A=0.0503 loss_D_B=0.0661 cycle=0.0891 idt=0.0548 gnorm=33.688 dnorm=4.710 nan=0
2026-10-04 14:19:28,075 epoch=180 step=3100 loss_G=1.8550 loss_D_A=0.1459 loss_D_B=0.1489 cycle=0.0782 idt=0.0512 gnorm=36.857 dnorm=7.462 nan=0
2026-10-04 14:19:43,205 epoch=180 step=3200 loss_G=1.8795 loss_D_A=0.1470 loss_D_B=0.0902 cycle=0.0802 idt=0.0441 gnorm=34.367 dnorm=7.551 nan=0
2026-10-04 14:19:58,489 epoch=180 step=3300 loss_G=1.3812 loss_D_A=0.1084 loss_D_B=0.0832 cycle=0.0562 idt=0.0301 gnorm=33.760 dnorm=8.919 nan=0
2026-10-04 14:20:13,817 epoch=180 step=3400 loss_G=2.2133 loss_D_A=0.2094 loss_D_B=0.1375 cycle=0.1005 idt=0.0618 gnorm=24.854 dnorm=10.225 nan=0
2026-10-04 14:20:29,112 epoch=180 step=3500 loss_G=2.2203 loss_D_A=0.0690 loss_D_B=0.1857 cycle=0.0809 idt=0.0430 gnorm=45.428 dnorm=12.085 nan=0
2026-10-04 14:20:44,464 epoch=180 step=3600 loss_G=2.3593 loss_D_A=0.0913 loss_D_B=0.0686 cycle=0.0775 idt=0.0516 gnorm=48.349 dnorm=6.844 nan=0
2026-10-04 14:20:59,757 epoch=180 step=3700 loss_G=1.9420 loss_D_A=0.1895 loss_D_B=0.2771 cycle=0.0777 idt=0.0413 gnorm=21.775 dnorm=9.403 nan=0
2026-10-04 14:21:14,794 epoch=180 step=3800 loss_G=2.6581 loss_D_A=0.1184 loss_D_B=0.1255 cycle=0.0685 idt=0.0692 gnorm=34.124 dnorm=11.070 nan=0
2026-10-04 14:21:29,988 epoch=180 step=3900 loss_G=1.3970 loss_D_A=0.0762 loss_D_B=0.0337 cycle=0.0671 idt=0.0301 gnorm=14.742 dnorm=4.401 nan=0
2026-10-04 14:21:44,946 epoch=180 step=4000 loss_G=2.1048 loss_D_A=0.0459 loss_D_B=0.2177 cycle=0.0662 idt=0.0382 gnorm=23.032 dnorm=9.181 nan=0
2026-10-04 14:21:59,680 epoch=180 step=4100 loss_G=1.9044 loss_D_A=0.2536 loss_D_B=0.2596 cycle=0.0827 idt=0.0609 gnorm=24.542 dnorm=13.249 nan=0
2026-10-04 14:22:14,900 epoch=180 step=4200 loss_G=2.1372 loss_D_A=0.1661 loss_D_B=0.2541 cycle=0.0720 idt=0.0354 gnorm=32.413 dnorm=18.583 nan=0
2026-10-04 14:22:30,237 epoch=180 step=4300 loss_G=2.9098 loss_D_A=0.0960 loss_D_B=0.2813 cycle=0.1453 idt=0.0989 gnorm=47.925 dnorm=10.145 nan=0
2026-10-04 14:22:45,520 epoch=180 step=4400 loss_G=1.8111 loss_D_A=0.1759 loss_D_B=0.2849 cycle=0.0687 idt=0.0438 gnorm=12.208 dnorm=10.912 nan=0
2026-10-04 14:23:00,735 epoch=180 step=4500 loss_G=1.6455 loss_D_A=0.2020 loss_D_B=0.0391 cycle=0.0649 idt=0.0394 gnorm=19.011 dnorm=9.905 nan=0
2026-10-04 14:23:16,077 epoch=180 step=4600 loss_G=2.7351 loss_D_A=0.0694 loss_D_B=0.0996 cycle=0.1072 idt=0.0810 gnorm=29.994 dnorm=5.990 nan=0
2026-10-04 14:23:31,347 epoch=180 step=4700 loss_G=2.3392 loss_D_A=0.1197 loss_D_B=0.1360 cycle=0.1122 idt=0.0879 gnorm=47.962 dnorm=6.432 nan=0
2026-10-04 14:23:46,687 epoch=180 step=4800 loss_G=1.9485 loss_D_A=0.1278 loss_D_B=0.0910 cycle=0.0498 idt=0.0423 gnorm=24.206 dnorm=10.572 nan=0
2026-10-04 14:24:01,673 epoch=180 step=4900 loss_G=1.8765 loss_D_A=0.1483 loss_D_B=0.1246 cycle=0.0732 idt=0.0469 gnorm=18.253 dnorm=6.635 nan=0
2026-10-04 14:24:16,942 epoch=180 step=5000 loss_G=1.5969 loss_D_A=0.0920 loss_D_B=0.1186 cycle=0.0854 idt=0.0715 gnorm=37.723 dnorm=9.272 nan=0
2026-10-04 14:24:32,297 epoch=180 step=5100 loss_G=2.0453 loss_D_A=0.0459 loss_D_B=0.0610 cycle=0.0815 idt=0.0531 gnorm=41.593 dnorm=6.860 nan=0
2026-10-04 14:24:47,617 epoch=180 step=5200 loss_G=1.9320 loss_D_A=0.0948 loss_D_B=0.0623 cycle=0.0800 idt=0.0439 gnorm=13.698 dnorm=4.313 nan=0
2026-10-04 14:25:02,798 epoch=180 step=5300 loss_G=2.1597 loss_D_A=0.1254 loss_D_B=0.0542 cycle=0.0777 idt=0.0396 gnorm=34.840 dnorm=7.019 nan=0
2026-10-04 14:25:18,156 epoch=180 step=5400 loss_G=2.0191 loss_D_A=0.1855 loss_D_B=0.1061 cycle=0.0797 idt=0.0558 gnorm=28.041 dnorm=11.109 nan=0
2026-10-04 14:25:33,509 epoch=180 step=5500 loss_G=1.9733 loss_D_A=0.0864 loss_D_B=0.0463 cycle=0.0737 idt=0.0425 gnorm=37.754 dnorm=5.940 nan=0
2026-10-04 14:25:48,461 epoch=180 step=5600 loss_G=2.4087 loss_D_A=0.2829 loss_D_B=0.0975 cycle=0.0781 idt=0.0487 gnorm=42.333 dnorm=10.031 nan=0
2026-10-04 14:26:03,719 epoch=180 step=5700 loss_G=1.7542 loss_D_A=0.0454 loss_D_B=0.1585 cycle=0.0723 idt=0.0461 gnorm=23.253 dnorm=6.896 nan=0
2026-10-04 14:26:19,020 epoch=180 step=5800 loss_G=1.5996 loss_D_A=0.0769 loss_D_B=0.0685 cycle=0.0742 idt=0.0663 gnorm=32.682 dnorm=5.152 nan=0
2026-10-04 14:26:34,308 epoch=180 step=5900 loss_G=2.1204 loss_D_A=0.1877 loss_D_B=0.0748 cycle=0.0750 idt=0.0532 gnorm=36.098 dnorm=8.814 nan=0
2026-10-04 14:26:49,506 epoch=180 step=6000 loss_G=1.8718 loss_D_A=0.0941 loss_D_B=0.0975 cycle=0.0748 idt=0.0447 gnorm=29.087 dnorm=5.676 nan=0
2026-10-04 14:27:04,839 epoch=180 step=6100 loss_G=2.0282 loss_D_A=0.1036 loss_D_B=0.2351 cycle=0.0733 idt=0.0466 gnorm=35.128 dnorm=11.852 nan=0
2026-10-04 14:27:20,142 epoch=180 step=6200 loss_G=2.4274 loss_D_A=0.1355 loss_D_B=0.0812 cycle=0.0746 idt=0.0373 gnorm=36.995 dnorm=7.667 nan=0
2026-10-04 14:27:35,488 epoch=180 step=6300 loss_G=1.5627 loss_D_A=0.0608 loss_D_B=0.2632 cycle=0.0651 idt=0.0477 gnorm=22.986 dnorm=9.668 nan=0
2026-10-04 14:27:50,827 epoch=180 step=6400 loss_G=2.2229 loss_D_A=0.1594 loss_D_B=0.2584 cycle=0.0881 idt=0.0723 gnorm=41.774 dnorm=17.113 nan=0
2026-10-04 14:27:56,617 epoch_mean={'g': 2.05819177879388, 'd_a': 0.14173332183543996, 'd_b': 0.1521974097278852, 'cycle': 0.07454282980448121, 'identity': 0.046905242644988736, 'epoch': 180}
2026-10-04 14:27:57,540 epoch=181 step=1 loss_G=2.3586 loss_D_A=0.1199 loss_D_B=0.1058 cycle=0.0825 idt=0.0644 gnorm=38.591 dnorm=6.113 nan=0
2026-10-04 14:28:12,752 epoch=181 step=100 loss_G=2.3719 loss_D_A=0.1555 loss_D_B=0.0840 cycle=0.0823 idt=0.0462 gnorm=30.901 dnorm=6.592 nan=0
2026-10-04 14:28:28,157 epoch=181 step=200 loss_G=1.7575 loss_D_A=0.1830 loss_D_B=0.0405 cycle=0.0565 idt=0.0398 gnorm=18.554 dnorm=6.915 nan=0
2026-10-04 14:28:43,536 epoch=181 step=300 loss_G=3.1926 loss_D_A=0.1195 loss_D_B=0.2877 cycle=0.1116 idt=0.0721 gnorm=40.657 dnorm=11.600 nan=0
2026-10-04 14:28:58,856 epoch=181 step=400 loss_G=2.2317 loss_D_A=0.1921 loss_D_B=0.1548 cycle=0.1004 idt=0.0688 gnorm=45.691 dnorm=12.398 nan=0
2026-10-04 14:29:14,058 epoch=181 step=500 loss_G=2.3182 loss_D_A=0.1738 loss_D_B=0.1240 cycle=0.0767 idt=0.0470 gnorm=29.115 dnorm=8.246 nan=0
2026-10-04 14:29:29,426 epoch=181 step=600 loss_G=2.4479 loss_D_A=0.2593 loss_D_B=0.1700 cycle=0.0882 idt=0.0505 gnorm=28.912 dnorm=8.772 nan=0
2026-10-04 14:29:44,779 epoch=181 step=700 loss_G=2.4246 loss_D_A=0.0725 loss_D_B=0.0762 cycle=0.0964 idt=0.0738 gnorm=39.985 dnorm=7.478 nan=0
2026-10-04 14:30:00,042 epoch=181 step=800 loss_G=1.6455 loss_D_A=0.0771 loss_D_B=0.1658 cycle=0.0690 idt=0.0514 gnorm=27.567 dnorm=8.859 nan=0
2026-10-04 14:30:15,388 epoch=181 step=900 loss_G=1.9835 loss_D_A=0.0692 loss_D_B=0.1916 cycle=0.0721 idt=0.0443 gnorm=30.032 dnorm=10.039 nan=0
2026-10-04 14:30:30,722 epoch=181 step=1000 loss_G=2.4913 loss_D_A=0.1193 loss_D_B=0.1582 cycle=0.0726 idt=0.0387 gnorm=36.144 dnorm=7.151 nan=0
2026-10-04 14:30:45,999 epoch=181 step=1100 loss_G=1.8928 loss_D_A=0.1678 loss_D_B=0.2129 cycle=0.0747 idt=0.0454 gnorm=28.433 dnorm=9.813 nan=0
2026-10-04 14:31:01,312 epoch=181 step=1200 loss_G=1.5648 loss_D_A=0.0973 loss_D_B=0.0870 cycle=0.0778 idt=0.0511 gnorm=30.395 dnorm=7.235 nan=0
2026-10-04 14:31:16,460 epoch=181 step=1300 loss_G=1.8651 loss_D_A=0.1241 loss_D_B=0.1531 cycle=0.0794 idt=0.0497 gnorm=35.928 dnorm=10.650 nan=0
2026-10-04 14:31:31,526 epoch=181 step=1400 loss_G=2.2837 loss_D_A=0.1389 loss_D_B=0.0644 cycle=0.0757 idt=0.0403 gnorm=17.947 dnorm=6.812 nan=0
2026-10-04 14:31:46,593 epoch=181 step=1500 loss_G=2.6933 loss_D_A=0.3181 loss_D_B=0.2138 cycle=0.0702 idt=0.0423 gnorm=25.569 dnorm=12.283 nan=0
2026-10-04 14:32:01,942 epoch=181 step=1600 loss_G=1.6718 loss_D_A=0.0425 loss_D_B=0.1144 cycle=0.0503 idt=0.0412 gnorm=27.505 dnorm=5.969 nan=0
2026-10-04 14:32:17,230 epoch=181 step=1700 loss_G=1.8266 loss_D_A=0.0702 loss_D_B=0.1122 cycle=0.0637 idt=0.0380 gnorm=20.839 dnorm=9.902 nan=0
2026-10-04 14:32:32,530 epoch=181 step=1800 loss_G=2.4214 loss_D_A=0.0211 loss_D_B=0.2020 cycle=0.0754 idt=0.0482 gnorm=36.832 dnorm=5.417 nan=0
2026-10-04 14:32:47,919 epoch=181 step=1900 loss_G=2.1620 loss_D_A=0.0597 loss_D_B=0.1941 cycle=0.0702 idt=0.0416 gnorm=29.581 dnorm=7.493 nan=0
2026-10-04 14:33:03,188 epoch=181 step=2000 loss_G=1.2047 loss_D_A=0.0589 loss_D_B=0.0328 cycle=0.0652 idt=0.0431 gnorm=19.041 dnorm=4.309 nan=0
2026-10-04 14:33:18,483 epoch=181 step=2100 loss_G=1.7375 loss_D_A=0.1146 loss_D_B=0.1116 cycle=0.0868 idt=0.0480 gnorm=39.711 dnorm=7.868 nan=0
2026-10-04 14:33:33,396 epoch=181 step=2200 loss_G=2.1008 loss_D_A=0.1947 loss_D_B=0.0979 cycle=0.0783 idt=0.0441 gnorm=25.316 dnorm=9.887 nan=0
2026-10-04 14:33:48,170 epoch=181 step=2300 loss_G=1.8069 loss_D_A=0.1326 loss_D_B=0.1141 cycle=0.0579 idt=0.0409 gnorm=26.695 dnorm=8.088 nan=0
2026-10-04 14:34:03,355 epoch=181 step=2400 loss_G=1.8897 loss_D_A=0.2656 loss_D_B=0.0612 cycle=0.0856 idt=0.0619 gnorm=26.060 dnorm=9.705 nan=0
2026-10-04 14:34:18,543 epoch=181 step=2500 loss_G=2.3365 loss_D_A=0.1503 loss_D_B=0.0693 cycle=0.0622 idt=0.0422 gnorm=23.992 dnorm=8.426 nan=0
2026-10-04 14:34:33,835 epoch=181 step=2600 loss_G=2.3699 loss_D_A=0.0325 loss_D_B=0.0907 cycle=0.0830 idt=0.0494 gnorm=35.581 dnorm=5.137 nan=0
2026-10-04 14:34:49,142 epoch=181 step=2700 loss_G=2.1688 loss_D_A=0.2281 loss_D_B=0.0904 cycle=0.0714 idt=0.0416 gnorm=17.393 dnorm=13.622 nan=0
2026-10-04 14:35:04,479 epoch=181 step=2800 loss_G=1.6966 loss_D_A=0.0369 loss_D_B=0.1014 cycle=0.0680 idt=0.0469 gnorm=26.106 dnorm=7.081 nan=0
2026-10-04 14:35:19,734 epoch=181 step=2900 loss_G=1.7684 loss_D_A=0.1444 loss_D_B=0.0709 cycle=0.0647 idt=0.0322 gnorm=25.740 dnorm=8.986 nan=0
2026-10-04 14:35:34,913 epoch=181 step=3000 loss_G=2.1272 loss_D_A=0.2028 loss_D_B=0.2307 cycle=0.0730 idt=0.0413 gnorm=20.836 dnorm=11.557 nan=0
2026-10-04 14:35:50,096 epoch=181 step=3100 loss_G=1.2558 loss_D_A=0.0890 loss_D_B=0.0882 cycle=0.0593 idt=0.0421 gnorm=26.326 dnorm=6.940 nan=0
2026-10-04 14:36:05,359 epoch=181 step=3200 loss_G=2.3146 loss_D_A=0.1634 loss_D_B=0.0933 cycle=0.0740 idt=0.0478 gnorm=26.676 dnorm=8.125 nan=0
2026-10-04 14:36:20,676 epoch=181 step=3300 loss_G=2.3711 loss_D_A=0.1862 loss_D_B=0.0588 cycle=0.0807 idt=0.0673 gnorm=24.173 dnorm=9.057 nan=0
2026-10-04 14:36:36,065 epoch=181 step=3400 loss_G=1.9948 loss_D_A=0.0575 loss_D_B=0.0973 cycle=0.0832 idt=0.0491 gnorm=26.809 dnorm=7.861 nan=0
2026-10-04 14:36:51,362 epoch=181 step=3500 loss_G=1.6007 loss_D_A=0.1772 loss_D_B=0.0684 cycle=0.0708 idt=0.0403 gnorm=28.523 dnorm=6.438 nan=0
2026-10-04 14:37:06,461 epoch=181 step=3600 loss_G=2.4312 loss_D_A=0.0973 loss_D_B=0.1193 cycle=0.0745 idt=0.0433 gnorm=27.206 dnorm=6.189 nan=0
2026-10-04 14:37:21,803 epoch=181 step=3700 loss_G=2.0404 loss_D_A=0.1495 loss_D_B=0.1744 cycle=0.0826 idt=0.0546 gnorm=19.993 dnorm=11.440 nan=0
2026-10-04 14:37:36,903 epoch=181 step=3800 loss_G=1.8425 loss_D_A=0.0940 loss_D_B=0.1895 cycle=0.0727 idt=0.0426 gnorm=21.444 dnorm=9.223 nan=0
2026-10-04 14:37:52,018 epoch=181 step=3900 loss_G=3.0498 loss_D_A=0.0627 loss_D_B=0.1212 cycle=0.0796 idt=0.0483 gnorm=26.842 dnorm=4.366 nan=0
2026-10-04 14:38:07,413 epoch=181 step=4000 loss_G=1.7764 loss_D_A=0.2803 loss_D_B=0.2046 cycle=0.0871 idt=0.0528 gnorm=20.947 dnorm=11.314 nan=0
2026-10-04 14:38:22,701 epoch=181 step=4100 loss_G=1.8482 loss_D_A=0.1456 loss_D_B=0.1398 cycle=0.0778 idt=0.0656 gnorm=39.772 dnorm=8.460 nan=0
2026-10-04 14:38:37,964 epoch=181 step=4200 loss_G=2.1832 loss_D_A=0.1279 loss_D_B=0.3713 cycle=0.0824 idt=0.0537 gnorm=32.340 dnorm=11.463 nan=0
2026-10-04 14:38:53,300 epoch=181 step=4300 loss_G=2.0790 loss_D_A=0.0938 loss_D_B=0.1234 cycle=0.0822 idt=0.0526 gnorm=30.473 dnorm=11.790 nan=0
2026-10-04 14:39:07,968 epoch=181 step=4400 loss_G=2.1105 loss_D_A=0.2565 loss_D_B=0.0953 cycle=0.0765 idt=0.0517 gnorm=39.622 dnorm=7.986 nan=0
2026-10-04 14:39:23,213 epoch=181 step=4500 loss_G=1.9698 loss_D_A=0.1177 loss_D_B=0.1819 cycle=0.0758 idt=0.0450 gnorm=27.806 dnorm=8.879 nan=0
2026-10-04 14:39:38,394 epoch=181 step=4600 loss_G=1.5944 loss_D_A=0.0618 loss_D_B=0.1651 cycle=0.0646 idt=0.0400 gnorm=34.921 dnorm=6.518 nan=0
2026-10-04 14:39:53,323 epoch=181 step=4700 loss_G=2.6961 loss_D_A=0.1938 loss_D_B=0.0392 cycle=0.0777 idt=0.0491 gnorm=26.795 dnorm=12.334 nan=0
2026-10-04 14:40:08,552 epoch=181 step=4800 loss_G=2.8359 loss_D_A=0.0327 loss_D_B=0.0987 cycle=0.0616 idt=0.0354 gnorm=33.146 dnorm=4.827 nan=0
2026-10-04 14:40:23,917 epoch=181 step=4900 loss_G=2.0597 loss_D_A=0.0786 loss_D_B=0.0715 cycle=0.0753 idt=0.0435 gnorm=21.577 dnorm=6.498 nan=0
2026-10-04 14:40:39,248 epoch=181 step=5000 loss_G=1.5441 loss_D_A=0.3564 loss_D_B=0.0654 cycle=0.0529 idt=0.0277 gnorm=21.714 dnorm=9.293 nan=0
2026-10-04 14:40:54,483 epoch=181 step=5100 loss_G=1.7891 loss_D_A=0.2078 loss_D_B=0.1721 cycle=0.0796 idt=0.0478 gnorm=16.096 dnorm=11.678 nan=0
2026-10-04 14:41:09,833 epoch=181 step=5200 loss_G=2.3055 loss_D_A=0.1768 loss_D_B=0.1011 cycle=0.0697 idt=0.0397 gnorm=34.134 dnorm=9.447 nan=0
2026-10-04 14:41:25,126 epoch=181 step=5300 loss_G=2.0632 loss_D_A=0.1430 loss_D_B=0.1687 cycle=0.0820 idt=0.0569 gnorm=19.915 dnorm=8.206 nan=0
2026-10-04 14:41:40,382 epoch=181 step=5400 loss_G=2.2770 loss_D_A=0.2303 loss_D_B=0.0672 cycle=0.0747 idt=0.0435 gnorm=35.139 dnorm=13.959 nan=0
2026-10-04 14:41:55,722 epoch=181 step=5500 loss_G=2.5196 loss_D_A=0.1132 loss_D_B=0.0958 cycle=0.0819 idt=0.0507 gnorm=30.994 dnorm=7.724 nan=0
2026-10-04 14:42:11,035 epoch=181 step=5600 loss_G=1.9421 loss_D_A=0.1787 loss_D_B=0.1351 cycle=0.0688 idt=0.0365 gnorm=25.248 dnorm=10.566 nan=0
2026-10-04 14:42:26,292 epoch=181 step=5700 loss_G=2.0753 loss_D_A=0.1142 loss_D_B=0.0636 cycle=0.0842 idt=0.0523 gnorm=21.887 dnorm=8.614 nan=0
2026-10-04 14:42:41,628 epoch=181 step=5800 loss_G=2.0252 loss_D_A=0.2889 loss_D_B=0.0912 cycle=0.0792 idt=0.0515 gnorm=22.142 dnorm=9.244 nan=0
2026-10-04 14:42:56,972 epoch=181 step=5900 loss_G=1.5627 loss_D_A=0.2106 loss_D_B=0.2225 cycle=0.0681 idt=0.0409 gnorm=31.366 dnorm=10.123 nan=0
2026-10-04 14:43:12,274 epoch=181 step=6000 loss_G=3.2324 loss_D_A=0.1462 loss_D_B=0.1540 cycle=0.1020 idt=0.0461 gnorm=46.767 dnorm=12.986 nan=0
2026-10-04 14:43:27,669 epoch=181 step=6100 loss_G=1.5701 loss_D_A=0.2574 loss_D_B=0.0903 cycle=0.0612 idt=0.0514 gnorm=24.928 dnorm=10.466 nan=0
2026-10-04 14:43:42,567 epoch=181 step=6200 loss_G=2.3877 loss_D_A=0.1917 loss_D_B=0.0551 cycle=0.0690 idt=0.0316 gnorm=38.137 dnorm=8.681 nan=0
2026-10-04 14:43:57,527 epoch=181 step=6300 loss_G=1.6667 loss_D_A=0.0472 loss_D_B=0.1508 cycle=0.0654 idt=0.0398 gnorm=22.283 dnorm=8.658 nan=0
2026-10-04 14:44:12,739 epoch=181 step=6400 loss_G=1.9072 loss_D_A=0.1435 loss_D_B=0.0766 cycle=0.0846 idt=0.0566 gnorm=34.991 dnorm=7.953 nan=0
2026-10-04 14:44:18,556 epoch_mean={'g': 2.0677949467517087, 'd_a': 0.14011191788501864, 'd_b': 0.1498934890069218, 'cycle': 0.0743951196069116, 'identity': 0.04642520464885009, 'epoch': 181}
2026-10-04 14:44:19,167 epoch=182 step=1 loss_G=1.8174 loss_D_A=0.1209 loss_D_B=0.2605 cycle=0.0724 idt=0.0395 gnorm=25.783 dnorm=27.804 nan=0
2026-10-04 14:44:34,329 epoch=182 step=100 loss_G=2.5891 loss_D_A=0.0805 loss_D_B=0.1831 cycle=0.0811 idt=0.0527 gnorm=20.240 dnorm=6.875 nan=0
2026-10-04 14:44:49,642 epoch=182 step=200 loss_G=2.6946 loss_D_A=0.0899 loss_D_B=0.0742 cycle=0.0619 idt=0.0359 gnorm=28.307 dnorm=7.852 nan=0
2026-10-04 14:45:05,113 epoch=182 step=300 loss_G=1.7825 loss_D_A=0.1200 loss_D_B=0.0724 cycle=0.0770 idt=0.0380 gnorm=37.881 dnorm=6.232 nan=0
2026-10-04 14:45:20,381 epoch=182 step=400 loss_G=2.4314 loss_D_A=0.0569 loss_D_B=0.0933 cycle=0.0749 idt=0.0474 gnorm=25.216 dnorm=5.510 nan=0
2026-10-04 14:45:35,671 epoch=182 step=500 loss_G=1.4913 loss_D_A=0.2715 loss_D_B=0.1545 cycle=0.0708 idt=0.0475 gnorm=24.317 dnorm=16.027 nan=0
2026-10-04 14:45:50,921 epoch=182 step=600 loss_G=1.6538 loss_D_A=0.1321 loss_D_B=0.1252 cycle=0.0666 idt=0.0353 gnorm=24.444 dnorm=7.468 nan=0
2026-10-04 14:46:06,270 epoch=182 step=700 loss_G=2.4003 loss_D_A=0.0595 loss_D_B=0.1970 cycle=0.0850 idt=0.0505 gnorm=31.164 dnorm=8.332 nan=0
2026-10-04 14:46:21,484 epoch=182 step=800 loss_G=2.8060 loss_D_A=0.1565 loss_D_B=0.1012 cycle=0.0777 idt=0.0579 gnorm=32.311 dnorm=9.398 nan=0
2026-10-04 14:46:36,592 epoch=182 step=900 loss_G=1.9448 loss_D_A=0.0817 loss_D_B=0.0487 cycle=0.0602 idt=0.0447 gnorm=30.742 dnorm=5.645 nan=0
2026-10-04 14:46:51,897 epoch=182 step=1000 loss_G=1.6166 loss_D_A=0.1290 loss_D_B=0.0760 cycle=0.0552 idt=0.0400 gnorm=23.166 dnorm=11.544 nan=0
2026-10-04 14:47:07,264 epoch=182 step=1100 loss_G=2.5802 loss_D_A=0.0995 loss_D_B=0.1720 cycle=0.0726 idt=0.0426 gnorm=38.103 dnorm=7.596 nan=0
2026-10-04 14:47:22,321 epoch=182 step=1200 loss_G=2.3724 loss_D_A=0.2614 loss_D_B=0.2048 cycle=0.0803 idt=0.0451 gnorm=24.127 dnorm=12.112 nan=0
2026-10-04 14:47:37,645 epoch=182 step=1300 loss_G=2.0825 loss_D_A=0.2366 loss_D_B=0.0604 cycle=0.0694 idt=0.0487 gnorm=28.108 dnorm=8.562 nan=0
2026-10-04 14:47:52,956 epoch=182 step=1400 loss_G=1.8937 loss_D_A=0.2095 loss_D_B=0.1117 cycle=0.0666 idt=0.0386 gnorm=21.560 dnorm=8.941 nan=0
2026-10-04 14:48:08,101 epoch=182 step=1500 loss_G=2.0486 loss_D_A=0.0956 loss_D_B=0.3383 cycle=0.0848 idt=0.0568 gnorm=34.996 dnorm=11.571 nan=0
2026-10-04 14:48:23,390 epoch=182 step=1600 loss_G=1.9294 loss_D_A=0.1434 loss_D_B=0.2326 cycle=0.0776 idt=0.0458 gnorm=29.818 dnorm=10.102 nan=0
2026-10-04 14:48:38,562 epoch=182 step=1700 loss_G=1.8910 loss_D_A=0.1247 loss_D_B=0.2351 cycle=0.0762 idt=0.0457 gnorm=23.690 dnorm=13.794 nan=0
2026-10-04 14:48:53,787 epoch=182 step=1800 loss_G=2.0426 loss_D_A=0.0702 loss_D_B=0.1104 cycle=0.0866 idt=0.0400 gnorm=36.534 dnorm=9.727 nan=0
2026-10-04 14:49:08,838 epoch=182 step=1900 loss_G=2.1289 loss_D_A=0.2126 loss_D_B=0.1171 cycle=0.0644 idt=0.0348 gnorm=39.078 dnorm=10.745 nan=0
2026-10-04 14:49:24,185 epoch=182 step=2000 loss_G=2.4973 loss_D_A=0.2053 loss_D_B=0.1827 cycle=0.0794 idt=0.0488 gnorm=27.769 dnorm=8.032 nan=0
2026-10-04 14:49:39,230 epoch=182 step=2100 loss_G=1.7159 loss_D_A=0.1442 loss_D_B=0.1653 cycle=0.0636 idt=0.0376 gnorm=27.174 dnorm=6.775 nan=0
2026-10-04 14:49:54,526 epoch=182 step=2200 loss_G=1.9899 loss_D_A=0.0627 loss_D_B=0.1394 cycle=0.0844 idt=0.0493 gnorm=23.183 dnorm=6.830 nan=0
2026-10-04 14:50:09,289 epoch=182 step=2300 loss_G=1.9965 loss_D_A=0.1973 loss_D_B=0.2890 cycle=0.0685 idt=0.0402 gnorm=40.923 dnorm=8.281 nan=0
2026-10-04 14:50:24,621 epoch=182 step=2400 loss_G=2.0474 loss_D_A=0.1663 loss_D_B=0.1856 cycle=0.0786 idt=0.0595 gnorm=23.170 dnorm=8.819 nan=0
2026-10-04 14:50:39,607 epoch=182 step=2500 loss_G=2.0331 loss_D_A=0.0726 loss_D_B=0.1434 cycle=0.0742 idt=0.0461 gnorm=29.661 dnorm=6.496 nan=0
2026-10-04 14:50:54,962 epoch=182 step=2600 loss_G=1.3436 loss_D_A=0.1331 loss_D_B=0.1184 cycle=0.0540 idt=0.0332 gnorm=27.907 dnorm=5.996 nan=0
2026-10-04 14:51:10,163 epoch=182 step=2700 loss_G=2.6353 loss_D_A=0.3039 loss_D_B=0.1216 cycle=0.0785 idt=0.0348 gnorm=34.058 dnorm=19.345 nan=0
2026-10-04 14:51:25,475 epoch=182 step=2800 loss_G=1.6412 loss_D_A=0.1549 loss_D_B=0.2088 cycle=0.0514 idt=0.0297 gnorm=20.644 dnorm=14.939 nan=0
2026-10-04 14:51:40,813 epoch=182 step=2900 loss_G=2.4105 loss_D_A=0.3117 loss_D_B=0.0492 cycle=0.0801 idt=0.0537 gnorm=43.471 dnorm=10.205 nan=0
2026-10-04 14:51:56,148 epoch=182 step=3000 loss_G=2.4673 loss_D_A=0.1309 loss_D_B=0.1681 cycle=0.0657 idt=0.0351 gnorm=31.597 dnorm=8.083 nan=0
2026-10-04 14:52:11,431 epoch=182 step=3100 loss_G=1.8118 loss_D_A=0.0956 loss_D_B=0.3259 cycle=0.0733 idt=0.0439 gnorm=24.119 dnorm=9.190 nan=0
2026-10-04 14:52:26,754 epoch=182 step=3200 loss_G=2.3930 loss_D_A=0.1003 loss_D_B=0.2085 cycle=0.0849 idt=0.0536 gnorm=22.952 dnorm=8.053 nan=0
2026-10-04 14:52:42,074 epoch=182 step=3300 loss_G=2.0522 loss_D_A=0.1501 loss_D_B=0.1487 cycle=0.0677 idt=0.0470 gnorm=52.473 dnorm=7.577 nan=0
2026-10-04 14:52:57,128 epoch=182 step=3400 loss_G=2.0424 loss_D_A=0.2992 loss_D_B=0.0697 cycle=0.0788 idt=0.0439 gnorm=37.169 dnorm=12.682 nan=0
2026-10-04 14:53:12,498 epoch=182 step=3500 loss_G=1.4289 loss_D_A=0.3024 loss_D_B=0.0470 cycle=0.0634 idt=0.0491 gnorm=38.668 dnorm=14.621 nan=0
2026-10-04 14:53:27,833 epoch=182 step=3600 loss_G=1.7170 loss_D_A=0.1504 loss_D_B=0.2627 cycle=0.0690 idt=0.0431 gnorm=22.638 dnorm=10.088 nan=0
2026-10-04 14:53:43,096 epoch=182 step=3700 loss_G=2.1562 loss_D_A=0.2156 loss_D_B=0.1026 cycle=0.0889 idt=0.0590 gnorm=18.963 dnorm=7.108 nan=0
2026-10-04 14:53:58,464 epoch=182 step=3800 loss_G=2.0583 loss_D_A=0.1319 loss_D_B=0.0639 cycle=0.0988 idt=0.0574 gnorm=45.468 dnorm=6.725 nan=0
2026-10-04 14:54:13,773 epoch=182 step=3900 loss_G=2.7507 loss_D_A=0.1152 loss_D_B=0.1242 cycle=0.0893 idt=0.0503 gnorm=29.078 dnorm=8.956 nan=0
2026-10-04 14:54:29,054 epoch=182 step=4000 loss_G=1.8775 loss_D_A=0.2037 loss_D_B=0.1591 cycle=0.0538 idt=0.0556 gnorm=34.904 dnorm=7.714 nan=0
2026-10-04 14:54:44,440 epoch=182 step=4100 loss_G=1.8047 loss_D_A=0.2992 loss_D_B=0.1163 cycle=0.0581 idt=0.0359 gnorm=39.233 dnorm=18.728 nan=0
2026-10-04 14:54:59,746 epoch=182 step=4200 loss_G=2.0267 loss_D_A=0.0521 loss_D_B=0.0499 cycle=0.0672 idt=0.0331 gnorm=34.416 dnorm=7.327 nan=0
2026-10-04 14:55:15,029 epoch=182 step=4300 loss_G=2.0295 loss_D_A=0.0642 loss_D_B=0.0847 cycle=0.0830 idt=0.0590 gnorm=35.442 dnorm=7.517 nan=0
2026-10-04 14:55:30,390 epoch=182 step=4400 loss_G=1.8873 loss_D_A=0.1412 loss_D_B=0.1699 cycle=0.0695 idt=0.0407 gnorm=40.428 dnorm=10.874 nan=0
2026-10-04 14:55:45,734 epoch=182 step=4500 loss_G=1.7432 loss_D_A=0.0584 loss_D_B=0.0600 cycle=0.0621 idt=0.0495 gnorm=28.601 dnorm=4.560 nan=0
2026-10-04 14:56:01,025 epoch=182 step=4600 loss_G=2.2429 loss_D_A=0.2053 loss_D_B=0.1413 cycle=0.0696 idt=0.0426 gnorm=28.412 dnorm=10.265 nan=0
2026-10-04 14:56:16,393 epoch=182 step=4700 loss_G=3.6744 loss_D_A=0.2268 loss_D_B=0.0782 cycle=0.1165 idt=0.1071 gnorm=49.896 dnorm=6.785 nan=0
2026-10-04 14:56:31,718 epoch=182 step=4800 loss_G=2.1217 loss_D_A=0.0778 loss_D_B=0.1012 cycle=0.0682 idt=0.0383 gnorm=24.380 dnorm=6.391 nan=0
2026-10-04 14:56:47,039 epoch=182 step=4900 loss_G=1.8735 loss_D_A=0.0367 loss_D_B=0.0723 cycle=0.0672 idt=0.0359 gnorm=23.174 dnorm=6.797 nan=0
2026-10-04 14:57:02,392 epoch=182 step=5000 loss_G=1.8084 loss_D_A=0.1129 loss_D_B=0.1953 cycle=0.0640 idt=0.0391 gnorm=31.892 dnorm=10.551 nan=0
2026-10-04 14:57:17,728 epoch=182 step=5100 loss_G=2.3973 loss_D_A=0.0935 loss_D_B=0.1233 cycle=0.0657 idt=0.0882 gnorm=33.202 dnorm=9.838 nan=0
2026-10-04 14:57:32,788 epoch=182 step=5200 loss_G=1.3382 loss_D_A=0.0303 loss_D_B=0.1110 cycle=0.0546 idt=0.0374 gnorm=24.521 dnorm=8.158 nan=0
2026-10-04 14:57:47,661 epoch=182 step=5300 loss_G=2.1782 loss_D_A=0.3088 loss_D_B=0.1634 cycle=0.0794 idt=0.0568 gnorm=27.639 dnorm=10.853 nan=0
2026-10-04 14:58:02,710 epoch=182 step=5400 loss_G=1.5038 loss_D_A=0.2538 loss_D_B=0.2054 cycle=0.0737 idt=0.0376 gnorm=42.460 dnorm=10.747 nan=0
2026-10-04 14:58:18,061 epoch=182 step=5500 loss_G=1.7068 loss_D_A=0.1396 loss_D_B=0.0714 cycle=0.0595 idt=0.0351 gnorm=25.812 dnorm=6.938 nan=0
2026-10-04 14:58:33,412 epoch=182 step=5600 loss_G=2.5308 loss_D_A=0.0349 loss_D_B=0.1487 cycle=0.0913 idt=0.0742 gnorm=32.346 dnorm=5.553 nan=0
2026-10-04 14:58:48,207 epoch=182 step=5700 loss_G=1.5531 loss_D_A=0.1439 loss_D_B=0.2103 cycle=0.0734 idt=0.0405 gnorm=39.626 dnorm=8.713 nan=0
2026-10-04 14:59:03,501 epoch=182 step=5800 loss_G=1.9665 loss_D_A=0.3477 loss_D_B=0.1106 cycle=0.0872 idt=0.0567 gnorm=39.657 dnorm=9.029 nan=0
2026-10-04 14:59:18,758 epoch=182 step=5900 loss_G=2.2918 loss_D_A=0.0547 loss_D_B=0.2082 cycle=0.0811 idt=0.0554 gnorm=19.901 dnorm=6.987 nan=0
2026-10-04 14:59:33,994 epoch=182 step=6000 loss_G=1.5307 loss_D_A=0.1061 loss_D_B=0.1279 cycle=0.0711 idt=0.0498 gnorm=23.113 dnorm=7.521 nan=0
2026-10-04 14:59:49,113 epoch=182 step=6100 loss_G=1.6331 loss_D_A=0.0566 loss_D_B=0.2785 cycle=0.0673 idt=0.0443 gnorm=22.032 dnorm=6.846 nan=0
2026-10-04 15:00:04,172 epoch=182 step=6200 loss_G=1.5858 loss_D_A=0.1120 loss_D_B=0.1297 cycle=0.0544 idt=0.0298 gnorm=19.353 dnorm=11.499 nan=0
2026-10-04 15:00:19,486 epoch=182 step=6300 loss_G=1.5432 loss_D_A=0.2098 loss_D_B=0.1383 cycle=0.0650 idt=0.0343 gnorm=22.678 dnorm=13.055 nan=0
2026-10-04 15:00:34,782 epoch=182 step=6400 loss_G=3.7247 loss_D_A=0.1982 loss_D_B=0.1098 cycle=0.1287 idt=0.1211 gnorm=47.431 dnorm=8.500 nan=0
2026-10-04 15:00:40,637 epoch_mean={'g': 2.070868585449674, 'd_a': 0.14021570988418375, 'd_b': 0.14871765686585023, 'cycle': 0.07415278500820324, 'identity': 0.045959202463340225, 'epoch': 182}
2026-10-04 15:00:41,267 epoch=183 step=1 loss_G=2.1057 loss_D_A=0.0449 loss_D_B=0.2007 cycle=0.0838 idt=0.0487 gnorm=32.570 dnorm=8.646 nan=0
2026-10-04 15:00:56,353 epoch=183 step=100 loss_G=1.6297 loss_D_A=0.1678 loss_D_B=0.1755 cycle=0.0677 idt=0.0423 gnorm=20.785 dnorm=8.352 nan=0
2026-10-04 15:01:11,730 epoch=183 step=200 loss_G=2.4483 loss_D_A=0.1969 loss_D_B=0.0909 cycle=0.1197 idt=0.0772 gnorm=43.854 dnorm=10.598 nan=0
2026-10-04 15:01:26,831 epoch=183 step=300 loss_G=2.4320 loss_D_A=0.0520 loss_D_B=0.1972 cycle=0.0733 idt=0.0405 gnorm=31.102 dnorm=6.084 nan=0
2026-10-04 15:01:42,165 epoch=183 step=400 loss_G=1.5766 loss_D_A=0.0946 loss_D_B=0.0543 cycle=0.0637 idt=0.0343 gnorm=26.900 dnorm=5.007 nan=0
2026-10-04 15:01:57,436 epoch=183 step=500 loss_G=2.1810 loss_D_A=0.1350 loss_D_B=0.1044 cycle=0.0800 idt=0.0434 gnorm=36.536 dnorm=7.996 nan=0
2026-10-04 15:02:12,730 epoch=183 step=600 loss_G=1.8014 loss_D_A=0.1783 loss_D_B=0.1209 cycle=0.0825 idt=0.0508 gnorm=24.532 dnorm=8.585 nan=0
2026-10-04 15:02:27,478 epoch=183 step=700 loss_G=1.8301 loss_D_A=0.2233 loss_D_B=0.0851 cycle=0.0680 idt=0.0362 gnorm=28.717 dnorm=9.416 nan=0
2026-10-04 15:02:42,845 epoch=183 step=800 loss_G=2.4287 loss_D_A=0.0653 loss_D_B=0.0463 cycle=0.0761 idt=0.0453 gnorm=27.909 dnorm=4.380 nan=0
2026-10-04 15:02:58,121 epoch=183 step=900 loss_G=2.0210 loss_D_A=0.1447 loss_D_B=0.1446 cycle=0.0677 idt=0.0394 gnorm=21.973 dnorm=8.878 nan=0
2026-10-04 15:03:13,427 epoch=183 step=1000 loss_G=2.3267 loss_D_A=0.2542 loss_D_B=0.0270 cycle=0.0734 idt=0.0407 gnorm=40.583 dnorm=11.046 nan=0
2026-10-04 15:03:28,577 epoch=183 step=1100 loss_G=1.6599 loss_D_A=0.0717 loss_D_B=0.2205 cycle=0.0778 idt=0.0524 gnorm=22.812 dnorm=10.124 nan=0
2026-10-04 15:03:43,876 epoch=183 step=1200 loss_G=1.8904 loss_D_A=0.1473 loss_D_B=0.0614 cycle=0.0568 idt=0.0481 gnorm=40.698 dnorm=7.849 nan=0
2026-10-04 15:03:59,129 epoch=183 step=1300 loss_G=1.7761 loss_D_A=0.0566 loss_D_B=0.1937 cycle=0.0917 idt=0.0512 gnorm=43.274 dnorm=7.851 nan=0
2026-10-04 15:04:14,331 epoch=183 step=1400 loss_G=2.0398 loss_D_A=0.0418 loss_D_B=0.0986 cycle=0.0679 idt=0.0419 gnorm=19.162 dnorm=6.014 nan=0
2026-10-04 15:04:29,688 epoch=183 step=1500 loss_G=1.3825 loss_D_A=0.1061 loss_D_B=0.0657 cycle=0.0714 idt=0.0437 gnorm=22.601 dnorm=8.679 nan=0
2026-10-04 15:04:44,547 epoch=183 step=1600 loss_G=2.6049 loss_D_A=0.0599 loss_D_B=0.0734 cycle=0.0669 idt=0.0311 gnorm=47.849 dnorm=5.403 nan=0
2026-10-04 15:04:59,865 epoch=183 step=1700 loss_G=1.6248 loss_D_A=0.1227 loss_D_B=0.1840 cycle=0.0671 idt=0.0387 gnorm=20.801 dnorm=9.709 nan=0
2026-10-04 15:05:15,224 epoch=183 step=1800 loss_G=2.1449 loss_D_A=0.1244 loss_D_B=0.0738 cycle=0.0885 idt=0.0497 gnorm=28.482 dnorm=7.330 nan=0
2026-10-04 15:05:30,404 epoch=183 step=1900 loss_G=2.0632 loss_D_A=0.1319 loss_D_B=0.0536 cycle=0.0813 idt=0.0505 gnorm=25.837 dnorm=6.412 nan=0
2026-10-04 15:05:45,522 epoch=183 step=2000 loss_G=2.5779 loss_D_A=0.1341 loss_D_B=0.0841 cycle=0.0859 idt=0.0519 gnorm=28.382 dnorm=11.921 nan=0
2026-10-04 15:06:00,837 epoch=183 step=2100 loss_G=2.4803 loss_D_A=0.0662 loss_D_B=0.1789 cycle=0.0795 idt=0.0617 gnorm=34.086 dnorm=11.870 nan=0
2026-10-04 15:06:16,077 epoch=183 step=2200 loss_G=1.6893 loss_D_A=0.2346 loss_D_B=0.0911 cycle=0.0664 idt=0.0379 gnorm=31.427 dnorm=11.533 nan=0
2026-10-04 15:06:31,443 epoch=183 step=2300 loss_G=2.3150 loss_D_A=0.1413 loss_D_B=0.2894 cycle=0.0677 idt=0.0417 gnorm=20.387 dnorm=22.036 nan=0
2026-10-04 15:06:46,738 epoch=183 step=2400 loss_G=1.6928 loss_D_A=0.3515 loss_D_B=0.1402 cycle=0.0753 idt=0.0526 gnorm=25.058 dnorm=11.807 nan=0
2026-10-04 15:07:02,018 epoch=183 step=2500 loss_G=1.8407 loss_D_A=0.4318 loss_D_B=0.3580 cycle=0.0602 idt=0.0342 gnorm=21.150 dnorm=17.450 nan=0
2026-10-04 15:07:17,373 epoch=183 step=2600 loss_G=2.2743 loss_D_A=0.0316 loss_D_B=0.0906 cycle=0.0742 idt=0.0505 gnorm=29.854 dnorm=6.970 nan=0
2026-10-04 15:07:32,647 epoch=183 step=2700 loss_G=2.5392 loss_D_A=0.2049 loss_D_B=0.0780 cycle=0.0570 idt=0.0487 gnorm=37.193 dnorm=12.370 nan=0
2026-10-04 15:07:47,937 epoch=183 step=2800 loss_G=2.4969 loss_D_A=0.0503 loss_D_B=0.1898 cycle=0.0715 idt=0.0425 gnorm=40.232 dnorm=7.478 nan=0
2026-10-04 15:08:03,117 epoch=183 step=2900 loss_G=2.6402 loss_D_A=0.1222 loss_D_B=0.1491 cycle=0.0919 idt=0.0646 gnorm=52.318 dnorm=11.706 nan=0
2026-10-04 15:08:18,233 epoch=183 step=3000 loss_G=1.4589 loss_D_A=0.0686 loss_D_B=0.2024 cycle=0.0639 idt=0.0467 gnorm=31.005 dnorm=8.399 nan=0
2026-10-04 15:08:33,597 epoch=183 step=3100 loss_G=1.8169 loss_D_A=0.0687 loss_D_B=0.1366 cycle=0.0692 idt=0.0431 gnorm=32.916 dnorm=7.012 nan=0
2026-10-04 15:08:48,750 epoch=183 step=3200 loss_G=1.5278 loss_D_A=0.1091 loss_D_B=0.0305 cycle=0.0635 idt=0.0408 gnorm=23.646 dnorm=7.824 nan=0
2026-10-04 15:09:03,563 epoch=183 step=3300 loss_G=2.7201 loss_D_A=0.1815 loss_D_B=0.2100 cycle=0.0738 idt=0.0438 gnorm=28.126 dnorm=12.019 nan=0
2026-10-04 15:09:18,404 epoch=183 step=3400 loss_G=1.4844 loss_D_A=0.0933 loss_D_B=0.1056 cycle=0.0663 idt=0.0405 gnorm=36.985 dnorm=7.041 nan=0
2026-10-04 15:09:33,751 epoch=183 step=3500 loss_G=2.3652 loss_D_A=0.1919 loss_D_B=0.1261 cycle=0.0719 idt=0.0447 gnorm=26.002 dnorm=8.825 nan=0
2026-10-04 15:09:48,629 epoch=183 step=3600 loss_G=2.2095 loss_D_A=0.0598 loss_D_B=0.1332 cycle=0.0722 idt=0.0408 gnorm=26.825 dnorm=4.726 nan=0
2026-10-04 15:10:03,904 epoch=183 step=3700 loss_G=2.4979 loss_D_A=0.1705 loss_D_B=0.1757 cycle=0.0947 idt=0.0539 gnorm=31.472 dnorm=8.738 nan=0
2026-10-04 15:10:19,254 epoch=183 step=3800 loss_G=1.5344 loss_D_A=0.1332 loss_D_B=0.1101 cycle=0.0671 idt=0.0468 gnorm=19.060 dnorm=7.470 nan=0
2026-10-04 15:10:34,535 epoch=183 step=3900 loss_G=2.8641 loss_D_A=0.2354 loss_D_B=0.1150 cycle=0.0730 idt=0.0509 gnorm=21.179 dnorm=11.875 nan=0
2026-10-04 15:10:49,299 epoch=183 step=4000 loss_G=2.0984 loss_D_A=0.1558 loss_D_B=0.1905 cycle=0.0662 idt=0.0384 gnorm=30.191 dnorm=7.974 nan=0
2026-10-04 15:11:04,531 epoch=183 step=4100 loss_G=2.0015 loss_D_A=0.0730 loss_D_B=0.2035 cycle=0.0685 idt=0.0364 gnorm=23.058 dnorm=9.223 nan=0
2026-10-04 15:11:19,809 epoch=183 step=4200 loss_G=2.6259 loss_D_A=0.2517 loss_D_B=0.1095 cycle=0.0858 idt=0.0518 gnorm=50.315 dnorm=9.875 nan=0
2026-10-04 15:11:35,089 epoch=183 step=4300 loss_G=2.7488 loss_D_A=0.1349 loss_D_B=0.1362 cycle=0.0894 idt=0.0533 gnorm=43.328 dnorm=12.762 nan=0
2026-10-04 15:11:50,386 epoch=183 step=4400 loss_G=1.8547 loss_D_A=0.2819 loss_D_B=0.2145 cycle=0.0703 idt=0.0407 gnorm=22.245 dnorm=11.229 nan=0
2026-10-04 15:12:05,649 epoch=183 step=4500 loss_G=2.0830 loss_D_A=0.0642 loss_D_B=0.1136 cycle=0.0782 idt=0.0404 gnorm=37.781 dnorm=11.544 nan=0
2026-10-04 15:12:20,986 epoch=183 step=4600 loss_G=2.3346 loss_D_A=0.4110 loss_D_B=0.1157 cycle=0.0911 idt=0.0506 gnorm=21.335 dnorm=10.152 nan=0
2026-10-04 15:12:36,350 epoch=183 step=4700 loss_G=2.8412 loss_D_A=0.3331 loss_D_B=0.1262 cycle=0.0517 idt=0.0297 gnorm=41.867 dnorm=11.782 nan=0
2026-10-04 15:12:51,694 epoch=183 step=4800 loss_G=2.2919 loss_D_A=0.2522 loss_D_B=0.2316 cycle=0.0808 idt=0.0422 gnorm=17.164 dnorm=12.390 nan=0
2026-10-04 15:13:06,868 epoch=183 step=4900 loss_G=2.0617 loss_D_A=0.0961 loss_D_B=0.2243 cycle=0.0828 idt=0.0501 gnorm=22.508 dnorm=11.181 nan=0
2026-10-04 15:13:22,066 epoch=183 step=5000 loss_G=2.1693 loss_D_A=0.1147 loss_D_B=0.1441 cycle=0.0679 idt=0.0359 gnorm=23.495 dnorm=8.925 nan=0
2026-10-04 15:13:37,104 epoch=183 step=5100 loss_G=2.0436 loss_D_A=0.0677 loss_D_B=0.1555 cycle=0.0662 idt=0.0387 gnorm=20.972 dnorm=11.230 nan=0
2026-10-04 15:13:52,468 epoch=183 step=5200 loss_G=2.2741 loss_D_A=0.0792 loss_D_B=0.1247 cycle=0.0838 idt=0.0489 gnorm=17.861 dnorm=6.949 nan=0
2026-10-04 15:14:07,595 epoch=183 step=5300 loss_G=2.1820 loss_D_A=0.1498 loss_D_B=0.0854 cycle=0.0855 idt=0.0515 gnorm=54.570 dnorm=10.293 nan=0
2026-10-04 15:14:22,805 epoch=183 step=5400 loss_G=1.2773 loss_D_A=0.1069 loss_D_B=0.1988 cycle=0.0654 idt=0.0371 gnorm=26.942 dnorm=7.165 nan=0
2026-10-04 15:14:38,110 epoch=183 step=5500 loss_G=2.5069 loss_D_A=0.1149 loss_D_B=0.0629 cycle=0.0756 idt=0.0492 gnorm=17.418 dnorm=10.745 nan=0
2026-10-04 15:14:53,463 epoch=183 step=5600 loss_G=2.2819 loss_D_A=0.1770 loss_D_B=0.1187 cycle=0.0644 idt=0.0319 gnorm=24.192 dnorm=9.615 nan=0
2026-10-04 15:15:08,788 epoch=183 step=5700 loss_G=1.7560 loss_D_A=0.0665 loss_D_B=0.1621 cycle=0.0770 idt=0.0487 gnorm=18.371 dnorm=10.313 nan=0
2026-10-04 15:15:24,130 epoch=183 step=5800 loss_G=1.6062 loss_D_A=0.1758 loss_D_B=0.1154 cycle=0.0752 idt=0.0414 gnorm=27.255 dnorm=9.877 nan=0
2026-10-04 15:15:39,511 epoch=183 step=5900 loss_G=2.8473 loss_D_A=0.1687 loss_D_B=0.1540 cycle=0.0779 idt=0.0449 gnorm=23.191 dnorm=9.010 nan=0
2026-10-04 15:15:54,852 epoch=183 step=6000 loss_G=2.4419 loss_D_A=0.3854 loss_D_B=0.1570 cycle=0.0693 idt=0.0365 gnorm=27.808 dnorm=17.291 nan=0
2026-10-04 15:16:10,210 epoch=183 step=6100 loss_G=1.7810 loss_D_A=0.1201 loss_D_B=0.0688 cycle=0.0614 idt=0.0364 gnorm=30.172 dnorm=8.487 nan=0
2026-10-04 15:16:25,588 epoch=183 step=6200 loss_G=2.1704 loss_D_A=0.4731 loss_D_B=0.1053 cycle=0.0696 idt=0.0408 gnorm=25.692 dnorm=12.240 nan=0
2026-10-04 15:16:40,931 epoch=183 step=6300 loss_G=2.7511 loss_D_A=0.0910 loss_D_B=0.0883 cycle=0.0633 idt=0.0348 gnorm=39.148 dnorm=13.115 nan=0
2026-10-04 15:16:56,187 epoch=183 step=6400 loss_G=2.4753 loss_D_A=0.1780 loss_D_B=0.1274 cycle=0.0766 idt=0.0428 gnorm=23.498 dnorm=7.326 nan=0
2026-10-04 15:17:01,802 epoch_mean={'g': 2.0611208595448898, 'd_a': 0.13889902665326964, 'd_b': 0.1493586871741758, 'cycle': 0.07371626703144415, 'identity': 0.045712724906682004, 'epoch': 183}
2026-10-04 15:17:02,563 epoch=184 step=1 loss_G=2.0958 loss_D_A=0.1731 loss_D_B=0.1035 cycle=0.0843 idt=0.0452 gnorm=37.290 dnorm=8.262 nan=0
2026-10-04 15:17:17,728 epoch=184 step=100 loss_G=2.3583 loss_D_A=0.1954 loss_D_B=0.2076 cycle=0.0897 idt=0.0543 gnorm=14.689 dnorm=11.718 nan=0
2026-10-04 15:17:32,771 epoch=184 step=200 loss_G=2.5111 loss_D_A=0.1411 loss_D_B=0.0751 cycle=0.0788 idt=0.0490 gnorm=32.889 dnorm=11.925 nan=0
2026-10-04 15:17:47,362 epoch=184 step=300 loss_G=2.2259 loss_D_A=0.1411 loss_D_B=0.1363 cycle=0.0795 idt=0.0646 gnorm=23.321 dnorm=9.475 nan=0
2026-10-04 15:18:02,736 epoch=184 step=400 loss_G=1.7045 loss_D_A=0.2670 loss_D_B=0.2909 cycle=0.0823 idt=0.0489 gnorm=21.330 dnorm=12.095 nan=0
2026-10-04 15:18:18,092 epoch=184 step=500 loss_G=1.8503 loss_D_A=0.0506 loss_D_B=0.1375 cycle=0.0823 idt=0.0412 gnorm=24.164 dnorm=4.571 nan=0
2026-10-04 15:18:33,221 epoch=184 step=600 loss_G=2.0160 loss_D_A=0.1251 loss_D_B=0.1737 cycle=0.0766 idt=0.0469 gnorm=26.177 dnorm=9.378 nan=0
2026-10-04 15:18:48,513 epoch=184 step=700 loss_G=1.8061 loss_D_A=0.0752 loss_D_B=0.0809 cycle=0.0653 idt=0.0356 gnorm=28.005 dnorm=8.145 nan=0
2026-10-04 15:19:03,915 epoch=184 step=800 loss_G=1.9920 loss_D_A=0.1040 loss_D_B=0.2591 cycle=0.0682 idt=0.0481 gnorm=18.540 dnorm=10.696 nan=0
2026-10-04 15:19:19,248 epoch=184 step=900 loss_G=1.9546 loss_D_A=0.0505 loss_D_B=0.1795 cycle=0.0622 idt=0.0272 gnorm=21.036 dnorm=8.277 nan=0
2026-10-04 15:19:34,630 epoch=184 step=1000 loss_G=1.9528 loss_D_A=0.0884 loss_D_B=0.1105 cycle=0.0630 idt=0.0454 gnorm=28.251 dnorm=6.651 nan=0
2026-10-04 15:19:49,985 epoch=184 step=1100 loss_G=1.8602 loss_D_A=0.0408 loss_D_B=0.2529 cycle=0.0618 idt=0.0344 gnorm=38.214 dnorm=9.806 nan=0
2026-10-04 15:20:05,308 epoch=184 step=1200 loss_G=1.5405 loss_D_A=0.1318 loss_D_B=0.0297 cycle=0.0772 idt=0.0439 gnorm=30.021 dnorm=7.517 nan=0
2026-10-04 15:20:20,734 epoch=184 step=1300 loss_G=2.0739 loss_D_A=0.0561 loss_D_B=0.0770 cycle=0.0829 idt=0.0355 gnorm=39.632 dnorm=5.912 nan=0
2026-10-04 15:20:36,106 epoch=184 step=1400 loss_G=1.8204 loss_D_A=0.2380 loss_D_B=0.1620 cycle=0.0655 idt=0.0388 gnorm=22.818 dnorm=10.317 nan=0
2026-10-04 15:20:51,434 epoch=184 step=1500 loss_G=1.7682 loss_D_A=0.1617 loss_D_B=0.2459 cycle=0.0784 idt=0.0468 gnorm=50.457 dnorm=9.845 nan=0
2026-10-04 15:21:06,846 epoch=184 step=1600 loss_G=1.7868 loss_D_A=0.0600 loss_D_B=0.0764 cycle=0.0743 idt=0.0435 gnorm=25.465 dnorm=5.371 nan=0
2026-10-04 15:21:22,248 epoch=184 step=1700 loss_G=1.9127 loss_D_A=0.1924 loss_D_B=0.2472 cycle=0.0714 idt=0.0482 gnorm=26.307 dnorm=12.166 nan=0
2026-10-04 15:21:37,525 epoch=184 step=1800 loss_G=2.2585 loss_D_A=0.1069 loss_D_B=0.1959 cycle=0.0663 idt=0.0393 gnorm=16.620 dnorm=8.638 nan=0
2026-10-04 15:21:52,977 epoch=184 step=1900 loss_G=1.4214 loss_D_A=0.2469 loss_D_B=0.1988 cycle=0.0655 idt=0.0375 gnorm=23.976 dnorm=12.721 nan=0
2026-10-04 15:22:08,335 epoch=184 step=2000 loss_G=2.7766 loss_D_A=0.0661 loss_D_B=0.0793 cycle=0.0670 idt=0.0515 gnorm=27.374 dnorm=6.399 nan=0
2026-10-04 15:22:23,661 epoch=184 step=2100 loss_G=1.5760 loss_D_A=0.0331 loss_D_B=0.0628 cycle=0.0798 idt=0.0438 gnorm=14.807 dnorm=5.101 nan=0
2026-10-04 15:22:38,942 epoch=184 step=2200 loss_G=2.3252 loss_D_A=0.1214 loss_D_B=0.1185 cycle=0.0735 idt=0.0413 gnorm=40.411 dnorm=8.589 nan=0
2026-10-04 15:22:54,322 epoch=184 step=2300 loss_G=1.8534 loss_D_A=0.1685 loss_D_B=0.3163 cycle=0.0565 idt=0.0358 gnorm=21.128 dnorm=14.519 nan=0
2026-10-04 15:23:09,429 epoch=184 step=2400 loss_G=2.0476 loss_D_A=0.1196 loss_D_B=0.0960 cycle=0.0662 idt=0.0387 gnorm=21.066 dnorm=6.872 nan=0
2026-10-04 15:23:24,837 epoch=184 step=2500 loss_G=2.4905 loss_D_A=0.1474 loss_D_B=0.1500 cycle=0.0788 idt=0.0471 gnorm=26.289 dnorm=12.356 nan=0
2026-10-04 15:23:40,009 epoch=184 step=2600 loss_G=1.3996 loss_D_A=0.2593 loss_D_B=0.0448 cycle=0.0626 idt=0.0425 gnorm=21.893 dnorm=9.667 nan=0
2026-10-04 15:23:55,196 epoch=184 step=2700 loss_G=1.5821 loss_D_A=0.1261 loss_D_B=0.2425 cycle=0.0536 idt=0.0306 gnorm=22.687 dnorm=9.070 nan=0
2026-10-04 15:24:10,609 epoch=184 step=2800 loss_G=2.0948 loss_D_A=0.0346 loss_D_B=0.0901 cycle=0.0665 idt=0.0396 gnorm=19.060 dnorm=6.465 nan=0
2026-10-04 15:24:25,949 epoch=184 step=2900 loss_G=2.4658 loss_D_A=0.1564 loss_D_B=0.1228 cycle=0.0753 idt=0.0479 gnorm=35.965 dnorm=10.029 nan=0
2026-10-04 15:24:41,315 epoch=184 step=3000 loss_G=2.5746 loss_D_A=0.2716 loss_D_B=0.1014 cycle=0.0676 idt=0.0397 gnorm=45.483 dnorm=15.983 nan=0
2026-10-04 15:24:56,706 epoch=184 step=3100 loss_G=2.1040 loss_D_A=0.1607 loss_D_B=0.2338 cycle=0.0786 idt=0.0563 gnorm=19.969 dnorm=9.865 nan=0
2026-10-04 15:25:11,988 epoch=184 step=3200 loss_G=1.5398 loss_D_A=0.1414 loss_D_B=0.2043 cycle=0.0717 idt=0.0403 gnorm=30.641 dnorm=10.839 nan=0
2026-10-04 15:25:27,202 epoch=184 step=3300 loss_G=2.1408 loss_D_A=0.1066 loss_D_B=0.1894 cycle=0.0753 idt=0.0428 gnorm=40.407 dnorm=9.496 nan=0
2026-10-04 15:25:42,613 epoch=184 step=3400 loss_G=1.6084 loss_D_A=0.1760 loss_D_B=0.0453 cycle=0.0618 idt=0.0355 gnorm=22.468 dnorm=9.363 nan=0
2026-10-04 15:25:57,909 epoch=184 step=3500 loss_G=2.1198 loss_D_A=0.0455 loss_D_B=0.0900 cycle=0.0710 idt=0.0443 gnorm=49.692 dnorm=7.494 nan=0
2026-10-04 15:26:13,215 epoch=184 step=3600 loss_G=2.0196 loss_D_A=0.1764 loss_D_B=0.2011 cycle=0.0764 idt=0.0414 gnorm=19.905 dnorm=11.082 nan=0
2026-10-04 15:26:28,604 epoch=184 step=3700 loss_G=1.6640 loss_D_A=0.0746 loss_D_B=0.0433 cycle=0.0680 idt=0.0408 gnorm=33.055 dnorm=8.881 nan=0
2026-10-04 15:26:43,924 epoch=184 step=3800 loss_G=2.4271 loss_D_A=0.1455 loss_D_B=0.1473 cycle=0.0844 idt=0.0433 gnorm=45.657 dnorm=10.603 nan=0
2026-10-04 15:26:59,021 epoch=184 step=3900 loss_G=1.6338 loss_D_A=0.0921 loss_D_B=0.2096 cycle=0.0686 idt=0.0429 gnorm=33.927 dnorm=9.905 nan=0
2026-10-04 15:27:14,475 epoch=184 step=4000 loss_G=2.0831 loss_D_A=0.0660 loss_D_B=0.1153 cycle=0.0810 idt=0.0422 gnorm=35.139 dnorm=6.635 nan=0
2026-10-04 15:27:29,572 epoch=184 step=4100 loss_G=1.5027 loss_D_A=0.0460 loss_D_B=0.0896 cycle=0.0739 idt=0.0450 gnorm=24.988 dnorm=4.939 nan=0
2026-10-04 15:27:44,967 epoch=184 step=4200 loss_G=2.0248 loss_D_A=0.0828 loss_D_B=0.2303 cycle=0.0668 idt=0.0375 gnorm=41.165 dnorm=12.066 nan=0
2026-10-04 15:28:00,343 epoch=184 step=4300 loss_G=2.1315 loss_D_A=0.2269 loss_D_B=0.0909 cycle=0.0668 idt=0.0617 gnorm=41.619 dnorm=14.040 nan=0
2026-10-04 15:28:15,712 epoch=184 step=4400 loss_G=1.9966 loss_D_A=0.1518 loss_D_B=0.0374 cycle=0.0588 idt=0.0322 gnorm=30.368 dnorm=9.525 nan=0
2026-10-04 15:28:31,106 epoch=184 step=4500 loss_G=2.0427 loss_D_A=0.0297 loss_D_B=0.2907 cycle=0.0921 idt=0.0505 gnorm=26.583 dnorm=8.340 nan=0
2026-10-04 15:28:46,146 epoch=184 step=4600 loss_G=2.1004 loss_D_A=0.1678 loss_D_B=0.0400 cycle=0.0648 idt=0.0394 gnorm=35.928 dnorm=4.982 nan=0
2026-10-04 15:29:01,493 epoch=184 step=4700 loss_G=2.1169 loss_D_A=0.2286 loss_D_B=0.2613 cycle=0.0561 idt=0.0331 gnorm=21.268 dnorm=13.808 nan=0
2026-10-04 15:29:16,943 epoch=184 step=4800 loss_G=1.8547 loss_D_A=0.2054 loss_D_B=0.2149 cycle=0.0611 idt=0.0425 gnorm=20.041 dnorm=20.362 nan=0
2026-10-04 15:29:31,837 epoch=184 step=4900 loss_G=1.8079 loss_D_A=0.0744 loss_D_B=0.1751 cycle=0.0593 idt=0.0361 gnorm=33.687 dnorm=11.019 nan=0
2026-10-04 15:29:47,214 epoch=184 step=5000 loss_G=2.0155 loss_D_A=0.1470 loss_D_B=0.1138 cycle=0.0757 idt=0.0454 gnorm=24.250 dnorm=9.479 nan=0
2026-10-04 15:30:02,629 epoch=184 step=5100 loss_G=2.1298 loss_D_A=0.3204 loss_D_B=0.1088 cycle=0.0650 idt=0.0391 gnorm=22.305 dnorm=9.845 nan=0
2026-10-04 15:30:17,900 epoch=184 step=5200 loss_G=1.6445 loss_D_A=0.1434 loss_D_B=0.0993 cycle=0.0748 idt=0.0455 gnorm=24.642 dnorm=7.946 nan=0
2026-10-04 15:30:33,241 epoch=184 step=5300 loss_G=1.9843 loss_D_A=0.1166 loss_D_B=0.1186 cycle=0.0846 idt=0.0519 gnorm=19.929 dnorm=8.996 nan=0
2026-10-04 15:30:48,680 epoch=184 step=5400 loss_G=2.3118 loss_D_A=0.0492 loss_D_B=0.1787 cycle=0.0676 idt=0.0367 gnorm=24.345 dnorm=8.294 nan=0
2026-10-04 15:31:04,058 epoch=184 step=5500 loss_G=2.3869 loss_D_A=0.2024 loss_D_B=0.0958 cycle=0.0750 idt=0.0447 gnorm=26.115 dnorm=7.232 nan=0
2026-10-04 15:31:19,459 epoch=184 step=5600 loss_G=2.1311 loss_D_A=0.1249 loss_D_B=0.2092 cycle=0.0849 idt=0.0466 gnorm=30.424 dnorm=15.053 nan=0
2026-10-04 15:31:34,852 epoch=184 step=5700 loss_G=2.8078 loss_D_A=0.1573 loss_D_B=0.0882 cycle=0.0811 idt=0.0525 gnorm=41.494 dnorm=11.157 nan=0
2026-10-04 15:31:49,872 epoch=184 step=5800 loss_G=2.2331 loss_D_A=0.0508 loss_D_B=0.1390 cycle=0.0690 idt=0.0417 gnorm=24.498 dnorm=5.513 nan=0
2026-10-04 15:32:05,016 epoch=184 step=5900 loss_G=1.3127 loss_D_A=0.0547 loss_D_B=0.2041 cycle=0.0629 idt=0.0339 gnorm=18.005 dnorm=7.623 nan=0
2026-10-04 15:32:20,398 epoch=184 step=6000 loss_G=2.1576 loss_D_A=0.1652 loss_D_B=0.3635 cycle=0.0639 idt=0.0492 gnorm=23.314 dnorm=13.841 nan=0
2026-10-04 15:32:35,788 epoch=184 step=6100 loss_G=1.8335 loss_D_A=0.0847 loss_D_B=0.3061 cycle=0.0874 idt=0.0456 gnorm=16.248 dnorm=11.756 nan=0
2026-10-04 15:32:51,249 epoch=184 step=6200 loss_G=2.1991 loss_D_A=0.3939 loss_D_B=0.1102 cycle=0.0597 idt=0.0454 gnorm=30.683 dnorm=14.520 nan=0
2026-10-04 15:33:06,577 epoch=184 step=6300 loss_G=2.0119 loss_D_A=0.1942 loss_D_B=0.1041 cycle=0.0879 idt=0.0546 gnorm=20.292 dnorm=7.870 nan=0
2026-10-04 15:33:21,959 epoch=184 step=6400 loss_G=1.6297 loss_D_A=0.2288 loss_D_B=0.1208 cycle=0.0637 idt=0.0362 gnorm=30.930 dnorm=8.651 nan=0
2026-10-04 15:33:27,841 epoch_mean={'g': 2.0597189660026407, 'd_a': 0.13821542911108847, 'd_b': 0.1483661595913667, 'cycle': 0.07322630774126766, 'identity': 0.04511900205869932, 'epoch': 184}
2026-10-04 15:33:28,442 epoch=185 step=1 loss_G=1.9985 loss_D_A=0.2061 loss_D_B=0.1328 cycle=0.0910 idt=0.0684 gnorm=31.258 dnorm=9.796 nan=0
2026-10-04 15:33:43,509 epoch=185 step=100 loss_G=2.4882 loss_D_A=0.1562 loss_D_B=0.1492 cycle=0.0941 idt=0.0567 gnorm=23.225 dnorm=10.940 nan=0
2026-10-04 15:33:58,677 epoch=185 step=200 loss_G=2.6200 loss_D_A=0.1182 loss_D_B=0.1586 cycle=0.0816 idt=0.0458 gnorm=33.524 dnorm=10.394 nan=0
2026-10-04 15:34:14,006 epoch=185 step=300 loss_G=1.6627 loss_D_A=0.1335 loss_D_B=0.1481 cycle=0.0646 idt=0.0413 gnorm=18.640 dnorm=8.996 nan=0
2026-10-04 15:34:29,428 epoch=185 step=400 loss_G=1.9172 loss_D_A=0.1223 loss_D_B=0.3145 cycle=0.0731 idt=0.0430 gnorm=19.907 dnorm=13.628 nan=0
2026-10-04 15:34:44,836 epoch=185 step=500 loss_G=1.8274 loss_D_A=0.0863 loss_D_B=0.0532 cycle=0.0712 idt=0.0382 gnorm=20.578 dnorm=9.355 nan=0
2026-10-04 15:35:00,159 epoch=185 step=600 loss_G=3.4128 loss_D_A=0.1478 loss_D_B=0.4269 cycle=0.0750 idt=0.0392 gnorm=34.394 dnorm=15.490 nan=0
2026-10-04 15:35:15,596 epoch=185 step=700 loss_G=2.2817 loss_D_A=0.0894 loss_D_B=0.0844 cycle=0.0836 idt=0.0458 gnorm=44.039 dnorm=10.694 nan=0
2026-10-04 15:35:30,876 epoch=185 step=800 loss_G=1.8677 loss_D_A=0.1196 loss_D_B=0.0532 cycle=0.0611 idt=0.0401 gnorm=37.994 dnorm=7.552 nan=0
2026-10-04 15:35:45,980 epoch=185 step=900 loss_G=1.7830 loss_D_A=0.1203 loss_D_B=0.0856 cycle=0.0642 idt=0.0338 gnorm=23.046 dnorm=6.716 nan=0
2026-10-04 15:36:01,204 epoch=185 step=1000 loss_G=2.2127 loss_D_A=0.1325 loss_D_B=0.0844 cycle=0.0772 idt=0.0735 gnorm=45.267 dnorm=7.947 nan=0
2026-10-04 15:36:16,185 epoch=185 step=1100 loss_G=1.5891 loss_D_A=0.0972 loss_D_B=0.1373 cycle=0.0482 idt=0.0334 gnorm=27.117 dnorm=7.701 nan=0
2026-10-04 15:36:31,143 epoch=185 step=1200 loss_G=1.9765 loss_D_A=0.2859 loss_D_B=0.1756 cycle=0.0470 idt=0.0336 gnorm=25.823 dnorm=18.950 nan=0
2026-10-04 15:36:46,368 epoch=185 step=1300 loss_G=1.6234 loss_D_A=0.1277 loss_D_B=0.1320 cycle=0.0597 idt=0.0359 gnorm=22.293 dnorm=9.466 nan=0
2026-10-04 15:37:01,514 epoch=185 step=1400 loss_G=1.9016 loss_D_A=0.0460 loss_D_B=0.1110 cycle=0.0678 idt=0.0451 gnorm=24.296 dnorm=7.232 nan=0
2026-10-04 15:37:16,611 epoch=185 step=1500 loss_G=2.2590 loss_D_A=0.2590 loss_D_B=0.0917 cycle=0.0643 idt=0.0610 gnorm=30.955 dnorm=7.691 nan=0
2026-10-04 15:37:32,022 epoch=185 step=1600 loss_G=1.9019 loss_D_A=0.0521 loss_D_B=0.3156 cycle=0.0725 idt=0.0412 gnorm=17.428 dnorm=14.804 nan=0
2026-10-04 15:37:47,426 epoch=185 step=1700 loss_G=1.8412 loss_D_A=0.0804 loss_D_B=0.0579 cycle=0.0758 idt=0.0520 gnorm=31.759 dnorm=5.734 nan=0
2026-10-04 15:38:02,087 epoch=185 step=1800 loss_G=2.2821 loss_D_A=0.1497 loss_D_B=0.1291 cycle=0.0669 idt=0.0375 gnorm=36.714 dnorm=15.009 nan=0
2026-10-04 15:38:17,544 epoch=185 step=1900 loss_G=2.2711 loss_D_A=0.0649 loss_D_B=0.1086 cycle=0.0800 idt=0.0473 gnorm=26.072 dnorm=7.758 nan=0
2026-10-04 15:38:32,691 epoch=185 step=2000 loss_G=1.7102 loss_D_A=0.0706 loss_D_B=0.0886 cycle=0.0606 idt=0.0292 gnorm=28.150 dnorm=7.910 nan=0
2026-10-04 15:38:47,766 epoch=185 step=2100 loss_G=1.8378 loss_D_A=0.1660 loss_D_B=0.1412 cycle=0.0677 idt=0.0412 gnorm=36.862 dnorm=8.548 nan=0
2026-10-04 15:39:02,817 epoch=185 step=2200 loss_G=2.0969 loss_D_A=0.1401 loss_D_B=0.1413 cycle=0.0702 idt=0.0388 gnorm=21.693 dnorm=9.996 nan=0
2026-10-04 15:39:18,169 epoch=185 step=2300 loss_G=1.7958 loss_D_A=0.0980 loss_D_B=0.2478 cycle=0.0793 idt=0.0434 gnorm=20.419 dnorm=9.832 nan=0
2026-10-04 15:39:33,564 epoch=185 step=2400 loss_G=2.0373 loss_D_A=0.0989 loss_D_B=0.0614 cycle=0.0754 idt=0.0464 gnorm=33.576 dnorm=10.381 nan=0
2026-10-04 15:39:48,983 epoch=185 step=2500 loss_G=1.7910 loss_D_A=0.1042 loss_D_B=0.2861 cycle=0.0699 idt=0.0392 gnorm=19.993 dnorm=8.271 nan=0
2026-10-04 15:40:04,317 epoch=185 step=2600 loss_G=2.2924 loss_D_A=0.1505 loss_D_B=0.2585 cycle=0.0837 idt=0.0511 gnorm=21.813 dnorm=9.899 nan=0
2026-10-04 15:40:19,704 epoch=185 step=2700 loss_G=2.3325 loss_D_A=0.1042 loss_D_B=0.1928 cycle=0.0895 idt=0.0720 gnorm=35.266 dnorm=7.730 nan=0
2026-10-04 15:40:34,694 epoch=185 step=2800 loss_G=1.9829 loss_D_A=0.1452 loss_D_B=0.1303 cycle=0.0903 idt=0.0592 gnorm=25.286 dnorm=8.164 nan=0
2026-10-04 15:40:50,019 epoch=185 step=2900 loss_G=2.1412 loss_D_A=0.0594 loss_D_B=0.0633 cycle=0.0731 idt=0.0478 gnorm=19.123 dnorm=5.337 nan=0
2026-10-04 15:41:05,000 epoch=185 step=3000 loss_G=2.2089 loss_D_A=0.1602 loss_D_B=0.1332 cycle=0.0743 idt=0.0453 gnorm=23.836 dnorm=12.264 nan=0
2026-10-04 15:41:20,283 epoch=185 step=3100 loss_G=1.8695 loss_D_A=0.0891 loss_D_B=0.3638 cycle=0.0866 idt=0.0599 gnorm=13.102 dnorm=14.795 nan=0
2026-10-04 15:41:35,599 epoch=185 step=3200 loss_G=2.0697 loss_D_A=0.3525 loss_D_B=0.0276 cycle=0.0663 idt=0.0351 gnorm=24.483 dnorm=10.759 nan=0
2026-10-04 15:41:50,896 epoch=185 step=3300 loss_G=2.1662 loss_D_A=0.2595 loss_D_B=0.2255 cycle=0.0904 idt=0.0564 gnorm=13.700 dnorm=9.842 nan=0
2026-10-04 15:42:06,085 epoch=185 step=3400 loss_G=1.9003 loss_D_A=0.1813 loss_D_B=0.1996 cycle=0.0706 idt=0.0369 gnorm=21.700 dnorm=11.200 nan=0
2026-10-04 15:42:21,128 epoch=185 step=3500 loss_G=2.3191 loss_D_A=0.0761 loss_D_B=0.1794 cycle=0.0726 idt=0.0365 gnorm=30.304 dnorm=10.089 nan=0
2026-10-04 15:42:36,292 epoch=185 step=3600 loss_G=1.8812 loss_D_A=0.2394 loss_D_B=0.3188 cycle=0.0767 idt=0.0423 gnorm=21.043 dnorm=15.731 nan=0
2026-10-04 15:42:51,598 epoch=185 step=3700 loss_G=1.6504 loss_D_A=0.1642 loss_D_B=0.3663 cycle=0.0601 idt=0.0381 gnorm=31.553 dnorm=19.128 nan=0
2026-10-04 15:43:06,995 epoch=185 step=3800 loss_G=1.6089 loss_D_A=0.2384 loss_D_B=0.2004 cycle=0.0504 idt=0.0358 gnorm=26.367 dnorm=12.449 nan=0
2026-10-04 15:43:22,475 epoch=185 step=3900 loss_G=2.2980 loss_D_A=0.1481 loss_D_B=0.0769 cycle=0.0692 idt=0.0419 gnorm=23.666 dnorm=7.695 nan=0
2026-10-04 15:43:37,771 epoch=185 step=4000 loss_G=1.6072 loss_D_A=0.1014 loss_D_B=0.2118 cycle=0.0676 idt=0.0553 gnorm=24.648 dnorm=11.149 nan=0
2026-10-04 15:43:53,151 epoch=185 step=4100 loss_G=2.2625 loss_D_A=0.0727 loss_D_B=0.2985 cycle=0.0990 idt=0.0686 gnorm=14.462 dnorm=12.538 nan=0
2026-10-04 15:44:08,599 epoch=185 step=4200 loss_G=1.7603 loss_D_A=0.2055 loss_D_B=0.1030 cycle=0.0744 idt=0.0432 gnorm=21.898 dnorm=11.178 nan=0
2026-10-04 15:44:23,983 epoch=185 step=4300 loss_G=2.4013 loss_D_A=0.0689 loss_D_B=0.2060 cycle=0.0894 idt=0.0816 gnorm=36.043 dnorm=12.806 nan=0
2026-10-04 15:44:39,354 epoch=185 step=4400 loss_G=2.2422 loss_D_A=0.1405 loss_D_B=0.1296 cycle=0.0768 idt=0.0381 gnorm=28.332 dnorm=7.533 nan=0
2026-10-04 15:44:54,713 epoch=185 step=4500 loss_G=2.7406 loss_D_A=0.1491 loss_D_B=0.0903 cycle=0.0740 idt=0.0404 gnorm=55.059 dnorm=8.342 nan=0
2026-10-04 15:45:10,071 epoch=185 step=4600 loss_G=2.0844 loss_D_A=0.2277 loss_D_B=0.0627 cycle=0.0614 idt=0.0372 gnorm=21.492 dnorm=13.455 nan=0
2026-10-04 15:45:25,289 epoch=185 step=4700 loss_G=2.4697 loss_D_A=0.0253 loss_D_B=0.1269 cycle=0.0784 idt=0.0727 gnorm=34.476 dnorm=7.902 nan=0
2026-10-04 15:45:40,618 epoch=185 step=4800 loss_G=1.8571 loss_D_A=0.1092 loss_D_B=0.0574 cycle=0.0698 idt=0.0445 gnorm=32.136 dnorm=8.788 nan=0
2026-10-04 15:45:56,014 epoch=185 step=4900 loss_G=2.5061 loss_D_A=0.1496 loss_D_B=0.0302 cycle=0.0851 idt=0.0455 gnorm=33.655 dnorm=7.297 nan=0
2026-10-04 15:46:11,271 epoch=185 step=5000 loss_G=2.0365 loss_D_A=0.0462 loss_D_B=0.1358 cycle=0.0731 idt=0.0426 gnorm=22.264 dnorm=8.002 nan=0
2026-10-04 15:46:26,308 epoch=185 step=5100 loss_G=1.6087 loss_D_A=0.0976 loss_D_B=0.1756 cycle=0.0722 idt=0.0402 gnorm=23.138 dnorm=11.101 nan=0
2026-10-04 15:46:40,921 epoch=185 step=5200 loss_G=2.5475 loss_D_A=0.1933 loss_D_B=0.1505 cycle=0.0739 idt=0.0326 gnorm=32.978 dnorm=11.639 nan=0
2026-10-04 15:46:56,344 epoch=185 step=5300 loss_G=2.1186 loss_D_A=0.1066 loss_D_B=0.0951 cycle=0.0758 idt=0.0496 gnorm=25.319 dnorm=7.504 nan=0
2026-10-04 15:47:11,146 epoch=185 step=5400 loss_G=2.4709 loss_D_A=0.1078 loss_D_B=0.1698 cycle=0.0816 idt=0.0443 gnorm=50.864 dnorm=8.291 nan=0
2026-10-04 15:47:26,511 epoch=185 step=5500 loss_G=2.1608 loss_D_A=0.0522 loss_D_B=0.0347 cycle=0.0679 idt=0.0347 gnorm=56.983 dnorm=4.798 nan=0
2026-10-04 15:47:41,931 epoch=185 step=5600 loss_G=1.6519 loss_D_A=0.2123 loss_D_B=0.2658 cycle=0.0604 idt=0.0438 gnorm=22.620 dnorm=10.412 nan=0
2026-10-04 15:47:56,993 epoch=185 step=5700 loss_G=1.9467 loss_D_A=0.2096 loss_D_B=0.2066 cycle=0.0726 idt=0.0414 gnorm=33.322 dnorm=11.704 nan=0
2026-10-04 15:48:12,379 epoch=185 step=5800 loss_G=1.7934 loss_D_A=0.0686 loss_D_B=0.1138 cycle=0.0774 idt=0.0499 gnorm=40.256 dnorm=8.146 nan=0
2026-10-04 15:48:27,770 epoch=185 step=5900 loss_G=2.5657 loss_D_A=0.0485 loss_D_B=0.1684 cycle=0.0724 idt=0.0606 gnorm=41.322 dnorm=8.014 nan=0
2026-10-04 15:48:42,883 epoch=185 step=6000 loss_G=1.4435 loss_D_A=0.2072 loss_D_B=0.1286 cycle=0.0590 idt=0.0336 gnorm=17.583 dnorm=9.118 nan=0
2026-10-04 15:48:57,986 epoch=185 step=6100 loss_G=2.4311 loss_D_A=0.0643 loss_D_B=0.1247 cycle=0.0820 idt=0.0510 gnorm=23.776 dnorm=9.532 nan=0
2026-10-04 15:49:12,899 epoch=185 step=6200 loss_G=2.2113 loss_D_A=0.1229 loss_D_B=0.3311 cycle=0.0640 idt=0.0348 gnorm=30.461 dnorm=13.355 nan=0
2026-10-04 15:49:27,920 epoch=185 step=6300 loss_G=1.4473 loss_D_A=0.0750 loss_D_B=0.0449 cycle=0.0622 idt=0.0411 gnorm=22.926 dnorm=5.336 nan=0
2026-10-04 15:49:43,343 epoch=185 step=6400 loss_G=1.6329 loss_D_A=0.1598 loss_D_B=0.1292 cycle=0.0598 idt=0.0346 gnorm=20.265 dnorm=10.089 nan=0
2026-10-04 15:49:49,132 epoch_mean={'g': 2.0690025289297918, 'd_a': 0.13701467285914687, 'd_b': 0.1470316436284075, 'cycle': 0.07307155830736448, 'identity': 0.04481990798803248, 'epoch': 185}
2026-10-04 15:49:49,742 epoch=186 step=1 loss_G=2.4670 loss_D_A=0.0671 loss_D_B=0.1363 cycle=0.0882 idt=0.0535 gnorm=29.162 dnorm=8.105 nan=0
2026-10-04 15:50:04,865 epoch=186 step=100 loss_G=2.0559 loss_D_A=0.0480 loss_D_B=0.0532 cycle=0.0708 idt=0.0540 gnorm=24.258 dnorm=4.785 nan=0
2026-10-04 15:50:20,037 epoch=186 step=200 loss_G=2.0935 loss_D_A=0.0720 loss_D_B=0.0954 cycle=0.0655 idt=0.0333 gnorm=27.177 dnorm=6.671 nan=0
2026-10-04 15:50:35,349 epoch=186 step=300 loss_G=2.1212 loss_D_A=0.0379 loss_D_B=0.0769 cycle=0.0751 idt=0.0413 gnorm=21.343 dnorm=5.111 nan=0
2026-10-04 15:50:50,549 epoch=186 step=400 loss_G=1.6843 loss_D_A=0.0839 loss_D_B=0.2741 cycle=0.0603 idt=0.0347 gnorm=18.990 dnorm=19.167 nan=0
2026-10-04 15:51:05,861 epoch=186 step=500 loss_G=2.4521 loss_D_A=0.0437 loss_D_B=0.2938 cycle=0.0703 idt=0.0413 gnorm=39.445 dnorm=12.670 nan=0
2026-10-04 15:51:21,060 epoch=186 step=600 loss_G=2.1717 loss_D_A=0.0244 loss_D_B=0.2118 cycle=0.0684 idt=0.0307 gnorm=28.296 dnorm=11.002 nan=0
2026-10-04 15:51:36,461 epoch=186 step=700 loss_G=2.1922 loss_D_A=0.1682 loss_D_B=0.3519 cycle=0.0728 idt=0.0446 gnorm=30.101 dnorm=14.255 nan=0
2026-10-04 15:51:51,828 epoch=186 step=800 loss_G=1.4925 loss_D_A=0.2872 loss_D_B=0.2867 cycle=0.0775 idt=0.0426 gnorm=18.583 dnorm=11.301 nan=0
2026-10-04 15:52:07,242 epoch=186 step=900 loss_G=1.8827 loss_D_A=0.0919 loss_D_B=0.1550 cycle=0.0629 idt=0.0336 gnorm=35.939 dnorm=7.232 nan=0
2026-10-04 15:52:22,646 epoch=186 step=1000 loss_G=2.4933 loss_D_A=0.0939 loss_D_B=0.2660 cycle=0.0783 idt=0.0508 gnorm=27.893 dnorm=8.491 nan=0
2026-10-04 15:52:37,975 epoch=186 step=1100 loss_G=2.4185 loss_D_A=0.2469 loss_D_B=0.1262 cycle=0.0917 idt=0.0938 gnorm=36.879 dnorm=12.814 nan=0
2026-10-04 15:52:53,329 epoch=186 step=1200 loss_G=2.5948 loss_D_A=0.1409 loss_D_B=0.2093 cycle=0.0629 idt=0.0292 gnorm=28.762 dnorm=12.396 nan=0
2026-10-04 15:53:08,772 epoch=186 step=1300 loss_G=3.1994 loss_D_A=0.2495 loss_D_B=0.1201 cycle=0.0783 idt=0.0616 gnorm=35.465 dnorm=10.290 nan=0
2026-10-04 15:53:24,071 epoch=186 step=1400 loss_G=2.2818 loss_D_A=0.1179 loss_D_B=0.1699 cycle=0.0844 idt=0.0548 gnorm=26.045 dnorm=13.303 nan=0
2026-10-04 15:53:39,163 epoch=186 step=1500 loss_G=2.9721 loss_D_A=0.0969 loss_D_B=0.1088 cycle=0.0914 idt=0.0565 gnorm=43.527 dnorm=9.857 nan=0
2026-10-04 15:53:54,072 epoch=186 step=1600 loss_G=2.1783 loss_D_A=0.0458 loss_D_B=0.0911 cycle=0.0934 idt=0.0611 gnorm=28.544 dnorm=5.580 nan=0
2026-10-04 15:54:09,191 epoch=186 step=1700 loss_G=1.8495 loss_D_A=0.0690 loss_D_B=0.1796 cycle=0.0671 idt=0.0373 gnorm=27.615 dnorm=15.459 nan=0
2026-10-04 15:54:24,393 epoch=186 step=1800 loss_G=1.6967 loss_D_A=0.1742 loss_D_B=0.0621 cycle=0.0716 idt=0.0389 gnorm=30.409 dnorm=10.028 nan=0
2026-10-04 15:54:39,707 epoch=186 step=1900 loss_G=1.8447 loss_D_A=0.1373 loss_D_B=0.0591 cycle=0.0646 idt=0.0421 gnorm=34.123 dnorm=6.394 nan=0
2026-10-04 15:54:55,017 epoch=186 step=2000 loss_G=1.6913 loss_D_A=0.0246 loss_D_B=0.1116 cycle=0.0731 idt=0.0459 gnorm=22.712 dnorm=5.418 nan=0
2026-10-04 15:55:10,180 epoch=186 step=2100 loss_G=2.4307 loss_D_A=0.1100 loss_D_B=0.0513 cycle=0.0645 idt=0.0427 gnorm=28.601 dnorm=7.066 nan=0
2026-10-04 15:55:25,576 epoch=186 step=2200 loss_G=1.8230 loss_D_A=0.1215 loss_D_B=0.1731 cycle=0.0726 idt=0.0439 gnorm=22.884 dnorm=11.687 nan=0
2026-10-04 15:55:40,915 epoch=186 step=2300 loss_G=1.8760 loss_D_A=0.1373 loss_D_B=0.0535 cycle=0.0595 idt=0.0368 gnorm=43.285 dnorm=9.704 nan=0
2026-10-04 15:55:56,303 epoch=186 step=2400 loss_G=2.3089 loss_D_A=0.0967 loss_D_B=0.1153 cycle=0.0759 idt=0.0398 gnorm=36.492 dnorm=6.994 nan=0
2026-10-04 15:56:11,683 epoch=186 step=2500 loss_G=2.4659 loss_D_A=0.0416 loss_D_B=0.0366 cycle=0.0754 idt=0.0357 gnorm=29.313 dnorm=3.557 nan=0
2026-10-04 15:56:27,011 epoch=186 step=2600 loss_G=1.7113 loss_D_A=0.1009 loss_D_B=0.0972 cycle=0.0637 idt=0.0385 gnorm=40.596 dnorm=9.254 nan=0
2026-10-04 15:56:42,423 epoch=186 step=2700 loss_G=2.4173 loss_D_A=0.0298 loss_D_B=0.0207 cycle=0.0681 idt=0.0574 gnorm=31.985 dnorm=2.255 nan=0
2026-10-04 15:56:57,743 epoch=186 step=2800 loss_G=2.2307 loss_D_A=0.0466 loss_D_B=0.3101 cycle=0.0857 idt=0.0491 gnorm=19.722 dnorm=11.281 nan=0
2026-10-04 15:57:13,092 epoch=186 step=2900 loss_G=1.7201 loss_D_A=0.0869 loss_D_B=0.0928 cycle=0.0674 idt=0.0363 gnorm=26.914 dnorm=6.390 nan=0
2026-10-04 15:57:28,532 epoch=186 step=3000 loss_G=1.6763 loss_D_A=0.3361 loss_D_B=0.2591 cycle=0.0677 idt=0.0324 gnorm=22.990 dnorm=21.679 nan=0
2026-10-04 15:57:43,911 epoch=186 step=3100 loss_G=2.5995 loss_D_A=0.0900 loss_D_B=0.0769 cycle=0.0695 idt=0.0376 gnorm=26.498 dnorm=5.477 nan=0
2026-10-04 15:57:59,228 epoch=186 step=3200 loss_G=1.4965 loss_D_A=0.3787 loss_D_B=0.1109 cycle=0.0702 idt=0.0629 gnorm=29.594 dnorm=14.148 nan=0
2026-10-04 15:58:14,686 epoch=186 step=3300 loss_G=2.7252 loss_D_A=0.0971 loss_D_B=0.2093 cycle=0.0806 idt=0.0457 gnorm=30.471 dnorm=11.051 nan=0
2026-10-04 15:58:30,119 epoch=186 step=3400 loss_G=2.2233 loss_D_A=0.0868 loss_D_B=0.1985 cycle=0.0656 idt=0.0405 gnorm=30.263 dnorm=9.306 nan=0
2026-10-04 15:58:45,392 epoch=186 step=3500 loss_G=1.9978 loss_D_A=0.1197 loss_D_B=0.0683 cycle=0.0686 idt=0.0358 gnorm=30.655 dnorm=8.361 nan=0
2026-10-04 15:59:00,783 epoch=186 step=3600 loss_G=1.7183 loss_D_A=0.0722 loss_D_B=0.2598 cycle=0.0645 idt=0.0421 gnorm=29.416 dnorm=10.737 nan=0
2026-10-04 15:59:16,171 epoch=186 step=3700 loss_G=1.6863 loss_D_A=0.2369 loss_D_B=0.2257 cycle=0.0615 idt=0.0377 gnorm=16.624 dnorm=14.181 nan=0
2026-10-04 15:59:31,509 epoch=186 step=3800 loss_G=2.1948 loss_D_A=0.0889 loss_D_B=0.1910 cycle=0.0895 idt=0.0644 gnorm=25.448 dnorm=10.819 nan=0
2026-10-04 15:59:46,918 epoch=186 step=3900 loss_G=1.9668 loss_D_A=0.0760 loss_D_B=0.2274 cycle=0.0530 idt=0.0329 gnorm=21.472 dnorm=16.754 nan=0
2026-10-04 16:00:02,298 epoch=186 step=4000 loss_G=1.9332 loss_D_A=0.0575 loss_D_B=0.1824 cycle=0.0698 idt=0.0387 gnorm=24.257 dnorm=9.665 nan=0
2026-10-04 16:00:17,423 epoch=186 step=4100 loss_G=1.9540 loss_D_A=0.0589 loss_D_B=0.2175 cycle=0.0667 idt=0.0351 gnorm=30.804 dnorm=8.408 nan=0
2026-10-04 16:00:32,934 epoch=186 step=4200 loss_G=1.7969 loss_D_A=0.2022 loss_D_B=0.1428 cycle=0.0550 idt=0.0308 gnorm=24.092 dnorm=11.997 nan=0
2026-10-04 16:00:47,015 epoch=186 step=4300 loss_G=1.6835 loss_D_A=0.0695 loss_D_B=0.2498 cycle=0.0728 idt=0.0437 gnorm=24.067 dnorm=10.948 nan=0
2026-10-04 16:01:02,305 epoch=186 step=4400 loss_G=1.6155 loss_D_A=0.1397 loss_D_B=0.0891 cycle=0.0709 idt=0.0399 gnorm=19.541 dnorm=8.438 nan=0
2026-10-04 16:01:17,699 epoch=186 step=4500 loss_G=2.4137 loss_D_A=0.1388 loss_D_B=0.0581 cycle=0.0719 idt=0.0439 gnorm=34.537 dnorm=9.627 nan=0
2026-10-04 16:01:33,037 epoch=186 step=4600 loss_G=1.8483 loss_D_A=0.0708 loss_D_B=0.0505 cycle=0.0620 idt=0.0371 gnorm=22.564 dnorm=7.351 nan=0
2026-10-04 16:01:48,460 epoch=186 step=4700 loss_G=2.0889 loss_D_A=0.1279 loss_D_B=0.0387 cycle=0.0659 idt=0.0344 gnorm=33.242 dnorm=5.773 nan=0
2026-10-04 16:02:03,866 epoch=186 step=4800 loss_G=2.0949 loss_D_A=0.1883 loss_D_B=0.0464 cycle=0.0687 idt=0.0388 gnorm=20.315 dnorm=8.147 nan=0
2026-10-04 16:02:19,195 epoch=186 step=4900 loss_G=1.8201 loss_D_A=0.2430 loss_D_B=0.2295 cycle=0.0857 idt=0.0542 gnorm=28.881 dnorm=15.083 nan=0
2026-10-04 16:02:34,435 epoch=186 step=5000 loss_G=2.1227 loss_D_A=0.2651 loss_D_B=0.0506 cycle=0.0530 idt=0.0319 gnorm=29.598 dnorm=9.154 nan=0
2026-10-04 16:02:49,539 epoch=186 step=5100 loss_G=2.2339 loss_D_A=0.1170 loss_D_B=0.0591 cycle=0.0748 idt=0.0449 gnorm=34.342 dnorm=6.641 nan=0
2026-10-04 16:03:04,621 epoch=186 step=5200 loss_G=1.3661 loss_D_A=0.1529 loss_D_B=0.0646 cycle=0.0547 idt=0.0315 gnorm=27.491 dnorm=13.040 nan=0
2026-10-04 16:03:20,033 epoch=186 step=5300 loss_G=1.4023 loss_D_A=0.3068 loss_D_B=0.2235 cycle=0.0774 idt=0.0376 gnorm=37.075 dnorm=13.974 nan=0
2026-10-04 16:03:35,307 epoch=186 step=5400 loss_G=2.2519 loss_D_A=0.1318 loss_D_B=0.2100 cycle=0.0917 idt=0.0663 gnorm=28.499 dnorm=8.352 nan=0
2026-10-04 16:03:50,685 epoch=186 step=5500 loss_G=2.8580 loss_D_A=0.0724 loss_D_B=0.1682 cycle=0.1026 idt=0.0663 gnorm=19.144 dnorm=6.000 nan=0
2026-10-04 16:04:05,909 epoch=186 step=5600 loss_G=2.1883 loss_D_A=0.2322 loss_D_B=0.0453 cycle=0.0724 idt=0.0426 gnorm=22.860 dnorm=7.458 nan=0
2026-10-04 16:04:20,868 epoch=186 step=5700 loss_G=2.3650 loss_D_A=0.3029 loss_D_B=0.1201 cycle=0.0836 idt=0.0549 gnorm=47.975 dnorm=12.657 nan=0
2026-10-04 16:04:36,249 epoch=186 step=5800 loss_G=2.1117 loss_D_A=0.0612 loss_D_B=0.0486 cycle=0.0728 idt=0.0427 gnorm=27.763 dnorm=6.361 nan=0
2026-10-04 16:04:51,639 epoch=186 step=5900 loss_G=1.6732 loss_D_A=0.3146 loss_D_B=0.1208 cycle=0.0660 idt=0.0383 gnorm=23.206 dnorm=11.646 nan=0
2026-10-04 16:05:06,955 epoch=186 step=6000 loss_G=2.1094 loss_D_A=0.0403 loss_D_B=0.1115 cycle=0.0699 idt=0.0383 gnorm=28.621 dnorm=8.736 nan=0
2026-10-04 16:05:22,373 epoch=186 step=6100 loss_G=1.5737 loss_D_A=0.2169 loss_D_B=0.0671 cycle=0.0609 idt=0.0357 gnorm=23.946 dnorm=8.277 nan=0
2026-10-04 16:05:37,769 epoch=186 step=6200 loss_G=2.5747 loss_D_A=0.0677 loss_D_B=0.1332 cycle=0.0913 idt=0.0674 gnorm=43.249 dnorm=8.393 nan=0
2026-10-04 16:05:53,035 epoch=186 step=6300 loss_G=1.6899 loss_D_A=0.1586 loss_D_B=0.1990 cycle=0.0782 idt=0.0423 gnorm=32.192 dnorm=12.248 nan=0
2026-10-04 16:06:08,461 epoch=186 step=6400 loss_G=1.6608 loss_D_A=0.1948 loss_D_B=0.2255 cycle=0.0743 idt=0.0423 gnorm=25.684 dnorm=12.995 nan=0
2026-10-04 16:06:14,293 epoch_mean={'g': 2.06228642435539, 'd_a': 0.13673428846242525, 'd_b': 0.1455717486748602, 'cycle': 0.07302751686307131, 'identity': 0.04446218679617117, 'epoch': 186}
2026-10-04 16:06:14,908 epoch=187 step=1 loss_G=1.7680 loss_D_A=0.1332 loss_D_B=0.2164 cycle=0.0582 idt=0.0395 gnorm=36.306 dnorm=8.107 nan=0
2026-10-04 16:06:29,894 epoch=187 step=100 loss_G=2.1876 loss_D_A=0.1442 loss_D_B=0.0297 cycle=0.0679 idt=0.0338 gnorm=24.554 dnorm=6.209 nan=0
2026-10-04 16:06:45,234 epoch=187 step=200 loss_G=1.9551 loss_D_A=0.1652 loss_D_B=0.1582 cycle=0.0754 idt=0.0448 gnorm=26.425 dnorm=10.730 nan=0
2026-10-04 16:07:00,519 epoch=187 step=300 loss_G=2.2283 loss_D_A=0.1151 loss_D_B=0.0913 cycle=0.0682 idt=0.0404 gnorm=33.182 dnorm=9.247 nan=0
2026-10-04 16:07:15,471 epoch=187 step=400 loss_G=1.4009 loss_D_A=0.0655 loss_D_B=0.0965 cycle=0.0716 idt=0.0423 gnorm=21.182 dnorm=6.577 nan=0
2026-10-04 16:07:30,797 epoch=187 step=500 loss_G=1.5717 loss_D_A=0.0760 loss_D_B=0.1794 cycle=0.0682 idt=0.0381 gnorm=21.818 dnorm=8.605 nan=0
2026-10-04 16:07:46,111 epoch=187 step=600 loss_G=2.1725 loss_D_A=0.2256 loss_D_B=0.0869 cycle=0.0762 idt=0.0515 gnorm=31.999 dnorm=7.024 nan=0
2026-10-04 16:08:01,453 epoch=187 step=700 loss_G=1.7968 loss_D_A=0.1280 loss_D_B=0.2504 cycle=0.0697 idt=0.0385 gnorm=23.060 dnorm=10.373 nan=0
2026-10-04 16:08:16,805 epoch=187 step=800 loss_G=2.1435 loss_D_A=0.1772 loss_D_B=0.1077 cycle=0.0842 idt=0.0455 gnorm=29.082 dnorm=14.899 nan=0
2026-10-04 16:08:32,117 epoch=187 step=900 loss_G=2.1465 loss_D_A=0.0871 loss_D_B=0.0487 cycle=0.0872 idt=0.0559 gnorm=33.687 dnorm=6.348 nan=0
2026-10-04 16:08:47,446 epoch=187 step=1000 loss_G=1.8997 loss_D_A=0.1008 loss_D_B=0.0396 cycle=0.0628 idt=0.0415 gnorm=32.225 dnorm=5.193 nan=0
2026-10-04 16:09:02,750 epoch=187 step=1100 loss_G=2.2329 loss_D_A=0.2837 loss_D_B=0.0929 cycle=0.0601 idt=0.0333 gnorm=44.856 dnorm=14.698 nan=0
2026-10-04 16:09:17,972 epoch=187 step=1200 loss_G=2.2783 loss_D_A=0.1786 loss_D_B=0.1007 cycle=0.0829 idt=0.0678 gnorm=34.714 dnorm=8.488 nan=0
2026-10-04 16:09:33,401 epoch=187 step=1300 loss_G=1.7689 loss_D_A=0.2455 loss_D_B=0.1025 cycle=0.0718 idt=0.0492 gnorm=21.373 dnorm=10.568 nan=0
2026-10-04 16:09:48,771 epoch=187 step=1400 loss_G=2.7797 loss_D_A=0.1026 loss_D_B=0.1325 cycle=0.0639 idt=0.0350 gnorm=28.008 dnorm=17.721 nan=0
2026-10-04 16:10:04,040 epoch=187 step=1500 loss_G=2.2228 loss_D_A=0.1412 loss_D_B=0.1663 cycle=0.0668 idt=0.0401 gnorm=29.656 dnorm=9.988 nan=0
2026-10-04 16:10:19,437 epoch=187 step=1600 loss_G=2.2348 loss_D_A=0.2324 loss_D_B=0.0835 cycle=0.0764 idt=0.0501 gnorm=31.234 dnorm=14.394 nan=0
2026-10-04 16:10:34,749 epoch=187 step=1700 loss_G=1.9493 loss_D_A=0.0622 loss_D_B=0.0617 cycle=0.0734 idt=0.0446 gnorm=22.689 dnorm=6.627 nan=0
2026-10-04 16:10:50,131 epoch=187 step=1800 loss_G=2.2901 loss_D_A=0.2430 loss_D_B=0.1632 cycle=0.0655 idt=0.0347 gnorm=27.803 dnorm=9.721 nan=0
2026-10-04 16:11:05,603 epoch=187 step=1900 loss_G=2.1505 loss_D_A=0.2447 loss_D_B=0.0398 cycle=0.0671 idt=0.0357 gnorm=37.569 dnorm=9.477 nan=0
2026-10-04 16:11:20,944 epoch=187 step=2000 loss_G=1.3320 loss_D_A=0.1215 loss_D_B=0.2655 cycle=0.0594 idt=0.0395 gnorm=23.636 dnorm=15.310 nan=0
2026-10-04 16:11:36,376 epoch=187 step=2100 loss_G=1.9914 loss_D_A=0.0714 loss_D_B=0.1436 cycle=0.0712 idt=0.0375 gnorm=23.722 dnorm=9.323 nan=0
2026-10-04 16:11:51,790 epoch=187 step=2200 loss_G=2.2906 loss_D_A=0.2187 loss_D_B=0.0894 cycle=0.0591 idt=0.0346 gnorm=27.827 dnorm=11.685 nan=0
2026-10-04 16:12:06,649 epoch=187 step=2300 loss_G=2.8437 loss_D_A=0.1319 loss_D_B=0.0930 cycle=0.0622 idt=0.0394 gnorm=31.586 dnorm=8.194 nan=0
2026-10-04 16:12:22,037 epoch=187 step=2400 loss_G=2.2548 loss_D_A=0.1488 loss_D_B=0.0834 cycle=0.0858 idt=0.0516 gnorm=26.688 dnorm=9.673 nan=0
2026-10-04 16:12:37,414 epoch=187 step=2500 loss_G=2.6005 loss_D_A=0.0846 loss_D_B=0.0802 cycle=0.0761 idt=0.0507 gnorm=56.456 dnorm=8.615 nan=0
2026-10-04 16:12:52,522 epoch=187 step=2600 loss_G=2.1488 loss_D_A=0.0709 loss_D_B=0.1697 cycle=0.0753 idt=0.0462 gnorm=27.737 dnorm=7.321 nan=0
2026-10-04 16:13:07,831 epoch=187 step=2700 loss_G=1.8824 loss_D_A=0.1061 loss_D_B=0.1341 cycle=0.0753 idt=0.0512 gnorm=31.099 dnorm=13.361 nan=0
2026-10-04 16:13:23,228 epoch=187 step=2800 loss_G=1.7725 loss_D_A=0.0512 loss_D_B=0.1332 cycle=0.0677 idt=0.0388 gnorm=19.951 dnorm=8.292 nan=0
2026-10-04 16:13:38,557 epoch=187 step=2900 loss_G=1.7232 loss_D_A=0.2023 loss_D_B=0.1220 cycle=0.0794 idt=0.0653 gnorm=19.516 dnorm=13.133 nan=0
2026-10-04 16:13:53,948 epoch=187 step=3000 loss_G=2.5269 loss_D_A=0.0818 loss_D_B=0.2365 cycle=0.0677 idt=0.0442 gnorm=41.339 dnorm=13.250 nan=0
2026-10-04 16:14:09,321 epoch=187 step=3100 loss_G=1.4908 loss_D_A=0.0413 loss_D_B=0.1284 cycle=0.0640 idt=0.0357 gnorm=22.939 dnorm=6.380 nan=0
2026-10-04 16:14:24,672 epoch=187 step=3200 loss_G=1.6584 loss_D_A=0.0907 loss_D_B=0.0421 cycle=0.0588 idt=0.0411 gnorm=25.505 dnorm=6.787 nan=0
2026-10-04 16:14:40,072 epoch=187 step=3300 loss_G=2.2493 loss_D_A=0.0620 loss_D_B=0.1834 cycle=0.0803 idt=0.0477 gnorm=24.017 dnorm=9.120 nan=0
2026-10-04 16:14:55,276 epoch=187 step=3400 loss_G=1.9896 loss_D_A=0.1536 loss_D_B=0.0982 cycle=0.0574 idt=0.0468 gnorm=36.241 dnorm=8.586 nan=0
2026-10-04 16:15:10,655 epoch=187 step=3500 loss_G=3.0626 loss_D_A=0.1136 loss_D_B=0.1139 cycle=0.0710 idt=0.0471 gnorm=36.119 dnorm=8.176 nan=0
2026-10-04 16:15:26,046 epoch=187 step=3600 loss_G=1.6885 loss_D_A=0.2603 loss_D_B=0.1508 cycle=0.0649 idt=0.0379 gnorm=22.861 dnorm=11.288 nan=0
2026-10-04 16:15:41,415 epoch=187 step=3700 loss_G=2.2188 loss_D_A=0.0883 loss_D_B=0.0487 cycle=0.0836 idt=0.0453 gnorm=36.780 dnorm=9.924 nan=0
2026-10-04 16:15:56,846 epoch=187 step=3800 loss_G=2.0721 loss_D_A=0.1125 loss_D_B=0.0606 cycle=0.0763 idt=0.0462 gnorm=21.511 dnorm=6.988 nan=0
2026-10-04 16:16:12,299 epoch=187 step=3900 loss_G=1.6700 loss_D_A=0.0973 loss_D_B=0.3516 cycle=0.0839 idt=0.0541 gnorm=44.444 dnorm=11.383 nan=0
2026-10-04 16:16:27,627 epoch=187 step=4000 loss_G=1.8418 loss_D_A=0.1083 loss_D_B=0.1204 cycle=0.0591 idt=0.0338 gnorm=18.693 dnorm=12.166 nan=0
2026-10-04 16:16:42,908 epoch=187 step=4100 loss_G=1.9236 loss_D_A=0.2185 loss_D_B=0.0723 cycle=0.0751 idt=0.0411 gnorm=21.592 dnorm=11.228 nan=0
2026-10-04 16:16:58,306 epoch=187 step=4200 loss_G=1.3946 loss_D_A=0.1182 loss_D_B=0.1139 cycle=0.0657 idt=0.0399 gnorm=20.936 dnorm=10.149 nan=0
2026-10-04 16:17:13,320 epoch=187 step=4300 loss_G=1.3586 loss_D_A=0.1894 loss_D_B=0.3589 cycle=0.0611 idt=0.0387 gnorm=19.613 dnorm=16.300 nan=0
2026-10-04 16:17:28,648 epoch=187 step=4400 loss_G=2.1020 loss_D_A=0.1017 loss_D_B=0.0309 cycle=0.0718 idt=0.0395 gnorm=27.615 dnorm=8.048 nan=0
2026-10-04 16:17:43,941 epoch=187 step=4500 loss_G=3.3222 loss_D_A=0.0932 loss_D_B=0.0278 cycle=0.0753 idt=0.0460 gnorm=36.359 dnorm=4.220 nan=0
2026-10-04 16:17:59,076 epoch=187 step=4600 loss_G=2.0323 loss_D_A=0.0707 loss_D_B=0.4904 cycle=0.0663 idt=0.0353 gnorm=28.414 dnorm=13.339 nan=0
2026-10-04 16:18:14,395 epoch=187 step=4700 loss_G=2.4422 loss_D_A=0.0681 loss_D_B=0.1423 cycle=0.0538 idt=0.0387 gnorm=32.827 dnorm=10.342 nan=0
2026-10-04 16:18:29,755 epoch=187 step=4800 loss_G=1.7198 loss_D_A=0.3967 loss_D_B=0.0679 cycle=0.0686 idt=0.0299 gnorm=32.191 dnorm=11.119 nan=0
2026-10-04 16:18:45,095 epoch=187 step=4900 loss_G=2.2427 loss_D_A=0.1531 loss_D_B=0.0764 cycle=0.0696 idt=0.0557 gnorm=32.326 dnorm=9.025 nan=0
2026-10-04 16:19:00,429 epoch=187 step=5000 loss_G=2.2855 loss_D_A=0.3055 loss_D_B=0.2691 cycle=0.0788 idt=0.0452 gnorm=23.929 dnorm=12.114 nan=0
2026-10-04 16:19:15,783 epoch=187 step=5100 loss_G=1.9746 loss_D_A=0.2772 loss_D_B=0.0447 cycle=0.0504 idt=0.0299 gnorm=37.426 dnorm=13.103 nan=0
2026-10-04 16:19:30,751 epoch=187 step=5200 loss_G=1.8513 loss_D_A=0.1123 loss_D_B=0.1111 cycle=0.0646 idt=0.0467 gnorm=20.789 dnorm=8.715 nan=0
2026-10-04 16:19:46,138 epoch=187 step=5300 loss_G=2.0429 loss_D_A=0.1183 loss_D_B=0.2364 cycle=0.0851 idt=0.0666 gnorm=34.328 dnorm=10.212 nan=0
2026-10-04 16:20:01,460 epoch=187 step=5400 loss_G=2.0830 loss_D_A=0.0774 loss_D_B=0.1892 cycle=0.0632 idt=0.0370 gnorm=20.278 dnorm=11.200 nan=0
2026-10-04 16:20:16,310 epoch=187 step=5500 loss_G=2.5315 loss_D_A=0.1648 loss_D_B=0.1436 cycle=0.0846 idt=0.0493 gnorm=28.120 dnorm=11.551 nan=0
2026-10-04 16:20:31,398 epoch=187 step=5600 loss_G=2.0352 loss_D_A=0.0691 loss_D_B=0.0962 cycle=0.0759 idt=0.0494 gnorm=20.627 dnorm=7.423 nan=0
2026-10-04 16:20:46,481 epoch=187 step=5700 loss_G=2.0727 loss_D_A=0.2241 loss_D_B=0.2648 cycle=0.0639 idt=0.0387 gnorm=28.822 dnorm=15.377 nan=0
2026-10-04 16:21:01,759 epoch=187 step=5800 loss_G=1.6929 loss_D_A=0.0965 loss_D_B=0.1979 cycle=0.0622 idt=0.0379 gnorm=24.591 dnorm=11.145 nan=0
2026-10-04 16:21:16,787 epoch=187 step=5900 loss_G=2.0768 loss_D_A=0.2870 loss_D_B=0.2379 cycle=0.0729 idt=0.0541 gnorm=34.412 dnorm=19.071 nan=0
2026-10-04 16:21:32,143 epoch=187 step=6000 loss_G=2.0708 loss_D_A=0.0375 loss_D_B=0.2775 cycle=0.0816 idt=0.0512 gnorm=28.331 dnorm=7.351 nan=0
2026-10-04 16:21:47,433 epoch=187 step=6100 loss_G=1.7219 loss_D_A=0.3051 loss_D_B=0.1595 cycle=0.0647 idt=0.0384 gnorm=25.702 dnorm=19.401 nan=0
2026-10-04 16:22:02,446 epoch=187 step=6200 loss_G=1.8732 loss_D_A=0.3109 loss_D_B=0.1167 cycle=0.0757 idt=0.0396 gnorm=37.856 dnorm=10.873 nan=0
2026-10-04 16:22:17,613 epoch=187 step=6300 loss_G=1.3163 loss_D_A=0.1425 loss_D_B=0.2089 cycle=0.0687 idt=0.0437 gnorm=19.510 dnorm=12.397 nan=0
2026-10-04 16:22:32,378 epoch=187 step=6400 loss_G=2.5656 loss_D_A=0.0386 loss_D_B=0.1722 cycle=0.0830 idt=0.0466 gnorm=22.260 dnorm=8.734 nan=0
2026-10-04 16:22:38,218 epoch_mean={'g': 2.0680919503824944, 'd_a': 0.13595404718262175, 'd_b': 0.14357073790688588, 'cycle': 0.07247931441004582, 'identity': 0.043913941681107294, 'epoch': 187}
2026-10-04 16:22:38,842 epoch=188 step=1 loss_G=1.9688 loss_D_A=0.1079 loss_D_B=0.0976 cycle=0.0627 idt=0.0451 gnorm=22.133 dnorm=8.821 nan=0
2026-10-04 16:22:53,991 epoch=188 step=100 loss_G=1.4528 loss_D_A=0.1759 loss_D_B=0.1465 cycle=0.0691 idt=0.0405 gnorm=21.820 dnorm=12.166 nan=0
2026-10-04 16:23:09,336 epoch=188 step=200 loss_G=1.4327 loss_D_A=0.0908 loss_D_B=0.1067 cycle=0.0679 idt=0.0354 gnorm=25.232 dnorm=10.093 nan=0
2026-10-04 16:23:24,503 epoch=188 step=300 loss_G=2.7149 loss_D_A=0.1412 loss_D_B=0.0200 cycle=0.0743 idt=0.0420 gnorm=26.400 dnorm=5.799 nan=0
2026-10-04 16:23:39,366 epoch=188 step=400 loss_G=1.7859 loss_D_A=0.0444 loss_D_B=0.1183 cycle=0.0735 idt=0.0436 gnorm=30.884 dnorm=8.894 nan=0
2026-10-04 16:23:54,247 epoch=188 step=500 loss_G=1.6175 loss_D_A=0.0789 loss_D_B=0.1347 cycle=0.0643 idt=0.0374 gnorm=14.142 dnorm=8.932 nan=0
2026-10-04 16:24:09,585 epoch=188 step=600 loss_G=1.7093 loss_D_A=0.2430 loss_D_B=0.1764 cycle=0.0521 idt=0.0536 gnorm=37.714 dnorm=13.799 nan=0
2026-10-04 16:24:24,896 epoch=188 step=700 loss_G=1.7710 loss_D_A=0.0873 loss_D_B=0.1751 cycle=0.0678 idt=0.0442 gnorm=19.394 dnorm=9.597 nan=0
2026-10-04 16:24:40,207 epoch=188 step=800 loss_G=2.1568 loss_D_A=0.0542 loss_D_B=0.0482 cycle=0.0724 idt=0.0538 gnorm=21.641 dnorm=4.249 nan=0
2026-10-04 16:24:55,550 epoch=188 step=900 loss_G=1.8966 loss_D_A=0.0623 loss_D_B=0.1743 cycle=0.0632 idt=0.0449 gnorm=22.429 dnorm=8.563 nan=0
2026-10-04 16:25:10,829 epoch=188 step=1000 loss_G=2.0806 loss_D_A=0.0341 loss_D_B=0.2041 cycle=0.0735 idt=0.0402 gnorm=26.578 dnorm=8.077 nan=0
2026-10-04 16:25:26,154 epoch=188 step=1100 loss_G=1.6819 loss_D_A=0.1725 loss_D_B=0.3714 cycle=0.0801 idt=0.0484 gnorm=16.768 dnorm=13.770 nan=0
2026-10-04 16:25:41,518 epoch=188 step=1200 loss_G=1.9398 loss_D_A=0.0711 loss_D_B=0.0913 cycle=0.0793 idt=0.0385 gnorm=22.857 dnorm=11.656 nan=0
2026-10-04 16:25:56,800 epoch=188 step=1300 loss_G=1.6471 loss_D_A=0.2522 loss_D_B=0.5008 cycle=0.0660 idt=0.0397 gnorm=18.325 dnorm=19.426 nan=0
2026-10-04 16:26:12,094 epoch=188 step=1400 loss_G=1.9544 loss_D_A=0.1510 loss_D_B=0.2358 cycle=0.0781 idt=0.0472 gnorm=15.891 dnorm=10.209 nan=0
2026-10-04 16:26:26,989 epoch=188 step=1500 loss_G=2.1149 loss_D_A=0.1665 loss_D_B=0.0719 cycle=0.0778 idt=0.0634 gnorm=38.146 dnorm=8.452 nan=0
2026-10-04 16:26:42,296 epoch=188 step=1600 loss_G=2.3953 loss_D_A=0.0589 loss_D_B=0.1266 cycle=0.0677 idt=0.0353 gnorm=28.308 dnorm=8.563 nan=0
2026-10-04 16:26:57,570 epoch=188 step=1700 loss_G=1.6345 loss_D_A=0.1447 loss_D_B=0.0960 cycle=0.0662 idt=0.0333 gnorm=27.799 dnorm=15.060 nan=0
2026-10-04 16:27:12,779 epoch=188 step=1800 loss_G=2.2921 loss_D_A=0.1757 loss_D_B=0.0606 cycle=0.0644 idt=0.0329 gnorm=38.709 dnorm=9.393 nan=0
2026-10-04 16:27:27,654 epoch=188 step=1900 loss_G=1.9230 loss_D_A=0.1544 loss_D_B=0.2500 cycle=0.0839 idt=0.0550 gnorm=33.137 dnorm=12.353 nan=0
2026-10-04 16:27:42,913 epoch=188 step=2000 loss_G=2.4357 loss_D_A=0.0996 loss_D_B=0.1527 cycle=0.0791 idt=0.0510 gnorm=41.127 dnorm=7.339 nan=0
2026-10-04 16:27:58,202 epoch=188 step=2100 loss_G=2.1628 loss_D_A=0.2211 loss_D_B=0.1787 cycle=0.0847 idt=0.0483 gnorm=23.804 dnorm=9.911 nan=0
2026-10-04 16:28:13,484 epoch=188 step=2200 loss_G=2.3049 loss_D_A=0.1787 loss_D_B=0.3298 cycle=0.0942 idt=0.0448 gnorm=43.516 dnorm=18.769 nan=0
2026-10-04 16:28:28,620 epoch=188 step=2300 loss_G=2.4905 loss_D_A=0.0505 loss_D_B=0.0925 cycle=0.0784 idt=0.0461 gnorm=38.937 dnorm=5.195 nan=0
2026-10-04 16:28:43,938 epoch=188 step=2400 loss_G=2.2364 loss_D_A=0.1825 loss_D_B=0.2319 cycle=0.0697 idt=0.0379 gnorm=25.824 dnorm=7.944 nan=0
2026-10-04 16:28:59,221 epoch=188 step=2500 loss_G=2.7753 loss_D_A=0.1757 loss_D_B=0.1169 cycle=0.0690 idt=0.0398 gnorm=21.700 dnorm=9.150 nan=0
2026-10-04 16:29:14,509 epoch=188 step=2600 loss_G=1.7644 loss_D_A=0.0577 loss_D_B=0.1344 cycle=0.0684 idt=0.0360 gnorm=29.570 dnorm=10.871 nan=0
2026-10-04 16:29:29,807 epoch=188 step=2700 loss_G=2.4250 loss_D_A=0.1280 loss_D_B=0.0666 cycle=0.0764 idt=0.0450 gnorm=26.236 dnorm=6.964 nan=0
2026-10-04 16:29:45,073 epoch=188 step=2800 loss_G=2.5556 loss_D_A=0.0314 loss_D_B=0.1449 cycle=0.0870 idt=0.0489 gnorm=41.995 dnorm=9.800 nan=0
2026-10-04 16:30:00,337 epoch=188 step=2900 loss_G=1.5018 loss_D_A=0.1865 loss_D_B=0.0968 cycle=0.0695 idt=0.0320 gnorm=29.151 dnorm=9.780 nan=0
2026-10-04 16:30:15,660 epoch=188 step=3000 loss_G=1.6521 loss_D_A=0.2873 loss_D_B=0.1728 cycle=0.0748 idt=0.0461 gnorm=19.565 dnorm=13.069 nan=0
2026-10-04 16:30:30,945 epoch=188 step=3100 loss_G=1.9093 loss_D_A=0.1490 loss_D_B=0.1679 cycle=0.0684 idt=0.0384 gnorm=25.819 dnorm=9.485 nan=0
2026-10-04 16:30:46,208 epoch=188 step=3200 loss_G=1.6941 loss_D_A=0.1150 loss_D_B=0.0285 cycle=0.0506 idt=0.0239 gnorm=33.375 dnorm=7.073 nan=0
2026-10-04 16:31:01,556 epoch=188 step=3300 loss_G=1.8705 loss_D_A=0.1125 loss_D_B=0.1815 cycle=0.0758 idt=0.0472 gnorm=18.833 dnorm=9.886 nan=0
2026-10-04 16:31:16,721 epoch=188 step=3400 loss_G=1.9097 loss_D_A=0.0417 loss_D_B=0.1254 cycle=0.0722 idt=0.0348 gnorm=30.821 dnorm=5.911 nan=0
2026-10-04 16:31:31,882 epoch=188 step=3500 loss_G=1.5387 loss_D_A=0.1824 loss_D_B=0.1660 cycle=0.0783 idt=0.0515 gnorm=18.637 dnorm=12.150 nan=0
2026-10-04 16:31:47,203 epoch=188 step=3600 loss_G=1.9824 loss_D_A=0.0332 loss_D_B=0.2454 cycle=0.0847 idt=0.0603 gnorm=28.309 dnorm=6.955 nan=0
2026-10-04 16:32:02,550 epoch=188 step=3700 loss_G=1.8147 loss_D_A=0.1369 loss_D_B=0.1395 cycle=0.0564 idt=0.0306 gnorm=34.950 dnorm=9.133 nan=0
2026-10-04 16:32:17,799 epoch=188 step=3800 loss_G=1.9610 loss_D_A=0.1287 loss_D_B=0.0623 cycle=0.0606 idt=0.0363 gnorm=24.163 dnorm=6.977 nan=0
2026-10-04 16:32:33,095 epoch=188 step=3900 loss_G=1.6783 loss_D_A=0.1911 loss_D_B=0.2574 cycle=0.0584 idt=0.0350 gnorm=17.721 dnorm=11.665 nan=0
2026-10-04 16:32:48,455 epoch=188 step=4000 loss_G=2.3136 loss_D_A=0.1403 loss_D_B=0.0339 cycle=0.0926 idt=0.0549 gnorm=22.702 dnorm=6.914 nan=0
2026-10-04 16:33:03,711 epoch=188 step=4100 loss_G=1.9063 loss_D_A=0.0658 loss_D_B=0.0460 cycle=0.0657 idt=0.0286 gnorm=29.193 dnorm=7.356 nan=0
2026-10-04 16:33:19,020 epoch=188 step=4200 loss_G=1.8285 loss_D_A=0.0581 loss_D_B=0.1594 cycle=0.0639 idt=0.0338 gnorm=29.200 dnorm=6.806 nan=0
2026-10-04 16:33:33,906 epoch=188 step=4300 loss_G=1.7123 loss_D_A=0.1890 loss_D_B=0.0720 cycle=0.0782 idt=0.0387 gnorm=28.054 dnorm=8.702 nan=0
2026-10-04 16:33:48,681 epoch=188 step=4400 loss_G=1.5189 loss_D_A=0.0752 loss_D_B=0.0470 cycle=0.0668 idt=0.0324 gnorm=20.185 dnorm=6.830 nan=0
2026-10-04 16:34:03,940 epoch=188 step=4500 loss_G=1.5987 loss_D_A=0.1332 loss_D_B=0.1611 cycle=0.0670 idt=0.0435 gnorm=19.699 dnorm=8.613 nan=0
2026-10-04 16:34:19,289 epoch=188 step=4600 loss_G=1.5451 loss_D_A=0.1973 loss_D_B=0.0649 cycle=0.0667 idt=0.0377 gnorm=31.389 dnorm=9.297 nan=0
2026-10-04 16:34:34,569 epoch=188 step=4700 loss_G=2.2412 loss_D_A=0.0927 loss_D_B=0.2420 cycle=0.0908 idt=0.0742 gnorm=37.587 dnorm=16.313 nan=0
2026-10-04 16:34:49,839 epoch=188 step=4800 loss_G=2.6724 loss_D_A=0.0739 loss_D_B=0.1516 cycle=0.0852 idt=0.0487 gnorm=39.282 dnorm=9.015 nan=0
2026-10-04 16:35:04,628 epoch=188 step=4900 loss_G=2.3823 loss_D_A=0.2244 loss_D_B=0.1567 cycle=0.0603 idt=0.0375 gnorm=23.068 dnorm=14.496 nan=0
2026-10-04 16:35:19,898 epoch=188 step=5000 loss_G=1.6948 loss_D_A=0.1863 loss_D_B=0.1621 cycle=0.0545 idt=0.0265 gnorm=35.907 dnorm=13.036 nan=0
2026-10-04 16:35:35,170 epoch=188 step=5100 loss_G=1.6731 loss_D_A=0.0530 loss_D_B=0.0962 cycle=0.0636 idt=0.0451 gnorm=21.282 dnorm=9.142 nan=0
2026-10-04 16:35:50,480 epoch=188 step=5200 loss_G=2.1742 loss_D_A=0.1027 loss_D_B=0.0583 cycle=0.0726 idt=0.0485 gnorm=25.391 dnorm=7.996 nan=0
2026-10-04 16:36:05,526 epoch=188 step=5300 loss_G=2.1643 loss_D_A=0.2924 loss_D_B=0.0496 cycle=0.0663 idt=0.0412 gnorm=33.150 dnorm=21.704 nan=0
2026-10-04 16:36:20,703 epoch=188 step=5400 loss_G=1.6058 loss_D_A=0.0455 loss_D_B=0.0992 cycle=0.0594 idt=0.0351 gnorm=20.317 dnorm=5.178 nan=0
2026-10-04 16:36:35,570 epoch=188 step=5500 loss_G=1.4280 loss_D_A=0.2078 loss_D_B=0.0346 cycle=0.0706 idt=0.0395 gnorm=30.708 dnorm=10.013 nan=0
2026-10-04 16:36:50,538 epoch=188 step=5600 loss_G=2.3486 loss_D_A=0.0492 loss_D_B=0.0442 cycle=0.0616 idt=0.0290 gnorm=27.375 dnorm=4.228 nan=0
2026-10-04 16:37:05,614 epoch=188 step=5700 loss_G=2.0728 loss_D_A=0.0704 loss_D_B=0.2777 cycle=0.0856 idt=0.0483 gnorm=18.302 dnorm=7.906 nan=0
2026-10-04 16:37:20,445 epoch=188 step=5800 loss_G=1.8444 loss_D_A=0.2516 loss_D_B=0.0307 cycle=0.0566 idt=0.0419 gnorm=41.296 dnorm=10.543 nan=0
2026-10-04 16:37:35,509 epoch=188 step=5900 loss_G=2.4775 loss_D_A=0.0787 loss_D_B=0.1870 cycle=0.0800 idt=0.0575 gnorm=40.428 dnorm=12.669 nan=0
2026-10-04 16:37:50,831 epoch=188 step=6000 loss_G=1.8918 loss_D_A=0.1100 loss_D_B=0.0894 cycle=0.0694 idt=0.0440 gnorm=22.621 dnorm=11.233 nan=0
2026-10-04 16:38:06,173 epoch=188 step=6100 loss_G=2.3552 loss_D_A=0.1180 loss_D_B=0.1189 cycle=0.0693 idt=0.0335 gnorm=30.769 dnorm=12.799 nan=0
2026-10-04 16:38:21,470 epoch=188 step=6200 loss_G=2.3204 loss_D_A=0.0449 loss_D_B=0.0826 cycle=0.0681 idt=0.0377 gnorm=29.151 dnorm=5.393 nan=0
2026-10-04 16:38:36,757 epoch=188 step=6300 loss_G=1.8680 loss_D_A=0.1706 loss_D_B=0.1777 cycle=0.0841 idt=0.0556 gnorm=29.784 dnorm=13.169 nan=0
2026-10-04 16:38:52,097 epoch=188 step=6400 loss_G=1.5298 loss_D_A=0.0348 loss_D_B=0.2681 cycle=0.0756 idt=0.0372 gnorm=41.488 dnorm=7.371 nan=0
2026-10-04 16:38:57,906 epoch_mean={'g': 2.059998373912706, 'd_a': 0.13297173368816015, 'd_b': 0.14438616114767786, 'cycle': 0.07197133751899125, 'identity': 0.043515388178284695, 'epoch': 188}
2026-10-04 16:38:58,502 epoch=189 step=1 loss_G=2.1211 loss_D_A=0.0607 loss_D_B=0.0571 cycle=0.0872 idt=0.0508 gnorm=28.126 dnorm=6.199 nan=0
2026-10-04 16:39:13,714 epoch=189 step=100 loss_G=2.5172 loss_D_A=0.0484 loss_D_B=0.0965 cycle=0.0674 idt=0.0428 gnorm=34.983 dnorm=6.488 nan=0
2026-10-04 16:39:28,975 epoch=189 step=200 loss_G=2.4274 loss_D_A=0.1015 loss_D_B=0.0329 cycle=0.0698 idt=0.0515 gnorm=41.591 dnorm=6.480 nan=0
2026-10-04 16:39:44,346 epoch=189 step=300 loss_G=1.7408 loss_D_A=0.1389 loss_D_B=0.1504 cycle=0.0542 idt=0.0315 gnorm=30.898 dnorm=10.918 nan=0
2026-10-04 16:39:59,787 epoch=189 step=400 loss_G=2.4328 loss_D_A=0.1088 loss_D_B=0.1501 cycle=0.0744 idt=0.0403 gnorm=21.586 dnorm=10.040 nan=0
2026-10-04 16:40:15,060 epoch=189 step=500 loss_G=1.7175 loss_D_A=0.1662 loss_D_B=0.0371 cycle=0.0750 idt=0.0540 gnorm=42.894 dnorm=7.601 nan=0
2026-10-04 16:40:30,363 epoch=189 step=600 loss_G=1.8844 loss_D_A=0.1247 loss_D_B=0.1063 cycle=0.0638 idt=0.0344 gnorm=22.668 dnorm=10.142 nan=0
2026-10-04 16:40:45,731 epoch=189 step=700 loss_G=2.2520 loss_D_A=0.3008 loss_D_B=0.0846 cycle=0.0908 idt=0.0506 gnorm=40.768 dnorm=11.900 nan=0
2026-10-04 16:41:00,683 epoch=189 step=800 loss_G=1.9759 loss_D_A=0.1527 loss_D_B=0.0645 cycle=0.0511 idt=0.0252 gnorm=31.696 dnorm=10.238 nan=0
2026-10-04 16:41:15,997 epoch=189 step=900 loss_G=2.6583 loss_D_A=0.1650 loss_D_B=0.2507 cycle=0.0869 idt=0.0530 gnorm=34.004 dnorm=9.802 nan=0
2026-10-04 16:41:31,447 epoch=189 step=1000 loss_G=2.8376 loss_D_A=0.0917 loss_D_B=0.0564 cycle=0.0767 idt=0.0438 gnorm=40.388 dnorm=6.720 nan=0
2026-10-04 16:41:46,726 epoch=189 step=1100 loss_G=2.1460 loss_D_A=0.1177 loss_D_B=0.1148 cycle=0.0675 idt=0.0421 gnorm=26.147 dnorm=8.197 nan=0
2026-10-04 16:42:01,537 epoch=189 step=1200 loss_G=1.9962 loss_D_A=0.0292 loss_D_B=0.1943 cycle=0.0833 idt=0.0520 gnorm=34.953 dnorm=13.369 nan=0
2026-10-04 16:42:16,761 epoch=189 step=1300 loss_G=1.6448 loss_D_A=0.1213 loss_D_B=0.1043 cycle=0.0711 idt=0.0431 gnorm=44.953 dnorm=9.765 nan=0
2026-10-04 16:42:31,464 epoch=189 step=1400 loss_G=2.1765 loss_D_A=0.2882 loss_D_B=0.2750 cycle=0.0770 idt=0.0500 gnorm=21.906 dnorm=12.035 nan=0
2026-10-04 16:42:46,752 epoch=189 step=1500 loss_G=1.8419 loss_D_A=0.0745 loss_D_B=0.2019 cycle=0.0699 idt=0.0429 gnorm=31.397 dnorm=13.795 nan=0
2026-10-04 16:43:01,981 epoch=189 step=1600 loss_G=2.1306 loss_D_A=0.1760 loss_D_B=0.1317 cycle=0.0852 idt=0.0504 gnorm=30.133 dnorm=13.935 nan=0
2026-10-04 16:43:16,701 epoch=189 step=1700 loss_G=2.2556 loss_D_A=0.1598 loss_D_B=0.1306 cycle=0.0814 idt=0.0486 gnorm=17.123 dnorm=8.422 nan=0
2026-10-04 16:43:31,956 epoch=189 step=1800 loss_G=2.2985 loss_D_A=0.1709 loss_D_B=0.1697 cycle=0.0698 idt=0.0453 gnorm=26.390 dnorm=8.542 nan=0
2026-10-04 16:43:47,255 epoch=189 step=1900 loss_G=2.8013 loss_D_A=0.0667 loss_D_B=0.1625 cycle=0.0944 idt=0.0535 gnorm=26.676 dnorm=8.005 nan=0
2026-10-04 16:44:02,514 epoch=189 step=2000 loss_G=2.4225 loss_D_A=0.0860 loss_D_B=0.1857 cycle=0.0800 idt=0.0581 gnorm=25.380 dnorm=7.524 nan=0
2026-10-04 16:44:17,855 epoch=189 step=2100 loss_G=2.2275 loss_D_A=0.0886 loss_D_B=0.1111 cycle=0.0814 idt=0.0548 gnorm=40.923 dnorm=8.556 nan=0
2026-10-04 16:44:33,155 epoch=189 step=2200 loss_G=1.9245 loss_D_A=0.1589 loss_D_B=0.1788 cycle=0.0600 idt=0.0350 gnorm=26.341 dnorm=9.052 nan=0
2026-10-04 16:44:48,274 epoch=189 step=2300 loss_G=2.0916 loss_D_A=0.1408 loss_D_B=0.2228 cycle=0.0586 idt=0.0444 gnorm=30.007 dnorm=12.746 nan=0
2026-10-04 16:45:03,403 epoch=189 step=2400 loss_G=2.8052 loss_D_A=0.0634 loss_D_B=0.0821 cycle=0.1160 idt=0.1031 gnorm=33.270 dnorm=6.224 nan=0
2026-10-04 16:45:18,777 epoch=189 step=2500 loss_G=1.8963 loss_D_A=0.3085 loss_D_B=0.1572 cycle=0.0530 idt=0.0289 gnorm=34.601 dnorm=12.307 nan=0
2026-10-04 16:45:34,041 epoch=189 step=2600 loss_G=2.4666 loss_D_A=0.1544 loss_D_B=0.0342 cycle=0.0560 idt=0.0460 gnorm=43.476 dnorm=7.484 nan=0
2026-10-04 16:45:49,373 epoch=189 step=2700 loss_G=2.1293 loss_D_A=0.0474 loss_D_B=0.1604 cycle=0.0683 idt=0.0539 gnorm=21.058 dnorm=7.417 nan=0
2026-10-04 16:46:04,569 epoch=189 step=2800 loss_G=1.8834 loss_D_A=0.2296 loss_D_B=0.0959 cycle=0.0722 idt=0.0385 gnorm=23.552 dnorm=9.304 nan=0
2026-10-04 16:46:19,825 epoch=189 step=2900 loss_G=1.8091 loss_D_A=0.1355 loss_D_B=0.1532 cycle=0.0691 idt=0.0375 gnorm=18.613 dnorm=9.213 nan=0
2026-10-04 16:46:34,932 epoch=189 step=3000 loss_G=2.3102 loss_D_A=0.1004 loss_D_B=0.2080 cycle=0.0696 idt=0.0492 gnorm=26.025 dnorm=8.461 nan=0
2026-10-04 16:46:50,332 epoch=189 step=3100 loss_G=1.9238 loss_D_A=0.1948 loss_D_B=0.1153 cycle=0.0873 idt=0.0510 gnorm=17.248 dnorm=8.419 nan=0
2026-10-04 16:47:05,402 epoch=189 step=3200 loss_G=1.9065 loss_D_A=0.0916 loss_D_B=0.0926 cycle=0.0823 idt=0.0456 gnorm=28.744 dnorm=7.402 nan=0
2026-10-04 16:47:20,576 epoch=189 step=3300 loss_G=1.8419 loss_D_A=0.2160 loss_D_B=0.2469 cycle=0.0794 idt=0.0499 gnorm=29.875 dnorm=10.450 nan=0
2026-10-04 16:47:35,953 epoch=189 step=3400 loss_G=2.2556 loss_D_A=0.0979 loss_D_B=0.1128 cycle=0.0673 idt=0.0326 gnorm=22.676 dnorm=6.914 nan=0
2026-10-04 16:47:51,323 epoch=189 step=3500 loss_G=2.1353 loss_D_A=0.1308 loss_D_B=0.2481 cycle=0.0531 idt=0.0285 gnorm=36.984 dnorm=13.115 nan=0
2026-10-04 16:48:06,460 epoch=189 step=3600 loss_G=1.4323 loss_D_A=0.0668 loss_D_B=0.2042 cycle=0.0598 idt=0.0356 gnorm=32.732 dnorm=12.554 nan=0
2026-10-04 16:48:21,789 epoch=189 step=3700 loss_G=2.0507 loss_D_A=0.1017 loss_D_B=0.1839 cycle=0.0740 idt=0.0478 gnorm=24.645 dnorm=11.975 nan=0
2026-10-04 16:48:37,141 epoch=189 step=3800 loss_G=1.7376 loss_D_A=0.1145 loss_D_B=0.0677 cycle=0.0709 idt=0.0468 gnorm=37.207 dnorm=5.392 nan=0
2026-10-04 16:48:52,472 epoch=189 step=3900 loss_G=2.8010 loss_D_A=0.2434 loss_D_B=0.1597 cycle=0.0961 idt=0.0555 gnorm=38.854 dnorm=11.207 nan=0
2026-10-04 16:49:08,278 epoch=189 step=4000 loss_G=2.5533 loss_D_A=0.0753 loss_D_B=0.0640 cycle=0.0824 idt=0.0423 gnorm=23.831 dnorm=5.701 nan=0
2026-10-04 16:49:23,650 epoch=189 step=4100 loss_G=2.5741 loss_D_A=0.2352 loss_D_B=0.0662 cycle=0.0820 idt=0.0445 gnorm=27.320 dnorm=9.536 nan=0
2026-10-04 16:49:38,931 epoch=189 step=4200 loss_G=1.6323 loss_D_A=0.0761 loss_D_B=0.1495 cycle=0.0627 idt=0.0321 gnorm=22.176 dnorm=12.117 nan=0
2026-10-04 16:49:54,158 epoch=189 step=4300 loss_G=1.5922 loss_D_A=0.1648 loss_D_B=0.2898 cycle=0.0687 idt=0.0472 gnorm=20.660 dnorm=15.161 nan=0
2026-10-04 16:50:09,492 epoch=189 step=4400 loss_G=2.8268 loss_D_A=0.1158 loss_D_B=0.1397 cycle=0.0911 idt=0.1056 gnorm=45.559 dnorm=9.721 nan=0
2026-10-04 16:50:24,768 epoch=189 step=4500 loss_G=2.1710 loss_D_A=0.1123 loss_D_B=0.2009 cycle=0.0791 idt=0.0351 gnorm=36.148 dnorm=14.699 nan=0
2026-10-04 16:50:39,903 epoch=189 step=4600 loss_G=1.8908 loss_D_A=0.0837 loss_D_B=0.0397 cycle=0.0744 idt=0.0367 gnorm=40.806 dnorm=4.419 nan=0
2026-10-04 16:50:55,174 epoch=189 step=4700 loss_G=1.4687 loss_D_A=0.1676 loss_D_B=0.1370 cycle=0.0563 idt=0.0307 gnorm=24.203 dnorm=13.425 nan=0
2026-10-04 16:51:10,437 epoch=189 step=4800 loss_G=1.5100 loss_D_A=0.3244 loss_D_B=0.7095 cycle=0.0556 idt=0.0390 gnorm=26.678 dnorm=25.520 nan=0
2026-10-04 16:51:25,805 epoch=189 step=4900 loss_G=1.8925 loss_D_A=0.0906 loss_D_B=0.2007 cycle=0.0669 idt=0.0400 gnorm=37.430 dnorm=9.980 nan=0
2026-10-04 16:51:41,100 epoch=189 step=5000 loss_G=1.7439 loss_D_A=0.0692 loss_D_B=0.1304 cycle=0.0776 idt=0.0404 gnorm=26.665 dnorm=10.592 nan=0
2026-10-04 16:51:56,353 epoch=189 step=5100 loss_G=2.4592 loss_D_A=0.0444 loss_D_B=0.1162 cycle=0.0877 idt=0.0495 gnorm=40.218 dnorm=6.891 nan=0
2026-10-04 16:52:11,371 epoch=189 step=5200 loss_G=1.5388 loss_D_A=0.0480 loss_D_B=0.0934 cycle=0.0590 idt=0.0315 gnorm=16.707 dnorm=7.452 nan=0
2026-10-04 16:52:26,311 epoch=189 step=5300 loss_G=2.3042 loss_D_A=0.1475 loss_D_B=0.0313 cycle=0.0771 idt=0.0498 gnorm=26.793 dnorm=7.984 nan=0
2026-10-04 16:52:41,352 epoch=189 step=5400 loss_G=2.3304 loss_D_A=0.0389 loss_D_B=0.2114 cycle=0.0891 idt=0.0571 gnorm=41.951 dnorm=11.026 nan=0
2026-10-04 16:52:56,709 epoch=189 step=5500 loss_G=2.4324 loss_D_A=0.1116 loss_D_B=0.1701 cycle=0.0820 idt=0.0526 gnorm=44.417 dnorm=10.782 nan=0
2026-10-04 16:53:12,024 epoch=189 step=5600 loss_G=1.9520 loss_D_A=0.1266 loss_D_B=0.0809 cycle=0.0711 idt=0.0385 gnorm=36.828 dnorm=8.240 nan=0
2026-10-04 16:53:27,281 epoch=189 step=5700 loss_G=2.4537 loss_D_A=0.2369 loss_D_B=0.1608 cycle=0.0635 idt=0.0361 gnorm=22.994 dnorm=10.050 nan=0
2026-10-04 16:53:42,463 epoch=189 step=5800 loss_G=2.0855 loss_D_A=0.1242 loss_D_B=0.0589 cycle=0.1245 idt=0.0756 gnorm=36.975 dnorm=8.423 nan=0
2026-10-04 16:53:57,813 epoch=189 step=5900 loss_G=1.9189 loss_D_A=0.1403 loss_D_B=0.1686 cycle=0.0556 idt=0.0380 gnorm=23.110 dnorm=14.174 nan=0
2026-10-04 16:54:12,921 epoch=189 step=6000 loss_G=2.1977 loss_D_A=0.1154 loss_D_B=0.0936 cycle=0.0734 idt=0.0379 gnorm=22.558 dnorm=10.892 nan=0
2026-10-04 16:54:28,232 epoch=189 step=6100 loss_G=1.8037 loss_D_A=0.0785 loss_D_B=0.1393 cycle=0.0644 idt=0.0369 gnorm=22.212 dnorm=8.035 nan=0
2026-10-04 16:54:43,552 epoch=189 step=6200 loss_G=2.0817 loss_D_A=0.0815 loss_D_B=0.0845 cycle=0.0644 idt=0.0384 gnorm=39.752 dnorm=8.765 nan=0
2026-10-04 16:54:58,862 epoch=189 step=6300 loss_G=2.1399 loss_D_A=0.0733 loss_D_B=0.1655 cycle=0.0926 idt=0.0403 gnorm=37.604 dnorm=14.734 nan=0
2026-10-04 16:55:14,187 epoch=189 step=6400 loss_G=1.6995 loss_D_A=0.2018 loss_D_B=0.0827 cycle=0.0615 idt=0.0500 gnorm=41.060 dnorm=15.363 nan=0
2026-10-04 16:55:19,982 epoch_mean={'g': 2.060809900687325, 'd_a': 0.13437988432937248, 'd_b': 0.14541077058335275, 'cycle': 0.07199174419401891, 'identity': 0.04321062953696558, 'epoch': 189}
2026-10-04 16:55:20,598 epoch=190 step=1 loss_G=2.5783 loss_D_A=0.0557 loss_D_B=0.0792 cycle=0.0677 idt=0.0366 gnorm=27.953 dnorm=5.428 nan=0
2026-10-04 16:55:35,624 epoch=190 step=100 loss_G=1.7593 loss_D_A=0.3735 loss_D_B=0.0860 cycle=0.0867 idt=0.0634 gnorm=19.126 dnorm=18.358 nan=0
2026-10-04 16:55:50,959 epoch=190 step=200 loss_G=1.9258 loss_D_A=0.1741 loss_D_B=0.1202 cycle=0.0714 idt=0.0403 gnorm=20.928 dnorm=13.420 nan=0
2026-10-04 16:56:05,936 epoch=190 step=300 loss_G=1.9443 loss_D_A=0.0936 loss_D_B=0.6323 cycle=0.0604 idt=0.0349 gnorm=30.561 dnorm=10.796 nan=0
2026-10-04 16:56:20,938 epoch=190 step=400 loss_G=1.5433 loss_D_A=0.0742 loss_D_B=0.1343 cycle=0.0482 idt=0.0307 gnorm=25.456 dnorm=8.055 nan=0
2026-10-04 16:56:36,128 epoch=190 step=500 loss_G=1.6654 loss_D_A=0.1668 loss_D_B=0.3978 cycle=0.0638 idt=0.0352 gnorm=27.165 dnorm=15.423 nan=0
2026-10-04 16:56:51,429 epoch=190 step=600 loss_G=2.4602 loss_D_A=0.0467 loss_D_B=0.0417 cycle=0.0759 idt=0.0613 gnorm=41.025 dnorm=4.743 nan=0
2026-10-04 16:57:06,788 epoch=190 step=700 loss_G=1.5355 loss_D_A=0.1677 loss_D_B=0.0923 cycle=0.0587 idt=0.0316 gnorm=25.010 dnorm=11.360 nan=0
2026-10-04 16:57:22,122 epoch=190 step=800 loss_G=2.3763 loss_D_A=0.1823 loss_D_B=0.1522 cycle=0.0730 idt=0.0473 gnorm=24.618 dnorm=12.650 nan=0
2026-10-04 16:57:36,984 epoch=190 step=900 loss_G=2.2348 loss_D_A=0.1508 loss_D_B=0.3261 cycle=0.0675 idt=0.0350 gnorm=40.321 dnorm=19.001 nan=0
2026-10-04 16:57:52,124 epoch=190 step=1000 loss_G=2.1619 loss_D_A=0.0811 loss_D_B=0.1056 cycle=0.0768 idt=0.0450 gnorm=23.850 dnorm=7.638 nan=0
2026-10-04 16:58:07,191 epoch=190 step=1100 loss_G=1.9746 loss_D_A=0.1264 loss_D_B=0.1014 cycle=0.0651 idt=0.0381 gnorm=49.204 dnorm=10.370 nan=0
2026-10-04 16:58:22,449 epoch=190 step=1200 loss_G=2.3748 loss_D_A=0.0816 loss_D_B=0.1584 cycle=0.0581 idt=0.0387 gnorm=38.657 dnorm=10.757 nan=0
2026-10-04 16:58:37,765 epoch=190 step=1300 loss_G=2.7351 loss_D_A=0.0929 loss_D_B=0.1267 cycle=0.0705 idt=0.0396 gnorm=35.765 dnorm=10.036 nan=0
2026-10-04 16:58:53,055 epoch=190 step=1400 loss_G=2.5980 loss_D_A=0.1062 loss_D_B=0.2467 cycle=0.0766 idt=0.0529 gnorm=27.706 dnorm=10.644 nan=0
2026-10-04 16:59:07,731 epoch=190 step=1500 loss_G=1.2047 loss_D_A=0.0545 loss_D_B=0.2468 cycle=0.0622 idt=0.0322 gnorm=20.009 dnorm=9.985 nan=0
2026-10-04 16:59:22,786 epoch=190 step=1600 loss_G=2.0829 loss_D_A=0.1263 loss_D_B=0.1931 cycle=0.0696 idt=0.0365 gnorm=38.744 dnorm=12.062 nan=0
2026-10-04 16:59:38,096 epoch=190 step=1700 loss_G=1.7679 loss_D_A=0.0720 loss_D_B=0.1269 cycle=0.0627 idt=0.0286 gnorm=28.337 dnorm=12.568 nan=0
2026-10-04 16:59:53,298 epoch=190 step=1800 loss_G=1.9302 loss_D_A=0.1105 loss_D_B=0.0649 cycle=0.0561 idt=0.0247 gnorm=40.646 dnorm=6.222 nan=0
2026-10-04 17:00:08,434 epoch=190 step=1900 loss_G=1.7382 loss_D_A=0.2247 loss_D_B=0.2144 cycle=0.0757 idt=0.0419 gnorm=18.050 dnorm=10.395 nan=0
2026-10-04 17:00:23,610 epoch=190 step=2000 loss_G=2.1678 loss_D_A=0.1399 loss_D_B=0.2297 cycle=0.0844 idt=0.0589 gnorm=25.934 dnorm=15.121 nan=0
2026-10-04 17:00:38,263 epoch=190 step=2100 loss_G=1.7533 loss_D_A=0.1755 loss_D_B=0.1538 cycle=0.0806 idt=0.0475 gnorm=23.467 dnorm=9.858 nan=0
2026-10-04 17:00:53,616 epoch=190 step=2200 loss_G=1.9127 loss_D_A=0.0396 loss_D_B=0.2364 cycle=0.0672 idt=0.0499 gnorm=29.285 dnorm=10.444 nan=0
2026-10-04 17:01:08,888 epoch=190 step=2300 loss_G=1.4781 loss_D_A=0.1766 loss_D_B=0.1396 cycle=0.0577 idt=0.0374 gnorm=22.635 dnorm=7.920 nan=0
2026-10-04 17:01:24,067 epoch=190 step=2400 loss_G=2.5147 loss_D_A=0.0627 loss_D_B=0.1105 cycle=0.0733 idt=0.0370 gnorm=36.400 dnorm=6.212 nan=0
2026-10-04 17:01:39,370 epoch=190 step=2500 loss_G=2.1171 loss_D_A=0.0932 loss_D_B=0.2205 cycle=0.0781 idt=0.0357 gnorm=26.702 dnorm=19.565 nan=0
2026-10-04 17:01:54,617 epoch=190 step=2600 loss_G=2.2794 loss_D_A=0.0605 loss_D_B=0.2286 cycle=0.0687 idt=0.0366 gnorm=28.035 dnorm=7.147 nan=0
2026-10-04 17:02:09,842 epoch=190 step=2700 loss_G=2.3887 loss_D_A=0.0408 loss_D_B=0.0484 cycle=0.0780 idt=0.0509 gnorm=28.713 dnorm=3.363 nan=0
2026-10-04 17:02:25,129 epoch=190 step=2800 loss_G=2.9261 loss_D_A=0.1311 loss_D_B=0.1934 cycle=0.0673 idt=0.0410 gnorm=23.919 dnorm=10.339 nan=0
2026-10-04 17:02:40,451 epoch=190 step=2900 loss_G=1.7635 loss_D_A=0.2174 loss_D_B=0.1070 cycle=0.0588 idt=0.0316 gnorm=23.833 dnorm=8.794 nan=0
2026-10-04 17:02:55,448 epoch=190 step=3000 loss_G=2.9266 loss_D_A=0.0639 loss_D_B=0.0989 cycle=0.0771 idt=0.0380 gnorm=34.132 dnorm=7.836 nan=0
2026-10-04 17:03:10,772 epoch=190 step=3100 loss_G=2.2601 loss_D_A=0.0604 loss_D_B=0.1225 cycle=0.0746 idt=0.0383 gnorm=36.064 dnorm=5.280 nan=0
2026-10-04 17:03:26,092 epoch=190 step=3200 loss_G=1.8720 loss_D_A=0.0550 loss_D_B=0.1554 cycle=0.0886 idt=0.0545 gnorm=24.371 dnorm=8.336 nan=0
2026-10-04 17:03:41,350 epoch=190 step=3300 loss_G=2.5751 loss_D_A=0.1198 loss_D_B=0.1839 cycle=0.0658 idt=0.0382 gnorm=28.857 dnorm=13.957 nan=0
2026-10-04 17:03:56,606 epoch=190 step=3400 loss_G=2.7723 loss_D_A=0.0847 loss_D_B=0.0323 cycle=0.1033 idt=0.0585 gnorm=18.749 dnorm=5.115 nan=0
2026-10-04 17:04:11,921 epoch=190 step=3500 loss_G=1.7360 loss_D_A=0.0437 loss_D_B=0.4261 cycle=0.0775 idt=0.0447 gnorm=18.922 dnorm=14.535 nan=0
2026-10-04 17:04:27,246 epoch=190 step=3600 loss_G=1.5037 loss_D_A=0.1390 loss_D_B=0.1655 cycle=0.0655 idt=0.0364 gnorm=16.643 dnorm=8.977 nan=0
2026-10-04 17:04:42,380 epoch=190 step=3700 loss_G=1.5375 loss_D_A=0.0918 loss_D_B=0.1587 cycle=0.0694 idt=0.0393 gnorm=21.313 dnorm=6.965 nan=0
2026-10-04 17:04:57,717 epoch=190 step=3800 loss_G=2.2471 loss_D_A=0.1339 loss_D_B=0.2057 cycle=0.0667 idt=0.0342 gnorm=24.393 dnorm=12.535 nan=0
2026-10-04 17:05:12,920 epoch=190 step=3900 loss_G=2.3027 loss_D_A=0.1182 loss_D_B=0.2173 cycle=0.0721 idt=0.0491 gnorm=30.930 dnorm=10.495 nan=0
2026-10-04 17:05:28,237 epoch=190 step=4000 loss_G=1.9567 loss_D_A=0.0909 loss_D_B=0.2973 cycle=0.0755 idt=0.0457 gnorm=23.588 dnorm=10.121 nan=0
2026-10-04 17:05:43,591 epoch=190 step=4100 loss_G=1.9824 loss_D_A=0.0425 loss_D_B=0.0854 cycle=0.0834 idt=0.0525 gnorm=31.461 dnorm=11.154 nan=0
2026-10-04 17:05:58,840 epoch=190 step=4200 loss_G=1.9042 loss_D_A=0.0405 loss_D_B=0.1032 cycle=0.0699 idt=0.0408 gnorm=32.356 dnorm=10.021 nan=0
2026-10-04 17:06:13,974 epoch=190 step=4300 loss_G=2.4264 loss_D_A=0.1519 loss_D_B=0.0740 cycle=0.0661 idt=0.0416 gnorm=37.327 dnorm=7.284 nan=0
2026-10-04 17:06:29,350 epoch=190 step=4400 loss_G=1.6721 loss_D_A=0.0841 loss_D_B=0.1119 cycle=0.0666 idt=0.0424 gnorm=22.400 dnorm=8.634 nan=0
2026-10-04 17:06:44,126 epoch=190 step=4500 loss_G=1.6420 loss_D_A=0.1937 loss_D_B=0.1378 cycle=0.0745 idt=0.0403 gnorm=23.373 dnorm=14.096 nan=0
2026-10-04 17:06:59,406 epoch=190 step=4600 loss_G=2.0368 loss_D_A=0.0690 loss_D_B=0.0475 cycle=0.0703 idt=0.0406 gnorm=25.246 dnorm=7.325 nan=0
2026-10-04 17:07:14,722 epoch=190 step=4700 loss_G=1.9648 loss_D_A=0.2535 loss_D_B=0.1037 cycle=0.0704 idt=0.0440 gnorm=25.702 dnorm=16.163 nan=0
2026-10-04 17:07:30,026 epoch=190 step=4800 loss_G=2.5430 loss_D_A=0.0349 loss_D_B=0.1421 cycle=0.0928 idt=0.0631 gnorm=31.990 dnorm=6.162 nan=0
2026-10-04 17:07:44,430 epoch=190 step=4900 loss_G=2.2746 loss_D_A=0.1411 loss_D_B=0.1986 cycle=0.0866 idt=0.0457 gnorm=30.190 dnorm=9.371 nan=0
2026-10-04 17:07:59,779 epoch=190 step=5000 loss_G=1.9751 loss_D_A=0.0556 loss_D_B=0.2211 cycle=0.0762 idt=0.0488 gnorm=19.310 dnorm=8.617 nan=0
2026-10-04 17:08:15,091 epoch=190 step=5100 loss_G=1.4066 loss_D_A=0.2960 loss_D_B=0.1771 cycle=0.0641 idt=0.0398 gnorm=27.694 dnorm=15.171 nan=0
2026-10-04 17:08:30,388 epoch=190 step=5200 loss_G=2.2079 loss_D_A=0.0919 loss_D_B=0.0576 cycle=0.0708 idt=0.0411 gnorm=24.433 dnorm=7.099 nan=0
2026-10-04 17:08:45,583 epoch=190 step=5300 loss_G=1.7504 loss_D_A=0.1036 loss_D_B=0.1197 cycle=0.0660 idt=0.0806 gnorm=29.201 dnorm=6.785 nan=0
2026-10-04 17:09:00,634 epoch=190 step=5400 loss_G=1.7086 loss_D_A=0.0676 loss_D_B=0.1932 cycle=0.0587 idt=0.0306 gnorm=26.172 dnorm=14.523 nan=0
2026-10-04 17:09:15,863 epoch=190 step=5500 loss_G=1.7274 loss_D_A=0.0446 loss_D_B=0.1305 cycle=0.0733 idt=0.0422 gnorm=28.106 dnorm=4.945 nan=0
2026-10-04 17:09:31,134 epoch=190 step=5600 loss_G=1.3957 loss_D_A=0.0340 loss_D_B=0.1537 cycle=0.0787 idt=0.0503 gnorm=23.547 dnorm=8.195 nan=0
2026-10-04 17:09:46,443 epoch=190 step=5700 loss_G=1.9899 loss_D_A=0.0793 loss_D_B=0.0731 cycle=0.0785 idt=0.0416 gnorm=29.219 dnorm=7.541 nan=0
2026-10-04 17:10:01,174 epoch=190 step=5800 loss_G=1.8595 loss_D_A=0.1504 loss_D_B=0.1558 cycle=0.0725 idt=0.0339 gnorm=35.821 dnorm=11.943 nan=0
2026-10-04 17:10:15,961 epoch=190 step=5900 loss_G=2.5406 loss_D_A=0.0733 loss_D_B=0.2924 cycle=0.0784 idt=0.0432 gnorm=31.387 dnorm=21.296 nan=0
2026-10-04 17:10:31,039 epoch=190 step=6000 loss_G=2.2885 loss_D_A=0.1135 loss_D_B=0.1751 cycle=0.0778 idt=0.0378 gnorm=27.869 dnorm=9.969 nan=0
2026-10-04 17:10:45,979 epoch=190 step=6100 loss_G=2.0716 loss_D_A=0.2244 loss_D_B=0.1217 cycle=0.0695 idt=0.0383 gnorm=24.454 dnorm=12.748 nan=0
2026-10-04 17:11:01,025 epoch=190 step=6200 loss_G=1.7906 loss_D_A=0.1866 loss_D_B=0.0924 cycle=0.0630 idt=0.0600 gnorm=44.610 dnorm=8.340 nan=0
2026-10-04 17:11:16,400 epoch=190 step=6300 loss_G=2.0401 loss_D_A=0.1857 loss_D_B=0.0688 cycle=0.0734 idt=0.0360 gnorm=22.337 dnorm=6.226 nan=0
2026-10-04 17:11:31,666 epoch=190 step=6400 loss_G=2.0775 loss_D_A=0.1270 loss_D_B=0.1313 cycle=0.0597 idt=0.0366 gnorm=30.421 dnorm=11.061 nan=0
2026-10-04 17:11:37,520 epoch_mean={'g': 2.0590070977496895, 'd_a': 0.13251715544848458, 'd_b': 0.143125573757014, 'cycle': 0.07174170672726876, 'identity': 0.0429144507055884, 'epoch': 190}
2026-10-04 17:11:38,447 epoch=191 step=1 loss_G=1.0601 loss_D_A=0.0280 loss_D_B=0.1808 cycle=0.0584 idt=0.0350 gnorm=13.801 dnorm=8.626 nan=0
2026-10-04 17:11:53,437 epoch=191 step=100 loss_G=1.7069 loss_D_A=0.2115 loss_D_B=0.1433 cycle=0.0749 idt=0.0516 gnorm=34.598 dnorm=13.189 nan=0
2026-10-04 17:12:08,674 epoch=191 step=200 loss_G=2.0575 loss_D_A=0.0494 loss_D_B=0.1842 cycle=0.0699 idt=0.0387 gnorm=34.988 dnorm=8.701 nan=0
2026-10-04 17:12:23,884 epoch=191 step=300 loss_G=2.3227 loss_D_A=0.0757 loss_D_B=0.1150 cycle=0.0733 idt=0.0456 gnorm=22.678 dnorm=7.385 nan=0
2026-10-04 17:12:38,945 epoch=191 step=400 loss_G=2.3173 loss_D_A=0.0320 loss_D_B=0.1506 cycle=0.0796 idt=0.0507 gnorm=33.623 dnorm=12.842 nan=0
2026-10-04 17:12:54,192 epoch=191 step=500 loss_G=1.6648 loss_D_A=0.0969 loss_D_B=0.2784 cycle=0.0678 idt=0.0321 gnorm=32.537 dnorm=13.392 nan=0
2026-10-04 17:13:09,501 epoch=191 step=600 loss_G=2.0597 loss_D_A=0.1166 loss_D_B=0.1964 cycle=0.0810 idt=0.0453 gnorm=24.716 dnorm=8.969 nan=0
2026-10-04 17:13:24,816 epoch=191 step=700 loss_G=2.0715 loss_D_A=0.1746 loss_D_B=0.0852 cycle=0.0694 idt=0.0336 gnorm=16.241 dnorm=9.269 nan=0
2026-10-04 17:13:40,184 epoch=191 step=800 loss_G=1.4442 loss_D_A=0.1216 loss_D_B=0.1804 cycle=0.0597 idt=0.0322 gnorm=13.755 dnorm=9.223 nan=0
2026-10-04 17:13:55,502 epoch=191 step=900 loss_G=1.8033 loss_D_A=0.1015 loss_D_B=0.1583 cycle=0.0753 idt=0.0451 gnorm=41.498 dnorm=9.956 nan=0
2026-10-04 17:14:10,802 epoch=191 step=1000 loss_G=1.7015 loss_D_A=0.0902 loss_D_B=0.1565 cycle=0.0632 idt=0.0531 gnorm=28.310 dnorm=13.066 nan=0
2026-10-04 17:14:26,183 epoch=191 step=1100 loss_G=2.6583 loss_D_A=0.1352 loss_D_B=0.1864 cycle=0.0787 idt=0.0438 gnorm=25.249 dnorm=11.030 nan=0
2026-10-04 17:14:41,474 epoch=191 step=1200 loss_G=2.0537 loss_D_A=0.0811 loss_D_B=0.0833 cycle=0.0626 idt=0.0315 gnorm=16.649 dnorm=6.825 nan=0
2026-10-04 17:14:56,563 epoch=191 step=1300 loss_G=1.9753 loss_D_A=0.1298 loss_D_B=0.0837 cycle=0.0573 idt=0.0342 gnorm=25.733 dnorm=8.155 nan=0
2026-10-04 17:15:11,808 epoch=191 step=1400 loss_G=2.4020 loss_D_A=0.2277 loss_D_B=0.2712 cycle=0.0801 idt=0.0464 gnorm=28.713 dnorm=11.652 nan=0
2026-10-04 17:15:27,121 epoch=191 step=1500 loss_G=1.8269 loss_D_A=0.0504 loss_D_B=0.0942 cycle=0.0733 idt=0.0499 gnorm=26.740 dnorm=6.905 nan=0
2026-10-04 17:15:42,194 epoch=191 step=1600 loss_G=2.0104 loss_D_A=0.1585 loss_D_B=0.1080 cycle=0.0650 idt=0.0340 gnorm=26.025 dnorm=8.363 nan=0
2026-10-04 17:15:57,559 epoch=191 step=1700 loss_G=1.9482 loss_D_A=0.1653 loss_D_B=0.1457 cycle=0.0726 idt=0.0361 gnorm=26.518 dnorm=6.708 nan=0
2026-10-04 17:16:12,702 epoch=191 step=1800 loss_G=2.8843 loss_D_A=0.1645 loss_D_B=0.0405 cycle=0.0752 idt=0.0429 gnorm=34.279 dnorm=9.137 nan=0
2026-10-04 17:16:27,864 epoch=191 step=1900 loss_G=2.6674 loss_D_A=0.0287 loss_D_B=0.1362 cycle=0.0655 idt=0.0378 gnorm=25.410 dnorm=11.176 nan=0
2026-10-04 17:16:43,111 epoch=191 step=2000 loss_G=2.1990 loss_D_A=0.2715 loss_D_B=0.1465 cycle=0.0589 idt=0.0397 gnorm=33.873 dnorm=15.488 nan=0
2026-10-04 17:16:58,434 epoch=191 step=2100 loss_G=2.1867 loss_D_A=0.1562 loss_D_B=0.1342 cycle=0.0703 idt=0.0395 gnorm=34.426 dnorm=15.625 nan=0
2026-10-04 17:17:13,468 epoch=191 step=2200 loss_G=2.3118 loss_D_A=0.1761 loss_D_B=0.1298 cycle=0.0627 idt=0.0292 gnorm=24.296 dnorm=12.321 nan=0
2026-10-04 17:17:28,834 epoch=191 step=2300 loss_G=1.8546 loss_D_A=0.1327 loss_D_B=0.3059 cycle=0.0830 idt=0.0515 gnorm=15.295 dnorm=16.018 nan=0
2026-10-04 17:17:44,096 epoch=191 step=2400 loss_G=2.3669 loss_D_A=0.1140 loss_D_B=0.0998 cycle=0.0770 idt=0.0449 gnorm=30.324 dnorm=8.893 nan=0
2026-10-04 17:17:59,239 epoch=191 step=2500 loss_G=2.1014 loss_D_A=0.1006 loss_D_B=0.1505 cycle=0.0659 idt=0.0388 gnorm=29.748 dnorm=10.646 nan=0
2026-10-04 17:18:14,267 epoch=191 step=2600 loss_G=2.0776 loss_D_A=0.0415 loss_D_B=0.2379 cycle=0.0772 idt=0.0391 gnorm=20.271 dnorm=9.740 nan=0
2026-10-04 17:18:29,689 epoch=191 step=2700 loss_G=1.9575 loss_D_A=0.0328 loss_D_B=0.1079 cycle=0.0808 idt=0.0467 gnorm=17.292 dnorm=8.953 nan=0
2026-10-04 17:18:45,002 epoch=191 step=2800 loss_G=1.6214 loss_D_A=0.0675 loss_D_B=0.0485 cycle=0.0666 idt=0.0355 gnorm=32.258 dnorm=6.440 nan=0
2026-10-04 17:19:00,279 epoch=191 step=2900 loss_G=2.7319 loss_D_A=0.1082 loss_D_B=0.0455 cycle=0.0521 idt=0.0325 gnorm=35.813 dnorm=6.653 nan=0
2026-10-04 17:19:15,619 epoch=191 step=3000 loss_G=1.5728 loss_D_A=0.1840 loss_D_B=0.1526 cycle=0.0517 idt=0.0344 gnorm=28.528 dnorm=10.891 nan=0
2026-10-04 17:19:30,944 epoch=191 step=3100 loss_G=2.2899 loss_D_A=0.1523 loss_D_B=0.1327 cycle=0.0667 idt=0.0409 gnorm=17.681 dnorm=13.600 nan=0
2026-10-04 17:19:46,448 epoch=191 step=3200 loss_G=2.6825 loss_D_A=0.1001 loss_D_B=0.0442 cycle=0.0667 idt=0.0287 gnorm=35.635 dnorm=7.131 nan=0
2026-10-04 17:20:01,373 epoch=191 step=3300 loss_G=1.9438 loss_D_A=0.0492 loss_D_B=0.0665 cycle=0.0825 idt=0.0532 gnorm=53.191 dnorm=6.353 nan=0
2026-10-04 17:20:16,726 epoch=191 step=3400 loss_G=1.6849 loss_D_A=0.0963 loss_D_B=0.1050 cycle=0.0645 idt=0.0380 gnorm=23.339 dnorm=11.508 nan=0
2026-10-04 17:20:32,060 epoch=191 step=3500 loss_G=2.1052 loss_D_A=0.0878 loss_D_B=0.2108 cycle=0.0717 idt=0.0414 gnorm=29.381 dnorm=8.968 nan=0
2026-10-04 17:20:47,420 epoch=191 step=3600 loss_G=1.7108 loss_D_A=0.1090 loss_D_B=0.0657 cycle=0.0797 idt=0.0471 gnorm=37.168 dnorm=9.508 nan=0
2026-10-04 17:21:02,768 epoch=191 step=3700 loss_G=1.9719 loss_D_A=0.1287 loss_D_B=0.0953 cycle=0.0748 idt=0.0426 gnorm=25.195 dnorm=6.920 nan=0
2026-10-04 17:21:18,169 epoch=191 step=3800 loss_G=1.9467 loss_D_A=0.1767 loss_D_B=0.0476 cycle=0.0639 idt=0.0344 gnorm=25.496 dnorm=7.031 nan=0
2026-10-04 17:21:33,520 epoch=191 step=3900 loss_G=1.9543 loss_D_A=0.0500 loss_D_B=0.2995 cycle=0.0797 idt=0.0539 gnorm=29.037 dnorm=12.449 nan=0
2026-10-04 17:21:48,858 epoch=191 step=4000 loss_G=2.4842 loss_D_A=0.1723 loss_D_B=0.0836 cycle=0.0917 idt=0.0571 gnorm=23.355 dnorm=8.356 nan=0
2026-10-04 17:22:04,271 epoch=191 step=4100 loss_G=2.4664 loss_D_A=0.0930 loss_D_B=0.1795 cycle=0.0761 idt=0.0519 gnorm=35.355 dnorm=8.084 nan=0
2026-10-04 17:22:19,660 epoch=191 step=4200 loss_G=1.8205 loss_D_A=0.1083 loss_D_B=0.2353 cycle=0.0535 idt=0.0294 gnorm=21.182 dnorm=11.761 nan=0
2026-10-04 17:22:34,997 epoch=191 step=4300 loss_G=1.8176 loss_D_A=0.1214 loss_D_B=0.1608 cycle=0.0836 idt=0.0475 gnorm=22.879 dnorm=8.140 nan=0
2026-10-04 17:22:50,373 epoch=191 step=4400 loss_G=2.6121 loss_D_A=0.0860 loss_D_B=0.1575 cycle=0.0786 idt=0.0409 gnorm=31.285 dnorm=17.684 nan=0
2026-10-04 17:23:05,712 epoch=191 step=4500 loss_G=1.9123 loss_D_A=0.1114 loss_D_B=0.2326 cycle=0.0688 idt=0.0373 gnorm=20.124 dnorm=11.696 nan=0
2026-10-04 17:23:21,084 epoch=191 step=4600 loss_G=2.4251 loss_D_A=0.2162 loss_D_B=0.1074 cycle=0.0655 idt=0.0570 gnorm=44.628 dnorm=12.090 nan=0
2026-10-04 17:23:36,485 epoch=191 step=4700 loss_G=2.2723 loss_D_A=0.0998 loss_D_B=0.1955 cycle=0.0776 idt=0.0374 gnorm=38.283 dnorm=10.847 nan=0
2026-10-04 17:23:51,815 epoch=191 step=4800 loss_G=2.5878 loss_D_A=0.0671 loss_D_B=0.1128 cycle=0.0812 idt=0.0610 gnorm=42.018 dnorm=9.207 nan=0
2026-10-04 17:24:07,262 epoch=191 step=4900 loss_G=2.7756 loss_D_A=0.1583 loss_D_B=0.0496 cycle=0.0775 idt=0.0407 gnorm=37.694 dnorm=7.806 nan=0
2026-10-04 17:24:22,657 epoch=191 step=5000 loss_G=1.9269 loss_D_A=0.1150 loss_D_B=0.1008 cycle=0.0663 idt=0.0447 gnorm=30.924 dnorm=11.032 nan=0
2026-10-04 17:24:37,746 epoch=191 step=5100 loss_G=1.6770 loss_D_A=0.1077 loss_D_B=0.1245 cycle=0.0705 idt=0.0391 gnorm=32.824 dnorm=11.239 nan=0
2026-10-04 17:24:53,107 epoch=191 step=5200 loss_G=2.2683 loss_D_A=0.0635 loss_D_B=0.1495 cycle=0.0685 idt=0.0403 gnorm=23.267 dnorm=7.689 nan=0
2026-10-04 17:25:08,340 epoch=191 step=5300 loss_G=1.8622 loss_D_A=0.2716 loss_D_B=0.0592 cycle=0.0754 idt=0.0479 gnorm=18.622 dnorm=9.270 nan=0
2026-10-04 17:25:23,635 epoch=191 step=5400 loss_G=2.5424 loss_D_A=0.1459 loss_D_B=0.2523 cycle=0.0695 idt=0.0415 gnorm=22.031 dnorm=16.442 nan=0
2026-10-04 17:25:38,783 epoch=191 step=5500 loss_G=2.0133 loss_D_A=0.1853 loss_D_B=0.0340 cycle=0.0687 idt=0.0382 gnorm=30.171 dnorm=8.243 nan=0
2026-10-04 17:25:54,149 epoch=191 step=5600 loss_G=1.8761 loss_D_A=0.0306 loss_D_B=0.0927 cycle=0.0636 idt=0.0485 gnorm=23.693 dnorm=7.422 nan=0
2026-10-04 17:26:09,472 epoch=191 step=5700 loss_G=1.6763 loss_D_A=0.1111 loss_D_B=0.2424 cycle=0.0536 idt=0.0356 gnorm=30.999 dnorm=13.021 nan=0
2026-10-04 17:26:24,888 epoch=191 step=5800 loss_G=1.4121 loss_D_A=0.0973 loss_D_B=0.0429 cycle=0.0619 idt=0.0637 gnorm=34.233 dnorm=5.828 nan=0
2026-10-04 17:26:39,957 epoch=191 step=5900 loss_G=2.2300 loss_D_A=0.1015 loss_D_B=0.2433 cycle=0.0856 idt=0.0390 gnorm=30.981 dnorm=12.390 nan=0
2026-10-04 17:26:55,304 epoch=191 step=6000 loss_G=1.6757 loss_D_A=0.1997 loss_D_B=0.2285 cycle=0.0738 idt=0.0351 gnorm=18.143 dnorm=11.623 nan=0
2026-10-04 17:27:10,614 epoch=191 step=6100 loss_G=2.2984 loss_D_A=0.1098 loss_D_B=0.1403 cycle=0.0736 idt=0.0418 gnorm=36.769 dnorm=8.962 nan=0
2026-10-04 17:27:25,979 epoch=191 step=6200 loss_G=2.2943 loss_D_A=0.0990 loss_D_B=0.0982 cycle=0.0599 idt=0.0367 gnorm=23.562 dnorm=7.981 nan=0
2026-10-04 17:27:41,207 epoch=191 step=6300 loss_G=1.7847 loss_D_A=0.1344 loss_D_B=0.2484 cycle=0.0501 idt=0.0306 gnorm=25.040 dnorm=14.231 nan=0
2026-10-04 17:27:56,629 epoch=191 step=6400 loss_G=2.0337 loss_D_A=0.1277 loss_D_B=0.3143 cycle=0.0633 idt=0.0343 gnorm=40.713 dnorm=14.543 nan=0
2026-10-04 17:28:02,431 epoch_mean={'g': 2.0636930202023143, 'd_a': 0.13139805433801258, 'd_b': 0.14343710144175695, 'cycle': 0.07174758460811297, 'identity': 0.04262204983472157, 'epoch': 191}
2026-10-04 17:28:03,058 epoch=192 step=1 loss_G=1.6652 loss_D_A=0.1040 loss_D_B=0.1718 cycle=0.0680 idt=0.0479 gnorm=18.629 dnorm=6.698 nan=0
2026-10-04 17:28:18,141 epoch=192 step=100 loss_G=1.9583 loss_D_A=0.2250 loss_D_B=0.2959 cycle=0.0558 idt=0.0292 gnorm=27.949 dnorm=16.920 nan=0
2026-10-04 17:28:33,239 epoch=192 step=200 loss_G=1.9390 loss_D_A=0.2086 loss_D_B=0.1452 cycle=0.0697 idt=0.0415 gnorm=31.194 dnorm=7.999 nan=0
2026-10-04 17:28:48,516 epoch=192 step=300 loss_G=2.9150 loss_D_A=0.1361 loss_D_B=0.0506 cycle=0.0720 idt=0.0496 gnorm=26.084 dnorm=12.989 nan=0
2026-10-04 17:29:03,876 epoch=192 step=400 loss_G=1.6620 loss_D_A=0.1419 loss_D_B=0.1272 cycle=0.0612 idt=0.0383 gnorm=16.926 dnorm=11.530 nan=0
2026-10-04 17:29:18,643 epoch=192 step=500 loss_G=1.8665 loss_D_A=0.1663 loss_D_B=0.0526 cycle=0.0585 idt=0.0391 gnorm=31.213 dnorm=8.259 nan=0
2026-10-04 17:29:33,909 epoch=192 step=600 loss_G=1.7729 loss_D_A=0.0946 loss_D_B=0.2876 cycle=0.0590 idt=0.0291 gnorm=30.151 dnorm=19.331 nan=0
2026-10-04 17:29:49,307 epoch=192 step=700 loss_G=2.4370 loss_D_A=0.1273 loss_D_B=0.0610 cycle=0.0701 idt=0.0417 gnorm=28.174 dnorm=10.579 nan=0
2026-10-04 17:30:04,679 epoch=192 step=800 loss_G=1.9954 loss_D_A=0.0955 loss_D_B=0.3538 cycle=0.0705 idt=0.0354 gnorm=39.081 dnorm=12.377 nan=0
2026-10-04 17:30:19,939 epoch=192 step=900 loss_G=2.1888 loss_D_A=0.0643 loss_D_B=0.0409 cycle=0.0809 idt=0.0394 gnorm=27.696 dnorm=4.877 nan=0
2026-10-04 17:30:34,856 epoch=192 step=1000 loss_G=2.4687 loss_D_A=0.1512 loss_D_B=0.0878 cycle=0.0690 idt=0.0326 gnorm=39.406 dnorm=10.703 nan=0
2026-10-04 17:30:50,190 epoch=192 step=1100 loss_G=2.3299 loss_D_A=0.0608 loss_D_B=0.2053 cycle=0.0475 idt=0.0295 gnorm=39.248 dnorm=12.014 nan=0
2026-10-04 17:31:05,647 epoch=192 step=1200 loss_G=1.9560 loss_D_A=0.1669 loss_D_B=0.1462 cycle=0.0646 idt=0.0393 gnorm=17.387 dnorm=8.072 nan=0
2026-10-04 17:31:21,018 epoch=192 step=1300 loss_G=2.2592 loss_D_A=0.0772 loss_D_B=0.0584 cycle=0.0779 idt=0.0438 gnorm=22.806 dnorm=5.873 nan=0
2026-10-04 17:31:36,339 epoch=192 step=1400 loss_G=2.3916 loss_D_A=0.2195 loss_D_B=0.0780 cycle=0.0692 idt=0.0458 gnorm=51.472 dnorm=10.307 nan=0
2026-10-04 17:31:51,744 epoch=192 step=1500 loss_G=2.1545 loss_D_A=0.1633 loss_D_B=0.2181 cycle=0.0702 idt=0.0368 gnorm=26.879 dnorm=16.357 nan=0
2026-10-04 17:32:07,119 epoch=192 step=1600 loss_G=2.4490 loss_D_A=0.1637 loss_D_B=0.3309 cycle=0.1017 idt=0.0730 gnorm=19.502 dnorm=14.770 nan=0
2026-10-04 17:32:21,905 epoch=192 step=1700 loss_G=1.5720 loss_D_A=0.0856 loss_D_B=0.2535 cycle=0.0713 idt=0.0359 gnorm=21.316 dnorm=12.443 nan=0
2026-10-04 17:32:37,107 epoch=192 step=1800 loss_G=2.0317 loss_D_A=0.0756 loss_D_B=0.1012 cycle=0.0735 idt=0.0302 gnorm=29.646 dnorm=9.656 nan=0
2026-10-04 17:32:52,175 epoch=192 step=1900 loss_G=2.2775 loss_D_A=0.2977 loss_D_B=0.1658 cycle=0.0864 idt=0.0563 gnorm=29.690 dnorm=13.553 nan=0
2026-10-04 17:33:07,536 epoch=192 step=2000 loss_G=1.6720 loss_D_A=0.0567 loss_D_B=0.1018 cycle=0.0671 idt=0.0340 gnorm=21.592 dnorm=7.539 nan=0
2026-10-04 17:33:22,930 epoch=192 step=2100 loss_G=1.7982 loss_D_A=0.0370 loss_D_B=0.0564 cycle=0.0606 idt=0.0412 gnorm=46.239 dnorm=4.957 nan=0
2026-10-04 17:33:38,284 epoch=192 step=2200 loss_G=1.6743 loss_D_A=0.0298 loss_D_B=0.0532 cycle=0.0768 idt=0.0468 gnorm=21.365 dnorm=5.490 nan=0
2026-10-04 17:33:53,408 epoch=192 step=2300 loss_G=2.7643 loss_D_A=0.0683 loss_D_B=0.0446 cycle=0.0753 idt=0.0402 gnorm=30.374 dnorm=5.522 nan=0
2026-10-04 17:34:08,801 epoch=192 step=2400 loss_G=2.3036 loss_D_A=0.0780 loss_D_B=0.0767 cycle=0.0757 idt=0.0599 gnorm=35.663 dnorm=8.080 nan=0
2026-10-04 17:34:24,155 epoch=192 step=2500 loss_G=1.6871 loss_D_A=0.0564 loss_D_B=0.1933 cycle=0.0512 idt=0.0301 gnorm=37.606 dnorm=10.869 nan=0
2026-10-04 17:34:39,527 epoch=192 step=2600 loss_G=1.9434 loss_D_A=0.1373 loss_D_B=0.1459 cycle=0.0690 idt=0.0530 gnorm=37.471 dnorm=10.148 nan=0
2026-10-04 17:34:54,864 epoch=192 step=2700 loss_G=1.8370 loss_D_A=0.1091 loss_D_B=0.1811 cycle=0.0738 idt=0.0350 gnorm=32.990 dnorm=9.936 nan=0
2026-10-04 17:35:09,980 epoch=192 step=2800 loss_G=1.6721 loss_D_A=0.1041 loss_D_B=0.0613 cycle=0.0742 idt=0.0374 gnorm=25.022 dnorm=7.592 nan=0
2026-10-04 17:35:25,432 epoch=192 step=2900 loss_G=2.7054 loss_D_A=0.0537 loss_D_B=0.0425 cycle=0.0549 idt=0.0437 gnorm=28.789 dnorm=4.753 nan=0
2026-10-04 17:35:40,829 epoch=192 step=3000 loss_G=1.9712 loss_D_A=0.0357 loss_D_B=0.1763 cycle=0.0747 idt=0.0391 gnorm=27.281 dnorm=8.329 nan=0
2026-10-04 17:35:56,147 epoch=192 step=3100 loss_G=1.8653 loss_D_A=0.1807 loss_D_B=0.1655 cycle=0.0626 idt=0.0333 gnorm=29.254 dnorm=14.547 nan=0
2026-10-04 17:36:11,725 epoch=192 step=3200 loss_G=2.1431 loss_D_A=0.0585 loss_D_B=0.1082 cycle=0.0679 idt=0.0372 gnorm=27.529 dnorm=10.569 nan=0
2026-10-04 17:36:27,141 epoch=192 step=3300 loss_G=1.8670 loss_D_A=0.2118 loss_D_B=0.1124 cycle=0.0686 idt=0.0361 gnorm=22.371 dnorm=8.930 nan=0
2026-10-04 17:36:41,745 epoch=192 step=3400 loss_G=2.0596 loss_D_A=0.0918 loss_D_B=0.1876 cycle=0.0712 idt=0.0421 gnorm=25.815 dnorm=15.283 nan=0
2026-10-04 17:36:56,924 epoch=192 step=3500 loss_G=2.5040 loss_D_A=0.0667 loss_D_B=0.1031 cycle=0.0843 idt=0.0503 gnorm=26.940 dnorm=8.954 nan=0
2026-10-04 17:37:12,356 epoch=192 step=3600 loss_G=2.3420 loss_D_A=0.0412 loss_D_B=0.0632 cycle=0.0615 idt=0.0321 gnorm=33.908 dnorm=4.368 nan=0
2026-10-04 17:37:27,359 epoch=192 step=3700 loss_G=1.9103 loss_D_A=0.1099 loss_D_B=0.1456 cycle=0.0533 idt=0.0303 gnorm=25.972 dnorm=9.177 nan=0
2026-10-04 17:37:42,738 epoch=192 step=3800 loss_G=2.5875 loss_D_A=0.0472 loss_D_B=0.2457 cycle=0.0831 idt=0.0498 gnorm=32.710 dnorm=10.247 nan=0
2026-10-04 17:37:58,099 epoch=192 step=3900 loss_G=1.4768 loss_D_A=0.1009 loss_D_B=0.2067 cycle=0.0740 idt=0.0414 gnorm=19.844 dnorm=9.661 nan=0
2026-10-04 17:38:13,521 epoch=192 step=4000 loss_G=1.7950 loss_D_A=0.0485 loss_D_B=0.2106 cycle=0.0669 idt=0.0352 gnorm=41.883 dnorm=14.259 nan=0
2026-10-04 17:38:28,638 epoch=192 step=4100 loss_G=1.3012 loss_D_A=0.0625 loss_D_B=0.3411 cycle=0.0641 idt=0.0374 gnorm=14.836 dnorm=10.622 nan=0
2026-10-04 17:38:43,886 epoch=192 step=4200 loss_G=2.5283 loss_D_A=0.1216 loss_D_B=0.0570 cycle=0.0713 idt=0.0450 gnorm=26.865 dnorm=12.104 nan=0
2026-10-04 17:38:59,296 epoch=192 step=4300 loss_G=1.8168 loss_D_A=0.1441 loss_D_B=0.1018 cycle=0.0636 idt=0.0331 gnorm=25.969 dnorm=11.906 nan=0
2026-10-04 17:39:14,694 epoch=192 step=4400 loss_G=2.0790 loss_D_A=0.1132 loss_D_B=0.1329 cycle=0.0808 idt=0.0411 gnorm=38.306 dnorm=11.929 nan=0
2026-10-04 17:39:29,930 epoch=192 step=4500 loss_G=1.6957 loss_D_A=0.0445 loss_D_B=0.1546 cycle=0.0659 idt=0.0373 gnorm=27.565 dnorm=11.843 nan=0
2026-10-04 17:39:44,984 epoch=192 step=4600 loss_G=1.6345 loss_D_A=0.2707 loss_D_B=0.2307 cycle=0.0579 idt=0.0333 gnorm=18.458 dnorm=20.182 nan=0
2026-10-04 17:40:00,057 epoch=192 step=4700 loss_G=1.2525 loss_D_A=0.1775 loss_D_B=0.1398 cycle=0.0615 idt=0.0285 gnorm=21.164 dnorm=9.757 nan=0
2026-10-04 17:40:15,347 epoch=192 step=4800 loss_G=1.6776 loss_D_A=0.2231 loss_D_B=0.5194 cycle=0.0782 idt=0.0324 gnorm=22.806 dnorm=18.782 nan=0
2026-10-04 17:40:30,727 epoch=192 step=4900 loss_G=2.7485 loss_D_A=0.1733 loss_D_B=0.0539 cycle=0.0560 idt=0.0316 gnorm=30.083 dnorm=13.082 nan=0
2026-10-04 17:40:46,121 epoch=192 step=5000 loss_G=1.9778 loss_D_A=0.0608 loss_D_B=0.1113 cycle=0.0814 idt=0.0478 gnorm=26.006 dnorm=7.036 nan=0
2026-10-04 17:41:01,434 epoch=192 step=5100 loss_G=2.9563 loss_D_A=0.0840 loss_D_B=0.1084 cycle=0.0770 idt=0.0486 gnorm=42.007 dnorm=8.306 nan=0
2026-10-04 17:41:16,568 epoch=192 step=5200 loss_G=1.8775 loss_D_A=0.2565 loss_D_B=0.0969 cycle=0.0647 idt=0.0333 gnorm=20.085 dnorm=15.351 nan=0
2026-10-04 17:41:31,933 epoch=192 step=5300 loss_G=2.4884 loss_D_A=0.0308 loss_D_B=0.0834 cycle=0.0696 idt=0.0485 gnorm=39.658 dnorm=8.956 nan=0
2026-10-04 17:41:47,009 epoch=192 step=5400 loss_G=2.2873 loss_D_A=0.0508 loss_D_B=0.0984 cycle=0.0825 idt=0.0442 gnorm=38.938 dnorm=7.141 nan=0
2026-10-04 17:42:02,399 epoch=192 step=5500 loss_G=2.6312 loss_D_A=0.2019 loss_D_B=0.1429 cycle=0.0697 idt=0.0436 gnorm=27.681 dnorm=10.584 nan=0
2026-10-04 17:42:17,766 epoch=192 step=5600 loss_G=2.3658 loss_D_A=0.2950 loss_D_B=0.2495 cycle=0.0659 idt=0.0391 gnorm=32.259 dnorm=17.959 nan=0
2026-10-04 17:42:33,112 epoch=192 step=5700 loss_G=2.1558 loss_D_A=0.0904 loss_D_B=0.0610 cycle=0.0546 idt=0.0392 gnorm=29.570 dnorm=8.184 nan=0
2026-10-04 17:42:48,377 epoch=192 step=5800 loss_G=2.1839 loss_D_A=0.0752 loss_D_B=0.2400 cycle=0.0676 idt=0.0375 gnorm=19.218 dnorm=12.083 nan=0
2026-10-04 17:43:03,574 epoch=192 step=5900 loss_G=1.8946 loss_D_A=0.1098 loss_D_B=0.1178 cycle=0.0681 idt=0.0344 gnorm=21.244 dnorm=8.708 nan=0
2026-10-04 17:43:18,911 epoch=192 step=6000 loss_G=2.2325 loss_D_A=0.1197 loss_D_B=0.1972 cycle=0.0655 idt=0.0394 gnorm=26.211 dnorm=7.730 nan=0
2026-10-04 17:43:34,359 epoch=192 step=6100 loss_G=2.0950 loss_D_A=0.0480 loss_D_B=0.0872 cycle=0.0777 idt=0.0437 gnorm=23.971 dnorm=10.606 nan=0
2026-10-04 17:43:49,727 epoch=192 step=6200 loss_G=1.8929 loss_D_A=0.0805 loss_D_B=0.0588 cycle=0.0655 idt=0.0532 gnorm=31.026 dnorm=7.583 nan=0
2026-10-04 17:44:05,040 epoch=192 step=6300 loss_G=1.2973 loss_D_A=0.2017 loss_D_B=0.0288 cycle=0.0515 idt=0.0258 gnorm=23.895 dnorm=12.303 nan=0
2026-10-04 17:44:20,385 epoch=192 step=6400 loss_G=2.2665 loss_D_A=0.0345 loss_D_B=0.1395 cycle=0.0681 idt=0.0375 gnorm=34.936 dnorm=8.279 nan=0
2026-10-04 17:44:26,215 epoch_mean={'g': 2.0666899051529977, 'd_a': 0.1328092956068946, 'd_b': 0.14162219196567258, 'cycle': 0.07143448316817626, 'identity': 0.04236686448200625, 'epoch': 192}
2026-10-04 17:44:26,808 epoch=193 step=1 loss_G=1.9643 loss_D_A=0.2306 loss_D_B=0.1316 cycle=0.0646 idt=0.0320 gnorm=25.394 dnorm=17.414 nan=0
2026-10-04 17:44:41,998 epoch=193 step=100 loss_G=2.1353 loss_D_A=0.1433 loss_D_B=0.1894 cycle=0.0686 idt=0.0316 gnorm=20.398 dnorm=8.968 nan=0
2026-10-04 17:44:57,255 epoch=193 step=200 loss_G=1.8425 loss_D_A=0.1846 loss_D_B=0.0534 cycle=0.0681 idt=0.0474 gnorm=36.294 dnorm=15.721 nan=0
2026-10-04 17:45:12,585 epoch=193 step=300 loss_G=1.8078 loss_D_A=0.1493 loss_D_B=0.0955 cycle=0.0650 idt=0.0365 gnorm=30.816 dnorm=10.019 nan=0
2026-10-04 17:45:27,934 epoch=193 step=400 loss_G=1.5685 loss_D_A=0.3029 loss_D_B=0.1132 cycle=0.0681 idt=0.0330 gnorm=33.002 dnorm=18.361 nan=0
2026-10-04 17:45:43,224 epoch=193 step=500 loss_G=3.1314 loss_D_A=0.0382 loss_D_B=0.0852 cycle=0.1039 idt=0.0464 gnorm=34.948 dnorm=7.549 nan=0
2026-10-04 17:45:58,594 epoch=193 step=600 loss_G=1.7464 loss_D_A=0.0713 loss_D_B=0.0521 cycle=0.0679 idt=0.0402 gnorm=21.468 dnorm=8.306 nan=0
2026-10-04 17:46:13,367 epoch=193 step=700 loss_G=2.4916 loss_D_A=0.0517 loss_D_B=0.1542 cycle=0.0891 idt=0.0594 gnorm=24.159 dnorm=9.500 nan=0
2026-10-04 17:46:28,825 epoch=193 step=800 loss_G=2.4478 loss_D_A=0.0263 loss_D_B=0.0504 cycle=0.0790 idt=0.0409 gnorm=32.162 dnorm=5.007 nan=0
2026-10-04 17:46:44,151 epoch=193 step=900 loss_G=2.5605 loss_D_A=0.0358 loss_D_B=0.0941 cycle=0.0900 idt=0.0403 gnorm=29.660 dnorm=5.427 nan=0
2026-10-04 17:46:59,558 epoch=193 step=1000 loss_G=2.6034 loss_D_A=0.0871 loss_D_B=0.0324 cycle=0.0782 idt=0.0427 gnorm=23.794 dnorm=7.757 nan=0
2026-10-04 17:47:14,863 epoch=193 step=1100 loss_G=1.9752 loss_D_A=0.0665 loss_D_B=0.0427 cycle=0.0622 idt=0.0335 gnorm=24.868 dnorm=7.052 nan=0
2026-10-04 17:47:29,950 epoch=193 step=1200 loss_G=1.9293 loss_D_A=0.5828 loss_D_B=0.1870 cycle=0.0730 idt=0.0457 gnorm=24.371 dnorm=15.891 nan=0
2026-10-04 17:47:45,019 epoch=193 step=1300 loss_G=2.5898 loss_D_A=0.0796 loss_D_B=0.1193 cycle=0.0684 idt=0.0448 gnorm=34.734 dnorm=8.987 nan=0
2026-10-04 17:47:59,854 epoch=193 step=1400 loss_G=2.7110 loss_D_A=0.1055 loss_D_B=0.1584 cycle=0.0693 idt=0.0505 gnorm=35.640 dnorm=11.029 nan=0
2026-10-04 17:48:15,211 epoch=193 step=1500 loss_G=2.0131 loss_D_A=0.0366 loss_D_B=0.1283 cycle=0.0608 idt=0.0393 gnorm=27.152 dnorm=8.778 nan=0
2026-10-04 17:48:30,607 epoch=193 step=1600 loss_G=1.8781 loss_D_A=0.0912 loss_D_B=0.0957 cycle=0.0563 idt=0.0303 gnorm=30.150 dnorm=9.544 nan=0
2026-10-04 17:48:45,665 epoch=193 step=1700 loss_G=3.1594 loss_D_A=0.1194 loss_D_B=0.1799 cycle=0.0884 idt=0.0619 gnorm=42.373 dnorm=7.880 nan=0
2026-10-04 17:49:01,066 epoch=193 step=1800 loss_G=2.0918 loss_D_A=0.1013 loss_D_B=0.2016 cycle=0.0717 idt=0.0406 gnorm=37.294 dnorm=11.913 nan=0
2026-10-04 17:49:16,219 epoch=193 step=1900 loss_G=1.4741 loss_D_A=0.1444 loss_D_B=0.1641 cycle=0.0672 idt=0.0387 gnorm=26.967 dnorm=14.644 nan=0
2026-10-04 17:49:31,602 epoch=193 step=2000 loss_G=3.1262 loss_D_A=0.3825 loss_D_B=0.0809 cycle=0.0633 idt=0.0445 gnorm=58.099 dnorm=20.642 nan=0
2026-10-04 17:49:47,039 epoch=193 step=2100 loss_G=1.9360 loss_D_A=0.1821 loss_D_B=0.0876 cycle=0.0596 idt=0.0338 gnorm=37.361 dnorm=11.110 nan=0
2026-10-04 17:50:02,389 epoch=193 step=2200 loss_G=2.1249 loss_D_A=0.0919 loss_D_B=0.2446 cycle=0.0577 idt=0.0362 gnorm=38.976 dnorm=18.491 nan=0
2026-10-04 17:50:17,715 epoch=193 step=2300 loss_G=1.4306 loss_D_A=0.0272 loss_D_B=0.1281 cycle=0.0597 idt=0.0391 gnorm=16.523 dnorm=5.300 nan=0
2026-10-04 17:50:33,208 epoch=193 step=2400 loss_G=2.2328 loss_D_A=0.1355 loss_D_B=0.0644 cycle=0.0670 idt=0.0362 gnorm=30.189 dnorm=7.356 nan=0
2026-10-04 17:50:48,561 epoch=193 step=2500 loss_G=1.6771 loss_D_A=0.1360 loss_D_B=0.1148 cycle=0.0527 idt=0.0316 gnorm=28.769 dnorm=16.238 nan=0
2026-10-04 17:51:03,855 epoch=193 step=2600 loss_G=3.0750 loss_D_A=0.1582 loss_D_B=0.1566 cycle=0.0790 idt=0.0351 gnorm=51.686 dnorm=7.960 nan=0
2026-10-04 17:51:19,324 epoch=193 step=2700 loss_G=2.8405 loss_D_A=0.1481 loss_D_B=0.0397 cycle=0.0737 idt=0.0417 gnorm=42.418 dnorm=10.060 nan=0
2026-10-04 17:51:34,747 epoch=193 step=2800 loss_G=1.8679 loss_D_A=0.1893 loss_D_B=0.0965 cycle=0.0847 idt=0.0451 gnorm=17.552 dnorm=10.162 nan=0
2026-10-04 17:51:50,085 epoch=193 step=2900 loss_G=1.7896 loss_D_A=0.1592 loss_D_B=0.0439 cycle=0.0771 idt=0.0449 gnorm=25.319 dnorm=8.866 nan=0
2026-10-04 17:52:05,525 epoch=193 step=3000 loss_G=1.8353 loss_D_A=0.0692 loss_D_B=0.1724 cycle=0.0776 idt=0.0420 gnorm=21.489 dnorm=8.321 nan=0
2026-10-04 17:52:20,741 epoch=193 step=3100 loss_G=2.4037 loss_D_A=0.0323 loss_D_B=0.0303 cycle=0.0791 idt=0.0474 gnorm=44.682 dnorm=2.646 nan=0
2026-10-04 17:52:36,085 epoch=193 step=3200 loss_G=2.0530 loss_D_A=0.0526 loss_D_B=0.1210 cycle=0.0789 idt=0.0440 gnorm=17.872 dnorm=9.401 nan=0
2026-10-04 17:52:51,498 epoch=193 step=3300 loss_G=2.1285 loss_D_A=0.1381 loss_D_B=0.0704 cycle=0.0744 idt=0.0460 gnorm=34.621 dnorm=6.230 nan=0
2026-10-04 17:53:06,547 epoch=193 step=3400 loss_G=1.8598 loss_D_A=0.1122 loss_D_B=0.2362 cycle=0.0880 idt=0.0593 gnorm=28.620 dnorm=13.471 nan=0
2026-10-04 17:53:21,985 epoch=193 step=3500 loss_G=2.4466 loss_D_A=0.1331 loss_D_B=0.2203 cycle=0.0824 idt=0.0471 gnorm=29.257 dnorm=14.638 nan=0
2026-10-04 17:53:37,241 epoch=193 step=3600 loss_G=1.4871 loss_D_A=0.2976 loss_D_B=0.1289 cycle=0.0651 idt=0.0371 gnorm=15.177 dnorm=11.271 nan=0
2026-10-04 17:53:52,286 epoch=193 step=3700 loss_G=1.6686 loss_D_A=0.0621 loss_D_B=0.1972 cycle=0.0613 idt=0.0502 gnorm=36.153 dnorm=10.930 nan=0
2026-10-04 17:54:07,599 epoch=193 step=3800 loss_G=2.1331 loss_D_A=0.1685 loss_D_B=0.0904 cycle=0.0820 idt=0.0393 gnorm=22.143 dnorm=11.080 nan=0
2026-10-04 17:54:22,925 epoch=193 step=3900 loss_G=2.7238 loss_D_A=0.1292 loss_D_B=0.2573 cycle=0.1080 idt=0.0679 gnorm=22.453 dnorm=8.153 nan=0
2026-10-04 17:54:38,241 epoch=193 step=4000 loss_G=2.3527 loss_D_A=0.0733 loss_D_B=0.2793 cycle=0.0891 idt=0.0557 gnorm=19.278 dnorm=13.370 nan=0
2026-10-04 17:54:53,666 epoch=193 step=4100 loss_G=2.0615 loss_D_A=0.1013 loss_D_B=0.1503 cycle=0.0493 idt=0.0231 gnorm=28.075 dnorm=13.191 nan=0
2026-10-04 17:55:09,077 epoch=193 step=4200 loss_G=2.5490 loss_D_A=0.0985 loss_D_B=0.0713 cycle=0.0805 idt=0.0468 gnorm=25.841 dnorm=8.686 nan=0
2026-10-04 17:55:24,064 epoch=193 step=4300 loss_G=1.8680 loss_D_A=0.1060 loss_D_B=0.2578 cycle=0.0689 idt=0.0393 gnorm=18.465 dnorm=14.234 nan=0
2026-10-04 17:55:39,487 epoch=193 step=4400 loss_G=2.9588 loss_D_A=0.2144 loss_D_B=0.0703 cycle=0.0830 idt=0.0402 gnorm=26.988 dnorm=13.497 nan=0
2026-10-04 17:55:54,521 epoch=193 step=4500 loss_G=1.6777 loss_D_A=0.0999 loss_D_B=0.0969 cycle=0.0732 idt=0.0472 gnorm=17.802 dnorm=9.201 nan=0
2026-10-04 17:56:09,886 epoch=193 step=4600 loss_G=1.6371 loss_D_A=0.1947 loss_D_B=0.1553 cycle=0.0672 idt=0.0331 gnorm=19.599 dnorm=10.288 nan=0
2026-10-04 17:56:25,295 epoch=193 step=4700 loss_G=2.0605 loss_D_A=0.1468 loss_D_B=0.1704 cycle=0.0885 idt=0.0501 gnorm=20.390 dnorm=8.156 nan=0
2026-10-04 17:56:40,421 epoch=193 step=4800 loss_G=1.9001 loss_D_A=0.0561 loss_D_B=0.1065 cycle=0.0695 idt=0.0404 gnorm=28.709 dnorm=10.269 nan=0
2026-10-04 17:56:55,813 epoch=193 step=4900 loss_G=2.1680 loss_D_A=0.0432 loss_D_B=0.0792 cycle=0.0699 idt=0.0357 gnorm=30.916 dnorm=6.791 nan=0
2026-10-04 17:57:11,207 epoch=193 step=5000 loss_G=1.7986 loss_D_A=0.0369 loss_D_B=0.1464 cycle=0.0774 idt=0.0575 gnorm=32.960 dnorm=7.550 nan=0
2026-10-04 17:57:26,390 epoch=193 step=5100 loss_G=1.9167 loss_D_A=0.1816 loss_D_B=0.2128 cycle=0.0614 idt=0.0398 gnorm=26.630 dnorm=16.131 nan=0
2026-10-04 17:57:41,688 epoch=193 step=5200 loss_G=1.7685 loss_D_A=0.1627 loss_D_B=0.1936 cycle=0.0510 idt=0.0267 gnorm=30.339 dnorm=10.043 nan=0
2026-10-04 17:57:57,069 epoch=193 step=5300 loss_G=2.2738 loss_D_A=0.1255 loss_D_B=0.1425 cycle=0.0648 idt=0.0544 gnorm=36.933 dnorm=15.433 nan=0
2026-10-04 17:58:12,087 epoch=193 step=5400 loss_G=2.3796 loss_D_A=0.1040 loss_D_B=0.2421 cycle=0.0897 idt=0.0531 gnorm=27.557 dnorm=7.556 nan=0
2026-10-04 17:58:27,019 epoch=193 step=5500 loss_G=2.1638 loss_D_A=0.1685 loss_D_B=0.0702 cycle=0.0666 idt=0.0371 gnorm=20.036 dnorm=9.787 nan=0
2026-10-04 17:58:42,394 epoch=193 step=5600 loss_G=1.8287 loss_D_A=0.0711 loss_D_B=0.0909 cycle=0.0709 idt=0.0370 gnorm=28.285 dnorm=8.402 nan=0
2026-10-04 17:58:57,716 epoch=193 step=5700 loss_G=2.2134 loss_D_A=0.1369 loss_D_B=0.0672 cycle=0.0731 idt=0.0443 gnorm=25.663 dnorm=11.096 nan=0
2026-10-04 17:59:13,017 epoch=193 step=5800 loss_G=2.4386 loss_D_A=0.1469 loss_D_B=0.1120 cycle=0.0705 idt=0.0381 gnorm=28.290 dnorm=8.307 nan=0
2026-10-04 17:59:28,426 epoch=193 step=5900 loss_G=1.9643 loss_D_A=0.1675 loss_D_B=0.0566 cycle=0.0779 idt=0.0426 gnorm=32.820 dnorm=9.580 nan=0
2026-10-04 17:59:43,760 epoch=193 step=6000 loss_G=1.9136 loss_D_A=0.2006 loss_D_B=0.1444 cycle=0.0664 idt=0.0314 gnorm=24.157 dnorm=17.543 nan=0
2026-10-04 17:59:59,209 epoch=193 step=6100 loss_G=1.5702 loss_D_A=0.0800 loss_D_B=0.2081 cycle=0.0648 idt=0.0330 gnorm=34.857 dnorm=8.315 nan=0
2026-10-04 18:00:14,625 epoch=193 step=6200 loss_G=1.8871 loss_D_A=0.0558 loss_D_B=0.1005 cycle=0.0655 idt=0.0361 gnorm=28.591 dnorm=6.349 nan=0
2026-10-04 18:00:29,971 epoch=193 step=6300 loss_G=1.5149 loss_D_A=0.0347 loss_D_B=0.4892 cycle=0.0646 idt=0.0362 gnorm=18.110 dnorm=18.328 nan=0
2026-10-04 18:00:45,374 epoch=193 step=6400 loss_G=2.3839 loss_D_A=0.2177 loss_D_B=0.0696 cycle=0.0860 idt=0.0488 gnorm=21.826 dnorm=11.657 nan=0
2026-10-04 18:00:51,158 epoch_mean={'g': 2.0671932034405094, 'd_a': 0.12823945182048968, 'd_b': 0.14255459451571723, 'cycle': 0.07103698199563384, 'identity': 0.04197329769744826, 'epoch': 193}
2026-10-04 18:00:51,790 epoch=194 step=1 loss_G=1.7648 loss_D_A=0.1583 loss_D_B=0.1038 cycle=0.0523 idt=0.0319 gnorm=24.257 dnorm=13.013 nan=0
2026-10-04 18:01:07,100 epoch=194 step=100 loss_G=2.0464 loss_D_A=0.0376 loss_D_B=0.0449 cycle=0.0621 idt=0.0367 gnorm=31.572 dnorm=3.443 nan=0
2026-10-04 18:01:22,470 epoch=194 step=200 loss_G=2.0059 loss_D_A=0.1263 loss_D_B=0.1607 cycle=0.0680 idt=0.0406 gnorm=20.044 dnorm=7.975 nan=0
2026-10-04 18:01:37,774 epoch=194 step=300 loss_G=1.9547 loss_D_A=0.0632 loss_D_B=0.1484 cycle=0.0695 idt=0.0341 gnorm=28.429 dnorm=8.837 nan=0
2026-10-04 18:01:53,210 epoch=194 step=400 loss_G=1.9428 loss_D_A=0.1431 loss_D_B=0.1286 cycle=0.0679 idt=0.0451 gnorm=27.640 dnorm=7.005 nan=0
2026-10-04 18:02:08,353 epoch=194 step=500 loss_G=2.0347 loss_D_A=0.1927 loss_D_B=0.3559 cycle=0.0713 idt=0.0377 gnorm=21.353 dnorm=18.222 nan=0
2026-10-04 18:02:23,720 epoch=194 step=600 loss_G=2.1950 loss_D_A=0.1297 loss_D_B=0.1663 cycle=0.0605 idt=0.0430 gnorm=45.470 dnorm=10.147 nan=0
2026-10-04 18:02:39,129 epoch=194 step=700 loss_G=2.9082 loss_D_A=0.0382 loss_D_B=0.0407 cycle=0.0867 idt=0.0485 gnorm=33.488 dnorm=3.786 nan=0
2026-10-04 18:02:54,488 epoch=194 step=800 loss_G=1.6386 loss_D_A=0.1633 loss_D_B=0.1108 cycle=0.0691 idt=0.0379 gnorm=19.893 dnorm=12.027 nan=0
2026-10-04 18:03:09,873 epoch=194 step=900 loss_G=2.5474 loss_D_A=0.1007 loss_D_B=0.2161 cycle=0.0747 idt=0.0366 gnorm=37.160 dnorm=10.865 nan=0
2026-10-04 18:03:25,353 epoch=194 step=1000 loss_G=1.3488 loss_D_A=0.3003 loss_D_B=0.2100 cycle=0.0631 idt=0.0331 gnorm=28.567 dnorm=15.197 nan=0
2026-10-04 18:03:40,723 epoch=194 step=1100 loss_G=2.3128 loss_D_A=0.1317 loss_D_B=0.0908 cycle=0.0718 idt=0.0395 gnorm=42.444 dnorm=7.708 nan=0
2026-10-04 18:03:56,118 epoch=194 step=1200 loss_G=2.2462 loss_D_A=0.1482 loss_D_B=0.1374 cycle=0.0884 idt=0.0536 gnorm=22.778 dnorm=12.376 nan=0
2026-10-04 18:04:11,570 epoch=194 step=1300 loss_G=2.1662 loss_D_A=0.0309 loss_D_B=0.1203 cycle=0.0778 idt=0.0435 gnorm=24.116 dnorm=8.283 nan=0
2026-10-04 18:04:26,902 epoch=194 step=1400 loss_G=1.6173 loss_D_A=0.1049 loss_D_B=0.1633 cycle=0.0676 idt=0.0427 gnorm=25.434 dnorm=11.609 nan=0
2026-10-04 18:04:42,303 epoch=194 step=1500 loss_G=1.9776 loss_D_A=0.1327 loss_D_B=0.0982 cycle=0.0796 idt=0.0536 gnorm=35.691 dnorm=13.692 nan=0
2026-10-04 18:04:57,705 epoch=194 step=1600 loss_G=2.1094 loss_D_A=0.2107 loss_D_B=0.1641 cycle=0.0661 idt=0.0357 gnorm=31.841 dnorm=13.787 nan=0
2026-10-04 18:05:12,820 epoch=194 step=1700 loss_G=2.2117 loss_D_A=0.1456 loss_D_B=0.1059 cycle=0.0637 idt=0.0480 gnorm=30.242 dnorm=9.233 nan=0
2026-10-04 18:05:28,043 epoch=194 step=1800 loss_G=3.0639 loss_D_A=0.0680 loss_D_B=0.1253 cycle=0.0585 idt=0.0329 gnorm=29.123 dnorm=7.446 nan=0
2026-10-04 18:05:42,932 epoch=194 step=1900 loss_G=1.9988 loss_D_A=0.1490 loss_D_B=0.1278 cycle=0.0602 idt=0.0397 gnorm=30.755 dnorm=13.678 nan=0
2026-10-04 18:05:58,272 epoch=194 step=2000 loss_G=1.9390 loss_D_A=0.2297 loss_D_B=0.2540 cycle=0.0624 idt=0.0489 gnorm=44.202 dnorm=19.111 nan=0
2026-10-04 18:06:13,518 epoch=194 step=2100 loss_G=2.1198 loss_D_A=0.0676 loss_D_B=0.1008 cycle=0.0854 idt=0.0408 gnorm=26.849 dnorm=6.222 nan=0
2026-10-04 18:06:28,352 epoch=194 step=2200 loss_G=1.5666 loss_D_A=0.0704 loss_D_B=0.2818 cycle=0.0818 idt=0.0488 gnorm=26.080 dnorm=11.876 nan=0
2026-10-04 18:06:43,175 epoch=194 step=2300 loss_G=3.1072 loss_D_A=0.1315 loss_D_B=0.1350 cycle=0.0882 idt=0.0330 gnorm=32.205 dnorm=11.375 nan=0
2026-10-04 18:06:58,587 epoch=194 step=2400 loss_G=1.6705 loss_D_A=0.1527 loss_D_B=0.1509 cycle=0.0508 idt=0.0240 gnorm=20.675 dnorm=16.027 nan=0
2026-10-04 18:07:13,954 epoch=194 step=2500 loss_G=1.6632 loss_D_A=0.1838 loss_D_B=0.1986 cycle=0.0592 idt=0.0331 gnorm=22.490 dnorm=17.673 nan=0
2026-10-04 18:07:29,349 epoch=194 step=2600 loss_G=2.7196 loss_D_A=0.0349 loss_D_B=0.1128 cycle=0.0829 idt=0.0437 gnorm=29.375 dnorm=7.133 nan=0
2026-10-04 18:07:44,190 epoch=194 step=2700 loss_G=1.4052 loss_D_A=0.0405 loss_D_B=0.1274 cycle=0.0582 idt=0.0313 gnorm=17.382 dnorm=7.646 nan=0
2026-10-04 18:07:59,312 epoch=194 step=2800 loss_G=1.6701 loss_D_A=0.0283 loss_D_B=0.2284 cycle=0.0849 idt=0.0353 gnorm=12.105 dnorm=8.304 nan=0
2026-10-04 18:08:14,702 epoch=194 step=2900 loss_G=1.9559 loss_D_A=0.2326 loss_D_B=0.0518 cycle=0.0679 idt=0.0317 gnorm=30.692 dnorm=11.495 nan=0
2026-10-04 18:08:30,071 epoch=194 step=3000 loss_G=1.5654 loss_D_A=0.1809 loss_D_B=0.1203 cycle=0.0733 idt=0.0407 gnorm=32.121 dnorm=10.995 nan=0
2026-10-04 18:08:45,399 epoch=194 step=3100 loss_G=2.4278 loss_D_A=0.1709 loss_D_B=0.0923 cycle=0.0672 idt=0.0322 gnorm=44.154 dnorm=8.788 nan=0
2026-10-04 18:09:00,810 epoch=194 step=3200 loss_G=1.6927 loss_D_A=0.0770 loss_D_B=0.1399 cycle=0.0790 idt=0.0452 gnorm=24.354 dnorm=9.891 nan=0
2026-10-04 18:09:15,369 epoch=194 step=3300 loss_G=2.0610 loss_D_A=0.1252 loss_D_B=0.1696 cycle=0.0695 idt=0.0382 gnorm=33.123 dnorm=10.390 nan=0
2026-10-04 18:09:30,550 epoch=194 step=3400 loss_G=2.4236 loss_D_A=0.0908 loss_D_B=0.0355 cycle=0.0881 idt=0.0674 gnorm=44.931 dnorm=7.880 nan=0
2026-10-04 18:09:45,612 epoch=194 step=3500 loss_G=2.2927 loss_D_A=0.0815 loss_D_B=0.1239 cycle=0.0637 idt=0.0307 gnorm=34.040 dnorm=9.512 nan=0
2026-10-04 18:10:00,830 epoch=194 step=3600 loss_G=2.3635 loss_D_A=0.1853 loss_D_B=0.1520 cycle=0.0801 idt=0.0483 gnorm=26.298 dnorm=15.525 nan=0
2026-10-04 18:10:15,136 epoch=194 step=3700 loss_G=2.9392 loss_D_A=0.1311 loss_D_B=0.0484 cycle=0.0648 idt=0.0323 gnorm=34.748 dnorm=7.789 nan=0
2026-10-04 18:10:30,524 epoch=194 step=3800 loss_G=1.5315 loss_D_A=0.2609 loss_D_B=0.1448 cycle=0.0510 idt=0.0268 gnorm=21.803 dnorm=14.375 nan=0
2026-10-04 18:10:45,890 epoch=194 step=3900 loss_G=2.1105 loss_D_A=0.1379 loss_D_B=0.2044 cycle=0.0676 idt=0.0433 gnorm=37.165 dnorm=10.853 nan=0
2026-10-04 18:11:01,068 epoch=194 step=4000 loss_G=1.5693 loss_D_A=0.0369 loss_D_B=0.2709 cycle=0.0631 idt=0.0349 gnorm=20.940 dnorm=9.866 nan=0
2026-10-04 18:11:16,536 epoch=194 step=4100 loss_G=2.0067 loss_D_A=0.3157 loss_D_B=0.1568 cycle=0.0703 idt=0.0331 gnorm=34.331 dnorm=12.166 nan=0
2026-10-04 18:11:31,915 epoch=194 step=4200 loss_G=2.0314 loss_D_A=0.1224 loss_D_B=0.4567 cycle=0.0649 idt=0.0380 gnorm=30.571 dnorm=18.230 nan=0
2026-10-04 18:11:47,358 epoch=194 step=4300 loss_G=2.3191 loss_D_A=0.0260 loss_D_B=0.2274 cycle=0.0672 idt=0.0385 gnorm=29.786 dnorm=7.163 nan=0
2026-10-04 18:12:02,503 epoch=194 step=4400 loss_G=1.6471 loss_D_A=0.2109 loss_D_B=0.1577 cycle=0.0582 idt=0.0342 gnorm=22.320 dnorm=8.924 nan=0
2026-10-04 18:12:17,861 epoch=194 step=4500 loss_G=1.6870 loss_D_A=0.1235 loss_D_B=0.1496 cycle=0.0647 idt=0.0294 gnorm=31.521 dnorm=11.805 nan=0
2026-10-04 18:12:33,067 epoch=194 step=4600 loss_G=2.4496 loss_D_A=0.1732 loss_D_B=0.1034 cycle=0.0800 idt=0.0468 gnorm=25.323 dnorm=10.514 nan=0
2026-10-04 18:12:48,442 epoch=194 step=4700 loss_G=2.1071 loss_D_A=0.0268 loss_D_B=0.1650 cycle=0.0657 idt=0.0404 gnorm=34.374 dnorm=11.062 nan=0
2026-10-04 18:13:03,788 epoch=194 step=4800 loss_G=2.5871 loss_D_A=0.1066 loss_D_B=0.0428 cycle=0.0633 idt=0.0375 gnorm=32.577 dnorm=10.595 nan=0
2026-10-04 18:13:19,201 epoch=194 step=4900 loss_G=2.1812 loss_D_A=0.1062 loss_D_B=0.2725 cycle=0.0831 idt=0.0496 gnorm=37.800 dnorm=13.083 nan=0
2026-10-04 18:13:34,485 epoch=194 step=5000 loss_G=1.9699 loss_D_A=0.0378 loss_D_B=0.0930 cycle=0.0596 idt=0.0370 gnorm=32.901 dnorm=7.267 nan=0
2026-10-04 18:13:49,662 epoch=194 step=5100 loss_G=2.0860 loss_D_A=0.0907 loss_D_B=0.0683 cycle=0.0711 idt=0.0321 gnorm=16.767 dnorm=8.157 nan=0
2026-10-04 18:14:04,847 epoch=194 step=5200 loss_G=2.5010 loss_D_A=0.1164 loss_D_B=0.0832 cycle=0.0740 idt=0.0460 gnorm=37.008 dnorm=15.794 nan=0
2026-10-04 18:14:19,889 epoch=194 step=5300 loss_G=2.2537 loss_D_A=0.0436 loss_D_B=0.0456 cycle=0.0673 idt=0.0351 gnorm=27.971 dnorm=6.745 nan=0
2026-10-04 18:14:34,917 epoch=194 step=5400 loss_G=1.2118 loss_D_A=0.1196 loss_D_B=0.0739 cycle=0.0617 idt=0.0301 gnorm=23.602 dnorm=7.706 nan=0
2026-10-04 18:14:50,321 epoch=194 step=5500 loss_G=2.2445 loss_D_A=0.0367 loss_D_B=0.0370 cycle=0.0779 idt=0.0408 gnorm=34.979 dnorm=4.226 nan=0
2026-10-04 18:15:05,287 epoch=194 step=5600 loss_G=1.5575 loss_D_A=0.1776 loss_D_B=0.1049 cycle=0.0738 idt=0.0442 gnorm=17.085 dnorm=9.003 nan=0
2026-10-04 18:15:20,639 epoch=194 step=5700 loss_G=1.8824 loss_D_A=0.2729 loss_D_B=0.0895 cycle=0.0744 idt=0.0433 gnorm=19.373 dnorm=11.499 nan=0
2026-10-04 18:15:36,043 epoch=194 step=5800 loss_G=2.0370 loss_D_A=0.2444 loss_D_B=0.0502 cycle=0.0747 idt=0.0422 gnorm=20.190 dnorm=11.461 nan=0
2026-10-04 18:15:51,368 epoch=194 step=5900 loss_G=1.6753 loss_D_A=0.1573 loss_D_B=0.1297 cycle=0.0614 idt=0.0305 gnorm=28.504 dnorm=15.091 nan=0
2026-10-04 18:16:06,715 epoch=194 step=6000 loss_G=1.8378 loss_D_A=0.1790 loss_D_B=0.0872 cycle=0.0741 idt=0.0353 gnorm=25.345 dnorm=10.719 nan=0
2026-10-04 18:16:22,104 epoch=194 step=6100 loss_G=1.5630 loss_D_A=0.1690 loss_D_B=0.0656 cycle=0.0632 idt=0.0327 gnorm=28.347 dnorm=8.778 nan=0
2026-10-04 18:16:37,440 epoch=194 step=6200 loss_G=2.3563 loss_D_A=0.1392 loss_D_B=0.0343 cycle=0.0614 idt=0.0350 gnorm=27.428 dnorm=8.369 nan=0
2026-10-04 18:16:52,680 epoch=194 step=6300 loss_G=2.1851 loss_D_A=0.2270 loss_D_B=0.0333 cycle=0.0646 idt=0.0310 gnorm=24.865 dnorm=10.686 nan=0
2026-10-04 18:17:08,098 epoch=194 step=6400 loss_G=2.3099 loss_D_A=0.0732 loss_D_B=0.1763 cycle=0.0886 idt=0.0505 gnorm=13.680 dnorm=9.043 nan=0
2026-10-04 18:17:13,900 epoch_mean={'g': 2.0613948067140417, 'd_a': 0.12982979780696646, 'd_b': 0.14051107339660512, 'cycle': 0.07095110805259057, 'identity': 0.04170539431706761, 'epoch': 194}
2026-10-04 18:17:14,505 epoch=195 step=1 loss_G=3.1769 loss_D_A=0.1030 loss_D_B=0.0387 cycle=0.0980 idt=0.0631 gnorm=22.986 dnorm=5.059 nan=0
2026-10-04 18:17:29,728 epoch=195 step=100 loss_G=2.1375 loss_D_A=0.1427 loss_D_B=0.0896 cycle=0.0719 idt=0.0423 gnorm=26.055 dnorm=12.941 nan=0
2026-10-04 18:17:44,655 epoch=195 step=200 loss_G=2.3147 loss_D_A=0.1837 loss_D_B=0.1857 cycle=0.0798 idt=0.0666 gnorm=33.676 dnorm=8.948 nan=0
2026-10-04 18:18:00,010 epoch=195 step=300 loss_G=1.6924 loss_D_A=0.2958 loss_D_B=0.1532 cycle=0.0604 idt=0.0320 gnorm=25.572 dnorm=15.188 nan=0
2026-10-04 18:18:15,391 epoch=195 step=400 loss_G=2.1314 loss_D_A=0.1662 loss_D_B=0.1510 cycle=0.0547 idt=0.0523 gnorm=33.437 dnorm=13.111 nan=0
2026-10-04 18:18:30,669 epoch=195 step=500 loss_G=1.8340 loss_D_A=0.3022 loss_D_B=0.0963 cycle=0.0766 idt=0.0371 gnorm=31.025 dnorm=15.005 nan=0
2026-10-04 18:18:46,003 epoch=195 step=600 loss_G=2.0342 loss_D_A=0.1773 loss_D_B=0.1391 cycle=0.0599 idt=0.0339 gnorm=27.867 dnorm=11.660 nan=0
2026-10-04 18:19:01,416 epoch=195 step=700 loss_G=1.8490 loss_D_A=0.1941 loss_D_B=0.0860 cycle=0.0725 idt=0.0513 gnorm=27.661 dnorm=9.570 nan=0
2026-10-04 18:19:16,708 epoch=195 step=800 loss_G=1.9164 loss_D_A=0.1757 loss_D_B=0.0739 cycle=0.0586 idt=0.0435 gnorm=45.046 dnorm=9.717 nan=0
2026-10-04 18:19:31,899 epoch=195 step=900 loss_G=1.9001 loss_D_A=0.0317 loss_D_B=0.1712 cycle=0.0680 idt=0.0371 gnorm=36.591 dnorm=8.192 nan=0
2026-10-04 18:19:47,402 epoch=195 step=1000 loss_G=2.0497 loss_D_A=0.0571 loss_D_B=0.0535 cycle=0.0667 idt=0.0393 gnorm=30.877 dnorm=7.919 nan=0
2026-10-04 18:20:02,734 epoch=195 step=1100 loss_G=2.1174 loss_D_A=0.1733 loss_D_B=0.1925 cycle=0.0748 idt=0.0446 gnorm=33.101 dnorm=10.732 nan=0
2026-10-04 18:20:17,592 epoch=195 step=1200 loss_G=2.0272 loss_D_A=0.0436 loss_D_B=0.0543 cycle=0.0673 idt=0.0404 gnorm=33.274 dnorm=4.496 nan=0
2026-10-04 18:20:32,877 epoch=195 step=1300 loss_G=1.2361 loss_D_A=0.1283 loss_D_B=0.0923 cycle=0.0614 idt=0.0325 gnorm=34.078 dnorm=11.306 nan=0
2026-10-04 18:20:48,058 epoch=195 step=1400 loss_G=3.0758 loss_D_A=0.0570 loss_D_B=0.1946 cycle=0.0782 idt=0.1762 gnorm=64.707 dnorm=10.016 nan=0
2026-10-04 18:21:03,233 epoch=195 step=1500 loss_G=2.5899 loss_D_A=0.0748 loss_D_B=0.0434 cycle=0.0849 idt=0.0468 gnorm=35.222 dnorm=4.168 nan=0
2026-10-04 18:21:18,637 epoch=195 step=1600 loss_G=2.6068 loss_D_A=0.1674 loss_D_B=0.0609 cycle=0.0720 idt=0.0675 gnorm=33.881 dnorm=11.036 nan=0
2026-10-04 18:21:33,999 epoch=195 step=1700 loss_G=1.9403 loss_D_A=0.1035 loss_D_B=0.0684 cycle=0.0657 idt=0.0352 gnorm=40.518 dnorm=8.042 nan=0
2026-10-04 18:21:49,341 epoch=195 step=1800 loss_G=2.1355 loss_D_A=0.1569 loss_D_B=0.1428 cycle=0.0676 idt=0.0334 gnorm=21.881 dnorm=9.383 nan=0
2026-10-04 18:22:04,693 epoch=195 step=1900 loss_G=2.1179 loss_D_A=0.0620 loss_D_B=0.1777 cycle=0.0698 idt=0.0333 gnorm=32.484 dnorm=12.589 nan=0
2026-10-04 18:22:20,041 epoch=195 step=2000 loss_G=1.5707 loss_D_A=0.1121 loss_D_B=0.0764 cycle=0.0616 idt=0.0319 gnorm=28.176 dnorm=8.877 nan=0
2026-10-04 18:22:35,094 epoch=195 step=2100 loss_G=1.8655 loss_D_A=0.2253 loss_D_B=0.0860 cycle=0.0701 idt=0.0418 gnorm=25.644 dnorm=10.892 nan=0
2026-10-04 18:22:50,210 epoch=195 step=2200 loss_G=1.7440 loss_D_A=0.0458 loss_D_B=0.1498 cycle=0.0710 idt=0.0340 gnorm=20.383 dnorm=8.855 nan=0
2026-10-04 18:23:05,245 epoch=195 step=2300 loss_G=2.2355 loss_D_A=0.1144 loss_D_B=0.1685 cycle=0.0649 idt=0.0352 gnorm=22.185 dnorm=11.236 nan=0
2026-10-04 18:23:20,618 epoch=195 step=2400 loss_G=1.5967 loss_D_A=0.0408 loss_D_B=0.2787 cycle=0.0646 idt=0.0398 gnorm=33.639 dnorm=12.887 nan=0
2026-10-04 18:23:35,690 epoch=195 step=2500 loss_G=1.5688 loss_D_A=0.0465 loss_D_B=0.1645 cycle=0.0637 idt=0.0347 gnorm=15.894 dnorm=7.338 nan=0
2026-10-04 18:23:50,764 epoch=195 step=2600 loss_G=2.1285 loss_D_A=0.1943 loss_D_B=0.0636 cycle=0.0748 idt=0.0349 gnorm=22.898 dnorm=12.670 nan=0
2026-10-04 18:24:05,772 epoch=195 step=2700 loss_G=1.7058 loss_D_A=0.1287 loss_D_B=0.1297 cycle=0.0711 idt=0.0377 gnorm=22.298 dnorm=7.997 nan=0
2026-10-04 18:24:21,132 epoch=195 step=2800 loss_G=1.4937 loss_D_A=0.0366 loss_D_B=0.1740 cycle=0.0901 idt=0.0409 gnorm=21.811 dnorm=5.774 nan=0
2026-10-04 18:24:36,411 epoch=195 step=2900 loss_G=1.7729 loss_D_A=0.0453 loss_D_B=0.0954 cycle=0.0575 idt=0.0381 gnorm=24.702 dnorm=6.017 nan=0
2026-10-04 18:24:51,767 epoch=195 step=3000 loss_G=2.9438 loss_D_A=0.0703 loss_D_B=0.1992 cycle=0.0749 idt=0.0424 gnorm=22.958 dnorm=9.216 nan=0
2026-10-04 18:25:07,101 epoch=195 step=3100 loss_G=2.2900 loss_D_A=0.1765 loss_D_B=0.0664 cycle=0.0796 idt=0.0497 gnorm=13.902 dnorm=13.599 nan=0
2026-10-04 18:25:22,375 epoch=195 step=3200 loss_G=1.9134 loss_D_A=0.0860 loss_D_B=0.0310 cycle=0.0717 idt=0.0395 gnorm=35.197 dnorm=6.928 nan=0
2026-10-04 18:25:37,756 epoch=195 step=3300 loss_G=1.7710 loss_D_A=0.0562 loss_D_B=0.1247 cycle=0.0737 idt=0.0471 gnorm=22.411 dnorm=9.223 nan=0
2026-10-04 18:25:53,121 epoch=195 step=3400 loss_G=2.8562 loss_D_A=0.1179 loss_D_B=0.1269 cycle=0.0808 idt=0.0474 gnorm=25.845 dnorm=14.598 nan=0
2026-10-04 18:26:08,179 epoch=195 step=3500 loss_G=1.8545 loss_D_A=0.1153 loss_D_B=0.1995 cycle=0.0816 idt=0.0470 gnorm=23.143 dnorm=11.221 nan=0
2026-10-04 18:26:23,543 epoch=195 step=3600 loss_G=2.1885 loss_D_A=0.2107 loss_D_B=0.0915 cycle=0.0547 idt=0.0256 gnorm=26.844 dnorm=10.409 nan=0
2026-10-04 18:26:38,415 epoch=195 step=3700 loss_G=2.3396 loss_D_A=0.0970 loss_D_B=0.0492 cycle=0.0746 idt=0.0409 gnorm=28.044 dnorm=7.685 nan=0
2026-10-04 18:26:53,669 epoch=195 step=3800 loss_G=2.2097 loss_D_A=0.1272 loss_D_B=0.0298 cycle=0.0742 idt=0.0473 gnorm=33.259 dnorm=7.776 nan=0
2026-10-04 18:27:09,005 epoch=195 step=3900 loss_G=1.5330 loss_D_A=0.0598 loss_D_B=0.1696 cycle=0.0686 idt=0.0366 gnorm=21.906 dnorm=8.564 nan=0
2026-10-04 18:27:24,367 epoch=195 step=4000 loss_G=1.5901 loss_D_A=0.0905 loss_D_B=0.1090 cycle=0.0529 idt=0.0285 gnorm=31.611 dnorm=12.023 nan=0
2026-10-04 18:27:39,618 epoch=195 step=4100 loss_G=1.8538 loss_D_A=0.3055 loss_D_B=0.0370 cycle=0.0584 idt=0.0345 gnorm=26.229 dnorm=8.969 nan=0
2026-10-04 18:27:54,958 epoch=195 step=4200 loss_G=1.7622 loss_D_A=0.2000 loss_D_B=0.0792 cycle=0.0502 idt=0.0283 gnorm=35.922 dnorm=11.911 nan=0
2026-10-04 18:28:10,275 epoch=195 step=4300 loss_G=2.1923 loss_D_A=0.1289 loss_D_B=0.1748 cycle=0.0580 idt=0.0311 gnorm=37.663 dnorm=30.749 nan=0
2026-10-04 18:28:25,581 epoch=195 step=4400 loss_G=1.9706 loss_D_A=0.0776 loss_D_B=0.1262 cycle=0.0632 idt=0.0388 gnorm=27.253 dnorm=10.052 nan=0
2026-10-04 18:28:40,842 epoch=195 step=4500 loss_G=1.7378 loss_D_A=0.2090 loss_D_B=0.0387 cycle=0.0606 idt=0.0325 gnorm=19.122 dnorm=6.895 nan=0
2026-10-04 18:28:56,044 epoch=195 step=4600 loss_G=2.2742 loss_D_A=0.0332 loss_D_B=0.0405 cycle=0.0653 idt=0.0339 gnorm=23.760 dnorm=3.116 nan=0
2026-10-04 18:29:11,345 epoch=195 step=4700 loss_G=1.8428 loss_D_A=0.0490 loss_D_B=0.1986 cycle=0.0624 idt=0.0339 gnorm=18.597 dnorm=13.073 nan=0
2026-10-04 18:29:26,698 epoch=195 step=4800 loss_G=1.8151 loss_D_A=0.0351 loss_D_B=0.0336 cycle=0.0813 idt=0.0516 gnorm=23.114 dnorm=3.024 nan=0
2026-10-04 18:29:42,055 epoch=195 step=4900 loss_G=2.1374 loss_D_A=0.1229 loss_D_B=0.0658 cycle=0.0670 idt=0.0328 gnorm=37.680 dnorm=7.780 nan=0
2026-10-04 18:29:57,351 epoch=195 step=5000 loss_G=2.3170 loss_D_A=0.0936 loss_D_B=0.1107 cycle=0.0641 idt=0.0359 gnorm=26.743 dnorm=7.530 nan=0
2026-10-04 18:30:12,490 epoch=195 step=5100 loss_G=3.0301 loss_D_A=0.1311 loss_D_B=0.0608 cycle=0.0835 idt=0.0452 gnorm=53.122 dnorm=5.204 nan=0
2026-10-04 18:30:27,734 epoch=195 step=5200 loss_G=2.0085 loss_D_A=0.1762 loss_D_B=0.1353 cycle=0.0786 idt=0.0459 gnorm=18.299 dnorm=8.840 nan=0
2026-10-04 18:30:42,840 epoch=195 step=5300 loss_G=1.4009 loss_D_A=0.1167 loss_D_B=0.0502 cycle=0.0547 idt=0.0476 gnorm=22.321 dnorm=8.933 nan=0
2026-10-04 18:30:58,059 epoch=195 step=5400 loss_G=2.2020 loss_D_A=0.2048 loss_D_B=0.0794 cycle=0.0584 idt=0.0338 gnorm=31.836 dnorm=11.572 nan=0
2026-10-04 18:31:13,325 epoch=195 step=5500 loss_G=1.5597 loss_D_A=0.1933 loss_D_B=0.0767 cycle=0.0758 idt=0.0410 gnorm=28.649 dnorm=8.495 nan=0
2026-10-04 18:31:28,558 epoch=195 step=5600 loss_G=1.6514 loss_D_A=0.2639 loss_D_B=0.1012 cycle=0.0901 idt=0.0524 gnorm=18.374 dnorm=9.343 nan=0
2026-10-04 18:31:43,874 epoch=195 step=5700 loss_G=2.3061 loss_D_A=0.1121 loss_D_B=0.1405 cycle=0.0903 idt=0.0544 gnorm=29.617 dnorm=8.899 nan=0
2026-10-04 18:31:59,056 epoch=195 step=5800 loss_G=2.3337 loss_D_A=0.1526 loss_D_B=0.3100 cycle=0.0614 idt=0.0374 gnorm=47.442 dnorm=15.713 nan=0
2026-10-04 18:32:13,943 epoch=195 step=5900 loss_G=2.1636 loss_D_A=0.0489 loss_D_B=0.2000 cycle=0.0726 idt=0.0405 gnorm=24.341 dnorm=7.490 nan=0
2026-10-04 18:32:29,089 epoch=195 step=6000 loss_G=1.9720 loss_D_A=0.0680 loss_D_B=0.0314 cycle=0.0689 idt=0.0349 gnorm=38.631 dnorm=5.885 nan=0
2026-10-04 18:32:44,469 epoch=195 step=6100 loss_G=1.8493 loss_D_A=0.1128 loss_D_B=0.1114 cycle=0.0593 idt=0.0340 gnorm=19.659 dnorm=7.354 nan=0
2026-10-04 18:32:59,760 epoch=195 step=6200 loss_G=1.9249 loss_D_A=0.4548 loss_D_B=0.0963 cycle=0.0819 idt=0.0586 gnorm=30.091 dnorm=18.383 nan=0
2026-10-04 18:33:15,095 epoch=195 step=6300 loss_G=2.1449 loss_D_A=0.1260 loss_D_B=0.0880 cycle=0.0582 idt=0.0312 gnorm=23.497 dnorm=8.544 nan=0
2026-10-04 18:33:30,435 epoch=195 step=6400 loss_G=1.8766 loss_D_A=0.0509 loss_D_B=0.1428 cycle=0.0758 idt=0.0454 gnorm=13.996 dnorm=7.683 nan=0
2026-10-04 18:33:36,227 epoch_mean={'g': 2.0613565815276482, 'd_a': 0.12850492346468234, 'd_b': 0.1393253626235341, 'cycle': 0.07048331406146853, 'identity': 0.041363244769216954, 'epoch': 195}
2026-10-04 18:33:36,844 epoch=196 step=1 loss_G=2.4990 loss_D_A=0.0463 loss_D_B=0.1375 cycle=0.0737 idt=0.0410 gnorm=39.501 dnorm=8.018 nan=0
2026-10-04 18:33:51,725 epoch=196 step=100 loss_G=2.1176 loss_D_A=0.1114 loss_D_B=0.0560 cycle=0.0717 idt=0.0463 gnorm=30.640 dnorm=10.389 nan=0
2026-10-04 18:34:06,992 epoch=196 step=200 loss_G=1.7534 loss_D_A=0.1133 loss_D_B=0.2028 cycle=0.0577 idt=0.0352 gnorm=33.203 dnorm=11.719 nan=0
2026-10-04 18:34:22,408 epoch=196 step=300 loss_G=2.1779 loss_D_A=0.0681 loss_D_B=0.0910 cycle=0.0660 idt=0.0386 gnorm=44.204 dnorm=9.674 nan=0
2026-10-04 18:34:37,811 epoch=196 step=400 loss_G=2.0347 loss_D_A=0.0456 loss_D_B=0.1529 cycle=0.0628 idt=0.0339 gnorm=23.513 dnorm=8.791 nan=0
2026-10-04 18:34:53,104 epoch=196 step=500 loss_G=1.8235 loss_D_A=0.1250 loss_D_B=0.0437 cycle=0.0500 idt=0.0291 gnorm=27.449 dnorm=8.069 nan=0
2026-10-04 18:35:08,432 epoch=196 step=600 loss_G=2.0952 loss_D_A=0.0567 loss_D_B=0.2562 cycle=0.0583 idt=0.0308 gnorm=29.866 dnorm=11.349 nan=0
2026-10-04 18:35:23,427 epoch=196 step=700 loss_G=2.2790 loss_D_A=0.0769 loss_D_B=0.1084 cycle=0.0875 idt=0.0484 gnorm=26.675 dnorm=7.716 nan=0
2026-10-04 18:35:38,617 epoch=196 step=800 loss_G=2.1170 loss_D_A=0.0612 loss_D_B=0.0754 cycle=0.0767 idt=0.0414 gnorm=36.058 dnorm=5.503 nan=0
2026-10-04 18:35:53,717 epoch=196 step=900 loss_G=2.0474 loss_D_A=0.0583 loss_D_B=0.1084 cycle=0.0590 idt=0.0323 gnorm=27.082 dnorm=10.256 nan=0
2026-10-04 18:36:09,065 epoch=196 step=1000 loss_G=2.0378 loss_D_A=0.2598 loss_D_B=0.1668 cycle=0.0660 idt=0.0377 gnorm=28.161 dnorm=16.616 nan=0
2026-10-04 18:36:24,451 epoch=196 step=1100 loss_G=2.3887 loss_D_A=0.0915 loss_D_B=0.1705 cycle=0.0742 idt=0.0488 gnorm=27.762 dnorm=7.128 nan=0
2026-10-04 18:36:39,803 epoch=196 step=1200 loss_G=2.1744 loss_D_A=0.1215 loss_D_B=0.0389 cycle=0.0584 idt=0.0277 gnorm=32.539 dnorm=7.322 nan=0
2026-10-04 18:36:55,142 epoch=196 step=1300 loss_G=2.3034 loss_D_A=0.0665 loss_D_B=0.1004 cycle=0.0540 idt=0.0308 gnorm=31.193 dnorm=11.743 nan=0
2026-10-04 18:37:10,452 epoch=196 step=1400 loss_G=2.3786 loss_D_A=0.0626 loss_D_B=0.1318 cycle=0.0923 idt=0.0499 gnorm=24.641 dnorm=9.081 nan=0
2026-10-04 18:37:25,816 epoch=196 step=1500 loss_G=1.9998 loss_D_A=0.1206 loss_D_B=0.3341 cycle=0.0637 idt=0.0386 gnorm=23.900 dnorm=11.870 nan=0
2026-10-04 18:37:41,119 epoch=196 step=1600 loss_G=2.3479 loss_D_A=0.2189 loss_D_B=0.0513 cycle=0.0731 idt=0.0394 gnorm=21.720 dnorm=9.158 nan=0
2026-10-04 18:37:56,386 epoch=196 step=1700 loss_G=2.8644 loss_D_A=0.1693 loss_D_B=0.1187 cycle=0.0725 idt=0.0482 gnorm=40.290 dnorm=11.784 nan=0
2026-10-04 18:38:11,748 epoch=196 step=1800 loss_G=2.5221 loss_D_A=0.0935 loss_D_B=0.1512 cycle=0.0895 idt=0.0530 gnorm=34.679 dnorm=10.712 nan=0
2026-10-04 18:38:27,136 epoch=196 step=1900 loss_G=1.9006 loss_D_A=0.1200 loss_D_B=0.1377 cycle=0.0721 idt=0.0379 gnorm=24.715 dnorm=13.090 nan=0
2026-10-04 18:38:42,407 epoch=196 step=2000 loss_G=2.0026 loss_D_A=0.0976 loss_D_B=0.0938 cycle=0.0720 idt=0.0434 gnorm=23.375 dnorm=9.580 nan=0
2026-10-04 18:38:57,765 epoch=196 step=2100 loss_G=1.6996 loss_D_A=0.1139 loss_D_B=0.2603 cycle=0.0717 idt=0.0373 gnorm=42.416 dnorm=10.274 nan=0
2026-10-04 18:39:13,108 epoch=196 step=2200 loss_G=1.7793 loss_D_A=0.1216 loss_D_B=0.0451 cycle=0.0766 idt=0.0442 gnorm=22.338 dnorm=7.808 nan=0
2026-10-04 18:39:28,385 epoch=196 step=2300 loss_G=2.0422 loss_D_A=0.1532 loss_D_B=0.0682 cycle=0.0553 idt=0.0275 gnorm=43.284 dnorm=11.087 nan=0
2026-10-04 18:39:43,730 epoch=196 step=2400 loss_G=1.9531 loss_D_A=0.0603 loss_D_B=0.1645 cycle=0.0702 idt=0.0369 gnorm=22.703 dnorm=7.425 nan=0
2026-10-04 18:39:59,044 epoch=196 step=2500 loss_G=2.0105 loss_D_A=0.0402 loss_D_B=0.0432 cycle=0.0595 idt=0.0324 gnorm=25.932 dnorm=4.225 nan=0
2026-10-04 18:40:14,318 epoch=196 step=2600 loss_G=2.2016 loss_D_A=0.1221 loss_D_B=0.1371 cycle=0.0527 idt=0.0296 gnorm=26.876 dnorm=12.799 nan=0
2026-10-04 18:40:29,661 epoch=196 step=2700 loss_G=2.4574 loss_D_A=0.2299 loss_D_B=0.1046 cycle=0.0748 idt=0.0324 gnorm=30.528 dnorm=12.704 nan=0
2026-10-04 18:40:45,062 epoch=196 step=2800 loss_G=2.1364 loss_D_A=0.1218 loss_D_B=0.3071 cycle=0.0727 idt=0.0481 gnorm=36.922 dnorm=14.945 nan=0
2026-10-04 18:40:59,728 epoch=196 step=2900 loss_G=2.0339 loss_D_A=0.1044 loss_D_B=0.3056 cycle=0.0788 idt=0.0885 gnorm=44.809 dnorm=13.308 nan=0
2026-10-04 18:41:15,042 epoch=196 step=3000 loss_G=2.0483 loss_D_A=0.1005 loss_D_B=0.0747 cycle=0.0651 idt=0.0325 gnorm=30.773 dnorm=6.548 nan=0
2026-10-04 18:41:29,875 epoch=196 step=3100 loss_G=2.0702 loss_D_A=0.0405 loss_D_B=0.0598 cycle=0.0741 idt=0.0429 gnorm=19.218 dnorm=4.926 nan=0
2026-10-04 18:41:45,166 epoch=196 step=3200 loss_G=2.1530 loss_D_A=0.1279 loss_D_B=0.2571 cycle=0.0772 idt=0.0464 gnorm=37.995 dnorm=9.822 nan=0
2026-10-04 18:42:00,472 epoch=196 step=3300 loss_G=2.1563 loss_D_A=0.0354 loss_D_B=0.0638 cycle=0.0663 idt=0.0324 gnorm=31.347 dnorm=4.984 nan=0
2026-10-04 18:42:15,361 epoch=196 step=3400 loss_G=2.4613 loss_D_A=0.1098 loss_D_B=0.0543 cycle=0.0862 idt=0.0480 gnorm=18.392 dnorm=5.486 nan=0
2026-10-04 18:42:30,648 epoch=196 step=3500 loss_G=2.2361 loss_D_A=0.1345 loss_D_B=0.1749 cycle=0.0716 idt=0.0490 gnorm=41.274 dnorm=17.624 nan=0
2026-10-04 18:42:45,979 epoch=196 step=3600 loss_G=2.1263 loss_D_A=0.1169 loss_D_B=0.1440 cycle=0.0841 idt=0.0468 gnorm=20.771 dnorm=12.122 nan=0
2026-10-04 18:43:01,329 epoch=196 step=3700 loss_G=2.0592 loss_D_A=0.0817 loss_D_B=0.1777 cycle=0.0699 idt=0.0675 gnorm=37.419 dnorm=21.127 nan=0
2026-10-04 18:43:16,597 epoch=196 step=3800 loss_G=1.6649 loss_D_A=0.4216 loss_D_B=0.1616 cycle=0.0605 idt=0.0345 gnorm=37.390 dnorm=13.125 nan=0
2026-10-04 18:43:31,273 epoch=196 step=3900 loss_G=1.8205 loss_D_A=0.2379 loss_D_B=0.1716 cycle=0.0606 idt=0.0355 gnorm=18.570 dnorm=10.755 nan=0
2026-10-04 18:43:46,393 epoch=196 step=4000 loss_G=2.6507 loss_D_A=0.0332 loss_D_B=0.2621 cycle=0.0932 idt=0.0444 gnorm=35.853 dnorm=11.516 nan=0
2026-10-04 18:44:01,394 epoch=196 step=4100 loss_G=1.7458 loss_D_A=0.1452 loss_D_B=0.2579 cycle=0.0646 idt=0.0317 gnorm=20.316 dnorm=12.112 nan=0
2026-10-04 18:44:16,786 epoch=196 step=4200 loss_G=1.9452 loss_D_A=0.0765 loss_D_B=0.1470 cycle=0.0750 idt=0.0409 gnorm=22.468 dnorm=14.868 nan=0
2026-10-04 18:44:32,116 epoch=196 step=4300 loss_G=1.3598 loss_D_A=0.1969 loss_D_B=0.1708 cycle=0.0549 idt=0.0302 gnorm=17.023 dnorm=11.101 nan=0
2026-10-04 18:44:47,147 epoch=196 step=4400 loss_G=2.7616 loss_D_A=0.1093 loss_D_B=0.2089 cycle=0.0771 idt=0.0475 gnorm=28.469 dnorm=13.154 nan=0
2026-10-04 18:45:02,481 epoch=196 step=4500 loss_G=1.9363 loss_D_A=0.1238 loss_D_B=0.0405 cycle=0.0805 idt=0.0486 gnorm=19.257 dnorm=7.256 nan=0
2026-10-04 18:45:17,807 epoch=196 step=4600 loss_G=2.7426 loss_D_A=0.0592 loss_D_B=0.1262 cycle=0.0871 idt=0.0480 gnorm=35.628 dnorm=11.434 nan=0
2026-10-04 18:45:33,048 epoch=196 step=4700 loss_G=1.7181 loss_D_A=0.1708 loss_D_B=0.1792 cycle=0.0710 idt=0.0437 gnorm=20.931 dnorm=10.646 nan=0
2026-10-04 18:45:48,345 epoch=196 step=4800 loss_G=2.3045 loss_D_A=0.0808 loss_D_B=0.2217 cycle=0.0590 idt=0.0305 gnorm=27.093 dnorm=15.718 nan=0
2026-10-04 18:46:03,517 epoch=196 step=4900 loss_G=1.4491 loss_D_A=0.1305 loss_D_B=0.1481 cycle=0.0636 idt=0.0334 gnorm=24.102 dnorm=18.944 nan=0
2026-10-04 18:46:18,677 epoch=196 step=5000 loss_G=1.7679 loss_D_A=0.0972 loss_D_B=0.1408 cycle=0.0738 idt=0.0416 gnorm=17.767 dnorm=9.585 nan=0
2026-10-04 18:46:34,011 epoch=196 step=5100 loss_G=2.4488 loss_D_A=0.0256 loss_D_B=0.1797 cycle=0.0630 idt=0.0385 gnorm=43.489 dnorm=12.169 nan=0
2026-10-04 18:46:49,371 epoch=196 step=5200 loss_G=1.5567 loss_D_A=0.0972 loss_D_B=0.0537 cycle=0.0711 idt=0.0403 gnorm=20.750 dnorm=6.450 nan=0
2026-10-04 18:47:04,681 epoch=196 step=5300 loss_G=2.0621 loss_D_A=0.0567 loss_D_B=0.2091 cycle=0.0901 idt=0.0541 gnorm=20.849 dnorm=13.952 nan=0
2026-10-04 18:47:20,039 epoch=196 step=5400 loss_G=1.7416 loss_D_A=0.3917 loss_D_B=0.2214 cycle=0.0651 idt=0.0420 gnorm=26.462 dnorm=15.812 nan=0
2026-10-04 18:47:35,290 epoch=196 step=5500 loss_G=1.9320 loss_D_A=0.0360 loss_D_B=0.1281 cycle=0.0684 idt=0.0361 gnorm=19.647 dnorm=6.439 nan=0
2026-10-04 18:47:50,466 epoch=196 step=5600 loss_G=1.6309 loss_D_A=0.1661 loss_D_B=0.1910 cycle=0.0570 idt=0.0293 gnorm=21.121 dnorm=14.747 nan=0
2026-10-04 18:48:05,456 epoch=196 step=5700 loss_G=1.8944 loss_D_A=0.0858 loss_D_B=0.2890 cycle=0.0588 idt=0.0385 gnorm=17.463 dnorm=13.102 nan=0
2026-10-04 18:48:20,580 epoch=196 step=5800 loss_G=2.1564 loss_D_A=0.0917 loss_D_B=0.0429 cycle=0.0697 idt=0.0379 gnorm=24.726 dnorm=7.070 nan=0
2026-10-04 18:48:35,670 epoch=196 step=5900 loss_G=1.9726 loss_D_A=0.0844 loss_D_B=0.0493 cycle=0.0607 idt=0.0321 gnorm=23.376 dnorm=6.100 nan=0
2026-10-04 18:48:51,032 epoch=196 step=6000 loss_G=1.9265 loss_D_A=0.1351 loss_D_B=0.3151 cycle=0.0704 idt=0.0382 gnorm=24.696 dnorm=11.765 nan=0
2026-10-04 18:49:06,393 epoch=196 step=6100 loss_G=2.1510 loss_D_A=0.0411 loss_D_B=0.0905 cycle=0.0629 idt=0.0663 gnorm=40.480 dnorm=7.596 nan=0
2026-10-04 18:49:21,707 epoch=196 step=6200 loss_G=2.0530 loss_D_A=0.1465 loss_D_B=0.2508 cycle=0.0714 idt=0.0422 gnorm=28.091 dnorm=10.161 nan=0
2026-10-04 18:49:36,771 epoch=196 step=6300 loss_G=1.7552 loss_D_A=0.1014 loss_D_B=0.0883 cycle=0.0759 idt=0.0427 gnorm=13.253 dnorm=5.648 nan=0
2026-10-04 18:49:52,146 epoch=196 step=6400 loss_G=2.7129 loss_D_A=0.1098 loss_D_B=0.0915 cycle=0.0695 idt=0.0408 gnorm=25.276 dnorm=14.976 nan=0
2026-10-04 18:49:57,912 epoch_mean={'g': 2.054571004193849, 'd_a': 0.12817409357768328, 'd_b': 0.1413725337170414, 'cycle': 0.07032326031412608, 'identity': 0.04092633809388591, 'epoch': 196}
2026-10-04 18:49:58,501 epoch=197 step=1 loss_G=1.4531 loss_D_A=0.1257 loss_D_B=0.0528 cycle=0.0504 idt=0.0252 gnorm=31.289 dnorm=11.314 nan=0
2026-10-04 18:50:13,471 epoch=197 step=100 loss_G=2.3527 loss_D_A=0.1522 loss_D_B=0.0646 cycle=0.0549 idt=0.0273 gnorm=27.577 dnorm=10.095 nan=0
2026-10-04 18:50:28,816 epoch=197 step=200 loss_G=2.1393 loss_D_A=0.2509 loss_D_B=0.2471 cycle=0.0702 idt=0.0432 gnorm=24.917 dnorm=14.787 nan=0
2026-10-04 18:50:44,140 epoch=197 step=300 loss_G=1.6596 loss_D_A=0.2488 loss_D_B=0.1029 cycle=0.0718 idt=0.0460 gnorm=36.731 dnorm=9.614 nan=0
2026-10-04 18:50:59,471 epoch=197 step=400 loss_G=2.0231 loss_D_A=0.0341 loss_D_B=0.0618 cycle=0.0756 idt=0.0374 gnorm=36.848 dnorm=3.878 nan=0
2026-10-04 18:51:14,739 epoch=197 step=500 loss_G=2.4570 loss_D_A=0.0561 loss_D_B=0.0474 cycle=0.0697 idt=0.0335 gnorm=51.702 dnorm=6.611 nan=0
2026-10-04 18:51:30,049 epoch=197 step=600 loss_G=2.6022 loss_D_A=0.0825 loss_D_B=0.1030 cycle=0.0668 idt=0.0384 gnorm=32.861 dnorm=8.336 nan=0
2026-10-04 18:51:45,302 epoch=197 step=700 loss_G=1.7593 loss_D_A=0.2187 loss_D_B=0.0848 cycle=0.0587 idt=0.0312 gnorm=19.756 dnorm=13.483 nan=0
2026-10-04 18:52:00,565 epoch=197 step=800 loss_G=1.8418 loss_D_A=0.1532 loss_D_B=0.1890 cycle=0.0805 idt=0.0484 gnorm=16.432 dnorm=9.733 nan=0
2026-10-04 18:52:15,884 epoch=197 step=900 loss_G=2.1491 loss_D_A=0.3675 loss_D_B=0.0460 cycle=0.0959 idt=0.0609 gnorm=25.072 dnorm=9.555 nan=0
2026-10-04 18:52:31,248 epoch=197 step=1000 loss_G=2.0424 loss_D_A=0.1260 loss_D_B=0.2264 cycle=0.0813 idt=0.0448 gnorm=31.045 dnorm=10.097 nan=0
2026-10-04 18:52:46,512 epoch=197 step=1100 loss_G=1.6206 loss_D_A=0.1391 loss_D_B=0.1872 cycle=0.0673 idt=0.0420 gnorm=36.029 dnorm=9.565 nan=0
2026-10-04 18:53:01,780 epoch=197 step=1200 loss_G=1.9339 loss_D_A=0.1261 loss_D_B=0.1535 cycle=0.0636 idt=0.0349 gnorm=34.679 dnorm=16.503 nan=0
2026-10-04 18:53:17,127 epoch=197 step=1300 loss_G=2.7703 loss_D_A=0.0505 loss_D_B=0.1349 cycle=0.0814 idt=0.0460 gnorm=24.576 dnorm=11.295 nan=0
2026-10-04 18:53:32,385 epoch=197 step=1400 loss_G=2.8033 loss_D_A=0.1695 loss_D_B=0.1238 cycle=0.0673 idt=0.0383 gnorm=21.919 dnorm=13.931 nan=0
2026-10-04 18:53:47,632 epoch=197 step=1500 loss_G=2.1403 loss_D_A=0.0874 loss_D_B=0.0542 cycle=0.0713 idt=0.0412 gnorm=28.258 dnorm=6.495 nan=0
2026-10-04 18:54:02,705 epoch=197 step=1600 loss_G=2.3521 loss_D_A=0.0414 loss_D_B=0.1247 cycle=0.0758 idt=0.0525 gnorm=31.795 dnorm=10.684 nan=0
2026-10-04 18:54:18,000 epoch=197 step=1700 loss_G=2.4786 loss_D_A=0.0687 loss_D_B=0.1706 cycle=0.0637 idt=0.0406 gnorm=24.808 dnorm=11.597 nan=0
2026-10-04 18:54:33,298 epoch=197 step=1800 loss_G=1.8774 loss_D_A=0.0508 loss_D_B=0.1078 cycle=0.0744 idt=0.0496 gnorm=27.134 dnorm=8.733 nan=0
2026-10-04 18:54:48,648 epoch=197 step=1900 loss_G=2.2330 loss_D_A=0.2536 loss_D_B=0.0994 cycle=0.0719 idt=0.0401 gnorm=28.681 dnorm=18.980 nan=0
2026-10-04 18:55:03,905 epoch=197 step=2000 loss_G=2.1575 loss_D_A=0.0661 loss_D_B=0.1834 cycle=0.0712 idt=0.0596 gnorm=33.306 dnorm=8.823 nan=0
2026-10-04 18:55:18,916 epoch=197 step=2100 loss_G=1.9614 loss_D_A=0.1433 loss_D_B=0.0537 cycle=0.0693 idt=0.0350 gnorm=27.989 dnorm=7.453 nan=0
2026-10-04 18:55:34,263 epoch=197 step=2200 loss_G=2.1653 loss_D_A=0.1075 loss_D_B=0.1110 cycle=0.0553 idt=0.0388 gnorm=25.633 dnorm=16.910 nan=0
2026-10-04 18:55:49,573 epoch=197 step=2300 loss_G=2.2313 loss_D_A=0.3083 loss_D_B=0.0540 cycle=0.0549 idt=0.0315 gnorm=52.623 dnorm=12.581 nan=0
2026-10-04 18:56:04,833 epoch=197 step=2400 loss_G=2.2849 loss_D_A=0.0842 loss_D_B=0.0422 cycle=0.0750 idt=0.0393 gnorm=29.987 dnorm=6.385 nan=0
2026-10-04 18:56:20,169 epoch=197 step=2500 loss_G=1.8692 loss_D_A=0.2055 loss_D_B=0.0492 cycle=0.0792 idt=0.0440 gnorm=25.629 dnorm=10.960 nan=0
2026-10-04 18:56:35,464 epoch=197 step=2600 loss_G=2.3175 loss_D_A=0.1358 loss_D_B=0.0590 cycle=0.0799 idt=0.0429 gnorm=26.667 dnorm=8.424 nan=0
2026-10-04 18:56:50,014 epoch=197 step=2700 loss_G=1.6750 loss_D_A=0.1392 loss_D_B=0.0818 cycle=0.0664 idt=0.0370 gnorm=26.887 dnorm=8.022 nan=0
2026-10-04 18:57:05,353 epoch=197 step=2800 loss_G=1.1724 loss_D_A=0.2510 loss_D_B=0.2810 cycle=0.0588 idt=0.0312 gnorm=10.020 dnorm=12.689 nan=0
2026-10-04 18:57:20,141 epoch=197 step=2900 loss_G=2.0127 loss_D_A=0.1124 loss_D_B=0.1111 cycle=0.0697 idt=0.0407 gnorm=22.276 dnorm=10.375 nan=0
2026-10-04 18:57:35,409 epoch=197 step=3000 loss_G=2.1713 loss_D_A=0.0999 loss_D_B=0.0820 cycle=0.0761 idt=0.0457 gnorm=28.796 dnorm=8.405 nan=0
2026-10-04 18:57:50,748 epoch=197 step=3100 loss_G=1.4768 loss_D_A=0.2799 loss_D_B=0.1771 cycle=0.0548 idt=0.0276 gnorm=29.616 dnorm=16.580 nan=0
2026-10-04 18:58:06,078 epoch=197 step=3200 loss_G=2.1253 loss_D_A=0.0801 loss_D_B=0.1280 cycle=0.0665 idt=0.0416 gnorm=26.426 dnorm=9.659 nan=0
2026-10-04 18:58:21,346 epoch=197 step=3300 loss_G=1.8664 loss_D_A=0.0961 loss_D_B=0.0561 cycle=0.0728 idt=0.0419 gnorm=32.847 dnorm=5.483 nan=0
2026-10-04 18:58:36,594 epoch=197 step=3400 loss_G=1.6806 loss_D_A=0.0734 loss_D_B=0.2117 cycle=0.0740 idt=0.0395 gnorm=15.641 dnorm=8.187 nan=0
2026-10-04 18:58:51,913 epoch=197 step=3500 loss_G=2.5960 loss_D_A=0.1489 loss_D_B=0.1644 cycle=0.0604 idt=0.0320 gnorm=34.134 dnorm=9.832 nan=0
2026-10-04 18:59:07,180 epoch=197 step=3600 loss_G=2.1570 loss_D_A=0.0875 loss_D_B=0.1117 cycle=0.0554 idt=0.0341 gnorm=25.223 dnorm=25.593 nan=0
2026-10-04 18:59:22,504 epoch=197 step=3700 loss_G=1.7043 loss_D_A=0.1811 loss_D_B=0.1359 cycle=0.0637 idt=0.0441 gnorm=38.413 dnorm=12.835 nan=0
2026-10-04 18:59:37,669 epoch=197 step=3800 loss_G=1.9521 loss_D_A=0.1906 loss_D_B=0.1938 cycle=0.0742 idt=0.0434 gnorm=25.786 dnorm=18.312 nan=0
2026-10-04 18:59:52,956 epoch=197 step=3900 loss_G=1.8894 loss_D_A=0.1467 loss_D_B=0.1033 cycle=0.0516 idt=0.0385 gnorm=26.351 dnorm=11.038 nan=0
2026-10-04 19:00:08,297 epoch=197 step=4000 loss_G=2.1941 loss_D_A=0.0933 loss_D_B=0.1335 cycle=0.0888 idt=0.0523 gnorm=34.518 dnorm=10.484 nan=0
2026-10-04 19:00:23,684 epoch=197 step=4100 loss_G=3.2107 loss_D_A=0.1859 loss_D_B=0.0801 cycle=0.0830 idt=0.0492 gnorm=49.465 dnorm=9.229 nan=0
2026-10-04 19:00:38,955 epoch=197 step=4200 loss_G=2.8328 loss_D_A=0.1362 loss_D_B=0.1740 cycle=0.0600 idt=0.0307 gnorm=26.359 dnorm=10.422 nan=0
2026-10-04 19:00:54,152 epoch=197 step=4300 loss_G=2.1085 loss_D_A=0.1442 loss_D_B=0.1225 cycle=0.0686 idt=0.0445 gnorm=23.239 dnorm=13.754 nan=0
2026-10-04 19:01:09,511 epoch=197 step=4400 loss_G=2.1141 loss_D_A=0.2118 loss_D_B=0.4001 cycle=0.0547 idt=0.0284 gnorm=36.352 dnorm=16.115 nan=0
2026-10-04 19:01:24,506 epoch=197 step=4500 loss_G=1.7097 loss_D_A=0.1670 loss_D_B=0.1452 cycle=0.0690 idt=0.0393 gnorm=24.942 dnorm=12.487 nan=0
2026-10-04 19:01:39,852 epoch=197 step=4600 loss_G=1.5834 loss_D_A=0.1372 loss_D_B=0.0404 cycle=0.0690 idt=0.0334 gnorm=20.124 dnorm=12.560 nan=0
2026-10-04 19:01:55,205 epoch=197 step=4700 loss_G=2.1406 loss_D_A=0.2457 loss_D_B=0.1622 cycle=0.0780 idt=0.0521 gnorm=37.902 dnorm=12.271 nan=0
2026-10-04 19:02:10,476 epoch=197 step=4800 loss_G=1.7969 loss_D_A=0.1856 loss_D_B=0.1313 cycle=0.0611 idt=0.0302 gnorm=21.058 dnorm=12.150 nan=0
2026-10-04 19:02:25,790 epoch=197 step=4900 loss_G=2.4167 loss_D_A=0.0213 loss_D_B=0.1720 cycle=0.0707 idt=0.0397 gnorm=21.550 dnorm=8.799 nan=0
2026-10-04 19:02:40,936 epoch=197 step=5000 loss_G=2.0885 loss_D_A=0.1494 loss_D_B=0.0360 cycle=0.0524 idt=0.0390 gnorm=31.567 dnorm=6.652 nan=0
2026-10-04 19:02:56,197 epoch=197 step=5100 loss_G=2.0462 loss_D_A=0.0515 loss_D_B=0.2281 cycle=0.0835 idt=0.0385 gnorm=43.221 dnorm=10.098 nan=0
2026-10-04 19:03:11,486 epoch=197 step=5200 loss_G=2.4301 loss_D_A=0.0940 loss_D_B=0.2397 cycle=0.0888 idt=0.0519 gnorm=24.841 dnorm=10.690 nan=0
2026-10-04 19:03:26,859 epoch=197 step=5300 loss_G=2.4520 loss_D_A=0.1706 loss_D_B=0.1828 cycle=0.0758 idt=0.0409 gnorm=36.817 dnorm=10.418 nan=0
2026-10-04 19:03:42,156 epoch=197 step=5400 loss_G=1.6391 loss_D_A=0.1196 loss_D_B=0.1449 cycle=0.0667 idt=0.0406 gnorm=16.574 dnorm=20.206 nan=0
2026-10-04 19:03:57,448 epoch=197 step=5500 loss_G=1.5860 loss_D_A=0.1548 loss_D_B=0.0881 cycle=0.0599 idt=0.0313 gnorm=31.381 dnorm=7.228 nan=0
2026-10-04 19:04:12,818 epoch=197 step=5600 loss_G=1.8549 loss_D_A=0.0833 loss_D_B=0.3087 cycle=0.0693 idt=0.0388 gnorm=12.965 dnorm=11.901 nan=0
2026-10-04 19:04:28,158 epoch=197 step=5700 loss_G=1.6498 loss_D_A=0.0828 loss_D_B=0.1433 cycle=0.0506 idt=0.0341 gnorm=38.422 dnorm=10.241 nan=0
2026-10-04 19:04:43,485 epoch=197 step=5800 loss_G=2.8797 loss_D_A=0.1623 loss_D_B=0.0870 cycle=0.0857 idt=0.0589 gnorm=38.750 dnorm=8.222 nan=0
2026-10-04 19:04:58,826 epoch=197 step=5900 loss_G=2.1021 loss_D_A=0.0396 loss_D_B=0.1573 cycle=0.0730 idt=0.0409 gnorm=24.880 dnorm=6.879 nan=0
2026-10-04 19:05:14,151 epoch=197 step=6000 loss_G=1.8676 loss_D_A=0.3207 loss_D_B=0.0214 cycle=0.0756 idt=0.0415 gnorm=22.118 dnorm=11.101 nan=0
2026-10-04 19:05:29,527 epoch=197 step=6100 loss_G=2.4526 loss_D_A=0.0342 loss_D_B=0.2355 cycle=0.0614 idt=0.0313 gnorm=32.104 dnorm=12.185 nan=0
2026-10-04 19:05:44,721 epoch=197 step=6200 loss_G=1.5875 loss_D_A=0.0370 loss_D_B=0.1018 cycle=0.0666 idt=0.0384 gnorm=20.626 dnorm=8.069 nan=0
2026-10-04 19:06:00,012 epoch=197 step=6300 loss_G=1.8879 loss_D_A=0.0741 loss_D_B=0.1351 cycle=0.0838 idt=0.0597 gnorm=21.176 dnorm=10.047 nan=0
2026-10-04 19:06:14,768 epoch=197 step=6400 loss_G=2.1267 loss_D_A=0.1461 loss_D_B=0.2246 cycle=0.0776 idt=0.0411 gnorm=39.480 dnorm=12.173 nan=0
2026-10-04 19:06:20,603 epoch_mean={'g': 2.068574467517086, 'd_a': 0.12710346602327005, 'd_b': 0.1392138156138358, 'cycle': 0.07006073709080848, 'identity': 0.0409614394710241, 'epoch': 197}
2026-10-04 19:06:21,203 epoch=198 step=1 loss_G=2.1735 loss_D_A=0.0527 loss_D_B=0.0444 cycle=0.0829 idt=0.0432 gnorm=18.966 dnorm=7.039 nan=0
2026-10-04 19:06:36,382 epoch=198 step=100 loss_G=2.5959 loss_D_A=0.0447 loss_D_B=0.0415 cycle=0.0786 idt=0.0526 gnorm=41.095 dnorm=4.903 nan=0
2026-10-04 19:06:51,598 epoch=198 step=200 loss_G=1.8441 loss_D_A=0.1254 loss_D_B=0.0792 cycle=0.0570 idt=0.0278 gnorm=22.937 dnorm=7.183 nan=0
2026-10-04 19:07:06,739 epoch=198 step=300 loss_G=1.8279 loss_D_A=0.1867 loss_D_B=0.1418 cycle=0.0587 idt=0.0671 gnorm=32.568 dnorm=14.664 nan=0
2026-10-04 19:07:21,870 epoch=198 step=400 loss_G=1.7567 loss_D_A=0.2111 loss_D_B=0.1390 cycle=0.0672 idt=0.0383 gnorm=26.586 dnorm=12.730 nan=0
2026-10-04 19:07:37,208 epoch=198 step=500 loss_G=2.2003 loss_D_A=0.0954 loss_D_B=0.2157 cycle=0.0701 idt=0.0356 gnorm=30.057 dnorm=10.632 nan=0
2026-10-04 19:07:52,544 epoch=198 step=600 loss_G=2.5892 loss_D_A=0.1403 loss_D_B=0.1063 cycle=0.0839 idt=0.0581 gnorm=24.529 dnorm=10.814 nan=0
2026-10-04 19:08:07,753 epoch=198 step=700 loss_G=2.8307 loss_D_A=0.3793 loss_D_B=0.2037 cycle=0.0662 idt=0.0398 gnorm=30.624 dnorm=13.272 nan=0
2026-10-04 19:08:22,982 epoch=198 step=800 loss_G=1.6683 loss_D_A=0.0773 loss_D_B=0.0748 cycle=0.0721 idt=0.0401 gnorm=33.069 dnorm=8.396 nan=0
2026-10-04 19:08:38,279 epoch=198 step=900 loss_G=1.7865 loss_D_A=0.0702 loss_D_B=0.0298 cycle=0.0590 idt=0.0355 gnorm=22.705 dnorm=8.285 nan=0
2026-10-04 19:08:53,605 epoch=198 step=1000 loss_G=1.3176 loss_D_A=0.0695 loss_D_B=0.2082 cycle=0.0611 idt=0.0370 gnorm=20.368 dnorm=18.386 nan=0
2026-10-04 19:09:08,864 epoch=198 step=1100 loss_G=1.8978 loss_D_A=0.0286 loss_D_B=0.0552 cycle=0.0558 idt=0.0343 gnorm=35.473 dnorm=5.805 nan=0
2026-10-04 19:09:23,914 epoch=198 step=1200 loss_G=2.2680 loss_D_A=0.1372 loss_D_B=0.2768 cycle=0.0717 idt=0.0380 gnorm=33.729 dnorm=24.397 nan=0
2026-10-04 19:09:38,866 epoch=198 step=1300 loss_G=2.1167 loss_D_A=0.0586 loss_D_B=0.1708 cycle=0.0763 idt=0.0559 gnorm=27.272 dnorm=7.677 nan=0
2026-10-04 19:09:54,132 epoch=198 step=1400 loss_G=2.1888 loss_D_A=0.0550 loss_D_B=0.2177 cycle=0.0796 idt=0.0381 gnorm=41.678 dnorm=12.377 nan=0
2026-10-04 19:10:08,934 epoch=198 step=1500 loss_G=2.2109 loss_D_A=0.0945 loss_D_B=0.1039 cycle=0.0703 idt=0.0379 gnorm=29.173 dnorm=8.109 nan=0
2026-10-04 19:10:24,248 epoch=198 step=1600 loss_G=1.7846 loss_D_A=0.1366 loss_D_B=0.0322 cycle=0.0710 idt=0.0407 gnorm=22.952 dnorm=9.997 nan=0
2026-10-04 19:10:39,281 epoch=198 step=1700 loss_G=2.0630 loss_D_A=0.2108 loss_D_B=0.1349 cycle=0.0765 idt=0.0436 gnorm=22.850 dnorm=13.197 nan=0
2026-10-04 19:10:54,403 epoch=198 step=1800 loss_G=2.2128 loss_D_A=0.2379 loss_D_B=0.0893 cycle=0.0675 idt=0.0371 gnorm=31.567 dnorm=13.079 nan=0
2026-10-04 19:11:09,714 epoch=198 step=1900 loss_G=1.4594 loss_D_A=0.1194 loss_D_B=0.0814 cycle=0.0603 idt=0.0281 gnorm=24.749 dnorm=8.376 nan=0
2026-10-04 19:11:25,102 epoch=198 step=2000 loss_G=2.3111 loss_D_A=0.0646 loss_D_B=0.1920 cycle=0.0743 idt=0.0415 gnorm=22.060 dnorm=8.674 nan=0
2026-10-04 19:11:40,431 epoch=198 step=2100 loss_G=2.3323 loss_D_A=0.0555 loss_D_B=0.0415 cycle=0.0752 idt=0.0445 gnorm=22.879 dnorm=3.778 nan=0
2026-10-04 19:11:55,456 epoch=198 step=2200 loss_G=2.6444 loss_D_A=0.0395 loss_D_B=0.2143 cycle=0.0753 idt=0.0418 gnorm=24.303 dnorm=15.810 nan=0
2026-10-04 19:12:10,645 epoch=198 step=2300 loss_G=1.7941 loss_D_A=0.1842 loss_D_B=0.1116 cycle=0.0814 idt=0.0455 gnorm=32.659 dnorm=10.353 nan=0
2026-10-04 19:12:25,986 epoch=198 step=2400 loss_G=1.6614 loss_D_A=0.1674 loss_D_B=0.1389 cycle=0.0583 idt=0.0336 gnorm=24.156 dnorm=10.776 nan=0
2026-10-04 19:12:41,253 epoch=198 step=2500 loss_G=2.1216 loss_D_A=0.0917 loss_D_B=0.2355 cycle=0.0853 idt=0.0546 gnorm=23.892 dnorm=11.153 nan=0
2026-10-04 19:12:56,609 epoch=198 step=2600 loss_G=1.4367 loss_D_A=0.0937 loss_D_B=0.0602 cycle=0.0707 idt=0.0344 gnorm=16.812 dnorm=6.652 nan=0
2026-10-04 19:13:11,898 epoch=198 step=2700 loss_G=2.1299 loss_D_A=0.1029 loss_D_B=0.1088 cycle=0.0690 idt=0.0337 gnorm=29.314 dnorm=7.897 nan=0
2026-10-04 19:13:27,230 epoch=198 step=2800 loss_G=2.1145 loss_D_A=0.2087 loss_D_B=0.0858 cycle=0.0574 idt=0.0284 gnorm=31.905 dnorm=12.193 nan=0
2026-10-04 19:13:42,209 epoch=198 step=2900 loss_G=1.6466 loss_D_A=0.2291 loss_D_B=0.1909 cycle=0.0709 idt=0.0360 gnorm=28.828 dnorm=11.271 nan=0
2026-10-04 19:13:57,425 epoch=198 step=3000 loss_G=1.8977 loss_D_A=0.0402 loss_D_B=0.2406 cycle=0.0768 idt=0.0425 gnorm=27.558 dnorm=8.658 nan=0
2026-10-04 19:14:12,755 epoch=198 step=3100 loss_G=1.9224 loss_D_A=0.1520 loss_D_B=0.2115 cycle=0.0505 idt=0.0235 gnorm=30.335 dnorm=11.595 nan=0
2026-10-04 19:14:28,135 epoch=198 step=3200 loss_G=1.8972 loss_D_A=0.2020 loss_D_B=0.0867 cycle=0.0964 idt=0.0543 gnorm=28.578 dnorm=7.426 nan=0
2026-10-04 19:14:43,434 epoch=198 step=3300 loss_G=2.0758 loss_D_A=0.1158 loss_D_B=0.0380 cycle=0.0671 idt=0.0435 gnorm=39.332 dnorm=12.195 nan=0
2026-10-04 19:14:58,713 epoch=198 step=3400 loss_G=2.1430 loss_D_A=0.0400 loss_D_B=0.1122 cycle=0.0780 idt=0.0455 gnorm=33.454 dnorm=10.630 nan=0
2026-10-04 19:15:14,132 epoch=198 step=3500 loss_G=1.8024 loss_D_A=0.3286 loss_D_B=0.0417 cycle=0.0577 idt=0.0371 gnorm=30.816 dnorm=9.757 nan=0
2026-10-04 19:15:29,421 epoch=198 step=3600 loss_G=2.0613 loss_D_A=0.1303 loss_D_B=0.2268 cycle=0.0568 idt=0.0291 gnorm=20.851 dnorm=17.355 nan=0
2026-10-04 19:15:44,724 epoch=198 step=3700 loss_G=3.0568 loss_D_A=0.0445 loss_D_B=0.0925 cycle=0.0751 idt=0.0456 gnorm=35.869 dnorm=7.056 nan=0
2026-10-04 19:16:00,112 epoch=198 step=3800 loss_G=1.8543 loss_D_A=0.2052 loss_D_B=0.0384 cycle=0.0587 idt=0.0425 gnorm=31.032 dnorm=8.251 nan=0
2026-10-04 19:16:15,407 epoch=198 step=3900 loss_G=3.1730 loss_D_A=0.0704 loss_D_B=0.1511 cycle=0.0740 idt=0.0356 gnorm=29.981 dnorm=9.367 nan=0
2026-10-04 19:16:30,584 epoch=198 step=4000 loss_G=1.8785 loss_D_A=0.2586 loss_D_B=0.1363 cycle=0.0721 idt=0.0409 gnorm=24.866 dnorm=17.741 nan=0
2026-10-04 19:16:45,981 epoch=198 step=4100 loss_G=2.5104 loss_D_A=0.0422 loss_D_B=0.0625 cycle=0.0711 idt=0.0384 gnorm=29.446 dnorm=5.816 nan=0
2026-10-04 19:17:01,292 epoch=198 step=4200 loss_G=2.0842 loss_D_A=0.1089 loss_D_B=0.1569 cycle=0.0699 idt=0.0404 gnorm=31.526 dnorm=9.975 nan=0
2026-10-04 19:17:16,595 epoch=198 step=4300 loss_G=2.6334 loss_D_A=0.0922 loss_D_B=0.2492 cycle=0.1041 idt=0.0725 gnorm=15.439 dnorm=12.120 nan=0
2026-10-04 19:17:31,952 epoch=198 step=4400 loss_G=1.9538 loss_D_A=0.2209 loss_D_B=0.1656 cycle=0.0656 idt=0.0332 gnorm=21.744 dnorm=16.797 nan=0
2026-10-04 19:17:47,252 epoch=198 step=4500 loss_G=2.1955 loss_D_A=0.2696 loss_D_B=0.0950 cycle=0.0758 idt=0.0359 gnorm=35.337 dnorm=19.937 nan=0
2026-10-04 19:18:02,544 epoch=198 step=4600 loss_G=1.7463 loss_D_A=0.0923 loss_D_B=0.3842 cycle=0.0732 idt=0.0327 gnorm=41.273 dnorm=14.904 nan=0
2026-10-04 19:18:17,921 epoch=198 step=4700 loss_G=2.0297 loss_D_A=0.1054 loss_D_B=0.2372 cycle=0.0710 idt=0.0429 gnorm=29.505 dnorm=32.339 nan=0
2026-10-04 19:18:33,262 epoch=198 step=4800 loss_G=2.0913 loss_D_A=0.0243 loss_D_B=0.0645 cycle=0.0649 idt=0.0411 gnorm=31.511 dnorm=4.552 nan=0
2026-10-04 19:18:48,532 epoch=198 step=4900 loss_G=1.8707 loss_D_A=0.0870 loss_D_B=0.1633 cycle=0.0633 idt=0.0368 gnorm=29.659 dnorm=9.401 nan=0
2026-10-04 19:19:03,521 epoch=198 step=5000 loss_G=2.3468 loss_D_A=0.0948 loss_D_B=0.0328 cycle=0.0787 idt=0.0459 gnorm=26.535 dnorm=6.479 nan=0
2026-10-04 19:19:18,680 epoch=198 step=5100 loss_G=1.3831 loss_D_A=0.0707 loss_D_B=0.1549 cycle=0.0620 idt=0.0283 gnorm=19.909 dnorm=8.967 nan=0
2026-10-04 19:19:34,011 epoch=198 step=5200 loss_G=2.0561 loss_D_A=0.2182 loss_D_B=0.2112 cycle=0.0797 idt=0.0528 gnorm=45.468 dnorm=14.176 nan=0
2026-10-04 19:19:49,434 epoch=198 step=5300 loss_G=1.6874 loss_D_A=0.0749 loss_D_B=0.0930 cycle=0.0671 idt=0.0456 gnorm=20.847 dnorm=11.374 nan=0
2026-10-04 19:20:04,747 epoch=198 step=5400 loss_G=2.1799 loss_D_A=0.1372 loss_D_B=0.0629 cycle=0.0831 idt=0.0505 gnorm=21.889 dnorm=7.238 nan=0
2026-10-04 19:20:20,084 epoch=198 step=5500 loss_G=1.8021 loss_D_A=0.0699 loss_D_B=0.0770 cycle=0.0725 idt=0.0449 gnorm=20.137 dnorm=7.695 nan=0
2026-10-04 19:20:35,411 epoch=198 step=5600 loss_G=2.3514 loss_D_A=0.2160 loss_D_B=0.0439 cycle=0.0703 idt=0.0391 gnorm=24.426 dnorm=8.658 nan=0
2026-10-04 19:20:50,714 epoch=198 step=5700 loss_G=2.8399 loss_D_A=0.1282 loss_D_B=0.0739 cycle=0.0780 idt=0.0419 gnorm=26.785 dnorm=10.466 nan=0
2026-10-04 19:21:06,059 epoch=198 step=5800 loss_G=1.7197 loss_D_A=0.2206 loss_D_B=0.0780 cycle=0.0484 idt=0.0266 gnorm=25.436 dnorm=12.656 nan=0
2026-10-04 19:21:21,332 epoch=198 step=5900 loss_G=1.3788 loss_D_A=0.2239 loss_D_B=0.1151 cycle=0.0562 idt=0.0324 gnorm=18.775 dnorm=12.460 nan=0
2026-10-04 19:21:35,976 epoch=198 step=6000 loss_G=2.1163 loss_D_A=0.1036 loss_D_B=0.0570 cycle=0.0707 idt=0.0409 gnorm=31.147 dnorm=10.599 nan=0
2026-10-04 19:21:50,982 epoch=198 step=6100 loss_G=1.5279 loss_D_A=0.1053 loss_D_B=0.0635 cycle=0.0590 idt=0.0284 gnorm=28.323 dnorm=10.075 nan=0
2026-10-04 19:22:06,337 epoch=198 step=6200 loss_G=2.3574 loss_D_A=0.1386 loss_D_B=0.0679 cycle=0.0827 idt=0.0464 gnorm=22.962 dnorm=11.497 nan=0
2026-10-04 19:22:21,672 epoch=198 step=6300 loss_G=2.0211 loss_D_A=0.1095 loss_D_B=0.1803 cycle=0.0734 idt=0.0407 gnorm=22.215 dnorm=13.277 nan=0
2026-10-04 19:22:36,908 epoch=198 step=6400 loss_G=2.1635 loss_D_A=0.1081 loss_D_B=0.0519 cycle=0.0738 idt=0.0387 gnorm=41.520 dnorm=8.203 nan=0
2026-10-04 19:22:42,779 epoch_mean={'g': 2.076588711556384, 'd_a': 0.12572964410227846, 'd_b': 0.1364879009700703, 'cycle': 0.06998705501029047, 'identity': 0.04063492319012844, 'epoch': 198}
2026-10-04 19:22:43,395 epoch=199 step=1 loss_G=1.7273 loss_D_A=0.1057 loss_D_B=0.1334 cycle=0.0785 idt=0.0518 gnorm=23.008 dnorm=10.266 nan=0
2026-10-04 19:22:58,578 epoch=199 step=100 loss_G=1.9407 loss_D_A=0.2362 loss_D_B=0.1568 cycle=0.0721 idt=0.0369 gnorm=29.010 dnorm=10.888 nan=0
2026-10-04 19:23:13,816 epoch=199 step=200 loss_G=2.0868 loss_D_A=0.2321 loss_D_B=0.0431 cycle=0.0697 idt=0.0410 gnorm=20.622 dnorm=10.678 nan=0
2026-10-04 19:23:29,108 epoch=199 step=300 loss_G=2.2755 loss_D_A=0.1137 loss_D_B=0.0909 cycle=0.0969 idt=0.0629 gnorm=25.347 dnorm=9.257 nan=0
2026-10-04 19:23:44,442 epoch=199 step=400 loss_G=1.9678 loss_D_A=0.1430 loss_D_B=0.0798 cycle=0.0657 idt=0.0339 gnorm=19.768 dnorm=10.639 nan=0
2026-10-04 19:23:59,829 epoch=199 step=500 loss_G=2.4888 loss_D_A=0.2518 loss_D_B=0.0391 cycle=0.0734 idt=0.0371 gnorm=25.726 dnorm=10.201 nan=0
2026-10-04 19:24:15,212 epoch=199 step=600 loss_G=1.9701 loss_D_A=0.1326 loss_D_B=0.2654 cycle=0.0785 idt=0.0396 gnorm=18.034 dnorm=11.483 nan=0
2026-10-04 19:24:30,579 epoch=199 step=700 loss_G=1.9772 loss_D_A=0.2259 loss_D_B=0.1944 cycle=0.0635 idt=0.0319 gnorm=22.413 dnorm=12.053 nan=0
2026-10-04 19:24:46,012 epoch=199 step=800 loss_G=1.6459 loss_D_A=0.1745 loss_D_B=0.0338 cycle=0.0610 idt=0.0366 gnorm=18.475 dnorm=8.276 nan=0
2026-10-04 19:25:01,368 epoch=199 step=900 loss_G=1.7501 loss_D_A=0.0725 loss_D_B=0.1084 cycle=0.0667 idt=0.0396 gnorm=18.959 dnorm=12.433 nan=0
2026-10-04 19:25:16,637 epoch=199 step=1000 loss_G=1.8689 loss_D_A=0.0976 loss_D_B=0.2700 cycle=0.0738 idt=0.0421 gnorm=19.298 dnorm=7.977 nan=0
2026-10-04 19:25:32,070 epoch=199 step=1100 loss_G=2.5510 loss_D_A=0.1897 loss_D_B=0.1534 cycle=0.0723 idt=0.0470 gnorm=30.735 dnorm=13.242 nan=0
2026-10-04 19:25:47,428 epoch=199 step=1200 loss_G=2.2764 loss_D_A=0.0725 loss_D_B=0.1138 cycle=0.0815 idt=0.0478 gnorm=24.713 dnorm=14.627 nan=0
2026-10-04 19:26:02,707 epoch=199 step=1300 loss_G=2.3424 loss_D_A=0.1153 loss_D_B=0.0537 cycle=0.0608 idt=0.0420 gnorm=27.463 dnorm=6.272 nan=0
2026-10-04 19:26:18,084 epoch=199 step=1400 loss_G=2.0788 loss_D_A=0.1185 loss_D_B=0.1077 cycle=0.0669 idt=0.0341 gnorm=33.130 dnorm=9.586 nan=0
2026-10-04 19:26:33,476 epoch=199 step=1500 loss_G=1.7739 loss_D_A=0.1118 loss_D_B=0.2256 cycle=0.0644 idt=0.0407 gnorm=27.511 dnorm=9.884 nan=0
2026-10-04 19:26:48,828 epoch=199 step=1600 loss_G=1.7644 loss_D_A=0.0628 loss_D_B=0.1251 cycle=0.0649 idt=0.0349 gnorm=15.402 dnorm=10.849 nan=0
2026-10-04 19:27:04,235 epoch=199 step=1700 loss_G=2.4187 loss_D_A=0.0739 loss_D_B=0.1713 cycle=0.0816 idt=0.0471 gnorm=34.434 dnorm=11.679 nan=0
2026-10-04 19:27:19,648 epoch=199 step=1800 loss_G=2.1913 loss_D_A=0.0504 loss_D_B=0.1186 cycle=0.0800 idt=0.0472 gnorm=33.216 dnorm=6.124 nan=0
2026-10-04 19:27:35,016 epoch=199 step=1900 loss_G=2.1384 loss_D_A=0.0331 loss_D_B=0.0639 cycle=0.0728 idt=0.0439 gnorm=35.758 dnorm=5.490 nan=0
2026-10-04 19:27:50,383 epoch=199 step=2000 loss_G=2.2777 loss_D_A=0.0300 loss_D_B=0.0224 cycle=0.0686 idt=0.0395 gnorm=37.975 dnorm=4.068 nan=0
2026-10-04 19:28:05,749 epoch=199 step=2100 loss_G=2.4221 loss_D_A=0.1450 loss_D_B=0.0919 cycle=0.0822 idt=0.0478 gnorm=34.130 dnorm=8.605 nan=0
2026-10-04 19:28:21,157 epoch=199 step=2200 loss_G=2.1181 loss_D_A=0.1165 loss_D_B=0.1224 cycle=0.0640 idt=0.0355 gnorm=26.187 dnorm=10.552 nan=0
2026-10-04 19:28:36,526 epoch=199 step=2300 loss_G=2.3218 loss_D_A=0.0805 loss_D_B=0.1702 cycle=0.0668 idt=0.0464 gnorm=35.159 dnorm=9.664 nan=0
2026-10-04 19:28:51,636 epoch=199 step=2400 loss_G=2.3128 loss_D_A=0.0573 loss_D_B=0.0216 cycle=0.0701 idt=0.0559 gnorm=26.575 dnorm=3.636 nan=0
2026-10-04 19:29:06,987 epoch=199 step=2500 loss_G=1.6889 loss_D_A=0.1035 loss_D_B=0.1702 cycle=0.0626 idt=0.0317 gnorm=28.250 dnorm=10.541 nan=0
2026-10-04 19:29:22,210 epoch=199 step=2600 loss_G=2.0569 loss_D_A=0.0936 loss_D_B=0.2091 cycle=0.0716 idt=0.0413 gnorm=23.393 dnorm=10.161 nan=0
2026-10-04 19:29:37,410 epoch=199 step=2700 loss_G=2.2777 loss_D_A=0.0859 loss_D_B=0.1200 cycle=0.0768 idt=0.0416 gnorm=24.768 dnorm=11.332 nan=0
2026-10-04 19:29:52,490 epoch=199 step=2800 loss_G=2.1557 loss_D_A=0.0961 loss_D_B=0.0518 cycle=0.0776 idt=0.0418 gnorm=29.873 dnorm=6.560 nan=0
2026-10-04 19:30:07,689 epoch=199 step=2900 loss_G=1.5653 loss_D_A=0.0832 loss_D_B=0.1076 cycle=0.0641 idt=0.0324 gnorm=21.066 dnorm=9.754 nan=0
2026-10-04 19:30:22,780 epoch=199 step=3000 loss_G=2.4175 loss_D_A=0.0589 loss_D_B=0.1100 cycle=0.0686 idt=0.0338 gnorm=23.116 dnorm=9.413 nan=0
2026-10-04 19:30:38,137 epoch=199 step=3100 loss_G=1.9699 loss_D_A=0.1737 loss_D_B=0.2780 cycle=0.0838 idt=0.0647 gnorm=26.695 dnorm=14.053 nan=0
2026-10-04 19:30:53,246 epoch=199 step=3200 loss_G=2.2637 loss_D_A=0.0267 loss_D_B=0.0776 cycle=0.0884 idt=0.0504 gnorm=22.095 dnorm=7.485 nan=0
2026-10-04 19:31:08,578 epoch=199 step=3300 loss_G=2.2944 loss_D_A=0.0960 loss_D_B=0.0355 cycle=0.0806 idt=0.0378 gnorm=28.161 dnorm=7.213 nan=0
2026-10-04 19:31:23,962 epoch=199 step=3400 loss_G=2.9170 loss_D_A=0.1378 loss_D_B=0.1187 cycle=0.0868 idt=0.0390 gnorm=41.241 dnorm=8.574 nan=0
2026-10-04 19:31:39,355 epoch=199 step=3500 loss_G=1.9447 loss_D_A=0.3040 loss_D_B=0.0585 cycle=0.0719 idt=0.0392 gnorm=29.213 dnorm=12.194 nan=0
2026-10-04 19:31:54,250 epoch=199 step=3600 loss_G=1.5050 loss_D_A=0.1728 loss_D_B=0.0829 cycle=0.0615 idt=0.0368 gnorm=20.727 dnorm=10.945 nan=0
2026-10-04 19:32:09,663 epoch=199 step=3700 loss_G=3.3629 loss_D_A=0.1243 loss_D_B=0.0685 cycle=0.0666 idt=0.0395 gnorm=30.253 dnorm=6.852 nan=0
2026-10-04 19:32:25,018 epoch=199 step=3800 loss_G=2.6430 loss_D_A=0.0341 loss_D_B=0.1568 cycle=0.0890 idt=0.0558 gnorm=26.209 dnorm=5.472 nan=0
2026-10-04 19:32:40,362 epoch=199 step=3900 loss_G=2.3014 loss_D_A=0.0437 loss_D_B=0.0767 cycle=0.0547 idt=0.0346 gnorm=29.551 dnorm=6.647 nan=0
2026-10-04 19:32:55,338 epoch=199 step=4000 loss_G=1.6670 loss_D_A=0.2611 loss_D_B=0.0996 cycle=0.0693 idt=0.0351 gnorm=29.988 dnorm=23.927 nan=0
2026-10-04 19:33:10,319 epoch=199 step=4100 loss_G=1.7334 loss_D_A=0.1623 loss_D_B=0.1281 cycle=0.0617 idt=0.0344 gnorm=26.301 dnorm=10.986 nan=0
2026-10-04 19:33:25,655 epoch=199 step=4200 loss_G=2.4638 loss_D_A=0.0583 loss_D_B=0.1305 cycle=0.0643 idt=0.0378 gnorm=27.279 dnorm=11.107 nan=0
2026-10-04 19:33:40,765 epoch=199 step=4300 loss_G=1.7460 loss_D_A=0.1213 loss_D_B=0.0974 cycle=0.0579 idt=0.0398 gnorm=30.118 dnorm=8.768 nan=0
2026-10-04 19:33:56,062 epoch=199 step=4400 loss_G=1.9088 loss_D_A=0.1249 loss_D_B=0.0389 cycle=0.0570 idt=0.0437 gnorm=39.718 dnorm=7.907 nan=0
2026-10-04 19:34:11,105 epoch=199 step=4500 loss_G=1.8127 loss_D_A=0.2303 loss_D_B=0.1294 cycle=0.0716 idt=0.0339 gnorm=27.075 dnorm=15.441 nan=0
2026-10-04 19:34:26,560 epoch=199 step=4600 loss_G=2.2362 loss_D_A=0.0874 loss_D_B=0.0470 cycle=0.0586 idt=0.0438 gnorm=55.318 dnorm=9.018 nan=0
2026-10-04 19:34:41,872 epoch=199 step=4700 loss_G=1.7082 loss_D_A=0.0584 loss_D_B=0.0668 cycle=0.0512 idt=0.0261 gnorm=24.846 dnorm=7.059 nan=0
2026-10-04 19:34:57,177 epoch=199 step=4800 loss_G=1.4120 loss_D_A=0.1271 loss_D_B=0.2257 cycle=0.0620 idt=0.0337 gnorm=28.987 dnorm=17.572 nan=0
2026-10-04 19:35:12,586 epoch=199 step=4900 loss_G=1.7107 loss_D_A=0.1695 loss_D_B=0.1141 cycle=0.0622 idt=0.0353 gnorm=29.935 dnorm=11.283 nan=0
2026-10-04 19:35:27,484 epoch=199 step=5000 loss_G=2.4608 loss_D_A=0.0795 loss_D_B=0.3233 cycle=0.0878 idt=0.0523 gnorm=14.740 dnorm=13.659 nan=0
2026-10-04 19:35:42,830 epoch=199 step=5100 loss_G=1.2360 loss_D_A=0.1193 loss_D_B=0.0572 cycle=0.0519 idt=0.0298 gnorm=17.419 dnorm=10.287 nan=0
2026-10-04 19:35:58,052 epoch=199 step=5200 loss_G=1.3163 loss_D_A=0.1818 loss_D_B=0.0837 cycle=0.0635 idt=0.0363 gnorm=21.379 dnorm=11.679 nan=0
2026-10-04 19:36:13,468 epoch=199 step=5300 loss_G=2.1822 loss_D_A=0.0722 loss_D_B=0.0985 cycle=0.0754 idt=0.0470 gnorm=26.376 dnorm=8.159 nan=0
2026-10-04 19:36:28,896 epoch=199 step=5400 loss_G=1.9561 loss_D_A=0.1775 loss_D_B=0.1292 cycle=0.0612 idt=0.0334 gnorm=24.980 dnorm=10.998 nan=0
2026-10-04 19:36:44,297 epoch=199 step=5500 loss_G=2.0781 loss_D_A=0.2611 loss_D_B=0.0718 cycle=0.0588 idt=0.0309 gnorm=38.039 dnorm=12.969 nan=0
2026-10-04 19:36:59,302 epoch=199 step=5600 loss_G=2.4284 loss_D_A=0.1387 loss_D_B=0.1037 cycle=0.0761 idt=0.0415 gnorm=23.979 dnorm=11.852 nan=0
2026-10-04 19:37:14,703 epoch=199 step=5700 loss_G=2.7857 loss_D_A=0.0400 loss_D_B=0.0612 cycle=0.0724 idt=0.0373 gnorm=34.007 dnorm=5.794 nan=0
2026-10-04 19:37:30,106 epoch=199 step=5800 loss_G=1.9377 loss_D_A=0.2115 loss_D_B=0.0737 cycle=0.0637 idt=0.0455 gnorm=26.556 dnorm=10.429 nan=0
2026-10-04 19:37:45,461 epoch=199 step=5900 loss_G=1.9634 loss_D_A=0.2707 loss_D_B=0.0540 cycle=0.0546 idt=0.0377 gnorm=29.281 dnorm=11.983 nan=0
2026-10-04 19:38:00,901 epoch=199 step=6000 loss_G=2.0528 loss_D_A=0.0979 loss_D_B=0.0965 cycle=0.0757 idt=0.0424 gnorm=16.525 dnorm=6.081 nan=0
2026-10-04 19:38:16,307 epoch=199 step=6100 loss_G=1.7753 loss_D_A=0.0757 loss_D_B=0.1132 cycle=0.0674 idt=0.0441 gnorm=31.321 dnorm=7.612 nan=0
2026-10-04 19:38:31,516 epoch=199 step=6200 loss_G=2.9936 loss_D_A=0.1007 loss_D_B=0.2336 cycle=0.0815 idt=0.0501 gnorm=55.006 dnorm=9.990 nan=0
2026-10-04 19:38:46,459 epoch=199 step=6300 loss_G=1.6646 loss_D_A=0.3254 loss_D_B=0.1248 cycle=0.0581 idt=0.0292 gnorm=27.867 dnorm=14.816 nan=0
2026-10-04 19:39:01,853 epoch=199 step=6400 loss_G=1.4120 loss_D_A=0.1168 loss_D_B=0.1107 cycle=0.0604 idt=0.0300 gnorm=24.536 dnorm=9.553 nan=0
2026-10-04 19:39:07,650 epoch_mean={'g': 2.0697045375116496, 'd_a': 0.12415977589422666, 'd_b': 0.13560180095235322, 'cycle': 0.06974567793733254, 'identity': 0.040419669505341815, 'epoch': 199}
2026-10-04 19:39:08,295 epoch=200 step=1 loss_G=2.4494 loss_D_A=0.0661 loss_D_B=0.1204 cycle=0.0836 idt=0.0505 gnorm=41.704 dnorm=9.626 nan=0
2026-10-04 19:39:23,130 epoch=200 step=100 loss_G=2.2491 loss_D_A=0.1842 loss_D_B=0.2120 cycle=0.0804 idt=0.0484 gnorm=28.172 dnorm=15.660 nan=0
2026-10-04 19:39:38,447 epoch=200 step=200 loss_G=1.9908 loss_D_A=0.0502 loss_D_B=0.1177 cycle=0.0553 idt=0.0301 gnorm=34.202 dnorm=6.135 nan=0
2026-10-04 19:39:53,642 epoch=200 step=300 loss_G=2.0486 loss_D_A=0.0688 loss_D_B=0.1850 cycle=0.0726 idt=0.0465 gnorm=37.641 dnorm=10.717 nan=0
2026-10-04 19:40:08,978 epoch=200 step=400 loss_G=2.0536 loss_D_A=0.0536 loss_D_B=0.0774 cycle=0.0662 idt=0.0372 gnorm=24.870 dnorm=7.041 nan=0
2026-10-04 19:40:24,314 epoch=200 step=500 loss_G=2.2515 loss_D_A=0.0340 loss_D_B=0.0663 cycle=0.0694 idt=0.0338 gnorm=26.588 dnorm=8.658 nan=0
2026-10-04 19:40:39,789 epoch=200 step=600 loss_G=2.2176 loss_D_A=0.1448 loss_D_B=0.0853 cycle=0.0665 idt=0.0461 gnorm=24.608 dnorm=10.044 nan=0
2026-10-04 19:40:54,997 epoch=200 step=700 loss_G=1.8995 loss_D_A=0.0841 loss_D_B=0.2421 cycle=0.0713 idt=0.0539 gnorm=21.706 dnorm=18.613 nan=0
2026-10-04 19:41:10,258 epoch=200 step=800 loss_G=1.8455 loss_D_A=0.0761 loss_D_B=0.1280 cycle=0.0680 idt=0.0289 gnorm=22.857 dnorm=8.493 nan=0
2026-10-04 19:41:25,731 epoch=200 step=900 loss_G=1.9537 loss_D_A=0.1996 loss_D_B=0.0501 cycle=0.0747 idt=0.0397 gnorm=21.160 dnorm=9.419 nan=0
2026-10-04 19:41:41,102 epoch=200 step=1000 loss_G=2.0418 loss_D_A=0.0980 loss_D_B=0.0772 cycle=0.0710 idt=0.0337 gnorm=24.168 dnorm=11.040 nan=0
2026-10-04 19:41:56,549 epoch=200 step=1100 loss_G=2.6388 loss_D_A=0.1922 loss_D_B=0.1731 cycle=0.0758 idt=0.0451 gnorm=34.118 dnorm=11.193 nan=0
2026-10-04 19:42:11,831 epoch=200 step=1200 loss_G=1.8003 loss_D_A=0.4704 loss_D_B=0.1665 cycle=0.0503 idt=0.0281 gnorm=33.453 dnorm=19.574 nan=0
2026-10-04 19:42:27,092 epoch=200 step=1300 loss_G=2.2849 loss_D_A=0.0964 loss_D_B=0.0273 cycle=0.0664 idt=0.0323 gnorm=30.689 dnorm=5.463 nan=0
2026-10-04 19:42:42,552 epoch=200 step=1400 loss_G=1.5642 loss_D_A=0.2595 loss_D_B=0.1321 cycle=0.0661 idt=0.0389 gnorm=36.179 dnorm=10.326 nan=0
2026-10-04 19:42:57,950 epoch=200 step=1500 loss_G=2.0340 loss_D_A=0.2008 loss_D_B=0.0412 cycle=0.0719 idt=0.0417 gnorm=31.273 dnorm=10.550 nan=0
2026-10-04 19:43:13,231 epoch=200 step=1600 loss_G=2.2282 loss_D_A=0.0588 loss_D_B=0.1272 cycle=0.0817 idt=0.0427 gnorm=22.596 dnorm=10.148 nan=0
2026-10-04 19:43:28,631 epoch=200 step=1700 loss_G=2.2807 loss_D_A=0.0884 loss_D_B=0.0478 cycle=0.0593 idt=0.0329 gnorm=24.497 dnorm=7.457 nan=0
2026-10-04 19:43:44,006 epoch=200 step=1800 loss_G=1.6623 loss_D_A=0.1244 loss_D_B=0.1500 cycle=0.0792 idt=0.0399 gnorm=46.036 dnorm=12.229 nan=0
2026-10-04 19:43:59,374 epoch=200 step=1900 loss_G=2.7573 loss_D_A=0.0965 loss_D_B=0.0548 cycle=0.0884 idt=0.0442 gnorm=28.999 dnorm=5.679 nan=0
2026-10-04 19:44:14,856 epoch=200 step=2000 loss_G=2.3598 loss_D_A=0.0811 loss_D_B=0.1792 cycle=0.0749 idt=0.0437 gnorm=24.833 dnorm=14.700 nan=0
2026-10-04 19:44:30,142 epoch=200 step=2100 loss_G=2.4002 loss_D_A=0.1777 loss_D_B=0.0724 cycle=0.0729 idt=0.0370 gnorm=40.359 dnorm=9.295 nan=0
2026-10-04 19:44:45,505 epoch=200 step=2200 loss_G=2.8925 loss_D_A=0.1216 loss_D_B=0.0984 cycle=0.0668 idt=0.0350 gnorm=34.508 dnorm=6.903 nan=0
2026-10-04 19:45:00,905 epoch=200 step=2300 loss_G=2.4984 loss_D_A=0.2384 loss_D_B=0.1168 cycle=0.0723 idt=0.0378 gnorm=22.007 dnorm=12.271 nan=0
2026-10-04 19:45:16,311 epoch=200 step=2400 loss_G=1.3568 loss_D_A=0.1434 loss_D_B=0.0694 cycle=0.0559 idt=0.0285 gnorm=26.380 dnorm=8.850 nan=0
2026-10-04 19:45:31,692 epoch=200 step=2500 loss_G=2.4451 loss_D_A=0.0386 loss_D_B=0.0672 cycle=0.0800 idt=0.0447 gnorm=32.653 dnorm=4.827 nan=0
2026-10-04 19:45:47,111 epoch=200 step=2600 loss_G=1.6461 loss_D_A=0.1644 loss_D_B=0.2229 cycle=0.0538 idt=0.0349 gnorm=26.307 dnorm=19.381 nan=0
2026-10-04 19:46:02,473 epoch=200 step=2700 loss_G=1.7159 loss_D_A=0.1415 loss_D_B=0.1600 cycle=0.0605 idt=0.0312 gnorm=18.599 dnorm=11.228 nan=0
2026-10-04 19:46:17,665 epoch=200 step=2800 loss_G=2.1263 loss_D_A=0.2629 loss_D_B=0.0341 cycle=0.0588 idt=0.0339 gnorm=31.938 dnorm=11.241 nan=0
2026-10-04 19:46:33,068 epoch=200 step=2900 loss_G=1.2946 loss_D_A=0.1074 loss_D_B=0.2138 cycle=0.0640 idt=0.0301 gnorm=20.353 dnorm=12.310 nan=0
2026-10-04 19:46:48,412 epoch=200 step=3000 loss_G=2.3728 loss_D_A=0.0238 loss_D_B=0.1296 cycle=0.0579 idt=0.0304 gnorm=24.812 dnorm=10.411 nan=0
2026-10-04 19:47:03,825 epoch=200 step=3100 loss_G=2.1302 loss_D_A=0.1037 loss_D_B=0.4056 cycle=0.0539 idt=0.0310 gnorm=27.709 dnorm=16.730 nan=0
2026-10-04 19:47:19,206 epoch=200 step=3200 loss_G=2.2943 loss_D_A=0.1161 loss_D_B=0.1201 cycle=0.0782 idt=0.0438 gnorm=38.431 dnorm=11.874 nan=0
2026-10-04 19:47:34,512 epoch=200 step=3300 loss_G=1.9384 loss_D_A=0.1886 loss_D_B=0.1986 cycle=0.0731 idt=0.0355 gnorm=22.881 dnorm=12.760 nan=0
2026-10-04 19:47:49,946 epoch=200 step=3400 loss_G=1.7711 loss_D_A=0.1653 loss_D_B=0.0710 cycle=0.0466 idt=0.0220 gnorm=23.527 dnorm=13.444 nan=0
2026-10-04 19:48:05,362 epoch=200 step=3500 loss_G=2.7290 loss_D_A=0.1464 loss_D_B=0.1640 cycle=0.0762 idt=0.0410 gnorm=24.838 dnorm=8.835 nan=0
2026-10-04 19:48:20,652 epoch=200 step=3600 loss_G=2.3905 loss_D_A=0.1226 loss_D_B=0.0848 cycle=0.0829 idt=0.0439 gnorm=19.673 dnorm=7.711 nan=0
2026-10-04 19:48:36,080 epoch=200 step=3700 loss_G=2.0660 loss_D_A=0.0810 loss_D_B=0.1106 cycle=0.0638 idt=0.0443 gnorm=27.869 dnorm=9.101 nan=0
2026-10-04 19:48:51,487 epoch=200 step=3800 loss_G=2.0896 loss_D_A=0.0932 loss_D_B=0.1662 cycle=0.0635 idt=0.0351 gnorm=20.426 dnorm=9.989 nan=0
2026-10-04 19:49:06,827 epoch=200 step=3900 loss_G=2.2987 loss_D_A=0.2744 loss_D_B=0.0618 cycle=0.0533 idt=0.0267 gnorm=30.922 dnorm=12.789 nan=0
2026-10-04 19:49:22,221 epoch=200 step=4000 loss_G=1.5699 loss_D_A=0.1650 loss_D_B=0.2494 cycle=0.0717 idt=0.0426 gnorm=17.334 dnorm=16.292 nan=0
2026-10-04 19:49:37,609 epoch=200 step=4100 loss_G=2.0275 loss_D_A=0.1072 loss_D_B=0.0989 cycle=0.0831 idt=0.0467 gnorm=19.289 dnorm=7.855 nan=0
2026-10-04 19:49:52,968 epoch=200 step=4200 loss_G=2.2149 loss_D_A=0.0507 loss_D_B=0.1561 cycle=0.0831 idt=0.0464 gnorm=31.012 dnorm=9.136 nan=0
2026-10-04 19:50:08,379 epoch=200 step=4300 loss_G=1.8078 loss_D_A=0.0283 loss_D_B=0.1087 cycle=0.0758 idt=0.0446 gnorm=19.675 dnorm=7.711 nan=0
2026-10-04 19:50:23,756 epoch=200 step=4400 loss_G=1.7620 loss_D_A=0.1973 loss_D_B=0.2157 cycle=0.0532 idt=0.0267 gnorm=21.291 dnorm=18.628 nan=0
2026-10-04 19:50:39,107 epoch=200 step=4500 loss_G=1.9143 loss_D_A=0.1510 loss_D_B=0.0455 cycle=0.0663 idt=0.0312 gnorm=18.440 dnorm=7.520 nan=0
2026-10-04 19:50:54,511 epoch=200 step=4600 loss_G=1.9769 loss_D_A=0.1277 loss_D_B=0.2323 cycle=0.0793 idt=0.0345 gnorm=28.749 dnorm=12.504 nan=0
2026-10-04 19:51:09,847 epoch=200 step=4700 loss_G=2.2603 loss_D_A=0.1828 loss_D_B=0.1599 cycle=0.0606 idt=0.0420 gnorm=24.375 dnorm=12.028 nan=0
2026-10-04 19:51:25,248 epoch=200 step=4800 loss_G=1.7516 loss_D_A=0.0471 loss_D_B=0.0886 cycle=0.0749 idt=0.0310 gnorm=31.087 dnorm=6.320 nan=0
2026-10-04 19:51:40,666 epoch=200 step=4900 loss_G=1.9525 loss_D_A=0.0754 loss_D_B=0.0625 cycle=0.0612 idt=0.0513 gnorm=28.650 dnorm=7.132 nan=0
2026-10-04 19:51:55,987 epoch=200 step=5000 loss_G=2.1102 loss_D_A=0.1527 loss_D_B=0.2147 cycle=0.0675 idt=0.0376 gnorm=24.765 dnorm=11.810 nan=0
2026-10-04 19:52:10,709 epoch=200 step=5100 loss_G=1.8515 loss_D_A=0.2530 loss_D_B=0.0901 cycle=0.0715 idt=0.0415 gnorm=24.016 dnorm=10.396 nan=0
2026-10-04 19:52:25,924 epoch=200 step=5200 loss_G=2.0404 loss_D_A=0.2230 loss_D_B=0.1360 cycle=0.0733 idt=0.0475 gnorm=18.310 dnorm=11.592 nan=0
2026-10-04 19:52:40,423 epoch=200 step=5300 loss_G=2.1505 loss_D_A=0.0892 loss_D_B=0.1275 cycle=0.0718 idt=0.0422 gnorm=24.487 dnorm=9.138 nan=0
2026-10-04 19:52:55,792 epoch=200 step=5400 loss_G=1.8827 loss_D_A=0.0377 loss_D_B=0.0724 cycle=0.0793 idt=0.0457 gnorm=26.502 dnorm=4.861 nan=0
2026-10-04 19:53:11,199 epoch=200 step=5500 loss_G=1.4600 loss_D_A=0.2183 loss_D_B=0.2070 cycle=0.0679 idt=0.0332 gnorm=20.249 dnorm=19.266 nan=0
2026-10-04 19:53:26,550 epoch=200 step=5600 loss_G=2.4770 loss_D_A=0.1302 loss_D_B=0.1008 cycle=0.0720 idt=0.0379 gnorm=21.605 dnorm=12.072 nan=0
2026-10-04 19:53:41,889 epoch=200 step=5700 loss_G=2.1147 loss_D_A=0.0395 loss_D_B=0.0507 cycle=0.0583 idt=0.0316 gnorm=39.697 dnorm=6.713 nan=0
2026-10-04 19:53:56,355 epoch=200 step=5800 loss_G=1.8981 loss_D_A=0.2017 loss_D_B=0.1605 cycle=0.0739 idt=0.0413 gnorm=23.882 dnorm=12.975 nan=0
2026-10-04 19:54:11,521 epoch=200 step=5900 loss_G=1.9774 loss_D_A=0.2239 loss_D_B=0.1162 cycle=0.0846 idt=0.0517 gnorm=22.075 dnorm=11.711 nan=0
2026-10-04 19:54:26,944 epoch=200 step=6000 loss_G=1.8711 loss_D_A=0.1371 loss_D_B=0.0699 cycle=0.0649 idt=0.0416 gnorm=30.566 dnorm=10.481 nan=0
2026-10-04 19:54:42,272 epoch=200 step=6100 loss_G=2.0131 loss_D_A=0.1510 loss_D_B=0.0538 cycle=0.0818 idt=0.0492 gnorm=33.762 dnorm=8.291 nan=0
2026-10-04 19:54:57,641 epoch=200 step=6200 loss_G=1.8911 loss_D_A=0.2833 loss_D_B=0.0346 cycle=0.0562 idt=0.0324 gnorm=27.084 dnorm=10.319 nan=0
2026-10-04 19:55:13,055 epoch=200 step=6300 loss_G=2.5236 loss_D_A=0.1447 loss_D_B=0.1028 cycle=0.0528 idt=0.0346 gnorm=34.352 dnorm=9.014 nan=0
2026-10-04 19:55:28,284 epoch=200 step=6400 loss_G=2.4176 loss_D_A=0.1437 loss_D_B=0.1255 cycle=0.0924 idt=0.0561 gnorm=20.702 dnorm=13.987 nan=0
2026-10-04 19:55:34,165 epoch_mean={'g': 2.079350177898804, 'd_a': 0.123436531097706, 'd_b': 0.13640890035543357, 'cycle': 0.06952501565412395, 'identity': 0.040191427599980095, 'epoch': 200}
2026-10-04 19:55:36,799 done metrics={'final_cycle_loss': 0.06952501565412395, 'final_identity_loss': 0.040191427599980095, 'grad_norm_g_max': 1215.1168212890625, 'grad_norm_d_max': 332.1888122558594, 'nan_count': 0, 'param_count_total': 28298120, 'train_seconds': 98339.61496829987, 'images_per_sec': 13.093400868155348, 'peak_mem_gb': 9.844628992, 'epochs': 200, 'smoke': 0, 'photos': 6438, 'resumed_from': 100, 'batch_size': 1}
